"cell_id","Hour","Cell_Type"
"AAACCCACAACTCCAA-1_1",0,"Resting"
"AAACCCACAGTATGAA-1_1",0,"Resting"
"AAACGCTAGATCCAAA-1_1",0,"Resting"
"AAACGCTGTCTTGCGG-1_1",0,"Resting"
"AAACGCTTCACGGGCT-1_1",0,"Resting"
"AAAGAACCACTGTTCC-1_1",0,"Resting"
"AAAGGATCACATCCCT-1_1",0,"TEMRA"
"AAAGGATTCTGCGGCA-1_1",0,"Resting"
"AAAGGTAGTAGTCGGA-1_1",0,"Resting"
"AAAGTCCAGGTTCTAC-1_1",0,"TEMRA"
"AAAGTCCCACTGGCGT-1_1",0,"TEMRA"
"AAAGTGAAGGTCCAGA-1_1",0,"Resting"
"AACAAAGCACAGGATG-1_1",0,"Resting"
"AACAAAGCAGCCCACA-1_1",0,"Resting"
"AACAACCTCGGCATCG-1_1",0,"Resting"
"AACAGGGGTGCGACAA-1_1",0,"Resting"
"AACCAACAGCGACAGT-1_1",0,"Resting"
"AACCAACGTTTGGAAA-1_1",0,"Resting"
"AACCAACTCCAGCCTT-1_1",0,"Resting"
"AACCATGCAGCTCTGG-1_1",0,"Resting"
"AACCTTTCACAATCTG-1_1",0,"Resting"
"AACGAAAGTTACCGTA-1_1",0,"Resting"
"AACGTCAGTTGCACGC-1_1",0,"Resting"
"AACTTCTAGTGCCAGA-1_1",0,"Resting"
"AAGAACACACTAGAGG-1_1",0,"Resting"
"AAGAACACAGGTACGA-1_1",0,"Resting"
"AAGACAACACTAGGTT-1_1",0,"Resting"
"AAGCATCAGATTGATG-1_1",0,"Resting"
"AAGCATCTCCCGAACG-1_1",0,"Resting"
"AAGCCATCATCTCGTC-1_1",0,"Resting"
"AAGCCATGTCGATGCC-1_1",0,"TEMRA"
"AAGCGAGTCTCATTTG-1_1",0,"Resting"
"AAGGTAATCTTAGCAG-1_1",0,"TEMRA"
"AAGTACCCAAGAGTGC-1_1",0,"Resting"
"AAGTACCGTAACCCTA-1_1",0,"Resting"
"AAGTCGTCAAGCGCAA-1_1",0,"Resting"
"AAGTGAATCAAGTCGT-1_1",0,"Resting"
"AAGTTCGTCCGTAATG-1_1",0,"Resting"
"AATAGAGTCGTGGAAG-1_1",0,"TEMRA"
"AATCACGTCACCACAA-1_1",0,"Resting"
"AATCACGTCCAATCCC-1_1",0,"TEMRA"
"AATCGACAGGTATTGA-1_1",0,"Resting"
"AATGAAGGTCCCGCAA-1_1",0,"Resting"
"AATGCCAAGATAACAC-1_1",0,"Resting"
"AATGCCAAGCGCCATC-1_1",0,"Resting"
"AATGGAAAGCGCCCAT-1_1",0,"Resting"
"AATGGAACAGGTGGAT-1_1",0,"Resting"
"AATGGCTCATATCGGT-1_1",0,"Resting"
"AATTCCTAGGGCTTCC-1_1",0,"Resting"
"AATTCCTCACGGTGCT-1_1",0,"TEMRA"
"AATTCCTGTGTATTGC-1_1",0,"Resting"
"AATTTCCAGAGTCCGA-1_1",0,"Resting"
"AATTTCCCACCCAAGC-1_1",0,"Resting"
"ACAAGCTTCTAGAACC-1_1",0,"Resting"
"ACACCAACAAACCATC-1_1",0,"TEMRA"
"ACACCAAGTACTTCCC-1_1",0,"Resting"
"ACACCAAGTGGAAGTC-1_1",0,"Resting"
"ACACTGATCGGTAAGG-1_1",0,"TEMRA"
"ACATCCCCATGACTTG-1_1",0,"Resting"
"ACATCGACACGCAAAG-1_1",0,"Undefined1"
"ACATGCAAGAGCAACC-1_1",0,"Resting"
"ACATTTCAGGCGAAGG-1_1",0,"TEMRA"
"ACATTTCCATACTGAC-1_1",0,"TEMRA"
"ACATTTCGTACGTGTT-1_1",0,"Resting"
"ACCAAACAGCTGTTCA-1_1",0,"TEMRA"
"ACCAACATCTGGGCCA-1_1",0,"TEMRA"
"ACCACAAAGTACGTCT-1_1",0,"Resting"
"ACCATTTTCGGAGCAA-1_1",0,"Resting"
"ACCCAAAGTTGCTAGT-1_1",0,"Resting"
"ACCCTCAAGCACTCCG-1_1",0,"TEMRA"
"ACCCTCACATAAGCGG-1_1",0,"Resting"
"ACCCTCAGTTAGCTAC-1_1",0,"Resting"
"ACCCTTGGTGGCCACT-1_1",0,"Resting"
"ACCGTTCGTTGTGCAT-1_1",0,"Resting"
"ACCGTTCTCTGAGGCC-1_1",0,"Resting"
"ACCTACCTCGCTTGAA-1_1",0,"TEMRA"
"ACCTGAACACCAACAT-1_1",0,"Resting"
"ACCTGAACACTGGACC-1_1",0,"Resting"
"ACCTGAATCATTTCCA-1_1",0,"Resting"
"ACGATCATCGCGCCAA-1_1",0,"Resting"
"ACGATGTAGAGTTGTA-1_1",0,"Resting"
"ACGGAAGCACAGCCTG-1_1",0,"Resting"
"ACGGTCGAGACTAGAT-1_1",0,"Resting"
"ACGGTCGTCCTGTTGC-1_1",0,"Resting"
"ACGTAACTCGTCCTTG-1_1",0,"Resting"
"ACGTACAAGCACACCC-1_1",0,"TEMRA"
"ACGTCCTAGCGTGAAC-1_1",0,"Resting"
"ACGTCCTGTACGACTT-1_1",0,"Resting"
"ACGTTCCAGAGCACTG-1_1",0,"Resting"
"ACGTTCCAGCCTCACG-1_1",0,"Resting"
"ACGTTCCTCAATCGGT-1_1",0,"Resting"
"ACGTTCCTCACAATGC-1_1",0,"Resting"
"ACTACGAAGATGCTTC-1_1",0,"Resting"
"ACTACGATCGCTATTT-1_1",0,"Resting"
"ACTATGGTCGGTGTAT-1_1",0,"Resting"
"ACTATGGTCTAGGCCG-1_1",0,"Resting"
"ACTATTCAGTAACGAT-1_1",0,"Resting"
"ACTATTCGTGCGGCTT-1_1",0,"Undefined1"
"ACTCCCAGTGTCGCTG-1_1",0,"TEMRA"
"ACTCTCGAGTTACTCG-1_1",0,"Resting"
"ACTCTCGGTTCTGACA-1_1",0,"Resting"
"ACTGATGAGTTGGACG-1_1",0,"Resting"
"ACTGATGCAAGCAATA-1_1",0,"Resting"
"ACTGATGGTAAGATTG-1_1",0,"Resting"
"ACTGATGGTCCGAAAG-1_1",0,"Resting"
"ACTGCAAAGCGCAATG-1_1",0,"TEMRA"
"ACTGTGAAGGATACAT-1_1",0,"Resting"
"ACTGTGAGTCGTATTG-1_1",0,"TEMRA"
"ACTGTGATCCCTTGTG-1_1",0,"Resting"
"ACTTATCTCGGTGAAG-1_1",0,"Resting"
"ACTTCCGCATGACAAA-1_1",0,"TEMRA"
"ACTTCCGTCCACAGCG-1_1",0,"Resting"
"ACTTCGCAGACCTGGA-1_1",0,"Resting"
"ACTTCGCAGAGGTCAC-1_1",0,"Resting"
"ACTTCGCGTACAACGG-1_1",0,"Resting"
"ACTTCGCGTGAATAAC-1_1",0,"TEMRA"
"ACTTCGCTCATTGCGA-1_1",0,"Resting"
"ACTTTCAAGAGCGACT-1_1",0,"Resting"
"ACTTTGTCAAGGCTTT-1_1",0,"TEMRA"
"AGAACAAAGTCTAACC-1_1",0,"Resting"
"AGACAAAAGAGCCTGA-1_1",0,"Undefined1"
"AGACAAACAAAGCAAT-1_1",0,"Resting"
"AGACAAATCTTTCCGG-1_1",0,"Resting"
"AGACACTAGTCATCCA-1_1",0,"Resting"
"AGACACTCAGTTCACA-1_1",0,"TEMRA"
"AGACACTGTCCACTTC-1_1",0,"TEMRA"
"AGACAGGAGCAGATAT-1_1",0,"Resting"
"AGACCATTCTACCCAC-1_1",0,"Resting"
"AGACCATTCTCCCTAG-1_1",0,"Resting"
"AGACCCGGTGTCATGT-1_1",0,"TEMRA"
"AGACCCGTCGAGTCCG-1_1",0,"Resting"
"AGACTCACACTCCGGA-1_1",0,"Resting"
"AGACTCACATCGAACT-1_1",0,"Resting"
"AGACTCATCCTGCCAT-1_1",0,"Resting"
"AGATAGACATCCTCAC-1_1",0,"Resting"
"AGATCCACAACAAGTA-1_1",0,"Resting"
"AGATGAAAGCCTCCAG-1_1",0,"TEMRA"
"AGATGAACACTATGTG-1_1",0,"Resting"
"AGATGCTAGCAAGTGC-1_1",0,"Resting"
"AGCATCAAGCTGCCTG-1_1",0,"Resting"
"AGCCAATAGTCTTGGT-1_1",0,"Resting"
"AGCCAATGTATACCTG-1_1",0,"Resting"
"AGCCAATGTCGATTCA-1_1",0,"Resting"
"AGCCACGAGAAACTAC-1_1",0,"Resting"
"AGCCAGCAGTATGCAA-1_1",0,"Resting"
"AGCCAGCGTAGATCCT-1_1",0,"Resting"
"AGCCAGCTCATCTACT-1_1",0,"Undefined1"
"AGCGCTGAGTTTCAGC-1_1",0,"Resting"
"AGCGTATTCTGTCTCG-1_1",0,"Resting"
"AGCTCAAAGCCGAATG-1_1",0,"TEMRA"
"AGCTCAACACGTAGAG-1_1",0,"Resting"
"AGCTCAACAGCGTACC-1_1",0,"Resting"
"AGCTCAATCCGATCTC-1_1",0,"Resting"
"AGCTCAATCTAGTTCT-1_1",0,"Resting"
"AGGAATAAGTGATGGC-1_1",0,"Resting"
"AGGACGACAAGGATGC-1_1",0,"Resting"
"AGGACGAGTTCCAAAC-1_1",0,"Resting"
"AGGACTTAGTCACGAG-1_1",0,"Resting"
"AGGACTTGTCACATTG-1_1",0,"TEMRA"
"AGGACTTGTTCGCGTG-1_1",0,"TEMRA"
"AGGATAACACCAATTG-1_1",0,"TEMRA"
"AGGATAATCCGCGAGT-1_1",0,"Resting"
"AGGATCTAGGAACTAT-1_1",0,"TEMRA"
"AGGATCTGTACCTTCC-1_1",0,"Resting"
"AGGATCTGTGATAGTA-1_1",0,"Resting"
"AGGCATTCAGGAAGTC-1_1",0,"Resting"
"AGGCCACTCGAGAAAT-1_1",0,"Resting"
"AGGCCACTCTTCTCAA-1_1",0,"Resting"
"AGGCTGCTCCGCACTT-1_1",0,"Resting"
"AGGGAGTGTACAGTAA-1_1",0,"TEMRA"
"AGGGCCTTCTGCTGAA-1_1",0,"Resting"
"AGGGCTCCAGTTAGGG-1_1",0,"Resting"
"AGGGTTTCAGTAGGAC-1_1",0,"Resting"
"AGGGTTTGTCGGTACC-1_1",0,"TEMRA"
"AGGTAGGCAGCTACTA-1_1",0,"Resting"
"AGGTCTAAGTAACCGG-1_1",0,"Resting"
"AGGTCTAGTGACTATC-1_1",0,"Resting"
"AGGTCTAGTGGTCTTA-1_1",0,"Resting"
"AGGTCTAGTTCTCCAC-1_1",0,"Resting"
"AGGTTACGTGATACTC-1_1",0,"Resting"
"AGGTTGTTCACACCCT-1_1",0,"Resting"
"AGTAACCAGTCGGCCT-1_1",0,"Resting"
"AGTACCATCGTGTTCC-1_1",0,"Resting"
"AGTACTGCAATGTCAC-1_1",0,"Resting"
"AGTACTGCATCAACCA-1_1",0,"Resting"
"AGTAGCTAGTTGCGCC-1_1",0,"Resting"
"AGTAGCTCAGGCTACC-1_1",0,"Resting"
"AGTAGTCAGCGTACAG-1_1",0,"Resting"
"AGTCAACCATCGGTTA-1_1",0,"Resting"
"AGTCAACTCAGCATTG-1_1",0,"Resting"
"AGTCACACACAGAGCA-1_1",0,"TEMRA"
"AGTCACAGTGGAGAAA-1_1",0,"Resting"
"AGTCACATCAAAGCCT-1_1",0,"Resting"
"AGTCACATCTTCCACG-1_1",0,"TEMRA"
"AGTCATGAGAAGCCAC-1_1",0,"Resting"
"AGTCTCCCACACTGGC-1_1",0,"Resting"
"AGTCTCCTCCGGCAGT-1_1",0,"Resting"
"AGTGACTGTTGCCTAA-1_1",0,"Resting"
"AGTGCCGGTCCCTGAG-1_1",0,"Resting"
"AGTGTTGTCACACCCT-1_1",0,"Resting"
"AGTGTTGTCTGGAAGG-1_1",0,"Resting"
"AGTTCCCCAAGCTGTT-1_1",0,"Resting"
"AGTTCCCTCAAACGAA-1_1",0,"Resting"
"AGTTCGATCCACTAGA-1_1",0,"Resting"
"ATACCGAGTAGCTGCC-1_1",0,"Resting"
"ATACCTTGTCTGCAAT-1_1",0,"Resting"
"ATACTTCAGTGGTTGG-1_1",0,"Resting"
"ATACTTCCAGAGCCCT-1_1",0,"Resting"
"ATACTTCTCAGCTAGT-1_1",0,"Resting"
"ATACTTCTCGGTAAGG-1_1",0,"Resting"
"ATACTTCTCTGAGATC-1_1",0,"Resting"
"ATAGACCAGCATTGTC-1_1",0,"Resting"
"ATAGACCGTCCCGTGA-1_1",0,"Resting"
"ATAGAGAGTGTACATC-1_1",0,"Resting"
"ATAGGCTAGAATCGCG-1_1",0,"TEMRA"
"ATATCCTTCCATTGCC-1_1",0,"Resting"
"ATCACAGGTGGACCAA-1_1",0,"TEMRA"
"ATCACAGTCTCTGACC-1_1",0,"Resting"
"ATCACTTCATACACCA-1_1",0,"Resting"
"ATCACTTTCGTTCTAT-1_1",0,"TEMRA"
"ATCAGGTCAACATACC-1_1",0,"Resting"
"ATCAGGTTCCCTGGTT-1_1",0,"TEMRA"
"ATCATTCCAAGCGAAC-1_1",0,"Resting"
"ATCATTCGTAGGACCA-1_1",0,"TEMRA"
"ATCATTCGTGGCTGAA-1_1",0,"Resting"
"ATCCATTTCTTTGCTA-1_1",0,"TEMRA"
"ATCCGTCAGAAGTCAT-1_1",0,"Resting"
"ATCCTATAGGGAGGAC-1_1",0,"Resting"
"ATCCTATCAATGTTGC-1_1",0,"Resting"
"ATCGATGCAGACACCC-1_1",0,"Resting"
"ATCGATGTCTGGAGAG-1_1",0,"Resting"
"ATCGGATTCTAGTCAG-1_1",0,"TEMRA"
"ATCGGCGGTCCATCTC-1_1",0,"Resting"
"ATCGGCGGTTTCACTT-1_1",0,"TEMRA"
"ATCGTAGCATGAGTAA-1_1",0,"Resting"
"ATCGTAGGTTCGTAAC-1_1",0,"Resting"
"ATCGTCCTCTACAGGT-1_1",0,"Resting"
"ATCGTGATCCCGTGTT-1_1",0,"TEMRA"
"ATCTCTAAGTCGAGGT-1_1",0,"Resting"
"ATCTCTACACACTTAG-1_1",0,"TEMRA"
"ATCTTCACAGGTAGTG-1_1",0,"Resting"
"ATCTTCATCTGCGGCA-1_1",0,"Resting"
"ATGAAAGGTGCAAGAC-1_1",0,"TEMRA"
"ATGAGGGAGGTTATAG-1_1",0,"Resting"
"ATGCCTCTCCACCTGT-1_1",0,"TEMRA"
"ATGCCTCTCTCGTCAC-1_1",0,"Resting"
"ATGCGATCAAAGTATG-1_1",0,"Resting"
"ATGCGATTCTAATTCC-1_1",0,"Resting"
"ATGCGATTCTTAGCAG-1_1",0,"Resting"
"ATGGATCCACATACTG-1_1",0,"Resting"
"ATGGATCTCCGGCAGT-1_1",0,"Resting"
"ATGGGAGAGTTGAAAC-1_1",0,"Resting"
"ATGGGAGCAAAGCGTG-1_1",0,"Resting"
"ATGGGAGGTTTACTTC-1_1",0,"Resting"
"ATGGGTTCACAGTGTT-1_1",0,"Resting"
"ATGGTTGTCAGGAGAC-1_1",0,"Resting"
"ATGTCCCCAATCCTTT-1_1",0,"Resting"
"ATGTCTTTCTACACTT-1_1",0,"Resting"
"ATTACCTAGATGCGAC-1_1",0,"Resting"
"ATTACCTCATGACTTG-1_1",0,"Resting"
"ATTACTCTCCCATTTA-1_1",0,"Resting"
"ATTACTCTCTTCTGTA-1_1",0,"Resting"
"ATTATCCAGCACTCGC-1_1",0,"Resting"
"ATTATCCAGGCTAACG-1_1",0,"Resting"
"ATTCACTAGACAACTA-1_1",0,"Resting"
"ATTCACTAGCACTAAA-1_1",0,"Resting"
"ATTCACTGTGTCTTCC-1_1",0,"Resting"
"ATTCAGGGTGATAGAT-1_1",0,"Resting"
"ATTCATCAGTTGCGCC-1_1",0,"Resting"
"ATTCATCCACGTCTCT-1_1",0,"Resting"
"ATTCATCGTGGATACG-1_1",0,"Resting"
"ATTCCATCACGACAAG-1_1",0,"TEMRA"
"ATTCCATGTGCATCTA-1_1",0,"Resting"
"ATTCCCGAGCAGGCTA-1_1",0,"Resting"
"ATTCCCGTCAAGCCGC-1_1",0,"TEMRA"
"ATTCCCGTCATTTGTC-1_1",0,"Resting"
"ATTCGTTAGTATTGCC-1_1",0,"TEMRA"
"ATTCTACGTGATACAA-1_1",0,"Resting"
"ATTGGGTAGGAGAATG-1_1",0,"TEMRA"
"ATTGTTCAGTCACACT-1_1",0,"TEMRA"
"ATTGTTCTCATCTATC-1_1",0,"Resting"
"ATTTACCTCGGTCGGT-1_1",0,"Resting"
"CAAAGAACAATGCTCA-1_1",0,"Resting"
"CAACAGTCACTGTTCC-1_1",0,"Resting"
"CAACCAACACGACGAA-1_1",0,"TEMRA"
"CAACCAACAGTAGTTC-1_1",0,"Resting"
"CAAGACTGTTGACTAC-1_1",0,"Resting"
"CAAGCTATCAGGAACG-1_1",0,"Resting"
"CAATACGCAGATAAAC-1_1",0,"Resting"
"CAATCGAGTCACTTCC-1_1",0,"Resting"
"CAATGACTCCCATAGA-1_1",0,"TEMRA"
"CAATTTCCAATGAACA-1_1",0,"TEMRA"
"CACACAAAGGGCTGAT-1_1",0,"Resting"
"CACACAATCAGCTCTC-1_1",0,"Resting"
"CACAGATAGCCGCTTG-1_1",0,"TEMRA"
"CACAGATCAAGCGCTC-1_1",0,"Resting"
"CACATGACAAAGAGTT-1_1",0,"TEMRA"
"CACATGATCCAGCACG-1_1",0,"Resting"
"CACCAAATCGTGGCGT-1_1",0,"Resting"
"CACCGTTTCCTTCACG-1_1",0,"Resting"
"CACCGTTTCGCGTCGA-1_1",0,"Resting"
"CACGGGTGTTCACCGG-1_1",0,"TEMRA"
"CACGTTCCAGTGTGCC-1_1",0,"Resting"
"CACGTTCTCCCAGTGG-1_1",0,"Resting"
"CACGTTCTCCGAAATC-1_1",0,"Resting"
"CACTGTCAGACTTCCA-1_1",0,"TEMRA"
"CAGAGCCCAAACGTGG-1_1",0,"Resting"
"CAGAGCCGTACGTGTT-1_1",0,"Resting"
"CAGATACGTTTGGAGG-1_1",0,"Resting"
"CAGATCATCTGCACCT-1_1",0,"Resting"
"CAGATCATCTGCAGCG-1_1",0,"Resting"
"CAGATTGGTTTGGCTA-1_1",0,"Resting"
"CAGCACGGTCTTGAAC-1_1",0,"Resting"
"CAGCGTGTCTTACGTT-1_1",0,"Resting"
"CAGGCCAGTACCCGCA-1_1",0,"Resting"
"CAGGGCTAGCTGTACT-1_1",0,"Resting"
"CAGGGCTCAACAGATA-1_1",0,"Resting"
"CAGGGCTCACTCAGAT-1_1",0,"Resting"
"CAGTTAGAGCATGCAG-1_1",0,"Resting"
"CAGTTAGCACATATCG-1_1",0,"Resting"
"CAGTTCCAGCTGAGTG-1_1",0,"Resting"
"CATAAGCCAGTATGAA-1_1",0,"Resting"
"CATAAGCCATAACAGA-1_1",0,"Resting"
"CATACCCCAGTCAACT-1_1",0,"Resting"
"CATACTTGTTCTCGTC-1_1",0,"Resting"
"CATCAAGTCCGAACGC-1_1",0,"Resting"
"CATCCACAGCGACCCT-1_1",0,"TEMRA"
"CATCCACAGGTCCTGC-1_1",0,"Resting"
"CATCCACAGGTTCTAC-1_1",0,"Resting"
"CATCCACAGTGGTGAC-1_1",0,"Resting"
"CATCCACGTGACCGTC-1_1",0,"Resting"
"CATCCACTCCGTGTAA-1_1",0,"Resting"
"CATCCACTCTAGTCAG-1_1",0,"TEMRA"
"CATCCCAAGTCCTGCG-1_1",0,"Resting"
"CATCCCATCCGTCAAA-1_1",0,"Resting"
"CATCCCATCGTCTAAG-1_1",0,"Resting"
"CATCCGTTCAAGCGTT-1_1",0,"Resting"
"CATCGCTCACGGTGAA-1_1",0,"Resting"
"CATCGGGGTTCCTAAG-1_1",0,"Resting"
"CATGCAATCAACACGT-1_1",0,"Resting"
"CATGCTCTCACGGTCG-1_1",0,"Resting"
"CATGGATAGAATAACC-1_1",0,"Resting"
"CATTCCGGTAGTGTGG-1_1",0,"Resting"
"CATTCCGTCTCTATGT-1_1",0,"TEMRA"
"CATTCCGTCTTCTAAC-1_1",0,"Resting"
"CATTCTACAATGAGCG-1_1",0,"Resting"
"CATTCTACAGGTTACT-1_1",0,"Resting"
"CATTCTATCCGGTAAT-1_1",0,"Resting"
"CATTGCCGTATGGGAC-1_1",0,"Resting"
"CATTGCCTCACACCGG-1_1",0,"Resting"
"CATTGTTCAAGGCCTC-1_1",0,"Resting"
"CATTTCAAGGTTCCAT-1_1",0,"TEMRA"
"CATTTCACATTGCTGA-1_1",0,"Resting"
"CCAATGATCCACAGGC-1_1",0,"Resting"
"CCAATGATCCAGGACC-1_1",0,"Resting"
"CCAATTTCATGGAATA-1_1",0,"Resting"
"CCACACTTCGATTCCC-1_1",0,"Resting"
"CCACCATCAGCATTGT-1_1",0,"Resting"
"CCACCATCAGTAACGG-1_1",0,"Resting"
"CCACGAGCATAAGCAA-1_1",0,"Resting"
"CCACGTTAGACTCTTG-1_1",0,"Resting"
"CCACGTTAGCATCCCG-1_1",0,"Resting"
"CCACTTGGTCCTACAA-1_1",0,"Resting"
"CCATAAGCAGCTATTG-1_1",0,"Resting"
"CCATAAGTCCGAACGC-1_1",0,"Resting"
"CCATAAGTCGCCACTT-1_1",0,"Undefined1"
"CCCGAAGCACTCTCGT-1_1",0,"TEMRA"
"CCCGAAGTCCCAAGTA-1_1",0,"Resting"
"CCCGGAATCAAACCCA-1_1",0,"Resting"
"CCCTAACAGGTTTGAA-1_1",0,"Resting"
"CCCTCAAGTTGTGGCC-1_1",0,"Resting"
"CCGAACGGTCATCGCG-1_1",0,"Resting"
"CCGAACGTCTATTGTC-1_1",0,"Resting"
"CCGATCTGTGTTGATC-1_1",0,"Resting"
"CCGATGGGTAAGCAAT-1_1",0,"Resting"
"CCGATGGGTCTGTAGT-1_1",0,"Resting"
"CCGATGGTCTACACTT-1_1",0,"TEMRA"
"CCGCAAGGTGCAACGA-1_1",0,"Resting"
"CCGGACAAGCGTTACT-1_1",0,"TEMRA"
"CCGGTGACACTTGGGC-1_1",0,"Resting"
"CCGTAGGAGTGGATTA-1_1",0,"Resting"
"CCGTGAGCAGCGTGAA-1_1",0,"Resting"
"CCGTGAGTCGGTAGAG-1_1",0,"Resting"
"CCGTTCAGTAGGATAT-1_1",0,"Resting"
"CCGTTCAGTTACACAC-1_1",0,"Resting"
"CCGTTCAGTTCCGTTC-1_1",0,"Resting"
"CCTAACCCATGGGAAC-1_1",0,"Resting"
"CCTAAGACACTCATAG-1_1",0,"Resting"
"CCTAAGATCTTACACT-1_1",0,"Resting"
"CCTACGTTCATTGCGA-1_1",0,"Resting"
"CCTACGTTCCAATCCC-1_1",0,"Resting"
"CCTATCGAGTCATACC-1_1",0,"Resting"
"CCTCACAGTCCACATA-1_1",0,"Resting"
"CCTCAGTAGCGCAATG-1_1",0,"Resting"
"CCTCAGTTCCTCTGCA-1_1",0,"Resting"
"CCTCATGCAAGCCCAC-1_1",0,"Resting"
"CCTCATGTCAGCGCGT-1_1",0,"Resting"
"CCTCCAAAGCACGATG-1_1",0,"Resting"
"CCTCCAACATCAGTCA-1_1",0,"Resting"
"CCTCCAAGTCTGCAAT-1_1",0,"Resting"
"CCTCCTCAGTCGAATA-1_1",0,"Resting"
"CCTCTAGAGATAGCTA-1_1",0,"Resting"
"CCTGCATAGGTTGAGC-1_1",0,"Resting"
"CCTGTTGAGGGACCAT-1_1",0,"Resting"
"CCTGTTGGTAATCAGA-1_1",0,"Resting"
"CCTTGTGCACACAGCC-1_1",0,"Resting"
"CCTTGTGCATTGTGCA-1_1",0,"TEMRA"
"CCTTGTGTCATGACAC-1_1",0,"Resting"
"CCTTTGGAGAGTCACG-1_1",0,"Resting"
"CCTTTGGAGTACCCTA-1_1",0,"TEMRA"
"CGAAGTTCATCCAACA-1_1",0,"Resting"
"CGAAGTTGTGTTACTG-1_1",0,"Resting"
"CGAATTGAGCCTTTGA-1_1",0,"Resting"
"CGAATTGGTTCTCAGA-1_1",0,"Resting"
"CGAATTGTCGCTTTAT-1_1",0,"TEMRA"
"CGACAGCCACAGCTGC-1_1",0,"Resting"
"CGAGGAAAGAGCATCG-1_1",0,"TEMRA"
"CGAGGCTGTATGCGTT-1_1",0,"Resting"
"CGAGGCTTCGCCTATC-1_1",0,"Resting"
"CGAGTGCAGGGACCAT-1_1",0,"Resting"
"CGAGTTATCCACAGGC-1_1",0,"Resting"
"CGATCGGAGCCAGACA-1_1",0,"TEMRA"
"CGATCGGGTCTCACGG-1_1",0,"Resting"
"CGATCGGGTTGGACCC-1_1",0,"TEMRA"
"CGCATGGAGATCGCTT-1_1",0,"Resting"
"CGCATGGGTTTGGAGG-1_1",0,"Resting"
"CGCCATTGTATTAAGG-1_1",0,"Resting"
"CGGAATTAGGTAAGTT-1_1",0,"TEMRA"
"CGGACACTCGTAACAC-1_1",0,"TEMRA"
"CGGAGAACAAGTATAG-1_1",0,"Resting"
"CGGGACTGTCCACAGC-1_1",0,"Resting"
"CGGGCATGTTATCTGG-1_1",0,"TEMRA"
"CGGGTCAGTGGACTGA-1_1",0,"Resting"
"CGGGTGTGTAGACAGC-1_1",0,"Resting"
"CGGTCAGAGTGCAACG-1_1",0,"Resting"
"CGGTCAGGTGATCATC-1_1",0,"Resting"
"CGTAAGTTCTACTCAT-1_1",0,"Resting"
"CGTAATGAGATGAATC-1_1",0,"Resting"
"CGTAATGAGATGACAT-1_1",0,"Resting"
"CGTAGTAAGCCTGTGC-1_1",0,"Resting"
"CGTAGTAAGTTCAACC-1_1",0,"Resting"
"CGTCAAAAGGCCGCTT-1_1",0,"Resting"
"CGTCCATCAATTGCCA-1_1",0,"Resting"
"CGTCCATCATCCCACT-1_1",0,"Resting"
"CGTGAATCAGAACTCT-1_1",0,"Resting"
"CGTGCTTCAATAACCC-1_1",0,"Resting"
"CGTGCTTGTATCGCTA-1_1",0,"Resting"
"CGTGCTTGTTGGAGAC-1_1",0,"Resting"
"CGTGTCTGTTGGGATG-1_1",0,"TEMRA"
"CGTTAGAGTCGGCTAC-1_1",0,"TEMRA"
"CGTTAGAGTGGGACAT-1_1",0,"TEMRA"
"CTAACCCGTATGCTAC-1_1",0,"Resting"
"CTAACCCGTGTGGACA-1_1",0,"Resting"
"CTAACTTTCCGGACTG-1_1",0,"Resting"
"CTAACTTTCGGCTCTT-1_1",0,"Resting"
"CTAAGTGCATGACTGT-1_1",0,"Resting"
"CTAAGTGGTAGGACCA-1_1",0,"Resting"
"CTACAGATCAGCAATC-1_1",0,"TEMRA"
"CTACATTGTATGAAGT-1_1",0,"TEMRA"
"CTACCCAAGTTTAGGA-1_1",0,"Resting"
"CTACGGGCACCACATA-1_1",0,"Resting"
"CTAGACAGTAACACGG-1_1",0,"TEMRA"
"CTAGACATCTCTCGAC-1_1",0,"Resting"
"CTATCCGTCTCTAAGG-1_1",0,"Resting"
"CTATCTATCCATGAGT-1_1",0,"Resting"
"CTCAACCCAGCCCACA-1_1",0,"Resting"
"CTCAACCGTATCCTTT-1_1",0,"Resting"
"CTCAACCTCACTGTCC-1_1",0,"Resting"
"CTCAAGACAGAACTTC-1_1",0,"Undefined1"
"CTCAATTAGTATCTGC-1_1",0,"TEMRA"
"CTCAATTCACTGGACC-1_1",0,"Resting"
"CTCAATTCATTGACAC-1_1",0,"TEMRA"
"CTCAATTTCCATCTCG-1_1",0,"Resting"
"CTCAATTTCGTTCGCT-1_1",0,"Resting"
"CTCACTGAGAGAGAAC-1_1",0,"TEMRA"
"CTCAGAAAGAGTTCGG-1_1",0,"Resting"
"CTCAGAAAGTCTTCCC-1_1",0,"Resting"
"CTCAGAAGTGGGAGAG-1_1",0,"TEMRA"
"CTCAGTCAGAAGTCTA-1_1",0,"Resting"
"CTCAGTCCACTACTTT-1_1",0,"Resting"
"CTCAGTCTCTACTGCC-1_1",0,"Resting"
"CTCATCGAGTCAACAA-1_1",0,"Resting"
"CTCATGCGTGTCTAAC-1_1",0,"Resting"
"CTCATTAGTCGACGCT-1_1",0,"TEMRA"
"CTCCATGGTGTGGACA-1_1",0,"Resting"
"CTCCGATTCATCACTT-1_1",0,"Resting"
"CTCCGATTCCTAACAG-1_1",0,"Resting"
"CTCCTCCCACGCTGAC-1_1",0,"Resting"
"CTCCTTTCAATCGCGC-1_1",0,"Resting"
"CTCCTTTCACCGTACG-1_1",0,"Resting"
"CTCCTTTGTTAGTTCG-1_1",0,"Resting"
"CTCGAGGCATGAAAGT-1_1",0,"Resting"
"CTCGAGGGTGTTCCAA-1_1",0,"Resting"
"CTCTCAGCATCCGAAT-1_1",0,"Resting"
"CTCTCGAGTTAAGCAA-1_1",0,"Resting"
"CTGAATGAGATGTAGT-1_1",0,"Resting"
"CTGAGGCCAATTGTGC-1_1",0,"Resting"
"CTGATCCAGGTTCATC-1_1",0,"Resting"
"CTGCAGGCATGATCTG-1_1",0,"TEMRA"
"CTGGACGGTTCCATTT-1_1",0,"Resting"
"CTGGCAGCACCTCTAC-1_1",0,"Resting"
"CTGGCAGTCTCTGGTC-1_1",0,"Resting"
"CTGGTCTAGCTTCGTA-1_1",0,"TEMRA"
"CTGGTCTCATCGAGCC-1_1",0,"Resting"
"CTGGTCTGTCAACCAT-1_1",0,"Resting"
"CTGTACCCATTCAGGT-1_1",0,"TEMRA"
"CTGTACCGTAGTGCGA-1_1",0,"Resting"
"CTGTGAAAGGAGAGGC-1_1",0,"Resting"
"CTGTGAAAGTAGCCAG-1_1",0,"Resting"
"CTGTGGGAGAGTTGTA-1_1",0,"Resting"
"CTTACCGAGGCGAACT-1_1",0,"Resting"
"CTTAGGACAACCGATT-1_1",0,"Resting"
"CTTCCTTAGCGCCCAT-1_1",0,"Resting"
"CTTCCTTAGCTGCCAC-1_1",0,"Resting"
"CTTCCTTAGTCATCCA-1_1",0,"Resting"
"CTTCCTTCAGCTAACT-1_1",0,"Resting"
"CTTCTAAGTAGGTTTC-1_1",0,"Resting"
"CTTCTAAGTGTAGGAC-1_1",0,"Resting"
"CTTGAGACAAGGTTGG-1_1",0,"TEMRA"
"CTTGAGAGTGAGAGGG-1_1",0,"TEMRA"
"CTTGATTGTACCTGTA-1_1",0,"Resting"
"CTTGATTTCGACCAAT-1_1",0,"Resting"
"CTTGATTTCTTGAACG-1_1",0,"Resting"
"CTTTCAAAGGACGCTA-1_1",0,"TEMRA"
"CTTTCGGCAGATGCGA-1_1",0,"Resting"
"GAAACCTAGTGATAGT-1_1",0,"TEMRA"
"GAAATGACAAGCCTGC-1_1",0,"TEMRA"
"GAAATGAGTACTGCCG-1_1",0,"Resting"
"GAAATGATCTGCCTCA-1_1",0,"Resting"
"GAACACTAGAACTCCT-1_1",0,"Resting"
"GAACACTGTCCGGACT-1_1",0,"TEMRA"
"GAACGTTTCATTCACT-1_1",0,"TEMRA"
"GAACTGTCAATTGCTG-1_1",0,"Resting"
"GAAGAATAGCGTTGTT-1_1",0,"Resting"
"GAAGCCCAGCCGTTAT-1_1",0,"Resting"
"GAAGCCCTCATGCCCT-1_1",0,"TEMRA"
"GAAGCGATCCGTAGGC-1_1",0,"Resting"
"GAAGGGTCAGTCCCGA-1_1",0,"Resting"
"GAAGGGTGTCTGCCTT-1_1",0,"TEMRA"
"GAAGGGTTCCTGTACC-1_1",0,"Resting"
"GAAGTAACAGCAGAAC-1_1",0,"Undefined1"
"GAATAGAAGTAACAGT-1_1",0,"TEMRA"
"GAATCGTTCGCCAGAC-1_1",0,"Resting"
"GACAGCCCACAATGTC-1_1",0,"Resting"
"GACAGCCCATCGAGCC-1_1",0,"Resting"
"GACAGCCGTTAGGACG-1_1",0,"Resting"
"GACAGCCTCGAGCACC-1_1",0,"Resting"
"GACATCAAGCCTAGGA-1_1",0,"Resting"
"GACATCACAGAATCGG-1_1",0,"Resting"
"GACCAATCATAGGCGA-1_1",0,"Resting"
"GACCAATTCGCTGTTC-1_1",0,"Resting"
"GACCAATTCTTTGCAT-1_1",0,"Resting"
"GACCCAGAGGAATTAC-1_1",0,"Resting"
"GACCCAGCAACTGCTA-1_1",0,"Resting"
"GACCCAGGTGTAGCAG-1_1",0,"Resting"
"GACCCTTAGCGGACAT-1_1",0,"TEMRA"
"GACCCTTCAGAATTCC-1_1",0,"Resting"
"GACGCTGTCCTTCAGC-1_1",0,"TEMRA"
"GACGTTAAGTACTGGG-1_1",0,"Resting"
"GACGTTACAAACAGGC-1_1",0,"Resting"
"GACGTTAGTGCGGATA-1_1",0,"Resting"
"GACGTTATCAGTCATG-1_1",0,"Resting"
"GACGTTATCGCCTATC-1_1",0,"TEMRA"
"GACTATGAGTTCTACG-1_1",0,"TEMRA"
"GACTATGTCACCGACG-1_1",0,"Resting"
"GACTCAAGTCGTAATC-1_1",0,"TEMRA"
"GACTCAATCTGCCCTA-1_1",0,"Resting"
"GACTCTCCATACCACA-1_1",0,"Resting"
"GACTTCCCAGGACATG-1_1",0,"Resting"
"GAGAAATGTTGTACGT-1_1",0,"Resting"
"GAGAAATTCACGGAGA-1_1",0,"Resting"
"GAGAAATTCACGGGCT-1_1",0,"Resting"
"GAGAAATTCTACGCGG-1_1",0,"Resting"
"GAGACCCAGAATGTTG-1_1",0,"TEMRA"
"GAGAGGTAGATACTGA-1_1",0,"Resting"
"GAGATGGTCACGTAGT-1_1",0,"Resting"
"GAGATGGTCCATCACC-1_1",0,"Resting"
"GAGGCAAGTGTCCACG-1_1",0,"Resting"
"GAGGCAATCTATACTC-1_1",0,"Resting"
"GAGGCCTCAATCGTCA-1_1",0,"TEMRA"
"GAGGGATTCGCTCTAC-1_1",0,"Resting"
"GAGGGTAAGGCGAACT-1_1",0,"Resting"
"GAGTCATCAGAGACTG-1_1",0,"TEMRA"
"GAGTCATGTGTTCATG-1_1",0,"Resting"
"GAGTGAGAGATCACTC-1_1",0,"Resting"
"GAGTGTTGTAGCTTTG-1_1",0,"Resting"
"GAGTTACAGTTGTAGA-1_1",0,"TEMRA"
"GAGTTACCATTCACAG-1_1",0,"TEMRA"
"GAGTTACGTCACTCAA-1_1",0,"Resting"
"GATAGCTAGCAGCACA-1_1",0,"TEMRA"
"GATAGCTTCGCACGGT-1_1",0,"Resting"
"GATCCCTAGACATCAA-1_1",0,"Resting"
"GATCCCTTCTTACGGA-1_1",0,"Resting"
"GATGACTAGTTTCAGC-1_1",0,"Resting"
"GATGACTTCAATGTCG-1_1",0,"Resting"
"GATGGAGAGGGATGTC-1_1",0,"Resting"
"GATGGAGGTCCATACA-1_1",0,"Resting"
"GATGTTGCAGGCGAAT-1_1",0,"Resting"
"GATGTTGGTAACTAAG-1_1",0,"Resting"
"GATGTTGGTAGAAACT-1_1",0,"Resting"
"GATTCTTAGTCATTGC-1_1",0,"Resting"
"GATTCTTAGTGTTGTC-1_1",0,"Resting"
"GATTCTTGTCCCTGTT-1_1",0,"Resting"
"GATTGGTGTACAGTCT-1_1",0,"TEMRA"
"GCAACATGTTCGGGTC-1_1",0,"Resting"
"GCAACATTCGCGCTGA-1_1",0,"Resting"
"GCACATACAAGGCCTC-1_1",0,"Resting"
"GCACATATCAAGCTGT-1_1",0,"TEMRA"
"GCACGGTAGCTGTACT-1_1",0,"Resting"
"GCACGTGAGAGCATTA-1_1",0,"Resting"
"GCACGTGAGCTCAGAG-1_1",0,"Resting"
"GCACGTGTCCTTATGT-1_1",0,"Resting"
"GCACTAAAGTAAACAC-1_1",0,"Resting"
"GCACTAATCCATATGG-1_1",0,"Resting"
"GCAGCCAAGCGTTCCG-1_1",0,"Resting"
"GCAGCCACATGTGCCG-1_1",0,"TEMRA"
"GCAGCTGCATCAGCTA-1_1",0,"Resting"
"GCAGGCTCAAATGAAC-1_1",0,"Resting"
"GCAGGCTGTTACGATC-1_1",0,"TEMRA"
"GCAGGCTTCATGGCCG-1_1",0,"Resting"
"GCAGTTATCCCGAGGT-1_1",0,"Resting"
"GCATGATGTGGATACG-1_1",0,"Resting"
"GCATTAGAGCGAGTCA-1_1",0,"Undefined1"
"GCATTAGAGTTACGTC-1_1",0,"Undefined1"
"GCATTAGTCGGACAAG-1_1",0,"Resting"
"GCCAGGTGTTGGGATG-1_1",0,"Resting"
"GCCAGGTTCTGGCCTT-1_1",0,"Resting"
"GCCATGGTCTGAGCAT-1_1",0,"Resting"
"GCCATTCGTATCACCA-1_1",0,"Resting"
"GCCATTCTCAACGTGT-1_1",0,"Resting"
"GCCCAGAAGCCAGAGT-1_1",0,"Resting"
"GCCCGAATCTCACCCA-1_1",0,"Resting"
"GCCGTGATCGCTGATA-1_1",0,"TEMRA"
"GCCTGTTTCAACTGAC-1_1",0,"TEMRA"
"GCGAGAAGTAGTGGCA-1_1",0,"TEMRA"
"GCGGAAATCTTGGAAC-1_1",0,"Resting"
"GCGTGCAAGGTACAAT-1_1",0,"Resting"
"GCGTTTCAGCACTAAA-1_1",0,"TEMRA"
"GCGTTTCGTAATCAGA-1_1",0,"Resting"
"GCTACAACAACCTAAC-1_1",0,"TEMRA"
"GCTACCTGTAAGCTCT-1_1",0,"Resting"
"GCTCAAACACTAGGTT-1_1",0,"Resting"
"GCTCAAACATTGTGCA-1_1",0,"TEMRA"
"GCTCAAAGTGACCTGC-1_1",0,"Resting"
"GCTGAATGTCTCGACG-1_1",0,"Resting"
"GCTGCAGCAAGCGAAC-1_1",0,"Resting"
"GCTGCAGCACAGCGCT-1_1",0,"TEMRA"
"GCTTCACAGGCGCTTC-1_1",0,"Resting"
"GCTTGGGGTCTCAAGT-1_1",0,"Resting"
"GCTTTCGAGGTTCTTG-1_1",0,"Resting"
"GGAACCCCACTGGAAG-1_1",0,"Resting"
"GGAATGGCAGAGATTA-1_1",0,"TEMRA"
"GGAATGGGTAACGGTG-1_1",0,"Resting"
"GGACGTCCAGAAGTGC-1_1",0,"Resting"
"GGACGTCTCATAGACC-1_1",0,"TEMRA"
"GGAGATGCATGATCTG-1_1",0,"Resting"
"GGAGATGTCGAGAAAT-1_1",0,"Resting"
"GGAGCAAAGTTCCGTA-1_1",0,"Resting"
"GGAGCAACAACCCGCA-1_1",0,"TEMRA"
"GGAGCAAGTTAGGCTT-1_1",0,"Resting"
"GGAGGATCAACCGTAT-1_1",0,"Resting"
"GGAGGTATCCCGAGAC-1_1",0,"Resting"
"GGAGGTATCGTAGTCA-1_1",0,"Resting"
"GGATCTACACCCTAGG-1_1",0,"Resting"
"GGCACGTTCCGTGCGA-1_1",0,"Resting"
"GGCAGTCAGAATCGTA-1_1",0,"TEMRA"
"GGCTGTGAGAGGTTTA-1_1",0,"Resting"
"GGCTGTGAGATAACAC-1_1",0,"TEMRA"
"GGGAGATGTCCCGTGA-1_1",0,"Resting"
"GGGATGAAGTTTCAGC-1_1",0,"TEMRA"
"GGGATGACACAACATC-1_1",0,"Intermediate"
"GGGATGAGTCCGGACT-1_1",0,"Resting"
"GGGCTCACAGAAGCTG-1_1",0,"Resting"
"GGGCTCAGTCGATTCA-1_1",0,"Resting"
"GGGTGAAAGTTCCTGA-1_1",0,"Resting"
"GGGTGAACAACACGTT-1_1",0,"Resting"
"GGTAATCGTCACTTAG-1_1",0,"Resting"
"GGTCACGCATTGAAAG-1_1",0,"Resting"
"GGTCTGGAGGTTAGTA-1_1",0,"Resting"
"GGTCTGGTCCATCAGA-1_1",0,"Resting"
"GGTGAAGCACAGTGAG-1_1",0,"Resting"
"GGTGGCTGTAGCTGCC-1_1",0,"Resting"
"GGTGGCTTCACCTTGC-1_1",0,"Resting"
"GGTGTCGGTAGCTAAA-1_1",0,"TEMRA"
"GGTGTCGTCACCATCC-1_1",0,"TEMRA"
"GGTGTTACACATGACT-1_1",0,"TEMRA"
"GGTGTTACATCGGAAG-1_1",0,"TEMRA"
"GGTTAACGTGTGTACT-1_1",0,"Resting"
"GGTTGTATCAAACCTG-1_1",0,"Resting"
"GTAATCGGTCTCGGAC-1_1",0,"Resting"
"GTAATGCCAACTGAAA-1_1",0,"Resting"
"GTAATGCGTCAGACGA-1_1",0,"Resting"
"GTAGAAAAGAGTCAGC-1_1",0,"TEMRA"
"GTAGAAAAGGTCTGGA-1_1",0,"Resting"
"GTAGATCGTCCTCAGG-1_1",0,"Resting"
"GTAGCTAGTGCACGCT-1_1",0,"Resting"
"GTAGCTAGTTAACCTG-1_1",0,"Resting"
"GTAGGAGGTCTCGACG-1_1",0,"Resting"
"GTAGGAGGTGCGGCTT-1_1",0,"Resting"
"GTAGGTTCAACCGCCA-1_1",0,"Resting"
"GTAGGTTCACATTCGA-1_1",0,"Resting"
"GTAGTACTCCAATCTT-1_1",0,"Resting"
"GTAGTACTCTGCTGAA-1_1",0,"Resting"
"GTATTGGTCTGTACAG-1_1",0,"TEMRA"
"GTCACTCCAAGAGGTC-1_1",0,"Resting"
"GTCACTCCACCATAAC-1_1",0,"Resting"
"GTCACTCTCACGGGAA-1_1",0,"Resting"
"GTCATCCAGGATCACG-1_1",0,"Resting"
"GTCATTTGTACCCAGC-1_1",0,"Resting"
"GTCATTTTCGTTCAGA-1_1",0,"Resting"
"GTCCACTCACACTTAG-1_1",0,"Resting"
"GTCCCATCATGTGACT-1_1",0,"Resting"
"GTCGAATCAATTGAAG-1_1",0,"Resting"
"GTCGAATGTTTCGACA-1_1",0,"Resting"
"GTCGAATTCTCCGTGT-1_1",0,"TEMRA"
"GTCGCGACACGTAACT-1_1",0,"TEMRA"
"GTCGCGAGTTATGTGC-1_1",0,"Resting"
"GTCGTAAGTAATTAGG-1_1",0,"Resting"
"GTCGTTCAGTGCAGGT-1_1",0,"Resting"
"GTCTAGAGTATGGTAA-1_1",0,"TEMRA"
"GTCTAGATCATAGACC-1_1",0,"Resting"
"GTCTCACAGTTGGGAC-1_1",0,"Intermediate"
"GTCTCACTCACAAGAA-1_1",0,"Resting"
"GTCTTTACATCTTAGG-1_1",0,"Resting"
"GTGACGCGTCAGTCTA-1_1",0,"Resting"
"GTGAGCCTCTGTCGCT-1_1",0,"Resting"
"GTGAGGACACGTACTA-1_1",0,"Resting"
"GTGATGTGTAGCACAG-1_1",0,"Resting"
"GTGCACGGTTCAGGTT-1_1",0,"Resting"
"GTGCAGCAGATAGCAT-1_1",0,"Resting"
"GTGCAGCGTTCTCAGA-1_1",0,"Resting"
"GTGCGTGAGGAGGGTG-1_1",0,"Resting"
"GTGCGTGCAGAATGTA-1_1",0,"Resting"
"GTGCTTCCACTATCCC-1_1",0,"TEMRA"
"GTGCTTCGTATCGGTT-1_1",0,"Resting"
"GTGGAGAGTCACCCTT-1_1",0,"Resting"
"GTGGCGTCATAGGTTC-1_1",0,"Resting"
"GTGGTTAGTCAACCTA-1_1",0,"Resting"
"GTGGTTAGTGCTCTTC-1_1",0,"TEMRA"
"GTGTAACGTGTCTTAG-1_1",0,"TEMRA"
"GTGTGATGTATCACCA-1_1",0,"Resting"
"GTGTTAGAGAAACACT-1_1",0,"Resting"
"GTGTTCCCAATCCAGT-1_1",0,"TEMRA"
"GTGTTCCTCAGCACCG-1_1",0,"Resting"
"GTGTTCCTCGAGGCAA-1_1",0,"Resting"
"GTTACAGCATGGAATA-1_1",0,"Resting"
"GTTACCCGTCAAGCGA-1_1",0,"Resting"
"GTTAGACGTCTAACTG-1_1",0,"Resting"
"GTTAGACTCAAACCCA-1_1",0,"Resting"
"GTTAGACTCTACCTTA-1_1",0,"Resting"
"GTTAGTGCAACTAGAA-1_1",0,"Resting"
"GTTATGGAGTAAACAC-1_1",0,"Resting"
"GTTATGGGTCGAGCTC-1_1",0,"TEMRA"
"GTTCATTAGCACTCTA-1_1",0,"Resting"
"GTTCCGTTCACCTTAT-1_1",0,"Resting"
"GTTCTATAGCGATCGA-1_1",0,"Resting"
"GTTGAACCAGGCAATG-1_1",0,"Resting"
"GTTGCGGTCATGGATC-1_1",0,"TEMRA"
"GTTGTAGGTTGGCTAT-1_1",0,"TEMRA"
"TAACACGGTTATCTTC-1_1",0,"Resting"
"TAACACGGTTGCCTAA-1_1",0,"Resting"
"TAACCAGAGTCTGGAG-1_1",0,"Resting"
"TAACGACCAGCAAGAC-1_1",0,"Resting"
"TAACTTCAGCTTAGTC-1_1",0,"TEMRA"
"TAAGCACTCATGTCAG-1_1",0,"Resting"
"TAAGCACTCCATCTAT-1_1",0,"TEMRA"
"TAAGCGTCACTTCATT-1_1",0,"Resting"
"TAAGCGTCATAAGATG-1_1",0,"Resting"
"TACAACGGTAATGTGA-1_1",0,"Resting"
"TACATTCTCTCAACCC-1_1",0,"Resting"
"TACCCACGTCCAGCGT-1_1",0,"Resting"
"TACCCACGTTAGTCGT-1_1",0,"TEMRA"
"TACCCGTCATCGCTCT-1_1",0,"Resting"
"TACCGGGTCACTTCTA-1_1",0,"Resting"
"TACCTGCCATCCGAAT-1_1",0,"Resting"
"TACGCTCGTCGAGCAA-1_1",0,"Resting"
"TACTGCCAGCGACAGT-1_1",0,"Resting"
"TACTGCCCACATTCTT-1_1",0,"Resting"
"TACTGCCCAGGTATGG-1_1",0,"TEMRA"
"TACTGCCGTACGGCAA-1_1",0,"Resting"
"TACTGCCGTCGAACAG-1_1",0,"Resting"
"TACTGCCTCTGCTAGA-1_1",0,"TEMRA"
"TACTTACAGCGCCTCA-1_1",0,"Resting"
"TACTTGTAGCCTGAAG-1_1",0,"Resting"
"TACTTGTAGCTTTCCC-1_1",0,"Resting"
"TAGAGTCTCGCTTACC-1_1",0,"Resting"
"TAGCACAAGAGCCCAA-1_1",0,"Resting"
"TAGGGTTCAGTCCGTG-1_1",0,"Resting"
"TAGGGTTGTGTGTCCG-1_1",0,"Resting"
"TAGTGCACACTGGCCA-1_1",0,"Resting"
"TATACCTAGAATTTGG-1_1",0,"Resting"
"TATACCTGTCTACATG-1_1",0,"Resting"
"TATACCTGTTCGGCGT-1_1",0,"Resting"
"TATATCCAGCACTCAT-1_1",0,"Resting"
"TATCAGGTCGGAAGGT-1_1",0,"Resting"
"TATCCTACACAACGAG-1_1",0,"Resting"
"TATCCTATCCTGTACC-1_1",0,"Resting"
"TATCCTATCGAACGCC-1_1",0,"Resting"
"TATCGCCTCCTCTTTC-1_1",0,"TEMRA"
"TATCTTGTCTAGCCAA-1_1",0,"Resting"
"TATGTTCCAACTCCAA-1_1",0,"Resting"
"TATTGCTGTGCCCGTA-1_1",0,"Resting"
"TATTGCTTCTGCGGGT-1_1",0,"Resting"
"TATTTCGCAAGCCCAC-1_1",0,"Resting"
"TATTTCGGTTTACGTG-1_1",0,"Resting"
"TCACAAGCAGAGCTAG-1_1",0,"Resting"
"TCACACCCACGTAGAG-1_1",0,"Resting"
"TCACGGGAGCAGTACG-1_1",0,"Resting"
"TCACTATTCGGAAGGT-1_1",0,"Resting"
"TCACTATTCTACCCAC-1_1",0,"Resting"
"TCAGCCTGTCATTGCA-1_1",0,"Resting"
"TCAGCCTTCTCTTAAC-1_1",0,"Resting"
"TCAGGGCGTCGTATGT-1_1",0,"Resting"
"TCAGTGAAGTACAGCG-1_1",0,"TEMRA"
"TCATATCAGCCATTCA-1_1",0,"Resting"
"TCATATCAGCTGAAGC-1_1",0,"Resting"
"TCATATCGTATGAAAC-1_1",0,"Resting"
"TCATATCTCACCATAG-1_1",0,"Resting"
"TCATCATCAAATTAGG-1_1",0,"Resting"
"TCATCATGTCCAAATC-1_1",0,"Resting"
"TCATCATTCCACGGAC-1_1",0,"Resting"
"TCATCCGCACTACCCT-1_1",0,"Resting"
"TCATCCGCACTAGGTT-1_1",0,"Resting"
"TCATGCCCACGGGTAA-1_1",0,"Resting"
"TCATGGAGTCACTCGG-1_1",0,"Resting"
"TCATGTTCAATCGCAT-1_1",0,"TEMRA"
"TCATGTTCAGTAACAA-1_1",0,"Resting"
"TCATGTTCATTACTCT-1_1",0,"Resting"
"TCATGTTTCCACAGGC-1_1",0,"TEMRA"
"TCATGTTTCGACGATT-1_1",0,"Resting"
"TCATTACCACGTACAT-1_1",0,"TEMRA"
"TCATTGTAGGTCCCGT-1_1",0,"Resting"
"TCATTGTTCACTGTTT-1_1",0,"Resting"
"TCATTTGCACCCTTGT-1_1",0,"TEMRA"
"TCATTTGTCTTCCTAA-1_1",0,"TEMRA"
"TCCACCAGTCCGCAGT-1_1",0,"Resting"
"TCCACCAGTGCTATTG-1_1",0,"Resting"
"TCCACGTGTTACGCCG-1_1",0,"TEMRA"
"TCCACGTTCTATTCGT-1_1",0,"TEMRA"
"TCCAGAAAGACGACTG-1_1",0,"Resting"
"TCCAGAAGTCTCACGG-1_1",0,"Resting"
"TCCATCGGTCAGGTGA-1_1",0,"Resting"
"TCCATCGTCTTCCGTG-1_1",0,"Resting"
"TCCATGCAGGTTGAGC-1_1",0,"Resting"
"TCCCAGTAGTAGTCCT-1_1",0,"TEMRA"
"TCCCAGTTCCTGCCAT-1_1",0,"Resting"
"TCCGAAACAACGTATC-1_1",0,"Resting"
"TCCGAAATCCACACAA-1_1",0,"Resting"
"TCCGATCGTACGGATG-1_1",0,"Resting"
"TCCGGGACACTGCGAC-1_1",0,"TEMRA"
"TCCGGGACATGGCGCT-1_1",0,"Resting"
"TCCGGGATCGCGTTTC-1_1",0,"Resting"
"TCCGTGTTCGGCGATC-1_1",0,"Resting"
"TCCTCCCAGCGTATAA-1_1",0,"Resting"
"TCCTCCCCAGCTATAC-1_1",0,"Resting"
"TCCTCGATCGAGTCTA-1_1",0,"Resting"
"TCCTCTTGTTCCACGG-1_1",0,"Resting"
"TCCTCTTGTTTGACAC-1_1",0,"Resting"
"TCCTGCACAGACACCC-1_1",0,"Resting"
"TCCTTCTAGACTCATC-1_1",0,"Resting"
"TCCTTCTGTGGACAGT-1_1",0,"Resting"
"TCCTTTCAGTCTAGCT-1_1",0,"Resting"
"TCGAAGTAGCATCCTA-1_1",0,"Resting"
"TCGAAGTCAGCAGATG-1_1",0,"Resting"
"TCGAAGTTCAAACCCA-1_1",0,"Resting"
"TCGACCTTCGCGTGCA-1_1",0,"Resting"
"TCGACGGCATAATCCG-1_1",0,"Resting"
"TCGATTTCACTATCCC-1_1",0,"Resting"
"TCGCACTCAGGGCTTC-1_1",0,"Resting"
"TCGCACTTCCGGCTTT-1_1",0,"TEMRA"
"TCGCAGGCAGCTGAAG-1_1",0,"TEMRA"
"TCGCAGGTCCGCCTAT-1_1",0,"Resting"
"TCGCTTGTCATCTCTA-1_1",0,"TEMRA"
"TCGCTTGTCGCCAGTG-1_1",0,"Resting"
"TCGGGACCAGCTTTGA-1_1",0,"Resting"
"TCGGGACGTCTCTCCA-1_1",0,"Resting"
"TCGGGTGAGATAGCAT-1_1",0,"TEMRA"
"TCGGGTGAGTGGTTCT-1_1",0,"Resting"
"TCGGGTGCACGCGTCA-1_1",0,"Resting"
"TCGGTCTGTGAACGGT-1_1",0,"Resting"
"TCGTAGACATTGCAAC-1_1",0,"TEMRA"
"TCGTCCAAGCGCCATC-1_1",0,"TEMRA"
"TCGTGCTGTCAGGTGA-1_1",0,"Resting"
"TCGTGCTTCGTCGACG-1_1",0,"TEMRA"
"TCTAACTAGGCTAACG-1_1",0,"Resting"
"TCTAACTGTGTCTCCT-1_1",0,"Resting"
"TCTACATCAAGACAAT-1_1",0,"Resting"
"TCTATACCACTAACCA-1_1",0,"Resting"
"TCTATCACACATTCGA-1_1",0,"Resting"
"TCTCACGTCTACGCAA-1_1",0,"TEMRA"
"TCTCAGCCACTGGCGT-1_1",0,"TEMRA"
"TCTCTGGCAGACTGCC-1_1",0,"Resting"
"TCTCTGGTCACCGGTG-1_1",0,"Resting"
"TCTGCCACACCTGCTT-1_1",0,"Resting"
"TCTGCCACACGCGTGT-1_1",0,"Resting"
"TCTGCCATCCGCAGTG-1_1",0,"TEMRA"
"TCTTAGTAGCACTCCG-1_1",0,"Resting"
"TCTTAGTGTCACTGAT-1_1",0,"Resting"
"TCTTAGTTCAGCTTCC-1_1",0,"TEMRA"
"TCTTCCTTCGACACTA-1_1",0,"Resting"
"TCTTGCGCATACACCA-1_1",0,"Resting"
"TCTTTGAAGAGAGGGC-1_1",0,"Resting"
"TGAACGTTCTATACTC-1_1",0,"Undefined1"
"TGAATGCCATGACTGT-1_1",0,"TEMRA"
"TGAATGCTCTATGCCC-1_1",0,"Resting"
"TGACAGTAGGGAGATA-1_1",0,"Resting"
"TGACCCTAGCCAGAGT-1_1",0,"Resting"
"TGACCCTCACCGCTAG-1_1",0,"Resting"
"TGAGACTTCCATTCAT-1_1",0,"TEMRA"
"TGAGCATCACAATCTG-1_1",0,"Resting"
"TGAGGGAGTAGCGTAG-1_1",0,"Resting"
"TGATCAGGTTGGGTTT-1_1",0,"Resting"
"TGATCTTGTATCCTTT-1_1",0,"Resting"
"TGATTCTCACCTGCTT-1_1",0,"TEMRA"
"TGATTCTCATTGTGCA-1_1",0,"Resting"
"TGATTTCGTCGAACGA-1_1",0,"TEMRA"
"TGATTTCTCAACTGAC-1_1",0,"Resting"
"TGATTTCTCTATCGTT-1_1",0,"Resting"
"TGCACGGCATGCCGGT-1_1",0,"Resting"
"TGCACGGTCGACATAC-1_1",0,"Resting"
"TGCAGATGTAGACGTG-1_1",0,"Resting"
"TGCAGGCGTTTGACAC-1_1",0,"Resting"
"TGCATCCAGGCCCACT-1_1",0,"TEMRA"
"TGCATCCTCAGCTAGT-1_1",0,"Resting"
"TGCATGAAGCCAACCC-1_1",0,"Resting"
"TGCGACGCAGACGATG-1_1",0,"TEMRA"
"TGCGGGTGTGACTATC-1_1",0,"Resting"
"TGCTCGTAGAAAGTCT-1_1",0,"Resting"
"TGCTGAACACTTTATC-1_1",0,"Resting"
"TGCTTCGCATCTCAAG-1_1",0,"Resting"
"TGGAACTGTTATTCCT-1_1",0,"Resting"
"TGGAACTTCAACACGT-1_1",0,"Resting"
"TGGAGAGAGAAAGTCT-1_1",0,"Resting"
"TGGAGAGCAGACCCGT-1_1",0,"Resting"
"TGGAGGAAGGCATGCA-1_1",0,"TEMRA"
"TGGAGGAGTTCAATCG-1_1",0,"Resting"
"TGGATCACATGACACT-1_1",0,"Resting"
"TGGCGTGAGTATAGAC-1_1",0,"Resting"
"TGGCGTGCAACCCGCA-1_1",0,"Resting"
"TGGGAAGCAAGACCGA-1_1",0,"Resting"
"TGGGAGAAGATACATG-1_1",0,"Resting"
"TGGGAGAAGATTGCGG-1_1",0,"Resting"
"TGGGCGTTCTCAACGA-1_1",0,"Resting"
"TGGGCTGCAAAGGGCT-1_1",0,"TEMRA"
"TGGGCTGTCCCTAGGG-1_1",0,"Resting"
"TGGGCTGTCGACGCTG-1_1",0,"Resting"
"TGGTAGTAGATGGGCT-1_1",0,"TEMRA"
"TGGTAGTAGGACAGTC-1_1",0,"Resting"
"TGGTGATAGGAGAGTA-1_1",0,"Resting"
"TGGTGATGTCCACATA-1_1",0,"Resting"
"TGGTGATGTGCACGCT-1_1",0,"TEMRA"
"TGGTGATTCATTGAGC-1_1",0,"Resting"
"TGTACAGAGGTAGTCG-1_1",0,"Resting"
"TGTAGACCATGACGTT-1_1",0,"TEMRA"
"TGTCAGAAGAGTGGCT-1_1",0,"Resting"
"TGTCCACGTCGCTTGG-1_1",0,"Resting"
"TGTCCACGTTTACCAG-1_1",0,"Resting"
"TGTCCCAAGTTCCGGC-1_1",0,"Resting"
"TGTCCTGGTACGCGTC-1_1",0,"Resting"
"TGTCCTGTCAACCCGG-1_1",0,"Resting"
"TGTGAGTCATCGTGGC-1_1",0,"Resting"
"TGTGATGCAAAGGAGA-1_1",0,"Resting"
"TGTGATGGTCTTTCAT-1_1",0,"Resting"
"TGTGCGGGTAGGACTG-1_1",0,"Resting"
"TGTGCGGGTCAGTCTA-1_1",0,"Resting"
"TGTGGCGTCGTTCATT-1_1",0,"Resting"
"TGTGTGAGTCCATACA-1_1",0,"Resting"
"TGTGTGAGTGCTCCGA-1_1",0,"Resting"
"TGTTGAGAGCACCGTC-1_1",0,"TEMRA"
"TGTTTGTCATCGGATT-1_1",0,"Resting"
"TTAATCCCATCACGGC-1_1",0,"Resting"
"TTACAGGAGATTCGAA-1_1",0,"TEMRA"
"TTACCGCAGCTGGAGT-1_1",0,"Resting"
"TTACCGCAGGAAGTGA-1_1",0,"TEMRA"
"TTACCGCTCTAGCCAA-1_1",0,"TEMRA"
"TTACGCCGTGCAACAG-1_1",0,"TEMRA"
"TTACGCCTCCCAAGCG-1_1",0,"TEMRA"
"TTACGTTAGCACAAAT-1_1",0,"Resting"
"TTACGTTGTTGGCCTG-1_1",0,"Resting"
"TTACGTTTCCGTATAG-1_1",0,"Resting"
"TTACGTTTCTCGGTAA-1_1",0,"Resting"
"TTACTGTTCACGTAGT-1_1",0,"TEMRA"
"TTACTGTTCGACACCG-1_1",0,"Resting"
"TTAGGCAAGTCATGAA-1_1",0,"Resting"
"TTAGGGTCAAGGCCTC-1_1",0,"Resting"
"TTAGGGTCACGTTCGG-1_1",0,"Resting"
"TTAGGGTGTGAGTCAG-1_1",0,"Resting"
"TTATTGCCAGCAATTC-1_1",0,"Resting"
"TTATTGCTCTATCACT-1_1",0,"Resting"
"TTCAATCCAGTAGATA-1_1",0,"TEMRA"
"TTCAATCGTAGGACTG-1_1",0,"Resting"
"TTCACGCTCGACGCTG-1_1",0,"Resting"
"TTCAGGAAGCAACAAT-1_1",0,"Resting"
"TTCATGTCAGGTTCGC-1_1",0,"Resting"
"TTCATGTTCCGATTAG-1_1",0,"Resting"
"TTCATGTTCGTTTACT-1_1",0,"Resting"
"TTCATTGGTCCTCCTA-1_1",0,"Resting"
"TTCATTGTCTTACCGC-1_1",0,"Resting"
"TTCCAATAGCAGCGAT-1_1",0,"Resting"
"TTCCACGTCCTCAGAA-1_1",0,"TEMRA"
"TTCCGTGAGGGCTAAC-1_1",0,"Resting"
"TTCCGTGCACCAGCTG-1_1",0,"Resting"
"TTCCGTGGTTCGGACC-1_1",0,"TEMRA"
"TTCCGTGGTTTGCCGG-1_1",0,"Resting"
"TTCCTAATCATGCGGC-1_1",0,"Resting"
"TTCCTTCAGTGAGGTC-1_1",0,"Resting"
"TTCGATTAGAAGGATG-1_1",0,"Resting"
"TTCGATTGTGGTCTAT-1_1",0,"Resting"
"TTCTAACCAGGGATAC-1_1",0,"Resting"
"TTCTAGTCAATGTGGG-1_1",0,"TEMRA"
"TTCTAGTCAGAGCCCT-1_1",0,"TEMRA"
"TTCTAGTTCAGAGTTC-1_1",0,"Resting"
"TTCTCTCAGAAGCGCT-1_1",0,"TEMRA"
"TTCTCTCTCTTACGTT-1_1",0,"TEMRA"
"TTCTGTAGTACAAGCG-1_1",0,"Resting"
"TTCTTGATCGCTTGCT-1_1",0,"Resting"
"TTGACCCTCAAACTGC-1_1",0,"TEMRA"
"TTGATGGCAGACCTAT-1_1",0,"Resting"
"TTGATGGTCATTGAGC-1_1",0,"TEMRA"
"TTGATGGTCTTTGCTA-1_1",0,"Resting"
"TTGCCTGCAAAGACGC-1_1",0,"Resting"
"TTGCCTGCAGCACAAG-1_1",0,"TEMRA"
"TTGGATGGTCACTGAT-1_1",0,"Resting"
"TTGGGATTCAAGCCTA-1_1",0,"Resting"
"TTGGGTATCGTTACCC-1_1",0,"Resting"
"TTGGGTATCTCTTAAC-1_1",0,"Resting"
"TTGGTTTCAAGTCCAT-1_1",0,"Resting"
"TTGGTTTTCCAGGACC-1_1",0,"Resting"
"TTGGTTTTCTTGAGCA-1_1",0,"Resting"
"TTGGTTTTCTTTGCGC-1_1",0,"Resting"
"TTGTGGATCCGCACTT-1_1",0,"Resting"
"TTTACCATCCACAGGC-1_1",0,"Resting"
"TTTACGTGTACAAGTA-1_1",0,"Resting"
"TTTACTGCAGGCTTGC-1_1",0,"Resting"
"TTTACTGTCTGAGATC-1_1",0,"Resting"
"TTTAGTCGTTCTATCT-1_1",0,"TEMRA"
"TTTCACACACCGCTGA-1_1",0,"Resting"
"TTTCACACACGACGAA-1_1",0,"Resting"
"TTTCACAGTGAGGCAT-1_1",0,"Resting"
"TTTCATGAGTGAGTTA-1_1",0,"TEMRA"
"TTTCGATAGGGAGGCA-1_1",0,"TEMRA"
"TTTCGATTCGACGACC-1_1",0,"Resting"
"TTTGACTAGAGGTCAC-1_1",0,"TEMRA"
"TTTGATCAGGCCCAAA-1_1",0,"Resting"
"TTTGATCTCGTAGCCG-1_1",0,"TEMRA"
"TTTGGAGAGACTGTTC-1_1",0,"TEMRA"
"TTTGGTTCAACGTATC-1_1",0,"Resting"
"TTTGTTGTCCAGCTCT-1_1",0,"Resting"
"AAACCCAAGTTGCCTA-1_2",12,"Resting"
"AAACCCACAATCACGT-1_2",12,"Intermediate"
"AAACCCAGTTAAGAAC-1_2",12,"TEMRA"
"AAACCCATCACCATCC-1_2",12,"Resting"
"AAACCCATCTACTCAT-1_2",12,"Activated"
"AAACGCTGTGGCCACT-1_2",12,"Intermediate"
"AAAGAACAGTCGAAAT-1_2",12,"Activated"
"AAAGGATGTCACTGAT-1_2",12,"Activated"
"AAAGGATTCGCCTCTA-1_2",12,"Resting"
"AAAGGGCCAAGCGCAA-1_2",12,"Intermediate"
"AAAGGGCCAGCCGTCA-1_2",12,"Intermediate"
"AAAGGGCTCTTCCACG-1_2",12,"Intermediate"
"AAAGGTAAGACAACTA-1_2",12,"Resting"
"AAAGGTAAGAGGCGTT-1_2",12,"Resting"
"AAAGGTAGTACGCGTC-1_2",12,"Intermediate"
"AAAGTCCCATCGGCCA-1_2",12,"Resting"
"AAAGTCCCATTCTGTT-1_2",12,"Resting"
"AAAGTCCGTCTGATCA-1_2",12,"Resting"
"AAAGTCCTCCACTTTA-1_2",12,"Resting"
"AAAGTGAAGCAGTCTT-1_2",12,"Resting"
"AAAGTGAAGCGCCCAT-1_2",12,"Activated"
"AAAGTGAGTAGCTGTT-1_2",12,"Intermediate"
"AAAGTGAGTATCATGC-1_2",12,"Resting"
"AAATGGATCTCTCGCA-1_2",12,"Activated"
"AACAAAGCATCACAGT-1_2",12,"Resting"
"AACAAAGGTCTTTATC-1_2",12,"Intermediate"
"AACAAAGGTTATTCTC-1_2",12,"Resting"
"AACAAAGTCCATTCAT-1_2",12,"Activated"
"AACAAAGTCTGTGCAA-1_2",12,"TEMRA"
"AACAACCAGTGCACTT-1_2",12,"Resting"
"AACAACCTCGTGCATA-1_2",12,"Resting"
"AACAAGACACTGGCCA-1_2",12,"Resting"
"AACACACAGAGGATCC-1_2",12,"Intermediate"
"AACACACTCTCTGCCA-1_2",12,"TEMRA"
"AACAGGGAGCGCATCC-1_2",12,"Resting"
"AACAGGGAGCGTATGG-1_2",12,"Resting"
"AACAGGGCACAACGAG-1_2",12,"Intermediate"
"AACAGGGCACCAGGTC-1_2",12,"Resting"
"AACCAACTCGATTGAC-1_2",12,"TEMRA"
"AACCACAGTGGGTATG-1_2",12,"Intermediate"
"AACCACATCCGCAACG-1_2",12,"Intermediate"
"AACCATGCAAGCAATA-1_2",12,"Intermediate"
"AACCATGCATGTGACT-1_2",12,"Intermediate"
"AACCATGGTAGACGGT-1_2",12,"Resting"
"AACCATGGTGTGATGG-1_2",12,"Intermediate"
"AACCCAAAGATTGTGA-1_2",12,"Intermediate"
"AACCCAATCCCGAGTG-1_2",12,"Activated"
"AACCTGAGTGTTCAGT-1_2",12,"Resting"
"AACCTTTCACCCAACG-1_2",12,"Intermediate"
"AACCTTTGTACATACC-1_2",12,"Resting"
"AACGAAATCCATTTCA-1_2",12,"Resting"
"AACGAAATCGTTCTAT-1_2",12,"Resting"
"AACGAAATCTTCTGTA-1_2",12,"Resting"
"AACGTCAAGAGTGACC-1_2",12,"Resting"
"AACGTCAAGCGTCTGC-1_2",12,"Intermediate"
"AACGTCAGTAGATCGG-1_2",12,"TEMRA"
"AACTTCTCAGTTGTTG-1_2",12,"Resting"
"AACTTCTGTTGTCATG-1_2",12,"Resting"
"AAGAACATCTCGCTTG-1_2",12,"Intermediate"
"AAGACAAAGGGTACGT-1_2",12,"Resting"
"AAGACAAAGTGCTCGC-1_2",12,"Activated"
"AAGACAAGTCTTCCGT-1_2",12,"Resting"
"AAGACAATCCGTGGTG-1_2",12,"Resting"
"AAGACAATCGGCATAT-1_2",12,"Resting"
"AAGACTCCAATCACGT-1_2",12,"Intermediate"
"AAGACTCGTAGCCCTG-1_2",12,"Intermediate"
"AAGACTCGTTCGGCCA-1_2",12,"TEMRA"
"AAGATAGCATGACCCG-1_2",12,"Activated"
"AAGCATCCACTCAAGT-1_2",12,"Intermediate"
"AAGCATCCAGGATTCT-1_2",12,"Intermediate"
"AAGCCATGTATTTCGG-1_2",12,"Resting"
"AAGCCATGTCACTCGG-1_2",12,"Resting"
"AAGCGAGCAGCTGAGA-1_2",12,"Intermediate"
"AAGCGTTAGCTGGCCT-1_2",12,"Resting"
"AAGCGTTGTTGCGAAG-1_2",12,"Intermediate"
"AAGCGTTTCGGTAACT-1_2",12,"Resting"
"AAGGAATAGAATCTAG-1_2",12,"TEMRA"
"AAGGTAACATCCGAGC-1_2",12,"Intermediate"
"AAGTACCGTTCATCGA-1_2",12,"Resting"
"AAGTCGTCAGCTTCGG-1_2",12,"Intermediate"
"AAGTCGTTCATTACCT-1_2",12,"Intermediate"
"AAGTGAACAAGAGATT-1_2",12,"Intermediate"
"AAGTGAAGTTGAGGAC-1_2",12,"Intermediate"
"AAGTGAATCCGATCTC-1_2",12,"Activated"
"AAGTTCGCAGACAAAT-1_2",12,"Resting"
"AAGTTCGTCAATCCAG-1_2",12,"Resting"
"AATAGAGAGTGGTTAA-1_2",12,"Resting"
"AATCACGCAAAGGATT-1_2",12,"TEMRA"
"AATCACGCAGAGTCTT-1_2",12,"Resting"
"AATCGACGTATCAGCT-1_2",12,"Resting"
"AATCGACTCATCTGTT-1_2",12,"Resting"
"AATCGACTCTCCCATG-1_2",12,"Activated"
"AATCGTGTCATTGCCC-1_2",12,"Resting"
"AATCGTGTCCCATAGA-1_2",12,"Resting"
"AATGAAGAGGTCATCT-1_2",12,"Intermediate"
"AATGAAGGTCGGATTT-1_2",12,"Resting"
"AATGACCGTTCGGCTG-1_2",12,"Resting"
"AATGACCTCGGCTATA-1_2",12,"Intermediate"
"AATGGAACATAGACTC-1_2",12,"Resting"
"AATGGCTTCGGACCAC-1_2",12,"Activated"
"AATTCCTAGCACAAAT-1_2",12,"Undefined1"
"AATTCCTAGTTTGCTG-1_2",12,"Resting"
"AATTCCTCACATAACC-1_2",12,"Intermediate"
"AATTTCCGTACGTACT-1_2",12,"Resting"
"AATTTCCTCAAGCTTG-1_2",12,"Resting"
"AATTTCCTCGCCAGTG-1_2",12,"Resting"
"ACAAAGAAGGTTGGTG-1_2",12,"Intermediate"
"ACAAAGAGTCCCGGTA-1_2",12,"Intermediate"
"ACAAAGATCGATTGGT-1_2",12,"TEMRA"
"ACAACCAGTGGCGTAA-1_2",12,"Resting"
"ACAAGCTAGACCTGGA-1_2",12,"Resting"
"ACAAGCTCAGAGTGAC-1_2",12,"Resting"
"ACAAGCTCAGGGTCTC-1_2",12,"TEMRA"
"ACAAGCTGTACACGTT-1_2",12,"Resting"
"ACAAGCTGTATAGCTC-1_2",12,"TEMRA"
"ACACAGTAGTAAGAGG-1_2",12,"Resting"
"ACACAGTCAACGGCTC-1_2",12,"TEMRA"
"ACACAGTCATCAGTCA-1_2",12,"Intermediate"
"ACACCAACAGGATTCT-1_2",12,"Resting"
"ACACGCGAGAATAGTC-1_2",12,"Activated"
"ACACGCGCACCAGTTA-1_2",12,"Resting"
"ACACGCGCAGAAGCGT-1_2",12,"Resting"
"ACACTGACAATGCAAA-1_2",12,"Resting"
"ACAGCCGCAGTCTTCC-1_2",12,"Intermediate"
"ACAGCCGGTCATGCAT-1_2",12,"Intermediate"
"ACATCCCCATGCCGGT-1_2",12,"TEMRA"
"ACATCCCGTCGTTGGC-1_2",12,"TEMRA"
"ACATCGACACAAATGA-1_2",12,"TEMRA"
"ACATGCAGTTAAACCC-1_2",12,"Intermediate"
"ACATGCATCAGCCCAG-1_2",12,"Resting"
"ACATGCATCCATATGG-1_2",12,"Resting"
"ACATTTCAGAGATCGC-1_2",12,"Activated"
"ACATTTCTCGACGACC-1_2",12,"Resting"
"ACCAAACAGCCTATCA-1_2",12,"Intermediate"
"ACCAAACCAGCCTATA-1_2",12,"Activated"
"ACCAAACCAGCGGTCT-1_2",12,"Resting"
"ACCAAACCATATAGCC-1_2",12,"Resting"
"ACCAAACTCCTAGCTC-1_2",12,"Resting"
"ACCAACACACACTTAG-1_2",12,"Resting"
"ACCAACACATGTGCCG-1_2",12,"Resting"
"ACCAACATCATTCATC-1_2",12,"TEMRA"
"ACCACAAAGTGTACCT-1_2",12,"TEMRA"
"ACCACAACAAGCTGCC-1_2",12,"Resting"
"ACCATTTAGAATCCCT-1_2",12,"Resting"
"ACCATTTAGGGTATAT-1_2",12,"Intermediate"
"ACCATTTCATCGTGCG-1_2",12,"Resting"
"ACCATTTGTTCATCTT-1_2",12,"Intermediate"
"ACCCAAAAGGTGGGTT-1_2",12,"Undefined1"
"ACCCAAAGTCGTACAT-1_2",12,"Intermediate"
"ACCCAAAGTTCTTGTT-1_2",12,"Resting"
"ACCCTCAAGATAACGT-1_2",12,"Resting"
"ACCCTCAGTTTGGAGG-1_2",12,"Resting"
"ACCCTTGAGTAAATGC-1_2",12,"Resting"
"ACCCTTGAGTGCAACG-1_2",12,"Resting"
"ACCGTTCAGGGAGATA-1_2",12,"Resting"
"ACCGTTCGTCTCGCGA-1_2",12,"Intermediate"
"ACCGTTCGTTTCGATG-1_2",12,"Intermediate"
"ACCGTTCTCGTCAGAT-1_2",12,"Intermediate"
"ACCTACCAGTGGAAGA-1_2",12,"Intermediate"
"ACCTACCCATGGGAAC-1_2",12,"Intermediate"
"ACCTGAAAGCAAACAT-1_2",12,"TEMRA"
"ACCTGAAAGGTAAACT-1_2",12,"Resting"
"ACCTGAACAGGCATGA-1_2",12,"Resting"
"ACCTGTCAGGCCTTGC-1_2",12,"TEMRA"
"ACCTGTCCACAGCCAC-1_2",12,"Resting"
"ACCTGTCCATGACGGA-1_2",12,"TEMRA"
"ACCTGTCGTCCTACAA-1_2",12,"Intermediate"
"ACCTGTCGTGATTCAC-1_2",12,"TEMRA"
"ACCTGTCTCATCGCTC-1_2",12,"Intermediate"
"ACGATCACAGGCTTGC-1_2",12,"Resting"
"ACGATCACATCCAATG-1_2",12,"Intermediate"
"ACGATCAGTCTCTCTG-1_2",12,"Resting"
"ACGATCAGTTCTGACA-1_2",12,"Intermediate"
"ACGATGTCATGTGTCA-1_2",12,"Resting"
"ACGCACGAGAGAGAAC-1_2",12,"Resting"
"ACGCACGCAGCATTGT-1_2",12,"Intermediate"
"ACGCACGGTCGCTGCA-1_2",12,"TEMRA"
"ACGCACGGTGAGTTGG-1_2",12,"Activated"
"ACGCACGGTTAGAGAT-1_2",12,"TEMRA"
"ACGGAAGGTAGGGTAC-1_2",12,"Intermediate"
"ACGGAAGTCATGTCAG-1_2",12,"TEMRA"
"ACGGAAGTCTGGACCG-1_2",12,"Intermediate"
"ACGGGTCAGCCTAGGA-1_2",12,"Resting"
"ACGGGTCCACAAATAG-1_2",12,"Intermediate"
"ACGGGTCTCAACCCGG-1_2",12,"Intermediate"
"ACGGTCGAGGGTTAGC-1_2",12,"Resting"
"ACGGTCGGTTCCTAAG-1_2",12,"Resting"
"ACGTAACGTTTAGAGA-1_2",12,"Resting"
"ACGTAACTCGGAATGG-1_2",12,"TEMRA"
"ACGTACACAAGTGATA-1_2",12,"Intermediate"
"ACGTACACAGTAACGG-1_2",12,"Intermediate"
"ACGTACAGTTAGTCGT-1_2",12,"Resting"
"ACGTACATCATTCACT-1_2",12,"Undefined1"
"ACGTAGTCACTCGATA-1_2",12,"Resting"
"ACGTAGTGTTAAAGTG-1_2",12,"Resting"
"ACGTAGTGTTACCGTA-1_2",12,"Resting"
"ACGTAGTTCAAGTCGT-1_2",12,"Intermediate"
"ACGTAGTTCGTCGACG-1_2",12,"Resting"
"ACGTCCTCACCTGCTT-1_2",12,"Intermediate"
"ACGTCCTTCGACATCA-1_2",12,"Resting"
"ACGTTCCGTCCAGCAC-1_2",12,"Resting"
"ACTACGATCTTGGGCG-1_2",12,"Activated"
"ACTATCTTCAATCGGT-1_2",12,"Activated"
"ACTATTCGTTATAGAG-1_2",12,"Intermediate"
"ACTCTCGAGTGTAGAT-1_2",12,"Intermediate"
"ACTCTCGGTCCTCCTA-1_2",12,"Activated"
"ACTGATGAGACAGCTG-1_2",12,"Intermediate"
"ACTGATGTCAGAGTGG-1_2",12,"Resting"
"ACTGCAAAGTACTCGT-1_2",12,"TEMRA"
"ACTGCAAAGTCCTGCG-1_2",12,"Resting"
"ACTGTCCAGGTCGTAG-1_2",12,"Resting"
"ACTGTCCTCCTATTTG-1_2",12,"TEMRA"
"ACTGTGAGTCATCTAG-1_2",12,"Intermediate"
"ACTTAGGTCCTTACCG-1_2",12,"Intermediate"
"ACTTAGGTCTGCGTCT-1_2",12,"Resting"
"ACTTCCGGTCGCGTCA-1_2",12,"Intermediate"
"ACTTCCGTCACTGCTC-1_2",12,"Activated"
"ACTTCCGTCAGACTGT-1_2",12,"Activated"
"ACTTCCGTCGGTAACT-1_2",12,"Resting"
"ACTTCGCAGGTATAGT-1_2",12,"Activated"
"ACTTCGCCATTGTAGC-1_2",12,"Intermediate"
"ACTTTCAGTTACACAC-1_2",12,"Activated"
"ACTTTCAGTTGCTCCT-1_2",12,"Resting"
"ACTTTGTAGCAGGTCA-1_2",12,"Resting"
"ACTTTGTCAGGTTCCG-1_2",12,"Resting"
"AGAAATGAGCCTATCA-1_2",12,"TEMRA"
"AGAAATGAGGTTGTTC-1_2",12,"TEMRA"
"AGAAATGTCAACGAGG-1_2",12,"Intermediate"
"AGAAATGTCTTACTGT-1_2",12,"Intermediate"
"AGAACAAGTCAAGCCC-1_2",12,"Resting"
"AGAACAATCGGTAGGA-1_2",12,"Intermediate"
"AGAACAATCTTCACAT-1_2",12,"Intermediate"
"AGAACCTCACGTAACT-1_2",12,"Resting"
"AGAACCTCACTGGAAG-1_2",12,"Intermediate"
"AGAACCTGTATCAGCT-1_2",12,"TEMRA"
"AGAAGCGCAGCGTTTA-1_2",12,"Resting"
"AGAAGCGCATAGAAAC-1_2",12,"Resting"
"AGAAGCGGTAATCAGA-1_2",12,"Intermediate"
"AGAAGTAAGAACTCCT-1_2",12,"Resting"
"AGAAGTATCTTTCTAG-1_2",12,"Activated"
"AGACAAATCCCGATCT-1_2",12,"Intermediate"
"AGACAAATCTTTCCAA-1_2",12,"Resting"
"AGACACTGTAACACGG-1_2",12,"Resting"
"AGACCATCATCGATCA-1_2",12,"Intermediate"
"AGACCATGTCTCAGGC-1_2",12,"Resting"
"AGACCATGTTCGGACC-1_2",12,"Intermediate"
"AGACCATTCTCGTCGT-1_2",12,"Activated"
"AGACCCGAGACTCTAC-1_2",12,"TEMRA"
"AGACCCGCAAGTGTCT-1_2",12,"Resting"
"AGACCCGGTCCAGAAG-1_2",12,"TEMRA"
"AGACTCAGTCCGGATC-1_2",12,"Intermediate"
"AGAGAATAGATTAGAC-1_2",12,"Resting"
"AGAGAATCAGGATCTT-1_2",12,"Intermediate"
"AGAGAGCTCTGATGGT-1_2",12,"Intermediate"
"AGAGCAGGTGCTTCAA-1_2",12,"Intermediate"
"AGATAGAGTAGAATAC-1_2",12,"Resting"
"AGATCCAAGACAACTA-1_2",12,"Resting"
"AGATCCAAGCAGGCTA-1_2",12,"Resting"
"AGATCCACAGGAACCA-1_2",12,"TEMRA"
"AGATCCAGTCCACTCT-1_2",12,"Intermediate"
"AGATCGTGTCAGTCGC-1_2",12,"Activated"
"AGATCGTTCGAGAAAT-1_2",12,"Resting"
"AGATGAACACTCTAGA-1_2",12,"Intermediate"
"AGATGAAGTCTTCATT-1_2",12,"TEMRA"
"AGATGCTAGTTGGAAT-1_2",12,"Resting"
"AGATGCTCAAGTATAG-1_2",12,"Resting"
"AGATGCTGTGCCTTTC-1_2",12,"Resting"
"AGCATCAGTTGCATCA-1_2",12,"Resting"
"AGCCAATCAATAGTGA-1_2",12,"TEMRA"
"AGCCACGAGTCACAGG-1_2",12,"Resting"
"AGCCACGAGTTGTAAG-1_2",12,"Intermediate"
"AGCCACGGTACCACGC-1_2",12,"Intermediate"
"AGCCAGCCAATAGGAT-1_2",12,"Resting"
"AGCCAGCGTAGTGCGA-1_2",12,"Resting"
"AGCCAGCGTCTGTGAT-1_2",12,"Intermediate"
"AGCGATTTCAAGCTGT-1_2",12,"Intermediate"
"AGCGCCACACAGCTTA-1_2",12,"Resting"
"AGCGCCAGTCCAAAGG-1_2",12,"Resting"
"AGCGCCATCTCGTCGT-1_2",12,"Resting"
"AGCGCTGCACTAAACC-1_2",12,"Intermediate"
"AGCGTATCATCATTGG-1_2",12,"Intermediate"
"AGCGTATTCAAGTCTG-1_2",12,"TEMRA"
"AGCGTATTCCAGGACC-1_2",12,"Intermediate"
"AGCGTCGCAACCAACT-1_2",12,"Resting"
"AGCGTCGCATGTGACT-1_2",12,"Intermediate"
"AGCTACAAGGGTTTCT-1_2",12,"TEMRA"
"AGCTACATCGCCTTTG-1_2",12,"Intermediate"
"AGCTCAAAGACGCCCT-1_2",12,"Resting"
"AGCTTCCAGGTCGCCT-1_2",12,"Intermediate"
"AGCTTCCGTGATAGAT-1_2",12,"Intermediate"
"AGGAAATTCAGGTAAA-1_2",12,"Resting"
"AGGAAATTCGTGCAGC-1_2",12,"TEMRA"
"AGGACGATCAAACCTG-1_2",12,"Resting"
"AGGACTTAGCCTGAGA-1_2",12,"TEMRA"
"AGGACTTCATTGACCA-1_2",12,"Resting"
"AGGAGGTAGTACTGGG-1_2",12,"Resting"
"AGGAGGTCAGCCGGTT-1_2",12,"TEMRA"
"AGGAGGTTCACCTCTG-1_2",12,"Resting"
"AGGAGGTTCGCCGATG-1_2",12,"Intermediate"
"AGGATCTCATGTTTGG-1_2",12,"Activated"
"AGGATCTTCGTGGCTG-1_2",12,"Intermediate"
"AGGCATTCAGATAAAC-1_2",12,"Intermediate"
"AGGCATTGTTCACCGG-1_2",12,"Resting"
"AGGCATTTCATTGCGA-1_2",12,"Activated"
"AGGCATTTCTGAGAAA-1_2",12,"Resting"
"AGGCCACTCACCTTAT-1_2",12,"Resting"
"AGGCTGCCAACGGCCT-1_2",12,"Resting"
"AGGCTGCTCATGCCAA-1_2",12,"Intermediate"
"AGGCTGCTCGCCTTTG-1_2",12,"Intermediate"
"AGGGAGTCAAACGTGG-1_2",12,"Resting"
"AGGGAGTTCGTTGCCT-1_2",12,"Activated"
"AGGGAGTTCTCGGGAC-1_2",12,"Resting"
"AGGGCCTAGGCATGGT-1_2",12,"Resting"
"AGGGCCTCAGTGTACT-1_2",12,"Intermediate"
"AGGGCTCCAAAGCACG-1_2",12,"Intermediate"
"AGGGCTCGTCTTCATT-1_2",12,"Resting"
"AGGGTCCAGACCGCCT-1_2",12,"Activated"
"AGGGTGAAGGAAGAAC-1_2",12,"Resting"
"AGGGTGAAGGGTTAGC-1_2",12,"Resting"
"AGGGTGACATGTTTGG-1_2",12,"Resting"
"AGGTAGGTCAAGCCGC-1_2",12,"Resting"
"AGGTCATCAAGCGCAA-1_2",12,"Intermediate"
"AGGTCATTCAATCAGC-1_2",12,"Resting"
"AGGTCTAAGAGTCAGC-1_2",12,"Resting"
"AGGTCTACAACACAAA-1_2",12,"Resting"
"AGGTCTACACAGCTGC-1_2",12,"Resting"
"AGGTCTACACGCCAGT-1_2",12,"Intermediate"
"AGGTCTACAGAACATA-1_2",12,"Resting"
"AGGTCTACATGCAGGA-1_2",12,"Intermediate"
"AGGTCTATCTCGACGG-1_2",12,"Intermediate"
"AGGTGTTAGGTTGCCC-1_2",12,"Resting"
"AGGTGTTTCCGGCTTT-1_2",12,"Intermediate"
"AGGTTACCAAGCCATT-1_2",12,"Resting"
"AGGTTACGTGTCCGTG-1_2",12,"TEMRA"
"AGGTTGTTCAGTAGGG-1_2",12,"Resting"
"AGTAACCAGAGGTCGT-1_2",12,"Intermediate"
"AGTAACCTCCACATAG-1_2",12,"Intermediate"
"AGTACCACAGGAACCA-1_2",12,"Resting"
"AGTACCAGTTCCATTT-1_2",12,"Intermediate"
"AGTACTGAGTCTTCGA-1_2",12,"Resting"
"AGTACTGCAGAGGTTG-1_2",12,"Intermediate"
"AGTAGCTCAAGTCGTT-1_2",12,"Intermediate"
"AGTAGCTCAGCAAGAC-1_2",12,"Activated"
"AGTAGCTCATCCGATA-1_2",12,"Intermediate"
"AGTCAACAGCCTCACG-1_2",12,"Undefined1"
"AGTCAACGTCGAGCAA-1_2",12,"Intermediate"
"AGTCATGCACGTCGTG-1_2",12,"Resting"
"AGTCATGCAGGAGGTT-1_2",12,"Resting"
"AGTCATGGTTCTCCCA-1_2",12,"Intermediate"
"AGTCTCCAGATAACAC-1_2",12,"TEMRA"
"AGTCTCCAGCTCCATA-1_2",12,"Intermediate"
"AGTCTCCCAAATGAGT-1_2",12,"Intermediate"
"AGTCTCCCACTTGTGA-1_2",12,"Resting"
"AGTCTCCGTCTCGGAC-1_2",12,"TEMRA"
"AGTGATCAGCTCCATA-1_2",12,"Activated"
"AGTGCCGAGGGTTAAT-1_2",12,"Intermediate"
"AGTGCCGTCGTGAGAG-1_2",12,"TEMRA"
"AGTTAGCGTGCCCTTT-1_2",12,"Resting"
"AGTTAGCGTGTCCACG-1_2",12,"Activated"
"AGTTAGCTCTCGGTCT-1_2",12,"Intermediate"
"AGTTAGCTCTGAGTCA-1_2",12,"Resting"
"AGTTCCCGTCCTGGGT-1_2",12,"Intermediate"
"AGTTCCCTCCGTCACT-1_2",12,"Resting"
"AGTTCGATCTTTACAC-1_2",12,"Resting"
"ATACCGAAGACAACAT-1_2",12,"TEMRA"
"ATACCGAGTACTGACT-1_2",12,"Intermediate"
"ATACCGAGTATCATGC-1_2",12,"Resting"
"ATACCTTCACGTTGGC-1_2",12,"Resting"
"ATACCTTTCTGCGGGT-1_2",12,"TEMRA"
"ATACTTCAGTCAACAA-1_2",12,"Resting"
"ATACTTCCACTTCAAG-1_2",12,"Resting"
"ATAGACCAGGTACAGC-1_2",12,"Resting"
"ATAGACCCAGGAATCG-1_2",12,"Resting"
"ATAGAGAAGCAGAAAG-1_2",12,"Intermediate"
"ATAGAGAAGGCATCTT-1_2",12,"TEMRA"
"ATAGAGAGTGATTCTG-1_2",12,"Intermediate"
"ATAGGCTAGATTGGGC-1_2",12,"Resting"
"ATAGGCTCAACCGCCA-1_2",12,"Resting"
"ATAGGCTGTACGGCAA-1_2",12,"Intermediate"
"ATAGGCTTCATTTCCA-1_2",12,"Resting"
"ATAGGCTTCTCACCCA-1_2",12,"Resting"
"ATATCCTAGGATACAT-1_2",12,"TEMRA"
"ATATCCTAGGGCAACT-1_2",12,"Intermediate"
"ATCACGACAGACACCC-1_2",12,"Intermediate"
"ATCACGAGTCCACTTC-1_2",12,"Resting"
"ATCACGAGTCTATGAC-1_2",12,"Intermediate"
"ATCACTTAGTACCGGA-1_2",12,"Intermediate"
"ATCACTTTCCGTAGTA-1_2",12,"TEMRA"
"ATCACTTTCGATTGAC-1_2",12,"Intermediate"
"ATCAGGTGTTGGCTAT-1_2",12,"TEMRA"
"ATCAGGTTCTAGGCCG-1_2",12,"Intermediate"
"ATCATTCAGGTCGAGT-1_2",12,"TEMRA"
"ATCATTCCAACACACT-1_2",12,"TEMRA"
"ATCATTCCACAGTATC-1_2",12,"Intermediate"
"ATCATTCTCCTGGCTT-1_2",12,"Resting"
"ATCCACCAGGACAGTC-1_2",12,"Activated"
"ATCCACCTCAGCTTGA-1_2",12,"Intermediate"
"ATCCATTCACATACTG-1_2",12,"Resting"
"ATCCCTGCACACAGCC-1_2",12,"Resting"
"ATCCCTGCATCTAACG-1_2",12,"Intermediate"
"ATCCCTGCATGGGTCC-1_2",12,"Intermediate"
"ATCCGTCAGCCGTTAT-1_2",12,"Resting"
"ATCCGTCAGCGCTGCT-1_2",12,"Intermediate"
"ATCCGTCAGGGAGGTG-1_2",12,"Intermediate"
"ATCCGTCAGTTAACGA-1_2",12,"Resting"
"ATCCTATCACATGACT-1_2",12,"Intermediate"
"ATCCTATGTATCCCAA-1_2",12,"TEMRA"
"ATCCTATGTCATCCCT-1_2",12,"TEMRA"
"ATCCTATTCACAACCA-1_2",12,"Resting"
"ATCGATGTCACCGGTG-1_2",12,"Intermediate"
"ATCGCCTGTCTAACGT-1_2",12,"Resting"
"ATCGCCTGTGACACAG-1_2",12,"Activated"
"ATCGCCTTCTGAGTCA-1_2",12,"Intermediate"
"ATCGGATAGCTGGTGA-1_2",12,"Intermediate"
"ATCGGATCAACAGCCC-1_2",12,"Resting"
"ATCGGATGTCATCGCG-1_2",12,"Resting"
"ATCGGATTCCTCAGAA-1_2",12,"Undefined1"
"ATCGTCCCACCCTATC-1_2",12,"Activated"
"ATCGTCCCAGCAGAAC-1_2",12,"TEMRA"
"ATCGTCCGTCACTCAA-1_2",12,"Intermediate"
"ATCGTCCGTCGCATCG-1_2",12,"Resting"
"ATCGTCCTCCACGGGT-1_2",12,"Activated"
"ATCGTGACAGCAGGAT-1_2",12,"Resting"
"ATCGTGATCCATCAGA-1_2",12,"Intermediate"
"ATCGTGATCTGGAGAG-1_2",12,"Resting"
"ATCTCTAGTAAGGCTG-1_2",12,"Resting"
"ATCTCTAGTATCAAGA-1_2",12,"Intermediate"
"ATCTCTAGTCGGCACT-1_2",12,"TEMRA"
"ATCTTCACAAAGAGTT-1_2",12,"Intermediate"
"ATCTTCACACAACCGC-1_2",12,"Intermediate"
"ATCTTCATCAAGCCCG-1_2",12,"Resting"
"ATCTTCATCAGGACGA-1_2",12,"Intermediate"
"ATCTTCATCAGTAGGG-1_2",12,"Intermediate"
"ATCTTCATCTCTATAC-1_2",12,"Intermediate"
"ATGAAAGAGTGCTACT-1_2",12,"TEMRA"
"ATGAAAGCAATTAGGA-1_2",12,"Resting"
"ATGAAAGGTTCTCACC-1_2",12,"Resting"
"ATGACCACACTCATAG-1_2",12,"Intermediate"
"ATGACCACATGGCTAT-1_2",12,"Intermediate"
"ATGAGTCAGGCTGGAT-1_2",12,"Resting"
"ATGAGTCGTGACACAG-1_2",12,"Intermediate"
"ATGAGTCTCAATCCAG-1_2",12,"TEMRA"
"ATGAGTCTCGTTCCTG-1_2",12,"Resting"
"ATGAGTCTCTGTCGTC-1_2",12,"Resting"
"ATGCATGAGTCCGTCG-1_2",12,"Resting"
"ATGCCTCAGCAGGTCA-1_2",12,"Resting"
"ATGCCTCCAGAGAATT-1_2",12,"Resting"
"ATGCCTCGTTTCTTAC-1_2",12,"Intermediate"
"ATGCCTCTCTTACGTT-1_2",12,"Resting"
"ATGCGATAGTATAGGT-1_2",12,"Intermediate"
"ATGCGATCATATCGGT-1_2",12,"Resting"
"ATGCGATCATGTGCCG-1_2",12,"Intermediate"
"ATGGAGGGTCCTGGGT-1_2",12,"TEMRA"
"ATGGAGGGTTTAGACC-1_2",12,"Resting"
"ATGGGAGAGAACTCCT-1_2",12,"Intermediate"
"ATGGGTTCACGGCCAT-1_2",12,"Intermediate"
"ATGGGTTGTATTCCTT-1_2",12,"Intermediate"
"ATGGTTGGTGCTATTG-1_2",12,"Intermediate"
"ATGTCCCTCCCTAGGG-1_2",12,"Intermediate"
"ATGTCTTGTCCAGAAG-1_2",12,"Resting"
"ATTACCTAGGTTGACG-1_2",12,"Resting"
"ATTACCTAGTACAACA-1_2",12,"Intermediate"
"ATTACCTCACTAGGCC-1_2",12,"Resting"
"ATTACTCTCAAGTGTC-1_2",12,"Resting"
"ATTATCCGTTCAGTAC-1_2",12,"Resting"
"ATTATCCGTTCGGACC-1_2",12,"TEMRA"
"ATTATCCTCCAGCAAT-1_2",12,"Resting"
"ATTCACTCACACTGGC-1_2",12,"Resting"
"ATTCACTTCTCGTGAA-1_2",12,"Resting"
"ATTCAGGGTGCAAGAC-1_2",12,"Activated"
"ATTCATCAGAATACAC-1_2",12,"TEMRA"
"ATTCATCCATAATCCG-1_2",12,"Resting"
"ATTCCATAGACAAGCC-1_2",12,"TEMRA"
"ATTCCATTCCCTGGTT-1_2",12,"Intermediate"
"ATTCCATTCTGAGGCC-1_2",12,"Intermediate"
"ATTCCCGAGCATGATA-1_2",12,"Resting"
"ATTCCCGTCGAACGGA-1_2",12,"Resting"
"ATTCCCGTCTTCCACG-1_2",12,"Intermediate"
"ATTCCTACAAAGCTAA-1_2",12,"Activated"
"ATTCCTACAAGTGCAG-1_2",12,"Resting"
"ATTCGTTGTCAGACGA-1_2",12,"TEMRA"
"ATTCGTTGTTACGGAG-1_2",12,"Intermediate"
"ATTCTACTCCACTGGG-1_2",12,"Undefined1"
"ATTCTTGAGTGTTCAC-1_2",12,"Resting"
"ATTCTTGAGTTCCAGT-1_2",12,"Resting"
"ATTCTTGCACCTTCGT-1_2",12,"Resting"
"ATTGTTCAGGCTCTAT-1_2",12,"Resting"
"ATTGTTCGTCAATCTG-1_2",12,"Resting"
"ATTTACCGTGCCGTTG-1_2",12,"TEMRA"
"ATTTACCTCGTTGTGA-1_2",12,"Activated"
"ATTTCACTCTTACCGC-1_2",12,"Resting"
"ATTTCTGCAAACTGCT-1_2",12,"Resting"
"ATTTCTGCAAGGGTCA-1_2",12,"Resting"
"ATTTCTGCACAACCGC-1_2",12,"Resting"
"ATTTCTGGTCTCTCAC-1_2",12,"Activated"
"ATTTCTGTCGACCAAT-1_2",12,"Resting"
"CAAAGAAAGCAACTCT-1_2",12,"Activated"
"CAAAGAACAGAGCGTA-1_2",12,"Activated"
"CAAAGAAGTTCCTACC-1_2",12,"Resting"
"CAAAGAATCCAAAGGG-1_2",12,"Resting"
"CAACAACAGAAGTCTA-1_2",12,"Resting"
"CAACAACGTGGTCCGT-1_2",12,"Resting"
"CAACAACTCACTTCTA-1_2",12,"Intermediate"
"CAACAGTAGATACTGA-1_2",12,"Resting"
"CAACAGTGTATGAAGT-1_2",12,"Intermediate"
"CAACAGTGTGGTCTAT-1_2",12,"Intermediate"
"CAACAGTTCTTCGACC-1_2",12,"Resting"
"CAACCAAAGCTTCATG-1_2",12,"TEMRA"
"CAACCTCCACTGCATA-1_2",12,"Resting"
"CAACGGCAGGAATCGC-1_2",12,"Intermediate"
"CAAGACTAGGTACAAT-1_2",12,"Intermediate"
"CAAGACTCACGCGCAT-1_2",12,"Activated"
"CAAGACTCACGGCGTT-1_2",12,"Resting"
"CAAGACTCATGCCATA-1_2",12,"Resting"
"CAAGACTGTACATACC-1_2",12,"Activated"
"CAAGACTGTCCGTTTC-1_2",12,"Activated"
"CAAGACTGTTAGTTCG-1_2",12,"Resting"
"CAAGAGGGTAACACGG-1_2",12,"Resting"
"CAAGAGGGTAGGAGTC-1_2",12,"Intermediate"
"CAAGCTACAAGAGTTA-1_2",12,"Resting"
"CAAGCTAGTCGAATTC-1_2",12,"Resting"
"CAAGGGACAACCGTAT-1_2",12,"Resting"
"CAAGGGATCTCCGAAA-1_2",12,"Resting"
"CAATACGGTGTCGATT-1_2",12,"Resting"
"CAATCGACATCGCTAA-1_2",12,"Activated"
"CAATCGAGTAGTTAGA-1_2",12,"Intermediate"
"CAATCGAGTCGAACAG-1_2",12,"Resting"
"CAATCGATCTCTCAAT-1_2",12,"Intermediate"
"CAATTTCAGCACTAAA-1_2",12,"Resting"
"CAATTTCTCGAACGGA-1_2",12,"Activated"
"CACAACAAGCCATTGT-1_2",12,"Activated"
"CACAACAGTTGCCTAA-1_2",12,"Resting"
"CACAACATCCATCTCG-1_2",12,"Activated"
"CACACAATCTAGCCTC-1_2",12,"Resting"
"CACAGATCATAAGATG-1_2",12,"TEMRA"
"CACAGATTCTCGCAGG-1_2",12,"Resting"
"CACAGGCAGCTTTCCC-1_2",12,"Resting"
"CACAGGCCAAGAGTTA-1_2",12,"Intermediate"
"CACAGGCGTGCTCTTC-1_2",12,"TEMRA"
"CACAGGCTCTCCTGAC-1_2",12,"Resting"
"CACATGAGTCATCCCT-1_2",12,"Resting"
"CACCAAAAGAGCCGAT-1_2",12,"Resting"
"CACCAAATCCAGTACA-1_2",12,"Resting"
"CACCAAATCTAAACGC-1_2",12,"Resting"
"CACCGTTGTTTGGCTA-1_2",12,"Intermediate"
"CACCGTTTCTCAGAAC-1_2",12,"TEMRA"
"CACGAATAGCACTTTG-1_2",12,"Resting"
"CACGAATCAAAGCGTG-1_2",12,"Resting"
"CACGAATCACGTAACT-1_2",12,"TEMRA"
"CACGAATCATGATGCT-1_2",12,"Resting"
"CACGGGTTCCTTGACC-1_2",12,"Intermediate"
"CACGTGGAGCAAACAT-1_2",12,"Resting"
"CACGTGGAGCGCACAA-1_2",12,"Intermediate"
"CACGTGGGTCAGGTAG-1_2",12,"Resting"
"CACGTGGGTGGACTAG-1_2",12,"Resting"
"CACGTGGTCAGTCAGT-1_2",12,"Intermediate"
"CACGTTCTCTTAGTTC-1_2",12,"Intermediate"
"CACTAAGGTACAGCGA-1_2",12,"Intermediate"
"CACTAAGGTCCAGGTC-1_2",12,"Activated"
"CACTAAGTCGTTGTGA-1_2",12,"Intermediate"
"CACTGAATCGGTCGGT-1_2",12,"Resting"
"CACTGTCTCTTCCACG-1_2",12,"Resting"
"CACTTCGAGACGGTCA-1_2",12,"Intermediate"
"CACTTCGGTGAAGCTG-1_2",12,"Intermediate"
"CAGAGCCCAAACCACT-1_2",12,"Resting"
"CAGAGCCTCAGCGCAC-1_2",12,"Intermediate"
"CAGATACAGATTGTGA-1_2",12,"Intermediate"
"CAGATACCATCGGTTA-1_2",12,"Activated"
"CAGATACGTACATACC-1_2",12,"Intermediate"
"CAGATACTCCCTCATG-1_2",12,"Intermediate"
"CAGCAATAGCCAGAGT-1_2",12,"Resting"
"CAGCAATTCGTACACA-1_2",12,"Resting"
"CAGCACGAGACAGTCG-1_2",12,"TEMRA"
"CAGCAGCTCTTGCAAG-1_2",12,"Resting"
"CAGCCAGAGAGAGCCT-1_2",12,"Resting"
"CAGCCAGGTCCTCATC-1_2",12,"Resting"
"CAGCCAGTCGGTAGAG-1_2",12,"Activated"
"CAGCGTGCAGAGTAAT-1_2",12,"Intermediate"
"CAGCGTGGTAGCCAGA-1_2",12,"Activated"
"CAGGCCAAGGTTAAAC-1_2",12,"Resting"
"CAGGCCATCAAGAAAC-1_2",12,"Resting"
"CAGGCCATCTTCCACG-1_2",12,"Resting"
"CAGTGCGCATATGAAG-1_2",12,"Activated"
"CAGTGCGTCTTCCCGA-1_2",12,"Intermediate"
"CAGTTAGAGTCAGCGA-1_2",12,"TEMRA"
"CAGTTAGTCCACTTCG-1_2",12,"Intermediate"
"CAGTTCCAGCCGATCC-1_2",12,"Resting"
"CAGTTCCGTAATTGGA-1_2",12,"Resting"
"CATAAGCAGGTTGGTG-1_2",12,"Resting"
"CATAAGCGTGCCCGTA-1_2",12,"Resting"
"CATACCCTCAGCACCG-1_2",12,"Resting"
"CATAGACAGAAAGCGA-1_2",12,"Resting"
"CATAGACGTAACACCT-1_2",12,"Intermediate"
"CATCAAGAGGCTTCCG-1_2",12,"Resting"
"CATCCACAGTACCATC-1_2",12,"Resting"
"CATCCACTCTGGTGCG-1_2",12,"Intermediate"
"CATCCACTCTTAGCAG-1_2",12,"Intermediate"
"CATCCCAGTGGCTGAA-1_2",12,"Activated"
"CATCCCATCCGTACGG-1_2",12,"Resting"
"CATCCGTAGCGTTCAT-1_2",12,"Resting"
"CATCCGTCAACTGCCG-1_2",12,"TEMRA"
"CATCCGTCAGTCCCGA-1_2",12,"Intermediate"
"CATCCGTTCTATCGCC-1_2",12,"Intermediate"
"CATCGCTCAATCCTAG-1_2",12,"Resting"
"CATCGGGAGGCAGGTT-1_2",12,"Resting"
"CATGAGTGTCGAAACG-1_2",12,"Activated"
"CATGCAATCAGCCCAG-1_2",12,"Intermediate"
"CATGCCTAGCTTAAGA-1_2",12,"Intermediate"
"CATGCCTAGTCAGGGT-1_2",12,"Intermediate"
"CATGCGGCAGTCAGCC-1_2",12,"Activated"
"CATGCGGTCAGCGTCG-1_2",12,"Resting"
"CATGCTCTCTCAGTCC-1_2",12,"Resting"
"CATGGATAGGAAAGGT-1_2",12,"Resting"
"CATGGATGTGCGCTCA-1_2",12,"Intermediate"
"CATGGTACAGGAATAT-1_2",12,"Resting"
"CATTCATCAAATCAGA-1_2",12,"Undefined1"
"CATTCCGAGTTCGGTT-1_2",12,"Activated"
"CATTCCGTCCAAGCTA-1_2",12,"Intermediate"
"CATTCTAAGCAACAAT-1_2",12,"Intermediate"
"CATTCTAAGTTGCGCC-1_2",12,"Intermediate"
"CATTCTACAAAGCAAT-1_2",12,"Intermediate"
"CATTCTACAACGGTAG-1_2",12,"Resting"
"CATTCTACACGCTGTG-1_2",12,"Activated"
"CATTGAGTCACGGTCG-1_2",12,"Resting"
"CATTGCCCAGGTCCCA-1_2",12,"Intermediate"
"CATTGTTAGGGACTGT-1_2",12,"Resting"
"CATTGTTTCCCTTGTG-1_2",12,"Resting"
"CATTGTTTCTAGTGAC-1_2",12,"Intermediate"
"CATTTCAAGCCATATC-1_2",12,"Resting"
"CCAAGCGAGTCACGCC-1_2",12,"TEMRA"
"CCAAGCGCACATCATG-1_2",12,"Intermediate"
"CCAAGCGCAGCCCACA-1_2",12,"Resting"
"CCAAGCGGTTGCCAAT-1_2",12,"TEMRA"
"CCAAGCGTCGCCTCTA-1_2",12,"Intermediate"
"CCAATGAAGGCTAAAT-1_2",12,"Resting"
"CCAATTTCACTGGATT-1_2",12,"Resting"
"CCAATTTCATAATGCC-1_2",12,"Undefined1"
"CCAATTTCATGTGGCC-1_2",12,"Intermediate"
"CCAATTTTCCAAGGGA-1_2",12,"Intermediate"
"CCACAAAAGTTGCCCG-1_2",12,"Resting"
"CCACAAATCCATTGGA-1_2",12,"Intermediate"
"CCACACTAGTATGACA-1_2",12,"Intermediate"
"CCACACTCAATCGCCG-1_2",12,"Intermediate"
"CCACACTCACCCTTGT-1_2",12,"Intermediate"
"CCACACTGTAGCTGTT-1_2",12,"TEMRA"
"CCACACTGTTGAAGTA-1_2",12,"Resting"
"CCACACTTCCCAACTC-1_2",12,"Resting"
"CCACCATAGATTAGTG-1_2",12,"Resting"
"CCACCATGTACAAAGT-1_2",12,"Resting"
"CCACCATTCAAGTCTG-1_2",12,"Intermediate"
"CCACCATTCAGCGCAC-1_2",12,"Resting"
"CCACGAGCAATACCCA-1_2",12,"Resting"
"CCACGAGGTACAGTCT-1_2",12,"TEMRA"
"CCACGAGGTCCTGGGT-1_2",12,"Intermediate"
"CCACGTTGTCTTGTCC-1_2",12,"Activated"
"CCACGTTGTTCGAACT-1_2",12,"Resting"
"CCACTTGTCGGTGTTA-1_2",12,"Intermediate"
"CCCGAAGAGCCTCACG-1_2",12,"Resting"
"CCCGGAAAGGAAAGTG-1_2",12,"Intermediate"
"CCCGGAACACATAGCT-1_2",12,"Intermediate"
"CCCGGAATCATCCTAT-1_2",12,"Resting"
"CCCTCAAGTATCCCAA-1_2",12,"Intermediate"
"CCCTCAAGTGTCACAT-1_2",12,"Resting"
"CCCTCAATCAGTGCGC-1_2",12,"Intermediate"
"CCCTCTCAGCTAAGTA-1_2",12,"Resting"
"CCCTCTCAGTCATGGG-1_2",12,"Resting"
"CCCTCTCCAATACAGA-1_2",12,"Intermediate"
"CCCTCTCCAATGTCTG-1_2",12,"Intermediate"
"CCCTCTCTCGCAGAGA-1_2",12,"Resting"
"CCCTGATAGACCAGAC-1_2",12,"Resting"
"CCCTGATAGCGCAATG-1_2",12,"Intermediate"
"CCCTGATCAGAAACCG-1_2",12,"Activated"
"CCCTGATTCTGGCCAG-1_2",12,"Resting"
"CCCTTAGTCGACGAGA-1_2",12,"Resting"
"CCCTTAGTCTATGTGG-1_2",12,"Intermediate"
"CCCTTAGTCTGTGCAA-1_2",12,"Intermediate"
"CCGAACGCAGTAGAAT-1_2",12,"Resting"
"CCGAACGCATGCCGAC-1_2",12,"Intermediate"
"CCGAACGGTTCTGAGT-1_2",12,"Resting"
"CCGAACGTCATGAGTC-1_2",12,"Intermediate"
"CCGAACGTCTGCTAGA-1_2",12,"Intermediate"
"CCGGACAAGACTTGTC-1_2",12,"Intermediate"
"CCGGACACAGGTCAAG-1_2",12,"Intermediate"
"CCGGACAGTCCTCATC-1_2",12,"Intermediate"
"CCGGGTAAGAGGCTGT-1_2",12,"Resting"
"CCGGGTAAGGGTACGT-1_2",12,"Activated"
"CCGGGTACATGCCGGT-1_2",12,"Activated"
"CCGGTAGAGGAGTCTG-1_2",12,"Activated"
"CCGGTAGCACCTTCCA-1_2",12,"Intermediate"
"CCGGTAGGTGTCCAAT-1_2",12,"TEMRA"
"CCGGTAGTCAAGTCGT-1_2",12,"Resting"
"CCGGTGAAGCTAGATA-1_2",12,"Resting"
"CCGGTGAAGGAGTATT-1_2",12,"Activated"
"CCGGTGATCGGTCATA-1_2",12,"Resting"
"CCGTAGGGTTTATGCG-1_2",12,"Intermediate"
"CCGTGAGCAATCTGCA-1_2",12,"Resting"
"CCGTGAGTCGTGGCTG-1_2",12,"Intermediate"
"CCGTTCATCAACCGAT-1_2",12,"TEMRA"
"CCTAACCTCACCCTCA-1_2",12,"Resting"
"CCTAAGACACACCGAC-1_2",12,"Intermediate"
"CCTAAGACATCCGATA-1_2",12,"Resting"
"CCTACGTGTCGTCATA-1_2",12,"TEMRA"
"CCTACGTGTTAATGAG-1_2",12,"Resting"
"CCTATCGTCAGGAAAT-1_2",12,"Intermediate"
"CCTCAACGTTAATCGC-1_2",12,"TEMRA"
"CCTCACACAGCTACAT-1_2",12,"Resting"
"CCTCAGTCAGATCCAT-1_2",12,"Resting"
"CCTCAGTGTCATATGC-1_2",12,"Resting"
"CCTCAGTTCTCCTACG-1_2",12,"TEMRA"
"CCTCATGGTCCTGGGT-1_2",12,"Intermediate"
"CCTCCAAAGACTCTAC-1_2",12,"Intermediate"
"CCTCCAACATCGGTTA-1_2",12,"Activated"
"CCTCCAAGTGTATCCA-1_2",12,"Undefined1"
"CCTCTAGAGTAAGACT-1_2",12,"Intermediate"
"CCTCTAGCAGCTGCCA-1_2",12,"Intermediate"
"CCTCTAGCATGATGCT-1_2",12,"TEMRA"
"CCTCTAGCATGTTCGA-1_2",12,"Resting"
"CCTCTAGGTGTAAACA-1_2",12,"Intermediate"
"CCTCTAGTCCCTCTCC-1_2",12,"Resting"
"CCTCTAGTCGTAGCTA-1_2",12,"Intermediate"
"CCTCTCCGTGCACAAG-1_2",12,"Intermediate"
"CCTGCATAGAAGTATC-1_2",12,"Intermediate"
"CCTGCATCAATACAGA-1_2",12,"Resting"
"CCTGCATTCCTGATAG-1_2",12,"Intermediate"
"CCTGCATTCTGTCGCT-1_2",12,"TEMRA"
"CCTGTTGCAATAACCC-1_2",12,"Resting"
"CCTGTTGCACCAGACC-1_2",12,"TEMRA"
"CCTGTTGCATCCTTCG-1_2",12,"Resting"
"CCTGTTGTCAATGCAC-1_2",12,"Resting"
"CCTGTTGTCATCAGTG-1_2",12,"Intermediate"
"CCTTCAGTCGATAACC-1_2",12,"Resting"
"CCTTCAGTCTGTTCAT-1_2",12,"Intermediate"
"CCTTGTGAGTCGTTAC-1_2",12,"Intermediate"
"CCTTGTGCACTCTCGT-1_2",12,"Intermediate"
"CCTTGTGCAGTGAGCA-1_2",12,"Intermediate"
"CCTTGTGCATCTGGGC-1_2",12,"Resting"
"CCTTGTGTCATCACTT-1_2",12,"Resting"
"CCTTTGGTCACCACAA-1_2",12,"Resting"
"CGAAGGAAGCGTGAGT-1_2",12,"Resting"
"CGAAGGAAGTCACACT-1_2",12,"Intermediate"
"CGAAGGATCTCATTTG-1_2",12,"Activated"
"CGAAGTTGTCACAGTT-1_2",12,"Intermediate"
"CGAAGTTGTTTCGTGA-1_2",12,"Resting"
"CGAATTGGTGAATAAC-1_2",12,"Resting"
"CGACAGCAGCCTCAAT-1_2",12,"Resting"
"CGAGAAGAGAGAATCT-1_2",12,"Resting"
"CGAGAAGAGAGGGTCT-1_2",12,"Activated"
"CGAGAAGAGTCGGCAA-1_2",12,"TEMRA"
"CGAGAAGGTACGACAG-1_2",12,"Resting"
"CGAGGAACAGCAGACA-1_2",12,"Resting"
"CGAGGCTAGCCGTAAG-1_2",12,"TEMRA"
"CGAGGCTCAAAGCGTG-1_2",12,"Intermediate"
"CGAGGCTCAAATCCCA-1_2",12,"Intermediate"
"CGAGGCTGTCTTTCAT-1_2",12,"Intermediate"
"CGAGGCTGTGTATTCG-1_2",12,"Resting"
"CGAGTGCAGCCGCACT-1_2",12,"Resting"
"CGAGTGCCATGAAGGC-1_2",12,"Undefined1"
"CGAGTGCGTCCTGTTC-1_2",12,"Intermediate"
"CGAGTGCGTCTGTGCG-1_2",12,"Resting"
"CGAGTTACAATTCTCT-1_2",12,"Resting"
"CGAGTTAGTAGGCAGT-1_2",12,"Activated"
"CGATCGGAGTGATGGC-1_2",12,"Resting"
"CGATGCGAGACCTTTG-1_2",12,"Resting"
"CGATGCGAGTGAGTTA-1_2",12,"Intermediate"
"CGATGGCCAGTTTCGA-1_2",12,"TEMRA"
"CGATGGCTCCCAACTC-1_2",12,"Resting"
"CGCAGGTCAGACATCT-1_2",12,"Activated"
"CGCAGGTCAGCTTTCC-1_2",12,"Intermediate"
"CGCAGGTTCCCGAGAC-1_2",12,"Resting"
"CGCATAAAGGAACGTC-1_2",12,"Resting"
"CGCATAAAGGTAGTAT-1_2",12,"Intermediate"
"CGCATAAGTATACCCA-1_2",12,"Activated"
"CGCATAAGTATCTCTT-1_2",12,"Resting"
"CGCATGGAGAATTGCA-1_2",12,"Intermediate"
"CGCATGGTCCGTGTCT-1_2",12,"Intermediate"
"CGCATGGTCTCGTGGG-1_2",12,"Resting"
"CGCCAGACAACGGCCT-1_2",12,"Resting"
"CGCCATTCAGGAGGAG-1_2",12,"TEMRA"
"CGCCATTGTTAGCGGA-1_2",12,"Resting"
"CGCCATTTCCTCTGCA-1_2",12,"Resting"
"CGGAACCCAAACTGCT-1_2",12,"TEMRA"
"CGGAACCGTATTGAGA-1_2",12,"Resting"
"CGGAATTAGAATCGTA-1_2",12,"Resting"
"CGGAATTAGAGGATCC-1_2",12,"Resting"
"CGGAATTCAAATGCTC-1_2",12,"Resting"
"CGGAATTGTCACCCTT-1_2",12,"Activated"
"CGGACACAGCACGTCC-1_2",12,"Resting"
"CGGACACGTCGGTGTC-1_2",12,"TEMRA"
"CGGAGAAAGAGCATTA-1_2",12,"Resting"
"CGGAGAAAGCAGATAT-1_2",12,"Activated"
"CGGAGAATCTAGATCG-1_2",12,"Resting"
"CGGAGAATCTCCTGTG-1_2",12,"Activated"
"CGGCAGTAGAAGCTCG-1_2",12,"Resting"
"CGGCAGTAGTCCCTAA-1_2",12,"Intermediate"
"CGGCAGTGTTCGTACA-1_2",12,"Resting"
"CGGCAGTTCCAACCGG-1_2",12,"Resting"
"CGGCAGTTCGAAGTGG-1_2",12,"Resting"
"CGGGACTAGCGTGTTT-1_2",12,"Intermediate"
"CGGGACTCAAAGCTAA-1_2",12,"Resting"
"CGGGACTCAGCACCCA-1_2",12,"Intermediate"
"CGGGACTGTGGAACCA-1_2",12,"TEMRA"
"CGGGCATGTTATCTTC-1_2",12,"Resting"
"CGGGTCAGTGAGATCG-1_2",12,"Resting"
"CGGGTGTAGAGGATCC-1_2",12,"Resting"
"CGGGTGTCAGGACTTT-1_2",12,"Intermediate"
"CGTAAGTTCCCTCATG-1_2",12,"Intermediate"
"CGTAGTAAGGATACAT-1_2",12,"Intermediate"
"CGTCAAACAACCGCCA-1_2",12,"Activated"
"CGTCCATAGACCGTTT-1_2",12,"Intermediate"
"CGTCCATCAGTGTGCC-1_2",12,"Resting"
"CGTGAATGTCTCGGAC-1_2",12,"Intermediate"
"CGTGATATCCTTCAGC-1_2",12,"Resting"
"CGTGCTTCAACCGATT-1_2",12,"TEMRA"
"CGTGCTTGTGAGGCAT-1_2",12,"Resting"
"CGTGCTTGTTAGCGGA-1_2",12,"Resting"
"CGTGTCTCAAAGACGC-1_2",12,"Resting"
"CGTGTCTCATGGAGAC-1_2",12,"Activated"
"CGTTAGATCCGCTAGG-1_2",12,"Activated"
"CGTTCTGGTCAAAGCG-1_2",12,"Resting"
"CGTTGGGAGATCGCCC-1_2",12,"Resting"
"CGTTGGGTCCACTTTA-1_2",12,"Intermediate"
"CTAACCCGTAACAGGC-1_2",12,"Activated"
"CTAACCCTCTACACTT-1_2",12,"Intermediate"
"CTAACTTAGTTCACTG-1_2",12,"Resting"
"CTAACTTCAACGCATT-1_2",12,"Intermediate"
"CTAACTTTCTGGCTGG-1_2",12,"TEMRA"
"CTAAGTGCATCGTGGC-1_2",12,"Resting"
"CTAAGTGGTCTCAGGC-1_2",12,"Activated"
"CTACAGAAGTCTGCAT-1_2",12,"Resting"
"CTACAGACAATTGAAG-1_2",12,"Activated"
"CTACAGACAGCTCATA-1_2",12,"TEMRA"
"CTACAGACATGCCGCA-1_2",12,"Intermediate"
"CTACATTTCGTTCTCG-1_2",12,"Intermediate"
"CTACCCAAGCCGATAG-1_2",12,"Activated"
"CTACCCAGTCCCTGTT-1_2",12,"Intermediate"
"CTACCCAGTGCCCTTT-1_2",12,"Resting"
"CTACCCATCTACGGTA-1_2",12,"Intermediate"
"CTACCTGAGATGTTCC-1_2",12,"Intermediate"
"CTACCTGAGGCATTTC-1_2",12,"Intermediate"
"CTACGGGAGCCTGGAA-1_2",12,"Activated"
"CTACGGGAGTATTCCG-1_2",12,"Intermediate"
"CTACTATCAGGTTCCG-1_2",12,"Resting"
"CTAGACAAGGTGCAGT-1_2",12,"Activated"
"CTAGACACAACGAGGT-1_2",12,"Resting"
"CTATAGGCAAGCTGTT-1_2",12,"Resting"
"CTATAGGTCATGTCAG-1_2",12,"Intermediate"
"CTATCCGGTCTCGACG-1_2",12,"Intermediate"
"CTATCCGGTGTCACAT-1_2",12,"Resting"
"CTCAACCCACAGTCAT-1_2",12,"Resting"
"CTCAACCCACGGAAGT-1_2",12,"TEMRA"
"CTCAACCTCCGATAAC-1_2",12,"Activated"
"CTCAAGAAGCAGGCAT-1_2",12,"TEMRA"
"CTCAAGACAGCTATAC-1_2",12,"Intermediate"
"CTCAATTCAAGTTGGG-1_2",12,"Resting"
"CTCAATTCACCAGTTA-1_2",12,"Resting"
"CTCAATTGTGCTCTTC-1_2",12,"Intermediate"
"CTCAATTTCAGACCGC-1_2",12,"Intermediate"
"CTCAATTTCCATAAGC-1_2",12,"Resting"
"CTCACTGCACAGCCTG-1_2",12,"Activated"
"CTCACTGTCACGTCCT-1_2",12,"Intermediate"
"CTCAGAACAACACAAA-1_2",12,"Resting"
"CTCAGAATCCACAGCG-1_2",12,"Resting"
"CTCAGGGAGTCCTGCG-1_2",12,"Activated"
"CTCAGGGCATACAGCT-1_2",12,"Intermediate"
"CTCAGTCGTGGAACAC-1_2",12,"Intermediate"
"CTCAGTCTCCATCTCG-1_2",12,"Resting"
"CTCATCGGTGCGGTAA-1_2",12,"Resting"
"CTCATGCCACTCTGCT-1_2",12,"Intermediate"
"CTCATGCGTGATTGGG-1_2",12,"Intermediate"
"CTCATTAAGTCAACAA-1_2",12,"Resting"
"CTCATTACAGCTATTG-1_2",12,"Resting"
"CTCATTACATGAGGGT-1_2",12,"Undefined1"
"CTCATTAGTCCAGTTA-1_2",12,"Resting"
"CTCATTATCGACGCGT-1_2",12,"Activated"
"CTCCAACAGCCTCATA-1_2",12,"Resting"
"CTCCAACAGTGATTCC-1_2",12,"TEMRA"
"CTCCAACGTGGAGGTT-1_2",12,"Intermediate"
"CTCCAACTCAGTGTTG-1_2",12,"Resting"
"CTCCCAAAGTCCCAGC-1_2",12,"Activated"
"CTCCCAACATTGGCAT-1_2",12,"Resting"
"CTCCCAAGTCCTCCAT-1_2",12,"Resting"
"CTCCCTCCACACAGAG-1_2",12,"Intermediate"
"CTCCCTCTCTATCGCC-1_2",12,"Resting"
"CTCCGATTCAAGCCGC-1_2",12,"Intermediate"
"CTCCGATTCTCTTAAC-1_2",12,"Intermediate"
"CTCCTCCGTGCCGTAC-1_2",12,"Intermediate"
"CTCCTTTGTCGAGTGA-1_2",12,"Resting"
"CTCTCAGAGCTAGTTC-1_2",12,"Intermediate"
"CTCTCAGAGTGCCAGA-1_2",12,"Intermediate"
"CTCTCAGCACTGGATT-1_2",12,"Intermediate"
"CTCTCAGCATGCCGAC-1_2",12,"TEMRA"
"CTCTCAGGTCTAGGCC-1_2",12,"Intermediate"
"CTCTCGACACGGTAGA-1_2",12,"Intermediate"
"CTCTCGAGTAGCGTTT-1_2",12,"Intermediate"
"CTCTCGAGTCCTCCTA-1_2",12,"Resting"
"CTCTGGTGTACCGTCG-1_2",12,"TEMRA"
"CTGAATGAGAAGATCT-1_2",12,"Resting"
"CTGAATGGTGCATCTA-1_2",12,"Intermediate"
"CTGAATGTCCGCGGAT-1_2",12,"Resting"
"CTGATCCGTGGTAATA-1_2",12,"TEMRA"
"CTGCAGGAGCATTTGC-1_2",12,"Intermediate"
"CTGCAGGAGGGTACAC-1_2",12,"Resting"
"CTGCAGGTCGGCGATC-1_2",12,"Activated"
"CTGCATCTCCACTGGG-1_2",12,"Intermediate"
"CTGCATCTCGAGTACT-1_2",12,"TEMRA"
"CTGCATCTCGCTGACG-1_2",12,"Intermediate"
"CTGCCTAAGACCAGCA-1_2",12,"Intermediate"
"CTGCGAGAGCAGGGAG-1_2",12,"TEMRA"
"CTGCGAGCAAATTAGG-1_2",12,"TEMRA"
"CTGCGAGCAGATTAAG-1_2",12,"TEMRA"
"CTGCTCAAGCCATCCG-1_2",12,"Intermediate"
"CTGCTCAAGTCATGAA-1_2",12,"Resting"
"CTGCTCAGTGATATAG-1_2",12,"TEMRA"
"CTGGACGTCACCTTAT-1_2",12,"Resting"
"CTGGTCTAGAGGGTGG-1_2",12,"Resting"
"CTGGTCTCATGTGCTA-1_2",12,"Resting"
"CTGTACCAGGGACCAT-1_2",12,"TEMRA"
"CTGTACCCACACAGCC-1_2",12,"Resting"
"CTGTAGAAGTGTTGTC-1_2",12,"Activated"
"CTGTAGATCAAGAGTA-1_2",12,"Intermediate"
"CTGTATTAGTTACGAA-1_2",12,"Resting"
"CTGTCGTCAGGTCCGT-1_2",12,"Resting"
"CTGTGAAAGCGGTATG-1_2",12,"Intermediate"
"CTGTGAACAGATCACT-1_2",12,"Intermediate"
"CTGTGGGGTCATCAGT-1_2",12,"Intermediate"
"CTGTGGGTCTCGACCT-1_2",12,"Resting"
"CTTACCGAGACGCTCC-1_2",12,"Intermediate"
"CTTACCGAGCAATAAC-1_2",12,"Intermediate"
"CTTACCGCACGCACCA-1_2",12,"Intermediate"
"CTTACCGGTTGCCTAA-1_2",12,"Resting"
"CTTAGGAAGTGAGGCT-1_2",12,"Activated"
"CTTAGGACACGCTTAA-1_2",12,"Activated"
"CTTAGGACAGCTACCG-1_2",12,"Intermediate"
"CTTAGGATCCCTTGTG-1_2",12,"TEMRA"
"CTTAGGATCTTTACAC-1_2",12,"Intermediate"
"CTTCAATAGGAATGTT-1_2",12,"Activated"
"CTTCAATCATTAGGAA-1_2",12,"Intermediate"
"CTTCAATGTGAATAAC-1_2",12,"Intermediate"
"CTTCAATTCACCATGA-1_2",12,"Intermediate"
"CTTCCGATCAGCACCG-1_2",12,"Resting"
"CTTCCGATCTAGCCAA-1_2",12,"TEMRA"
"CTTCCGATCTGAGAGG-1_2",12,"Intermediate"
"CTTCCTTCACTCCGGA-1_2",12,"Intermediate"
"CTTCCTTCAGCCGTTG-1_2",12,"Activated"
"CTTCCTTCATATACCG-1_2",12,"TEMRA"
"CTTCCTTTCACCGGTG-1_2",12,"Resting"
"CTTCCTTTCGCCTATC-1_2",12,"Resting"
"CTTCGGTCAAGGTACG-1_2",12,"Resting"
"CTTCGGTCATCGGCCA-1_2",12,"Intermediate"
"CTTCGGTGTAGGTACG-1_2",12,"Resting"
"CTTCTAATCGAGTCCG-1_2",12,"Resting"
"CTTCTAATCGGACTGC-1_2",12,"Intermediate"
"CTTCTCTGTAGCACGA-1_2",12,"Resting"
"CTTCTCTTCGCGGACT-1_2",12,"Resting"
"CTTGAGAAGGTTGTTC-1_2",12,"Resting"
"CTTGAGAGTAGCTTTG-1_2",12,"Resting"
"CTTTCGGAGCAGCCCT-1_2",12,"Intermediate"
"CTTTCGGCATGACGTT-1_2",12,"Intermediate"
"CTTTCGGTCTTTCTAG-1_2",12,"Intermediate"
"GAAACCTAGTTTCGGT-1_2",12,"TEMRA"
"GAAACCTCAGTAGAAT-1_2",12,"TEMRA"
"GAAACCTGTTAAGGGC-1_2",12,"Intermediate"
"GAAACCTTCGTGAGAG-1_2",12,"Intermediate"
"GAAATGAAGAGTGTGC-1_2",12,"Resting"
"GAAATGATCCTGCTAC-1_2",12,"Activated"
"GAAATGATCGCATGAT-1_2",12,"Intermediate"
"GAACGTTAGAATACAC-1_2",12,"Resting"
"GAACGTTAGATCACTC-1_2",12,"TEMRA"
"GAACGTTGTCGTTGCG-1_2",12,"Resting"
"GAACGTTTCGACATAC-1_2",12,"Intermediate"
"GAACTGTGTAGAGGAA-1_2",12,"Resting"
"GAACTGTGTTTGATCG-1_2",12,"Resting"
"GAACTGTTCCTAGCTC-1_2",12,"Intermediate"
"GAAGAATAGAAACTAC-1_2",12,"Resting"
"GAAGAATAGCATTTCG-1_2",12,"Intermediate"
"GAAGAATGTCACTTAG-1_2",12,"Intermediate"
"GAAGCCCAGTATGCAA-1_2",12,"Resting"
"GAAGCCCTCTGGTTGA-1_2",12,"Resting"
"GAAGGGTAGATGATTG-1_2",12,"Resting"
"GAAGGGTAGCACCAGA-1_2",12,"Activated"
"GAAGTAACATGGGTCC-1_2",12,"Resting"
"GAATAGACAAATCGGG-1_2",12,"Intermediate"
"GAATAGACAGTCTGGC-1_2",12,"Resting"
"GAATAGAGTACCTGTA-1_2",12,"Resting"
"GAATAGATCATGAGAA-1_2",12,"Intermediate"
"GAATCACTCAAGCCGC-1_2",12,"Resting"
"GAATCACTCCGAAGGA-1_2",12,"Intermediate"
"GAATCGTGTCAACCTA-1_2",12,"Intermediate"
"GACACGCCATATACCG-1_2",12,"Resting"
"GACAGCCCAATCGCCG-1_2",12,"Resting"
"GACAGCCCAGGTGTGA-1_2",12,"TEMRA"
"GACAGCCGTCATGACT-1_2",12,"Resting"
"GACAGCCGTTCGGTAT-1_2",12,"TEMRA"
"GACAGCCGTTGCTAGT-1_2",12,"Resting"
"GACAGCCGTTTGATCG-1_2",12,"Resting"
"GACATCACAAGAGATT-1_2",12,"Activated"
"GACCAATTCCGATAGT-1_2",12,"Activated"
"GACCCAGAGCTGCCTG-1_2",12,"Resting"
"GACCCAGGTGTACATC-1_2",12,"TEMRA"
"GACCCTTAGGGCAGTT-1_2",12,"Activated"
"GACCGTGAGCCACTCG-1_2",12,"Resting"
"GACCGTGTCGAACTCA-1_2",12,"Intermediate"
"GACCTTCCAATTTCGG-1_2",12,"Activated"
"GACCTTCCACCTGCTT-1_2",12,"TEMRA"
"GACCTTCGTAGCTGAG-1_2",12,"Resting"
"GACCTTCTCGTGGTAT-1_2",12,"Resting"
"GACGCTGGTAGCACGA-1_2",12,"Resting"
"GACGCTGGTATCATGC-1_2",12,"Activated"
"GACGCTGGTTGTTGAC-1_2",12,"Activated"
"GACGTTAAGCACTTTG-1_2",12,"Intermediate"
"GACGTTATCTTTGGAG-1_2",12,"Intermediate"
"GACTATGCACTCCGAG-1_2",12,"Intermediate"
"GACTATGCAGACTCTA-1_2",12,"Activated"
"GACTATGCAGGTCCGT-1_2",12,"Intermediate"
"GACTCAACAGATACCT-1_2",12,"Resting"
"GACTCTCAGTGATGGC-1_2",12,"Resting"
"GACTGATCATCGATAC-1_2",12,"Intermediate"
"GACTGATTCTGCACCT-1_2",12,"Intermediate"
"GACTTCCCAGCTTTGA-1_2",12,"Intermediate"
"GAGAAATGTTGTAAAG-1_2",12,"Resting"
"GAGAAATTCGACTCCT-1_2",12,"Resting"
"GAGACCCAGTCACTCA-1_2",12,"Resting"
"GAGACCCAGTTAACGA-1_2",12,"TEMRA"
"GAGACCCTCGGATACT-1_2",12,"Activated"
"GAGACCCTCTTACCGC-1_2",12,"Resting"
"GAGACTTGTAGCTCGC-1_2",12,"Undefined1"
"GAGAGGTGTAAGGTCG-1_2",12,"Intermediate"
"GAGAGGTTCTTCGTAT-1_2",12,"Resting"
"GAGATGGAGCTGAAAT-1_2",12,"Intermediate"
"GAGATGGGTCATGCAT-1_2",12,"Resting"
"GAGATGGTCCTTCGAC-1_2",12,"Undefined1"
"GAGCCTGAGATGCTTC-1_2",12,"Resting"
"GAGCCTGAGCCACTCG-1_2",12,"Intermediate"
"GAGCCTGGTAGGCAGT-1_2",12,"Intermediate"
"GAGCCTGTCATTCGTT-1_2",12,"Intermediate"
"GAGCTGCCACACCTGG-1_2",12,"Resting"
"GAGCTGCCAGCAGTGA-1_2",12,"Activated"
"GAGGCAATCAAAGACA-1_2",12,"Activated"
"GAGGGATCACTGTCGG-1_2",12,"Activated"
"GAGGGTAAGCCTAGGA-1_2",12,"TEMRA"
"GAGTGTTAGATGCGAC-1_2",12,"Intermediate"
"GAGTGTTTCATGCCGG-1_2",12,"Resting"
"GAGTTACCAAGGGCAT-1_2",12,"Activated"
"GAGTTACCACCAGGTC-1_2",12,"Resting"
"GAGTTACTCTGTTGGA-1_2",12,"TEMRA"
"GAGTTACTCTTGGAAC-1_2",12,"Intermediate"
"GAGTTGTGTAATACCC-1_2",12,"Resting"
"GAGTTGTGTATGTCAC-1_2",12,"Resting"
"GAGTTTGCAAACTAAG-1_2",12,"Resting"
"GAGTTTGCATAAGCGG-1_2",12,"Resting"
"GAGTTTGCATGAATAG-1_2",12,"Resting"
"GAGTTTGGTCTGCCTT-1_2",12,"Intermediate"
"GAGTTTGGTTAGTCGT-1_2",12,"Intermediate"
"GATAGAAAGTAGATCA-1_2",12,"Intermediate"
"GATAGAAAGTCTACCA-1_2",12,"Intermediate"
"GATAGAATCGCTCCTA-1_2",12,"Resting"
"GATCACAAGCAAGCCA-1_2",12,"Resting"
"GATCAGTGTCTACTGA-1_2",12,"Resting"
"GATCAGTTCGCTAAAC-1_2",12,"Intermediate"
"GATCATGCAAGAGTGC-1_2",12,"Intermediate"
"GATCATGTCTCAGTCC-1_2",12,"Resting"
"GATCCCTCAAGTCCAT-1_2",12,"Resting"
"GATCGTACAGAATTCC-1_2",12,"Intermediate"
"GATGACTCACAACATC-1_2",12,"Intermediate"
"GATGACTCACACACGC-1_2",12,"Intermediate"
"GATGACTTCGTCGACG-1_2",12,"Resting"
"GATGAGGTCTTGGGCG-1_2",12,"Activated"
"GATGATCAGTTGGGAC-1_2",12,"Intermediate"
"GATGATCCAAGCGCAA-1_2",12,"Resting"
"GATGATCGTGCATACT-1_2",12,"Intermediate"
"GATGCTACAGCAGAAC-1_2",12,"Intermediate"
"GATGCTATCGGCTGAC-1_2",12,"Resting"
"GATGGAGTCGCTGATA-1_2",12,"TEMRA"
"GATGGAGTCGGCCTTT-1_2",12,"Resting"
"GATGTTGAGACTCCGC-1_2",12,"Activated"
"GATGTTGAGACTTAAG-1_2",12,"Resting"
"GATGTTGAGTCACACT-1_2",12,"Resting"
"GATGTTGGTAGAGACC-1_2",12,"Intermediate"
"GATGTTGGTGTCGATT-1_2",12,"Intermediate"
"GATTCTTAGAGAGGGC-1_2",12,"Intermediate"
"GATTGGTAGACAACTA-1_2",12,"Intermediate"
"GATTTCTCAAAGAACT-1_2",12,"Resting"
"GATTTCTGTGAGACGT-1_2",12,"Resting"
"GATTTCTGTGGCGCTT-1_2",12,"Intermediate"
"GCAACCGAGGATGTTA-1_2",12,"Resting"
"GCAACCGGTCCAGGTC-1_2",12,"Intermediate"
"GCAACCGGTGGCTAGA-1_2",12,"Activated"
"GCACATAGTGACTAAA-1_2",12,"Intermediate"
"GCACATATCACTTATC-1_2",12,"TEMRA"
"GCACATATCATCCTGC-1_2",12,"Activated"
"GCACGGTAGGATCATA-1_2",12,"Intermediate"
"GCACGGTAGTCGAAGC-1_2",12,"Resting"
"GCACGGTTCCAATCTT-1_2",12,"Intermediate"
"GCACGTGCACCCAATA-1_2",12,"Intermediate"
"GCACGTGGTACTAAGA-1_2",12,"TEMRA"
"GCACGTGTCCGTGACG-1_2",12,"Resting"
"GCACTAAAGCAGGGAG-1_2",12,"TEMRA"
"GCAGCCAAGTAATCCC-1_2",12,"Undefined1"
"GCAGCCATCTCTTGCG-1_2",12,"TEMRA"
"GCAGCTGTCCCTTGTG-1_2",12,"Activated"
"GCAGGCTAGTAGGATT-1_2",12,"Resting"
"GCAGGCTTCATCGCTC-1_2",12,"TEMRA"
"GCAGTTAAGCCGTCGT-1_2",12,"Resting"
"GCAGTTAGTATGTCCA-1_2",12,"Resting"
"GCAGTTAGTTCAAACC-1_2",12,"Intermediate"
"GCATCGGAGGGATGTC-1_2",12,"TEMRA"
"GCATCGGAGTTCAACC-1_2",12,"Resting"
"GCATCGGGTGGAGGTT-1_2",12,"TEMRA"
"GCATCTCCACTCTGCT-1_2",12,"Resting"
"GCATCTCGTACAGTCT-1_2",12,"Intermediate"
"GCATCTCGTATCCCTC-1_2",12,"Resting"
"GCATCTCTCGTGCAGC-1_2",12,"Intermediate"
"GCATGATCAACCCTAA-1_2",12,"TEMRA"
"GCATGATGTAGGGAGG-1_2",12,"Intermediate"
"GCATTAGCACCCAATA-1_2",12,"Intermediate"
"GCCAACGAGAACTCCT-1_2",12,"Intermediate"
"GCCAACGCACGCTGCA-1_2",12,"Intermediate"
"GCCAGCAAGCAGCCTC-1_2",12,"Intermediate"
"GCCAGCAAGCGATGCA-1_2",12,"Intermediate"
"GCCAGCATCCTCACTG-1_2",12,"Intermediate"
"GCCAGCATCGACCACG-1_2",12,"Activated"
"GCCAGGTTCTGAATCG-1_2",12,"TEMRA"
"GCCAGTGGTAGGTTTC-1_2",12,"Activated"
"GCCAGTGTCAGTCACA-1_2",12,"Activated"
"GCCAGTGTCCGAGAAG-1_2",12,"Intermediate"
"GCCCAGAAGACCAGCA-1_2",12,"Intermediate"
"GCCCAGAAGCTCTGTA-1_2",12,"TEMRA"
"GCCCAGACAGTAGTGG-1_2",12,"Intermediate"
"GCCCGAATCAAAGAAC-1_2",12,"Resting"
"GCCGATGAGAGCGACT-1_2",12,"Intermediate"
"GCCGTGACACTTCAAG-1_2",12,"Resting"
"GCCGTGACATGAGATA-1_2",12,"Resting"
"GCCGTGAGTCTGTTAG-1_2",12,"Intermediate"
"GCGAGAAGTCTTGTCC-1_2",12,"Resting"
"GCGATCGAGCTCGACC-1_2",12,"Resting"
"GCGATCGAGGATCACG-1_2",12,"Intermediate"
"GCGTGCACATGTTTGG-1_2",12,"Resting"
"GCGTGCAGTCTGCCTT-1_2",12,"TEMRA"
"GCGTGCAGTTCAAACC-1_2",12,"Intermediate"
"GCGTTTCCAGCACACC-1_2",12,"Resting"
"GCGTTTCCAGCGACCT-1_2",12,"Resting"
"GCGTTTCTCGAGCTGC-1_2",12,"Intermediate"
"GCTACAAGTCTGCCTT-1_2",12,"Resting"
"GCTACCTAGTATAGAC-1_2",12,"Resting"
"GCTCAAACATCTATCT-1_2",12,"TEMRA"
"GCTCAAAGTCTTGAGT-1_2",12,"Resting"
"GCTCAAATCATCGGGC-1_2",12,"Resting"
"GCTCAAATCTCTCTAA-1_2",12,"Resting"
"GCTGAATCAGGCACAA-1_2",12,"TEMRA"
"GCTGAATGTGGCAGAT-1_2",12,"Resting"
"GCTGAATTCTAGCCAA-1_2",12,"Resting"
"GCTGGGTTCCGACATA-1_2",12,"Resting"
"GCTTCACCAAGTGGCA-1_2",12,"Intermediate"
"GCTTGGGAGAGACAAG-1_2",12,"Intermediate"
"GCTTGGGGTAGCTCGC-1_2",12,"Resting"
"GCTTTCGCATACTTTC-1_2",12,"TEMRA"
"GCTTTCGGTCCGTTTC-1_2",12,"Resting"
"GCTTTCGTCTCCGCAT-1_2",12,"Resting"
"GGAAGTGTCCTGTACC-1_2",12,"Intermediate"
"GGAATCTGTACCTTCC-1_2",12,"Resting"
"GGAATCTGTACTCCGG-1_2",12,"Intermediate"
"GGAATGGAGAGCCTGA-1_2",12,"TEMRA"
"GGAATGGAGTATGACA-1_2",12,"Resting"
"GGAATGGCAGTAACCT-1_2",12,"Intermediate"
"GGAATGGGTGTAAATG-1_2",12,"Intermediate"
"GGAATGGTCGAGCCTG-1_2",12,"Resting"
"GGACGTCAGTCATGAA-1_2",12,"Activated"
"GGACGTCGTCTAACTG-1_2",12,"Resting"
"GGACGTCTCATGCATG-1_2",12,"Intermediate"
"GGACGTCTCGCGGACT-1_2",12,"Resting"
"GGACGTCTCGCTTGCT-1_2",12,"Intermediate"
"GGAGAACGTCCCTGAG-1_2",12,"Resting"
"GGAGATGAGTGCCCGT-1_2",12,"Resting"
"GGAGATGGTAGAGTTA-1_2",12,"Resting"
"GGAGCAATCCTCAGAA-1_2",12,"Intermediate"
"GGAGGTACAAATCGTC-1_2",12,"Intermediate"
"GGAGGTACATAGAAAC-1_2",12,"TEMRA"
"GGAGGTAGTCCAACGC-1_2",12,"Intermediate"
"GGAGGTAGTTCAGTAC-1_2",12,"Resting"
"GGAGGTATCCGTGGCA-1_2",12,"Activated"
"GGATCTAAGGGTTTCT-1_2",12,"Intermediate"
"GGATCTACATGGCCAC-1_2",12,"Intermediate"
"GGATCTAGTGGACTAG-1_2",12,"Resting"
"GGATCTATCAAGCCCG-1_2",12,"Intermediate"
"GGATGTTAGCAACCAG-1_2",12,"Resting"
"GGATGTTAGCCTAGGA-1_2",12,"Intermediate"
"GGATGTTCAGTTGTTG-1_2",12,"Resting"
"GGATGTTGTGATCATC-1_2",12,"Intermediate"
"GGCACGTCACAAATGA-1_2",12,"Resting"
"GGCTGTGGTCAAGTTC-1_2",12,"Activated"
"GGCTTGGGTCGCACAC-1_2",12,"Activated"
"GGCTTGGGTCTGCGCA-1_2",12,"Resting"
"GGCTTGGTCGTTGTAG-1_2",12,"Intermediate"
"GGCTTTCAGTAAGAGG-1_2",12,"Resting"
"GGCTTTCGTTGACTAC-1_2",12,"Resting"
"GGGACAAAGGACAACC-1_2",12,"Intermediate"
"GGGACTCAGAAATGGG-1_2",12,"Activated"
"GGGACTCAGGATATAC-1_2",12,"Intermediate"
"GGGACTCCAATTGAAG-1_2",12,"TEMRA"
"GGGACTCCAGCATACT-1_2",12,"Resting"
"GGGACTCGTTGTTGAC-1_2",12,"Intermediate"
"GGGAGATCAATACCCA-1_2",12,"Activated"
"GGGAGATGTGGAATGC-1_2",12,"Activated"
"GGGAGATTCCTTCTGG-1_2",12,"TEMRA"
"GGGAGTAAGCCACTCG-1_2",12,"Intermediate"
"GGGAGTAAGGTTGCCC-1_2",12,"Intermediate"
"GGGAGTACAAGGTCGA-1_2",12,"Intermediate"
"GGGAGTATCGAATCCA-1_2",12,"Intermediate"
"GGGATCCAGAGGTCAC-1_2",12,"Intermediate"
"GGGATCCAGGCGACAT-1_2",12,"Activated"
"GGGATCCTCATGGAGG-1_2",12,"Resting"
"GGGATGACAATGAAAC-1_2",12,"Resting"
"GGGATGACAGGCTACC-1_2",12,"Intermediate"
"GGGATGATCGAATCCA-1_2",12,"Resting"
"GGGCCATCATAACTCG-1_2",12,"Resting"
"GGGCCATTCAGATGCT-1_2",12,"Intermediate"
"GGGCGTTGTTCCGCGA-1_2",12,"Resting"
"GGGCGTTTCATCGCCT-1_2",12,"Resting"
"GGGCTACCAACGCATT-1_2",12,"Intermediate"
"GGGCTACGTGCCGTTG-1_2",12,"Intermediate"
"GGGCTCAAGGTTATAG-1_2",12,"TEMRA"
"GGGCTCACATTGGCAT-1_2",12,"Resting"
"GGGCTCATCTGATGGT-1_2",12,"Resting"
"GGGTAGACATATGAAG-1_2",12,"Intermediate"
"GGGTAGATCCGTATGA-1_2",12,"Resting"
"GGGTATTCAGCAGTTT-1_2",12,"Resting"
"GGGTATTGTTAAACCC-1_2",12,"Resting"
"GGGTATTGTTCGCGTG-1_2",12,"TEMRA"
"GGGTCACAGGCAGCTA-1_2",12,"Intermediate"
"GGGTCACCAATTTCCT-1_2",12,"Intermediate"
"GGGTCACTCACACGAT-1_2",12,"Resting"
"GGGTCTGAGAGTCTGG-1_2",12,"TEMRA"
"GGGTCTGCATCGTGGC-1_2",12,"Resting"
"GGGTGTCAGGGAGGCA-1_2",12,"Intermediate"
"GGGTGTCAGTGTTCCA-1_2",12,"Resting"
"GGGTGTCCATTGTACG-1_2",12,"Resting"
"GGGTGTCGTGTCCAAT-1_2",12,"Resting"
"GGGTTATAGAAGGCTC-1_2",12,"Intermediate"
"GGGTTATCAAATTGGA-1_2",12,"Resting"
"GGGTTATCAGCGTATT-1_2",12,"Resting"
"GGGTTATGTGACACGA-1_2",12,"Intermediate"
"GGTAACTAGCTTACGT-1_2",12,"Intermediate"
"GGTAACTTCACTGCTC-1_2",12,"Intermediate"
"GGTAATCAGTAATACG-1_2",12,"Resting"
"GGTAGAGAGAGCCGTA-1_2",12,"Intermediate"
"GGTCACGGTAGAATGT-1_2",12,"Intermediate"
"GGTGAAGAGGCTAAAT-1_2",12,"Intermediate"
"GGTGAAGAGGTATAGT-1_2",12,"Resting"
"GGTGAAGTCAACACCA-1_2",12,"Intermediate"
"GGTGATTAGGTTCTTG-1_2",12,"Intermediate"
"GGTGATTTCTCCCTAG-1_2",12,"Resting"
"GGTGGCTCATGTGGTT-1_2",12,"TEMRA"
"GGTGGCTTCAAGCGTT-1_2",12,"Intermediate"
"GGTGGCTTCGTTGTAG-1_2",12,"Resting"
"GGTGGCTTCTACAGGT-1_2",12,"Intermediate"
"GGTGTTAAGCACACCC-1_2",12,"TEMRA"
"GGTGTTAAGTTTAGGA-1_2",12,"Intermediate"
"GGTGTTAGTCCGTACG-1_2",12,"Resting"
"GGTTAACCATCGGAAG-1_2",12,"Resting"
"GGTTAACGTATACGGG-1_2",12,"Intermediate"
"GGTTAACGTTGCCTAA-1_2",12,"TEMRA"
"GGTTCTCGTCGGCCTA-1_2",12,"Intermediate"
"GTAACACCAGGCATGA-1_2",12,"Intermediate"
"GTAACCAAGTTGTAGA-1_2",12,"Intermediate"
"GTAACCACAATGTGGG-1_2",12,"Resting"
"GTAAGTCAGGAACTAT-1_2",12,"Resting"
"GTAAGTCTCTTGGCTC-1_2",12,"Resting"
"GTAATCGCAAGGTCGA-1_2",12,"Intermediate"
"GTAATCGGTTGCTCCT-1_2",12,"TEMRA"
"GTAATGCCAATCCTAG-1_2",12,"Resting"
"GTAATGCGTGTAGTGG-1_2",12,"Resting"
"GTACAACAGGACAGCT-1_2",12,"Activated"
"GTACAACAGGCTAAAT-1_2",12,"Activated"
"GTACAACAGGTACATA-1_2",12,"Intermediate"
"GTACAACCAAGTGGTG-1_2",12,"Resting"
"GTACAACTCAGGTAAA-1_2",12,"Resting"
"GTAGAAAGTACTAGCT-1_2",12,"Resting"
"GTAGAAATCCTTCTTC-1_2",12,"Intermediate"
"GTAGAGGCAAGAAATC-1_2",12,"Resting"
"GTAGATCAGCCTGTCG-1_2",12,"TEMRA"
"GTAGATCAGCGAACTG-1_2",12,"Resting"
"GTAGATCTCTTCCCAG-1_2",12,"Resting"
"GTAGCTAAGCGGTAGT-1_2",12,"Activated"
"GTAGCTACAGCTGTCG-1_2",12,"Resting"
"GTAGGAGGTAGAGACC-1_2",12,"Resting"
"GTAGGTTAGGCTATCT-1_2",12,"TEMRA"
"GTAGGTTGTCAACGCC-1_2",12,"Resting"
"GTAGGTTGTTCTTAGG-1_2",12,"Activated"
"GTATTGGCAAGATGTA-1_2",12,"TEMRA"
"GTATTTCCAAGTGACG-1_2",12,"Intermediate"
"GTATTTCGTTTCTATC-1_2",12,"Intermediate"
"GTATTTCTCACAATGC-1_2",12,"Intermediate"
"GTATTTCTCCTCTTTC-1_2",12,"Activated"
"GTCAAACGTAAGGTCG-1_2",12,"Resting"
"GTCAAACGTACAATAG-1_2",12,"Intermediate"
"GTCAAACGTTACGATC-1_2",12,"Resting"
"GTCAAGTCAAAGGTTA-1_2",12,"Resting"
"GTCAAGTGTATCTCGA-1_2",12,"Activated"
"GTCAAGTTCCACGTGG-1_2",12,"Activated"
"GTCACGGTCTCATGCC-1_2",12,"Resting"
"GTCACTCAGTTGCGCC-1_2",12,"Resting"
"GTCACTCCAAGGCGTA-1_2",12,"Intermediate"
"GTCACTCCACAAGTGG-1_2",12,"Resting"
"GTCACTCCATATTCGG-1_2",12,"Activated"
"GTCACTCGTTCAACGT-1_2",12,"TEMRA"
"GTCAGCGGTAGCTCGC-1_2",12,"Resting"
"GTCATCCAGGCTCACC-1_2",12,"Resting"
"GTCATCCTCCTGGCTT-1_2",12,"Resting"
"GTCATGAAGCTGGCTC-1_2",12,"Resting"
"GTCATGAGTAGACAGC-1_2",12,"Activated"
"GTCATGATCTGCGATA-1_2",12,"Resting"
"GTCATGATCTGGGCAC-1_2",12,"Intermediate"
"GTCATTTAGAATTCAG-1_2",12,"Resting"
"GTCATTTGTCGGCTAC-1_2",12,"Activated"
"GTCCACTTCAAGGACG-1_2",12,"Resting"
"GTCCCATAGTAGATCA-1_2",12,"Resting"
"GTCCCATCAATAAGGT-1_2",12,"Resting"
"GTCCTCACACGCGCAT-1_2",12,"Intermediate"
"GTCCTCATCTTAGCCC-1_2",12,"Resting"
"GTCGAATAGGATGAGA-1_2",12,"Intermediate"
"GTCGAATGTAGTTACC-1_2",12,"Intermediate"
"GTCGAATGTCAGACGA-1_2",12,"Resting"
"GTCGAATGTTATCCAG-1_2",12,"Intermediate"
"GTCGCGAAGACGGTCA-1_2",12,"Activated"
"GTCGCGAAGTGTGTTC-1_2",12,"Resting"
"GTCGCGACATGTACGT-1_2",12,"Resting"
"GTCGTAAAGCGCATCC-1_2",12,"Resting"
"GTCGTAATCCCAGCGA-1_2",12,"Intermediate"
"GTCGTTCAGACCAACG-1_2",12,"Resting"
"GTCTACCAGTATGTAG-1_2",12,"Intermediate"
"GTCTAGACAAATGGTA-1_2",12,"Resting"
"GTCTAGACACAACGTT-1_2",12,"Resting"
"GTCTCACCAGTTCCAA-1_2",12,"Resting"
"GTCTGTCCAATGGCAG-1_2",12,"Intermediate"
"GTCTGTCCACCAGCCA-1_2",12,"Intermediate"
"GTCTGTCGTCTAATCG-1_2",12,"Resting"
"GTCTTTAAGACGACTG-1_2",12,"Resting"
"GTCTTTAAGTCTCGTA-1_2",12,"Activated"
"GTCTTTACAACCAGAG-1_2",12,"TEMRA"
"GTCTTTAGTTTGCCGG-1_2",12,"Resting"
"GTCTTTATCGACTCCT-1_2",12,"Resting"
"GTGACGCGTCTCAAGT-1_2",12,"Resting"
"GTGAGCCCACTCGATA-1_2",12,"Resting"
"GTGAGCCGTTCGCGTG-1_2",12,"TEMRA"
"GTGAGCCTCGGAGATG-1_2",12,"TEMRA"
"GTGAGCCTCGGTGCAC-1_2",12,"Activated"
"GTGAGGACAGTTTCGA-1_2",12,"Resting"
"GTGAGGAGTGCCGGTT-1_2",12,"Resting"
"GTGAGGATCGCGTTTC-1_2",12,"Intermediate"
"GTGAGTTAGCAATAAC-1_2",12,"Intermediate"
"GTGAGTTAGCATCGAG-1_2",12,"Resting"
"GTGAGTTTCAGAGTTC-1_2",12,"Intermediate"
"GTGATGTAGTGAGGCT-1_2",12,"TEMRA"
"GTGATGTGTGCATTAC-1_2",12,"Resting"
"GTGATGTGTGCTGATT-1_2",12,"Activated"
"GTGATGTTCATAGGCT-1_2",12,"Resting"
"GTGCACGGTAGCTGCC-1_2",12,"Intermediate"
"GTGCACGTCCGCAGTG-1_2",12,"Activated"
"GTGCACGTCGTAGAGG-1_2",12,"Intermediate"
"GTGCAGCAGGATACAT-1_2",12,"Intermediate"
"GTGCAGCCATTGAGCT-1_2",12,"Resting"
"GTGCGTGAGCTCGTGC-1_2",12,"TEMRA"
"GTGCGTGCACTGGCGT-1_2",12,"Resting"
"GTGCTGGGTGACAGGT-1_2",12,"Intermediate"
"GTGCTGGGTGAGGCAT-1_2",12,"TEMRA"
"GTGCTGGTCGCCACTT-1_2",12,"TEMRA"
"GTGCTGGTCTTTCTAG-1_2",12,"Resting"
"GTGCTTCGTTCAACGT-1_2",12,"Activated"
"GTGGAAGAGGCCCAAA-1_2",12,"TEMRA"
"GTGGAAGGTGCCCAGT-1_2",12,"Resting"
"GTGGAAGTCTTCGTAT-1_2",12,"TEMRA"
"GTGGAGAAGCCGATCC-1_2",12,"Resting"
"GTGGAGAAGTCCCAAT-1_2",12,"Resting"
"GTGGAGAGTAGCGCCT-1_2",12,"Intermediate"
"GTGGAGAGTCTGTGGC-1_2",12,"Resting"
"GTGGCGTCAAGTCCAT-1_2",12,"Resting"
"GTGGCGTGTCCTGGGT-1_2",12,"Intermediate"
"GTGGCGTTCGGATTAC-1_2",12,"Intermediate"
"GTGGGAACAACCTAAC-1_2",12,"Intermediate"
"GTGGGAAGTCCAAGAG-1_2",12,"Intermediate"
"GTGGGAAGTGTCACAT-1_2",12,"Resting"
"GTGGGAATCGAGTCCG-1_2",12,"TEMRA"
"GTGGTTACACAATGTC-1_2",12,"Intermediate"
"GTGGTTAGTGCTTATG-1_2",12,"Intermediate"
"GTGGTTAGTTCTCTAT-1_2",12,"TEMRA"
"GTGTAACCATTGCCGG-1_2",12,"Intermediate"
"GTGTGATTCAGTCCGG-1_2",12,"Resting"
"GTGTGGCCAAAGAGTT-1_2",12,"Resting"
"GTGTGGCTCATTGCGA-1_2",12,"Activated"
"GTGTTAGGTACTCCGG-1_2",12,"Resting"
"GTTACAGCAGGAGGAG-1_2",12,"Resting"
"GTTACAGTCCACGTGG-1_2",12,"Intermediate"
"GTTACCCGTCCTGTTC-1_2",12,"Activated"
"GTTACCCGTCTTGGTA-1_2",12,"Resting"
"GTTACCCGTTTCACTT-1_2",12,"Intermediate"
"GTTACCCTCATTTGTC-1_2",12,"Intermediate"
"GTTACCCTCCAAGCTA-1_2",12,"Resting"
"GTTACCCTCTACACAG-1_2",12,"Resting"
"GTTACGATCAACACGT-1_2",12,"Activated"
"GTTAGACTCTTGGATG-1_2",12,"Intermediate"
"GTTAGTGAGGTAAACT-1_2",12,"Intermediate"
"GTTAGTGTCGGACAAG-1_2",12,"TEMRA"
"GTTAGTGTCGTAGTCA-1_2",12,"TEMRA"
"GTTATGGAGAGCAGAA-1_2",12,"TEMRA"
"GTTATGGAGTTGGAAT-1_2",12,"Resting"
"GTTCATTCACGCGCAT-1_2",12,"Intermediate"
"GTTCATTCACGGGCTT-1_2",12,"Intermediate"
"GTTCATTGTACCAGAG-1_2",12,"Resting"
"GTTCATTGTAGACAAT-1_2",12,"Intermediate"
"GTTCCGTAGATTGAGT-1_2",12,"Resting"
"GTTCCGTGTTCTCTAT-1_2",12,"TEMRA"
"GTTCTATCAGGTAGTG-1_2",12,"Resting"
"GTTCTATGTCCTGAAT-1_2",12,"TEMRA"
"GTTCTATGTCTTCAAG-1_2",12,"Resting"
"GTTCTATTCGACATCA-1_2",12,"Intermediate"
"GTTGCGGGTACGTAGG-1_2",12,"Resting"
"GTTGCTCCAGTTGTTG-1_2",12,"Intermediate"
"GTTGCTCGTTGACTAC-1_2",12,"TEMRA"
"GTTGTAGAGGACTAAT-1_2",12,"Resting"
"GTTGTAGAGGTTTACC-1_2",12,"Intermediate"
"GTTGTAGAGTTGAATG-1_2",12,"Intermediate"
"GTTGTAGGTGGCCACT-1_2",12,"Resting"
"GTTGTCCAGAGTGGCT-1_2",12,"Activated"
"GTTGTCCAGGAAAGTG-1_2",12,"Resting"
"GTTGTCCTCTGCGATA-1_2",12,"Intermediate"
"GTTGTGATCAACGTGT-1_2",12,"Resting"
"GTTTACTCAACGCCCA-1_2",12,"Intermediate"
"GTTTGGACACACACGC-1_2",12,"Resting"
"TAACACGTCCGGTAAT-1_2",12,"Activated"
"TAACACGTCCTGGGTG-1_2",12,"Resting"
"TAACACGTCCTTCGAC-1_2",12,"Resting"
"TAACCAGAGCGAGTCA-1_2",12,"TEMRA"
"TAACCAGTCTTTGCGC-1_2",12,"Resting"
"TAACTTCGTTACGTAC-1_2",12,"Resting"
"TAACTTCTCCTTCTTC-1_2",12,"TEMRA"
"TAACTTCTCTCACGAA-1_2",12,"Resting"
"TAACTTCTCTGCCCTA-1_2",12,"Intermediate"
"TAAGCACAGCACTGGA-1_2",12,"TEMRA"
"TAAGCACAGCTCGTGC-1_2",12,"Resting"
"TAAGCACTCGAGCCTG-1_2",12,"Resting"
"TAAGCGTAGGATACGC-1_2",12,"Resting"
"TAAGCGTCATGACTCA-1_2",12,"Resting"
"TAAGCGTGTAACCCGC-1_2",12,"TEMRA"
"TAAGCGTGTTGACGGA-1_2",12,"Resting"
"TAAGCGTTCAACTGGT-1_2",12,"Intermediate"
"TAAGTCGAGACAACTA-1_2",12,"Intermediate"
"TAAGTCGGTATCCCTC-1_2",12,"Undefined1"
"TAATCTCGTACGCGTC-1_2",12,"Intermediate"
"TAATTCCAGAAACTAC-1_2",12,"Activated"
"TAATTCCGTGAGATAT-1_2",12,"Resting"
"TAATTCCTCACCCTGT-1_2",12,"Resting"
"TAATTCCTCCCGATCT-1_2",12,"Resting"
"TACAACGCACAAAGCG-1_2",12,"Resting"
"TACACCCGTTTGTGGT-1_2",12,"Activated"
"TACACCCTCAAGCTGT-1_2",12,"Intermediate"
"TACAGGTAGCTTAGTC-1_2",12,"Resting"
"TACAGGTCACTTGAGT-1_2",12,"Resting"
"TACAGGTGTCAACATC-1_2",12,"Resting"
"TACATTCAGACCAGCA-1_2",12,"TEMRA"
"TACATTCAGACCGCCT-1_2",12,"Resting"
"TACATTCAGCCACTCG-1_2",12,"TEMRA"
"TACATTCCAAAGCTCT-1_2",12,"Resting"
"TACATTCCATAGAAAC-1_2",12,"Intermediate"
"TACATTCGTATCTCTT-1_2",12,"Resting"
"TACATTCGTTCTGAGT-1_2",12,"Resting"
"TACATTCTCCACCTCA-1_2",12,"Intermediate"
"TACATTCTCTCACGAA-1_2",12,"Resting"
"TACCCACAGCGGATCA-1_2",12,"Intermediate"
"TACCCACCACTCGATA-1_2",12,"Resting"
"TACCCACCATGTGGCC-1_2",12,"Intermediate"
"TACCCACCATGTGTCA-1_2",12,"Resting"
"TACCCACGTCCGGACT-1_2",12,"Intermediate"
"TACCCACGTCTTTCTA-1_2",12,"Intermediate"
"TACCCACTCATTACGG-1_2",12,"Resting"
"TACCCACTCCCTTCCC-1_2",12,"Resting"
"TACCCGTAGGCTAAAT-1_2",12,"TEMRA"
"TACCCGTGTCTGCGCA-1_2",12,"Resting"
"TACCCGTGTGCACGCT-1_2",12,"Intermediate"
"TACCCGTTCATTCATC-1_2",12,"Resting"
"TACCGAAAGTGAGCCA-1_2",12,"Intermediate"
"TACCGAAGTCTTGAGT-1_2",12,"Resting"
"TACCGGGAGCCGGATA-1_2",12,"Intermediate"
"TACCGGGAGTACCCTA-1_2",12,"Intermediate"
"TACCGGGCACTGTGAT-1_2",12,"Intermediate"
"TACCGGGGTGTGATGG-1_2",12,"Resting"
"TACCTCGCACAGTCAT-1_2",12,"Resting"
"TACCTCGTCGAACGCC-1_2",12,"Resting"
"TACCTGCCACCCATAA-1_2",12,"Intermediate"
"TACCTGCTCATTCGTT-1_2",12,"Intermediate"
"TACGCTCAGAAATTCG-1_2",12,"Resting"
"TACGCTCAGAAGGATG-1_2",12,"TEMRA"
"TACGCTCGTATTCCGA-1_2",12,"Resting"
"TACGCTCTCCCATTTA-1_2",12,"Resting"
"TACGCTCTCGTGGAAG-1_2",12,"Activated"
"TACGGGCAGACTCGAG-1_2",12,"Intermediate"
"TACGGGCCAAGAAACT-1_2",12,"Resting"
"TACGGGCTCTTTCTAG-1_2",12,"Resting"
"TACGGTACAGGAACCA-1_2",12,"Intermediate"
"TACGGTAGTAGCTGAG-1_2",12,"Resting"
"TACGGTATCACTTATC-1_2",12,"TEMRA"
"TACGTCCAGACAGCTG-1_2",12,"Resting"
"TACGTCCGTTTGTTGG-1_2",12,"Intermediate"
"TACTGCCCAAAGACGC-1_2",12,"Resting"
"TACTGCCCAGGGTTGA-1_2",12,"Intermediate"
"TACTGCCCAGTGGTGA-1_2",12,"Resting"
"TACTGCCGTAGGCAAC-1_2",12,"Resting"
"TACTGCCGTCTTGTCC-1_2",12,"TEMRA"
"TACTTACTCAAACGAA-1_2",12,"Resting"
"TACTTACTCAGCACCG-1_2",12,"TEMRA"
"TACTTACTCGTAACCA-1_2",12,"Intermediate"
"TACTTCATCATTGTGG-1_2",12,"Intermediate"
"TACTTGTAGAGTTGCG-1_2",12,"Intermediate"
"TACTTGTCAGTCGCTG-1_2",12,"Intermediate"
"TACTTGTTCTACTGCC-1_2",12,"Intermediate"
"TAGACCAAGTGCAGGT-1_2",12,"Resting"
"TAGACTGCAACCGTAT-1_2",12,"TEMRA"
"TAGACTGCACGAAAGC-1_2",12,"Intermediate"
"TAGACTGGTGATTCTG-1_2",12,"TEMRA"
"TAGACTGTCACTGATG-1_2",12,"Intermediate"
"TAGAGTCCAGAACTTC-1_2",12,"Intermediate"
"TAGATCGGTAGACGGT-1_2",12,"Resting"
"TAGATCGTCCGTATGA-1_2",12,"Intermediate"
"TAGCACATCAGTCAGT-1_2",12,"Intermediate"
"TAGGAGGCAGAGGCAT-1_2",12,"Activated"
"TAGGAGGGTTAGCTAC-1_2",12,"Resting"
"TAGGGTTAGACTCTAC-1_2",12,"Intermediate"
"TAGGGTTAGGGCAAGG-1_2",12,"Resting"
"TAGGGTTGTCTACAAC-1_2",12,"Intermediate"
"TAGGTACGTCCTCAGG-1_2",12,"TEMRA"
"TAGGTTGAGGTCACCC-1_2",12,"Intermediate"
"TAGGTTGGTCATAAAG-1_2",12,"Intermediate"
"TAGGTTGGTCTTGAAC-1_2",12,"Activated"
"TAGGTTGTCCACTGAA-1_2",12,"Resting"
"TAGGTTGTCTCTTCAA-1_2",12,"Intermediate"
"TATACCTAGGACAAGA-1_2",12,"Intermediate"
"TATACCTTCGGTCGGT-1_2",12,"TEMRA"
"TATATCCAGAGTGTGC-1_2",12,"Resting"
"TATATCCCACTAGAGG-1_2",12,"Activated"
"TATATCCCAGCAGACA-1_2",12,"Intermediate"
"TATATCCGTACGCTTA-1_2",12,"Intermediate"
"TATATCCGTTCTCCCA-1_2",12,"Resting"
"TATATCCGTTTGGCTA-1_2",12,"Resting"
"TATATCCTCCCGAAAT-1_2",12,"TEMRA"
"TATCAGGCAGCGTACC-1_2",12,"Resting"
"TATCCTATCCCTAGGG-1_2",12,"Intermediate"
"TATCCTATCTCTATAC-1_2",12,"TEMRA"
"TATCGCCAGCGTGCCT-1_2",12,"Intermediate"
"TATCTGTGTATAATGG-1_2",12,"Intermediate"
"TATCTTGTCAGGGATG-1_2",12,"Intermediate"
"TATGTTCAGGTTCTTG-1_2",12,"Activated"
"TATGTTCAGTATAGAC-1_2",12,"Resting"
"TATGTTCCATATGAAG-1_2",12,"Resting"
"TATGTTCGTTTGGCTA-1_2",12,"Intermediate"
"TATGTTCTCCATGCAA-1_2",12,"Resting"
"TATTCCAAGTGCCGAA-1_2",12,"Resting"
"TATTCCACAAAGTATG-1_2",12,"Activated"
"TATTCCACACTATGTG-1_2",12,"Intermediate"
"TATTGCTAGATTCGAA-1_2",12,"Intermediate"
"TATTGCTAGCGTTACT-1_2",12,"Resting"
"TATTGCTCAGTGGCTC-1_2",12,"Intermediate"
"TATTGCTGTGCCCTTT-1_2",12,"Intermediate"
"TATTGGGAGCATATGA-1_2",12,"Resting"
"TATTGGGGTCCAAAGG-1_2",12,"TEMRA"
"TATTGGGGTCGACGCT-1_2",12,"Activated"
"TATTGGGTCACTACGA-1_2",12,"Activated"
"TATTGGGTCGGTTGTA-1_2",12,"TEMRA"
"TATTTCGAGGCCCACT-1_2",12,"Intermediate"
"TATTTCGAGGCTCAAG-1_2",12,"Resting"
"TATTTCGCAGAGGTAC-1_2",12,"Intermediate"
"TCAAGACAGAGCATTA-1_2",12,"TEMRA"
"TCAAGTGTCATCGCTC-1_2",12,"Intermediate"
"TCAATCTAGTGATAAC-1_2",12,"Intermediate"
"TCAATCTGTATTGGCT-1_2",12,"Intermediate"
"TCAATCTTCATGGAGG-1_2",12,"Resting"
"TCAATTCAGTGTTCAC-1_2",12,"Resting"
"TCAATTCCAAGACCTT-1_2",12,"Resting"
"TCAATTCCAGAGCCCT-1_2",12,"Intermediate"
"TCAATTCGTCCTTTGC-1_2",12,"Activated"
"TCAATTCTCAGACCGC-1_2",12,"Resting"
"TCACAAGAGGCGACAT-1_2",12,"TEMRA"
"TCACAAGTCGGACGTC-1_2",12,"Resting"
"TCACACCCATGGGATG-1_2",12,"Intermediate"
"TCACACCGTCTTACTT-1_2",12,"Resting"
"TCACATTAGCATGGGT-1_2",12,"TEMRA"
"TCACATTCAGGAAGTC-1_2",12,"Resting"
"TCACGGGAGAATCCCT-1_2",12,"Resting"
"TCACGGGAGGTTGACG-1_2",12,"Intermediate"
"TCACGGGCAGAGCCCT-1_2",12,"Intermediate"
"TCACGGGGTACGATGG-1_2",12,"Intermediate"
"TCACTATAGGGAGGAC-1_2",12,"Resting"
"TCACTATAGGGTTAAT-1_2",12,"Intermediate"
"TCACTATCACCGCTGA-1_2",12,"Activated"
"TCACTATGTATACAGA-1_2",12,"Resting"
"TCACTATGTCTGTAAC-1_2",12,"Intermediate"
"TCACTATTCCGATCTC-1_2",12,"Intermediate"
"TCACTATTCGCCGAAC-1_2",12,"TEMRA"
"TCACTCGAGAAACACT-1_2",12,"Intermediate"
"TCACTCGAGACTTCAC-1_2",12,"Resting"
"TCACTCGCAACGGCCT-1_2",12,"Resting"
"TCACTCGCATGGACAG-1_2",12,"Resting"
"TCAGCCTAGGGTATAT-1_2",12,"Resting"
"TCAGCCTAGTGCACAG-1_2",12,"Intermediate"
"TCAGCCTCATGGATCT-1_2",12,"Resting"
"TCAGGGCAGCGTGAGT-1_2",12,"Activated"
"TCAGGGCCATGTCAGT-1_2",12,"Resting"
"TCAGGGCGTTACCCTC-1_2",12,"Resting"
"TCAGGTAGTCTTCGAA-1_2",12,"Activated"
"TCAGTCCCAGCGCTTG-1_2",12,"Activated"
"TCAGTGACAGGGTCTC-1_2",12,"Intermediate"
"TCAGTTTAGTAACCTC-1_2",12,"Resting"
"TCAGTTTCACTCTGCT-1_2",12,"Resting"
"TCATACTAGTATCTGC-1_2",12,"Intermediate"
"TCATACTGTTAGAAAC-1_2",12,"Resting"
"TCATACTTCGAAATCC-1_2",12,"TEMRA"
"TCATATCAGAAGCCAC-1_2",12,"Intermediate"
"TCATATCTCAGTGGGA-1_2",12,"Resting"
"TCATCATCAGATCACT-1_2",12,"Intermediate"
"TCATCATGTCACTACA-1_2",12,"Resting"
"TCATCCGAGAAATGGG-1_2",12,"Activated"
"TCATCCGAGTCAATCC-1_2",12,"Intermediate"
"TCATGAGCATTCGGGC-1_2",12,"Resting"
"TCATGCCAGATCGCTT-1_2",12,"Activated"
"TCATGCCGTGCGACAA-1_2",12,"TEMRA"
"TCATGCCTCGTACACA-1_2",12,"Resting"
"TCATGGACAGCCGGTT-1_2",12,"Resting"
"TCATGGATCGATACTG-1_2",12,"Resting"
"TCATGTTAGAACTGAT-1_2",12,"Intermediate"
"TCATGTTCAATTAGGA-1_2",12,"Intermediate"
"TCATGTTTCGCAGTCG-1_2",12,"Intermediate"
"TCATTACAGACCGCCT-1_2",12,"TEMRA"
"TCATTACGTCAATGGG-1_2",12,"Intermediate"
"TCATTACGTCTGCATA-1_2",12,"Resting"
"TCATTCAAGACGCTCC-1_2",12,"Intermediate"
"TCATTCAAGCCACAAG-1_2",12,"TEMRA"
"TCATTCACAACAACAA-1_2",12,"Resting"
"TCATTCACAATCGCGC-1_2",12,"Resting"
"TCATTCAGTGTTATCG-1_2",12,"Resting"
"TCATTCATCTCTATGT-1_2",12,"TEMRA"
"TCATTGTCAATAGTCC-1_2",12,"Resting"
"TCATTTGCAATAGGAT-1_2",12,"Resting"
"TCATTTGCACCGTACG-1_2",12,"Resting"
"TCCACCACAAGACCTT-1_2",12,"Intermediate"
"TCCACCACAATTGAGA-1_2",12,"Intermediate"
"TCCACCACATGGAATA-1_2",12,"Intermediate"
"TCCACCAGTGCCTTTC-1_2",12,"Intermediate"
"TCCACGTAGATACCAA-1_2",12,"Resting"
"TCCACGTCAAGAGCTG-1_2",12,"Resting"
"TCCACGTTCGTAGGAG-1_2",12,"TEMRA"
"TCCAGAATCCATGATG-1_2",12,"Intermediate"
"TCCATCGGTCGGTAAG-1_2",12,"Resting"
"TCCATGCAGGGCATGT-1_2",12,"Intermediate"
"TCCATGCGTTTCACAG-1_2",12,"TEMRA"
"TCCATGCTCTTAGCAG-1_2",12,"Resting"
"TCCCACAAGTTTCTTC-1_2",12,"Resting"
"TCCCACAGTCGTTCAA-1_2",12,"Intermediate"
"TCCCACAGTCTGGTTA-1_2",12,"Resting"
"TCCCAGTCACGACCTG-1_2",12,"Intermediate"
"TCCCAGTTCAATCTTC-1_2",12,"Resting"
"TCCCATGTCCAGCCTT-1_2",12,"Intermediate"
"TCCGAAAAGGACGCTA-1_2",12,"Activated"
"TCCGAAAAGTGGTTGG-1_2",12,"Resting"
"TCCGAAACACATTGTG-1_2",12,"Resting"
"TCCGAAATCAAAGCCT-1_2",12,"TEMRA"
"TCCGATCAGCTGAGTG-1_2",12,"Intermediate"
"TCCGATCCATCGGAAG-1_2",12,"Resting"
"TCCGATCTCAAACCCA-1_2",12,"Activated"
"TCCGGGACAAATTAGG-1_2",12,"Resting"
"TCCGGGACAGGCTCTG-1_2",12,"Intermediate"
"TCCGGGATCAGTCTTT-1_2",12,"Resting"
"TCCTAATCAATTGAGA-1_2",12,"Activated"
"TCCTAATGTTCCTACC-1_2",12,"Resting"
"TCCTAATTCAAAGGTA-1_2",12,"Activated"
"TCCTCCCAGACGGTCA-1_2",12,"Intermediate"
"TCCTCCCAGCCATATC-1_2",12,"Intermediate"
"TCCTCCCGTCGTTATG-1_2",12,"Resting"
"TCCTCTTAGCTGTGCC-1_2",12,"Activated"
"TCCTCTTAGGCCTAGA-1_2",12,"Resting"
"TCCTGCAAGACTTCAC-1_2",12,"Resting"
"TCCTGCAAGCTTGTTG-1_2",12,"Activated"
"TCCTGCACAAGCAGGT-1_2",12,"Activated"
"TCCTTCTTCAGAGCGA-1_2",12,"Intermediate"
"TCCTTCTTCCTGGGTG-1_2",12,"TEMRA"
"TCCTTCTTCGCCGATG-1_2",12,"Resting"
"TCCTTTCTCTTCCACG-1_2",12,"Intermediate"
"TCGAACAGTGAACCGA-1_2",12,"Intermediate"
"TCGAAGTCAAATGGAT-1_2",12,"Resting"
"TCGAAGTCATTCAGGT-1_2",12,"Resting"
"TCGACCTAGATGTTGA-1_2",12,"Resting"
"TCGACCTTCCCTCTCC-1_2",12,"Activated"
"TCGACGGAGGACCCAA-1_2",12,"Intermediate"
"TCGACGGCAGTCAACT-1_2",12,"Resting"
"TCGACGGGTCTGCCTT-1_2",12,"Resting"
"TCGACGGTCCGTGGTG-1_2",12,"Intermediate"
"TCGATTTTCCGGTAGC-1_2",12,"Resting"
"TCGCACTTCTGCAGCG-1_2",12,"TEMRA"
"TCGCAGGCACGTAGTT-1_2",12,"Resting"
"TCGCTCAAGGTAGCCA-1_2",12,"Intermediate"
"TCGCTCAAGTTCCAGT-1_2",12,"Intermediate"
"TCGCTCACAACCGATT-1_2",12,"Intermediate"
"TCGCTCACACACCGAC-1_2",12,"Resting"
"TCGCTCAGTACAGAGC-1_2",12,"Intermediate"
"TCGCTCATCAACCCGG-1_2",12,"Intermediate"
"TCGCTTGCAAACTAAG-1_2",12,"Intermediate"
"TCGGATAAGAGTCCGA-1_2",12,"Intermediate"
"TCGGATACACTTGGCG-1_2",12,"Resting"
"TCGGGACGTGTGTGTT-1_2",12,"Resting"
"TCGGGCAGTGACCGTC-1_2",12,"Activated"
"TCGGTCTAGGTTCTTG-1_2",12,"TEMRA"
"TCGTAGATCCCTGTTG-1_2",12,"Resting"
"TCGTAGATCTGCGGCA-1_2",12,"Intermediate"
"TCGTCCAGTTGTGGAG-1_2",12,"Resting"
"TCGTGCTCAAGAGGTC-1_2",12,"Resting"
"TCGTGCTTCAAACCTG-1_2",12,"Resting"
"TCGTGGGAGCTTGTTG-1_2",12,"Intermediate"
"TCGTGGGAGGACTGGT-1_2",12,"Resting"
"TCTAACTAGGGAACAA-1_2",12,"TEMRA"
"TCTAACTCAGCCTATA-1_2",12,"TEMRA"
"TCTAACTGTAAGATTG-1_2",12,"Intermediate"
"TCTAACTGTCATAGTC-1_2",12,"Intermediate"
"TCTAACTGTCTGTAAC-1_2",12,"TEMRA"
"TCTAACTTCGTGGCTG-1_2",12,"Intermediate"
"TCTACATCACGCAGTC-1_2",12,"Resting"
"TCTACATGTAACTAAG-1_2",12,"Activated"
"TCTACATGTCAAACGG-1_2",12,"TEMRA"
"TCTACCGTCACTGGTA-1_2",12,"Resting"
"TCTATACAGCACCCAC-1_2",12,"Resting"
"TCTATACCAGCTCGGT-1_2",12,"Resting"
"TCTATACGTAACGTTC-1_2",12,"Undefined1"
"TCTATACGTTCGGCGT-1_2",12,"Resting"
"TCTATCAAGCATTGAA-1_2",12,"Intermediate"
"TCTATCAGTACTCGTA-1_2",12,"TEMRA"
"TCTATCAGTGCAAGAC-1_2",12,"Resting"
"TCTATCATCTGAGTCA-1_2",12,"Resting"
"TCTCAGCAGAGGTTTA-1_2",12,"Resting"
"TCTCAGCAGTGCCAGA-1_2",12,"TEMRA"
"TCTCAGCGTCAGTCTA-1_2",12,"TEMRA"
"TCTCAGCTCATCGCTC-1_2",12,"Intermediate"
"TCTCCGACAGGTTCCG-1_2",12,"Resting"
"TCTCCGAGTATACAGA-1_2",12,"Intermediate"
"TCTCCGAGTGACTAAA-1_2",12,"Resting"
"TCTCCGATCATTGCTT-1_2",12,"Activated"
"TCTCCGATCTCTTCAA-1_2",12,"Intermediate"
"TCTCTGGCAGCGACCT-1_2",12,"Activated"
"TCTCTGGGTCGAAACG-1_2",12,"Activated"
"TCTCTGGTCCATTTCA-1_2",12,"Resting"
"TCTGGCTAGAAGTCTA-1_2",12,"Resting"
"TCTGGCTCAATCTCGA-1_2",12,"Activated"
"TCTTAGTAGCGAGGAG-1_2",12,"Intermediate"
"TCTTAGTGTGAATATG-1_2",12,"Intermediate"
"TCTTCCTAGCAGCGAT-1_2",12,"Intermediate"
"TCTTCCTCAAACGAGC-1_2",12,"Intermediate"
"TCTTCCTCACCAGCTG-1_2",12,"TEMRA"
"TCTTCCTTCAGCATTG-1_2",12,"Resting"
"TCTTCCTTCGCATTGA-1_2",12,"Resting"
"TCTTGCGGTTAAAGTG-1_2",12,"Intermediate"
"TCTTTGAGTGATTCTG-1_2",12,"Intermediate"
"TGAATCGAGTCTTCCC-1_2",12,"Intermediate"
"TGAATCGCACATTACG-1_2",12,"Intermediate"
"TGAATCGGTCGTTGGC-1_2",12,"TEMRA"
"TGAATCGGTTGATCGT-1_2",12,"TEMRA"
"TGAATCGTCTCGGTCT-1_2",12,"Resting"
"TGAATGCAGGAATGTT-1_2",12,"Resting"
"TGACAGTCATAGCACT-1_2",12,"Intermediate"
"TGACAGTTCGTTAGAC-1_2",12,"TEMRA"
"TGACCCTCATGCTGCG-1_2",12,"Resting"
"TGACCCTTCAAATGCC-1_2",12,"TEMRA"
"TGACGCGTCCTTATCA-1_2",12,"Resting"
"TGACTCCCACAAAGCG-1_2",12,"Resting"
"TGACTCCTCAAGCGTT-1_2",12,"Resting"
"TGACTCCTCCTCACGT-1_2",12,"Activated"
"TGAGACTAGGCGTCCT-1_2",12,"Intermediate"
"TGAGACTTCTGCAGCG-1_2",12,"Resting"
"TGAGCATTCCGTGTGG-1_2",12,"Resting"
"TGAGCATTCTGATTCT-1_2",12,"Intermediate"
"TGAGCGCAGATCGCTT-1_2",12,"Resting"
"TGAGCGCCAGCGACCT-1_2",12,"Activated"
"TGAGGAGGTACCGTCG-1_2",12,"TEMRA"
"TGAGGAGTCCTCAGGG-1_2",12,"Activated"
"TGAGGGAAGAAGTCTA-1_2",12,"TEMRA"
"TGAGGGAGTTAGAAGT-1_2",12,"TEMRA"
"TGAGGTTAGCCGCACT-1_2",12,"Resting"
"TGAGGTTAGCGGATCA-1_2",12,"Resting"
"TGAGTCATCTATCGCC-1_2",12,"Intermediate"
"TGATCAGAGCACCCAC-1_2",12,"Intermediate"
"TGATCAGAGCATACTC-1_2",12,"Intermediate"
"TGATCTTAGACTCTTG-1_2",12,"Resting"
"TGATCTTAGACTTCGT-1_2",12,"Resting"
"TGATCTTGTCTGTAAC-1_2",12,"TEMRA"
"TGATCTTGTTCTTGTT-1_2",12,"Intermediate"
"TGATGCACACAAACGG-1_2",12,"Activated"
"TGATGCACACTACCGG-1_2",12,"Intermediate"
"TGATGCAGTACTGACT-1_2",12,"Resting"
"TGATGGTAGAGTCGAC-1_2",12,"Intermediate"
"TGATTCTCACCTAAAC-1_2",12,"Resting"
"TGATTCTGTAGGGTAC-1_2",12,"Resting"
"TGATTCTGTTAGTTCG-1_2",12,"Resting"
"TGATTCTTCGAAATCC-1_2",12,"Intermediate"
"TGATTTCCACCGTGAC-1_2",12,"Resting"
"TGATTTCCATAGGCGA-1_2",12,"Activated"
"TGATTTCGTCCTGTTC-1_2",12,"Resting"
"TGCACGGGTAACGGTG-1_2",12,"Resting"
"TGCACGGGTGTGTGTT-1_2",12,"Intermediate"
"TGCAGATCAGCCGTCA-1_2",12,"Intermediate"
"TGCAGATGTTCTTGTT-1_2",12,"Intermediate"
"TGCAGGCAGTAATTGG-1_2",12,"Intermediate"
"TGCAGGCCAAGACCTT-1_2",12,"Resting"
"TGCAGGCTCAGAACCT-1_2",12,"Resting"
"TGCAGGCTCTATTTCG-1_2",12,"TEMRA"
"TGCAGTAGTCCACATA-1_2",12,"Resting"
"TGCATCCTCAGCTTGA-1_2",12,"Intermediate"
"TGCATCCTCCACGTGG-1_2",12,"Resting"
"TGCATCCTCGAACGGA-1_2",12,"Activated"
"TGCCGAGCACTGAATC-1_2",12,"Intermediate"
"TGCCGAGTCACCGCTT-1_2",12,"Resting"
"TGCCGAGTCGACGCTG-1_2",12,"Resting"
"TGCGACGCAAGAGAGA-1_2",12,"Resting"
"TGCGACGCATGTGACT-1_2",12,"Intermediate"
"TGCGATAAGGGATGTC-1_2",12,"Activated"
"TGCGATACAATGAAAC-1_2",12,"Resting"
"TGCGATACAGACAAAT-1_2",12,"TEMRA"
"TGCGGCAAGGATGCGT-1_2",12,"Resting"
"TGCGGCAAGGTTAGTA-1_2",12,"Resting"
"TGCGGCACAAACTGCT-1_2",12,"TEMRA"
"TGCGGCACAGCCTACG-1_2",12,"Resting"
"TGCGGCAGTGTAGTGG-1_2",12,"Activated"
"TGCGGCAGTTATCCAG-1_2",12,"Activated"
"TGCGGGTGTATGTGTC-1_2",12,"TEMRA"
"TGCGGGTTCAGATGCT-1_2",12,"Intermediate"
"TGCGGGTTCGATGGAG-1_2",12,"Resting"
"TGCTCCACAATGAAAC-1_2",12,"Intermediate"
"TGCTCCATCCAATGCA-1_2",12,"Resting"
"TGCTCGTGTCCAATCA-1_2",12,"TEMRA"
"TGCTGAACAAGTGATA-1_2",12,"TEMRA"
"TGCTGAATCATCGGGC-1_2",12,"Resting"
"TGCTTCGAGAAGAGCA-1_2",12,"Intermediate"
"TGCTTCGAGCGTATGG-1_2",12,"Resting"
"TGCTTCGCATCAGTGT-1_2",12,"Activated"
"TGCTTCGGTATCATGC-1_2",12,"Intermediate"
"TGCTTCGTCTCCCATG-1_2",12,"Activated"
"TGCTTGCCAGATTCGT-1_2",12,"Intermediate"
"TGCTTGCCATCGTGGC-1_2",12,"Intermediate"
"TGCTTGCTCTTCGGTC-1_2",12,"Resting"
"TGGAACTAGCACTGGA-1_2",12,"Resting"
"TGGAACTTCGGAGCAA-1_2",12,"Resting"
"TGGAGAGGTTTCTATC-1_2",12,"Resting"
"TGGAGGAAGAGGTCAC-1_2",12,"Resting"
"TGGAGGATCTCTGAGA-1_2",12,"TEMRA"
"TGGATCAAGTCCCAGC-1_2",12,"Intermediate"
"TGGATCACACGAGGAT-1_2",12,"Activated"
"TGGATCACATAGTCGT-1_2",12,"TEMRA"
"TGGATCATCGAGAACG-1_2",12,"Intermediate"
"TGGATCATCGTCCATC-1_2",12,"Resting"
"TGGATGTCAGAACTCT-1_2",12,"Resting"
"TGGATGTTCATCCTGC-1_2",12,"Activated"
"TGGCGTGAGCAGGTCA-1_2",12,"Resting"
"TGGCGTGCAACCGATT-1_2",12,"Intermediate"
"TGGCGTGTCATTCATC-1_2",12,"Resting"
"TGGCGTGTCGAGAGCA-1_2",12,"Resting"
"TGGGAAGAGGCCTAAG-1_2",12,"Intermediate"
"TGGGAAGCACGGTCTG-1_2",12,"Intermediate"
"TGGGAAGTCCCGAAAT-1_2",12,"Intermediate"
"TGGGAAGTCGAATCCA-1_2",12,"TEMRA"
"TGGGAGACAATTAGGA-1_2",12,"Resting"
"TGGGAGACACGGTGTC-1_2",12,"Intermediate"
"TGGGATTAGGGTGAAA-1_2",12,"Intermediate"
"TGGGATTTCCACGTGG-1_2",12,"Intermediate"
"TGGGCGTCAATCTAGC-1_2",12,"Activated"
"TGGGCTGGTACCTATG-1_2",12,"Intermediate"
"TGGGCTGGTCCTATAG-1_2",12,"TEMRA"
"TGGGTTAAGACTGGGT-1_2",12,"Resting"
"TGGTACAAGTCACTCA-1_2",12,"Activated"
"TGGTAGTAGAGACAAG-1_2",12,"TEMRA"
"TGGTAGTGTGGTCTCG-1_2",12,"Resting"
"TGGTAGTTCTGCACCT-1_2",12,"Intermediate"
"TGGTGATGTTGCGTAT-1_2",12,"Activated"
"TGTAACGGTCATAGTC-1_2",12,"Activated"
"TGTAACGTCGGAGTGA-1_2",12,"Intermediate"
"TGTACAGCAAGATGTA-1_2",12,"Intermediate"
"TGTACAGGTAGGTGCA-1_2",12,"Resting"
"TGTACAGGTGAACCGA-1_2",12,"Resting"
"TGTCAGAAGATGCAGC-1_2",12,"Resting"
"TGTCAGACAATAACCC-1_2",12,"Resting"
"TGTCAGATCATTCACT-1_2",12,"Intermediate"
"TGTCCACGTCATCCCT-1_2",12,"Intermediate"
"TGTCCACTCAAATAGG-1_2",12,"Intermediate"
"TGTCCCATCGCCAGAC-1_2",12,"Resting"
"TGTCCTGAGCCTGCCA-1_2",12,"Activated"
"TGTGAGTTCCTGGGTG-1_2",12,"Activated"
"TGTGATGCATCATTTC-1_2",12,"Intermediate"
"TGTGATGGTCCGGACT-1_2",12,"Resting"
"TGTGCGGCAATTGCTG-1_2",12,"TEMRA"
"TGTGCGGCACCCTCTA-1_2",12,"Intermediate"
"TGTGCGGGTGATGGCA-1_2",12,"TEMRA"
"TGTGGCGCATCCGGCA-1_2",12,"TEMRA"
"TGTGGCGTCACTACTT-1_2",12,"Intermediate"
"TGTGGCGTCATTTCCA-1_2",12,"Intermediate"
"TGTGTGAAGAATACAC-1_2",12,"Activated"
"TGTTACTGTCACTTCC-1_2",12,"Resting"
"TGTTCATCATGGTGGA-1_2",12,"Intermediate"
"TGTTCATGTAGCCCTG-1_2",12,"Resting"
"TGTTCATTCACTTTGT-1_2",12,"Resting"
"TGTTCCGAGAGGTTAT-1_2",12,"TEMRA"
"TGTTCCGCAGACACCC-1_2",12,"Intermediate"
"TGTTGAGAGGTAGACC-1_2",12,"Intermediate"
"TGTTGGAAGCGCCATC-1_2",12,"Intermediate"
"TGTTGGAAGTAGTCCT-1_2",12,"TEMRA"
"TGTTGGAGTATGAAAC-1_2",12,"Resting"
"TGTTGGAGTCATCGGC-1_2",12,"Intermediate"
"TGTTTGTGTGCCTTCT-1_2",12,"Intermediate"
"TGTTTGTGTTGTTGAC-1_2",12,"Resting"
"TGTTTGTTCCTAAGTG-1_2",12,"Resting"
"TTAATCCAGTAGACCG-1_2",12,"Resting"
"TTAATCCGTAAGGTCG-1_2",12,"Activated"
"TTAATCCGTAGCTGCC-1_2",12,"Resting"
"TTAATCCGTGCACATT-1_2",12,"Resting"
"TTACAGGAGCATGCAG-1_2",12,"TEMRA"
"TTACAGGCACAAATAG-1_2",12,"Intermediate"
"TTACAGGCAGATAAAC-1_2",12,"TEMRA"
"TTACCATAGACGGTTG-1_2",12,"Intermediate"
"TTACCATAGTAAGACT-1_2",12,"Intermediate"
"TTACCATCAGGCCTGT-1_2",12,"Intermediate"
"TTACCGCCAACGTAAA-1_2",12,"Undefined1"
"TTACGCCGTAGCTGCC-1_2",12,"Resting"
"TTACGCCTCAGTGTCA-1_2",12,"Intermediate"
"TTACGCCTCGATTTCT-1_2",12,"Resting"
"TTACGCCTCGTAGAGG-1_2",12,"Resting"
"TTACGCCTCTCGCAGG-1_2",12,"Intermediate"
"TTACGTTAGACCAACG-1_2",12,"TEMRA"
"TTACGTTAGCACTAAA-1_2",12,"Activated"
"TTACGTTAGCTACAAA-1_2",12,"Resting"
"TTACTGTAGGCTCACC-1_2",12,"Intermediate"
"TTACTGTCATTGACCA-1_2",12,"TEMRA"
"TTAGGCATCCTCTTTC-1_2",12,"Resting"
"TTAGGGTTCTCATTTG-1_2",12,"Intermediate"
"TTAGTCTAGTCACAGG-1_2",12,"Resting"
"TTATTGCCAACAACAA-1_2",12,"Resting"
"TTCAATCCACCGTGCA-1_2",12,"TEMRA"
"TTCAATCGTGGGTATG-1_2",12,"Activated"
"TTCAATCTCAAGTGGG-1_2",12,"Resting"
"TTCACCGAGGAAAGGT-1_2",12,"Intermediate"
"TTCACCGCAATTTCCT-1_2",12,"TEMRA"
"TTCACCGTCGTGGCTG-1_2",12,"Resting"
"TTCAGGACAAAGGCTG-1_2",12,"Resting"
"TTCAGGACAGAGCCCT-1_2",12,"Resting"
"TTCAGGACAGTAGAGC-1_2",12,"Intermediate"
"TTCATGTAGGTAATCA-1_2",12,"TEMRA"
"TTCATGTCACCCTGAG-1_2",12,"Activated"
"TTCATGTTCAGTCACA-1_2",12,"Intermediate"
"TTCATGTTCTATCCAT-1_2",12,"Resting"
"TTCATTGGTACACTCA-1_2",12,"Intermediate"
"TTCATTGGTCGATTAC-1_2",12,"Intermediate"
"TTCATTGTCACGAGGA-1_2",12,"TEMRA"
"TTCATTGTCTCCACTG-1_2",12,"Resting"
"TTCCAATGTGGTTTGT-1_2",12,"Resting"
"TTCCAATGTTTCCCAC-1_2",12,"Intermediate"
"TTCCACGAGCCGCACT-1_2",12,"TEMRA"
"TTCCACGAGGCTTCCG-1_2",12,"Resting"
"TTCCACGCACTCCACT-1_2",12,"Intermediate"
"TTCCACGTCGTTTACT-1_2",12,"TEMRA"
"TTCCACGTCTATTGTC-1_2",12,"Activated"
"TTCCGGTCAGCAAGAC-1_2",12,"Resting"
"TTCCGGTGTGCGGTAA-1_2",12,"Resting"
"TTCCGTGAGCAGGCTA-1_2",12,"Intermediate"
"TTCCGTGCAGGATCTT-1_2",12,"Intermediate"
"TTCCGTGGTTTCTTAC-1_2",12,"Resting"
"TTCCGTGTCAGCAGAG-1_2",12,"Resting"
"TTCCGTGTCCAGCACG-1_2",12,"Resting"
"TTCCTAAAGATTGATG-1_2",12,"Resting"
"TTCCTAATCGATGGAG-1_2",12,"TEMRA"
"TTCCTCTCACCAATTG-1_2",12,"Intermediate"
"TTCCTTCCAACACAAA-1_2",12,"Resting"
"TTCCTTCCACGCGCTA-1_2",12,"TEMRA"
"TTCCTTCCAGGCCTGT-1_2",12,"Resting"
"TTCCTTCTCCGCTGTT-1_2",12,"Intermediate"
"TTCGATTTCACCTGTC-1_2",12,"Intermediate"
"TTCGATTTCCGTAGTA-1_2",12,"TEMRA"
"TTCGATTTCTGGTGCG-1_2",12,"Intermediate"
"TTCGCTGAGATACAGT-1_2",12,"Intermediate"
"TTCGCTGTCCGCGATG-1_2",12,"Intermediate"
"TTCGGTCCAGGTATGG-1_2",12,"Intermediate"
"TTCGGTCGTTACTCAG-1_2",12,"Resting"
"TTCGGTCTCCTTGAAG-1_2",12,"Activated"
"TTCTAACGTCCACTTC-1_2",12,"Resting"
"TTCTAGTGTATCGATC-1_2",12,"Resting"
"TTCTAGTTCCCGTTCA-1_2",12,"TEMRA"
"TTCTAGTTCCCTCTCC-1_2",12,"Intermediate"
"TTCTAGTTCCTCTCTT-1_2",12,"Intermediate"
"TTCTCTCAGCAGCACA-1_2",12,"Resting"
"TTCTCTCTCCATCTCG-1_2",12,"Resting"
"TTCTCTCTCGATTGGT-1_2",12,"Intermediate"
"TTCTCTCTCTACCTTA-1_2",12,"Intermediate"
"TTCTGTAAGTGATTCC-1_2",12,"Intermediate"
"TTCTGTACACCGGAAA-1_2",12,"Resting"
"TTCTTCCAGGTAAAGG-1_2",12,"Resting"
"TTCTTCCCACAACCGC-1_2",12,"Intermediate"
"TTCTTCCCAGGAATAT-1_2",12,"Intermediate"
"TTCTTCCCATGATAGA-1_2",12,"Resting"
"TTCTTGACATTGCCGG-1_2",12,"Intermediate"
"TTGAACGCAGAACTCT-1_2",12,"Resting"
"TTGAACGTCCTAAGTG-1_2",12,"Activated"
"TTGACCCAGCACCTGC-1_2",12,"Intermediate"
"TTGACCCGTTCCTACC-1_2",12,"Resting"
"TTGAGTGAGAAATTGC-1_2",12,"Resting"
"TTGAGTGAGCAACTTC-1_2",12,"Intermediate"
"TTGAGTGTCTCGAACA-1_2",12,"Intermediate"
"TTGATGGCATCAGCTA-1_2",12,"Resting"
"TTGCATTAGAATTGCA-1_2",12,"Intermediate"
"TTGCCTGCAAGAATGT-1_2",12,"Resting"
"TTGCCTGCACAGAGAC-1_2",12,"Resting"
"TTGCCTGCACGACGCT-1_2",12,"Intermediate"
"TTGCCTGGTCCTACAA-1_2",12,"Intermediate"
"TTGCGTCAGTAGCTCT-1_2",12,"Activated"
"TTGCGTCAGTCGGCAA-1_2",12,"Resting"
"TTGCTGCCAGGCTACC-1_2",12,"Intermediate"
"TTGGATGGTTCGATTG-1_2",12,"Intermediate"
"TTGGGATCATCCGAGC-1_2",12,"Resting"
"TTGGGCGAGGACGCTA-1_2",12,"Intermediate"
"TTGGGCGGTTTACTTC-1_2",12,"Resting"
"TTGTGGACAGTAGATA-1_2",12,"Resting"
"TTGTGTTCACCTGTCT-1_2",12,"Resting"
"TTGTGTTCATAATCCG-1_2",12,"Resting"
"TTGTTCAAGCAGTCTT-1_2",12,"Intermediate"
"TTGTTCAAGGTAGGCT-1_2",12,"Resting"
"TTGTTGTAGAAACTGT-1_2",12,"Resting"
"TTGTTGTTCAAGTCTG-1_2",12,"Intermediate"
"TTGTTTGGTATCTCGA-1_2",12,"Resting"
"TTGTTTGTCGTCAACA-1_2",12,"Activated"
"TTTACCACAGTAACAA-1_2",12,"Resting"
"TTTACCAGTTAATCGC-1_2",12,"Intermediate"
"TTTACCATCGTCCTCA-1_2",12,"Resting"
"TTTACGTAGCAGGCAT-1_2",12,"TEMRA"
"TTTACGTGTACGATCT-1_2",12,"Activated"
"TTTACGTGTTACACAC-1_2",12,"Resting"
"TTTACTGAGCTCCATA-1_2",12,"Resting"
"TTTACTGCAACGTTAC-1_2",12,"TEMRA"
"TTTATGCAGCGGATCA-1_2",12,"Intermediate"
"TTTATGCCACAGGATG-1_2",12,"Intermediate"
"TTTATGCCAGCACCCA-1_2",12,"Intermediate"
"TTTATGCCAGGTTCAT-1_2",12,"Intermediate"
"TTTCACAAGACGCCAA-1_2",12,"Activated"
"TTTCACAAGCGCGTTC-1_2",12,"Intermediate"
"TTTCACAAGTTTGAGA-1_2",12,"Resting"
"TTTCACACAGAACATA-1_2",12,"TEMRA"
"TTTCAGTAGCCGAATG-1_2",12,"Resting"
"TTTCAGTCAACTGCTA-1_2",12,"Resting"
"TTTCAGTCAGTAACAA-1_2",12,"Resting"
"TTTCAGTGTTCGGACC-1_2",12,"Resting"
"TTTCATGAGCTATCTG-1_2",12,"Intermediate"
"TTTCATGAGGCTAGCA-1_2",12,"Undefined1"
"TTTCCTCCATTGTCGA-1_2",12,"Intermediate"
"TTTCCTCGTACGACTT-1_2",12,"Resting"
"TTTCCTCGTCAGCTTA-1_2",12,"Intermediate"
"TTTCCTCGTGACTGTT-1_2",12,"Intermediate"
"TTTCGATCACCTGCGA-1_2",12,"Intermediate"
"TTTCGATGTATCGGTT-1_2",12,"Resting"
"TTTGACTTCCACTAGA-1_2",12,"Resting"
"TTTGATCGTAACATCC-1_2",12,"Intermediate"
"TTTGGAGCATCGAAGG-1_2",12,"Intermediate"
"TTTGGAGTCCTCTCTT-1_2",12,"Resting"
"TTTGGAGTCTGAGCAT-1_2",12,"Resting"
"TTTGGTTAGCACGATG-1_2",12,"Intermediate"
"TTTGGTTAGCATATGA-1_2",12,"Intermediate"
"TTTGGTTAGCTTGTGT-1_2",12,"Activated"
"TTTGGTTGTTCGGGTC-1_2",12,"Intermediate"
"TTTGTTGTCCTATTTG-1_2",12,"Intermediate"
"TTTGTTGTCGGTAAGG-1_2",12,"Resting"
"AAACCCACATGGCCAC-1_3",24,"Resting"
"AAACCCACATTGTAGC-1_3",24,"TEMRA"
"AAACGAACAAATGATG-1_3",24,"Intermediate"
"AAACGAACACTCCCTA-1_3",24,"Activated"
"AAACGAAGTAAGTTAG-1_3",24,"Activated"
"AAACGAAGTACGCTAT-1_3",24,"Activated"
"AAACGAAGTATAGGAT-1_3",24,"Intermediate"
"AAACGAAGTGGGCTCT-1_3",24,"Intermediate"
"AAACGAATCTGTAAGC-1_3",24,"Activated"
"AAACGAATCTTTGCTA-1_3",24,"Intermediate"
"AAACGCTCAAGACTGG-1_3",24,"Activated"
"AAACGCTCATGCCGAC-1_3",24,"Resting"
"AAAGGATAGATGGTAT-1_3",24,"Activated"
"AAAGGATAGCCGCTTG-1_3",24,"Intermediate"
"AAAGGATAGGTAAAGG-1_3",24,"Intermediate"
"AAAGGATCATACATCG-1_3",24,"TEMRA"
"AAAGGGCTCGCGGACT-1_3",24,"Activated"
"AAAGGTAAGTAGTCAA-1_3",24,"Intermediate"
"AAAGGTACAGGCAATG-1_3",24,"Intermediate"
"AAAGGTAGTGAGACCA-1_3",24,"Resting"
"AAAGTCCAGCGAACTG-1_3",24,"TEMRA"
"AAAGTCCAGTTCCGGC-1_3",24,"Activated"
"AAAGTCCGTAATGCTC-1_3",24,"Activated"
"AAAGTCCGTCCTATAG-1_3",24,"Intermediate"
"AAAGTCCGTGCCTTTC-1_3",24,"Intermediate"
"AAAGTCCTCCTGGCTT-1_3",24,"Activated"
"AAAGTGAAGTCTGGAG-1_3",24,"Intermediate"
"AAAGTGAGTCACCACG-1_3",24,"Activated"
"AAAGTGAGTCTACATG-1_3",24,"Intermediate"
"AAAGTGAGTTCTCTAT-1_3",24,"TEMRA"
"AAATGGACACAGACGA-1_3",24,"TEMRA"
"AAATGGAGTATCACGT-1_3",24,"Intermediate"
"AAATGGATCGCATAGT-1_3",24,"Activated"
"AAATGGATCTCAGGCG-1_3",24,"Intermediate"
"AACAAAGAGATGGTCG-1_3",24,"Activated"
"AACAAAGAGCTCGCAC-1_3",24,"Intermediate"
"AACAAAGAGGTTCCGC-1_3",24,"Activated"
"AACAAAGGTATCGCTA-1_3",24,"Activated"
"AACAAAGGTTCCACGG-1_3",24,"Intermediate"
"AACAACCAGACCATTC-1_3",24,"TEMRA"
"AACAACCCAAACTCTG-1_3",24,"Resting"
"AACAACCGTGAAGCGT-1_3",24,"Intermediate"
"AACAACCTCCGCGGAT-1_3",24,"Resting"
"AACAACCTCGGAACTT-1_3",24,"Intermediate"
"AACAACCTCTCGAACA-1_3",24,"Activated"
"AACAACCTCTGGTCAA-1_3",24,"TEMRA"
"AACAAGAAGACCTCCG-1_3",24,"Intermediate"
"AACAAGAAGACTGTTC-1_3",24,"Activated"
"AACAAGAAGTTCCATG-1_3",24,"Intermediate"
"AACAAGACAGGTGGAT-1_3",24,"Intermediate"
"AACAAGACATGCCGCA-1_3",24,"Activated"
"AACAAGAGTCCCTAAA-1_3",24,"Resting"
"AACAAGAGTTGGGATG-1_3",24,"Resting"
"AACAAGATCTCCATAT-1_3",24,"Intermediate"
"AACACACCATTGTGCA-1_3",24,"TEMRA"
"AACACACGTTAGCGGA-1_3",24,"Resting"
"AACACACTCATTGCTT-1_3",24,"TEMRA"
"AACAGGGCACAAATAG-1_3",24,"Resting"
"AACAGGGTCCAGGACC-1_3",24,"Activated"
"AACCAACAGCCGTTAT-1_3",24,"Intermediate"
"AACCAACGTTCCAAAC-1_3",24,"Resting"
"AACCACAAGTATCCTG-1_3",24,"TEMRA"
"AACCACAAGTATGGAT-1_3",24,"Activated"
"AACCACAAGTCCTACA-1_3",24,"Resting"
"AACCACAAGTTCCGGC-1_3",24,"Resting"
"AACCACACAAGACGAC-1_3",24,"Intermediate"
"AACCACACATTGACTG-1_3",24,"Activated"
"AACCACATCTAGACAC-1_3",24,"Intermediate"
"AACCATGAGAAGCGCT-1_3",24,"Activated"
"AACCATGAGTAGCCAG-1_3",24,"TEMRA"
"AACCATGGTACGTAGG-1_3",24,"Intermediate"
"AACCATGGTGGCAGAT-1_3",24,"Intermediate"
"AACCCAAAGGATGGCT-1_3",24,"Intermediate"
"AACCCAAGTCCCGGTA-1_3",24,"Intermediate"
"AACCCAATCAATCCGA-1_3",24,"TEMRA"
"AACCTGAAGTTGCCTA-1_3",24,"Intermediate"
"AACCTGACAATGTCAC-1_3",24,"Intermediate"
"AACCTGACACATGGTT-1_3",24,"Resting"
"AACCTGACAGGCGAAT-1_3",24,"Intermediate"
"AACCTGACATCTCATT-1_3",24,"Resting"
"AACCTGATCCTTCACG-1_3",24,"Resting"
"AACCTTTAGGTCGTGA-1_3",24,"Activated"
"AACCTTTAGGTGGCTA-1_3",24,"TEMRA"
"AACCTTTAGTCTGTAC-1_3",24,"Activated"
"AACCTTTCAAAGTGTA-1_3",24,"Intermediate"
"AACCTTTCAGTAACAA-1_3",24,"Resting"
"AACCTTTGTCCAGTTA-1_3",24,"Resting"
"AACCTTTTCAGTCTTT-1_3",24,"Resting"
"AACCTTTTCCTACACC-1_3",24,"Intermediate"
"AACCTTTTCTGGGCGT-1_3",24,"TEMRA"
"AACGAAAGTGTCTTAG-1_3",24,"Activated"
"AACGAAATCCCTTCCC-1_3",24,"Intermediate"
"AACGGGAAGCGTGTTT-1_3",24,"Intermediate"
"AACGGGACAGTTCACA-1_3",24,"Intermediate"
"AACGGGACATATCTGG-1_3",24,"Activated"
"AACGGGACATGGTACT-1_3",24,"Intermediate"
"AACGGGACATTGTGCA-1_3",24,"Intermediate"
"AACGGGAGTAGAAACT-1_3",24,"TEMRA"
"AACGGGAGTGTGTGTT-1_3",24,"Intermediate"
"AACGGGATCTAGGCCG-1_3",24,"Intermediate"
"AACGTCACATGGAAGC-1_3",24,"Intermediate"
"AACGTCAGTACGAGCA-1_3",24,"Resting"
"AACGTCATCACCTACC-1_3",24,"Intermediate"
"AACGTCATCGAGTACT-1_3",24,"Resting"
"AACTTCTAGCCTGAAG-1_3",24,"Intermediate"
"AACTTCTAGCTAAGTA-1_3",24,"Intermediate"
"AACTTCTAGGCCTGAA-1_3",24,"Activated"
"AACTTCTCAGCTGTTA-1_3",24,"Activated"
"AACTTCTGTGGCCCAT-1_3",24,"Resting"
"AACTTCTGTGTGGTCC-1_3",24,"Activated"
"AACTTCTGTTCCTACC-1_3",24,"Resting"
"AACTTCTTCAAAGGAT-1_3",24,"Intermediate"
"AAGAACACACCCTAGG-1_3",24,"Activated"
"AAGAACAGTGACCTGC-1_3",24,"Resting"
"AAGAACAGTTGTTGTG-1_3",24,"Activated"
"AAGAACATCGTAGTCA-1_3",24,"Intermediate"
"AAGACAAGTGGAATGC-1_3",24,"TEMRA"
"AAGACAATCAGCGCGT-1_3",24,"Resting"
"AAGACTCAGATTTGCC-1_3",24,"Resting"
"AAGACTCCAGAATCGG-1_3",24,"Activated"
"AAGACTCGTCGTGCCA-1_3",24,"Intermediate"
"AAGACTCGTGTGAGCA-1_3",24,"Intermediate"
"AAGATAGCATCTCATT-1_3",24,"Resting"
"AAGATAGGTTCCAAAC-1_3",24,"Intermediate"
"AAGATAGTCCGCATAA-1_3",24,"Intermediate"
"AAGCATCAGTAAGCAT-1_3",24,"Intermediate"
"AAGCATCCACTCTGCT-1_3",24,"Intermediate"
"AAGCATCCAGCAGTTT-1_3",24,"Resting"
"AAGCATCCAGGTGAGT-1_3",24,"Resting"
"AAGCATCGTCAGTTTG-1_3",24,"Intermediate"
"AAGCCATAGTTGAAAC-1_3",24,"Intermediate"
"AAGCCATCAGGACGAT-1_3",24,"Intermediate"
"AAGCCATCATTAGGCT-1_3",24,"Intermediate"
"AAGCCATTCAGATTGC-1_3",24,"Intermediate"
"AAGCCATTCGCATAGT-1_3",24,"Resting"
"AAGCCATTCTGTCCCA-1_3",24,"Intermediate"
"AAGCGAGAGGAACGTC-1_3",24,"Activated"
"AAGCGAGCAGATCACT-1_3",24,"Intermediate"
"AAGCGAGCATGGTGGA-1_3",24,"Intermediate"
"AAGCGAGTCCTTCTGG-1_3",24,"Intermediate"
"AAGCGAGTCGTTCGCT-1_3",24,"Activated"
"AAGCGTTAGATCCGAG-1_3",24,"Activated"
"AAGCGTTAGTCCGTCG-1_3",24,"Intermediate"
"AAGCGTTCACAACGCC-1_3",24,"Resting"
"AAGCGTTGTACCGCGT-1_3",24,"Activated"
"AAGCGTTGTGAAAGTT-1_3",24,"Intermediate"
"AAGCGTTGTTGCGGAA-1_3",24,"Intermediate"
"AAGCGTTTCGACCTAA-1_3",24,"Intermediate"
"AAGGAATAGTAGGAAG-1_3",24,"Resting"
"AAGGAATAGTCACTAC-1_3",24,"Activated"
"AAGGAATCATCAGCGC-1_3",24,"Intermediate"
"AAGGAATGTAAGGAGA-1_3",24,"Intermediate"
"AAGGTAAGTATTCCTT-1_3",24,"Activated"
"AAGGTAATCTTACCGC-1_3",24,"TEMRA"
"AAGTACCAGCATCAGG-1_3",24,"Intermediate"
"AAGTACCCACCTCTGT-1_3",24,"Intermediate"
"AAGTACCCAGGAGGTT-1_3",24,"TEMRA"
"AAGTACCCAGGTCAGA-1_3",24,"Resting"
"AAGTACCTCCTACACC-1_3",24,"Resting"
"AAGTCGTAGGATACCG-1_3",24,"Resting"
"AAGTCGTAGGTGATCG-1_3",24,"Resting"
"AAGTCGTCAGTATACC-1_3",24,"Resting"
"AAGTGAAAGATCGACG-1_3",24,"TEMRA"
"AAGTGAAAGCGATGCA-1_3",24,"Intermediate"
"AAGTGAACATACTGTG-1_3",24,"Intermediate"
"AAGTGAATCAAGCTTG-1_3",24,"Resting"
"AAGTGAATCATTCGTT-1_3",24,"Activated"
"AAGTGAATCGCTTGCT-1_3",24,"Intermediate"
"AAGTTCGCAAAGGCTG-1_3",24,"Intermediate"
"AAGTTCGCAGCGTACC-1_3",24,"Activated"
"AAGTTCGGTTGGACTT-1_3",24,"Activated"
"AAGTTCGTCGAGCACC-1_3",24,"Intermediate"
"AAGTTCGTCTTGGTGA-1_3",24,"Activated"
"AATAGAGAGAGGTCGT-1_3",24,"Resting"
"AATAGAGGTCGTATGT-1_3",24,"Intermediate"
"AATAGAGGTCTCACAA-1_3",24,"Intermediate"
"AATAGAGGTTCCATTT-1_3",24,"Intermediate"
"AATCACGAGACGCATG-1_3",24,"Activated"
"AATCACGCATTCACAG-1_3",24,"Intermediate"
"AATCACGGTCTTTCAT-1_3",24,"Resting"
"AATCACGGTGACCGTC-1_3",24,"Resting"
"AATCGACAGCGCTTCG-1_3",24,"Resting"
"AATCGACCACTTCAAG-1_3",24,"Resting"
"AATCGACGTCTTTATC-1_3",24,"Activated"
"AATCGACTCTGGACCG-1_3",24,"Resting"
"AATCGTGAGAAGATCT-1_3",24,"Intermediate"
"AATCGTGAGATGACAT-1_3",24,"Intermediate"
"AATCGTGAGGTTAGTA-1_3",24,"Intermediate"
"AATCGTGTCTCCGCAT-1_3",24,"Intermediate"
"AATCGTGTCTTGCAAG-1_3",24,"Resting"
"AATGAAGCAAATACAG-1_3",24,"TEMRA"
"AATGAAGCAAGCTACT-1_3",24,"Activated"
"AATGAAGTCTACACAG-1_3",24,"Resting"
"AATGACCGTAGAAACT-1_3",24,"Activated"
"AATGACCGTTAGCGGA-1_3",24,"Activated"
"AATGACCTCGATACAC-1_3",24,"Resting"
"AATGCCACATCTATCT-1_3",24,"Intermediate"
"AATGCCATCTTCCTAA-1_3",24,"Activated"
"AATGGAACAACGGGTA-1_3",24,"Activated"
"AATGGAAGTTGTATGC-1_3",24,"Intermediate"
"AATGGCTGTCAGTCTA-1_3",24,"Resting"
"AATGGCTGTGGATCAG-1_3",24,"Intermediate"
"AATGGCTGTTACGTAC-1_3",24,"Resting"
"AATGGCTGTTTGACAC-1_3",24,"Activated"
"AATGGCTTCATTGTGG-1_3",24,"Intermediate"
"AATGGCTTCGCAGTGC-1_3",24,"Intermediate"
"AATGGCTTCTGAGATC-1_3",24,"Intermediate"
"AATGGCTTCTGAGTCA-1_3",24,"Intermediate"
"AATGGCTTCTGGTTGA-1_3",24,"Intermediate"
"AATTCCTCATGTTCGA-1_3",24,"Resting"
"AATTCCTGTTCGAGCC-1_3",24,"Activated"
"AATTCCTTCTCCGCAT-1_3",24,"Resting"
"AATTTCCAGGCTGGAT-1_3",24,"Activated"
"AATTTCCCAGATTCGT-1_3",24,"Intermediate"
"AATTTCCTCTGCACCT-1_3",24,"Undefined2"
"ACAAAGAGTAGCTCGC-1_3",24,"Resting"
"ACAAAGAGTGACGTCC-1_3",24,"Activated"
"ACAAAGAGTTAAACCC-1_3",24,"Undefined2"
"ACAACCAAGCCTTGAT-1_3",24,"Resting"
"ACAACCAAGTAAATGC-1_3",24,"Intermediate"
"ACAACCACAACTCCAA-1_3",24,"Activated"
"ACAACCACACTTGACA-1_3",24,"Resting"
"ACAACCAGTGGACTAG-1_3",24,"Intermediate"
"ACAAGCTAGCCACTCG-1_3",24,"Resting"
"ACAAGCTCACACTGGC-1_3",24,"Intermediate"
"ACAAGCTGTCAGACGA-1_3",24,"Resting"
"ACAAGCTTCGTCACCT-1_3",24,"Intermediate"
"ACACAGTAGCACGATG-1_3",24,"Intermediate"
"ACACAGTAGTGCCTCG-1_3",24,"Intermediate"
"ACACAGTGTAGGTCAG-1_3",24,"Activated"
"ACACCAAAGTTCACTG-1_3",24,"TEMRA"
"ACACCAAGTGGCGCTT-1_3",24,"Intermediate"
"ACACGCGCACAGAAGC-1_3",24,"Intermediate"
"ACACGCGCACATTCGA-1_3",24,"Resting"
"ACACGCGCATTGAGGG-1_3",24,"Resting"
"ACACGCGGTATCAGGG-1_3",24,"Intermediate"
"ACACGCGGTTCTCTAT-1_3",24,"Intermediate"
"ACACGCGTCACTGTTT-1_3",24,"Intermediate"
"ACACTGACACAGCGCT-1_3",24,"Activated"
"ACACTGAGTTAAACCC-1_3",24,"Activated"
"ACAGAAAAGGTCGACA-1_3",24,"Activated"
"ACAGAAATCTTCCAGC-1_3",24,"Intermediate"
"ACAGCCGTCGAGTGAG-1_3",24,"Resting"
"ACAGGGACATGAGTAA-1_3",24,"Resting"
"ACAGGGAGTAACGTTC-1_3",24,"Activated"
"ACAGGGAGTCTGTTAG-1_3",24,"Activated"
"ACATCCCAGGTTGTTC-1_3",24,"Resting"
"ACATCCCGTGGTCAAG-1_3",24,"Activated"
"ACATCCCGTGGTTTAC-1_3",24,"Activated"
"ACATCCCTCATGCATG-1_3",24,"Intermediate"
"ACATCCCTCATTGCGA-1_3",24,"Intermediate"
"ACATCCCTCGGCCTTT-1_3",24,"Intermediate"
"ACATCGACAGGACATG-1_3",24,"Intermediate"
"ACATCGAGTCTGCATA-1_3",24,"Intermediate"
"ACATGCAAGTCCCAAT-1_3",24,"Resting"
"ACATGCACAATAACGA-1_3",24,"TEMRA"
"ACATGCACAGGTCTCG-1_3",24,"Intermediate"
"ACATGCATCTACCCAC-1_3",24,"Intermediate"
"ACATTTCCATGTTTGG-1_3",24,"Activated"
"ACATTTCGTCGCAGTC-1_3",24,"TEMRA"
"ACATTTCGTGGTCAAG-1_3",24,"Resting"
"ACATTTCGTGTTCGAT-1_3",24,"Activated"
"ACATTTCTCCTAAACG-1_3",24,"TEMRA"
"ACCAAACCAGTATGAA-1_3",24,"Activated"
"ACCAAACGTACGTGAG-1_3",24,"Intermediate"
"ACCAAACGTTCTTGCC-1_3",24,"Intermediate"
"ACCAAACTCATAGGCT-1_3",24,"Intermediate"
"ACCAACAAGTAGTGCG-1_3",24,"Activated"
"ACCAACACAGACCGCT-1_3",24,"Intermediate"
"ACCAACACAGGAGACT-1_3",24,"Intermediate"
"ACCAACATCGTCCTCA-1_3",24,"Intermediate"
"ACCAACATCTAGCATG-1_3",24,"Intermediate"
"ACCACAACACCGGTCA-1_3",24,"TEMRA"
"ACCACAAGTCACGACC-1_3",24,"Intermediate"
"ACCATTTGTTCTCGTC-1_3",24,"TEMRA"
"ACCATTTGTTGACTAC-1_3",24,"TEMRA"
"ACCCAAAAGAGATCGC-1_3",24,"Activated"
"ACCCAAAAGCACCGAA-1_3",24,"Intermediate"
"ACCCAAACAGCGTAGA-1_3",24,"Intermediate"
"ACCCAAAGTTCGGACC-1_3",24,"Intermediate"
"ACCCAAATCCGATTAG-1_3",24,"Intermediate"
"ACCCTCAAGAATAGTC-1_3",24,"Intermediate"
"ACCCTCAAGTCATCCA-1_3",24,"Intermediate"
"ACCCTCACAGTTGTTG-1_3",24,"Activated"
"ACCCTCATCTCGGTAA-1_3",24,"Intermediate"
"ACCCTTGAGACCAAGC-1_3",24,"Activated"
"ACCCTTGGTAGGTTTC-1_3",24,"Activated"
"ACCGTTCGTCAGTTTG-1_3",24,"Activated"
"ACCGTTCTCCTATTGT-1_3",24,"Intermediate"
"ACCGTTCTCTATCCAT-1_3",24,"Intermediate"
"ACCTACCAGACCCTTA-1_3",24,"Resting"
"ACCTACCAGGGCTTCC-1_3",24,"Resting"
"ACCTACCCACATTACG-1_3",24,"Intermediate"
"ACCTACCGTGAATGTA-1_3",24,"Resting"
"ACCTACCGTGGGAGAG-1_3",24,"TEMRA"
"ACCTACCGTGTAACGG-1_3",24,"Resting"
"ACCTACCTCAGTCCGG-1_3",24,"Intermediate"
"ACCTACCTCATTACTC-1_3",24,"Intermediate"
"ACCTGAAAGTAATACG-1_3",24,"Activated"
"ACCTGAACAAAGGATT-1_3",24,"Intermediate"
"ACCTGAAGTGAGTAGC-1_3",24,"Activated"
"ACCTGAATCAACCTTT-1_3",24,"Intermediate"
"ACCTGAATCAGTGCGC-1_3",24,"Intermediate"
"ACCTGAATCTAGTGAC-1_3",24,"Intermediate"
"ACCTGTCAGTGGCGAT-1_3",24,"TEMRA"
"ACCTGTCCAACACGTT-1_3",24,"Intermediate"
"ACCTGTCCAACGGGTA-1_3",24,"Intermediate"
"ACCTGTCCACAGTGAG-1_3",24,"Activated"
"ACCTGTCCATCGTCCT-1_3",24,"Activated"
"ACCTGTCCATGTGCTA-1_3",24,"Intermediate"
"ACCTGTCGTAGCTTTG-1_3",24,"Activated"
"ACCTGTCTCGCCAGTG-1_3",24,"Intermediate"
"ACGATCAAGCCATTGT-1_3",24,"Intermediate"
"ACGATCACATTCACAG-1_3",24,"Intermediate"
"ACGATCAGTTGTAAAG-1_3",24,"Intermediate"
"ACGATCATCAGGAACG-1_3",24,"TEMRA"
"ACGATCATCATCGTAG-1_3",24,"Resting"
"ACGATGTCAAATGATG-1_3",24,"Activated"
"ACGATGTCACAACATC-1_3",24,"Intermediate"
"ACGATGTGTACTGCCG-1_3",24,"Intermediate"
"ACGATGTGTCGAGTGA-1_3",24,"Intermediate"
"ACGCACGAGAATTGCA-1_3",24,"Activated"
"ACGCACGAGCATAGGC-1_3",24,"Intermediate"
"ACGCACGCAGGTAGTG-1_3",24,"Resting"
"ACGCACGCATCGCTCT-1_3",24,"TEMRA"
"ACGCACGGTCAGGCAA-1_3",24,"Activated"
"ACGCACGGTTAGTTCG-1_3",24,"Intermediate"
"ACGGAAGAGAGGATGA-1_3",24,"Resting"
"ACGGAAGAGGGCAGGA-1_3",24,"Intermediate"
"ACGGAAGCACCGTCGA-1_3",24,"Intermediate"
"ACGGAAGCATAGGCGA-1_3",24,"Intermediate"
"ACGGAAGGTTACTCAG-1_3",24,"Intermediate"
"ACGGGTCAGGACCCAA-1_3",24,"Resting"
"ACGGGTCCAACCGACC-1_3",24,"Activated"
"ACGGGTCCACCTGATA-1_3",24,"Activated"
"ACGGGTCGTGTGTGGA-1_3",24,"Activated"
"ACGGTCGAGCACCCAC-1_3",24,"Activated"
"ACGGTCGGTACTGCCG-1_3",24,"Resting"
"ACGGTCGGTAGTTAGA-1_3",24,"Activated"
"ACGGTCGGTCCCTCAT-1_3",24,"Intermediate"
"ACGGTCGGTTGGGACA-1_3",24,"Intermediate"
"ACGGTTACACCTATCC-1_3",24,"Intermediate"
"ACGGTTAGTCGAGCTC-1_3",24,"Intermediate"
"ACGGTTAGTTGGGTAG-1_3",24,"Intermediate"
"ACGGTTATCAAATGAG-1_3",24,"Activated"
"ACGTAACCACCAGCCA-1_3",24,"Intermediate"
"ACGTAACGTCTCGACG-1_3",24,"Resting"
"ACGTAACTCTACGGTA-1_3",24,"Intermediate"
"ACGTACAAGCTACGTT-1_3",24,"Resting"
"ACGTACAAGTCCTACA-1_3",24,"Intermediate"
"ACGTACAGTATTTCGG-1_3",24,"TEMRA"
"ACGTAGTAGGTCATTC-1_3",24,"Resting"
"ACGTAGTAGTATGACA-1_3",24,"Intermediate"
"ACGTAGTGTTCTCCCA-1_3",24,"Intermediate"
"ACGTCCTAGAAAGTCT-1_3",24,"Intermediate"
"ACGTCCTAGAGTCCGA-1_3",24,"Activated"
"ACGTCCTAGATGCAGC-1_3",24,"Activated"
"ACGTCCTCAGGCTCTG-1_3",24,"Resting"
"ACGTCCTGTGCTCTCT-1_3",24,"Activated"
"ACGTCCTGTTCGTAAC-1_3",24,"Resting"
"ACGTCCTTCAGACAAA-1_3",24,"Intermediate"
"ACGTCCTTCTTGCAAG-1_3",24,"Resting"
"ACGTTCCCATACAGCT-1_3",24,"Resting"
"ACTACGAAGGGCAAGG-1_3",24,"TEMRA"
"ACTACGACACATCCCT-1_3",24,"Resting"
"ACTACGACATCGATCA-1_3",24,"Intermediate"
"ACTACGAGTTCGCGTG-1_3",24,"Intermediate"
"ACTATCTCAACCGGAA-1_3",24,"Intermediate"
"ACTATCTCAGAACTCT-1_3",24,"Resting"
"ACTATCTTCGAGTGGA-1_3",24,"Intermediate"
"ACTATGGCAATGGCAG-1_3",24,"Intermediate"
"ACTATGGCAGTTGAAA-1_3",24,"Activated"
"ACTATGGCATCCTGTC-1_3",24,"Intermediate"
"ACTATGGGTAAGGCCA-1_3",24,"Intermediate"
"ACTATGGGTCAATCTG-1_3",24,"Resting"
"ACTATTCTCTCATAGG-1_3",24,"Activated"
"ACTCCCAAGTATGAAC-1_3",24,"Intermediate"
"ACTCCCAGTAGCTTAC-1_3",24,"Intermediate"
"ACTCCCAGTCACTCGG-1_3",24,"Intermediate"
"ACTCCCAGTTCCTTGC-1_3",24,"Undefined2"
"ACTCCCATCATTATCC-1_3",24,"Intermediate"
"ACTCCCATCGCGATCG-1_3",24,"TEMRA"
"ACTCTCGGTAGCGTTT-1_3",24,"Activated"
"ACTCTCGGTGTCCTAA-1_3",24,"TEMRA"
"ACTCTCGTCCCGGTAG-1_3",24,"Intermediate"
"ACTGATGAGTTTGGCT-1_3",24,"Activated"
"ACTGATGGTATGCAAA-1_3",24,"Intermediate"
"ACTGCAAAGTAACAGT-1_3",24,"Intermediate"
"ACTGCAACAATTGCGT-1_3",24,"Activated"
"ACTGCAAGTAACATGA-1_3",24,"Intermediate"
"ACTGCAAGTCAGGCAA-1_3",24,"TEMRA"
"ACTGCAATCATGGTAC-1_3",24,"Intermediate"
"ACTGCAATCCTACGGG-1_3",24,"Resting"
"ACTGCAATCTCTCGCA-1_3",24,"Resting"
"ACTGTCCCAGCTGTAT-1_3",24,"Intermediate"
"ACTGTCCGTAGCTTTG-1_3",24,"Intermediate"
"ACTGTCCGTGTCGATT-1_3",24,"Activated"
"ACTGTGAAGAACGTGC-1_3",24,"Intermediate"
"ACTGTGACAACACACT-1_3",24,"Intermediate"
"ACTGTGACACGACAGA-1_3",24,"TEMRA"
"ACTGTGACATACGCAT-1_3",24,"Intermediate"
"ACTGTGAGTACGCGTC-1_3",24,"Undefined1"
"ACTGTGAGTTGAGGAC-1_3",24,"Intermediate"
"ACTTAGGCATACTGAC-1_3",24,"Intermediate"
"ACTTAGGGTGGATCGA-1_3",24,"Intermediate"
"ACTTATCAGGCTATCT-1_3",24,"TEMRA"
"ACTTATCAGTCTTGGT-1_3",24,"Resting"
"ACTTATCCATCAGTGT-1_3",24,"Intermediate"
"ACTTATCGTACCACGC-1_3",24,"Intermediate"
"ACTTATCGTAGCTGTT-1_3",24,"Undefined2"
"ACTTATCTCCCGAGTG-1_3",24,"Intermediate"
"ACTTATCTCGCTCATC-1_3",24,"Intermediate"
"ACTTATCTCGGCTGTG-1_3",24,"Intermediate"
"ACTTCCGCAATAAGGT-1_3",24,"Intermediate"
"ACTTCCGCATGGTGGA-1_3",24,"TEMRA"
"ACTTCCGGTGAATGTA-1_3",24,"Intermediate"
"ACTTCGCAGTCTTCGA-1_3",24,"Resting"
"ACTTCGCTCTGTCCCA-1_3",24,"Activated"
"ACTTCGCTCTTGGGCG-1_3",24,"TEMRA"
"ACTTTCAAGGCAATGC-1_3",24,"Intermediate"
"ACTTTCACAAGAGGCT-1_3",24,"Activated"
"ACTTTCAGTCTTGGTA-1_3",24,"TEMRA"
"ACTTTCAGTGCCGTAC-1_3",24,"Intermediate"
"AGAAATGCACGAGGAT-1_3",24,"Intermediate"
"AGAAATGGTAACATGA-1_3",24,"Intermediate"
"AGAAATGGTCCCGCAA-1_3",24,"Intermediate"
"AGAAATGTCCATTCGC-1_3",24,"TEMRA"
"AGAACAAAGAGAGCGG-1_3",24,"Intermediate"
"AGAACAACAAGTGCAG-1_3",24,"Intermediate"
"AGAACAAGTCACCGAC-1_3",24,"Activated"
"AGAACAATCCTTCTTC-1_3",24,"Intermediate"
"AGAACCTCAACCAACT-1_3",24,"Resting"
"AGAACCTCAAGCAGGT-1_3",24,"Intermediate"
"AGAACCTGTAAGATTG-1_3",24,"Intermediate"
"AGAACCTTCGCTGTCT-1_3",24,"Intermediate"
"AGAAGCGAGACGTCGA-1_3",24,"Intermediate"
"AGAAGCGCAACACGTT-1_3",24,"Resting"
"AGAAGCGGTCCTTTGC-1_3",24,"Intermediate"
"AGAAGCGGTGAACGGT-1_3",24,"Resting"
"AGAAGTAAGAGTTGAT-1_3",24,"Activated"
"AGAAGTACATCGGTTA-1_3",24,"Resting"
"AGACAAAGTCCGCAGT-1_3",24,"Intermediate"
"AGACAAAGTGACCGAA-1_3",24,"Resting"
"AGACAAAGTTGTACGT-1_3",24,"Intermediate"
"AGACACTAGAATAACC-1_3",24,"TEMRA"
"AGACACTAGGGAGGAC-1_3",24,"Activated"
"AGACACTGTTCTCACC-1_3",24,"Resting"
"AGACAGGAGAGCAAGA-1_3",24,"Intermediate"
"AGACAGGAGCATCCTA-1_3",24,"Intermediate"
"AGACAGGTCTCGACGG-1_3",24,"Intermediate"
"AGACCATAGCGCCATC-1_3",24,"Intermediate"
"AGACCATCAAGATGGC-1_3",24,"Activated"
"AGACCATGTGGTACAG-1_3",24,"Intermediate"
"AGACCCGCAGCGTATT-1_3",24,"Intermediate"
"AGACCCGGTACCCACG-1_3",24,"Resting"
"AGACCCGGTATCCCAA-1_3",24,"Undefined1"
"AGACCCGGTCGTACTA-1_3",24,"Intermediate"
"AGACCCGTCGACGCTG-1_3",24,"Intermediate"
"AGACTCAAGGTGGCTA-1_3",24,"TEMRA"
"AGAGAATCAATTAGGA-1_3",24,"Activated"
"AGAGAATCATACGCAT-1_3",24,"Intermediate"
"AGAGAATGTAACAAGT-1_3",24,"Intermediate"
"AGAGAATGTGGGTTGA-1_3",24,"Activated"
"AGAGAATTCCGATGTA-1_3",24,"Activated"
"AGAGAATTCTCACGAA-1_3",24,"TEMRA"
"AGAGAGCCATGACGGA-1_3",24,"Intermediate"
"AGAGAGCCATGACTCA-1_3",24,"Intermediate"
"AGAGAGCGTGACAACG-1_3",24,"Intermediate"
"AGAGAGCTCGAATCCA-1_3",24,"TEMRA"
"AGAGCAGGTGAATTAG-1_3",24,"Intermediate"
"AGAGCAGGTTACTCAG-1_3",24,"Intermediate"
"AGAGCAGTCCGATCTC-1_3",24,"Intermediate"
"AGAGCCCAGATCGCCC-1_3",24,"Activated"
"AGAGCCCAGTTAACGA-1_3",24,"Activated"
"AGAGCCCCAAGTATAG-1_3",24,"Resting"
"AGAGCCCTCTAGATCG-1_3",24,"Intermediate"
"AGAGCCCTCTCAGGCG-1_3",24,"Activated"
"AGATAGACAGCCGTCA-1_3",24,"Intermediate"
"AGATAGAGTCCACACG-1_3",24,"Intermediate"
"AGATAGATCAGTGGGA-1_3",24,"Intermediate"
"AGATAGATCCTCTCTT-1_3",24,"Resting"
"AGATCCAAGTTCTACG-1_3",24,"Intermediate"
"AGATCCACAAGCGCTC-1_3",24,"Intermediate"
"AGATCCACAGTAACAA-1_3",24,"Resting"
"AGATCCAGTCTCAGGC-1_3",24,"Resting"
"AGATCGTCAAATGAGT-1_3",24,"TEMRA"
"AGATCGTCAATACGCT-1_3",24,"Resting"
"AGATGAACATGCCATA-1_3",24,"Resting"
"AGATGAAGTTGATGTC-1_3",24,"Intermediate"
"AGATGCTTCATCTATC-1_3",24,"Intermediate"
"AGCATCAAGCACCTGC-1_3",24,"Activated"
"AGCATCAAGTGCTACT-1_3",24,"Intermediate"
"AGCATCACATCCAATG-1_3",24,"Intermediate"
"AGCATCAGTCCCGGTA-1_3",24,"Intermediate"
"AGCATCAGTCGTGGAA-1_3",24,"Activated"
"AGCATCATCATGCGGC-1_3",24,"Resting"
"AGCCAATGTTGACTAC-1_3",24,"Resting"
"AGCCAATTCGCTATTT-1_3",24,"Intermediate"
"AGCCACGAGCATGTTC-1_3",24,"Intermediate"
"AGCCACGAGTGATAAC-1_3",24,"Resting"
"AGCCACGCAAGATGTA-1_3",24,"TEMRA"
"AGCCACGGTACGGCAA-1_3",24,"Intermediate"
"AGCCACGTCCACGTGG-1_3",24,"Activated"
"AGCCACGTCCAGTGCG-1_3",24,"TEMRA"
"AGCCACGTCGAACTCA-1_3",24,"Activated"
"AGCCACGTCGATACGT-1_3",24,"Resting"
"AGCCAGCAGACGTCGA-1_3",24,"Intermediate"
"AGCCAGCAGCTAGATA-1_3",24,"Intermediate"
"AGCCAGCCATGCAGCC-1_3",24,"Intermediate"
"AGCCAGCGTACAATAG-1_3",24,"Resting"
"AGCCAGCGTGGCCTCA-1_3",24,"Intermediate"
"AGCCAGCGTGTGCCTG-1_3",24,"Intermediate"
"AGCCAGCTCACTGTCC-1_3",24,"Intermediate"
"AGCGATTAGGTCACCC-1_3",24,"Intermediate"
"AGCGATTCACAGAGAC-1_3",24,"Resting"
"AGCGATTCAGACCTAT-1_3",24,"Resting"
"AGCGATTTCTGTCCCA-1_3",24,"Intermediate"
"AGCGCCAAGGGTTGCA-1_3",24,"Intermediate"
"AGCGCCACAAATCGTC-1_3",24,"Intermediate"
"AGCGCCAGTTGCCAAT-1_3",24,"Resting"
"AGCGCCATCACCGGTG-1_3",24,"Activated"
"AGCGCCATCATTGTTC-1_3",24,"Intermediate"
"AGCGCCATCGCAACAT-1_3",24,"Intermediate"
"AGCGCCATCTTAATCC-1_3",24,"Activated"
"AGCGCTGAGAATCTAG-1_3",24,"Activated"
"AGCGCTGGTCTAGTGT-1_3",24,"Intermediate"
"AGCGCTGGTGGAATGC-1_3",24,"Activated"
"AGCGCTGTCCATTTAC-1_3",24,"Intermediate"
"AGCGTATAGCAAATGT-1_3",24,"Resting"
"AGCGTATAGCAATAGT-1_3",24,"Intermediate"
"AGCGTATAGCCGAATG-1_3",24,"Intermediate"
"AGCGTATTCTTGATTC-1_3",24,"Activated"
"AGCGTCGAGCAGATAT-1_3",24,"Activated"
"AGCGTCGGTTCGAGCC-1_3",24,"Intermediate"
"AGCGTCGTCGTTAGTG-1_3",24,"Intermediate"
"AGCTACAAGACGCCAA-1_3",24,"TEMRA"
"AGCTACAAGAGCCGTA-1_3",24,"Activated"
"AGCTACAAGCCATCCG-1_3",24,"Activated"
"AGCTACAAGCCTATCA-1_3",24,"Intermediate"
"AGCTACACAAATACGA-1_3",24,"Intermediate"
"AGCTACAGTATCTCGA-1_3",24,"Resting"
"AGCTCAAGTATCAGCT-1_3",24,"Intermediate"
"AGCTCAAGTGGCTGCT-1_3",24,"Activated"
"AGCTTCCAGCGGGTAT-1_3",24,"Resting"
"AGCTTCCCACATTGTG-1_3",24,"Intermediate"
"AGCTTCCGTCATACCA-1_3",24,"Intermediate"
"AGGAAATAGGGCAGAG-1_3",24,"Intermediate"
"AGGAAATGTCGCCACA-1_3",24,"Intermediate"
"AGGAAATTCAAGATAG-1_3",24,"Intermediate"
"AGGAATAAGCAGCCCT-1_3",24,"Activated"
"AGGAATAAGTGCCGAA-1_3",24,"TEMRA"
"AGGAATACAGAAGCTG-1_3",24,"Intermediate"
"AGGAATACAGATACTC-1_3",24,"Resting"
"AGGAATACAGTTTCGA-1_3",24,"Activated"
"AGGAATAGTCTACAGT-1_3",24,"Intermediate"
"AGGAATAGTTGGGATG-1_3",24,"Resting"
"AGGAATATCGCGTAGC-1_3",24,"Activated"
"AGGAATATCTCTATAC-1_3",24,"Intermediate"
"AGGACGAGTATGAGGC-1_3",24,"Activated"
"AGGACGATCCAATCTT-1_3",24,"Resting"
"AGGACGATCCTTTAGT-1_3",24,"Resting"
"AGGACGATCTTAGGAC-1_3",24,"Intermediate"
"AGGACGATCTTCTGTA-1_3",24,"Intermediate"
"AGGACTTGTACCCGCA-1_3",24,"Intermediate"
"AGGACTTGTTAGGGAC-1_3",24,"Resting"
"AGGACTTTCAGACCGC-1_3",24,"Intermediate"
"AGGACTTTCCACAAGT-1_3",24,"Intermediate"
"AGGAGGTAGATTCGCT-1_3",24,"TEMRA"
"AGGAGGTAGCAGTAAT-1_3",24,"Intermediate"
"AGGAGGTAGTCTTCGA-1_3",24,"Resting"
"AGGAGGTCATCTGGGC-1_3",24,"Intermediate"
"AGGAGGTTCAGGAAGC-1_3",24,"Resting"
"AGGAGGTTCTCTGGTC-1_3",24,"Resting"
"AGGATAAAGAACAAGG-1_3",24,"Intermediate"
"AGGATAAAGGATCATA-1_3",24,"Resting"
"AGGATAACAGCTACAT-1_3",24,"Activated"
"AGGATAAGTCACTAGT-1_3",24,"Intermediate"
"AGGATCTAGATACTGA-1_3",24,"Intermediate"
"AGGATCTCAACACAGG-1_3",24,"Intermediate"
"AGGATCTCAATTTCTC-1_3",24,"Activated"
"AGGATCTTCGATTCCC-1_3",24,"Intermediate"
"AGGATCTTCTCTCGAC-1_3",24,"Intermediate"
"AGGCATTAGAGCAAGA-1_3",24,"Resting"
"AGGCATTTCCGGTTCT-1_3",24,"Resting"
"AGGCATTTCGTAGCTA-1_3",24,"TEMRA"
"AGGCATTTCTCCGCAT-1_3",24,"Resting"
"AGGCATTTCTGCTTAT-1_3",24,"Intermediate"
"AGGCATTTCTTAAGGC-1_3",24,"Activated"
"AGGCCACGTCAGTTTG-1_3",24,"Intermediate"
"AGGCCACTCCGATAAC-1_3",24,"Intermediate"
"AGGCTGCCAAGCCTGC-1_3",24,"Undefined2"
"AGGCTGCGTAACGCGA-1_3",24,"Intermediate"
"AGGCTGCGTTCAAACC-1_3",24,"Intermediate"
"AGGCTGCTCACAGTGT-1_3",24,"Intermediate"
"AGGGAGTAGCAGGGAG-1_3",24,"Intermediate"
"AGGGAGTAGCTAAACA-1_3",24,"Intermediate"
"AGGGAGTGTCCTCAGG-1_3",24,"Intermediate"
"AGGGCCTAGAGAGGTA-1_3",24,"Intermediate"
"AGGGCCTAGCAGCCTC-1_3",24,"Undefined2"
"AGGGCCTGTATGACAA-1_3",24,"Activated"
"AGGGCCTTCCTAAGTG-1_3",24,"Intermediate"
"AGGGCTCCACTAGGCC-1_3",24,"Intermediate"
"AGGGCTCCAGGTGACA-1_3",24,"Activated"
"AGGGCTCGTCTGTAGT-1_3",24,"Intermediate"
"AGGGCTCGTGTACAGG-1_3",24,"Intermediate"
"AGGGCTCTCGCTTTAT-1_3",24,"Intermediate"
"AGGGTCCAGCGATTCT-1_3",24,"Intermediate"
"AGGGTCCCAGAGACTG-1_3",24,"Activated"
"AGGGTGAAGTCACACT-1_3",24,"Activated"
"AGGGTGACAACAACAA-1_3",24,"Resting"
"AGGGTGACAGTCAGCC-1_3",24,"Intermediate"
"AGGGTGAGTCACTTAG-1_3",24,"TEMRA"
"AGGGTGAGTTTCCAAG-1_3",24,"Intermediate"
"AGGGTGATCCACTGAA-1_3",24,"Undefined2"
"AGGGTGATCTGGCCGA-1_3",24,"Intermediate"
"AGGGTTTAGAGGATCC-1_3",24,"Resting"
"AGGGTTTTCGATTGGT-1_3",24,"Activated"
"AGGTAGGAGATCCGAG-1_3",24,"Activated"
"AGGTAGGCACTAGTAC-1_3",24,"Intermediate"
"AGGTAGGCATTCACCC-1_3",24,"Intermediate"
"AGGTAGGGTCAAACGG-1_3",24,"Intermediate"
"AGGTAGGGTCCAACGC-1_3",24,"Intermediate"
"AGGTAGGGTGGCGTAA-1_3",24,"Resting"
"AGGTAGGGTTCCTTGC-1_3",24,"Intermediate"
"AGGTAGGTCAAGTGGG-1_3",24,"Intermediate"
"AGGTCATAGTACTCGT-1_3",24,"Resting"
"AGGTCATCATACTGAC-1_3",24,"Activated"
"AGGTCATGTCTGTAAC-1_3",24,"Intermediate"
"AGGTCATGTGAATAAC-1_3",24,"Resting"
"AGGTCTAGTGTTAACC-1_3",24,"TEMRA"
"AGGTGTTAGACCAAAT-1_3",24,"Resting"
"AGGTGTTAGGCTGAAC-1_3",24,"TEMRA"
"AGGTGTTCAAGCGAAC-1_3",24,"Intermediate"
"AGGTGTTGTACGCGTC-1_3",24,"Intermediate"
"AGGTGTTGTCCACGCA-1_3",24,"Intermediate"
"AGGTTACAGGGCGAGA-1_3",24,"Activated"
"AGGTTACAGTTCCGGC-1_3",24,"Intermediate"
"AGGTTACCAATCCTTT-1_3",24,"Activated"
"AGGTTACCATTGCTGA-1_3",24,"Resting"
"AGGTTACGTCGATTAC-1_3",24,"Intermediate"
"AGGTTACGTGCGTCGT-1_3",24,"TEMRA"
"AGGTTACTCAGTCTTT-1_3",24,"Activated"
"AGGTTGTCACATTCTT-1_3",24,"Activated"
"AGGTTGTCAGCGACCT-1_3",24,"Intermediate"
"AGGTTGTTCACTCGAA-1_3",24,"Resting"
"AGGTTGTTCCTCATAT-1_3",24,"Intermediate"
"AGGTTGTTCCTGTAGA-1_3",24,"Intermediate"
"AGTAACCCAAATCCCA-1_3",24,"Resting"
"AGTAACCCAACTCGTA-1_3",24,"TEMRA"
"AGTAACCGTTGTGTTG-1_3",24,"Activated"
"AGTAACCTCATTTCCA-1_3",24,"TEMRA"
"AGTAACCTCCGATTAG-1_3",24,"Intermediate"
"AGTAACCTCCGTGTAA-1_3",24,"Activated"
"AGTAACCTCCTGTAAG-1_3",24,"Intermediate"
"AGTACCAAGACAGTCG-1_3",24,"Activated"
"AGTACCACAAGCAATA-1_3",24,"Activated"
"AGTACCATCAACCTCC-1_3",24,"TEMRA"
"AGTACCATCAAGCTGT-1_3",24,"TEMRA"
"AGTACCATCCGCAAAT-1_3",24,"Resting"
"AGTACCATCGAGATAA-1_3",24,"Activated"
"AGTACCATCTCGGTCT-1_3",24,"Intermediate"
"AGTACTGTCACCGGGT-1_3",24,"Intermediate"
"AGTAGCTAGAAAGTCT-1_3",24,"Intermediate"
"AGTAGCTAGAATTTGG-1_3",24,"Resting"
"AGTAGCTAGCACGTCC-1_3",24,"Intermediate"
"AGTAGCTAGGTCCTGC-1_3",24,"Intermediate"
"AGTAGCTGTAATGCGG-1_3",24,"Intermediate"
"AGTAGCTTCTTGGAAC-1_3",24,"Activated"
"AGTAGTCAGATTGAGT-1_3",24,"Activated"
"AGTAGTCGTGCCTGAC-1_3",24,"Intermediate"
"AGTCAACAGAGTAACT-1_3",24,"TEMRA"
"AGTCAACCAGGCACAA-1_3",24,"Resting"
"AGTCAACGTCGTTTCC-1_3",24,"Resting"
"AGTCAACGTGAGTAAT-1_3",24,"TEMRA"
"AGTCAACGTTGCCGAC-1_3",24,"Resting"
"AGTCAACTCTTCTTCC-1_3",24,"Intermediate"
"AGTCACAGTACTGACT-1_3",24,"Activated"
"AGTCACATCAAACCTG-1_3",24,"TEMRA"
"AGTCACATCACCTTGC-1_3",24,"Intermediate"
"AGTCACATCAGTCCGG-1_3",24,"Activated"
"AGTCATGAGGTCTTTG-1_3",24,"Activated"
"AGTCATGCAATGGCAG-1_3",24,"Intermediate"
"AGTCATGTCGTTCATT-1_3",24,"Activated"
"AGTCTCCCACGCTATA-1_3",24,"Resting"
"AGTCTCCGTCCCAAAT-1_3",24,"TEMRA"
"AGTCTCCGTCTGTGTA-1_3",24,"Intermediate"
"AGTGACTAGGAACGAA-1_3",24,"Activated"
"AGTGACTAGGCCATAG-1_3",24,"Intermediate"
"AGTGATCCACCGCTAG-1_3",24,"Intermediate"
"AGTGATCCAGTCAGTT-1_3",24,"TEMRA"
"AGTGATCGTGCAGATG-1_3",24,"Intermediate"
"AGTGATCTCGACGATT-1_3",24,"Intermediate"
"AGTGCCGAGCTGTCCG-1_3",24,"TEMRA"
"AGTGCCGAGGCGATAC-1_3",24,"Intermediate"
"AGTGCCGCAGAATTCC-1_3",24,"Resting"
"AGTGCCGTCAGTAGGG-1_3",24,"Intermediate"
"AGTGTTGCACAAAGCG-1_3",24,"Resting"
"AGTGTTGGTATTGGCT-1_3",24,"TEMRA"
"AGTGTTGTCAAGCTGT-1_3",24,"Resting"
"AGTTAGCCAGACCCGT-1_3",24,"Resting"
"AGTTAGCCATATCGGT-1_3",24,"Activated"
"AGTTAGCGTAGAAACT-1_3",24,"Activated"
"AGTTAGCGTTCGGGTC-1_3",24,"Intermediate"
"AGTTCCCGTGTCATTG-1_3",24,"Activated"
"AGTTCGACAGCAGTGA-1_3",24,"Intermediate"
"AGTTCGAGTTGCTCCT-1_3",24,"Resting"
"AGTTCGATCCCTTCCC-1_3",24,"Resting"
"AGTTCGATCCTCTCTT-1_3",24,"Activated"
"ATACCGACATATACCG-1_3",24,"Resting"
"ATACCGAGTGAGAACC-1_3",24,"Intermediate"
"ATACCTTAGAATCCCT-1_3",24,"TEMRA"
"ATACCTTCAACAACAA-1_3",24,"Activated"
"ATACCTTGTATAGCTC-1_3",24,"Intermediate"
"ATACCTTGTATGTCCA-1_3",24,"Intermediate"
"ATACCTTGTCGATGCC-1_3",24,"Activated"
"ATACTTCAGCTAAACA-1_3",24,"Intermediate"
"ATACTTCTCGAACCTA-1_3",24,"Intermediate"
"ATACTTCTCGTTCCTG-1_3",24,"Activated"
"ATAGACCCAATAGGAT-1_3",24,"Intermediate"
"ATAGACCCATCTGTTT-1_3",24,"Activated"
"ATAGACCGTGATCATC-1_3",24,"Activated"
"ATAGACCTCAACGCTA-1_3",24,"Activated"
"ATAGACCTCTCTCGCA-1_3",24,"Intermediate"
"ATAGAGAAGGCGACAT-1_3",24,"Intermediate"
"ATAGAGAAGGTGCATG-1_3",24,"Resting"
"ATAGAGACAGGGATAC-1_3",24,"Intermediate"
"ATAGGCTAGACAACTA-1_3",24,"Resting"
"ATAGGCTCAGCGGTTC-1_3",24,"Intermediate"
"ATATCCTAGATGAACT-1_3",24,"Intermediate"
"ATATCCTAGCAAATCA-1_3",24,"Intermediate"
"ATATCCTCAAGTGTCT-1_3",24,"Activated"
"ATATCCTCACCTGTCT-1_3",24,"Intermediate"
"ATATCCTCAGCAGATG-1_3",24,"Intermediate"
"ATATCCTCAGCTTTGA-1_3",24,"Intermediate"
"ATATCCTCATGTTTGG-1_3",24,"Resting"
"ATATCCTGTGGCAACA-1_3",24,"TEMRA"
"ATATCCTTCCAGTGCG-1_3",24,"Activated"
"ATATCCTTCGCACGGT-1_3",24,"Intermediate"
"ATCACAGAGACGACTG-1_3",24,"Intermediate"
"ATCACAGCATACAGCT-1_3",24,"Intermediate"
"ATCACAGCATCTAGAC-1_3",24,"Resting"
"ATCACAGTCCAACACA-1_3",24,"Resting"
"ATCACAGTCCATTGCC-1_3",24,"Activated"
"ATCACGAAGCGTATGG-1_3",24,"Resting"
"ATCACGAAGGCATCGA-1_3",24,"Activated"
"ATCACGACACAGCTTA-1_3",24,"Resting"
"ATCACGACACGGGTAA-1_3",24,"Resting"
"ATCACGACACGGTGAA-1_3",24,"Intermediate"
"ATCACGACACTTGTCC-1_3",24,"Intermediate"
"ATCACGATCGATCCCT-1_3",24,"Intermediate"
"ATCACGATCTCATAGG-1_3",24,"Intermediate"
"ATCACTTGTGACTGTT-1_3",24,"Intermediate"
"ATCACTTTCATCGCCT-1_3",24,"Resting"
"ATCACTTTCGAACGGA-1_3",24,"Resting"
"ATCACTTTCGTCGACG-1_3",24,"Intermediate"
"ATCAGGTAGAGCATCG-1_3",24,"Intermediate"
"ATCAGGTAGCGTGCCT-1_3",24,"Intermediate"
"ATCAGGTCAGATTTCG-1_3",24,"TEMRA"
"ATCAGGTGTAGCTAAA-1_3",24,"Resting"
"ATCAGGTGTGCCTTCT-1_3",24,"Resting"
"ATCAGGTTCCATGATG-1_3",24,"Activated"
"ATCATTCAGGGCGAGA-1_3",24,"TEMRA"
"ATCATTCAGTTCCGGC-1_3",24,"Intermediate"
"ATCATTCCACAGTCAT-1_3",24,"TEMRA"
"ATCATTCCACAGTCGC-1_3",24,"TEMRA"
"ATCATTCCACCCTTGT-1_3",24,"Resting"
"ATCATTCGTACTTGTG-1_3",24,"Resting"
"ATCATTCTCATGAGAA-1_3",24,"Intermediate"
"ATCATTCTCCATTTCA-1_3",24,"Intermediate"
"ATCCACCAGCATCGAG-1_3",24,"Resting"
"ATCCACCAGCTACAAA-1_3",24,"Activated"
"ATCCACCAGTAGGCCA-1_3",24,"Intermediate"
"ATCCACCCAACAGCTT-1_3",24,"Intermediate"
"ATCCACCTCGCCTTTG-1_3",24,"Activated"
"ATCCACCTCTCAATCT-1_3",24,"Intermediate"
"ATCCATTGTACGAAAT-1_3",24,"Resting"
"ATCCATTGTCTTCCGT-1_3",24,"Resting"
"ATCCCTGAGAAATCCA-1_3",24,"Intermediate"
"ATCCCTGAGTTGTCAC-1_3",24,"Intermediate"
"ATCCCTGCAACACACT-1_3",24,"Activated"
"ATCCCTGCAACTTGGT-1_3",24,"Activated"
"ATCCCTGCACGAAAGC-1_3",24,"TEMRA"
"ATCCCTGCAGTAGTGG-1_3",24,"Intermediate"
"ATCCCTGCATATTCGG-1_3",24,"Activated"
"ATCCCTGCATCGAACT-1_3",24,"Intermediate"
"ATCCCTGGTAGCACAG-1_3",24,"Activated"
"ATCCCTGGTATGCTAC-1_3",24,"Intermediate"
"ATCCCTGGTGTAGCAG-1_3",24,"Intermediate"
"ATCCCTGTCATGCCGG-1_3",24,"Intermediate"
"ATCCCTGTCTATTCGT-1_3",24,"Intermediate"
"ATCCCTGTCTGCTAGA-1_3",24,"Intermediate"
"ATCCGTCAGGGCCTCT-1_3",24,"Activated"
"ATCCGTCCACGACAGA-1_3",24,"Activated"
"ATCCGTCTCCATACTT-1_3",24,"Resting"
"ATCCTATAGACTAGAT-1_3",24,"Intermediate"
"ATCCTATCAATACCTG-1_3",24,"Resting"
"ATCCTATGTACTCGAT-1_3",24,"Intermediate"
"ATCCTATGTCTCAAGT-1_3",24,"TEMRA"
"ATCCTATTCGGCACTG-1_3",24,"Intermediate"
"ATCGATGAGTCTCTGA-1_3",24,"Resting"
"ATCGATGCAACTGCCG-1_3",24,"Intermediate"
"ATCGATGGTCCGTTTC-1_3",24,"TEMRA"
"ATCGATGGTTTAGTCG-1_3",24,"Intermediate"
"ATCGATGTCTCAAAGC-1_3",24,"Activated"
"ATCGCCTAGCAGCACA-1_3",24,"Intermediate"
"ATCGGATAGACGCAGT-1_3",24,"Resting"
"ATCGGATGTACAGCGA-1_3",24,"Intermediate"
"ATCGGATTCATTCATC-1_3",24,"Resting"
"ATCGGCGAGCAGGCTA-1_3",24,"Intermediate"
"ATCGGCGGTATAATGG-1_3",24,"Resting"
"ATCGGCGTCAGCTCTC-1_3",24,"Resting"
"ATCGGCGTCTTTGCGC-1_3",24,"TEMRA"
"ATCGTAGAGGAAAGGT-1_3",24,"Resting"
"ATCGTAGAGTACTCGT-1_3",24,"Resting"
"ATCGTAGCAGAATCGG-1_3",24,"TEMRA"
"ATCGTAGTCGTCCATC-1_3",24,"Intermediate"
"ATCGTCCAGGCACAAC-1_3",24,"Activated"
"ATCGTCCCACGTAGAG-1_3",24,"Intermediate"
"ATCGTCCCATGCCGGT-1_3",24,"Resting"
"ATCGTCCCATTGCTTT-1_3",24,"TEMRA"
"ATCGTCCGTACGGATG-1_3",24,"Activated"
"ATCGTCCTCAGGAAAT-1_3",24,"Intermediate"
"ATCGTCCTCTCCAATT-1_3",24,"Intermediate"
"ATCGTGAAGCTTTCCC-1_3",24,"Activated"
"ATCGTGAAGGCACTAG-1_3",24,"Activated"
"ATCGTGACACACCTTC-1_3",24,"TEMRA"
"ATCTCTAAGCATTTCG-1_3",24,"TEMRA"
"ATCTCTAAGGAGGGTG-1_3",24,"Resting"
"ATCTCTAGTGTGTCGC-1_3",24,"Intermediate"
"ATCTTCAGTACAGGTG-1_3",24,"TEMRA"
"ATCTTCATCTCGCGTT-1_3",24,"Intermediate"
"ATGAAAGAGTTCCGTA-1_3",24,"Activated"
"ATGAAAGGTGCCGTTG-1_3",24,"TEMRA"
"ATGAAAGTCTCCCATG-1_3",24,"Intermediate"
"ATGACCAAGGTACTGG-1_3",24,"Resting"
"ATGACCAAGTGTCATC-1_3",24,"Intermediate"
"ATGACCACACGGATCC-1_3",24,"Intermediate"
"ATGACCACATATCGGT-1_3",24,"Intermediate"
"ATGACCAGTCGCACGT-1_3",24,"Resting"
"ATGAGGGCAACCGATT-1_3",24,"TEMRA"
"ATGAGGGCAGTTCCAA-1_3",24,"Intermediate"
"ATGAGGGGTCACTACA-1_3",24,"Intermediate"
"ATGAGGGTCGGAGATG-1_3",24,"Intermediate"
"ATGAGGGTCGGATAAA-1_3",24,"TEMRA"
"ATGAGTCAGACGCATG-1_3",24,"Resting"
"ATGAGTCAGATCCCGC-1_3",24,"Activated"
"ATGAGTCCAAAGGGCT-1_3",24,"Activated"
"ATGAGTCGTACAGCGA-1_3",24,"TEMRA"
"ATGAGTCGTAGATCGG-1_3",24,"TEMRA"
"ATGAGTCGTATGTCCA-1_3",24,"Resting"
"ATGAGTCGTGAGTAAT-1_3",24,"Intermediate"
"ATGATCGAGGGCTTCC-1_3",24,"Intermediate"
"ATGCATGCAGAACTTC-1_3",24,"Resting"
"ATGCATGCAGGTGAGT-1_3",24,"Intermediate"
"ATGCATGGTCCACAGC-1_3",24,"Resting"
"ATGCATGTCATGAAAG-1_3",24,"Intermediate"
"ATGCATGTCTGTACAG-1_3",24,"Intermediate"
"ATGCCTCAGTCACGAG-1_3",24,"Activated"
"ATGCCTCTCGTGCGAC-1_3",24,"TEMRA"
"ATGCCTCTCTGTCCCA-1_3",24,"Resting"
"ATGCGATAGAAGCGGG-1_3",24,"Intermediate"
"ATGCGATAGACCTCAT-1_3",24,"Activated"
"ATGCGATCATGACTGT-1_3",24,"TEMRA"
"ATGCGATTCACTACTT-1_3",24,"Resting"
"ATGGAGGAGTCGCCCA-1_3",24,"Intermediate"
"ATGGAGGGTTTGGAGG-1_3",24,"Intermediate"
"ATGGAGGTCTAAGGAA-1_3",24,"Intermediate"
"ATGGAGGTCTCAACCC-1_3",24,"Activated"
"ATGGATCGTAGTCTGT-1_3",24,"TEMRA"
"ATGGATCGTTGCGTAT-1_3",24,"Resting"
"ATGGGAGAGGATTTAG-1_3",24,"Intermediate"
"ATGGGAGCACAAATGA-1_3",24,"Intermediate"
"ATGGGAGCAGTGTACT-1_3",24,"Activated"
"ATGGGAGGTATACAGA-1_3",24,"Activated"
"ATGGGAGGTCTTTCTA-1_3",24,"Intermediate"
"ATGGGAGTCATGCCAA-1_3",24,"Intermediate"
"ATGGGAGTCTTCGGTC-1_3",24,"Intermediate"
"ATGGGTTAGGTAGTCG-1_3",24,"Intermediate"
"ATGGGTTTCCGTCCTA-1_3",24,"Intermediate"
"ATGGTTGAGTAGTGCG-1_3",24,"Resting"
"ATGGTTGCAACCGCTG-1_3",24,"Activated"
"ATGGTTGCAATGCTCA-1_3",24,"Intermediate"
"ATGGTTGCAGAACTTC-1_3",24,"Intermediate"
"ATGGTTGCATACCAGT-1_3",24,"Resting"
"ATGGTTGTCTCTGCCA-1_3",24,"Intermediate"
"ATGTCCCAGCATCCTA-1_3",24,"Intermediate"
"ATGTCCCGTGATTCAC-1_3",24,"Activated"
"ATGTCTTAGAAAGTCT-1_3",24,"Resting"
"ATGTCTTAGGGTATAT-1_3",24,"Activated"
"ATGTCTTAGTCACACT-1_3",24,"Intermediate"
"ATGTCTTCAAGTTGGG-1_3",24,"Activated"
"ATGTCTTGTTGATGTC-1_3",24,"Intermediate"
"ATGTCTTGTTTACCAG-1_3",24,"Activated"
"ATGTCTTTCCTTCTGG-1_3",24,"Activated"
"ATTACCTCACGGTGCT-1_3",24,"Intermediate"
"ATTACCTGTGTTCCTC-1_3",24,"Undefined2"
"ATTACCTTCCAGCTCT-1_3",24,"Activated"
"ATTACCTTCTATCCAT-1_3",24,"TEMRA"
"ATTACTCAGACATCCT-1_3",24,"Intermediate"
"ATTACTCAGAGATCGC-1_3",24,"Intermediate"
"ATTACTCCATAATGAG-1_3",24,"Intermediate"
"ATTACTCTCTGTCGCT-1_3",24,"TEMRA"
"ATTATCCAGACGACTG-1_3",24,"Resting"
"ATTATCCAGCGCACAA-1_3",24,"Intermediate"
"ATTATCCTCTAGTCAG-1_3",24,"Intermediate"
"ATTCACTCAAGGTCTT-1_3",24,"Resting"
"ATTCACTGTAAGAACT-1_3",24,"Intermediate"
"ATTCACTTCGAGAACG-1_3",24,"Activated"
"ATTCAGGCACTTGTCC-1_3",24,"Intermediate"
"ATTCAGGGTATTTCTC-1_3",24,"Intermediate"
"ATTCAGGGTTCGTACA-1_3",24,"Resting"
"ATTCAGGTCATCGCCT-1_3",24,"TEMRA"
"ATTCAGGTCCTCCACA-1_3",24,"Intermediate"
"ATTCAGGTCGTTCCTG-1_3",24,"Intermediate"
"ATTCAGGTCTCCTACG-1_3",24,"Intermediate"
"ATTCATCAGCTCTATG-1_3",24,"Intermediate"
"ATTCATCCACCAGCTG-1_3",24,"Activated"
"ATTCCATAGGTCTTTG-1_3",24,"TEMRA"
"ATTCCATCAAGGCTTT-1_3",24,"TEMRA"
"ATTCCATCAATGTCTG-1_3",24,"Intermediate"
"ATTCCCGAGTTAACGA-1_3",24,"Intermediate"
"ATTCCCGCAATTCACG-1_3",24,"Resting"
"ATTCCCGCAATTGAGA-1_3",24,"Activated"
"ATTCCCGCACCGTACG-1_3",24,"Resting"
"ATTCCCGCATCCGGTG-1_3",24,"Resting"
"ATTCCCGTCGCCCAGA-1_3",24,"TEMRA"
"ATTCCCGTCGGAGTAG-1_3",24,"Activated"
"ATTCCTAAGCGTTACT-1_3",24,"Activated"
"ATTCCTACAGGTACGA-1_3",24,"TEMRA"
"ATTCCTAGTCTGTGGC-1_3",24,"Activated"
"ATTCGTTAGAGTATAC-1_3",24,"Intermediate"
"ATTCGTTAGGTGCCAA-1_3",24,"Resting"
"ATTCGTTCAATTTCTC-1_3",24,"Resting"
"ATTCGTTCAGGGTTGA-1_3",24,"Intermediate"
"ATTCGTTTCAAGATAG-1_3",24,"Activated"
"ATTCTACCAAATTAGG-1_3",24,"Resting"
"ATTCTACCAGACCTAT-1_3",24,"TEMRA"
"ATTCTACCAGCAAGAC-1_3",24,"Intermediate"
"ATTCTACGTATGAAAC-1_3",24,"TEMRA"
"ATTCTACGTGTCCAAT-1_3",24,"TEMRA"
"ATTCTACTCTTCCTAA-1_3",24,"Resting"
"ATTCTTGCAACAGCTT-1_3",24,"Resting"
"ATTCTTGCATCTCATT-1_3",24,"Resting"
"ATTCTTGGTATGTCTG-1_3",24,"Intermediate"
"ATTCTTGGTGACAACG-1_3",24,"Activated"
"ATTCTTGGTGCAGATG-1_3",24,"Intermediate"
"ATTCTTGTCACAACCA-1_3",24,"Intermediate"
"ATTCTTGTCGTTCCTG-1_3",24,"Activated"
"ATTGGGTAGTGTGTTC-1_3",24,"Intermediate"
"ATTGGGTCAAACGGCA-1_3",24,"TEMRA"
"ATTGGGTGTAACACGG-1_3",24,"TEMRA"
"ATTGGGTGTAACATAG-1_3",24,"TEMRA"
"ATTGGGTTCAACCCGG-1_3",24,"TEMRA"
"ATTGGGTTCCGAGAAG-1_3",24,"Intermediate"
"ATTGTTCAGCCTCATA-1_3",24,"Intermediate"
"ATTGTTCAGTCTGCAT-1_3",24,"Activated"
"ATTTACCAGAGAGCGG-1_3",24,"Intermediate"
"ATTTACCAGGAAGAAC-1_3",24,"TEMRA"
"ATTTACCAGGAGACCT-1_3",24,"Intermediate"
"ATTTACCAGTTGTAAG-1_3",24,"Intermediate"
"ATTTACCGTATTGCCA-1_3",24,"TEMRA"
"ATTTCACAGAAAGCGA-1_3",24,"TEMRA"
"ATTTCACAGGCAGCTA-1_3",24,"Resting"
"ATTTCACAGGCTTTCA-1_3",24,"Intermediate"
"ATTTCACTCTGTCCCA-1_3",24,"Intermediate"
"ATTTCTGTCACCACAA-1_3",24,"Resting"
"ATTTCTGTCATCGCTC-1_3",24,"Intermediate"
"ATTTCTGTCCTCTTTC-1_3",24,"Intermediate"
"CAAAGAAAGCAAATGT-1_3",24,"Resting"
"CAAAGAAAGTTTCGAC-1_3",24,"TEMRA"
"CAAAGAACAAGCGAGT-1_3",24,"TEMRA"
"CAAAGAACACACCTTC-1_3",24,"Intermediate"
"CAAAGAACACGAAAGC-1_3",24,"Intermediate"
"CAAAGAACATCGGCCA-1_3",24,"Activated"
"CAAAGAAGTCCAGTTA-1_3",24,"Intermediate"
"CAACAACAGTCGAAAT-1_3",24,"Activated"
"CAACAACCAAGCGATG-1_3",24,"Intermediate"
"CAACAACCAAGTTCGT-1_3",24,"Activated"
"CAACAACCATCTTAGG-1_3",24,"Activated"
"CAACAACGTATCCTTT-1_3",24,"Intermediate"
"CAACAACTCCTACACC-1_3",24,"Resting"
"CAACAACTCCTGTTGC-1_3",24,"Activated"
"CAACAGTCAACCGATT-1_3",24,"Activated"
"CAACAGTCACACACTA-1_3",24,"Activated"
"CAACAGTGTGTCCCTT-1_3",24,"Activated"
"CAACAGTGTTACACAC-1_3",24,"Resting"
"CAACAGTTCCTACAAG-1_3",24,"TEMRA"
"CAACCAACAGTCGCTG-1_3",24,"Intermediate"
"CAACCAAGTTTGGGTT-1_3",24,"Activated"
"CAACCTCAGTTCGCAT-1_3",24,"Intermediate"
"CAACCTCGTCTACAGT-1_3",24,"Resting"
"CAACCTCTCTAGCCTC-1_3",24,"Intermediate"
"CAACGATAGAGGTTTA-1_3",24,"Intermediate"
"CAACGATAGTCGAATA-1_3",24,"Resting"
"CAACGATCACGTGAGA-1_3",24,"Intermediate"
"CAACGATTCCACCCTA-1_3",24,"Intermediate"
"CAACGATTCGCTAATG-1_3",24,"Intermediate"
"CAACGGCCAGGTACGA-1_3",24,"Resting"
"CAACGGCGTAACAGTA-1_3",24,"Activated"
"CAACGGCGTGATTCAC-1_3",24,"Intermediate"
"CAACGGCTCACTACTT-1_3",24,"Intermediate"
"CAAGACTAGGATTCCT-1_3",24,"Intermediate"
"CAAGACTGTTTCGACA-1_3",24,"Resting"
"CAAGAGGAGCGTGTCC-1_3",24,"Activated"
"CAAGAGGAGTACAACA-1_3",24,"Intermediate"
"CAAGAGGAGTATGCAA-1_3",24,"Intermediate"
"CAAGAGGCAGGATTCT-1_3",24,"Intermediate"
"CAAGAGGCATCAGTGT-1_3",24,"Activated"
"CAAGAGGGTCAGTCCG-1_3",24,"Intermediate"
"CAAGCTAAGGCACTCC-1_3",24,"TEMRA"
"CAAGCTACACGATTCA-1_3",24,"Activated"
"CAAGCTAGTCGTCGGT-1_3",24,"TEMRA"
"CAAGGGACACTAGTAC-1_3",24,"TEMRA"
"CAATACGAGACTAAGT-1_3",24,"Resting"
"CAATACGAGGGCGAGA-1_3",24,"Intermediate"
"CAATACGCAGGAACCA-1_3",24,"Resting"
"CAATACGGTAGTATAG-1_3",24,"TEMRA"
"CAATACGGTTTAGTCG-1_3",24,"Intermediate"
"CAATCGAAGAGCCGTA-1_3",24,"Activated"
"CAATCGAAGGCGTCCT-1_3",24,"Intermediate"
"CAATCGAAGGCTGAAC-1_3",24,"Intermediate"
"CAATCGACAACACAGG-1_3",24,"Intermediate"
"CAATCGATCCAACACA-1_3",24,"Activated"
"CAATCGATCTGTCCGT-1_3",24,"Activated"
"CAATGACCACCAGTTA-1_3",24,"Intermediate"
"CAATTTCGTCCAGCCA-1_3",24,"Intermediate"
"CAATTTCGTTATAGCC-1_3",24,"Activated"
"CAATTTCGTTGATCGT-1_3",24,"Resting"
"CACAACAAGACTACGG-1_3",24,"Resting"
"CACAACAAGCTATCTG-1_3",24,"Intermediate"
"CACAACACAAGAAATC-1_3",24,"Intermediate"
"CACAACAGTGGTATGG-1_3",24,"Intermediate"
"CACAACAGTGTTCCTC-1_3",24,"Intermediate"
"CACAACAGTTCAATCG-1_3",24,"Resting"
"CACACAAAGATGCAGC-1_3",24,"Intermediate"
"CACACAAAGGTCGTAG-1_3",24,"Activated"
"CACACAACACCAGTAT-1_3",24,"Resting"
"CACAGATAGATCACTC-1_3",24,"TEMRA"
"CACAGATAGCCTATCA-1_3",24,"Activated"
"CACAGATAGTAATTGG-1_3",24,"Activated"
"CACAGATCACGCTGAC-1_3",24,"Activated"
"CACAGATGTTTACTTC-1_3",24,"TEMRA"
"CACAGATTCGTTCGCT-1_3",24,"Intermediate"
"CACAGGCAGAGTCAGC-1_3",24,"Resting"
"CACAGGCAGTTTGCTG-1_3",24,"Intermediate"
"CACAGGCGTGGCCCAT-1_3",24,"Intermediate"
"CACAGGCTCAGAATAG-1_3",24,"Resting"
"CACAGGCTCGACATCA-1_3",24,"Resting"
"CACATGAAGGCTGTAG-1_3",24,"Intermediate"
"CACATGACAGGTCCGT-1_3",24,"Resting"
"CACATGAGTTATAGAG-1_3",24,"Activated"
"CACATGATCTGGAGAG-1_3",24,"Intermediate"
"CACCAAAAGTTCACTG-1_3",24,"Activated"
"CACCAAACAGAGAATT-1_3",24,"Intermediate"
"CACCAAAGTCATCCCT-1_3",24,"Intermediate"
"CACCAAAGTCCGCAGT-1_3",24,"Resting"
"CACCAAAGTGAGACCA-1_3",24,"Resting"
"CACCAAAGTTCAGTAC-1_3",24,"Intermediate"
"CACCAAAGTTCTTGTT-1_3",24,"Intermediate"
"CACCAAAGTTGGGCCT-1_3",24,"Activated"
"CACCAAATCCGTAGGC-1_3",24,"Resting"
"CACCGTTAGAACTTCC-1_3",24,"Intermediate"
"CACCGTTAGCGCCGTT-1_3",24,"Resting"
"CACCGTTAGTATGTAG-1_3",24,"Activated"
"CACCGTTAGTTGTAGA-1_3",24,"Resting"
"CACCGTTCAGACCAAG-1_3",24,"Intermediate"
"CACCGTTCAGTTAAAG-1_3",24,"TEMRA"
"CACGAATAGTTTGAGA-1_3",24,"Intermediate"
"CACGAATGTCGCCACA-1_3",24,"TEMRA"
"CACGAATGTTCTCGTC-1_3",24,"Intermediate"
"CACGGGTCAAGTATCC-1_3",24,"Intermediate"
"CACGGGTTCAGTGGGA-1_3",24,"Intermediate"
"CACGGGTTCCCATAAG-1_3",24,"Activated"
"CACGTTCCAAAGGGTC-1_3",24,"Resting"
"CACGTTCCAGGTGGAT-1_3",24,"Intermediate"
"CACGTTCGTGAGACGT-1_3",24,"Intermediate"
"CACGTTCTCATTTACC-1_3",24,"Intermediate"
"CACTAAGCACATATGC-1_3",24,"Intermediate"
"CACTAAGGTACTGAGG-1_3",24,"Intermediate"
"CACTAAGGTGCGAGTA-1_3",24,"Intermediate"
"CACTAAGTCAAGAAAC-1_3",24,"Resting"
"CACTGAACACATACGT-1_3",24,"TEMRA"
"CACTGAACACTCCGGA-1_3",24,"Intermediate"
"CACTGAAGTGATATAG-1_3",24,"Resting"
"CACTGGGAGACCTCAT-1_3",24,"Intermediate"
"CACTGGGAGGCACTCC-1_3",24,"Intermediate"
"CACTGGGCAGACCTAT-1_3",24,"Intermediate"
"CACTGGGGTGCCGTTG-1_3",24,"Activated"
"CACTGTCAGGTTCATC-1_3",24,"Intermediate"
"CACTGTCAGTTAGTAG-1_3",24,"Intermediate"
"CACTGTCCAAGTCCCG-1_3",24,"TEMRA"
"CACTGTCCACTTTATC-1_3",24,"Intermediate"
"CACTGTCCAGCCGTTG-1_3",24,"Activated"
"CACTGTCGTCTGTGCG-1_3",24,"Resting"
"CACTGTCGTGACACGA-1_3",24,"Resting"
"CACTGTCTCTCTCTTC-1_3",24,"Activated"
"CACTTCGAGACTACGG-1_3",24,"TEMRA"
"CACTTCGAGCTATCTG-1_3",24,"TEMRA"
"CACTTCGCACCGCTAG-1_3",24,"Activated"
"CACTTCGCACTTACAG-1_3",24,"Resting"
"CACTTCGGTAGTCGTT-1_3",24,"Activated"
"CACTTCGGTGACGCCT-1_3",24,"Intermediate"
"CACTTCGGTGCCGTAC-1_3",24,"Intermediate"
"CACTTCGTCACTACGA-1_3",24,"Resting"
"CACTTCGTCCGTAGGC-1_3",24,"Intermediate"
"CACTTCGTCTTCCAGC-1_3",24,"Intermediate"
"CAGAGCCAGGTGCCTC-1_3",24,"Intermediate"
"CAGAGCCCAAGAGTTA-1_3",24,"Intermediate"
"CAGAGCCGTCAAAGTA-1_3",24,"Resting"
"CAGAGCCTCACCTGTC-1_3",24,"Resting"
"CAGATACAGCATGCGA-1_3",24,"Resting"
"CAGATACCAACAAGTA-1_3",24,"Resting"
"CAGATACGTGTATACC-1_3",24,"Resting"
"CAGATACTCCCGTGAG-1_3",24,"Intermediate"
"CAGATCACACTGAGGA-1_3",24,"Intermediate"
"CAGATCAGTAGAAACT-1_3",24,"Intermediate"
"CAGATCATCATCCTGC-1_3",24,"Intermediate"
"CAGATCATCGCTGTTC-1_3",24,"TEMRA"
"CAGATTGAGACAGTCG-1_3",24,"Intermediate"
"CAGATTGCAAATCGTC-1_3",24,"Intermediate"
"CAGCAATAGTCAAGCG-1_3",24,"Activated"
"CAGCAATGTAGAGATT-1_3",24,"TEMRA"
"CAGCAATGTCAAGGCA-1_3",24,"Intermediate"
"CAGCAATTCAAACTGC-1_3",24,"Intermediate"
"CAGCAATTCCATGAGT-1_3",24,"Intermediate"
"CAGCAATTCGCACGAC-1_3",24,"Resting"
"CAGCACGAGTCATTGC-1_3",24,"TEMRA"
"CAGCACGCACAGTGAG-1_3",24,"Intermediate"
"CAGCACGCACCTGCAG-1_3",24,"Resting"
"CAGCACGGTACCCGAC-1_3",24,"Resting"
"CAGCACGGTAGGACCA-1_3",24,"Resting"
"CAGCACGTCTTTGGAG-1_3",24,"Activated"
"CAGCAGCAGCTGCCTG-1_3",24,"Activated"
"CAGCAGCAGTGGGAAA-1_3",24,"Intermediate"
"CAGCAGCGTTGATGTC-1_3",24,"Activated"
"CAGCAGCTCTTCGTGC-1_3",24,"Resting"
"CAGCCAGAGCCAACCC-1_3",24,"Intermediate"
"CAGCCAGAGGGTCTTT-1_3",24,"TEMRA"
"CAGCCAGCAAGACTGG-1_3",24,"Resting"
"CAGCCAGCATAATGCC-1_3",24,"Intermediate"
"CAGCCAGGTCGTGATT-1_3",24,"Intermediate"
"CAGCCAGGTGAGTCAG-1_3",24,"TEMRA"
"CAGCCAGGTGCTCTCT-1_3",24,"Intermediate"
"CAGCCAGTCACCCTTG-1_3",24,"Intermediate"
"CAGCGTGAGACGCTCC-1_3",24,"Resting"
"CAGCGTGAGCTAGATA-1_3",24,"Resting"
"CAGCGTGAGTTAGTGA-1_3",24,"Resting"
"CAGCGTGAGTTCATCG-1_3",24,"Resting"
"CAGCGTGCATCAGCTA-1_3",24,"Intermediate"
"CAGCGTGGTCAGGCAA-1_3",24,"Activated"
"CAGCGTGGTCGCATTA-1_3",24,"Intermediate"
"CAGCGTGGTGGGACAT-1_3",24,"Intermediate"
"CAGGCCAAGCGTTGTT-1_3",24,"Intermediate"
"CAGGGCTAGTGCACCC-1_3",24,"Intermediate"
"CAGGGCTGTTGAATCC-1_3",24,"Intermediate"
"CAGGGCTTCCCGAGAC-1_3",24,"TEMRA"
"CAGGGCTTCGAGATAA-1_3",24,"Resting"
"CAGGTATCATACATCG-1_3",24,"Intermediate"
"CAGGTATGTAACGGTG-1_3",24,"Resting"
"CAGTGCGAGAGTTGAT-1_3",24,"Intermediate"
"CAGTGCGAGGCATGGT-1_3",24,"TEMRA"
"CAGTGCGAGGCATTTC-1_3",24,"Resting"
"CAGTGCGAGTGTTCAC-1_3",24,"Activated"
"CAGTGCGGTCACAGTT-1_3",24,"Intermediate"
"CAGTGCGGTCTGCAAT-1_3",24,"Intermediate"
"CAGTTAGAGCACTAGG-1_3",24,"Intermediate"
"CAGTTCCGTGGCACTC-1_3",24,"Activated"
"CAGTTCCTCAGGACAG-1_3",24,"Intermediate"
"CATAAGCAGATGATTG-1_3",24,"Intermediate"
"CATAAGCAGTGATCGG-1_3",24,"Activated"
"CATAAGCCACAAACGG-1_3",24,"TEMRA"
"CATAAGCCAGGTTCGC-1_3",24,"Intermediate"
"CATAAGCGTTCTCACC-1_3",24,"Intermediate"
"CATAAGCTCGATGCAT-1_3",24,"Activated"
"CATACAGAGAAGGTAG-1_3",24,"Intermediate"
"CATACAGAGTACTGGG-1_3",24,"Activated"
"CATACAGCAGCCGTTG-1_3",24,"Intermediate"
"CATACAGGTACTTGTG-1_3",24,"Resting"
"CATACCCGTCAACATC-1_3",24,"TEMRA"
"CATACCCGTTGAGAGC-1_3",24,"Resting"
"CATACTTAGAATCGTA-1_3",24,"Intermediate"
"CATACTTAGCTCACTA-1_3",24,"Resting"
"CATACTTAGGAGTATT-1_3",24,"Intermediate"
"CATACTTCACGGGCTT-1_3",24,"Intermediate"
"CATACTTGTTTATGCG-1_3",24,"Intermediate"
"CATACTTTCATTTGCT-1_3",24,"Intermediate"
"CATACTTTCTTGTTAC-1_3",24,"Resting"
"CATAGACAGACTGGGT-1_3",24,"Intermediate"
"CATAGACCACCTTCCA-1_3",24,"Resting"
"CATAGACCAGATTTCG-1_3",24,"Resting"
"CATAGACGTGAGCCAA-1_3",24,"Intermediate"
"CATAGACGTTTGGGAG-1_3",24,"Resting"
"CATAGACGTTTGTGGT-1_3",24,"Resting"
"CATAGACTCTGTGCGG-1_3",24,"Intermediate"
"CATCAAGGTGCGGATA-1_3",24,"Intermediate"
"CATCAAGTCCTGTACC-1_3",24,"Intermediate"
"CATCAAGTCGCTGTTC-1_3",24,"Activated"
"CATCCACAGGTCCGAA-1_3",24,"Resting"
"CATCCACGTGAGAGGG-1_3",24,"Activated"
"CATCCCACACAAGCCC-1_3",24,"Activated"
"CATCCCACACATTCTT-1_3",24,"Intermediate"
"CATCCCACAGGTCTCG-1_3",24,"Resting"
"CATCCCAGTATGAAAC-1_3",24,"Resting"
"CATCCCAGTCTGTCCT-1_3",24,"Resting"
"CATCCCATCCAAGGGA-1_3",24,"Intermediate"
"CATCCCATCTCGAACA-1_3",24,"Resting"
"CATCGCTAGGGTGGGA-1_3",24,"Activated"
"CATCGCTCAAGTTCCA-1_3",24,"Intermediate"
"CATCGCTGTCCGATCG-1_3",24,"Resting"
"CATCGCTTCCTAGCGG-1_3",24,"Intermediate"
"CATCGGGCAGACGGAT-1_3",24,"Activated"
"CATCGGGCAGGTTCCG-1_3",24,"Intermediate"
"CATCGGGCATCTGCGG-1_3",24,"TEMRA"
"CATCGGGGTATCAAGA-1_3",24,"Resting"
"CATCGGGGTGGACTGA-1_3",24,"TEMRA"
"CATCGGGTCACTCTTA-1_3",24,"Resting"
"CATCGGGTCCTCTCGA-1_3",24,"Intermediate"
"CATCGGGTCCTTACCG-1_3",24,"Intermediate"
"CATCGGGTCGGAGTGA-1_3",24,"Intermediate"
"CATCGGGTCGTAGGGA-1_3",24,"Activated"
"CATCGTCTCTACCACC-1_3",24,"Resting"
"CATGAGTAGGATTTCC-1_3",24,"Intermediate"
"CATGAGTCACGAGGAT-1_3",24,"Intermediate"
"CATGAGTCAGTCTCTC-1_3",24,"Activated"
"CATGAGTGTGTGAATA-1_3",24,"Activated"
"CATGAGTTCTGTCGTC-1_3",24,"Activated"
"CATGCAAAGTTGGCTT-1_3",24,"Intermediate"
"CATGCAACATTGCTGA-1_3",24,"Intermediate"
"CATGCAATCCACCTGT-1_3",24,"Intermediate"
"CATGCAATCTCACCCA-1_3",24,"Resting"
"CATGCCTCAAAGGCGT-1_3",24,"Intermediate"
"CATGCCTCACCCTGTT-1_3",24,"Intermediate"
"CATGCCTGTTGTGTAC-1_3",24,"Intermediate"
"CATGCGGAGCGAGTAC-1_3",24,"Intermediate"
"CATGCGGAGTCATGGG-1_3",24,"Intermediate"
"CATGCGGCACGGCACT-1_3",24,"Intermediate"
"CATGCGGGTATGCGGA-1_3",24,"TEMRA"
"CATGCGGGTGTTGAGG-1_3",24,"Resting"
"CATGCTCAGACGCCAA-1_3",24,"Activated"
"CATGCTCAGCATCTTG-1_3",24,"Resting"
"CATGCTCAGTCTTCCC-1_3",24,"Resting"
"CATGCTCCAATCTCGA-1_3",24,"Activated"
"CATGGATCACAGCCAC-1_3",24,"Intermediate"
"CATGGATCAGAGCGTA-1_3",24,"Intermediate"
"CATGGATGTCACAGAG-1_3",24,"Resting"
"CATGGTACAACCACGC-1_3",24,"Intermediate"
"CATGGTACACTGCTTC-1_3",24,"Intermediate"
"CATGGTACAGCGAACA-1_3",24,"Intermediate"
"CATTCATAGGACAAGA-1_3",24,"Intermediate"
"CATTCATAGTTAGAAC-1_3",24,"TEMRA"
"CATTCATCAGATACTC-1_3",24,"Resting"
"CATTCATGTGCCTAAT-1_3",24,"TEMRA"
"CATTCATGTTTGGGAG-1_3",24,"Intermediate"
"CATTCATTCTGTCGCT-1_3",24,"Resting"
"CATTCATTCTTTCAGT-1_3",24,"Intermediate"
"CATTCCGCAAGCGATG-1_3",24,"TEMRA"
"CATTCCGGTGATACCT-1_3",24,"Intermediate"
"CATTCCGGTGTAAATG-1_3",24,"Intermediate"
"CATTCCGTCACGAACT-1_3",24,"Intermediate"
"CATTCTAAGGAACTAT-1_3",24,"Resting"
"CATTCTAGTCTCTCCA-1_3",24,"Intermediate"
"CATTGAGAGAAAGTCT-1_3",24,"TEMRA"
"CATTGAGCATTCTCCG-1_3",24,"Resting"
"CATTGAGGTAACGATA-1_3",24,"Intermediate"
"CATTGAGGTGGCTTAT-1_3",24,"Intermediate"
"CATTGAGTCAGGTAAA-1_3",24,"Intermediate"
"CATTGAGTCTCACCCA-1_3",24,"Intermediate"
"CATTGCCCAACACACT-1_3",24,"Activated"
"CATTGCCCACTGGATT-1_3",24,"Resting"
"CATTGCCCATGTTACG-1_3",24,"Resting"
"CATTGCCGTACACTCA-1_3",24,"Intermediate"
"CATTGCCGTCTTGCTC-1_3",24,"TEMRA"
"CATTGCCGTGGTCCCA-1_3",24,"Intermediate"
"CATTGTTCATGAAAGT-1_3",24,"Intermediate"
"CATTGTTTCATAAGGA-1_3",24,"Activated"
"CATTGTTTCCACGTGG-1_3",24,"Intermediate"
"CATTGTTTCGTTCTCG-1_3",24,"Intermediate"
"CATTGTTTCTGAATGC-1_3",24,"Resting"
"CATTTCAAGACCATAA-1_3",24,"Resting"
"CATTTCACAACACGTT-1_3",24,"Activated"
"CATTTCAGTTCCAGGC-1_3",24,"TEMRA"
"CATTTCATCCGCGAGT-1_3",24,"TEMRA"
"CCAAGCGCAACTCCCT-1_3",24,"Intermediate"
"CCAATGAAGATAACGT-1_3",24,"TEMRA"
"CCAATGAAGTCGTTAC-1_3",24,"Intermediate"
"CCAATGACACTGGACC-1_3",24,"Intermediate"
"CCAATGACAGAGGGTT-1_3",24,"Resting"
"CCAATGACAGTCGTTA-1_3",24,"Undefined1"
"CCAATGAGTTGCTGAT-1_3",24,"Resting"
"CCAATGAGTTGTCCCT-1_3",24,"TEMRA"
"CCAATTTAGCGGGTTA-1_3",24,"Resting"
"CCAATTTCAACTCGTA-1_3",24,"Intermediate"
"CCAATTTCAATGGGTG-1_3",24,"TEMRA"
"CCAATTTCACGGCCAT-1_3",24,"Activated"
"CCAATTTGTCCGACGT-1_3",24,"Intermediate"
"CCAATTTTCTATGTGG-1_3",24,"Intermediate"
"CCACACTAGAAACCAT-1_3",24,"Intermediate"
"CCACACTCAGCTGTAT-1_3",24,"Activated"
"CCACACTCAGGCTACC-1_3",24,"Intermediate"
"CCACACTTCGAAGTGG-1_3",24,"Intermediate"
"CCACCATAGAGCATAT-1_3",24,"Resting"
"CCACCATCACATTCGA-1_3",24,"Resting"
"CCACCATCAGAAATTG-1_3",24,"Intermediate"
"CCACCATCATGAAGGC-1_3",24,"Resting"
"CCACCATTCAACTGGT-1_3",24,"Intermediate"
"CCACCATTCCGACATA-1_3",24,"Resting"
"CCACGAGAGGAACGCT-1_3",24,"Intermediate"
"CCACGAGCACTGGAAG-1_3",24,"Resting"
"CCACGAGGTACTTGTG-1_3",24,"Intermediate"
"CCACGAGTCATTCATC-1_3",24,"TEMRA"
"CCACGAGTCTTCGGTC-1_3",24,"Intermediate"
"CCACGTTCATAATCGC-1_3",24,"TEMRA"
"CCACGTTCATCTAACG-1_3",24,"Activated"
"CCACGTTGTGCCTACG-1_3",24,"Intermediate"
"CCACTTGGTATACAGA-1_3",24,"Intermediate"
"CCATAAGCAAATCAGA-1_3",24,"Activated"
"CCATAAGCACATATGC-1_3",24,"TEMRA"
"CCATAAGTCATAGGCT-1_3",24,"Intermediate"
"CCATAAGTCGTCCTCA-1_3",24,"Intermediate"
"CCATCACAGCCATCCG-1_3",24,"Intermediate"
"CCATCACAGCCTCAAT-1_3",24,"TEMRA"
"CCATCACAGTATGGCG-1_3",24,"Intermediate"
"CCATCACGTCGAGCAA-1_3",24,"Intermediate"
"CCATCACTCGGCTTGG-1_3",24,"Activated"
"CCCAACTAGCGATGAC-1_3",24,"Intermediate"
"CCCAACTAGTGCAAAT-1_3",24,"Resting"
"CCCAACTGTGAATATG-1_3",24,"Intermediate"
"CCCAACTGTTCTGAGT-1_3",24,"Activated"
"CCCAACTTCATTACGG-1_3",24,"Intermediate"
"CCCAACTTCGAGAAAT-1_3",24,"Intermediate"
"CCCAACTTCGCAATGT-1_3",24,"Intermediate"
"CCCATTGGTATGAGAT-1_3",24,"Resting"
"CCCATTGTCATCGCCT-1_3",24,"Resting"
"CCCGAAGAGTATTGCC-1_3",24,"TEMRA"
"CCCGAAGCAATGCTCA-1_3",24,"Resting"
"CCCGAAGCATAGATCC-1_3",24,"Intermediate"
"CCCGAAGGTTAATGAG-1_3",24,"Resting"
"CCCGAAGGTTTGACAC-1_3",24,"Activated"
"CCCGGAAAGTGCCTCG-1_3",24,"Intermediate"
"CCCGGAAAGTTAACGA-1_3",24,"Resting"
"CCCGGAACAACGTTAC-1_3",24,"Intermediate"
"CCCGGAACAGAGCCCT-1_3",24,"Intermediate"
"CCCGGAACAGGTTCAT-1_3",24,"Intermediate"
"CCCGGAAGTCTCTCCA-1_3",24,"Resting"
"CCCGGAATCCTACACC-1_3",24,"Intermediate"
"CCCTAACCAGGTTCGC-1_3",24,"Intermediate"
"CCCTAACTCCAATCCC-1_3",24,"TEMRA"
"CCCTAACTCCTAGCTC-1_3",24,"Activated"
"CCCTCAAAGATCACCT-1_3",24,"TEMRA"
"CCCTCAAAGCGAAACC-1_3",24,"Intermediate"
"CCCTCAAAGCGTTCCG-1_3",24,"Intermediate"
"CCCTCAAAGCTCTTCC-1_3",24,"Intermediate"
"CCCTCAACAGTTTCAG-1_3",24,"Activated"
"CCCTCAACATGTGCCG-1_3",24,"Intermediate"
"CCCTCAAGTCCTGAAT-1_3",24,"Intermediate"
"CCCTCAAGTGGTGATG-1_3",24,"Resting"
"CCCTCAAGTTACACAC-1_3",24,"Intermediate"
"CCCTCAATCGAGCCTG-1_3",24,"Resting"
"CCCTCAATCGAGTCCG-1_3",24,"Intermediate"
"CCCTCTCAGCCTGAAG-1_3",24,"Activated"
"CCCTCTCAGCTCAGAG-1_3",24,"TEMRA"
"CCCTCTCAGTAGTGCG-1_3",24,"Intermediate"
"CCCTCTCCAAAGCGTG-1_3",24,"TEMRA"
"CCCTCTCCACACGCCA-1_3",24,"TEMRA"
"CCCTCTCCAGGCGAAT-1_3",24,"Intermediate"
"CCCTCTCGTCCGTTTC-1_3",24,"TEMRA"
"CCCTCTCTCAGCCTTC-1_3",24,"Activated"
"CCCTCTCTCCTCGATC-1_3",24,"Resting"
"CCCTCTCTCCTGGCTT-1_3",24,"Intermediate"
"CCCTCTCTCGACGCTG-1_3",24,"Intermediate"
"CCCTCTCTCGCACTCT-1_3",24,"Intermediate"
"CCCTGATGTGGCCCAT-1_3",24,"Resting"
"CCCTGATTCTATGTGG-1_3",24,"Intermediate"
"CCCTTAGAGCCTCTTC-1_3",24,"TEMRA"
"CCCTTAGAGCTACGTT-1_3",24,"Intermediate"
"CCCTTAGAGGGCATGT-1_3",24,"Activated"
"CCCTTAGGTACCTATG-1_3",24,"Resting"
"CCCTTAGTCGTCCATC-1_3",24,"Resting"
"CCCTTAGTCTCCTGCA-1_3",24,"Resting"
"CCGAACGAGATCGCCC-1_3",24,"Activated"
"CCGAACGGTGGACTGA-1_3",24,"Activated"
"CCGAACGTCTTACTGT-1_3",24,"Activated"
"CCGATCTCAACAACAA-1_3",24,"Intermediate"
"CCGATCTCAGTTTCAG-1_3",24,"TEMRA"
"CCGATCTGTGATCGTT-1_3",24,"Intermediate"
"CCGATCTGTTTACGTG-1_3",24,"TEMRA"
"CCGATCTTCGAAGGAC-1_3",24,"Resting"
"CCGATGGAGAGTCAAT-1_3",24,"Resting"
"CCGATGGGTTGGCTAT-1_3",24,"Resting"
"CCGATGGTCCGTAGTA-1_3",24,"Undefined1"
"CCGCAAGGTACTGTTG-1_3",24,"TEMRA"
"CCGCAAGGTTTGCAGT-1_3",24,"Intermediate"
"CCGCAAGTCCATTGCC-1_3",24,"Resting"
"CCGGACAGTGAGACGT-1_3",24,"Intermediate"
"CCGGACATCAGACATC-1_3",24,"Intermediate"
"CCGGGTAAGGTCGTGA-1_3",24,"Intermediate"
"CCGGGTACAAATGCGG-1_3",24,"Resting"
"CCGGGTAGTATTCTCT-1_3",24,"TEMRA"
"CCGGGTAGTCAACGCC-1_3",24,"Intermediate"
"CCGGGTATCAAGCCAT-1_3",24,"Intermediate"
"CCGGTGAAGCCTTGAT-1_3",24,"Resting"
"CCGGTGACAAAGGCAC-1_3",24,"Intermediate"
"CCGGTGACAAATGGAT-1_3",24,"Intermediate"
"CCGGTGACATCCGTTC-1_3",24,"Intermediate"
"CCGGTGAGTAAGGAGA-1_3",24,"Intermediate"
"CCGGTGAGTGGCTTGC-1_3",24,"TEMRA"
"CCGGTGATCCGTGTAA-1_3",24,"Intermediate"
"CCGGTGATCTACGGGC-1_3",24,"TEMRA"
"CCGTAGGAGTTAGAAC-1_3",24,"Intermediate"
"CCGTAGGCACTCAGAT-1_3",24,"Intermediate"
"CCGTAGGGTACCGTGC-1_3",24,"Intermediate"
"CCGTAGGTCGGAAGGT-1_3",24,"Intermediate"
"CCGTAGGTCTCTGGTC-1_3",24,"Intermediate"
"CCGTAGGTCTTCTAAC-1_3",24,"Activated"
"CCGTGAGGTTGCCGCA-1_3",24,"Intermediate"
"CCGTTCATCCTGCTAC-1_3",24,"Intermediate"
"CCGTTCATCGAGCCTG-1_3",24,"Activated"
"CCTAACCAGGTCGTCC-1_3",24,"Intermediate"
"CCTAACCTCCATGAGT-1_3",24,"Intermediate"
"CCTAACCTCTGCGAGC-1_3",24,"Intermediate"
"CCTAAGACAATCGAAA-1_3",24,"Intermediate"
"CCTAAGACACCGGAAA-1_3",24,"Resting"
"CCTAAGACAGATTAAG-1_3",24,"Resting"
"CCTAAGAGTAACCCTA-1_3",24,"TEMRA"
"CCTAAGATCATATGGC-1_3",24,"Activated"
"CCTACGTAGCTGCGAA-1_3",24,"Intermediate"
"CCTACGTAGGCTTAAA-1_3",24,"Resting"
"CCTACGTCAGATCCTA-1_3",24,"Intermediate"
"CCTATCGGTCCATACA-1_3",24,"Resting"
"CCTATCGGTGCAATAA-1_3",24,"Activated"
"CCTATCGTCTGATTCT-1_3",24,"Resting"
"CCTCAACCAAGGATGC-1_3",24,"Intermediate"
"CCTCAACCACCGTCTT-1_3",24,"Intermediate"
"CCTCAACGTCCATAGT-1_3",24,"Intermediate"
"CCTCACAAGCAACAAT-1_3",24,"Intermediate"
"CCTCACACAATAGGGC-1_3",24,"Intermediate"
"CCTCACATCACCCTCA-1_3",24,"Resting"
"CCTCACATCTTACCAT-1_3",24,"Resting"
"CCTCAGTAGCTCTTCC-1_3",24,"Activated"
"CCTCAGTAGTTTCGGT-1_3",24,"Intermediate"
"CCTCAGTCAGAACTCT-1_3",24,"Resting"
"CCTCAGTGTAATGCTC-1_3",24,"Activated"
"CCTCAGTGTGTATACC-1_3",24,"Activated"
"CCTCATGAGAGTCAAT-1_3",24,"Intermediate"
"CCTCATGAGGAGCTGT-1_3",24,"Resting"
"CCTCATGCACCCAAGC-1_3",24,"Resting"
"CCTCATGCACTACGGC-1_3",24,"TEMRA"
"CCTCATGCATTAAAGG-1_3",24,"Activated"
"CCTCATGGTAGCGCTC-1_3",24,"Activated"
"CCTCATGGTAGTCGTT-1_3",24,"TEMRA"
"CCTCATGTCATTCCTA-1_3",24,"Intermediate"
"CCTCATGTCCAGCCTT-1_3",24,"Resting"
"CCTCATGTCCTCATAT-1_3",24,"Resting"
"CCTCCAAAGTGTTCCA-1_3",24,"Resting"
"CCTCCAACATACAGGG-1_3",24,"Intermediate"
"CCTCCTCAGACGATAT-1_3",24,"Resting"
"CCTCCTCCAAGCACCC-1_3",24,"Intermediate"
"CCTCCTCCATCGCTAA-1_3",24,"Resting"
"CCTCCTCCATCTCGTC-1_3",24,"Resting"
"CCTCCTCGTATGAGAT-1_3",24,"Activated"
"CCTCCTCGTCCTGAAT-1_3",24,"Resting"
"CCTCCTCTCGCAATTG-1_3",24,"Activated"
"CCTCCTCTCGCTTTAT-1_3",24,"Activated"
"CCTCTAGAGGACAACC-1_3",24,"Resting"
"CCTCTAGAGTCGCGAA-1_3",24,"TEMRA"
"CCTCTAGAGTGTACCT-1_3",24,"Activated"
"CCTCTAGCAGAGGCTA-1_3",24,"Resting"
"CCTCTAGTCGCTGCGA-1_3",24,"Intermediate"
"CCTCTCCAGCGCCATC-1_3",24,"Resting"
"CCTCTCCAGGAATCGC-1_3",24,"Resting"
"CCTCTCCAGGGCAATC-1_3",24,"Intermediate"
"CCTCTCCAGTCATCGT-1_3",24,"Intermediate"
"CCTCTCCAGTTTCGGT-1_3",24,"Intermediate"
"CCTCTCCGTGCATCTA-1_3",24,"Intermediate"
"CCTCTCCGTGTAAACA-1_3",24,"Activated"
"CCTCTCCTCGTGGAAG-1_3",24,"Resting"
"CCTCTCCTCTTTCCAA-1_3",24,"Resting"
"CCTGCATAGCTCGAAG-1_3",24,"Activated"
"CCTGCATCAATCCTAG-1_3",24,"Resting"
"CCTGCATCATGGAATA-1_3",24,"Activated"
"CCTGCATTCAGAACCT-1_3",24,"Intermediate"
"CCTGCATTCGCCTTGT-1_3",24,"Resting"
"CCTGCATTCTTAGTTC-1_3",24,"TEMRA"
"CCTGTTGGTAGAGTTA-1_3",24,"Intermediate"
"CCTGTTGGTTCAAGGG-1_3",24,"Intermediate"
"CCTGTTGTCACTTCTA-1_3",24,"Activated"
"CCTGTTGTCATGGATC-1_3",24,"Activated"
"CCTTCAGAGCAAGTCG-1_3",24,"Activated"
"CCTTCAGCACCAGCCA-1_3",24,"Activated"
"CCTTCAGCACTGAATC-1_3",24,"Intermediate"
"CCTTCAGTCACGGTCG-1_3",24,"Intermediate"
"CCTTCAGTCCTGTAAG-1_3",24,"Intermediate"
"CCTTGTGCAACCGCCA-1_3",24,"Intermediate"
"CCTTGTGCACTGCATA-1_3",24,"Activated"
"CCTTGTGGTACGTGAG-1_3",24,"TEMRA"
"CCTTGTGGTCCTGGGT-1_3",24,"TEMRA"
"CCTTGTGGTCGTATTG-1_3",24,"Resting"
"CCTTTGGCAGCACAAG-1_3",24,"Intermediate"
"CCTTTGGGTCATCACA-1_3",24,"TEMRA"
"CCTTTGGGTGTCCACG-1_3",24,"Activated"
"CCTTTGGGTTCAATCG-1_3",24,"Activated"
"CCTTTGGGTTCCTTGC-1_3",24,"Activated"
"CGAAGGAAGAGCTGCA-1_3",24,"Resting"
"CGAAGGACAAGCGGAT-1_3",24,"Intermediate"
"CGAAGGACAAGCTGTT-1_3",24,"Intermediate"
"CGAAGGAGTGTGTTTG-1_3",24,"Activated"
"CGAAGGATCTCGAGTA-1_3",24,"Intermediate"
"CGAAGTTAGAACTGAT-1_3",24,"Activated"
"CGAAGTTAGTGTTCCA-1_3",24,"Activated"
"CGAAGTTAGTTGGGAC-1_3",24,"Intermediate"
"CGAAGTTTCATCGACA-1_3",24,"Resting"
"CGAAGTTTCTGCTCTG-1_3",24,"Resting"
"CGAATTGAGCCTGAAG-1_3",24,"Activated"
"CGAATTGCAAACCATC-1_3",24,"Intermediate"
"CGAATTGGTCATCGGC-1_3",24,"TEMRA"
"CGAATTGGTCGAATGG-1_3",24,"Intermediate"
"CGAATTGTCTACTCAT-1_3",24,"TEMRA"
"CGACAGCCAATAACGA-1_3",24,"Resting"
"CGACAGCCAGGTCTCG-1_3",24,"Intermediate"
"CGACAGCCATGAGGGT-1_3",24,"Intermediate"
"CGACAGCTCCGCGGAT-1_3",24,"TEMRA"
"CGAGGAAAGCTCCATA-1_3",24,"Intermediate"
"CGAGGAACAACTCGTA-1_3",24,"Intermediate"
"CGAGGAACATTAGGAA-1_3",24,"Resting"
"CGAGGAATCTACCACC-1_3",24,"Resting"
"CGAGGCTAGAGAGGTA-1_3",24,"Activated"
"CGAGGCTCACGCGTGT-1_3",24,"Activated"
"CGAGGCTCAGCCATTA-1_3",24,"Intermediate"
"CGAGGCTGTACCGTCG-1_3",24,"Resting"
"CGAGGCTGTGGTCTGC-1_3",24,"Intermediate"
"CGAGTGCCAACAAGTA-1_3",24,"Resting"
"CGAGTGCCAGTTGTCA-1_3",24,"Activated"
"CGAGTGCGTACTGAGG-1_3",24,"Resting"
"CGAGTGCGTGGATTTC-1_3",24,"Activated"
"CGAGTTAAGGCAGGTT-1_3",24,"Activated"
"CGAGTTAAGTGGTTAA-1_3",24,"Undefined2"
"CGAGTTAGTTTGTTGG-1_3",24,"Activated"
"CGAGTTATCCTTGGAA-1_3",24,"Intermediate"
"CGAGTTATCGTCCATC-1_3",24,"Activated"
"CGATCGGAGAACCCGA-1_3",24,"Activated"
"CGATCGGCAATTGCGT-1_3",24,"Intermediate"
"CGATCGGGTGCCTACG-1_3",24,"Activated"
"CGATGCGAGAAACTAC-1_3",24,"Intermediate"
"CGATGCGAGCCGGATA-1_3",24,"Intermediate"
"CGATGCGGTGTCTCCT-1_3",24,"Activated"
"CGATGGCAGAAGCCTG-1_3",24,"Resting"
"CGATGGCAGCTTACGT-1_3",24,"Resting"
"CGATGGCCACAAAGTA-1_3",24,"Resting"
"CGATGGCCACTTGGCG-1_3",24,"Activated"
"CGATGGCGTAGTCTGT-1_3",24,"TEMRA"
"CGATGGCGTCCTCAGG-1_3",24,"Activated"
"CGATGGCGTTACACTG-1_3",24,"Activated"
"CGATGGCGTTTGTGGT-1_3",24,"TEMRA"
"CGATGGCTCGCCTTGT-1_3",24,"Activated"
"CGCAGGTCAAATACGA-1_3",24,"TEMRA"
"CGCAGGTCATGACTAC-1_3",24,"Resting"
"CGCAGGTTCAGCGTCG-1_3",24,"Activated"
"CGCAGGTTCCCTCGTA-1_3",24,"Resting"
"CGCATAAAGCTCAGAG-1_3",24,"Intermediate"
"CGCATAACAGGTGGAT-1_3",24,"Activated"
"CGCATAATCGAGCCAC-1_3",24,"TEMRA"
"CGCATGGCAAGTTCGT-1_3",24,"Intermediate"
"CGCATGGCACCGCTAG-1_3",24,"Activated"
"CGCCAGACACAAACGG-1_3",24,"Intermediate"
"CGCCAGAGTCTAACGT-1_3",24,"Intermediate"
"CGCCATTCACGACTAT-1_3",24,"TEMRA"
"CGCCATTTCATCCTGC-1_3",24,"Intermediate"
"CGCCATTTCCGTGCGA-1_3",24,"Activated"
"CGCGTGAAGCACCTGC-1_3",24,"Activated"
"CGGAACCAGCGTTCCG-1_3",24,"Resting"
"CGGAACCCAGGCACTC-1_3",24,"Resting"
"CGGAACCCATAGGTAA-1_3",24,"Activated"
"CGGAACCCATGGACAG-1_3",24,"Intermediate"
"CGGAACCGTTTCACTT-1_3",24,"TEMRA"
"CGGAACCTCTTTCTAG-1_3",24,"TEMRA"
"CGGAATTAGCTGACAG-1_3",24,"Resting"
"CGGAATTCATTAAGCC-1_3",24,"Intermediate"
"CGGAATTGTTCGAACT-1_3",24,"Activated"
"CGGAATTTCTCGCTTG-1_3",24,"Intermediate"
"CGGAGAACACAAATAG-1_3",24,"Intermediate"
"CGGAGAATCGGTCGGT-1_3",24,"Intermediate"
"CGGCAGTAGGACACTG-1_3",24,"Activated"
"CGGCAGTCAATCGAAA-1_3",24,"Intermediate"
"CGGGACTCAATACGAA-1_3",24,"Activated"
"CGGGACTCAATGTCAC-1_3",24,"Intermediate"
"CGGGACTGTCTGTCAA-1_3",24,"Intermediate"
"CGGGACTTCGGATAAA-1_3",24,"Intermediate"
"CGGGCATAGCAAACAT-1_3",24,"Resting"
"CGGGCATCACTTGAAC-1_3",24,"Intermediate"
"CGGGCATCAGGCACTC-1_3",24,"Resting"
"CGGGCATGTCCTGTTC-1_3",24,"Resting"
"CGGGCATGTGTGGACA-1_3",24,"Resting"
"CGGGTCACAGAGGGTT-1_3",24,"Activated"
"CGGGTCACATCCTCAC-1_3",24,"Resting"
"CGGGTCAGTACGCTTA-1_3",24,"Activated"
"CGGGTCAGTCGGCACT-1_3",24,"TEMRA"
"CGGGTCATCACCACAA-1_3",24,"TEMRA"
"CGGGTGTAGATTACCC-1_3",24,"Intermediate"
"CGGGTGTGTCGTGCCA-1_3",24,"Intermediate"
"CGGGTGTTCGATTGAC-1_3",24,"Activated"
"CGGTCAGAGTTAGTGA-1_3",24,"Intermediate"
"CGGTCAGCATGTGCCG-1_3",24,"Resting"
"CGGTCAGGTGGATGAC-1_3",24,"Resting"
"CGGTCAGTCAGAATAG-1_3",24,"TEMRA"
"CGTAAGTGTGGATACG-1_3",24,"Resting"
"CGTAAGTTCACACGAT-1_3",24,"Intermediate"
"CGTAATGTCACATACG-1_3",24,"Activated"
"CGTAATGTCCCAAGTA-1_3",24,"TEMRA"
"CGTAATGTCTGCACCT-1_3",24,"Intermediate"
"CGTAGTAAGGACATCG-1_3",24,"Activated"
"CGTAGTACATAGGAGC-1_3",24,"TEMRA"
"CGTAGTATCACTTATC-1_3",24,"Intermediate"
"CGTAGTATCTGCTGAA-1_3",24,"Intermediate"
"CGTCAAAAGGATTTCC-1_3",24,"Activated"
"CGTCAAAAGTCATTGC-1_3",24,"Intermediate"
"CGTCAAAGTACGGCAA-1_3",24,"TEMRA"
"CGTCAAAGTAGTCGGA-1_3",24,"Activated"
"CGTCAAATCCGAAGGA-1_3",24,"TEMRA"
"CGTCCATAGAGCACTG-1_3",24,"Intermediate"
"CGTCCATTCGACCACG-1_3",24,"Resting"
"CGTGAATAGGTCATTC-1_3",24,"Activated"
"CGTGAATAGTGATAGT-1_3",24,"Activated"
"CGTGAATGTCCGGATC-1_3",24,"Resting"
"CGTGATAAGAGCCATG-1_3",24,"Resting"
"CGTGATACAAGGCGTA-1_3",24,"Activated"
"CGTGATAGTGCGGATA-1_3",24,"Intermediate"
"CGTGATATCAGACAAA-1_3",24,"Resting"
"CGTGATATCGCGATCG-1_3",24,"Intermediate"
"CGTGCTTAGAGGATGA-1_3",24,"Activated"
"CGTGCTTAGTGGAAAG-1_3",24,"Intermediate"
"CGTGCTTCATAAGCGG-1_3",24,"Intermediate"
"CGTGCTTGTAAGGAGA-1_3",24,"Resting"
"CGTGCTTGTGGAATGC-1_3",24,"Resting"
"CGTGTCTAGCATCTTG-1_3",24,"Intermediate"
"CGTGTCTCAGGTTACT-1_3",24,"Intermediate"
"CGTGTCTCATGTTTGG-1_3",24,"Intermediate"
"CGTGTCTGTACTGGGA-1_3",24,"TEMRA"
"CGTGTCTGTCCACTCT-1_3",24,"Intermediate"
"CGTGTCTGTTAGAGTA-1_3",24,"Intermediate"
"CGTTAGAAGCCTATCA-1_3",24,"Intermediate"
"CGTTAGAAGGATTCCT-1_3",24,"Intermediate"
"CGTTAGAAGTGTTGAA-1_3",24,"Resting"
"CGTTAGACAAAGGCGT-1_3",24,"Resting"
"CGTTAGAGTATGGAAT-1_3",24,"Resting"
"CGTTAGAGTTAAACCC-1_3",24,"TEMRA"
"CGTTAGATCTAGAACC-1_3",24,"TEMRA"
"CGTTCTGAGTCTTCGA-1_3",24,"Resting"
"CGTTCTGCAAGAGATT-1_3",24,"Resting"
"CGTTCTGCAATAGTCC-1_3",24,"Resting"
"CGTTCTGCATACAGCT-1_3",24,"Intermediate"
"CGTTCTGTCAGTCACA-1_3",24,"TEMRA"
"CGTTCTGTCCGGACTG-1_3",24,"Intermediate"
"CGTTCTGTCGAGTGAG-1_3",24,"Intermediate"
"CGTTCTGTCTATCACT-1_3",24,"Intermediate"
"CTAACCCAGTGCACTT-1_3",24,"TEMRA"
"CTAACCCCAAAGAACT-1_3",24,"Intermediate"
"CTAACCCCACATTCGA-1_3",24,"Intermediate"
"CTAACCCCACGGTGAA-1_3",24,"Activated"
"CTAACCCGTAGGCAAC-1_3",24,"Activated"
"CTAACCCGTCCCGCAA-1_3",24,"TEMRA"
"CTAACCCTCCCATACC-1_3",24,"Intermediate"
"CTAACCCTCCCGAGGT-1_3",24,"Intermediate"
"CTAACTTAGCTGTTAC-1_3",24,"Resting"
"CTAACTTAGCTTCTAG-1_3",24,"TEMRA"
"CTAACTTCACCGCTAG-1_3",24,"TEMRA"
"CTAACTTGTGAGTCAG-1_3",24,"Intermediate"
"CTAACTTTCTCCTACG-1_3",24,"Intermediate"
"CTAAGTGAGCCACTCG-1_3",24,"Resting"
"CTAAGTGAGTAGTCCT-1_3",24,"Intermediate"
"CTAAGTGGTCGCCTAG-1_3",24,"Intermediate"
"CTACAGATCACTTGTT-1_3",24,"TEMRA"
"CTACAGATCCGAGGCT-1_3",24,"Intermediate"
"CTACAGATCGTAACAC-1_3",24,"Resting"
"CTACATTAGGGAGTGG-1_3",24,"Activated"
"CTACATTCAGAGATGC-1_3",24,"Activated"
"CTACATTGTGTGAATA-1_3",24,"Intermediate"
"CTACATTGTTCTATCT-1_3",24,"Resting"
"CTACCCACACCTGAAT-1_3",24,"Activated"
"CTACCCAGTATTGAGA-1_3",24,"Activated"
"CTACCCAGTTAGGCCC-1_3",24,"Resting"
"CTACCCATCCACCCTA-1_3",24,"Resting"
"CTACCTGAGTTCCATG-1_3",24,"Intermediate"
"CTACCTGTCAAGGACG-1_3",24,"Intermediate"
"CTACGGGAGTACGTCT-1_3",24,"Intermediate"
"CTACGGGCAGGCTCTG-1_3",24,"Intermediate"
"CTACGGGGTTTAGAGA-1_3",24,"Intermediate"
"CTACGGGTCTCTAAGG-1_3",24,"Resting"
"CTACTATCACGACAAG-1_3",24,"Activated"
"CTACTATGTAATTAGG-1_3",24,"Intermediate"
"CTACTATGTATACGGG-1_3",24,"Intermediate"
"CTACTATGTTTGTTGG-1_3",24,"Intermediate"
"CTACTATTCGGTAGAG-1_3",24,"Resting"
"CTAGACACACAGCTTA-1_3",24,"Resting"
"CTAGGTAAGCCAGACA-1_3",24,"Intermediate"
"CTAGGTAAGGGCCCTT-1_3",24,"Intermediate"
"CTAGGTACACCATATG-1_3",24,"Resting"
"CTATAGGAGATGCAGC-1_3",24,"Intermediate"
"CTATAGGGTTTACTTC-1_3",24,"Activated"
"CTATAGGTCCACGTAA-1_3",24,"Intermediate"
"CTATAGGTCTGTCAGA-1_3",24,"Intermediate"
"CTATCCGCACGACGAA-1_3",24,"Intermediate"
"CTATCCGCAGGTGTGA-1_3",24,"Intermediate"
"CTATCCGGTAGACGTG-1_3",24,"Activated"
"CTATCCGGTTGACGGA-1_3",24,"Intermediate"
"CTATCCGTCGACGCGT-1_3",24,"Activated"
"CTATCTAAGTATGAGT-1_3",24,"Intermediate"
"CTATCTACAAGATGTA-1_3",24,"Intermediate"
"CTATCTACACACGTGC-1_3",24,"TEMRA"
"CTATCTAGTATCGTAC-1_3",24,"Resting"
"CTCAACCCACATGGTT-1_3",24,"Activated"
"CTCAACCGTGCTTATG-1_3",24,"Resting"
"CTCAACCTCGGCAGTC-1_3",24,"Intermediate"
"CTCAACCTCTCCGAGG-1_3",24,"Resting"
"CTCAAGAAGTGGATTA-1_3",24,"Intermediate"
"CTCAATTGTAATCAGA-1_3",24,"TEMRA"
"CTCAATTGTACTGGGA-1_3",24,"Intermediate"
"CTCAATTGTCACTCGG-1_3",24,"Intermediate"
"CTCACTGAGAATACAC-1_3",24,"Activated"
"CTCACTGAGTGGCGAT-1_3",24,"TEMRA"
"CTCACTGCACTAGTAC-1_3",24,"TEMRA"
"CTCACTGTCGAAGCAG-1_3",24,"Resting"
"CTCAGAAAGCAGCCCT-1_3",24,"Resting"
"CTCAGAAAGCTTCTAG-1_3",24,"Activated"
"CTCAGAACAGGTGTGA-1_3",24,"Intermediate"
"CTCAGAATCCAACACA-1_3",24,"Activated"
"CTCAGGGAGAGGATCC-1_3",24,"Activated"
"CTCAGGGAGGTCTTTG-1_3",24,"Activated"
"CTCAGGGGTGCCCGTA-1_3",24,"Intermediate"
"CTCAGGGGTTAAGACA-1_3",24,"Activated"
"CTCAGGGGTTGCGTAT-1_3",24,"Activated"
"CTCAGTCCAAGTTCCA-1_3",24,"Activated"
"CTCATCGAGCTAGAAT-1_3",24,"Intermediate"
"CTCATCGCAGATTTCG-1_3",24,"Intermediate"
"CTCATCGGTCGTACTA-1_3",24,"Intermediate"
"CTCATCGTCTGTTGGA-1_3",24,"Intermediate"
"CTCATGCAGGCACAAC-1_3",24,"Intermediate"
"CTCATGCAGGCTCACC-1_3",24,"Undefined2"
"CTCATGCCAAAGGGTC-1_3",24,"Resting"
"CTCATGCTCTTGTTAC-1_3",24,"Intermediate"
"CTCATTAAGATACATG-1_3",24,"Intermediate"
"CTCATTAAGATGGTAT-1_3",24,"Activated"
"CTCATTACAAGCGCAA-1_3",24,"Intermediate"
"CTCATTACAGATCCAT-1_3",24,"Activated"
"CTCATTAGTGTAGCAG-1_3",24,"Resting"
"CTCATTAGTTCTGAGT-1_3",24,"Activated"
"CTCATTAGTTGTCCCT-1_3",24,"Resting"
"CTCATTATCTCTCTTC-1_3",24,"Activated"
"CTCCAACCAAGACCTT-1_3",24,"Activated"
"CTCCAACGTGAACGGT-1_3",24,"Intermediate"
"CTCCACAAGACATAAC-1_3",24,"Intermediate"
"CTCCACACAGCTATTG-1_3",24,"Resting"
"CTCCACAGTATAGGGC-1_3",24,"Intermediate"
"CTCCACAGTTAAGAAC-1_3",24,"Intermediate"
"CTCCACAGTTTGGAGG-1_3",24,"Intermediate"
"CTCCACATCGAAGCCC-1_3",24,"Intermediate"
"CTCCATGAGATCCCGC-1_3",24,"Activated"
"CTCCATGAGCGTTACT-1_3",24,"Resting"
"CTCCATGCAATTGAGA-1_3",24,"Resting"
"CTCCATGTCATCACCC-1_3",24,"Resting"
"CTCCATGTCCACACAA-1_3",24,"Resting"
"CTCCCAAAGGGCCTCT-1_3",24,"TEMRA"
"CTCCCAATCATTCCTA-1_3",24,"Resting"
"CTCCCAATCTGGTTGA-1_3",24,"Activated"
"CTCCCTCGTGCACGCT-1_3",24,"Intermediate"
"CTCCGATAGGTTTGAA-1_3",24,"Intermediate"
"CTCCGATCAAAGCTCT-1_3",24,"Activated"
"CTCCTCCGTAGCGATG-1_3",24,"Activated"
"CTCCTTTAGCGAGTAC-1_3",24,"Intermediate"
"CTCCTTTCAGCAGAAC-1_3",24,"Activated"
"CTCCTTTCAGTGCGCT-1_3",24,"Intermediate"
"CTCCTTTGTCATCGGC-1_3",24,"Resting"
"CTCCTTTGTCTTACTT-1_3",24,"Resting"
"CTCCTTTTCTGTCCGT-1_3",24,"Resting"
"CTCGAGGCACACCGAC-1_3",24,"Resting"
"CTCGAGGGTATCGCAT-1_3",24,"Resting"
"CTCTCAGAGTTCGGTT-1_3",24,"Intermediate"
"CTCTCAGGTGGTGATG-1_3",24,"TEMRA"
"CTCTCAGGTTGTTGAC-1_3",24,"Intermediate"
"CTCTCGAAGAGTTGCG-1_3",24,"Resting"
"CTCTCGAAGCGTGTCC-1_3",24,"Resting"
"CTCTCGATCTCATTGT-1_3",24,"Intermediate"
"CTCTGGTAGCAGCACA-1_3",24,"Intermediate"
"CTCTGGTAGTAACCTC-1_3",24,"Intermediate"
"CTCTGGTAGTTACGAA-1_3",24,"Intermediate"
"CTGAATGCAGGACAGT-1_3",24,"Activated"
"CTGAATGCAGGCCCTA-1_3",24,"Resting"
"CTGAATGCATACCGTA-1_3",24,"Resting"
"CTGAGCGAGACGCCCT-1_3",24,"Activated"
"CTGAGCGCACGGGTAA-1_3",24,"Activated"
"CTGAGCGCACTAGGCC-1_3",24,"Intermediate"
"CTGAGCGCACTGGAAG-1_3",24,"Undefined1"
"CTGAGCGCAGCGATTT-1_3",24,"Activated"
"CTGAGCGCAGTCGCTG-1_3",24,"Intermediate"
"CTGAGCGCATACGCAT-1_3",24,"Resting"
"CTGAGGCAGGATCACG-1_3",24,"Intermediate"
"CTGAGGCAGTTTGTCG-1_3",24,"Intermediate"
"CTGAGGCCAACTGAAA-1_3",24,"Intermediate"
"CTGAGGCCACCGTGAC-1_3",24,"Intermediate"
"CTGATCCAGTCCCAGC-1_3",24,"Intermediate"
"CTGATCCCACAACGAG-1_3",24,"TEMRA"
"CTGATCCTCACGGACC-1_3",24,"Intermediate"
"CTGCAGGAGATTGTGA-1_3",24,"Activated"
"CTGCAGGAGGTTACCT-1_3",24,"Resting"
"CTGCAGGCACCTTCCA-1_3",24,"Intermediate"
"CTGCAGGCAGAGTGAC-1_3",24,"Resting"
"CTGCAGGGTCTTACTT-1_3",24,"Resting"
"CTGCAGGTCCCAAGCG-1_3",24,"Intermediate"
"CTGCATCAGCATCCCG-1_3",24,"Activated"
"CTGCATCAGGTTGCCC-1_3",24,"Intermediate"
"CTGCATCGTCACTAGT-1_3",24,"Undefined2"
"CTGCATCGTTGTAGCT-1_3",24,"Activated"
"CTGCCATAGAAATCCA-1_3",24,"Intermediate"
"CTGCCATAGGTAGTAT-1_3",24,"TEMRA"
"CTGCCATAGTAGGATT-1_3",24,"Intermediate"
"CTGCCATGTATCTCTT-1_3",24,"Intermediate"
"CTGCCATTCAACGTGT-1_3",24,"Intermediate"
"CTGCCTAAGCATTTCG-1_3",24,"Resting"
"CTGCCTAAGGAAACGA-1_3",24,"Intermediate"
"CTGCCTACAACGCATT-1_3",24,"Intermediate"
"CTGCCTACAATGACCT-1_3",24,"TEMRA"
"CTGCCTACAGAACTAA-1_3",24,"Activated"
"CTGCCTACATCCGTGG-1_3",24,"Undefined2"
"CTGCCTACATGACAAA-1_3",24,"Intermediate"
"CTGCCTACATTAGGCT-1_3",24,"Resting"
"CTGCCTATCAACCTTT-1_3",24,"TEMRA"
"CTGCGAGCAGAGTTCT-1_3",24,"Activated"
"CTGCGAGTCGTAATGC-1_3",24,"Intermediate"
"CTGCTCAAGCTCCACG-1_3",24,"Activated"
"CTGCTCAGTCGAGCTC-1_3",24,"Intermediate"
"CTGCTCAGTCTGTAAC-1_3",24,"Activated"
"CTGCTCAGTTCTGACA-1_3",24,"Resting"
"CTGCTCATCAAGCCAT-1_3",24,"TEMRA"
"CTGCTCATCCATATGG-1_3",24,"Resting"
"CTGCTCATCGTCAAAC-1_3",24,"TEMRA"
"CTGGACGAGAGGCTGT-1_3",24,"Activated"
"CTGGACGCACTCAAGT-1_3",24,"Activated"
"CTGGACGGTAGCTGAG-1_3",24,"Intermediate"
"CTGGACGGTTAGGGAC-1_3",24,"Activated"
"CTGGACGTCGAACGGA-1_3",24,"Activated"
"CTGGACGTCTACGGGC-1_3",24,"Intermediate"
"CTGGCAGAGTATTAGG-1_3",24,"Intermediate"
"CTGGTCTAGAGGATCC-1_3",24,"Intermediate"
"CTGGTCTCAAGTTCCA-1_3",24,"Resting"
"CTGGTCTCACAGAGCA-1_3",24,"TEMRA"
"CTGGTCTCAGGACGAT-1_3",24,"Intermediate"
"CTGGTCTGTATGGTTC-1_3",24,"Intermediate"
"CTGGTCTTCCGCAACG-1_3",24,"Resting"
"CTGGTCTTCCTAGAGT-1_3",24,"Intermediate"
"CTGGTCTTCTCGGTAA-1_3",24,"Resting"
"CTGTACCCATGTACGT-1_3",24,"Intermediate"
"CTGTACCGTTCCCACT-1_3",24,"Activated"
"CTGTAGAAGACTACCT-1_3",24,"Intermediate"
"CTGTAGAAGCTCGCAC-1_3",24,"TEMRA"
"CTGTAGACACTTGTCC-1_3",24,"Intermediate"
"CTGTAGAGTCCATACA-1_3",24,"Resting"
"CTGTAGATCGCCTTTG-1_3",24,"Intermediate"
"CTGTAGATCTACGGGC-1_3",24,"Activated"
"CTGTATTTCCTTCACG-1_3",24,"Activated"
"CTGTCGTAGAGATTCA-1_3",24,"Activated"
"CTGTCGTAGCGCATCC-1_3",24,"TEMRA"
"CTGTCGTCACACACTA-1_3",24,"TEMRA"
"CTGTCGTCATACCGTA-1_3",24,"Intermediate"
"CTGTGAAAGATCGGTG-1_3",24,"Activated"
"CTGTGAACAATCGTCA-1_3",24,"TEMRA"
"CTGTGAACACTCACTC-1_3",24,"Intermediate"
"CTGTGAATCCTGCTAC-1_3",24,"Activated"
"CTGTGGGAGTGATGGC-1_3",24,"Intermediate"
"CTGTGGGAGTGCTACT-1_3",24,"Intermediate"
"CTGTGGGCAATTTCCT-1_3",24,"Intermediate"
"CTGTGGGCAGCGTTTA-1_3",24,"Intermediate"
"CTGTGGGGTTAGAAAC-1_3",24,"Activated"
"CTGTGGGTCCTCTGCA-1_3",24,"Resting"
"CTGTGGGTCTACTCAT-1_3",24,"Intermediate"
"CTTACCGAGGGTATAT-1_3",24,"Resting"
"CTTACCGGTGTATTGC-1_3",24,"Intermediate"
"CTTACCGTCGACGATT-1_3",24,"Intermediate"
"CTTACCGTCTCGGTAA-1_3",24,"Intermediate"
"CTTCAATAGTAGACAT-1_3",24,"TEMRA"
"CTTCAATGTGAACCGA-1_3",24,"Intermediate"
"CTTCAATGTTCGAAGG-1_3",24,"Activated"
"CTTCAATTCCACAAGT-1_3",24,"TEMRA"
"CTTCCGAAGGATATGT-1_3",24,"Intermediate"
"CTTCCGACACGTACTA-1_3",24,"TEMRA"
"CTTCCGATCCTCTTTC-1_3",24,"Intermediate"
"CTTCCGATCGCTAGCG-1_3",24,"TEMRA"
"CTTCCTTAGCGTCTCG-1_3",24,"Intermediate"
"CTTCCTTAGCTGTCCG-1_3",24,"Resting"
"CTTCCTTCACTCCTGT-1_3",24,"Intermediate"
"CTTCCTTCAGCATCTA-1_3",24,"TEMRA"
"CTTCCTTGTGGTCCCA-1_3",24,"TEMRA"
"CTTCCTTGTTACCTGA-1_3",24,"Resting"
"CTTCGGTGTCACATTG-1_3",24,"Activated"
"CTTCGGTGTGTGTGTT-1_3",24,"TEMRA"
"CTTCGGTTCTACGCGG-1_3",24,"Activated"
"CTTCGGTTCTCACCCA-1_3",24,"Intermediate"
"CTTCTAAAGCGCGTTC-1_3",24,"Activated"
"CTTCTAACAACAGCTT-1_3",24,"Resting"
"CTTCTAACATCATTTC-1_3",24,"Intermediate"
"CTTCTAAGTACCGGAA-1_3",24,"Intermediate"
"CTTCTAAGTCAGGAGT-1_3",24,"Activated"
"CTTCTAATCAGGAACG-1_3",24,"Intermediate"
"CTTCTAATCTCGCTCA-1_3",24,"Intermediate"
"CTTCTCTAGAAGCCAC-1_3",24,"Intermediate"
"CTTCTCTAGCTCCGAC-1_3",24,"TEMRA"
"CTTCTCTTCCTAGCGG-1_3",24,"Intermediate"
"CTTCTCTTCTAAGCGT-1_3",24,"TEMRA"
"CTTGAGAAGCCTGAGA-1_3",24,"Activated"
"CTTGAGACACGCGTCA-1_3",24,"Activated"
"CTTGAGACAGTGTACT-1_3",24,"Activated"
"CTTGAGATCAAGTGTC-1_3",24,"Intermediate"
"CTTGATTAGAAGCGCT-1_3",24,"TEMRA"
"CTTGATTCAAGTCCAT-1_3",24,"Activated"
"CTTGATTCACGGAAGT-1_3",24,"Activated"
"CTTGATTGTGCCCACA-1_3",24,"Resting"
"CTTGATTGTGCTGCAC-1_3",24,"Intermediate"
"CTTGATTGTGGCATCC-1_3",24,"TEMRA"
"CTTGATTTCGATACTG-1_3",24,"Resting"
"CTTTCAAAGTTGCGCC-1_3",24,"Resting"
"CTTTCAACAAGTTGGG-1_3",24,"TEMRA"
"CTTTCAAGTACCGTGC-1_3",24,"Activated"
"CTTTCAATCCTAAACG-1_3",24,"TEMRA"
"CTTTCAATCGCCACTT-1_3",24,"Intermediate"
"CTTTCGGGTTCAGGTT-1_3",24,"Intermediate"
"GAAACCTAGACATCAA-1_3",24,"Resting"
"GAAACCTAGTGAGTGC-1_3",24,"Resting"
"GAAACCTCAATGTCTG-1_3",24,"Resting"
"GAAACCTGTCATGACT-1_3",24,"Intermediate"
"GAAACCTGTGCATACT-1_3",24,"Undefined2"
"GAAATGAAGACATACA-1_3",24,"Resting"
"GAAATGAGTACACTCA-1_3",24,"Resting"
"GAAATGATCAGTAGGG-1_3",24,"Intermediate"
"GAACACTAGTTTAGGA-1_3",24,"Activated"
"GAACACTGTATTCCGA-1_3",24,"Intermediate"
"GAACACTGTGATATAG-1_3",24,"Resting"
"GAACACTTCCGTTGGG-1_3",24,"Resting"
"GAACACTTCGTCGATA-1_3",24,"Intermediate"
"GAACACTTCTACTGAG-1_3",24,"TEMRA"
"GAACACTTCTGGAGAG-1_3",24,"Activated"
"GAACGTTAGCAGCACA-1_3",24,"Intermediate"
"GAACTGTAGAATAACC-1_3",24,"Intermediate"
"GAACTGTTCGCTGTCT-1_3",24,"Activated"
"GAAGAATCAGGTGAGT-1_3",24,"TEMRA"
"GAAGAATCATAGCACT-1_3",24,"Intermediate"
"GAAGAATGTATTGGCT-1_3",24,"Activated"
"GAAGAATGTGAATTAG-1_3",24,"Activated"
"GAAGCCCTCAGTCACA-1_3",24,"Intermediate"
"GAAGCCCTCGCCTCTA-1_3",24,"Intermediate"
"GAAGCGAAGAAACCCG-1_3",24,"Intermediate"
"GAAGCGAGTATACAGA-1_3",24,"Intermediate"
"GAAGCGAGTTGTATGC-1_3",24,"Intermediate"
"GAAGCGATCTATTGTC-1_3",24,"Activated"
"GAAGGACAGCCTTCTC-1_3",24,"Resting"
"GAAGGACAGGCGTTAG-1_3",24,"Intermediate"
"GAAGGACAGTTTCAGC-1_3",24,"Resting"
"GAAGGACCAAGGGCAT-1_3",24,"TEMRA"
"GAAGGACCACCCTAGG-1_3",24,"TEMRA"
"GAAGGACCACGGATCC-1_3",24,"Intermediate"
"GAAGGACCATATCTGG-1_3",24,"Activated"
"GAAGGACTCCAGTGCG-1_3",24,"Resting"
"GAAGGGTAGAGAGAAC-1_3",24,"Intermediate"
"GAAGGGTAGCACCTGC-1_3",24,"Activated"
"GAAGGGTAGTACGAGC-1_3",24,"Intermediate"
"GAAGGGTTCAGGAAAT-1_3",24,"Resting"
"GAAGTAACATTGTGCA-1_3",24,"Activated"
"GAAGTAAGTGATCGTT-1_3",24,"Activated"
"GAAGTAATCAGCAGAG-1_3",24,"Intermediate"
"GAAGTAATCCCTCTAG-1_3",24,"Intermediate"
"GAAGTAATCGAAGCCC-1_3",24,"Activated"
"GAATAGAAGGGTCTTT-1_3",24,"Intermediate"
"GAATAGAAGTCACGCC-1_3",24,"Activated"
"GAATAGACAATCGTCA-1_3",24,"Intermediate"
"GAATAGATCATGAGTC-1_3",24,"Intermediate"
"GAATAGATCGTTCAGA-1_3",24,"Intermediate"
"GAATCACCAAAGACTA-1_3",24,"Intermediate"
"GAATCACCAACCCTCT-1_3",24,"Resting"
"GAATCACCACGACGAA-1_3",24,"Activated"
"GAATCACCATCCTATT-1_3",24,"Activated"
"GAATCACGTTAATGAG-1_3",24,"Intermediate"
"GAATCGTCATTGTGCA-1_3",24,"Intermediate"
"GAATCGTGTCAAGTTC-1_3",24,"Intermediate"
"GAATCGTTCCGTAATG-1_3",24,"Intermediate"
"GACACGCAGGCGCTCT-1_3",24,"Resting"
"GACACGCCAGTGTATC-1_3",24,"Resting"
"GACAGCCCAAAGCTAA-1_3",24,"Intermediate"
"GACAGCCTCACCTCTG-1_3",24,"Intermediate"
"GACAGCCTCTAAGGAA-1_3",24,"Intermediate"
"GACATCATCCGTACGG-1_3",24,"Intermediate"
"GACCAATAGAACCGCA-1_3",24,"Intermediate"
"GACCAATAGTGCCGAA-1_3",24,"Intermediate"
"GACCAATCATGGGTCC-1_3",24,"Intermediate"
"GACCAATGTCCAGCAC-1_3",24,"Intermediate"
"GACCAATTCACAATGC-1_3",24,"Activated"
"GACCAATTCGAAGAAT-1_3",24,"Intermediate"
"GACCAATTCTTCCACG-1_3",24,"Resting"
"GACCCAGAGCCAACCC-1_3",24,"Resting"
"GACCCAGAGGACGCAT-1_3",24,"Resting"
"GACCCAGGTGCCGTAC-1_3",24,"Intermediate"
"GACCCAGGTGTGTACT-1_3",24,"Intermediate"
"GACCCAGTCAAGTGTC-1_3",24,"Intermediate"
"GACCCAGTCGCCGATG-1_3",24,"TEMRA"
"GACCCAGTCTTTCCAA-1_3",24,"Intermediate"
"GACCCTTAGCGCCTTG-1_3",24,"Intermediate"
"GACCCTTAGGACACTG-1_3",24,"Resting"
"GACCCTTAGTTGTCAC-1_3",24,"Intermediate"
"GACCCTTAGTTGTCGT-1_3",24,"Intermediate"
"GACCCTTCAAATTGGA-1_3",24,"Activated"
"GACCCTTCACAAAGTA-1_3",24,"Resting"
"GACCCTTGTACAAACA-1_3",24,"Intermediate"
"GACCCTTTCGTGCAGC-1_3",24,"Activated"
"GACCGTGAGCTCGAAG-1_3",24,"Intermediate"
"GACCGTGAGGTGAGCT-1_3",24,"Intermediate"
"GACCGTGAGTCTGGTT-1_3",24,"Intermediate"
"GACCGTGCATGTACGT-1_3",24,"Intermediate"
"GACCGTGGTCGCATGC-1_3",24,"Activated"
"GACCTTCAGTCCGCGT-1_3",24,"Resting"
"GACCTTCTCCCATACC-1_3",24,"Intermediate"
"GACGCTGGTACCCGCA-1_3",24,"Intermediate"
"GACGCTGGTATCCTCC-1_3",24,"Resting"
"GACGCTGGTGGACTGA-1_3",24,"Activated"
"GACGTTAAGGACAGTC-1_3",24,"TEMRA"
"GACGTTATCGGCATAT-1_3",24,"Resting"
"GACTATGGTATCGTTG-1_3",24,"Resting"
"GACTATGTCCCGAAAT-1_3",24,"TEMRA"
"GACTCAAAGACCTGGA-1_3",24,"Resting"
"GACTCAAAGGTGCAGT-1_3",24,"Intermediate"
"GACTCAAGTCCAGCCA-1_3",24,"Intermediate"
"GACTCAAGTGACTCTA-1_3",24,"Activated"
"GACTCAATCACATCAG-1_3",24,"Resting"
"GACTCAATCAGAATAG-1_3",24,"Activated"
"GACTCTCTCAGTAGGG-1_3",24,"Resting"
"GACTGATAGAGCAGCT-1_3",24,"Intermediate"
"GACTGATAGCGGCTCT-1_3",24,"Intermediate"
"GACTGATAGGACACTG-1_3",24,"Intermediate"
"GACTGATCAAAGCTAA-1_3",24,"Resting"
"GACTGATCAACAGTGG-1_3",24,"TEMRA"
"GACTGATCAAGCACAG-1_3",24,"Resting"
"GACTGATCAGGATCTT-1_3",24,"Activated"
"GACTGATCATCTAGAC-1_3",24,"TEMRA"
"GACTGATGTAGAATGT-1_3",24,"Activated"
"GACTTCCAGCTAAGTA-1_3",24,"Resting"
"GACTTCCCAAAGGGCT-1_3",24,"Activated"
"GACTTCCTCATGCCCT-1_3",24,"Resting"
"GACTTCCTCTACACAG-1_3",24,"Resting"
"GAGAAATAGCACTCTA-1_3",24,"TEMRA"
"GAGAAATAGGCATCTT-1_3",24,"Intermediate"
"GAGAAATCACTATCGA-1_3",24,"Resting"
"GAGACCCAGCGAACTG-1_3",24,"Intermediate"
"GAGACCCAGGTGATAT-1_3",24,"Intermediate"
"GAGACCCTCCTAACAG-1_3",24,"Activated"
"GAGACCCTCGGCATAT-1_3",24,"Intermediate"
"GAGACCCTCTTCCTAA-1_3",24,"Resting"
"GAGACTTAGACCAAGC-1_3",24,"Intermediate"
"GAGACTTCAGCTAACT-1_3",24,"Intermediate"
"GAGACTTTCGTCCTTG-1_3",24,"Resting"
"GAGACTTTCGTTCAGA-1_3",24,"Intermediate"
"GAGACTTTCTTGATTC-1_3",24,"Intermediate"
"GAGAGGTAGACTACGG-1_3",24,"Intermediate"
"GAGAGGTGTGAGCCAA-1_3",24,"Resting"
"GAGAGGTTCAGTGTGT-1_3",24,"Intermediate"
"GAGAGGTTCTGCGGGT-1_3",24,"Intermediate"
"GAGAGGTTCTTCACAT-1_3",24,"TEMRA"
"GAGATGGAGCATACTC-1_3",24,"Resting"
"GAGATGGAGGTTGCCC-1_3",24,"Resting"
"GAGCCTGGTTTACGTG-1_3",24,"Intermediate"
"GAGCCTGTCACTCGAA-1_3",24,"Intermediate"
"GAGCCTGTCTGCGGAC-1_3",24,"Intermediate"
"GAGCTGCAGGTTCCGC-1_3",24,"TEMRA"
"GAGCTGCCATACACCA-1_3",24,"Resting"
"GAGCTGCCATGGGTCC-1_3",24,"Intermediate"
"GAGCTGCGTATCACCA-1_3",24,"Intermediate"
"GAGCTGCGTCATTGCA-1_3",24,"Intermediate"
"GAGCTGCGTCGCCTAG-1_3",24,"Intermediate"
"GAGCTGCTCGGCCCAA-1_3",24,"TEMRA"
"GAGCTGCTCTTGGATG-1_3",24,"Activated"
"GAGGCAAGTGTTACTG-1_3",24,"Activated"
"GAGGCAATCACAACCA-1_3",24,"Resting"
"GAGGCAATCCATCGTC-1_3",24,"Activated"
"GAGGCAATCGCGCCAA-1_3",24,"Activated"
"GAGGCCTAGACCGCCT-1_3",24,"Intermediate"
"GAGGCCTAGAGATGCC-1_3",24,"TEMRA"
"GAGGCCTGTCCAAAGG-1_3",24,"Activated"
"GAGGCCTGTTCCCACT-1_3",24,"Resting"
"GAGGGATCACCAGTAT-1_3",24,"Intermediate"
"GAGGGATCACTGCACG-1_3",24,"Resting"
"GAGGGATTCCAAGGGA-1_3",24,"Intermediate"
"GAGTCATAGACGTCCC-1_3",24,"Resting"
"GAGTCATCAATAAGGT-1_3",24,"Intermediate"
"GAGTCATCAGAGGTTG-1_3",24,"Intermediate"
"GAGTCATTCCTTCGAC-1_3",24,"Intermediate"
"GAGTCTACAAGTGCAG-1_3",24,"Intermediate"
"GAGTCTATCATACGAC-1_3",24,"Intermediate"
"GAGTGAGAGCATCGAG-1_3",24,"Intermediate"
"GAGTGAGAGGTTCACT-1_3",24,"TEMRA"
"GAGTGAGGTGTAAACA-1_3",24,"Activated"
"GAGTGTTAGCATGATA-1_3",24,"Intermediate"
"GAGTGTTGTAATGTGA-1_3",24,"Intermediate"
"GAGTGTTGTGTGGACA-1_3",24,"Intermediate"
"GAGTTACAGCGTCGAA-1_3",24,"Intermediate"
"GAGTTACCATCGAAGG-1_3",24,"Activated"
"GAGTTACTCCGAGAAG-1_3",24,"Intermediate"
"GAGTTGTAGACTAGAT-1_3",24,"Resting"
"GAGTTGTAGATAGTCA-1_3",24,"Activated"
"GAGTTGTCAGAGACTG-1_3",24,"Resting"
"GAGTTGTGTGCCTGAC-1_3",24,"Resting"
"GAGTTGTTCAATCTCT-1_3",24,"Intermediate"
"GAGTTTGCACATAGCT-1_3",24,"Resting"
"GAGTTTGGTGCATGAG-1_3",24,"Intermediate"
"GAGTTTGTCCGGCAGT-1_3",24,"Activated"
"GATAGAAAGAAACCCG-1_3",24,"Activated"
"GATAGAAAGCAACAGC-1_3",24,"Intermediate"
"GATAGAAAGCTAGATA-1_3",24,"Intermediate"
"GATAGAAAGCTGACAG-1_3",24,"Resting"
"GATAGAAAGGTGTGAC-1_3",24,"Activated"
"GATAGAAGTCGAATTC-1_3",24,"Resting"
"GATAGAATCACTACTT-1_3",24,"Activated"
"GATAGAATCGGTGAAG-1_3",24,"Activated"
"GATAGAATCTCCAAGA-1_3",24,"Intermediate"
"GATAGCTAGTATTAGG-1_3",24,"Intermediate"
"GATAGCTCAGGATGAC-1_3",24,"Intermediate"
"GATAGCTCAGTATACC-1_3",24,"Resting"
"GATAGCTGTGAGTTGG-1_3",24,"Intermediate"
"GATCACAAGAAGGCTC-1_3",24,"Intermediate"
"GATCACAAGCAGATAT-1_3",24,"Activated"
"GATCACACACGGGCTT-1_3",24,"Intermediate"
"GATCACAGTTGCCGAC-1_3",24,"Intermediate"
"GATCAGTAGCCTTCTC-1_3",24,"TEMRA"
"GATCAGTCATGTCAGT-1_3",24,"Intermediate"
"GATCAGTCATTGTACG-1_3",24,"Intermediate"
"GATCATGGTTCCAGGC-1_3",24,"Intermediate"
"GATCATGTCGGTAGAG-1_3",24,"Resting"
"GATCCCTAGCAGGGAG-1_3",24,"Resting"
"GATCCCTCAGAATCGG-1_3",24,"Activated"
"GATCCCTTCATTCATC-1_3",24,"Intermediate"
"GATCGTAAGGATATAC-1_3",24,"Activated"
"GATCGTAAGGCGCTCT-1_3",24,"Activated"
"GATCGTACAAACAGGC-1_3",24,"Intermediate"
"GATCGTATCCGTATGA-1_3",24,"Intermediate"
"GATGACTTCAACACGT-1_3",24,"Activated"
"GATGAGGAGACGCATG-1_3",24,"Intermediate"
"GATGAGGAGCGAGTCA-1_3",24,"Intermediate"
"GATGAGGCACAAGCCC-1_3",24,"Activated"
"GATGAGGGTCGTATGT-1_3",24,"Resting"
"GATGAGGGTGTATTGC-1_3",24,"Intermediate"
"GATGAGGGTTGTTGAC-1_3",24,"Intermediate"
"GATGAGGTCGACACCG-1_3",24,"Intermediate"
"GATGATCAGCGTGTCC-1_3",24,"Intermediate"
"GATGATCCACGTGTGC-1_3",24,"Intermediate"
"GATGATCCAGTGTGCC-1_3",24,"Intermediate"
"GATGATCGTTCTATCT-1_3",24,"Resting"
"GATGCTAAGTCAGAGC-1_3",24,"Intermediate"
"GATGCTAGTCTGTGAT-1_3",24,"Intermediate"
"GATGCTAGTGTGGTCC-1_3",24,"Intermediate"
"GATGCTATCACGATAC-1_3",24,"Intermediate"
"GATGCTATCTACAGGT-1_3",24,"TEMRA"
"GATGGAGAGCTCATAC-1_3",24,"Resting"
"GATGGAGCAAACTCTG-1_3",24,"Resting"
"GATGTTGAGGCTGGAT-1_3",24,"Activated"
"GATGTTGAGTACGTCT-1_3",24,"Activated"
"GATGTTGAGTTTGCTG-1_3",24,"Intermediate"
"GATGTTGGTAGCACAG-1_3",24,"Resting"
"GATGTTGTCACGACTA-1_3",24,"TEMRA"
"GATGTTGTCCTACAAG-1_3",24,"Activated"
"GATTCGAAGTCTGCAT-1_3",24,"Intermediate"
"GATTCGACAAGTGCTT-1_3",24,"Intermediate"
"GATTCGATCCACAGCG-1_3",24,"TEMRA"
"GATTCGATCCGATTAG-1_3",24,"Activated"
"GATTCTTCAGAGCGTA-1_3",24,"Activated"
"GATTCTTTCCTGGCTT-1_3",24,"Undefined1"
"GATTGGTAGACTACCT-1_3",24,"Intermediate"
"GATTGGTAGAGCATCG-1_3",24,"Activated"
"GATTGGTGTCCTTGTC-1_3",24,"Intermediate"
"GATTTCTCAGGTCCCA-1_3",24,"Resting"
"GCAACATAGATGAATC-1_3",24,"TEMRA"
"GCAACATAGCACTCTA-1_3",24,"Activated"
"GCAACATAGCCAAGGT-1_3",24,"Resting"
"GCAACATCATCCCACT-1_3",24,"Resting"
"GCAACATGTCGTCATA-1_3",24,"Intermediate"
"GCAACATTCGAACCAT-1_3",24,"Intermediate"
"GCAACATTCGTGGCGT-1_3",24,"Resting"
"GCAACCGAGCTCCACG-1_3",24,"Intermediate"
"GCAACCGAGGCTGTAG-1_3",24,"Activated"
"GCAACCGGTCCAGGTC-1_3",24,"Activated"
"GCAACCGGTGGTTTGT-1_3",24,"Resting"
"GCAACCGGTTCGGTTA-1_3",24,"Intermediate"
"GCAACCGGTTGTGCAT-1_3",24,"TEMRA"
"GCACATAAGGACGCAT-1_3",24,"Resting"
"GCACATAAGTGTTGTC-1_3",24,"Activated"
"GCACATACAATGTCAC-1_3",24,"Intermediate"
"GCACATAGTAGACAGC-1_3",24,"TEMRA"
"GCACATAGTGTACATC-1_3",24,"Resting"
"GCACGGTAGAGAGCAA-1_3",24,"Intermediate"
"GCACGGTAGCTGACAG-1_3",24,"Activated"
"GCACGGTCAACCGATT-1_3",24,"Undefined2"
"GCACGGTCAATTGTGC-1_3",24,"Intermediate"
"GCACGGTCAGATCACT-1_3",24,"Resting"
"GCACGGTTCCGCAGTG-1_3",24,"TEMRA"
"GCACGGTTCCGTTGAA-1_3",24,"Intermediate"
"GCACGTGAGAGTTGCG-1_3",24,"TEMRA"
"GCACGTGAGGATATAC-1_3",24,"Intermediate"
"GCACGTGAGGGAGGGT-1_3",24,"Intermediate"
"GCACGTGAGGTGATCG-1_3",24,"Intermediate"
"GCACGTGAGTCATGAA-1_3",24,"Intermediate"
"GCACGTGCAGAATGTA-1_3",24,"Activated"
"GCACGTGTCAAGCGTT-1_3",24,"Intermediate"
"GCACTAAAGGTTCACT-1_3",24,"TEMRA"
"GCACTAATCGTTGTGA-1_3",24,"Resting"
"GCAGCCAAGACTTCGT-1_3",24,"Intermediate"
"GCAGCCATCCTTATGT-1_3",24,"Intermediate"
"GCAGCCATCGTACACA-1_3",24,"Intermediate"
"GCAGCTGAGAGGATCC-1_3",24,"Resting"
"GCAGCTGAGGGTACGT-1_3",24,"Intermediate"
"GCAGCTGAGTAAACGT-1_3",24,"TEMRA"
"GCAGCTGGTGTGTGGA-1_3",24,"Activated"
"GCAGCTGTCGTAGTCA-1_3",24,"Intermediate"
"GCAGGCTAGCGTCGAA-1_3",24,"Intermediate"
"GCAGGCTAGGAGGTTC-1_3",24,"Activated"
"GCAGGCTAGTATAGAC-1_3",24,"Intermediate"
"GCAGGCTCAGGTCAGA-1_3",24,"Intermediate"
"GCAGGCTGTCACAGAG-1_3",24,"Resting"
"GCAGGCTGTCTCACAA-1_3",24,"Intermediate"
"GCAGTTAAGGGTTAGC-1_3",24,"Resting"
"GCAGTTATCGTCACCT-1_3",24,"Intermediate"
"GCATCGGAGCCAACCC-1_3",24,"Activated"
"GCATCGGAGCCTCACG-1_3",24,"Intermediate"
"GCATCGGCAATCACGT-1_3",24,"Activated"
"GCATCGGGTATCTTCT-1_3",24,"Resting"
"GCATCGGGTTTCAGAC-1_3",24,"Activated"
"GCATCGGTCAACCCGG-1_3",24,"Resting"
"GCATCGGTCTCTGCCA-1_3",24,"TEMRA"
"GCATCTCAGATTGAGT-1_3",24,"Activated"
"GCATCTCCAAATGAAC-1_3",24,"Intermediate"
"GCATCTCCAGAGTTGG-1_3",24,"Activated"
"GCATCTCCAGTTGTTG-1_3",24,"Intermediate"
"GCATCTCGTCACGACC-1_3",24,"Intermediate"
"GCATCTCGTCACTCGG-1_3",24,"Activated"
"GCATCTCGTCTGGTTA-1_3",24,"Resting"
"GCATCTCTCCATCACC-1_3",24,"Intermediate"
"GCATCTCTCCTGTAAG-1_3",24,"Intermediate"
"GCATCTCTCTACGCGG-1_3",24,"Resting"
"GCATGATAGACCTGGA-1_3",24,"Intermediate"
"GCATGATAGCGACTTT-1_3",24,"Intermediate"
"GCATGATAGTATTCCG-1_3",24,"Activated"
"GCATGATCACTAACCA-1_3",24,"Intermediate"
"GCATGATGTCACTTAG-1_3",24,"Activated"
"GCATGATGTTGTAAAG-1_3",24,"Intermediate"
"GCATGATGTTGTCTAG-1_3",24,"Intermediate"
"GCATGATTCGAGAATA-1_3",24,"Intermediate"
"GCATTAGCAACCCGCA-1_3",24,"Intermediate"
"GCATTAGCATCAACCA-1_3",24,"Intermediate"
"GCATTAGCATCGGATT-1_3",24,"Resting"
"GCATTAGGTCTGTTAG-1_3",24,"Activated"
"GCATTAGTCAGCATTG-1_3",24,"Activated"
"GCATTAGTCTAGACCA-1_3",24,"Activated"
"GCCAACGAGAGATGCC-1_3",24,"Activated"
"GCCAACGAGAGTGGCT-1_3",24,"Resting"
"GCCAACGCACTTCAAG-1_3",24,"Resting"
"GCCAACGCATCGGCCA-1_3",24,"Resting"
"GCCAACGGTAAGGCCA-1_3",24,"TEMRA"
"GCCAACGGTGTCCTAA-1_3",24,"Resting"
"GCCAGCAAGGGCAACT-1_3",24,"Intermediate"
"GCCAGCACAGTTACCA-1_3",24,"Intermediate"
"GCCAGCAGTAACGCGA-1_3",24,"TEMRA"
"GCCAGCATCATCCTAT-1_3",24,"Intermediate"
"GCCAGCATCTACACTT-1_3",24,"Resting"
"GCCAGGTAGGTGTGAC-1_3",24,"Intermediate"
"GCCAGGTAGTGGAAAG-1_3",24,"Intermediate"
"GCCAGTGCAGAGGACT-1_3",24,"Activated"
"GCCAGTGTCTCCGAAA-1_3",24,"Activated"
"GCCATGGAGCGAATGC-1_3",24,"Undefined2"
"GCCATGGAGGCTGAAC-1_3",24,"Intermediate"
"GCCATGGAGGTTAAAC-1_3",24,"Intermediate"
"GCCATGGCAGCGACCT-1_3",24,"Undefined1"
"GCCATGGGTTAGCTAC-1_3",24,"TEMRA"
"GCCATGGTCTGCTAGA-1_3",24,"Resting"
"GCCATTCAGTCGGCCT-1_3",24,"Activated"
"GCCATTCCAGCGACCT-1_3",24,"Intermediate"
"GCCATTCTCTGAGATC-1_3",24,"Intermediate"
"GCCATTCTCTGTCGCT-1_3",24,"Undefined2"
"GCCCAGACAAACTCGT-1_3",24,"TEMRA"
"GCCCAGAGTTGACTGT-1_3",24,"Activated"
"GCCCGAAAGTACTGGG-1_3",24,"Intermediate"
"GCCCGAAAGTGGTCAG-1_3",24,"Intermediate"
"GCCCGAAGTCACATTG-1_3",24,"Intermediate"
"GCCCGAAGTCGTGGTC-1_3",24,"Resting"
"GCCCGAATCCGAGAAG-1_3",24,"Intermediate"
"GCCGATGCAAGTCATC-1_3",24,"TEMRA"
"GCCGATGCACAGCCTG-1_3",24,"Activated"
"GCCGATGCACAGTGAG-1_3",24,"Intermediate"
"GCCGATGTCCTACTGC-1_3",24,"TEMRA"
"GCCGTGAAGAGCGACT-1_3",24,"Intermediate"
"GCCGTGAAGCATTTCG-1_3",24,"Intermediate"
"GCCGTGACAGGGAATC-1_3",24,"Activated"
"GCCGTGACATAACCCA-1_3",24,"Activated"
"GCCGTGAGTAACATGA-1_3",24,"Activated"
"GCCTGTTAGTAGAATC-1_3",24,"Resting"
"GCCTGTTGTATTTCCT-1_3",24,"Activated"
"GCCTGTTGTGCTCCGA-1_3",24,"Activated"
"GCCTGTTGTGGTACAG-1_3",24,"Activated"
"GCCTGTTTCATTCGTT-1_3",24,"Resting"
"GCCTGTTTCCTGTAGA-1_3",24,"Resting"
"GCCTGTTTCTGGGTCG-1_3",24,"Activated"
"GCGAGAAAGAAGGCTC-1_3",24,"Resting"
"GCGAGAAAGACGCAGT-1_3",24,"Intermediate"
"GCGAGAAAGTGTTGAA-1_3",24,"Activated"
"GCGAGAAGTAGTCGTT-1_3",24,"Intermediate"
"GCGAGAATCATAGACC-1_3",24,"Activated"
"GCGAGAATCGTCTACC-1_3",24,"Intermediate"
"GCGAGAATCTTTGATC-1_3",24,"Activated"
"GCGATCGGTATGGAGC-1_3",24,"Intermediate"
"GCGGAAACAATATCCG-1_3",24,"Intermediate"
"GCGGAAACACGCAGTC-1_3",24,"Intermediate"
"GCGGAAACATGGCCCA-1_3",24,"TEMRA"
"GCGGAAATCCTCTGCA-1_3",24,"Activated"
"GCGGATCCACCATTCC-1_3",24,"Intermediate"
"GCGGATCGTCACTCTC-1_3",24,"Resting"
"GCGTGCAAGCTTAAGA-1_3",24,"Resting"
"GCGTGCACACTACTTT-1_3",24,"Intermediate"
"GCGTGCAGTGGATGAC-1_3",24,"TEMRA"
"GCGTGCATCAATCCGA-1_3",24,"Resting"
"GCGTGCATCACAAGAA-1_3",24,"Intermediate"
"GCGTGCATCGCTGTTC-1_3",24,"Activated"
"GCGTTTCCAACTACGT-1_3",24,"Intermediate"
"GCGTTTCGTATGAAGT-1_3",24,"TEMRA"
"GCGTTTCGTGGTTTGT-1_3",24,"Activated"
"GCGTTTCGTTCGTGCG-1_3",24,"Resting"
"GCGTTTCTCGCATGAT-1_3",24,"Intermediate"
"GCTACAAAGAGTCACG-1_3",24,"Resting"
"GCTACAAAGGCTTTCA-1_3",24,"Intermediate"
"GCTACAAAGTATAGGT-1_3",24,"Intermediate"
"GCTACAACAAAGGCGT-1_3",24,"Intermediate"
"GCTACAACACGCGTGT-1_3",24,"Intermediate"
"GCTACAAGTGTGAATA-1_3",24,"Activated"
"GCTACAATCATTGCCC-1_3",24,"Activated"
"GCTACAATCTCACGAA-1_3",24,"Intermediate"
"GCTACAATCTTAGCCC-1_3",24,"Intermediate"
"GCTACCTGTCATAACC-1_3",24,"Resting"
"GCTACCTTCACCCTGT-1_3",24,"Intermediate"
"GCTACCTTCATGAAAG-1_3",24,"TEMRA"
"GCTCAAAAGCAGTCTT-1_3",24,"Intermediate"
"GCTCAAAGTAGTCTTG-1_3",24,"TEMRA"
"GCTGAATGTGACGCCT-1_3",24,"Activated"
"GCTGAATGTTTACCTT-1_3",24,"Intermediate"
"GCTGCAGAGCTCCACG-1_3",24,"Intermediate"
"GCTGCAGCACGGCCAT-1_3",24,"Resting"
"GCTGCAGCAGCGTACC-1_3",24,"Activated"
"GCTGCAGCAGTAGGAC-1_3",24,"Intermediate"
"GCTGCAGGTTTACCTT-1_3",24,"Activated"
"GCTGGGTAGAGATCGC-1_3",24,"Resting"
"GCTGGGTCAAGAGTAT-1_3",24,"Resting"
"GCTGGGTCACAGCCAC-1_3",24,"Intermediate"
"GCTGGGTCAGATAAAC-1_3",24,"Resting"
"GCTGGGTTCAGTGATC-1_3",24,"Activated"
"GCTGGGTTCCTCACCA-1_3",24,"Activated"
"GCTTCACCAAATTGGA-1_3",24,"Activated"
"GCTTCACCAGATACCT-1_3",24,"Activated"
"GCTTCACCAGCACGAA-1_3",24,"Resting"
"GCTTCACGTGTTGCCG-1_3",24,"Intermediate"
"GCTTCACTCTCATTAC-1_3",24,"TEMRA"
"GCTTGGGAGTCACGAG-1_3",24,"Intermediate"
"GCTTGGGCAGGAGGTT-1_3",24,"TEMRA"
"GCTTGGGGTACCCGAC-1_3",24,"Intermediate"
"GCTTGGGTCATTTGCT-1_3",24,"Resting"
"GCTTTCGAGACTCATC-1_3",24,"Activated"
"GCTTTCGAGCATACTC-1_3",24,"Intermediate"
"GCTTTCGCATGATGCT-1_3",24,"Intermediate"
"GGAACCCAGCTACTGT-1_3",24,"Intermediate"
"GGAACCCAGTGACACG-1_3",24,"Intermediate"
"GGAAGTGAGTCACACT-1_3",24,"TEMRA"
"GGAAGTGTCCTGGGAC-1_3",24,"Intermediate"
"GGAAGTGTCTGGTTGA-1_3",24,"Activated"
"GGAATCTCACCTAAAC-1_3",24,"Activated"
"GGAATCTCAGCCCAGT-1_3",24,"Intermediate"
"GGAATCTGTATTGCCA-1_3",24,"Resting"
"GGAATCTTCGGTGTAT-1_3",24,"Activated"
"GGAATCTTCGTGTGAT-1_3",24,"Intermediate"
"GGAATCTTCTGACCCT-1_3",24,"TEMRA"
"GGAATCTTCTTACTGT-1_3",24,"Intermediate"
"GGAATGGAGTACCATC-1_3",24,"TEMRA"
"GGAATGGCAGGACAGT-1_3",24,"TEMRA"
"GGAATGGGTTTACACG-1_3",24,"Intermediate"
"GGACGTCAGACCTCCG-1_3",24,"Intermediate"
"GGACGTCAGTTGCGCC-1_3",24,"Resting"
"GGACGTCGTGCCTTTC-1_3",24,"Intermediate"
"GGAGATGAGCAAGTCG-1_3",24,"Intermediate"
"GGAGATGCAACCGCCA-1_3",24,"Resting"
"GGAGATGCAGCGTGCT-1_3",24,"Intermediate"
"GGAGATGTCCACTGGG-1_3",24,"Activated"
"GGAGATGTCTCTAGGA-1_3",24,"Activated"
"GGAGCAAAGACAGCTG-1_3",24,"Undefined2"
"GGAGCAAAGTAATCCC-1_3",24,"Intermediate"
"GGAGCAATCCAGTGCG-1_3",24,"Intermediate"
"GGAGGATAGTCCGCGT-1_3",24,"Resting"
"GGAGGATCAATCCTAG-1_3",24,"Activated"
"GGAGGATGTAGAATGT-1_3",24,"Activated"
"GGAGGATGTGATGTAA-1_3",24,"Intermediate"
"GGAGGATGTTGCGAAG-1_3",24,"Resting"
"GGAGGATTCCGATAGT-1_3",24,"TEMRA"
"GGAGGATTCGAGTACT-1_3",24,"Intermediate"
"GGAGGTAAGTAAACAC-1_3",24,"Resting"
"GGAGGTACATACCGTA-1_3",24,"Intermediate"
"GGATCTAAGCCGTAAG-1_3",24,"TEMRA"
"GGATCTAAGGGTAATT-1_3",24,"Activated"
"GGATCTACACATAACC-1_3",24,"TEMRA"
"GGATCTACAGGCTACC-1_3",24,"Activated"
"GGATCTAGTATTTCCT-1_3",24,"Intermediate"
"GGATCTAGTTTAGTCG-1_3",24,"Resting"
"GGATGTTAGATGTTGA-1_3",24,"Activated"
"GGATGTTGTATAGGGC-1_3",24,"Activated"
"GGCACGTAGAGTTGCG-1_3",24,"Resting"
"GGCACGTAGTAGTCAA-1_3",24,"Intermediate"
"GGCACGTTCTACGCGG-1_3",24,"Activated"
"GGCGTCAAGCACACCC-1_3",24,"Intermediate"
"GGCGTCAAGGCTCCCA-1_3",24,"TEMRA"
"GGCGTCACAAAGCGTG-1_3",24,"Intermediate"
"GGCGTCACAGTAGAGC-1_3",24,"Activated"
"GGCGTCAGTACGCTAT-1_3",24,"Resting"
"GGCGTCAGTGATGAAT-1_3",24,"Activated"
"GGCGTCATCGACTCCT-1_3",24,"Resting"
"GGCGTCATCTTGTGCC-1_3",24,"Resting"
"GGCTGTGAGCTGAAAT-1_3",24,"Resting"
"GGCTGTGAGCTTACGT-1_3",24,"Activated"
"GGCTGTGAGGTAGTCG-1_3",24,"Intermediate"
"GGCTGTGCAAATTAGG-1_3",24,"Resting"
"GGCTGTGCAGACAAGC-1_3",24,"Resting"
"GGCTGTGTCGTTCCCA-1_3",24,"Intermediate"
"GGCTTGGCACGACGCT-1_3",24,"Intermediate"
"GGCTTGGGTCATCTAG-1_3",24,"Activated"
"GGCTTGGGTTCACGAT-1_3",24,"Activated"
"GGCTTTCAGGATATAC-1_3",24,"Resting"
"GGCTTTCAGTCAACAA-1_3",24,"TEMRA"
"GGCTTTCCAGTGGGTA-1_3",24,"Resting"
"GGCTTTCGTACGATTC-1_3",24,"Resting"
"GGCTTTCGTAGCTAAA-1_3",24,"Intermediate"
"GGCTTTCGTCCGATCG-1_3",24,"Resting"
"GGCTTTCGTGACATCT-1_3",24,"Intermediate"
"GGCTTTCTCCTCCACA-1_3",24,"Intermediate"
"GGCTTTCTCCTGTAAG-1_3",24,"Activated"
"GGGAAGTCAATAGAGT-1_3",24,"Activated"
"GGGAAGTCATAGCACT-1_3",24,"Resting"
"GGGACAAAGGCCTGAA-1_3",24,"Intermediate"
"GGGACAACATTCTGTT-1_3",24,"TEMRA"
"GGGACAAGTCTCTCCA-1_3",24,"Activated"
"GGGACAATCCGAGATT-1_3",24,"Intermediate"
"GGGACCTAGATTCGAA-1_3",24,"Intermediate"
"GGGACCTAGCGTATAA-1_3",24,"Activated"
"GGGACCTCAGTGGTGA-1_3",24,"Activated"
"GGGACCTTCTCCCTAG-1_3",24,"Resting"
"GGGACTCAGGCAGTCA-1_3",24,"Activated"
"GGGACTCGTCCGTTTC-1_3",24,"TEMRA"
"GGGACTCGTTCAGCTA-1_3",24,"Intermediate"
"GGGACTCTCGTTGCCT-1_3",24,"Intermediate"
"GGGAGATAGATACAGT-1_3",24,"Activated"
"GGGAGATGTAGAGCTG-1_3",24,"Intermediate"
"GGGAGATTCTCATGCC-1_3",24,"Resting"
"GGGAGATTCTTCCGTG-1_3",24,"Activated"
"GGGAGTAGTGAATTAG-1_3",24,"Intermediate"
"GGGAGTAGTTCGTGCG-1_3",24,"Intermediate"
"GGGAGTATCATTACTC-1_3",24,"Intermediate"
"GGGATCCCAGCAGTGA-1_3",24,"Resting"
"GGGATCCGTGGTCTCG-1_3",24,"Resting"
"GGGATCCTCGCATTAG-1_3",24,"TEMRA"
"GGGATGAAGCACACAG-1_3",24,"Intermediate"
"GGGATGATCACCATGA-1_3",24,"Intermediate"
"GGGATGATCCCATAGA-1_3",24,"TEMRA"
"GGGCCATCAACTAGAA-1_3",24,"TEMRA"
"GGGCCATGTAGAGGAA-1_3",24,"Resting"
"GGGCCATGTCATCTAG-1_3",24,"Activated"
"GGGCCATTCGCACGAC-1_3",24,"Resting"
"GGGCCATTCGTCCTCA-1_3",24,"Resting"
"GGGCGTTAGGTGCTGA-1_3",24,"Intermediate"
"GGGCGTTCAAGTTCGT-1_3",24,"Intermediate"
"GGGCGTTCACAACGAG-1_3",24,"Intermediate"
"GGGCGTTCAGCAGTGA-1_3",24,"Intermediate"
"GGGCGTTTCGCCTAGG-1_3",24,"Intermediate"
"GGGCGTTTCTGTTCAT-1_3",24,"Resting"
"GGGCTACAGTCAAGCG-1_3",24,"Intermediate"
"GGGCTACCAAAGTATG-1_3",24,"Activated"
"GGGCTACCACTGTGTA-1_3",24,"Intermediate"
"GGGCTACCAGAAGCTG-1_3",24,"Intermediate"
"GGGCTACCAGTCAGCC-1_3",24,"Resting"
"GGGCTACTCAAGCTGT-1_3",24,"Undefined2"
"GGGCTCAGTACCTGTA-1_3",24,"TEMRA"
"GGGCTCAGTAGAGGAA-1_3",24,"Activated"
"GGGCTCAGTCTCTCAC-1_3",24,"Intermediate"
"GGGCTCAGTGCTTCAA-1_3",24,"Resting"
"GGGTAGACAATTTCTC-1_3",24,"Intermediate"
"GGGTAGAGTTCTCACC-1_3",24,"TEMRA"
"GGGTATTAGTCAGAGC-1_3",24,"Activated"
"GGGTATTCACCGCTGA-1_3",24,"Activated"
"GGGTATTGTCTTACTT-1_3",24,"TEMRA"
"GGGTCACGTACGATTC-1_3",24,"Intermediate"
"GGGTCACGTAGGCTGA-1_3",24,"Activated"
"GGGTCACTCCTCTTTC-1_3",24,"Resting"
"GGGTCTGAGCACACAG-1_3",24,"Resting"
"GGGTCTGAGCGAATGC-1_3",24,"Intermediate"
"GGGTCTGCAATAGTCC-1_3",24,"Intermediate"
"GGGTCTGGTAGGACTG-1_3",24,"Intermediate"
"GGGTCTGGTATTGACC-1_3",24,"Intermediate"
"GGGTCTGGTGTCATGT-1_3",24,"Intermediate"
"GGGTGAAAGATTAGTG-1_3",24,"TEMRA"
"GGGTGAAAGTAGAGTT-1_3",24,"Resting"
"GGGTGAACAAGATGGC-1_3",24,"Activated"
"GGGTGAAGTTGTATGC-1_3",24,"Intermediate"
"GGGTGAATCCGATCTC-1_3",24,"Intermediate"
"GGGTGTCAGACGATAT-1_3",24,"Intermediate"
"GGGTGTCAGTTCTCTT-1_3",24,"Intermediate"
"GGGTGTCCAGGAACCA-1_3",24,"Intermediate"
"GGGTGTCGTCCCGGTA-1_3",24,"TEMRA"
"GGGTGTCGTTCAGGTT-1_3",24,"TEMRA"
"GGGTGTCTCTTCGGAA-1_3",24,"Resting"
"GGGTTATCAAGACGAC-1_3",24,"Intermediate"
"GGGTTATGTACGCTTA-1_3",24,"Intermediate"
"GGGTTATGTAGCTTAC-1_3",24,"Activated"
"GGGTTATGTCCACATA-1_3",24,"TEMRA"
"GGGTTATTCTATGCCC-1_3",24,"Intermediate"
"GGGTTTAAGCTAATCC-1_3",24,"Intermediate"
"GGGTTTAAGTATGACA-1_3",24,"Intermediate"
"GGGTTTAGTAGCCCTG-1_3",24,"Activated"
"GGGTTTATCGTGGGTC-1_3",24,"Intermediate"
"GGTAACTAGACTAAGT-1_3",24,"Intermediate"
"GGTAACTCAAGCGGAT-1_3",24,"Intermediate"
"GGTAACTGTGTGAGCA-1_3",24,"TEMRA"
"GGTAACTGTTGCTTGA-1_3",24,"Activated"
"GGTAACTTCCTGGCTT-1_3",24,"Activated"
"GGTAACTTCTGCGGAC-1_3",24,"Intermediate"
"GGTAATCAGAGGCGTT-1_3",24,"Intermediate"
"GGTAATCTCGTAATGC-1_3",24,"Resting"
"GGTAGAGAGTTGCATC-1_3",24,"Intermediate"
"GGTCACGAGCCGTTGC-1_3",24,"Intermediate"
"GGTCACGCACTTGAGT-1_3",24,"Intermediate"
"GGTCTGGCATGACAAA-1_3",24,"Intermediate"
"GGTCTGGGTGCTGCAC-1_3",24,"Resting"
"GGTCTGGTCAAGCGTT-1_3",24,"Intermediate"
"GGTGAAGAGGTCATTC-1_3",24,"Activated"
"GGTGAAGTCGACACCG-1_3",24,"Resting"
"GGTGATTGTATCGATC-1_3",24,"Resting"
"GGTGGCTAGAGACAAG-1_3",24,"Intermediate"
"GGTGGCTGTCCGTTTC-1_3",24,"Intermediate"
"GGTGGCTTCACCTTGC-1_3",24,"Intermediate"
"GGTGTCGAGAATTGTG-1_3",24,"Resting"
"GGTGTCGCAACTCCCT-1_3",24,"Intermediate"
"GGTGTCGCACACAGAG-1_3",24,"Resting"
"GGTGTCGCAGTAGAGC-1_3",24,"Activated"
"GGTGTCGGTAGCTGAG-1_3",24,"Intermediate"
"GGTGTTAAGAGAGGTA-1_3",24,"Activated"
"GGTGTTAAGGTTACCT-1_3",24,"Resting"
"GGTGTTAAGTTACGAA-1_3",24,"TEMRA"
"GGTGTTACAGAGGTAC-1_3",24,"Activated"
"GGTGTTACATCAGCGC-1_3",24,"Intermediate"
"GGTGTTACATCCGTGG-1_3",24,"Resting"
"GGTGTTAGTAATTAGG-1_3",24,"Activated"
"GGTGTTAGTCATATGC-1_3",24,"Activated"
"GGTGTTAGTCTAATCG-1_3",24,"Intermediate"
"GGTGTTAGTGGACTGA-1_3",24,"Intermediate"
"GGTGTTATCACCGGGT-1_3",24,"Activated"
"GGTGTTATCCAGCACG-1_3",24,"Resting"
"GGTGTTATCCTGATAG-1_3",24,"Activated"
"GGTTAACCACTCATAG-1_3",24,"Intermediate"
"GGTTAACCACTGTGAT-1_3",24,"Activated"
"GGTTCTCCATGGCCAC-1_3",24,"Activated"
"GGTTGTACACACCGCA-1_3",24,"Activated"
"GGTTGTACATACATCG-1_3",24,"Activated"
"GGTTGTATCTCTAGGA-1_3",24,"Intermediate"
"GTAACACGTAGGGAGG-1_3",24,"Activated"
"GTAACACTCCTTTAGT-1_3",24,"Intermediate"
"GTAACCAAGTTCGCAT-1_3",24,"TEMRA"
"GTAACCAGTGGTCTCG-1_3",24,"Intermediate"
"GTAACCATCCTCACTG-1_3",24,"Intermediate"
"GTAACCATCTCCATAT-1_3",24,"Resting"
"GTAAGTCCAGAAATTG-1_3",24,"TEMRA"
"GTAATCGAGAAATTCG-1_3",24,"Undefined2"
"GTAATCGCACGTGTGC-1_3",24,"Intermediate"
"GTAATCGCAGTTAGAA-1_3",24,"TEMRA"
"GTAATCGGTACTAGCT-1_3",24,"Intermediate"
"GTAATGCAGACTCTAC-1_3",24,"Activated"
"GTAATGCAGCTGAGCA-1_3",24,"Intermediate"
"GTAATGCCAGACACAG-1_3",24,"Activated"
"GTAATGCCATTGCAAC-1_3",24,"Intermediate"
"GTAATGCGTACCACGC-1_3",24,"Intermediate"
"GTACAACAGATGGCAC-1_3",24,"Activated"
"GTACAACAGCCTCCAG-1_3",24,"TEMRA"
"GTACAACCACGCGTCA-1_3",24,"Intermediate"
"GTACAGTAGAGTCGAC-1_3",24,"Resting"
"GTACAGTAGGTGCCAA-1_3",24,"Activated"
"GTACAGTAGTATGGCG-1_3",24,"Intermediate"
"GTACAGTCAAAGAACT-1_3",24,"Activated"
"GTACAGTCAGTGCCTG-1_3",24,"Intermediate"
"GTACAGTTCGCGGACT-1_3",24,"Resting"
"GTACAGTTCGGACTTA-1_3",24,"Intermediate"
"GTAGAAAAGTCCCAAT-1_3",24,"Activated"
"GTAGAAACAAGTCCAT-1_3",24,"Intermediate"
"GTAGAAACAGCTAACT-1_3",24,"Intermediate"
"GTAGAAAGTATTGAGA-1_3",24,"Intermediate"
"GTAGAAATCGAAACAA-1_3",24,"Activated"
"GTAGAGGAGATTAGAC-1_3",24,"Intermediate"
"GTAGAGGCAATAAGGT-1_3",24,"Intermediate"
"GTAGAGGTCCATTCAT-1_3",24,"Intermediate"
"GTAGATCAGAGTTGAT-1_3",24,"Activated"
"GTAGATCAGGATACGC-1_3",24,"Activated"
"GTAGATCCACGGCGTT-1_3",24,"Intermediate"
"GTAGCTACACTCAAGT-1_3",24,"TEMRA"
"GTAGCTAGTCCACGCA-1_3",24,"Resting"
"GTAGGAGAGTGGACTG-1_3",24,"Resting"
"GTAGGAGGTCTAGATC-1_3",24,"Activated"
"GTAGGAGGTCTTCTAT-1_3",24,"Intermediate"
"GTAGGTTCAATGGCAG-1_3",24,"Intermediate"
"GTAGGTTCATTAGGAA-1_3",24,"Intermediate"
"GTAGGTTGTTTGACAC-1_3",24,"TEMRA"
"GTAGGTTTCACTTCTA-1_3",24,"Undefined1"
"GTAGGTTTCCAACTGA-1_3",24,"Resting"
"GTAGGTTTCCATACAG-1_3",24,"Intermediate"
"GTAGGTTTCTCGCAGG-1_3",24,"Resting"
"GTAGTACAGACATACA-1_3",24,"Resting"
"GTAGTACCAAGTGGTG-1_3",24,"Intermediate"
"GTAGTACCACAGAAGC-1_3",24,"Intermediate"
"GTAGTACGTGAGAGGG-1_3",24,"Activated"
"GTAGTACGTTAATGAG-1_3",24,"Intermediate"
"GTAGTACTCCCGAGGT-1_3",24,"Activated"
"GTAGTACTCGATACTG-1_3",24,"Intermediate"
"GTAGTACTCTTACCGC-1_3",24,"Intermediate"
"GTATTGGAGATACATG-1_3",24,"Intermediate"
"GTATTGGGTGGGTTGA-1_3",24,"Activated"
"GTATTTCAGCATCCCG-1_3",24,"Resting"
"GTATTTCAGTGGCGAT-1_3",24,"Intermediate"
"GTATTTCGTACCGCGT-1_3",24,"Intermediate"
"GTATTTCGTGACTGTT-1_3",24,"Resting"
"GTATTTCGTTAGAAGT-1_3",24,"Intermediate"
"GTCAAACAGTGAGTGC-1_3",24,"TEMRA"
"GTCAAACGTACGCTAT-1_3",24,"Resting"
"GTCAAACTCGAAGGAC-1_3",24,"Activated"
"GTCAAGTAGATAACGT-1_3",24,"Activated"
"GTCAAGTCATACAGGG-1_3",24,"Intermediate"
"GTCAAGTTCTGATGGT-1_3",24,"Activated"
"GTCACGGAGAACAGGA-1_3",24,"Intermediate"
"GTCACGGAGGACAGTC-1_3",24,"Activated"
"GTCACGGCATGTTACG-1_3",24,"Intermediate"
"GTCACGGTCTCTATGT-1_3",24,"Intermediate"
"GTCACTCGTCTACATG-1_3",24,"Resting"
"GTCACTCGTGCTCCGA-1_3",24,"Intermediate"
"GTCACTCTCATGGCCG-1_3",24,"Resting"
"GTCAGCGAGATGTAGT-1_3",24,"Activated"
"GTCAGCGTCCGCAAAT-1_3",24,"Resting"
"GTCATCCAGCTCCACG-1_3",24,"Intermediate"
"GTCATCCAGTAAGGGA-1_3",24,"Intermediate"
"GTCATCCGTCGACTGC-1_3",24,"Intermediate"
"GTCATCCGTCTGTGCG-1_3",24,"Resting"
"GTCATCCTCTTCTGTA-1_3",24,"Intermediate"
"GTCATGATCCTGGGAC-1_3",24,"Intermediate"
"GTCATGATCCTTACCG-1_3",24,"Undefined2"
"GTCATTTCACAGTGAG-1_3",24,"Intermediate"
"GTCATTTCAGTTGGTT-1_3",24,"Intermediate"
"GTCATTTTCAGTCACA-1_3",24,"TEMRA"
"GTCATTTTCTGTAAGC-1_3",24,"Resting"
"GTCCACTCAGTAACGG-1_3",24,"Intermediate"
"GTCCCATAGACAACTA-1_3",24,"Resting"
"GTCCCATAGCCGGATA-1_3",24,"Intermediate"
"GTCCCATAGGGTTAAT-1_3",24,"Intermediate"
"GTCCCATCAATGAAAC-1_3",24,"TEMRA"
"GTCCCATGTATCTCGA-1_3",24,"Resting"
"GTCCCATGTATGCTTG-1_3",24,"Intermediate"
"GTCCCATGTGCTTCAA-1_3",24,"Intermediate"
"GTCCCATGTTGGGATG-1_3",24,"Intermediate"
"GTCCCATGTTTCGATG-1_3",24,"Undefined2"
"GTCCTCACAATATCCG-1_3",24,"TEMRA"
"GTCCTCATCTCGTGGG-1_3",24,"Intermediate"
"GTCGAATAGAAGAACG-1_3",24,"Intermediate"
"GTCGAATGTGTTGACT-1_3",24,"Intermediate"
"GTCGAATTCGATCCCT-1_3",24,"Activated"
"GTCGCGAAGTCCGCCA-1_3",24,"Intermediate"
"GTCGCGAGTGAACGGT-1_3",24,"TEMRA"
"GTCGCGATCAGCGCGT-1_3",24,"Intermediate"
"GTCGTAAGTACTCGAT-1_3",24,"Intermediate"
"GTCGTAAGTGACAACG-1_3",24,"Intermediate"
"GTCGTAATCAGGTGTT-1_3",24,"TEMRA"
"GTCGTTCCATAGGTTC-1_3",24,"Activated"
"GTCTACCGTTATTCCT-1_3",24,"TEMRA"
"GTCTACCTCCAAGGGA-1_3",24,"Resting"
"GTCTACCTCTCCCATG-1_3",24,"Intermediate"
"GTCTACCTCTCGCGTT-1_3",24,"Resting"
"GTCTAGACACATGACT-1_3",24,"Activated"
"GTCTAGACAGCGCGTT-1_3",24,"Intermediate"
"GTCTAGAGTGGAACAC-1_3",24,"Activated"
"GTCTAGAGTGGGATTG-1_3",24,"Activated"
"GTCTAGATCAAGCCTA-1_3",24,"Intermediate"
"GTCTAGATCATTGTTC-1_3",24,"Activated"
"GTCTAGATCTAGTTCT-1_3",24,"Intermediate"
"GTCTCACCACGGTCTG-1_3",24,"Activated"
"GTCTCACCAGCTTCGG-1_3",24,"TEMRA"
"GTCTCACCATTGACCA-1_3",24,"Intermediate"
"GTCTGTCGTAATACCC-1_3",24,"Intermediate"
"GTCTGTCTCCGTGCGA-1_3",24,"Intermediate"
"GTCTGTCTCCTAGCTC-1_3",24,"Activated"
"GTCTTTACAAGTGGAC-1_3",24,"Resting"
"GTGACGCGTAACGCGA-1_3",24,"Activated"
"GTGACGCGTAATTGGA-1_3",24,"Intermediate"
"GTGACGCGTACGGCAA-1_3",24,"Activated"
"GTGACGCTCGAAACAA-1_3",24,"TEMRA"
"GTGAGCCCACTGCACG-1_3",24,"Intermediate"
"GTGAGCCGTGGGCTTC-1_3",24,"Intermediate"
"GTGAGCCTCAAGCGTT-1_3",24,"Intermediate"
"GTGAGGAAGGACCCAA-1_3",24,"Resting"
"GTGAGGACAACTCCCT-1_3",24,"Intermediate"
"GTGAGGACACTGCATA-1_3",24,"Activated"
"GTGAGGAGTAGCGCCT-1_3",24,"Intermediate"
"GTGAGGATCAGGACAG-1_3",24,"TEMRA"
"GTGAGTTAGGAACGCT-1_3",24,"Intermediate"
"GTGAGTTCAAGAGTTA-1_3",24,"Resting"
"GTGAGTTCACTGTGTA-1_3",24,"Intermediate"
"GTGAGTTTCAAGCCTA-1_3",24,"Intermediate"
"GTGATGTAGGAATGTT-1_3",24,"Intermediate"
"GTGATGTGTACTCCCT-1_3",24,"Intermediate"
"GTGATGTGTAGAGTTA-1_3",24,"Activated"
"GTGATGTTCCTGGCTT-1_3",24,"Intermediate"
"GTGCACGCAAATGCGG-1_3",24,"Activated"
"GTGCACGGTACGCTAT-1_3",24,"Intermediate"
"GTGCACGTCCAATCTT-1_3",24,"Resting"
"GTGCAGCGTTAGGCTT-1_3",24,"Intermediate"
"GTGCAGCTCCTTCGAC-1_3",24,"Intermediate"
"GTGCGTGAGAATGTTG-1_3",24,"Intermediate"
"GTGCGTGAGGAAAGTG-1_3",24,"Resting"
"GTGCGTGCAGCGTATT-1_3",24,"Activated"
"GTGCGTGGTAGGCAAC-1_3",24,"Resting"
"GTGCTGGAGTACGTCT-1_3",24,"Activated"
"GTGCTTCCAGCGGATA-1_3",24,"Activated"
"GTGCTTCGTTTCGGCG-1_3",24,"Activated"
"GTGCTTCTCTTTGCAT-1_3",24,"Resting"
"GTGGAAGAGAGCAAGA-1_3",24,"Resting"
"GTGGAAGAGGTAGCAC-1_3",24,"Intermediate"
"GTGGAAGAGTGTACAA-1_3",24,"Intermediate"
"GTGGAAGAGTTGCATC-1_3",24,"Resting"
"GTGGAAGCAGGACTTT-1_3",24,"Intermediate"
"GTGGAAGCATGTAACC-1_3",24,"Activated"
"GTGGAAGGTCGGTAAG-1_3",24,"Activated"
"GTGGAAGGTGCCTATA-1_3",24,"Activated"
"GTGGAAGGTTTAGTCG-1_3",24,"Activated"
"GTGGAGATCAAGGTGG-1_3",24,"Resting"
"GTGGAGATCCTCTCTT-1_3",24,"Resting"
"GTGGCGTCAGCTCTGG-1_3",24,"Activated"
"GTGGCGTGTGACGCCT-1_3",24,"Activated"
"GTGGCGTGTTAAACAG-1_3",24,"Resting"
"GTGGGAAAGAATGTTG-1_3",24,"Intermediate"
"GTGGGAACACGCGTCA-1_3",24,"Intermediate"
"GTGGGAAGTACCAATC-1_3",24,"Resting"
"GTGGGAAGTGACCGTC-1_3",24,"Intermediate"
"GTGGGAAGTGCTTATG-1_3",24,"Intermediate"
"GTGGGAATCACTTGTT-1_3",24,"TEMRA"
"GTGGGAATCAGACCTA-1_3",24,"Activated"
"GTGGGAATCCCGAGTG-1_3",24,"Activated"
"GTGGTTACAGAACTTC-1_3",24,"Intermediate"
"GTGGTTAGTAATGCTC-1_3",24,"Activated"
"GTGTAACAGAAGTGTT-1_3",24,"Resting"
"GTGTCCTCATGACCCG-1_3",24,"Intermediate"
"GTGTCCTCATGCAGGA-1_3",24,"Intermediate"
"GTGTGATAGAAGAGCA-1_3",24,"TEMRA"
"GTGTGATAGCTAGAAT-1_3",24,"Intermediate"
"GTGTGATAGGGTTGCA-1_3",24,"Resting"
"GTGTGATCAAGTGGGT-1_3",24,"Activated"
"GTGTGATTCGCAGTCG-1_3",24,"TEMRA"
"GTGTGGCAGGAATTAC-1_3",24,"Intermediate"
"GTGTGGCAGTAGTGCG-1_3",24,"Resting"
"GTGTGGCCACCCGTAG-1_3",24,"Intermediate"
"GTGTGGCCATACAGGG-1_3",24,"Resting"
"GTGTGGCGTGATTGGG-1_3",24,"Activated"
"GTGTGGCTCACCGGGT-1_3",24,"Intermediate"
"GTGTGGCTCCGTCACT-1_3",24,"Intermediate"
"GTGTGGCTCGCACGAC-1_3",24,"Intermediate"
"GTGTGGCTCTGAGGCC-1_3",24,"Intermediate"
"GTGTTAGAGTTGGACG-1_3",24,"Activated"
"GTGTTAGTCAGGACAG-1_3",24,"Activated"
"GTGTTAGTCCAAAGGG-1_3",24,"Activated"
"GTGTTCCCAACACTAC-1_3",24,"Resting"
"GTGTTCCCACATTGTG-1_3",24,"Intermediate"
"GTGTTCCGTAGAAACT-1_3",24,"Resting"
"GTGTTCCGTATCACGT-1_3",24,"Resting"
"GTGTTCCTCCATTTGT-1_3",24,"Activated"
"GTGTTCCTCGAACTCA-1_3",24,"Resting"
"GTTACAGAGTCTGCGC-1_3",24,"Intermediate"
"GTTACAGGTACAACGG-1_3",24,"Resting"
"GTTACAGTCGAGAATA-1_3",24,"Intermediate"
"GTTACCCCAATTGAGA-1_3",24,"Intermediate"
"GTTACCCCACGTAGAG-1_3",24,"Activated"
"GTTACCCTCTTGCAGA-1_3",24,"Intermediate"
"GTTACGAAGGACCCAA-1_3",24,"Intermediate"
"GTTACGAAGTCTGCAT-1_3",24,"Activated"
"GTTACGAAGTTGCCTA-1_3",24,"Activated"
"GTTACGATCAGTGTCA-1_3",24,"Activated"
"GTTAGACAGAAGAGCA-1_3",24,"TEMRA"
"GTTAGTGAGATGCTAA-1_3",24,"Intermediate"
"GTTAGTGCACCGTGCA-1_3",24,"Resting"
"GTTAGTGGTATCGTAC-1_3",24,"Activated"
"GTTAGTGTCACGAACT-1_3",24,"Resting"
"GTTAGTGTCAGCTCTC-1_3",24,"Activated"
"GTTAGTGTCGGAGATG-1_3",24,"Intermediate"
"GTTATGGCAGACACAG-1_3",24,"Resting"
"GTTATGGCAGCAGGAT-1_3",24,"Resting"
"GTTATGGGTCAAAGTA-1_3",24,"Intermediate"
"GTTATGGGTCTTGCTC-1_3",24,"Intermediate"
"GTTATGGTCCCACAGG-1_3",24,"Intermediate"
"GTTATGGTCCTATTTG-1_3",24,"Activated"
"GTTCATTAGACGGATC-1_3",24,"Activated"
"GTTCATTCACTCCACT-1_3",24,"Activated"
"GTTCATTGTCACTAGT-1_3",24,"Intermediate"
"GTTCATTGTCCCTGTT-1_3",24,"Activated"
"GTTCATTGTTTGTTCT-1_3",24,"TEMRA"
"GTTCATTTCCACATAG-1_3",24,"Intermediate"
"GTTCCGTCAGCACAAG-1_3",24,"Intermediate"
"GTTCCGTTCTGGTGCG-1_3",24,"Resting"
"GTTCGCTAGCAACTCT-1_3",24,"Resting"
"GTTCGCTAGCATGCAG-1_3",24,"Intermediate"
"GTTCGCTCAGCTACTA-1_3",24,"Intermediate"
"GTTCGCTCAGGTCCCA-1_3",24,"Intermediate"
"GTTCGCTCATGGAACG-1_3",24,"Activated"
"GTTCGCTGTGAGTAGC-1_3",24,"TEMRA"
"GTTCTATGTCGCATCG-1_3",24,"Resting"
"GTTCTATTCTTCGTAT-1_3",24,"Resting"
"GTTGAACAGAGCTGCA-1_3",24,"Activated"
"GTTGAACAGCCAACCC-1_3",24,"Intermediate"
"GTTGAACAGCCTGACC-1_3",24,"TEMRA"
"GTTGAACCACTAACGT-1_3",24,"Intermediate"
"GTTGAACCAGAGGACT-1_3",24,"Resting"
"GTTGAACCATACCATG-1_3",24,"Intermediate"
"GTTGAACTCGTTTACT-1_3",24,"TEMRA"
"GTTGCGGCAGTTGGTT-1_3",24,"Intermediate"
"GTTGCGGGTGAAAGTT-1_3",24,"Intermediate"
"GTTGCGGTCGCGCCAA-1_3",24,"Intermediate"
"GTTGCTCGTAGAGCTG-1_3",24,"Activated"
"GTTGCTCTCATTTGCT-1_3",24,"Resting"
"GTTGTAGAGCGCAATG-1_3",24,"Activated"
"GTTGTAGCACCCTGAG-1_3",24,"Intermediate"
"GTTGTAGTCGGCTATA-1_3",24,"Resting"
"GTTGTCCAGATGCTTC-1_3",24,"TEMRA"
"GTTGTCCCAGGAGACT-1_3",24,"TEMRA"
"GTTGTCCGTCTGTAAC-1_3",24,"Resting"
"GTTGTGACATCGCTGG-1_3",24,"Resting"
"GTTGTGAGTACTCCGG-1_3",24,"Intermediate"
"GTTGTGAGTATGAGAT-1_3",24,"Activated"
"GTTGTGATCCGCACTT-1_3",24,"TEMRA"
"GTTTACTAGCTCTGTA-1_3",24,"Intermediate"
"GTTTACTAGTTCATCG-1_3",24,"Activated"
"GTTTACTCAAGGCTTT-1_3",24,"TEMRA"
"GTTTACTCACGGATCC-1_3",24,"Intermediate"
"GTTTACTCACTGTTCC-1_3",24,"Activated"
"GTTTACTGTGCAGTGA-1_3",24,"Activated"
"GTTTACTTCATCGCAA-1_3",24,"TEMRA"
"GTTTGGAAGGAGAGTA-1_3",24,"Resting"
"GTTTGGAAGGTTACAA-1_3",24,"Intermediate"
"GTTTGGACAGGTACGA-1_3",24,"Resting"
"GTTTGGAGTACTGCGC-1_3",24,"Resting"
"GTTTGGATCGGAGTGA-1_3",24,"Intermediate"
"GTTTGGATCTCCTGCA-1_3",24,"Intermediate"
"TAACACGAGATGGCGT-1_3",24,"Intermediate"
"TAACACGAGCTAGTTC-1_3",24,"Intermediate"
"TAACACGGTCGCAACC-1_3",24,"Resting"
"TAACACGTCTCCGAAA-1_3",24,"TEMRA"
"TAACCAGCACTGATTG-1_3",24,"TEMRA"
"TAACCAGGTAACGATA-1_3",24,"Activated"
"TAACCAGGTCACTTCC-1_3",24,"Resting"
"TAACCAGGTTCAAGTC-1_3",24,"Intermediate"
"TAACGACAGGCCACTC-1_3",24,"Resting"
"TAACGACAGTATCTGC-1_3",24,"Undefined2"
"TAACGACCAGGCAATG-1_3",24,"Resting"
"TAACGACGTTTCGTGA-1_3",24,"Intermediate"
"TAACTTCGTGCCGAAA-1_3",24,"Intermediate"
"TAACTTCTCATCACCC-1_3",24,"TEMRA"
"TAAGCACAGTTGCCCG-1_3",24,"Intermediate"
"TAAGCACCAAGCGCTC-1_3",24,"Resting"
"TAAGCACCATACGCAT-1_3",24,"Intermediate"
"TAAGCACGTCACCGCA-1_3",24,"Activated"
"TAAGCACTCCCTGTTG-1_3",24,"Resting"
"TAAGCCAGTTACGATC-1_3",24,"Activated"
"TAAGCCATCGTCTCAC-1_3",24,"Intermediate"
"TAAGCGTGTAATGCTC-1_3",24,"Resting"
"TAAGTCGAGAGGTTAT-1_3",24,"Resting"
"TAAGTCGGTCGGCCTA-1_3",24,"Resting"
"TAAGTCGGTCTTCCGT-1_3",24,"Activated"
"TAAGTCGGTTCGTACA-1_3",24,"Activated"
"TAAGTCGTCGGCAGTC-1_3",24,"Resting"
"TAATTCCAGCCGAATG-1_3",24,"Activated"
"TAATTCCCAAATGGTA-1_3",24,"Resting"
"TAATTCCGTTCTCACC-1_3",24,"Activated"
"TAATTCCTCGGTAGGA-1_3",24,"Resting"
"TACAACGAGGCACTCC-1_3",24,"Activated"
"TACAACGAGTAGCTCT-1_3",24,"Activated"
"TACAACGCAAATGGTA-1_3",24,"Intermediate"
"TACAACGGTACAATAG-1_3",24,"Resting"
"TACAACGTCGCCAGAC-1_3",24,"Activated"
"TACACCCCAGGGATAC-1_3",24,"Activated"
"TACACCCTCAAACCTG-1_3",24,"Resting"
"TACACCCTCAAATAGG-1_3",24,"Activated"
"TACAGGTAGCATGGGT-1_3",24,"Intermediate"
"TACAGGTAGCCGATCC-1_3",24,"TEMRA"
"TACAGGTCAATCACGT-1_3",24,"TEMRA"
"TACAGGTCACCAGTTA-1_3",24,"Resting"
"TACAGGTGTCTGTGAT-1_3",24,"Activated"
"TACAGGTTCATAGACC-1_3",24,"Intermediate"
"TACAGGTTCGTTATCT-1_3",24,"Intermediate"
"TACATTCAGCGGGTTA-1_3",24,"Intermediate"
"TACATTCAGCGTGTCC-1_3",24,"Intermediate"
"TACATTCCAAATTGGA-1_3",24,"Intermediate"
"TACATTCTCATGCCGG-1_3",24,"TEMRA"
"TACCCACGTGTTCCAA-1_3",24,"Activated"
"TACCCACGTTCCACGG-1_3",24,"TEMRA"
"TACCCACTCGCTGCGA-1_3",24,"Activated"
"TACCCGTAGTAGGGTC-1_3",24,"TEMRA"
"TACCCGTAGTAGTCTC-1_3",24,"Resting"
"TACCGAACAACTGCTA-1_3",24,"Intermediate"
"TACCGAACATGACTCA-1_3",24,"TEMRA"
"TACCGAAGTCTCGGGT-1_3",24,"Resting"
"TACCGGGAGGGAGGTG-1_3",24,"Activated"
"TACCGGGCACTATCGA-1_3",24,"Intermediate"
"TACCGGGGTGAATGTA-1_3",24,"Intermediate"
"TACCTCGAGAGCCGTA-1_3",24,"Resting"
"TACCTCGAGCAAGTCG-1_3",24,"TEMRA"
"TACCTCGAGGAGGCAG-1_3",24,"Intermediate"
"TACCTCGAGGTTACAA-1_3",24,"Resting"
"TACCTCGAGTGCAACG-1_3",24,"Intermediate"
"TACCTCGCAAGATTGA-1_3",24,"Resting"
"TACCTCGCAGAAGCGT-1_3",24,"Activated"
"TACCTGCAGAGCAAGA-1_3",24,"Intermediate"
"TACCTGCAGGACGCTA-1_3",24,"TEMRA"
"TACCTGCAGGGCAGTT-1_3",24,"Resting"
"TACCTGCGTAGGACTG-1_3",24,"Resting"
"TACGCTCAGCGCTTCG-1_3",24,"Intermediate"
"TACGCTCAGTTTCTTC-1_3",24,"Activated"
"TACGGGCCACTCAAGT-1_3",24,"Resting"
"TACGGGCCACTGTCCT-1_3",24,"Intermediate"
"TACGGTAAGAGGATGA-1_3",24,"Resting"
"TACGGTACACATATCG-1_3",24,"Intermediate"
"TACGGTACAGCTACAT-1_3",24,"Resting"
"TACGGTAGTACTAAGA-1_3",24,"Activated"
"TACGGTAGTTGCCTAA-1_3",24,"Activated"
"TACGGTATCAGTGATC-1_3",24,"Intermediate"
"TACGTCCCAGTCAGAG-1_3",24,"Intermediate"
"TACGTCCTCCAGTTCC-1_3",24,"Intermediate"
"TACTGCCCATGTGCCG-1_3",24,"Resting"
"TACTGCCCATTGTGCA-1_3",24,"TEMRA"
"TACTGCCGTCCTTTGC-1_3",24,"Intermediate"
"TACTGCCGTCTCCCTA-1_3",24,"Intermediate"
"TACTGCCGTGCCTACG-1_3",24,"Intermediate"
"TACTGCCGTTGCACGC-1_3",24,"Resting"
"TACTTACGTAAGATAC-1_3",24,"Activated"
"TACTTACGTAGAGGAA-1_3",24,"Activated"
"TACTTACGTCTGTAGT-1_3",24,"Activated"
"TACTTACTCGAGAGCA-1_3",24,"Resting"
"TACTTCAAGCGACTAG-1_3",24,"Resting"
"TACTTCAGTAGTGCGA-1_3",24,"Intermediate"
"TACTTCATCAAACGTC-1_3",24,"Intermediate"
"TACTTCATCATCAGTG-1_3",24,"Activated"
"TACTTGTAGAGCCCAA-1_3",24,"Activated"
"TACTTGTCACACCTTC-1_3",24,"Resting"
"TACTTGTTCAGCGTCG-1_3",24,"Activated"
"TAGACCACAAGAGCTG-1_3",24,"Undefined2"
"TAGACCACATCGGAGA-1_3",24,"Intermediate"
"TAGACCAGTGACTGAG-1_3",24,"Resting"
"TAGACTGCAGACCCGT-1_3",24,"Resting"
"TAGACTGGTCTCTCCA-1_3",24,"Intermediate"
"TAGACTGTCTACTGCC-1_3",24,"Activated"
"TAGAGTCAGATTCGCT-1_3",24,"Resting"
"TAGAGTCAGCACCTGC-1_3",24,"Intermediate"
"TAGAGTCAGCATGCAG-1_3",24,"Activated"
"TAGAGTCAGCCACTCG-1_3",24,"Activated"
"TAGAGTCAGGTACAGC-1_3",24,"Intermediate"
"TAGAGTCCACAACGAG-1_3",24,"Activated"
"TAGAGTCCAGTCAGAG-1_3",24,"Resting"
"TAGAGTCCATGTGGTT-1_3",24,"Resting"
"TAGAGTCGTTCAGTAC-1_3",24,"Resting"
"TAGATCGAGCTATCCA-1_3",24,"Activated"
"TAGATCGAGTGCAAAT-1_3",24,"Activated"
"TAGATCGGTTCTCTAT-1_3",24,"Activated"
"TAGCACAAGGTCTACT-1_3",24,"TEMRA"
"TAGCACACAAGTCGTT-1_3",24,"Resting"
"TAGCACACAATTCGTG-1_3",24,"Intermediate"
"TAGCACACATCCTTCG-1_3",24,"Intermediate"
"TAGCACAGTGAATTGA-1_3",24,"Intermediate"
"TAGCACAGTGATCATC-1_3",24,"Intermediate"
"TAGCACAGTTCAAGTC-1_3",24,"Activated"
"TAGCACAGTTCTCACC-1_3",24,"Intermediate"
"TAGGAGGAGAAGAACG-1_3",24,"TEMRA"
"TAGGAGGCACTGTCGG-1_3",24,"Intermediate"
"TAGGAGGCATCTCATT-1_3",24,"Intermediate"
"TAGGAGGTCGGAGATG-1_3",24,"Intermediate"
"TAGGGTTAGATAGGGA-1_3",24,"Intermediate"
"TAGGGTTAGATGGCGT-1_3",24,"Intermediate"
"TAGGGTTGTTCGAAGG-1_3",24,"Intermediate"
"TAGGGTTTCCCTCATG-1_3",24,"Intermediate"
"TAGGTACCAAATGCGG-1_3",24,"Activated"
"TAGGTTGAGACGGATC-1_3",24,"Intermediate"
"TAGGTTGAGTCCTGTA-1_3",24,"Intermediate"
"TAGGTTGCACGTATAC-1_3",24,"Resting"
"TAGGTTGCAGGACAGT-1_3",24,"TEMRA"
"TAGGTTGCAGTTAGAA-1_3",24,"Activated"
"TAGGTTGGTGTTAAAG-1_3",24,"TEMRA"
"TAGTGCAAGCTTGTTG-1_3",24,"Activated"
"TAGTGCACAACACGAG-1_3",24,"Resting"
"TAGTGCACAGACGGAT-1_3",24,"Resting"
"TAGTGCACATCGAAGG-1_3",24,"Intermediate"
"TAGTGCATCTGATTCT-1_3",24,"Intermediate"
"TATACCTCAAGTATAG-1_3",24,"Activated"
"TATACCTCACAACGTT-1_3",24,"Intermediate"
"TATACCTGTCACCTTC-1_3",24,"Intermediate"
"TATATCCAGAGATGCC-1_3",24,"Resting"
"TATATCCCACAAGGTG-1_3",24,"Resting"
"TATATCCCAGACGGAT-1_3",24,"TEMRA"
"TATATCCGTACCTATG-1_3",24,"Intermediate"
"TATATCCTCGATTCCC-1_3",24,"TEMRA"
"TATATCCTCGTTGTAG-1_3",24,"Activated"
"TATCAGGAGTCCGCGT-1_3",24,"Intermediate"
"TATCCTAAGCAGCAGT-1_3",24,"Resting"
"TATCCTAAGTGGCGAT-1_3",24,"TEMRA"
"TATCCTACAGCACCCA-1_3",24,"Resting"
"TATCCTACATAGATGA-1_3",24,"Resting"
"TATCCTAGTTTCGTTT-1_3",24,"TEMRA"
"TATCCTATCCCTTCCC-1_3",24,"Resting"
"TATCGCCCAATTGTGC-1_3",24,"Intermediate"
"TATCGCCCAGGTCAGA-1_3",24,"Intermediate"
"TATCGCCCATCCGTTC-1_3",24,"Intermediate"
"TATCTGTAGAAGCTCG-1_3",24,"Activated"
"TATCTGTAGGAGACCT-1_3",24,"Resting"
"TATCTGTAGGTTCTAC-1_3",24,"Intermediate"
"TATCTGTGTACCGGAA-1_3",24,"Activated"
"TATCTGTGTTGTGTAC-1_3",24,"Intermediate"
"TATCTTGAGCGGATCA-1_3",24,"Activated"
"TATCTTGAGCGTTCCG-1_3",24,"Activated"
"TATCTTGAGGTAAAGG-1_3",24,"Activated"
"TATCTTGAGTAAGCAT-1_3",24,"Intermediate"
"TATCTTGGTAGTGGCA-1_3",24,"Activated"
"TATCTTGGTCACGACC-1_3",24,"Undefined2"
"TATGTTCGTAGTCCTA-1_3",24,"Resting"
"TATGTTCTCAATCTTC-1_3",24,"Intermediate"
"TATGTTCTCTAACGGT-1_3",24,"Intermediate"
"TATTCCAAGACTCATC-1_3",24,"Intermediate"
"TATTCCAAGAGCAGTC-1_3",24,"Intermediate"
"TATTCCACAAAGCTAA-1_3",24,"TEMRA"
"TATTCCATCTTTGATC-1_3",24,"Resting"
"TATTGCTAGATCACTC-1_3",24,"Intermediate"
"TATTGCTCACAAGCCC-1_3",24,"TEMRA"
"TATTGCTGTGAGGATC-1_3",24,"Activated"
"TATTGCTTCTCCAAGA-1_3",24,"Intermediate"
"TATTGCTTCTGGCTGG-1_3",24,"Intermediate"
"TATTGCTTCTTGCGCT-1_3",24,"Intermediate"
"TATTGGGGTATCGAAA-1_3",24,"Intermediate"
"TATTGGGGTTACCCAA-1_3",24,"Resting"
"TATTGGGGTTGCTCAA-1_3",24,"Intermediate"
"TATTGGGTCTGCTAGA-1_3",24,"Activated"
"TATTTCGAGAGTTGTA-1_3",24,"Intermediate"
"TATTTCGTCGTTCGCT-1_3",24,"Intermediate"
"TATTTCGTCTCCGTGT-1_3",24,"Activated"
"TCAAGACGTACTCCGG-1_3",24,"Resting"
"TCAAGACGTATGAGGC-1_3",24,"Intermediate"
"TCAAGACGTTAGGGAC-1_3",24,"Intermediate"
"TCAAGCAAGCTCGTGC-1_3",24,"TEMRA"
"TCAAGCACACGGTAGA-1_3",24,"Intermediate"
"TCAAGCATCCTCACCA-1_3",24,"TEMRA"
"TCAAGCATCGAGAGCA-1_3",24,"Intermediate"
"TCAAGCATCTCTCTTC-1_3",24,"Intermediate"
"TCAAGCATCTTTGGAG-1_3",24,"Intermediate"
"TCAAGTGCACGCCACA-1_3",24,"Intermediate"
"TCAAGTGCAGGCGAAT-1_3",24,"Intermediate"
"TCAAGTGGTCACCCTT-1_3",24,"Intermediate"
"TCAAGTGGTGAGTAAT-1_3",24,"Intermediate"
"TCAATCTAGAGAACCC-1_3",24,"TEMRA"
"TCAATCTAGGCACGAT-1_3",24,"TEMRA"
"TCAATCTAGTAGGATT-1_3",24,"Resting"
"TCAATCTCACTGATTG-1_3",24,"Intermediate"
"TCAATCTGTAGCGCTC-1_3",24,"TEMRA"
"TCAATCTTCCAACACA-1_3",24,"TEMRA"
"TCAATCTTCCCATTCG-1_3",24,"Activated"
"TCAATTCCAGCACAGA-1_3",24,"Resting"
"TCAATTCCATGACGTT-1_3",24,"Intermediate"
"TCAATTCTCATGGATC-1_3",24,"Intermediate"
"TCAATTCTCGAGCCTG-1_3",24,"TEMRA"
"TCAATTCTCGCAATTG-1_3",24,"TEMRA"
"TCAATTCTCTGACCCT-1_3",24,"Intermediate"
"TCACAAGAGCAATTCC-1_3",24,"Resting"
"TCACAAGTCCGTGTCT-1_3",24,"Intermediate"
"TCACACCAGTATTAGG-1_3",24,"Intermediate"
"TCACACCCATGTGCTA-1_3",24,"TEMRA"
"TCACATTAGCTCGCAC-1_3",24,"Intermediate"
"TCACATTCACTTGGGC-1_3",24,"Resting"
"TCACATTGTATCCTCC-1_3",24,"Activated"
"TCACATTGTGACTATC-1_3",24,"TEMRA"
"TCACATTTCTTCTGGC-1_3",24,"Activated"
"TCACGCTAGGTTGACG-1_3",24,"Intermediate"
"TCACGCTAGTTCATCG-1_3",24,"TEMRA"
"TCACGCTCAAGCTGTT-1_3",24,"Resting"
"TCACGCTGTACTTCCC-1_3",24,"Intermediate"
"TCACGCTGTAGATTAG-1_3",24,"Intermediate"
"TCACGCTGTTCGTACA-1_3",24,"Intermediate"
"TCACGCTTCGTGAGAG-1_3",24,"TEMRA"
"TCACGGGAGTCTGCAT-1_3",24,"Resting"
"TCACGGGCACATTGTG-1_3",24,"Resting"
"TCACTATAGTCTGGTT-1_3",24,"Activated"
"TCACTATCAATTGCCA-1_3",24,"Intermediate"
"TCACTATCAGTGGCTC-1_3",24,"TEMRA"
"TCACTCGAGGGTTAGC-1_3",24,"TEMRA"
"TCACTCGCATGAGTAA-1_3",24,"TEMRA"
"TCACTCGGTTGGAGGT-1_3",24,"Intermediate"
"TCAGCAACACAGCATT-1_3",24,"Resting"
"TCAGCAAGTACCAATC-1_3",24,"Activated"
"TCAGCAAGTAGGCAAC-1_3",24,"Resting"
"TCAGCCTTCAAGGTGG-1_3",24,"Intermediate"
"TCAGCCTTCCTTATGT-1_3",24,"Intermediate"
"TCAGGGCCAGGTGTTT-1_3",24,"Activated"
"TCAGGGCCATGGGAAC-1_3",24,"Intermediate"
"TCAGGTAAGTTAACAG-1_3",24,"TEMRA"
"TCAGGTACAATCTGCA-1_3",24,"Resting"
"TCAGGTACAGTAGGAC-1_3",24,"Intermediate"
"TCAGGTAGTGCAGATG-1_3",24,"Intermediate"
"TCAGGTATCCAATGCA-1_3",24,"Resting"
"TCAGGTATCTGGCTGG-1_3",24,"Intermediate"
"TCAGTCCTCATGCTAG-1_3",24,"Activated"
"TCAGTGACAAAGACTA-1_3",24,"Intermediate"
"TCAGTGACAATCTGCA-1_3",24,"Intermediate"
"TCAGTGACACTGGCGT-1_3",24,"Activated"
"TCAGTGACAGTTCCAA-1_3",24,"Resting"
"TCAGTGATCCGTGACG-1_3",24,"Intermediate"
"TCAGTGATCCTCATAT-1_3",24,"Intermediate"
"TCAGTTTAGATAACAC-1_3",24,"Intermediate"
"TCAGTTTCAAAGCTCT-1_3",24,"TEMRA"
"TCAGTTTCACAGCCTG-1_3",24,"Intermediate"
"TCAGTTTCAGCTAACT-1_3",24,"Intermediate"
"TCAGTTTGTTCGTGCG-1_3",24,"Intermediate"
"TCATACTGTAGGAGTC-1_3",24,"Intermediate"
"TCATACTGTGAATAAC-1_3",24,"Resting"
"TCATACTTCAGTGTTG-1_3",24,"TEMRA"
"TCATACTTCCATACAG-1_3",24,"Intermediate"
"TCATACTTCTTACGTT-1_3",24,"Intermediate"
"TCATATCTCCATCTAT-1_3",24,"TEMRA"
"TCATATCTCGCTAAAC-1_3",24,"Resting"
"TCATATCTCGGTTGTA-1_3",24,"Resting"
"TCATATCTCTTGGATG-1_3",24,"Activated"
"TCATCATAGAAGCGGG-1_3",24,"Resting"
"TCATCATTCCTGTTGC-1_3",24,"Intermediate"
"TCATCCGAGGGTTGCA-1_3",24,"Intermediate"
"TCATCCGCAATTTCGG-1_3",24,"Resting"
"TCATCCGCATATCTCT-1_3",24,"Resting"
"TCATCCGCATCCGTTC-1_3",24,"TEMRA"
"TCATCCGCATGAAGGC-1_3",24,"Activated"
"TCATCCGTCTCAGGCG-1_3",24,"Intermediate"
"TCATCCGTCTTAGCAG-1_3",24,"Intermediate"
"TCATGAGCACAAATCC-1_3",24,"Intermediate"
"TCATGAGGTTTGTTGG-1_3",24,"Intermediate"
"TCATGCCAGAAACCCG-1_3",24,"Intermediate"
"TCATGCCAGATCACCT-1_3",24,"Intermediate"
"TCATGCCAGGTCCTGC-1_3",24,"Intermediate"
"TCATGCCTCAACACCA-1_3",24,"Intermediate"
"TCATGCCTCACCTGTC-1_3",24,"Intermediate"
"TCATGGAAGCTTTGTG-1_3",24,"TEMRA"
"TCATGGAAGTGCACCC-1_3",24,"Resting"
"TCATGGACAAGAGGTC-1_3",24,"Resting"
"TCATGGACATCGAAGG-1_3",24,"Intermediate"
"TCATGGAGTAGATGTA-1_3",24,"Intermediate"
"TCATGGAGTCAATCTG-1_3",24,"Intermediate"
"TCATGGAGTGGGTTGA-1_3",24,"Intermediate"
"TCATGTTAGTCACGAG-1_3",24,"Intermediate"
"TCATGTTAGTGGTTCT-1_3",24,"Intermediate"
"TCATGTTCACCTGCAG-1_3",24,"Resting"
"TCATGTTCATCTGTTT-1_3",24,"Resting"
"TCATGTTGTCCAGGTC-1_3",24,"Intermediate"
"TCATGTTGTCGCCTAG-1_3",24,"Intermediate"
"TCATGTTTCCTGTTGC-1_3",24,"Intermediate"
"TCATGTTTCCTTGACC-1_3",24,"Intermediate"
"TCATGTTTCGGAATGG-1_3",24,"Intermediate"
"TCATTACAGAAGCTGC-1_3",24,"Activated"
"TCATTACAGGTGCGAT-1_3",24,"Intermediate"
"TCATTACCAATACGAA-1_3",24,"Activated"
"TCATTACGTACGATCT-1_3",24,"Intermediate"
"TCATTCAAGGGAGTGG-1_3",24,"Intermediate"
"TCATTCATCACGGAGA-1_3",24,"Intermediate"
"TCATTCATCCACCTGT-1_3",24,"Intermediate"
"TCATTGTAGGTTATAG-1_3",24,"Intermediate"
"TCATTGTAGTCAGAGC-1_3",24,"Intermediate"
"TCATTGTAGTGCCTCG-1_3",24,"Intermediate"
"TCATTGTCACTTCTCG-1_3",24,"Intermediate"
"TCATTGTCATGAATCC-1_3",24,"TEMRA"
"TCATTGTTCAAGGTGG-1_3",24,"Intermediate"
"TCATTGTTCTCCACTG-1_3",24,"Activated"
"TCATTTGAGCTTAAGA-1_3",24,"TEMRA"
"TCATTTGCAGGTTCCG-1_3",24,"Resting"
"TCATTTGGTTTGGAAA-1_3",24,"Intermediate"
"TCCACCACAGGCATTT-1_3",24,"Intermediate"
"TCCACCATCTCCACTG-1_3",24,"TEMRA"
"TCCACGTGTACGTGAG-1_3",24,"TEMRA"
"TCCACGTTCATTTACC-1_3",24,"Intermediate"
"TCCACGTTCCCATTCG-1_3",24,"Intermediate"
"TCCACGTTCGTGGAAG-1_3",24,"Resting"
"TCCAGAAAGGTCATAA-1_3",24,"Activated"
"TCCAGAACAACGTATC-1_3",24,"Intermediate"
"TCCAGAACACTAACCA-1_3",24,"Undefined2"
"TCCAGAAGTCCTCCTA-1_3",24,"Resting"
"TCCATCGCACAGCTGC-1_3",24,"Resting"
"TCCATCGTCACAAGAA-1_3",24,"TEMRA"
"TCCATCGTCATTATCC-1_3",24,"Intermediate"
"TCCATCGTCCAGTTCC-1_3",24,"Intermediate"
"TCCATGCAGCATCAAA-1_3",24,"Intermediate"
"TCCATGCCAGTAGTGG-1_3",24,"Intermediate"
"TCCATGCGTATCAGCT-1_3",24,"Intermediate"
"TCCATGCGTTCTCGTC-1_3",24,"Activated"
"TCCATGCTCGTTACCC-1_3",24,"Intermediate"
"TCCCACACACCGTCGA-1_3",24,"Intermediate"
"TCCCACAGTAACTGCT-1_3",24,"Intermediate"
"TCCCAGTCAGTATGAA-1_3",24,"Intermediate"
"TCCCAGTTCACGGAGA-1_3",24,"Intermediate"
"TCCCAGTTCCTTACCG-1_3",24,"Resting"
"TCCCATGAGATGAATC-1_3",24,"Intermediate"
"TCCCATGAGCATTGAA-1_3",24,"Intermediate"
"TCCCATGAGTTGCTCA-1_3",24,"Intermediate"
"TCCCATGCAGGTCCCA-1_3",24,"Intermediate"
"TCCCATGTCACACGAT-1_3",24,"TEMRA"
"TCCGAAAAGATCGACG-1_3",24,"Resting"
"TCCGAAAAGGCCGCTT-1_3",24,"Intermediate"
"TCCGAAACACTAGAGG-1_3",24,"Activated"
"TCCGAAAGTGTGTTTG-1_3",24,"Activated"
"TCCGAAATCATTTACC-1_3",24,"Resting"
"TCCGATCGTGTCCGTG-1_3",24,"Activated"
"TCCGGGACAGAGGGTT-1_3",24,"Activated"
"TCCGGGATCGTAGTCA-1_3",24,"Intermediate"
"TCCGTGTTCAAGTCTG-1_3",24,"Activated"
"TCCGTGTTCTGAGGTT-1_3",24,"Intermediate"
"TCCTAATAGCTCAGAG-1_3",24,"TEMRA"
"TCCTAATAGTCCCGGT-1_3",24,"Activated"
"TCCTAATAGTGCACCC-1_3",24,"Intermediate"
"TCCTAATCAAGATGGC-1_3",24,"Resting"
"TCCTAATCATGGAATA-1_3",24,"Resting"
"TCCTAATGTACTCGTA-1_3",24,"Intermediate"
"TCCTAATGTAGCTGTT-1_3",24,"Resting"
"TCCTAATGTCCGTTTC-1_3",24,"Intermediate"
"TCCTAATTCACCTACC-1_3",24,"Activated"
"TCCTAATTCCGAGATT-1_3",24,"Resting"
"TCCTAATTCGAGTCTA-1_3",24,"Activated"
"TCCTCCCAGTCAGCGA-1_3",24,"Activated"
"TCCTCCCCAGTGTGCC-1_3",24,"Resting"
"TCCTCGAAGAAGCTCG-1_3",24,"Activated"
"TCCTCGAAGGTGAGCT-1_3",24,"Resting"
"TCCTCGACACAGCATT-1_3",24,"Intermediate"
"TCCTCGACATGCAGCC-1_3",24,"TEMRA"
"TCCTCGACATGTACGT-1_3",24,"Activated"
"TCCTCGAGTCTCGGGT-1_3",24,"Resting"
"TCCTCGATCGTAGTGT-1_3",24,"Activated"
"TCCTCTTAGCCTCAGC-1_3",24,"Intermediate"
"TCCTCTTCAATGGCCC-1_3",24,"Intermediate"
"TCCTCTTCAGCTCTGG-1_3",24,"Intermediate"
"TCCTCTTCATCGATAC-1_3",24,"Intermediate"
"TCCTCTTTCAGTAGGG-1_3",24,"Resting"
"TCCTGCAAGGTCCGAA-1_3",24,"Activated"
"TCCTGCAAGGTGCTAG-1_3",24,"Intermediate"
"TCCTGCACAAAGTGTA-1_3",24,"Activated"
"TCCTGCACAAGGTCGA-1_3",24,"Activated"
"TCCTGCATCATCTACT-1_3",24,"Intermediate"
"TCCTTCTAGATTGTGA-1_3",24,"Activated"
"TCCTTCTCAAGAGAGA-1_3",24,"Activated"
"TCCTTCTCATATTCGG-1_3",24,"Resting"
"TCCTTCTTCAGCGCAC-1_3",24,"Activated"
"TCCTTCTTCGGACTGC-1_3",24,"TEMRA"
"TCCTTTCAGGAGAGTA-1_3",24,"Activated"
"TCCTTTCGTCTGCATA-1_3",24,"TEMRA"
"TCCTTTCTCCATCACC-1_3",24,"Intermediate"
"TCCTTTCTCGTAGGGA-1_3",24,"Intermediate"
"TCGAACAAGTCTAGCT-1_3",24,"Intermediate"
"TCGAACACAAACTCGT-1_3",24,"Resting"
"TCGAACACAAACTCTG-1_3",24,"TEMRA"
"TCGAACACAACTTCTT-1_3",24,"Undefined2"
"TCGAACACAGGCACAA-1_3",24,"Intermediate"
"TCGAACAGTCAAAGAT-1_3",24,"Resting"
"TCGAACAGTCTATGAC-1_3",24,"Intermediate"
"TCGAACAGTTCGAGCC-1_3",24,"Activated"
"TCGAACATCTATGTGG-1_3",24,"Intermediate"
"TCGAAGTCAGCGCGTT-1_3",24,"Resting"
"TCGAAGTGTCTCTCAC-1_3",24,"Intermediate"
"TCGAAGTGTCTGTCAA-1_3",24,"Intermediate"
"TCGAAGTGTTGCCGCA-1_3",24,"Intermediate"
"TCGACCTAGAAATTGC-1_3",24,"Intermediate"
"TCGACCTAGCGTCAGA-1_3",24,"Intermediate"
"TCGACCTAGTAGTCCT-1_3",24,"Intermediate"
"TCGACCTCAGAGATTA-1_3",24,"Activated"
"TCGACCTGTTCTCCAC-1_3",24,"Activated"
"TCGACCTTCGCAATTG-1_3",24,"Intermediate"
"TCGACCTTCGTTAGAC-1_3",24,"Intermediate"
"TCGACGGAGTACTGTC-1_3",24,"Intermediate"
"TCGACGGCAAAGAACT-1_3",24,"Intermediate"
"TCGACGGCACCAAATC-1_3",24,"Intermediate"
"TCGATTTAGAGGATCC-1_3",24,"Intermediate"
"TCGATTTGTCGCATGC-1_3",24,"Resting"
"TCGATTTGTGAACTAA-1_3",24,"Intermediate"
"TCGCACTCAGAGATGC-1_3",24,"TEMRA"
"TCGCAGGAGAGGTTAT-1_3",24,"TEMRA"
"TCGCAGGGTCACCACG-1_3",24,"Resting"
"TCGCAGGGTCGCCACA-1_3",24,"Resting"
"TCGCAGGTCCCATAGA-1_3",24,"Undefined2"
"TCGCTCACAAAGGCGT-1_3",24,"Activated"
"TCGCTCACAATCGCGC-1_3",24,"Activated"
"TCGCTCACACTATGTG-1_3",24,"Resting"
"TCGCTCAGTCCCGCAA-1_3",24,"Intermediate"
"TCGCTCAGTTCATCTT-1_3",24,"Intermediate"
"TCGCTTGCACTAGGCC-1_3",24,"Resting"
"TCGCTTGTCCAGCAAT-1_3",24,"Resting"
"TCGGATAAGCCATCCG-1_3",24,"Activated"
"TCGGATAGTGGCTACC-1_3",24,"Activated"
"TCGGATATCTCTAGGA-1_3",24,"Activated"
"TCGGGACCATCGGCCA-1_3",24,"Resting"
"TCGGGACGTACGGCAA-1_3",24,"Resting"
"TCGGGACGTAGCTTAC-1_3",24,"Resting"
"TCGGGCAAGGGCAGAG-1_3",24,"Resting"
"TCGGGCACAAATGATG-1_3",24,"Activated"
"TCGGGCAGTATGAAAC-1_3",24,"TEMRA"
"TCGGGTGCAGCTTCGG-1_3",24,"Intermediate"
"TCGGGTGGTGGCCTCA-1_3",24,"Intermediate"
"TCGGGTGTCACACCCT-1_3",24,"Activated"
"TCGGGTGTCATGAGAA-1_3",24,"Activated"
"TCGGGTGTCTCTCAAT-1_3",24,"TEMRA"
"TCGGTCTCAAGCGCTC-1_3",24,"Intermediate"
"TCGGTCTCACCAGCCA-1_3",24,"Activated"
"TCGGTCTCAGTTCTAG-1_3",24,"Intermediate"
"TCGTAGAGTGGGAGAG-1_3",24,"TEMRA"
"TCGTAGATCCACTTCG-1_3",24,"Intermediate"
"TCGTAGATCGGTGCAC-1_3",24,"Intermediate"
"TCGTAGATCTACTGCC-1_3",24,"Activated"
"TCGTCCAGTATTCTCT-1_3",24,"Activated"
"TCGTCCAGTCTACGTA-1_3",24,"Intermediate"
"TCGTCCATCATTTGCT-1_3",24,"Intermediate"
"TCGTGCTAGGGTTAAT-1_3",24,"Activated"
"TCGTGCTGTAGCGCCT-1_3",24,"Intermediate"
"TCGTGCTGTGTAGCAG-1_3",24,"Intermediate"
"TCGTGCTTCATGTCTT-1_3",24,"Activated"
"TCGTGGGCAAAGCACG-1_3",24,"Activated"
"TCGTGGGGTGCTAGCC-1_3",24,"Activated"
"TCTAACTAGCAAGTCG-1_3",24,"Intermediate"
"TCTAACTAGTTCCTGA-1_3",24,"Intermediate"
"TCTAACTCAATGGCCC-1_3",24,"Intermediate"
"TCTAACTCAGCTCGGT-1_3",24,"Intermediate"
"TCTAACTTCATAGACC-1_3",24,"Intermediate"
"TCTACATCACAGTATC-1_3",24,"Intermediate"
"TCTACATCATAAGCGG-1_3",24,"Resting"
"TCTACATGTAGCCCTG-1_3",24,"Activated"
"TCTACCGGTTGACTGT-1_3",24,"Intermediate"
"TCTATACAGTAACGTA-1_3",24,"Intermediate"
"TCTATACCAGGATTCT-1_3",24,"Activated"
"TCTATACTCCCGGTAG-1_3",24,"Intermediate"
"TCTATCAAGCGTGTCC-1_3",24,"Activated"
"TCTATCACAGGCACAA-1_3",24,"Intermediate"
"TCTATCACAGTGTACT-1_3",24,"Intermediate"
"TCTATCAGTACCATAC-1_3",24,"Intermediate"
"TCTATCAGTCTACGTA-1_3",24,"Intermediate"
"TCTATCAGTGTACATC-1_3",24,"Intermediate"
"TCTATCATCGAGCCAC-1_3",24,"Resting"
"TCTCACGAGTGTTCAC-1_3",24,"Intermediate"
"TCTCACGCAATAGTCC-1_3",24,"Resting"
"TCTCACGCATAAGCGG-1_3",24,"TEMRA"
"TCTCACGCATCTCGTC-1_3",24,"Activated"
"TCTCACGGTCCATCTC-1_3",24,"Intermediate"
"TCTCACGTCTCGAGTA-1_3",24,"Resting"
"TCTCAGCCAACAACAA-1_3",24,"Intermediate"
"TCTCAGCGTAATGCTC-1_3",24,"Intermediate"
"TCTCAGCGTCCGTTTC-1_3",24,"Resting"
"TCTCAGCTCATGAAAG-1_3",24,"Intermediate"
"TCTCAGCTCTGACAGT-1_3",24,"Intermediate"
"TCTCCGACAGTGGCTC-1_3",24,"Intermediate"
"TCTCCGAGTGATCATC-1_3",24,"Activated"
"TCTCCGATCTGAGATC-1_3",24,"Intermediate"
"TCTCTGGCATAATGCC-1_3",24,"TEMRA"
"TCTCTGGGTTGAGGAC-1_3",24,"TEMRA"
"TCTGCCAAGGCGAACT-1_3",24,"Intermediate"
"TCTGCCAAGTTGAAGT-1_3",24,"Activated"
"TCTGCCACAGCTCGGT-1_3",24,"Intermediate"
"TCTGCCATCAGGAAGC-1_3",24,"Intermediate"
"TCTGCCATCCATCACC-1_3",24,"Intermediate"
"TCTGTCGAGGTTATAG-1_3",24,"Resting"
"TCTGTCGGTACACGCC-1_3",24,"Intermediate"
"TCTGTCGGTGCAGGAT-1_3",24,"Activated"
"TCTGTCGTCGTAGCCG-1_3",24,"Activated"
"TCTTAGTAGAATCCCT-1_3",24,"Activated"
"TCTTAGTAGTACAACA-1_3",24,"Resting"
"TCTTAGTCAGCACCCA-1_3",24,"Intermediate"
"TCTTAGTGTCCCGTGA-1_3",24,"Resting"
"TCTTAGTGTTAGGGTG-1_3",24,"Intermediate"
"TCTTAGTGTTCAAGTC-1_3",24,"Resting"
"TCTTCCTAGACTCCGC-1_3",24,"Activated"
"TCTTCCTAGGAAGTCC-1_3",24,"TEMRA"
"TCTTCCTCAATACCTG-1_3",24,"Resting"
"TCTTCCTCATAAGCGG-1_3",24,"Intermediate"
"TCTTCCTGTTGTGTTG-1_3",24,"Activated"
"TCTTCCTTCCGGCTTT-1_3",24,"Resting"
"TCTTCCTTCCTCTCGA-1_3",24,"Resting"
"TCTTCCTTCTCTATAC-1_3",24,"Activated"
"TCTTGCGAGAAGCCAC-1_3",24,"Activated"
"TCTTGCGGTAACGTTC-1_3",24,"Intermediate"
"TCTTGCGGTCGATTAC-1_3",24,"Activated"
"TCTTGCGTCAACCGAT-1_3",24,"TEMRA"
"TCTTGCGTCCATTGTT-1_3",24,"Intermediate"
"TCTTTGAAGAAACTCA-1_3",24,"Intermediate"
"TCTTTGAAGTGGGAAA-1_3",24,"Activated"
"TCTTTGAGTACATACC-1_3",24,"Intermediate"
"TCTTTGAGTCAACGCC-1_3",24,"Activated"
"TCTTTGAGTTGCGTAT-1_3",24,"Intermediate"
"TCTTTGATCACTCACC-1_3",24,"Resting"
"TCTTTGATCCTAAACG-1_3",24,"Intermediate"
"TGAACGTCACATATCG-1_3",24,"Intermediate"
"TGAACGTCACTAGAGG-1_3",24,"Resting"
"TGAACGTCATATGAAG-1_3",24,"Resting"
"TGAACGTCATCCGAGC-1_3",24,"Intermediate"
"TGAACGTGTACAGAAT-1_3",24,"Intermediate"
"TGAACGTTCGAAGTGG-1_3",24,"Intermediate"
"TGAACGTTCTAATTCC-1_3",24,"Intermediate"
"TGAACGTTCTTAATCC-1_3",24,"TEMRA"
"TGAATCGAGAGACAAG-1_3",24,"Activated"
"TGAATCGAGCTGTCCG-1_3",24,"Resting"
"TGAATCGCAAGACCGA-1_3",24,"Intermediate"
"TGAATCGTCCCATTTA-1_3",24,"Activated"
"TGAATCGTCCGGTAGC-1_3",24,"TEMRA"
"TGAATGCAGCATCCTA-1_3",24,"Resting"
"TGAATGCAGTAGAGTT-1_3",24,"Intermediate"
"TGAATGCCATGTCTAG-1_3",24,"Activated"
"TGAATGCTCAAGCTGT-1_3",24,"Activated"
"TGACAGTGTACCTATG-1_3",24,"Activated"
"TGACAGTGTTGCTTGA-1_3",24,"TEMRA"
"TGACAGTTCTGGAAGG-1_3",24,"TEMRA"
"TGACCCTAGGTTATAG-1_3",24,"Activated"
"TGACCCTAGTCCGTCG-1_3",24,"TEMRA"
"TGACCCTGTCAAAGCG-1_3",24,"TEMRA"
"TGACCCTGTGTGTCCG-1_3",24,"Resting"
"TGACGCGAGAATTGTG-1_3",24,"Resting"
"TGACGCGAGCCTGAGA-1_3",24,"Resting"
"TGACGCGCAATGGCAG-1_3",24,"TEMRA"
"TGACGCGCAGGGACTA-1_3",24,"Resting"
"TGACGCGGTCTCCTGT-1_3",24,"Intermediate"
"TGACGCGGTTGGACCC-1_3",24,"Intermediate"
"TGACGCGTCATGCTAG-1_3",24,"Intermediate"
"TGACGCGTCGTAGGAG-1_3",24,"TEMRA"
"TGACTCCCAACAACAA-1_3",24,"Intermediate"
"TGACTCCGTACACTCA-1_3",24,"Intermediate"
"TGACTCCGTCTGTCCT-1_3",24,"Intermediate"
"TGACTCCTCATCTGTT-1_3",24,"Resting"
"TGACTCCTCTGAATCG-1_3",24,"Intermediate"
"TGAGACTCAATGCTCA-1_3",24,"Intermediate"
"TGAGACTGTATGGTAA-1_3",24,"Resting"
"TGAGACTGTGAATAAC-1_3",24,"Activated"
"TGAGCATAGACAACTA-1_3",24,"Activated"
"TGAGCATAGCGTGAGT-1_3",24,"Intermediate"
"TGAGCATTCATCAGTG-1_3",24,"Intermediate"
"TGAGCGCCAAGTCCAT-1_3",24,"Undefined2"
"TGAGCGCCAGAGAGGG-1_3",24,"Resting"
"TGAGGAGAGAGAGCAA-1_3",24,"Intermediate"
"TGAGGGACAAGTCGTT-1_3",24,"Activated"
"TGAGGGAGTAGACAAT-1_3",24,"Activated"
"TGAGGGAGTCCACTTC-1_3",24,"Activated"
"TGAGGGAGTGGCTTGC-1_3",24,"Intermediate"
"TGAGGGATCAGAGCAG-1_3",24,"Intermediate"
"TGAGGTTGTCACCTTC-1_3",24,"Activated"
"TGAGGTTGTTGTGGAG-1_3",24,"Intermediate"
"TGAGGTTTCATTTCCA-1_3",24,"Intermediate"
"TGAGGTTTCCATTGCC-1_3",24,"Intermediate"
"TGAGTCAAGCAAGTCG-1_3",24,"Intermediate"
"TGATCAGAGATGCTTC-1_3",24,"Resting"
"TGATCAGAGTCACGAG-1_3",24,"Intermediate"
"TGATCAGTCTTACACT-1_3",24,"Activated"
"TGATCTTCAACAACAA-1_3",24,"Intermediate"
"TGATCTTCAGACGATG-1_3",24,"Intermediate"
"TGATCTTTCCTAGCCT-1_3",24,"TEMRA"
"TGATCTTTCTTCGTAT-1_3",24,"Intermediate"
"TGATGCAGTCATTGCA-1_3",24,"Intermediate"
"TGATGCAGTGGCACTC-1_3",24,"TEMRA"
"TGATGGTAGTAACGAT-1_3",24,"Intermediate"
"TGATGGTCACTTCATT-1_3",24,"Intermediate"
"TGATGGTTCATGGTAC-1_3",24,"Activated"
"TGATGGTTCTTCCCAG-1_3",24,"Intermediate"
"TGATTCTAGGTCCTGC-1_3",24,"Intermediate"
"TGATTCTCAACTTCTT-1_3",24,"Intermediate"
"TGATTTCAGCCATTTG-1_3",24,"Intermediate"
"TGATTTCCAACTGCTA-1_3",24,"Intermediate"
"TGATTTCGTCTTTCAT-1_3",24,"Activated"
"TGATTTCGTGAGATAT-1_3",24,"Intermediate"
"TGCACGGCATACGCAT-1_3",24,"Resting"
"TGCACGGGTGAATGAT-1_3",24,"Intermediate"
"TGCACGGGTGGCTTAT-1_3",24,"Intermediate"
"TGCAGATAGCAACTCT-1_3",24,"Intermediate"
"TGCAGATAGTTTGCTG-1_3",24,"Activated"
"TGCAGGCCAAGGCAAC-1_3",24,"Activated"
"TGCAGTACATCAGCAT-1_3",24,"Resting"
"TGCATGAAGGATGGCT-1_3",24,"TEMRA"
"TGCATGAAGGTCGCCT-1_3",24,"Intermediate"
"TGCATGACAGACACCC-1_3",24,"Activated"
"TGCATGAGTAGGAAAG-1_3",24,"Intermediate"
"TGCATGAGTAGGCTGA-1_3",24,"TEMRA"
"TGCATGATCATCAGTG-1_3",24,"Activated"
"TGCATGATCCCATTCG-1_3",24,"TEMRA"
"TGCCGAGAGTTCAACC-1_3",24,"TEMRA"
"TGCCGAGCAAGACTGG-1_3",24,"Intermediate"
"TGCCGAGGTTATCCAG-1_3",24,"Undefined2"
"TGCGACGCAACCTAAC-1_3",24,"Intermediate"
"TGCGACGCACCTAAAC-1_3",24,"Resting"
"TGCGACGCATACTGTG-1_3",24,"Resting"
"TGCGATAAGAAGGCTC-1_3",24,"TEMRA"
"TGCGATAAGCAGCCCT-1_3",24,"Intermediate"
"TGCGATACAACCTAAC-1_3",24,"TEMRA"
"TGCGATACAATTGTGC-1_3",24,"Intermediate"
"TGCGATACACGCTGTG-1_3",24,"Activated"
"TGCGATACATTCTTCA-1_3",24,"Resting"
"TGCGATAGTACTGCCG-1_3",24,"Intermediate"
"TGCGATATCATCCCGT-1_3",24,"Resting"
"TGCGATATCTTAAGGC-1_3",24,"Intermediate"
"TGCGGCAAGACATCAA-1_3",24,"Intermediate"
"TGCGGCAAGCCATGCC-1_3",24,"TEMRA"
"TGCGGCACAGACCGCT-1_3",24,"Resting"
"TGCGGCAGTACCAATC-1_3",24,"Intermediate"
"TGCGGCATCGGTAAGG-1_3",24,"Activated"
"TGCGGGTAGGGAGGGT-1_3",24,"Intermediate"
"TGCGGGTCAGGGAGAG-1_3",24,"TEMRA"
"TGCGGGTCATGAGGGT-1_3",24,"Intermediate"
"TGCGGGTCATTGTAGC-1_3",24,"Resting"
"TGCGGGTGTGAGCCAA-1_3",24,"Intermediate"
"TGCGGGTGTGCATGAG-1_3",24,"TEMRA"
"TGCGGGTGTTACAGCT-1_3",24,"TEMRA"
"TGCGGGTTCAGCGGAA-1_3",24,"Intermediate"
"TGCGGGTTCGTCGCTT-1_3",24,"Intermediate"
"TGCGGGTTCTACTATC-1_3",24,"TEMRA"
"TGCTCCAAGGGAGGGT-1_3",24,"Activated"
"TGCTCCAAGTCAAGCG-1_3",24,"Resting"
"TGCTCCACAAGTGCAG-1_3",24,"Resting"
"TGCTCCACACCGGAAA-1_3",24,"Activated"
"TGCTCCAGTGAATTAG-1_3",24,"Intermediate"
"TGCTCCAGTGACCGAA-1_3",24,"TEMRA"
"TGCTCCAGTGCAGATG-1_3",24,"Intermediate"
"TGCTCGTAGTTTCAGC-1_3",24,"TEMRA"
"TGCTCGTGTTCAAACC-1_3",24,"Resting"
"TGCTCGTGTTCTCGCT-1_3",24,"Resting"
"TGCTCGTTCCTAGAGT-1_3",24,"Resting"
"TGCTGAAAGCATTGTC-1_3",24,"Intermediate"
"TGCTGAACACTCCTGT-1_3",24,"Intermediate"
"TGCTGAACAGCAGACA-1_3",24,"Activated"
"TGCTGAAGTCGAAGCA-1_3",24,"TEMRA"
"TGCTGAAGTGAGTAAT-1_3",24,"TEMRA"
"TGCTTCGAGTCATCCA-1_3",24,"Resting"
"TGCTTCGGTGTGTGGA-1_3",24,"Resting"
"TGCTTCGTCAGGACAG-1_3",24,"Intermediate"
"TGCTTGCCAAGGCCTC-1_3",24,"Activated"
"TGCTTGCCACCCTTAC-1_3",24,"Intermediate"
"TGCTTGCGTCGCGTTG-1_3",24,"Resting"
"TGCTTGCTCTAACACG-1_3",24,"Resting"
"TGGAACTTCACAGTGT-1_3",24,"Resting"
"TGGAACTTCCTGCCAT-1_3",24,"Activated"
"TGGAGGAAGAAATTGC-1_3",24,"Resting"
"TGGAGGAGTATCTTCT-1_3",24,"Intermediate"
"TGGAGGATCCTGGGTG-1_3",24,"Intermediate"
"TGGAGGATCTATGCCC-1_3",24,"TEMRA"
"TGGATCAAGGACGCTA-1_3",24,"Intermediate"
"TGGATCAGTTACGTAC-1_3",24,"Intermediate"
"TGGATCATCCAACTAG-1_3",24,"Activated"
"TGGATCATCGCTTGCT-1_3",24,"Resting"
"TGGATGTAGTACCCTA-1_3",24,"Resting"
"TGGCGTGCACCTCTAC-1_3",24,"Resting"
"TGGCGTGCAGCTGTAT-1_3",24,"Undefined2"
"TGGCGTGCATAACCCA-1_3",24,"Resting"
"TGGCGTGGTCGCCACA-1_3",24,"TEMRA"
"TGGCGTGTCTAGCAAC-1_3",24,"Intermediate"
"TGGGAAGCACGCGTGT-1_3",24,"Intermediate"
"TGGGAAGCACGGTGAA-1_3",24,"Activated"
"TGGGAAGCAGCGTGCT-1_3",24,"Activated"
"TGGGAAGGTGCTTATG-1_3",24,"Intermediate"
"TGGGAAGGTGTGGTCC-1_3",24,"Intermediate"
"TGGGAGAAGACCGTTT-1_3",24,"Resting"
"TGGGAGAAGCCTATTG-1_3",24,"Activated"
"TGGGAGACACCACATA-1_3",24,"Resting"
"TGGGAGACAGAACTAA-1_3",24,"Undefined1"
"TGGGAGAGTCGCGTCA-1_3",24,"Activated"
"TGGGAGAGTGAGCAGT-1_3",24,"Intermediate"
"TGGGAGAGTGCTGCAC-1_3",24,"Resting"
"TGGGAGATCTAGGCCG-1_3",24,"Resting"
"TGGGATTAGCACCAGA-1_3",24,"Activated"
"TGGGATTAGGGCTAAC-1_3",24,"Undefined2"
"TGGGCGTCAGTTCACA-1_3",24,"Resting"
"TGGGCGTGTGGCAGAT-1_3",24,"Intermediate"
"TGGGCGTTCTCTGGTC-1_3",24,"Activated"
"TGGGCTGGTGGGAGAG-1_3",24,"Intermediate"
"TGGGCTGGTTACGCCG-1_3",24,"Intermediate"
"TGGGCTGTCTCCTGCA-1_3",24,"Resting"
"TGGGTTACAATAAGGT-1_3",24,"Activated"
"TGGGTTACAGGCTTGC-1_3",24,"Activated"
"TGGGTTAGTCACCCTT-1_3",24,"TEMRA"
"TGGGTTAGTGGATCGA-1_3",24,"Intermediate"
"TGGGTTATCCACCCTA-1_3",24,"Activated"
"TGGGTTATCGACGCGT-1_3",24,"Activated"
"TGGTACACAGGTGTGA-1_3",24,"Activated"
"TGGTACATCGGTAACT-1_3",24,"Resting"
"TGGTAGTGTCGAGATG-1_3",24,"Activated"
"TGGTAGTTCCTATGGA-1_3",24,"Activated"
"TGGTAGTTCGCAACAT-1_3",24,"Resting"
"TGGTGATAGAATAACC-1_3",24,"TEMRA"
"TGGTGATAGCAATTAG-1_3",24,"Intermediate"
"TGGTGATCATCTGTTT-1_3",24,"Intermediate"
"TGGTGATGTACGGGAT-1_3",24,"Intermediate"
"TGGTGATGTTTATGCG-1_3",24,"Intermediate"
"TGGTGATTCAAACCCA-1_3",24,"Resting"
"TGGTGATTCGTAGCCG-1_3",24,"Activated"
"TGGTTAGCAGAGTGAC-1_3",24,"Resting"
"TGGTTAGTCACTTGGA-1_3",24,"Intermediate"
"TGGTTAGTCTTGGTCC-1_3",24,"Activated"
"TGTAACGAGAGGGTGG-1_3",24,"Intermediate"
"TGTAACGAGGTACAAT-1_3",24,"Intermediate"
"TGTAACGCAACTCGTA-1_3",24,"Activated"
"TGTAACGCACGGCACT-1_3",24,"Activated"
"TGTAACGCAGATCCTA-1_3",24,"Resting"
"TGTAACGCATTGGATC-1_3",24,"Intermediate"
"TGTAAGCAGTCCGCCA-1_3",24,"Activated"
"TGTAAGCCAACAGCTT-1_3",24,"Activated"
"TGTAAGCTCGGATAAA-1_3",24,"Resting"
"TGTACAGAGGGCGAGA-1_3",24,"Intermediate"
"TGTACAGGTAAGATTG-1_3",24,"Intermediate"
"TGTACAGTCTAGCCAA-1_3",24,"Intermediate"
"TGTAGACAGAGAATCT-1_3",24,"Resting"
"TGTAGACAGAGTCTTC-1_3",24,"Activated"
"TGTAGACCAATCCTAG-1_3",24,"Intermediate"
"TGTAGACGTCAGTCGC-1_3",24,"Resting"
"TGTCAGAAGACTTAAG-1_3",24,"Activated"
"TGTCAGATCCTAGCCT-1_3",24,"Activated"
"TGTCCACAGACACACG-1_3",24,"TEMRA"
"TGTCCACCAACCAGAG-1_3",24,"Intermediate"
"TGTCCACCATCTCATT-1_3",24,"Undefined2"
"TGTCCACCATGAAGGC-1_3",24,"Activated"
"TGTCCACTCGATTCCC-1_3",24,"Resting"
"TGTCCCAAGAGTCCGA-1_3",24,"Resting"
"TGTCCCACAGAGGACT-1_3",24,"Intermediate"
"TGTCCCAGTAGCTCGC-1_3",24,"Intermediate"
"TGTCCCATCATTACCT-1_3",24,"Intermediate"
"TGTCCTGCAATAGTGA-1_3",24,"Resting"
"TGTCCTGCAGTTACCA-1_3",24,"Intermediate"
"TGTGAGTCATAGCACT-1_3",24,"Intermediate"
"TGTGAGTTCTGCTTAT-1_3",24,"Intermediate"
"TGTGATGGTCGTGTTA-1_3",24,"Intermediate"
"TGTGATGTCGATTCCC-1_3",24,"Intermediate"
"TGTGCGGAGCAATAGT-1_3",24,"Resting"
"TGTGCGGCAACGGGTA-1_3",24,"Intermediate"
"TGTGCGGGTAGTGCGA-1_3",24,"TEMRA"
"TGTGGCGAGTCTGCGC-1_3",24,"Intermediate"
"TGTGGCGAGTGCTCGC-1_3",24,"TEMRA"
"TGTGGCGCAACGTTAC-1_3",24,"Intermediate"
"TGTGGCGCAGCGATTT-1_3",24,"TEMRA"
"TGTGGCGGTCTAACTG-1_3",24,"TEMRA"
"TGTGGCGTCAGCGCGT-1_3",24,"Intermediate"
"TGTGGCGTCTACAGGT-1_3",24,"Intermediate"
"TGTGTGACACTCTCGT-1_3",24,"Intermediate"
"TGTGTGATCAAGCGTT-1_3",24,"TEMRA"
"TGTTACTAGCTAAACA-1_3",24,"Intermediate"
"TGTTACTCATAGAATG-1_3",24,"Intermediate"
"TGTTACTGTTAAGACA-1_3",24,"TEMRA"
"TGTTACTGTTTCACAG-1_3",24,"Intermediate"
"TGTTCATCAAGGTACG-1_3",24,"Activated"
"TGTTCATGTTGATCGT-1_3",24,"TEMRA"
"TGTTCCGGTGATCATC-1_3",24,"Intermediate"
"TGTTCTAAGGGCTTCC-1_3",24,"Intermediate"
"TGTTCTAAGTACGAGC-1_3",24,"Intermediate"
"TGTTCTAAGTGGCCTC-1_3",24,"Intermediate"
"TGTTCTACAGTATACC-1_3",24,"Intermediate"
"TGTTCTATCCATAGGT-1_3",24,"Activated"
"TGTTCTATCTGCTAGA-1_3",24,"Resting"
"TGTTGAGAGTTTCAGC-1_3",24,"Activated"
"TGTTGAGCAATAGAGT-1_3",24,"Intermediate"
"TGTTGAGCAGCATTGT-1_3",24,"Resting"
"TGTTGAGCATGAAGCG-1_3",24,"Intermediate"
"TGTTGAGTCCGAAGGA-1_3",24,"Intermediate"
"TGTTGAGTCGACGCGT-1_3",24,"Activated"
"TGTTGAGTCGGCAGTC-1_3",24,"Intermediate"
"TGTTGAGTCTCTCGAC-1_3",24,"TEMRA"
"TGTTGAGTCTTCGCTG-1_3",24,"Intermediate"
"TGTTGGAAGCCACCGT-1_3",24,"Resting"
"TGTTGGACAAGAAATC-1_3",24,"TEMRA"
"TGTTGGACAGCGACCT-1_3",24,"TEMRA"
"TGTTGGAGTAGAGACC-1_3",24,"Intermediate"
"TGTTGGAGTAGTGTGG-1_3",24,"Activated"
"TGTTGGAGTATCCCTC-1_3",24,"Activated"
"TGTTGGAGTCCTTAAG-1_3",24,"Intermediate"
"TGTTGGATCACCCTGT-1_3",24,"Intermediate"
"TGTTGGATCTCTGGTC-1_3",24,"Intermediate"
"TGTTTGTCACTAGGCC-1_3",24,"Intermediate"
"TGTTTGTTCTACAGGT-1_3",24,"TEMRA"
"TTAATCCAGTAGGCCA-1_3",24,"Resting"
"TTAATCCGTCTTCAAG-1_3",24,"Intermediate"
"TTACAGGCATATGGCT-1_3",24,"Intermediate"
"TTACCATCATCAACCA-1_3",24,"Intermediate"
"TTACCATGTGCGAGTA-1_3",24,"Intermediate"
"TTACCGCCAGCGAGTA-1_3",24,"TEMRA"
"TTACCGCTCACCTTAT-1_3",24,"Activated"
"TTACGCCAGCAGGGAG-1_3",24,"Resting"
"TTACGCCAGTATAGAC-1_3",24,"Resting"
"TTACGCCGTACCATAC-1_3",24,"Resting"
"TTACGCCGTATGGTTC-1_3",24,"Intermediate"
"TTACGCCGTCTCTCAC-1_3",24,"Intermediate"
"TTACGCCTCACCATAG-1_3",24,"Activated"
"TTACGCCTCCGGACGT-1_3",24,"Intermediate"
"TTACGCCTCCGTCCTA-1_3",24,"Intermediate"
"TTACGTTAGACCTTTG-1_3",24,"TEMRA"
"TTACGTTAGATAGTCA-1_3",24,"Intermediate"
"TTACGTTCAAAGGCTG-1_3",24,"Activated"
"TTACGTTCAAATTGGA-1_3",24,"Intermediate"
"TTACGTTGTACCGGAA-1_3",24,"Intermediate"
"TTACGTTGTACTCCCT-1_3",24,"Activated"
"TTACGTTGTCACCACG-1_3",24,"Intermediate"
"TTACTGTAGTAACCTC-1_3",24,"Resting"
"TTACTGTCATCTATCT-1_3",24,"Intermediate"
"TTACTGTGTGTTGAGG-1_3",24,"Intermediate"
"TTAGGCAAGAGCCTGA-1_3",24,"Activated"
"TTAGGCACACTCTCGT-1_3",24,"Activated"
"TTAGGCAGTATCGTAC-1_3",24,"Activated"
"TTAGGGTGTCGAGCTC-1_3",24,"Intermediate"
"TTAGGGTTCCATGAGT-1_3",24,"Activated"
"TTAGGGTTCTTGGTCC-1_3",24,"Activated"
"TTAGTCTAGCGTTACT-1_3",24,"Intermediate"
"TTAGTCTCACAGGATG-1_3",24,"Activated"
"TTAGTCTTCAAGAGGC-1_3",24,"TEMRA"
"TTATTGCAGCCACTCG-1_3",24,"TEMRA"
"TTATTGCAGTTTCGAC-1_3",24,"Intermediate"
"TTATTGCTCAAGCCCG-1_3",24,"Intermediate"
"TTATTGCTCCACTTCG-1_3",24,"Resting"
"TTCAATCAGAGACAAG-1_3",24,"Intermediate"
"TTCAATCAGCGTGAAC-1_3",24,"Resting"
"TTCAATCAGTCTAGAA-1_3",24,"TEMRA"
"TTCAATCCAAACTCTG-1_3",24,"Intermediate"
"TTCAATCCACTGTCGG-1_3",24,"TEMRA"
"TTCACCGAGCTAGCCC-1_3",24,"TEMRA"
"TTCACCGAGTTGGAAT-1_3",24,"Activated"
"TTCACCGGTCGGTACC-1_3",24,"Resting"
"TTCACCGGTGCCGAAA-1_3",24,"Resting"
"TTCACCGTCAGGTGTT-1_3",24,"Resting"
"TTCACCGTCATTTGGG-1_3",24,"TEMRA"
"TTCACCGTCGACCCAG-1_3",24,"Intermediate"
"TTCACGCAGCGAATGC-1_3",24,"Activated"
"TTCACGCCACAATGTC-1_3",24,"TEMRA"
"TTCAGGAAGAGGTGCT-1_3",24,"Intermediate"
"TTCAGGAAGAGTCAAT-1_3",24,"Intermediate"
"TTCAGGAGTCAGACGA-1_3",24,"Resting"
"TTCAGGAGTCCTGAAT-1_3",24,"Intermediate"
"TTCAGGAGTGACAGGT-1_3",24,"Intermediate"
"TTCAGGAGTGCTTCAA-1_3",24,"TEMRA"
"TTCAGGATCAGCGTCG-1_3",24,"Activated"
"TTCATGTAGACCACGA-1_3",24,"Intermediate"
"TTCATGTCAAGATTGA-1_3",24,"Intermediate"
"TTCATGTGTCATCCGG-1_3",24,"Resting"
"TTCATGTGTCCGGTGT-1_3",24,"Intermediate"
"TTCATGTGTTCCTAGA-1_3",24,"Activated"
"TTCATGTTCAGACAAA-1_3",24,"Resting"
"TTCATGTTCCCTCTAG-1_3",24,"Intermediate"
"TTCATGTTCGCAAGAG-1_3",24,"TEMRA"
"TTCATGTTCGGATAAA-1_3",24,"Intermediate"
"TTCATTGAGTGTCATC-1_3",24,"TEMRA"
"TTCATTGGTAGCGAGT-1_3",24,"Activated"
"TTCATTGGTCCACTTC-1_3",24,"Intermediate"
"TTCCAATAGACTTCGT-1_3",24,"Intermediate"
"TTCCAATCAAGTTGGG-1_3",24,"Intermediate"
"TTCCAATCAGTCGGAA-1_3",24,"Intermediate"
"TTCCAATCATTGCCGG-1_3",24,"Resting"
"TTCCAATGTAACTGCT-1_3",24,"Intermediate"
"TTCCAATGTGACAGGT-1_3",24,"Resting"
"TTCCAATTCAGATGCT-1_3",24,"TEMRA"
"TTCCACGAGGGCAAGG-1_3",24,"Resting"
"TTCCACGAGTTCATGC-1_3",24,"Intermediate"
"TTCCACGCACATTGTG-1_3",24,"Resting"
"TTCCACGGTGATACCT-1_3",24,"Intermediate"
"TTCCACGGTGGATTTC-1_3",24,"Intermediate"
"TTCCACGTCATACGAC-1_3",24,"Intermediate"
"TTCCACGTCCGCTTAC-1_3",24,"Resting"
"TTCCACGTCGGCACTG-1_3",24,"Resting"
"TTCCGGTAGATGGCGT-1_3",24,"TEMRA"
"TTCCGGTCAAGCGCAA-1_3",24,"Resting"
"TTCCGGTTCCGAGTGC-1_3",24,"Activated"
"TTCCGGTTCCTTTGAT-1_3",24,"Intermediate"
"TTCCGGTTCGCGGACT-1_3",24,"TEMRA"
"TTCCGTGAGCAGGCTA-1_3",24,"Resting"
"TTCCGTGAGGGTCTTT-1_3",24,"TEMRA"
"TTCCGTGTCGCCTTGT-1_3",24,"Intermediate"
"TTCCGTGTCTAGCAAC-1_3",24,"Intermediate"
"TTCCTAAAGGCGTCCT-1_3",24,"Activated"
"TTCCTAAAGTAATTGG-1_3",24,"TEMRA"
"TTCCTCTAGCCTGAAG-1_3",24,"Resting"
"TTCCTCTCAATCGAAA-1_3",24,"Activated"
"TTCCTCTCAGTGGTGA-1_3",24,"Resting"
"TTCCTCTGTCTCAGAT-1_3",24,"Intermediate"
"TTCCTCTTCAGGAGAC-1_3",24,"Resting"
"TTCCTCTTCAGTCAGT-1_3",24,"Intermediate"
"TTCCTTCAGATTTGCC-1_3",24,"Undefined2"
"TTCCTTCAGTAACCTC-1_3",24,"Resting"
"TTCCTTCAGTTAACAG-1_3",24,"TEMRA"
"TTCCTTCCAATTGCGT-1_3",24,"Intermediate"
"TTCCTTCCAGAGTTGG-1_3",24,"Resting"
"TTCCTTCGTGCATGTT-1_3",24,"TEMRA"
"TTCGATTAGCCATATC-1_3",24,"Intermediate"
"TTCGATTGTGTAGTGG-1_3",24,"Activated"
"TTCGATTGTTCTATCT-1_3",24,"Intermediate"
"TTCGCTGCAAGCGGAT-1_3",24,"Intermediate"
"TTCGCTGGTCGATTCA-1_3",24,"Activated"
"TTCGGTCAGTTCATCG-1_3",24,"Intermediate"
"TTCGGTCCAGTCTGGC-1_3",24,"Activated"
"TTCTAACTCATAGCAC-1_3",24,"Intermediate"
"TTCTAGTCATTGGATC-1_3",24,"Intermediate"
"TTCTAGTTCCTAGCTC-1_3",24,"Activated"
"TTCTCTCAGAGGGTAA-1_3",24,"Activated"
"TTCTCTCAGATGCTTC-1_3",24,"Resting"
"TTCTCTCCAACACAAA-1_3",24,"Intermediate"
"TTCTCTCGTCTTGAGT-1_3",24,"TEMRA"
"TTCTGTAAGGATGAGA-1_3",24,"Activated"
"TTCTGTATCATTTACC-1_3",24,"Activated"
"TTCTTCCCAGAGGCAT-1_3",24,"Resting"
"TTCTTCCCATGCAGGA-1_3",24,"Intermediate"
"TTCTTCCTCGTCTAAG-1_3",24,"Resting"
"TTCTTGAAGCTCTGTA-1_3",24,"Intermediate"
"TTCTTGACAAGCTGTT-1_3",24,"Resting"
"TTCTTGACAGCGTGAA-1_3",24,"Intermediate"
"TTCTTGACATCCGGCA-1_3",24,"Resting"
"TTGAACGCACTTCCTG-1_3",24,"Intermediate"
"TTGAACGGTTCCGTTC-1_3",24,"Intermediate"
"TTGAACGTCGAGCCAC-1_3",24,"Intermediate"
"TTGACCCGTCGCGTTG-1_3",24,"Activated"
"TTGACCCTCATGAGGG-1_3",24,"TEMRA"
"TTGAGTGAGCTCGCAC-1_3",24,"Activated"
"TTGAGTGCAAAGGCAC-1_3",24,"Intermediate"
"TTGAGTGGTAGCTAAA-1_3",24,"Resting"
"TTGAGTGGTATTGCCA-1_3",24,"Activated"
"TTGAGTGTCCATTTAC-1_3",24,"TEMRA"
"TTGAGTGTCCTGGGAC-1_3",24,"Resting"
"TTGAGTGTCTGGCTGG-1_3",24,"Intermediate"
"TTGATGGGTAGTCGGA-1_3",24,"Resting"
"TTGATGGGTGTGGTCC-1_3",24,"Resting"
"TTGATGGTCAACCGAT-1_3",24,"Intermediate"
"TTGCATTAGCCTCTGG-1_3",24,"Intermediate"
"TTGCATTGTGACACGA-1_3",24,"TEMRA"
"TTGCATTTCTCTCGCA-1_3",24,"Activated"
"TTGCCTGCAGAGATTA-1_3",24,"Intermediate"
"TTGCCTGTCTCTCGCA-1_3",24,"Intermediate"
"TTGCCTGTCTGTCAGA-1_3",24,"Intermediate"
"TTGCGTCAGCGGGTTA-1_3",24,"Intermediate"
"TTGCGTCAGGATATGT-1_3",24,"Intermediate"
"TTGCGTCCACGGCTAC-1_3",24,"Activated"
"TTGCGTCCATACGCAT-1_3",24,"Activated"
"TTGCGTCGTCGCGTCA-1_3",24,"Activated"
"TTGCGTCTCATACGGT-1_3",24,"Intermediate"
"TTGCGTCTCGTGCAGC-1_3",24,"TEMRA"
"TTGCTGCCAGGTTCCG-1_3",24,"Intermediate"
"TTGCTGCGTGTTTCTT-1_3",24,"Intermediate"
"TTGGATGGTACCTAAC-1_3",24,"Resting"
"TTGGGATTCAGCAATC-1_3",24,"TEMRA"
"TTGGGTAAGTGAGTTA-1_3",24,"TEMRA"
"TTGGGTACAAGCACCC-1_3",24,"Activated"
"TTGGGTACAAGGCGTA-1_3",24,"Activated"
"TTGGGTACACATATCG-1_3",24,"Intermediate"
"TTGGGTAGTTTCACAG-1_3",24,"Intermediate"
"TTGGTTTAGTACAGAT-1_3",24,"Activated"
"TTGGTTTGTCGGTAAG-1_3",24,"Activated"
"TTGGTTTGTCTCCTGT-1_3",24,"Activated"
"TTGGTTTGTGTTCGTA-1_3",24,"Intermediate"
"TTGGTTTTCCACTAGA-1_3",24,"Intermediate"
"TTGTGGACATCCCGTT-1_3",24,"Intermediate"
"TTGTGGACATGAAAGT-1_3",24,"TEMRA"
"TTGTGGAGTCATCGGC-1_3",24,"Activated"
"TTGTGGAGTGTCACAT-1_3",24,"Intermediate"
"TTGTGTTAGGCATCTT-1_3",24,"Intermediate"
"TTGTGTTAGGGAGGAC-1_3",24,"Intermediate"
"TTGTGTTGTGTCCGTG-1_3",24,"Intermediate"
"TTGTTCAGTCAACGCC-1_3",24,"Activated"
"TTGTTCAGTTATCTTC-1_3",24,"TEMRA"
"TTGTTCATCTAGTACG-1_3",24,"Intermediate"
"TTGTTGTAGGTACATA-1_3",24,"Intermediate"
"TTGTTGTCAAACTAGA-1_3",24,"Intermediate"
"TTGTTGTGTCAGTCGC-1_3",24,"Resting"
"TTGTTTGCATCGATCA-1_3",24,"TEMRA"
"TTGTTTGGTCCTTAAG-1_3",24,"TEMRA"
"TTGTTTGTCCGTCAAA-1_3",24,"Activated"
"TTGTTTGTCTGTCGCT-1_3",24,"Intermediate"
"TTTACCAAGCTCGCAC-1_3",24,"Resting"
"TTTACCAAGTAGCATA-1_3",24,"Intermediate"
"TTTACCACACTCAGAT-1_3",24,"Resting"
"TTTACCAGTGCCTGCA-1_3",24,"Activated"
"TTTACCATCGTCCATC-1_3",24,"Intermediate"
"TTTACGTCATGGGTCC-1_3",24,"Resting"
"TTTACGTGTCCATACA-1_3",24,"Activated"
"TTTACGTTCGAATCCA-1_3",24,"TEMRA"
"TTTACTGCAATCGAAA-1_3",24,"Intermediate"
"TTTACTGGTATTCTCT-1_3",24,"Activated"
"TTTACTGTCCGTGGCA-1_3",24,"Intermediate"
"TTTACTGTCGAACTCA-1_3",24,"Activated"
"TTTACTGTCGCATGAT-1_3",24,"Activated"
"TTTAGTCAGAAGCTGC-1_3",24,"Intermediate"
"TTTAGTCCAGCGCTTG-1_3",24,"Activated"
"TTTAGTCTCCTTTAGT-1_3",24,"Activated"
"TTTAGTCTCTCCGATC-1_3",24,"Intermediate"
"TTTATGCGTACCCACG-1_3",24,"TEMRA"
"TTTATGCGTATTCCTT-1_3",24,"Intermediate"
"TTTATGCGTCATCCGG-1_3",24,"Activated"
"TTTATGCTCCTGCTAC-1_3",24,"Activated"
"TTTCACAAGAAGCGGG-1_3",24,"Intermediate"
"TTTCACAAGGAGGCAG-1_3",24,"Intermediate"
"TTTCACAAGGGCCAAT-1_3",24,"Intermediate"
"TTTCACACAAGTAGTA-1_3",24,"Resting"
"TTTCACAGTTTACGAC-1_3",24,"Activated"
"TTTCACATCCGCCTAT-1_3",24,"TEMRA"
"TTTCACATCCGTGGGT-1_3",24,"Resting"
"TTTCAGTAGGTAAACT-1_3",24,"Intermediate"
"TTTCAGTCAGCAGAAC-1_3",24,"Intermediate"
"TTTCAGTCATGACAGG-1_3",24,"Intermediate"
"TTTCAGTGTAACTAAG-1_3",24,"Intermediate"
"TTTCAGTGTCACTCGG-1_3",24,"Resting"
"TTTCAGTGTGCCTAAT-1_3",24,"Resting"
"TTTCAGTTCCTCTGCA-1_3",24,"Activated"
"TTTCATGCAAGGTCTT-1_3",24,"Intermediate"
"TTTCATGCATGTCTAG-1_3",24,"Activated"
"TTTCATGTCCAATCCC-1_3",24,"Resting"
"TTTCATGTCGGCTCTT-1_3",24,"Activated"
"TTTCCTCCACCATAAC-1_3",24,"Intermediate"
"TTTCCTCGTACAGTCT-1_3",24,"TEMRA"
"TTTCGATAGCGCATCC-1_3",24,"TEMRA"
"TTTCGATCAAGTCCCG-1_3",24,"Activated"
"TTTCGATGTGTCATCA-1_3",24,"TEMRA"
"TTTCGATTCACTCTTA-1_3",24,"Intermediate"
"TTTCGATTCAGAGTGG-1_3",24,"Intermediate"
"TTTGACTCAGACCTAT-1_3",24,"Activated"
"TTTGACTCAGGGATAC-1_3",24,"Activated"
"TTTGACTTCGTCCTTG-1_3",24,"TEMRA"
"TTTGATCAGTGCTACT-1_3",24,"Intermediate"
"TTTGATCGTAACATCC-1_3",24,"Intermediate"
"TTTGGAGAGTCCTGTA-1_3",24,"Activated"
"TTTGGAGCAACTTGCA-1_3",24,"Activated"
"TTTGGAGTCACCTTGC-1_3",24,"Resting"
"TTTGGAGTCGTACCTC-1_3",24,"Intermediate"
"TTTGGAGTCTATCGTT-1_3",24,"Intermediate"
"TTTGGTTAGGTAAGTT-1_3",24,"Resting"
"TTTGGTTGTCTTGTCC-1_3",24,"Resting"
"TTTGTTGAGACGACTG-1_3",24,"Resting"
"TTTGTTGCAGTCCGTG-1_3",24,"Intermediate"
"TTTGTTGCATGTTACG-1_3",24,"Intermediate"
"TTTGTTGGTCGATTCA-1_3",24,"Activated"
