dataset_index,dataset_gene,match_type,embedding_key
0,AL627309.1,unmatched,
1,AL669831.5,unmatched,
2,LINC00115,exact,LINC00115
3,FAM41C,exact,FAM41C
4,AL645608.3,unmatched,
5,NOC2L,exact,NOC2L
6,KLHL17,exact,KLHL17
7,PLEKHN1,exact,PLEKHN1
8,ISG15,exact,ISG15
9,AGRN,exact,AGRN
10,C1orf159,exact,C1orf159
11,TNFRSF18,exact,TNFRSF18
12,TNFRSF4,exact,TNFRSF4
13,SDF4,exact,SDF4
14,B3GALT6,exact,B3GALT6
15,C1QTNF12,exact,C1QTNF12
16,AL162741.1,unmatched,
17,UBE2J2,exact,UBE2J2
18,LINC01786,exact,LINC01786
19,SCNN1D,exact,SCNN1D
20,ACAP3,exact,ACAP3
21,PUSL1,exact,PUSL1
22,INTS11,exact,INTS11
23,CPTP,exact,CPTP
24,DVL1,exact,DVL1
25,MXRA8,exact,MXRA8
26,AURKAIP1,exact,AURKAIP1
27,CCNL2,exact,CCNL2
28,MRPL20,exact,MRPL20
29,AL391244.3,unmatched,
30,ATAD3C,exact,ATAD3C
31,ATAD3B,exact,ATAD3B
32,ATAD3A,exact,ATAD3A
33,TMEM240,exact,TMEM240
34,SSU72,exact,SSU72
35,AL645728.1,unmatched,
36,FNDC10,exact,FNDC10
37,AL691432.2,unmatched,
38,MIB2,exact,MIB2
39,MMP23B,exact,MMP23B
40,CDK11B,exact,CDK11B
41,FO704657.1,unmatched,
42,SLC35E2B,exact,SLC35E2B
43,CDK11A,exact,CDK11A
44,SLC35E2A,exact,SLC35E2A
45,NADK,exact,NADK
46,GNB1,exact,GNB1
47,AL109917.1,unmatched,
48,CFAP74,exact,CFAP74
49,GABRD,exact,GABRD
50,PRKCZ,exact,PRKCZ
51,AL590822.2,unmatched,
52,PRKCZ-AS1,exact,PRKCZ-AS1
53,FAAP20,exact,FAAP20
54,SKI,exact,SKI
55,MORN1,exact,MORN1
56,RER1,exact,RER1
57,PEX10,exact,PEX10
58,PLCH2,exact,PLCH2
59,PANK4,exact,PANK4
60,AL139246.5,unmatched,
61,TNFRSF14-AS1,exact,TNFRSF14-AS1
62,TNFRSF14,exact,TNFRSF14
63,AL139246.3,unmatched,
64,FAM213B,official_alias,FAM213B
65,MMEL1,exact,MMEL1
66,TTC34,exact,TTC34
67,MEGF6,exact,MEGF6
68,AL513320.1,unmatched,
69,TPRG1L,exact,TPRG1L
70,WRAP73,exact,WRAP73
71,TP73,exact,TP73
72,SMIM1,exact,SMIM1
73,LRRC47,exact,LRRC47
74,CEP104,exact,CEP104
75,DFFB,exact,DFFB
76,C1orf174,exact,C1orf174
77,LINC01134,exact,LINC01134
78,AJAP1,exact,AJAP1
79,AL365255.1,unmatched,
80,NPHP4,exact,NPHP4
81,KCNAB2,exact,KCNAB2
82,RPL22,exact,RPL22
83,ICMT,exact,ICMT
84,GPR153,exact,GPR153
85,ACOT7,exact,ACOT7
86,AL031848.2,unmatched,
87,HES2,exact,HES2
88,ESPN,exact,ESPN
89,TNFRSF25,exact,TNFRSF25
90,PLEKHG5,exact,PLEKHG5
91,NOL9,exact,NOL9
92,ZBTB48,exact,ZBTB48
93,KLHL21,exact,KLHL21
94,PHF13,exact,PHF13
95,THAP3,exact,THAP3
96,DNAJC11,exact,DNAJC11
97,AL591163.1,unmatched,
98,CAMTA1-DT,exact,CAMTA1-DT
99,CAMTA1,exact,CAMTA1
100,VAMP3,exact,VAMP3
101,PER3,exact,PER3
102,Z98884.1,unmatched,
103,TNFRSF9,exact,TNFRSF9
104,PARK7,exact,PARK7
105,AL034417.4,unmatched,
106,AL034417.3,unmatched,
107,ERRFI1,exact,ERRFI1
108,SLC45A1,exact,SLC45A1
109,RERE,exact,RERE
110,AL096855.1,unmatched,
111,ENO1,exact,ENO1
112,ENO1-AS1,exact,ENO1-AS1
113,CA6,exact,CA6
114,GPR157,exact,GPR157
115,H6PD,exact,H6PD
116,SPSB1,exact,SPSB1
117,SLC25A33,exact,SLC25A33
118,TMEM201,exact,TMEM201
119,PIK3CD,exact,PIK3CD
120,PIK3CD-AS1,exact,PIK3CD-AS1
121,PIK3CD-AS2,exact,PIK3CD-AS2
122,CLSTN1,exact,CLSTN1
123,CTNNBIP1,exact,CTNNBIP1
124,LZIC,exact,LZIC
125,NMNAT1,exact,NMNAT1
126,UBE4B,exact,UBE4B
127,KIF1B,exact,KIF1B
128,AL139424.3,unmatched,
129,PGD,exact,PGD
130,CENPS,exact,CENPS
131,DFFA,exact,DFFA
132,AL354956.1,unmatched,
133,PEX14,exact,PEX14
134,CASZ1,exact,CASZ1
135,TARDBP,exact,TARDBP
136,AL109811.3,unmatched,
137,SRM,exact,SRM
138,EXOSC10,exact,EXOSC10
139,AL109811.1,unmatched,
140,MTOR,exact,MTOR
141,UBIAD1,exact,UBIAD1
142,AL031731.1,unmatched,
143,FBXO2,exact,FBXO2
144,FBXO44,exact,FBXO44
145,FBXO6,exact,FBXO6
146,MAD2L2,exact,MAD2L2
147,DRAXIN,exact,DRAXIN
148,AGTRAP,exact,AGTRAP
149,MTHFR,exact,MTHFR
150,CLCN6,exact,CLCN6
151,NPPA-AS1,unmatched,
152,KIAA2013,exact,KIAA2013
153,PLOD1,exact,PLOD1
154,MFN2,exact,MFN2
155,MIIP,exact,MIIP
156,TNFRSF1B,exact,TNFRSF1B
157,VPS13D,exact,VPS13D
158,DHRS3,exact,DHRS3
159,PRDM2,exact,PRDM2
160,EFHD2,exact,EFHD2
161,CASP9,exact,CASP9
162,DNAJC16,exact,DNAJC16
163,AL121992.3,unmatched,
164,AGMAT,exact,AGMAT
165,AL121992.1,unmatched,
166,DDI2,exact,DDI2
167,PLEKHM2,exact,PLEKHM2
168,SLC25A34,exact,SLC25A34
169,FBLIM1,exact,FBLIM1
170,UQCRHL,exact,UQCRHL
171,AL450998.2,unmatched,
172,SPEN,exact,SPEN
173,ZBTB17,exact,ZBTB17
174,ARHGEF19,exact,ARHGEF19
175,CPLANE2,exact,CPLANE2
176,FBXO42,exact,FBXO42
177,SZRD1,exact,SZRD1
178,SPATA21,exact,SPATA21
179,NECAP2,exact,NECAP2
180,LINC01772,exact,LINC01772
181,AL137802.2,unmatched,
182,NBPF1,exact,NBPF1
183,CROCC,exact,CROCC
184,BX284668.5,unmatched,
185,BX284668.6,unmatched,
186,ATP13A2,exact,ATP13A2
187,SDHB,exact,SDHB
188,PADI4,exact,PADI4
189,RCC2,exact,RCC2
190,ALDH4A1,exact,ALDH4A1
191,IFFO2,exact,IFFO2
192,UBR4,exact,UBR4
193,AL035413.1,unmatched,
194,EMC1,exact,EMC1
195,MRTO4,exact,MRTO4
196,AKR7A2,exact,AKR7A2
197,PQLC2,official_alias,PQLC2
198,CAPZB,exact,CAPZB
199,MINOS1,official_alias,MINOS1
200,NBL1,exact,NBL1
201,TMCO4,exact,TMCO4
202,OTUD3,exact,OTUD3
203,UBXN10-AS1,official_alias,UBXN10-AS1
204,CAMK2N1,exact,CAMK2N1
205,MUL1,exact,MUL1
206,PINK1,exact,PINK1
207,PINK1-AS,exact,PINK1-AS
208,DDOST,exact,DDOST
209,HP1BP3,exact,HP1BP3
210,EIF4G3,exact,EIF4G3
211,ECE1,exact,ECE1
212,AL031728.1,unmatched,
213,NBPF3,exact,NBPF3
214,USP48,exact,USP48
215,HSPG2,exact,HSPG2
216,LINC01635,exact,LINC01635
217,CDC42,exact,CDC42
218,ZBTB40,exact,ZBTB40
219,KDM1A,exact,KDM1A
220,LUZP1,exact,LUZP1
221,LINC01355,exact,LINC01355
222,AL109936.6,unmatched,
223,HNRNPR,exact,HNRNPR
224,ZNF436,exact,ZNF436
225,ZNF436-AS1,exact,ZNF436-AS1
226,TCEA3,exact,TCEA3
227,ID3,exact,ID3
228,MDS2,exact,MDS2
229,RPL11,exact,RPL11
230,ELOA,exact,ELOA
231,ELOA-AS1,exact,ELOA-AS1
232,PITHD1,exact,PITHD1
233,LYPLA2,exact,LYPLA2
234,GALE,exact,GALE
235,HMGCL,exact,HMGCL
236,FUCA1,exact,FUCA1
237,CNR2,exact,CNR2
238,PNRC2,exact,PNRC2
239,SRSF10,exact,SRSF10
240,IFNLR1,exact,IFNLR1
241,STPG1,exact,STPG1
242,NIPAL3,exact,NIPAL3
243,RCAN3,exact,RCAN3
244,AL445686.2,unmatched,
245,SRRM1,exact,SRRM1
246,RUNX3,exact,RUNX3
247,SYF2,exact,SYF2
248,AL031432.5,unmatched,
249,RSRP1,exact,RSRP1
250,RHD,exact,RHD
251,TMEM50A,exact,TMEM50A
252,MACO1,exact,MACO1
253,LDLRAP1,exact,LDLRAP1
254,AL606491.1,unmatched,
255,MAN1C1,exact,MAN1C1
256,AL031280.1,unmatched,
257,SELENON,exact,SELENON
258,AL020996.1,unmatched,
259,MTFR1L,exact,MTFR1L
260,PAQR7,exact,PAQR7
261,STMN1,exact,STMN1
262,PAFAH2,exact,PAFAH2
263,SLC30A2,exact,SLC30A2
264,PDIK1L,exact,PDIK1L
265,ZNF593,exact,ZNF593
266,CNKSR1,exact,CNKSR1
267,CEP85,exact,CEP85
268,SH3BGRL3,exact,SH3BGRL3
269,UBXN11,exact,UBXN11
270,CD52,exact,CD52
271,CRYBG2,exact,CRYBG2
272,ZNF683,exact,ZNF683
273,DHDDS,exact,DHDDS
274,AL513365.2,unmatched,
275,HMGN2,exact,HMGN2
276,RPS6KA1,exact,RPS6KA1
277,AL512408.1,unmatched,
278,ARID1A,exact,ARID1A
279,PIGV,exact,PIGV
280,ZDHHC18,exact,ZDHHC18
281,GPN2,exact,GPN2
282,GPATCH3,exact,GPATCH3
283,NUDC,exact,NUDC
284,KDF1,exact,KDF1
285,SLC9A1,exact,SLC9A1
286,WDTC1,exact,WDTC1
287,TMEM222,exact,TMEM222
288,SYTL1,exact,SYTL1
289,MAP3K6,exact,MAP3K6
290,WASF2,exact,WASF2
291,BX293535.1,unmatched,
292,AHDC1,exact,AHDC1
293,FGR,exact,FGR
294,IFI6,exact,IFI6
295,FAM76A,exact,FAM76A
296,STX12,exact,STX12
297,PPP1R8,exact,PPP1R8
298,THEMIS2,exact,THEMIS2
299,RPA2,exact,RPA2
300,XKR8,exact,XKR8
301,EYA3,exact,EYA3
302,PTAFR,exact,PTAFR
303,DNAJC8,exact,DNAJC8
304,ATP5IF1,exact,ATP5IF1
305,AL353622.1,unmatched,
306,SESN2,exact,SESN2
307,MED18,exact,MED18
308,PHACTR4,exact,PHACTR4
309,RCC1,exact,RCC1
310,TRNAU1AP,exact,TRNAU1AP
311,SNHG12,exact,SNHG12
312,TAF12,exact,TAF12
313,RAB42,exact,RAB42
314,LINC01715,unmatched,
315,GMEB1,exact,GMEB1
316,YTHDF2,exact,YTHDF2
317,OPRD1,exact,OPRD1
318,EPB41,exact,EPB41
319,SRSF4,exact,SRSF4
320,MECR,exact,MECR
321,MATN1-AS1,exact,MATN1-AS1
322,LAPTM5,exact,LAPTM5
323,PUM1,exact,PUM1
324,SNRNP40,exact,SNRNP40
325,ZCCHC17,exact,ZCCHC17
326,FABP3,exact,FABP3
327,PEF1,exact,PEF1
328,AC114488.3,unmatched,
329,AL136115.2,unmatched,
330,PTP4A2,exact,PTP4A2
331,AL136115.1,unmatched,
332,KHDRBS1,exact,KHDRBS1
333,AL445248.1,unmatched,
334,TMEM39B,exact,TMEM39B
335,KPNA6,exact,KPNA6
336,TXLNA,exact,TXLNA
337,CCDC28B,exact,CCDC28B
338,AL049795.1,unmatched,
339,IQCC,exact,IQCC
340,TMEM234,exact,TMEM234
341,EIF3I,exact,EIF3I
342,FAM167B,exact,FAM167B
343,LCK,exact,LCK
344,HDAC1,exact,HDAC1
345,MARCKSL1,exact,MARCKSL1
346,TSSK3,exact,TSSK3
347,FAM229A,exact,FAM229A
348,BSDC1,exact,BSDC1
349,ZBTB8B,exact,ZBTB8B
350,ZBTB8A,exact,ZBTB8A
351,ZBTB8OS,exact,ZBTB8OS
352,RBBP4,exact,RBBP4
353,SYNC,exact,SYNC
354,YARS,official_alias,YARS
355,S100PBP,exact,S100PBP
356,FNDC5,exact,FNDC5
357,RNF19B,exact,RNF19B
358,AK2,exact,AK2
359,AZIN2,exact,AZIN2
360,TRIM62,exact,TRIM62
361,AL662907.3,unmatched,
362,ZNF362,exact,ZNF362
363,PHC2,exact,PHC2
364,ZSCAN20,exact,ZSCAN20
365,SMIM12,exact,SMIM12
366,DLGAP3,exact,DLGAP3
367,AC114490.3,unmatched,
368,AC114490.2,unmatched,
369,TMEM35B,exact,TMEM35B
370,ZMYM6,exact,ZMYM6
371,ZMYM1,exact,ZMYM1
372,SFPQ,exact,SFPQ
373,ZMYM4,exact,ZMYM4
374,KIAA0319L,exact,KIAA0319L
375,NCDN,exact,NCDN
376,AC004865.2,unmatched,
377,PSMB2,exact,PSMB2
378,C1orf216,exact,C1orf216
379,CLSPN,exact,CLSPN
380,AGO4,exact,AGO4
381,AGO1,exact,AGO1
382,AGO3,exact,AGO3
383,ADPRHL2,official_alias,ADPRHL2
384,TRAPPC3,exact,TRAPPC3
385,MAP7D1,exact,MAP7D1
386,THRAP3,exact,THRAP3
387,SH3D21,exact,SH3D21
388,EVA1B,exact,EVA1B
389,STK40,exact,STK40
390,LSM10,exact,LSM10
391,OSCP1,exact,OSCP1
392,MRPS15,exact,MRPS15
393,LINC01137,unmatched,
394,ZC3H12A,exact,ZC3H12A
395,MEAF6,exact,MEAF6
396,SNIP1,exact,SNIP1
397,GNL2,exact,GNL2
398,C1orf109,unmatched,
399,CDCA8,exact,CDCA8
400,MANEAL,exact,MANEAL
401,YRDC,exact,YRDC
402,C1orf122,exact,C1orf122
403,MTF1,exact,MTF1
404,INPP5B,exact,INPP5B
405,SF3A3,exact,SF3A3
406,FHL3,exact,FHL3
407,UTP11,exact,UTP11
408,POU3F1,exact,POU3F1
409,RRAGC,exact,RRAGC
410,AL139260.1,unmatched,
411,MYCBP,exact,MYCBP
412,RHBDL2,exact,RHBDL2
413,AKIRIN1,exact,AKIRIN1
414,NDUFS5,exact,NDUFS5
415,MACF1,exact,MACF1
416,PABPC4,exact,PABPC4
417,HPCAL4,exact,HPCAL4
418,PPIE,exact,PPIE
419,BMP8B,exact,BMP8B
420,AL033527.3,unmatched,
421,AL033527.5,unmatched,
422,TRIT1,exact,TRIT1
423,MFSD2A,exact,MFSD2A
424,CAP1,exact,CAP1
425,PPT1,exact,PPT1
426,RLF,exact,RLF
427,AL050341.2,unmatched,
428,ZMPSTE24,exact,ZMPSTE24
429,COL9A2,exact,COL9A2
430,SMAP2,exact,SMAP2
431,ZFP69B,exact,ZFP69B
432,ZFP69,exact,ZFP69
433,AL603839.3,unmatched,
434,EXO5,exact,EXO5
435,ZNF684,exact,ZNF684
436,RIMS3,exact,RIMS3
437,NFYC-AS1,exact,NFYC-AS1
438,NFYC,exact,NFYC
439,CITED4,exact,CITED4
440,CTPS1,exact,CTPS1
441,SLFNL1-AS1,exact,SLFNL1-AS1
442,SCMH1,exact,SCMH1
443,HIVEP3,exact,HIVEP3
444,FOXJ3,exact,FOXJ3
445,RIMKLA,exact,RIMKLA
446,ZMYND12,exact,ZMYND12
447,PPCS,exact,PPCS
448,CCDC30,exact,CCDC30
449,PPIH,exact,PPIH
450,AC098484.2,unmatched,
451,YBX1,exact,YBX1
452,P3H1,exact,P3H1
453,C1orf50,exact,C1orf50
454,TMEM269,exact,TMEM269
455,SVBP,exact,SVBP
456,ERMAP,exact,ERMAP
457,AL512353.1,unmatched,
458,ZNF691,exact,ZNF691
459,SLC2A1,exact,SLC2A1
460,SLC2A1-AS1,unmatched,
461,EBNA1BP2,exact,EBNA1BP2
462,TIE1,exact,TIE1
463,AL139289.2,unmatched,
464,CDC20,exact,CDC20
465,ELOVL1,exact,ELOVL1
466,MED8,exact,MED8
467,SZT2,exact,SZT2
468,HYI,exact,HYI
469,PTPRF,exact,PTPRF
470,KDM4A,exact,KDM4A
471,KDM4A-AS1,exact,KDM4A-AS1
472,ST3GAL3,exact,ST3GAL3
473,AL357079.1,unmatched,
474,IPO13,exact,IPO13
475,DPH2,exact,DPH2
476,ATP6V0B,exact,ATP6V0B
477,B4GALT2,exact,B4GALT2
478,CCDC24,exact,CCDC24
479,DMAP1,exact,DMAP1
480,ERI3,exact,ERI3
481,RNF220,exact,RNF220
482,TMEM53,exact,TMEM53
483,ARMH1,exact,ARMH1
484,RPS8,exact,RPS8
485,BEST4,exact,BEST4
486,PLK3,exact,PLK3
487,BTBD19,exact,BTBD19
488,PTCH2,exact,PTCH2
489,EIF2B3,exact,EIF2B3
490,HECTD3,exact,HECTD3
491,UROD,exact,UROD
492,ZSWIM5,exact,ZSWIM5
493,HPDL,exact,HPDL
494,MUTYH,exact,MUTYH
495,TOE1,exact,TOE1
496,TESK2,exact,TESK2
497,CCDC163,exact,CCDC163
498,MMACHC,exact,MMACHC
499,PRDX1,exact,PRDX1
500,AKR1A1,exact,AKR1A1
501,NASP,exact,NASP
502,CCDC17,exact,CCDC17
503,GPBP1L1,exact,GPBP1L1
504,TMEM69,exact,TMEM69
505,IPP,exact,IPP
506,MAST2,exact,MAST2
507,PIK3R3,exact,PIK3R3
508,POMGNT1,exact,POMGNT1
509,LURAP1,exact,LURAP1
510,LRRC41,exact,LRRC41
511,UQCRH,exact,UQCRH
512,NSUN4,exact,NSUN4
513,FAAH,exact,FAAH
514,MKNK1,exact,MKNK1
515,MOB3C,exact,MOB3C
516,ATPAF1,exact,ATPAF1
517,EFCAB14,exact,EFCAB14
518,STIL,exact,STIL
519,CMPK1,exact,CMPK1
520,FOXD2-AS1,exact,FOXD2-AS1
521,FOXD2,exact,FOXD2
522,SPATA6,exact,SPATA6
523,BEND5,exact,BEND5
524,FAF1,exact,FAF1
525,CDKN2C,exact,CDKN2C
526,LINC01562,exact,LINC01562
527,RNF11,exact,RNF11
528,AL162430.2,unmatched,
529,EPS15,exact,EPS15
530,AC104170.1,unmatched,
531,OSBPL9,exact,OSBPL9
532,NRDC,exact,NRDC
533,AL050343.1,unmatched,
534,AL050343.2,unmatched,
535,TXNDC12,exact,TXNDC12
536,KTI12,exact,KTI12
537,BTF3L4,exact,BTF3L4
538,ZFYVE9,exact,ZFYVE9
539,CC2D1B,exact,CC2D1B
540,PRPF38A,exact,PRPF38A
541,TUT4,exact,TUT4
542,GPX7,exact,GPX7
543,SHISAL2A,exact,SHISAL2A
544,COA7,exact,COA7
545,ZYG11B,exact,ZYG11B
546,ZYG11A,exact,ZYG11A
547,ECHDC2,exact,ECHDC2
548,SCP2,exact,SCP2
549,SLC1A7,exact,SLC1A7
550,CPT2,exact,CPT2
551,AL606760.2,unmatched,
552,C1orf123,official_alias,C1orf123
553,AL606760.3,unmatched,
554,MAGOH,exact,MAGOH
555,LRP8,exact,LRP8
556,LINC01771,unmatched,
557,AC119428.2,unmatched,
558,NDC1,exact,NDC1
559,YIPF1,exact,YIPF1
560,HSPB11,official_alias,HSPB11
561,LRRC42,exact,LRRC42
562,TMEM59,exact,TMEM59
563,TCEANC2,exact,TCEANC2
564,CYB5RL,exact,CYB5RL
565,MRPL37,exact,MRPL37
566,SSBP3,exact,SSBP3
567,SSBP3-AS1,exact,SSBP3-AS1
568,AL161644.1,unmatched,
569,ACOT11,exact,ACOT11
570,TTC4,exact,TTC4
571,PARS2,exact,PARS2
572,TTC22,exact,TTC22
573,USP24,exact,USP24
574,OMA1,exact,OMA1
575,MYSM1,exact,MYSM1
576,JUN,exact,JUN
577,LINC01358,exact,LINC01358
578,FGGY,exact,FGGY
579,HOOK1,exact,HOOK1
580,CYP2J2,exact,CYP2J2
581,NFIA,exact,NFIA
582,TM2D1,exact,TM2D1
583,AC099791.2,unmatched,
584,PATJ,exact,PATJ
585,L1TD1,exact,L1TD1
586,USP1,exact,USP1
587,DOCK7,exact,DOCK7
588,ATG4C,exact,ATG4C
589,ALG6,exact,ALG6
590,ITGB3BP,exact,ITGB3BP
591,EFCAB7,exact,EFCAB7
592,PGM1,exact,PGM1
593,CACHD1,exact,CACHD1
594,RAVER2,exact,RAVER2
595,JAK1,exact,JAK1
596,AL357078.3,unmatched,
597,AL357078.1,unmatched,
598,AK4,exact,AK4
599,DNAJC6,exact,DNAJC6
600,LEPROT,exact,LEPROT
601,LEPR,exact,LEPR
602,PDE4B,exact,PDE4B
603,WDR78,official_alias,WDR78
604,MIER1,exact,MIER1
605,SLC35D1,exact,SLC35D1
606,SERBP1,exact,SERBP1
607,GADD45A,exact,GADD45A
608,LRRC7,exact,LRRC7
609,LRRC40,exact,LRRC40
610,SRSF11,exact,SRSF11
611,ANKRD13C,exact,ANKRD13C
612,HHLA3,unmatched,
613,CTH,exact,CTH
614,ZRANB2,exact,ZRANB2
615,LRRIQ3,exact,LRRIQ3
616,FPGT,exact,FPGT
617,FPGT-TNNI3K,exact,FPGT-TNNI3K
618,AC135803.1,unmatched,
619,CRYZ,exact,CRYZ
620,TYW3,exact,TYW3
621,SLC44A5,exact,SLC44A5
622,ACADM,exact,ACADM
623,RABGGTB,exact,RABGGTB
624,ST6GALNAC3,exact,ST6GALNAC3
625,PIGK,exact,PIGK
626,AK5,exact,AK5
627,AC118549.1,unmatched,
628,USP33,exact,USP33
629,MIGA1,exact,MIGA1
630,NEXN-AS1,exact,NEXN-AS1
631,NEXN,exact,NEXN
632,FUBP1,exact,FUBP1
633,DNAJB4,exact,DNAJB4
634,AC103591.3,unmatched,
635,IFI44L,exact,IFI44L
636,IFI44,exact,IFI44
637,LINC01725,exact,LINC01725
638,TTLL7,exact,TTLL7
639,AL359504.2,unmatched,
640,PRKACB,exact,PRKACB
641,SAMD13,exact,SAMD13
642,RPF1,exact,RPF1
643,GNG5,exact,GNG5
644,SPATA1,exact,SPATA1
645,CTBS,exact,CTBS
646,SSX2IP,exact,SSX2IP
647,MCOLN2,exact,MCOLN2
648,WDR63,official_alias,WDR63
649,MCOLN3,exact,MCOLN3
650,SYDE2,exact,SYDE2
651,C1orf52,exact,C1orf52
652,BCL10,exact,BCL10
653,ZNHIT6,exact,ZNHIT6
654,ODF2L,exact,ODF2L
655,AL049597.2,unmatched,
656,SH3GLB1,exact,SH3GLB1
657,SELENOF,exact,SELENOF
658,HS2ST1,exact,HS2ST1
659,LMO4,exact,LMO4
660,PKN2,exact,PKN2
661,GTF2B,exact,GTF2B
662,KYAT3,exact,KYAT3
663,RBMXL1,exact,RBMXL1
664,GBP3,exact,GBP3
665,GBP1,exact,GBP1
666,GBP2,exact,GBP2
667,GBP7,exact,GBP7
668,GBP4,exact,GBP4
669,AC099063.4,unmatched,
670,GBP5,exact,GBP5
671,GBP6,exact,GBP6
672,LRRC8B,exact,LRRC8B
673,LRRC8C-DT,exact,LRRC8C-DT
674,LRRC8C,exact,LRRC8C
675,AC099568.2,unmatched,
676,LRRC8D,exact,LRRC8D
677,ZNF326,exact,ZNF326
678,ZNF644,exact,ZNF644
679,CDC7,exact,CDC7
680,TGFBR3,exact,TGFBR3
681,BTBD8,exact,BTBD8
682,GLMN,exact,GLMN
683,RPAP2,exact,RPAP2
684,GFI1,exact,GFI1
685,EVI5,exact,EVI5
686,RPL5,exact,RPL5
687,FAM69A,official_alias,FAM69A
688,MTF2,exact,MTF2
689,TMED5,exact,TMED5
690,CCDC18,exact,CCDC18
691,DR1,exact,DR1
692,FNBP1L,exact,FNBP1L
693,BCAR3,exact,BCAR3
694,DNTTIP2,exact,DNTTIP2
695,GCLM,exact,GCLM
696,ABCD3,exact,ABCD3
697,CNN3,exact,CNN3
698,AC105942.1,unmatched,
699,ALG14,exact,ALG14
700,RWDD3,exact,RWDD3
701,PTBP2,exact,PTBP2
702,DPYD,exact,DPYD
703,AGL,exact,AGL
704,AC118553.1,unmatched,
705,SLC35A3,exact,SLC35A3
706,AC118553.2,unmatched,
707,MFSD14A,exact,MFSD14A
708,SASS6,exact,SASS6
709,TRMT13,exact,TRMT13
710,LRRC39,exact,LRRC39
711,DBT,exact,DBT
712,RTCA-AS1,exact,RTCA-AS1
713,RTCA,exact,RTCA
714,CDC14A,exact,CDC14A
715,EXTL2,exact,EXTL2
716,AC104506.1,unmatched,
717,SLC30A7,exact,SLC30A7
718,DPH5,exact,DPH5
719,AC093157.2,unmatched,
720,AC093157.1,unmatched,
721,AL109741.1,unmatched,
722,S1PR1,exact,S1PR1
723,RNPC3,exact,RNPC3
724,AMY2B,exact,AMY2B
725,PRMT6,exact,PRMT6
726,VAV3,exact,VAV3
727,SLC25A24,exact,SLC25A24
728,AL359258.2,unmatched,
729,FAM102B,unmatched,
730,HENMT1,exact,HENMT1
731,PRPF38B,exact,PRPF38B
732,STXBP3,exact,STXBP3
733,AL449266.1,unmatched,
734,GPSM2,exact,GPSM2
735,CLCC1,exact,CLCC1
736,WDR47,exact,WDR47
737,TAF13,exact,TAF13
738,AL356488.3,unmatched,
739,TMEM167B,exact,TMEM167B
740,AL356488.2,unmatched,
741,KIAA1324,official_alias,KIAA1324
742,SARS,official_alias,SARS
743,CELSR2,exact,CELSR2
744,SORT1,exact,SORT1
745,PSMA5,exact,PSMA5
746,ATXN7L2,exact,ATXN7L2
747,CYB561D1,exact,CYB561D1
748,AMIGO1,exact,AMIGO1
749,GNAI3,exact,GNAI3
750,AMPD2,exact,AMPD2
751,GSTM4,exact,GSTM4
752,GSTM2,exact,GSTM2
753,GSTM3,exact,GSTM3
754,AHCYL1,exact,AHCYL1
755,STRIP1,exact,STRIP1
756,AL160006.1,unmatched,
757,ALX3,exact,ALX3
758,LINC02586,unmatched,
759,KCNC4,exact,KCNC4
760,RBM15,exact,RBM15
761,SLC16A4,exact,SLC16A4
762,AL355488.1,unmatched,
763,LAMTOR5,exact,LAMTOR5
764,AL365361.1,unmatched,
765,KCNA3,exact,KCNA3
766,CD53,exact,CD53
767,AL360270.1,unmatched,
768,LRIF1,exact,LRIF1
769,DRAM2,exact,DRAM2
770,CEPT1,exact,CEPT1
771,AL355816.1,unmatched,
772,AL355816.2,unmatched,
773,DENND2D,exact,DENND2D
774,CHI3L2,exact,CHI3L2
775,WDR77,exact,WDR77
776,ATP5PB,exact,ATP5PB
777,C1orf162,exact,C1orf162
778,RAP1A,exact,RAP1A
779,DDX20,exact,DDX20
780,KCND3,exact,KCND3
781,WNT2B,exact,WNT2B
782,ST7L,exact,ST7L
783,CAPZA1,exact,CAPZA1
784,MOV10,exact,MOV10
785,AL603832.1,unmatched,
786,RHOC,exact,RHOC
787,SLC16A1,exact,SLC16A1
788,SLC16A1-AS1,exact,SLC16A1-AS1
789,AL357055.3,unmatched,
790,LRIG2,exact,LRIG2
791,MAGI3,exact,MAGI3
792,PHTF1,exact,PHTF1
793,RSBN1,exact,RSBN1
794,PTPN22,exact,PTPN22
795,AP4B1-AS1,exact,AP4B1-AS1
796,BCL2L15,exact,BCL2L15
797,AP4B1,exact,AP4B1
798,DCLRE1B,exact,DCLRE1B
799,HIPK1-AS1,exact,HIPK1-AS1
800,HIPK1,exact,HIPK1
801,TRIM33,exact,TRIM33
802,BCAS2,exact,BCAS2
803,DENND2C,exact,DENND2C
804,NRAS,exact,NRAS
805,CSDE1,exact,CSDE1
806,SIKE1,exact,SIKE1
807,TSPAN2,exact,TSPAN2
808,LINC01765,exact,LINC01765
809,VANGL1,exact,VANGL1
810,ATP1A1,exact,ATP1A1
811,CD58,exact,CD58
812,CD2,exact,CD2
813,CD101,exact,CD101
814,TTF2,exact,TTF2
815,TRIM45,exact,TRIM45
816,AL358072.1,unmatched,
817,MAN1A2,exact,MAN1A2
818,TENT5C,exact,TENT5C
819,GDAP2,exact,GDAP2
820,WDR3,exact,WDR3
821,WARS2,exact,WARS2
822,AL359915.2,unmatched,
823,PHGDH,exact,PHGDH
824,REG4,exact,REG4
825,NOTCH2,exact,NOTCH2
826,SEC22B,exact,SEC22B
827,NBPF26,exact,NBPF26
828,LINC00623,exact,LINC00623
829,SRGAP2C,exact,SRGAP2C
830,AL592494.3,unmatched,
831,AC239800.2,unmatched,
832,AC239800.3,unmatched,
833,AC245595.1,unmatched,
834,PPIAL4E,exact,PPIAL4E
835,AC246785.3,unmatched,
836,NBPF15,exact,NBPF15
837,SRGAP2B,exact,SRGAP2B
838,AC245014.3,unmatched,
839,AC245014.1,unmatched,
840,NBPF20,exact,NBPF20
841,GPR89A,exact,GPR89A
842,PDZK1,exact,PDZK1
843,CD160,exact,CD160
844,RNF115,exact,RNF115
845,POLR3C,exact,POLR3C
846,NUDT17,exact,NUDT17
847,PIAS3,exact,PIAS3
848,ANKRD35,exact,ANKRD35
849,ITGA10,exact,ITGA10
850,PEX11B,exact,PEX11B
851,RBM8A,exact,RBM8A
852,LIX1L-AS1,exact,LIX1L-AS1
853,LIX1L,exact,LIX1L
854,ANKRD34A,exact,ANKRD34A
855,POLR3GL,exact,POLR3GL
856,TXNIP,exact,TXNIP
857,NBPF10,exact,NBPF10
858,NOTCH2NL,official_alias,NOTCH2NL
859,AC239799.2,unmatched,
860,AC243756.1,unmatched,
861,NBPF12,exact,NBPF12
862,PRKAB2,exact,PRKAB2
863,AC242426.2,unmatched,
864,FMO5,exact,FMO5
865,CHD1L,exact,CHD1L
866,LINC00624,exact,LINC00624
867,BCL9,exact,BCL9
868,ACP6,exact,ACP6
869,GPR89B,exact,GPR89B
870,AC239803.3,unmatched,
871,NBPF11,exact,NBPF11
872,PPIAL4G,exact,PPIAL4G
873,NBPF14,exact,NBPF14
874,PDE4DIP,exact,PDE4DIP
875,NBPF9,exact,NBPF9
876,AC245297.3,unmatched,
877,AC245297.2,unmatched,
878,NBPF19,exact,NBPF19
879,FCGR1A,exact,FCGR1A
880,HIST2H2BF,official_alias,HIST2H2BF
881,AC239868.3,unmatched,
882,AC239868.2,unmatched,
883,HIST2H2BE,official_alias,HIST2H2BE
884,HIST2H2AC,official_alias,HIST2H2AC
885,BOLA1,exact,BOLA1
886,SV2A,exact,SV2A
887,SF3B4,exact,SF3B4
888,OTUD7B,exact,OTUD7B
889,VPS45,exact,VPS45
890,PLEKHO1,exact,PLEKHO1
891,ANP32E,exact,ANP32E
892,APH1A,exact,APH1A
893,C1orf54,exact,C1orf54
894,MRPS21,exact,MRPS21
895,PRPF3,exact,PRPF3
896,RPRD2,exact,RPRD2
897,TARS2,exact,TARS2
898,FALEC,exact,FALEC
899,ADAMTSL4,exact,ADAMTSL4
900,MCL1,exact,MCL1
901,ENSA,exact,ENSA
902,GOLPH3L,exact,GOLPH3L
903,CTSS,exact,CTSS
904,CTSK,exact,CTSK
905,ARNT,exact,ARNT
906,SETDB1,exact,SETDB1
907,CERS2,exact,CERS2
908,MINDY1,exact,MINDY1
909,PRUNE1,exact,PRUNE1
910,BNIPL,exact,BNIPL
911,C1orf56,exact,C1orf56
912,CDC42SE1,exact,CDC42SE1
913,MLLT11,exact,MLLT11
914,GABPB2,exact,GABPB2
915,SEMA6C,exact,SEMA6C
916,TNFAIP8L2,exact,TNFAIP8L2
917,SCNM1,exact,SCNM1
918,LYSMD1,exact,LYSMD1
919,TMOD4,exact,TMOD4
920,VPS72,exact,VPS72
921,PIP5K1A,exact,PIP5K1A
922,PSMD4,exact,PSMD4
923,ZNF687,exact,ZNF687
924,PI4KB,exact,PI4KB
925,RFX5,exact,RFX5
926,AL391069.3,unmatched,
927,PSMB4,exact,PSMB4
928,POGZ,exact,POGZ
929,CGN,exact,CGN
930,TUFT1,exact,TUFT1
931,SNX27,exact,SNX27
932,MRPL9,exact,MRPL9
933,TDRKH,exact,TDRKH
934,TDRKH-AS1,exact,TDRKH-AS1
935,THEM4,exact,THEM4
936,S100A10,exact,S100A10
937,AL450992.1,unmatched,
938,S100A11,exact,S100A11
939,S100A6,exact,S100A6
940,S100A4,exact,S100A4
941,S100A13,exact,S100A13
942,AL162258.2,unmatched,
943,CHTOP,exact,CHTOP
944,SNAPIN,exact,SNAPIN
945,ILF2,exact,ILF2
946,INTS3,exact,INTS3
947,SLC27A3,exact,SLC27A3
948,GATAD2B,exact,GATAD2B
949,AL358472.5,unmatched,
950,DENND4B,exact,DENND4B
951,CRTC2,exact,CRTC2
952,SLC39A1,exact,SLC39A1
953,AL358472.4,unmatched,
954,CREB3L4,exact,CREB3L4
955,JTB,exact,JTB
956,AL358472.2,unmatched,
957,RAB13,exact,RAB13
958,RPS27,exact,RPS27
959,NUP210L,exact,NUP210L
960,TPM3,exact,TPM3
961,C1orf43,exact,C1orf43
962,UBAP2L,exact,UBAP2L
963,HAX1,exact,HAX1
964,ATP8B2,exact,ATP8B2
965,IL6R-AS1,exact,IL6R-AS1
966,IL6R,exact,IL6R
967,UBE2Q1,exact,UBE2Q1
968,CHRNB2,exact,CHRNB2
969,ADAR,exact,ADAR
970,PMVK,exact,PMVK
971,AL451085.1,unmatched,
972,PBXIP1,exact,PBXIP1
973,PYGO2,exact,PYGO2
974,AL451085.2,unmatched,
975,SHC1,exact,SHC1
976,CKS1B,exact,CKS1B
977,FLAD1,exact,FLAD1
978,ZBTB7B,exact,ZBTB7B
979,ADAM15,exact,ADAM15
980,EFNA4,exact,EFNA4
981,EFNA3,exact,EFNA3
982,EFNA1,exact,EFNA1
983,SLC50A1,exact,SLC50A1
984,DPM3,exact,DPM3
985,KRTCAP2,exact,KRTCAP2
986,TRIM46,exact,TRIM46
987,MUC1,exact,MUC1
988,THBS3,exact,THBS3
989,MTX1,exact,MTX1
990,GBA,unmatched,
991,FAM189B,unmatched,
992,SCAMP3,exact,SCAMP3
993,CLK2,exact,CLK2
994,HCN3,exact,HCN3
995,FDPS,exact,FDPS
996,RUSC1-AS1,exact,RUSC1-AS1
997,RUSC1,exact,RUSC1
998,ASH1L,exact,ASH1L
999,ASH1L-AS1,exact,ASH1L-AS1
1000,MSTO1,exact,MSTO1
1001,YY1AP1,exact,YY1AP1
1002,DAP3,exact,DAP3
1003,GON4L,exact,GON4L
1004,SYT11,exact,SYT11
1005,RIT1,exact,RIT1
1006,KHDC4,exact,KHDC4
1007,ARHGEF2,exact,ARHGEF2
1008,AL355388.2,unmatched,
1009,SSR2,exact,SSR2
1010,UBQLN4,exact,UBQLN4
1011,LAMTOR2,exact,LAMTOR2
1012,RAB25,exact,RAB25
1013,MEX3A,exact,MEX3A
1014,LMNA,exact,LMNA
1015,SEMA4A,exact,SEMA4A
1016,SLC25A44,exact,SLC25A44
1017,PMF1,exact,PMF1
1018,BGLAP,exact,BGLAP
1019,SMG5,exact,SMG5
1020,TMEM79,exact,TMEM79
1021,GLMP,exact,GLMP
1022,CCT3,exact,CCT3
1023,TSACC,exact,TSACC
1024,C1orf61,official_alias,C1orf61
1025,AL139412.1,unmatched,
1026,MEF2D,exact,MEF2D
1027,TTC24,exact,TTC24
1028,NAXE,exact,NAXE
1029,GPATCH4,exact,GPATCH4
1030,ISG20L2,exact,ISG20L2
1031,RRNAD1,unmatched,
1032,MRPL24,exact,MRPL24
1033,HDGF,exact,HDGF
1034,PRCC,exact,PRCC
1035,SH2D2A,exact,SH2D2A
1036,ARHGEF11,exact,ARHGEF11
1037,ETV3,exact,ETV3
1038,FCRL3,exact,FCRL3
1039,AL138899.1,unmatched,
1040,PYHIN1,exact,PYHIN1
1041,IFI16,exact,IFI16
1042,AIM2,exact,AIM2
1043,DUSP23,exact,DUSP23
1044,FCRL6,exact,FCRL6
1045,AL590560.1,unmatched,
1046,VSIG8,exact,VSIG8
1047,CFAP45,exact,CFAP45
1048,TAGLN2,exact,TAGLN2
1049,PIGM,exact,PIGM
1050,IGSF8,exact,IGSF8
1051,PEA15,exact,PEA15
1052,DCAF8,exact,DCAF8
1053,AL139011.2,unmatched,
1054,AL139011.1,unmatched,
1055,PEX19,exact,PEX19
1056,COPA,exact,COPA
1057,NCSTN,exact,NCSTN
1058,NHLH1,exact,NHLH1
1059,SLAMF6,exact,SLAMF6
1060,CD84,exact,CD84
1061,SLAMF1,exact,SLAMF1
1062,AL121985.1,unmatched,
1063,CD48,exact,CD48
1064,SLAMF7,exact,SLAMF7
1065,LY9,exact,LY9
1066,CD244,exact,CD244
1067,F11R,exact,F11R
1068,TSTD1,exact,TSTD1
1069,USF1,exact,USF1
1070,ARHGAP30,exact,ARHGAP30
1071,KLHDC9,exact,KLHDC9
1072,PFDN2,exact,PFDN2
1073,NIT1,exact,NIT1
1074,DEDD,exact,DEDD
1075,UFC1,exact,UFC1
1076,USP21,exact,USP21
1077,PPOX,exact,PPOX
1078,B4GALT3,exact,B4GALT3
1079,ADAMTS4,exact,ADAMTS4
1080,NDUFS2,exact,NDUFS2
1081,FCER1G,exact,FCER1G
1082,TOMM40L,exact,TOMM40L
1083,NR1I3,exact,NR1I3
1084,MPZ,exact,MPZ
1085,SDHC,exact,SDHC
1086,AL592295.4,unmatched,
1087,FCGR2A,exact,FCGR2A
1088,FCGR3A,exact,FCGR3A
1089,FCGR2B,exact,FCGR2B
1090,FCRLB,exact,FCRLB
1091,DUSP12,exact,DUSP12
1092,ATF6,exact,ATF6
1093,UHMK1,exact,UHMK1
1094,UAP1,exact,UAP1
1095,DDR2,exact,DDR2
1096,HSD17B7,exact,HSD17B7
1097,RGS5,exact,RGS5
1098,RGS5.1,unmatched,
1099,NUF2,exact,NUF2
1100,PBX1,exact,PBX1
1101,MGST3,exact,MGST3
1102,ALDH9A1,exact,ALDH9A1
1103,AL451074.6,unmatched,
1104,TMCO1,exact,TMCO1
1105,AL451074.2,unmatched,
1106,UCK2,exact,UCK2
1107,FAM78B,exact,FAM78B
1108,POGK,exact,POGK
1109,TADA1,exact,TADA1
1110,GPA33,exact,GPA33
1111,AL451050.2,unmatched,
1112,POU2F1,exact,POU2F1
1113,CD247,exact,CD247
1114,AL359962.2,unmatched,
1115,CREG1,exact,CREG1
1116,AL031733.2,unmatched,
1117,RCSD1,exact,RCSD1
1118,MPZL1,exact,MPZL1
1119,MPC2,exact,MPC2
1120,DCAF6,exact,DCAF6
1121,GPR161,exact,GPR161
1122,TIPRL,exact,TIPRL
1123,SFT2D2,exact,SFT2D2
1124,TBX19,exact,TBX19
1125,XCL2,exact,XCL2
1126,XCL1,exact,XCL1
1127,ATP1B1,exact,ATP1B1
1128,NME7,exact,NME7
1129,BLZF1,exact,BLZF1
1130,CCDC181,exact,CCDC181
1131,SLC19A2,exact,SLC19A2
1132,AL021068.1,unmatched,
1133,SELP,exact,SELP
1134,C1orf112,official_alias,C1orf112
1135,SELL,exact,SELL
1136,METTL18,exact,METTL18
1137,SCYL3,exact,SCYL3
1138,KIFAP3,exact,KIFAP3
1139,GORAB,exact,GORAB
1140,FMO4,exact,FMO4
1141,PRRC2C,exact,PRRC2C
1142,VAMP4,exact,VAMP4
1143,METTL13,exact,METTL13
1144,DNM3,exact,DNM3
1145,PIGC,exact,PIGC
1146,SUCO,exact,SUCO
1147,FASLG,exact,FASLG
1148,TNFSF4,exact,TNFSF4
1149,AL645568.1,unmatched,
1150,PRDX6,exact,PRDX6
1151,KLHL20,exact,KLHL20
1152,CENPL,exact,CENPL
1153,DARS2,exact,DARS2
1154,ZBTB37,exact,ZBTB37
1155,RC3H1,exact,RC3H1
1156,AL121983.2,unmatched,
1157,RABGAP1L,exact,RABGAP1L
1158,GPR52,exact,GPR52
1159,CACYBP,exact,CACYBP
1160,MRPS14,exact,MRPS14
1161,KIAA0040,exact,KIAA0040
1162,COP1,exact,COP1
1163,AL590723.1,unmatched,
1164,RASAL2,exact,RASAL2
1165,C1orf220,exact,C1orf220
1166,RALGPS2,exact,RALGPS2
1167,ANGPTL1,exact,ANGPTL1
1168,FAM20B,exact,FAM20B
1169,TOR3A,exact,TOR3A
1170,ABL2,exact,ABL2
1171,SOAT1,exact,SOAT1
1172,TOR1AIP2,exact,TOR1AIP2
1173,AL353708.3,unmatched,
1174,TOR1AIP1,exact,TOR1AIP1
1175,AL353708.1,unmatched,
1176,CEP350,exact,CEP350
1177,QSOX1,exact,QSOX1
1178,LHX4,exact,LHX4
1179,ACBD6,exact,ACBD6
1180,XPR1,exact,XPR1
1181,AL162431.2,unmatched,
1182,KIAA1614-AS1,exact,KIAA1614-AS1
1183,STX6,exact,STX6
1184,MR1,exact,MR1
1185,IER5,exact,IER5
1186,GLUL,exact,GLUL
1187,RNASEL,exact,RNASEL
1188,NPL,exact,NPL
1189,DHX9,exact,DHX9
1190,SMG7,exact,SMG7
1191,ARPC5,exact,ARPC5
1192,RGL1,exact,RGL1
1193,COLGALT2,exact,COLGALT2
1194,TSEN15,exact,TSEN15
1195,C1orf21,exact,C1orf21
1196,EDEM3,exact,EDEM3
1197,FAM129A,official_alias,FAM129A
1198,RNF2,exact,RNF2
1199,TRMT1L,exact,TRMT1L
1200,SWT1,exact,SWT1
1201,IVNS1ABP,exact,IVNS1ABP
1202,AL078644.2,unmatched,
1203,TPR,exact,TPR
1204,ODR4,exact,ODR4
1205,OCLM,unmatched,
1206,AL596220.1,unmatched,
1207,AL096803.3,unmatched,
1208,ERVMER61-1,exact,ERVMER61-1
1209,AL390957.1,unmatched,
1210,RGS1,exact,RGS1
1211,AL136454.1,unmatched,
1212,RGS2,exact,RGS2
1213,UCHL5,exact,UCHL5
1214,TROVE2,official_alias,TROVE2
1215,GLRX2,exact,GLRX2
1216,CDC73,exact,CDC73
1217,B3GALT2,exact,B3GALT2
1218,CFH,exact,CFH
1219,ASPM,exact,ASPM
1220,ZBTB41,exact,ZBTB41
1221,DENND1B,exact,DENND1B
1222,NEK7,exact,NEK7
1223,PTPRC,exact,PTPRC
1224,AL157402.2,unmatched,
1225,MIR181A1HG,exact,MIR181A1HG
1226,LINC00862,exact,LINC00862
1227,ZNF281,exact,ZNF281
1228,DDX59,exact,DDX59
1229,CAMSAP2,exact,CAMSAP2
1230,KIF21B,exact,KIF21B
1231,ASCL5,exact,ASCL5
1232,TMEM9,exact,TMEM9
1233,CSRP1,exact,CSRP1
1234,AC096677.1,unmatched,
1235,NAV1,exact,NAV1
1236,IPO9-AS1,exact,IPO9-AS1
1237,IPO9,exact,IPO9
1238,SHISA4,exact,SHISA4
1239,TIMM17A,exact,TIMM17A
1240,RNPEP,exact,RNPEP
1241,ARL8A,exact,ARL8A
1242,PTPN7,exact,PTPN7
1243,LGR6,exact,LGR6
1244,UBE2T,exact,UBE2T
1245,PPP1R12B,exact,PPP1R12B
1246,AC104463.2,unmatched,
1247,KDM5B,exact,KDM5B
1248,RABIF,exact,RABIF
1249,KLHL12,exact,KLHL12
1250,ADIPOR1,exact,ADIPOR1
1251,CYB5R1,exact,CYB5R1
1252,TMEM183A,exact,TMEM183A
1253,BTG2,exact,BTG2
1254,ATP2B4,exact,ATP2B4
1255,LAX1,exact,LAX1
1256,ZC3H11A,exact,ZC3H11A
1257,ZBED6,exact,ZBED6
1258,SNRPE,exact,SNRPE
1259,SOX13,exact,SOX13
1260,ETNK2,exact,ETNK2
1261,PLEKHA6,exact,PLEKHA6
1262,PPP1R15B,exact,PPP1R15B
1263,PIK3C2B,exact,PIK3C2B
1264,MDM4,exact,MDM4
1265,AL512306.3,unmatched,
1266,LRRN2,exact,LRRN2
1267,AL512306.2,unmatched,
1268,CNTN2,exact,CNTN2
1269,TMEM81,exact,TMEM81
1270,RBBP5,exact,RBBP5
1271,DSTYK,exact,DSTYK
1272,TMCC2,exact,TMCC2
1273,NUAK2,exact,NUAK2
1274,CDK18,exact,CDK18
1275,MFSD4A,exact,MFSD4A
1276,ELK4,exact,ELK4
1277,NUCKS1,exact,NUCKS1
1278,RAB29,exact,RAB29
1279,SLC41A1,exact,SLC41A1
1280,FAM72A,exact,FAM72A
1281,SRGAP2,exact,SRGAP2
1282,IKBKE,exact,IKBKE
1283,AC244034.2,unmatched,
1284,RASSF5,exact,RASSF5
1285,EIF2D,exact,EIF2D
1286,AL591846.2,unmatched,
1287,MAPKAPK2,exact,MAPKAPK2
1288,IL10,exact,IL10
1289,IL20,exact,IL20
1290,IL24,exact,IL24
1291,FCMR,exact,FCMR
1292,PFKFB2,exact,PFKFB2
1293,YOD1,exact,YOD1
1294,C4BPB,exact,C4BPB
1295,CD55,exact,CD55
1296,CR2,exact,CR2
1297,CR1,exact,CR1
1298,CD46,exact,CD46
1299,MIR29B2CHG,exact,MIR29B2CHG
1300,CD34,exact,CD34
1301,PLXNA2,exact,PLXNA2
1302,AL031316.1,unmatched,
1303,TRAF3IP3,exact,TRAF3IP3
1304,C1orf74,exact,C1orf74
1305,UTP25,exact,UTP25
1306,HHAT,exact,HHAT
1307,RCOR3,exact,RCOR3
1308,TRAF5,exact,TRAF5
1309,LINC00467,exact,LINC00467
1310,SLC30A1,exact,SLC30A1
1311,NEK2,exact,NEK2
1312,LPGAT1,exact,LPGAT1
1313,INTS7,exact,INTS7
1314,PPP2R5A,exact,PPP2R5A
1315,AL360091.3,unmatched,
1316,TMEM206,official_alias,TMEM206
1317,NENF,exact,NENF
1318,AC092803.2,unmatched,
1319,BATF3,exact,BATF3
1320,NSL1,exact,NSL1
1321,TATDN3,exact,TATDN3
1322,FLVCR1-DT,exact,FLVCR1-DT
1323,FLVCR1,exact,FLVCR1
1324,VASH2,exact,VASH2
1325,ANGEL2,exact,ANGEL2
1326,RPS6KC1,exact,RPS6KC1
1327,SMYD2,exact,SMYD2
1328,PTPN14,exact,PTPN14
1329,CENPF,exact,CENPF
1330,KCTD3,exact,KCTD3
1331,GPATCH2,exact,GPATCH2
1332,RRP15,exact,RRP15
1333,LYPLAL1-DT,exact,LYPLAL1-DT
1334,LYPLAL1,exact,LYPLAL1
1335,AC096642.1,unmatched,
1336,ZC3H11B,exact,ZC3H11B
1337,EPRS,official_alias,EPRS
1338,BPNT1,exact,BPNT1
1339,IARS2,exact,IARS2
1340,RAB3GAP2,exact,RAB3GAP2
1341,C1orf115,exact,C1orf115
1342,DUSP10,exact,DUSP10
1343,AL513314.2,unmatched,
1344,TAF1A,exact,TAF1A
1345,TAF1A-AS1,exact,TAF1A-AS1
1346,MIA3,exact,MIA3
1347,AL592148.3,unmatched,
1348,AIDA,exact,AIDA
1349,BROX,exact,BROX
1350,AL392172.1,unmatched,
1351,DISP1,exact,DISP1
1352,TLR5,exact,TLR5
1353,SUSD4,exact,SUSD4
1354,CAPN2,exact,CAPN2
1355,TP53BP2,exact,TP53BP2
1356,AC138393.3,unmatched,
1357,FBXO28,exact,FBXO28
1358,DEGS1,exact,DEGS1
1359,NVL,exact,NVL
1360,CNIH4,exact,CNIH4
1361,WDR26,exact,WDR26
1362,CNIH3,exact,CNIH3
1363,DNAH14,exact,DNAH14
1364,LBR,exact,LBR
1365,ENAH,exact,ENAH
1366,SRP9,exact,SRP9
1367,EPHX1,exact,EPHX1
1368,AL591895.1,unmatched,
1369,TMEM63A,exact,TMEM63A
1370,PYCR2,exact,PYCR2
1371,LEFTY2,exact,LEFTY2
1372,SDE2,exact,SDE2
1373,AL512343.2,unmatched,
1374,H3F3A,official_alias,H3F3A
1375,LINC01703,exact,LINC01703
1376,ACBD3,exact,ACBD3
1377,MIXL1,exact,MIXL1
1378,LIN9,exact,LIN9
1379,PARP1,exact,PARP1
1380,ITPKB,exact,ITPKB
1381,ITPKB-AS1,exact,ITPKB-AS1
1382,PSEN2,exact,PSEN2
1383,COQ8A,exact,COQ8A
1384,CDC42BPA,exact,CDC42BPA
1385,ZNF678,exact,ZNF678
1386,SNAP47,exact,SNAP47
1387,JMJD4,exact,JMJD4
1388,AL136379.1,unmatched,
1389,ARF1,exact,ARF1
1390,C1orf35,exact,C1orf35
1391,MRPL55,exact,MRPL55
1392,GUK1,exact,GUK1
1393,GJC2,exact,GJC2
1394,IBA57,exact,IBA57
1395,OBSCN-AS1,exact,OBSCN-AS1
1396,OBSCN,exact,OBSCN
1397,AL353593.1,unmatched,
1398,TRIM11,exact,TRIM11
1399,TRIM17,exact,TRIM17
1400,HIST3H2A,unmatched,
1401,HIST3H2BB,unmatched,
1402,RNF187,exact,RNF187
1403,RHOU,exact,RHOU
1404,RAB4A,exact,RAB4A
1405,AL117350.1,unmatched,
1406,CCSAP,exact,CCSAP
1407,NUP133,exact,NUP133
1408,ABCB10,exact,ABCB10
1409,TAF5L,exact,TAF5L
1410,URB2,exact,URB2
1411,GALNT2,exact,GALNT2
1412,COG2,exact,COG2
1413,C1orf198,exact,C1orf198
1414,TTC13,exact,TTC13
1415,ARV1,exact,ARV1
1416,FAM89A,exact,FAM89A
1417,C1orf131,exact,C1orf131
1418,GNPAT,exact,GNPAT
1419,EXOC8,exact,EXOC8
1420,SPRTN,exact,SPRTN
1421,EGLN1,exact,EGLN1
1422,AL445524.1,unmatched,
1423,TSNAX,exact,TSNAX
1424,DISC1,exact,DISC1
1425,SIPA1L2,exact,SIPA1L2
1426,MAP10,exact,MAP10
1427,NTPCR,exact,NTPCR
1428,PCNX2,exact,PCNX2
1429,AL355472.4,unmatched,
1430,AL355472.1,unmatched,
1431,COA6,exact,COA6
1432,TARBP1,exact,TARBP1
1433,IRF2BP2,exact,IRF2BP2
1434,AL732292.2,unmatched,
1435,TOMM20,exact,TOMM20
1436,RBM34,exact,RBM34
1437,ARID4B,exact,ARID4B
1438,GGPS1,exact,GGPS1
1439,TBCE,exact,TBCE
1440,AL357556.4,unmatched,
1441,TBCE.1,unmatched,
1442,B3GALNT2,exact,B3GALNT2
1443,LYST,exact,LYST
1444,GPR137B,exact,GPR137B
1445,ERO1B,exact,ERO1B
1446,EDARADD,exact,EDARADD
1447,LGALS8,exact,LGALS8
1448,LGALS8-AS1,exact,LGALS8-AS1
1449,AL359921.2,unmatched,
1450,AL359921.1,unmatched,
1451,HEATR1,exact,HEATR1
1452,MTR,exact,MTR
1453,AL359551.1,unmatched,
1454,CHRM3-AS2,exact,CHRM3-AS2
1455,FH,exact,FH
1456,OPN3,exact,OPN3
1457,CHML,exact,CHML
1458,WDR64,exact,WDR64
1459,CEP170,exact,CEP170
1460,SDCCAG8,exact,SDCCAG8
1461,AKT3,exact,AKT3
1462,ZBTB18,exact,ZBTB18
1463,AL645465.1,unmatched,
1464,ADSS,official_alias,ADSS
1465,CATSPERE,exact,CATSPERE
1466,DESI2,exact,DESI2
1467,COX20,exact,COX20
1468,HNRNPU,exact,HNRNPU
1469,AL356512.1,unmatched,
1470,EFCAB2,exact,EFCAB2
1471,SMYD3,exact,SMYD3
1472,TFB2M,exact,TFB2M
1473,CNST,exact,CNST
1474,AL591848.3,unmatched,
1475,AL591848.2,unmatched,
1476,SCCPDH,exact,SCCPDH
1477,AHCTF1,exact,AHCTF1
1478,ZNF670,exact,ZNF670
1479,ZNF669,exact,ZNF669
1480,ZNF124,exact,ZNF124
1481,AL390728.6,unmatched,
1482,AL390728.5,unmatched,
1483,ZNF496,exact,ZNF496
1484,NLRP3,exact,NLRP3
1485,OR2B11,exact,OR2B11
1486,TRIM58,exact,TRIM58
1487,OR2L8,exact,OR2L8
1488,OR2L2,exact,OR2L2
1489,SH3BP5L,exact,SH3BP5L
1490,ZNF672,exact,ZNF672
1491,ZNF692,exact,ZNF692
1492,PGBD2,exact,PGBD2
1493,SH3YL1,exact,SH3YL1
1494,ACP1,exact,ACP1
1495,TMEM18,exact,TMEM18
1496,AC092159.2,unmatched,
1497,AC116614.1,unmatched,
1498,SNTG2,exact,SNTG2
1499,MYT1L,exact,MYT1L
1500,AC093390.2,unmatched,
1501,EIPR1,exact,EIPR1
1502,TRAPPC12,exact,TRAPPC12
1503,TRAPPC12-AS1,exact,TRAPPC12-AS1
1504,ADI1,exact,ADI1
1505,AC231981.1,unmatched,
1506,AC108488.1,unmatched,
1507,RNASEH1,exact,RNASEH1
1508,RNASEH1-AS1,unmatched,
1509,RPS7,exact,RPS7
1510,CMPK2,exact,CMPK2
1511,RSAD2,exact,RSAD2
1512,AC017076.1,unmatched,
1513,RNF144A,exact,RNF144A
1514,AC010904.2,unmatched,
1515,LINC01871,exact,LINC01871
1516,ID2,exact,ID2
1517,KIDINS220,exact,KIDINS220
1518,ITGB1BP1,exact,ITGB1BP1
1519,CPSF3,exact,CPSF3
1520,IAH1,exact,IAH1
1521,ADAM17,exact,ADAM17
1522,AC080162.1,unmatched,
1523,AC073195.1,unmatched,
1524,YWHAQ,exact,YWHAQ
1525,TAF1B,exact,TAF1B
1526,AC010969.2,unmatched,
1527,GRHL1,exact,GRHL1
1528,AC104794.2,unmatched,
1529,KLF11,exact,KLF11
1530,RRM2,exact,RRM2
1531,HPCAL1,exact,HPCAL1
1532,ODC1,exact,ODC1
1533,AC007249.2,unmatched,
1534,NOL10,exact,NOL10
1535,RN7SL832P,exact,RN7SL832P
1536,PDIA6,exact,PDIA6
1537,C2orf50,exact,C2orf50
1538,PQLC3,official_alias,PQLC3
1539,ROCK2,exact,ROCK2
1540,E2F6,exact,E2F6
1541,GREB1,exact,GREB1
1542,LPIN1,exact,LPIN1
1543,TRIB2,exact,TRIB2
1544,NBAS,exact,NBAS
1545,DDX1,exact,DDX1
1546,FAM49A,official_alias,FAM49A
1547,SMC6,exact,SMC6
1548,GEN1,exact,GEN1
1549,AC079148.1,unmatched,
1550,RDH14,exact,RDH14
1551,LINC01376,exact,LINC01376
1552,LINC00954,exact,LINC00954
1553,TTC32,exact,TTC32
1554,AC013400.1,unmatched,
1555,WDR35,exact,WDR35
1556,LAPTM4A,exact,LAPTM4A
1557,PUM2,exact,PUM2
1558,RHOB,exact,RHOB
1559,HS1BP3,exact,HS1BP3
1560,AC012065.4,unmatched,
1561,LDAH,exact,LDAH
1562,KLHL29,exact,KLHL29
1563,AC009242.1,unmatched,
1564,ATAD2B,exact,ATAD2B
1565,UBXN2A,exact,UBXN2A
1566,WDCP,exact,WDCP
1567,FKBP1B,exact,FKBP1B
1568,SF3B6,exact,SF3B6
1569,FAM228B,exact,FAM228B
1570,PFN4,exact,PFN4
1571,AC008073.1,unmatched,
1572,ITSN2,exact,ITSN2
1573,NCOA1,exact,NCOA1
1574,PTRHD1,exact,PTRHD1
1575,CENPO,exact,CENPO
1576,ADCY3,exact,ADCY3
1577,DNAJC27,exact,DNAJC27
1578,DNAJC27-AS1,exact,DNAJC27-AS1
1579,EFR3B,exact,EFR3B
1580,POMC,exact,POMC
1581,DNMT3A,exact,DNMT3A
1582,AC012074.1,unmatched,
1583,DTNB,exact,DTNB
1584,ASXL2,exact,ASXL2
1585,KIF3C,exact,KIF3C
1586,RAB10,exact,RAB10
1587,GAREM2,exact,GAREM2
1588,HADHA,exact,HADHA
1589,HADHB,exact,HADHB
1590,ADGRF3,exact,ADGRF3
1591,SELENOI,exact,SELENOI
1592,SLC35F6,exact,SLC35F6
1593,MAPRE3,exact,MAPRE3
1594,TMEM214,exact,TMEM214
1595,AGBL5,exact,AGBL5
1596,AC013472.3,unmatched,
1597,AC013403.2,unmatched,
1598,OST4,exact,OST4
1599,EMILIN1,exact,EMILIN1
1600,KHK,exact,KHK
1601,CGREF1,exact,CGREF1
1602,ABHD1,exact,ABHD1
1603,PREB,exact,PREB
1604,SLC5A6,exact,SLC5A6
1605,ATRAID,exact,ATRAID
1606,CAD,exact,CAD
1607,UCN,exact,UCN
1608,MPV17,exact,MPV17
1609,GTF3C2,exact,GTF3C2
1610,GTF3C2-AS1,exact,GTF3C2-AS1
1611,AC074117.1,unmatched,
1612,EIF2B4,exact,EIF2B4
1613,SNX17,exact,SNX17
1614,ZNF513,exact,ZNF513
1615,PPM1G,exact,PPM1G
1616,NRBP1,exact,NRBP1
1617,KRTCAP3,exact,KRTCAP3
1618,IFT172,exact,IFT172
1619,ZNF512,exact,ZNF512
1620,CCDC121,exact,CCDC121
1621,GPN1,exact,GPN1
1622,SUPT7L,exact,SUPT7L
1623,SLC4A1AP,exact,SLC4A1AP
1624,MRPL33,exact,MRPL33
1625,RBKS,exact,RBKS
1626,BABAM2,exact,BABAM2
1627,AC093690.1,unmatched,
1628,FOSL2,exact,FOSL2
1629,PLB1,exact,PLB1
1630,PPP1CB,exact,PPP1CB
1631,SPDYA,exact,SPDYA
1632,TRMT61B,exact,TRMT61B
1633,WDR43,exact,WDR43
1634,TOGARAM2,exact,TOGARAM2
1635,CLIP4,exact,CLIP4
1636,AC016907.2,unmatched,
1637,YPEL5,exact,YPEL5
1638,LBH,exact,LBH
1639,LCLAT1,exact,LCLAT1
1640,EHD3,exact,EHD3
1641,AL121652.1,unmatched,
1642,MEMO1,exact,MEMO1
1643,DPY30,exact,DPY30
1644,SPAST,exact,SPAST
1645,AL121658.1,unmatched,
1646,SLC30A6,exact,SLC30A6
1647,YIPF4,exact,YIPF4
1648,AL133245.1,unmatched,
1649,BIRC6,exact,BIRC6
1650,TTC27,exact,TTC27
1651,RASGRP3,exact,RASGRP3
1652,FAM98A,exact,FAM98A
1653,CRIM1,exact,CRIM1
1654,AC007378.1,unmatched,
1655,FEZ2,exact,FEZ2
1656,STRN,exact,STRN
1657,HEATR5B,exact,HEATR5B
1658,GPATCH11,exact,GPATCH11
1659,EIF2AK2,exact,EIF2AK2
1660,CEBPZOS,exact,CEBPZOS
1661,CEBPZ,exact,CEBPZ
1662,NDUFAF7,exact,NDUFAF7
1663,PRKD3,exact,PRKD3
1664,AC006369.1,unmatched,
1665,CDC42EP3,exact,CDC42EP3
1666,RMDN2,exact,RMDN2
1667,CYP1B1-AS1,exact,CYP1B1-AS1
1668,ATL2,exact,ATL2
1669,HNRNPLL,exact,HNRNPLL
1670,GALM,exact,GALM
1671,SRSF7,exact,SRSF7
1672,GEMIN6,exact,GEMIN6
1673,DHX57,exact,DHX57
1674,MORN2,exact,MORN2
1675,SOS1,exact,SOS1
1676,MAP4K3,exact,MAP4K3
1677,AC007388.1,unmatched,
1678,THUMPD2,exact,THUMPD2
1679,EML4,exact,EML4
1680,COX7A2L,exact,COX7A2L
1681,MTA3,exact,MTA3
1682,LINC02580,exact,LINC02580
1683,ZFP36L2,exact,ZFP36L2
1684,LINC01126,exact,LINC01126
1685,AC010883.1,unmatched,
1686,THADA,exact,THADA
1687,PLEKHH2,exact,PLEKHH2
1688,DYNC2LI1,exact,DYNC2LI1
1689,ABCG8,exact,ABCG8
1690,LRPPRC,exact,LRPPRC
1691,AC019129.2,unmatched,
1692,PPM1B,exact,PPM1B
1693,SLC3A1,exact,SLC3A1
1694,PREPL,exact,PREPL
1695,CAMKMT,exact,CAMKMT
1696,SRBD1,exact,SRBD1
1697,PRKCE,exact,PRKCE
1698,ATP6V1E2,exact,ATP6V1E2
1699,RHOQ,exact,RHOQ
1700,PIGF,exact,PIGF
1701,CRIPT,exact,CRIPT
1702,SOCS5,exact,SOCS5
1703,AC016722.3,unmatched,
1704,LINC01118,exact,LINC01118
1705,LINC01119,exact,LINC01119
1706,AC016722.2,unmatched,
1707,MCFD2,exact,MCFD2
1708,TTC7A,exact,TTC7A
1709,CALM2,exact,CALM2
1710,MSH2,exact,MSH2
1711,KCNK12,exact,KCNK12
1712,MSH6,exact,MSH6
1713,FBXO11,exact,FBXO11
1714,AC079807.1,unmatched,
1715,AC092650.1,unmatched,
1716,FOXN2,exact,FOXN2
1717,AC093635.1,unmatched,
1718,PPP1R21,exact,PPP1R21
1719,STON1,exact,STON1
1720,ASB3,exact,ASB3
1721,CHAC2,exact,CHAC2
1722,ERLEC1,exact,ERLEC1
1723,PSME4,exact,PSME4
1724,ACYP2,exact,ACYP2
1725,AC008280.3,unmatched,
1726,SPTBN1,exact,SPTBN1
1727,AC093110.1,unmatched,
1728,EML6,exact,EML6
1729,RTN4,exact,RTN4
1730,CLHC1,exact,CLHC1
1731,AC012358.1,unmatched,
1732,RPS27A,exact,RPS27A
1733,MTIF2,exact,MTIF2
1734,AC012358.3,unmatched,
1735,CCDC88A,exact,CCDC88A
1736,CFAP36,exact,CFAP36
1737,PPP4R3B,exact,PPP4R3B
1738,AC015982.1,unmatched,
1739,PNPT1,exact,PNPT1
1740,VRK2,exact,VRK2
1741,FANCL,exact,FANCL
1742,BCL11A,exact,BCL11A
1743,PAPOLG,exact,PAPOLG
1744,REL,exact,REL
1745,PUS10,exact,PUS10
1746,PEX13,exact,PEX13
1747,KIAA1841,unmatched,
1748,C2orf74,exact,C2orf74
1749,USP34,exact,USP34
1750,AC016727.1,unmatched,
1751,XPO1,exact,XPO1
1752,FAM161A,exact,FAM161A
1753,CCT4,exact,CCT4
1754,AC107081.2,unmatched,
1755,COMMD1,exact,COMMD1
1756,B3GNT2,exact,B3GNT2
1757,EHBP1,exact,EHBP1
1758,AC009501.1,unmatched,
1759,WDPCP,exact,WDPCP
1760,MDH1,exact,MDH1
1761,UGP2,exact,UGP2
1762,VPS54,exact,VPS54
1763,PELI1,exact,PELI1
1764,AC008074.3,unmatched,
1765,AFTPH,exact,AFTPH
1766,SERTAD2,exact,SERTAD2
1767,LINC02245,exact,LINC02245
1768,SLC1A4,exact,SLC1A4
1769,LINC02576,exact,LINC02576
1770,CEP68,exact,CEP68
1771,RAB1A,exact,RAB1A
1772,ACTR2,exact,ACTR2
1773,LINC01873,exact,LINC01873
1774,ETAA1,exact,ETAA1
1775,C1D,exact,C1D
1776,WDR92,unmatched,
1777,PNO1,exact,PNO1
1778,PPP3R1,exact,PPP3R1
1779,AC017083.2,unmatched,
1780,AC017083.1,unmatched,
1781,PLEK,exact,PLEK
1782,FBXO48,exact,FBXO48
1783,APLF,exact,APLF
1784,ARHGAP25,exact,ARHGAP25
1785,GFPT1,exact,GFPT1
1786,NFU1,exact,NFU1
1787,AAK1,exact,AAK1
1788,ANXA4,exact,ANXA4
1789,GMCL1,exact,GMCL1
1790,SNRNP27,exact,SNRNP27
1791,MXD1,exact,MXD1
1792,PCBP1,exact,PCBP1
1793,LINC01816,exact,LINC01816
1794,C2orf42,exact,C2orf42
1795,TIA1,exact,TIA1
1796,PCYOX1,exact,PCYOX1
1797,SNRPG,exact,SNRPG
1798,FAM136A,exact,FAM136A
1799,ADD2,exact,ADD2
1800,TEX261,exact,TEX261
1801,NAGK,exact,NAGK
1802,AC007881.3,unmatched,
1803,MCEE,exact,MCEE
1804,MPHOSPH10,exact,MPHOSPH10
1805,PAIP2B,exact,PAIP2B
1806,ZNF638,exact,ZNF638
1807,AC007878.1,unmatched,
1808,DYSF,exact,DYSF
1809,EXOC6B,exact,EXOC6B
1810,SPR,exact,SPR
1811,SFXN5,exact,SFXN5
1812,RAB11FIP5,exact,RAB11FIP5
1813,SMYD5,exact,SMYD5
1814,PRADC1,exact,PRADC1
1815,CCT7,exact,CCT7
1816,FBXO41,exact,FBXO41
1817,ALMS1,exact,ALMS1
1818,TPRKB,exact,TPRKB
1819,AC092653.1,unmatched,
1820,DUSP11,exact,DUSP11
1821,STAMBP,exact,STAMBP
1822,DGUOK,exact,DGUOK
1823,DGUOK-AS1,exact,DGUOK-AS1
1824,AC073046.1,unmatched,
1825,TET3,exact,TET3
1826,BOLA3,exact,BOLA3
1827,BOLA3-AS1,unmatched,
1828,MOB1A,exact,MOB1A
1829,AC073263.2,unmatched,
1830,MTHFD2,exact,MTHFD2
1831,AC006030.1,unmatched,
1832,SLC4A5,exact,SLC4A5
1833,DCTN1,exact,DCTN1
1834,AC005041.1,unmatched,
1835,C2orf81,exact,C2orf81
1836,WDR54,exact,WDR54
1837,RTKN,exact,RTKN
1838,INO80B,exact,INO80B
1839,WBP1,exact,WBP1
1840,MOGS,exact,MOGS
1841,MRPL53,exact,MRPL53
1842,CCDC142,exact,CCDC142
1843,TTC31,exact,TTC31
1844,LBX2,exact,LBX2
1845,LBX2-AS1,exact,LBX2-AS1
1846,PCGF1,exact,PCGF1
1847,AUP1,exact,AUP1
1848,HTRA2,exact,HTRA2
1849,DOK1,exact,DOK1
1850,SEMA4F,exact,SEMA4F
1851,AC019069.1,unmatched,
1852,HK2,exact,HK2
1853,AC104135.1,unmatched,
1854,POLE4,exact,POLE4
1855,AC007681.1,unmatched,
1856,EVA1A,exact,EVA1A
1857,MRPL19,exact,MRPL19
1858,GCFC2,exact,GCFC2
1859,AC005034.3,unmatched,
1860,SUCLG1,exact,SUCLG1
1861,DNAH6,exact,DNAH6
1862,TRABD2A,exact,TRABD2A
1863,TMSB10,exact,TMSB10
1864,KCMF1,exact,KCMF1
1865,TGOLN2,exact,TGOLN2
1866,RETSAT,exact,RETSAT
1867,ELMOD3,exact,ELMOD3
1868,CAPG,exact,CAPG
1869,MAT2A,exact,MAT2A
1870,GGCX,exact,GGCX
1871,VAMP8,exact,VAMP8
1872,VAMP5,exact,VAMP5
1873,RNF181,exact,RNF181
1874,TMEM150A,exact,TMEM150A
1875,USP39,exact,USP39
1876,C2orf68,exact,C2orf68
1877,GNLY,exact,GNLY
1878,ST3GAL5,exact,ST3GAL5
1879,ST3GAL5-AS1,exact,ST3GAL5-AS1
1880,POLR1A,exact,POLR1A
1881,PTCD3,exact,PTCD3
1882,IMMT,exact,IMMT
1883,AC009309.1,unmatched,
1884,MRPL35,exact,MRPL35
1885,REEP1,exact,REEP1
1886,KDM3A,exact,KDM3A
1887,CHMP3,exact,CHMP3
1888,RNF103,exact,RNF103
1889,RMND5A,exact,RMND5A
1890,CD8A,exact,CD8A
1891,CD8B,exact,CD8B
1892,PLGLB1,exact,PLGLB1
1893,LINC01943,exact,LINC01943
1894,CYTOR,exact,CYTOR
1895,AC133644.2,unmatched,
1896,RGPD2,exact,RGPD2
1897,KRCC1,exact,KRCC1
1898,THNSL2,exact,THNSL2
1899,EIF2AK3,exact,EIF2AK3
1900,AC062029.1,unmatched,
1901,RPIA,exact,RPIA
1902,ANKRD20A8P,exact,ANKRD20A8P
1903,AC103563.7,unmatched,
1904,MAL,exact,MAL
1905,MRPS5,exact,MRPS5
1906,ZNF514,exact,ZNF514
1907,ZNF2,exact,ZNF2
1908,AC092835.1,unmatched,
1909,FAHD2A,exact,FAHD2A
1910,AC009237.14,unmatched,
1911,LINC00342,exact,LINC00342
1912,ANKRD36C,exact,ANKRD36C
1913,GPAT2,exact,GPAT2
1914,DUSP2,exact,DUSP2
1915,STARD7,exact,STARD7
1916,TMEM127,exact,TMEM127
1917,CIAO1,exact,CIAO1
1918,SNRNP200,exact,SNRNP200
1919,AC021188.1,unmatched,
1920,ITPRIPL1,exact,ITPRIPL1
1921,NCAPH,exact,NCAPH
1922,NEURL3,exact,NEURL3
1923,ARID5A,exact,ARID5A
1924,KANSL3,exact,KANSL3
1925,LMAN2L,exact,LMAN2L
1926,CNNM4,exact,CNNM4
1927,CNNM3-DT,exact,CNNM3-DT
1928,CNNM3,exact,CNNM3
1929,ANKRD23,exact,ANKRD23
1930,ANKRD39,exact,ANKRD39
1931,SEMA4C,exact,SEMA4C
1932,FAM178B,exact,FAM178B
1933,FAHD2B,exact,FAHD2B
1934,ANKRD36,exact,ANKRD36
1935,AC092683.1,unmatched,
1936,AC092683.2,unmatched,
1937,ANKRD36B,exact,ANKRD36B
1938,COX5B,exact,COX5B
1939,ACTR1B,exact,ACTR1B
1940,C2orf92,exact,C2orf92
1941,ZAP70,exact,ZAP70
1942,TMEM131,exact,TMEM131
1943,INPP4A,exact,INPP4A
1944,COA5,exact,COA5
1945,UNC50,exact,UNC50
1946,MGAT4A,exact,MGAT4A
1947,AC109826.1,unmatched,
1948,KIAA1211L,official_alias,KIAA1211L
1949,TSGA10,exact,TSGA10
1950,C2orf15,exact,C2orf15
1951,AC079447.1,unmatched,
1952,LIPT1,exact,LIPT1
1953,AC092587.1,unmatched,
1954,MITD1,exact,MITD1
1955,MRPL30,exact,MRPL30
1956,LYG2,exact,LYG2
1957,LYG1,exact,LYG1
1958,TXNDC9,exact,TXNDC9
1959,EIF5B,exact,EIF5B
1960,REV1,exact,REV1
1961,AC018690.1,unmatched,
1962,AFF3,exact,AFF3
1963,CHST10,exact,CHST10
1964,PDCL3,exact,PDCL3
1965,NPAS2,exact,NPAS2
1966,RPL31,exact,RPL31
1967,CNOT11,exact,CNOT11
1968,RNF149,exact,RNF149
1969,MAP4K4,exact,MAP4K4
1970,IL18R1,exact,IL18R1
1971,IL18RAP,exact,IL18RAP
1972,MFSD9,exact,MFSD9
1973,TMEM182,exact,TMEM182
1974,MRPS9,exact,MRPS9
1975,TGFBRAP1,exact,TGFBRAP1
1976,AC012360.1,unmatched,
1977,AC012360.3,unmatched,
1978,C2orf49,exact,C2orf49
1979,FHL2,exact,FHL2
1980,NCK2,exact,NCK2
1981,AC010978.1,unmatched,
1982,C2orf40,official_alias,C2orf40
1983,UXS1,exact,UXS1
1984,CD8B2,exact,CD8B2
1985,SULT1C4,exact,SULT1C4
1986,GCC2,exact,GCC2
1987,GCC2-AS1,exact,GCC2-AS1
1988,LIMS1,exact,LIMS1
1989,RANBP2,exact,RANBP2
1990,CCDC138,exact,CCDC138
1991,EDAR,exact,EDAR
1992,SH3RF3-AS1,exact,SH3RF3-AS1
1993,SH3RF3,exact,SH3RF3
1994,RGPD5,exact,RGPD5
1995,NPHP1,exact,NPHP1
1996,SMIM37,official_alias,SMIM37
1997,BUB1,exact,BUB1
1998,MIR4435-2HG,exact,MIR4435-2HG
1999,BCL2L11,exact,BCL2L11
2000,AC108463.3,unmatched,
2001,AC068491.3,unmatched,
2002,AC017002.3,unmatched,
2003,ANAPC1,exact,ANAPC1
2004,TMEM87B,exact,TMEM87B
2005,FBLN7,exact,FBLN7
2006,ZC3H8,exact,ZC3H8
2007,ZC3H6,exact,ZC3H6
2008,RGPD8,exact,RGPD8
2009,TTL,exact,TTL
2010,POLR1B,exact,POLR1B
2011,CHCHD5,exact,CHCHD5
2012,AC012442.1,unmatched,
2013,AC079922.2,unmatched,
2014,SLC20A1,exact,SLC20A1
2015,PSD4,exact,PSD4
2016,PAX8,exact,PAX8
2017,AC016745.2,unmatched,
2018,CBWD2,unmatched,
2019,RABL2A,exact,RABL2A
2020,SLC35F5,exact,SLC35F5
2021,AC104653.1,unmatched,
2022,AC110769.2,unmatched,
2023,ACTR3,exact,ACTR3
2024,DDX18,exact,DDX18
2025,AC009404.1,unmatched,
2026,CCDC93,exact,CCDC93
2027,INSIG2,exact,INSIG2
2028,AC093901.1,unmatched,
2029,C2orf76,exact,C2orf76
2030,DBI,exact,DBI
2031,TMEM177,exact,TMEM177
2032,PTPN4,exact,PTPN4
2033,EPB41L5,exact,EPB41L5
2034,TMEM185B,exact,TMEM185B
2035,RALB,exact,RALB
2036,CLASP1,exact,CLASP1
2037,NIFK-AS1,exact,NIFK-AS1
2038,NIFK,exact,NIFK
2039,TSN,exact,TSN
2040,GYPC,exact,GYPC
2041,BIN1,exact,BIN1
2042,ERCC3,exact,ERCC3
2043,MAP3K2,exact,MAP3K2
2044,AC068282.1,unmatched,
2045,IWS1,exact,IWS1
2046,LIMS2,exact,LIMS2
2047,WDR33,exact,WDR33
2048,SFT2D3,exact,SFT2D3
2049,POLR2D,exact,POLR2D
2050,AMMECR1L,exact,AMMECR1L
2051,AC012306.2,unmatched,
2052,SAP130,exact,SAP130
2053,UGGT1,exact,UGGT1
2054,HS6ST1,exact,HS6ST1
2055,SMPD4,exact,SMPD4
2056,MZT2B,exact,MZT2B
2057,CCDC115,exact,CCDC115
2058,IMP4,exact,IMP4
2059,PTPN18,exact,PTPN18
2060,ARHGEF4,exact,ARHGEF4
2061,FAM168B,exact,FAM168B
2062,PLEKHB2,exact,PLEKHB2
2063,MZT2A,exact,MZT2A
2064,CCDC74A,exact,CCDC74A
2065,C2orf27B,official_alias,C2orf27B
2066,MGAT5,exact,MGAT5
2067,CCNT2-AS1,exact,CCNT2-AS1
2068,CCNT2,exact,CCNT2
2069,RAB3GAP1,exact,RAB3GAP1
2070,ZRANB3,exact,ZRANB3
2071,R3HDM1,exact,R3HDM1
2072,UBXN4,exact,UBXN4
2073,MCM6,exact,MCM6
2074,DARS,official_alias,DARS
2075,DARS-AS1,unmatched,
2076,CXCR4,exact,CXCR4
2077,SPOPL,exact,SPOPL
2078,ARHGAP15,exact,ARHGAP15
2079,AC096558.1,unmatched,
2080,AC079793.1,unmatched,
2081,AC092652.1,unmatched,
2082,AC092652.2,unmatched,
2083,GTDC1,exact,GTDC1
2084,ZEB2,exact,ZEB2
2085,ACVR2A,exact,ACVR2A
2086,ORC4,exact,ORC4
2087,MBD5,exact,MBD5
2088,EPC2,exact,EPC2
2089,KIF5C,exact,KIF5C
2090,MMADHC,exact,MMADHC
2091,RBM43,exact,RBM43
2092,NMI,exact,NMI
2093,RIF1,exact,RIF1
2094,NEB,exact,NEB
2095,ARL5A,exact,ARL5A
2096,CACNB4,exact,CACNB4
2097,STAM2,exact,STAM2
2098,FMNL2,exact,FMNL2
2099,PRPF40A,exact,PRPF40A
2100,ARL6IP6,exact,ARL6IP6
2101,LINC01876,exact,LINC01876
2102,NR4A2,exact,NR4A2
2103,GPD2,exact,GPD2
2104,ERMN,exact,ERMN
2105,CYTIP,exact,CYTIP
2106,ACVR1C,exact,ACVR1C
2107,ACVR1,exact,ACVR1
2108,AC013731.1,unmatched,
2109,PKP4,exact,PKP4
2110,DAPL1,exact,DAPL1
2111,WDSUB1,exact,WDSUB1
2112,BAZ2B,exact,BAZ2B
2113,AC009961.1,unmatched,
2114,MARCH7,official_alias,MARCH7
2115,CD302,exact,CD302
2116,LY75,exact,LY75
2117,RBMS1,exact,RBMS1
2118,TANK,exact,TANK
2119,LINC01806,exact,LINC01806
2120,PSMD14,exact,PSMD14
2121,DPP4,exact,DPP4
2122,IFIH1,exact,IFIH1
2123,GCA,exact,GCA
2124,GALNT3,exact,GALNT3
2125,TTC21B,exact,TTC21B
2126,STK39,exact,STK39
2127,CERS6,exact,CERS6
2128,BBS5,exact,BBS5
2129,FASTKD1,exact,FASTKD1
2130,PPIG,exact,PPIG
2131,PHOSPHO2,exact,PHOSPHO2
2132,KLHL23,exact,KLHL23
2133,SSB,exact,SSB
2134,METTL5,exact,METTL5
2135,UBR3,exact,UBR3
2136,GORASP2,exact,GORASP2
2137,TLK1,exact,TLK1
2138,METTL8,exact,METTL8
2139,DCAF17,exact,DCAF17
2140,DYNC1I2,exact,DYNC1I2
2141,SLC25A12,exact,SLC25A12
2142,HAT1,exact,HAT1
2143,METAP1D,exact,METAP1D
2144,ITGA6,exact,ITGA6
2145,AC078883.3,unmatched,
2146,AC078883.1,unmatched,
2147,PDK1,exact,PDK1
2148,MAP3K20,exact,MAP3K20
2149,CDCA7,exact,CDCA7
2150,SP3,exact,SP3
2151,AC016737.1,unmatched,
2152,OLA1,exact,OLA1
2153,CIR1,exact,CIR1
2154,SCRN3,exact,SCRN3
2155,GPR155,exact,GPR155
2156,WIPF1,exact,WIPF1
2157,ATF2,exact,ATF2
2158,ATP5MC3,exact,ATP5MC3
2159,LNPK,exact,LNPK
2160,MTX2,exact,MTX2
2161,LINC01116,exact,LINC01116
2162,HNRNPA3,exact,HNRNPA3
2163,NFE2L2,exact,NFE2L2
2164,AC079305.1,unmatched,
2165,AGPS,exact,AGPS
2166,TTC30B,unmatched,
2167,TTC30A,unmatched,
2168,RBM45,exact,RBM45
2169,AC009948.1,unmatched,
2170,PRKRA,exact,PRKRA
2171,PJVK,exact,PJVK
2172,FKBP7,exact,FKBP7
2173,PLEKHA3,exact,PLEKHA3
2174,TTN-AS1,exact,TTN-AS1
2175,TTN,exact,TTN
2176,AC009948.4,unmatched,
2177,AC009948.3,unmatched,
2178,AC010680.3,unmatched,
2179,AC010680.2,unmatched,
2180,AC010680.4,unmatched,
2181,AC010680.5,unmatched,
2182,AC010680.1,unmatched,
2183,CCDC141,exact,CCDC141
2184,SESTD1,exact,SESTD1
2185,CWC22,exact,CWC22
2186,UBE2E3,exact,UBE2E3
2187,LINC01934,exact,LINC01934
2188,ITGA4,exact,ITGA4
2189,CERKL,exact,CERKL
2190,AC009962.1,unmatched,
2191,SSFA2,official_alias,SSFA2
2192,DNAJC10,exact,DNAJC10
2193,NCKAP1,exact,NCKAP1
2194,DUSP19,exact,DUSP19
2195,NUP35,exact,NUP35
2196,AC021851.1,unmatched,
2197,FSIP2,exact,FSIP2
2198,FSIP2-AS1,exact,FSIP2-AS1
2199,LINC01473,exact,LINC01473
2200,AC017071.1,unmatched,
2201,ZC3H15,exact,ZC3H15
2202,ITGAV,exact,ITGAV
2203,WDR75,exact,WDR75
2204,SLC40A1,exact,SLC40A1
2205,ASNSD1,exact,ASNSD1
2206,ANKAR,exact,ANKAR
2207,OSGEPL1,exact,OSGEPL1
2208,AC013468.1,unmatched,
2209,ORMDL1,exact,ORMDL1
2210,PMS1,exact,PMS1
2211,C2orf88,exact,C2orf88
2212,HIBCH,exact,HIBCH
2213,INPP1,exact,INPP1
2214,MFSD6,exact,MFSD6
2215,AC093388.1,unmatched,
2216,NEMP2,exact,NEMP2
2217,AC108047.1,unmatched,
2218,NAB1,exact,NAB1
2219,AC005540.1,unmatched,
2220,GLS,exact,GLS
2221,STAT1,exact,STAT1
2222,STAT4,exact,STAT4
2223,NABP1,exact,NABP1
2224,AC064834.1,unmatched,
2225,LINC01825,exact,LINC01825
2226,SLC39A10,exact,SLC39A10
2227,DNAH7,exact,DNAH7
2228,STK17B,exact,STK17B
2229,AC114760.2,unmatched,
2230,AC020571.1,unmatched,
2231,CCDC150,exact,CCDC150
2232,GTF3C3,exact,GTF3C3
2233,PGAP1,exact,PGAP1
2234,ANKRD44,exact,ANKRD44
2235,AC013264.1,unmatched,
2236,AC010746.1,unmatched,
2237,SF3B1,exact,SF3B1
2238,COQ10B,exact,COQ10B
2239,HSPD1,exact,HSPD1
2240,HSPE1,exact,HSPE1
2241,MOB4,exact,MOB4
2242,RFTN2,exact,RFTN2
2243,AC011997.1,unmatched,
2244,MARS2,exact,MARS2
2245,PLCL1,exact,PLCL1
2246,FTCDNL1,exact,FTCDNL1
2247,C2orf69,exact,C2orf69
2248,TYW5,exact,TYW5
2249,MAIP1,exact,MAIP1
2250,SPATS2L,exact,SPATS2L
2251,KCTD18,exact,KCTD18
2252,SGO2,exact,SGO2
2253,BZW1,exact,BZW1
2254,CLK1,exact,CLK1
2255,PPIL3,exact,PPIL3
2256,NIF3L1,exact,NIF3L1
2257,ORC2,exact,ORC2
2258,AC005037.1,unmatched,
2259,FAM126B,unmatched,
2260,NDUFB3,exact,NDUFB3
2261,AC007272.1,unmatched,
2262,CFLAR,exact,CFLAR
2263,CFLAR-AS1,exact,CFLAR-AS1
2264,CASP10,exact,CASP10
2265,CASP8,exact,CASP8
2266,ALS2CR12,official_alias,ALS2CR12
2267,TRAK2,exact,TRAK2
2268,STRADB,exact,STRADB
2269,TMEM237,exact,TMEM237
2270,MPP4,exact,MPP4
2271,ALS2,exact,ALS2
2272,KIAA2012,exact,KIAA2012
2273,SUMO1,exact,SUMO1
2274,NOP58,exact,NOP58
2275,AC064836.2,unmatched,
2276,AC064836.3,unmatched,
2277,BMPR2,exact,BMPR2
2278,FAM117B,exact,FAM117B
2279,ICA1L,exact,ICA1L
2280,WDR12,exact,WDR12
2281,CARF,exact,CARF
2282,NBEAL1,exact,NBEAL1
2283,CYP20A1,exact,CYP20A1
2284,ABI2,exact,ABI2
2285,RAPH1,exact,RAPH1
2286,CD28,exact,CD28
2287,CTLA4,exact,CTLA4
2288,ICOS,exact,ICOS
2289,PARD3B,exact,PARD3B
2290,INO80D,exact,INO80D
2291,AC007383.2,unmatched,
2292,NDUFS1,exact,NDUFS1
2293,AC007383.3,unmatched,
2294,EEF1B2,exact,EEF1B2
2295,ZDBF2,exact,ZDBF2
2296,MDH1B,exact,MDH1B
2297,FASTKD2,exact,FASTKD2
2298,AC008269.1,unmatched,
2299,KLF7,exact,KLF7
2300,AC007879.3,unmatched,
2301,CREB1,exact,CREB1
2302,METTL21A,exact,METTL21A
2303,CCNYL1,exact,CCNYL1
2304,FZD5,exact,FZD5
2305,PLEKHM3,exact,PLEKHM3
2306,IDH1,exact,IDH1
2307,IDH1-AS1,exact,IDH1-AS1
2308,PIKFYVE,exact,PIKFYVE
2309,RPE,exact,RPE
2310,KANSL1L,exact,KANSL1L
2311,AC007038.2,unmatched,
2312,AC007038.1,unmatched,
2313,LANCL1,exact,LANCL1
2314,CPS1,exact,CPS1
2315,IKZF2,exact,IKZF2
2316,AC079610.2,unmatched,
2317,SPAG16,exact,SPAG16
2318,AC068051.1,unmatched,
2319,BARD1,exact,BARD1
2320,ATIC,exact,ATIC
2321,FN1,exact,FN1
2322,AC093382.1,unmatched,
2323,MREG,exact,MREG
2324,PECR,exact,PECR
2325,TMEM169,exact,TMEM169
2326,XRCC5,exact,XRCC5
2327,LINC01963,exact,LINC01963
2328,SMARCAL1,exact,SMARCAL1
2329,RPL37A,exact,RPL37A
2330,IGFBP2,exact,IGFBP2
2331,DIRC3,exact,DIRC3
2332,ARPC2,exact,ARPC2
2333,AAMP,exact,AAMP
2334,PNKD,exact,PNKD
2335,TMBIM1,exact,TMBIM1
2336,SLC11A1,exact,SLC11A1
2337,CTDSP1,exact,CTDSP1
2338,AC021016.3,unmatched,
2339,VIL1,exact,VIL1
2340,USP37,exact,USP37
2341,CNOT9,exact,CNOT9
2342,AC012510.1,unmatched,
2343,ZNF142,exact,ZNF142
2344,BCS1L,exact,BCS1L
2345,RNF25,exact,RNF25
2346,STK36,exact,STK36
2347,TTLL4,exact,TTLL4
2348,WNT6,exact,WNT6
2349,AC097468.3,unmatched,
2350,SLC23A3,exact,SLC23A3
2351,CNPPD1,exact,CNPPD1
2352,RETREG2,exact,RETREG2
2353,ZFAND2B,exact,ZFAND2B
2354,ATG9A,exact,ATG9A
2355,ANKZF1,exact,ANKZF1
2356,GLB1L,exact,GLB1L
2357,STK16,exact,STK16
2358,TUBA4A,exact,TUBA4A
2359,DNAJB2,exact,DNAJB2
2360,DNPEP,unmatched,
2361,SPEG,exact,SPEG
2362,GMPPA,exact,GMPPA
2363,CHPF,exact,CHPF
2364,STK11IP,exact,STK11IP
2365,EPHA4,exact,EPHA4
2366,SGPP2,exact,SGPP2
2367,AC097461.1,unmatched,
2368,FARSB,exact,FARSB
2369,ACSL3,exact,ACSL3
2370,AP1S3,exact,AP1S3
2371,WDFY1,exact,WDFY1
2372,MRPL44,exact,MRPL44
2373,SERPINE2,exact,SERPINE2
2374,CUL3,exact,CUL3
2375,DOCK10,exact,DOCK10
2376,NYAP2,exact,NYAP2
2377,IRS1,exact,IRS1
2378,RHBDD1,exact,RHBDD1
2379,AC097662.1,unmatched,
2380,MFF,exact,MFF
2381,AGFG1,exact,AGFG1
2382,SLC19A3,exact,SLC19A3
2383,TRIP12,exact,TRIP12
2384,FBXO36,exact,FBXO36
2385,AC009950.1,unmatched,
2386,SP110,exact,SP110
2387,SP140,exact,SP140
2388,SP140L,exact,SP140L
2389,SP100,exact,SP100
2390,CAB39,exact,CAB39
2391,ITM2C,exact,ITM2C
2392,GPR55,exact,GPR55
2393,PSMD1,exact,PSMD1
2394,HTR2B,exact,HTR2B
2395,ARMC9,exact,ARMC9
2396,AC017104.3,unmatched,
2397,NCL,exact,NCL
2398,LINC00471,exact,LINC00471
2399,PTMA,exact,PTMA
2400,PDE6D,exact,PDE6D
2401,COPS7B,exact,COPS7B
2402,DIS3L2,exact,DIS3L2
2403,TIGD1,exact,TIGD1
2404,EIF4E2,exact,EIF4E2
2405,EFHD1,exact,EFHD1
2406,GIGYF2,exact,GIGYF2
2407,SNORC,exact,SNORC
2408,INPP5D,exact,INPP5D
2409,ATG16L1,exact,ATG16L1
2410,SAG,exact,SAG
2411,AC013726.1,unmatched,
2412,DGKD,exact,DGKD
2413,USP40,exact,USP40
2414,SPP2,exact,SPP2
2415,LINC01891,exact,LINC01891
2416,ARL4C,exact,ARL4C
2417,AGAP1,exact,AGAP1
2418,IQCA1,exact,IQCA1
2419,ACKR3,exact,ACKR3
2420,AC105760.2,unmatched,
2421,COPS8,exact,COPS8
2422,COL6A3,exact,COL6A3
2423,LRRFIP1,exact,LRRFIP1
2424,RBM44,exact,RBM44
2425,UBE2F,exact,UBE2F
2426,SCLY,exact,SCLY
2427,ERFE,exact,ERFE
2428,ILKAP,exact,ILKAP
2429,HES6,exact,HES6
2430,PER2,exact,PER2
2431,TRAF3IP1,exact,TRAF3IP1
2432,ASB1,exact,ASB1
2433,HDAC4,exact,HDAC4
2434,AC062017.1,unmatched,
2435,NDUFA10,exact,NDUFA10
2436,COPS9,exact,COPS9
2437,GPC1,exact,GPC1
2438,ANKMY1,exact,ANKMY1
2439,DUSP28,exact,DUSP28
2440,RNPEPL1,exact,RNPEPL1
2441,CAPN10-DT,exact,CAPN10-DT
2442,CAPN10,exact,CAPN10
2443,GPR35,exact,GPR35
2444,SNED1,exact,SNED1
2445,MTERF4,exact,MTERF4
2446,PASK,exact,PASK
2447,PPP1R7,exact,PPP1R7
2448,HDLBP,exact,HDLBP
2449,SEPT2,official_alias,SEPT2
2450,FARP2,exact,FARP2
2451,STK25,exact,STK25
2452,THAP4,exact,THAP4
2453,ATG4B,exact,ATG4B
2454,DTYMK,exact,DTYMK
2455,ING5,exact,ING5
2456,D2HGDH,exact,D2HGDH
2457,AC114730.2,unmatched,
2458,PDCD1,exact,PDCD1
2459,LINC01238,unmatched,
2460,AC093642.1,unmatched,
2461,LINC01238.1,unmatched,
2462,TRNT1,exact,TRNT1
2463,CRBN,exact,CRBN
2464,AC024060.1,unmatched,
2465,SUMF1,exact,SUMF1
2466,LRRN1,official_alias,LRRN1
2467,SETMAR,exact,SETMAR
2468,ITPR1-DT,exact,ITPR1-DT
2469,ITPR1,exact,ITPR1
2470,EGOT,exact,EGOT
2471,AC018816.1,unmatched,
2472,BHLHE40-AS1,exact,BHLHE40-AS1
2473,BHLHE40,exact,BHLHE40
2474,ARL8B,exact,ARL8B
2475,AC026202.3,unmatched,
2476,EDEM1,exact,EDEM1
2477,RAD18,exact,RAD18
2478,SRGAP3,exact,SRGAP3
2479,THUMPD3-AS1,exact,THUMPD3-AS1
2480,THUMPD3,exact,THUMPD3
2481,SETD5,exact,SETD5
2482,LHFPL4,exact,LHFPL4
2483,MTMR14,exact,MTMR14
2484,BRPF1,exact,BRPF1
2485,OGG1,exact,OGG1
2486,CAMK1,exact,CAMK1
2487,TADA3,exact,TADA3
2488,ARPC4,exact,ARPC4
2489,TTLL3,exact,TTLL3
2490,AC022382.1,unmatched,
2491,RPUSD3,exact,RPUSD3
2492,JAGN1,exact,JAGN1
2493,IL17RE,exact,IL17RE
2494,IL17RC,exact,IL17RC
2495,CRELD1,exact,CRELD1
2496,PRRT3,exact,PRRT3
2497,AC018809.2,unmatched,
2498,EMC3,exact,EMC3
2499,FANCD2,exact,FANCD2
2500,BRK1,exact,BRK1
2501,VHL,exact,VHL
2502,IRAK2,exact,IRAK2
2503,TATDN2,exact,TATDN2
2504,LINC00852,exact,LINC00852
2505,GHRL,exact,GHRL
2506,GHRLOS,exact,GHRLOS
2507,SEC13,exact,SEC13
2508,ATG7,exact,ATG7
2509,VGLL4,exact,VGLL4
2510,TAMM41,exact,TAMM41
2511,TSEN2,exact,TSEN2
2512,MKRN2,exact,MKRN2
2513,RAF1,exact,RAF1
2514,CAND2,exact,CAND2
2515,RPL32,exact,RPL32
2516,IQSEC1,exact,IQSEC1
2517,NUP210,exact,NUP210
2518,HDAC11,exact,HDAC11
2519,FBLN2,exact,FBLN2
2520,WNT7A,exact,WNT7A
2521,CHCHD4,exact,CHCHD4
2522,TMEM43,exact,TMEM43
2523,AC093495.1,unmatched,
2524,XPC,exact,XPC
2525,LSM3,exact,LSM3
2526,SLC6A6,exact,SLC6A6
2527,CCDC174,exact,CCDC174
2528,FGD5-AS1,exact,FGD5-AS1
2529,NR2C2,exact,NR2C2
2530,MRPS25,exact,MRPS25
2531,RBSN,exact,RBSN
2532,CAPN7,exact,CAPN7
2533,SH3BP5-AS1,exact,SH3BP5-AS1
2534,SH3BP5,exact,SH3BP5
2535,METTL6,exact,METTL6
2536,EAF1,exact,EAF1
2537,EAF1-AS1,exact,EAF1-AS1
2538,COLQ,exact,COLQ
2539,HACL1,exact,HACL1
2540,BTD,exact,BTD
2541,ANKRD28,exact,ANKRD28
2542,DPH3,exact,DPH3
2543,OXNAD1,exact,OXNAD1
2544,RFTN1,exact,RFTN1
2545,AC090948.1,unmatched,
2546,AC090948.2,unmatched,
2547,AC090948.3,unmatched,
2548,PLCL2,exact,PLCL2
2549,TBC1D5,exact,TBC1D5
2550,SATB1,exact,SATB1
2551,EFHB,exact,EFHB
2552,RAB5A,exact,RAB5A
2553,KAT2B,exact,KAT2B
2554,SGO1,exact,SGO1
2555,AC116096.1,unmatched,
2556,UBE2E2,exact,UBE2E2
2557,UBE2E1,exact,UBE2E1
2558,NKIRAS1,exact,NKIRAS1
2559,RPL15,exact,RPL15
2560,NR1D2,exact,NR1D2
2561,RARB,exact,RARB
2562,TOP2B,exact,TOP2B
2563,NGLY1,exact,NGLY1
2564,OXSM,exact,OXSM
2565,NEK10,exact,NEK10
2566,SLC4A7,exact,SLC4A7
2567,LINC02084,unmatched,
2568,EOMES,exact,EOMES
2569,LINC01967,exact,LINC01967
2570,CMC1,exact,CMC1
2571,AZI2,exact,AZI2
2572,TGFBR2,exact,TGFBR2
2573,STT3B,exact,STT3B
2574,OSBPL10,exact,OSBPL10
2575,GPD1L,exact,GPD1L
2576,CMTM8,exact,CMTM8
2577,CMTM7,exact,CMTM7
2578,CMTM6,exact,CMTM6
2579,DYNC1LI1,exact,DYNC1LI1
2580,CNOT10,exact,CNOT10
2581,GLB1,exact,GLB1
2582,TMPPE,exact,TMPPE
2583,CRTAP,exact,CRTAP
2584,FBXL2,exact,FBXL2
2585,UBP1,exact,UBP1
2586,CLASP2,exact,CLASP2
2587,PDCD6IP,exact,PDCD6IP
2588,LINC02033,exact,LINC02033
2589,TRANK1,exact,TRANK1
2590,AC011816.2,unmatched,
2591,EPM2AIP1,exact,EPM2AIP1
2592,MLH1,exact,MLH1
2593,LRRFIP2,exact,LRRFIP2
2594,AC126118.1,unmatched,
2595,GOLGA4,exact,GOLGA4
2596,CTDSPL,exact,CTDSPL
2597,VILL,exact,VILL
2598,PLCD1,exact,PLCD1
2599,DLEC1,exact,DLEC1
2600,ACAA1,exact,ACAA1
2601,MYD88,exact,MYD88
2602,OXSR1,exact,OXSR1
2603,XYLB,exact,XYLB
2604,ACVR2B,exact,ACVR2B
2605,EXOG,exact,EXOG
2606,SCN11A,exact,SCN11A
2607,WDR48,exact,WDR48
2608,GORASP1,exact,GORASP1
2609,TTC21A,exact,TTC21A
2610,CSRNP1,exact,CSRNP1
2611,CX3CR1,exact,CX3CR1
2612,SLC25A38,exact,SLC25A38
2613,RPSA,exact,RPSA
2614,EIF1B,exact,EIF1B
2615,ENTPD3-AS1,exact,ENTPD3-AS1
2616,RPL14,exact,RPL14
2617,ZNF619,exact,ZNF619
2618,ZNF620,exact,ZNF620
2619,ZNF621,exact,ZNF621
2620,CTNNB1,unmatched,
2621,ULK4,exact,ULK4
2622,TRAK1,exact,TRAK1
2623,VIPR1,exact,VIPR1
2624,VIPR1-AS1,exact,VIPR1-AS1
2625,SEC22C,exact,SEC22C
2626,SS18L2,exact,SS18L2
2627,NKTR,exact,NKTR
2628,HIGD1A,exact,HIGD1A
2629,ACKR2,exact,ACKR2
2630,KRBOX1,exact,KRBOX1
2631,ZNF662,exact,ZNF662
2632,POMGNT2,exact,POMGNT2
2633,SNRK,exact,SNRK
2634,AC104184.1,unmatched,
2635,SNRK-AS1,unmatched,
2636,ANO10,exact,ANO10
2637,ABHD5,exact,ABHD5
2638,AC104187.1,unmatched,
2639,TCAIM,exact,TCAIM
2640,ZNF445,exact,ZNF445
2641,ZNF852,exact,ZNF852
2642,ZKSCAN7,exact,ZKSCAN7
2643,ZNF660,exact,ZNF660
2644,ZNF197,exact,ZNF197
2645,ZNF35,exact,ZNF35
2646,ZNF502,exact,ZNF502
2647,ZNF501,exact,ZNF501
2648,KIAA1143,exact,KIAA1143
2649,TMEM42,exact,TMEM42
2650,TGM4,exact,TGM4
2651,ZDHHC3,exact,ZDHHC3
2652,EXOSC7,exact,EXOSC7
2653,LARS2,exact,LARS2
2654,LIMD1,exact,LIMD1
2655,SACM1L,exact,SACM1L
2656,LZTFL1,exact,LZTFL1
2657,FYCO1,exact,FYCO1
2658,CXCR6,unmatched,
2659,CCR5,exact,CCR5
2660,CCRL2,exact,CCRL2
2661,LRRC2,exact,LRRC2
2662,ALS2CL,exact,ALS2CL
2663,TMIE,exact,TMIE
2664,CCDC12,exact,CCDC12
2665,NBEAL2,exact,NBEAL2
2666,SETD2,exact,SETD2
2667,KIF9-AS1,unmatched,
2668,KIF9,exact,KIF9
2669,KLHL18,exact,KLHL18
2670,AC099778.1,unmatched,
2671,PTPN23,exact,PTPN23
2672,SCAP,exact,SCAP
2673,ELP6,exact,ELP6
2674,SMARCC1,exact,SMARCC1
2675,DHX30,exact,DHX30
2676,MAP4,exact,MAP4
2677,ZNF589,exact,ZNF589
2678,NME6,exact,NME6
2679,CCDC51,exact,CCDC51
2680,TMA7,exact,TMA7
2681,ATRIP,exact,ATRIP
2682,SHISA5,exact,SHISA5
2683,PFKFB4,exact,PFKFB4
2684,COL7A1,exact,COL7A1
2685,UQCRC1,exact,UQCRC1
2686,SLC26A6,exact,SLC26A6
2687,CELSR3,exact,CELSR3
2688,NCKIPSD,exact,NCKIPSD
2689,IP6K2,exact,IP6K2
2690,PRKAR2A,exact,PRKAR2A
2691,PRKAR2A-AS1,exact,PRKAR2A-AS1
2692,SLC25A20,exact,SLC25A20
2693,ARIH2OS,unmatched,
2694,ARIH2,exact,ARIH2
2695,AC137630.2,unmatched,
2696,AC137630.1,unmatched,
2697,AC137630.4,unmatched,
2698,P4HTM,exact,P4HTM
2699,WDR6,exact,WDR6
2700,DALRD3,exact,DALRD3
2701,NDUFAF3,exact,NDUFAF3
2702,IMPDH2,exact,IMPDH2
2703,AC137630.3,unmatched,
2704,QRICH1,exact,QRICH1
2705,QARS,official_alias,QARS
2706,USP19,exact,USP19
2707,CCDC71,exact,CCDC71
2708,KLHDC8B,exact,KLHDC8B
2709,AC121247.1,unmatched,
2710,C3orf62,exact,C3orf62
2711,USP4,exact,USP4
2712,RHOA,exact,RHOA
2713,TCTA,exact,TCTA
2714,AMT,exact,AMT
2715,DAG1,exact,DAG1
2716,BSN-DT,exact,BSN-DT
2717,BSN,exact,BSN
2718,APEH,exact,APEH
2719,MST1,exact,MST1
2720,RNF123,exact,RNF123
2721,GMPPB,exact,GMPPB
2722,IP6K1,exact,IP6K1
2723,INKA1,exact,INKA1
2724,UBA7,exact,UBA7
2725,TRAIP,exact,TRAIP
2726,MON1A,exact,MON1A
2727,RBM6,exact,RBM6
2728,RBM5,exact,RBM5
2729,RBM5-AS1,exact,RBM5-AS1
2730,SEMA3F-AS1,exact,SEMA3F-AS1
2731,GNAI2,exact,GNAI2
2732,U73166.1,unmatched,
2733,IFRD2,exact,IFRD2
2734,HYAL3,exact,HYAL3
2735,NAA80,exact,NAA80
2736,HYAL2,exact,HYAL2
2737,TUSC2,exact,TUSC2
2738,RASSF1,exact,RASSF1
2739,RASSF1-AS1,exact,RASSF1-AS1
2740,ZMYND10,exact,ZMYND10
2741,NPRL2,exact,NPRL2
2742,CYB561D2,unmatched,
2743,TMEM115,exact,TMEM115
2744,CACNA2D2,exact,CACNA2D2
2745,CYB561D2.1,unmatched,
2746,C3orf18,exact,C3orf18
2747,HEMK1,exact,HEMK1
2748,CISH,exact,CISH
2749,MAPKAPK3,exact,MAPKAPK3
2750,LINC02019,exact,LINC02019
2751,DOCK3,exact,DOCK3
2752,MANF,exact,MANF
2753,RBM15B,exact,RBM15B
2754,DCAF1,exact,DCAF1
2755,RAD54L2,exact,RAD54L2
2756,TEX264,exact,TEX264
2757,RRP9,exact,RRP9
2758,PARP3,exact,PARP3
2759,PCBP4,exact,PCBP4
2760,ABHD14B,exact,ABHD14B
2761,ABHD14A,exact,ABHD14A
2762,ABHD14A-ACY1,exact,ABHD14A-ACY1
2763,ACY1,exact,ACY1
2764,RPL29,exact,RPL29
2765,DUSP7,exact,DUSP7
2766,POC1A,exact,POC1A
2767,ALAS1,exact,ALAS1
2768,TWF2,exact,TWF2
2769,AC006252.1,unmatched,
2770,PPM1M,exact,PPM1M
2771,WDR82,exact,WDR82
2772,GLYCTK,exact,GLYCTK
2773,DNAH1,exact,DNAH1
2774,BAP1,exact,BAP1
2775,PHF7,exact,PHF7
2776,TNNC1,exact,TNNC1
2777,NISCH,exact,NISCH
2778,NT5DC2,exact,NT5DC2
2779,SMIM4,unmatched,
2780,PBRM1,exact,PBRM1
2781,GNL3,exact,GNL3
2782,GLT8D1,exact,GLT8D1
2783,SPCS1,exact,SPCS1
2784,NEK4,exact,NEK4
2785,ITIH4,exact,ITIH4
2786,AC006254.1,unmatched,
2787,STIMATE,exact,STIMATE
2788,SFMBT1,exact,SFMBT1
2789,AC096887.1,unmatched,
2790,RFT1,exact,RFT1
2791,PRKCD,exact,PRKCD
2792,TKT,exact,TKT
2793,DCP1A,exact,DCP1A
2794,CACNA1D,exact,CACNA1D
2795,CHDH,exact,CHDH
2796,AC012467.2,unmatched,
2797,ACTR8,exact,ACTR8
2798,SELENOK,exact,SELENOK
2799,CCDC66,exact,CCDC66
2800,FAM208A,official_alias,FAM208A
2801,ARHGEF3,exact,ARHGEF3
2802,HESX1,exact,HESX1
2803,APPL1,exact,APPL1
2804,PDE12,exact,PDE12
2805,ARF4,exact,ARF4
2806,ARF4-AS1,exact,ARF4-AS1
2807,DENND6A,exact,DENND6A
2808,SLMAP,exact,SLMAP
2809,FLNB,exact,FLNB
2810,ABHD6,exact,ABHD6
2811,RPP14,exact,RPP14
2812,PXK,exact,PXK
2813,PDHB,exact,PDHB
2814,AC135507.1,unmatched,
2815,KCTD6,exact,KCTD6
2816,FHIT,exact,FHIT
2817,C3orf14,unmatched,
2818,C3orf49,exact,C3orf49
2819,THOC7,exact,THOC7
2820,ATXN7,exact,ATXN7
2821,ATXN7.1,unmatched,
2822,PSMD6-AS2,exact,PSMD6-AS2
2823,PSMD6,exact,PSMD6
2824,PSMD6-AS1,unmatched,
2825,AC012557.2,unmatched,
2826,SLC25A26,exact,SLC25A26
2827,LRIG1,exact,LRIG1
2828,KBTBD8,exact,KBTBD8
2829,SUCLG2,exact,SUCLG2
2830,SUCLG2-AS1,unmatched,
2831,EOGT,exact,EOGT
2832,AC109587.1,unmatched,
2833,TMF1,exact,TMF1
2834,UBA3,exact,UBA3
2835,ARL6IP5,exact,ARL6IP5
2836,LMOD3,exact,LMOD3
2837,FRMD4B,exact,FRMD4B
2838,FOXP1,exact,FOXP1
2839,FOXP1-AS1,exact,FOXP1-AS1
2840,AC097634.3,unmatched,
2841,AC097634.1,unmatched,
2842,EIF4E3,exact,EIF4E3
2843,GPR27,exact,GPR27
2844,PROK2,exact,PROK2
2845,RYBP,exact,RYBP
2846,SHQ1,exact,SHQ1
2847,PPP4R2,exact,PPP4R2
2848,EBLN2,exact,EBLN2
2849,LINC02018,exact,LINC02018
2850,ZNF717,exact,ZNF717
2851,ROBO1,exact,ROBO1
2852,GBE1,exact,GBE1
2853,CHMP2B,exact,CHMP2B
2854,CGGBP1,exact,CGGBP1
2855,ZNF654,exact,ZNF654
2856,C3orf38,exact,C3orf38
2857,ARL13B,exact,ARL13B
2858,DHFR2,exact,DHFR2
2859,NSUN3,exact,NSUN3
2860,MTRNR2L12,exact,MTRNR2L12
2861,ARL6,exact,ARL6
2862,CRYBG3,exact,CRYBG3
2863,RIOX2,exact,RIOX2
2864,CLDND1,exact,CLDND1
2865,CPOX,exact,CPOX
2866,DCBLD2,exact,DCBLD2
2867,COL8A1,exact,COL8A1
2868,AC069222.1,unmatched,
2869,CMSS1,exact,CMSS1
2870,FILIP1L,exact,FILIP1L
2871,TBC1D23,exact,TBC1D23
2872,NIT2,exact,NIT2
2873,TOMM70,exact,TOMM70
2874,LNP1,exact,LNP1
2875,TFG,exact,TFG
2876,IMPG2,exact,IMPG2
2877,SENP7,exact,SENP7
2878,TRMT10C,exact,TRMT10C
2879,PCNP,exact,PCNP
2880,ZBTB11,exact,ZBTB11
2881,ZBTB11-AS1,exact,ZBTB11-AS1
2882,RPL24,exact,RPL24
2883,CEP97,exact,CEP97
2884,NXPE3,exact,NXPE3
2885,NFKBIZ,exact,NFKBIZ
2886,CBLB,exact,CBLB
2887,LINC00882,exact,LINC00882
2888,DUBR,exact,DUBR
2889,BBX,exact,BBX
2890,CD47,exact,CD47
2891,LINC01215,exact,LINC01215
2892,IFT57,exact,IFT57
2893,CIP2A,exact,CIP2A
2894,DZIP3,exact,DZIP3
2895,TRAT1,exact,TRAT1
2896,DPPA4,exact,DPPA4
2897,NECTIN3,exact,NECTIN3
2898,CD96,exact,CD96
2899,ZBED2,exact,ZBED2
2900,PLCXD2,exact,PLCXD2
2901,PHLDB2,exact,PHLDB2
2902,ABHD10,exact,ABHD10
2903,C3orf52,exact,C3orf52
2904,GCSAM,exact,GCSAM
2905,CD200,exact,CD200
2906,BTLA,exact,BTLA
2907,ATG3,exact,ATG3
2908,SLC35A5,exact,SLC35A5
2909,CD200R1,exact,CD200R1
2910,AC074044.1,unmatched,
2911,GTPBP8,exact,GTPBP8
2912,NEPRO,exact,NEPRO
2913,CFAP44,exact,CFAP44
2914,SPICE1,exact,SPICE1
2915,SIDT1,exact,SIDT1
2916,SIDT1-AS1,exact,SIDT1-AS1
2917,USF3,exact,USF3
2918,NAA50,exact,NAA50
2919,ATP6V1A,exact,ATP6V1A
2920,GRAMD1C,exact,GRAMD1C
2921,ZDHHC23,exact,ZDHHC23
2922,CCDC191,exact,CCDC191
2923,QTRT2,exact,QTRT2
2924,AC093010.2,unmatched,
2925,ZNF80,exact,ZNF80
2926,TIGIT,exact,TIGIT
2927,ZBTB20,exact,ZBTB20
2928,ZBTB20-AS1,exact,ZBTB20-AS1
2929,ZBTB20-AS2,unmatched,
2930,ZBTB20-AS4,exact,ZBTB20-AS4
2931,UPK1B,exact,UPK1B
2932,B4GALT4,exact,B4GALT4
2933,ARHGAP31,exact,ARHGAP31
2934,TMEM39A,exact,TMEM39A
2935,POGLUT1,exact,POGLUT1
2936,AC073352.1,unmatched,
2937,TIMMDC1,exact,TIMMDC1
2938,ADPRH,exact,ADPRH
2939,POPDC2,exact,POPDC2
2940,COX17,exact,COX17
2941,GSK3B,exact,GSK3B
2942,AC092910.3,unmatched,
2943,LRRC58,exact,LRRC58
2944,NDUFB4,exact,NDUFB4
2945,HGD,exact,HGD
2946,RABL3,exact,RABL3
2947,GTF2E1,exact,GTF2E1
2948,POLQ,exact,POLQ
2949,HCLS1,exact,HCLS1
2950,GOLGB1,exact,GOLGB1
2951,IQCB1,exact,IQCB1
2952,EAF2,exact,EAF2
2953,SLC15A2,exact,SLC15A2
2954,CCDC58,official_alias,CCDC58
2955,FAM162A,exact,FAM162A
2956,WDR5B,exact,WDR5B
2957,AC083798.2,unmatched,
2958,KPNA1,exact,KPNA1
2959,PARP9,exact,PARP9
2960,DTX3L,exact,DTX3L
2961,PARP15,exact,PARP15
2962,PARP14,exact,PARP14
2963,HSPBAP1,exact,HSPBAP1
2964,DIRC2,official_alias,DIRC2
2965,LINC02035,exact,LINC02035
2966,PDIA5,exact,PDIA5
2967,SEC22A,exact,SEC22A
2968,AC112503.2,unmatched,
2969,AC112503.1,unmatched,
2970,HACD2,exact,HACD2
2971,MYLK-AS1,exact,MYLK-AS1
2972,MYLK,exact,MYLK
2973,CCDC14,exact,CCDC14
2974,KALRN,exact,KALRN
2975,UMPS,exact,UMPS
2976,HEG1,exact,HEG1
2977,ZNF148,exact,ZNF148
2978,SNX4,exact,SNX4
2979,OSBPL11,exact,OSBPL11
2980,AC092903.2,unmatched,
2981,ALG1L,unmatched,
2982,SLC41A3,exact,SLC41A3
2983,KLF15,exact,KLF15
2984,ZXDC,exact,ZXDC
2985,TXNRD3,exact,TXNRD3
2986,CHCHD6,exact,CHCHD6
2987,PLXNA1,exact,PLXNA1
2988,TPRA1,exact,TPRA1
2989,MCM2,exact,MCM2
2990,PODXL2,exact,PODXL2
2991,ABTB1,exact,ABTB1
2992,SEC61A1,exact,SEC61A1
2993,RUVBL1,exact,RUVBL1
2994,EEFSEC,exact,EEFSEC
2995,RPN1,exact,RPN1
2996,RAB7A,exact,RAB7A
2997,AC112484.3,unmatched,
2998,ACAD9,exact,ACAD9
2999,KIAA1257,official_alias,KIAA1257
3000,EFCC1,exact,EFCC1
3001,RAB43,exact,RAB43
3002,AC108673.2,unmatched,
3003,ISY1,exact,ISY1
3004,AC108673.3,unmatched,
3005,CNBP,exact,CNBP
3006,COPG1,exact,COPG1
3007,HMCES,exact,HMCES
3008,H1FX,official_alias,H1FX
3009,H1FX-AS1,unmatched,
3010,MBD4,exact,MBD4
3011,IFT122,exact,IFT122
3012,PLXND1,exact,PLXND1
3013,TMCC1,exact,TMCC1
3014,TMCC1-AS1,official_alias,TMCC1-AS1
3015,ALG1L2,exact,ALG1L2
3016,LINC02021,exact,LINC02021
3017,COL6A6,exact,COL6A6
3018,PIK3R4,exact,PIK3R4
3019,ATP2C1,exact,ATP2C1
3020,ASTE1,exact,ASTE1
3021,NEK11,exact,NEK11
3022,NUDT16,exact,NUDT16
3023,MRPL3,exact,MRPL3
3024,DNAJC13,exact,DNAJC13
3025,ACAD11,exact,ACAD11
3026,ACKR4,exact,ACKR4
3027,UBA5,exact,UBA5
3028,NPHP3,exact,NPHP3
3029,BFSP2-AS1,exact,BFSP2-AS1
3030,CDV3,exact,CDV3
3031,TOPBP1,exact,TOPBP1
3032,TF,exact,TF
3033,SRPRB,exact,SRPRB
3034,RYK,exact,RYK
3035,ANAPC13,exact,ANAPC13
3036,CEP63,exact,CEP63
3037,PPP2R3A,exact,PPP2R3A
3038,MSL2,exact,MSL2
3039,PCCB,exact,PCCB
3040,STAG1,exact,STAG1
3041,SLC35G2,exact,SLC35G2
3042,AC096992.2,unmatched,
3043,NCK1-DT,unmatched,
3044,NCK1,exact,NCK1
3045,IL20RB,exact,IL20RB
3046,DBR1,exact,DBR1
3047,ARMC8,exact,ARMC8
3048,NME9,exact,NME9
3049,CEP70,exact,CEP70
3050,FAIM,exact,FAIM
3051,PIK3CB,exact,PIK3CB
3052,MRPS22,exact,MRPS22
3053,COPB2,exact,COPB2
3054,AC097103.2,unmatched,
3055,NMNAT3,exact,NMNAT3
3056,SLC25A36,exact,SLC25A36
3057,PXYLP1,exact,PXYLP1
3058,ZBTB38,exact,ZBTB38
3059,RASA2,exact,RASA2
3060,RNF7,exact,RNF7
3061,ATP1B3,exact,ATP1B3
3062,TFDP2,exact,TFDP2
3063,GK5,exact,GK5
3064,XRN1,exact,XRN1
3065,ATR,exact,ATR
3066,PLS1,exact,PLS1
3067,TRPC1,exact,TRPC1
3068,U2SURP,exact,U2SURP
3069,AC026304.1,unmatched,
3070,CHST2,exact,CHST2
3071,SLC9A9,exact,SLC9A9
3072,C3orf58,official_alias,C3orf58
3073,PLSCR2,exact,PLSCR2
3074,PLSCR1,exact,PLSCR1
3075,GYG1,exact,GYG1
3076,HLTF,exact,HLTF
3077,HPS3,exact,HPS3
3078,CP,exact,CP
3079,WWTR1,exact,WWTR1
3080,COMMD2,exact,COMMD2
3081,RNF13,exact,RNF13
3082,PFN2,exact,PFN2
3083,TSC22D2,exact,TSC22D2
3084,SERP1,exact,SERP1
3085,EIF2A,exact,EIF2A
3086,SELENOT,exact,SELENOT
3087,ERICH6-AS1,exact,ERICH6-AS1
3088,SIAH2,exact,SIAH2
3089,GPR171,exact,GPR171
3090,AC108718.1,unmatched,
3091,MBNL1,exact,MBNL1
3092,MBNL1-AS1,exact,MBNL1-AS1
3093,RAP2B,exact,RAP2B
3094,ARHGEF26,exact,ARHGEF26
3095,DHX36,exact,DHX36
3096,MME,exact,MME
3097,C3orf33,exact,C3orf33
3098,AC104472.3,unmatched,
3099,SLC33A1,exact,SLC33A1
3100,GMPS,exact,GMPS
3101,KCNAB1,exact,KCNAB1
3102,AC084036.1,unmatched,
3103,SSR3,exact,SSR3
3104,TIPARP-AS1,unmatched,
3105,TIPARP,exact,TIPARP
3106,LINC00886,exact,LINC00886
3107,LEKR1,exact,LEKR1
3108,LINC00880,exact,LINC00880
3109,CCNL1,exact,CCNL1
3110,RSRC1,exact,RSRC1
3111,AC106707.1,unmatched,
3112,MLF1,exact,MLF1
3113,GFM1,exact,GFM1
3114,LXN,exact,LXN
3115,AC080013.6,unmatched,
3116,RARRES1,exact,RARRES1
3117,MFSD1,exact,MFSD1
3118,AC080013.1,unmatched,
3119,IFT80,exact,IFT80
3120,SMC4,exact,SMC4
3121,TRIM59,exact,TRIM59
3122,KPNA4,exact,KPNA4
3123,AC069224.1,unmatched,
3124,PPM1L,exact,PPM1L
3125,B3GALNT1,exact,B3GALNT1
3126,NMD3,exact,NMD3
3127,LINC02067,exact,LINC02067
3128,PDCD10,exact,PDCD10
3129,SERPINI1,exact,SERPINI1
3130,GOLIM4,exact,GOLIM4
3131,MYNN,exact,MYNN
3132,AC078795.1,unmatched,
3133,LRRC34,exact,LRRC34
3134,AC078795.3,unmatched,
3135,AC078795.2,unmatched,
3136,SEC62,exact,SEC62
3137,SEC62-AS1,exact,SEC62-AS1
3138,GPR160,exact,GPR160
3139,PHC3,exact,PHC3
3140,AC008040.5,unmatched,
3141,PRKCI,exact,PRKCI
3142,SKIL,exact,SKIL
3143,SLC7A14,exact,SLC7A14
3144,RPL22L1,exact,RPL22L1
3145,EIF5A2,exact,EIF5A2
3146,TNIK,exact,TNIK
3147,AC092919.1,unmatched,
3148,FNDC3B,exact,FNDC3B
3149,TNFSF10,exact,TNFSF10
3150,NCEH1,exact,NCEH1
3151,ECT2,exact,ECT2
3152,LINC01209,exact,LINC01209
3153,TBL1XR1,exact,TBL1XR1
3154,ZMAT3,exact,ZMAT3
3155,PIK3CA,exact,PIK3CA
3156,KCNMB3,exact,KCNMB3
3157,ZNF639,exact,ZNF639
3158,MFN1,exact,MFN1
3159,GNB4,exact,GNB4
3160,AC007620.2,unmatched,
3161,ACTL6A,exact,ACTL6A
3162,AC090425.2,unmatched,
3163,MRPL47,exact,MRPL47
3164,NDUFB5,exact,NDUFB5
3165,USP13,exact,USP13
3166,TTC14,exact,TTC14
3167,FXR1,exact,FXR1
3168,DNAJC19,exact,DNAJC19
3169,ATP11B,exact,ATP11B
3170,AC092953.2,unmatched,
3171,DCUN1D1,exact,DCUN1D1
3172,MCCC1,exact,MCCC1
3173,LAMP3,exact,LAMP3
3174,MCF2L2,exact,MCF2L2
3175,KLHL6,exact,KLHL6
3176,KLHL24,exact,KLHL24
3177,YEATS2,exact,YEATS2
3178,YEATS2-AS1,unmatched,
3179,PARL,exact,PARL
3180,ABCC5,exact,ABCC5
3181,AC131235.4,unmatched,
3182,AC131235.3,unmatched,
3183,EIF2B5,exact,EIF2B5
3184,DVL3,exact,DVL3
3185,AP2M1,exact,AP2M1
3186,ABCF3,exact,ABCF3
3187,ALG3,exact,ALG3
3188,EEF1AKMT4,exact,EEF1AKMT4
3189,PSMD2,exact,PSMD2
3190,EIF4G1,exact,EIF4G1
3191,FAM131A,exact,FAM131A
3192,CLCN2,exact,CLCN2
3193,POLR2H,exact,POLR2H
3194,LINC01840,exact,LINC01840
3195,MAGEF1,exact,MAGEF1
3196,VPS8,exact,VPS8
3197,EHHADH,exact,EHHADH
3198,MAP3K13,exact,MAP3K13
3199,TMEM41A,exact,TMEM41A
3200,LIPH,exact,LIPH
3201,SENP2,exact,SENP2
3202,TRA2B,exact,TRA2B
3203,CRYGS,exact,CRYGS
3204,TBCCD1,exact,TBCCD1
3205,DNAJB11,exact,DNAJB11
3206,AC068631.1,unmatched,
3207,AC112907.3,unmatched,
3208,EIF4A2,exact,EIF4A2
3209,RFC4,exact,RFC4
3210,LINC02043,exact,LINC02043
3211,ST6GAL1,exact,ST6GAL1
3212,RPL39L,exact,RPL39L
3213,RTP4,exact,RTP4
3214,BCL6,exact,BCL6
3215,LPP-AS2,exact,LPP-AS2
3216,LPP,exact,LPP
3217,TPRG1,exact,TPRG1
3218,IL1RAP,exact,IL1RAP
3219,CCDC50,exact,CCDC50
3220,MB21D2,exact,MB21D2
3221,ATP13A4,exact,ATP13A4
3222,OPA1,exact,OPA1
3223,LINC00887,exact,LINC00887
3224,GP5,exact,GP5
3225,ATP13A3,exact,ATP13A3
3226,LINC00884,unmatched,
3227,TMEM44-AS1,unmatched,
3228,TMEM44,exact,TMEM44
3229,LSG1,exact,LSG1
3230,FAM43A,exact,FAM43A
3231,XXYLT1,exact,XXYLT1
3232,ACAP2,exact,ACAP2
3233,PPP1R2,exact,PPP1R2
3234,AC233280.1,unmatched,
3235,MUC20-OT1,unmatched,
3236,MUC20,exact,MUC20
3237,TNK2,exact,TNK2
3238,TNK2-AS1,unmatched,
3239,AC124944.1,unmatched,
3240,TFRC,exact,TFRC
3241,SLC51A,exact,SLC51A
3242,PCYT1A,exact,PCYT1A
3243,TCTEX1D2,official_alias,TCTEX1D2
3244,TM4SF19-AS1,exact,TM4SF19-AS1
3245,UBXN7,exact,UBXN7
3246,RNF168,exact,RNF168
3247,WDR53,exact,WDR53
3248,FBXO45,exact,FBXO45
3249,LINC01063,unmatched,
3250,NRROS,exact,NRROS
3251,PIGX,exact,PIGX
3252,CEP19,exact,CEP19
3253,PAK2,exact,PAK2
3254,SENP5,exact,SENP5
3255,NCBP2,exact,NCBP2
3256,NCBP2-AS1,exact,NCBP2-AS1
3257,NCBP2-AS2,official_alias,NCBP2-AS2
3258,MELTF-AS1,exact,MELTF-AS1
3259,DLG1,exact,DLG1
3260,BDH1,exact,BDH1
3261,RUBCN,exact,RUBCN
3262,FYTTD1,exact,FYTTD1
3263,LRCH3,exact,LRCH3
3264,IQCG,exact,IQCG
3265,RPL35A,exact,RPL35A
3266,LMLN,exact,LMLN
3267,ZNF595,exact,ZNF595
3268,ZNF718,exact,ZNF718
3269,ZNF141,exact,ZNF141
3270,ZNF721,exact,ZNF721
3271,PIGG,exact,PIGG
3272,PDE6B,exact,PDE6B
3273,AC107464.3,unmatched,
3274,ATP5ME,exact,ATP5ME
3275,MYL5,exact,MYL5
3276,PCGF3,exact,PCGF3
3277,AC139887.4,unmatched,
3278,AC139887.2,unmatched,
3279,GAK,exact,GAK
3280,TMEM175,exact,TMEM175
3281,DGKQ,exact,DGKQ
3282,SLC26A1,exact,SLC26A1
3283,IDUA,exact,IDUA
3284,FGFRL1,exact,FGFRL1
3285,RNF212,exact,RNF212
3286,AC092535.1,unmatched,
3287,SPON2,exact,SPON2
3288,CTBP1-AS,exact,CTBP1-AS
3289,CTBP1,exact,CTBP1
3290,CTBP1-DT,exact,CTBP1-DT
3291,MAEA,exact,MAEA
3292,UVSSA,exact,UVSSA
3293,AC147067.2,unmatched,
3294,AC147067.1,unmatched,
3295,FAM53A,exact,FAM53A
3296,SLBP,exact,SLBP
3297,AC016773.1,unmatched,
3298,TMEM129,exact,TMEM129
3299,TACC3,exact,TACC3
3300,LETM1,exact,LETM1
3301,NSD2,exact,NSD2
3302,NELFA,exact,NELFA
3303,C4orf48,unmatched,
3304,POLN,exact,POLN
3305,HAUS3,exact,HAUS3
3306,MXD4,exact,MXD4
3307,ZFYVE28,exact,ZFYVE28
3308,RNF4,exact,RNF4
3309,FAM193A,exact,FAM193A
3310,TNIP2,exact,TNIP2
3311,SH3BP2,exact,SH3BP2
3312,ADD1,exact,ADD1
3313,MFSD10,exact,MFSD10
3314,NOP14-AS1,unmatched,
3315,NOP14,exact,NOP14
3316,GRK4,exact,GRK4
3317,HTT,exact,HTT
3318,RGS12,exact,RGS12
3319,LRPAP1,exact,LRPAP1
3320,TMEM128,exact,TMEM128
3321,LYAR,exact,LYAR
3322,ZBTB49,exact,ZBTB49
3323,NSG1,exact,NSG1
3324,STX18,exact,STX18
3325,STX18-AS1,exact,STX18-AS1
3326,EVC2,exact,EVC2
3327,JAKMIP1,exact,JAKMIP1
3328,WFS1,exact,WFS1
3329,MAN2B2,exact,MAN2B2
3330,MRFAP1,exact,MRFAP1
3331,LINC02482,unmatched,
3332,AC093323.1,unmatched,
3333,LINC002481,official_alias,LINC002481
3334,S100P,exact,S100P
3335,MRFAP1L1,exact,MRFAP1L1
3336,BLOC1S4,exact,BLOC1S4
3337,KIAA0232,exact,KIAA0232
3338,TBC1D14,exact,TBC1D14
3339,CCDC96,exact,CCDC96
3340,TADA2B,exact,TADA2B
3341,GRPEL1,exact,GRPEL1
3342,LINC02447,exact,LINC02447
3343,AFAP1,exact,AFAP1
3344,ABLIM2,exact,ABLIM2
3345,SH3TC1,exact,SH3TC1
3346,AC104825.1,unmatched,
3347,ACOX3,exact,ACOX3
3348,TRMT44,exact,TRMT44
3349,AC105345.2,unmatched,
3350,AC105345.1,unmatched,
3351,SLC2A9,exact,SLC2A9
3352,WDR1,exact,WDR1
3353,ZNF518B,exact,ZNF518B
3354,CLNK,exact,CLNK
3355,AC007370.2,unmatched,
3356,RAB28,exact,RAB28
3357,BOD1L1,exact,BOD1L1
3358,LINC00504,exact,LINC00504
3359,CPEB2-DT,exact,CPEB2-DT
3360,CPEB2,exact,CPEB2
3361,C1QTNF7,exact,C1QTNF7
3362,CC2D2A,exact,CC2D2A
3363,AC116651.1,unmatched,
3364,FBXL5,exact,FBXL5
3365,FAM200B,exact,FAM200B
3366,BST1,exact,BST1
3367,CD38,exact,CD38
3368,FGFBP2,exact,FGFBP2
3369,TAPT1,exact,TAPT1
3370,TAPT1-AS1,exact,TAPT1-AS1
3371,QDPR,exact,QDPR
3372,LAP3,exact,LAP3
3373,AC006160.1,unmatched,
3374,MED28,exact,MED28
3375,FAM184B,exact,FAM184B
3376,DCAF16,exact,DCAF16
3377,LCORL,exact,LCORL
3378,PACRGL,exact,PACRGL
3379,KCNIP4-IT1,exact,KCNIP4-IT1
3380,ADGRA3,exact,ADGRA3
3381,DHX15,exact,DHX15
3382,SEPSECS,exact,SEPSECS
3383,SEPSECS-AS1,exact,SEPSECS-AS1
3384,PI4K2B,exact,PI4K2B
3385,ZCCHC4,exact,ZCCHC4
3386,ANAPC4,exact,ANAPC4
3387,SEL1L3,exact,SEL1L3
3388,AC092436.4,unmatched,
3389,SMIM20,exact,SMIM20
3390,RBPJ,exact,RBPJ
3391,TBC1D19,exact,TBC1D19
3392,STIM2,exact,STIM2
3393,AC106047.1,unmatched,
3394,ARAP2,exact,ARAP2
3395,DTHD1,exact,DTHD1
3396,C4orf19,exact,C4orf19
3397,AC027607.1,unmatched,
3398,RELL1,exact,RELL1
3399,PGM2,exact,PGM2
3400,TBC1D1,exact,TBC1D1
3401,PTTG2,exact,PTTG2
3402,KLF3,exact,KLF3
3403,TLR1,exact,TLR1
3404,TLR6,exact,TLR6
3405,TMEM156,exact,TMEM156
3406,KLHL5,exact,KLHL5
3407,WDR19,exact,WDR19
3408,RFC1,exact,RFC1
3409,KLB,exact,KLB
3410,RPL9,exact,RPL9
3411,LIAS,exact,LIAS
3412,UGDH,exact,UGDH
3413,UGDH-AS1,exact,UGDH-AS1
3414,SMIM14,exact,SMIM14
3415,AC108471.2,unmatched,
3416,UBE2K,exact,UBE2K
3417,PDS5A,exact,PDS5A
3418,N4BP2,exact,N4BP2
3419,RHOH,exact,RHOH
3420,LINC02265,exact,LINC02265
3421,TMEM33,exact,TMEM33
3422,DCAF4L1,exact,DCAF4L1
3423,SLC30A9,exact,SLC30A9
3424,BEND4,exact,BEND4
3425,ATP8A1,exact,ATP8A1
3426,GUF1,exact,GUF1
3427,GNPDA2,exact,GNPDA2
3428,AC096586.2,unmatched,
3429,AC096586.1,unmatched,
3430,COMMD8,exact,COMMD8
3431,ATP10D,exact,ATP10D
3432,AC107068.1,unmatched,
3433,NFXL1,exact,NFXL1
3434,NIPAL1,exact,NIPAL1
3435,TXK,exact,TXK
3436,TEC,exact,TEC
3437,SLAIN2,exact,SLAIN2
3438,FRYL,exact,FRYL
3439,OCIAD1,exact,OCIAD1
3440,OCIAD2,exact,OCIAD2
3441,DCUN1D4,exact,DCUN1D4
3442,AC027271.1,unmatched,
3443,SGCB,exact,SGCB
3444,USP46,exact,USP46
3445,USP46-AS1,official_alias,USP46-AS1
3446,RASL11B,exact,RASL11B
3447,SCFD2,exact,SCFD2
3448,FIP1L1,exact,FIP1L1
3449,LNX1,exact,LNX1
3450,AC110792.3,unmatched,
3451,CHIC2,exact,CHIC2
3452,SRD5A3,exact,SRD5A3
3453,TMEM165,exact,TMEM165
3454,CLOCK,exact,CLOCK
3455,EXOC1,exact,EXOC1
3456,CEP135,exact,CEP135
3457,AASDH,exact,AASDH
3458,AC068620.1,unmatched,
3459,PPAT,exact,PPAT
3460,AC068620.2,unmatched,
3461,PAICS,exact,PAICS
3462,SRP72,exact,SRP72
3463,ARL9,exact,ARL9
3464,HOPX,exact,HOPX
3465,SPINK2,exact,SPINK2
3466,REST,exact,REST
3467,AC069307.1,unmatched,
3468,NOA1,exact,NOA1
3469,POLR2B,unmatched,
3470,AC020741.1,unmatched,
3471,AC104806.2,unmatched,
3472,CENPC,exact,CENPC
3473,UBA6,exact,UBA6
3474,UBA6-AS1,unmatched,
3475,YTHDC1,exact,YTHDC1
3476,SULT1B1,exact,SULT1B1
3477,UTP3,exact,UTP3
3478,AC009570.1,unmatched,
3479,RUFY3,exact,RUFY3
3480,GRSF1,exact,GRSF1
3481,MOB1B,exact,MOB1B
3482,DCK,exact,DCK
3483,SLC4A4,exact,SLC4A4
3484,COX18,exact,COX18
3485,ANKRD17,exact,ANKRD17
3486,RASSF6,exact,RASSF6
3487,MTHFD2L,exact,MTHFD2L
3488,AC093677.2,unmatched,
3489,RCHY1,exact,RCHY1
3490,THAP6,exact,THAP6
3491,ODAPH,exact,ODAPH
3492,CDKL2,exact,CDKL2
3493,G3BP2,exact,G3BP2
3494,USO1,exact,USO1
3495,AC110615.1,unmatched,
3496,PPEF2,exact,PPEF2
3497,NAAA,exact,NAAA
3498,SDAD1,exact,SDAD1
3499,NUP54,exact,NUP54
3500,SCARB2,exact,SCARB2
3501,FAM47E,exact,FAM47E
3502,SEPT11,official_alias,SEPT11
3503,CCNI,exact,CCNI
3504,CCNG2,exact,CCNG2
3505,CNOT6L,exact,CNOT6L
3506,MRPL1,exact,MRPL1
3507,AC098818.2,unmatched,
3508,BMP2K,exact,BMP2K
3509,PAQR3,exact,PAQR3
3510,ANTXR2,exact,ANTXR2
3511,PRDM8,exact,PRDM8
3512,PRKG2,exact,PRKG2
3513,RASGEF1B,exact,RASGEF1B
3514,AC124016.2,unmatched,
3515,HNRNPD,exact,HNRNPD
3516,AC124016.1,unmatched,
3517,HNRNPDL,exact,HNRNPDL
3518,ENOPH1,exact,ENOPH1
3519,TMEM150C,exact,TMEM150C
3520,SCD5,exact,SCD5
3521,SEC31A,exact,SEC31A
3522,THAP9-AS1,exact,THAP9-AS1
3523,THAP9,exact,THAP9
3524,LIN54,exact,LIN54
3525,COPS4,exact,COPS4
3526,PLAC8,exact,PLAC8
3527,COQ2,exact,COQ2
3528,HPSE,exact,HPSE
3529,HELQ,exact,HELQ
3530,MRPS18C,exact,MRPS18C
3531,ABRAXAS1,exact,ABRAXAS1
3532,GPAT3,exact,GPAT3
3533,CDS1,exact,CDS1
3534,AC093827.5,unmatched,
3535,AC093827.4,unmatched,
3536,AFF1,exact,AFF1
3537,KLHL8,exact,KLHL8
3538,HSD17B11,exact,HSD17B11
3539,NUDT9,exact,NUDT9
3540,PKD2,exact,PKD2
3541,ABCG2,exact,ABCG2
3542,PPM1K,exact,PPM1K
3543,HERC6,exact,HERC6
3544,HERC5,exact,HERC5
3545,PYURF,exact,PYURF
3546,HERC3,exact,HERC3
3547,NAP1L5,exact,NAP1L5
3548,FAM13A-AS1,exact,FAM13A-AS1
3549,FAM13A,exact,FAM13A
3550,TIGD2,exact,TIGD2
3551,AC104785.1,unmatched,
3552,GPRIN3,exact,GPRIN3
3553,SMARCAD1,exact,SMARCAD1
3554,PDLIM5,exact,PDLIM5
3555,STPG2,exact,STPG2
3556,RAP1GDS1,exact,RAP1GDS1
3557,TSPAN5,exact,TSPAN5
3558,AC114811.2,unmatched,
3559,EIF4E,exact,EIF4E
3560,METAP1,exact,METAP1
3561,AC019131.2,unmatched,
3562,ADH5,exact,ADH5
3563,AP002026.1,unmatched,
3564,TRMT10A,exact,TRMT10A
3565,DAPP1,exact,DAPP1
3566,LAMTOR3,exact,LAMTOR3
3567,DNAJB14,exact,DNAJB14
3568,H2AFZ,official_alias,H2AFZ
3569,PPP3CA,exact,PPP3CA
3570,AP001816.1,unmatched,
3571,SLC39A8,exact,SLC39A8
3572,AC098487.1,unmatched,
3573,AF213884.3,unmatched,
3574,NFKB1,exact,NFKB1
3575,MANBA,exact,MANBA
3576,UBE2D3,exact,UBE2D3
3577,AC018797.2,unmatched,
3578,CISD2,exact,CISD2
3579,SLC9B1,exact,SLC9B1
3580,SLC9B2,exact,SLC9B2
3581,BDH2,exact,BDH2
3582,CENPE,exact,CENPE
3583,AC004069.1,unmatched,
3584,TET2,exact,TET2
3585,PPA2,exact,PPA2
3586,INTS12,exact,INTS12
3587,GSTCD,exact,GSTCD
3588,TBCK,exact,TBCK
3589,AIMP1,exact,AIMP1
3590,PAPSS1,exact,PAPSS1
3591,CYP2U1,exact,CYP2U1
3592,AC096564.2,unmatched,
3593,HADH,exact,HADH
3594,LEF1,exact,LEF1
3595,RPL34-AS1,official_alias,RPL34-AS1
3596,RPL34,exact,RPL34
3597,OSTC,exact,OSTC
3598,SEC24B-AS1,exact,SEC24B-AS1
3599,SEC24B,exact,SEC24B
3600,MCUB,exact,MCUB
3601,CASP6,exact,CASP6
3602,AC004067.1,unmatched,
3603,PLA2G12A,exact,PLA2G12A
3604,GAR1,exact,GAR1
3605,RRH,exact,RRH
3606,ELOVL6,exact,ELOVL6
3607,FAM241A,exact,FAM241A
3608,AC109347.1,unmatched,
3609,AP1AR,exact,AP1AR
3610,AC109347.2,unmatched,
3611,TIFA,exact,TIFA
3612,ALPK1,exact,ALPK1
3613,ZGRF1,exact,ZGRF1
3614,LARP7,exact,LARP7
3615,CAMK2D,exact,CAMK2D
3616,SNHG8,unmatched,
3617,AC110079.2,unmatched,
3618,METTL14,exact,METTL14
3619,SEC24D,exact,SEC24D
3620,SYNPO2,exact,SYNPO2
3621,USP53,exact,USP53
3622,C4orf3,exact,C4orf3
3623,AC093752.3,unmatched,
3624,AC093752.2,unmatched,
3625,PDE5A,exact,PDE5A
3626,MAD2L1,exact,MAD2L1
3627,AC108866.1,unmatched,
3628,PRDM5,exact,PRDM5
3629,TNIP3,exact,TNIP3
3630,ANXA5,exact,ANXA5
3631,EXOSC9,exact,EXOSC9
3632,CCNA2,exact,CCNA2
3633,BBS7,exact,BBS7
3634,KIAA1109,unmatched,
3635,BBS12,exact,BBS12
3636,NUDT6,exact,NUDT6
3637,SPATA5,unmatched,
3638,SPRY1,exact,SPRY1
3639,ANKRD50,exact,ANKRD50
3640,INTU,exact,INTU
3641,HSPA4L,exact,HSPA4L
3642,AC093591.2,unmatched,
3643,PLK4,exact,PLK4
3644,MFSD8,exact,MFSD8
3645,ABHD18,exact,ABHD18
3646,LARP1B,exact,LARP1B
3647,PGRMC2,exact,PGRMC2
3648,AC108062.1,unmatched,
3649,JADE1,exact,JADE1
3650,SCLT1,exact,SCLT1
3651,C4orf33,exact,C4orf33
3652,AC096711.2,unmatched,
3653,AC096711.1,unmatched,
3654,NOCT,exact,NOCT
3655,ELF2,exact,ELF2
3656,NDUFC1,exact,NDUFC1
3657,NAA15,exact,NAA15
3658,AC097376.2,unmatched,
3659,RAB33B,exact,RAB33B
3660,SETD7,exact,SETD7
3661,MGST2,exact,MGST2
3662,MAML3,exact,MAML3
3663,SCOC,exact,SCOC
3664,SCOC-AS1,exact,SCOC-AS1
3665,ELMOD2,exact,ELMOD2
3666,ZNF330,exact,ZNF330
3667,IL15,exact,IL15
3668,INPP4B,exact,INPP4B
3669,AC104596.1,unmatched,
3670,USP38,exact,USP38
3671,SMARCA5,exact,SMARCA5
3672,SMARCA5-AS1,exact,SMARCA5-AS1
3673,FREM3,exact,FREM3
3674,GYPE,exact,GYPE
3675,GYPB,exact,GYPB
3676,ANAPC10,exact,ANAPC10
3677,ABCE1,exact,ABCE1
3678,OTUD4,exact,OTUD4
3679,MMAA,exact,MMAA
3680,ZNF827,exact,ZNF827
3681,LSM6,exact,LSM6
3682,REELD1,exact,REELD1
3683,SLC10A7,exact,SLC10A7
3684,AC093835.1,unmatched,
3685,TMEM184C,exact,TMEM184C
3686,PRMT9,exact,PRMT9
3687,ARHGAP10,exact,ARHGAP10
3688,NR3C2,exact,NR3C2
3689,AC108935.1,unmatched,
3690,LRBA,exact,LRBA
3691,RPS3A,exact,RPS3A
3692,SH3D19,exact,SH3D19
3693,AC095055.1,unmatched,
3694,GATB,exact,GATB
3695,LINC02273,exact,LINC02273
3696,FBXW7,exact,FBXW7
3697,TMEM154,exact,TMEM154
3698,ARFIP1,exact,ARFIP1
3699,TMEM131L,exact,TMEM131L
3700,TLR2,exact,TLR2
3701,RNF175,exact,RNF175
3702,PLRG1,exact,PLRG1
3703,MAP9,exact,MAP9
3704,CTSO,exact,CTSO
3705,C4orf46,exact,C4orf46
3706,ETFDH,exact,ETFDH
3707,PPID,exact,PPID
3708,FNIP2,exact,FNIP2
3709,RAPGEF2,exact,RAPGEF2
3710,NAF1,exact,NAF1
3711,TMA16,exact,TMA16
3712,AC093788.1,unmatched,
3713,TRIM61,exact,TRIM61
3714,FAM218A,exact,FAM218A
3715,TMEM192,exact,TMEM192
3716,KLHL2,exact,KLHL2
3717,MSMO1,exact,MSMO1
3718,DDX60,exact,DDX60
3719,DDX60L,exact,DDX60L
3720,PALLD,exact,PALLD
3721,CBR4,exact,CBR4
3722,NEK1,exact,NEK1
3723,CLCN3,exact,CLCN3
3724,HPF1,exact,HPF1
3725,AC105285.1,unmatched,
3726,GALNT7,exact,GALNT7
3727,HMGB2,exact,HMGB2
3728,AC097534.2,unmatched,
3729,SAP30,exact,SAP30
3730,SCRG1,exact,SCRG1
3731,HAND2-AS1,exact,HAND2-AS1
3732,FBXO8,exact,FBXO8
3733,CEP44,exact,CEP44
3734,HPGD,exact,HPGD
3735,WDR17,exact,WDR17
3736,SPCS3,exact,SPCS3
3737,AGA,exact,AGA
3738,AC078881.1,unmatched,
3739,AC079766.1,unmatched,
3740,DCTD,exact,DCTD
3741,WWC2,exact,WWC2
3742,CDKN2AIP,exact,CDKN2AIP
3743,AC107214.1,unmatched,
3744,ING2,exact,ING2
3745,RWDD4,exact,RWDD4
3746,TRAPPC11,exact,TRAPPC11
3747,IRF2,exact,IRF2
3748,LINC02427,unmatched,
3749,LINC02365,exact,LINC02365
3750,CASP3,exact,CASP3
3751,PRIMPOL,exact,PRIMPOL
3752,CENPU,exact,CENPU
3753,ACSL1,exact,ACSL1
3754,SLC25A4,exact,SLC25A4
3755,CFAP97,exact,CFAP97
3756,SNX25,exact,SNX25
3757,LRP2BP,exact,LRP2BP
3758,ANKRD37,exact,ANKRD37
3759,UFSP2,exact,UFSP2
3760,CCDC110,exact,CCDC110
3761,TLR3,exact,TLR3
3762,CYP4V2,exact,CYP4V2
3763,FRG1-DT,exact,FRG1-DT
3764,FRG1,exact,FRG1
3765,CCDC127,exact,CCDC127
3766,SDHA,exact,SDHA
3767,PDCD6,exact,PDCD6
3768,AHRR,exact,AHRR
3769,EXOC3-AS1,exact,EXOC3-AS1
3770,EXOC3,exact,EXOC3
3771,SLC9A3,exact,SLC9A3
3772,CEP72,exact,CEP72
3773,ZDHHC11B,exact,ZDHHC11B
3774,BRD9,exact,BRD9
3775,TRIP13,exact,TRIP13
3776,SLC12A7,exact,SLC12A7
3777,CLPTM1L,exact,CLPTM1L
3778,LPCAT1,exact,LPCAT1
3779,MRPL36,exact,MRPL36
3780,NDUFS6,exact,NDUFS6
3781,AC091891.2,unmatched,
3782,ICE1,exact,ICE1
3783,LINC02145,exact,LINC02145
3784,MED10,exact,MED10
3785,NSUN2,exact,NSUN2
3786,SRD5A1,exact,SRD5A1
3787,TENT4A,exact,TENT4A
3788,ADCY2,exact,ADCY2
3789,MTRR,exact,MTRR
3790,FASTKD3,exact,FASTKD3
3791,MIR4458HG,exact,MIR4458HG
3792,FAM173B,official_alias,FAM173B
3793,CCT5,exact,CCT5
3794,CMBL,exact,CMBL
3795,AC012640.2,unmatched,
3796,MARCH6,official_alias,MARCH6
3797,DAP,exact,DAP
3798,TRIO,exact,TRIO
3799,OTULINL,exact,OTULINL
3800,AC010491.1,unmatched,
3801,OTULIN,exact,OTULIN
3802,ANKH,exact,ANKH
3803,AC016575.1,unmatched,
3804,ZNF622,exact,ZNF622
3805,RETREG1,exact,RETREG1
3806,AC022113.1,unmatched,
3807,AC022113.2,unmatched,
3808,MYO10,exact,MYO10
3809,LINC02241,exact,LINC02241
3810,AC093274.1,unmatched,
3811,C5orf17,unmatched,
3812,DROSHA,exact,DROSHA
3813,C5orf22,exact,C5orf22
3814,PDZD2,exact,PDZD2
3815,GOLPH3,exact,GOLPH3
3816,AC025181.2,unmatched,
3817,MTMR12,exact,MTMR12
3818,ZFR,exact,ZFR
3819,SUB1,exact,SUB1
3820,AC034231.1,unmatched,
3821,TARS,official_alias,TARS
3822,AMACR,exact,AMACR
3823,C1QTNF3,exact,C1QTNF3
3824,AC139792.1,unmatched,
3825,AC026801.2,unmatched,
3826,TTC23L,exact,TTC23L
3827,RAD1,exact,RAD1
3828,BRIX1,exact,BRIX1
3829,DNAJC21,exact,DNAJC21
3830,SPEF2,exact,SPEF2
3831,IL7R,exact,IL7R
3832,LMBRD2,exact,LMBRD2
3833,SKP2,exact,SKP2
3834,NADK2,exact,NADK2
3835,AC008957.1,unmatched,
3836,AC026741.1,unmatched,
3837,NIPBL,exact,NIPBL
3838,CPLANE1,exact,CPLANE1
3839,NUP155,exact,NUP155
3840,WDR70,exact,WDR70
3841,RICTOR,exact,RICTOR
3842,FYB1,exact,FYB1
3843,TTC33,exact,TTC33
3844,PTGER4,exact,PTGER4
3845,PRKAA1,exact,PRKAA1
3846,RPL37,exact,RPL37
3847,CARD6,exact,CARD6
3848,OXCT1,exact,OXCT1
3849,C5orf51,unmatched,
3850,FBXO4,exact,FBXO4
3851,CCDC152,exact,CCDC152
3852,SELENOP,exact,SELENOP
3853,AC008945.1,unmatched,
3854,AC008875.1,unmatched,
3855,AC025171.3,unmatched,
3856,AC025171.5,unmatched,
3857,ANXA2R,exact,ANXA2R
3858,AC025171.2,unmatched,
3859,AC025171.4,unmatched,
3860,ZNF131,exact,ZNF131
3861,HMGCS1,exact,HMGCS1
3862,CCL28,exact,CCL28
3863,TMEM267,exact,TMEM267
3864,C5orf34,exact,C5orf34
3865,PAIP1,exact,PAIP1
3866,NNT-AS1,unmatched,
3867,NNT,exact,NNT
3868,MRPS30,exact,MRPS30
3869,AC093297.2,unmatched,
3870,EMB,exact,EMB
3871,AC112187.3,unmatched,
3872,PARP8,exact,PARP8
3873,ITGA1,exact,ITGA1
3874,PELO,exact,PELO
3875,ITGA2,exact,ITGA2
3876,MOCS2,exact,MOCS2
3877,AC008966.1,unmatched,
3878,NDUFS4,exact,NDUFS4
3879,ARL15,exact,ARL15
3880,SNX18,exact,SNX18
3881,GZMK,exact,GZMK
3882,GZMA,exact,GZMA
3883,DHX29,exact,DHX29
3884,MTREX,exact,MTREX
3885,PLPP1,exact,PLPP1
3886,SLC38A9,exact,SLC38A9
3887,IL6ST,exact,IL6ST
3888,AC008914.1,unmatched,
3889,AC008892.1,unmatched,
3890,AC016596.1,unmatched,
3891,MAP3K1,exact,MAP3K1
3892,SETD9,exact,SETD9
3893,MIER3,exact,MIER3
3894,GPBP1,exact,GPBP1
3895,PLK2,exact,PLK2
3896,PDE4D,exact,PDE4D
3897,PART1,exact,PART1
3898,AC104113.1,unmatched,
3899,ERCC8,exact,ERCC8
3900,NDUFAF2,exact,NDUFAF2
3901,SMIM15,exact,SMIM15
3902,ZSWIM6,exact,ZSWIM6
3903,KIF2A,exact,KIF2A
3904,DIMT1,exact,DIMT1
3905,IPO11,exact,IPO11
3906,SREK1IP1,exact,SREK1IP1
3907,CWC27,exact,CWC27
3908,AC092354.1,unmatched,
3909,ADAMTS6,exact,ADAMTS6
3910,AC025176.1,unmatched,
3911,CENPK,exact,CENPK
3912,PPWD1,exact,PPWD1
3913,TRIM23,exact,TRIM23
3914,TRAPPC13,exact,TRAPPC13
3915,SHLD3,exact,SHLD3
3916,SGTB,exact,SGTB
3917,NLN,exact,NLN
3918,AC010359.1,unmatched,
3919,ERBIN,exact,ERBIN
3920,SREK1,exact,SREK1
3921,MAST4,exact,MAST4
3922,LINC02242,exact,LINC02242
3923,PIK3R1,exact,PIK3R1
3924,SLC30A5,exact,SLC30A5
3925,CCNB1,exact,CCNB1
3926,CENPH,exact,CENPH
3927,MRPS36,exact,MRPS36
3928,CDK7,exact,CDK7
3929,CCDC125,exact,CCDC125
3930,AK6,exact,AK6
3931,TAF9,exact,TAF9
3932,RAD17,exact,RAD17
3933,MARVELD2,exact,MARVELD2
3934,OCLN,exact,OCLN
3935,GTF2H2C,exact,GTF2H2C
3936,SMN2,exact,SMN2
3937,AC146944.4,unmatched,
3938,SERF1A,exact,SERF1A
3939,SMN1,exact,SMN1
3940,NAIP,exact,NAIP
3941,GTF2H2,exact,GTF2H2
3942,BDP1,exact,BDP1
3943,MCCC2,exact,MCCC2
3944,MRPS27,exact,MRPS27
3945,PTCD2,exact,PTCD2
3946,TNPO1,exact,TNPO1
3947,FCHO2,exact,FCHO2
3948,AC099522.2,unmatched,
3949,BTF3,exact,BTF3
3950,ANKRA2,exact,ANKRA2
3951,UTP15,exact,UTP15
3952,ENC1,exact,ENC1
3953,HEXB,exact,HEXB
3954,GFM2,exact,GFM2
3955,NSA2,exact,NSA2
3956,FAM169A,exact,FAM169A
3957,AC116337.3,unmatched,
3958,GCNT4,exact,GCNT4
3959,LINC01336,official_alias,LINC01336
3960,ANKRD31,exact,ANKRD31
3961,HMGCR,exact,HMGCR
3962,COL4A3BP,official_alias,COL4A3BP
3963,POLK,exact,POLK
3964,AC010245.1,unmatched,
3965,AC010245.2,unmatched,
3966,ANKDD1B,exact,ANKDD1B
3967,POC5,exact,POC5
3968,IQGAP2,exact,IQGAP2
3969,F2RL2,exact,F2RL2
3970,F2R,exact,F2R
3971,F2RL1,exact,F2RL1
3972,AGGF1,exact,AGGF1
3973,ZBED3,exact,ZBED3
3974,ZBED3-AS1,exact,ZBED3-AS1
3975,PDE8B,exact,PDE8B
3976,WDR41,exact,WDR41
3977,TBCA,exact,TBCA
3978,AP3B1,exact,AP3B1
3979,SCAMP1-AS1,exact,SCAMP1-AS1
3980,SCAMP1,exact,SCAMP1
3981,ARSB,exact,ARSB
3982,DMGDH,exact,DMGDH
3983,BHMT2,exact,BHMT2
3984,JMY,exact,JMY
3985,HOMER1,exact,HOMER1
3986,TENT2,exact,TENT2
3987,CMYA5,exact,CMYA5
3988,MTX3,exact,MTX3
3989,THBS4,exact,THBS4
3990,AC012636.1,unmatched,
3991,SERINC5,exact,SERINC5
3992,AC010260.1,unmatched,
3993,ZFYVE16,exact,ZFYVE16
3994,AC008771.1,unmatched,
3995,DHFR,exact,DHFR
3996,MSH3,exact,MSH3
3997,RASGRF2-AS1,exact,RASGRF2-AS1
3998,RASGRF2,exact,RASGRF2
3999,CKMT2-AS1,exact,CKMT2-AS1
4000,ZCCHC9,exact,ZCCHC9
4001,SSBP2,exact,SSBP2
4002,ATG10,exact,ATG10
4003,RPS23,exact,RPS23
4004,ATP6AP1L,unmatched,
4005,AC104118.1,unmatched,
4006,TMEM167A,exact,TMEM167A
4007,XRCC4,exact,XRCC4
4008,COX7C,exact,COX7C
4009,RASA1,exact,RASA1
4010,CCNH,exact,CCNH
4011,TMEM161B,exact,TMEM161B
4012,TMEM161B-AS1,unmatched,
4013,CETN3,exact,CETN3
4014,MBLAC2,exact,MBLAC2
4015,POLR3G,exact,POLR3G
4016,LYSMD3,exact,LYSMD3
4017,LUCAT1,exact,LUCAT1
4018,ARRDC3,exact,ARRDC3
4019,ARRDC3-AS1,exact,ARRDC3-AS1
4020,FAM172A,unmatched,
4021,POU5F2,exact,POU5F2
4022,KIAA0825,exact,KIAA0825
4023,SLF1,exact,SLF1
4024,MCTP1,exact,MCTP1
4025,TTC37,unmatched,
4026,ARSK,exact,ARSK
4027,GPR150,exact,GPR150
4028,RFESD,exact,RFESD
4029,SPATA9,exact,SPATA9
4030,RHOBTB3,exact,RHOBTB3
4031,GLRX,exact,GLRX
4032,ELL2,exact,ELL2
4033,CAST,exact,CAST
4034,ERAP1,exact,ERAP1
4035,AC008906.1,unmatched,
4036,AC008906.2,unmatched,
4037,AC009126.1,unmatched,
4038,ERAP2,exact,ERAP2
4039,LNPEP,exact,LNPEP
4040,RIOK2,exact,RIOK2
4041,RGMB,exact,RGMB
4042,RGMB-AS1,exact,RGMB-AS1
4043,AC008522.1,unmatched,
4044,CHD1,exact,CHD1
4045,LINC02062,unmatched,
4046,AC021086.1,unmatched,
4047,FAM174A,exact,FAM174A
4048,ST8SIA4,exact,ST8SIA4
4049,SLCO4C1,exact,SLCO4C1
4050,PAM,exact,PAM
4051,GIN1,exact,GIN1
4052,PPIP5K2,exact,PPIP5K2
4053,C5orf30,official_alias,C5orf30
4054,NUDT12,exact,NUDT12
4055,FBXL17,exact,FBXL17
4056,LINC01023,unmatched,
4057,FER,exact,FER
4058,AC008467.1,unmatched,
4059,PJA2,exact,PJA2
4060,MAN2A1,exact,MAN2A1
4061,TMEM232,exact,TMEM232
4062,SLC25A46,exact,SLC25A46
4063,TSLP,exact,TSLP
4064,WDR36,exact,WDR36
4065,CAMK4,exact,CAMK4
4066,STARD4,exact,STARD4
4067,STARD4-AS1,exact,STARD4-AS1
4068,NREP,exact,NREP
4069,EPB41L4A,exact,EPB41L4A
4070,EPB41L4A-AS1,unmatched,
4071,APC,exact,APC
4072,SRP19,exact,SRP19
4073,REEP5,exact,REEP5
4074,DCP2,exact,DCP2
4075,MCC,exact,MCC
4076,YTHDC2,exact,YTHDC2
4077,PGGT1B,exact,PGGT1B
4078,CCDC112,exact,CCDC112
4079,FEM1C,exact,FEM1C
4080,AC010226.1,unmatched,
4081,TMED7,exact,TMED7
4082,AC008549.2,unmatched,
4083,ATG12,exact,ATG12
4084,AP3S1,exact,AP3S1
4085,AC034236.2,unmatched,
4086,COMMD10,exact,COMMD10
4087,SEMA6A,exact,SEMA6A
4088,SEMA6A-AS1,exact,SEMA6A-AS1
4089,DTWD2,exact,DTWD2
4090,DMXL1,exact,DMXL1
4091,TNFAIP8,exact,TNFAIP8
4092,HSD17B4,exact,HSD17B4
4093,SRFBP1,exact,SRFBP1
4094,SNX2,exact,SNX2
4095,SNX24,exact,SNX24
4096,CEP120,exact,CEP120
4097,CSNK1G3,exact,CSNK1G3
4098,GRAMD2B,exact,GRAMD2B
4099,AC093535.1,unmatched,
4100,ALDH7A1,exact,ALDH7A1
4101,PHAX,exact,PHAX
4102,LMNB1,exact,LMNB1
4103,MARCH3,official_alias,MARCH3
4104,C5orf63,exact,C5orf63
4105,AC011416.3,unmatched,
4106,PRRC1,exact,PRRC1
4107,LINC01184,unmatched,
4108,SLC12A2,exact,SLC12A2
4109,ISOC1,exact,ISOC1
4110,HINT1,exact,HINT1
4111,LYRM7,exact,LYRM7
4112,CDC42SE2,exact,CDC42SE2
4113,RAPGEF6,exact,RAPGEF6
4114,FNIP1,exact,FNIP1
4115,ACSL6,exact,ACSL6
4116,SLC22A5,exact,SLC22A5
4117,AC116366.3,unmatched,
4118,AC116366.1,unmatched,
4119,IRF1,exact,IRF1
4120,RAD50,exact,RAD50
4121,KIF3A,exact,KIF3A
4122,CCNI2,exact,CCNI2
4123,SEPT8,official_alias,SEPT8
4124,SHROOM1,exact,SHROOM1
4125,UQCRQ,exact,UQCRQ
4126,LEAP2,exact,LEAP2
4127,AFF4,exact,AFF4
4128,ZCCHC10,exact,ZCCHC10
4129,HSPA4,exact,HSPA4
4130,C5orf15,exact,C5orf15
4131,VDAC1,exact,VDAC1
4132,AC008608.2,unmatched,
4133,TCF7,exact,TCF7
4134,SKP1,exact,SKP1
4135,PPP2CA,exact,PPP2CA
4136,AC104109.2,unmatched,
4137,CDKL3,exact,CDKL3
4138,UBE2B,exact,UBE2B
4139,AC109454.2,unmatched,
4140,CDKN2AIPNL,exact,CDKN2AIPNL
4141,JADE2,exact,JADE2
4142,SAR1B,exact,SAR1B
4143,SEC24A,exact,SEC24A
4144,CAMLG,exact,CAMLG
4145,DDX46,exact,DDX46
4146,C5orf24,exact,C5orf24
4147,TXNDC15,exact,TXNDC15
4148,PCBD2,exact,PCBD2
4149,C5orf66,unmatched,
4150,H2AFY,official_alias,H2AFY
4151,AC026691.1,unmatched,
4152,SMAD5,exact,SMAD5
4153,KLHL3,exact,KLHL3
4154,HNRNPA0,exact,HNRNPA0
4155,AC106791.1,unmatched,
4156,PKD2L2,exact,PKD2L2
4157,FAM13B,exact,FAM13B
4158,BRD8,exact,BRD8
4159,CDC23,exact,CDC23
4160,FAM53C,exact,FAM53C
4161,KDM3B,exact,KDM3B
4162,REEP2,exact,REEP2
4163,ETF1,exact,ETF1
4164,HSPA9,exact,HSPA9
4165,CTNNA1,exact,CTNNA1
4166,SIL1,exact,SIL1
4167,AC011405.1,unmatched,
4168,MATR3,exact,MATR3
4169,SNHG4,exact,SNHG4
4170,MATR3.1,unmatched,
4171,PAIP2,exact,PAIP2
4172,PROB1,exact,PROB1
4173,SPATA24,exact,SPATA24
4174,DNAJC18,exact,DNAJC18
4175,SMIM33,exact,SMIM33
4176,TMEM173,official_alias,TMEM173
4177,UBE2D2,exact,UBE2D2
4178,CXXC5,exact,CXXC5
4179,NRG2,exact,NRG2
4180,MALINC1,exact,MALINC1
4181,PURA,exact,PURA
4182,IGIP,exact,IGIP
4183,CYSTM1,exact,CYSTM1
4184,PFDN1,exact,PFDN1
4185,ANKHD1,exact,ANKHD1
4186,ANKHD1-EIF4EBP3,exact,ANKHD1-EIF4EBP3
4187,SRA1,exact,SRA1
4188,EIF4EBP3,exact,EIF4EBP3
4189,APBB3,exact,APBB3
4190,SLC35A4,exact,SLC35A4
4191,CD14,exact,CD14
4192,NDUFA2,exact,NDUFA2
4193,TMCO6,exact,TMCO6
4194,IK,exact,IK
4195,WDR55,exact,WDR55
4196,DND1,exact,DND1
4197,HARS,official_alias,HARS
4198,HARS2,exact,HARS2
4199,ZMAT2,exact,ZMAT2
4200,TAF7,exact,TAF7
4201,AC005618.1,unmatched,
4202,PCDHGB2,exact,PCDHGB2
4203,PCDHGA5,exact,PCDHGA5
4204,PCDHGA6,exact,PCDHGA6
4205,PCDHGA8,exact,PCDHGA8
4206,PCDHGA9,exact,PCDHGA9
4207,PCDHGA10,exact,PCDHGA10
4208,PCDHGA12,exact,PCDHGA12
4209,DIAPH1,exact,DIAPH1
4210,HDAC3,exact,HDAC3
4211,RELL2,exact,RELL2
4212,FCHSD1,exact,FCHSD1
4213,ARAP3,exact,ARAP3
4214,DELE1,exact,DELE1
4215,RNF14,exact,RNF14
4216,GNPDA1,exact,GNPDA1
4217,NDFIP1,exact,NDFIP1
4218,ARHGAP26,exact,ARHGAP26
4219,NR3C1,exact,NR3C1
4220,YIPF5,exact,YIPF5
4221,PRELID2,exact,PRELID2
4222,PLAC8L1,exact,PLAC8L1
4223,LARS,official_alias,LARS
4224,AC091959.3,unmatched,
4225,RBM27,exact,RBM27
4226,TCERG1,exact,TCERG1
4227,PPP2R2B,exact,PPP2R2B
4228,JAKMIP2,exact,JAKMIP2
4229,FBXO38,exact,FBXO38
4230,AC114939.1,unmatched,
4231,ADRB2,exact,ADRB2
4232,AFAP1L1,exact,AFAP1L1
4233,GRPEL2,exact,GRPEL2
4234,PCYOX1L,exact,PCYOX1L
4235,CSNK1A1,exact,CSNK1A1
4236,ARHGEF37,exact,ARHGEF37
4237,PPARGC1B,exact,PPARGC1B
4238,PDE6A,exact,PDE6A
4239,SLC26A2,exact,SLC26A2
4240,TIGD6,exact,TIGD6
4241,HMGXB3,exact,HMGXB3
4242,PDGFRB,exact,PDGFRB
4243,TCOF1,exact,TCOF1
4244,CD74,exact,CD74
4245,RPS14,exact,RPS14
4246,RBM22,exact,RBM22
4247,DCTN4,exact,DCTN4
4248,SMIM3,exact,SMIM3
4249,ZNF300,exact,ZNF300
4250,TNIP1,exact,TNIP1
4251,ANXA6,exact,ANXA6
4252,CCDC69,exact,CCDC69
4253,GM2A,exact,GM2A
4254,SLC36A1,exact,SLC36A1
4255,AC011337.1,unmatched,
4256,AC011374.2,unmatched,
4257,ATOX1,exact,ATOX1
4258,AC091982.3,unmatched,
4259,G3BP1,exact,G3BP1
4260,FAM114A2,exact,FAM114A2
4261,MFAP3,exact,MFAP3
4262,GALNT10,exact,GALNT10
4263,SAP30L-AS1,exact,SAP30L-AS1
4264,SAP30L,exact,SAP30L
4265,LARP1,exact,LARP1
4266,FAXDC2,exact,FAXDC2
4267,CNOT8,exact,CNOT8
4268,GEMIN5,exact,GEMIN5
4269,MRPL22,exact,MRPL22
4270,SGCD,exact,SGCD
4271,TIMD4,exact,TIMD4
4272,HAVCR1,exact,HAVCR1
4273,HAVCR2,exact,HAVCR2
4274,MED7,exact,MED7
4275,ITK,exact,ITK
4276,CYFIP2,exact,CYFIP2
4277,AC008676.1,unmatched,
4278,THG1L,exact,THG1L
4279,LSM11,exact,LSM11
4280,CLINT1,exact,CLINT1
4281,RNF145,exact,RNF145
4282,UBLCP1,exact,UBLCP1
4283,TTC1,exact,TTC1
4284,PWWP2A,exact,PWWP2A
4285,ZBED8,unmatched,
4286,SLU7,exact,SLU7
4287,PTTG1,exact,PTTG1
4288,MIR3142HG,exact,MIR3142HG
4289,CCNG1,exact,CCNG1
4290,NUDCD2,exact,NUDCD2
4291,HMMR,exact,HMMR
4292,MAT2B,exact,MAT2B
4293,RARS,official_alias,RARS
4294,PANK3,exact,PANK3
4295,SPDL1,exact,SPDL1
4296,DOCK2,exact,DOCK2
4297,C5orf58,exact,C5orf58
4298,LCP2,exact,LCP2
4299,LINC01366,exact,LINC01366
4300,KCNMB1,exact,KCNMB1
4301,NPM1,exact,NPM1
4302,FBXW11,exact,FBXW11
4303,STK10,exact,STK10
4304,UBTD2,exact,UBTD2
4305,DUSP1,exact,DUSP1
4306,ERGIC1,exact,ERGIC1
4307,AC008429.1,unmatched,
4308,AC008429.3,unmatched,
4309,RPL26L1,exact,RPL26L1
4310,ATP6V0E1,exact,ATP6V0E1
4311,CREBRF,exact,CREBRF
4312,BNIP1,exact,BNIP1
4313,BOD1,exact,BOD1
4314,CPEB4,exact,CPEB4
4315,SFXN1,exact,SFXN1
4316,HRH2,exact,HRH2
4317,THOC3,exact,THOC3
4318,FAM153B,unmatched,
4319,AC139491.7,unmatched,
4320,SIMC1,exact,SIMC1
4321,KIAA1191,exact,KIAA1191
4322,ARL10,exact,ARL10
4323,NOP16,exact,NOP16
4324,HIGD2A,exact,HIGD2A
4325,CLTB,exact,CLTB
4326,FAF2,exact,FAF2
4327,RNF44,exact,RNF44
4328,TSPAN17,exact,TSPAN17
4329,UIMC1,exact,UIMC1
4330,ZNF346,exact,ZNF346
4331,NSD1,exact,NSD1
4332,RAB24,exact,RAB24
4333,MXD3,exact,MXD3
4334,PRELID1,exact,PRELID1
4335,LMAN2,exact,LMAN2
4336,RGS14,exact,RGS14
4337,GRK6,exact,GRK6
4338,PRR7,exact,PRR7
4339,DBN1,exact,DBN1
4340,PDLIM7,exact,PDLIM7
4341,DDX41,exact,DDX41
4342,FAM193B,exact,FAM193B
4343,AC139795.3,unmatched,
4344,TMED9,exact,TMED9
4345,B4GALT7,exact,B4GALT7
4346,AC139795.2,unmatched,
4347,FAM153A,exact,FAM153A
4348,AC140125.2,unmatched,
4349,AC106795.2,unmatched,
4350,AC106795.5,unmatched,
4351,FAM153C,official_alias,FAM153C
4352,N4BP3,exact,N4BP3
4353,RMND5B,exact,RMND5B
4354,NHP2,exact,NHP2
4355,HNRNPAB,exact,HNRNPAB
4356,PHYKPL,exact,PHYKPL
4357,CLK4,exact,CLK4
4358,ZNF354A,exact,ZNF354A
4359,ZNF354B,exact,ZNF354B
4360,ZFP2,exact,ZFP2
4361,ZNF879,exact,ZNF879
4362,ZNF354C,exact,ZNF354C
4363,RUFY1,exact,RUFY1
4364,HNRNPH1,exact,HNRNPH1
4365,CANX,exact,CANX
4366,MAML1,exact,MAML1
4367,LTC4S,exact,LTC4S
4368,MGAT4B,exact,MGAT4B
4369,SQSTM1,exact,SQSTM1
4370,MRNIP,exact,MRNIP
4371,AC008393.1,unmatched,
4372,TBC1D9B,exact,TBC1D9B
4373,RNF130,exact,RNF130
4374,MAPK9,exact,MAPK9
4375,AC008610.1,unmatched,
4376,GFPT2,exact,GFPT2
4377,CNOT6,exact,CNOT6
4378,FLT4,exact,FLT4
4379,MGAT1,exact,MGAT1
4380,LINC00847,exact,LINC00847
4381,ZFP62,exact,ZFP62
4382,AC008443.5,unmatched,
4383,TRIM41,exact,TRIM41
4384,RACK1,exact,RACK1
4385,TRIM52,exact,TRIM52
4386,AC138035.1,unmatched,
4387,DUSP22,exact,DUSP22
4388,IRF4,exact,IRF4
4389,EXOC2,exact,EXOC2
4390,HUS1B,exact,HUS1B
4391,AL357054.4,unmatched,
4392,AL512329.2,unmatched,
4393,GMDS,exact,GMDS
4394,GMDS-DT,exact,GMDS-DT
4395,WRNIP1,exact,WRNIP1
4396,SERPINB1,exact,SERPINB1
4397,SERPINB9P1,unmatched,
4398,SERPINB9,exact,SERPINB9
4399,SERPINB6,exact,SERPINB6
4400,LINC01011,exact,LINC01011
4401,NQO2,exact,NQO2
4402,RIPK1,exact,RIPK1
4403,AL031963.3,unmatched,
4404,BPHL,exact,BPHL
4405,TUBB2A,exact,TUBB2A
4406,PSMG4,exact,PSMG4
4407,SLC22A23,exact,SLC22A23
4408,FAM50B,exact,FAM50B
4409,AL138831.2,unmatched,
4410,PRPF4B,exact,PRPF4B
4411,ECI2,exact,ECI2
4412,AL136309.2,unmatched,
4413,CDYL,exact,CDYL
4414,RPP40,exact,RPP40
4415,AL359643.3,unmatched,
4416,LYRM4,exact,LYRM4
4417,FARS2,exact,FARS2
4418,AL022097.1,unmatched,
4419,NRN1,exact,NRN1
4420,RREB1,exact,RREB1
4421,SSR1,exact,SSR1
4422,RIOK1,exact,RIOK1
4423,SNRNP48,exact,SNRNP48
4424,BLOC1S5,exact,BLOC1S5
4425,EEF1E1,exact,EEF1E1
4426,SLC35B3,exact,SLC35B3
4427,GCNT2,exact,GCNT2
4428,C6orf52,exact,C6orf52
4429,PAK1IP1,exact,PAK1IP1
4430,TMEM14C,exact,TMEM14C
4431,AL024498.1,unmatched,
4432,TMEM14B,exact,TMEM14B
4433,MAK,exact,MAK
4434,SMIM13,exact,SMIM13
4435,NEDD9,exact,NEDD9
4436,TMEM170B,exact,TMEM170B
4437,ADTRP,exact,ADTRP
4438,HIVEP1,exact,HIVEP1
4439,EDN1,exact,EDN1
4440,PHACTR1,exact,PHACTR1
4441,AL008729.1,unmatched,
4442,TBC1D7,exact,TBC1D7
4443,AL008729.2,unmatched,
4444,GFOD1,exact,GFOD1
4445,SIRT5,exact,SIRT5
4446,AL441883.1,unmatched,
4447,NOL7,exact,NOL7
4448,RANBP9,exact,RANBP9
4449,MCUR1,exact,MCUR1
4450,CD83,exact,CD83
4451,AL136162.1,unmatched,
4452,JARID2,exact,JARID2
4453,DTNBP1,exact,DTNBP1
4454,MYLIP,exact,MYLIP
4455,GMPR,exact,GMPR
4456,ATXN1,exact,ATXN1
4457,AL137003.2,unmatched,
4458,STMND1,exact,STMND1
4459,FAM8A1,exact,FAM8A1
4460,NUP153,exact,NUP153
4461,AL138724.1,unmatched,
4462,NHLRC1,exact,NHLRC1
4463,TPMT,exact,TPMT
4464,KDM1B,exact,KDM1B
4465,DEK,exact,DEK
4466,RNF144B,exact,RNF144B
4467,MBOAT1,exact,MBOAT1
4468,E2F3,exact,E2F3
4469,CDKAL1,exact,CDKAL1
4470,SOX4,exact,SOX4
4471,CASC15,unmatched,
4472,PRL,exact,PRL
4473,DCDC2,exact,DCDC2
4474,MRS2,exact,MRS2
4475,GPLD1,exact,GPLD1
4476,ALDH5A1,exact,ALDH5A1
4477,TDP2,exact,TDP2
4478,ACOT13,exact,ACOT13
4479,AL031775.1,unmatched,
4480,C6orf62,exact,C6orf62
4481,AL031775.2,unmatched,
4482,GMNN,exact,GMNN
4483,ARMH2,exact,ARMH2
4484,RIPOR2,exact,RIPOR2
4485,CARMIL1,exact,CARMIL1
4486,TRIM38,exact,TRIM38
4487,U91328.1,unmatched,
4488,HIST1H1A,official_alias,HIST1H1A
4489,HIST1H3A,official_alias,HIST1H3A
4490,HIST1H1C,official_alias,HIST1H1C
4491,HFE,exact,HFE
4492,HIST1H4C,official_alias,HIST1H4C
4493,HIST1H2BC,official_alias,HIST1H2BC
4494,HIST1H2AC,official_alias,HIST1H2AC
4495,HIST1H1E,official_alias,HIST1H1E
4496,HIST1H2BD,official_alias,HIST1H2BD
4497,AL353759.1,unmatched,
4498,HIST1H2BE,official_alias,HIST1H2BE
4499,AL031777.3,unmatched,
4500,HIST1H2BF,official_alias,HIST1H2BF
4501,HIST1H4E,official_alias,HIST1H4E
4502,HIST1H2BG,official_alias,HIST1H2BG
4503,HIST1H3E,official_alias,HIST1H3E
4504,HIST1H1D,official_alias,HIST1H1D
4505,HIST1H2BH,official_alias,HIST1H2BH
4506,HIST1H4H,official_alias,HIST1H4H
4507,BTN3A2,exact,BTN3A2
4508,BTN2A2,exact,BTN2A2
4509,BTN3A1,exact,BTN3A1
4510,BTN3A3,exact,BTN3A3
4511,BTN2A1,exact,BTN2A1
4512,HCG11,exact,HCG11
4513,HMGN4,exact,HMGN4
4514,AL121936.1,unmatched,
4515,ABT1,exact,ABT1
4516,AL513548.3,unmatched,
4517,ZNF322,exact,ZNF322
4518,AL513548.1,unmatched,
4519,LINC00240,exact,LINC00240
4520,HIST1H2BJ,official_alias,HIST1H2BJ
4521,HIST1H2AG,official_alias,HIST1H2AG
4522,ZNF391,exact,ZNF391
4523,AL031118.1,unmatched,
4524,ZNF184,exact,ZNF184
4525,AL009179.1,unmatched,
4526,HIST1H3H,official_alias,HIST1H3H
4527,HIST1H4J,official_alias,HIST1H4J
4528,HIST1H2BN,official_alias,HIST1H2BN
4529,AL121944.1,unmatched,
4530,ZNF165,exact,ZNF165
4531,ZSCAN16-AS1,exact,ZSCAN16-AS1
4532,ZSCAN16,exact,ZSCAN16
4533,ZKSCAN8,exact,ZKSCAN8
4534,ZSCAN9,exact,ZSCAN9
4535,ZKSCAN4,exact,ZKSCAN4
4536,NKAPL,exact,NKAPL
4537,ZSCAN26,exact,ZSCAN26
4538,PGBD1,exact,PGBD1
4539,ZSCAN31,exact,ZSCAN31
4540,ZKSCAN3,exact,ZKSCAN3
4541,ZSCAN12,exact,ZSCAN12
4542,ZSCAN23,exact,ZSCAN23
4543,ZBED9,unmatched,
4544,AL049543.1,unmatched,
4545,TRIM27,exact,TRIM27
4546,HCG15,unmatched,
4547,AL645937.4,unmatched,
4548,GABBR1,exact,GABBR1
4549,HLA-F,exact,HLA-F
4550,HLA-G,exact,HLA-G
4551,HLA-A,exact,HLA-A
4552,ZNRD1,official_alias,ZNRD1
4553,PPP1R11,exact,PPP1R11
4554,TRIM26,exact,TRIM26
4555,HCG18,exact,HCG18
4556,TRIM39,exact,TRIM39
4557,RPP21,exact,RPP21
4558,HLA-E,exact,HLA-E
4559,LINC02569,unmatched,
4560,GNL1,exact,GNL1
4561,PRR3,exact,PRR3
4562,ABCF1,exact,ABCF1
4563,PPP1R10,exact,PPP1R10
4564,MRPS18B,exact,MRPS18B
4565,ATAT1,exact,ATAT1
4566,C6orf136,exact,C6orf136
4567,DHX16,exact,DHX16
4568,PPP1R18,exact,PPP1R18
4569,NRM,exact,NRM
4570,MDC1,exact,MDC1
4571,TUBB,exact,TUBB
4572,FLOT1,exact,FLOT1
4573,IER3-AS1,exact,IER3-AS1
4574,IER3,exact,IER3
4575,HCG20,exact,HCG20
4576,LINC00243,exact,LINC00243
4577,DDR1,exact,DDR1
4578,GTF2H4,exact,GTF2H4
4579,VARS2,exact,VARS2
4580,CCHCR1,exact,CCHCR1
4581,TCF19,exact,TCF19
4582,POU5F1,exact,POU5F1
4583,AL662844.4,unmatched,
4584,HCG27,exact,HCG27
4585,HLA-C,exact,HLA-C
4586,HLA-B,exact,HLA-B
4587,AL645933.2,unmatched,
4588,MICA,exact,MICA
4589,MICB,exact,MICB
4590,DDX39B,exact,DDX39B
4591,ATP6V1G2,exact,ATP6V1G2
4592,NFKBIL1,exact,NFKBIL1
4593,LTA,exact,LTA
4594,TNF,exact,TNF
4595,LTB,exact,LTB
4596,LST1,exact,LST1
4597,NCR3,exact,NCR3
4598,AIF1,exact,AIF1
4599,PRRC2A,exact,PRRC2A
4600,BAG6,exact,BAG6
4601,APOM,exact,APOM
4602,C6orf47,exact,C6orf47
4603,GPANK1,exact,GPANK1
4604,CSNK2B,exact,CSNK2B
4605,LY6G5B,exact,LY6G5B
4606,LY6G5C,exact,LY6G5C
4607,ABHD16A,exact,ABHD16A
4608,MPIG6B,exact,MPIG6B
4609,DDAH2,exact,DDAH2
4610,CLIC1,exact,CLIC1
4611,MSH5,exact,MSH5
4612,VARS,official_alias,VARS
4613,LSM2,exact,LSM2
4614,HSPA1L,exact,HSPA1L
4615,HSPA1A,exact,HSPA1A
4616,HSPA1B,exact,HSPA1B
4617,C6orf48,official_alias,C6orf48
4618,NEU1,exact,NEU1
4619,EHMT2,exact,EHMT2
4620,ZBTB12,exact,ZBTB12
4621,NELFE,exact,NELFE
4622,SKIV2L,unmatched,
4623,DXO,exact,DXO
4624,STK19,exact,STK19
4625,TNXB,exact,TNXB
4626,ATF6B,exact,ATF6B
4627,FKBPL,exact,FKBPL
4628,PRRT1,exact,PRRT1
4629,AL662884.4,unmatched,
4630,PPT2,exact,PPT2
4631,PPT2-EGFL8,exact,PPT2-EGFL8
4632,EGFL8,exact,EGFL8
4633,AGPAT1,exact,AGPAT1
4634,RNF5,exact,RNF5
4635,AGER,exact,AGER
4636,PBX2,exact,PBX2
4637,GPSM3,exact,GPSM3
4638,NOTCH4,exact,NOTCH4
4639,HLA-DRA,exact,HLA-DRA
4640,HLA-DRB5,exact,HLA-DRB5
4641,HLA-DRB1,exact,HLA-DRB1
4642,HLA-DQA1,exact,HLA-DQA1
4643,HLA-DQB1,exact,HLA-DQB1
4644,HLA-DOB,exact,HLA-DOB
4645,TAP2,exact,TAP2
4646,PSMB8,exact,PSMB8
4647,PSMB8-AS1,exact,PSMB8-AS1
4648,PSMB9,exact,PSMB9
4649,TAP1,exact,TAP1
4650,HLA-DMB,exact,HLA-DMB
4651,HLA-DMA,exact,HLA-DMA
4652,BRD2,exact,BRD2
4653,HLA-DOA,exact,HLA-DOA
4654,HLA-DPA1,exact,HLA-DPA1
4655,HLA-DPB1,exact,HLA-DPB1
4656,RXRB,exact,RXRB
4657,SLC39A7,exact,SLC39A7
4658,HSD17B8,exact,HSD17B8
4659,RING1,exact,RING1
4660,HCG25,exact,HCG25
4661,VPS52,exact,VPS52
4662,RPS18,exact,RPS18
4663,B3GALT4,exact,B3GALT4
4664,WDR46,exact,WDR46
4665,PFDN6,exact,PFDN6
4666,RGL2,exact,RGL2
4667,TAPBP,exact,TAPBP
4668,ZBTB22,exact,ZBTB22
4669,DAXX,exact,DAXX
4670,PHF1,exact,PHF1
4671,CUTA,exact,CUTA
4672,SYNGAP1,exact,SYNGAP1
4673,SYNGAP1-AS1,exact,SYNGAP1-AS1
4674,BAK1,exact,BAK1
4675,ITPR3,exact,ITPR3
4676,UQCC2,exact,UQCC2
4677,LEMD2,exact,LEMD2
4678,HMGA1,exact,HMGA1
4679,SMIM29,exact,SMIM29
4680,NUDT3,exact,NUDT3
4681,RPS10,exact,RPS10
4682,PACSIN1,exact,PACSIN1
4683,C6orf106,official_alias,C6orf106
4684,AL451165.2,unmatched,
4685,SNRPC,exact,SNRPC
4686,UHRF1BP1,official_alias,UHRF1BP1
4687,TAF11,exact,TAF11
4688,ANKS1A,exact,ANKS1A
4689,SCUBE3,exact,SCUBE3
4690,Z97832.2,unmatched,
4691,ZNF76,exact,ZNF76
4692,DEF6,exact,DEF6
4693,PPARD,exact,PPARD
4694,FANCE,exact,FANCE
4695,RPL10A,exact,RPL10A
4696,TEAD3,exact,TEAD3
4697,FKBP5,exact,FKBP5
4698,ARMC12,exact,ARMC12
4699,SRPK1,exact,SRPK1
4700,MAPK14,exact,MAPK14
4701,MAPK13,exact,MAPK13
4702,Z84485.1,unmatched,
4703,BRPF3,exact,BRPF3
4704,KCTD20,exact,KCTD20
4705,STK38,exact,STK38
4706,SRSF3,exact,SRSF3
4707,PPIL1,exact,PPIL1
4708,C6orf89,exact,C6orf89
4709,PI16,exact,PI16
4710,MTCH1,exact,MTCH1
4711,PIM1,exact,PIM1
4712,TMEM217,exact,TMEM217
4713,TBC1D22B,exact,TBC1D22B
4714,RNF8,exact,RNF8
4715,CMTR1,exact,CMTR1
4716,CCDC167,exact,CCDC167
4717,MDGA1,exact,MDGA1
4718,ZFAND3,exact,ZFAND3
4719,BTBD9,exact,BTBD9
4720,GLO1,exact,GLO1
4721,SAYSD1,exact,SAYSD1
4722,MOCS1,exact,MOCS1
4723,LRFN2,exact,LRFN2
4724,UNC5CL,exact,UNC5CL
4725,OARD1,exact,OARD1
4726,APOBEC2,exact,APOBEC2
4727,NFYA,exact,NFYA
4728,FOXP4,exact,FOXP4
4729,TFEB,exact,TFEB
4730,FRS3,exact,FRS3
4731,AL365205.1,unmatched,
4732,USP49,exact,USP49
4733,MED20,exact,MED20
4734,BYSL,exact,BYSL
4735,CCND3,exact,CCND3
4736,TAF8,exact,TAF8
4737,C6orf132,exact,C6orf132
4738,MRPS10,exact,MRPS10
4739,TRERF1,exact,TRERF1
4740,UBR2,exact,UBR2
4741,TBCC,exact,TBCC
4742,BICRAL,exact,BICRAL
4743,RPL7L1,exact,RPL7L1
4744,C6orf226,exact,C6orf226
4745,CNPY3,exact,CNPY3
4746,AL035587.1,unmatched,
4747,GNMT,exact,GNMT
4748,PEX6,exact,PEX6
4749,PPP2R5D,exact,PPP2R5D
4750,MEA1,exact,MEA1
4751,KLHDC3,exact,KLHDC3
4752,RRP36,exact,RRP36
4753,AL136304.1,unmatched,
4754,CUL7,exact,CUL7
4755,KLC4,exact,KLC4
4756,MRPL2,exact,MRPL2
4757,PTK7,exact,PTK7
4758,SRF,exact,SRF
4759,CUL9,exact,CUL9
4760,DNPH1,exact,DNPH1
4761,ZNF318,exact,ZNF318
4762,ABCC10,exact,ABCC10
4763,DLK2,exact,DLK2
4764,TJAP1,exact,TJAP1
4765,POLR1C,exact,POLR1C
4766,YIPF3,exact,YIPF3
4767,XPO5,exact,XPO5
4768,POLH,exact,POLH
4769,GTPBP2,exact,GTPBP2
4770,MAD2L1BP,exact,MAD2L1BP
4771,MRPS18A,exact,MRPS18A
4772,MRPL14,exact,MRPL14
4773,TMEM63B,exact,TMEM63B
4774,SLC29A1,exact,SLC29A1
4775,HSP90AB1,exact,HSP90AB1
4776,SLC35B2,exact,SLC35B2
4777,NFKBIE,exact,NFKBIE
4778,AARS2,exact,AARS2
4779,CDC5L,exact,CDC5L
4780,SUPT3H,exact,SUPT3H
4781,RUNX2,exact,RUNX2
4782,AL096865.1,unmatched,
4783,CLIC5,exact,CLIC5
4784,AL035701.1,unmatched,
4785,ENPP4,exact,ENPP4
4786,ENPP5,exact,ENPP5
4787,RCAN2,exact,RCAN2
4788,SLC25A27,exact,SLC25A27
4789,AL355353.1,unmatched,
4790,CD2AP,exact,CD2AP
4791,MUT,official_alias,MUT
4792,CENPQ,exact,CENPQ
4793,RHAG,exact,RHAG
4794,MCM3,exact,MCM3
4795,PAQR8,exact,PAQR8
4796,EFHC1,exact,EFHC1
4797,TRAM2,exact,TRAM2
4798,TRAM2-AS1,exact,TRAM2-AS1
4799,TMEM14A,exact,TMEM14A
4800,GSTA4,exact,GSTA4
4801,ICK,official_alias,ICK
4802,FBXO9,exact,FBXO9
4803,ELOVL5,exact,ELOVL5
4804,GCLC,exact,GCLC
4805,KLHL31,exact,KLHL31
4806,LRRC1,exact,LRRC1
4807,DST,exact,DST
4808,KIAA1586,exact,KIAA1586
4809,ZNF451,exact,ZNF451
4810,BAG2,exact,BAG2
4811,RAB23,exact,RAB23
4812,PRIM2,exact,PRIM2
4813,AL021368.3,unmatched,
4814,AL021368.1,unmatched,
4815,AL021368.2,unmatched,
4816,PTP4A1,exact,PTP4A1
4817,AL135905.1,unmatched,
4818,PHF3,exact,PHF3
4819,EYS,exact,EYS
4820,LMBRD1,exact,LMBRD1
4821,FAM135A,exact,FAM135A
4822,SDHAF4,exact,SDHAF4
4823,AL583856.2,unmatched,
4824,SMAP1,exact,SMAP1
4825,B3GAT2,exact,B3GAT2
4826,OGFRL1,exact,OGFRL1
4827,KCNQ5,exact,KCNQ5
4828,KHDC1,exact,KHDC1
4829,AC019205.1,unmatched,
4830,DDX43,exact,DDX43
4831,CGAS,exact,CGAS
4832,MTO1,exact,MTO1
4833,AL603910.1,unmatched,
4834,EEF1A1,exact,EEF1A1
4835,AL121972.1,unmatched,
4836,SLC17A5,exact,SLC17A5
4837,CD109,exact,CD109
4838,COX7A2,exact,COX7A2
4839,TMEM30A,exact,TMEM30A
4840,AL080250.1,unmatched,
4841,FILIP1,exact,FILIP1
4842,SENP6,exact,SENP6
4843,MYO6,exact,MYO6
4844,IRAK1BP1,exact,IRAK1BP1
4845,PHIP,exact,PHIP
4846,HMGN3,exact,HMGN3
4847,HMGN3-AS1,exact,HMGN3-AS1
4848,LCA5,exact,LCA5
4849,SH3BGRL2,exact,SH3BGRL2
4850,ELOVL4,exact,ELOVL4
4851,TTK,exact,TTK
4852,BCKDHB,exact,BCKDHB
4853,AL359715.3,unmatched,
4854,AL359715.2,unmatched,
4855,TENT5A,exact,TENT5A
4856,IBTK,exact,IBTK
4857,UBE3D,exact,UBE3D
4858,DOPEY1,official_alias,DOPEY1
4859,PGM3,exact,PGM3
4860,RWDD2A,exact,RWDD2A
4861,CYB5R4,exact,CYB5R4
4862,CEP162,exact,CEP162
4863,NT5E,exact,NT5E
4864,SNX14,exact,SNX14
4865,SYNCRIP,exact,SYNCRIP
4866,AL139274.2,unmatched,
4867,ZNF292,exact,ZNF292
4868,GJB7,exact,GJB7
4869,SMIM8,exact,SMIM8
4870,C6orf163,exact,C6orf163
4871,SLC35A1,exact,SLC35A1
4872,RARS2,exact,RARS2
4873,ORC3,exact,ORC3
4874,AKIRIN2,exact,AKIRIN2
4875,RNGTT,exact,RNGTT
4876,PNRC1,exact,PNRC1
4877,SRSF12,exact,SRSF12
4878,PM20D2,exact,PM20D2
4879,UBE2J1,exact,UBE2J1
4880,RRAGD,exact,RRAGD
4881,ANKRD6,exact,ANKRD6
4882,LYRM2,exact,LYRM2
4883,MDN1,exact,MDN1
4884,CASP8AP2,exact,CASP8AP2
4885,BACH2,exact,BACH2
4886,AL132996.1,unmatched,
4887,MAP3K7,exact,MAP3K7
4888,MANEA-DT,exact,MANEA-DT
4889,MANEA,exact,MANEA
4890,UFL1,exact,UFL1
4891,GPR63,exact,GPR63
4892,NDUFAF4,exact,NDUFAF4
4893,KLHL32,exact,KLHL32
4894,MMS22L,exact,MMS22L
4895,FBXL4,exact,FBXL4
4896,FAXC,exact,FAXC
4897,COQ3,exact,COQ3
4898,PNISR,exact,PNISR
4899,AL513550.1,unmatched,
4900,USP45,exact,USP45
4901,TSTD3,exact,TSTD3
4902,CCNC,exact,CCNC
4903,ASCC3,exact,ASCC3
4904,AL133338.1,unmatched,
4905,HACE1,exact,HACE1
4906,PREP,exact,PREP
4907,ATG5,exact,ATG5
4908,PRDM1,exact,PRDM1
4909,CRYBG1,exact,CRYBG1
4910,RTN4IP1,exact,RTN4IP1
4911,QRSL1,exact,QRSL1
4912,CD24,exact,CD24
4913,C6orf203,official_alias,C6orf203
4914,BEND3,exact,BEND3
4915,PDSS2,exact,PDSS2
4916,SOBP,exact,SOBP
4917,SCML4,exact,SCML4
4918,SEC63,exact,SEC63
4919,AL024507.2,unmatched,
4920,OSTM1,exact,OSTM1
4921,SNX3,exact,SNX3
4922,AFG1L,exact,AFG1L
4923,FOXO3,exact,FOXO3
4924,ARMC2,exact,ARMC2
4925,SESN1,exact,SESN1
4926,CEP57L1,exact,CEP57L1
4927,CD164,exact,CD164
4928,AL359711.2,unmatched,
4929,PPIL6,exact,PPIL6
4930,SMPD2,exact,SMPD2
4931,MICAL1,exact,MICAL1
4932,ZBTB24,exact,ZBTB24
4933,AK9,exact,AK9
4934,FIG4,exact,FIG4
4935,WASF1,exact,WASF1
4936,CDC40,exact,CDC40
4937,METTL24,exact,METTL24
4938,CDK19,exact,CDK19
4939,AMD1,exact,AMD1
4940,GTF3C6,exact,GTF3C6
4941,RPF2,exact,RPF2
4942,SLC16A10,exact,SLC16A10
4943,MFSD4B,exact,MFSD4B
4944,AL080317.1,unmatched,
4945,AL080317.2,unmatched,
4946,REV3L,exact,REV3L
4947,AL080317.3,unmatched,
4948,TRAF3IP2-AS1,exact,TRAF3IP2-AS1
4949,TRAF3IP2,exact,TRAF3IP2
4950,Z97989.1,unmatched,
4951,FYN,exact,FYN
4952,TUBE1,exact,TUBE1
4953,FAM229B,exact,FAM229B
4954,HDAC2,exact,HDAC2
4955,NT5DC1,exact,NT5DC1
4956,TSPYL4,exact,TSPYL4
4957,DSE,exact,DSE
4958,TSPYL1,exact,TSPYL1
4959,CALHM6,exact,CALHM6
4960,RWDD1,exact,RWDD1
4961,RSPH4A,exact,RSPH4A
4962,ZUP1,exact,ZUP1
4963,KPNA5,exact,KPNA5
4964,DCBLD1,exact,DCBLD1
4965,GOPC,exact,GOPC
4966,NUS1,exact,NUS1
4967,CEP85L,exact,CEP85L
4968,PLN,exact,PLN
4969,MCM9,exact,MCM9
4970,ASF1A,exact,ASF1A
4971,FAM184A,exact,FAM184A
4972,MAN1A1,exact,MAN1A1
4973,TBC1D32,exact,TBC1D32
4974,HSF2,exact,HSF2
4975,SERINC1,exact,SERINC1
4976,TPD52L1,exact,TPD52L1
4977,HDDC2,exact,HDDC2
4978,NCOA7,exact,NCOA7
4979,HINT3,exact,HINT3
4980,TRMT11,exact,TRMT11
4981,CENPW,exact,CENPW
4982,RNF146,exact,RNF146
4983,ECHDC1,exact,ECHDC1
4984,THEMIS,exact,THEMIS
4985,PTPRK,exact,PTPRK
4986,AL590006.1,unmatched,
4987,ARHGAP18,exact,ARHGAP18
4988,L3MBTL3,exact,L3MBTL3
4989,AL355581.1,unmatched,
4990,SAMD3,exact,SAMD3
4991,EPB41L2,exact,EPB41L2
4992,AKAP7,exact,AKAP7
4993,MED23,exact,MED23
4994,ENPP3,exact,ENPP3
4995,STX7,exact,STX7
4996,VNN2,exact,VNN2
4997,AL032821.1,unmatched,
4998,SLC18B1,exact,SLC18B1
4999,RPS12,exact,RPS12
5000,TBPL1,exact,TBPL1
5001,SGK1,exact,SGK1
5002,ALDH8A1,exact,ALDH8A1
5003,HBS1L,exact,HBS1L
5004,AL353596.1,unmatched,
5005,MYB,exact,MYB
5006,AHI1,exact,AHI1
5007,PDE7B,exact,PDE7B
5008,MTFR2,exact,MTFR2
5009,BCLAF1,exact,BCLAF1
5010,AL024508.2,unmatched,
5011,MAP3K5,exact,MAP3K5
5012,PEX7,exact,PEX7
5013,IFNGR1,exact,IFNGR1
5014,AL357060.1,unmatched,
5015,TNFAIP3,exact,TNFAIP3
5016,PERP,exact,PERP
5017,HEBP2,exact,HEBP2
5018,NHSL1,exact,NHSL1
5019,CCDC28A,exact,CCDC28A
5020,ECT2L,exact,ECT2L
5021,REPS1,exact,REPS1
5022,ABRACL,exact,ABRACL
5023,HECA,exact,HECA
5024,AL031772.1,unmatched,
5025,CITED2,exact,CITED2
5026,VTA1,exact,VTA1
5027,ADGRG6,exact,ADGRG6
5028,HIVEP2,exact,HIVEP2
5029,AL023584.2,unmatched,
5030,AL355304.1,unmatched,
5031,LINC01277,unmatched,
5032,AIG1,exact,AIG1
5033,ADAT2,exact,ADAT2
5034,PEX3,exact,PEX3
5035,FUCA2,exact,FUCA2
5036,PHACTR2,exact,PHACTR2
5037,LTV1,exact,LTV1
5038,PLAGL1,exact,PLAGL1
5039,SF3B5,exact,SF3B5
5040,STX11,exact,STX11
5041,UTRN,exact,UTRN
5042,EPM2A,exact,EPM2A
5043,AL023806.1,unmatched,
5044,FBXO30,exact,FBXO30
5045,AL356599.1,unmatched,
5046,SHPRH,exact,SHPRH
5047,STXBP5-AS1,exact,STXBP5-AS1
5048,STXBP5,exact,STXBP5
5049,UST,exact,UST
5050,AL031056.1,unmatched,
5051,TAB2,exact,TAB2
5052,SUMO4,exact,SUMO4
5053,ZC3H12D,exact,ZC3H12D
5054,PPIL4,exact,PPIL4
5055,GINM1,exact,GINM1
5056,AL078581.1,unmatched,
5057,KATNA1,exact,KATNA1
5058,LATS1,exact,LATS1
5059,NUP43,exact,NUP43
5060,PCMT1,exact,PCMT1
5061,AL355312.2,unmatched,
5062,LRP11,exact,LRP11
5063,MTHFD1L,exact,MTHFD1L
5064,ZBTB2,exact,ZBTB2
5065,RMND1,exact,RMND1
5066,ARMT1,exact,ARMT1
5067,ESR1,exact,ESR1
5068,SYNE1,exact,SYNE1
5069,FBXO5,exact,FBXO5
5070,AL080276.2,unmatched,
5071,MTRF1L,exact,MTRF1L
5072,RGS17,exact,RGS17
5073,AL590867.1,unmatched,
5074,OPRM1,exact,OPRM1
5075,IPCEF1,exact,IPCEF1
5076,CNKSR3,exact,CNKSR3
5077,SCAF8,exact,SCAF8
5078,TIAM2,exact,TIAM2
5079,AL596202.1,unmatched,
5080,TFB1M,exact,TFB1M
5081,AL355297.3,unmatched,
5082,AL355297.4,unmatched,
5083,ARID1B,exact,ARID1B
5084,TMEM242,exact,TMEM242
5085,ZDHHC14,exact,ZDHHC14
5086,SNX9,exact,SNX9
5087,SYNJ2,exact,SYNJ2
5088,SERAC1,exact,SERAC1
5089,GTF2H5,exact,GTF2H5
5090,TULP4,exact,TULP4
5091,TMEM181,exact,TMEM181
5092,DYNLT1,exact,DYNLT1
5093,SYTL3,exact,SYTL3
5094,EZR,exact,EZR
5095,AL627422.2,unmatched,
5096,RSPH3,exact,RSPH3
5097,AL035530.2,unmatched,
5098,TAGAP,exact,TAGAP
5099,AL356417.3,unmatched,
5100,AL078604.2,unmatched,
5101,SOD2,exact,SOD2
5102,WTAP,exact,WTAP
5103,SOD2-OT1,exact,SOD2-OT1
5104,ACAT2,exact,ACAT2
5105,TCP1,exact,TCP1
5106,MRPL18,exact,MRPL18
5107,MAS1,exact,MAS1
5108,IGF2R,exact,IGF2R
5109,AIRN,exact,AIRN
5110,SLC22A1,exact,SLC22A1
5111,PLG,exact,PLG
5112,AL139393.2,unmatched,
5113,MAP3K4,exact,MAP3K4
5114,AGPAT4,exact,AGPAT4
5115,PRKN,exact,PRKN
5116,PACRG,exact,PACRG
5117,CAHM,exact,CAHM
5118,QKI,exact,QKI
5119,SFT2D1,exact,SFT2D1
5120,MPC1,exact,MPC1
5121,AL022069.1,unmatched,
5122,RPS6KA2,exact,RPS6KA2
5123,AL159163.1,unmatched,
5124,RNASET2,exact,RNASET2
5125,Z94721.1,unmatched,
5126,FGFR1OP,official_alias,FGFR1OP
5127,CCR6,exact,CCR6
5128,AFDN-DT,unmatched,
5129,AFDN,exact,AFDN
5130,WDR27,exact,WDR27
5131,C6orf120,exact,C6orf120
5132,PHF10,exact,PHF10
5133,TCTE3,official_alias,TCTE3
5134,ERMARD,exact,ERMARD
5135,LINC01624,exact,LINC01624
5136,DLL1,exact,DLL1
5137,FAM120B,exact,FAM120B
5138,PSMB1,exact,PSMB1
5139,TBP,exact,TBP
5140,PDCD2,exact,PDCD2
5141,AC093627.5,unmatched,
5142,AC093627.4,unmatched,
5143,PRKAR1B,exact,PRKAR1B
5144,AC147651.4,unmatched,
5145,DNAAF5,exact,DNAAF5
5146,SUN1,exact,SUN1
5147,GET4,exact,GET4
5148,AC073957.3,unmatched,
5149,ADAP1,exact,ADAP1
5150,COX19,exact,COX19
5151,C7orf50,exact,C7orf50
5152,GPR146,exact,GPR146
5153,AC073957.2,unmatched,
5154,ZFAND2A,exact,ZFAND2A
5155,AC091729.3,unmatched,
5156,AC102953.2,unmatched,
5157,INTS1,exact,INTS1
5158,MAFK,exact,MAFK
5159,TMEM184A,exact,TMEM184A
5160,PSMG3,exact,PSMG3
5161,PSMG3-AS1,exact,PSMG3-AS1
5162,MAD1L1,exact,MAD1L1
5163,MRM2,exact,MRM2
5164,NUDT1,exact,NUDT1
5165,SNX8,exact,SNX8
5166,EIF3B,exact,EIF3B
5167,CHST12,exact,CHST12
5168,LFNG,exact,LFNG
5169,BRAT1,exact,BRAT1
5170,IQCE,exact,IQCE
5171,TTYH3,exact,TTYH3
5172,GNA12,exact,GNA12
5173,CARD11,exact,CARD11
5174,FOXK1,exact,FOXK1
5175,AP5Z1,exact,AP5Z1
5176,RBAK-RBAKDN,exact,RBAK-RBAKDN
5177,RBAK,exact,RBAK
5178,WIPI2,exact,WIPI2
5179,TNRC18,exact,TNRC18
5180,FBXL18,exact,FBXL18
5181,AC092171.2,unmatched,
5182,ACTB,exact,ACTB
5183,RNF216,exact,RNF216
5184,OCM,exact,OCM
5185,CCZ1,exact,CCZ1
5186,PMS2,exact,PMS2
5187,AIMP2,exact,AIMP2
5188,EIF2AK1,exact,EIF2AK1
5189,USP42,exact,USP42
5190,CYTH3,exact,CYTH3
5191,FAM220A,exact,FAM220A
5192,RAC1,exact,RAC1
5193,DAGLB,exact,DAGLB
5194,KDELR2,exact,KDELR2
5195,ZDHHC4,exact,ZDHHC4
5196,C7orf26,unmatched,
5197,ZNF853,exact,ZNF853
5198,ZNF316,exact,ZNF316
5199,ZNF12,exact,ZNF12
5200,CCZ1B,exact,CCZ1B
5201,C1GALT1,exact,C1GALT1
5202,AC004982.1,unmatched,
5203,AC004982.2,unmatched,
5204,MIOS,exact,MIOS
5205,RPA3,exact,RPA3
5206,UMAD1,exact,UMAD1
5207,AC006042.4,unmatched,
5208,GLCCI1,exact,GLCCI1
5209,ICA1,exact,ICA1
5210,NDUFA4,exact,NDUFA4
5211,PHF14,exact,PHF14
5212,TMEM106B,exact,TMEM106B
5213,VWDE,exact,VWDE
5214,SCIN,exact,SCIN
5215,ARL4A,exact,ARL4A
5216,ISPD,official_alias,ISPD
5217,ANKMY2,exact,ANKMY2
5218,BZW2,exact,BZW2
5219,AHR,exact,AHR
5220,AC073332.1,unmatched,
5221,SNX13,exact,SNX13
5222,TWISTNB,official_alias,TWISTNB
5223,MACC1,exact,MACC1
5224,SP4,exact,SP4
5225,CDCA7L,exact,CDCA7L
5226,TOMM7,exact,TOMM7
5227,FAM126A,unmatched,
5228,KLHL7-DT,unmatched,
5229,KLHL7,exact,KLHL7
5230,NUPL2,official_alias,NUPL2
5231,MALSU1,exact,MALSU1
5232,TRA2A,exact,TRA2A
5233,CCDC126,exact,CCDC126
5234,FAM221A,exact,FAM221A
5235,STK31,exact,STK31
5236,MPP6,unmatched,
5237,GSDME,exact,GSDME
5238,OSBPL3,exact,OSBPL3
5239,CYCS,exact,CYCS
5240,C7orf31,unmatched,
5241,NFE2L3,exact,NFE2L3
5242,AC004520.1,unmatched,
5243,HNRNPA2B1,exact,HNRNPA2B1
5244,CBX3,exact,CBX3
5245,SNX10,exact,SNX10
5246,SKAP2,exact,SKAP2
5247,HOXA1,exact,HOXA1
5248,HOTAIRM1,exact,HOTAIRM1
5249,HOXA-AS2,exact,HOXA-AS2
5250,HIBADH,exact,HIBADH
5251,TAX1BP1,exact,TAX1BP1
5252,JAZF1,exact,JAZF1
5253,CHN2,exact,CHN2
5254,SCRN1,exact,SCRN1
5255,FKBP14,exact,FKBP14
5256,PLEKHA8,exact,PLEKHA8
5257,MTURN,exact,MTURN
5258,ZNRF2,exact,ZNRF2
5259,LINC01176,exact,LINC01176
5260,NOD1,exact,NOD1
5261,GGCT,exact,GGCT
5262,GARS,official_alias,GARS
5263,MINDY4,exact,MINDY4
5264,LSM5,exact,LSM5
5265,AVL9,exact,AVL9
5266,KBTBD2,exact,KBTBD2
5267,FKBP9,exact,FKBP9
5268,NT5C3A,exact,NT5C3A
5269,RP9,exact,RP9
5270,BBS9,exact,BBS9
5271,DPY19L1,exact,DPY19L1
5272,HERPUD2,exact,HERPUD2
5273,AC018647.2,unmatched,
5274,SEPT7-AS1,official_alias,SEPT7-AS1
5275,SEPT7,official_alias,SEPT7
5276,EEPD1,exact,EEPD1
5277,KIAA0895,unmatched,
5278,ANLN,exact,ANLN
5279,AOAH,exact,AOAH
5280,ELMO1,exact,ELMO1
5281,EPDR1,exact,EPDR1
5282,NME8,exact,NME8
5283,STARD3NL,exact,STARD3NL
5284,TRGC2,exact,TRGC2
5285,TRGC1,exact,TRGC1
5286,TRGV10,unmatched,
5287,TRGV9,exact,TRGV9
5288,AC006033.2,unmatched,
5289,TRGV8,exact,TRGV8
5290,TRGV7,exact,TRGV7
5291,TRG-AS1,exact,TRG-AS1
5292,TRGV3,exact,TRGV3
5293,TRGV2,exact,TRGV2
5294,AMPH,exact,AMPH
5295,VPS41,exact,VPS41
5296,YAE1D1,official_alias,YAE1D1
5297,RALA,exact,RALA
5298,LINC00265,unmatched,
5299,AC072061.1,unmatched,
5300,CDK13,exact,CDK13
5301,MPLKIP,exact,MPLKIP
5302,SUGCT,exact,SUGCT
5303,C7orf25,exact,C7orf25
5304,PSMA2,exact,PSMA2
5305,MRPL32,exact,MRPL32
5306,STK17A,exact,STK17A
5307,COA1,exact,COA1
5308,BLVRA,exact,BLVRA
5309,MRPS24,exact,MRPS24
5310,URGCP,exact,URGCP
5311,UBE2D4,exact,UBE2D4
5312,SPDYE1,exact,SPDYE1
5313,AC004951.1,unmatched,
5314,LINC00957,exact,LINC00957
5315,DBNL,exact,DBNL
5316,PGAM2,exact,PGAM2
5317,POLM,exact,POLM
5318,AEBP1,exact,AEBP1
5319,POLD2,exact,POLD2
5320,GCK,exact,GCK
5321,YKT6,exact,YKT6
5322,NUDCD3,exact,NUDCD3
5323,DDX56,exact,DDX56
5324,TMED4,exact,TMED4
5325,OGDH,exact,OGDH
5326,ZMIZ2,exact,ZMIZ2
5327,PPIA,exact,PPIA
5328,H2AFV,official_alias,H2AFV
5329,PURB,exact,PURB
5330,AC004854.2,unmatched,
5331,MYO1G,exact,MYO1G
5332,SNHG15,exact,SNHG15
5333,CCM2,exact,CCM2
5334,TBRG4,exact,TBRG4
5335,ADCY1,exact,ADCY1
5336,IGFBP3,exact,IGFBP3
5337,AC073115.1,unmatched,
5338,HUS1,exact,HUS1
5339,PKD1L1,exact,PKD1L1
5340,SUN3,exact,SUN3
5341,C7orf57,exact,C7orf57
5342,UPP1,exact,UPP1
5343,IKZF1,exact,IKZF1
5344,FIGNL1,exact,FIGNL1
5345,SEC61G,exact,SEC61G
5346,LANCL2,exact,LANCL2
5347,VOPP1,exact,VOPP1
5348,ZNF713,exact,ZNF713
5349,NIPSNAP2,exact,NIPSNAP2
5350,MRPS17,exact,MRPS17
5351,PSPH,exact,PSPH
5352,CCT6A,exact,CCT6A
5353,SUMF2,exact,SUMF2
5354,PHKG1,exact,PHKG1
5355,CHCHD2,exact,CHCHD2
5356,NUPR2,exact,NUPR2
5357,AC092634.3,unmatched,
5358,ZNF727,exact,ZNF727
5359,ZNF736,exact,ZNF736
5360,ZNF680,exact,ZNF680
5361,ZNF107,exact,ZNF107
5362,ZNF138,exact,ZNF138
5363,ZNF273,exact,ZNF273
5364,ZNF117,exact,ZNF117
5365,ERV3-1,exact,ERV3-1
5366,ZNF92,exact,ZNF92
5367,VKORC1L1,exact,VKORC1L1
5368,GUSB,exact,GUSB
5369,ASL,exact,ASL
5370,CRCP,exact,CRCP
5371,TPST1,exact,TPST1
5372,AC008267.5,unmatched,
5373,KCTD7,exact,KCTD7
5374,RABGEF1,exact,RABGEF1
5375,AC027644.3,unmatched,
5376,AC073335.2,unmatched,
5377,TMEM248,exact,TMEM248
5378,SBDS,exact,SBDS
5379,TYW1,exact,TYW1
5380,AC006480.2,unmatched,
5381,LINC01372,unmatched,
5382,AUTS2,exact,AUTS2
5383,TYW1B,exact,TYW1B
5384,POM121,exact,POM121
5385,AC211476.2,unmatched,
5386,NSUN5,exact,NSUN5
5387,BAZ1B,exact,BAZ1B
5388,BCL7B,exact,BCL7B
5389,TBL2,exact,TBL2
5390,MLXIPL,exact,MLXIPL
5391,VPS37D,exact,VPS37D
5392,DNAJC30,exact,DNAJC30
5393,BUD23,exact,BUD23
5394,STX1A,exact,STX1A
5395,ABHD11,exact,ABHD11
5396,LIMK1,exact,LIMK1
5397,EIF4H,exact,EIF4H
5398,LAT2,exact,LAT2
5399,RFC2,exact,RFC2
5400,CLIP2,exact,CLIP2
5401,GTF2I,exact,GTF2I
5402,NCF1,exact,NCF1
5403,GTF2IRD2,exact,GTF2IRD2
5404,CASTOR2,exact,CASTOR2
5405,RCC1L,exact,RCC1L
5406,GTF2IRD2B,exact,GTF2IRD2B
5407,AC211486.5,unmatched,
5408,TRIM73,exact,TRIM73
5409,POM121C,exact,POM121C
5410,SPDYE5,exact,SPDYE5
5411,HIP1,exact,HIP1
5412,RHBDD2,exact,RHBDD2
5413,POR,exact,POR
5414,TMEM120A,exact,TMEM120A
5415,STYXL1,exact,STYXL1
5416,MDH2,exact,MDH2
5417,HSPB1,exact,HSPB1
5418,YWHAG,exact,YWHAG
5419,ZP3,exact,ZP3
5420,DTX2,exact,DTX2
5421,SPDYE16,exact,SPDYE16
5422,POMZP3,exact,POMZP3
5423,CCDC146,exact,CCDC146
5424,FGL2,exact,FGL2
5425,GSAP,exact,GSAP
5426,PTPN12,exact,PTPN12
5427,APTR,exact,APTR
5428,RSBN1L,exact,RSBN1L
5429,TMEM60,exact,TMEM60
5430,PHTF2,exact,PHTF2
5431,MAGI2,exact,MAGI2
5432,GNAI1,exact,GNAI1
5433,SEMA3E,exact,SEMA3E
5434,SEMA3A,exact,SEMA3A
5435,GRM3,exact,GRM3
5436,KIAA1324L,official_alias,KIAA1324L
5437,AC005076.1,unmatched,
5438,DMTF1,exact,DMTF1
5439,TMEM243,exact,TMEM243
5440,TP53TG1,exact,TP53TG1
5441,CROT,exact,CROT
5442,ABCB4,exact,ABCB4
5443,ABCB1,exact,ABCB1
5444,RUNDC3B,exact,RUNDC3B
5445,SLC25A40,exact,SLC25A40
5446,DBF4,exact,DBF4
5447,ADAM22,exact,ADAM22
5448,SRI,exact,SRI
5449,STEAP4,exact,STEAP4
5450,AC004969.1,unmatched,
5451,GTPBP10,exact,GTPBP10
5452,CLDN12,exact,CLDN12
5453,MTERF1,exact,MTERF1
5454,AKAP9,exact,AKAP9
5455,CYP51A1,exact,CYP51A1
5456,KRIT1,exact,KRIT1
5457,ANKIB1,exact,ANKIB1
5458,GATAD1,exact,GATAD1
5459,ERVW-1,exact,ERVW-1
5460,PEX1,exact,PEX1
5461,RBM48,exact,RBM48
5462,FAM133B,exact,FAM133B
5463,CDK6,exact,CDK6
5464,SAMD9,exact,SAMD9
5465,SAMD9L,exact,SAMD9L
5466,VPS50,exact,VPS50
5467,BET1,exact,BET1
5468,CASD1,exact,CASD1
5469,SGCE,exact,SGCE
5470,PON2,exact,PON2
5471,SLC25A13,exact,SLC25A13
5472,SEM1,exact,SEM1
5473,SDHAF3,exact,SDHAF3
5474,ASNS,exact,ASNS
5475,LMTK2,exact,LMTK2
5476,TECPR1,exact,TECPR1
5477,BRI3,exact,BRI3
5478,TRRAP,exact,TRRAP
5479,SMURF1,exact,SMURF1
5480,ARPC1A,exact,ARPC1A
5481,ARPC1B,exact,ARPC1B
5482,PDAP1,exact,PDAP1
5483,BUD31,exact,BUD31
5484,PTCD1,exact,PTCD1
5485,ATP5MF-PTCD1,exact,ATP5MF-PTCD1
5486,CPSF4,exact,CPSF4
5487,ATP5MF,exact,ATP5MF
5488,ZNF789,exact,ZNF789
5489,ZNF394,exact,ZNF394
5490,ZKSCAN5,exact,ZKSCAN5
5491,FAM200A,exact,FAM200A
5492,ZNF655,exact,ZNF655
5493,TMEM225B,exact,TMEM225B
5494,ZSCAN25,exact,ZSCAN25
5495,CYP3A5,exact,CYP3A5
5496,TRIM4,exact,TRIM4
5497,GJC3,exact,GJC3
5498,ZKSCAN1,exact,ZKSCAN1
5499,ZSCAN21,exact,ZSCAN21
5500,ZNF3,exact,ZNF3
5501,COPS6,exact,COPS6
5502,MCM7,exact,MCM7
5503,AP4M1,exact,AP4M1
5504,TAF6,exact,TAF6
5505,AC073842.2,unmatched,
5506,CNPY4,exact,CNPY4
5507,MBLAC1,exact,MBLAC1
5508,LAMTOR4,exact,LAMTOR4
5509,C7orf43,official_alias,C7orf43
5510,GAL3ST4,exact,GAL3ST4
5511,GPC2,exact,GPC2
5512,STAG3,exact,STAG3
5513,CASTOR3,unmatched,
5514,PVRIG,exact,PVRIG
5515,SPDYE3,exact,SPDYE3
5516,PILRB,exact,PILRB
5517,PILRA,exact,PILRA
5518,ZCWPW1,exact,ZCWPW1
5519,MEPCE,exact,MEPCE
5520,PPP1R35,exact,PPP1R35
5521,C7orf61,official_alias,C7orf61
5522,TSC22D4,exact,TSC22D4
5523,NYAP1,exact,NYAP1
5524,AGFG2,exact,AGFG2
5525,SAP25,exact,SAP25
5526,LRCH4,exact,LRCH4
5527,FBXO24,exact,FBXO24
5528,PCOLCE,exact,PCOLCE
5529,MOSPD3,exact,MOSPD3
5530,TFR2,exact,TFR2
5531,GNB2,exact,GNB2
5532,GIGYF1,exact,GIGYF1
5533,POP7,exact,POP7
5534,EPHB4,exact,EPHB4
5535,SLC12A9,exact,SLC12A9
5536,SLC12A9-AS1,exact,SLC12A9-AS1
5537,TRIP6,exact,TRIP6
5538,SRRT,exact,SRRT
5539,UFSP1,exact,UFSP1
5540,AC105446.1,unmatched,
5541,TRIM56,exact,TRIM56
5542,AP1S1,exact,AP1S1
5543,PLOD3,exact,PLOD3
5544,ZNHIT1,exact,ZNHIT1
5545,CLDN15,exact,CLDN15
5546,FIS1,exact,FIS1
5547,AC006329.1,unmatched,
5548,IFT22,exact,IFT22
5549,CUX1,exact,CUX1
5550,AC005096.1,unmatched,
5551,SH2B2,exact,SH2B2
5552,PRKRIP1,exact,PRKRIP1
5553,ORAI2,exact,ORAI2
5554,ALKBH4,exact,ALKBH4
5555,LRWD1,exact,LRWD1
5556,POLR2J,exact,POLR2J
5557,RASA4B,exact,RASA4B
5558,POLR2J3,unmatched,
5559,AC093668.3,unmatched,
5560,POLR2J3.1,unmatched,
5561,RASA4,exact,RASA4
5562,UPK3BL1,exact,UPK3BL1
5563,POLR2J2,exact,POLR2J2
5564,FAM185A,exact,FAM185A
5565,FBXL13,exact,FBXL13
5566,LRRC17,exact,LRRC17
5567,ARMC10,exact,ARMC10
5568,NAPEPLD,exact,NAPEPLD
5569,PMPCB,exact,PMPCB
5570,DNAJC2,exact,DNAJC2
5571,PSMC2,exact,PSMC2
5572,SLC26A5,exact,SLC26A5
5573,AC005064.1,unmatched,
5574,ORC5,exact,ORC5
5575,AC007384.1,unmatched,
5576,LINC01004,unmatched,
5577,KMT2E-AS1,unmatched,
5578,KMT2E,exact,KMT2E
5579,AC005070.3,unmatched,
5580,SRPK2,exact,SRPK2
5581,AC004884.2,unmatched,
5582,PUS7,exact,PUS7
5583,RINT1,exact,RINT1
5584,AC073073.2,unmatched,
5585,ATXN7L1,exact,ATXN7L1
5586,CDHR3,exact,CDHR3
5587,SYPL1,exact,SYPL1
5588,NAMPT,exact,NAMPT
5589,AC007032.1,unmatched,
5590,CCDC71L,exact,CCDC71L
5591,PIK3CG,exact,PIK3CG
5592,PRKAR2B,exact,PRKAR2B
5593,HBP1,exact,HBP1
5594,AC004492.1,unmatched,
5595,COG5,exact,COG5
5596,DUS4L,exact,DUS4L
5597,AC004839.1,unmatched,
5598,BCAP29,exact,BCAP29
5599,SLC26A4,exact,SLC26A4
5600,AC002467.1,unmatched,
5601,CBLL1,exact,CBLL1
5602,DLD,exact,DLD
5603,LAMB1,exact,LAMB1
5604,AC005046.1,unmatched,
5605,NRCAM,exact,NRCAM
5606,PNPLA8,exact,PNPLA8
5607,THAP5,exact,THAP5
5608,DNAJB9,exact,DNAJB9
5609,IMMP2L,exact,IMMP2L
5610,LRRN3,exact,LRRN3
5611,DOCK4,exact,DOCK4
5612,ZNF277,exact,ZNF277
5613,IFRD1,exact,IFRD1
5614,LSMEM1,exact,LSMEM1
5615,TMEM168,exact,TMEM168
5616,BMT2,exact,BMT2
5617,GPR85,exact,GPR85
5618,SMIM30,exact,SMIM30
5619,MDFIC,exact,MDFIC
5620,TES,exact,TES
5621,CAPZA2,exact,CAPZA2
5622,ST7,exact,ST7
5623,LSM8,exact,LSM8
5624,ANKRD7,exact,ANKRD7
5625,ING3,exact,ING3
5626,FAM3C,exact,FAM3C
5627,AASS,exact,AASS
5628,NDUFA5,exact,NDUFA5
5629,WASL,exact,WASL
5630,AC006333.2,unmatched,
5631,POT1,exact,POT1
5632,POT1-AS1,exact,POT1-AS1
5633,ZNF800,exact,ZNF800
5634,GCC1,exact,GCC1
5635,ARF5,exact,ARF5
5636,FSCN3,exact,FSCN3
5637,SND1,exact,SND1
5638,SND1-IT1,exact,SND1-IT1
5639,LRRC4,exact,LRRC4
5640,RBM28,exact,RBM28
5641,PRRT4,exact,PRRT4
5642,IMPDH1,exact,IMPDH1
5643,HILPDA,exact,HILPDA
5644,METTL2B,exact,METTL2B
5645,AC090114.2,unmatched,
5646,AC018638.7,unmatched,
5647,FAM71F2,unmatched,
5648,CALU,exact,CALU
5649,OPN1SW,exact,OPN1SW
5650,CCDC136,exact,CCDC136
5651,KCP,exact,KCP
5652,ATP6V1F,exact,ATP6V1F
5653,ATP6V1FNB,unmatched,
5654,TNPO3,exact,TNPO3
5655,TSPAN33,exact,TSPAN33
5656,AHCYL2,exact,AHCYL2
5657,SMKR1,exact,SMKR1
5658,AC078846.1,unmatched,
5659,NRF1,exact,NRF1
5660,UBE2H,exact,UBE2H
5661,AC073320.1,unmatched,
5662,ZC3HC1,exact,ZC3HC1
5663,KLHDC10,exact,KLHDC10
5664,AC087071.1,unmatched,
5665,TMEM209,exact,TMEM209
5666,CPA5,exact,CPA5
5667,CEP41,exact,CEP41
5668,MEST,exact,MEST
5669,AC007938.2,unmatched,
5670,COPG2,exact,COPG2
5671,AC007938.3,unmatched,
5672,TSGA13,exact,TSGA13
5673,AC016831.7,unmatched,
5674,LINC00513,exact,LINC00513
5675,AC016831.1,unmatched,
5676,AC016831.5,unmatched,
5677,AC058791.1,unmatched,
5678,MKLN1,exact,MKLN1
5679,AC008264.2,unmatched,
5680,PODXL,exact,PODXL
5681,PLXNA4,exact,PLXNA4
5682,CHCHD3,exact,CHCHD3
5683,EXOC4,exact,EXOC4
5684,SLC35B4,exact,SLC35B4
5685,AKR1B1,exact,AKR1B1
5686,BPGM,exact,BPGM
5687,CALD1,exact,CALD1
5688,AGBL3,exact,AGBL3
5689,CYREN,exact,CYREN
5690,TMEM140,exact,TMEM140
5691,AC083862.2,unmatched,
5692,WDR91,exact,WDR91
5693,CNOT4,exact,CNOT4
5694,NUP205,exact,NUP205
5695,STMP1,exact,STMP1
5696,SLC13A4,exact,SLC13A4
5697,AC015987.1,unmatched,
5698,MTPN,exact,MTPN
5699,CREB3L2,exact,CREB3L2
5700,TRIM24,exact,TRIM24
5701,ZC3HAV1,exact,ZC3HAV1
5702,TTC26,unmatched,
5703,UBN2,exact,UBN2
5704,FMC1,exact,FMC1
5705,LUC7L2,exact,LUC7L2
5706,AC083880.1,unmatched,
5707,HIPK2,exact,HIPK2
5708,TBXAS1,exact,TBXAS1
5709,PARP12,exact,PARP12
5710,KDM7A,exact,KDM7A
5711,SLC37A3,exact,SLC37A3
5712,MKRN1,exact,MKRN1
5713,ADCK2,exact,ADCK2
5714,NDUFB2,exact,NDUFB2
5715,NDUFB2-AS1,exact,NDUFB2-AS1
5716,BRAF,exact,BRAF
5717,MRPS33,exact,MRPS33
5718,AGK,exact,AGK
5719,AC004918.1,unmatched,
5720,KIAA1147,official_alias,KIAA1147
5721,WEE2-AS1,exact,WEE2-AS1
5722,SSBP1,exact,SSBP1
5723,TAS2R4,exact,TAS2R4
5724,AC245088.2,unmatched,
5725,TRBV2,unmatched,
5726,TRBV5-1,unmatched,
5727,TRBV6-2,exact,TRBV6-2
5728,TRBV7-3,unmatched,
5729,TRBV9,unmatched,
5730,TRBV7-6,unmatched,
5731,TRBV7-9,exact,TRBV7-9
5732,TRBV10-3,unmatched,
5733,TRBV14,unmatched,
5734,TRBV18,exact,TRBV18
5735,TRBV19,unmatched,
5736,TRBV20-1,unmatched,
5737,TRBV24-1,unmatched,
5738,TRBV27,unmatched,
5739,TRBV28,unmatched,
5740,TRBV29-1,unmatched,
5741,TRBC1,unmatched,
5742,TRBC2,unmatched,
5743,EPHB6,exact,EPHB6
5744,GSTK1,exact,GSTK1
5745,CASP2,exact,CASP2
5746,AC093673.1,unmatched,
5747,ZYX,exact,ZYX
5748,EPHA1,exact,EPHA1
5749,EPHA1-AS1,exact,EPHA1-AS1
5750,TCAF2,exact,TCAF2
5751,CTAGE6,exact,CTAGE6
5752,TCAF1,exact,TCAF1
5753,OR2A25,exact,OR2A25
5754,ARHGEF35,exact,ARHGEF35
5755,AC004889.1,unmatched,
5756,AC074386.1,unmatched,
5757,OR2A1-AS1,exact,OR2A1-AS1
5758,ARHGEF5,exact,ARHGEF5
5759,TPK1,exact,TPK1
5760,AC005229.4,unmatched,
5761,CUL1,exact,CUL1
5762,EZH2,exact,EZH2
5763,GHET1,unmatched,
5764,PDIA4,exact,PDIA4
5765,ZNF786,exact,ZNF786
5766,ZNF425,exact,ZNF425
5767,ZNF398,exact,ZNF398
5768,ZNF282,exact,ZNF282
5769,ZNF212,exact,ZNF212
5770,ZNF783,exact,ZNF783
5771,ZNF777,exact,ZNF777
5772,ZNF746,exact,ZNF746
5773,KRBA1,exact,KRBA1
5774,ZNF467,exact,ZNF467
5775,ZNF862,exact,ZNF862
5776,AC004877.1,unmatched,
5777,ATP6V0E2-AS1,exact,ATP6V0E2-AS1
5778,ATP6V0E2,exact,ATP6V0E2
5779,AC092681.3,unmatched,
5780,ACTR3C,exact,ACTR3C
5781,LRRC61,exact,LRRC61
5782,ZBED6CL,unmatched,
5783,REPIN1,exact,REPIN1
5784,ZNF775,exact,ZNF775
5785,AC073111.5,unmatched,
5786,LINC00996,exact,LINC00996
5787,GIMAP8,exact,GIMAP8
5788,GIMAP7,exact,GIMAP7
5789,GIMAP4,exact,GIMAP4
5790,GIMAP6,exact,GIMAP6
5791,GIMAP2,exact,GIMAP2
5792,GIMAP1,exact,GIMAP1
5793,GIMAP5,exact,GIMAP5
5794,KCNH2,exact,KCNH2
5795,NOS3,exact,NOS3
5796,ATG9B,exact,ATG9B
5797,ABCB8,exact,ABCB8
5798,AC010973.1,unmatched,
5799,ASIC3,exact,ASIC3
5800,CDK5,exact,CDK5
5801,SLC4A2,exact,SLC4A2
5802,FASTK,exact,FASTK
5803,TMUB1,exact,TMUB1
5804,AGAP3,exact,AGAP3
5805,ABCF2,exact,ABCF2
5806,ABCF2.1,unmatched,
5807,CHPF2,exact,CHPF2
5808,SMARCD3,exact,SMARCD3
5809,AC021097.1,unmatched,
5810,NUB1,exact,NUB1
5811,RHEB,exact,RHEB
5812,PRKAG2,exact,PRKAG2
5813,PRKAG2-AS1,unmatched,
5814,GALNT11,exact,GALNT11
5815,AC006017.1,unmatched,
5816,KMT2C,exact,KMT2C
5817,LINC01003,exact,LINC01003
5818,XRCC2,exact,XRCC2
5819,ACTR3B,exact,ACTR3B
5820,DPP6,exact,DPP6
5821,PAXIP1-AS2,unmatched,
5822,PAXIP1,exact,PAXIP1
5823,AC093726.2,unmatched,
5824,PAXIP1-AS1,official_alias,PAXIP1-AS1
5825,AC144652.1,unmatched,
5826,INSIG1,exact,INSIG1
5827,AC009403.1,unmatched,
5828,RBM33,exact,RBM33
5829,LINC01006,unmatched,
5830,RNF32,exact,RNF32
5831,AC005534.1,unmatched,
5832,LMBR1,exact,LMBR1
5833,NOM1,exact,NOM1
5834,UBE3C,exact,UBE3C
5835,DNAJB6,exact,DNAJB6
5836,PTPRN2,exact,PTPRN2
5837,NCAPG2,exact,NCAPG2
5838,ESYT2,exact,ESYT2
5839,WDR60,official_alias,WDR60
5840,VIPR2,exact,VIPR2
5841,PLCXD1,exact,PLCXD1
5842,GTPBP6,exact,GTPBP6
5843,LINC00685,unmatched,
5844,PPP2R3B,exact,PPP2R3B
5845,AL732314.6,unmatched,
5846,AL672277.1,unmatched,
5847,CSF2RA,exact,CSF2RA
5848,IL3RA,exact,IL3RA
5849,SLC25A6,exact,SLC25A6
5850,LINC00106,exact,LINC00106
5851,ASMTL-AS1,unmatched,
5852,ASMTL,exact,ASMTL
5853,P2RY8,exact,P2RY8
5854,AKAP17A,exact,AKAP17A
5855,AL683807.1,unmatched,
5856,DHRSX,exact,DHRSX
5857,ZBED1,exact,ZBED1
5858,CD99,exact,CD99
5859,ARSD,exact,ARSD
5860,PRKX,exact,PRKX
5861,BX890604.1,unmatched,
5862,FAM239A,unmatched,
5863,FAM239B,unmatched,
5864,FAM239C,unmatched,
5865,PUDP,exact,PUDP
5866,STS,exact,STS
5867,PNPLA4,exact,PNPLA4
5868,TBL1X,exact,TBL1X
5869,WWC3,exact,WWC3
5870,WWC3-AS1,unmatched,
5871,AC073529.1,unmatched,
5872,HCCS,exact,HCCS
5873,MSL3,exact,MSL3
5874,PRPS2,exact,PRPS2
5875,TMSB4X,exact,TMSB4X
5876,FAM9C,exact,FAM9C
5877,TCEANC,exact,TCEANC
5878,RAB9A,exact,RAB9A
5879,TRAPPC2,exact,TRAPPC2
5880,OFD1,exact,OFD1
5881,GPM6B,exact,GPM6B
5882,GEMIN8,exact,GEMIN8
5883,FANCB,exact,FANCB
5884,MOSPD2,exact,MOSPD2
5885,PIGA,exact,PIGA
5886,CLTRN,exact,CLTRN
5887,CA5B,exact,CA5B
5888,INE2,exact,INE2
5889,ZRSR2,exact,ZRSR2
5890,AP1S2,exact,AP1S2
5891,CTPS2,exact,CTPS2
5892,SYAP1,exact,SYAP1
5893,TXLNG,exact,TXLNG
5894,RBBP7,exact,RBBP7
5895,SCML1,exact,SCML1
5896,RAI2,exact,RAI2
5897,SCML2,exact,SCML2
5898,CDKL5,exact,CDKL5
5899,PHKA2,exact,PHKA2
5900,ADGRG2,exact,ADGRG2
5901,PDHA1,exact,PDHA1
5902,MAP3K15,exact,MAP3K15
5903,SH3KBP1,exact,SH3KBP1
5904,BCLAF3,exact,BCLAF3
5905,EIF1AX,exact,EIF1AX
5906,RPS6KA3,exact,RPS6KA3
5907,CNKSR2,exact,CNKSR2
5908,KLHL34,exact,KLHL34
5909,MBTPS2,exact,MBTPS2
5910,YY2,exact,YY2
5911,SMS,exact,SMS
5912,PRDX4,exact,PRDX4
5913,ACOT9,exact,ACOT9
5914,SAT1,exact,SAT1
5915,APOO,exact,APOO
5916,CXorf58,exact,CXorf58
5917,KLHL15,exact,KLHL15
5918,EIF2S3,exact,EIF2S3
5919,ZFX,exact,ZFX
5920,PDK3,exact,PDK3
5921,POLA1,exact,POLA1
5922,MAGEB10,exact,MAGEB10
5923,CXorf21,official_alias,CXorf21
5924,GK,exact,GK
5925,TAB3,exact,TAB3
5926,DYNLT3,exact,DYNLT3
5927,RPGR,exact,RPGR
5928,MID1IP1,exact,MID1IP1
5929,BCOR,exact,BCOR
5930,ATP6AP2,exact,ATP6AP2
5931,CXorf38,exact,CXorf38
5932,MED14,exact,MED14
5933,MED14OS,unmatched,
5934,USP9X,exact,USP9X
5935,DDX3X,exact,DDX3X
5936,CASK,exact,CASK
5937,GPR82,exact,GPR82
5938,EFHC2,exact,EFHC2
5939,FUNDC1,exact,FUNDC1
5940,KDM6A,exact,KDM6A
5941,CXorf36,official_alias,CXorf36
5942,MIR222HG,unmatched,
5943,KRBOX4,exact,KRBOX4
5944,ZNF674,exact,ZNF674
5945,ZNF674-AS1,exact,ZNF674-AS1
5946,CHST7,exact,CHST7
5947,SLC9A7,exact,SLC9A7
5948,RP2,exact,RP2
5949,NDUFB11,exact,NDUFB11
5950,RBM10,exact,RBM10
5951,UBA1,exact,UBA1
5952,CDK16,exact,CDK16
5953,USP11,exact,USP11
5954,ZNF157,exact,ZNF157
5955,ZNF41,exact,ZNF41
5956,LINC01560,unmatched,
5957,ARAF,exact,ARAF
5958,SYN1,exact,SYN1
5959,TIMP1,exact,TIMP1
5960,CFP,exact,CFP
5961,ELK1,exact,ELK1
5962,UXT,exact,UXT
5963,ZNF81,exact,ZNF81
5964,ZNF182,exact,ZNF182
5965,ZNF630,exact,ZNF630
5966,SLC38A5,exact,SLC38A5
5967,FTSJ1,exact,FTSJ1
5968,AF196972.1,unmatched,
5969,PORCN,exact,PORCN
5970,EBP,exact,EBP
5971,TBC1D25,exact,TBC1D25
5972,RBM3,exact,RBM3
5973,WDR13,exact,WDR13
5974,WAS,exact,WAS
5975,SUV39H1,exact,SUV39H1
5976,HDAC6,exact,HDAC6
5977,PCSK1N,exact,PCSK1N
5978,TIMM17B,exact,TIMM17B
5979,PQBP1,exact,PQBP1
5980,SLC35A2,exact,SLC35A2
5981,PIM2,exact,PIM2
5982,OTUD5,exact,OTUD5
5983,GRIPAP1,exact,GRIPAP1
5984,TFE3,exact,TFE3
5985,CCDC120,exact,CCDC120
5986,PRAF2,exact,PRAF2
5987,WDR45,exact,WDR45
5988,GPKOW,exact,GPKOW
5989,MAGIX,exact,MAGIX
5990,PLP2,exact,PLP2
5991,PRICKLE3,exact,PRICKLE3
5992,SYP,exact,SYP
5993,CACNA1F,exact,CACNA1F
5994,CCDC22,exact,CCDC22
5995,FOXP3,exact,FOXP3
5996,PPP1R3F,exact,PPP1R3F
5997,AC232271.1,unmatched,
5998,USP27X-AS1,official_alias,USP27X-AS1
5999,USP27X,exact,USP27X
6000,CLCN5,exact,CLCN5
6001,AC233976.1,unmatched,
6002,AL158055.1,unmatched,
6003,CXorf67,official_alias,CXorf67
6004,NUDT11,exact,NUDT11
6005,GSPT2,exact,GSPT2
6006,MAGED1,exact,MAGED1
6007,TSPYL2,exact,TSPYL2
6008,KANTR,exact,KANTR
6009,KDM5C,exact,KDM5C
6010,SMC1A,exact,SMC1A
6011,RIBC1,exact,RIBC1
6012,HSD17B10,exact,HSD17B10
6013,HUWE1,exact,HUWE1
6014,PHF8,exact,PHF8
6015,FAM120C,exact,FAM120C
6016,WNK3,exact,WNK3
6017,TSR2,exact,TSR2
6018,GNL3L,exact,GNL3L
6019,MAGED2,exact,MAGED2
6020,APEX2,exact,APEX2
6021,FAM104B,unmatched,
6022,MTRNR2L10,exact,MTRNR2L10
6023,PAGE5,exact,PAGE5
6024,MAGEH1,exact,MAGEH1
6025,USP51,exact,USP51
6026,RRAGB,exact,RRAGB
6027,AL445472.1,unmatched,
6028,UBQLN2,exact,UBQLN2
6029,AL354793.1,unmatched,
6030,NBDY,exact,NBDY
6031,SPIN3,exact,SPIN3
6032,SPIN2B,exact,SPIN2B
6033,AL022157.1,unmatched,
6034,SPIN2A,exact,SPIN2A
6035,FAAH2,exact,FAAH2
6036,ZXDB,exact,ZXDB
6037,ZXDA,exact,ZXDA
6038,SPIN4,exact,SPIN4
6039,ARHGEF9,exact,ARHGEF9
6040,AMER1,exact,AMER1
6041,MTMR8,exact,MTMR8
6042,ZC4H2,exact,ZC4H2
6043,ZC3H12B,exact,ZC3H12B
6044,LAS1L,exact,LAS1L
6045,MSN,exact,MSN
6046,YIPF6,exact,YIPF6
6047,EFNB1,exact,EFNB1
6048,PJA1,exact,PJA1
6049,EDA,exact,EDA
6050,OTUD6A,exact,OTUD6A
6051,IGBP1,exact,IGBP1
6052,PDZD11,exact,PDZD11
6053,DLG3,exact,DLG3
6054,SLC7A3,exact,SLC7A3
6055,SNX12,exact,SNX12
6056,FOXO4,exact,FOXO4
6057,CXorf65,exact,CXorf65
6058,IL2RG,exact,IL2RG
6059,MED12,exact,MED12
6060,NLGN3,exact,NLGN3
6061,AL590764.1,unmatched,
6062,ZMYM3,exact,ZMYM3
6063,NONO,exact,NONO
6064,ITGB1BP2,exact,ITGB1BP2
6065,TAF1,exact,TAF1
6066,OGT,exact,OGT
6067,GCNA,exact,GCNA
6068,CXCR3,exact,CXCR3
6069,LINC00891,unmatched,
6070,NHSL2,exact,NHSL2
6071,PIN4,exact,PIN4
6072,RPS4X,exact,RPS4X
6073,HDAC8,exact,HDAC8
6074,PHKA1,exact,PHKA1
6075,NAP1L2,exact,NAP1L2
6076,CHIC1,exact,CHIC1
6077,JPX,exact,JPX
6078,FTX,exact,FTX
6079,AL353804.1,unmatched,
6080,RLIM,exact,RLIM
6081,NEXMIF,exact,NEXMIF
6082,ABCB7,exact,ABCB7
6083,UPRT,exact,UPRT
6084,ZDHHC15,exact,ZDHHC15
6085,PBDC1,exact,PBDC1
6086,MAGEE1,exact,MAGEE1
6087,ATRX,exact,ATRX
6088,MAGT1,exact,MAGT1
6089,COX7B,exact,COX7B
6090,ATP7A,exact,ATP7A
6091,PGK1,exact,PGK1
6092,TAF9B,exact,TAF9B
6093,CYSLTR1,exact,CYSLTR1
6094,P2RY10,exact,P2RY10
6095,GPR174,exact,GPR174
6096,ITM2A,exact,ITM2A
6097,BRWD3,exact,BRWD3
6098,HMGN5,exact,HMGN5
6099,SH3BGRL,exact,SH3BGRL
6100,RPS6KA6,exact,RPS6KA6
6101,HDX,exact,HDX
6102,APOOL,exact,APOOL
6103,SATL1,exact,SATL1
6104,ZNF711,exact,ZNF711
6105,CHM,exact,CHM
6106,PCDH11X,exact,PCDH11X
6107,NAP1L3,exact,NAP1L3
6108,DIAPH2,exact,DIAPH2
6109,RPA4,exact,RPA4
6110,TSPAN6,exact,TSPAN6
6111,CSTF2,exact,CSTF2
6112,TRMT2B,exact,TRMT2B
6113,TIMM8A,exact,TIMM8A
6114,RPL36A,exact,RPL36A
6115,GLA,exact,GLA
6116,HNRNPH2,exact,HNRNPH2
6117,ARMCX4,exact,ARMCX4
6118,ARMCX1,exact,ARMCX1
6119,ARMCX6,exact,ARMCX6
6120,ARMCX3,exact,ARMCX3
6121,ARMCX2,exact,ARMCX2
6122,ZMAT1,exact,ZMAT1
6123,TCEAL2,exact,TCEAL2
6124,BEX5,exact,BEX5
6125,ARMCX5,exact,ARMCX5
6126,GPRASP1,exact,GPRASP1
6127,GPRASP2,exact,GPRASP2
6128,BHLHB9,unmatched,
6129,LINC00630,unmatched,
6130,Z68871.1,unmatched,
6131,BEX1,exact,BEX1
6132,BEX4,exact,BEX4
6133,TCEAL8,exact,TCEAL8
6134,BEX2,exact,BEX2
6135,TCEAL9,exact,TCEAL9
6136,BEX3,exact,BEX3
6137,RAB40A,exact,RAB40A
6138,TCEAL4,exact,TCEAL4
6139,TCEAL3,exact,TCEAL3
6140,TCEAL1,exact,TCEAL1
6141,MORF4L2,exact,MORF4L2
6142,MORF4L2-AS1,exact,MORF4L2-AS1
6143,RAB9B,exact,RAB9B
6144,TMSB15B-AS1,unmatched,
6145,TMSB15B,unmatched,
6146,TMSB15B.1,unmatched,
6147,SLC25A53,exact,SLC25A53
6148,ZCCHC18,exact,ZCCHC18
6149,FAM199X,exact,FAM199X
6150,CXorf57,official_alias,CXorf57
6151,TBC1D8B,exact,TBC1D8B
6152,MORC4,exact,MORC4
6153,RBM41,exact,RBM41
6154,NUP62CL,exact,NUP62CL
6155,FRMPD3,exact,FRMPD3
6156,PRPS1,exact,PRPS1
6157,TSC22D3,exact,TSC22D3
6158,MID2,exact,MID2
6159,VSIG1,exact,VSIG1
6160,PSMD10,exact,PSMD10
6161,ATG4A,exact,ATG4A
6162,NXT2,exact,NXT2
6163,ACSL4,exact,ACSL4
6164,TMEM164,exact,TMEM164
6165,AMMECR1,exact,AMMECR1
6166,PAK3,exact,PAK3
6167,ALG13,exact,ALG13
6168,AMOT,exact,AMOT
6169,KLHL13,exact,KLHL13
6170,WDR44,exact,WDR44
6171,DOCK11,exact,DOCK11
6172,LINC01285,exact,LINC01285
6173,LONRF3,exact,LONRF3
6174,PGRMC1,exact,PGRMC1
6175,SLC25A43,exact,SLC25A43
6176,SLC25A5,exact,SLC25A5
6177,CXorf56,official_alias,CXorf56
6178,UBE2A,exact,UBE2A
6179,NKRF,exact,NKRF
6180,SEPT6,official_alias,SEPT6
6181,SOWAHD,exact,SOWAHD
6182,RPL39,exact,RPL39
6183,UPF3B,exact,UPF3B
6184,RNF113A,exact,RNF113A
6185,NDUFA1,exact,NDUFA1
6186,NKAP,exact,NKAP
6187,RHOXF1,exact,RHOXF1
6188,ZBTB33,exact,ZBTB33
6189,LAMP2,exact,LAMP2
6190,CUL4B,exact,CUL4B
6191,MCTS1,exact,MCTS1
6192,C1GALT1C1,exact,C1GALT1C1
6193,THOC2,exact,THOC2
6194,XIAP,exact,XIAP
6195,XIAP-AS1,unmatched,
6196,AL121601.1,unmatched,
6197,STAG2,exact,STAG2
6198,SH2D1A,exact,SH2D1A
6199,TENM1,exact,TENM1
6200,SMARCA1,exact,SMARCA1
6201,OCRL,exact,OCRL
6202,SASH3,exact,SASH3
6203,ZDHHC9,exact,ZDHHC9
6204,UTP14A,exact,UTP14A
6205,BCORL1,exact,BCORL1
6206,ELF4,exact,ELF4
6207,AIFM1,exact,AIFM1
6208,RAB33A,exact,RAB33A
6209,ZNF280C,exact,ZNF280C
6210,SLC25A14,exact,SLC25A14
6211,RBMX2,exact,RBMX2
6212,ENOX2,exact,ENOX2
6213,FIRRE,exact,FIRRE
6214,STK26,exact,STK26
6215,RAP2C,exact,RAP2C
6216,RAP2C-AS1,exact,RAP2C-AS1
6217,MBNL3,exact,MBNL3
6218,PHF6,exact,PHF6
6219,HPRT1,exact,HPRT1
6220,MIR503HG,exact,MIR503HG
6221,LINC00629,exact,LINC00629
6222,FAM122B,official_alias,FAM122B
6223,FAM122C,official_alias,FAM122C
6224,MOSPD1,exact,MOSPD1
6225,SMIM10,exact,SMIM10
6226,RTL8C,exact,RTL8C
6227,RTL8A,exact,RTL8A
6228,SMIM10L2B,exact,SMIM10L2B
6229,ZNF75D,exact,ZNF75D
6230,ZNF449,exact,ZNF449
6231,SMIM10L2A,exact,SMIM10L2A
6232,INTS6L,exact,INTS6L
6233,MMGT1,exact,MMGT1
6234,SLC9A6,exact,SLC9A6
6235,FHL1,exact,FHL1
6236,MAP7D3,exact,MAP7D3
6237,HTATSF1,exact,HTATSF1
6238,CD40LG,exact,CD40LG
6239,ARHGEF6,exact,ARHGEF6
6240,AL683813.1,unmatched,
6241,RBMX,exact,RBMX
6242,MCF2,exact,MCF2
6243,ATP11C,exact,ATP11C
6244,LDOC1,exact,LDOC1
6245,FMR1,exact,FMR1
6246,IDS,exact,IDS
6247,LINC00893,unmatched,
6248,CXorf40A,official_alias,CXorf40A
6249,TMEM185A,exact,TMEM185A
6250,CXorf40B,official_alias,CXorf40B
6251,LINC00894,unmatched,
6252,MTM1,exact,MTM1
6253,MTMR1,exact,MTMR1
6254,CD99L2,exact,CD99L2
6255,HMGB3,exact,HMGB3
6256,VMA21,exact,VMA21
6257,PRRG3,exact,PRRG3
6258,CETN2,exact,CETN2
6259,NSDHL,exact,NSDHL
6260,ZNF185,exact,ZNF185
6261,PNMA3,exact,PNMA3
6262,PNMA6A,exact,PNMA6A
6263,ZNF275,exact,ZNF275
6264,ZFP92,exact,ZFP92
6265,HAUS7,exact,HAUS7
6266,CCNQ,exact,CCNQ
6267,BCAP31,exact,BCAP31
6268,ABCD1,exact,ABCD1
6269,IDH3G,exact,IDH3G
6270,SSR4,exact,SSR4
6271,PDZD4,exact,PDZD4
6272,ARHGAP4,exact,ARHGAP4
6273,NAA10,exact,NAA10
6274,RENBP,exact,RENBP
6275,HCFC1,exact,HCFC1
6276,HCFC1-AS1,exact,HCFC1-AS1
6277,TMEM187,exact,TMEM187
6278,IRAK1,exact,IRAK1
6279,MECP2,exact,MECP2
6280,TKTL1,exact,TKTL1
6281,FLNA,exact,FLNA
6282,EMD,exact,EMD
6283,RPL10,exact,RPL10
6284,AC245140.2,unmatched,
6285,DNASE1L1,exact,DNASE1L1
6286,TAZ,official_alias,TAZ
6287,AC244090.1,unmatched,
6288,ATP6AP1,exact,ATP6AP1
6289,GDI1,exact,GDI1
6290,FAM50A,exact,FAM50A
6291,PLXNA3,exact,PLXNA3
6292,LAGE3,exact,LAGE3
6293,UBL4A,exact,UBL4A
6294,SLC10A3,exact,SLC10A3
6295,FAM3A,exact,FAM3A
6296,G6PD,exact,G6PD
6297,IKBKG,exact,IKBKG
6298,GAB3,exact,GAB3
6299,DKC1,exact,DKC1
6300,MPP1,exact,MPP1
6301,F8,exact,F8
6302,F8A1,exact,F8A1
6303,FUNDC2,exact,FUNDC2
6304,CMC4,exact,CMC4
6305,MTCP1,exact,MTCP1
6306,BRCC3,exact,BRCC3
6307,VBP1,exact,VBP1
6308,RAB39B,exact,RAB39B
6309,BX571846.1,unmatched,
6310,TMLHE,exact,TMLHE
6311,SPRY3,exact,SPRY3
6312,VAMP7,exact,VAMP7
6313,IL9R,exact,IL9R
6314,ZNF596,exact,ZNF596
6315,AC004908.3,unmatched,
6316,FBXO25,exact,FBXO25
6317,ERICH1,exact,ERICH1
6318,CLN8,exact,CLN8
6319,AC100810.1,unmatched,
6320,ARHGEF10,exact,ARHGEF10
6321,KBTBD11-OT1,unmatched,
6322,KBTBD11,exact,KBTBD11
6323,MYOM2,exact,MYOM2
6324,AC246817.2,unmatched,
6325,AC016065.1,unmatched,
6326,MCPH1,exact,MCPH1
6327,ANGPT2,exact,ANGPT2
6328,MCPH1-AS1,unmatched,
6329,AGPAT5,exact,AGPAT5
6330,FAM66B,exact,FAM66B
6331,FAM85B,unmatched,
6332,PRAG1,exact,PRAG1
6333,MFHAS1,exact,MFHAS1
6334,ERI1,exact,ERI1
6335,PPP1R3B,exact,PPP1R3B
6336,AC022784.3,unmatched,
6337,TNKS,exact,TNKS
6338,AC034111.1,unmatched,
6339,MSRA,exact,MSRA
6340,SOX7,exact,SOX7
6341,PINX1.1,unmatched,
6342,XKR6,exact,XKR6
6343,AF131215.7,unmatched,
6344,MTMR9,exact,MTMR9
6345,AF131216.1,unmatched,
6346,SLC35G5,exact,SLC35G5
6347,BLK,exact,BLK
6348,C8orf49,unmatched,
6349,NEIL2,exact,NEIL2
6350,FDFT1,exact,FDFT1
6351,AC069185.1,unmatched,
6352,CTSB,exact,CTSB
6353,FAM66D,unmatched,
6354,FAM86B1,exact,FAM86B1
6355,AC145124.1,unmatched,
6356,AC087203.3,unmatched,
6357,AC130352.1,unmatched,
6358,LONRF1,exact,LONRF1
6359,TRMT9B,exact,TRMT9B
6360,MICU3,exact,MICU3
6361,AC079193.2,unmatched,
6362,ZDHHC2,exact,ZDHHC2
6363,CNOT7,exact,CNOT7
6364,VPS37A,exact,VPS37A
6365,MTMR7,exact,MTMR7
6366,MTUS1,exact,MTUS1
6367,PCM1,exact,PCM1
6368,ASAH1,exact,ASAH1
6369,AC124242.1,unmatched,
6370,NAT1,exact,NAT1
6371,CSGALNACT1,exact,CSGALNACT1
6372,INTS10,exact,INTS10
6373,ATP6V1B2,exact,ATP6V1B2
6374,DOK2,exact,DOK2
6375,XPO7,exact,XPO7
6376,DMTN,exact,DMTN
6377,FAM160B2,unmatched,
6378,NUDT18,exact,NUDT18
6379,REEP4,exact,REEP4
6380,BMP1,exact,BMP1
6381,POLR3D,exact,POLR3D
6382,PIWIL2,exact,PIWIL2
6383,SLC39A14,exact,SLC39A14
6384,PPP3CC,exact,PPP3CC
6385,AC037459.2,unmatched,
6386,SORBS3,exact,SORBS3
6387,PDLIM2,exact,PDLIM2
6388,C8orf58,exact,C8orf58
6389,CCAR2,exact,CCAR2
6390,AC037459.3,unmatched,
6391,BIN3,exact,BIN3
6392,PEBP4,exact,PEBP4
6393,AC107959.1,unmatched,
6394,RHOBTB2,exact,RHOBTB2
6395,TNFRSF10B,exact,TNFRSF10B
6396,TNFRSF10D,exact,TNFRSF10D
6397,TNFRSF10A,exact,TNFRSF10A
6398,CHMP7,exact,CHMP7
6399,R3HCC1,exact,R3HCC1
6400,LOXL2,exact,LOXL2
6401,ENTPD4,exact,ENTPD4
6402,SLC25A37,exact,SLC25A37
6403,NKX3-1,exact,NKX3-1
6404,ADAM28,exact,ADAM28
6405,AF106564.1,unmatched,
6406,NEFM,exact,NEFM
6407,DOCK5,exact,DOCK5
6408,GNRH1,exact,GNRH1
6409,KCTD9,exact,KCTD9
6410,PPP2R2A,exact,PPP2R2A
6411,BNIP3L,exact,BNIP3L
6412,DPYSL2,exact,DPYSL2
6413,TRIM35,exact,TRIM35
6414,PTK2B,exact,PTK2B
6415,EPHX2,exact,EPHX2
6416,CLU,exact,CLU
6417,CCDC25,exact,CCDC25
6418,ESCO2,exact,ESCO2
6419,NUGGC,exact,NUGGC
6420,ELP3,exact,ELP3
6421,ZNF395,exact,ZNF395
6422,FZD3,exact,FZD3
6423,EXTL3,exact,EXTL3
6424,EXTL3-AS1,exact,EXTL3-AS1
6425,INTS9,exact,INTS9
6426,HMBOX1,exact,HMBOX1
6427,KIF13B,exact,KIF13B
6428,DUSP4,exact,DUSP4
6429,LINC02099,exact,LINC02099
6430,SARAF,exact,SARAF
6431,AC044849.1,unmatched,
6432,LEPROTL1,exact,LEPROTL1
6433,AC026979.2,unmatched,
6434,DCTN6,exact,DCTN6
6435,AC026979.3,unmatched,
6436,RBPMS,exact,RBPMS
6437,GTF2E2,exact,GTF2E2
6438,GSR,exact,GSR
6439,UBXN8,exact,UBXN8
6440,PPP2CB,exact,PPP2CB
6441,WRN,exact,WRN
6442,AC090204.1,unmatched,
6443,AC067838.1,unmatched,
6444,FUT10,exact,FUT10
6445,TTI2,exact,TTI2
6446,MAK16,exact,MAK16
6447,RNF122,exact,RNF122
6448,ZNF703,exact,ZNF703
6449,AC138356.1,unmatched,
6450,ERLIN2,exact,ERLIN2
6451,PLPBP,exact,PLPBP
6452,BRF2,exact,BRF2
6453,RAB11FIP1,exact,RAB11FIP1
6454,EIF4EBP1,exact,EIF4EBP1
6455,ASH2L,exact,ASH2L
6456,STAR,exact,STAR
6457,LSM1,exact,LSM1
6458,BAG4,exact,BAG4
6459,DDHD2,exact,DDHD2
6460,PLPP5,exact,PLPP5
6461,NSD3,exact,NSD3
6462,AC087623.3,unmatched,
6463,LETM2,exact,LETM2
6464,FGFR1,exact,FGFR1
6465,TACC1,exact,TACC1
6466,AC067817.2,unmatched,
6467,PLEKHA2,exact,PLEKHA2
6468,AC108863.1,unmatched,
6469,HTRA4,exact,HTRA4
6470,TM2D2,exact,TM2D2
6471,ADAM9,exact,ADAM9
6472,GOLGA7,exact,GOLGA7
6473,GINS4,exact,GINS4
6474,GPAT4,exact,GPAT4
6475,ANK1,exact,ANK1
6476,AC027702.1,unmatched,
6477,KAT6A,exact,KAT6A
6478,AC103724.4,unmatched,
6479,AP3M2,exact,AP3M2
6480,PLAT,exact,PLAT
6481,IKBKB,exact,IKBKB
6482,POLB,exact,POLB
6483,VDAC3,exact,VDAC3
6484,SLC20A2,exact,SLC20A2
6485,AC090739.1,unmatched,
6486,SMIM19,exact,SMIM19
6487,THAP1,exact,THAP1
6488,RNF170,exact,RNF170
6489,HOOK3,exact,HOOK3
6490,FNTA,exact,FNTA
6491,POMK,exact,POMK
6492,HGSNAT,exact,HGSNAT
6493,SPIDR,exact,SPIDR
6494,CEBPD,exact,CEBPD
6495,PRKDC,exact,PRKDC
6496,MCM4,exact,MCM4
6497,UBE2V2,exact,UBE2V2
6498,AC090186.1,unmatched,
6499,PCMTD1,exact,PCMTD1
6500,AC064807.1,unmatched,
6501,AC064807.4,unmatched,
6502,RB1CC1,exact,RB1CC1
6503,ATP6V1H,exact,ATP6V1H
6504,TCEA1,exact,TCEA1
6505,AC100821.2,unmatched,
6506,LYPLA1,exact,LYPLA1
6507,MRPL15,exact,MRPL15
6508,XKR4,exact,XKR4
6509,TMEM68,exact,TMEM68
6510,TGS1,exact,TGS1
6511,LYN,exact,LYN
6512,RPS20,exact,RPS20
6513,PLAG1,exact,PLAG1
6514,CHCHD7,exact,CHCHD7
6515,AC107952.2,unmatched,
6516,IMPAD1,official_alias,IMPAD1
6517,FAM110B,exact,FAM110B
6518,UBXN2B,exact,UBXN2B
6519,SDCBP,exact,SDCBP
6520,NSMAF,exact,NSMAF
6521,TOX,exact,TOX
6522,AC090152.1,unmatched,
6523,RAB2A,exact,RAB2A
6524,CHD7,exact,CHD7
6525,AC022182.1,unmatched,
6526,AC022182.2,unmatched,
6527,ASPH,exact,ASPH
6528,GGH,exact,GGH
6529,YTHDF3-AS1,official_alias,YTHDF3-AS1
6530,YTHDF3,exact,YTHDF3
6531,AC011978.2,unmatched,
6532,AC100814.1,unmatched,
6533,ARMC1,exact,ARMC1
6534,MTFR1,exact,MTFR1
6535,AC055822.1,unmatched,
6536,PDE7A,exact,PDE7A
6537,AC100812.1,unmatched,
6538,AC084082.1,unmatched,
6539,RRS1-AS1,unmatched,
6540,RRS1,exact,RRS1
6541,ADHFE1,exact,ADHFE1
6542,VXN,exact,VXN
6543,MYBL1,exact,MYBL1
6544,VCPIP1,exact,VCPIP1
6545,SGK3,exact,SGK3
6546,C8orf44,exact,C8orf44
6547,MCMDC2,exact,MCMDC2
6548,COPS5,exact,COPS5
6549,CSPP1,exact,CSPP1
6550,ARFGEF1,exact,ARFGEF1
6551,AC021321.1,unmatched,
6552,NCOA2,exact,NCOA2
6553,AC022730.4,unmatched,
6554,TRAM1,exact,TRAM1
6555,LACTB2-AS1,exact,LACTB2-AS1
6556,LACTB2,exact,LACTB2
6557,MSC-AS1,exact,MSC-AS1
6558,MSC,exact,MSC
6559,TERF1,exact,TERF1
6560,AC022893.1,unmatched,
6561,RPL7,exact,RPL7
6562,RDH10,exact,RDH10
6563,STAU2-AS1,exact,STAU2-AS1
6564,STAU2,exact,STAU2
6565,UBE2W,exact,UBE2W
6566,ELOC,exact,ELOC
6567,TMEM70,exact,TMEM70
6568,LY96,exact,LY96
6569,GDAP1,exact,GDAP1
6570,AC011632.1,unmatched,
6571,AC022274.1,unmatched,
6572,PEX2,exact,PEX2
6573,PKIA-AS1,exact,PKIA-AS1
6574,PKIA,exact,PKIA
6575,ZC2HC1A,exact,ZC2HC1A
6576,MRPS28,exact,MRPS28
6577,TPD52,exact,TPD52
6578,AC009686.1,unmatched,
6579,AC009812.1,unmatched,
6580,ZBTB10,exact,ZBTB10
6581,AC009812.3,unmatched,
6582,AC009812.4,unmatched,
6583,ZNF704,exact,ZNF704
6584,PAG1,exact,PAG1
6585,AC079209.2,unmatched,
6586,FABP5,exact,FABP5
6587,IMPA1,exact,IMPA1
6588,SLC10A5,exact,SLC10A5
6589,ZFAND1,exact,ZFAND1
6590,SNX16,exact,SNX16
6591,LRRCC1,exact,LRRCC1
6592,AC011773.4,unmatched,
6593,E2F5,exact,E2F5
6594,C8orf59,official_alias,C8orf59
6595,CA13,exact,CA13
6596,WWP1,exact,WWP1
6597,RMDN1,exact,RMDN1
6598,CPNE3,exact,CPNE3
6599,AF117829.1,unmatched,
6600,RIPK2,exact,RIPK2
6601,OSGIN2,exact,OSGIN2
6602,NBN,exact,NBN
6603,DECR1,exact,DECR1
6604,LINC01030,exact,LINC01030
6605,TMEM64,exact,TMEM64
6606,AC106038.1,unmatched,
6607,C8orf88,exact,C8orf88
6608,PIP4P2,exact,PIP4P2
6609,OTUD6B-AS1,exact,OTUD6B-AS1
6610,OTUD6B,exact,OTUD6B
6611,LRRC69,exact,LRRC69
6612,TRIQK,exact,TRIQK
6613,FAM92A,official_alias,FAM92A
6614,AC120053.1,unmatched,
6615,RBM12B,exact,RBM12B
6616,TMEM67,exact,TMEM67
6617,PDP1,exact,PDP1
6618,RAD54B,exact,RAD54B
6619,FSBP,exact,FSBP
6620,VIRMA,exact,VIRMA
6621,AC023632.2,unmatched,
6622,DPY19L4,exact,DPY19L4
6623,INTS8,exact,INTS8
6624,CCNE2,exact,CCNE2
6625,AC087752.4,unmatched,
6626,NDUFAF6,exact,NDUFAF6
6627,TP53INP1,exact,TP53INP1
6628,PLEKHF2,exact,PLEKHF2
6629,C8orf37-AS1,unmatched,
6630,C8orf37,unmatched,
6631,AC083836.1,unmatched,
6632,UQCRB,exact,UQCRB
6633,MTERF3,exact,MTERF3
6634,PTDSS1,exact,PTDSS1
6635,CPQ,exact,CPQ
6636,TSPYL5,exact,TSPYL5
6637,MTDH,exact,MTDH
6638,LAPTM4B,exact,LAPTM4B
6639,RPL30,exact,RPL30
6640,AP003352.1,unmatched,
6641,RIDA,exact,RIDA
6642,POP1,exact,POP1
6643,STK3,exact,STK3
6644,AC104986.2,unmatched,
6645,VPS13B,exact,VPS13B
6646,COX6C,exact,COX6C
6647,FBXO43,exact,FBXO43
6648,POLR2K,exact,POLR2K
6649,SPAG1,exact,SPAG1
6650,RNF19A,exact,RNF19A
6651,ANKRD46,exact,ANKRD46
6652,PABPC1,exact,PABPC1
6653,YWHAZ,exact,YWHAZ
6654,AP003469.4,unmatched,
6655,ZNF706,exact,ZNF706
6656,NCALD,exact,NCALD
6657,RRM2B,exact,RRM2B
6658,UBR5-AS1,unmatched,
6659,UBR5,exact,UBR5
6660,KLF10,exact,KLF10
6661,GASAL1,unmatched,
6662,AZIN1,exact,AZIN1
6663,AZIN1-AS1,unmatched,
6664,AP003354.2,unmatched,
6665,ATP6V1C1,exact,ATP6V1C1
6666,FZD6,exact,FZD6
6667,AC012213.3,unmatched,
6668,SLC25A32,exact,SLC25A32
6669,DCAF13,exact,DCAF13
6670,RIMS2,exact,RIMS2
6671,LRP12,exact,LRP12
6672,AC027031.2,unmatched,
6673,OXR1,exact,OXR1
6674,AC090579.1,unmatched,
6675,EIF3E,exact,EIF3E
6676,EMC2,exact,EMC2
6677,NUDCD1,exact,NUDCD1
6678,ENY2,exact,ENY2
6679,EBAG9,exact,EBAG9
6680,TRPS1,exact,TRPS1
6681,EIF3H,exact,EIF3H
6682,UTP23,exact,UTP23
6683,RAD21,exact,RAD21
6684,MED30,exact,MED30
6685,EXT1,exact,EXT1
6686,SAMD12,exact,SAMD12
6687,AC023590.1,unmatched,
6688,ENPP2,exact,ENPP2
6689,TAF2,exact,TAF2
6690,DSCC1,exact,DSCC1
6691,DEPTOR,exact,DEPTOR
6692,MRPL13,exact,MRPL13
6693,MTBP,exact,MTBP
6694,SNTB1,exact,SNTB1
6695,AC104958.1,unmatched,
6696,AC104958.2,unmatched,
6697,ZHX2,exact,ZHX2
6698,DERL1,exact,DERL1
6699,TBC1D31,exact,TBC1D31
6700,C8orf76,exact,C8orf76
6701,ZHX1-C8orf76,exact,ZHX1-C8orf76
6702,ZHX1,exact,ZHX1
6703,ATAD2,exact,ATAD2
6704,WDYHV1,official_alias,WDYHV1
6705,FBXO32,exact,FBXO32
6706,FAM91A1,exact,FAM91A1
6707,TMEM65,exact,TMEM65
6708,TRMT12,exact,TRMT12
6709,RNF139-AS1,unmatched,
6710,RNF139,exact,RNF139
6711,TATDN1,exact,TATDN1
6712,AC090198.1,unmatched,
6713,NDUFB9,exact,NDUFB9
6714,MTSS1,exact,MTSS1
6715,ZNF572,exact,ZNF572
6716,SQLE,exact,SQLE
6717,WASHC5,exact,WASHC5
6718,NSMCE2,exact,NSMCE2
6719,LINC00861,exact,LINC00861
6720,FAM84B,official_alias,FAM84B
6721,PCAT1,exact,PCAT1
6722,PRNCR1,exact,PRNCR1
6723,POU5F1B,exact,POU5F1B
6724,CASC11,exact,CASC11
6725,MYC,exact,MYC
6726,PVT1,exact,PVT1
6727,CCDC26,exact,CCDC26
6728,FAM49B,official_alias,FAM49B
6729,ASAP1,exact,ASAP1
6730,EFR3A,exact,EFR3A
6731,LRRC6,unmatched,
6732,TMEM71,exact,TMEM71
6733,PHF20L1,exact,PHF20L1
6734,TG,exact,TG
6735,SLA,exact,SLA
6736,NDRG1,exact,NDRG1
6737,ST3GAL1,exact,ST3GAL1
6738,AC103706.1,unmatched,
6739,ZFAT,exact,ZFAT
6740,AC083843.3,unmatched,
6741,TRAPPC9,exact,TRAPPC9
6742,AC107375.1,unmatched,
6743,CHRAC1,exact,CHRAC1
6744,AGO2,exact,AGO2
6745,PTK2,exact,PTK2
6746,DENND3,exact,DENND3
6747,AC040970.1,unmatched,
6748,SLC45A4,exact,SLC45A4
6749,PTP4A3,exact,PTP4A3
6750,TSNARE1,exact,TSNARE1
6751,AC134682.1,unmatched,
6752,ADGRB1,exact,ADGRB1
6753,JRK,exact,JRK
6754,THEM6,exact,THEM6
6755,LY6E-DT,unmatched,
6756,LY6E,exact,LY6E
6757,ZFP41,exact,ZFP41
6758,GLI4,exact,GLI4
6759,MINCR,exact,MINCR
6760,ZNF696,exact,ZNF696
6761,AC138696.2,unmatched,
6762,TOP1MT,exact,TOP1MT
6763,RHPN1-AS1,exact,RHPN1-AS1
6764,RHPN1,exact,RHPN1
6765,ZC3H3,exact,ZC3H3
6766,AC067930.4,unmatched,
6767,GSDMD,exact,GSDMD
6768,MROH6,exact,MROH6
6769,NAPRT,exact,NAPRT
6770,EEF1D,exact,EEF1D
6771,TIGD5,exact,TIGD5
6772,PYCR3,exact,PYCR3
6773,TSTA3,official_alias,TSTA3
6774,ZNF623,exact,ZNF623
6775,ZNF707,exact,ZNF707
6776,FAM83H,exact,FAM83H
6777,SCRIB,exact,SCRIB
6778,PUF60,exact,PUF60
6779,NRBP2,exact,NRBP2
6780,EPPK1,exact,EPPK1
6781,PLEC,exact,PLEC
6782,PARP10,exact,PARP10
6783,GRINA,exact,GRINA
6784,AC109322.1,unmatched,
6785,EXOSC4,exact,EXOSC4
6786,GPAA1,exact,GPAA1
6787,CYC1,exact,CYC1
6788,SHARPIN,exact,SHARPIN
6789,MAF1,exact,MAF1
6790,WDR97,exact,WDR97
6791,HGH1,exact,HGH1
6792,MROH1,exact,MROH1
6793,BOP1,exact,BOP1
6794,SCX,exact,SCX
6795,HSF1,exact,HSF1
6796,DGAT1,exact,DGAT1
6797,SLC52A2,exact,SLC52A2
6798,FBXL6,exact,FBXL6
6799,ADCK5,exact,ADCK5
6800,CPSF1,exact,CPSF1
6801,AC233992.3,unmatched,
6802,SLC39A4,exact,SLC39A4
6803,VPS28,exact,VPS28
6804,TONSL,exact,TONSL
6805,CYHR1,unmatched,
6806,KIFC2,exact,KIFC2
6807,PPP1R16A,exact,PPP1R16A
6808,GPT,exact,GPT
6809,MFSD3,exact,MFSD3
6810,RECQL4,exact,RECQL4
6811,LRRC14,exact,LRRC14
6812,LRRC24,exact,LRRC24
6813,C8orf82,exact,C8orf82
6814,ZNF251,exact,ZNF251
6815,ZNF34,exact,ZNF34
6816,RPL8,exact,RPL8
6817,ZNF517,exact,ZNF517
6818,ZNF7,exact,ZNF7
6819,COMMD5,exact,COMMD5
6820,ZNF250,exact,ZNF250
6821,ZNF16,exact,ZNF16
6822,ZNF252P-AS1,exact,ZNF252P-AS1
6823,C8orf33,exact,C8orf33
6824,WASHC1,exact,WASHC1
6825,AL928970.1,unmatched,
6826,CBWD1,unmatched,
6827,DOCK8,exact,DOCK8
6828,KANK1,exact,KANK1
6829,AL136979.1,unmatched,
6830,SMARCA2,exact,SMARCA2
6831,VLDLR,exact,VLDLR
6832,PUM3,exact,PUM3
6833,RFX3,unmatched,
6834,RFX3-AS1,unmatched,
6835,AL354977.2,unmatched,
6836,GLIS3,exact,GLIS3
6837,SPATA6L,exact,SPATA6L
6838,PLPP6,exact,PLPP6
6839,CDC37L1-DT,exact,CDC37L1-DT
6840,CDC37L1,exact,CDC37L1
6841,AK3,exact,AK3
6842,RCL1,exact,RCL1
6843,JAK2,exact,JAK2
6844,IGHEP2,exact,IGHEP2
6845,RLN2,exact,RLN2
6846,RLN1,exact,RLN1
6847,PLGRKT,exact,PLGRKT
6848,CD274,exact,CD274
6849,RIC1,exact,RIC1
6850,ERMP1,exact,ERMP1
6851,KIAA2026,exact,KIAA2026
6852,RANBP6,exact,RANBP6
6853,UHRF2,exact,UHRF2
6854,AL354707.1,unmatched,
6855,KDM4C,exact,KDM4C
6856,DMAC1,exact,DMAC1
6857,LINC01235,exact,LINC01235
6858,AL159169.3,unmatched,
6859,AL159169.2,unmatched,
6860,ZDHHC21,exact,ZDHHC21
6861,TTC39B,exact,TTC39B
6862,SNAPC3,exact,SNAPC3
6863,PSIP1,exact,PSIP1
6864,CCDC171,exact,CCDC171
6865,SAXO1,exact,SAXO1
6866,RRAGA,exact,RRAGA
6867,HAUS6,exact,HAUS6
6868,PLIN2,exact,PLIN2
6869,DENND4C,exact,DENND4C
6870,AL161909.2,unmatched,
6871,AL391834.1,unmatched,
6872,AL391834.2,unmatched,
6873,RPS6,exact,RPS6
6874,ACER2,exact,ACER2
6875,MLLT3,exact,MLLT3
6876,FOCAD,exact,FOCAD
6877,HACD4,exact,HACD4
6878,KLHL9,exact,KLHL9
6879,MTAP,exact,MTAP
6880,AL359922.2,unmatched,
6881,CDKN2A,exact,CDKN2A
6882,CAAP1,exact,CAAP1
6883,PLAA,exact,PLAA
6884,IFT74,exact,IFT74
6885,MOB3B,exact,MOB3B
6886,C9orf72,exact,C9orf72
6887,LINC01242,unmatched,
6888,ACO1,exact,ACO1
6889,DDX58,unmatched,
6890,TOPORS,exact,TOPORS
6891,SMIM27,exact,SMIM27
6892,NDUFB6,exact,NDUFB6
6893,APTX,exact,APTX
6894,DNAJA1,exact,DNAJA1
6895,SMU1,exact,SMU1
6896,B4GALT1,exact,B4GALT1
6897,B4GALT1-AS1,exact,B4GALT1-AS1
6898,BAG1,exact,BAG1
6899,CHMP5,exact,CHMP5
6900,NFX1,exact,NFX1
6901,AQP3,exact,AQP3
6902,NOL6,exact,NOL6
6903,UBE2R2,exact,UBE2R2
6904,UBAP2,exact,UBAP2
6905,DCAF12,exact,DCAF12
6906,UBAP1,exact,UBAP1
6907,NUDT2,exact,NUDT2
6908,C9orf24,unmatched,
6909,FAM219A,exact,FAM219A
6910,RPP25L,exact,RPP25L
6911,DCTN3,exact,DCTN3
6912,SIGMAR1,exact,SIGMAR1
6913,GALT,exact,GALT
6914,IL11RA,exact,IL11RA
6915,AL162231.1,unmatched,
6916,DNAJB5,exact,DNAJB5
6917,VCP,exact,VCP
6918,FANCG,exact,FANCG
6919,PIGO,exact,PIGO
6920,STOML2,exact,STOML2
6921,FAM214B,official_alias,FAM214B
6922,TESK1,exact,TESK1
6923,CD72,exact,CD72
6924,SIT1,exact,SIT1
6925,RMRP,unmatched,
6926,CCDC107,exact,CCDC107
6927,ARHGEF39,exact,ARHGEF39
6928,TPM2,exact,TPM2
6929,TLN1,exact,TLN1
6930,CREB3,exact,CREB3
6931,GBA2,exact,GBA2
6932,RGP1,exact,RGP1
6933,AL133410.1,unmatched,
6934,NPR2,exact,NPR2
6935,SPAG8,exact,SPAG8
6936,HINT2,exact,HINT2
6937,TMEM8B,exact,TMEM8B
6938,RECK,exact,RECK
6939,GLIPR2,exact,GLIPR2
6940,CLTA,exact,CLTA
6941,GNE,exact,GNE
6942,RNF38,exact,RNF38
6943,EBLN3P,exact,EBLN3P
6944,ZCCHC7,exact,ZCCHC7
6945,GRHPR,exact,GRHPR
6946,ZBTB5,exact,ZBTB5
6947,POLR1E,exact,POLR1E
6948,FBXO10,exact,FBXO10
6949,TOMM5,exact,TOMM5
6950,FRMPD1,exact,FRMPD1
6951,TRMT10B,exact,TRMT10B
6952,EXOSC3,exact,EXOSC3
6953,DCAF10,exact,DCAF10
6954,SLC25A51,exact,SLC25A51
6955,ALDH1B1,exact,ALDH1B1
6956,FAM95C,exact,FAM95C
6957,ANKRD18A,exact,ANKRD18A
6958,FAM201A,unmatched,
6959,GLIDR,exact,GLIDR
6960,FAM95B1,exact,FAM95B1
6961,BMS1P14,official_alias,BMS1P14
6962,CBWD6,unmatched,
6963,AL845472.1,unmatched,
6964,BX088651.4,unmatched,
6965,AL935212.1,unmatched,
6966,FAM27C,exact,FAM27C
6967,AL391987.4,unmatched,
6968,LINC01410,exact,LINC01410
6969,AL512625.2,unmatched,
6970,AL512625.1,unmatched,
6971,ANKRD20A4,unmatched,
6972,FOXD4L5,exact,FOXD4L5
6973,CBWD5,unmatched,
6974,ZNF658,exact,ZNF658
6975,CBWD3,unmatched,
6976,AL161457.2,unmatched,
6977,FAM122A,official_alias,FAM122A
6978,FXN,exact,FXN
6979,TJP2,exact,TJP2
6980,PTAR1,exact,PTAR1
6981,C9orf135,unmatched,
6982,MAMDC2-AS1,unmatched,
6983,SMC5-AS1,official_alias,SMC5-AS1
6984,SMC5,exact,SMC5
6985,KLF9,exact,KLF9
6986,TRPM3,exact,TRPM3
6987,CEMIP2,exact,CEMIP2
6988,ABHD17B,exact,ABHD17B
6989,C9orf85,exact,C9orf85
6990,ZFAND5,exact,ZFAND5
6991,ANXA1,exact,ANXA1
6992,TRPM6,exact,TRPM6
6993,C9orf40,exact,C9orf40
6994,C9orf41-AS1,official_alias,C9orf41-AS1
6995,CARNMT1,exact,CARNMT1
6996,NMRK1,exact,NMRK1
6997,OSTF1,exact,OSTF1
6998,PCSK5,exact,PCSK5
6999,RFK,exact,RFK
7000,GCNT1,exact,GCNT1
7001,PCA3,exact,PCA3
7002,VPS13A,exact,VPS13A
7003,GNAQ,exact,GNAQ
7004,CEP78,exact,CEP78
7005,PSAT1,exact,PSAT1
7006,TLE4,exact,TLE4
7007,TLE1,exact,TLE1
7008,AL158154.2,unmatched,
7009,FRMD3,exact,FRMD3
7010,IDNK,exact,IDNK
7011,UBQLN1,exact,UBQLN1
7012,AL354920.1,unmatched,
7013,GKAP1,exact,GKAP1
7014,KIF27,exact,KIF27
7015,C9orf64,unmatched,
7016,HNRNPK,exact,HNRNPK
7017,AL354733.3,unmatched,
7018,RMI1,exact,RMI1
7019,AGTPBP1,exact,AGTPBP1
7020,NAA35,exact,NAA35
7021,GOLM1,exact,GOLM1
7022,C9orf153,exact,C9orf153
7023,ISCA1,exact,ISCA1
7024,TUT7,exact,TUT7
7025,GAS1,exact,GAS1
7026,CTSL,exact,CTSL
7027,CDK20,exact,CDK20
7028,SPIN1,exact,SPIN1
7029,S1PR3,exact,S1PR3
7030,CKS2,exact,CKS2
7031,SECISBP2,exact,SECISBP2
7032,SEMA4D,exact,SEMA4D
7033,AL158071.5,unmatched,
7034,AUH,exact,AUH
7035,NFIL3,exact,NFIL3
7036,SPTLC1,exact,SPTLC1
7037,IARS,official_alias,IARS
7038,NOL8,exact,NOL8
7039,CENPP,exact,CENPP
7040,IPPK,exact,IPPK
7041,BICD2,exact,BICD2
7042,ZNF484,exact,ZNF484
7043,FGD3,exact,FGD3
7044,SUSD3,exact,SUSD3
7045,CARD19,exact,CARD19
7046,NINJ1,exact,NINJ1
7047,AL583839.1,unmatched,
7048,FAM120AOS,exact,FAM120AOS
7049,FAM120A,exact,FAM120A
7050,PHF2,exact,PHF2
7051,PTPDC1,exact,PTPDC1
7052,AL158152.1,unmatched,
7053,ZNF169,exact,ZNF169
7054,AL691447.2,unmatched,
7055,MFSD14B,exact,MFSD14B
7056,PCAT7,exact,PCAT7
7057,FBP1,exact,FBP1
7058,C9orf3,official_alias,C9orf3
7059,FANCC,exact,FANCC
7060,PTCH1,exact,PTCH1
7061,AL161729.1,unmatched,
7062,AL161729.4,unmatched,
7063,LINC00476,unmatched,
7064,ERCC6L2,exact,ERCC6L2
7065,LINC00092,exact,LINC00092
7066,SLC35D2,exact,SLC35D2
7067,ZNF367,exact,ZNF367
7068,HABP4,exact,HABP4
7069,CDC14B,exact,CDC14B
7070,AAED1,official_alias,AAED1
7071,AL589843.1,unmatched,
7072,ZNF510,exact,ZNF510
7073,ZNF782,exact,ZNF782
7074,MFSD14C,unmatched,
7075,AL590705.1,unmatched,
7076,CCDC180,exact,CCDC180
7077,TDRD7,exact,TDRD7
7078,TMOD1,exact,TMOD1
7079,TSTD2,exact,TSTD2
7080,NCBP1,exact,NCBP1
7081,XPA,exact,XPA
7082,TRMO,exact,TRMO
7083,HEMGN,exact,HEMGN
7084,ANP32B,exact,ANP32B
7085,NANS,exact,NANS
7086,TRIM14,exact,TRIM14
7087,CORO2A,exact,CORO2A
7088,TBC1D2,exact,TBC1D2
7089,ANKS6,exact,ANKS6
7090,GALNT12,exact,GALNT12
7091,TGFBR1,exact,TGFBR1
7092,ALG2,exact,ALG2
7093,SEC61B,exact,SEC61B
7094,STX17-AS1,unmatched,
7095,STX17,exact,STX17
7096,ERP44,exact,ERP44
7097,INVS,exact,INVS
7098,TEX10,exact,TEX10
7099,MSANTD3,exact,MSANTD3
7100,CAVIN4,exact,CAVIN4
7101,MRPL50,exact,MRPL50
7102,ZNF189,exact,ZNF189
7103,RNF20,exact,RNF20
7104,GRIN3A,exact,GRIN3A
7105,SMC2-AS1,official_alias,SMC2-AS1
7106,SMC2,exact,SMC2
7107,NIPSNAP3A,exact,NIPSNAP3A
7108,NIPSNAP3B,exact,NIPSNAP3B
7109,SLC44A1,exact,SLC44A1
7110,FSD1L,exact,FSD1L
7111,FKTN,exact,FKTN
7112,TMEM38B,exact,TMEM38B
7113,RAD23B,exact,RAD23B
7114,ELP1,exact,ELP1
7115,FAM206A,official_alias,FAM206A
7116,CTNNAL1,exact,CTNNAL1
7117,TMEM245,exact,TMEM245
7118,FRRS1L,exact,FRRS1L
7119,TXN,exact,TXN
7120,ECPAS,exact,ECPAS
7121,ZNF483,exact,ZNF483
7122,DNAJC25,exact,DNAJC25
7123,DNAJC25-GNG10,exact,DNAJC25-GNG10
7124,GNG10,exact,GNG10
7125,UGCG,exact,UGCG
7126,SUSD1,exact,SUSD1
7127,PTBP3,exact,PTBP3
7128,HSDL2,exact,HSDL2
7129,C9orf147,unmatched,
7130,KIAA1958,exact,KIAA1958
7131,INIP,exact,INIP
7132,AL390067.1,unmatched,
7133,SNX30,exact,SNX30
7134,ZNF883,exact,ZNF883
7135,ZFP37,exact,ZFP37
7136,SLC31A2,exact,SLC31A2
7137,FKBP15,exact,FKBP15
7138,SLC31A1,exact,SLC31A1
7139,CDC26,exact,CDC26
7140,PRPF4,exact,PRPF4
7141,WDR31,exact,WDR31
7142,BSPRY,exact,BSPRY
7143,HDHD3,exact,HDHD3
7144,ALAD,exact,ALAD
7145,POLE3,exact,POLE3
7146,C9orf43,exact,C9orf43
7147,RGS3,exact,RGS3
7148,ZNF618,exact,ZNF618
7149,AKNA,exact,AKNA
7150,AL138895.1,unmatched,
7151,WHRN,exact,WHRN
7152,ATP6V1G1,exact,ATP6V1G1
7153,TMEM268,exact,TMEM268
7154,TNFSF8,exact,TNFSF8
7155,TNC,exact,TNC
7156,PAPPA,exact,PAPPA
7157,PAPPA-AS1,exact,PAPPA-AS1
7158,ASTN2,exact,ASTN2
7159,TRIM32,exact,TRIM32
7160,CDK5RAP2,exact,CDK5RAP2
7161,MEGF9,exact,MEGF9
7162,FBXW2,exact,FBXW2
7163,B3GNT10,official_alias,B3GNT10
7164,PSMD5,exact,PSMD5
7165,PHF19,exact,PHF19
7166,TRAF1,exact,TRAF1
7167,C5,exact,C5
7168,CNTRL,exact,CNTRL
7169,RAB14,exact,RAB14
7170,GSN,exact,GSN
7171,GSN-AS1,exact,GSN-AS1
7172,STOM,exact,STOM
7173,AL359644.1,unmatched,
7174,TTLL11,exact,TTLL11
7175,NDUFA8,exact,NDUFA8
7176,RBM18,exact,RBM18
7177,MRRF,exact,MRRF
7178,PDCL,exact,PDCL
7179,RC3H2,exact,RC3H2
7180,ZBTB6,exact,ZBTB6
7181,ZBTB26,exact,ZBTB26
7182,RABGAP1,exact,RABGAP1
7183,STRBP,exact,STRBP
7184,CRB2,exact,CRB2
7185,DENND1A,exact,DENND1A
7186,NEK6,exact,NEK6
7187,PSMB7,exact,PSMB7
7188,MIR181A2HG,exact,MIR181A2HG
7189,RPL35,exact,RPL35
7190,ARPC5L,exact,ARPC5L
7191,GOLGA1,exact,GOLGA1
7192,SCAI,exact,SCAI
7193,PPP6C,exact,PPP6C
7194,RABEPK,exact,RABEPK
7195,HSPA5,exact,HSPA5
7196,GAPVD1,exact,GAPVD1
7197,MAPKAP1,exact,MAPKAP1
7198,PBX3,exact,PBX3
7199,MVB12B,exact,MVB12B
7200,ZBTB43,exact,ZBTB43
7201,ZBTB34,exact,ZBTB34
7202,RALGPS1,exact,RALGPS1
7203,SLC2A8,exact,SLC2A8
7204,ZNF79,exact,ZNF79
7205,RPL12,exact,RPL12
7206,LRSAM1,exact,LRSAM1
7207,FAM129B,official_alias,FAM129B
7208,STXBP1,exact,STXBP1
7209,AL162426.1,unmatched,
7210,PTRH1,exact,PTRH1
7211,CFAP157,exact,CFAP157
7212,TTC16,exact,TTC16
7213,TOR2A,exact,TOR2A
7214,SH2D3C,exact,SH2D3C
7215,CDK9,exact,CDK9
7216,FPGS,exact,FPGS
7217,ENG,exact,ENG
7218,AL162586.1,unmatched,
7219,AK1,exact,AK1
7220,AL157935.2,unmatched,
7221,ST6GALNAC6,exact,ST6GALNAC6
7222,ST6GALNAC4,exact,ST6GALNAC4
7223,PIP5KL1,exact,PIP5KL1
7224,AL157935.1,unmatched,
7225,DPM2,exact,DPM2
7226,FAM102A,unmatched,
7227,NAIF1,exact,NAIF1
7228,SLC25A25,exact,SLC25A25
7229,SLC25A25-AS1,unmatched,
7230,PTGES2,exact,PTGES2
7231,AL590708.1,unmatched,
7232,C9orf16,unmatched,
7233,CIZ1,exact,CIZ1
7234,DNM1,exact,DNM1
7235,GOLGA2,exact,GOLGA2
7236,SWI5,exact,SWI5
7237,TRUB2,exact,TRUB2
7238,AL359091.4,unmatched,
7239,COQ4,exact,COQ4
7240,SLC27A4,exact,SLC27A4
7241,URM1,exact,URM1
7242,ODF2,exact,ODF2
7243,GLE1,exact,GLE1
7244,AL356481.1,unmatched,
7245,SPTAN1,exact,SPTAN1
7246,WDR34,official_alias,WDR34
7247,HMGA1P4,exact,HMGA1P4
7248,SET,exact,SET
7249,PKN3,exact,PKN3
7250,ZDHHC12,exact,ZDHHC12
7251,AL441992.1,unmatched,
7252,ZER1,exact,ZER1
7253,TBC1D13,exact,TBC1D13
7254,ENDOG,exact,ENDOG
7255,SPOUT1,exact,SPOUT1
7256,KYAT1,exact,KYAT1
7257,LRRC8A,exact,LRRC8A
7258,PHYHD1,exact,PHYHD1
7259,DOLK,exact,DOLK
7260,NUP188,exact,NUP188
7261,AL592211.1,unmatched,
7262,SH3GLB2,exact,SH3GLB2
7263,MIGA2,exact,MIGA2
7264,DOLPP1,exact,DOLPP1
7265,CRAT,exact,CRAT
7266,PTPA,exact,PTPA
7267,IER5L,exact,IER5L
7268,AL158151.1,unmatched,
7269,AL161785.3,unmatched,
7270,C9orf106,unmatched,
7271,NTMT1,exact,NTMT1
7272,ASB6,exact,ASB6
7273,TOR1B,exact,TOR1B
7274,TOR1A,exact,TOR1A
7275,C9orf78,exact,C9orf78
7276,USP20,exact,USP20
7277,FNBP1,exact,FNBP1
7278,AL136141.1,unmatched,
7279,GPR107,exact,GPR107
7280,FUBP3,exact,FUBP3
7281,EXOSC2,exact,EXOSC2
7282,ABL1,exact,ABL1
7283,LAMC3,exact,LAMC3
7284,NUP214,exact,NUP214
7285,AL157938.2,unmatched,
7286,AL157938.3,unmatched,
7287,FAM78A,exact,FAM78A
7288,PLPP7,exact,PLPP7
7289,PRRC2B,exact,PRRC2B
7290,AL358781.1,unmatched,
7291,POMT1,exact,POMT1
7292,AL358781.2,unmatched,
7293,UCK1,exact,UCK1
7294,RAPGEF1,exact,RAPGEF1
7295,MED27,exact,MED27
7296,NTNG2,exact,NTNG2
7297,SETX,exact,SETX
7298,TTF1,exact,TTF1
7299,DDX31,official_alias,DDX31
7300,GTF3C4,exact,GTF3C4
7301,SPACA9,exact,SPACA9
7302,TSC1,exact,TSC1
7303,GTF3C5,exact,GTF3C5
7304,RALGDS,exact,RALGDS
7305,GBGT1,exact,GBGT1
7306,SURF6,exact,SURF6
7307,MED22,exact,MED22
7308,RPL7A,exact,RPL7A
7309,SURF1,exact,SURF1
7310,SURF2,exact,SURF2
7311,SURF4,exact,SURF4
7312,STKLD1,exact,STKLD1
7313,REXO4,exact,REXO4
7314,ADAMTS13,exact,ADAMTS13
7315,CACFD1,exact,CACFD1
7316,SLC2A6,exact,SLC2A6
7317,DBH-AS1,exact,DBH-AS1
7318,SARDH,exact,SARDH
7319,BRD3OS,exact,BRD3OS
7320,BRD3,exact,BRD3
7321,BX649632.1,unmatched,
7322,WDR5,exact,WDR5
7323,RXRA,exact,RXRA
7324,C9orf116,unmatched,
7325,MRPS2,exact,MRPS2
7326,CAMSAP1,exact,CAMSAP1
7327,UBAC1,exact,UBAC1
7328,NACC2,exact,NACC2
7329,AL138781.1,unmatched,
7330,TMEM250,exact,TMEM250
7331,QSOX2,exact,QSOX2
7332,GPSM1,exact,GPSM1
7333,DNLZ,exact,DNLZ
7334,SNAPC4,exact,SNAPC4
7335,ENTR1,exact,ENTR1
7336,PMPCA,exact,PMPCA
7337,INPP5E,exact,INPP5E
7338,SEC16A,exact,SEC16A
7339,C9orf163,exact,C9orf163
7340,NOTCH1,exact,NOTCH1
7341,NALT1,unmatched,
7342,EGFL7,exact,EGFL7
7343,AGPAT2,exact,AGPAT2
7344,SNHG7,exact,SNHG7
7345,TMEM141,exact,TMEM141
7346,CCDC183,exact,CCDC183
7347,RABL6,exact,RABL6
7348,AJM1,exact,AJM1
7349,PHPT1,exact,PHPT1
7350,MAMDC4,exact,MAMDC4
7351,EDF1,exact,EDF1
7352,TRAF2,exact,TRAF2
7353,FBXW5,exact,FBXW5
7354,LCN12,exact,LCN12
7355,LCNL1,exact,LCNL1
7356,PAXX,exact,PAXX
7357,CLIC3,exact,CLIC3
7358,ABCA2,exact,ABCA2
7359,FUT7,exact,FUT7
7360,NPDC1,exact,NPDC1
7361,UAP1L1,exact,UAP1L1
7362,MAN1B1-DT,exact,MAN1B1-DT
7363,MAN1B1,exact,MAN1B1
7364,DPP7,exact,DPP7
7365,ANAPC2,exact,ANAPC2
7366,SSNA1,exact,SSNA1
7367,TPRN,exact,TPRN
7368,TMEM203,exact,TMEM203
7369,NDOR1,exact,NDOR1
7370,BX255925.3,unmatched,
7371,RNF208,exact,RNF208
7372,TUBB4B,exact,TUBB4B
7373,NELFB,exact,NELFB
7374,EXD3,exact,EXD3
7375,NSMF,exact,NSMF
7376,PNPLA7,exact,PNPLA7
7377,MRPL41,exact,MRPL41
7378,DPH7,exact,DPH7
7379,ZMYND19,exact,ZMYND19
7380,ARRDC1,exact,ARRDC1
7381,ARRDC1-AS1,exact,ARRDC1-AS1
7382,EHMT1,exact,EHMT1
7383,LINC01001,exact,LINC01001
7384,BET1L,exact,BET1L
7385,AC069287.2,unmatched,
7386,RIC8A,exact,RIC8A
7387,SIRT3,exact,SIRT3
7388,PSMD13,exact,PSMD13
7389,NLRP6,exact,NLRP6
7390,AC136475.3,unmatched,
7391,PGGHG,exact,PGGHG
7392,IFITM2,exact,IFITM2
7393,IFITM1,exact,IFITM1
7394,AC136475.1,unmatched,
7395,IFITM3,exact,IFITM3
7396,AC136475.8,unmatched,
7397,AC136475.5,unmatched,
7398,AC136475.9,unmatched,
7399,SIGIRR,exact,SIGIRR
7400,ANO9,exact,ANO9
7401,PTDSS2,exact,PTDSS2
7402,AC138230.1,unmatched,
7403,RNH1,exact,RNH1
7404,HRAS,exact,HRAS
7405,LRRC56,exact,LRRC56
7406,LMNTD2,exact,LMNTD2
7407,AP006284.1,unmatched,
7408,RASSF7,exact,RASSF7
7409,MIR210HG,exact,MIR210HG
7410,PHRF1,exact,PHRF1
7411,IRF7,exact,IRF7
7412,DRD4,exact,DRD4
7413,DEAF1,exact,DEAF1
7414,AC131934.1,unmatched,
7415,EPS8L2,exact,EPS8L2
7416,TMEM80,exact,TMEM80
7417,TALDO1,exact,TALDO1
7418,GATD1,exact,GATD1
7419,AP006621.3,unmatched,
7420,SLC25A22,exact,SLC25A22
7421,PANO1,exact,PANO1
7422,PIDD1,exact,PIDD1
7423,RPLP2,exact,RPLP2
7424,PNPLA2,exact,PNPLA2
7425,CD151,exact,CD151
7426,POLR2L,exact,POLR2L
7427,TSPAN4,exact,TSPAN4
7428,AP006623.1,unmatched,
7429,CHID1,exact,CHID1
7430,AP2A2,exact,AP2A2
7431,TOLLIP,exact,TOLLIP
7432,TOLLIP-AS1,unmatched,
7433,BRSK2,exact,BRSK2
7434,MOB2,exact,MOB2
7435,DUSP8,exact,DUSP8
7436,CTSD,exact,CTSD
7437,LSP1,exact,LSP1
7438,PRR33,exact,PRR33
7439,TNNT3,exact,TNNT3
7440,MRPL23,exact,MRPL23
7441,ASCL2,exact,ASCL2
7442,C11orf21,exact,C11orf21
7443,TSPAN32,exact,TSPAN32
7444,CD81,exact,CD81
7445,TSSC4,exact,TSSC4
7446,KCNQ1,exact,KCNQ1
7447,KCNQ1OT1,exact,KCNQ1OT1
7448,CDKN1C,exact,CDKN1C
7449,SLC22A18,exact,SLC22A18
7450,NAP1L4,exact,NAP1L4
7451,AC131971.1,unmatched,
7452,CARS,official_alias,CARS
7453,OSBPL5,exact,OSBPL5
7454,ZNF195,exact,ZNF195
7455,CHRNA10,exact,CHRNA10
7456,NUP98,exact,NUP98
7457,PGAP2,exact,PGAP2
7458,RHOG,exact,RHOG
7459,STIM1,exact,STIM1
7460,RRM1,exact,RRM1
7461,TRIM21,exact,TRIM21
7462,OR52I1,exact,OR52I1
7463,TRIM68,exact,TRIM68
7464,AC104389.4,unmatched,
7465,OR51B5,exact,OR51B5
7466,UBQLNL,exact,UBQLNL
7467,TRIM34,exact,TRIM34
7468,TRIM5,exact,TRIM5
7469,TRIM22,exact,TRIM22
7470,OR56B1,exact,OR56B1
7471,AC022762.2,unmatched,
7472,FAM160A2,official_alias,FAM160A2
7473,SMPD1,exact,SMPD1
7474,APBB1,exact,APBB1
7475,TRIM3,exact,TRIM3
7476,ARFIP2,exact,ARFIP2
7477,TIMM10B,exact,TIMM10B
7478,DNHD1,exact,DNHD1
7479,RRP8,exact,RRP8
7480,ILK,exact,ILK
7481,TAF10,exact,TAF10
7482,TPP1,exact,TPP1
7483,DCHS1,exact,DCHS1
7484,MRPL17,exact,MRPL17
7485,AC107884.1,unmatched,
7486,PPFIBP2,exact,PPFIBP2
7487,EIF3F,exact,EIF3F
7488,RIC3,exact,RIC3
7489,STK33,exact,STK33
7490,TRIM66,exact,TRIM66
7491,RPL27A,exact,RPL27A
7492,AKIP1,exact,AKIP1
7493,TMEM9B,exact,TMEM9B
7494,TMEM9B-AS1,exact,TMEM9B-AS1
7495,NRIP3,exact,NRIP3
7496,SCUBE2,exact,SCUBE2
7497,DENND5A,exact,DENND5A
7498,TMEM41B,exact,TMEM41B
7499,IPO7,exact,IPO7
7500,AC132192.1,unmatched,
7501,AC132192.2,unmatched,
7502,ZNF143,exact,ZNF143
7503,WEE1,exact,WEE1
7504,SWAP70,exact,SWAP70
7505,AC026250.1,unmatched,
7506,SBF2-AS1,exact,SBF2-AS1
7507,SBF2,exact,SBF2
7508,AMPD3,exact,AMPD3
7509,MTRNR2L8,exact,MTRNR2L8
7510,RNF141,exact,RNF141
7511,CTR9,exact,CTR9
7512,EIF4G2,exact,EIF4G2
7513,AC116535.1,unmatched,
7514,ZBED5,exact,ZBED5
7515,ZBED5-AS1,exact,ZBED5-AS1
7516,USP47,exact,USP47
7517,DKK3,exact,DKK3
7518,MICAL2,exact,MICAL2
7519,ARNTL,unmatched,
7520,BTBD10,exact,BTBD10
7521,FAR1,exact,FAR1
7522,SPON1,exact,SPON1
7523,RRAS2,exact,RRAS2
7524,COPB1,exact,COPB1
7525,PSMA1,exact,PSMA1
7526,PDE3B,exact,PDE3B
7527,CYP2R1,exact,CYP2R1
7528,INSC,exact,INSC
7529,C11orf58,exact,C11orf58
7530,RPS13,exact,RPS13
7531,PIK3C2A,exact,PIK3C2A
7532,NUCB2,exact,NUCB2
7533,NCR3LG1,exact,NCR3LG1
7534,AC124798.1,unmatched,
7535,KCNC1,exact,KCNC1
7536,SERGEF,exact,SERGEF
7537,TPH1,exact,TPH1
7538,SAAL1,exact,SAAL1
7539,HPS5,exact,HPS5
7540,GTF2H1,exact,GTF2H1
7541,LDHA,exact,LDHA
7542,LDHC,exact,LDHC
7543,LDHAL6A,exact,LDHAL6A
7544,TSG101,exact,TSG101
7545,UEVLD,exact,UEVLD
7546,SPTY2D1OS,unmatched,
7547,SPTY2D1,exact,SPTY2D1
7548,TMEM86A,exact,TMEM86A
7549,IGSF22,exact,IGSF22
7550,ZDHHC13,exact,ZDHHC13
7551,HTATIP2,exact,HTATIP2
7552,PRMT3,exact,PRMT3
7553,ANO5,exact,ANO5
7554,FANCF,exact,FANCF
7555,GAS2,exact,GAS2
7556,SVIP,exact,SVIP
7557,AC006299.1,unmatched,
7558,CCDC34,exact,CCDC34
7559,LIN7C,exact,LIN7C
7560,BDNF-AS,exact,BDNF-AS
7561,METTL15,exact,METTL15
7562,ARL14EP,exact,ARL14EP
7563,MPPED2,exact,MPPED2
7564,DCDC1,exact,DCDC1
7565,DNAJC24,exact,DNAJC24
7566,IMMP1L,exact,IMMP1L
7567,ELP4,exact,ELP4
7568,PAX6,exact,PAX6
7569,RCN1,exact,RCN1
7570,EIF3M,exact,EIF3M
7571,PRRG4,exact,PRRG4
7572,QSER1,exact,QSER1
7573,DEPDC7,exact,DEPDC7
7574,TCP11L1,exact,TCP11L1
7575,LINC00294,exact,LINC00294
7576,CSTF3,exact,CSTF3
7577,CSTF3-DT,exact,CSTF3-DT
7578,HIPK3,exact,HIPK3
7579,CD59,exact,CD59
7580,FBXO3,exact,FBXO3
7581,CAPRIN1,exact,CAPRIN1
7582,NAT10,exact,NAT10
7583,CAT,exact,CAT
7584,APIP,exact,APIP
7585,PDHX,exact,PDHX
7586,CD44,exact,CD44
7587,TRIM44,exact,TRIM44
7588,COMMD9,exact,COMMD9
7589,PRR5L,exact,PRR5L
7590,TRAF6,exact,TRAF6
7591,C11orf74,official_alias,C11orf74
7592,API5,exact,API5
7593,TTC17,exact,TTC17
7594,HSD17B12,exact,HSD17B12
7595,ALKBH3,exact,ALKBH3
7596,ALKBH3-AS1,exact,ALKBH3-AS1
7597,ACCS,exact,ACCS
7598,EXT2,exact,EXT2
7599,CD82,exact,CD82
7600,TP53I11,exact,TP53I11
7601,PRDM11,exact,PRDM11
7602,AC103736.1,unmatched,
7603,AC044839.1,unmatched,
7604,SLC35C1,exact,SLC35C1
7605,CRY2,exact,CRY2
7606,PEX16,exact,PEX16
7607,PHF21A,exact,PHF21A
7608,DGKZ,exact,DGKZ
7609,AMBRA1,exact,AMBRA1
7610,HARBI1,exact,HARBI1
7611,ATG13,exact,ATG13
7612,ARHGAP1,exact,ARHGAP1
7613,ZNF408,exact,ZNF408
7614,CKAP5,exact,CKAP5
7615,C11orf49,unmatched,
7616,ARFGAP2,exact,ARFGAP2
7617,DDB2,exact,DDB2
7618,ACP2,exact,ACP2
7619,NR1H3,exact,NR1H3
7620,MADD,exact,MADD
7621,SLC39A13,exact,SLC39A13
7622,PSMC3,exact,PSMC3
7623,RAPSN,exact,RAPSN
7624,CELF1,exact,CELF1
7625,NDUFS3,exact,NDUFS3
7626,PTPMT1,exact,PTPMT1
7627,KBTBD4,exact,KBTBD4
7628,MTCH2,exact,MTCH2
7629,AGBL2,exact,AGBL2
7630,FNBP4,exact,FNBP4
7631,NUP160,exact,NUP160
7632,PTPRJ,exact,PTPRJ
7633,TNKS1BP1,exact,TNKS1BP1
7634,SSRP1,exact,SSRP1
7635,SLC43A3,exact,SLC43A3
7636,RTN4RL2,exact,RTN4RL2
7637,SLC43A1,exact,SLC43A1
7638,TIMM10,exact,TIMM10
7639,UBE2L6,exact,UBE2L6
7640,YPEL4,exact,YPEL4
7641,CLP1,exact,CLP1
7642,ZDHHC5,exact,ZDHHC5
7643,MED19,exact,MED19
7644,TMX2,exact,TMX2
7645,SELENOH,exact,SELENOH
7646,BTBD18,exact,BTBD18
7647,CTNND1,exact,CTNND1
7648,LPXN,exact,LPXN
7649,ZFP91,exact,ZFP91
7650,FAM111A-DT,exact,FAM111A-DT
7651,FAM111A,exact,FAM111A
7652,DTX4,exact,DTX4
7653,OR4D9,exact,OR4D9
7654,OSBP,exact,OSBP
7655,AP000442.2,unmatched,
7656,PATL1,exact,PATL1
7657,STX3,exact,STX3
7658,MRPL16,exact,MRPL16
7659,MS4A2,exact,MS4A2
7660,MS4A1,exact,MS4A1
7661,CCDC86,exact,CCDC86
7662,PRPF19,exact,PRPF19
7663,TMEM109,exact,TMEM109
7664,SLC15A3,exact,SLC15A3
7665,CD6,exact,CD6
7666,CD5,exact,CD5
7667,VPS37C,exact,VPS37C
7668,VWCE,exact,VWCE
7669,DDB1,exact,DDB1
7670,TKFC,exact,TKFC
7671,CYB561A3,exact,CYB561A3
7672,TMEM138,exact,TMEM138
7673,TMEM216,exact,TMEM216
7674,CPSF7,exact,CPSF7
7675,AP003108.2,unmatched,
7676,SDHAF2,exact,SDHAF2
7677,PPP1R32,unmatched,
7678,TMEM258,exact,TMEM258
7679,FEN1,exact,FEN1
7680,FADS2,exact,FADS2
7681,FADS1,exact,FADS1
7682,FADS3,exact,FADS3
7683,BEST1,exact,BEST1
7684,FTH1,exact,FTH1
7685,INCENP,exact,INCENP
7686,ASRGL1,exact,ASRGL1
7687,AHNAK,exact,AHNAK
7688,EEF1G,exact,EEF1G
7689,TUT1,exact,TUT1
7690,MTA2,exact,MTA2
7691,EML3,exact,EML3
7692,ROM1,exact,ROM1
7693,B3GAT3,exact,B3GAT3
7694,GANAB,exact,GANAB
7695,INTS5,exact,INTS5
7696,C11orf98,exact,C11orf98
7697,LBHD1,exact,LBHD1
7698,CSKMT,exact,CSKMT
7699,UQCC3,exact,UQCC3
7700,UBXN1,exact,UBXN1
7701,BSCL2,exact,BSCL2
7702,HNRNPUL2,exact,HNRNPUL2
7703,TTC9C,exact,TTC9C
7704,ZBTB3,exact,ZBTB3
7705,POLR2G,exact,POLR2G
7706,TAF6L,exact,TAF6L
7707,TMEM223,exact,TMEM223
7708,AP001160.3,unmatched,
7709,TMEM179B,exact,TMEM179B
7710,NXF1,exact,NXF1
7711,STX5,exact,STX5
7712,AP001160.1,unmatched,
7713,WDR74,exact,WDR74
7714,SLC3A2,exact,SLC3A2
7715,RARRES3,official_alias,RARRES3
7716,HRASLS2,official_alias,HRASLS2
7717,PLA2G16,official_alias,PLA2G16
7718,ATL3,exact,ATL3
7719,RTN3,exact,RTN3
7720,C11orf95,unmatched,
7721,SPINDOC,exact,SPINDOC
7722,MARK2,exact,MARK2
7723,NAA40,exact,NAA40
7724,COX8A,exact,COX8A
7725,OTUB1,exact,OTUB1
7726,MACROD1,exact,MACROD1
7727,AP006333.1,unmatched,
7728,STIP1,exact,STIP1
7729,FERMT3,exact,FERMT3
7730,TRPT1,exact,TRPT1
7731,NUDT22,exact,NUDT22
7732,AP001453.1,unmatched,
7733,DNAJC4,exact,DNAJC4
7734,VEGFB,exact,VEGFB
7735,FKBP2,exact,FKBP2
7736,PPP1R14B,exact,PPP1R14B
7737,PLCB3,exact,PLCB3
7738,BAD,exact,BAD
7739,GPR137,exact,GPR137
7740,ESRRA,exact,ESRRA
7741,TRMT112,exact,TRMT112
7742,PRDX5,exact,PRDX5
7743,AP003774.4,unmatched,
7744,CCDC88B,exact,CCDC88B
7745,RPS6KA4,exact,RPS6KA4
7746,RASGRP2,exact,RASGRP2
7747,PYGM,exact,PYGM
7748,SF1,exact,SF1
7749,AP001462.1,unmatched,
7750,MAP4K2,exact,MAP4K2
7751,MEN1,exact,MEN1
7752,CDC42BPG,exact,CDC42BPG
7753,EHD1,exact,EHD1
7754,MIR194-2HG,unmatched,
7755,ATG2A,exact,ATG2A
7756,PPP2R5B,exact,PPP2R5B
7757,MAJIN,exact,MAJIN
7758,ARL2,exact,ARL2
7759,SAC3D1,exact,SAC3D1
7760,NAALADL1,exact,NAALADL1
7761,ZFPL1,exact,ZFPL1
7762,TMEM262,exact,TMEM262
7763,VPS51,exact,VPS51
7764,TM7SF2,exact,TM7SF2
7765,ZNHIT2,exact,ZNHIT2
7766,FAU,exact,FAU
7767,SYVN1,exact,SYVN1
7768,MRPL49,exact,MRPL49
7769,AP003068.2,unmatched,
7770,CAPN1,exact,CAPN1
7771,POLA2,exact,POLA2
7772,CDC42EP2,exact,CDC42EP2
7773,DPF2,exact,DPF2
7774,TIGD3,exact,TIGD3
7775,SLC25A45,exact,SLC25A45
7776,FRMD8,exact,FRMD8
7777,NEAT1,exact,NEAT1
7778,MALAT1,exact,MALAT1
7779,AP000769.2,unmatched,
7780,SCYL1,exact,SCYL1
7781,LTBP3,exact,LTBP3
7782,SSSCA1,official_alias,SSSCA1
7783,FAM89B,exact,FAM89B
7784,EHBP1L1,exact,EHBP1L1
7785,KCNK7,exact,KCNK7
7786,MAP3K11,exact,MAP3K11
7787,PCNX3,exact,PCNX3
7788,SIPA1,exact,SIPA1
7789,RELA,exact,RELA
7790,KAT5,exact,KAT5
7791,RNASEH2C,exact,RNASEH2C
7792,AP5B1,exact,AP5B1
7793,CFL1,exact,CFL1
7794,SNX32,exact,SNX32
7795,MUS81,exact,MUS81
7796,EFEMP2,exact,EFEMP2
7797,CTSW,exact,CTSW
7798,FIBP,exact,FIBP
7799,CCDC85B,exact,CCDC85B
7800,C11orf68,exact,C11orf68
7801,DRAP1,exact,DRAP1
7802,SART1,exact,SART1
7803,EIF1AD,exact,EIF1AD
7804,BANF1,exact,BANF1
7805,SF3B2,exact,SF3B2
7806,AP006287.2,unmatched,
7807,PACS1,exact,PACS1
7808,AP000759.1,unmatched,
7809,KLC2,exact,KLC2
7810,RAB1B,exact,RAB1B
7811,AP001107.1,unmatched,
7812,YIF1A,exact,YIF1A
7813,CD248,exact,CD248
7814,RIN1,exact,RIN1
7815,BRMS1,exact,BRMS1
7816,B4GAT1,exact,B4GAT1
7817,AP001107.9,unmatched,
7818,SLC29A2,exact,SLC29A2
7819,MRPL11,exact,MRPL11
7820,PELI3,exact,PELI3
7821,AP002748.3,unmatched,
7822,DPP3,exact,DPP3
7823,BBS1,exact,BBS1
7824,ZDHHC24,exact,ZDHHC24
7825,CTSF,exact,CTSF
7826,CCS,exact,CCS
7827,RBM14,exact,RBM14
7828,RBM14-RBM4,exact,RBM14-RBM4
7829,RBM4,exact,RBM4
7830,RBM4B,exact,RBM4B
7831,AP001157.1,unmatched,
7832,C11orf80,unmatched,
7833,RCE1,exact,RCE1
7834,PC,exact,PC
7835,LRFN4,exact,LRFN4
7836,SYT12,exact,SYT12
7837,RHOD,exact,RHOD
7838,KDM2A,exact,KDM2A
7839,GRK2,exact,GRK2
7840,ANKRD13D,exact,ANKRD13D
7841,SSH3,exact,SSH3
7842,RAD9A,exact,RAD9A
7843,POLD4,exact,POLD4
7844,AP003419.2,unmatched,
7845,CLCF1,exact,CLCF1
7846,AP003419.3,unmatched,
7847,PPP1CA,exact,PPP1CA
7848,TBC1D10C,exact,TBC1D10C
7849,CARNS1,exact,CARNS1
7850,RPS6KB2,exact,RPS6KB2
7851,RPS6KB2-AS1,unmatched,
7852,CORO1B,exact,CORO1B
7853,CABP4,exact,CABP4
7854,TMEM134,exact,TMEM134
7855,AIP,exact,AIP
7856,PITPNM1,exact,PITPNM1
7857,CDK2AP2,exact,CDK2AP2
7858,GSTP1,exact,GSTP1
7859,NDUFV1,exact,NDUFV1
7860,NUDT8,exact,NUDT8
7861,UNC93B1,exact,UNC93B1
7862,NDUFS8,exact,NDUFS8
7863,TCIRG1,exact,TCIRG1
7864,AP002807.1,unmatched,
7865,CHKA,exact,CHKA
7866,KMT5B,exact,KMT5B
7867,C11orf24,exact,C11orf24
7868,LRP5,exact,LRP5
7869,PPP6R3,exact,PPP6R3
7870,TESMIN,exact,TESMIN
7871,CPT1A,exact,CPT1A
7872,MRPL21,exact,MRPL21
7873,IGHMBP2,exact,IGHMBP2
7874,TPCN2,exact,TPCN2
7875,CCND1,exact,CCND1
7876,ORAOV1,official_alias,ORAOV1
7877,FADD,exact,FADD
7878,PPFIA1,exact,PPFIA1
7879,AP000487.2,unmatched,
7880,AP000487.1,unmatched,
7881,CTTN,exact,CTTN
7882,DHCR7,exact,DHCR7
7883,AP002387.2,unmatched,
7884,NADSYN1,exact,NADSYN1
7885,FAM86C1,official_alias,FAM86C1
7886,AP002495.2,unmatched,
7887,RNF121,exact,RNF121
7888,IL18BP,exact,IL18BP
7889,NUMA1,exact,NUMA1
7890,AP002490.1,unmatched,
7891,LRTOMT,exact,LRTOMT
7892,LAMTOR1,exact,LAMTOR1
7893,ANAPC15,exact,ANAPC15
7894,INPPL1,exact,INPPL1
7895,CLPB,exact,CLPB
7896,AP005019.1,unmatched,
7897,ARAP1,exact,ARAP1
7898,ARAP1-AS2,exact,ARAP1-AS2
7899,STARD10,exact,STARD10
7900,ATG16L2,exact,ATG16L2
7901,FCHSD2,exact,FCHSD2
7902,RELT,exact,RELT
7903,FAM168A,exact,FAM168A
7904,AP000763.3,unmatched,
7905,PLEKHB1,exact,PLEKHB1
7906,RAB6A,exact,RAB6A
7907,MRPL48,exact,MRPL48
7908,COA4,exact,COA4
7909,PAAF1,exact,PAAF1
7910,DNAJB13,exact,DNAJB13
7911,UCP2,exact,UCP2
7912,UCP3,exact,UCP3
7913,C2CD3,exact,C2CD3
7914,PPME1,exact,PPME1
7915,P4HA3,exact,P4HA3
7916,PGM2L1,exact,PGM2L1
7917,LIPT2,exact,LIPT2
7918,POLD3,exact,POLD3
7919,RNF169,exact,RNF169
7920,XRRA1,exact,XRRA1
7921,SPCS2,exact,SPCS2
7922,NEU3,exact,NEU3
7923,ARRB1,exact,ARRB1
7924,RPS3,exact,RPS3
7925,KLHL35,exact,KLHL35
7926,GDPD5,exact,GDPD5
7927,SERPINH1,exact,SERPINH1
7928,UVRAG,exact,UVRAG
7929,THAP12,exact,THAP12
7930,GVQW3,exact,GVQW3
7931,AP002360.3,unmatched,
7932,AP002360.2,unmatched,
7933,AP002360.1,unmatched,
7934,EMSY,exact,EMSY
7935,ACER3,exact,ACER3
7936,CAPN5,exact,CAPN5
7937,PAK1,exact,PAK1
7938,CLNS1A,exact,CLNS1A
7939,AQP11,exact,AQP11
7940,RSF1,exact,RSF1
7941,AAMDC,exact,AAMDC
7942,AP002812.5,unmatched,
7943,INTS4,exact,INTS4
7944,NDUFC2,exact,NDUFC2
7945,ALG8,exact,ALG8
7946,KCTD21-AS1,exact,KCTD21-AS1
7947,KCTD21,exact,KCTD21
7948,USP35,exact,USP35
7949,GAB2,exact,GAB2
7950,AP003086.1,unmatched,
7951,NARS2,exact,NARS2
7952,PRCP,exact,PRCP
7953,DDIAS,exact,DDIAS
7954,RAB30,exact,RAB30
7955,RAB30-AS1,unmatched,
7956,PCF11,exact,PCF11
7957,PCF11-AS1,unmatched,
7958,ANKRD42,exact,ANKRD42
7959,CCDC90B,exact,CCDC90B
7960,AP000446.1,unmatched,
7961,DLG2,exact,DLG2
7962,TMEM126B,exact,TMEM126B
7963,TMEM126A,exact,TMEM126A
7964,CREBZF,exact,CREBZF
7965,CCDC89,exact,CCDC89
7966,SYTL2,exact,SYTL2
7967,PICALM,exact,PICALM
7968,EED,exact,EED
7969,HIKESHI,exact,HIKESHI
7970,CCDC81,exact,CCDC81
7971,ME3,exact,ME3
7972,PRSS23,exact,PRSS23
7973,TMEM135,exact,TMEM135
7974,RAB38,exact,RAB38
7975,CTSC,exact,CTSC
7976,CHORDC1,exact,CHORDC1
7977,SLC36A4,exact,SLC36A4
7978,CEP295,exact,CEP295
7979,TAF1D,exact,TAF1D
7980,C11orf54,exact,C11orf54
7981,MED17,exact,MED17
7982,PANX1,exact,PANX1
7983,MRE11,exact,MRE11
7984,ANKRD49,exact,ANKRD49
7985,FUT4,exact,FUT4
7986,PIWIL4,exact,PIWIL4
7987,CWC15,exact,CWC15
7988,KDM4D,exact,KDM4D
7989,SRSF8,exact,SRSF8
7990,ENDOD1,exact,ENDOD1
7991,AP000787.1,unmatched,
7992,SESN3,exact,SESN3
7993,FAM76B,exact,FAM76B
7994,CEP57,exact,CEP57
7995,MTMR2,exact,MTMR2
7996,MAML2,exact,MAML2
7997,CCDC82,exact,CCDC82
7998,JRKL,exact,JRKL
7999,CEP126,exact,CEP126
8000,BIRC3,exact,BIRC3
8001,BIRC2,exact,BIRC2
8002,TMEM123,exact,TMEM123
8003,AP001830.1,unmatched,
8004,DCUN1D5,exact,DCUN1D5
8005,DYNC2H1,exact,DYNC2H1
8006,PDGFD,exact,PDGFD
8007,CASP4,exact,CASP4
8008,CASP1,exact,CASP1
8009,CARD16,exact,CARD16
8010,MSANTD4,exact,MSANTD4
8011,KBTBD3,exact,KBTBD3
8012,AASDHPPT,exact,AASDHPPT
8013,AP000766.1,unmatched,
8014,CWF19L2,exact,CWF19L2
8015,ALKBH8,exact,ALKBH8
8016,ELMOD1,exact,ELMOD1
8017,SLC35F2,exact,SLC35F2
8018,CUL5,exact,CUL5
8019,AP002433.1,unmatched,
8020,ACAT1,exact,ACAT1
8021,NPAT,exact,NPAT
8022,ATM,exact,ATM
8023,C11orf65,exact,C11orf65
8024,KDELC2,official_alias,KDELC2
8025,EXPH5,exact,EXPH5
8026,DDX10,exact,DDX10
8027,RDX,exact,RDX
8028,FDX1,exact,FDX1
8029,COLCA1,exact,COLCA1
8030,POU2AF1,exact,POU2AF1
8031,LAYN,exact,LAYN
8032,SIK2,exact,SIK2
8033,PPP2R1B,exact,PPP2R1B
8034,ALG9,exact,ALG9
8035,FDXACB1,exact,FDXACB1
8036,C11orf1,unmatched,
8037,DIXDC1,exact,DIXDC1
8038,DLAT,exact,DLAT
8039,NKAPD1,exact,NKAPD1
8040,TIMM8B,exact,TIMM8B
8041,SDHD,exact,SDHD
8042,IL18,exact,IL18
8043,TEX12,exact,TEX12
8044,BCO2,exact,BCO2
8045,PTS,exact,PTS
8046,AP002884.4,unmatched,
8047,AP002884.1,unmatched,
8048,TTC12,exact,TTC12
8049,ZW10,exact,ZW10
8050,USP28,exact,USP28
8051,ZBTB16,exact,ZBTB16
8052,C11orf71,exact,C11orf71
8053,RBM7,exact,RBM7
8054,REXO2,exact,REXO2
8055,CADM1,exact,CADM1
8056,BUD13,exact,BUD13
8057,ZPR1,exact,ZPR1
8058,APOA1,exact,APOA1
8059,SIK3,exact,SIK3
8060,PAFAH1B2,exact,PAFAH1B2
8061,SIDT2,exact,SIDT2
8062,TAGLN,exact,TAGLN
8063,PCSK7,exact,PCSK7
8064,RNF214,exact,RNF214
8065,BACE1,exact,BACE1
8066,BACE1-AS,exact,BACE1-AS
8067,CEP164,exact,CEP164
8068,FXYD2,exact,FXYD2
8069,TMPRSS13,exact,TMPRSS13
8070,IL10RA,exact,IL10RA
8071,SMIM35,exact,SMIM35
8072,JAML,exact,JAML
8073,MPZL3,exact,MPZL3
8074,MPZL2,exact,MPZL2
8075,CD3E,exact,CD3E
8076,CD3D,exact,CD3D
8077,CD3G,exact,CD3G
8078,UBE4A,exact,UBE4A
8079,AP001267.1,unmatched,
8080,ATP5MG,exact,ATP5MG
8081,AP001267.2,unmatched,
8082,KMT2A,exact,KMT2A
8083,AP001267.3,unmatched,
8084,TMEM25,exact,TMEM25
8085,IFT46,exact,IFT46
8086,ARCN1,exact,ARCN1
8087,PHLDB1,exact,PHLDB1
8088,AP002954.1,unmatched,
8089,DDX6,exact,DDX6
8090,AP004609.3,unmatched,
8091,CXCR5,exact,CXCR5
8092,AP004609.1,unmatched,
8093,BCL9L,exact,BCL9L
8094,UPK2,exact,UPK2
8095,AP003392.4,unmatched,
8096,CCDC84,official_alias,CCDC84
8097,AP003392.1,unmatched,
8098,RPS25,exact,RPS25
8099,TRAPPC4,exact,TRAPPC4
8100,SLC37A4,exact,SLC37A4
8101,HYOU1,exact,HYOU1
8102,AP003392.5,unmatched,
8103,AP003392.6,unmatched,
8104,VPS11,exact,VPS11
8105,HMBS,exact,HMBS
8106,H2AFX,official_alias,H2AFX
8107,DPAGT1,exact,DPAGT1
8108,C2CD2L,exact,C2CD2L
8109,HINFP,exact,HINFP
8110,NLRX1,exact,NLRX1
8111,CCDC153,exact,CCDC153
8112,CBL,exact,CBL
8113,MCAM,exact,MCAM
8114,RNF26,exact,RNF26
8115,NECTIN1,exact,NECTIN1
8116,OAF,exact,OAF
8117,ARHGEF12,exact,ARHGEF12
8118,AP004147.1,unmatched,
8119,TBCEL,exact,TBCEL
8120,SC5D,exact,SC5D
8121,AP000977.1,unmatched,
8122,SORL1,exact,SORL1
8123,UBASH3B,exact,UBASH3B
8124,CRTAM,exact,CRTAM
8125,JHY,exact,JHY
8126,HSPA8,exact,HSPA8
8127,CLMP,exact,CLMP
8128,GRAMD1B,exact,GRAMD1B
8129,ZNF202,exact,ZNF202
8130,VWA5A,exact,VWA5A
8131,TBRG1,exact,TBRG1
8132,SIAE,exact,SIAE
8133,SPA17,exact,SPA17
8134,NRGN,exact,NRGN
8135,VSIG2,exact,VSIG2
8136,AP000866.2,unmatched,
8137,MSANTD2,exact,MSANTD2
8138,AP000866.1,unmatched,
8139,ROBO3,exact,ROBO3
8140,CCDC15,exact,CCDC15
8141,SLC37A2,exact,SLC37A2
8142,TMEM218,exact,TMEM218
8143,FEZ1,exact,FEZ1
8144,EI24,exact,EI24
8145,STT3A,exact,STT3A
8146,CHEK1,exact,CHEK1
8147,HYLS1,exact,HYLS1
8148,PUS3,exact,PUS3
8149,DDX25,exact,DDX25
8150,CDON,exact,CDON
8151,RPUSD4,exact,RPUSD4
8152,AP001893.1,unmatched,
8153,FAM118B,exact,FAM118B
8154,SRPRA,exact,SRPRA
8155,FOXRED1,exact,FOXRED1
8156,TIRAP,exact,TIRAP
8157,AP001318.2,unmatched,
8158,DCPS,exact,DCPS
8159,GSEC,unmatched,
8160,ST3GAL4,exact,ST3GAL4
8161,ETS1,exact,ETS1
8162,FLI1,exact,FLI1
8163,SENCR,exact,SENCR
8164,KCNJ5,exact,KCNJ5
8165,ARHGAP32,exact,ARHGAP32
8166,TMEM45B,exact,TMEM45B
8167,NFRKB,exact,NFRKB
8168,PRDM10,exact,PRDM10
8169,APLP2,exact,APLP2
8170,ZBTB44,exact,ZBTB44
8171,AP002986.1,unmatched,
8172,LINC02551,exact,LINC02551
8173,AP003486.1,unmatched,
8174,SNX19,exact,SNX19
8175,IGSF9B,exact,IGSF9B
8176,AP000911.1,unmatched,
8177,AP000911.2,unmatched,
8178,JAM3,exact,JAM3
8179,NCAPD3,exact,NCAPD3
8180,VPS26B,exact,VPS26B
8181,THYN1,exact,THYN1
8182,ACAD8,exact,ACAD8
8183,GLB1L3,exact,GLB1L3
8184,GLB1L2,exact,GLB1L2
8185,B3GAT1,exact,B3GAT1
8186,ZMYND11,exact,ZMYND11
8187,DIP2C,exact,DIP2C
8188,LARP4B,exact,LARP4B
8189,GTPBP4,exact,GTPBP4
8190,IDI2,exact,IDI2
8191,IDI2-AS1,exact,IDI2-AS1
8192,IDI1,exact,IDI1
8193,WDR37,exact,WDR37
8194,ADARB2,exact,ADARB2
8195,PFKP,exact,PFKP
8196,PITRM1,exact,PITRM1
8197,KLF6,exact,KLF6
8198,AKR1E2,exact,AKR1E2
8199,AKR1C1,exact,AKR1C1
8200,AKR1C3,exact,AKR1C3
8201,NET1,exact,NET1
8202,ASB13,exact,ASB13
8203,FAM208B,official_alias,FAM208B
8204,AL365356.1,unmatched,
8205,GDI2,exact,GDI2
8206,AL596094.1,unmatched,
8207,ANKRD16,exact,ANKRD16
8208,FBH1,exact,FBH1
8209,AL137186.2,unmatched,
8210,IL15RA,exact,IL15RA
8211,IL2RA,exact,IL2RA
8212,RBM17,exact,RBM17
8213,PFKFB3,exact,PFKFB3
8214,AL137145.2,unmatched,
8215,AL137145.1,unmatched,
8216,PRKCQ,exact,PRKCQ
8217,AL158210.1,unmatched,
8218,SFMBT2,exact,SFMBT2
8219,ITIH5,exact,ITIH5
8220,KIN,exact,KIN
8221,ATP5F1C,exact,ATP5F1C
8222,TAF3,exact,TAF3
8223,GATA3,exact,GATA3
8224,GATA3-AS1,exact,GATA3-AS1
8225,CELF2,exact,CELF2
8226,CELF2-AS1,exact,CELF2-AS1
8227,USP6NL,exact,USP6NL
8228,ECHDC3,exact,ECHDC3
8229,PROSER2,exact,PROSER2
8230,UPF2,exact,UPF2
8231,DHTKD1,exact,DHTKD1
8232,SEC61A2,exact,SEC61A2
8233,NUDT5,exact,NUDT5
8234,CDC123,exact,CDC123
8235,AL512770.1,unmatched,
8236,CAMK1D,exact,CAMK1D
8237,CCDC3,exact,CCDC3
8238,OPTN,exact,OPTN
8239,PHYH,exact,PHYH
8240,SEPHS1,exact,SEPHS1
8241,BEND7,exact,BEND7
8242,PRPF18,exact,PRPF18
8243,AL157392.5,unmatched,
8244,FRMD4A,unmatched,
8245,AL157392.4,unmatched,
8246,FAM107B,exact,FAM107B
8247,CDNF,exact,CDNF
8248,HSPA14,exact,HSPA14
8249,HSPA14.1,unmatched,
8250,AC069544.1,unmatched,
8251,SUV39H2,exact,SUV39H2
8252,DCLRE1C,exact,DCLRE1C
8253,MEIG1,exact,MEIG1
8254,RPP38,exact,RPP38
8255,NMT2,exact,NMT2
8256,FAM171A1,exact,FAM171A1
8257,MINDY3,exact,MINDY3
8258,PTER,exact,PTER
8259,RSU1,exact,RSU1
8260,CUBN,exact,CUBN
8261,AC067747.1,unmatched,
8262,TRDMT1,exact,TRDMT1
8263,VIM-AS1,exact,VIM-AS1
8264,VIM,exact,VIM
8265,AL133415.1,unmatched,
8266,ST8SIA6,exact,ST8SIA6
8267,HACD1,exact,HACD1
8268,STAM-AS1,unmatched,
8269,STAM,exact,STAM
8270,TMEM236,exact,TMEM236
8271,CACNB2,exact,CACNB2
8272,AL450384.2,unmatched,
8273,NSUN6,exact,NSUN6
8274,ARL5B,exact,ARL5B
8275,MLLT10,exact,MLLT10
8276,DNAJC1,exact,DNAJC1
8277,COMMD3,exact,COMMD3
8278,BMI1,exact,BMI1
8279,AL158211.4,unmatched,
8280,PIP4K2A,exact,PIP4K2A
8281,MSRB2,exact,MSRB2
8282,AL606469.1,unmatched,
8283,OTUD1,exact,OTUD1
8284,ARHGAP21,exact,ARHGAP21
8285,PRTFDC1,exact,PRTFDC1
8286,AL512598.1,unmatched,
8287,THNSL1,exact,THNSL1
8288,APBB1IP,exact,APBB1IP
8289,PDSS1,exact,PDSS1
8290,ABI1,exact,ABI1
8291,ANKRD26,exact,ANKRD26
8292,YME1L1,exact,YME1L1
8293,MASTL,exact,MASTL
8294,ACBD5,exact,ACBD5
8295,RAB18,exact,RAB18
8296,MPP7,exact,MPP7
8297,AC022021.1,unmatched,
8298,WAC-AS1,unmatched,
8299,WAC,exact,WAC
8300,SVIL,exact,SVIL
8301,MTPAP,exact,MTPAP
8302,MAP3K8,exact,MAP3K8
8303,ZNF438,exact,ZNF438
8304,ZEB1-AS1,exact,ZEB1-AS1
8305,ZEB1,exact,ZEB1
8306,ARHGAP12,exact,ARHGAP12
8307,KIF5B,exact,KIF5B
8308,EPC1,exact,EPC1
8309,CCDC7,exact,CCDC7
8310,AL365203.2,unmatched,
8311,ITGB1,exact,ITGB1
8312,ITGB1-DT,exact,ITGB1-DT
8313,CUL2,exact,CUL2
8314,CREM,exact,CREM
8315,CCNY,exact,CCNY
8316,AL117336.3,unmatched,
8317,AL132657.1,unmatched,
8318,ZNF248,exact,ZNF248
8319,AL135791.1,unmatched,
8320,ZNF25,exact,ZNF25
8321,ZNF33A,exact,ZNF33A
8322,ZNF37A,exact,ZNF37A
8323,AL117339.5,unmatched,
8324,ZNF33B,exact,ZNF33B
8325,BMS1,exact,BMS1
8326,AC010864.1,unmatched,
8327,CSGALNACT2,exact,CSGALNACT2
8328,RASGEF1A,exact,RASGEF1A
8329,HNRNPF,exact,HNRNPF
8330,AL450326.1,unmatched,
8331,ZNF487,exact,ZNF487
8332,ZNF239,exact,ZNF239
8333,ZNF485,exact,ZNF485
8334,ZNF32,exact,ZNF32
8335,C10orf25,official_alias,C10orf25
8336,ZNF22,exact,ZNF22
8337,ALOX5,exact,ALOX5
8338,MARCH8,official_alias,MARCH8
8339,ZFAND4,exact,ZFAND4
8340,WASHC2C,exact,WASHC2C
8341,AGAP4,exact,AGAP4
8342,TIMM23,exact,TIMM23
8343,NCOA4,exact,NCOA4
8344,SYT15,exact,SYT15
8345,AL356056.1,unmatched,
8346,PTPN20,exact,PTPN20
8347,GDF10,exact,GDF10
8348,AGAP9,exact,AGAP9
8349,MAPK8,exact,MAPK8
8350,ARHGAP22,exact,ARHGAP22
8351,VSTM4,exact,VSTM4
8352,TMEM273,exact,TMEM273
8353,ERCC6,exact,ERCC6
8354,PARG,exact,PARG
8355,TIMM23B,exact,TIMM23B
8356,LINC00843,official_alias,LINC00843
8357,AGAP6,exact,AGAP6
8358,WASHC2A,exact,WASHC2A
8359,ASAH2,exact,ASAH2
8360,SGMS1,exact,SGMS1
8361,SGMS1-AS1,unmatched,
8362,ASAH2B,exact,ASAH2B
8363,CSTF2T,exact,CSTF2T
8364,ZWINT,exact,ZWINT
8365,IPMK,exact,IPMK
8366,CISD1,exact,CISD1
8367,UBE2D1,exact,UBE2D1
8368,TFAM,exact,TFAM
8369,CCDC6,exact,CCDC6
8370,ANK3,exact,ANK3
8371,CDK1,exact,CDK1
8372,ARID5B,exact,ARID5B
8373,RTKN2,exact,RTKN2
8374,ADO,exact,ADO
8375,NRBF2,exact,NRBF2
8376,JMJD1C,exact,JMJD1C
8377,JMJD1C-AS1,exact,JMJD1C-AS1
8378,REEP3,exact,REEP3
8379,AL133551.1,unmatched,
8380,SIRT1,exact,SIRT1
8381,HERC4,exact,HERC4
8382,PBLD,exact,PBLD
8383,HNRNPH3,exact,HNRNPH3
8384,RUFY2,exact,RUFY2
8385,DNA2,exact,DNA2
8386,SLC25A16,exact,SLC25A16
8387,TET1,exact,TET1
8388,CCAR1,exact,CCAR1
8389,DDX50,exact,DDX50
8390,DDX21,exact,DDX21
8391,KIF1BP,official_alias,KIF1BP
8392,SRGN,exact,SRGN
8393,VPS26A,exact,VPS26A
8394,SUPV3L1,exact,SUPV3L1
8395,HKDC1,exact,HKDC1
8396,HK1,exact,HK1
8397,TSPAN15,exact,TSPAN15
8398,AL450311.2,unmatched,
8399,FAM241B,exact,FAM241B
8400,H2AFY2,official_alias,H2AFY2
8401,AIFM2,exact,AIFM2
8402,TYSND1,exact,TYSND1
8403,SAR1A,exact,SAR1A
8404,PPA1,exact,PPA1
8405,LRRC20,exact,LRRC20
8406,EIF4EBP2,exact,EIF4EBP2
8407,PRF1,exact,PRF1
8408,SGPL1,exact,SGPL1
8409,PCBD1,exact,PCBD1
8410,SLC29A3,exact,SLC29A3
8411,CDH23,exact,CDH23
8412,VSIR,exact,VSIR
8413,PSAP,exact,PSAP
8414,SPOCK2,exact,SPOCK2
8415,ASCC1,exact,ASCC1
8416,ANAPC16,exact,ANAPC16
8417,DDIT4,exact,DDIT4
8418,DNAJB12,exact,DNAJB12
8419,MICU1,exact,MICU1
8420,MCU,exact,MCU
8421,P4HA1,exact,P4HA1
8422,AL731563.3,unmatched,
8423,NUDT13,exact,NUDT13
8424,AC016394.2,unmatched,
8425,ECD,exact,ECD
8426,FAM149B1,exact,FAM149B1
8427,DNAJC9,exact,DNAJC9
8428,DNAJC9-AS1,unmatched,
8429,MRPS16,exact,MRPS16
8430,AC016394.1,unmatched,
8431,CFAP70,exact,CFAP70
8432,ANXA7,exact,ANXA7
8433,MSS51,exact,MSS51
8434,PPP3CB,exact,PPP3CB
8435,USP54,exact,USP54
8436,AC073389.1,unmatched,
8437,SYNPO2L,exact,SYNPO2L
8438,AGAP5,exact,AGAP5
8439,AC022400.6,unmatched,
8440,SEC24C,exact,SEC24C
8441,FUT11,exact,FUT11
8442,CHCHD1,exact,CHCHD1
8443,ZSWIM8,exact,ZSWIM8
8444,AC022400.7,unmatched,
8445,NDST2,exact,NDST2
8446,CAMK2G,exact,CAMK2G
8447,VCL,exact,VCL
8448,AP3M1,exact,AP3M1
8449,ADK,exact,ADK
8450,KAT6B,exact,KAT6B
8451,SAMD8,exact,SAMD8
8452,VDAC2,exact,VDAC2
8453,COMTD1,exact,COMTD1
8454,DLG5,exact,DLG5
8455,POLR3A,exact,POLR3A
8456,RPS24,exact,RPS24
8457,ZMIZ1,exact,ZMIZ1
8458,PPIF,exact,PPIF
8459,ZCCHC24,exact,ZCCHC24
8460,EIF5AL1,exact,EIF5AL1
8461,AL132656.2,unmatched,
8462,NUTM2B-AS1,exact,NUTM2B-AS1
8463,AL135925.1,unmatched,
8464,TMEM254-AS1,unmatched,
8465,TMEM254,exact,TMEM254
8466,PLAC9,exact,PLAC9
8467,ANXA11,exact,ANXA11
8468,FAM213A,official_alias,FAM213A
8469,TSPAN14,exact,TSPAN14
8470,AC021028.1,unmatched,
8471,GHITM,exact,GHITM
8472,CCSER2,exact,CCSER2
8473,WAPL,exact,WAPL
8474,AL731569.1,unmatched,
8475,AC067750.1,unmatched,
8476,BMPR1A,exact,BMPR1A
8477,GLUD1,exact,GLUD1
8478,SHLD2,exact,SHLD2
8479,NUTM2A-AS1,exact,NUTM2A-AS1
8480,MINPP1,exact,MINPP1
8481,PAPSS2,exact,PAPSS2
8482,ATAD1,exact,ATAD1
8483,KLLN,exact,KLLN
8484,PTEN,exact,PTEN
8485,RNLS,exact,RNLS
8486,STAMBPL1,exact,STAMBPL1
8487,ACTA2-AS1,exact,ACTA2-AS1
8488,ACTA2,exact,ACTA2
8489,FAS,exact,FAS
8490,LIPA,exact,LIPA
8491,IFIT2,exact,IFIT2
8492,IFIT3,exact,IFIT3
8493,IFIT1,exact,IFIT1
8494,IFIT5,exact,IFIT5
8495,PANK1,exact,PANK1
8496,KIF20B,exact,KIF20B
8497,LINC00865,exact,LINC00865
8498,RPP30,exact,RPP30
8499,PCGF5,exact,PCGF5
8500,HECTD2,exact,HECTD2
8501,TNKS2,exact,TNKS2
8502,FGFBP3,exact,FGFBP3
8503,AL359198.1,unmatched,
8504,BTAF1,exact,BTAF1
8505,CPEB3,exact,CPEB3
8506,MARCH5,unmatched,
8507,IDE,exact,IDE
8508,KIF11,exact,KIF11
8509,HHEX,exact,HHEX
8510,EXOC6,exact,EXOC6
8511,FRA10AC1,exact,FRA10AC1
8512,SLC35G1,exact,SLC35G1
8513,PLCE1,exact,PLCE1
8514,NOC3L,exact,NOC3L
8515,HELLS,exact,HELLS
8516,PDLIM1,exact,PDLIM1
8517,ALDH18A1,exact,ALDH18A1
8518,TCTN3,exact,TCTN3
8519,ENTPD1,exact,ENTPD1
8520,ENTPD1-AS1,exact,ENTPD1-AS1
8521,CCNJ,exact,CCNJ
8522,ZNF518A,exact,ZNF518A
8523,TM9SF3,exact,TM9SF3
8524,PIK3AP1,exact,PIK3AP1
8525,LCOR,exact,LCOR
8526,SLIT1,exact,SLIT1
8527,ARHGAP19,exact,ARHGAP19
8528,FRAT1,exact,FRAT1
8529,FRAT2,exact,FRAT2
8530,RRP12,exact,RRP12
8531,PGAM1,exact,PGAM1
8532,EXOSC1,exact,EXOSC1
8533,ZDHHC16,exact,ZDHHC16
8534,MMS19,exact,MMS19
8535,UBTD1,exact,UBTD1
8536,MORN4,exact,MORN4
8537,PI4K2A,exact,PI4K2A
8538,AVPI1,exact,AVPI1
8539,MARVELD1,exact,MARVELD1
8540,ZFYVE27,exact,ZFYVE27
8541,SFRP5,exact,SFRP5
8542,GOLGA7B,exact,GOLGA7B
8543,R3HCC1L,exact,R3HCC1L
8544,AL139241.1,unmatched,
8545,PYROXD2,exact,PYROXD2
8546,HPS1,exact,HPS1
8547,CNNM1,exact,CNNM1
8548,GOT1,exact,GOT1
8549,AL391684.1,unmatched,
8550,SLC25A28,exact,SLC25A28
8551,ENTPD7,exact,ENTPD7
8552,CUTC,exact,CUTC
8553,COX15,exact,COX15
8554,ABCC2,exact,ABCC2
8555,DNMBP,exact,DNMBP
8556,ERLIN1,exact,ERLIN1
8557,CHUK,exact,CHUK
8558,CWF19L1,exact,CWF19L1
8559,BLOC1S2,exact,BLOC1S2
8560,SCD,exact,SCD
8561,OLMALINC,exact,OLMALINC
8562,SEC31B,exact,SEC31B
8563,NDUFB8,exact,NDUFB8
8564,HIF1AN,exact,HIF1AN
8565,AL138762.1,unmatched,
8566,SLF2,exact,SLF2
8567,MRPL43,exact,MRPL43
8568,TWNK,exact,TWNK
8569,LZTS2,exact,LZTS2
8570,PDZD7,exact,PDZD7
8571,SFXN3,exact,SFXN3
8572,AL133215.2,unmatched,
8573,BTRC,exact,BTRC
8574,DPCD,exact,DPCD
8575,POLL,exact,POLL
8576,FBXW4,exact,FBXW4
8577,NPM3,exact,NPM3
8578,OGA,exact,OGA
8579,ARMH3,exact,ARMH3
8580,HPS6,exact,HPS6
8581,LDB1,exact,LDB1
8582,PPRC1,exact,PPRC1
8583,NOLC1,exact,NOLC1
8584,GBF1,exact,GBF1
8585,NFKB2,exact,NFKB2
8586,PSD,exact,PSD
8587,FBXL15,exact,FBXL15
8588,CUEDC2,exact,CUEDC2
8589,C10orf95,exact,C10orf95
8590,MFSD13A,exact,MFSD13A
8591,ACTR1A,exact,ACTR1A
8592,SUFU,exact,SUFU
8593,TRIM8,exact,TRIM8
8594,AL391121.1,unmatched,
8595,ARL3,exact,ARL3
8596,SFXN2,exact,SFXN2
8597,WBP1L,exact,WBP1L
8598,BORCS7,exact,BORCS7
8599,CNNM2,exact,CNNM2
8600,NT5C2,exact,NT5C2
8601,PCGF6,exact,PCGF6
8602,TAF5,exact,TAF5
8603,ATP5MD,official_alias,ATP5MD
8604,PDCD11,exact,PDCD11
8605,CALHM2,exact,CALHM2
8606,NEURL1,exact,NEURL1
8607,SH3PXD2A,exact,SH3PXD2A
8608,AL121929.2,unmatched,
8609,STN1,exact,STN1
8610,SLK,exact,SLK
8611,COL17A1,exact,COL17A1
8612,SFR1,exact,SFR1
8613,GSTO1,exact,GSTO1
8614,GSTO2,exact,GSTO2
8615,ITPRIP,exact,ITPRIP
8616,XPNPEP1,exact,XPNPEP1
8617,ADD3,exact,ADD3
8618,MXI1,exact,MXI1
8619,SMNDC1,exact,SMNDC1
8620,SMC3,exact,SMC3
8621,PDCD4-AS1,unmatched,
8622,PDCD4,exact,PDCD4
8623,BBIP1,exact,BBIP1
8624,AL158163.2,unmatched,
8625,AL158163.1,unmatched,
8626,SHOC2,exact,SHOC2
8627,GPAM,exact,GPAM
8628,ACSL5,exact,ACSL5
8629,AL157786.1,unmatched,
8630,ZDHHC6,exact,ZDHHC6
8631,VTI1A,exact,VTI1A
8632,TCF7L2,exact,TCF7L2
8633,AL158212.2,unmatched,
8634,CASP7,exact,CASP7
8635,DCLRE1A,exact,DCLRE1A
8636,NHLRC2,exact,NHLRC2
8637,CCDC186,exact,CCDC186
8638,AFAP1L2,exact,AFAP1L2
8639,ABLIM1,exact,ABLIM1
8640,FAM160B1,unmatched,
8641,TRUB1,exact,TRUB1
8642,PDZD8,exact,PDZD8
8643,RAB11FIP2,exact,RAB11FIP2
8644,FAM204A,exact,FAM204A
8645,CACUL1,exact,CACUL1
8646,NANOS1,exact,NANOS1
8647,EIF3A,exact,EIF3A
8648,FAM45A,unmatched,
8649,SFXN4,exact,SFXN4
8650,PRDX3,exact,PRDX3
8651,GRK5,exact,GRK5
8652,RGS10,exact,RGS10
8653,TIAL1,exact,TIAL1
8654,BAG3,exact,BAG3
8655,INPP5F,exact,INPP5F
8656,MCMBP,exact,MCMBP
8657,SEC23IP,exact,SEC23IP
8658,WDR11-AS1,unmatched,
8659,WDR11,exact,WDR11
8660,AC010998.2,unmatched,
8661,ATE1,exact,ATE1
8662,NSMCE4A,exact,NSMCE4A
8663,AL731566.1,unmatched,
8664,PLEKHA1,exact,PLEKHA1
8665,CUZD1,exact,CUZD1
8666,FAM24B,exact,FAM24B
8667,C10orf88,exact,C10orf88
8668,PSTK,exact,PSTK
8669,IKZF5,exact,IKZF5
8670,ACADSB,exact,ACADSB
8671,BUB3,exact,BUB3
8672,OAT,exact,OAT
8673,LHPP,exact,LHPP
8674,AC068896.1,unmatched,
8675,FAM53B,exact,FAM53B
8676,EEF1AKMT2,exact,EEF1AKMT2
8677,ABRAXAS2,exact,ABRAXAS2
8678,ZRANB1,exact,ZRANB1
8679,AL731577.1,unmatched,
8680,CTBP2,exact,CTBP2
8681,AL158835.1,unmatched,
8682,EDRF1,exact,EDRF1
8683,EDRF1-AS1,exact,EDRF1-AS1
8684,MMP21,exact,MMP21
8685,UROS,exact,UROS
8686,BCCIP,exact,BCCIP
8687,DHX32,exact,DHX32
8688,FANK1,exact,FANK1
8689,ADAM12,exact,ADAM12
8690,PTPRE,exact,PTPRE
8691,MKI67,exact,MKI67
8692,MGMT,exact,MGMT
8693,AL157832.1,unmatched,
8694,AL157832.3,unmatched,
8695,C10orf143,exact,C10orf143
8696,GLRX3,exact,GLRX3
8697,PPP2R2D,exact,PPP2R2D
8698,BNIP3,exact,BNIP3
8699,AL162274.2,unmatched,
8700,AL162274.1,unmatched,
8701,STK32C,exact,STK32C
8702,LRRC27,exact,LRRC27
8703,PWWP2B,exact,PWWP2B
8704,C10orf91,unmatched,
8705,INPP5A,exact,INPP5A
8706,ADAM8,exact,ADAM8
8707,TUBGCP2,exact,TUBGCP2
8708,AL360181.2,unmatched,
8709,ZNF511,exact,ZNF511
8710,CALY,exact,CALY
8711,FUOM,exact,FUOM
8712,ECHS1,exact,ECHS1
8713,PAOX,exact,PAOX
8714,MTG1,exact,MTG1
8715,SCART1,exact,SCART1
8716,SYCE1,exact,SYCE1
8717,IQSEC3,exact,IQSEC3
8718,AC026369.1,unmatched,
8719,SLC6A13,exact,SLC6A13
8720,KDM5A,exact,KDM5A
8721,CCDC77,exact,CCDC77
8722,NINJ2,exact,NINJ2
8723,AC021054.1,unmatched,
8724,WNK1,exact,WNK1
8725,RAD52,exact,RAD52
8726,AC004803.1,unmatched,
8727,ERC1,exact,ERC1
8728,FBXL14,exact,FBXL14
8729,ADIPOR2,exact,ADIPOR2
8730,CACNA2D4,exact,CACNA2D4
8731,DCP1B,exact,DCP1B
8732,CACNA1C-AS2,exact,CACNA1C-AS2
8733,CACNA1C-AS1,exact,CACNA1C-AS1
8734,FKBP4,exact,FKBP4
8735,ITFG2-AS1,unmatched,
8736,ITFG2,exact,ITFG2
8737,NRIP2,exact,NRIP2
8738,FOXM1,exact,FOXM1
8739,RHNO1,exact,RHNO1
8740,TULP3,exact,TULP3
8741,AC125807.2,unmatched,
8742,CRACR2A,exact,CRACR2A
8743,PARP11,exact,PARP11
8744,AC005842.1,unmatched,
8745,CCND2,exact,CCND2
8746,TIGAR,exact,TIGAR
8747,FGF23,exact,FGF23
8748,C12orf4,exact,C12orf4
8749,RAD51AP1,exact,RAD51AP1
8750,DYRK4,exact,DYRK4
8751,NDUFA9,exact,NDUFA9
8752,CD9,exact,CD9
8753,TNFRSF1A,exact,TNFRSF1A
8754,SCNN1A,exact,SCNN1A
8755,LTBR,exact,LTBR
8756,CD27,exact,CD27
8757,TAPBPL,exact,TAPBPL
8758,VAMP1,exact,VAMP1
8759,AC005840.4,unmatched,
8760,MRPL51,exact,MRPL51
8761,NCAPD2,exact,NCAPD2
8762,GAPDH,exact,GAPDH
8763,IFFO1,exact,IFFO1
8764,AC006064.1,unmatched,
8765,NOP2,exact,NOP2
8766,CHD4,exact,CHD4
8767,AC006064.2,unmatched,
8768,LPAR5,exact,LPAR5
8769,ACRBP,exact,ACRBP
8770,ING4,exact,ING4
8771,ZNF384,exact,ZNF384
8772,COPS7A,exact,COPS7A
8773,AC125494.2,unmatched,
8774,MLF2,exact,MLF2
8775,PTMS,exact,PTMS
8776,LAG3,exact,LAG3
8777,P3H3,exact,P3H3
8778,GNB3,exact,GNB3
8779,CDCA3,exact,CDCA3
8780,USP5,exact,USP5
8781,TPI1,exact,TPI1
8782,SPSB2,exact,SPSB2
8783,LRRC23,exact,LRRC23
8784,ENO2,exact,ENO2
8785,ATN1,exact,ATN1
8786,C12orf57,exact,C12orf57
8787,U47924.2,unmatched,
8788,PTPN6,exact,PTPN6
8789,PHB2,exact,PHB2
8790,EMG1,exact,EMG1
8791,EMG1.1,unmatched,
8792,LPCAT3,exact,LPCAT3
8793,C1RL,exact,C1RL
8794,C1RL-AS1,exact,C1RL-AS1
8795,RBP5,exact,RBP5
8796,AC018653.3,unmatched,
8797,CLSTN3,exact,CLSTN3
8798,PEX5,exact,PEX5
8799,NANOGNB,exact,NANOGNB
8800,NANOG,exact,NANOG
8801,SLC2A3,exact,SLC2A3
8802,FOXJ2,exact,FOXJ2
8803,C3AR1,exact,C3AR1
8804,NECAP1,exact,NECAP1
8805,CLEC4A,exact,CLEC4A
8806,FAM66C,exact,FAM66C
8807,AC092111.1,unmatched,
8808,LINC02449,exact,LINC02449
8809,LINC00937,exact,LINC00937
8810,MFAP5,exact,MFAP5
8811,RIMKLB,exact,RIMKLB
8812,PHC1,exact,PHC1
8813,M6PR,exact,M6PR
8814,KLRG1,exact,KLRG1
8815,A2M-AS1,exact,A2M-AS1
8816,A2M,exact,A2M
8817,PZP,exact,PZP
8818,LINC00987,exact,LINC00987
8819,AC010175.1,unmatched,
8820,KLRB1,exact,KLRB1
8821,CLEC2D,exact,CLEC2D
8822,CLECL1,unmatched,
8823,CD69,exact,CD69
8824,KLRF1,exact,KLRF1
8825,CLEC2B,exact,CLEC2B
8826,AC091814.1,unmatched,
8827,GABARAPL1,exact,GABARAPL1
8828,KLRD1,exact,KLRD1
8829,AC022075.2,unmatched,
8830,AC022075.1,unmatched,
8831,KLRK1,exact,KLRK1
8832,KLRC4-KLRK1,unmatched,
8833,KLRC4,exact,KLRC4
8834,KLRC3,exact,KLRC3
8835,KLRC2,exact,KLRC2
8836,KLRC1,exact,KLRC1
8837,EIF2S3B,exact,EIF2S3B
8838,LINC02446,exact,LINC02446
8839,MAGOHB,exact,MAGOHB
8840,YBX3,exact,YBX3
8841,PRH1,exact,PRH1
8842,PRR4,exact,PRR4
8843,TAS2R13,exact,TAS2R13
8844,TAS2R14,exact,TAS2R14
8845,TAS2R20,exact,TAS2R20
8846,TAS2R19,exact,TAS2R19
8847,TAS2R31,exact,TAS2R31
8848,TAS2R46,exact,TAS2R46
8849,TAS2R43,exact,TAS2R43
8850,TAS2R30,exact,TAS2R30
8851,SMIM10L1,exact,SMIM10L1
8852,PRB3,exact,PRB3
8853,LINC01252,exact,LINC01252
8854,ETV6,exact,ETV6
8855,LRP6,exact,LRP6
8856,MANSC1,exact,MANSC1
8857,LOH12CR2,exact,LOH12CR2
8858,BORCS5,exact,BORCS5
8859,DUSP16,exact,DUSP16
8860,CREBL2,exact,CREBL2
8861,AC008115.4,unmatched,
8862,GPR19,exact,GPR19
8863,CDKN1B,exact,CDKN1B
8864,APOLD1,exact,APOLD1
8865,DDX47,exact,DDX47
8866,GPRC5D-AS1,exact,GPRC5D-AS1
8867,HEBP1,exact,HEBP1
8868,FAM234B,exact,FAM234B
8869,ATF7IP,exact,ATF7IP
8870,AC010168.1,unmatched,
8871,HIST4H4,official_alias,HIST4H4
8872,H2AFJ,official_alias,H2AFJ
8873,WBP11,exact,WBP11
8874,C12orf60,exact,C12orf60
8875,MGP,exact,MGP
8876,ERP27,exact,ERP27
8877,ARHGDIB,exact,ARHGDIB
8878,PTPRO,exact,PTPRO
8879,EPS8,exact,EPS8
8880,STRAP,exact,STRAP
8881,DERA,exact,DERA
8882,PLEKHA5,exact,PLEKHA5
8883,AEBP2,exact,AEBP2
8884,PYROXD1,exact,PYROXD1
8885,RECQL,exact,RECQL
8886,GOLT1B,exact,GOLT1B
8887,LDHB,exact,LDHB
8888,CMAS,exact,CMAS
8889,ST8SIA1,exact,ST8SIA1
8890,C2CD5,exact,C2CD5
8891,AC053513.1,unmatched,
8892,ETNK1,exact,ETNK1
8893,LRMP,official_alias,LRMP
8894,CASC1,unmatched,
8895,ETFRF1,exact,ETFRF1
8896,KRAS,exact,KRAS
8897,AC092794.1,unmatched,
8898,AC092794.2,unmatched,
8899,AC087239.1,unmatched,
8900,LMNTD1,exact,LMNTD1
8901,AC024145.1,unmatched,
8902,ITPR2,exact,ITPR2
8903,INTS13,exact,INTS13
8904,FGFR1OP2,exact,FGFR1OP2
8905,AC024896.1,unmatched,
8906,TM7SF3,exact,TM7SF3
8907,MED21,exact,MED21
8908,AC092747.4,unmatched,
8909,STK38L,exact,STK38L
8910,PPFIBP1,exact,PPFIBP1
8911,MRPS35,exact,MRPS35
8912,MANSC4,exact,MANSC4
8913,KLHL42,exact,KLHL42
8914,CCDC91,exact,CCDC91
8915,AC022364.1,unmatched,
8916,FAR2,exact,FAR2
8917,AC009318.1,unmatched,
8918,AC009318.3,unmatched,
8919,AC009318.2,unmatched,
8920,ERGIC2,exact,ERGIC2
8921,OVCH1-AS1,exact,OVCH1-AS1
8922,IPO8,exact,IPO8
8923,CAPRIN2,exact,CAPRIN2
8924,DDX11-AS1,exact,DDX11-AS1
8925,DDX11,exact,DDX11
8926,SINHCAF,exact,SINHCAF
8927,AC024940.1,unmatched,
8928,ETFBKMT,exact,ETFBKMT
8929,AMN1,exact,AMN1
8930,AC023157.3,unmatched,
8931,KIAA1551,official_alias,KIAA1551
8932,AC016957.2,unmatched,
8933,BICD1,exact,BICD1
8934,DNM1L,exact,DNM1L
8935,AC084824.5,unmatched,
8936,YARS2,exact,YARS2
8937,ALG10,exact,ALG10
8938,ALG10B,exact,ALG10B
8939,CPNE8,exact,CPNE8
8940,KIF21A,exact,KIF21A
8941,ABCD2,exact,ABCD2
8942,SLC2A13,exact,SLC2A13
8943,GXYLT1,exact,GXYLT1
8944,YAF2,exact,YAF2
8945,PPHLN1,exact,PPHLN1
8946,ZCRB1,exact,ZCRB1
8947,PUS7L,exact,PUS7L
8948,IRAK4,exact,IRAK4
8949,TWF1,exact,TWF1
8950,TMEM117,exact,TMEM117
8951,AC025253.1,unmatched,
8952,NELL2,exact,NELL2
8953,ANO6,exact,ANO6
8954,AC008124.1,unmatched,
8955,ARID2,exact,ARID2
8956,SCAF11,exact,SCAF11
8957,SLC38A1,exact,SLC38A1
8958,SLC38A2,exact,SLC38A2
8959,AC008014.1,unmatched,
8960,AC025031.4,unmatched,
8961,AC008035.1,unmatched,
8962,AMIGO2,exact,AMIGO2
8963,PCED1B,exact,PCED1B
8964,AC008083.1,unmatched,
8965,AC008083.2,unmatched,
8966,AC008083.3,unmatched,
8967,RPAP3,exact,RPAP3
8968,AC004241.1,unmatched,
8969,SLC48A1,exact,SLC48A1
8970,HDAC7,exact,HDAC7
8971,AC004466.1,unmatched,
8972,TMEM106C,exact,TMEM106C
8973,AC004801.6,unmatched,
8974,SENP1,exact,SENP1
8975,PFKM,exact,PFKM
8976,ASB8,exact,ASB8
8977,AC024257.3,unmatched,
8978,AC024257.5,unmatched,
8979,ZNF641,exact,ZNF641
8980,KANSL2,exact,KANSL2
8981,CCNT1,exact,CCNT1
8982,CACNB3,exact,CACNB3
8983,DDX23,exact,DDX23
8984,RND1,exact,RND1
8985,AC073610.3,unmatched,
8986,CCDC65,exact,CCDC65
8987,FKBP11,exact,FKBP11
8988,ARF3,exact,ARF3
8989,DDN-AS1,exact,DDN-AS1
8990,PRKAG1,exact,PRKAG1
8991,KMT2D,exact,KMT2D
8992,RHEBL1,exact,RHEBL1
8993,LMBR1L,exact,LMBR1L
8994,AC011603.2,unmatched,
8995,TUBA1B,exact,TUBA1B
8996,TUBA1A,exact,TUBA1A
8997,TUBA1C,exact,TUBA1C
8998,TROAP,exact,TROAP
8999,SPATS2,exact,SPATS2
9000,KCNH3,exact,KCNH3
9001,MCRS1,exact,MCRS1
9002,PRPF40B,exact,PRPF40B
9003,FMNL3,exact,FMNL3
9004,TMBIM6,exact,TMBIM6
9005,NCKAP5L,exact,NCKAP5L
9006,BCDIN3D-AS1,exact,BCDIN3D-AS1
9007,BCDIN3D,exact,BCDIN3D
9008,RACGAP1,exact,RACGAP1
9009,ASIC1,exact,ASIC1
9010,SMARCD1,exact,SMARCD1
9011,COX14,exact,COX14
9012,AC074032.1,unmatched,
9013,CERS5,exact,CERS5
9014,LIMA1,exact,LIMA1
9015,LARP4,exact,LARP4
9016,DIP2B,exact,DIP2B
9017,ATF1,exact,ATF1
9018,METTL7A,unmatched,
9019,SLC11A2,exact,SLC11A2
9020,LETMD1,exact,LETMD1
9021,CSRNP2,exact,CSRNP2
9022,TFCP2,exact,TFCP2
9023,POU6F1,exact,POU6F1
9024,DAZAP2,exact,DAZAP2
9025,SMAGP,exact,SMAGP
9026,BIN2,exact,BIN2
9027,CELA1,exact,CELA1
9028,GALNT6,exact,GALNT6
9029,SLC4A8,exact,SLC4A8
9030,SCN8A,exact,SCN8A
9031,FIGNL2,exact,FIGNL2
9032,AC068987.4,unmatched,
9033,ACVR1B,exact,ACVR1B
9034,GRASP,official_alias,GRASP
9035,ATG101,exact,ATG101
9036,KRT72,exact,KRT72
9037,KRT73-AS1,exact,KRT73-AS1
9038,KRT73,exact,KRT73
9039,KRT2,exact,KRT2
9040,KRT8,exact,KRT8
9041,KRT18,exact,KRT18
9042,EIF4B,exact,EIF4B
9043,AC068888.1,unmatched,
9044,TNS2,exact,TNS2
9045,SPRYD3,exact,SPRYD3
9046,IGFBP6,exact,IGFBP6
9047,CSAD,exact,CSAD
9048,ZNF740,exact,ZNF740
9049,ITGB7,exact,ITGB7
9050,RARG,exact,RARG
9051,MFSD5,exact,MFSD5
9052,PFDN5,exact,PFDN5
9053,AC073611.1,unmatched,
9054,C12orf10,official_alias,C12orf10
9055,AAAS,exact,AAAS
9056,SP1,exact,SP1
9057,PRR13,exact,PRR13
9058,PCBP2,exact,PCBP2
9059,MAP3K12,exact,MAP3K12
9060,AC023509.4,unmatched,
9061,TARBP2,exact,TARBP2
9062,AC023509.3,unmatched,
9063,ATF7,exact,ATF7
9064,AC023509.2,unmatched,
9065,ATP5MC2,exact,ATP5MC2
9066,CALCOCO1,exact,CALCOCO1
9067,HOXC4,exact,HOXC4
9068,AC023794.3,unmatched,
9069,SMUG1,exact,SMUG1
9070,CBX5,exact,CBX5
9071,HNRNPA1,exact,HNRNPA1
9072,COPZ1,exact,COPZ1
9073,ZNF385A,exact,ZNF385A
9074,ITGA5,exact,ITGA5
9075,GTSF1,exact,GTSF1
9076,NCKAP1L,exact,NCKAP1L
9077,PDE1B,exact,PDE1B
9078,TESPA1,exact,TESPA1
9079,AC009779.3,unmatched,
9080,BLOC1S1,exact,BLOC1S1
9081,RDH5,exact,RDH5
9082,CD63,exact,CD63
9083,AC009779.2,unmatched,
9084,GDF11,exact,GDF11
9085,SARNP,exact,SARNP
9086,ORMDL2,exact,ORMDL2
9087,DNAJC14,exact,DNAJC14
9088,MMP19,exact,MMP19
9089,PYM1,exact,PYM1
9090,DGKA,exact,DGKA
9091,PMEL,exact,PMEL
9092,CDK2,exact,CDK2
9093,RAB5B,exact,RAB5B
9094,SUOX,exact,SUOX
9095,IKZF4,exact,IKZF4
9096,RPS26,exact,RPS26
9097,ERBB3,exact,ERBB3
9098,PA2G4,exact,PA2G4
9099,RPL41,exact,RPL41
9100,ZC3H10,exact,ZC3H10
9101,ESYT1,exact,ESYT1
9102,AC034102.6,unmatched,
9103,AC034102.5,unmatched,
9104,MYL6B,exact,MYL6B
9105,MYL6,exact,MYL6
9106,SMARCC2,exact,SMARCC2
9107,RNF41,exact,RNF41
9108,NABP2,exact,NABP2
9109,ANKRD52,exact,ANKRD52
9110,COQ10A,exact,COQ10A
9111,AC073896.5,unmatched,
9112,CS,exact,CS
9113,AC073896.2,unmatched,
9114,AC073896.3,unmatched,
9115,CNPY2,exact,CNPY2
9116,PAN2,exact,PAN2
9117,IL23A,exact,IL23A
9118,STAT2,exact,STAT2
9119,TIMELESS,exact,TIMELESS
9120,SPRYD4,exact,SPRYD4
9121,GLS2,exact,GLS2
9122,RBMS2,exact,RBMS2
9123,BAZ2A,exact,BAZ2A
9124,ATP5F1B,exact,ATP5F1B
9125,PTGES3,exact,PTGES3
9126,NACA,exact,NACA
9127,PRIM1,exact,PRIM1
9128,HSD17B6,exact,HSD17B6
9129,RDH16,exact,RDH16
9130,ZBTB39,exact,ZBTB39
9131,NEMP1,exact,NEMP1
9132,NAB2,exact,NAB2
9133,STAT6,exact,STAT6
9134,LRP1,exact,LRP1
9135,NXPH4,exact,NXPH4
9136,SHMT2,exact,SHMT2
9137,STAC3,exact,STAC3
9138,R3HDM2,exact,R3HDM2
9139,ARHGAP9,exact,ARHGAP9
9140,MARS,official_alias,MARS
9141,DDIT3,exact,DDIT3
9142,MBD6,exact,MBD6
9143,DCTN2,exact,DCTN2
9144,KIF5A,exact,KIF5A
9145,PIP4K2C,exact,PIP4K2C
9146,DTX3,exact,DTX3
9147,ARHGEF25,exact,ARHGEF25
9148,OS9,exact,OS9
9149,AC025165.2,unmatched,
9150,AGAP2,exact,AGAP2
9151,TSPAN31,exact,TSPAN31
9152,CDK4,exact,CDK4
9153,MARCH9,official_alias,MARCH9
9154,METTL1,exact,METTL1
9155,EEF1AKMT3,exact,EEF1AKMT3
9156,TSFM,exact,TSFM
9157,AVIL,exact,AVIL
9158,AC025165.5,unmatched,
9159,CTDSP2,exact,CTDSP2
9160,AC084033.3,unmatched,
9161,ATP23,exact,ATP23
9162,SLC16A7,exact,SLC16A7
9163,FAM19A2,official_alias,FAM19A2
9164,USP15,exact,USP15
9165,MON2,exact,MON2
9166,AC079035.1,unmatched,
9167,LINC01465,exact,LINC01465
9168,AC048341.1,unmatched,
9169,AC048341.2,unmatched,
9170,DPY19L2,exact,DPY19L2
9171,AC084357.2,unmatched,
9172,RXYLT1,exact,RXYLT1
9173,SRGAP1,exact,SRGAP1
9174,C12orf66,unmatched,
9175,XPOT,exact,XPOT
9176,TBK1,exact,TBK1
9177,RASSF3,exact,RASSF3
9178,AC078962.3,unmatched,
9179,GNS,exact,GNS
9180,TBC1D30,exact,TBC1D30
9181,LEMD3,exact,LEMD3
9182,LLPH,exact,LLPH
9183,TMBIM4,exact,TMBIM4
9184,HELB,exact,HELB
9185,GRIP1,exact,GRIP1
9186,CAND1,exact,CAND1
9187,DYRK2,unmatched,
9188,IFNG-AS1,exact,IFNG-AS1
9189,IFNG,exact,IFNG
9190,MDM1,exact,MDM1
9191,RAP1B,exact,RAP1B
9192,AC090061.1,unmatched,
9193,NUP107,exact,NUP107
9194,SLC35E3,exact,SLC35E3
9195,MDM2,exact,MDM2
9196,AC025423.1,unmatched,
9197,CPM,exact,CPM
9198,CPSF6,exact,CPSF6
9199,AC020656.2,unmatched,
9200,AC020656.1,unmatched,
9201,YEATS4,exact,YEATS4
9202,FRS2,exact,FRS2
9203,CCT2,exact,CCT2
9204,AC025263.1,unmatched,
9205,RAB3IP,exact,RAB3IP
9206,AC025159.1,unmatched,
9207,LINC01481,official_alias,LINC01481
9208,CNOT2,exact,CNOT2
9209,KCNMB4,exact,KCNMB4
9210,ZFC3H1,exact,ZFC3H1
9211,THAP2,exact,THAP2
9212,TMEM19,exact,TMEM19
9213,RAB21,exact,RAB21
9214,AC089984.1,unmatched,
9215,TBC1D15,exact,TBC1D15
9216,ATXN7L3B,exact,ATXN7L3B
9217,CAPS2,exact,CAPS2
9218,GLIPR1L2,exact,GLIPR1L2
9219,GLIPR1,exact,GLIPR1
9220,AC121761.1,unmatched,
9221,KRR1,exact,KRR1
9222,PHLDA1,exact,PHLDA1
9223,AC011611.4,unmatched,
9224,NAP1L1,exact,NAP1L1
9225,BBS10,exact,BBS10
9226,OSBPL8,exact,OSBPL8
9227,ZDHHC17,exact,ZDHHC17
9228,CSRP2,exact,CSRP2
9229,PAWR,exact,PAWR
9230,PPP1R12A,exact,PPP1R12A
9231,CCDC59,exact,CCDC59
9232,METTL25,exact,METTL25
9233,TMTC2,exact,TMTC2
9234,C12orf50,exact,C12orf50
9235,C12orf29,unmatched,
9236,CEP290,exact,CEP290
9237,TMTC3,exact,TMTC3
9238,POC1B,exact,POC1B
9239,POC1B-AS1,unmatched,
9240,AC025034.1,unmatched,
9241,ATP2B1,exact,ATP2B1
9242,ATP2B1-AS1,exact,ATP2B1-AS1
9243,BTG1,exact,BTG1
9244,AC025164.1,unmatched,
9245,EEA1,exact,EEA1
9246,NUDT4,exact,NUDT4
9247,UBE2N,exact,UBE2N
9248,MRPL42,exact,MRPL42
9249,SOCS2,exact,SOCS2
9250,CRADD,exact,CRADD
9251,AC012464.3,unmatched,
9252,PLXNC1,exact,PLXNC1
9253,AC073655.2,unmatched,
9254,CEP83,exact,CEP83
9255,TMCC3,exact,TMCC3
9256,NDUFA12,exact,NDUFA12
9257,NR2C1,exact,NR2C1
9258,VEZT,exact,VEZT
9259,METAP2,exact,METAP2
9260,USP44,exact,USP44
9261,SNRPF,exact,SNRPF
9262,AMDHD1,exact,AMDHD1
9263,LTA4H,exact,LTA4H
9264,ELK3,exact,ELK3
9265,CDK17,exact,CDK17
9266,CFAP54,exact,CFAP54
9267,NEDD1,exact,NEDD1
9268,LINC02453,exact,LINC02453
9269,TMPO-AS1,exact,TMPO-AS1
9270,TMPO,exact,TMPO
9271,SLC25A3,exact,SLC25A3
9272,IKBIP,exact,IKBIP
9273,APAF1,exact,APAF1
9274,UHRF1BP1L,unmatched,
9275,ACTR6,exact,ACTR6
9276,DEPDC4,exact,DEPDC4
9277,SCYL2,exact,SCYL2
9278,UTP20,exact,UTP20
9279,ARL1,exact,ARL1
9280,CHPT1,exact,CHPT1
9281,SYCP3,exact,SYCP3
9282,GNPTAB,exact,GNPTAB
9283,DRAM1,exact,DRAM1
9284,WASHC3,exact,WASHC3
9285,NUP37,exact,NUP37
9286,PARPBP,exact,PARPBP
9287,PMCH,exact,PMCH
9288,AC068643.1,unmatched,
9289,C12orf42,exact,C12orf42
9290,NT5DC3,exact,NT5DC3
9291,HSP90B1,exact,HSP90B1
9292,C12orf73,unmatched,
9293,TDG,exact,TDG
9294,HCFC2,exact,HCFC2
9295,NFYB,exact,NFYB
9296,TXNRD1,exact,TXNRD1
9297,EID3,exact,EID3
9298,CHST11,exact,CHST11
9299,SLC41A2,exact,SLC41A2
9300,C12orf45,unmatched,
9301,WASHC4,exact,WASHC4
9302,APPL2,exact,APPL2
9303,C12orf75,exact,C12orf75
9304,CKAP4,exact,CKAP4
9305,AC079174.2,unmatched,
9306,TCP11L2,exact,TCP11L2
9307,POLR3B,exact,POLR3B
9308,RFX4,exact,RFX4
9309,AC079385.2,unmatched,
9310,RIC8B,exact,RIC8B
9311,AC007541.1,unmatched,
9312,TMEM263,exact,TMEM263
9313,MTERF2,exact,MTERF2
9314,CRY1,exact,CRY1
9315,BTBD11,unmatched,
9316,PWP1,exact,PWP1
9317,PRDM4,exact,PRDM4
9318,AC007622.2,unmatched,
9319,CMKLR1,exact,CMKLR1
9320,FICD,exact,FICD
9321,SART3,exact,SART3
9322,ISCU,exact,ISCU
9323,SELPLG,exact,SELPLG
9324,CORO1C,exact,CORO1C
9325,SSH1,exact,SSH1
9326,SVOP,exact,SVOP
9327,USP30,exact,USP30
9328,USP30-AS1,unmatched,
9329,ALKBH2,exact,ALKBH2
9330,UNG,exact,UNG
9331,ACACB,exact,ACACB
9332,KCTD10,exact,KCTD10
9333,UBE3B,exact,UBE3B
9334,MMAB,exact,MMAB
9335,MVK,exact,MVK
9336,GLTP,exact,GLTP
9337,TCHP,exact,TCHP
9338,GIT2,exact,GIT2
9339,AC084876.1,unmatched,
9340,ANKRD13A,exact,ANKRD13A
9341,C12orf76,exact,C12orf76
9342,IFT81,exact,IFT81
9343,ATP2A2,exact,ATP2A2
9344,ANAPC7,exact,ANAPC7
9345,ARPC3,exact,ARPC3
9346,GPN3,exact,GPN3
9347,FAM216A,exact,FAM216A
9348,VPS29,exact,VPS29
9349,RAD9B,exact,RAD9B
9350,PPTC7,exact,PPTC7
9351,TCTN1,exact,TCTN1
9352,HVCN1,exact,HVCN1
9353,PPP1CC,exact,PPP1CC
9354,PHETA1,exact,PHETA1
9355,SH2B3,exact,SH2B3
9356,ATXN2,exact,ATXN2
9357,BRAP,exact,BRAP
9358,ACAD10,exact,ACAD10
9359,ALDH2,exact,ALDH2
9360,MAPKAPK5-AS1,exact,MAPKAPK5-AS1
9361,MAPKAPK5,exact,MAPKAPK5
9362,TMEM116,exact,TMEM116
9363,ERP29,exact,ERP29
9364,AC073575.2,unmatched,
9365,NAA25,exact,NAA25
9366,TRAFD1,exact,TRAFD1
9367,HECTD4,exact,HECTD4
9368,RPL6,exact,RPL6
9369,PTPN11,exact,PTPN11
9370,OAS1,exact,OAS1
9371,OAS3,exact,OAS3
9372,OAS2,exact,OAS2
9373,DDX54,exact,DDX54
9374,RITA1,exact,RITA1
9375,IQCD,exact,IQCD
9376,TPCN1,exact,TPCN1
9377,SLC8B1,exact,SLC8B1
9378,PLBD2,exact,PLBD2
9379,RBM19,exact,RBM19
9380,MED13L,exact,MED13L
9381,MAP1LC3B2,exact,MAP1LC3B2
9382,C12orf49,official_alias,C12orf49
9383,RNFT2,exact,RNFT2
9384,FBXW8,exact,FBXW8
9385,AC083806.2,unmatched,
9386,AC127164.1,unmatched,
9387,TESC,exact,TESC
9388,FBXO21,exact,FBXO21
9389,RFC5,exact,RFC5
9390,WSB2,exact,WSB2
9391,VSIG10,exact,VSIG10
9392,PEBP1,exact,PEBP1
9393,TAOK3,exact,TAOK3
9394,SUDS3,exact,SUDS3
9395,AC026367.3,unmatched,
9396,AC026367.2,unmatched,
9397,PRKAB1,exact,PRKAB1
9398,CIT,exact,CIT
9399,BICDL1,exact,BICDL1
9400,RAB35,exact,RAB35
9401,AC004812.2,unmatched,
9402,GCN1,exact,GCN1
9403,RPLP0,exact,RPLP0
9404,PXN-AS1,exact,PXN-AS1
9405,PXN,exact,PXN
9406,AC004263.1,unmatched,
9407,SIRT4,exact,SIRT4
9408,COX6A1,exact,COX6A1
9409,TRIAP1,exact,TRIAP1
9410,GATC,exact,GATC
9411,SRSF9,exact,SRSF9
9412,DYNLL1,exact,DYNLL1
9413,NRAV,exact,NRAV
9414,COQ5,exact,COQ5
9415,RNF10,exact,RNF10
9416,POP5,exact,POP5
9417,MLEC,exact,MLEC
9418,AC069234.2,unmatched,
9419,UNC119B,exact,UNC119B
9420,ACADS,exact,ACADS
9421,SPPL3,exact,SPPL3
9422,C12orf43,exact,C12orf43
9423,OASL,exact,OASL
9424,P2RX7,exact,P2RX7
9425,P2RX4,exact,P2RX4
9426,CAMKK2,exact,CAMKK2
9427,ANAPC5,exact,ANAPC5
9428,RNF34,exact,RNF34
9429,KDM2B,exact,KDM2B
9430,AC145422.1,unmatched,
9431,ORAI1,exact,ORAI1
9432,MORN3,exact,MORN3
9433,TMEM120B,exact,TMEM120B
9434,RHOF,exact,RHOF
9435,LINC01089,exact,LINC01089
9436,AC084018.2,unmatched,
9437,SETD1B,exact,SETD1B
9438,PSMD9,exact,PSMD9
9439,AC069503.2,unmatched,
9440,WDR66,official_alias,WDR66
9441,BCL7A,exact,BCL7A
9442,MLXIP,exact,MLXIP
9443,B3GNT4,exact,B3GNT4
9444,DIABLO.1,unmatched,
9445,VPS33A,exact,VPS33A
9446,CLIP1,exact,CLIP1
9447,ZCCHC8,exact,ZCCHC8
9448,RSRC2,exact,RSRC2
9449,KNTC1,exact,KNTC1
9450,AC026333.4,unmatched,
9451,DENR,exact,DENR
9452,CCDC62,exact,CCDC62
9453,HIP1R,exact,HIP1R
9454,VPS37B,exact,VPS37B
9455,ABCB9,exact,ABCB9
9456,OGFOD2,exact,OGFOD2
9457,ARL6IP4,exact,ARL6IP4
9458,PITPNM2,exact,PITPNM2
9459,MPHOSPH9,exact,MPHOSPH9
9460,C12orf65,unmatched,
9461,CDK2AP1,exact,CDK2AP1
9462,SBNO1,exact,SBNO1
9463,AC137767.1,unmatched,
9464,KMT5A,exact,KMT5A
9465,RILPL2,exact,RILPL2
9466,SNRNP35,exact,SNRNP35
9467,RILPL1,exact,RILPL1
9468,AC055713.1,unmatched,
9469,TMED2,exact,TMED2
9470,DDX55,exact,DDX55
9471,EIF2B1,exact,EIF2B1
9472,GTF2H3,exact,GTF2H3
9473,TCTN2,exact,TCTN2
9474,ATP6V0A2,exact,ATP6V0A2
9475,DNAH10,exact,DNAH10
9476,CCDC92,exact,CCDC92
9477,AC079315.1,unmatched,
9478,ZNF664,exact,ZNF664
9479,NCOR2,exact,NCOR2
9480,AC073592.1,unmatched,
9481,SCARB1,exact,SCARB1
9482,UBC,exact,UBC
9483,DHX37,exact,DHX37
9484,BRI3BP,exact,BRI3BP
9485,THRIL,exact,THRIL
9486,AACS,exact,AACS
9487,LINC00944,unmatched,
9488,AC079949.2,unmatched,
9489,SLC15A4,exact,SLC15A4
9490,PIWIL1,exact,PIWIL1
9491,STX2,exact,STX2
9492,AC073912.2,unmatched,
9493,RAN,exact,RAN
9494,SFSWAP,exact,SFSWAP
9495,ULK1,exact,ULK1
9496,PUS1,exact,PUS1
9497,EP400,exact,EP400
9498,DDX51,exact,DDX51
9499,NOC4L,exact,NOC4L
9500,LINC02361,exact,LINC02361
9501,AC148476.1,unmatched,
9502,FBRSL1,exact,FBRSL1
9503,POLE,exact,POLE
9504,PXMP2,exact,PXMP2
9505,PGAM5,exact,PGAM5
9506,ANKLE2,exact,ANKLE2
9507,GOLGA3,exact,GOLGA3
9508,CHFR,exact,CHFR
9509,AC127070.1,unmatched,
9510,AC127070.2,unmatched,
9511,ZNF605,exact,ZNF605
9512,ZNF26,exact,ZNF26
9513,ZNF84,exact,ZNF84
9514,ZNF140,exact,ZNF140
9515,ZNF891,exact,ZNF891
9516,ZNF10,exact,ZNF10
9517,ZNF268,exact,ZNF268
9518,MPHOSPH8,exact,MPHOSPH8
9519,PSPC1-AS2,exact,PSPC1-AS2
9520,PSPC1,exact,PSPC1
9521,ZMYM5,exact,ZMYM5
9522,AL355001.1,unmatched,
9523,AL355001.2,unmatched,
9524,ZMYM2,exact,ZMYM2
9525,GJA3,exact,GJA3
9526,CRYL1,exact,CRYL1
9527,IFT88,exact,IFT88
9528,AL161772.1,unmatched,
9529,EEF1AKMT1,exact,EEF1AKMT1
9530,XPO4,exact,XPO4
9531,LATS2,exact,LATS2
9532,SAP18,exact,SAP18
9533,MRPL57,exact,MRPL57
9534,ZDHHC20,exact,ZDHHC20
9535,MICU2,exact,MICU2
9536,FGF9,exact,FGF9
9537,AL136962.1,unmatched,
9538,SACS,exact,SACS
9539,MIPEP,exact,MIPEP
9540,SPATA13,unmatched,
9541,PARP4,exact,PARP4
9542,CENPJ,exact,CENPJ
9543,MTMR6,exact,MTMR6
9544,NUP58,exact,NUP58
9545,ATP8A2,exact,ATP8A2
9546,SHISA2,exact,SHISA2
9547,RNF6,exact,RNF6
9548,AL138966.2,unmatched,
9549,CDK8,exact,CDK8
9550,USP12,exact,USP12
9551,USP12-AS2,unmatched,
9552,LINC00412,unmatched,
9553,RPL21,exact,RPL21
9554,RASL11A,exact,RASL11A
9555,GTF3A,exact,GTF3A
9556,MTIF3,exact,MTIF3
9557,LNX2,exact,LNX2
9558,POLR1D,exact,POLR1D
9559,PAN3-AS1,unmatched,
9560,PAN3,exact,PAN3
9561,FLT1,exact,FLT1
9562,POMP,exact,POMP
9563,SLC46A3,exact,SLC46A3
9564,SLC7A1,exact,SLC7A1
9565,UBL3,exact,UBL3
9566,LINC00544,unmatched,
9567,KATNAL1,exact,KATNAL1
9568,LINC00426,exact,LINC00426
9569,HMGB1,exact,HMGB1
9570,USPL1,exact,USPL1
9571,ALOX5AP,exact,ALOX5AP
9572,HSPH1,exact,HSPH1
9573,B3GLCT,exact,B3GLCT
9574,FRY,exact,FRY
9575,FRY-AS1,exact,FRY-AS1
9576,BRCA2,exact,BRCA2
9577,N4BP2L1,exact,N4BP2L1
9578,N4BP2L2,exact,N4BP2L2
9579,PDS5B,exact,PDS5B
9580,AL138820.1,unmatched,
9581,RFC3,exact,RFC3
9582,NBEA,exact,NBEA
9583,MAB21L1,exact,MAB21L1
9584,SPART,exact,SPART
9585,RFXAP,exact,RFXAP
9586,SMAD9,exact,SMAD9
9587,ALG5,exact,ALG5
9588,EXOSC8,exact,EXOSC8
9589,SUPT20H,exact,SUPT20H
9590,UFM1,exact,UFM1
9591,PROSER1,exact,PROSER1
9592,NHLRC3,exact,NHLRC3
9593,COG6,exact,COG6
9594,LINC00598,exact,LINC00598
9595,FOXO1,exact,FOXO1
9596,MRPS31,exact,MRPS31
9597,SLC25A15,exact,SLC25A15
9598,ELF1,exact,ELF1
9599,WBP4,exact,WBP4
9600,KBTBD6,exact,KBTBD6
9601,AL354696.2,unmatched,
9602,KBTBD7,exact,KBTBD7
9603,MTRF1,exact,MTRF1
9604,NAA16,exact,NAA16
9605,RGCC,exact,RGCC
9606,VWA8,exact,VWA8
9607,DGKH,exact,DGKH
9608,AKAP11,exact,AKAP11
9609,EPSTI1,exact,EPSTI1
9610,DNAJC15,exact,DNAJC15
9611,CCDC122,exact,CCDC122
9612,LACC1,exact,LACC1
9613,TSC22D1,exact,TSC22D1
9614,TSC22D1-AS1,exact,TSC22D1-AS1
9615,NUFIP1,exact,NUFIP1
9616,GPALPP1,exact,GPALPP1
9617,GTF2F2,exact,GTF2F2
9618,TPT1,exact,TPT1
9619,AL138963.3,unmatched,
9620,AL138963.1,unmatched,
9621,SLC25A30,exact,SLC25A30
9622,COG3,exact,COG3
9623,SIAH3,exact,SIAH3
9624,ZC3H13,exact,ZC3H13
9625,CPB2-AS1,exact,CPB2-AS1
9626,LCP1,exact,LCP1
9627,LINC00563,exact,LINC00563
9628,LRCH1,exact,LRCH1
9629,ESD,exact,ESD
9630,SUCLA2,exact,SUCLA2
9631,LINC00562,exact,LINC00562
9632,NUDT15,exact,NUDT15
9633,AL158196.1,unmatched,
9634,MED4,exact,MED4
9635,ITM2B,exact,ITM2B
9636,RB1-DT,exact,RB1-DT
9637,RB1,exact,RB1
9638,LPAR6,exact,LPAR6
9639,RCBTB2,exact,RCBTB2
9640,CYSLTR2,exact,CYSLTR2
9641,AL161421.1,unmatched,
9642,FNDC3A,exact,FNDC3A
9643,CDADC1,exact,CDADC1
9644,CAB39L,exact,CAB39L
9645,SETDB2,exact,SETDB2
9646,PHF11,exact,PHF11
9647,RCBTB1,exact,RCBTB1
9648,ARL11,exact,ARL11
9649,EBPL,exact,EBPL
9650,KPNA3,exact,KPNA3
9651,SPRYD7,exact,SPRYD7
9652,DLEU2,exact,DLEU2
9653,TRIM13,exact,TRIM13
9654,KCNRG,exact,KCNRG
9655,RNASEH2B-AS1,unmatched,
9656,RNASEH2B,exact,RNASEH2B
9657,FAM124A,exact,FAM124A
9658,INTS6,exact,INTS6
9659,INTS6-AS1,exact,INTS6-AS1
9660,WDFY2,exact,WDFY2
9661,AL162377.3,unmatched,
9662,DHRS12,exact,DHRS12
9663,AL162377.1,unmatched,
9664,TMEM272,exact,TMEM272
9665,ATP7B,exact,ATP7B
9666,ALG11,exact,ALG11
9667,UTP14C,exact,UTP14C
9668,NEK5,exact,NEK5
9669,NEK3,exact,NEK3
9670,THSD1,exact,THSD1
9671,VPS36,exact,VPS36
9672,AL359513.1,unmatched,
9673,CKAP2,exact,CKAP2
9674,HNRNPA1L2,exact,HNRNPA1L2
9675,AL139089.1,unmatched,
9676,SUGT1,exact,SUGT1
9677,DIAPH3,exact,DIAPH3
9678,TDRD3,exact,TDRD3
9679,PCDH9,exact,PCDH9
9680,MZT1,exact,MZT1
9681,BORA,exact,BORA
9682,DIS3,exact,DIS3
9683,PIBF1,exact,PIBF1
9684,KLF5,exact,KLF5
9685,KLF12,exact,KLF12
9686,LINC00402,exact,LINC00402
9687,LINC00381,exact,LINC00381
9688,TBC1D4,exact,TBC1D4
9689,COMMD6,exact,COMMD6
9690,UCHL3,exact,UCHL3
9691,LMO7,exact,LMO7
9692,KCTD12,exact,KCTD12
9693,AC000403.1,unmatched,
9694,CLN5,exact,CLN5
9695,AC001226.2,unmatched,
9696,FBXL3,exact,FBXL3
9697,AC001226.1,unmatched,
9698,MYCBP2,exact,MYCBP2
9699,SLAIN1,exact,SLAIN1
9700,RNF219-AS1,official_alias,RNF219-AS1
9701,RNF219,official_alias,RNF219
9702,RBM26,exact,RBM26
9703,RBM26-AS1,exact,RBM26-AS1
9704,DCT,exact,DCT
9705,TGDS,exact,TGDS
9706,GPR180,exact,GPR180
9707,ABCC4,exact,ABCC4
9708,DNAJC3-DT,exact,DNAJC3-DT
9709,DNAJC3,exact,DNAJC3
9710,MBNL2,exact,MBNL2
9711,RAP2A,exact,RAP2A
9712,IPO5,exact,IPO5
9713,FARP1,exact,FARP1
9714,STK24,exact,STK24
9715,DOCK9,exact,DOCK9
9716,DOCK9-DT,unmatched,
9717,UBAC2-AS1,exact,UBAC2-AS1
9718,UBAC2,exact,UBAC2
9719,GPR18,exact,GPR18
9720,GPR183,exact,GPR183
9721,TM9SF2,exact,TM9SF2
9722,LINC00449,exact,LINC00449
9723,CLYBL,exact,CLYBL
9724,AL355338.1,unmatched,
9725,PCCA,exact,PCCA
9726,GGACT,exact,GGACT
9727,TMTC4,exact,TMTC4
9728,FGF14-AS2,exact,FGF14-AS2
9729,AL158063.1,unmatched,
9730,TPP2,exact,TPP2
9731,CCDC168,exact,CCDC168
9732,TEX30,exact,TEX30
9733,KDELC1,official_alias,KDELC1
9734,BIVM,exact,BIVM
9735,ERCC5,exact,ERCC5
9736,ARGLU1,exact,ARGLU1
9737,LIG4,exact,LIG4
9738,ABHD13,exact,ABHD13
9739,TNFSF13B,exact,TNFSF13B
9740,IRS2,exact,IRS2
9741,RAB20,exact,RAB20
9742,NAXD,exact,NAXD
9743,CARS2,exact,CARS2
9744,ING1,exact,ING1
9745,ANKRD10,exact,ANKRD10
9746,AL442128.2,unmatched,
9747,ARHGEF7,exact,ARHGEF7
9748,TEX29,exact,TEX29
9749,TUBGCP3,exact,TUBGCP3
9750,AL139384.1,unmatched,
9751,ATP11A,exact,ATP11A
9752,ATP11A-AS1,exact,ATP11A-AS1
9753,MCF2L,exact,MCF2L
9754,AL356740.1,unmatched,
9755,MCF2L-AS1,unmatched,
9756,F7,exact,F7
9757,PCID2,exact,PCID2
9758,CUL4A,exact,CUL4A
9759,LAMP1,exact,LAMP1
9760,GRTP1,exact,GRTP1
9761,ADPRHL1,exact,ADPRHL1
9762,DCUN1D2,exact,DCUN1D2
9763,TMCO3,exact,TMCO3
9764,TFDP1,exact,TFDP1
9765,GAS6-AS1,unmatched,
9766,LINC00565,unmatched,
9767,C13orf46,exact,C13orf46
9768,RASA3,exact,RASA3
9769,CFAP97D2,exact,CFAP97D2
9770,CDC16,exact,CDC16
9771,UPF3A,exact,UPF3A
9772,CHAMP1,exact,CHAMP1
9773,OR11G2,exact,OR11G2
9774,TTC5,exact,TTC5
9775,AL356019.2,unmatched,
9776,CCNB1IP1,exact,CCNB1IP1
9777,AL355075.4,unmatched,
9778,PARP2,exact,PARP2
9779,TEP1,exact,TEP1
9780,KLHL33,exact,KLHL33
9781,OSGEP,exact,OSGEP
9782,APEX1,exact,APEX1
9783,PIP4P1,exact,PIP4P1
9784,PNP,exact,PNP
9785,METTL17,exact,METTL17
9786,NDRG2,exact,NDRG2
9787,ZNF219,exact,ZNF219
9788,HNRNPC,exact,HNRNPC
9789,SUPT16H,exact,SUPT16H
9790,CHD8,exact,CHD8
9791,RAB2B,exact,RAB2B
9792,TOX4,exact,TOX4
9793,METTL3,exact,METTL3
9794,SALL2,exact,SALL2
9795,TRAV1-1,exact,TRAV1-1
9796,TRAV1-2,exact,TRAV1-2
9797,OR4E1,exact,OR4E1
9798,TRAV2,exact,TRAV2
9799,TRAV3,exact,TRAV3
9800,TRAV4,exact,TRAV4
9801,TRAV5,exact,TRAV5
9802,TRAV6,exact,TRAV6
9803,TRAV12-1,exact,TRAV12-1
9804,TRAV8-2,exact,TRAV8-2
9805,TRAV8-3,exact,TRAV8-3
9806,TRAV13-1,exact,TRAV13-1
9807,TRAV12-2,exact,TRAV12-2
9808,TRAV13-2,exact,TRAV13-2
9809,TRAV14DV4,exact,TRAV14DV4
9810,TRAV12-3,exact,TRAV12-3
9811,TRAV8-6,exact,TRAV8-6
9812,TRAV16,exact,TRAV16
9813,TRAV17,exact,TRAV17
9814,TRAV19,exact,TRAV19
9815,TRAV20,exact,TRAV20
9816,TRAV21,exact,TRAV21
9817,TRAV22,exact,TRAV22
9818,TRAV23DV6,exact,TRAV23DV6
9819,TRAV25,exact,TRAV25
9820,TRAV26-1,exact,TRAV26-1
9821,TRAV27,exact,TRAV27
9822,TRAV29DV5,exact,TRAV29DV5
9823,TRAV30,exact,TRAV30
9824,TRAV26-2,exact,TRAV26-2
9825,TRAV36DV7,exact,TRAV36DV7
9826,TRAV38-2DV8,exact,TRAV38-2DV8
9827,TRAV41,exact,TRAV41
9828,TRDC,exact,TRDC
9829,TRAC,exact,TRAC
9830,AC243965.1,unmatched,
9831,DAD1,exact,DAD1
9832,ABHD4,exact,ABHD4
9833,OXA1L,exact,OXA1L
9834,MRPL52,exact,MRPL52
9835,LRP10,exact,LRP10
9836,REM2,exact,REM2
9837,RBM23,exact,RBM23
9838,PRMT5,exact,PRMT5
9839,AL132780.1,unmatched,
9840,HAUS4,exact,HAUS4
9841,AJUBA,exact,AJUBA
9842,C14orf93,exact,C14orf93
9843,PSMB5,exact,PSMB5
9844,ACIN1,exact,ACIN1
9845,C14orf119,exact,C14orf119
9846,CEBPE,exact,CEBPE
9847,SLC7A8,exact,SLC7A8
9848,HOMEZ,exact,HOMEZ
9849,PPP1R3E,exact,PPP1R3E
9850,BCL2L2,exact,BCL2L2
9851,PABPN1,exact,PABPN1
9852,SLC22A17,exact,SLC22A17
9853,NGDN,exact,NGDN
9854,ZFHX2,exact,ZFHX2
9855,THTPA,exact,THTPA
9856,AP1G2,exact,AP1G2
9857,AL135999.1,unmatched,
9858,DHRS4-AS1,exact,DHRS4-AS1
9859,DHRS4,exact,DHRS4
9860,DHRS4L2,exact,DHRS4L2
9861,NRL,exact,NRL
9862,PCK2,exact,PCK2
9863,DCAF11,exact,DCAF11
9864,FITM1,exact,FITM1
9865,PSME1,exact,PSME1
9866,EMC9,exact,EMC9
9867,AL136295.2,unmatched,
9868,PSME2,exact,PSME2
9869,RNF31,exact,RNF31
9870,AL136295.5,unmatched,
9871,IRF9,exact,IRF9
9872,REC8,exact,REC8
9873,IPO4,exact,IPO4
9874,TM9SF1,exact,TM9SF1
9875,AL136295.6,unmatched,
9876,CHMP4A,exact,CHMP4A
9877,MDP1,exact,MDP1
9878,NEDD8,exact,NEDD8
9879,GMPR2,exact,GMPR2
9880,TINF2,exact,TINF2
9881,TGM1,exact,TGM1
9882,RABGGTA,exact,RABGGTA
9883,DHRS1,exact,DHRS1
9884,NOP9,exact,NOP9
9885,CIDEB,exact,CIDEB
9886,LTB4R2,exact,LTB4R2
9887,LTB4R,exact,LTB4R
9888,ADCY4,exact,ADCY4
9889,RIPK3,exact,RIPK3
9890,CBLN3,exact,CBLN3
9891,KHNYN,exact,KHNYN
9892,SDR39U1,exact,SDR39U1
9893,GZMH,exact,GZMH
9894,GZMB,exact,GZMB
9895,NOVA1,exact,NOVA1
9896,LINC01551,exact,LINC01551
9897,G2E3,exact,G2E3
9898,SCFD1,exact,SCFD1
9899,COCH,exact,COCH
9900,AL049830.3,unmatched,
9901,STRN3,exact,STRN3
9902,AP4S1,exact,AP4S1
9903,HECTD1,exact,HECTD1
9904,AL136418.1,unmatched,
9905,HEATR5A,exact,HEATR5A
9906,AL139353.1,unmatched,
9907,DTD2,exact,DTD2
9908,NUBPL,exact,NUBPL
9909,ARHGAP5-AS1,unmatched,
9910,ARHGAP5,exact,ARHGAP5
9911,AKAP6,exact,AKAP6
9912,EGLN3,exact,EGLN3
9913,SPTSSA,exact,SPTSSA
9914,EAPP,exact,EAPP
9915,SNX6,exact,SNX6
9916,CFL2,exact,CFL2
9917,BAZ1A,exact,BAZ1A
9918,AL121603.2,unmatched,
9919,SRP54,exact,SRP54
9920,FAM177A1,exact,FAM177A1
9921,PPP2R3C,exact,PPP2R3C
9922,KIAA0391,official_alias,KIAA0391
9923,PSMA6,exact,PSMA6
9924,NFKBIA,exact,NFKBIA
9925,RALGAPA1,exact,RALGAPA1
9926,AL162311.3,unmatched,
9927,BRMS1L,exact,BRMS1L
9928,MBIP,exact,MBIP
9929,MIPOL1,exact,MIPOL1
9930,SEC23A,exact,SEC23A
9931,GEMIN2,exact,GEMIN2
9932,TRAPPC6B,exact,TRAPPC6B
9933,PNN,exact,PNN
9934,MIA2,exact,MIA2
9935,AL132639.2,unmatched,
9936,FBXO33,exact,FBXO33
9937,C14orf28,exact,C14orf28
9938,KLHL28,exact,KLHL28
9939,TOGARAM1,exact,TOGARAM1
9940,PRPF39,exact,PRPF39
9941,FKBP3,exact,FKBP3
9942,FANCM,exact,FANCM
9943,MIS18BP1,exact,MIS18BP1
9944,RPS29,exact,RPS29
9945,LRR1,exact,LRR1
9946,RPL36AL,exact,RPL36AL
9947,MGAT2,exact,MGAT2
9948,AL139099.1,unmatched,
9949,DNAAF2,exact,DNAAF2
9950,POLE2,exact,POLE2
9951,KLHDC1,exact,KLHDC1
9952,AL591767.1,unmatched,
9953,KLHDC2,exact,KLHDC2
9954,NEMF,exact,NEMF
9955,AL627171.1,unmatched,
9956,ARF6,exact,ARF6
9957,LINC01588,exact,LINC01588
9958,VCPKMT,exact,VCPKMT
9959,SOS2,exact,SOS2
9960,L2HGDH,exact,L2HGDH
9961,ATP5S,official_alias,ATP5S
9962,AL359397.2,unmatched,
9963,CDKL1,exact,CDKL1
9964,MAP4K5,exact,MAP4K5
9965,ATL1,exact,ATL1
9966,SAV1,exact,SAV1
9967,NIN,exact,NIN
9968,TRIM9,exact,TRIM9
9969,TMX1,exact,TMX1
9970,FRMD6,exact,FRMD6
9971,FRMD6-AS1,exact,FRMD6-AS1
9972,GNG2,exact,GNG2
9973,RTRAF,exact,RTRAF
9974,PTGDR,exact,PTGDR
9975,PTGER2,exact,PTGER2
9976,TXNDC16,exact,TXNDC16
9977,GPR137C,exact,GPR137C
9978,ERO1A,exact,ERO1A
9979,AL133453.1,unmatched,
9980,PSMC6,exact,PSMC6
9981,STYX,exact,STYX
9982,GNPNAT1,exact,GNPNAT1
9983,AL139317.3,unmatched,
9984,DDHD1,exact,DDHD1
9985,AL356020.1,unmatched,
9986,CDKN3,exact,CDKN3
9987,CNIH1,exact,CNIH1
9988,GMFB,exact,GMFB
9989,CGRRF1,exact,CGRRF1
9990,GCH1,exact,GCH1
9991,WDHD1,exact,WDHD1
9992,SOCS4,exact,SOCS4
9993,MAPK1IP1L,exact,MAPK1IP1L
9994,LGALS3,exact,LGALS3
9995,FBXO34,exact,FBXO34
9996,ATG14,exact,ATG14
9997,KTN1-AS1,exact,KTN1-AS1
9998,KTN1,exact,KTN1
9999,PELI2,exact,PELI2
10000,AL355073.2,unmatched,
10001,TMEM260,exact,TMEM260
10002,EXOC5,exact,EXOC5
10003,AP5M1,exact,AP5M1
10004,NAA30,exact,NAA30
10005,ARMH4,exact,ARMH4
10006,ACTR10,exact,ACTR10
10007,PSMA3,exact,PSMA3
10008,PSMA3-AS1,exact,PSMA3-AS1
10009,AL132989.2,unmatched,
10010,ARID4A,exact,ARID4A
10011,TOMM20L,exact,TOMM20L
10012,TIMM9,exact,TIMM9
10013,KIAA0586,exact,KIAA0586
10014,DACT1,exact,DACT1
10015,DAAM1,exact,DAAM1
10016,GPR135,exact,GPR135
10017,L3HYPDH,exact,L3HYPDH
10018,JKAMP,exact,JKAMP
10019,PCNX4,exact,PCNX4
10020,DHRS7,exact,DHRS7
10021,AL157756.1,unmatched,
10022,PPM1A,exact,PPM1A
10023,MNAT1,exact,MNAT1
10024,TRMT5,exact,TRMT5
10025,SLC38A6,exact,SLC38A6
10026,PRKCH,exact,PRKCH
10027,TMEM30B,exact,TMEM30B
10028,AL359220.1,unmatched,
10029,LINC01303,exact,LINC01303
10030,AL355916.1,unmatched,
10031,HIF1A,exact,HIF1A
10032,SNAPC1,exact,SNAPC1
10033,PPP2R5E,exact,PPP2R5E
10034,AL136038.3,unmatched,
10035,WDR89,exact,WDR89
10036,AL136038.5,unmatched,
10037,SGPP1,exact,SGPP1
10038,SYNE2,exact,SYNE2
10039,ESR2,exact,ESR2
10040,AL161756.1,unmatched,
10041,MTHFD1,exact,MTHFD1
10042,AL122035.2,unmatched,
10043,ZBTB25,exact,ZBTB25
10044,AKAP5,exact,AKAP5
10045,ZBTB1,exact,ZBTB1
10046,HSPA2,exact,HSPA2
10047,PLEKHG3,exact,PLEKHG3
10048,CHURC1,exact,CHURC1
10049,GPX2,exact,GPX2
10050,RAB15,exact,RAB15
10051,FNTB,exact,FNTB
10052,MAX,exact,MAX
10053,FUT8,exact,FUT8
10054,FUT8-AS1,exact,FUT8-AS1
10055,AL359232.1,unmatched,
10056,GPHN,exact,GPHN
10057,FAM71D,unmatched,
10058,MPP5,official_alias,MPP5
10059,ATP6V1D,exact,ATP6V1D
10060,EIF2S1,exact,EIF2S1
10061,TMEM229B,exact,TMEM229B
10062,PIGH,exact,PIGH
10063,VTI1B,exact,VTI1B
10064,RDH11,exact,RDH11
10065,ZFYVE26,exact,ZFYVE26
10066,RAD51B,exact,RAD51B
10067,ZFP36L1,exact,ZFP36L1
10068,ACTN1,exact,ACTN1
10069,ACTN1-AS1,unmatched,
10070,DCAF5,exact,DCAF5
10071,EXD2,exact,EXD2
10072,ERH,exact,ERH
10073,SLC39A9,exact,SLC39A9
10074,SUSD6,exact,SUSD6
10075,SRSF5,exact,SRSF5
10076,COX16,exact,COX16
10077,SYNJ2BP,exact,SYNJ2BP
10078,ADAM20,exact,ADAM20
10079,MED6,exact,MED6
10080,AL357153.1,unmatched,
10081,TTC9,exact,TTC9
10082,MAP3K9,exact,MAP3K9
10083,AC004816.1,unmatched,
10084,AC004825.2,unmatched,
10085,PCNX1,exact,PCNX1
10086,AC004817.3,unmatched,
10087,SIPA1L1,exact,SIPA1L1
10088,DCAF4,exact,DCAF4
10089,ZFYVE1,exact,ZFYVE1
10090,AL442663.3,unmatched,
10091,RBM25,exact,RBM25
10092,PSEN1,exact,PSEN1
10093,PAPLN,exact,PAPLN
10094,AC004846.1,unmatched,
10095,AC004846.2,unmatched,
10096,NUMB,exact,NUMB
10097,HEATR4,exact,HEATR4
10098,RIOX1,exact,RIOX1
10099,ACOT2,exact,ACOT2
10100,ACOT4,exact,ACOT4
10101,DNAL1,exact,DNAL1
10102,AC006146.1,unmatched,
10103,PNMA1,exact,PNMA1
10104,ELMSAN1,official_alias,ELMSAN1
10105,AC005520.2,unmatched,
10106,PTGR2,exact,PTGR2
10107,ZNF410,exact,ZNF410
10108,AC005480.1,unmatched,
10109,FAM161B,exact,FAM161B
10110,COQ6,exact,COQ6
10111,ENTPD5,exact,ENTPD5
10112,BBOF1,exact,BBOF1
10113,ALDH6A1,exact,ALDH6A1
10114,LIN52,exact,LIN52
10115,ABCD4,exact,ABCD4
10116,NPC2,exact,NPC2
10117,ISCA2,exact,ISCA2
10118,AREL1,exact,AREL1
10119,FCF1,exact,FCF1
10120,YLPM1,exact,YLPM1
10121,DLST,exact,DLST
10122,RPS6KL1,exact,RPS6KL1
10123,PGF,exact,PGF
10124,EIF2B2,exact,EIF2B2
10125,AL049780.1,unmatched,
10126,MLH3,exact,MLH3
10127,ACYP1,exact,ACYP1
10128,ZC2HC1C,exact,ZC2HC1C
10129,NEK9,exact,NEK9
10130,AL049780.2,unmatched,
10131,TMED10,exact,TMED10
10132,JDP2,exact,JDP2
10133,BATF,exact,BATF
10134,TTLL5,exact,TTLL5
10135,ERG28,exact,ERG28
10136,IFT43,exact,IFT43
10137,TGFB3,exact,TGFB3
10138,GPATCH2L,exact,GPATCH2L
10139,VASH1,exact,VASH1
10140,VASH1-AS1,exact,VASH1-AS1
10141,ANGEL1,exact,ANGEL1
10142,IRF2BPL,exact,IRF2BPL
10143,AC007686.3,unmatched,
10144,LINC02288,exact,LINC02288
10145,CIPC,exact,CIPC
10146,POMT2,exact,POMT2
10147,GSTZ1,exact,GSTZ1
10148,TMED8,exact,TMED8
10149,VIPAS39,exact,VIPAS39
10150,AHSA1,exact,AHSA1
10151,SPTLC2,exact,SPTLC2
10152,ALKBH1,exact,ALKBH1
10153,SLIRP,exact,SLIRP
10154,SNW1,exact,SNW1
10155,ADCK1,exact,ADCK1
10156,CEP128,exact,CEP128
10157,AC007262.2,unmatched,
10158,GTF2A1,exact,GTF2A1
10159,AL136040.1,unmatched,
10160,SEL1L,exact,SEL1L
10161,LINC02328,exact,LINC02328
10162,GALC,exact,GALC
10163,GPR65,exact,GPR65
10164,LINC01146,unmatched,
10165,SPATA7,exact,SPATA7
10166,ZC3H14,exact,ZC3H14
10167,EML5,exact,EML5
10168,TTC8,exact,TTC8
10169,FOXN3,exact,FOXN3
10170,AL357093.2,unmatched,
10171,FOXN3-AS1,exact,FOXN3-AS1
10172,FOXN3-AS2,exact,FOXN3-AS2
10173,EFCAB11,exact,EFCAB11
10174,TDP1,exact,TDP1
10175,PSMC1,exact,PSMC1
10176,NRDE2,exact,NRDE2
10177,AL512791.2,unmatched,
10178,CALM1,exact,CALM1
10179,RPS6KA5,exact,RPS6KA5
10180,DGLUCY,exact,DGLUCY
10181,GPR68,exact,GPR68
10182,AL135818.2,unmatched,
10183,CCDC88C,exact,CCDC88C
10184,PPP4R3A,exact,PPP4R3A
10185,CATSPERB,exact,CATSPERB
10186,TC2N,exact,TC2N
10187,FBLN5,exact,FBLN5
10188,TRIP11,exact,TRIP11
10189,ATXN3,exact,ATXN3
10190,NDUFB1,exact,NDUFB1
10191,CPSF2,exact,CPSF2
10192,RIN3,exact,RIN3
10193,LGMN,exact,LGMN
10194,GOLGA5,exact,GOLGA5
10195,ITPK1,exact,ITPK1
10196,ITPK1-AS1,exact,ITPK1-AS1
10197,MOAP1,exact,MOAP1
10198,TMEM251,unmatched,
10199,GON7,exact,GON7
10200,UBR7,exact,UBR7
10201,BTBD7,exact,BTBD7
10202,ASB2,exact,ASB2
10203,DDX24,exact,DDX24
10204,IFI27L1,exact,IFI27L1
10205,IFI27,exact,IFI27
10206,IFI27L2,exact,IFI27L2
10207,DICER1,exact,DICER1
10208,DICER1-AS1,exact,DICER1-AS1
10209,SYNE3,exact,SYNE3
10210,SNHG10,exact,SNHG10
10211,GLRX5,exact,GLRX5
10212,C14orf132,exact,C14orf132
10213,ATG2B,exact,ATG2B
10214,GSKIP,exact,GSKIP
10215,AK7,exact,AK7
10216,AL163051.1,unmatched,
10217,PAPOLA,exact,PAPOLA
10218,AL137786.1,unmatched,
10219,VRK1,exact,VRK1
10220,LINC02325,exact,LINC02325
10221,LINC01550,exact,LINC01550
10222,LINC02295,unmatched,
10223,BCL11B,exact,BCL11B
10224,AL109767.1,unmatched,
10225,SETD3,exact,SETD3
10226,CCNK,exact,CCNK
10227,CCDC85C,exact,CCDC85C
10228,AL160313.1,unmatched,
10229,CYP46A1,exact,CYP46A1
10230,EVL,exact,EVL
10231,DEGS2,exact,DEGS2
10232,AL133523.1,unmatched,
10233,YY1,exact,YY1
10234,SLC25A29,exact,SLC25A29
10235,WARS,official_alias,WARS
10236,WDR25,exact,WDR25
10237,MEG8,exact,MEG8
10238,LINC00239,exact,LINC00239
10239,PPP2R5C,exact,PPP2R5C
10240,AL137779.2,unmatched,
10241,AL137779.1,unmatched,
10242,AL118558.3,unmatched,
10243,AL118558.4,unmatched,
10244,DYNC1H1,exact,DYNC1H1
10245,HSP90AA1,exact,HSP90AA1
10246,WDR20,exact,WDR20
10247,MOK,exact,MOK
10248,ZNF839,exact,ZNF839
10249,CINP,exact,CINP
10250,TECPR2,exact,TECPR2
10251,ANKRD9,exact,ANKRD9
10252,RCOR1,exact,RCOR1
10253,TRAF3,exact,TRAF3
10254,AMN,exact,AMN
10255,CDC42BPB,exact,CDC42BPB
10256,AL138976.2,unmatched,
10257,EIF5,exact,EIF5
10258,MARK3,exact,MARK3
10259,CKB,exact,CKB
10260,AL133367.1,unmatched,
10261,TRMT61A,exact,TRMT61A
10262,BAG5,exact,BAG5
10263,KLC1,exact,KLC1
10264,APOPT1,official_alias,APOPT1
10265,AL049840.1,unmatched,
10266,AL049840.2,unmatched,
10267,XRCC3,exact,XRCC3
10268,ZFYVE21,exact,ZFYVE21
10269,PPP1R13B,exact,PPP1R13B
10270,ATP5MPL,official_alias,ATP5MPL
10271,INF2,exact,INF2
10272,ADSSL1,official_alias,ADSSL1
10273,SIVA1,exact,SIVA1
10274,AKT1,exact,AKT1
10275,AL583722.2,unmatched,
10276,ZBTB42,exact,ZBTB42
10277,LINC00638,exact,LINC00638
10278,AL583810.2,unmatched,
10279,CLBA1,exact,CLBA1
10280,CDCA4,exact,CDCA4
10281,GPR132,exact,GPR132
10282,LINC02298,unmatched,
10283,NUDT14,exact,NUDT14
10284,BRF1,exact,BRF1
10285,BTBD6,exact,BTBD6
10286,PACS2,exact,PACS2
10287,TEX22,exact,TEX22
10288,AL928654.1,unmatched,
10289,MTA1,exact,MTA1
10290,CRIP2,exact,CRIP2
10291,CRIP1,exact,CRIP1
10292,TEDC1,exact,TEDC1
10293,TMEM121,exact,TMEM121
10294,AC012414.5,unmatched,
10295,AC068446.2,unmatched,
10296,NIPA1,exact,NIPA1
10297,NIPA2,exact,NIPA2
10298,CYFIP1,exact,CYFIP1
10299,TUBGCP5,exact,TUBGCP5
10300,GOLGA8S,exact,GOLGA8S
10301,MKRN3,exact,MKRN3
10302,SNRPN,exact,SNRPN
10303,SNURF,exact,SNURF
10304,AC124312.1,unmatched,
10305,PWAR6,unmatched,
10306,UBE3A,exact,UBE3A
10307,ATP10A,exact,ATP10A
10308,HERC2,exact,HERC2
10309,GOLGA8M,unmatched,
10310,AC055876.5,unmatched,
10311,GOLGA6L7,exact,GOLGA6L7
10312,APBA2,exact,APBA2
10313,NSMCE3,exact,NSMCE3
10314,GOLGA8R,exact,GOLGA8R
10315,GOLGA8Q,exact,GOLGA8Q
10316,AC026150.3,unmatched,
10317,AC091057.2,unmatched,
10318,ARHGAP11B,exact,ARHGAP11B
10319,AC091057.6,unmatched,
10320,AC091057.4,unmatched,
10321,FAN1,exact,FAN1
10322,MTMR10,exact,MTMR10
10323,LINC02352,exact,LINC02352
10324,KLF13,exact,KLF13
10325,OTUD7A,exact,OTUD7A
10326,LINC02256,exact,LINC02256
10327,AC123768.4,unmatched,
10328,AC123768.3,unmatched,
10329,GOLGA8N,exact,GOLGA8N
10330,ARHGAP11A,exact,ARHGAP11A
10331,GREM1,exact,GREM1
10332,FMN1,exact,FMN1
10333,RYR3,exact,RYR3
10334,AC010809.3,unmatched,
10335,AC010809.2,unmatched,
10336,AVEN,exact,AVEN
10337,CHRM5,exact,CHRM5
10338,EMC7,exact,EMC7
10339,PGBD4,exact,PGBD4
10340,KATNBL1,exact,KATNBL1
10341,EMC4,exact,EMC4
10342,SLC12A6,exact,SLC12A6
10343,NOP10,exact,NOP10
10344,LPCAT4,exact,LPCAT4
10345,GOLGA8A,exact,GOLGA8A
10346,GOLGA8B,exact,GOLGA8B
10347,AQR,exact,AQR
10348,ZNF770,exact,ZNF770
10349,DPH6,exact,DPH6
10350,C15orf41,official_alias,C15orf41
10351,AC087473.1,unmatched,
10352,SPRED1,exact,SPRED1
10353,FAM98B,exact,FAM98B
10354,RASGRP1,exact,RASGRP1
10355,AC116158.2,unmatched,
10356,C15orf53,official_alias,C15orf53
10357,FSIP1,exact,FSIP1
10358,AC023908.3,unmatched,
10359,EIF2AK4,exact,EIF2AK4
10360,SRP14,exact,SRP14
10361,SRP14-AS1,unmatched,
10362,BMF,exact,BMF
10363,BUB1B,exact,BUB1B
10364,PAK6,exact,PAK6
10365,PLCB2,exact,PLCB2
10366,INAFM2,exact,INAFM2
10367,CCDC9B,exact,CCDC9B
10368,DISP2,exact,DISP2
10369,KNSTRN,exact,KNSTRN
10370,IVD,exact,IVD
10371,BAHD1,exact,BAHD1
10372,CHST14,exact,CHST14
10373,CCDC32,exact,CCDC32
10374,RPUSD2,exact,RPUSD2
10375,KNL1,exact,KNL1
10376,RMDN3,exact,RMDN3
10377,GCHFR,exact,GCHFR
10378,DNAJC17,exact,DNAJC17
10379,ZFYVE19,exact,ZFYVE19
10380,VPS18,exact,VPS18
10381,INO80,exact,INO80
10382,AC020661.3,unmatched,
10383,CHP1,exact,CHP1
10384,OIP5,exact,OIP5
10385,NUSAP1,exact,NUSAP1
10386,NDUFAF1,exact,NDUFAF1
10387,RTF1,exact,RTF1
10388,RPAP1,exact,RPAP1
10389,TYRO3,exact,TYRO3
10390,MGA,exact,MGA
10391,AC073657.1,unmatched,
10392,MAPKBP1,exact,MAPKBP1
10393,JMJD7-PLA2G4B,exact,JMJD7-PLA2G4B
10394,PLA2G4B,exact,PLA2G4B
10395,SPTBN5,exact,SPTBN5
10396,AC020659.1,unmatched,
10397,EHD4,exact,EHD4
10398,VPS39,exact,VPS39
10399,TMEM87A,exact,TMEM87A
10400,GANC,exact,GANC
10401,AC012651.1,unmatched,
10402,CAPN3,exact,CAPN3
10403,ZNF106,exact,ZNF106
10404,SNAP23,exact,SNAP23
10405,AC018362.1,unmatched,
10406,LRRC57,exact,LRRC57
10407,HAUS2,exact,HAUS2
10408,AC018362.2,unmatched,
10409,STARD9,exact,STARD9
10410,CDAN1,exact,CDAN1
10411,TTBK2,exact,TTBK2
10412,UBR1,exact,UBR1
10413,TMEM62,exact,TMEM62
10414,AC068724.1,unmatched,
10415,CCNDBP1,exact,CCNDBP1
10416,LCMT2,exact,LCMT2
10417,ADAL,exact,ADAL
10418,ZSCAN29,exact,ZSCAN29
10419,TUBGCP4,exact,TUBGCP4
10420,TP53BP1,exact,TP53BP1
10421,MAP1A,exact,MAP1A
10422,PPIP5K1,exact,PPIP5K1
10423,STRC,exact,STRC
10424,CATSPER2,exact,CATSPER2
10425,PDIA3,exact,PDIA3
10426,SERF2,exact,SERF2
10427,HYPK,exact,HYPK
10428,MFAP1,exact,MFAP1
10429,WDR76,exact,WDR76
10430,CASC4,official_alias,CASC4
10431,CTDSPL2,exact,CTDSPL2
10432,EIF3J-DT,exact,EIF3J-DT
10433,EIF3J,exact,EIF3J
10434,SPG11,exact,SPG11
10435,PATL2,exact,PATL2
10436,B2M,exact,B2M
10437,TRIM69,exact,TRIM69
10438,SORD,exact,SORD
10439,DUOX1,exact,DUOX1
10440,SHF,exact,SHF
10441,AC051619.5,unmatched,
10442,SLC28A2,exact,SLC28A2
10443,GATM,exact,GATM
10444,AC025580.3,unmatched,
10445,SPATA5L1,unmatched,
10446,SLC30A4,exact,SLC30A4
10447,AC090527.3,unmatched,
10448,BLOC1S6,exact,BLOC1S6
10449,SQOR,exact,SQOR
10450,MYEF2,exact,MYEF2
10451,AC023355.1,unmatched,
10452,DUT,exact,DUT
10453,CEP152,exact,CEP152
10454,EID1,exact,EID1
10455,SECISBP2L,exact,SECISBP2L
10456,COPS2,exact,COPS2
10457,GALK2,exact,GALK2
10458,FAM227B,exact,FAM227B
10459,AC022306.2,unmatched,
10460,FGF7,exact,FGF7
10461,DTWD1,exact,DTWD1
10462,GABPB1,exact,GABPB1
10463,GABPB1-AS1,unmatched,
10464,AC022087.1,unmatched,
10465,USP8,exact,USP8
10466,TRPM7,exact,TRPM7
10467,SPPL2A,exact,SPPL2A
10468,AP4E1,exact,AP4E1
10469,DMXL2,exact,DMXL2
10470,LYSMD2,exact,LYSMD2
10471,TMOD2,exact,TMOD2
10472,TMOD3,exact,TMOD3
10473,LEO1,exact,LEO1
10474,MAPK6,exact,MAPK6
10475,GNB5,exact,GNB5
10476,AC023906.3,unmatched,
10477,CERNA1,unmatched,
10478,MYO5A,exact,MYO5A
10479,ARPP19,exact,ARPP19
10480,FAM214A,official_alias,FAM214A
10481,RSL24D1,exact,RSL24D1
10482,RAB27A,exact,RAB27A
10483,PIGBOS1,exact,PIGBOS1
10484,PIGB,exact,PIGB
10485,CCPG1,exact,CCPG1
10486,C15orf65,unmatched,
10487,DNAAF4,exact,DNAAF4
10488,NEDD4,exact,NEDD4
10489,RFX7,exact,RFX7
10490,TEX9,exact,TEX9
10491,ZNF280D,exact,ZNF280D
10492,AC090517.4,unmatched,
10493,AC010999.2,unmatched,
10494,TCF12,exact,TCF12
10495,LINC00926,exact,LINC00926
10496,POLR2M,exact,POLR2M
10497,AC090651.1,unmatched,
10498,ALDH1A2,exact,ALDH1A2
10499,LIPC,exact,LIPC
10500,ADAM10,exact,ADAM10
10501,MINDY2,exact,MINDY2
10502,RNF111,exact,RNF111
10503,SLTM,exact,SLTM
10504,GTF2A2,exact,GTF2A2
10505,BNIP2,exact,BNIP2
10506,ANXA2,exact,ANXA2
10507,ICE2,exact,ICE2
10508,RORA-AS1,exact,RORA-AS1
10509,RORA,exact,RORA
10510,AC107241.1,unmatched,
10511,AC009560.1,unmatched,
10512,VPS13C,exact,VPS13C
10513,AC104590.1,unmatched,
10514,TLN2,exact,TLN2
10515,TPM1,exact,TPM1
10516,LACTB,exact,LACTB
10517,RPS27L,exact,RPS27L
10518,RAB8B,exact,RAB8B
10519,APH1B,exact,APH1B
10520,AC007950.2,unmatched,
10521,USP3,exact,USP3
10522,USP3-AS1,exact,USP3-AS1
10523,FBXL22,exact,FBXL22
10524,HERC1,exact,HERC1
10525,DAPK2,exact,DAPK2
10526,FAM96A,official_alias,FAM96A
10527,SNX1,exact,SNX1
10528,SNX22,exact,SNX22
10529,PPIB,exact,PPIB
10530,CSNK1G1,exact,CSNK1G1
10531,PCLAF,exact,PCLAF
10532,TRIP4,exact,TRIP4
10533,ZNF609,exact,ZNF609
10534,OAZ2,exact,OAZ2
10535,AC100830.3,unmatched,
10536,AC100830.2,unmatched,
10537,AC100830.1,unmatched,
10538,PIF1,exact,PIF1
10539,PLEKHO2,exact,PLEKHO2
10540,ANKDD1A,exact,ANKDD1A
10541,AC103691.1,unmatched,
10542,SPG21,exact,SPG21
10543,MTFMT,exact,MTFMT
10544,UBAP1L,exact,UBAP1L
10545,PDCD7,exact,PDCD7
10546,CLPX,exact,CLPX
10547,PARP16,exact,PARP16
10548,DPP8,exact,DPP8
10549,HACD3,exact,HACD3
10550,INTS14,exact,INTS14
10551,SLC24A1,exact,SLC24A1
10552,AC011939.3,unmatched,
10553,DENND4A,exact,DENND4A
10554,RAB11A,exact,RAB11A
10555,DIS3L,exact,DIS3L
10556,TIPIN,exact,TIPIN
10557,MAP2K1,exact,MAP2K1
10558,AC116913.1,unmatched,
10559,SNAPC5,exact,SNAPC5
10560,RPL4,exact,RPL4
10561,ZWILCH,exact,ZWILCH
10562,LCTL,exact,LCTL
10563,SMAD3,exact,SMAD3
10564,AAGAB,exact,AAGAB
10565,IQCH,exact,IQCH
10566,IQCH-AS1,exact,IQCH-AS1
10567,C15orf61,exact,C15orf61
10568,AC016355.1,unmatched,
10569,MAP2K5,exact,MAP2K5
10570,PIAS1,exact,PIAS1
10571,AC107871.1,unmatched,
10572,CALML4,exact,CALML4
10573,CLN6,exact,CLN6
10574,FEM1B,exact,FEM1B
10575,ITGA11,exact,ITGA11
10576,ANP32A,exact,ANP32A
10577,SPESP1,exact,SPESP1
10578,GLCE,exact,GLCE
10579,RPLP1,exact,RPLP1
10580,AC027237.2,unmatched,
10581,DRAIC,exact,DRAIC
10582,TLE3,exact,TLE3
10583,UACA,exact,UACA
10584,LARP6,exact,LARP6
10585,AC104938.1,unmatched,
10586,MYO9A,exact,MYO9A
10587,SENP8,exact,SENP8
10588,PKM,exact,PKM
10589,PARP6,exact,PARP6
10590,HEXA,exact,HEXA
10591,HEXA-AS1,exact,HEXA-AS1
10592,TMEM202-AS1,exact,TMEM202-AS1
10593,AC079322.1,unmatched,
10594,ARIH1,exact,ARIH1
10595,AC100827.4,unmatched,
10596,BBS4,exact,BBS4
10597,ADPGK,exact,ADPGK
10598,NEO1,exact,NEO1
10599,NPTN,exact,NPTN
10600,CD276,exact,CD276
10601,LOXL1-AS1,exact,LOXL1-AS1
10602,LOXL1,exact,LOXL1
10603,STOML1,exact,STOML1
10604,PML,exact,PML
10605,UBL7,exact,UBL7
10606,UBL7-AS1,unmatched,
10607,ARID3B,exact,ARID3B
10608,CLK3,exact,CLK3
10609,EDC3,exact,EDC3
10610,CYP1A1,exact,CYP1A1
10611,CSK,exact,CSK
10612,ULK3,exact,ULK3
10613,SCAMP2,exact,SCAMP2
10614,MPI,exact,MPI
10615,FAM219B,exact,FAM219B
10616,COX5A,exact,COX5A
10617,RPP25,exact,RPP25
10618,PPCDC,exact,PPCDC
10619,C15orf39,exact,C15orf39
10620,COMMD4,exact,COMMD4
10621,NEIL1,exact,NEIL1
10622,MAN2C1,exact,MAN2C1
10623,AC068338.2,unmatched,
10624,SIN3A,exact,SIN3A
10625,PTPN9,exact,PTPN9
10626,SNUPN,exact,SNUPN
10627,IMP3,exact,IMP3
10628,AC105020.6,unmatched,
10629,AC105020.5,unmatched,
10630,SNX33,exact,SNX33
10631,DNM1P35,unmatched,
10632,UBE2Q2,exact,UBE2Q2
10633,FBXO22,exact,FBXO22
10634,NRG4,exact,NRG4
10635,ETFA,exact,ETFA
10636,SCAPER,exact,SCAPER
10637,RCN2,exact,RCN2
10638,PSTPIP1,exact,PSTPIP1
10639,TSPAN3,exact,TSPAN3
10640,PEAK1,exact,PEAK1
10641,HMG20A,exact,HMG20A
10642,TBC1D2B,exact,TBC1D2B
10643,CIB2,exact,CIB2
10644,IDH3A,exact,IDH3A
10645,ACSBG1,exact,ACSBG1
10646,DNAJA4,exact,DNAJA4
10647,WDR61,unmatched,
10648,IREB2,exact,IREB2
10649,AC027228.1,unmatched,
10650,HYKK,exact,HYKK
10651,PSMA4,exact,PSMA4
10652,CHRNA5,exact,CHRNA5
10653,MORF4L1,exact,MORF4L1
10654,CTSH,exact,CTSH
10655,TMED3,exact,TMED3
10656,KIAA1024,official_alias,KIAA1024
10657,MTHFS,exact,MTHFS
10658,AC021483.2,unmatched,
10659,ST20,exact,ST20
10660,ST20-AS1,unmatched,
10661,BCL2A1,exact,BCL2A1
10662,ZFAND6,exact,ZFAND6
10663,FAH,exact,FAH
10664,ABHD17C,exact,ABHD17C
10665,MESD,exact,MESD
10666,AC068870.2,unmatched,
10667,TLNRD1,exact,TLNRD1
10668,IL16,exact,IL16
10669,STARD5,exact,STARD5
10670,TMC3-AS1,unmatched,
10671,AC109809.1,unmatched,
10672,AC023034.1,unmatched,
10673,AC104041.1,unmatched,
10674,MEX3B,exact,MEX3B
10675,EFL1,exact,EFL1
10676,SAXO2,exact,SAXO2
10677,GOLGA6L9,exact,GOLGA6L9
10678,RPS17,exact,RPS17
10679,CPEB1,exact,CPEB1
10680,CPEB1-AS1,exact,CPEB1-AS1
10681,SNHG21,exact,SNHG21
10682,FSD2,exact,FSD2
10683,WHAMM,exact,WHAMM
10684,HOMER2,exact,HOMER2
10685,RAMMET,official_alias,RAMMET
10686,C15orf40,exact,C15orf40
10687,BTBD1,exact,BTBD1
10688,TM6SF1,exact,TM6SF1
10689,HDGFL3,exact,HDGFL3
10690,ADAMTSL3,exact,ADAMTSL3
10691,GOLGA6L4,exact,GOLGA6L4
10692,AC048382.5,unmatched,
10693,ZSCAN2,exact,ZSCAN2
10694,AC048382.1,unmatched,
10695,AC048382.6,unmatched,
10696,WDR73,exact,WDR73
10697,NMB,exact,NMB
10698,SEC11A,exact,SEC11A
10699,ZNF592,exact,ZNF592
10700,PDE8A,exact,PDE8A
10701,AKAP13,exact,AKAP13
10702,AC021739.2,unmatched,
10703,KLHL25,exact,KLHL25
10704,MRPL46,exact,MRPL46
10705,MRPS11,exact,MRPS11
10706,DET1,exact,DET1
10707,AEN,exact,AEN
10708,ISG20,exact,ISG20
10709,HAPLN3,exact,HAPLN3
10710,MFGE8,exact,MFGE8
10711,ABHD2,exact,ABHD2
10712,FANCI,exact,FANCI
10713,POLG,exact,POLG
10714,AC124068.2,unmatched,
10715,MIR9-3HG,exact,MIR9-3HG
10716,PLIN1,exact,PLIN1
10717,PEX11A,exact,PEX11A
10718,WDR93,exact,WDR93
10719,MESP1,exact,MESP1
10720,AP3S2,exact,AP3S2
10721,ZNF710,exact,ZNF710
10722,ZNF710-AS1,exact,ZNF710-AS1
10723,IDH2,exact,IDH2
10724,SEMA4B,exact,SEMA4B
10725,CIB1,exact,CIB1
10726,GDPGP1,exact,GDPGP1
10727,NGRN,exact,NGRN
10728,IQGAP1,exact,IQGAP1
10729,CRTC3,exact,CRTC3
10730,BLM,exact,BLM
10731,FURIN,exact,FURIN
10732,MAN2A2,exact,MAN2A2
10733,HDDC3,exact,HDDC3
10734,UNC45A,exact,UNC45A
10735,AC068831.1,unmatched,
10736,RCCD1,exact,RCCD1
10737,PRC1,exact,PRC1
10738,VPS33B,exact,VPS33B
10739,VPS33B-DT,exact,VPS33B-DT
10740,AC068831.6,unmatched,
10741,SLCO3A1,exact,SLCO3A1
10742,FAM174B,exact,FAM174B
10743,AC013394.1,unmatched,
10744,CHD2,exact,CHD2
10745,RGMA,exact,RGMA
10746,MCTP2,exact,MCTP2
10747,LINC00924,exact,LINC00924
10748,IGF1R,exact,IGF1R
10749,SYNM,exact,SYNM
10750,LRRC28,exact,LRRC28
10751,MEF2A,exact,MEF2A
10752,LYSMD4,exact,LYSMD4
10753,AC090825.1,unmatched,
10754,ADAMTS17,exact,ADAMTS17
10755,AC084855.2,unmatched,
10756,SPATA41,unmatched,
10757,CERS3,exact,CERS3
10758,AC027020.2,unmatched,
10759,AC027020.1,unmatched,
10760,LINS1,exact,LINS1
10761,ASB7,exact,ASB7
10762,AC015712.1,unmatched,
10763,CHSY1,exact,CHSY1
10764,SELENOS,exact,SELENOS
10765,SNRPA1,exact,SNRPA1
10766,AC023024.1,unmatched,
10767,PCSK6,exact,PCSK6
10768,TM2D3,exact,TM2D3
10769,TARSL2,official_alias,TARSL2
10770,WASIR2,exact,WASIR2
10771,POLR3K,exact,POLR3K
10772,SNRNP25,exact,SNRNP25
10773,MPG,exact,MPG
10774,NPRL3,exact,NPRL3
10775,Z69720.1,unmatched,
10776,Z69666.1,unmatched,
10777,Z69706.1,unmatched,
10778,LUC7L,exact,LUC7L
10779,FAM234A,exact,FAM234A
10780,AXIN1,exact,AXIN1
10781,MRPL28,exact,MRPL28
10782,TMEM8A,official_alias,TMEM8A
10783,NME4,exact,NME4
10784,DECR2,exact,DECR2
10785,RAB11FIP3,exact,RAB11FIP3
10786,LINC00235,unmatched,
10787,CAPN15,exact,CAPN15
10788,PIGQ,exact,PIGQ
10789,NHLRC4,exact,NHLRC4
10790,RAB40C,exact,RAB40C
10791,WFIKKN1,exact,WFIKKN1
10792,METTL26,exact,METTL26
10793,MCRIP2,exact,MCRIP2
10794,AL022341.1,unmatched,
10795,WDR90,exact,WDR90
10796,AL022341.2,unmatched,
10797,RHOT2,exact,RHOT2
10798,RHBDL1,exact,RHBDL1
10799,STUB1,exact,STUB1
10800,JMJD8,exact,JMJD8
10801,WDR24,exact,WDR24
10802,FBXL16,exact,FBXL16
10803,METRN,exact,METRN
10804,FAM173A,official_alias,FAM173A
10805,CCDC78,exact,CCDC78
10806,HAGHL,exact,HAGHL
10807,NARFL,official_alias,NARFL
10808,RPUSD1,exact,RPUSD1
10809,CHTF18,exact,CHTF18
10810,LMF1,exact,LMF1
10811,AC009041.2,unmatched,
10812,SOX8,exact,SOX8
10813,AC009041.1,unmatched,
10814,CACNA1H,exact,CACNA1H
10815,AC120498.9,unmatched,
10816,UBE2I,exact,UBE2I
10817,AL031714.1,unmatched,
10818,TSR3,exact,TSR3
10819,GNPTG,exact,GNPTG
10820,AL031709.1,unmatched,
10821,UNKL,exact,UNKL
10822,C16orf91,unmatched,
10823,CCDC154,exact,CCDC154
10824,CLCN7,exact,CLCN7
10825,TELO2,exact,TELO2
10826,IFT140,exact,IFT140
10827,AL031705.1,unmatched,
10828,TMEM204,exact,TMEM204
10829,CRAMP1,exact,CRAMP1
10830,AL031708.1,unmatched,
10831,JPT2,exact,JPT2
10832,MAPK8IP3,exact,MAPK8IP3
10833,NME3,exact,NME3
10834,MRPS34,exact,MRPS34
10835,EME2,exact,EME2
10836,SPSB3,exact,SPSB3
10837,NUBP2,exact,NUBP2
10838,IGFALS,exact,IGFALS
10839,HAGH,exact,HAGH
10840,FAHD1,exact,FAHD1
10841,MSRB1,exact,MSRB1
10842,NDUFB10,exact,NDUFB10
10843,RPS2,exact,RPS2
10844,SNHG9,unmatched,
10845,AC005363.2,unmatched,
10846,TBL3,exact,TBL3
10847,NOXO1,exact,NOXO1
10848,GFER,exact,GFER
10849,SYNGR3,exact,SYNGR3
10850,ZNF598,exact,ZNF598
10851,SLC9A3R2,official_alias,SLC9A3R2
10852,NTHL1,exact,NTHL1
10853,TSC2,exact,TSC2
10854,PKD1,exact,PKD1
10855,SNHG19,exact,SNHG19
10856,TRAF7,exact,TRAF7
10857,MLST8,exact,MLST8
10858,BRICD5,exact,BRICD5
10859,PGP,exact,PGP
10860,E4F1,exact,E4F1
10861,ECI1,exact,ECI1
10862,AC009065.8,unmatched,
10863,RNPS1,exact,RNPS1
10864,AC009065.4,unmatched,
10865,ABCA3,exact,ABCA3
10866,CCNF,exact,CCNF
10867,AC106820.3,unmatched,
10868,TEDC2,exact,TEDC2
10869,TBC1D24,exact,TBC1D24
10870,ATP6V0C,exact,ATP6V0C
10871,AMDHD2,exact,AMDHD2
10872,PDPK1,exact,PDPK1
10873,AC093525.6,unmatched,
10874,AC093525.7,unmatched,
10875,AC093525.4,unmatched,
10876,AC141586.3,unmatched,
10877,AC141586.2,unmatched,
10878,KCTD5,exact,KCTD5
10879,PRSS27,exact,PRSS27
10880,SRRM2-AS1,exact,SRRM2-AS1
10881,SRRM2,exact,SRRM2
10882,ELOB,exact,ELOB
10883,AC092117.1,unmatched,
10884,PRSS21,exact,PRSS21
10885,FLYWCH2,exact,FLYWCH2
10886,FLYWCH1,exact,FLYWCH1
10887,PAQR4,exact,PAQR4
10888,AC004233.4,unmatched,
10889,TNFRSF12A,exact,TNFRSF12A
10890,HCFC1R1,exact,HCFC1R1
10891,THOC6,exact,THOC6
10892,MMP25,exact,MMP25
10893,MMP25-AS1,exact,MMP25-AS1
10894,IL32,exact,IL32
10895,AC108134.3,unmatched,
10896,ZNF213-AS1,unmatched,
10897,ZNF213,exact,ZNF213
10898,AC108134.2,unmatched,
10899,ZNF200,exact,ZNF200
10900,MEFV,exact,MEFV
10901,LINC00921,exact,LINC00921
10902,ZNF263,exact,ZNF263
10903,TIGD7,exact,TIGD7
10904,ZNF75A,exact,ZNF75A
10905,AC004232.2,unmatched,
10906,MTRNR2L4,exact,MTRNR2L4
10907,ZSCAN32,exact,ZSCAN32
10908,AC025283.2,unmatched,
10909,ZNF174,exact,ZNF174
10910,ZNF597,exact,ZNF597
10911,NAA60,exact,NAA60
10912,CLUAP1,exact,CLUAP1
10913,NLRC3,exact,NLRC3
10914,AC004494.1,unmatched,
10915,SLX4,exact,SLX4
10916,DNASE1,exact,DNASE1
10917,TRAP1,exact,TRAP1
10918,AC006111.3,unmatched,
10919,CREBBP,exact,CREBBP
10920,ADCY9,exact,ADCY9
10921,LINC01569,unmatched,
10922,TFAP4,exact,TFAP4
10923,PAM16,exact,PAM16
10924,CORO7,exact,CORO7
10925,DNAJA3,exact,DNAJA3
10926,NMRAL1,exact,NMRAL1
10927,HMOX2,exact,HMOX2
10928,CDIP1,exact,CDIP1
10929,UBALD1,exact,UBALD1
10930,MGRN1,exact,MGRN1
10931,NUDT16L1,exact,NUDT16L1
10932,ANKS3,exact,ANKS3
10933,C16orf71,unmatched,
10934,ZNF500,exact,ZNF500
10935,ROGDI,exact,ROGDI
10936,GLYR1,exact,GLYR1
10937,UBN1,exact,UBN1
10938,PPL,exact,PPL
10939,NAGPA-AS1,unmatched,
10940,NAGPA,exact,NAGPA
10941,ALG1,exact,ALG1
10942,EEF2KMT,exact,EEF2KMT
10943,METTL22,exact,METTL22
10944,ABAT,exact,ABAT
10945,TMEM186,exact,TMEM186
10946,PMM2,exact,PMM2
10947,AC012173.1,unmatched,
10948,AC022167.2,unmatched,
10949,CARHSP1,exact,CARHSP1
10950,AC022167.1,unmatched,
10951,USP7,exact,USP7
10952,AC022167.3,unmatched,
10953,C16orf72,unmatched,
10954,AC087190.1,unmatched,
10955,ATF7IP2,exact,ATF7IP2
10956,NUBP1,exact,NUBP1
10957,CIITA,exact,CIITA
10958,DEXI,exact,DEXI
10959,CLEC16A,exact,CLEC16A
10960,AC007014.1,unmatched,
10961,AC007220.1,unmatched,
10962,RMI2,exact,RMI2
10963,SOCS1,exact,SOCS1
10964,AC009121.2,unmatched,
10965,AC099489.1,unmatched,
10966,LITAF,exact,LITAF
10967,SNN,exact,SNN
10968,TXNDC11,exact,TXNDC11
10969,AC007613.1,unmatched,
10970,ZC3H7A,exact,ZC3H7A
10971,AC010654.1,unmatched,
10972,RSL1D1,exact,RSL1D1
10973,AC007216.4,unmatched,
10974,GSPT1,exact,GSPT1
10975,AC007216.2,unmatched,
10976,NPIPB2,exact,NPIPB2
10977,SNX29,exact,SNX29
10978,CPPED1,exact,CPPED1
10979,ERCC4,exact,ERCC4
10980,AC010401.1,unmatched,
10981,MKL2,official_alias,MKL2
10982,AC130650.2,unmatched,
10983,MIR193BHG,exact,MIR193BHG
10984,PARN,exact,PARN
10985,BFAR,exact,BFAR
10986,NOMO1,exact,NOMO1
10987,NPIPA1,exact,NPIPA1
10988,PDXDC1,exact,PDXDC1
10989,AC138932.5,unmatched,
10990,NTAN1,exact,NTAN1
10991,RRN3,exact,RRN3
10992,NPIPA5,exact,NPIPA5
10993,MPV17L,exact,MPV17L
10994,C16orf45,official_alias,C16orf45
10995,MARF1,exact,MARF1
10996,NDE1,exact,NDE1
10997,AC026401.3,unmatched,
10998,MYH11,exact,MYH11
10999,AF001548.2,unmatched,
11000,FOPNL,official_alias,FOPNL
11001,ABCC1,exact,ABCC1
11002,ABCC6,exact,ABCC6
11003,NOMO3,exact,NOMO3
11004,AC138969.1,unmatched,
11005,XYLT1,exact,XYLT1
11006,NOMO2,exact,NOMO2
11007,RPS15A,exact,RPS15A
11008,ARL6IP1,exact,ARL6IP1
11009,SMG1,exact,SMG1
11010,AC092287.1,unmatched,
11011,TMC7,exact,TMC7
11012,COQ7,exact,COQ7
11013,ITPRIPL2,exact,ITPRIPL2
11014,GDE1,exact,GDE1
11015,CCP110,exact,CCP110
11016,VPS35L,exact,VPS35L
11017,AC002550.2,unmatched,
11018,KNOP1,exact,KNOP1
11019,IQCK,exact,IQCK
11020,ACSM3,exact,ACSM3
11021,ACSM1,exact,ACSM1
11022,THUMPD1,exact,THUMPD1
11023,ERI2,exact,ERI2
11024,DCUN1D3,exact,DCUN1D3
11025,LYRM1,exact,LYRM1
11026,AC008551.1,unmatched,
11027,TMEM159,official_alias,TMEM159
11028,NPIPB3,exact,NPIPB3
11029,METTL9,exact,METTL9
11030,IGSF6,exact,IGSF6
11031,AC092375.2,unmatched,
11032,NPIPB4,exact,NPIPB4
11033,AC092119.2,unmatched,
11034,UQCRC2,exact,UQCRC2
11035,AC092119.3,unmatched,
11036,MOSMO,exact,MOSMO
11037,SDR42E2,exact,SDR42E2
11038,EEF2K,exact,EEF2K
11039,POLR3E,exact,POLR3E
11040,CDR2,exact,CDR2
11041,AC092338.1,unmatched,
11042,AC092338.2,unmatched,
11043,NPIPB5,exact,NPIPB5
11044,AC009021.1,unmatched,
11045,USP31,exact,USP31
11046,COG7,exact,COG7
11047,AC008915.2,unmatched,
11048,GGA2,exact,GGA2
11049,EARS2,exact,EARS2
11050,UBFD1,exact,UBFD1
11051,NDUFAB1,exact,NDUFAB1
11052,PALB2,exact,PALB2
11053,DCTN5,exact,DCTN5
11054,PLK1,exact,PLK1
11055,PRKCB,exact,PRKCB
11056,RBBP6,exact,RBBP6
11057,TNRC6A,exact,TNRC6A
11058,AC008731.1,unmatched,
11059,ARHGAP17,exact,ARHGAP17
11060,LINC02175,exact,LINC02175
11061,LCMT1,exact,LCMT1
11062,LCMT1-AS2,exact,LCMT1-AS2
11063,ZKSCAN2,exact,ZKSCAN2
11064,AC008741.2,unmatched,
11065,KDM8,exact,KDM8
11066,AC109449.1,unmatched,
11067,NSMCE1,exact,NSMCE1
11068,AC106739.1,unmatched,
11069,IL4R,exact,IL4R
11070,IL21R,exact,IL21R
11071,IL21R-AS1,exact,IL21R-AS1
11072,GTF3C1,exact,GTF3C1
11073,KIAA0556,official_alias,KIAA0556
11074,XPO6,exact,XPO6
11075,AC138904.3,unmatched,
11076,AC138904.1,unmatched,
11077,SBK1,exact,SBK1
11078,NPIPB6,exact,NPIPB6
11079,AC138894.1,unmatched,
11080,CLN3,exact,CLN3
11081,APOBR,exact,APOBR
11082,AC020765.2,unmatched,
11083,SGF29,exact,SGF29
11084,SULT1A1,exact,SULT1A1
11085,EIF3C,exact,EIF3C
11086,AC145285.2,unmatched,
11087,AC145285.3,unmatched,
11088,AC145285.6,unmatched,
11089,ATXN2L,exact,ATXN2L
11090,AC133550.1,unmatched,
11091,TUFM,exact,TUFM
11092,SH2B1,exact,SH2B1
11093,AC133550.2,unmatched,
11094,ATP2A1-AS1,exact,ATP2A1-AS1
11095,RABEP2,exact,RABEP2
11096,NFATC2IP,exact,NFATC2IP
11097,AC109460.2,unmatched,
11098,SPNS1,exact,SPNS1
11099,LAT,exact,LAT
11100,AC009093.2,unmatched,
11101,NPIPB11,exact,NPIPB11
11102,BOLA2,exact,BOLA2
11103,BOLA2-SMG1P6,exact,BOLA2-SMG1P6
11104,SLX1B,exact,SLX1B
11105,SPN,exact,SPN
11106,QPRT,exact,QPRT
11107,C16orf54,exact,C16orf54
11108,AC009133.3,unmatched,
11109,KIF22,exact,KIF22
11110,AC009133.4,unmatched,
11111,MAZ,exact,MAZ
11112,AC009133.1,unmatched,
11113,PRRT2,exact,PRRT2
11114,PAGR1,exact,PAGR1
11115,MVP,exact,MVP
11116,CDIPT,exact,CDIPT
11117,KCTD13,exact,KCTD13
11118,AC120114.1,unmatched,
11119,TMEM219,exact,TMEM219
11120,TAOK2,exact,TAOK2
11121,HIRIP3,exact,HIRIP3
11122,INO80E,exact,INO80E
11123,DOC2A,exact,DOC2A
11124,ALDOA,exact,ALDOA
11125,AC093512.1,unmatched,
11126,PPP4C,exact,PPP4C
11127,TBX6,exact,TBX6
11128,YPEL3,exact,YPEL3
11129,AC012645.1,unmatched,
11130,GDPD3,exact,GDPD3
11131,AC012645.4,unmatched,
11132,MAPK3,exact,MAPK3
11133,CORO1A,exact,CORO1A
11134,AC012645.3,unmatched,
11135,BOLA2B,exact,BOLA2B
11136,SULT1A3,exact,SULT1A3
11137,CD2BP2,exact,CD2BP2
11138,AC106782.2,unmatched,
11139,TBC1D10B,exact,TBC1D10B
11140,MYLPF,unmatched,
11141,ZNF48,exact,ZNF48
11142,SEPT1,official_alias,SEPT1
11143,ZNF771,exact,ZNF771
11144,DCTPP1,unmatched,
11145,SEPHS2,exact,SEPHS2
11146,ITGAL,exact,ITGAL
11147,AC116348.1,unmatched,
11148,AC116348.2,unmatched,
11149,ZNF768,exact,ZNF768
11150,ZNF747,exact,ZNF747
11151,AC002310.1,unmatched,
11152,ZNF764,exact,ZNF764
11153,ZNF688,exact,ZNF688
11154,AC002310.2,unmatched,
11155,ZNF785,exact,ZNF785
11156,ZNF689,exact,ZNF689
11157,PRR14,exact,PRR14
11158,FBRS,exact,FBRS
11159,AC093249.6,unmatched,
11160,SRCAP,exact,SRCAP
11161,AC106886.5,unmatched,
11162,PHKG2,exact,PHKG2
11163,CCDC189,unmatched,
11164,RNF40,exact,RNF40
11165,ZNF629,exact,ZNF629
11166,AC106886.3,unmatched,
11167,BCL7C,exact,BCL7C
11168,MIR762HG,exact,MIR762HG
11169,CTF1,exact,CTF1
11170,FBXL19-AS1,exact,FBXL19-AS1
11171,FBXL19,exact,FBXL19
11172,ORAI3,exact,ORAI3
11173,AC135048.3,unmatched,
11174,SETD1A,exact,SETD1A
11175,HSD3B7,exact,HSD3B7
11176,STX1B,exact,STX1B
11177,STX4,exact,STX4
11178,AC135050.3,unmatched,
11179,AC135050.1,unmatched,
11180,ZNF668,exact,ZNF668
11181,ZNF646,exact,ZNF646
11182,PRSS53,exact,PRSS53
11183,VKORC1,exact,VKORC1
11184,BCKDK,exact,BCKDK
11185,KAT8,exact,KAT8
11186,PRSS36,exact,PRSS36
11187,FUS,exact,FUS
11188,AC009088.1,unmatched,
11189,PYCARD,exact,PYCARD
11190,PYCARD-AS1,exact,PYCARD-AS1
11191,TRIM72,exact,TRIM72
11192,ITGAM,exact,ITGAM
11193,ZNF843,exact,ZNF843
11194,AC026471.4,unmatched,
11195,AC026471.1,unmatched,
11196,ARMC5,exact,ARMC5
11197,TGFB1I1,exact,TGFB1I1
11198,SLC5A2,exact,SLC5A2
11199,AC026471.3,unmatched,
11200,C16orf58,official_alias,C16orf58
11201,AC026471.2,unmatched,
11202,AC074050.4,unmatched,
11203,ZNF720,unmatched,
11204,ZNF267,exact,ZNF267
11205,TP53TG3D,exact,TP53TG3D
11206,AC136944.2,unmatched,
11207,AC092368.3,unmatched,
11208,VPS35,exact,VPS35
11209,ORC6,exact,ORC6
11210,MYLK3,exact,MYLK3
11211,C16orf87,exact,C16orf87
11212,GPT2,exact,GPT2
11213,DNAJA2,exact,DNAJA2
11214,AC018845.3,unmatched,
11215,NETO2,exact,NETO2
11216,ITFG1,exact,ITFG1
11217,AC007494.2,unmatched,
11218,AC007533.1,unmatched,
11219,PHKB,exact,PHKB
11220,LONP2,exact,LONP2
11221,SIAH1,exact,SIAH1
11222,N4BP1,exact,N4BP1
11223,AC007611.1,unmatched,
11224,CNEP1R1,exact,CNEP1R1
11225,HEATR3,exact,HEATR3
11226,TENT4B,exact,TENT4B
11227,ADCY7,exact,ADCY7
11228,BRD7,exact,BRD7
11229,NKD1,exact,NKD1
11230,AC007608.3,unmatched,
11231,SNX20,exact,SNX20
11232,NOD2,exact,NOD2
11233,AC007728.2,unmatched,
11234,CYLD,exact,CYLD
11235,HNRNPA1P48,unmatched,
11236,CHD9,exact,CHD9
11237,AC007342.4,unmatched,
11238,AC007342.5,unmatched,
11239,RBL2,exact,RBL2
11240,AKTIP,exact,AKTIP
11241,RPGRIP1L,exact,RPGRIP1L
11242,FTO,exact,FTO
11243,AC007496.2,unmatched,
11244,CES1,exact,CES1
11245,GNAO1,exact,GNAO1
11246,AMFR,exact,AMFR
11247,AC092140.1,unmatched,
11248,NUDT21,exact,NUDT21
11249,OGFOD1,exact,OGFOD1
11250,AC092140.2,unmatched,
11251,BBS2,exact,BBS2
11252,MT3,exact,MT3
11253,MT2A,exact,MT2A
11254,MT1E,exact,MT1E
11255,MT1F,exact,MT1F
11256,MT1X,exact,MT1X
11257,AC106779.1,unmatched,
11258,NUP93,exact,NUP93
11259,HERPUD1,exact,HERPUD1
11260,NLRC5,exact,NLRC5
11261,CPNE2,exact,CPNE2
11262,FAM192A,official_alias,FAM192A
11263,RSPRY1,exact,RSPRY1
11264,ARL2BP,exact,ARL2BP
11265,PLLP,exact,PLLP
11266,CIAPIN1,exact,CIAPIN1
11267,COQ9,exact,COQ9
11268,POLR2C,exact,POLR2C
11269,DOK4,exact,DOK4
11270,CCDC102A,exact,CCDC102A
11271,ADGRG5,exact,ADGRG5
11272,ADGRG1,exact,ADGRG1
11273,KATNB1,exact,KATNB1
11274,KIFC3,exact,KIFC3
11275,AC092118.2,unmatched,
11276,TEPP,unmatched,
11277,ZNF319,exact,ZNF319
11278,USB1,exact,USB1
11279,CFAP20,exact,CFAP20
11280,AC009107.2,unmatched,
11281,CSNK2A2,exact,CSNK2A2
11282,CCDC113,exact,CCDC113
11283,GINS3,exact,GINS3
11284,AC009118.2,unmatched,
11285,SETD6,exact,SETD6
11286,CNOT1,exact,CNOT1
11287,AC009118.3,unmatched,
11288,SLC38A7,exact,SLC38A7
11289,GOT2,exact,GOT2
11290,LINC00920,unmatched,
11291,TK2,exact,TK2
11292,AC010542.2,unmatched,
11293,CKLF,exact,CKLF
11294,CMTM3,exact,CMTM3
11295,CMTM4,exact,CMTM4
11296,DYNC1LI2,exact,DYNC1LI2
11297,AC018557.1,unmatched,
11298,NAE1,exact,NAE1
11299,PDP2,exact,PDP2
11300,FAM96B,official_alias,FAM96B
11301,CES2,exact,CES2
11302,CES4A,exact,CES4A
11303,CBFB,exact,CBFB
11304,C16orf70,unmatched,
11305,TRADD,exact,TRADD
11306,FBXL8,exact,FBXL8
11307,NOL3,exact,NOL3
11308,KIAA0895L,unmatched,
11309,E2F4,exact,E2F4
11310,ELMO3,exact,ELMO3
11311,LRRC29,unmatched,
11312,TMEM208,exact,TMEM208
11313,FHOD1,exact,FHOD1
11314,SLC9A5,exact,SLC9A5
11315,PLEKHG4,exact,PLEKHG4
11316,KCTD19,exact,KCTD19
11317,ATP6V0D1,exact,ATP6V0D1
11318,AC009061.2,unmatched,
11319,AC027682.6,unmatched,
11320,RIPOR1,exact,RIPOR1
11321,AC027682.4,unmatched,
11322,AC027682.1,unmatched,
11323,CTCF,exact,CTCF
11324,AC009095.1,unmatched,
11325,CARMIL2,exact,CARMIL2
11326,ACD,exact,ACD
11327,PARD6A,exact,PARD6A
11328,ENKD1,exact,ENKD1
11329,C16orf86,exact,C16orf86
11330,GFOD2,exact,GFOD2
11331,RANBP10,exact,RANBP10
11332,CENPT,exact,CENPT
11333,THAP11,exact,THAP11
11334,NUTF2,exact,NUTF2
11335,EDC4,exact,EDC4
11336,AC040162.3,unmatched,
11337,NRN1L,exact,NRN1L
11338,PSKH1,exact,PSKH1
11339,CTRL,exact,CTRL
11340,AC040162.1,unmatched,
11341,PSMB10,exact,PSMB10
11342,LCAT,exact,LCAT
11343,SLC12A4,exact,SLC12A4
11344,DPEP3,exact,DPEP3
11345,DPEP2,exact,DPEP2
11346,DUS2,exact,DUS2
11347,DDX28,exact,DDX28
11348,NFATC3,exact,NFATC3
11349,AC020978.5,unmatched,
11350,ESRP2,exact,ESRP2
11351,PLA2G15,exact,PLA2G15
11352,SLC7A6,exact,SLC7A6
11353,SLC7A6OS,exact,SLC7A6OS
11354,PRMT7,exact,PRMT7
11355,SMPD3,exact,SMPD3
11356,ZFP90,exact,ZFP90
11357,AC126773.4,unmatched,
11358,CDH3,exact,CDH3
11359,TANGO6,exact,TANGO6
11360,HAS3,exact,HAS3
11361,CHTF8,exact,CHTF8
11362,UTP4,exact,UTP4
11363,SNTB2,exact,SNTB2
11364,VPS4A,exact,VPS4A
11365,COG8,exact,COG8
11366,COG8.1,unmatched,
11367,NIP7,exact,NIP7
11368,TMED6,exact,TMED6
11369,TERF2,exact,TERF2
11370,CYB5B,exact,CYB5B
11371,NFAT5,exact,NFAT5
11372,NQO1,exact,NQO1
11373,AC092115.2,unmatched,
11374,NOB1,exact,NOB1
11375,WWP2,exact,WWP2
11376,CLEC18A,exact,CLEC18A
11377,PDPR,exact,PDPR
11378,CLEC18C,exact,CLEC18C
11379,EXOSC6,exact,EXOSC6
11380,AARS,official_alias,AARS
11381,DDX19B,exact,DDX19B
11382,DDX19A,exact,DDX19A
11383,ST3GAL2,exact,ST3GAL2
11384,AC012184.1,unmatched,
11385,FUK,official_alias,FUK
11386,COG4,exact,COG4
11387,SF3B3,exact,SF3B3
11388,MTSS1L,official_alias,MTSS1L
11389,VAC14,exact,VAC14
11390,VAC14-AS1,exact,VAC14-AS1
11391,CMTR2,exact,CMTR2
11392,ZNF23,exact,ZNF23
11393,AC010547.1,unmatched,
11394,ZNF19,exact,ZNF19
11395,TAT-AS1,exact,TAT-AS1
11396,PHLPP2,exact,PHLPP2
11397,AP1G1,exact,AP1G1
11398,ATXN1L,exact,ATXN1L
11399,IST1,exact,IST1
11400,ZNF821,exact,ZNF821
11401,PKD1L3,exact,PKD1L3
11402,DHODH,exact,DHODH
11403,TXNL4B,exact,TXNL4B
11404,DHX38,exact,DHX38
11405,PMFBP1,exact,PMFBP1
11406,LINC01572,exact,LINC01572
11407,AC004943.2,unmatched,
11408,ZFHX3,exact,ZFHX3
11409,AC138627.1,unmatched,
11410,AC009120.4,unmatched,
11411,AC009120.5,unmatched,
11412,PSMD7,exact,PSMD7
11413,AC009120.3,unmatched,
11414,AC009053.2,unmatched,
11415,NPIPB15,exact,NPIPB15
11416,GLG1,exact,GLG1
11417,RFWD3,exact,RFWD3
11418,MLKL,exact,MLKL
11419,WDR59,exact,WDR59
11420,ZNRF1,exact,ZNRF1
11421,ZFP1,exact,ZFP1
11422,CFDP1,exact,CFDP1
11423,AC009163.7,unmatched,
11424,TMEM170A,exact,TMEM170A
11425,TMEM231,exact,TMEM231
11426,GABARAPL2,exact,GABARAPL2
11427,AC025287.3,unmatched,
11428,ADAT1,exact,ADAT1
11429,KARS,official_alias,KARS
11430,TERF2IP,exact,TERF2IP
11431,MON1B,exact,MON1B
11432,SYCE1L,exact,SYCE1L
11433,NUDT7,exact,NUDT7
11434,WWOX,exact,WWOX
11435,AC046158.1,unmatched,
11436,MAF,exact,MAF
11437,DYNLRB2,exact,DYNLRB2
11438,CDYL2,exact,CDYL2
11439,CMC2,exact,CMC2
11440,CENPN,exact,CENPN
11441,ATMIN,exact,ATMIN
11442,AC092718.3,unmatched,
11443,GCSH,exact,GCSH
11444,AC009148.1,unmatched,
11445,GAN,exact,GAN
11446,CMIP,exact,CMIP
11447,PLCG2,exact,PLCG2
11448,SDR42E1,exact,SDR42E1
11449,AC092142.1,unmatched,
11450,MPHOSPH6,exact,MPHOSPH6
11451,HSBP1,exact,HSBP1
11452,MLYCD,exact,MLYCD
11453,AC009119.2,unmatched,
11454,OSGIN1,exact,OSGIN1
11455,MBTPS1,unmatched,
11456,AC040169.1,unmatched,
11457,HSDL1,exact,HSDL1
11458,DNAAF1,exact,DNAAF1
11459,TAF1C,exact,TAF1C
11460,AC009123.1,unmatched,
11461,TLDC1,official_alias,TLDC1
11462,COTL1,exact,COTL1
11463,KLHL36,exact,KLHL36
11464,USP10,exact,USP10
11465,ZDHHC7,exact,ZDHHC7
11466,KIAA0513,exact,KIAA0513
11467,GSE1,exact,GSE1
11468,GINS2,exact,GINS2
11469,C16orf74,exact,C16orf74
11470,EMC8,exact,EMC8
11471,COX4I1,exact,COX4I1
11472,IRF8,exact,IRF8
11473,AC009108.3,unmatched,
11474,MTHFSD,exact,MTHFSD
11475,C16orf95,exact,C16orf95
11476,AC010531.6,unmatched,
11477,FBXO31,exact,FBXO31
11478,MAP1LC3B,exact,MAP1LC3B
11479,ZCCHC14,exact,ZCCHC14
11480,JPH3,exact,JPH3
11481,KLHDC4,exact,KLHDC4
11482,SLC7A5,exact,SLC7A5
11483,CA5A,exact,CA5A
11484,BANP,exact,BANP
11485,AC134312.1,unmatched,
11486,ZNF469,exact,ZNF469
11487,ZFPM1,exact,ZFPM1
11488,ZC3H18,exact,ZC3H18
11489,CYBA,exact,CYBA
11490,MVD,exact,MVD
11491,SNAI3-AS1,exact,SNAI3-AS1
11492,SNAI3,exact,SNAI3
11493,RNF166,exact,RNF166
11494,CTU2,exact,CTU2
11495,PIEZO1,exact,PIEZO1
11496,AC138028.4,unmatched,
11497,AC138028.2,unmatched,
11498,AC138028.1,unmatched,
11499,CDT1,exact,CDT1
11500,APRT,exact,APRT
11501,GALNS,exact,GALNS
11502,TRAPPC2L,exact,TRAPPC2L
11503,ACSF3,exact,ACSF3
11504,AC135782.3,unmatched,
11505,AC009113.1,unmatched,
11506,ZNF778,exact,ZNF778
11507,ANKRD11,exact,ANKRD11
11508,AC137932.3,unmatched,
11509,AC137932.1,unmatched,
11510,SPG7,exact,SPG7
11511,AC092123.1,unmatched,
11512,RPL13,exact,RPL13
11513,CPNE7,exact,CPNE7
11514,CHMP1A,exact,CHMP1A
11515,SPATA33,exact,SPATA33
11516,CDK10,exact,CDK10
11517,SPATA2L,exact,SPATA2L
11518,VPS9D1,exact,VPS9D1
11519,VPS9D1-AS1,exact,VPS9D1-AS1
11520,ZNF276,exact,ZNF276
11521,FANCA,exact,FANCA
11522,SPIRE2,exact,SPIRE2
11523,TCF25,exact,TCF25
11524,MC1R,exact,MC1R
11525,DEF8,exact,DEF8
11526,CENPBD1,unmatched,
11527,GAS8,exact,GAS8
11528,FAM157C,unmatched,
11529,AC133919.1,unmatched,
11530,LINC02193,exact,LINC02193
11531,AC240565.1,unmatched,
11532,RPH3AL,exact,RPH3AL
11533,AC141424.1,unmatched,
11534,C17orf97,unmatched,
11535,RFLNB,exact,RFLNB
11536,AC015853.2,unmatched,
11537,VPS53,exact,VPS53
11538,FAM57A,official_alias,FAM57A
11539,GEMIN4,exact,GEMIN4
11540,GLOD4,exact,GLOD4
11541,AC087392.3,unmatched,
11542,MRM3,exact,MRM3
11543,NXN,exact,NXN
11544,TIMM22,exact,TIMM22
11545,ABR,exact,ABR
11546,YWHAE,exact,YWHAE
11547,CRK,exact,CRK
11548,AC032044.1,unmatched,
11549,MYO1C,exact,MYO1C
11550,INPP5K,exact,INPP5K
11551,PITPNA-AS1,exact,PITPNA-AS1
11552,PITPNA,exact,PITPNA
11553,SLC43A2,exact,SLC43A2
11554,SCARF1,exact,SCARF1
11555,RILP,exact,RILP
11556,PRPF8,exact,PRPF8
11557,AC130343.2,unmatched,
11558,TLCD2,exact,TLCD2
11559,MIR22HG,exact,MIR22HG
11560,WDR81,exact,WDR81
11561,SERPINF1,exact,SERPINF1
11562,SMYD4,exact,SMYD4
11563,RPA1,exact,RPA1
11564,DPH1,exact,DPH1
11565,HIC1,exact,HIC1
11566,SMG6,exact,SMG6
11567,SRR,exact,SRR
11568,TSR1,exact,TSR1
11569,SGSM2,exact,SGSM2
11570,AC006435.2,unmatched,
11571,MNT,exact,MNT
11572,AC006435.1,unmatched,
11573,METTL16,exact,METTL16
11574,PAFAH1B1,exact,PAFAH1B1
11575,CLUH,exact,CLUH
11576,AC005696.1,unmatched,
11577,AC005696.4,unmatched,
11578,RAP1GAP2,exact,RAP1GAP2
11579,OR3A2,exact,OR3A2
11580,OR3A1,exact,OR3A1
11581,AC087498.1,unmatched,
11582,OR3A3,exact,OR3A3
11583,TRPV3,exact,TRPV3
11584,TRPV1,exact,TRPV1
11585,SHPK,exact,SHPK
11586,CTNS,exact,CTNS
11587,TAX1BP3,exact,TAX1BP3
11588,P2RX5-TAX1BP3,exact,P2RX5-TAX1BP3
11589,EMC6,exact,EMC6
11590,P2RX5,exact,P2RX5
11591,ITGAE,exact,ITGAE
11592,AC116914.2,unmatched,
11593,NCBP3,exact,NCBP3
11594,CAMKK1,exact,CAMKK1
11595,ATP2A3,exact,ATP2A3
11596,ZZEF1,exact,ZZEF1
11597,CYB5D2,exact,CYB5D2
11598,ANKFY1,exact,ANKFY1
11599,UBE2G1,exact,UBE2G1
11600,SPNS3,exact,SPNS3
11601,AC127521.1,unmatched,
11602,SPNS2,exact,SPNS2
11603,MYBBP1A,exact,MYBBP1A
11604,GGT6,exact,GGT6
11605,PELP1,exact,PELP1
11606,AC091153.3,unmatched,
11607,ARRB2,exact,ARRB2
11608,MED11,exact,MED11
11609,CXCL16,exact,CXCL16
11610,PSMB6,exact,PSMB6
11611,AC233723.1,unmatched,
11612,PLD2,exact,PLD2
11613,MINK1,exact,MINK1
11614,CHRNE,exact,CHRNE
11615,C17orf107,exact,C17orf107
11616,GP1BA,exact,GP1BA
11617,SLC25A11,exact,SLC25A11
11618,RNF167,exact,RNF167
11619,PFN1,exact,PFN1
11620,ENO3,exact,ENO3
11621,SPAG7,exact,SPAG7
11622,CAMTA2,exact,CAMTA2
11623,AC004771.4,unmatched,
11624,AC004771.3,unmatched,
11625,INCA1,exact,INCA1
11626,KIF1C,exact,KIF1C
11627,AC004771.1,unmatched,
11628,SLC52A1,exact,SLC52A1
11629,ZFP3,exact,ZFP3
11630,ZNF232,exact,ZNF232
11631,USP6,exact,USP6
11632,ZNF594,exact,ZNF594
11633,AC087500.1,unmatched,
11634,SCIMP,exact,SCIMP
11635,RABEP1,exact,RABEP1
11636,NUP88,exact,NUP88
11637,AC015727.1,unmatched,
11638,RPAIN,exact,RPAIN
11639,AC004148.2,unmatched,
11640,C1QBP,exact,C1QBP
11641,DHX33,exact,DHX33
11642,DERL2,exact,DERL2
11643,MIS12,exact,MIS12
11644,NLRP1,exact,NLRP1
11645,KIAA0753,exact,KIAA0753
11646,TXNDC17,exact,TXNDC17
11647,MED31,exact,MED31
11648,C17orf100,exact,C17orf100
11649,AC004706.1,unmatched,
11650,XAF1,exact,XAF1
11651,ALOX12-AS1,exact,ALOX12-AS1
11652,AC040977.1,unmatched,
11653,ALOX12,exact,ALOX12
11654,RNASEK,exact,RNASEK
11655,C17orf49,exact,C17orf49
11656,SLC16A13,exact,SLC16A13
11657,SLC16A11,exact,SLC16A11
11658,DLG4,exact,DLG4
11659,ACADVL,exact,ACADVL
11660,DVL2,exact,DVL2
11661,PHF23,exact,PHF23
11662,GABARAP,exact,GABARAP
11663,CTDNEP1,exact,CTDNEP1
11664,ELP5,exact,ELP5
11665,CLDN7,exact,CLDN7
11666,EIF5A,exact,EIF5A
11667,GPS2,exact,GPS2
11668,NEURL4,exact,NEURL4
11669,ACAP1,exact,ACAP1
11670,KCTD11,exact,KCTD11
11671,TNK1,exact,TNK1
11672,TMEM256,exact,TMEM256
11673,NLGN2,exact,NLGN2
11674,TMEM102,exact,TMEM102
11675,FGF11,exact,FGF11
11676,CHRNB1,exact,CHRNB1
11677,ZBTB4,exact,ZBTB4
11678,POLR2A,exact,POLR2A
11679,TNFSF12,exact,TNFSF12
11680,SENP3,exact,SENP3
11681,EIF4A1,exact,EIF4A1
11682,CD68,exact,CD68
11683,AC016876.1,unmatched,
11684,MPDU1,exact,MPDU1
11685,FXR2,exact,FXR2
11686,SAT2,exact,SAT2
11687,TP53,exact,TP53
11688,WRAP53,exact,WRAP53
11689,KDM6B,exact,KDM6B
11690,TMEM88,exact,TMEM88
11691,NAA38,exact,NAA38
11692,CYB5D1,exact,CYB5D1
11693,CHD3,exact,CHD3
11694,RNF227,exact,RNF227
11695,KCNAB3,exact,KCNAB3
11696,TRAPPC1,exact,TRAPPC1
11697,CNTROB,exact,CNTROB
11698,AC129492.1,unmatched,
11699,PER1,exact,PER1
11700,VAMP2,exact,VAMP2
11701,TMEM107,exact,TMEM107
11702,BORCS6,exact,BORCS6
11703,AURKB,exact,AURKB
11704,LINC00324,exact,LINC00324
11705,CTC1,exact,CTC1
11706,PFAS,exact,PFAS
11707,AC135178.5,unmatched,
11708,SLC25A35,exact,SLC25A35
11709,RANGRF,exact,RANGRF
11710,KRBA2,exact,KRBA2
11711,RPL26,exact,RPL26
11712,RNF222,exact,RNF222
11713,NDEL1,exact,NDEL1
11714,MYH10,exact,MYH10
11715,PIK3R5,exact,PIK3R5
11716,AC002091.2,unmatched,
11717,NTN1,exact,NTN1
11718,AC005695.3,unmatched,
11719,STX8,exact,STX8
11720,GAS7,exact,GAS7
11721,MYH3,exact,MYH3
11722,SCO1,exact,SCO1
11723,ADPRM,exact,ADPRM
11724,TMEM220,exact,TMEM220
11725,TMEM220-AS1,exact,TMEM220-AS1
11726,AC005410.2,unmatched,
11727,ZNF18,exact,ZNF18
11728,MAP2K4,exact,MAP2K4
11729,ARHGAP44,exact,ARHGAP44
11730,ELAC2,exact,ELAC2
11731,AC005304.3,unmatched,
11732,COX10,exact,COX10
11733,AC005224.1,unmatched,
11734,HS3ST3B1,exact,HS3ST3B1
11735,AC005224.4,unmatched,
11736,AC005224.3,unmatched,
11737,CDRT4,exact,CDRT4
11738,TVP23C,exact,TVP23C
11739,AC005838.2,unmatched,
11740,TRIM16,exact,TRIM16
11741,ZNF286A,exact,ZNF286A
11742,ZSWIM7,exact,ZSWIM7
11743,TTC19,exact,TTC19
11744,AC002553.2,unmatched,
11745,NCOR1,exact,NCOR1
11746,AC002553.1,unmatched,
11747,PIGL,exact,PIGL
11748,CENPV,exact,CENPV
11749,UBB,exact,UBB
11750,AC093484.2,unmatched,
11751,TRPV2,exact,TRPV2
11752,LRRC75A,exact,LRRC75A
11753,ZNF287,exact,ZNF287
11754,ZNF624,exact,ZNF624
11755,CCDC144A,exact,CCDC144A
11756,AC098850.3,unmatched,
11757,MPRIP,exact,MPRIP
11758,MPRIP-AS1,exact,MPRIP-AS1
11759,PLD6,exact,PLD6
11760,FLCN,exact,FLCN
11761,AC055811.3,unmatched,
11762,COPS3,exact,COPS3
11763,NT5M,exact,NT5M
11764,MED9,exact,MED9
11765,PEMT,exact,PEMT
11766,RAI1,exact,RAI1
11767,SMCR5,exact,SMCR5
11768,SREBF1,exact,SREBF1
11769,TOM1L2,exact,TOM1L2
11770,AC122129.1,unmatched,
11771,DRC3,exact,DRC3
11772,ATPAF2,exact,ATPAF2
11773,GID4,exact,GID4
11774,DRG2,exact,DRG2
11775,MYO15A,exact,MYO15A
11776,AC087164.1,unmatched,
11777,ALKBH5,exact,ALKBH5
11778,LLGL1,exact,LLGL1
11779,FLII,exact,FLII
11780,MIEF2,exact,MIEF2
11781,AC127537.1,unmatched,
11782,TOP3A,exact,TOP3A
11783,SMCR8,exact,SMCR8
11784,SHMT1,exact,SHMT1
11785,LINC02076,exact,LINC02076
11786,ZNF286B,exact,ZNF286B
11787,TRIM16L,exact,TRIM16L
11788,TVP23B,exact,TVP23B
11789,AC107982.3,unmatched,
11790,PRPSAP2,exact,PRPSAP2
11791,FAM83G,exact,FAM83G
11792,GRAP,exact,GRAP
11793,AC007952.7,unmatched,
11794,AC007952.4,unmatched,
11795,GRAPL,exact,GRAPL
11796,AC007952.6,unmatched,
11797,AC007952.5,unmatched,
11798,EPN2,exact,EPN2
11799,B9D1,exact,B9D1
11800,MAPK7,exact,MAPK7
11801,SLC47A1,exact,SLC47A1
11802,ALDH3A2,exact,ALDH3A2
11803,ULK2,exact,ULK2
11804,AC015726.1,unmatched,
11805,AKAP10,exact,AKAP10
11806,SPECC1,exact,SPECC1
11807,AC015818.2,unmatched,
11808,CCDC144NL,unmatched,
11809,USP22,exact,USP22
11810,DHRS7B,exact,DHRS7B
11811,TMEM11,exact,TMEM11
11812,AC087294.1,unmatched,
11813,NATD1,exact,NATD1
11814,MAP2K3,exact,MAP2K3
11815,KCNJ12,exact,KCNJ12
11816,C17orf51,official_alias,C17orf51
11817,MTRNR2L1,exact,MTRNR2L1
11818,WSB1,exact,WSB1
11819,KSR1,exact,KSR1
11820,LGALS9,exact,LGALS9
11821,AC005697.2,unmatched,
11822,LYRM9,exact,LYRM9
11823,NLK,exact,NLK
11824,TMEM97,exact,TMEM97
11825,IFT20,exact,IFT20
11826,TNFAIP1,exact,TNFAIP1
11827,POLDIP2,exact,POLDIP2
11828,TMEM199,exact,TMEM199
11829,SARM1,exact,SARM1
11830,SLC46A1,exact,SLC46A1
11831,AC015917.2,unmatched,
11832,AC005726.1,unmatched,
11833,UNC119,exact,UNC119
11834,PIGS,exact,PIGS
11835,ALDOC,exact,ALDOC
11836,SPAG5,exact,SPAG5
11837,AC005726.5,unmatched,
11838,SGK494,official_alias,SGK494
11839,KIAA0100,official_alias,KIAA0100
11840,SDF2,exact,SDF2
11841,SUPT6H,exact,SUPT6H
11842,PROCA1,exact,PROCA1
11843,RAB34,exact,RAB34
11844,RPL23A,exact,RPL23A
11845,AC010761.1,unmatched,
11846,NEK8,exact,NEK8
11847,AC010761.2,unmatched,
11848,TRAF4,exact,TRAF4
11849,FAM222B,exact,FAM222B
11850,ERAL1,exact,ERAL1
11851,FLOT2,exact,FLOT2
11852,AC024267.3,unmatched,
11853,AC024267.6,unmatched,
11854,DHRS13,exact,DHRS13
11855,PHF12,exact,PHF12
11856,PIPOX,exact,PIPOX
11857,SEZ6,exact,SEZ6
11858,MYO18A,exact,MYO18A
11859,TIAF1,official_alias,TIAF1
11860,NUFIP2,exact,NUFIP2
11861,AC068025.2,unmatched,
11862,TAOK1,exact,TAOK1
11863,ABHD15-AS1,unmatched,
11864,ABHD15,exact,ABHD15
11865,TP53I13,exact,TP53I13
11866,GIT1,exact,GIT1
11867,ANKRD13B,exact,ANKRD13B
11868,SSH2,exact,SSH2
11869,AC023389.1,unmatched,
11870,AC104982.1,unmatched,
11871,EFCAB5,exact,EFCAB5
11872,NSRP1,exact,NSRP1
11873,AC104984.3,unmatched,
11874,AC104984.6,unmatched,
11875,SLC6A4,exact,SLC6A4
11876,BLMH,exact,BLMH
11877,CPD,exact,CPD
11878,GOSR1,exact,GOSR1
11879,CRLF3,exact,CRLF3
11880,AC127024.5,unmatched,
11881,ATAD5,exact,ATAD5
11882,AC130324.1,unmatched,
11883,TEFM,exact,TEFM
11884,ADAP2,exact,ADAP2
11885,RNF135,exact,RNF135
11886,AC138207.7,unmatched,
11887,NF1,exact,NF1
11888,OMG,exact,OMG
11889,EVI2B,exact,EVI2B
11890,EVI2A,exact,EVI2A
11891,RAB11FIP4,exact,RAB11FIP4
11892,COPRS,exact,COPRS
11893,UTP6,exact,UTP6
11894,SUZ12,exact,SUZ12
11895,LRRC37B,exact,LRRC37B
11896,AC116407.2,unmatched,
11897,RHOT1,exact,RHOT1
11898,C17orf75,exact,C17orf75
11899,ZNF207,exact,ZNF207
11900,AC005899.6,unmatched,
11901,AC005899.7,unmatched,
11902,AC005899.5,unmatched,
11903,AC005899.8,unmatched,
11904,AC005899.1,unmatched,
11905,PSMD11,exact,PSMD11
11906,CDK5R1,exact,CDK5R1
11907,MYO1D,exact,MYO1D
11908,TMEM132E,exact,TMEM132E
11909,CCT6B,exact,CCT6B
11910,ZNF830,exact,ZNF830
11911,LIG3,exact,LIG3
11912,RFFL,exact,RFFL
11913,AC004223.2,unmatched,
11914,RAD51D,exact,RAD51D
11915,NLE1,exact,NLE1
11916,UNC45B,exact,UNC45B
11917,AC022916.1,unmatched,
11918,SLFN5,exact,SLFN5
11919,AC022706.1,unmatched,
11920,SLFN11,exact,SLFN11
11921,AC060766.6,unmatched,
11922,SLFN12,exact,SLFN12
11923,SLFN13,exact,SLFN13
11924,SLFN12L,unmatched,
11925,LINC02001,unmatched,
11926,PEX12,exact,PEX12
11927,AP2B1,exact,AP2B1
11928,TAF15,exact,TAF15
11929,RASL10B,exact,RASL10B
11930,MMP28,exact,MMP28
11931,C17orf50,exact,C17orf50
11932,AC015849.3,unmatched,
11933,HEATR9,exact,HEATR9
11934,AC015849.1,unmatched,
11935,CCL5,exact,CCL5
11936,RDM1,exact,RDM1
11937,CCL16,exact,CCL16
11938,AC243829.4,unmatched,
11939,CCL3,exact,CCL3
11940,CCL4,exact,CCL4
11941,AC243829.1,unmatched,
11942,CCL3L1,exact,CCL3L1
11943,CCL4L2,exact,CCL4L2
11944,ZNHIT3,exact,ZNHIT3
11945,MYO19,exact,MYO19
11946,PIGW,exact,PIGW
11947,GGNBP2,exact,GGNBP2
11948,DHRS11,exact,DHRS11
11949,MRM1,exact,MRM1
11950,AC243830.2,unmatched,
11951,AATF,exact,AATF
11952,ACACA,exact,ACACA
11953,TADA2A,exact,TADA2A
11954,DUSP14,exact,DUSP14
11955,SYNRG,exact,SYNRG
11956,DDX52,exact,DDX52
11957,MRPL45,exact,MRPL45
11958,SOCS7,exact,SOCS7
11959,EPOP,exact,EPOP
11960,AC006449.6,unmatched,
11961,AC006449.2,unmatched,
11962,MLLT6,exact,MLLT6
11963,AC006449.3,unmatched,
11964,CISD3,exact,CISD3
11965,PCGF2,exact,PCGF2
11966,PSMB3,exact,PSMB3
11967,PIP4K2B,exact,PIP4K2B
11968,CWC25,exact,CWC25
11969,RPL23,exact,RPL23
11970,LASP1,exact,LASP1
11971,LINC00672,unmatched,
11972,PLXDC1,exact,PLXDC1
11973,CACNB1,exact,CACNB1
11974,RPL19,exact,RPL19
11975,STAC2,exact,STAC2
11976,FBXL20,exact,FBXL20
11977,AC005288.1,unmatched,
11978,MED1,exact,MED1
11979,CDK12,exact,CDK12
11980,AC009283.1,unmatched,
11981,NEUROD2,exact,NEUROD2
11982,STARD3,exact,STARD3
11983,TCAP,exact,TCAP
11984,PGAP3,exact,PGAP3
11985,ERBB2,exact,ERBB2
11986,MIEN1,exact,MIEN1
11987,IKZF3,exact,IKZF3
11988,GSDMB,exact,GSDMB
11989,ORMDL3,exact,ORMDL3
11990,AC090844.2,unmatched,
11991,PSMD3,exact,PSMD3
11992,MED24,exact,MED24
11993,THRA,exact,THRA
11994,NR1D1,exact,NR1D1
11995,MSL1,exact,MSL1
11996,CASC3,exact,CASC3
11997,RAPGEFL1,exact,RAPGEFL1
11998,WIPF2,exact,WIPF2
11999,RARA,exact,RARA
12000,TOP2A,exact,TOP2A
12001,IGFBP4,exact,IGFBP4
12002,AC004585.1,unmatched,
12003,CCR7,exact,CCR7
12004,SMARCE1,exact,SMARCE1
12005,AC073508.3,unmatched,
12006,KRT10,exact,KRT10
12007,TMEM99,unmatched,
12008,EIF1,exact,EIF1
12009,HAP1,exact,HAP1
12010,P3H4,exact,P3H4
12011,NT5C3B,exact,NT5C3B
12012,KLHL10,exact,KLHL10
12013,KLHL11,exact,KLHL11
12014,ACLY,exact,ACLY
12015,CNP,exact,CNP
12016,DNAJC7,exact,DNAJC7
12017,NKIRAS2,exact,NKIRAS2
12018,DHX58,exact,DHX58
12019,KAT2A,exact,KAT2A
12020,HSPB9,exact,HSPB9
12021,RAB5C,exact,RAB5C
12022,HCRT,exact,HCRT
12023,GHDC,exact,GHDC
12024,STAT5B,exact,STAT5B
12025,AC099811.4,unmatched,
12026,STAT5A,exact,STAT5A
12027,STAT3,exact,STAT3
12028,ATP6V0A1,exact,ATP6V0A1
12029,NAGLU,exact,NAGLU
12030,HSD17B1,exact,HSD17B1
12031,AC067852.2,unmatched,
12032,COASY,exact,COASY
12033,MLX,exact,MLX
12034,PSMC3IP,exact,PSMC3IP
12035,RETREG3,exact,RETREG3
12036,TUBG1,exact,TUBG1
12037,TUBG2,exact,TUBG2
12038,AC100793.2,unmatched,
12039,CNTNAP1,exact,CNTNAP1
12040,EZH1,exact,EZH1
12041,RAMP2-AS1,exact,RAMP2-AS1
12042,VPS25,exact,VPS25
12043,WNK4,exact,WNK4
12044,COA3,exact,COA3
12045,CNTD1,exact,CNTD1
12046,BECN1,exact,BECN1
12047,PSME3,exact,PSME3
12048,AARSD1,exact,AARSD1
12049,RUNDC1,exact,RUNDC1
12050,RPL27,exact,RPL27
12051,IFI35,exact,IFI35
12052,VAT1,exact,VAT1
12053,RND2,exact,RND2
12054,BRCA1,exact,BRCA1
12055,AC060780.1,unmatched,
12056,NBR1,exact,NBR1
12057,TMEM106A,exact,TMEM106A
12058,LINC00910,unmatched,
12059,ARL4D,exact,ARL4D
12060,DHX8,exact,DHX8
12061,MEOX1,exact,MEOX1
12062,DUSP3,exact,DUSP3
12063,MPP2,exact,MPP2
12064,AC007993.3,unmatched,
12065,LINC01976,exact,LINC01976
12066,NAGS,exact,NAGS
12067,TMEM101,exact,TMEM101
12068,LSM12,exact,LSM12
12069,G6PC3,exact,G6PC3
12070,HDAC5,exact,HDAC5
12071,ASB16,exact,ASB16
12072,ASB16-AS1,exact,ASB16-AS1
12073,TMUB2,exact,TMUB2
12074,ATXN7L3,exact,ATXN7L3
12075,UBTF,exact,UBTF
12076,AC003102.1,unmatched,
12077,SLC4A1,exact,SLC4A1
12078,SLC25A39,exact,SLC25A39
12079,GRN,exact,GRN
12080,FAM171A2,exact,FAM171A2
12081,GPATCH8,exact,GPATCH8
12082,MEIOC,exact,MEIOC
12083,CCDC43,exact,CCDC43
12084,AC091152.2,unmatched,
12085,DBF4B,exact,DBF4B
12086,EFTUD2,exact,EFTUD2
12087,KIF18B,exact,KIF18B
12088,DCAKD,exact,DCAKD
12089,NMT1,exact,NMT1
12090,PLCD3,exact,PLCD3
12091,ACBD4,exact,ACBD4
12092,AC142472.1,unmatched,
12093,HEXIM1,exact,HEXIM1
12094,AC138150.1,unmatched,
12095,HEXIM2,exact,HEXIM2
12096,AC008105.3,unmatched,
12097,FMNL1,exact,FMNL1
12098,AC008105.1,unmatched,
12099,MAP3K14-AS1,unmatched,
12100,MAP3K14,exact,MAP3K14
12101,ARHGAP27,exact,ARHGAP27
12102,PLEKHM1,exact,PLEKHM1
12103,AC091132.1,unmatched,
12104,AC091132.5,unmatched,
12105,LINC02210-CRHR1,exact,LINC02210-CRHR1
12106,MAPT,exact,MAPT
12107,KANSL1,exact,KANSL1
12108,KANSL1-AS1,exact,KANSL1-AS1
12109,ARL17B,exact,ARL17B
12110,LRRC37A,exact,LRRC37A
12111,LRRC37A2,exact,LRRC37A2
12112,ARL17A,exact,ARL17A
12113,FAM215B,unmatched,
12114,NSF,exact,NSF
12115,GOSR2,exact,GOSR2
12116,AC005670.2,unmatched,
12117,CDC27,exact,CDC27
12118,EFCAB13,exact,EFCAB13
12119,NPEPPS,exact,NPEPPS
12120,AC025682.1,unmatched,
12121,KPNB1,exact,KPNB1
12122,TBKBP1,exact,TBKBP1
12123,TBX21,exact,TBX21
12124,OSBPL7,exact,OSBPL7
12125,MRPL10,exact,MRPL10
12126,SCRN2,exact,SCRN2
12127,SP2,exact,SP2
12128,SP2-AS1,exact,SP2-AS1
12129,PNPO,exact,PNPO
12130,AC018521.2,unmatched,
12131,CDK5RAP3,exact,CDK5RAP3
12132,AC018521.4,unmatched,
12133,COPZ2,exact,COPZ2
12134,NFE2L1,exact,NFE2L1
12135,CBX1,exact,CBX1
12136,SNX11,exact,SNX11
12137,SKAP1,exact,SKAP1
12138,SKAP1-AS1,exact,SKAP1-AS1
12139,AC090627.1,unmatched,
12140,HOXB2,exact,HOXB2
12141,HOXB-AS1,exact,HOXB-AS1
12142,HOXB3,exact,HOXB3
12143,HOXB4,exact,HOXB4
12144,HOXB7,exact,HOXB7
12145,AC103702.2,unmatched,
12146,CALCOCO2,exact,CALCOCO2
12147,ATP5MC1,exact,ATP5MC1
12148,UBE2Z,exact,UBE2Z
12149,SNF8,exact,SNF8
12150,GNGT2,exact,GNGT2
12151,ABI3,exact,ABI3
12152,ZNF652,exact,ZNF652
12153,AC091180.2,unmatched,
12154,PHB,unmatched,
12155,SPOP,exact,SPOP
12156,SLC35B1,exact,SLC35B1
12157,FAM117A,exact,FAM117A
12158,KAT7,exact,KAT7
12159,FLJ45513,unmatched,
12160,DLX4,exact,DLX4
12161,ITGA3,exact,ITGA3
12162,PDK2,exact,PDK2
12163,PPP1R9B,exact,PPP1R9B
12164,XYLT2,exact,XYLT2
12165,MRPL27,exact,MRPL27
12166,EME1,exact,EME1
12167,LRRC59,exact,LRRC59
12168,ACSF2,exact,ACSF2
12169,RSAD1,exact,RSAD1
12170,MYCBPAP,exact,MYCBPAP
12171,SPATA20,exact,SPATA20
12172,ANKRD40,exact,ANKRD40
12173,AC005921.2,unmatched,
12174,LUC7L3,exact,LUC7L3
12175,TOB1,exact,TOB1
12176,AC005920.1,unmatched,
12177,SPAG9,exact,SPAG9
12178,NME1,exact,NME1
12179,NME2,exact,NME2
12180,MBTD1,exact,MBTD1
12181,UTP18,exact,UTP18
12182,TOM1L1,exact,TOM1L1
12183,COX11,exact,COX11
12184,STXBP4,exact,STXBP4
12185,MMD,exact,MMD
12186,PCTP,exact,PCTP
12187,NOG,exact,NOG
12188,C17orf67,exact,C17orf67
12189,DGKE,exact,DGKE
12190,TRIM25,exact,TRIM25
12191,AC015912.3,unmatched,
12192,COIL,exact,COIL
12193,SCPEP1,exact,SCPEP1
12194,AC007114.1,unmatched,
12195,AKAP1,exact,AKAP1
12196,AC007114.2,unmatched,
12197,MSI2,exact,MSI2
12198,MRPS23,exact,MRPS23
12199,VEZF1,exact,VEZF1
12200,AC015813.2,unmatched,
12201,AC015813.1,unmatched,
12202,SRSF1,exact,SRSF1
12203,DYNLL2,exact,DYNLL2
12204,OR4D1,exact,OR4D1
12205,AC005962.1,unmatched,
12206,MKS1,exact,MKS1
12207,TSPOAP1,exact,TSPOAP1
12208,TSPOAP1-AS1,exact,TSPOAP1-AS1
12209,AC004687.1,unmatched,
12210,SUPT4H1,exact,SUPT4H1
12211,RNF43,exact,RNF43
12212,HSF5,exact,HSF5
12213,MTMR4,exact,MTMR4
12214,SEPT4,official_alias,SEPT4
12215,RAD51C,exact,RAD51C
12216,TRIM37,exact,TRIM37
12217,AC099850.1,unmatched,
12218,SKA2,exact,SKA2
12219,PRR11,exact,PRR11
12220,SMG8,exact,SMG8
12221,GDPD1,exact,GDPD1
12222,YPEL2,exact,YPEL2
12223,DHX40,exact,DHX40
12224,AC091271.1,unmatched,
12225,CLTC,exact,CLTC
12226,PTRH2,exact,PTRH2
12227,VMP1,exact,VMP1
12228,TUBD1,exact,TUBD1
12229,RPS6KB1,exact,RPS6KB1
12230,RNFT1,exact,RNFT1
12231,HEATR6,exact,HEATR6
12232,AC025048.4,unmatched,
12233,USP32,exact,USP32
12234,APPBP2,exact,APPBP2
12235,AC011921.1,unmatched,
12236,PPM1D,exact,PPM1D
12237,BCAS3,exact,BCAS3
12238,NACA2,exact,NACA2
12239,BRIP1,exact,BRIP1
12240,INTS2,unmatched,
12241,MED13,exact,MED13
12242,METTL2A,exact,METTL2A
12243,TLK2,exact,TLK2
12244,AC080038.1,unmatched,
12245,MRC2,exact,MRC2
12246,MARCH10,official_alias,MARCH10
12247,TANC2,exact,TANC2
12248,CYB561,exact,CYB561
12249,DCAF7,exact,DCAF7
12250,TACO1,exact,TACO1
12251,MAP3K3,exact,MAP3K3
12252,STRADA,exact,STRADA
12253,LIMD2,exact,LIMD2
12254,CCDC47,exact,CCDC47
12255,DDX42,exact,DDX42
12256,FTSJ3,exact,FTSJ3
12257,PSMC5,exact,PSMC5
12258,SMARCD2,exact,SMARCD2
12259,CD79B,exact,CD79B
12260,PRR29-AS1,exact,PRR29-AS1
12261,ICAM2,exact,ICAM2
12262,ERN1,exact,ERN1
12263,SNHG25,exact,SNHG25
12264,TEX2,exact,TEX2
12265,PECAM1,exact,PECAM1
12266,POLG2,exact,POLG2
12267,DDX5,exact,DDX5
12268,CEP95,exact,CEP95
12269,SMURF2,exact,SMURF2
12270,LRRC37A3,exact,LRRC37A3
12271,AC103810.2,unmatched,
12272,GNA13,exact,GNA13
12273,AC037487.2,unmatched,
12274,RGS9,exact,RGS9
12275,AXIN2,exact,AXIN2
12276,CEP112,exact,CEP112
12277,PRKCA,exact,PRKCA
12278,PRKCA-AS1,unmatched,
12279,HELZ,exact,HELZ
12280,AC007448.3,unmatched,
12281,PSMD12,exact,PSMD12
12282,PITPNC1,exact,PITPNC1
12283,NOL11,exact,NOL11
12284,BPTF,exact,BPTF
12285,C17orf58,exact,C17orf58
12286,KPNA2,exact,KPNA2
12287,AC005332.7,unmatched,
12288,AC005332.4,unmatched,
12289,AC005332.6,unmatched,
12290,AC005332.8,unmatched,
12291,AC005332.3,unmatched,
12292,AC005332.5,unmatched,
12293,AC005332.1,unmatched,
12294,AMZ2,exact,AMZ2
12295,ARSG,exact,ARSG
12296,SLC16A6,exact,SLC16A6
12297,WIPI1,exact,WIPI1
12298,PRKAR1A,exact,PRKAR1A
12299,FAM20A,exact,FAM20A
12300,ABCA6,exact,ABCA6
12301,ABCA10,exact,ABCA10
12302,ABCA5,exact,ABCA5
12303,MAP2K6,exact,MAP2K6
12304,LINC01483,exact,LINC01483
12305,SLC39A11,exact,SLC39A11
12306,SSTR2,exact,SSTR2
12307,COG1,exact,COG1
12308,FAM104A,unmatched,
12309,C17orf80,exact,C17orf80
12310,SDK2,exact,SDK2
12311,RPL38,exact,RPL38
12312,AC100786.1,unmatched,
12313,TTYH2,exact,TTYH2
12314,KIF19,exact,KIF19
12315,GPRC5C,exact,GPRC5C
12316,CD300A,exact,CD300A
12317,RAB37,exact,RAB37
12318,SLC9A3R1,unmatched,
12319,NAT9,exact,NAT9
12320,TMEM104,exact,TMEM104
12321,GRIN2C,exact,GRIN2C
12322,FDXR,exact,FDXR
12323,HID1,exact,HID1
12324,MRPL58,exact,MRPL58
12325,KCTD2,exact,KCTD2
12326,ATP5PD,exact,ATP5PD
12327,SLC16A5,exact,SLC16A5
12328,ARMC7,exact,ARMC7
12329,NT5C,exact,NT5C
12330,JPT1,exact,JPT1
12331,SUMO2,exact,SUMO2
12332,NUP85,exact,NUP85
12333,GGA3,exact,GGA3
12334,MRPS7,exact,MRPS7
12335,MIF4GD,exact,MIF4GD
12336,AC022211.2,unmatched,
12337,SLC25A19,exact,SLC25A19
12338,GRB2,exact,GRB2
12339,TMEM94,exact,TMEM94
12340,TSEN54,exact,TSEN54
12341,LLGL2,exact,LLGL2
12342,MYO15B,exact,MYO15B
12343,RECQL5,exact,RECQL5
12344,SAP30BP,exact,SAP30BP
12345,GALK1,exact,GALK1
12346,H3F3B,official_alias,H3F3B
12347,UNK,exact,UNK
12348,UNC13D,exact,UNC13D
12349,WBP2,exact,WBP2
12350,TRIM47,exact,TRIM47
12351,AC087289.5,unmatched,
12352,TRIM65,exact,TRIM65
12353,AC087289.2,unmatched,
12354,MRPL38,exact,MRPL38
12355,FBF1,exact,FBF1
12356,ACOX1,exact,ACOX1
12357,TEN1,exact,TEN1
12358,CDK3,exact,CDK3
12359,EVPL,exact,EVPL
12360,SRP68,exact,SRP68
12361,ZACN,exact,ZACN
12362,EXOC7,exact,EXOC7
12363,FOXJ1,exact,FOXJ1
12364,RNF157-AS1,exact,RNF157-AS1
12365,RNF157,exact,RNF157
12366,UBALD2,exact,UBALD2
12367,QRICH2,exact,QRICH2
12368,PRPSAP1,exact,PRPSAP1
12369,UBE2O,exact,UBE2O
12370,RHBDF2,exact,RHBDF2
12371,PRCD,exact,PRCD
12372,AC015802.6,unmatched,
12373,AC005837.1,unmatched,
12374,MXRA7,exact,MXRA7
12375,JMJD6,exact,JMJD6
12376,METTL23,exact,METTL23
12377,SRSF2,exact,SRSF2
12378,MFSD11,exact,MFSD11
12379,MGAT5B,exact,MGAT5B
12380,SEC14L1,exact,SEC14L1
12381,SEPT9,official_alias,SEPT9
12382,AC111182.1,unmatched,
12383,TNRC6C,exact,TNRC6C
12384,TMC6,exact,TMC6
12385,TMC8,exact,TMC8
12386,SYNGR2,exact,SYNGR2
12387,TK1,exact,TK1
12388,AFMID,exact,AFMID
12389,BIRC5,exact,BIRC5
12390,LINC01993,exact,LINC01993
12391,SOCS3,exact,SOCS3
12392,PGS1,exact,PGS1
12393,DNAH17,exact,DNAH17
12394,LINC02081,official_alias,LINC02081
12395,CYTH1,exact,CYTH1
12396,USP36,exact,USP36
12397,TIMP2,exact,TIMP2
12398,CEP295NL,exact,CEP295NL
12399,AC100788.1,unmatched,
12400,LGALS3BP,exact,LGALS3BP
12401,CANT1,exact,CANT1
12402,ENGASE,exact,ENGASE
12403,RBFOX3,exact,RBFOX3
12404,CBX8,exact,CBX8
12405,CBX4,exact,CBX4
12406,TBC1D16,exact,TBC1D16
12407,CCDC40,exact,CCDC40
12408,GAA,exact,GAA
12409,EIF4A3,exact,EIF4A3
12410,AC087741.2,unmatched,
12411,CARD14,exact,CARD14
12412,AC087741.1,unmatched,
12413,SGSH,exact,SGSH
12414,SLC26A11,exact,SLC26A11
12415,RNF213,exact,RNF213
12416,AC124319.2,unmatched,
12417,ENDOV,exact,ENDOV
12418,RPTOR,exact,RPTOR
12419,AC016245.1,unmatched,
12420,AC127496.1,unmatched,
12421,CHMP6,exact,CHMP6
12422,AC127496.5,unmatched,
12423,BAIAP2-DT,exact,BAIAP2-DT
12424,BAIAP2,exact,BAIAP2
12425,CEP131,exact,CEP131
12426,TEPSIN,exact,TEPSIN
12427,NDUFAF8,exact,NDUFAF8
12428,SLC38A10,exact,SLC38A10
12429,ACTG1,exact,ACTG1
12430,FAAP100,exact,FAAP100
12431,NPLOC4,exact,NPLOC4
12432,TSPAN10,exact,TSPAN10
12433,PDE6G,exact,PDE6G
12434,OXLD1,exact,OXLD1
12435,CCDC137,exact,CCDC137
12436,ARL16,exact,ARL16
12437,HGS,exact,HGS
12438,AC139530.3,unmatched,
12439,AC139530.1,unmatched,
12440,MRPL12,exact,MRPL12
12441,SLC25A10,exact,SLC25A10
12442,MCRIP1,exact,MCRIP1
12443,P4HB,exact,P4HB
12444,ARHGDIA,exact,ARHGDIA
12445,AC145207.5,unmatched,
12446,AC145207.6,unmatched,
12447,ALYREF,exact,ALYREF
12448,ANAPC11,exact,ANAPC11
12449,PCYT2,exact,PCYT2
12450,SIRT7,exact,SIRT7
12451,MAFG,exact,MAFG
12452,MAFG-DT,unmatched,
12453,PYCR1,exact,PYCR1
12454,ASPSCR1,exact,ASPSCR1
12455,CENPX,exact,CENPX
12456,LRRC45,exact,LRRC45
12457,DCXR,exact,DCXR
12458,AC137723.1,unmatched,
12459,RFNG,exact,RFNG
12460,GPS1,exact,GPS1
12461,DUS1L,exact,DUS1L
12462,FASN,exact,FASN
12463,CCDC57,exact,CCDC57
12464,SLC16A3,exact,SLC16A3
12465,CSNK1D,exact,CSNK1D
12466,LINC01970,exact,LINC01970
12467,AC132872.1,unmatched,
12468,CD7,exact,CD7
12469,OGFOD3,exact,OGFOD3
12470,HEXDC,official_alias,HEXDC
12471,CYBC1,exact,CYBC1
12472,NARF,exact,NARF
12473,NARF-AS1,unmatched,
12474,FOXK2,exact,FOXK2
12475,AC124283.1,unmatched,
12476,WDR45B,exact,WDR45B
12477,RAB40B,exact,RAB40B
12478,FN3KRP,exact,FN3KRP
12479,FN3K,exact,FN3K
12480,TBCD,exact,TBCD
12481,AC087222.1,unmatched,
12482,B3GNTL1,exact,B3GNTL1
12483,METRNL,exact,METRNL
12484,USP14,exact,USP14
12485,THOC1,exact,THOC1
12486,AP000845.1,unmatched,
12487,COLEC12,exact,COLEC12
12488,AP001178.3,unmatched,
12489,TYMS,exact,TYMS
12490,ENOSF1,exact,ENOSF1
12491,YES1,exact,YES1
12492,AP001020.3,unmatched,
12493,AP000894.4,unmatched,
12494,METTL4,exact,METTL4
12495,NDC80,exact,NDC80
12496,SMCHD1,exact,SMCHD1
12497,EMILIN2,exact,EMILIN2
12498,LPIN2,exact,LPIN2
12499,AP000919.2,unmatched,
12500,MYOM1,exact,MYOM1
12501,AP005329.3,unmatched,
12502,MYL12A,exact,MYL12A
12503,AP005329.1,unmatched,
12504,MYL12B,exact,MYL12B
12505,TGIF1,exact,TGIF1
12506,DLGAP1-AS1,unmatched,
12507,DLGAP1-AS2,unmatched,
12508,LINC00526,unmatched,
12509,LINC00667,exact,LINC00667
12510,ZBTB14,exact,ZBTB14
12511,AP001496.1,unmatched,
12512,PTPRM,exact,PTPRM
12513,RAB12,exact,RAB12
12514,NDUFV2,exact,NDUFV2
12515,AP005899.1,unmatched,
12516,NDUFV2-AS1,exact,NDUFV2-AS1
12517,ANKRD12,exact,ANKRD12
12518,TWSG1,exact,TWSG1
12519,RALBP1,exact,RALBP1
12520,PPP4R1,exact,PPP4R1
12521,AC006238.1,unmatched,
12522,VAPA,exact,VAPA
12523,NAPG,exact,NAPG
12524,GNAL,exact,GNAL
12525,CHMP1B,exact,CHMP1B
12526,MPPE1,exact,MPPE1
12527,AP001269.4,unmatched,
12528,IMPA2,exact,IMPA2
12529,AFG3L2,exact,AFG3L2
12530,PRELID3A,exact,PRELID3A
12531,SPIRE1,exact,SPIRE1
12532,PSMG2,exact,PSMG2
12533,CEP76,exact,CEP76
12534,AP005482.1,unmatched,
12535,PTPN2,exact,PTPN2
12536,SEH1L,exact,SEH1L
12537,AP002449.1,unmatched,
12538,CEP192,exact,CEP192
12539,LDLRAD4,exact,LDLRAD4
12540,AP005131.1,unmatched,
12541,FAM210A,exact,FAM210A
12542,RNMT,exact,RNMT
12543,ZNF519,exact,ZNF519
12544,ROCK1,exact,ROCK1
12545,GREB1L,exact,GREB1L
12546,ESCO1,exact,ESCO1
12547,SNRPD1,exact,SNRPD1
12548,ABHD3,exact,ABHD3
12549,MIB1,exact,MIB1
12550,AC027449.1,unmatched,
12551,RBBP8,exact,RBBP8
12552,TMEM241,exact,TMEM241
12553,RIOK3,exact,RIOK3
12554,RMC1,exact,RMC1
12555,NPC1,exact,NPC1
12556,TTC39C,exact,TTC39C
12557,TTC39C-AS1,exact,TTC39C-AS1
12558,OSBPL1A,exact,OSBPL1A
12559,IMPACT,exact,IMPACT
12560,SS18,exact,SS18
12561,PSMA8,exact,PSMA8
12562,TAF4B,exact,TAF4B
12563,KCTD1,exact,KCTD1
12564,DSC1,exact,DSC1
12565,DSG3,exact,DSG3
12566,DSG2,exact,DSG2
12567,TRAPPC8,exact,TRAPPC8
12568,AC022960.1,unmatched,
12569,AC009831.1,unmatched,
12570,RNF125,exact,RNF125
12571,AC011825.4,unmatched,
12572,RNF138,exact,RNF138
12573,AC011825.2,unmatched,
12574,MAPRE2,exact,MAPRE2
12575,AC015967.1,unmatched,
12576,ZNF397,exact,ZNF397
12577,ZSCAN30,exact,ZSCAN30
12578,AC011815.2,unmatched,
12579,AC011815.1,unmatched,
12580,ZNF24,exact,ZNF24
12581,ZNF396,exact,ZNF396
12582,AC007998.4,unmatched,
12583,INO80C,exact,INO80C
12584,GALNT1,exact,GALNT1
12585,AC090229.1,unmatched,
12586,AC118757.1,unmatched,
12587,C18orf21,exact,C18orf21
12588,RPRD1A,exact,RPRD1A
12589,SLC39A6,exact,SLC39A6
12590,ELP2,exact,ELP2
12591,TPGS2,exact,TPGS2
12592,KIAA1328,exact,KIAA1328
12593,CELF4,exact,CELF4
12594,AC015961.2,unmatched,
12595,AC021504.1,unmatched,
12596,PIK3C3,exact,PIK3C3
12597,SETBP1,exact,SETBP1
12598,SLC14A2,exact,SLC14A2
12599,SLC14A1,exact,SLC14A1
12600,EPG5,exact,EPG5
12601,PSTPIP2,exact,PSTPIP2
12602,ATP5F1A,exact,ATP5F1A
12603,HAUS1,exact,HAUS1
12604,C18orf25,unmatched,
12605,AC090241.3,unmatched,
12606,PIAS2,exact,PIAS2
12607,KATNAL2,exact,KATNAL2
12608,AC012254.3,unmatched,
12609,HDHD2,exact,HDHD2
12610,IER3IP1,exact,IER3IP1
12611,SMAD2,exact,SMAD2
12612,CTIF,exact,CTIF
12613,SMAD7,exact,SMAD7
12614,DYM,exact,DYM
12615,C18orf32,exact,C18orf32
12616,AC100778.3,unmatched,
12617,RPL17,exact,RPL17
12618,LIPG,exact,LIPG
12619,ACAA2,exact,ACAA2
12620,SNHG22,exact,SNHG22
12621,CFAP53,exact,CFAP53
12622,MBD1,exact,MBD1
12623,CXXC1,exact,CXXC1
12624,ME2,exact,ME2
12625,ELAC1,exact,ELAC1
12626,SMAD4,exact,SMAD4
12627,MEX3C,exact,MEX3C
12628,MBD2,exact,MBD2
12629,AC093462.1,unmatched,
12630,POLI,exact,POLI
12631,C18orf54,exact,C18orf54
12632,RAB27B,exact,RAB27B
12633,TCF4,exact,TCF4
12634,AC006305.1,unmatched,
12635,TXNL1,exact,TXNL1
12636,WDR7,exact,WDR7
12637,FECH,exact,FECH
12638,AC100847.1,unmatched,
12639,NARS,official_alias,NARS
12640,AC027097.1,unmatched,
12641,AC027097.2,unmatched,
12642,ATP8B1,exact,ATP8B1
12643,NEDD4L,exact,NEDD4L
12644,MALT1,exact,MALT1
12645,ZNF532,exact,ZNF532
12646,SEC11C,exact,SEC11C
12647,LMAN1,exact,LMAN1
12648,CCBE1,exact,CCBE1
12649,PMAIP1,exact,PMAIP1
12650,CDH20,exact,CDH20
12651,PIGN,exact,PIGN
12652,KIAA1468,official_alias,KIAA1468
12653,ZCCHC2,exact,ZCCHC2
12654,AC064801.1,unmatched,
12655,PHLPP1,exact,PHLPP1
12656,BCL2,exact,BCL2
12657,AC022726.2,unmatched,
12658,KDSR,exact,KDSR
12659,AC036176.1,unmatched,
12660,VPS4B,exact,VPS4B
12661,SERPINB8,exact,SERPINB8
12662,DSEL,exact,DSEL
12663,TMX3,exact,TMX3
12664,CCDC102B,exact,CCDC102B
12665,DOK6,exact,DOK6
12666,CD226,exact,CD226
12667,RTTN,exact,RTTN
12668,SOCS6,exact,SOCS6
12669,GTSCR1,exact,GTSCR1
12670,FBXO15,exact,FBXO15
12671,TIMM21,exact,TIMM21
12672,CYB5A,exact,CYB5A
12673,CNDP2,exact,CNDP2
12674,LINC00909,official_alias,LINC00909
12675,ZNF407,exact,ZNF407
12676,AC015819.2,unmatched,
12677,AC015819.1,unmatched,
12678,ZADH2,unmatched,
12679,TSHZ1,exact,TSHZ1
12680,ZNF516,exact,ZNF516
12681,AC018413.1,unmatched,
12682,ZNF236-DT,exact,ZNF236-DT
12683,AC027575.2,unmatched,
12684,ZNF236,exact,ZNF236
12685,MBP,exact,MBP
12686,AC018529.2,unmatched,
12687,GALR1,exact,GALR1
12688,ATP9B,exact,ATP9B
12689,AC104423.1,unmatched,
12690,NFATC1,exact,NFATC1
12691,AC068473.5,unmatched,
12692,CTDP1,exact,CTDP1
12693,AC114341.1,unmatched,
12694,PQLC1,official_alias,PQLC1
12695,HSBP1L1,exact,HSBP1L1
12696,TXNL4A,exact,TXNL4A
12697,AC090360.1,unmatched,
12698,RBFA,exact,RBFA
12699,RBFADN,exact,RBFADN
12700,ADNP2,exact,ADNP2
12701,PARD6G-AS1,exact,PARD6G-AS1
12702,PARD6G,exact,PARD6G
12703,C20orf96,exact,C20orf96
12704,ZCCHC3,exact,ZCCHC3
12705,NRSN2-AS1,exact,NRSN2-AS1
12706,SOX12,exact,SOX12
12707,NRSN2,exact,NRSN2
12708,TRIB3,exact,TRIB3
12709,RBCK1,exact,RBCK1
12710,TBC1D20,exact,TBC1D20
12711,CSNK2A1,exact,CSNK2A1
12712,FAM110A,exact,FAM110A
12713,PSMF1,exact,PSMF1
12714,SNPH,exact,SNPH
12715,SDCBP2,exact,SDCBP2
12716,SDCBP2-AS1,exact,SDCBP2-AS1
12717,AL136531.1,unmatched,
12718,FKBP1A,exact,FKBP1A
12719,NSFL1C,exact,NSFL1C
12720,SIRPB1,exact,SIRPB1
12721,SIRPG,exact,SIRPG
12722,SIRPG-AS1,exact,SIRPG-AS1
12723,STK35,exact,STK35
12724,SNRPB,exact,SNRPB
12725,ZNF343,exact,ZNF343
12726,NOP56,exact,NOP56
12727,IDH3B,exact,IDH3B
12728,EBF4,exact,EBF4
12729,PCED1A,exact,PCED1A
12730,VPS16,exact,VPS16
12731,PTPRA,exact,PTPRA
12732,MRPS26,exact,MRPS26
12733,OXT,exact,OXT
12734,UBOX5,exact,UBOX5
12735,FASTKD5,exact,FASTKD5
12736,LZTS3,exact,LZTS3
12737,DDRGK1,exact,DDRGK1
12738,ITPA,exact,ITPA
12739,C20orf194,official_alias,C20orf194
12740,ATRN,exact,ATRN
12741,C20orf27,unmatched,
12742,CENPB,exact,CENPB
12743,CDC25B,exact,CDC25B
12744,LINC01730,exact,LINC01730
12745,AP5S1,exact,AP5S1
12746,MAVS,exact,MAVS
12747,AL353194.1,unmatched,
12748,PANK2,exact,PANK2
12749,AL031670.1,unmatched,
12750,RNF24,exact,RNF24
12751,PRNP,exact,PRNP
12752,RASSF2,exact,RASSF2
12753,SLC23A2,exact,SLC23A2
12754,TMEM230,exact,TMEM230
12755,PCNA,exact,PCNA
12756,CDS2,exact,CDS2
12757,GPCPD1,exact,GPCPD1
12758,SHLD1,exact,SHLD1
12759,TRMT6,exact,TRMT6
12760,MCM8,exact,MCM8
12761,MCM8-AS1,exact,MCM8-AS1
12762,AL035461.2,unmatched,
12763,CRLS1,exact,CRLS1
12764,TMX4,exact,TMX4
12765,PLCB1,exact,PLCB1
12766,ANKEF1,exact,ANKEF1
12767,MKKS,exact,MKKS
12768,SLX4IP,exact,SLX4IP
12769,BTBD3,exact,BTBD3
12770,TASP1,exact,TASP1
12771,ESF1,exact,ESF1
12772,NDUFAF5,exact,NDUFAF5
12773,MACROD2,exact,MACROD2
12774,KIF16B,exact,KIF16B
12775,SNRPB2,exact,SNRPB2
12776,DSTN,exact,DSTN
12777,RRBP1,exact,RRBP1
12778,SNX5,exact,SNX5
12779,MGME1,exact,MGME1
12780,PET117,exact,PET117
12781,KAT14,exact,KAT14
12782,ZNF133,exact,ZNF133
12783,DZANK1,exact,DZANK1
12784,POLR3F,exact,POLR3F
12785,RBBP9,exact,RBBP9
12786,SEC23B,exact,SEC23B
12787,SMIM26,exact,SMIM26
12788,DTD1,exact,DTD1
12789,AL035563.1,unmatched,
12790,NAA20,exact,NAA20
12791,CRNKL1,exact,CRNKL1
12792,RALGAPA2,exact,RALGAPA2
12793,KIZ,exact,KIZ
12794,KIZ-AS1,exact,KIZ-AS1
12795,AL117332.1,unmatched,
12796,XRN2,exact,XRN2
12797,NXT1,exact,NXT1
12798,LINC01431,exact,LINC01431
12799,GZF1,exact,GZF1
12800,NAPB,exact,NAPB
12801,CST3,exact,CST3
12802,CST7,exact,CST7
12803,APMAP,exact,APMAP
12804,ACSS1,exact,ACSS1
12805,AL035252.2,unmatched,
12806,ENTPD6,exact,ENTPD6
12807,AL035252.3,unmatched,
12808,PYGB,exact,PYGB
12809,AL121772.3,unmatched,
12810,ABHD12,exact,ABHD12
12811,GINS1,exact,GINS1
12812,NINL,exact,NINL
12813,NANP,exact,NANP
12814,ZNF337-AS1,exact,ZNF337-AS1
12815,ZNF337,exact,ZNF337
12816,AL031673.1,unmatched,
12817,AL390198.1,unmatched,
12818,LINC01597,exact,LINC01597
12819,HM13,exact,HM13
12820,AL110115.2,unmatched,
12821,BCL2L1,exact,BCL2L1
12822,AL117381.1,unmatched,
12823,ABALON,exact,ABALON
12824,PDRG1,exact,PDRG1
12825,TM9SF4,exact,TM9SF4
12826,PLAGL2,exact,PLAGL2
12827,POFUT1,exact,POFUT1
12828,KIF3B,exact,KIF3B
12829,ASXL1,exact,ASXL1
12830,NOL4L,exact,NOL4L
12831,AL034550.2,unmatched,
12832,COMMD7,exact,COMMD7
12833,DNMT3B,exact,DNMT3B
12834,MAPRE1,exact,MAPRE1
12835,AL035071.1,unmatched,
12836,CDK5RAP1,exact,CDK5RAP1
12837,SNTA1,exact,SNTA1
12838,CBFA2T2,exact,CBFA2T2
12839,NECAB3,exact,NECAB3
12840,C20orf144,exact,C20orf144
12841,ACTL10,exact,ACTL10
12842,E2F1,exact,E2F1
12843,PXMP4,exact,PXMP4
12844,ZNF341,exact,ZNF341
12845,CHMP4B,exact,CHMP4B
12846,AL034549.1,unmatched,
12847,RALY,exact,RALY
12848,EIF2S2,exact,EIF2S2
12849,AHCY,exact,AHCY
12850,ITCH,exact,ITCH
12851,ITCH-AS1,unmatched,
12852,DYNLRB1,exact,DYNLRB1
12853,MAP1LC3A,exact,MAP1LC3A
12854,PIGU,exact,PIGU
12855,NCOA6,exact,NCOA6
12856,TP53INP2,exact,TP53INP2
12857,GGT7,exact,GGT7
12858,ACSS2,exact,ACSS2
12859,GSS,exact,GSS
12860,MYH7B,exact,MYH7B
12861,TRPC4AP,exact,TRPC4AP
12862,EDEM2,exact,EDEM2
12863,PROCR,exact,PROCR
12864,MMP24OS,exact,MMP24OS
12865,EIF6,exact,EIF6
12866,UQCC1,exact,UQCC1
12867,CEP250,exact,CEP250
12868,FO393401.1,unmatched,
12869,ERGIC3,exact,ERGIC3
12870,CPNE1,exact,CPNE1
12871,RBM12,exact,RBM12
12872,NFS1,exact,NFS1
12873,ROMO1,exact,ROMO1
12874,RBM39,exact,RBM39
12875,PHF20,exact,PHF20
12876,SCAND1,exact,SCAND1
12877,CNBD2,exact,CNBD2
12878,NORAD,exact,NORAD
12879,AAR2,exact,AAR2
12880,DLGAP4,exact,DLGAP4
12881,DLGAP4-AS1,exact,DLGAP4-AS1
12882,TGIF2,exact,TGIF2
12883,RAB5IF,exact,RAB5IF
12884,SLA2,exact,SLA2
12885,NDRG3,exact,NDRG3
12886,DSN1,exact,DSN1
12887,SOGA1,exact,SOGA1
12888,TLDC2,exact,TLDC2
12889,SAMHD1,exact,SAMHD1
12890,RBL1,exact,RBL1
12891,MROH8,exact,MROH8
12892,RPN2,exact,RPN2
12893,MANBAL,exact,MANBAL
12894,SRC,exact,SRC
12895,BLCAP,exact,BLCAP
12896,CTNNBL1,exact,CTNNBL1
12897,TTI1,exact,TTI1
12898,RPRD1B,exact,RPRD1B
12899,AL391095.1,unmatched,
12900,RALGAPB,exact,RALGAPB
12901,ACTR5,exact,ACTR5
12902,PPP1R16B,exact,PPP1R16B
12903,FAM83D,exact,FAM83D
12904,DHX35,exact,DHX35
12905,TOP1,exact,TOP1
12906,PLCG1-AS1,exact,PLCG1-AS1
12907,PLCG1,exact,PLCG1
12908,ZHX3,exact,ZHX3
12909,CHD6,exact,CHD6
12910,SRSF6,exact,SRSF6
12911,L3MBTL1,exact,L3MBTL1
12912,IFT52,exact,IFT52
12913,GTSF1L,exact,GTSF1L
12914,OSER1,exact,OSER1
12915,OSER1-DT,exact,OSER1-DT
12916,FITM2,exact,FITM2
12917,TTPAL,exact,TTPAL
12918,SERINC3,exact,SERINC3
12919,PKIG,exact,PKIG
12920,ADA,exact,ADA
12921,YWHAB,exact,YWHAB
12922,PABPC1L,exact,PABPC1L
12923,TOMM34,exact,TOMM34
12924,STK4,exact,STK4
12925,SYS1,exact,SYS1
12926,PIGT,exact,PIGT
12927,AL031663.3,unmatched,
12928,DNTTIP1,exact,DNTTIP1
12929,TNNC2,exact,TNNC2
12930,SNX21,exact,SNX21
12931,ACOT8,exact,ACOT8
12932,ZSWIM3,exact,ZSWIM3
12933,ZSWIM1,exact,ZSWIM1
12934,SPATA25,exact,SPATA25
12935,NEURL2,exact,NEURL2
12936,CTSA,exact,CTSA
12937,PCIF1,exact,PCIF1
12938,ZNF335,exact,ZNF335
12939,SLC12A5,exact,SLC12A5
12940,NCOA5,exact,NCOA5
12941,CD40,exact,CD40
12942,SLC35C2,exact,SLC35C2
12943,ELMO2,exact,ELMO2
12944,ZNF334,exact,ZNF334
12945,TP53RK,exact,TP53RK
12946,AL031055.1,unmatched,
12947,ZMYND8,exact,ZMYND8
12948,AL031666.2,unmatched,
12949,NCOA3,exact,NCOA3
12950,SULF2,exact,SULF2
12951,PREX1,exact,PREX1
12952,AL133342.1,unmatched,
12953,ARFGEF2,exact,ARFGEF2
12954,CSE1L,exact,CSE1L
12955,STAU1,exact,STAU1
12956,DDX27,exact,DDX27
12957,ZNFX1,exact,ZNFX1
12958,ZFAS1,exact,ZFAS1
12959,KCNB1,exact,KCNB1
12960,B4GALT5,exact,B4GALT5
12961,SLC9A8,exact,SLC9A8
12962,SPATA2,exact,SPATA2
12963,RNF114,exact,RNF114
12964,UBE2V1,exact,UBE2V1
12965,TMEM189,official_alias,TMEM189
12966,CEBPB-AS1,exact,CEBPB-AS1
12967,CEBPB,exact,CEBPB
12968,PTPN1,exact,PTPN1
12969,RIPOR3,exact,RIPOR3
12970,PARD6B,exact,PARD6B
12971,BCAS4,exact,BCAS4
12972,ADNP,exact,ADNP
12973,ADNP-AS1,exact,ADNP-AS1
12974,DPM1,exact,DPM1
12975,MOCS3,exact,MOCS3
12976,NFATC2,exact,NFATC2
12977,ATP9A,exact,ATP9A
12978,ZFP64,exact,ZFP64
12979,TSHZ2,exact,TSHZ2
12980,AL157838.1,unmatched,
12981,ZNF217,exact,ZNF217
12982,PFDN4,exact,PFDN4
12983,FAM210B,exact,FAM210B
12984,AURKA,exact,AURKA
12985,CSTF1,exact,CSTF1
12986,CASS4,exact,CASS4
12987,RTF2,exact,RTF2
12988,FAM209A,exact,FAM209A
12989,FAM209B,exact,FAM209B
12990,BMP7,exact,BMP7
12991,RAE1,exact,RAE1
12992,MTRNR2L3,exact,MTRNR2L3
12993,AL109955.1,unmatched,
12994,RBM38,exact,RBM38
12995,ZBP1,exact,ZBP1
12996,PMEPA1,exact,PMEPA1
12997,NKILA,exact,NKILA
12998,RAB22A,exact,RAB22A
12999,VAPB,exact,VAPB
13000,STX16,exact,STX16
13001,STX16-NPEPL1,exact,STX16-NPEPL1
13002,NPEPL1,exact,NPEPL1
13003,AL132655.2,unmatched,
13004,GNAS-AS1,exact,GNAS-AS1
13005,GNAS,exact,GNAS
13006,AL121917.1,unmatched,
13007,AL121917.2,unmatched,
13008,NELFCD,exact,NELFCD
13009,CTSZ,exact,CTSZ
13010,ATP5F1E,exact,ATP5F1E
13011,PRELID3B,exact,PRELID3B
13012,ZNF831,exact,ZNF831
13013,SYCP2,exact,SYCP2
13014,FAM217B,exact,FAM217B
13015,PPP1R3D,exact,PPP1R3D
13016,CDH26,exact,CDH26
13017,C20orf197,unmatched,
13018,MIR646HG,exact,MIR646HG
13019,CDH4,exact,CDH4
13020,AL162457.1,unmatched,
13021,TAF4,exact,TAF4
13022,AL137077.2,unmatched,
13023,LSM14B,exact,LSM14B
13024,PSMA7,exact,PSMA7
13025,SS18L1,exact,SS18L1
13026,MTG2,exact,MTG2
13027,OSBPL2,exact,OSBPL2
13028,ADRM1,exact,ADRM1
13029,AL121832.2,unmatched,
13030,RPS21,exact,RPS21
13031,CABLES2,exact,CABLES2
13032,SLCO4A1,exact,SLCO4A1
13033,AL357033.4,unmatched,
13034,LINC00659,exact,LINC00659
13035,MRGBP,exact,MRGBP
13036,OGFR,exact,OGFR
13037,TCFL5,exact,TCFL5
13038,DIDO1,exact,DIDO1
13039,AL117379.1,unmatched,
13040,GID8,exact,GID8
13041,SLC17A9,exact,SLC17A9
13042,HAR1B,exact,HAR1B
13043,HAR1A,exact,HAR1A
13044,YTHDF1,exact,YTHDF1
13045,ARFGAP1,exact,ARFGAP1
13046,KCNQ2,exact,KCNQ2
13047,EEF1A2,exact,EEF1A2
13048,PPDPF,exact,PPDPF
13049,PTK6,exact,PTK6
13050,HELZ2,exact,HELZ2
13051,GMEB2,exact,GMEB2
13052,MHENCR,exact,MHENCR
13053,STMN3,exact,STMN3
13054,ARFRP1,exact,ARFRP1
13055,ZGPAT,exact,ZGPAT
13056,AL121845.4,unmatched,
13057,LIME1,exact,LIME1
13058,SLC2A4RG,exact,SLC2A4RG
13059,AL121845.1,unmatched,
13060,AL118506.1,unmatched,
13061,TPD52L2,exact,TPD52L2
13062,DNAJC5,exact,DNAJC5
13063,UCKL1,exact,UCKL1
13064,UCKL1-AS1,exact,UCKL1-AS1
13065,ZNF512B,exact,ZNF512B
13066,SAMD10,exact,SAMD10
13067,PRPF6,exact,PRPF6
13068,C20orf204,exact,C20orf204
13069,TCEA2,exact,TCEA2
13070,RGS19,exact,RGS19
13071,OPRL1,exact,OPRL1
13072,PCMTD2,exact,PCMTD2
13073,LINC00266-1,unmatched,
13074,AC016588.2,unmatched,
13075,MIER2,exact,MIER2
13076,SHC2,exact,SHC2
13077,MADCAM1,exact,MADCAM1
13078,TPGS1,exact,TPGS1
13079,CDC34,exact,CDC34
13080,GZMM,exact,GZMM
13081,AC009005.1,unmatched,
13082,BSG,exact,BSG
13083,HCN2,exact,HCN2
13084,POLRMT,exact,POLRMT
13085,FGF22,exact,FGF22
13086,RNF126,exact,RNF126
13087,AC004156.1,unmatched,
13088,FSTL3,exact,FSTL3
13089,PTBP1,exact,PTBP1
13090,CFD,exact,CFD
13091,MED16,exact,MED16
13092,R3HDM4,exact,R3HDM4
13093,KISS1R,exact,KISS1R
13094,ARID3A,exact,ARID3A
13095,WDR18,exact,WDR18
13096,AC004528.1,unmatched,
13097,GRIN3B,exact,GRIN3B
13098,TMEM259,exact,TMEM259
13099,CNN2,exact,CNN2
13100,ABCA7,exact,ABCA7
13101,ARHGAP45,exact,ARHGAP45
13102,POLR2E,exact,POLR2E
13103,GPX4,exact,GPX4
13104,SBNO2,exact,SBNO2
13105,STK11,exact,STK11
13106,ATP5F1D,exact,ATP5F1D
13107,MIDN,exact,MIDN
13108,CIRBP,exact,CIRBP
13109,C19orf24,official_alias,C19orf24
13110,MUM1,official_alias,MUM1
13111,NDUFS7,exact,NDUFS7
13112,AC005329.1,unmatched,
13113,GAMT,exact,GAMT
13114,DAZAP1,exact,DAZAP1
13115,RPS15,exact,RPS15
13116,AC027307.3,unmatched,
13117,APC2,exact,APC2
13118,AC027307.2,unmatched,
13119,C19orf25,exact,C19orf25
13120,PCSK4,exact,PCSK4
13121,REEP6,exact,REEP6
13122,ADAMTSL5,exact,ADAMTSL5
13123,MEX3D,exact,MEX3D
13124,MBD3,exact,MBD3
13125,UQCR11,exact,UQCR11
13126,TCF3,exact,TCF3
13127,ATP8B3,exact,ATP8B3
13128,REXO1,exact,REXO1
13129,KLF16,exact,KLF16
13130,AC012615.1,unmatched,
13131,ABHD17A,exact,ABHD17A
13132,SCAMP4,exact,SCAMP4
13133,ADAT3,exact,ADAT3
13134,CSNK1G2,exact,CSNK1G2
13135,BTBD2,exact,BTBD2
13136,MKNK2,exact,MKNK2
13137,MOB3A,exact,MOB3A
13138,IZUMO4,exact,IZUMO4
13139,AP3D1,exact,AP3D1
13140,DOT1L,exact,DOT1L
13141,PLEKHJ1,exact,PLEKHJ1
13142,SF3A2,exact,SF3A2
13143,JSRP1,exact,JSRP1
13144,OAZ1,exact,OAZ1
13145,LINGO3,exact,LINGO3
13146,LSM7,exact,LSM7
13147,SPPL2B,exact,SPPL2B
13148,TIMM13,exact,TIMM13
13149,LMNB2,exact,LMNB2
13150,GADD45B,exact,GADD45B
13151,GNG7,exact,GNG7
13152,SLC39A3,exact,SLC39A3
13153,SGTA,exact,SGTA
13154,THOP1,exact,THOP1
13155,ZNF554,exact,ZNF554
13156,ZNF555,exact,ZNF555
13157,ZNF556,exact,ZNF556
13158,ZNF57,exact,ZNF57
13159,ZNF77,exact,ZNF77
13160,TLE2,exact,TLE2
13161,AC005944.1,unmatched,
13162,AES,official_alias,AES
13163,GNA11,exact,GNA11
13164,S1PR4,exact,S1PR4
13165,NCLN,exact,NCLN
13166,NFIC,exact,NFIC
13167,DOHH,exact,DOHH
13168,FZR1,exact,FZR1
13169,MFSD12,exact,MFSD12
13170,AC005786.2,unmatched,
13171,HMG20B,exact,HMG20B
13172,GIPC3,exact,GIPC3
13173,TBXA2R,exact,TBXA2R
13174,CACTIN-AS1,exact,CACTIN-AS1
13175,CACTIN,exact,CACTIN
13176,PIP5K1C,exact,PIP5K1C
13177,TJP3,exact,TJP3
13178,APBA3,exact,APBA3
13179,AC005954.2,unmatched,
13180,MRPL54,exact,MRPL54
13181,MATK,exact,MATK
13182,ZFR2,exact,ZFR2
13183,DAPK3,exact,DAPK3
13184,EEF2,exact,EEF2
13185,PIAS4,exact,PIAS4
13186,ZBTB7A,exact,ZBTB7A
13187,MAP2K2,exact,MAP2K2
13188,SIRT6,exact,SIRT6
13189,YJU2,exact,YJU2
13190,TMIGD2,exact,TMIGD2
13191,FSD1,exact,FSD1
13192,STAP2,exact,STAP2
13193,MPND,exact,MPND
13194,AC007292.3,unmatched,
13195,AC007292.2,unmatched,
13196,SH3GL1,exact,SH3GL1
13197,CHAF1A,exact,CHAF1A
13198,UBXN6,exact,UBXN6
13199,AC011498.1,unmatched,
13200,HDGFL2,exact,HDGFL2
13201,PLIN5,exact,PLIN5
13202,AC011498.4,unmatched,
13203,SEMA6B,exact,SEMA6B
13204,TNFAIP8L1,exact,TNFAIP8L1
13205,MYDGF,exact,MYDGF
13206,AC005339.1,unmatched,
13207,DPP9,exact,DPP9
13208,FEM1A,exact,FEM1A
13209,AC005523.2,unmatched,
13210,TICAM1,exact,TICAM1
13211,PLIN3,exact,PLIN3
13212,ARRDC5,exact,ARRDC5
13213,UHRF1,exact,UHRF1
13214,KDM4B,exact,KDM4B
13215,PTPRS,exact,PTPRS
13216,TINCR,exact,TINCR
13217,SAFB2,exact,SAFB2
13218,SAFB,exact,SAFB
13219,RPL36,exact,RPL36
13220,C19orf70,official_alias,C19orf70
13221,HSD11B1L,exact,HSD11B1L
13222,LONP1,exact,LONP1
13223,PRR22,exact,PRR22
13224,DUS3L,exact,DUS3L
13225,NRTN,exact,NRTN
13226,FUT6,exact,FUT6
13227,NDUFA11,exact,NDUFA11
13228,VMAC,exact,VMAC
13229,AC104532.2,unmatched,
13230,CAPS,exact,CAPS
13231,RANBP3,exact,RANBP3
13232,RFX2,exact,RFX2
13233,MLLT1,exact,MLLT1
13234,AC011471.2,unmatched,
13235,AC011491.3,unmatched,
13236,CLPP,exact,CLPP
13237,ALKBH7,exact,ALKBH7
13238,PSPN,exact,PSPN
13239,GTF2F1,exact,GTF2F1
13240,KHSRP,exact,KHSRP
13241,SLC25A23,exact,SLC25A23
13242,CRB3,exact,CRB3
13243,DENND1C,exact,DENND1C
13244,AC010503.4,unmatched,
13245,TUBB4A,exact,TUBB4A
13246,TNFSF14,exact,TNFSF14
13247,GPR108,exact,GPR108
13248,TRIP10,exact,TRIP10
13249,AC008760.1,unmatched,
13250,SH2D3A,exact,SH2D3A
13251,VAV1,exact,VAV1
13252,ADGRE1,exact,ADGRE1
13253,ZNF557,exact,ZNF557
13254,INSR,exact,INSR
13255,AC119396.1,unmatched,
13256,AC119396.2,unmatched,
13257,ARHGEF18,exact,ARHGEF18
13258,PEX11G,exact,PEX11G
13259,ZNF358,exact,ZNF358
13260,MCOLN1,exact,MCOLN1
13261,PNPLA6,exact,PNPLA6
13262,XAB2,exact,XAB2
13263,PET100,exact,PET100
13264,AC008763.2,unmatched,
13265,PCP2,exact,PCP2
13266,AC008763.1,unmatched,
13267,STXBP2,exact,STXBP2
13268,RETN,exact,RETN
13269,TRAPPC5,exact,TRAPPC5
13270,EVI5L,exact,EVI5L
13271,AC010336.1,unmatched,
13272,MAP2K7,exact,MAP2K7
13273,TGFBR3L,exact,TGFBR3L
13274,SNAPC2,exact,SNAPC2
13275,TIMM44,exact,TIMM44
13276,ELAVL1,exact,ELAVL1
13277,AC008946.1,unmatched,
13278,CERS4,exact,CERS4
13279,CD320,exact,CD320
13280,NDUFA7,exact,NDUFA7
13281,RPS28,exact,RPS28
13282,KANK3,exact,KANK3
13283,RAB11B-AS1,exact,RAB11B-AS1
13284,RAB11B,exact,RAB11B
13285,MARCH2,official_alias,MARCH2
13286,HNRNPM,exact,HNRNPM
13287,PRAM1,exact,PRAM1
13288,ZNF414,exact,ZNF414
13289,MYO1F,exact,MYO1F
13290,ADAMTS10,exact,ADAMTS10
13291,ZNF558,exact,ZNF558
13292,ZNF317,exact,ZNF317
13293,AC011451.1,unmatched,
13294,ZNF699,exact,ZNF699
13295,ZNF559,exact,ZNF559
13296,ZNF266,exact,ZNF266
13297,ZNF426,exact,ZNF426
13298,ZNF426-DT,exact,ZNF426-DT
13299,ZNF121,exact,ZNF121
13300,ZNF561,exact,ZNF561
13301,ZNF562,exact,ZNF562
13302,ZNF846,exact,ZNF846
13303,FBXL12,exact,FBXL12
13304,UBL5,exact,UBL5
13305,AC008752.2,unmatched,
13306,PIN1,exact,PIN1
13307,OLFM2,exact,OLFM2
13308,C19orf66,official_alias,C19orf66
13309,ANGPTL6,exact,ANGPTL6
13310,PPAN,exact,PPAN
13311,P2RY11,exact,P2RY11
13312,EIF3G,exact,EIF3G
13313,DNMT1,exact,DNMT1
13314,S1PR2,exact,S1PR2
13315,MRPL4,exact,MRPL4
13316,ICAM1,exact,ICAM1
13317,ZGLP1,exact,ZGLP1
13318,AC011511.1,unmatched,
13319,FDX2,exact,FDX2
13320,RAVER1,exact,RAVER1
13321,AC114271.1,unmatched,
13322,ICAM3,exact,ICAM3
13323,TYK2,exact,TYK2
13324,CDC37,exact,CDC37
13325,PDE4A,exact,PDE4A
13326,KEAP1,exact,KEAP1
13327,S1PR5,exact,S1PR5
13328,ATG4D,exact,ATG4D
13329,KRI1,exact,KRI1
13330,CDKN2D,exact,CDKN2D
13331,SLC44A2,exact,SLC44A2
13332,ILF3-DT,exact,ILF3-DT
13333,ILF3,exact,ILF3
13334,QTRT1,exact,QTRT1
13335,DNM2,exact,DNM2
13336,TMED1,exact,TMED1
13337,C19orf38,exact,C19orf38
13338,CARM1,exact,CARM1
13339,YIPF2,exact,YIPF2
13340,TIMM29,exact,TIMM29
13341,SMARCA4,exact,SMARCA4
13342,LDLR,exact,LDLR
13343,KANK2,exact,KANK2
13344,DOCK6,exact,DOCK6
13345,RAB3D,exact,RAB3D
13346,TMEM205,exact,TMEM205
13347,CCDC159,exact,CCDC159
13348,PLPPR2,exact,PLPPR2
13349,AC024575.1,unmatched,
13350,SWSAP1,exact,SWSAP1
13351,EPOR,exact,EPOR
13352,PRKCSH,exact,PRKCSH
13353,ELAVL3,exact,ELAVL3
13354,ZNF653,exact,ZNF653
13355,ECSIT,exact,ECSIT
13356,ELOF1,exact,ELOF1
13357,ZNF627,exact,ZNF627
13358,ACP5,exact,ACP5
13359,ZNF823,exact,ZNF823
13360,ZNF441,exact,ZNF441
13361,ZNF491,exact,ZNF491
13362,ZNF440,exact,ZNF440
13363,ZNF439,exact,ZNF439
13364,ZNF69,exact,ZNF69
13365,ZNF700,exact,ZNF700
13366,ZNF763,exact,ZNF763
13367,ZNF433,exact,ZNF433
13368,ZNF844,exact,ZNF844
13369,ZNF788P,unmatched,
13370,ZNF20,exact,ZNF20
13371,ZNF625,exact,ZNF625
13372,ZNF136,exact,ZNF136
13373,ZNF44,exact,ZNF44
13374,ZNF563,exact,ZNF563
13375,ZNF442,exact,ZNF442
13376,AC008758.4,unmatched,
13377,ZNF799,exact,ZNF799
13378,ZNF443,exact,ZNF443
13379,ZNF709,exact,ZNF709
13380,ZNF564,exact,ZNF564
13381,ZNF490,exact,ZNF490
13382,ZNF791,exact,ZNF791
13383,MAN2B1,exact,MAN2B1
13384,WDR83,exact,WDR83
13385,WDR83OS,exact,WDR83OS
13386,DHPS,exact,DHPS
13387,AC010422.2,unmatched,
13388,FBXW9,exact,FBXW9
13389,TNPO2,exact,TNPO2
13390,TRIR,exact,TRIR
13391,ASNA1,official_alias,ASNA1
13392,HOOK2,exact,HOOK2
13393,JUNB,exact,JUNB
13394,PRDX2,exact,PRDX2
13395,RNASEH2A,exact,RNASEH2A
13396,MAST1,exact,MAST1
13397,DNASE2,exact,DNASE2
13398,GCDH,exact,GCDH
13399,FARSA,exact,FARSA
13400,CALR,exact,CALR
13401,AC092069.1,unmatched,
13402,RAD23A,exact,RAD23A
13403,GADD45GIP1,exact,GADD45GIP1
13404,NFIX,exact,NFIX
13405,LYL1,exact,LYL1
13406,TRMT1,exact,TRMT1
13407,NACC1,exact,NACC1
13408,STX10,exact,STX10
13409,IER2,exact,IER2
13410,AC011446.2,unmatched,
13411,CACNA1A,exact,CACNA1A
13412,CCDC130,unmatched,
13413,MRI1,exact,MRI1
13414,AC008686.1,unmatched,
13415,C19orf53,exact,C19orf53
13416,ZSWIM4,exact,ZSWIM4
13417,AC020916.1,unmatched,
13418,C19orf57,official_alias,C19orf57
13419,CC2D1A,exact,CC2D1A
13420,PODNL1,exact,PODNL1
13421,DCAF15,exact,DCAF15
13422,RFX1,exact,RFX1
13423,AC022098.2,unmatched,
13424,IL27RA,exact,IL27RA
13425,MISP3,exact,MISP3
13426,SAMD1,exact,SAMD1
13427,PRKACA,exact,PRKACA
13428,ASF1B,exact,ASF1B
13429,AC022098.1,unmatched,
13430,ADGRL1,exact,ADGRL1
13431,ADGRE5,exact,ADGRE5
13432,DDX39A,exact,DDX39A
13433,PKN1,exact,PKN1
13434,GIPC1,exact,GIPC1
13435,DNAJB1,exact,DNAJB1
13436,TECR,exact,TECR
13437,NDUFB7,exact,NDUFB7
13438,ZNF333,exact,ZNF333
13439,ADGRE2,exact,ADGRE2
13440,OR1I1,exact,OR1I1
13441,ILVBL,exact,ILVBL
13442,BRD4,exact,BRD4
13443,AKAP8,exact,AKAP8
13444,AKAP8L,exact,AKAP8L
13445,WIZ,exact,WIZ
13446,RASAL3,exact,RASAL3
13447,PGLYRP2,exact,PGLYRP2
13448,LINC01764,unmatched,
13449,TPM4,exact,TPM4
13450,RAB8A,exact,RAB8A
13451,HSH2D,exact,HSH2D
13452,FAM32A,exact,FAM32A
13453,AC020911.1,unmatched,
13454,AP1M1,exact,AP1M1
13455,AC020911.2,unmatched,
13456,KLF2,exact,KLF2
13457,AC020917.3,unmatched,
13458,EPS15L1,exact,EPS15L1
13459,C19orf44,exact,C19orf44
13460,CHERP,exact,CHERP
13461,AC008764.6,unmatched,
13462,SLC35E1,exact,SLC35E1
13463,AC008764.8,unmatched,
13464,MED26,exact,MED26
13465,AC008764.2,unmatched,
13466,AC024075.3,unmatched,
13467,SMIM7,exact,SMIM7
13468,SIN3B,exact,SIN3B
13469,CPAMD8,exact,CPAMD8
13470,HAUS8,exact,HAUS8
13471,MYO9B,exact,MYO9B
13472,USE1,exact,USE1
13473,OCEL1,exact,OCEL1
13474,NR2F6,exact,NR2F6
13475,BABAM1,exact,BABAM1
13476,ANKLE1,exact,ANKLE1
13477,ABHD8,exact,ABHD8
13478,MRPL34,exact,MRPL34
13479,DDA1,exact,DDA1
13480,ANO8,exact,ANO8
13481,GTPBP3,exact,GTPBP3
13482,BST2,exact,BST2
13483,BISPR,exact,BISPR
13484,MVB12A,exact,MVB12A
13485,AC010319.4,unmatched,
13486,SLC27A1,exact,SLC27A1
13487,AC010618.3,unmatched,
13488,PGLS,exact,PGLS
13489,FAM129C,official_alias,FAM129C
13490,COLGALT1,exact,COLGALT1
13491,UNC13A,exact,UNC13A
13492,MAP1S,exact,MAP1S
13493,FCHO1,exact,FCHO1
13494,INSL3,exact,INSL3
13495,JAK3,exact,JAK3
13496,RPL18A,exact,RPL18A
13497,SLC5A5,exact,SLC5A5
13498,CCDC124,exact,CCDC124
13499,ARRDC2,exact,ARRDC2
13500,IL12RB1,exact,IL12RB1
13501,MAST3,exact,MAST3
13502,PIK3R2,exact,PIK3R2
13503,MPV17L2,exact,MPV17L2
13504,RAB3A,exact,RAB3A
13505,IQCN,exact,IQCN
13506,JUND,exact,JUND
13507,LSM4,exact,LSM4
13508,PGPEP1,exact,PGPEP1
13509,SSBP4,exact,SSBP4
13510,ISYNA1,exact,ISYNA1
13511,ELL,exact,ELL
13512,FKBP8,exact,FKBP8
13513,KXD1,exact,KXD1
13514,AC005253.1,unmatched,
13515,UBA52,exact,UBA52
13516,REX1BD,exact,REX1BD
13517,KLHL26,exact,KLHL26
13518,CRTC1,exact,CRTC1
13519,UPF1,exact,UPF1
13520,COPE,exact,COPE
13521,DDX49,exact,DDX49
13522,HOMER3,exact,HOMER3
13523,SUGP2,exact,SUGP2
13524,ARMC6,exact,ARMC6
13525,SLC25A42,exact,SLC25A42
13526,TMEM161A,exact,TMEM161A
13527,BORCS8,exact,BORCS8
13528,RFXANK,exact,RFXANK
13529,NR2C2AP,exact,NR2C2AP
13530,SUGP1,exact,SUGP1
13531,MAU2,exact,MAU2
13532,GATAD2A,exact,GATAD2A
13533,NDUFA13,exact,NDUFA13
13534,YJEFN3,exact,YJEFN3
13535,PBX4,exact,PBX4
13536,AC002306.1,unmatched,
13537,LPAR2,exact,LPAR2
13538,GMIP,exact,GMIP
13539,ATP13A1,exact,ATP13A1
13540,ZNF101,exact,ZNF101
13541,ZNF14,exact,ZNF14
13542,LINC00663,unmatched,
13543,ZNF506,exact,ZNF506
13544,ZNF253,exact,ZNF253
13545,ZNF93,exact,ZNF93
13546,ZNF682,exact,ZNF682
13547,ZNF90,exact,ZNF90
13548,AC011447.3,unmatched,
13549,ZNF486,exact,ZNF486
13550,ZNF737,exact,ZNF737
13551,ZNF626,exact,ZNF626
13552,ZNF66,exact,ZNF66
13553,ZNF85,exact,ZNF85
13554,ZNF430,exact,ZNF430
13555,ZNF714,exact,ZNF714
13556,ZNF431,exact,ZNF431
13557,ZNF708,exact,ZNF708
13558,ZNF738,exact,ZNF738
13559,ZNF493,exact,ZNF493
13560,ZNF429,exact,ZNF429
13561,ZNF100,exact,ZNF100
13562,ZNF43,exact,ZNF43
13563,ZNF208,exact,ZNF208
13564,ZNF257,exact,ZNF257
13565,ZNF492,exact,ZNF492
13566,ZNF724,exact,ZNF724
13567,AC092329.3,unmatched,
13568,ZNF91,exact,ZNF91
13569,LINC01224,exact,LINC01224
13570,ZNF675,exact,ZNF675
13571,ZNF681,exact,ZNF681
13572,ZNF726,exact,ZNF726
13573,ZNF254,exact,ZNF254
13574,AC092279.1,unmatched,
13575,AC073534.2,unmatched,
13576,LINC00662,exact,LINC00662
13577,AC006504.1,unmatched,
13578,AC006504.5,unmatched,
13579,AC005616.1,unmatched,
13580,UQCRFS1,exact,UQCRFS1
13581,AC007786.1,unmatched,
13582,POP4,exact,POP4
13583,PLEKHF1,exact,PLEKHF1
13584,C19orf12,exact,C19orf12
13585,CCNE1,exact,CCNE1
13586,URI1,exact,URI1
13587,ZNF507,exact,ZNF507
13588,AC007773.1,unmatched,
13589,DPY19L3,exact,DPY19L3
13590,PDCD5,exact,PDCD5
13591,ANKRD27,exact,ANKRD27
13592,AC008736.1,unmatched,
13593,NUDT19,exact,NUDT19
13594,TDRD12,exact,TDRD12
13595,CEP89,exact,CEP89
13596,FAAP24,exact,FAAP24
13597,RHPN2,exact,RHPN2
13598,GPATCH1,exact,GPATCH1
13599,CEBPA,exact,CEBPA
13600,CEBPG,exact,CEBPG
13601,PEPD,exact,PEPD
13602,LSM14A,exact,LSM14A
13603,KIAA0355,unmatched,
13604,GPI,exact,GPI
13605,PDCD2L,exact,PDCD2L
13606,UBA2,exact,UBA2
13607,WTIP,exact,WTIP
13608,SCGB1B2P,exact,SCGB1B2P
13609,ZNF302,exact,ZNF302
13610,AC020910.4,unmatched,
13611,ZNF181,exact,ZNF181
13612,ZNF599,exact,ZNF599
13613,LINC01801,exact,LINC01801
13614,AC008555.1,unmatched,
13615,AC008555.2,unmatched,
13616,AC008555.5,unmatched,
13617,ZNF30-AS1,unmatched,
13618,ZNF30,exact,ZNF30
13619,ZNF792,exact,ZNF792
13620,GRAMD1A,exact,GRAMD1A
13621,AC020907.3,unmatched,
13622,AC020907.4,unmatched,
13623,SCN1B,exact,SCN1B
13624,LGI4,exact,LGI4
13625,FXYD1,exact,FXYD1
13626,FXYD7,exact,FXYD7
13627,FXYD5,exact,FXYD5
13628,LSR,exact,LSR
13629,USF2,exact,USF2
13630,TMEM147-AS1,exact,TMEM147-AS1
13631,TMEM147,exact,TMEM147
13632,HAUS5,exact,HAUS5
13633,RBM42,exact,RBM42
13634,ETV2,exact,ETV2
13635,COX6B1,exact,COX6B1
13636,KMT2B,exact,KMT2B
13637,IGFLR1,exact,IGFLR1
13638,U2AF1L4,exact,U2AF1L4
13639,PSENEN,exact,PSENEN
13640,LIN37,exact,LIN37
13641,PROSER3,exact,PROSER3
13642,ARHGAP33,exact,ARHGAP33
13643,NFKBID,exact,NFKBID
13644,HCST,exact,HCST
13645,TYROBP,exact,TYROBP
13646,LRFN3,exact,LRFN3
13647,SDHAF1,exact,SDHAF1
13648,SYNE4,exact,SYNE4
13649,ALKBH6,exact,ALKBH6
13650,AC002116.2,unmatched,
13651,CLIP3,exact,CLIP3
13652,THAP8,exact,THAP8
13653,WDR62,exact,WDR62
13654,POLR2I,exact,POLR2I
13655,TBCB,exact,TBCB
13656,CAPNS1,exact,CAPNS1
13657,ZNF565,exact,ZNF565
13658,ZNF146,exact,ZNF146
13659,LINC00665,exact,LINC00665
13660,ZFP14,exact,ZFP14
13661,ZFP82,exact,ZFP82
13662,ZNF566,exact,ZNF566
13663,AC092295.2,unmatched,
13664,ZNF260,exact,ZNF260
13665,ZNF529,exact,ZNF529
13666,ZNF529-AS1,exact,ZNF529-AS1
13667,ZNF382,exact,ZNF382
13668,ZNF461,exact,ZNF461
13669,AC074138.1,unmatched,
13670,LINC01534,unmatched,
13671,ZNF567,exact,ZNF567
13672,ZNF850,exact,ZNF850
13673,AC020928.2,unmatched,
13674,AC020928.1,unmatched,
13675,ZNF790,exact,ZNF790
13676,ZNF345,exact,ZNF345
13677,ZNF829,exact,ZNF829
13678,ZNF568,exact,ZNF568
13679,ZNF420,exact,ZNF420
13680,ZNF585A,exact,ZNF585A
13681,ZNF585B,exact,ZNF585B
13682,ZNF383,exact,ZNF383
13683,HKR1,official_alias,HKR1
13684,AC016590.3,unmatched,
13685,ZNF527,exact,ZNF527
13686,ZNF569,exact,ZNF569
13687,ZNF570,exact,ZNF570
13688,ZNF793-AS1,exact,ZNF793-AS1
13689,ZNF793,exact,ZNF793
13690,ZNF571-AS1,exact,ZNF571-AS1
13691,ZNF540,exact,ZNF540
13692,ZNF571,exact,ZNF571
13693,ZFP30,exact,ZFP30
13694,ZNF781,unmatched,
13695,ZNF607,exact,ZNF607
13696,AC093227.1,unmatched,
13697,ZNF573,exact,ZNF573
13698,SIPA1L3,exact,SIPA1L3
13699,SPINT2,exact,SPINT2
13700,C19orf33,exact,C19orf33
13701,YIF1B,exact,YIF1B
13702,KCNK6,exact,KCNK6
13703,CATSPERG,exact,CATSPERG
13704,PSMD8,exact,PSMD8
13705,SPRED3,exact,SPRED3
13706,FAM98C,exact,FAM98C
13707,RYR1,exact,RYR1
13708,MAP4K1,exact,MAP4K1
13709,EIF3K,exact,EIF3K
13710,ACTN4,exact,ACTN4
13711,CAPN12,exact,CAPN12
13712,LGALS4,exact,LGALS4
13713,ECH1,exact,ECH1
13714,HNRNPL,exact,HNRNPL
13715,RINL,exact,RINL
13716,SIRT2,exact,SIRT2
13717,NFKBIB,exact,NFKBIB
13718,CCER2,exact,CCER2
13719,SARS2,exact,SARS2
13720,MRPS12,exact,MRPS12
13721,PAK4,exact,PAK4
13722,AC011443.1,unmatched,
13723,LRFN1,exact,LRFN1
13724,GMFG,exact,GMFG
13725,AC011445.2,unmatched,
13726,SAMD4B,exact,SAMD4B
13727,PAF1,exact,PAF1
13728,MED29,exact,MED29
13729,ZFP36,exact,ZFP36
13730,PLEKHG2,exact,PLEKHG2
13731,RPS16,exact,RPS16
13732,SUPT5H,exact,SUPT5H
13733,TIMM50,exact,TIMM50
13734,DLL3,exact,DLL3
13735,EID2B,exact,EID2B
13736,EID2,exact,EID2
13737,AC005393.1,unmatched,
13738,DYRK1B,exact,DYRK1B
13739,FBL,exact,FBL
13740,FCGBP,exact,FCGBP
13741,PSMC4,exact,PSMC4
13742,ZNF546,exact,ZNF546
13743,ZNF780B,exact,ZNF780B
13744,ZNF780A,exact,ZNF780A
13745,MAP3K10,exact,MAP3K10
13746,AKT2,exact,AKT2
13747,C19orf47,exact,C19orf47
13748,PLD3,exact,PLD3
13749,PRX,exact,PRX
13750,SERTAD1,exact,SERTAD1
13751,SERTAD3,exact,SERTAD3
13752,BLVRB,exact,BLVRB
13753,SPTBN4,exact,SPTBN4
13754,SHKBP1,exact,SHKBP1
13755,LTBP4,exact,LTBP4
13756,NUMBL,exact,NUMBL
13757,COQ8B,exact,COQ8B
13758,ITPKC,exact,ITPKC
13759,C19orf54,unmatched,
13760,SNRPA,exact,SNRPA
13761,RAB4B,exact,RAB4B
13762,AC008537.4,unmatched,
13763,EGLN2,exact,EGLN2
13764,HNRNPUL1,exact,HNRNPUL1
13765,TGFB1,exact,TGFB1
13766,CCDC97,exact,CCDC97
13767,TMEM91,exact,TMEM91
13768,B9D2,exact,B9D2
13769,EXOSC5,exact,EXOSC5
13770,BCKDHA,exact,BCKDHA
13771,DMAC2,exact,DMAC2
13772,LINC01480,unmatched,
13773,AC243960.1,unmatched,
13774,CEACAM21,exact,CEACAM21
13775,RPS19,exact,RPS19
13776,CD79A,exact,CD79A
13777,ARHGEF1,exact,ARHGEF1
13778,AC010616.1,unmatched,
13779,RABAC1,exact,RABAC1
13780,ATP1A3,exact,ATP1A3
13781,ZNF574,exact,ZNF574
13782,POU2F2,exact,POU2F2
13783,AC010247.2,unmatched,
13784,DEDD2,exact,DEDD2
13785,ZNF526,exact,ZNF526
13786,GSK3A,exact,GSK3A
13787,ERF,exact,ERF
13788,CIC,exact,CIC
13789,PAFAH1B3,exact,PAFAH1B3
13790,MEGF8,exact,MEGF8
13791,CNFN,exact,CNFN
13792,LIPE-AS1,exact,LIPE-AS1
13793,LIPE,exact,LIPE
13794,CEACAM1,exact,CEACAM1
13795,LYPD3,exact,LYPD3
13796,PHLDB3,exact,PHLDB3
13797,ETHE1,exact,ETHE1
13798,ZNF575,exact,ZNF575
13799,XRCC1,exact,XRCC1
13800,PINLYP,exact,PINLYP
13801,IRGQ,exact,IRGQ
13802,ZNF576,exact,ZNF576
13803,SRRM5,exact,SRRM5
13804,ZNF428,exact,ZNF428
13805,PLAUR,exact,PLAUR
13806,SMG9,exact,SMG9
13807,KCNN4,exact,KCNN4
13808,LYPD5,exact,LYPD5
13809,ZNF283,exact,ZNF283
13810,ZNF404,exact,ZNF404
13811,AC006213.2,unmatched,
13812,ZNF45,exact,ZNF45
13813,ZNF221,exact,ZNF221
13814,ZNF155,exact,ZNF155
13815,AC006213.1,unmatched,
13816,ZNF230,exact,ZNF230
13817,ZNF222,exact,ZNF222
13818,ZNF223,exact,ZNF223
13819,ZNF284,exact,ZNF284
13820,ZNF224,exact,ZNF224
13821,AC021092.1,unmatched,
13822,ZNF225,exact,ZNF225
13823,ZNF234,exact,ZNF234
13824,ZNF226,exact,ZNF226
13825,ZNF227,exact,ZNF227
13826,ZNF235,exact,ZNF235
13827,ZNF233,exact,ZNF233
13828,ZNF112,exact,ZNF112
13829,ZNF285,exact,ZNF285
13830,ZNF229,exact,ZNF229
13831,ZNF180,exact,ZNF180
13832,PVR,exact,PVR
13833,BCL3,exact,BCL3
13834,AC011481.2,unmatched,
13835,TOMM40,exact,TOMM40
13836,CLPTM1,exact,CLPTM1
13837,RELB,exact,RELB
13838,CLASRP,exact,CLASRP
13839,ZNF296,exact,ZNF296
13840,GEMIN7,exact,GEMIN7
13841,MARK4,exact,MARK4
13842,PPP1R37,exact,PPP1R37
13843,AC005757.1,unmatched,
13844,TRAPPC6A,exact,TRAPPC6A
13845,BLOC1S3,exact,BLOC1S3
13846,ERCC2,exact,ERCC2
13847,PPP1R13L,exact,PPP1R13L
13848,CD3EAP,official_alias,CD3EAP
13849,ERCC1,exact,ERCC1
13850,FOSB,exact,FOSB
13851,RTN2,exact,RTN2
13852,PPM1N,exact,PPM1N
13853,VASP,exact,VASP
13854,OPA3,exact,OPA3
13855,EML2,exact,EML2
13856,GIPR,exact,GIPR
13857,SNRPD2,exact,SNRPD2
13858,QPCTL,exact,QPCTL
13859,FBXO46,exact,FBXO46
13860,SIX5,exact,SIX5
13861,DMPK,exact,DMPK
13862,DMWD,exact,DMWD
13863,SYMPK,exact,SYMPK
13864,AC092301.1,unmatched,
13865,IRF2BP1,exact,IRF2BP1
13866,MYPOP,exact,MYPOP
13867,CCDC61,exact,CCDC61
13868,PPP5C,exact,PPP5C
13869,AC007193.1,unmatched,
13870,PNMA8A,exact,PNMA8A
13871,PPP5D1,unmatched,
13872,PNMA8B,exact,PNMA8B
13873,AC011484.1,unmatched,
13874,CALM3,exact,CALM3
13875,AC093503.2,unmatched,
13876,PTGIR,exact,PTGIR
13877,GNG8,exact,GNG8
13878,DACT3,exact,DACT3
13879,PRKD2,exact,PRKD2
13880,STRN4,exact,STRN4
13881,FKRP,exact,FKRP
13882,SLC1A5,exact,SLC1A5
13883,AP2S1,exact,AP2S1
13884,ARHGAP35,exact,ARHGAP35
13885,NPAS1,exact,NPAS1
13886,TMEM160,exact,TMEM160
13887,ZC3H4,exact,ZC3H4
13888,SAE1,exact,SAE1
13889,BBC3,exact,BBC3
13890,CCDC9,exact,CCDC9
13891,INAFM1,exact,INAFM1
13892,C5AR2,exact,C5AR2
13893,DHX34,exact,DHX34
13894,KPTN,exact,KPTN
13895,NAPA-AS1,exact,NAPA-AS1
13896,NAPA,exact,NAPA
13897,AC010519.1,unmatched,
13898,AC010331.1,unmatched,
13899,BICRA,exact,BICRA
13900,NOP53,exact,NOP53
13901,SELENOW,exact,SELENOW
13902,CRX,exact,CRX
13903,PLA2G4C,exact,PLA2G4C
13904,LIG1,exact,LIG1
13905,ZSWIM9,exact,ZSWIM9
13906,CARD8,exact,CARD8
13907,CARD8-AS1,exact,CARD8-AS1
13908,ZNF114,exact,ZNF114
13909,CCDC114,official_alias,CCDC114
13910,EMP3,exact,EMP3
13911,TMEM143,exact,TMEM143
13912,KDELR1,exact,KDELR1
13913,GRWD1,exact,GRWD1
13914,KCNJ14,exact,KCNJ14
13915,CYTH2,exact,CYTH2
13916,LMTK3,exact,LMTK3
13917,AC008403.3,unmatched,
13918,SULT2B1,exact,SULT2B1
13919,RPL18,exact,RPL18
13920,AC022154.1,unmatched,
13921,SPHK2,exact,SPHK2
13922,DBP,exact,DBP
13923,CA11,exact,CA11
13924,NTN5,exact,NTN5
13925,FUT2,exact,FUT2
13926,MAMSTR,exact,MAMSTR
13927,BCAT2,exact,BCAT2
13928,HSD17B14,exact,HSD17B14
13929,PLEKHA4,exact,PLEKHA4
13930,PPP1R15A,exact,PPP1R15A
13931,NUCB1,exact,NUCB1
13932,DHDH,exact,DHDH
13933,BAX,exact,BAX
13934,FTL,exact,FTL
13935,GYS1,exact,GYS1
13936,RUVBL2,exact,RUVBL2
13937,SNRNP70,exact,SNRNP70
13938,LIN7B,exact,LIN7B
13939,C19orf73,exact,C19orf73
13940,PPFIA3,unmatched,
13941,SLC6A16,exact,SLC6A16
13942,AC011450.1,unmatched,
13943,CD37,exact,CD37
13944,PIH1D1,exact,PIH1D1
13945,ALDH16A1,exact,ALDH16A1
13946,FLT3LG,exact,FLT3LG
13947,RPL13A,exact,RPL13A
13948,RPS11,exact,RPS11
13949,FCGRT,exact,FCGRT
13950,RCN3,exact,RCN3
13951,NOSIP,exact,NOSIP
13952,PRRG2,exact,PRRG2
13953,PRR12,exact,PRR12
13954,RRAS,exact,RRAS
13955,SCAF1,exact,SCAF1
13956,IRF3,exact,IRF3
13957,BCL2L12,exact,BCL2L12
13958,PRMT1,exact,PRMT1
13959,ADM5,exact,ADM5
13960,CPT1C,exact,CPT1C
13961,TSKS,exact,TSKS
13962,AP2A1,exact,AP2A1
13963,FUZ,exact,FUZ
13964,AC006942.1,unmatched,
13965,MED25,exact,MED25
13966,PTOV1-AS1,exact,PTOV1-AS1
13967,PTOV1,exact,PTOV1
13968,PTOV1-AS2,unmatched,
13969,PNKP,exact,PNKP
13970,AKT1S1,exact,AKT1S1
13971,TBC1D17,exact,TBC1D17
13972,NUP62,exact,NUP62
13973,ATF5,exact,ATF5
13974,VRK3,exact,VRK3
13975,ZNF473,exact,ZNF473
13976,AC010624.3,unmatched,
13977,NR1H2,exact,NR1H2
13978,NAPSA,exact,NAPSA
13979,POLD1,exact,POLD1
13980,SPIB,exact,SPIB
13981,FAM71E1,unmatched,
13982,EMC10,exact,EMC10
13983,AC020909.3,unmatched,
13984,JOSD2,exact,JOSD2
13985,C19orf81,exact,C19orf81
13986,CLEC11A,exact,CLEC11A
13987,C19orf48,unmatched,
13988,LINC01869,exact,LINC01869
13989,CTU1,exact,CTU1
13990,CD33,exact,CD33
13991,ETFB,exact,ETFB
13992,CLDND2,exact,CLDND2
13993,NKG7,exact,NKG7
13994,ZNF175,exact,ZNF175
13995,SPACA6,exact,SPACA6
13996,ZNF577,exact,ZNF577
13997,ZNF649,exact,ZNF649
13998,ZNF613,exact,ZNF613
13999,ZNF350,exact,ZNF350
14000,ZNF615,exact,ZNF615
14001,ZNF614,exact,ZNF614
14002,ZNF432,exact,ZNF432
14003,AC011468.5,unmatched,
14004,ZNF841,exact,ZNF841
14005,ZNF616,exact,ZNF616
14006,ZNF836,exact,ZNF836
14007,PPP2R1A,exact,PPP2R1A
14008,AC010320.2,unmatched,
14009,ZNF766,exact,ZNF766
14010,ZNF480,exact,ZNF480
14011,ZNF610,exact,ZNF610
14012,ZNF880,exact,ZNF880
14013,ZNF528,exact,ZNF528
14014,ZNF578,exact,ZNF578
14015,ZNF808,exact,ZNF808
14016,ZNF701,exact,ZNF701
14017,ZNF83,exact,ZNF83
14018,ZNF611,exact,ZNF611
14019,ZNF600,exact,ZNF600
14020,ZNF28,exact,ZNF28
14021,ZNF468,exact,ZNF468
14022,ZNF320,exact,ZNF320
14023,ZNF888,exact,ZNF888
14024,ZNF816-ZNF321P,exact,ZNF816-ZNF321P
14025,ZNF816,exact,ZNF816
14026,ZNF160,exact,ZNF160
14027,ZNF415,exact,ZNF415
14028,ZNF347,exact,ZNF347
14029,ZNF665,exact,ZNF665
14030,ZNF677,exact,ZNF677
14031,ZNF845,exact,ZNF845
14032,ZNF525,exact,ZNF525
14033,ZNF765,exact,ZNF765
14034,ZNF761,exact,ZNF761
14035,ZNF813,exact,ZNF813
14036,ZNF331,exact,ZNF331
14037,NLRP12,exact,NLRP12
14038,MYADM,exact,MYADM
14039,NDUFA3,exact,NDUFA3
14040,TFPT,exact,TFPT
14041,PRPF31,exact,PRPF31
14042,AC245052.4,unmatched,
14043,CNOT3,exact,CNOT3
14044,LENG1,exact,LENG1
14045,TMC4,exact,TMC4
14046,MBOAT7,unmatched,
14047,TSEN34,exact,TSEN34
14048,RPS9,exact,RPS9
14049,LILRB3,exact,LILRB3
14050,LAIR1,exact,LAIR1
14051,TTYH1,exact,TTYH1
14052,AC245884.10,unmatched,
14053,AC245884.8,unmatched,
14054,LENG8-AS1,exact,LENG8-AS1
14055,LENG8,exact,LENG8
14056,LENG9,exact,LENG9
14057,LAIR2,exact,LAIR2
14058,LILRB1,exact,LILRB1
14059,KIR2DL3,exact,KIR2DL3
14060,KIR2DL1,exact,KIR2DL1
14061,KIR3DL1,exact,KIR3DL1
14062,KIR3DL2,exact,KIR3DL2
14063,NCR1,exact,NCR1
14064,NLRP2,exact,NLRP2
14065,AC011476.3,unmatched,
14066,GP6,exact,GP6
14067,RDH13,exact,RDH13
14068,PPP1R12C,exact,PPP1R12C
14069,TMEM86B,exact,TMEM86B
14070,PPP6R1,exact,PPP6R1
14071,HSPBP1,exact,HSPBP1
14072,BRSK1,exact,BRSK1
14073,KMT5C,exact,KMT5C
14074,COX6B2,exact,COX6B2
14075,TMEM238,exact,TMEM238
14076,RPL28,exact,RPL28
14077,UBE2S,exact,UBE2S
14078,ISOC2,exact,ISOC2
14079,ZNF628,exact,ZNF628
14080,NAT14,exact,NAT14
14081,SSC5D,exact,SSC5D
14082,ZNF579,exact,ZNF579
14083,FIZ1,exact,FIZ1
14084,ZNF524,exact,ZNF524
14085,ZNF865,exact,ZNF865
14086,ZNF784,exact,ZNF784
14087,ZNF580,exact,ZNF580
14088,ZNF581,exact,ZNF581
14089,CCDC106,exact,CCDC106
14090,U2AF2,exact,U2AF2
14091,AC008735.2,unmatched,
14092,EPN1,exact,EPN1
14093,AC010525.1,unmatched,
14094,ZNF787,exact,ZNF787
14095,ZNF444,exact,ZNF444
14096,ZSCAN5A,exact,ZSCAN5A
14097,EDDM13,exact,EDDM13
14098,ZNF582,exact,ZNF582
14099,ZNF582-AS1,official_alias,ZNF582-AS1
14100,ZNF583,exact,ZNF583
14101,ZNF667,exact,ZNF667
14102,ZNF667-AS1,exact,ZNF667-AS1
14103,ZNF471,exact,ZNF471
14104,AC005498.2,unmatched,
14105,ZFP28,exact,ZFP28
14106,AC005498.3,unmatched,
14107,ZNF470,exact,ZNF470
14108,ZNF71,exact,ZNF71
14109,ZNF835,exact,ZNF835
14110,AC006115.1,unmatched,
14111,ZNF264,exact,ZNF264
14112,ZNF805,exact,ZNF805
14113,AC005261.3,unmatched,
14114,ZNF460-AS1,exact,ZNF460-AS1
14115,ZNF460,exact,ZNF460
14116,AC005261.1,unmatched,
14117,ZNF543,exact,ZNF543
14118,ZNF304,exact,ZNF304
14119,ZNF547,exact,ZNF547
14120,TRAPPC2B,exact,TRAPPC2B
14121,ZNF548,exact,ZNF548
14122,ZNF17,exact,ZNF17
14123,ZNF749,exact,ZNF749
14124,AC004076.2,unmatched,
14125,ZNF772,exact,ZNF772
14126,ZNF419,exact,ZNF419
14127,ZNF773,exact,ZNF773
14128,ZNF549,exact,ZNF549
14129,ZNF550,exact,ZNF550
14130,ZNF416,exact,ZNF416
14131,ZIK1,exact,ZIK1
14132,ZNF530,exact,ZNF530
14133,ZNF134,exact,ZNF134
14134,ZNF211,exact,ZNF211
14135,ZNF551,exact,ZNF551
14136,ZNF154,exact,ZNF154
14137,ZNF671,exact,ZNF671
14138,ZNF776,exact,ZNF776
14139,ZNF586,exact,ZNF586
14140,ZNF552,exact,ZNF552
14141,ZNF587B,exact,ZNF587B
14142,ZNF814,exact,ZNF814
14143,ZNF587,exact,ZNF587
14144,ZNF417,exact,ZNF417
14145,ZNF418,exact,ZNF418
14146,ZNF256,exact,ZNF256
14147,C19orf18,exact,C19orf18
14148,ZNF606,exact,ZNF606
14149,ZNF135,exact,ZNF135
14150,ZSCAN18,exact,ZSCAN18
14151,ZNF329,exact,ZNF329
14152,ZNF274,exact,ZNF274
14153,ZNF544,exact,ZNF544
14154,AC020915.3,unmatched,
14155,ZNF8,exact,ZNF8
14156,AC020915.1,unmatched,
14157,ERVK3-1,exact,ERVK3-1
14158,AC010642.2,unmatched,
14159,ZSCAN22,exact,ZSCAN22
14160,A1BG,exact,A1BG
14161,A1BG-AS1,exact,A1BG-AS1
14162,ZNF497,exact,ZNF497
14163,AC012313.2,unmatched,
14164,AC012313.6,unmatched,
14165,ZNF837,exact,ZNF837
14166,RPS5,exact,RPS5
14167,ZNF584,exact,ZNF584
14168,AC012313.1,unmatched,
14169,AC012313.5,unmatched,
14170,ZNF132,exact,ZNF132
14171,AC012313.8,unmatched,
14172,ZNF324B,exact,ZNF324B
14173,ZNF324,exact,ZNF324
14174,ZNF446,exact,ZNF446
14175,SLC27A5,exact,SLC27A5
14176,ZBTB45,exact,ZBTB45
14177,TRIM28,exact,TRIM28
14178,CHMP2A,exact,CHMP2A
14179,UBE2M,exact,UBE2M
14180,MZF1-AS1,exact,MZF1-AS1
14181,MZF1,exact,MZF1
14182,RPS4Y1,exact,RPS4Y1
14183,AC006157.1,unmatched,
14184,ZFY,exact,ZFY
14185,ZFY-AS1,exact,ZFY-AS1
14186,LINC00278,exact,LINC00278
14187,PCDH11Y,exact,PCDH11Y
14188,TTTY15,unmatched,
14189,USP9Y,exact,USP9Y
14190,DDX3Y,exact,DDX3Y
14191,UTY,exact,UTY
14192,TMSB4Y,exact,TMSB4Y
14193,TTTY14,exact,TTTY14
14194,AC010889.1,unmatched,
14195,KDM5D,exact,KDM5D
14196,TTTY10,exact,TTTY10
14197,EIF1AY,exact,EIF1AY
14198,LINC00266-4P,unmatched,
14199,AP000542.3,unmatched,
14200,AP000542.2,unmatched,
14201,AP000547.3,unmatched,
14202,AC006946.2,unmatched,
14203,AC006946.3,unmatched,
14204,IL17RA,exact,IL17RA
14205,HDHD5,exact,HDHD5
14206,HDHD5-AS1,exact,HDHD5-AS1
14207,ADA2,exact,ADA2
14208,ATP6V1E1,exact,ATP6V1E1
14209,BCL2L13,exact,BCL2L13
14210,BID,exact,BID
14211,LINC00528,exact,LINC00528
14212,MICAL3,exact,MICAL3
14213,AC016027.1,unmatched,
14214,PEX26,exact,PEX26
14215,AC008079.2,unmatched,
14216,USP18,exact,USP18
14217,LINC01660,official_alias,LINC01660
14218,TMEM191B,exact,TMEM191B
14219,RIMBP3,exact,RIMBP3
14220,DGCR6,exact,DGCR6
14221,PRODH,exact,PRODH
14222,DGCR2,exact,DGCR2
14223,ESS2,exact,ESS2
14224,LINC01311,unmatched,
14225,SLC25A1,exact,SLC25A1
14226,HIRA,exact,HIRA
14227,C22orf39,exact,C22orf39
14228,MRPL40,exact,MRPL40
14229,AC000068.1,unmatched,
14230,UFD1,exact,UFD1
14231,AC000068.3,unmatched,
14232,AC000068.2,unmatched,
14233,GNB1L,exact,GNB1L
14234,RTL10,exact,RTL10
14235,TXNRD2,exact,TXNRD2
14236,COMT,exact,COMT
14237,ARVCF,exact,ARVCF
14238,TANGO2,exact,TANGO2
14239,AC006547.1,unmatched,
14240,AC006547.3,unmatched,
14241,DGCR8,exact,DGCR8
14242,TRMT2A,exact,TRMT2A
14243,RANBP1,exact,RANBP1
14244,ZDHHC8,exact,ZDHHC8
14245,LINC00896,exact,LINC00896
14246,RTN4R,exact,RTN4R
14247,DGCR6L,exact,DGCR6L
14248,AC007663.3,unmatched,
14249,ZNF74,exact,ZNF74
14250,SCARF2,exact,SCARF2
14251,KLHL22,exact,KLHL22
14252,MED15,exact,MED15
14253,PI4KA,exact,PI4KA
14254,SNAP29,exact,SNAP29
14255,CRKL,exact,CRKL
14256,AIFM3,exact,AIFM3
14257,AC002470.1,unmatched,
14258,LZTR1,exact,LZTR1
14259,THAP7,exact,THAP7
14260,THAP7-AS1,exact,THAP7-AS1
14261,P2RX6,exact,P2RX6
14262,SLC7A4,exact,SLC7A4
14263,AP000552.1,unmatched,
14264,HIC2,exact,HIC2
14265,TMEM191C,exact,TMEM191C
14266,RIMBP3C,exact,RIMBP3C
14267,UBE2L3,exact,UBE2L3
14268,YDJC,exact,YDJC
14269,SDF2L1,exact,SDF2L1
14270,PPIL2,exact,PPIL2
14271,YPEL1,exact,YPEL1
14272,MAPK1,exact,MAPK1
14273,PPM1F,exact,PPM1F
14274,AC245452.1,unmatched,
14275,TOP3B,exact,TOP3B
14276,AC245060.6,unmatched,
14277,AC245060.5,unmatched,
14278,ZNF280B,exact,ZNF280B
14279,RAB36,exact,RAB36
14280,BCR,exact,BCR
14281,LINC01659,exact,LINC01659
14282,DRICH1,exact,DRICH1
14283,RGL4,exact,RGL4
14284,ZNF70,exact,ZNF70
14285,C22orf15,exact,C22orf15
14286,CHCHD10,exact,CHCHD10
14287,MMP11,exact,MMP11
14288,SMARCB1,exact,SMARCB1
14289,DERL3,exact,DERL3
14290,AP000350.5,unmatched,
14291,SLC2A11,exact,SLC2A11
14292,AP000350.7,unmatched,
14293,MIF,exact,MIF
14294,MIF-AS1,unmatched,
14295,DDTL,exact,DDTL
14296,AC253536.6,unmatched,
14297,DDT,exact,DDT
14298,CABIN1,exact,CABIN1
14299,SUSD2,exact,SUSD2
14300,SPECC1L,exact,SPECC1L
14301,ADORA2A-AS1,exact,ADORA2A-AS1
14302,UPB1,exact,UPB1
14303,GUCD1,exact,GUCD1
14304,SNRPD3,exact,SNRPD3
14305,GGT1,exact,GGT1
14306,SGSM1,exact,SGSM1
14307,KIAA1671,exact,KIAA1671
14308,AL022323.3,unmatched,
14309,AL022323.4,unmatched,
14310,CRYBB2,exact,CRYBB2
14311,LRP5L,unmatched,
14312,GRK3,exact,GRK3
14313,ASPHD2,exact,ASPHD2
14314,HPS4,exact,HPS4
14315,SRRD,exact,SRRD
14316,TFIP11,exact,TFIP11
14317,Z95115.1,unmatched,
14318,TPST2,exact,TPST2
14319,MIAT,exact,MIAT
14320,Z99774.1,unmatched,
14321,MIATNB,unmatched,
14322,LINC01422,exact,LINC01422
14323,Z97353.2,unmatched,
14324,PITPNB,exact,PITPNB
14325,TTC28,exact,TTC28
14326,CHEK2,exact,CHEK2
14327,HSCB,exact,HSCB
14328,CCDC117,exact,CCDC117
14329,XBP1,exact,XBP1
14330,Z93930.2,unmatched,
14331,ZNRF3,exact,ZNRF3
14332,ZNRF3-AS1,exact,ZNRF3-AS1
14333,KREMEN1,exact,KREMEN1
14334,RHBDD3,exact,RHBDD3
14335,EWSR1,exact,EWSR1
14336,AP1B1,exact,AP1B1
14337,RFPL1S,unmatched,
14338,NEFH,exact,NEFH
14339,THOC5,exact,THOC5
14340,NIPSNAP1,exact,NIPSNAP1
14341,NF2,exact,NF2
14342,ZMAT5,exact,ZMAT5
14343,UQCR10,exact,UQCR10
14344,ASCC2,exact,ASCC2
14345,MTMR3,exact,MTMR3
14346,AC003681.1,unmatched,
14347,OSM,exact,OSM
14348,CASTOR1,exact,CASTOR1
14349,TBC1D10A,exact,TBC1D10A
14350,SF3A1,exact,SF3A1
14351,CCDC157,exact,CCDC157
14352,RNF215,exact,RNF215
14353,SEC14L2,exact,SEC14L2
14354,MTFP1,exact,MTFP1
14355,PES1,exact,PES1
14356,SLC35E4,exact,SLC35E4
14357,DUSP18,exact,DUSP18
14358,OSBP2,exact,OSBP2
14359,MORC2-AS1,exact,MORC2-AS1
14360,MORC2,exact,MORC2
14361,SMTN,exact,SMTN
14362,SELENOM,exact,SELENOM
14363,RNF185,exact,RNF185
14364,LIMK2,exact,LIMK2
14365,PIK3IP1,exact,PIK3IP1
14366,PIK3IP1-AS1,official_alias,PIK3IP1-AS1
14367,PATZ1,exact,PATZ1
14368,LINC01521,unmatched,
14369,DRG1,exact,DRG1
14370,EIF4ENIF1,exact,EIF4ENIF1
14371,AL096701.3,unmatched,
14372,SFI1,exact,SFI1
14373,PISD,exact,PISD
14374,PRR14L,exact,PRR14L
14375,DEPDC5,exact,DEPDC5
14376,YWHAH,exact,YWHAH
14377,RFPL3S,exact,RFPL3S
14378,RTCB,exact,RTCB
14379,FBXO7,exact,FBXO7
14380,LARGE1,exact,LARGE1
14381,HMGXB4,exact,HMGXB4
14382,TOM1,exact,TOM1
14383,MCM5,exact,MCM5
14384,APOL6,exact,APOL6
14385,RBFOX2,exact,RBFOX2
14386,Z82217.1,unmatched,
14387,Z95114.4,unmatched,
14388,Z95114.1,unmatched,
14389,APOL3,exact,APOL3
14390,APOL2,exact,APOL2
14391,APOL1,exact,APOL1
14392,MYH9,exact,MYH9
14393,TXN2,exact,TXN2
14394,FOXRED2,exact,FOXRED2
14395,EIF3D,exact,EIF3D
14396,IFT27,exact,IFT27
14397,NCF4,exact,NCF4
14398,MPST,exact,MPST
14399,KCTD17,exact,KCTD17
14400,IL2RB,exact,IL2RB
14401,C1QTNF6,exact,C1QTNF6
14402,SSTR3,exact,SSTR3
14403,RAC2,exact,RAC2
14404,CYTH4,exact,CYTH4
14405,MFNG,exact,MFNG
14406,GGA1,exact,GGA1
14407,SH3BP1,exact,SH3BP1
14408,PDXP,exact,PDXP
14409,LGALS1,exact,LGALS1
14410,NOL12,exact,NOL12
14411,TRIOBP,exact,TRIOBP
14412,H1F0,official_alias,H1F0
14413,GCAT,exact,GCAT
14414,ANKRD54,exact,ANKRD54
14415,EIF3L,exact,EIF3L
14416,MICALL1,exact,MICALL1
14417,POLR2F,exact,POLR2F
14418,PICK1,exact,PICK1
14419,PLA2G6,exact,PLA2G6
14420,AL022322.2,unmatched,
14421,MAFF,exact,MAFF
14422,TMEM184B,exact,TMEM184B
14423,CSNK1E,exact,CSNK1E
14424,TPTEP2-CSNK1E,exact,TPTEP2-CSNK1E
14425,DDX17,exact,DDX17
14426,DMC1,exact,DMC1
14427,FAM227A,exact,FAM227A
14428,CBY1,exact,CBY1
14429,AL021707.4,unmatched,
14430,AL021707.2,unmatched,
14431,TOMM22,exact,TOMM22
14432,JOSD1,exact,JOSD1
14433,GTPBP1,exact,GTPBP1
14434,AL021707.5,unmatched,
14435,SUN2,exact,SUN2
14436,AL021707.3,unmatched,
14437,AL021707.1,unmatched,
14438,AL021707.6,unmatched,
14439,AL021707.7,unmatched,
14440,DNAL4,exact,DNAL4
14441,NPTXR,exact,NPTXR
14442,CBX6,exact,CBX6
14443,APOBEC3C,exact,APOBEC3C
14444,APOBEC3D,exact,APOBEC3D
14445,APOBEC3F,exact,APOBEC3F
14446,APOBEC3G,exact,APOBEC3G
14447,APOBEC3H,exact,APOBEC3H
14448,CBX7,exact,CBX7
14449,AL031846.2,unmatched,
14450,PDGFB,exact,PDGFB
14451,AL031590.1,unmatched,
14452,AL022326.1,unmatched,
14453,RPL3,exact,RPL3
14454,SYNGR1,exact,SYNGR1
14455,TAB1,exact,TAB1
14456,MIEF1,exact,MIEF1
14457,ATF4,exact,ATF4
14458,RPS19BP1,exact,RPS19BP1
14459,CACNA1I,exact,CACNA1I
14460,ENTHD1,exact,ENTHD1
14461,GRAP2,exact,GRAP2
14462,Z82206.1,unmatched,
14463,TNRC6B,exact,TNRC6B
14464,ADSL,exact,ADSL
14465,AL022238.4,unmatched,
14466,SGSM3,exact,SGSM3
14467,AL022238.2,unmatched,
14468,MKL1,official_alias,MKL1
14469,AL031594.1,unmatched,
14470,SLC25A17,exact,SLC25A17
14471,ST13,exact,ST13
14472,XPNPEP3,exact,XPNPEP3
14473,DNAJB7,exact,DNAJB7
14474,RBX1,exact,RBX1
14475,EP300,exact,EP300
14476,L3MBTL2,exact,L3MBTL2
14477,AL035681.1,unmatched,
14478,CHADL,exact,CHADL
14479,RANGAP1,exact,RANGAP1
14480,ZC3H7B,exact,ZC3H7B
14481,TEF,exact,TEF
14482,AL008582.1,unmatched,
14483,TOB2,exact,TOB2
14484,PHF5A,exact,PHF5A
14485,ACO2,exact,ACO2
14486,POLR3H,exact,POLR3H
14487,PMM1,exact,PMM1
14488,DESI1,exact,DESI1
14489,XRCC6,exact,XRCC6
14490,SNU13,exact,SNU13
14491,C22orf46,unmatched,
14492,MEI1,exact,MEI1
14493,CCDC134,exact,CCDC134
14494,AL021453.1,unmatched,
14495,SREBF2,exact,SREBF2
14496,TNFRSF13C,exact,TNFRSF13C
14497,CENPM,exact,CENPM
14498,WBP2NL,exact,WBP2NL
14499,NAGA,exact,NAGA
14500,PHETA2,exact,PHETA2
14501,SMDT1,exact,SMDT1
14502,NDUFA6,exact,NDUFA6
14503,CYP2D6,exact,CYP2D6
14504,TCF20,exact,TCF20
14505,Z83851.1,unmatched,
14506,RRP7A,exact,RRP7A
14507,SERHL2,exact,SERHL2
14508,POLDIP3,exact,POLDIP3
14509,Z93241.1,unmatched,
14510,CYB5R3,exact,CYB5R3
14511,ATP5MGL,exact,ATP5MGL
14512,ARFGAP3,exact,ARFGAP3
14513,PACSIN2,exact,PACSIN2
14514,AL022476.1,unmatched,
14515,TTLL1,exact,TTLL1
14516,BIK,exact,BIK
14517,MCAT,exact,MCAT
14518,TSPO,exact,TSPO
14519,TTLL12,exact,TTLL12
14520,Z97055.2,unmatched,
14521,SAMM50,exact,SAMM50
14522,PARVB,exact,PARVB
14523,PARVG,exact,PARVG
14524,AL031595.2,unmatched,
14525,RTL6,exact,RTL6
14526,PRR5,exact,PRR5
14527,ARHGAP8,exact,ARHGAP8
14528,NUP50-DT,exact,NUP50-DT
14529,NUP50,exact,NUP50
14530,KIAA0930,exact,KIAA0930
14531,FAM118A,exact,FAM118A
14532,ATXN10,exact,ATXN10
14533,BX537318.1,unmatched,
14534,PRR34,unmatched,
14535,AL121672.3,unmatched,
14536,PRR34-AS1,exact,PRR34-AS1
14537,MIRLET7BHG,exact,MIRLET7BHG
14538,PPARA,exact,PPARA
14539,CDPF1,exact,CDPF1
14540,TTC38,exact,TTC38
14541,GTSE1-DT,exact,GTSE1-DT
14542,GTSE1,exact,GTSE1
14543,TRMU,exact,TRMU
14544,CELSR1,exact,CELSR1
14545,GRAMD4,exact,GRAMD4
14546,CERK,exact,CERK
14547,AL118516.1,unmatched,
14548,TBC1D22A,exact,TBC1D22A
14549,TBC1D22A-AS1,exact,TBC1D22A-AS1
14550,C22orf34,unmatched,
14551,Z97192.1,unmatched,
14552,Z97192.2,unmatched,
14553,BRD1,exact,BRD1
14554,Z98885.3,unmatched,
14555,ZBED4,exact,ZBED4
14556,ALG12,exact,ALG12
14557,AL671710.1,unmatched,
14558,CRELD2,exact,CRELD2
14559,PIM3,exact,PIM3
14560,MLC1,exact,MLC1
14561,TRABD,exact,TRABD
14562,AL022328.3,unmatched,
14563,AL022328.4,unmatched,
14564,SELENOO,exact,SELENOO
14565,AL022328.2,unmatched,
14566,TUBGCP6,exact,TUBGCP6
14567,HDAC10,exact,HDAC10
14568,MAPK11,exact,MAPK11
14569,PLXNB2,exact,PLXNB2
14570,DENND6B,exact,DENND6B
14571,PPP6R2,exact,PPP6R2
14572,SBF1,exact,SBF1
14573,ADM2,exact,ADM2
14574,LMF2,exact,LMF2
14575,NCAPH2,exact,NCAPH2
14576,U62317.3,unmatched,
14577,TYMP,exact,TYMP
14578,ODF3B,unmatched,
14579,KLHDC7B,exact,KLHDC7B
14580,CPT1B,exact,CPT1B
14581,CHKB,exact,CHKB
14582,CHKB-DT,exact,CHKB-DT
14583,ARSA,exact,ARSA
14584,RABL2B,exact,RABL2B
14585,GATD3B,unmatched,
14586,FP565260.1,unmatched,
14587,FP565260.6,unmatched,
14588,U2AF1L5,unmatched,
14589,CU638689.4,unmatched,
14590,CR381653.1,unmatched,
14591,AP001347.1,unmatched,
14592,RBM11,exact,RBM11
14593,HSPA13,exact,HSPA13
14594,SAMSN1,exact,SAMSN1
14595,AF127577.4,unmatched,
14596,NRIP1,exact,NRIP1
14597,USP25,exact,USP25
14598,CXADR,exact,CXADR
14599,BTG3,exact,BTG3
14600,C21orf91,exact,C21orf91
14601,LINC01684,exact,LINC01684
14602,MIR155HG,exact,MIR155HG
14603,MRPL39,exact,MRPL39
14604,ATP5PF,exact,ATP5PF
14605,GABPA,exact,GABPA
14606,APP,exact,APP
14607,AF165147.1,unmatched,
14608,N6AMT1,exact,N6AMT1
14609,LTN1,exact,LTN1
14610,RWDD2B,exact,RWDD2B
14611,USP16,exact,USP16
14612,CCT8,exact,CCT8
14613,MAP3K7CL,exact,MAP3K7CL
14614,BACH1,exact,BACH1
14615,BACH1-AS1,unmatched,
14616,BACH1-IT2,unmatched,
14617,GRIK1,exact,GRIK1
14618,AP000238.1,unmatched,
14619,TIAM1,exact,TIAM1
14620,AP000251.1,unmatched,
14621,AP000253.1,unmatched,
14622,SOD1,exact,SOD1
14623,AP000254.1,unmatched,
14624,SCAF4,exact,SCAF4
14625,AP000265.1,unmatched,
14626,MIS18A,exact,MIS18A
14627,MIS18A-AS1,unmatched,
14628,URB1,exact,URB1
14629,URB1-AS1,exact,URB1-AS1
14630,EVA1C,exact,EVA1C
14631,CFAP298,exact,CFAP298
14632,SYNJ1,exact,SYNJ1
14633,PAXBP1-AS1,exact,PAXBP1-AS1
14634,PAXBP1,exact,PAXBP1
14635,C21orf62-AS1,unmatched,
14636,IFNAR2,exact,IFNAR2
14637,IL10RB-DT,unmatched,
14638,IL10RB,exact,IL10RB
14639,IFNAR1,exact,IFNAR1
14640,IFNGR2,exact,IFNGR2
14641,TMEM50B,exact,TMEM50B
14642,DNAJC28,exact,DNAJC28
14643,GART,exact,GART
14644,SON,exact,SON
14645,DONSON,exact,DONSON
14646,CRYZL1,exact,CRYZL1
14647,ITSN1,exact,ITSN1
14648,ATP5PO,exact,ATP5PO
14649,LINC00649,exact,LINC00649
14650,MRPS6,exact,MRPS6
14651,SLC5A3,exact,SLC5A3
14652,LINC00310,exact,LINC00310
14653,SMIM11A,unmatched,
14654,KCNE1,exact,KCNE1
14655,RCAN1,exact,RCAN1
14656,CLIC6,exact,CLIC6
14657,LINC01426,exact,LINC01426
14658,RUNX1,exact,RUNX1
14659,SETD4,exact,SETD4
14660,CBR1,exact,CBR1
14661,CBR3,exact,CBR3
14662,DOPEY2,official_alias,DOPEY2
14663,AP000692.2,unmatched,
14664,MORC3,exact,MORC3
14665,CHAF1B,exact,CHAF1B
14666,HLCS,exact,HLCS
14667,AP000704.1,unmatched,
14668,PIGP,exact,PIGP
14669,TTC3,exact,TTC3
14670,AP001432.1,unmatched,
14671,VPS26C,exact,VPS26C
14672,AP001412.1,unmatched,
14673,DYRK1A,exact,DYRK1A
14674,ETS2,exact,ETS2
14675,PSMG1,exact,PSMG1
14676,BRWD1,exact,BRWD1
14677,AF129408.1,unmatched,
14678,BRWD1-AS2,exact,BRWD1-AS2
14679,HMGN1,exact,HMGN1
14680,WRB,official_alias,WRB
14681,LCA5L,exact,LCA5L
14682,SH3BGR,exact,SH3BGR
14683,BACE2,exact,BACE2
14684,MX2,exact,MX2
14685,MX1,exact,MX1
14686,RIPK4,exact,RIPK4
14687,PRDM15,exact,PRDM15
14688,C2CD2,exact,C2CD2
14689,ZBTB21,exact,ZBTB21
14690,UMODL1,exact,UMODL1
14691,ABCG1,exact,ABCG1
14692,TMPRSS3,exact,TMPRSS3
14693,UBASH3A,exact,UBASH3A
14694,SLC37A1,exact,SLC37A1
14695,PDE9A,exact,PDE9A
14696,WDR4,exact,WDR4
14697,NDUFV3,exact,NDUFV3
14698,PKNOX1,exact,PKNOX1
14699,U2AF1,exact,U2AF1
14700,HSF2BP,exact,HSF2BP
14701,RRP1B,exact,RRP1B
14702,PDXK,exact,PDXK
14703,CSTB,exact,CSTB
14704,RRP1,exact,RRP1
14705,AGPAT3,exact,AGPAT3
14706,TRAPPC10,exact,TRAPPC10
14707,PWP2,exact,PWP2
14708,GATD3A,unmatched,
14709,LINC01678,unmatched,
14710,ICOSLG,exact,ICOSLG
14711,AP001059.3,unmatched,
14712,AP001059.2,unmatched,
14713,PFKL,exact,PFKL
14714,C21orf2,official_alias,C21orf2
14715,AP001062.1,unmatched,
14716,LRRC3,exact,LRRC3
14717,UBE2G2,exact,UBE2G2
14718,LINC01424,unmatched,
14719,SUMO3,exact,SUMO3
14720,PTTG1IP,exact,PTTG1IP
14721,ITGB2,exact,ITGB2
14722,ITGB2-AS1,exact,ITGB2-AS1
14723,AL844908.1,unmatched,
14724,FAM207A,unmatched,
14725,AP001505.1,unmatched,
14726,ADARB1,exact,ADARB1
14727,LINC00334,exact,LINC00334
14728,POFUT2,exact,POFUT2
14729,COL18A1,exact,COL18A1
14730,SLC19A1,exact,SLC19A1
14731,COL6A1,exact,COL6A1
14732,COL6A2,exact,COL6A2
14733,FTCD,exact,FTCD
14734,SPATC1L,exact,SPATC1L
14735,LSS,exact,LSS
14736,MCM3AP-AS1,exact,MCM3AP-AS1
14737,MCM3AP,exact,MCM3AP
14738,AP001469.3,unmatched,
14739,YBEY,exact,YBEY
14740,C21orf58,exact,C21orf58
14741,PCNT,exact,PCNT
14742,DIP2A,exact,DIP2A
14743,S100B,exact,S100B
14744,PRMT2,exact,PRMT2
14745,MT-ND1,unmatched,
14746,MT-ND2,unmatched,
14747,MT-CO1,unmatched,
14748,MT-CO2,official_alias,MT-CO2
14749,MT-ATP8,unmatched,
14750,MT-ATP6,unmatched,
14751,MT-CO3,unmatched,
14752,MT-ND3,unmatched,
14753,MT-ND4L,unmatched,
14754,MT-ND4,unmatched,
14755,MT-ND5,unmatched,
14756,MT-ND6,unmatched,
14757,MT-CYB,unmatched,
14758,BX004987.1,unmatched,
14759,AC145212.1,unmatched,
14760,MAFIP,unmatched,
14761,AC011043.1,unmatched,
14762,AL592183.1,unmatched,
14763,AC007325.4,unmatched,
14764,AL354822.1,unmatched,
14765,AC240274.1,unmatched,
14766,SAMD11,exact,SAMD11
14767,AL645608.9,unmatched,
14768,TMEM52,exact,TMEM52
14769,AL139246.1,unmatched,
14770,HES5,exact,HES5
14771,AL805961.2,unmatched,
14772,CHD5,exact,CHD5
14773,RNF207,exact,RNF207
14774,LINC01672,exact,LINC01672
14775,UTS2,exact,UTS2
14776,CENPS-CORT,exact,CENPS-CORT
14777,CORT,exact,CORT
14778,AL139423.1,unmatched,
14779,MASP2,exact,MASP2
14780,AL109811.2,unmatched,
14781,TNFRSF8,exact,TNFRSF8
14782,AC254633.1,unmatched,
14783,KAZN,exact,KAZN
14784,FHAD1,exact,FHAD1
14785,FAM131C,exact,FAM131C
14786,AKR7A3,exact,AKR7A3
14787,AL109936.2,unmatched,
14788,ASAP3,exact,ASAP3
14789,AL021154.1,unmatched,
14790,CLIC4,exact,CLIC4
14791,AL445471.2,unmatched,
14792,AL031432.1,unmatched,
14793,AL031432.3,unmatched,
14794,RHCE,exact,RHCE
14795,AUNIP,exact,AUNIP
14796,AL033528.2,unmatched,
14797,AL360012.1,unmatched,
14798,AL009181.1,unmatched,
14799,MATN1,exact,MATN1
14800,DCDC2B,exact,DCDC2B
14801,KIAA1522,unmatched,
14802,TMEM54,exact,TMEM54
14803,GJA4,exact,GJA4
14804,AL139286.2,unmatched,
14805,AL591845.1,unmatched,
14806,AL929472.2,unmatched,
14807,OXCT2,exact,OXCT2
14808,KCNQ4,exact,KCNQ4
14809,SLFNL1,exact,SLFNL1
14810,AC098484.3,unmatched,
14811,AL451062.1,unmatched,
14812,SLC6A9,exact,SLC6A9
14813,AL139220.2,unmatched,
14814,KIF2C,exact,KIF2C
14815,AL592166.1,unmatched,
14816,LINC01144,exact,LINC01144
14817,TSPAN1,exact,TSPAN1
14818,RAD54L,exact,RAD54L
14819,MKNK1-AS1,exact,MKNK1-AS1
14820,AGBL4,exact,AGBL4
14821,TTC39A,exact,TTC39A
14822,RAB3B,exact,RAB3B
14823,AL513218.1,unmatched,
14824,ORC1,exact,ORC1
14825,AL606760.1,unmatched,
14826,DHCR24,exact,DHCR24
14827,AC096536.1,unmatched,
14828,MIR4422HG,exact,MIR4422HG
14829,IL12RB2,exact,IL12RB2
14830,GNG12,exact,GNG12
14831,DEPDC1,exact,DEPDC1
14832,AL354872.2,unmatched,
14833,ZRANB2-AS1,exact,ZRANB2-AS1
14834,AC104458.1,unmatched,
14835,GIPC2,exact,GIPC2
14836,LPAR3,exact,LPAR3
14837,AL078459.1,unmatched,
14838,PKN2-AS1,exact,PKN2-AS1
14839,TMEM56-RWDD3,official_alias,TMEM56-RWDD3
14840,DPYD-AS1,exact,DPYD-AS1
14841,FRRS1,exact,FRRS1
14842,VCAM1,exact,VCAM1
14843,AL355306.2,unmatched,
14844,VAV3-AS1,exact,VAV3-AS1
14845,AL390036.1,unmatched,
14846,FNDC7,exact,FNDC7
14847,C1orf194,unmatched,
14848,GNAT2,exact,GNAT2
14849,CSF1,exact,CSF1
14850,RBM15-AS1,exact,RBM15-AS1
14851,AL360270.3,unmatched,
14852,PIFO,unmatched,
14853,LINC01160,exact,LINC01160
14854,CTTNBP2NL,exact,CTTNBP2NL
14855,PTGFRN,exact,PTGFRN
14856,AL445231.1,unmatched,
14857,WARS2-IT1,exact,WARS2-IT1
14858,FAM72B,exact,FAM72B
14859,AL592494.1,unmatched,
14860,AC239798.2,unmatched,
14861,PPIAL4D,exact,PPIAL4D
14862,AC239803.2,unmatched,
14863,AC239809.3,unmatched,
14864,NUDT4B,exact,NUDT4B
14865,HIST2H4A,official_alias,HIST2H4A
14866,MTMR11,exact,MTMR11
14867,CIART,exact,CIART
14868,ECM1,exact,ECM1
14869,AL356356.1,unmatched,
14870,AL590133.2,unmatched,
14871,AL391069.2,unmatched,
14872,OAZ3,exact,OAZ3
14873,AL589765.4,unmatched,
14874,AL589765.6,unmatched,
14875,RORC,exact,RORC
14876,C2CD4D,exact,C2CD4D
14877,AL450992.2,unmatched,
14878,FLG-AS1,exact,FLG-AS1
14879,S100A5,exact,S100A5
14880,KCNN3,exact,KCNN3
14881,AC234582.1,unmatched,
14882,PMF1-BGLAP,exact,PMF1-BGLAP
14883,PAQR6,exact,PAQR6
14884,VHLL,exact,VHLL
14885,NTRK1,exact,NTRK1
14886,FCRL2,exact,FCRL2
14887,MNDA,exact,MNDA
14888,SLAMF8,exact,SLAMF8
14889,AL590560.2,unmatched,
14890,LINC01133,exact,LINC01133
14891,KCNJ9,exact,KCNJ9
14892,AL121987.2,unmatched,
14893,VANGL2,exact,VANGL2
14894,AL138930.1,unmatched,
14895,HSPA6,exact,HSPA6
14896,AL359541.1,unmatched,
14897,LINC01675,exact,LINC01675
14898,ILDR2,exact,ILDR2
14899,AL023755.1,unmatched,
14900,F5,exact,F5
14901,MYOCOS,exact,MYOCOS
14902,GAS5-AS1,exact,GAS5-AS1
14903,PAPPA2,exact,PAPPA2
14904,AL449106.1,unmatched,
14905,AXDND1,exact,AXDND1
14906,KIAA1614,exact,KIAA1614
14907,RGS16,exact,RGS16
14908,LINC01686,exact,LINC01686
14909,RGS8,exact,RGS8
14910,NCF2,exact,NCF2
14911,PRG4,exact,PRG4
14912,LINC01031,exact,LINC01031
14913,AL356272.1,unmatched,
14914,C1orf53,exact,C1orf53
14915,ATP6V1G3,exact,ATP6V1G3
14916,KIF14,exact,KIF14
14917,ELF3,exact,ELF3
14918,GPR37L1,exact,GPR37L1
14919,PCAT6,exact,PCAT6
14920,LINC01353,exact,LINC01353
14921,LINC01136,unmatched,
14922,GOLT1A,exact,GOLT1A
14923,PM20D1,exact,PM20D1
14924,DYRK3,exact,DYRK3
14925,LAMB3,exact,LAMB3
14926,G0S2,exact,G0S2
14927,IRF6,exact,IRF6
14928,DTL,exact,DTL
14929,ATF3,exact,ATF3
14930,ESRRG,exact,ESRRG
14931,CAPN8,exact,CAPN8
14932,LEFTY1,exact,LEFTY1
14933,IBA57-DT,exact,IBA57-DT
14934,AL670729.3,unmatched,
14935,MAP3K21,exact,MAP3K21
14936,AL355472.3,unmatched,
14937,AL160408.2,unmatched,
14938,AL391832.2,unmatched,
14939,GNG4,exact,GNG4
14940,MTRNR2L11,exact,MTRNR2L11
14941,AC093426.1,unmatched,
14942,CHRM3,exact,CHRM3
14943,KMO,exact,KMO
14944,EXO1,exact,EXO1
14945,BX323046.1,unmatched,
14946,AL591848.4,unmatched,
14947,OR2L5,exact,OR2L5
14948,AC144450.1,unmatched,
14949,PXDN,exact,PXDN
14950,NRIR,exact,NRIR
14951,AC092580.2,unmatched,
14952,LINC00299,exact,LINC00299
14953,LINC01814,exact,LINC01814
14954,MBOAT2,exact,MBOAT2
14955,CYS1,exact,CYS1
14956,AC092687.3,unmatched,
14957,NT5C1B,exact,NT5C1B
14958,GDF7,exact,GDF7
14959,MFSD2B,exact,MFSD2B
14960,AC009228.1,unmatched,
14961,AGBL5-AS1,exact,AGBL5-AS1
14962,TCF23,exact,TCF23
14963,TRIM54,exact,TRIM54
14964,LINC01460,exact,LINC01460
14965,AC104695.3,unmatched,
14966,AC092164.1,unmatched,
14967,CAPN14,exact,CAPN14
14968,QPCT,exact,QPCT
14969,CYP1B1,exact,CYP1B1
14970,AC019171.1,unmatched,
14971,AC083949.1,unmatched,
14972,KCNG3,exact,KCNG3
14973,EPAS1,exact,EPAS1
14974,AC073283.1,unmatched,
14975,GPR75,exact,GPR75
14976,TMEM17,exact,TMEM17
14977,AC012368.2,unmatched,
14978,AC012368.1,unmatched,
14979,LINC00309,exact,LINC00309
14980,AC008074.1,unmatched,
14981,LGALSL,exact,LGALSL
14982,SPRED2,exact,SPRED2
14983,LINC01829,exact,LINC01829
14984,ANTXR1,exact,ANTXR1
14985,ASPRV1,exact,ASPRV1
14986,ATP6V1B1,exact,ATP6V1B1
14987,AC007040.2,unmatched,
14988,EGR4,exact,EGR4
14989,ACTG2,exact,ACTG2
14990,TLX2,exact,TLX2
14991,LINC01291,exact,LINC01291
14992,AC084149.2,unmatched,
14993,TCF7L1,exact,TCF7L1
14994,AC012511.1,unmatched,
14995,RNF103-CHMP3,exact,RNF103-CHMP3
14996,RGPD1,exact,RGPD1
14997,FER1L5,exact,FER1L5
14998,TBC1D8,exact,TBC1D8
14999,AC012360.2,unmatched,
15000,SULT1C2,exact,SULT1C2
15001,SOWAHC,exact,SOWAHC
15002,AC074387.1,unmatched,
15003,MALL,exact,MALL
15004,ACOXL,exact,ACOXL
15005,AC017002.1,unmatched,
15006,IL1A,exact,IL1A
15007,IL1RN,exact,IL1RN
15008,AC017074.1,unmatched,
15009,AC104653.2,unmatched,
15010,AC012363.1,unmatched,
15011,AC012447.1,unmatched,
15012,AC010976.1,unmatched,
15013,PRSS40A,unmatched,
15014,AC011893.1,unmatched,
15015,AC114763.1,unmatched,
15016,AC092620.3,unmatched,
15017,ZEB2-AS1,exact,ZEB2-AS1
15018,AC074099.1,unmatched,
15019,GALNT5,exact,GALNT5
15020,AC019186.1,unmatched,
15021,AC091488.1,unmatched,
15022,TANC1,exact,TANC1
15023,PLA2R1,exact,PLA2R1
15024,SCN9A,exact,SCN9A
15025,KLHL41,exact,KLHL41
15026,CYBRD1,exact,CYBRD1
15027,AC078883.2,unmatched,
15028,RAPGEF4,exact,RAPGEF4
15029,AC010894.2,unmatched,
15030,CHN1,exact,CHN1
15031,AC019080.4,unmatched,
15032,AC068196.1,unmatched,
15033,CALCRL,exact,CALCRL
15034,COL5A2,exact,COL5A2
15035,OSGEPL1-AS1,exact,OSGEPL1-AS1
15036,AC006460.1,unmatched,
15037,MYO1B,exact,MYO1B
15038,HECW2,exact,HECW2
15039,FZD7,exact,FZD7
15040,NRP2,exact,NRP2
15041,AC009226.1,unmatched,
15042,AC079610.1,unmatched,
15043,VWC2L,exact,VWC2L
15044,AC098820.3,unmatched,
15045,GPBAR1,exact,GPBAR1
15046,PLCD4,exact,PLCD4
15047,WNT10A,exact,WNT10A
15048,NHEJ1,exact,NHEJ1
15049,ABCB6,exact,ABCB6
15050,TMEM198,exact,TMEM198
15051,AC073641.1,unmatched,
15052,AC073052.2,unmatched,
15053,TM4SF20,exact,TM4SF20
15054,CCL20,exact,CCL20
15055,SPATA3-AS1,exact,SPATA3-AS1
15056,CHRNG,exact,CHRNG
15057,AC105760.1,unmatched,
15058,AC112721.1,unmatched,
15059,AC112721.2,unmatched,
15060,RAMP1,exact,RAMP1
15061,AC093802.1,unmatched,
15062,KIF1A,exact,KIF1A
15063,AC005237.1,unmatched,
15064,BOK-AS1,unmatched,
15065,AC026202.2,unmatched,
15066,GRM7,exact,GRM7
15067,LMCD1,exact,LMCD1
15068,OXTR,exact,OXTR
15069,PRRT3-AS1,exact,PRRT3-AS1
15070,AC022001.2,unmatched,
15071,AC034198.2,unmatched,
15072,GRIP2,exact,GRIP2
15073,C3orf20,exact,C3orf20
15074,LINC00691,exact,LINC00691
15075,THRB,exact,THRB
15076,LINC01980,exact,LINC01980
15077,ZCWPW2,exact,ZCWPW2
15078,AC112220.4,unmatched,
15079,AC097359.2,unmatched,
15080,AC092053.3,unmatched,
15081,AC092053.2,unmatched,
15082,XIRP1,exact,XIRP1
15083,MYRIP,exact,MYRIP
15084,ENTPD3,exact,ENTPD3
15085,ZBTB47,exact,ZBTB47
15086,CCDC13,exact,CCDC13
15087,AC099669.1,unmatched,
15088,AC124045.1,unmatched,
15089,KIF15,exact,KIF15
15090,SLC6A20,exact,SLC6A20
15091,CSPG5,exact,CSPG5
15092,PLXNB1,exact,PLXNB1
15093,CCDC36,official_alias,CCDC36
15094,AC104452.1,unmatched,
15095,MST1R,exact,MST1R
15096,AC105935.1,unmatched,
15097,LSMEM2,exact,LSMEM2
15098,TMEM110-MUSTN1,official_alias,TMEM110-MUSTN1
15099,IL17RD,exact,IL17RD
15100,DENND6A-DT,exact,DENND6A-DT
15101,HTD2,exact,HTD2
15102,C3orf67,official_alias,C3orf67
15103,FAM19A1,official_alias,FAM19A1
15104,SAMMSON,exact,SAMMSON
15105,LINC00971,exact,LINC00971
15106,OR5H14,exact,OR5H14
15107,AC021660.2,unmatched,
15108,AC020651.1,unmatched,
15109,ALCAM,exact,ALCAM
15110,LINC01990,exact,LINC01990
15111,HHLA2,exact,HHLA2
15112,NECTIN3-AS1,unmatched,
15113,TAGLN3,exact,TAGLN3
15114,AC078785.1,unmatched,
15115,AC078785.2,unmatched,
15116,MAATS1,official_alias,MAATS1
15117,FBXO40,exact,FBXO40
15118,CD86,exact,CD86
15119,SLC12A8,exact,SLC12A8
15120,AC084035.1,unmatched,
15121,MGLL,exact,MGLL
15122,KBTBD12,exact,KBTBD12
15123,AC107027.1,unmatched,
15124,NPHP3-AS1,exact,NPHP3-AS1
15125,AC022296.3,unmatched,
15126,AC117382.2,unmatched,
15127,ESYT3,exact,ESYT3
15128,AC024933.1,unmatched,
15129,SIAH2-AS1,unmatched,
15130,MED12L,exact,MED12L
15131,P2RY14,exact,P2RY14
15132,IGSF10,exact,IGSF10
15133,LINC00881,unmatched,
15134,AC080013.5,unmatched,
15135,IL12A,exact,IL12A
15136,TERC,unmatched,
15137,ACTRT3,exact,ACTRT3
15138,AC078802.1,unmatched,
15139,AC008040.1,unmatched,
15140,CLDN11,exact,CLDN11
15141,NAALADL2,exact,NAALADL2
15142,AC007823.1,unmatched,
15143,AC007620.3,unmatched,
15144,CCDC39,unmatched,
15145,B3GNT5,exact,B3GNT5
15146,KLHL6-AS1,exact,KLHL6-AS1
15147,ETV5,exact,ETV5
15148,AC046143.2,unmatched,
15149,XXYLT1-AS2,unmatched,
15150,AC069213.1,unmatched,
15151,TM4SF19,exact,TM4SF19
15152,MELTF,exact,MELTF
15153,LINC02012,unmatched,
15154,AC055764.2,unmatched,
15155,LMLN-AS1,exact,LMLN-AS1
15156,AC092574.1,unmatched,
15157,SLC49A3,exact,SLC49A3
15158,AC139887.1,unmatched,
15159,CPLX1,exact,CPLX1
15160,NAT8L,exact,NAT8L
15161,MSANTD1,exact,MSANTD1
15162,EVC,exact,EVC
15163,C4orf50,exact,C4orf50
15164,AC113615.1,unmatched,
15165,AFAP1-AS1,exact,AFAP1-AS1
15166,AC099550.1,unmatched,
15167,NCAPG,exact,NCAPG
15168,KCNIP4,exact,KCNIP4
15169,AC104078.1,unmatched,
15170,AC021860.1,unmatched,
15171,AC079921.2,unmatched,
15172,RBM47,exact,RBM47
15173,APBB2,exact,APBB2
15174,AC106052.1,unmatched,
15175,AC096734.1,unmatched,
15176,CORIN,exact,CORIN
15177,CNGA1,exact,CNGA1
15178,LRRC66,exact,LRRC66
15179,AC110792.2,unmatched,
15180,KIT,exact,KIT
15181,AC024243.1,unmatched,
15182,STAP1,exact,STAP1
15183,AC053527.1,unmatched,
15184,AREG,exact,AREG
15185,CXCL9,exact,CXCL9
15186,ART3,exact,ART3
15187,CXCL10,exact,CXCL10
15188,CXCL11,exact,CXCL11
15189,CXCL13,exact,CXCL13
15190,ANXA3,exact,ANXA3
15191,AC114781.2,unmatched,
15192,HSD17B13,exact,HSD17B13
15193,AC112250.2,unmatched,
15194,AC083829.2,unmatched,
15195,LINC02267,unmatched,
15196,AC019077.1,unmatched,
15197,AC097460.1,unmatched,
15198,AC109361.1,unmatched,
15199,DKK2,exact,DKK2
15200,LRIT3,exact,LRIT3
15201,IL2,exact,IL2
15202,FGF2,exact,FGF2
15203,AC096711.3,unmatched,
15204,PCDH18,exact,PCDH18
15205,SLC7A11,exact,SLC7A11
15206,AC139720.1,unmatched,
15207,SMAD1,exact,SMAD1
15208,TIGD4,exact,TIGD4
15209,MND1,exact,MND1
15210,LRAT,exact,LRAT
15211,AC097467.3,unmatched,
15212,MARCH1,official_alias,MARCH1
15213,TRIM60,exact,TRIM60
15214,MFAP3L,exact,MFAP3L
15215,NEIL3,exact,NEIL3
15216,LINC02362,unmatched,
15217,PDLIM3,exact,PDLIM3
15218,KLKB1,exact,KLKB1
15219,AC021087.1,unmatched,
15220,TERT,exact,TERT
15221,AC026412.3,unmatched,
15222,AC091965.4,unmatched,
15223,AC012640.1,unmatched,
15224,ANKRD33B,exact,ANKRD33B
15225,LINC02100,exact,LINC02100
15226,LINC02211,unmatched,
15227,AC025178.1,unmatched,
15228,AC137810.1,unmatched,
15229,CAPSL,exact,CAPSL
15230,OSMR,exact,OSMR
15231,NIM1K,exact,NIM1K
15232,AC114956.1,unmatched,
15233,MRPS30-DT,unmatched,
15234,FST,exact,FST
15235,AC025175.1,unmatched,
15236,AC026704.1,unmatched,
15237,ANKRD55,exact,ANKRD55
15238,AC008937.3,unmatched,
15239,MAST4-AS1,unmatched,
15240,AC010273.1,unmatched,
15241,SERF1B,exact,SERF1B
15242,MAP1B,exact,MAP1B
15243,ARHGEF28,exact,ARHGEF28
15244,AC010501.1,unmatched,
15245,AC008897.3,unmatched,
15246,SV2C,exact,SV2C
15247,AC026725.1,unmatched,
15248,FAM151B,exact,FAM151B
15249,AC008434.1,unmatched,
15250,CKMT2,exact,CKMT2
15251,AC026726.1,unmatched,
15252,LINC01949,unmatched,
15253,ADGRV1,exact,ADGRV1
15254,AC020900.1,unmatched,
15255,LIX1-AS1,exact,LIX1-AS1
15256,EFNA5,exact,EFNA5
15257,TICAM2,exact,TICAM2
15258,AC034236.3,unmatched,
15259,AC008629.1,unmatched,
15260,IL3,exact,IL3
15261,CSF2,exact,CSF2
15262,P4HA2,exact,P4HA2
15263,PDLIM4,exact,PDLIM4
15264,SLC22A4,exact,SLC22A4
15265,AC004039.1,unmatched,
15266,GDF9,unmatched,
15267,CATSPER3,exact,CATSPER3
15268,EGR1,exact,EGR1
15269,LRRTM2,exact,LRRTM2
15270,MZB1,exact,MZB1
15271,ECSCR,exact,ECSCR
15272,HBEGF,exact,HBEGF
15273,AC008438.1,unmatched,
15274,PCDHB1,exact,PCDHB1
15275,SLC25A2,exact,SLC25A2
15276,PCDHGA7,exact,PCDHGA7
15277,PCDHGB5,exact,PCDHGB5
15278,PCDHGB6,exact,PCDHGB6
15279,PCDHGB7,exact,PCDHGB7
15280,AC008781.2,unmatched,
15281,AC008781.1,unmatched,
15282,SPRY4,exact,SPRY4
15283,SPRY4-AS1,exact,SPRY4-AS1
15284,AC091948.1,unmatched,
15285,GRPEL2-AS1,exact,GRPEL2-AS1
15286,CARMN,unmatched,
15287,NDST1,exact,NDST1
15288,IRGM,exact,IRGM
15289,FAM71B,unmatched,
15290,FNDC9,exact,FNDC9
15291,ADAM19,exact,ADAM19
15292,NIPAL4,exact,NIPAL4
15293,LINC02202,exact,LINC02202
15294,ATP10B,exact,ATP10B
15295,AC008456.1,unmatched,
15296,WWC1,exact,WWC1
15297,AC034199.1,unmatched,
15298,STC2,exact,STC2
15299,AC138956.2,unmatched,
15300,GPRIN1,exact,GPRIN1
15301,FGFR4,exact,FGFR4
15302,F12,exact,F12
15303,PRR7-AS1,unmatched,
15304,DOK3,exact,DOK3
15305,GRM6,exact,GRM6
15306,AC136604.3,unmatched,
15307,SCGB3A1,exact,SCGB3A1
15308,TRIM7,exact,TRIM7
15309,FOXC1,exact,FOXC1
15310,AL031768.1,unmatched,
15311,MYLK4,exact,MYLK4
15312,LINC02533,unmatched,
15313,PPP1R3G,exact,PPP1R3G
15314,AL136307.1,unmatched,
15315,LY86,exact,LY86
15316,CAGE1,exact,CAGE1
15317,TXNDC5,exact,TXNDC5
15318,AL138885.3,unmatched,
15319,TFAP2A-AS1,unmatched,
15320,AL157373.2,unmatched,
15321,JARID2-AS1,exact,JARID2-AS1
15322,AL137003.1,unmatched,
15323,KIF13A,exact,KIF13A
15324,HIST1H4A,official_alias,HIST1H4A
15325,HIST1H2AE,official_alias,HIST1H2AE
15326,HIST1H2BI,official_alias,HIST1H2BI
15327,HIST1H2BK,official_alias,HIST1H2BK
15328,HIST1H2AH,official_alias,HIST1H2AH
15329,PRSS16,exact,PRSS16
15330,HIST1H2BL,official_alias,HIST1H2BL
15331,HIST1H2AK,official_alias,HIST1H2AK
15332,HIST1H1B,official_alias,HIST1H1B
15333,AL358933.1,unmatched,
15334,AL662890.1,unmatched,
15335,LINC01556,unmatched,
15336,ZNF311,exact,ZNF311
15337,OR2I1P,exact,OR2I1P
15338,UBD,exact,UBD
15339,TRIM31,exact,TRIM31
15340,AL662797.1,unmatched,
15341,SFTA2,exact,SFTA2
15342,C6orf47-AS1,unmatched,
15343,EHMT2-AS1,exact,EHMT2-AS1
15344,AL662796.1,unmatched,
15345,COL11A2,exact,COL11A2
15346,KIFC1,exact,KIFC1
15347,LINC00336,exact,LINC00336
15348,GRM4,exact,GRM4
15349,RPS10-NUDT3,exact,RPS10-NUDT3
15350,SLC26A8,exact,SLC26A8
15351,C6orf222,official_alias,C6orf222
15352,ETV7,exact,ETV7
15353,CDKN1A,exact,CDKN1A
15354,AL121574.1,unmatched,
15355,KCNK5,exact,KCNK5
15356,KIF6,exact,KIF6
15357,DAAM2,exact,DAAM2
15358,TREML2,exact,TREML2
15359,FOXP4-AS1,exact,FOXP4-AS1
15360,AL512274.1,unmatched,
15361,GUCA1B,exact,GUCA1B
15362,PRPH2,exact,PRPH2
15363,AL133375.1,unmatched,
15364,LRRC73,exact,LRRC73
15365,AL355802.2,unmatched,
15366,RSPH9,exact,RSPH9
15367,VEGFA,exact,VEGFA
15368,AL136131.3,unmatched,
15369,ZNF451-AS1,exact,ZNF451-AS1
15370,OOEP,exact,OOEP
15371,AL451064.1,unmatched,
15372,AL359715.1,unmatched,
15373,AL049697.1,unmatched,
15374,AL353135.1,unmatched,
15375,AL137784.2,unmatched,
15376,AL133406.3,unmatched,
15377,AL133406.2,unmatched,
15378,Z98200.1,unmatched,
15379,AL390208.1,unmatched,
15380,MARCKS,exact,MARCKS
15381,HDAC2-AS2,exact,HDAC2-AS2
15382,AL050331.2,unmatched,
15383,PKIB,exact,PKIB
15384,HEY2,exact,HEY2
15385,AL096711.2,unmatched,
15386,KIAA0408,exact,KIAA0408
15387,SOGA3,exact,SOGA3
15388,LAMA2,exact,LAMA2
15389,TMEM200A,exact,TMEM200A
15390,AL049552.1,unmatched,
15391,LINC00271,unmatched,
15392,AL138828.1,unmatched,
15393,MAP7,exact,MAP7
15394,GVQW2,official_alias,GVQW2
15395,TXLNB,exact,TXLNB
15396,AL023581.2,unmatched,
15397,AL358852.1,unmatched,
15398,ULBP2,exact,ULBP2
15399,ULBP1,exact,ULBP1
15400,PPP1R14C,exact,PPP1R14C
15401,IYD,exact,IYD
15402,PLEKHG1,exact,PLEKHG1
15403,AL133260.2,unmatched,
15404,AKAP12,exact,AKAP12
15405,AL390955.2,unmatched,
15406,PNLDC1,exact,PNLDC1
15407,BX322234.1,unmatched,
15408,AL354892.1,unmatched,
15409,AL731661.1,unmatched,
15410,AC226118.1,unmatched,
15411,PDGFA,exact,PDGFA
15412,GPER1,exact,GPER1
15413,MICALL2,exact,MICALL2
15414,AMZ1,exact,AMZ1
15415,SDK1,exact,SDK1
15416,SLC29A4,exact,SLC29A4
15417,AC092171.3,unmatched,
15418,FSCN1,exact,FSCN1
15419,AC073343.2,unmatched,
15420,AC006042.2,unmatched,
15421,AC007029.1,unmatched,
15422,AC011287.1,unmatched,
15423,TSPAN13,exact,TSPAN13
15424,HDAC9,exact,HDAC9
15425,ITGB8,exact,ITGB8
15426,ABCB5,exact,ABCB5
15427,DNAH11,exact,DNAH11
15428,AC005082.1,unmatched,
15429,GPNMB,exact,GPNMB
15430,IGF2BP3,exact,IGF2BP3
15431,HOXA10,exact,HOXA10
15432,AC006027.1,unmatched,
15433,AC005154.6,unmatched,
15434,AC005154.4,unmatched,
15435,GPR141,exact,GPR141
15436,AC004837.2,unmatched,
15437,INHBA-AS1,exact,INHBA-AS1
15438,LINC01952,unmatched,
15439,NACAD,exact,NACAD
15440,AC073115.2,unmatched,
15441,TNS3,exact,TNS3
15442,AC020743.1,unmatched,
15443,DDC,exact,DDC
15444,GRB10,exact,GRB10
15445,FKBP6,exact,FKBP6
15446,METTL27,exact,METTL27
15447,SSC4D,exact,SSC4D
15448,AC003991.1,unmatched,
15449,STEAP1,exact,STEAP1
15450,STEAP2,exact,STEAP2
15451,CFAP69,exact,CFAP69
15452,LRRD1,exact,LRRD1
15453,AC007566.1,unmatched,
15454,AC002454.1,unmatched,
15455,PPP1R9A,exact,PPP1R9A
15456,BAIAP2L1,exact,BAIAP2L1
15457,NPTX2,exact,NPTX2
15458,TMEM130,exact,TMEM130
15459,AC004834.1,unmatched,
15460,AC069294.1,unmatched,
15461,CYP3A43,exact,CYP3A43
15462,AC092849.1,unmatched,
15463,PCOLCE-AS1,exact,PCOLCE-AS1
15464,ZAN,exact,ZAN
15465,MUC12,exact,MUC12
15466,EFCAB10,exact,EFCAB10
15467,LINC01393,exact,LINC01393
15468,CAV2,exact,CAV2
15469,CAV1,exact,CAV1
15470,AC018638.6,unmatched,
15471,IRF5,exact,IRF5
15472,STRIP2,exact,STRIP2
15473,MESTIT1,exact,MESTIT1
15474,AC009275.1,unmatched,
15475,AC009276.1,unmatched,
15476,SVOPL,exact,SVOPL
15477,TMEM213,exact,TMEM213
15478,KIAA1549,exact,KIAA1549
15479,ZC3HAV1L,exact,ZC3HAV1L
15480,RAB19,exact,RAB19
15481,DENND2A,exact,DENND2A
15482,TAS2R5,exact,TAS2R5
15483,TRBV3-1,unmatched,
15484,TRBV4-1,exact,TRBV4-1
15485,TRBV4-2,exact,TRBV4-2
15486,TRBV7-2,unmatched,
15487,TRBV10-2,unmatched,
15488,TRBV6-5,unmatched,
15489,TRBV5-4,exact,TRBV5-4
15490,TRBV5-6,unmatched,
15491,TRBV12-4,unmatched,
15492,TRBV15,unmatched,
15493,TRBV21-1,unmatched,
15494,TRBV23-1,unmatched,
15495,MTRNR2L6,exact,MTRNR2L6
15496,TMEM139,exact,TMEM139
15497,FAM131B,exact,FAM131B
15498,AC093673.2,unmatched,
15499,OR2A42,exact,OR2A42
15500,OR2A1,exact,OR2A1
15501,AC073314.1,unmatched,
15502,WDR86,exact,WDR86
15503,ASMT,exact,ASMT
15504,AL683807.2,unmatched,
15505,LINC00102,exact,LINC00102
15506,TLR7,exact,TLR7
15507,AC003035.1,unmatched,
15508,ASB9,exact,ASB9
15509,ASB11,exact,ASB11
15510,NHS,exact,NHS
15511,PHKA2-AS1,unmatched,
15512,MAP7D2,exact,MAP7D2
15513,PHEX,exact,PHEX
15514,GK-AS1,unmatched,
15515,LANCL3,exact,LANCL3
15516,MID1IP1-AS1,unmatched,
15517,AC108879.1,unmatched,
15518,LINC01281,exact,LINC01281
15519,AC234772.3,unmatched,
15520,AC234772.2,unmatched,
15521,UXT-AS1,exact,UXT-AS1
15522,AC115618.1,unmatched,
15523,KCND1,exact,KCND1
15524,GAGE10,exact,GAGE10
15525,NUDT10,exact,NUDT10
15526,FAM156A,exact,FAM156A
15527,FGD1,exact,FGD1
15528,ALAS2,exact,ALAS2
15529,ERCC6L,exact,ERCC6L
15530,XKRX,exact,XKRX
15531,CENPI,exact,CENPI
15532,AL035427.1,unmatched,
15533,KCNE5,exact,KCNE5
15534,ALG13-AS1,unmatched,
15535,ZCCHC12,exact,ZCCHC12
15536,RHOXF2,exact,RHOXF2
15537,RTL8B,exact,RTL8B
15538,SMIM10L2B-AS1,unmatched,
15539,AFF2,exact,AFF2
15540,MAMLD1,exact,MAMLD1
15541,TREX2,exact,TREX2
15542,SLC6A8,exact,SLC6A8
15543,CLIC2,exact,CLIC2
15544,AC100810.3,unmatched,
15545,AC019257.1,unmatched,
15546,AC103957.2,unmatched,
15547,AC104964.4,unmatched,
15548,RP1L1,exact,RP1L1
15549,AF131216.4,unmatched,
15550,FAM86B2,exact,FAM86B2
15551,C8orf48,exact,C8orf48
15552,SH2D4A,exact,SH2D4A
15553,NPM2,exact,NPM2
15554,FGF17,exact,FGF17
15555,EGR3,exact,EGR3
15556,AC026979.1,unmatched,
15557,AC102945.1,unmatched,
15558,AC087362.2,unmatched,
15559,AC009630.2,unmatched,
15560,AC103724.3,unmatched,
15561,CHRNA6,exact,CHRNA6
15562,AC026904.2,unmatched,
15563,AC068389.4,unmatched,
15564,CLVS1,exact,CLVS1
15565,LINC01289,exact,LINC01289
15566,DNAJC5B,exact,DNAJC5B
15567,XKR9,exact,XKR9
15568,SBSPON,exact,SBSPON
15569,MIR2052HG,exact,MIR2052HG
15570,CASC9,exact,CASC9
15571,AC009686.2,unmatched,
15572,AC022778.1,unmatched,
15573,AC079209.1,unmatched,
15574,AC009902.2,unmatched,
15575,CA2,exact,CA2
15576,CNGB3,exact,CNGB3
15577,SLC26A7,exact,SLC26A7
15578,AC010834.3,unmatched,
15579,GEM,exact,GEM
15580,MATN2,exact,MATN2
15581,AC016877.1,unmatched,
15582,AP003472.2,unmatched,
15583,AP001330.5,unmatched,
15584,AP003696.1,unmatched,
15585,AP003354.1,unmatched,
15586,BAALC-AS1,exact,BAALC-AS1
15587,CTHRC1,exact,CTHRC1
15588,AP005717.1,unmatched,
15589,AC090922.1,unmatched,
15590,TRIB1,exact,TRIB1
15591,AC022973.3,unmatched,
15592,KCNQ3,exact,KCNQ3
15593,KHDRBS3,exact,KHDRBS3
15594,ERICD,exact,ERICD
15595,AC100803.3,unmatched,
15596,ARC,exact,ARC
15597,LY6K,exact,LY6K
15598,LY6H,exact,LY6H
15599,AC067930.1,unmatched,
15600,AC067930.3,unmatched,
15601,OPLAH,exact,OPLAH
15602,TMEM249,exact,TMEM249
15603,ARHGAP39,exact,ARHGAP39
15604,VLDLR-AS1,exact,VLDLR-AS1
15605,MLANA,exact,MLANA
15606,GLDC,exact,GLDC
15607,BNC2,exact,BNC2
15608,CNTLN,exact,CNTLN
15609,IFNB1,exact,IFNB1
15610,TUSC1,exact,TUSC1
15611,LRRC19,exact,LRRC19
15612,ANKRD18B,exact,ANKRD18B
15613,LINC01251,official_alias,LINC01251
15614,KIF24,exact,KIF24
15615,ENHO,exact,ENHO
15616,CCL27,exact,CCL27
15617,UNC13B,exact,UNC13B
15618,RUSC2,exact,RUSC2
15619,FAM166B,unmatched,
15620,AL357874.1,unmatched,
15621,MSMP,exact,MSMP
15622,MELK,exact,MELK
15623,AL512604.3,unmatched,
15624,SHB,exact,SHB
15625,AL591441.1,unmatched,
15626,AL590399.1,unmatched,
15627,BX005266.2,unmatched,
15628,AL512625.3,unmatched,
15629,ANKRD20A3,unmatched,
15630,RORB,exact,RORB
15631,GADD45G,exact,GADD45G
15632,AL606807.1,unmatched,
15633,AL158071.3,unmatched,
15634,AL158071.1,unmatched,
15635,AL158071.4,unmatched,
15636,OGN,exact,OGN
15637,ASPN,exact,ASPN
15638,ECM2,exact,ECM2
15639,AL158152.2,unmatched,
15640,NUTM2G,exact,NUTM2G
15641,AL359710.1,unmatched,
15642,NR4A3,exact,NR4A3
15643,BAAT,exact,BAAT
15644,TAL2,exact,TAL2
15645,PTPN3,exact,PTPN3
15646,AKAP2,official_alias,AKAP2
15647,PTGR1,exact,PTGR1
15648,C9orf84,official_alias,C9orf84
15649,COL27A1,exact,COL27A1
15650,TNFSF15,exact,TNFSF15
15651,NR6A1,exact,NR6A1
15652,CERCAM,exact,CERCAM
15653,LINC01503,exact,LINC01503
15654,PRRX2,exact,PRRX2
15655,AL158207.2,unmatched,
15656,AL360004.1,unmatched,
15657,NCS1,exact,NCS1
15658,AIF1L,exact,AIF1L
15659,CEL,exact,CEL
15660,VAV2,exact,VAV2
15661,AL355574.1,unmatched,
15662,CARD9,exact,CARD9
15663,SAPCD2,exact,SAPCD2
15664,TOR4A,exact,TOR4A
15665,NRARP,exact,NRARP
15666,NOXA1,exact,NOXA1
15667,AC136475.2,unmatched,
15668,AC136475.4,unmatched,
15669,CRACR2B,exact,CRACR2B
15670,KRTAP5-AS1,exact,KRTAP5-AS1
15671,AC068580.4,unmatched,
15672,CD81-AS1,exact,CD81-AS1
15673,PHLDA2,exact,PHLDA2
15674,CARS-AS1,official_alias,CARS-AS1
15675,AC090587.1,unmatched,
15676,RRM1-AS1,unmatched,
15677,OR52K2,exact,OR52K2
15678,OR52K1,exact,OR52K1
15679,OR51M1,exact,OR51M1
15680,OR52H1,exact,OR52H1
15681,OR52N4,exact,OR52N4
15682,CAVIN3,exact,CAVIN3
15683,OR2AG2,exact,OR2AG2
15684,ZNF215,exact,ZNF215
15685,CYB5R2,exact,CYB5R2
15686,ST5,official_alias,ST5
15687,AC011092.2,unmatched,
15688,GALNT18,exact,GALNT18
15689,CSNK2A3,exact,CSNK2A3
15690,LINC02547,exact,LINC02547
15691,PARVA,exact,PARVA
15692,LINC00958,exact,LINC00958
15693,AC018523.2,unmatched,
15694,CALCB,exact,CALCB
15695,NAV2,exact,NAV2
15696,LGR4,exact,LGR4
15697,KIF18A,exact,KIF18A
15698,ABTB2,exact,ABTB2
15699,FJX1,exact,FJX1
15700,AC010768.2,unmatched,
15701,TSPAN18,exact,TSPAN18
15702,MAPK8IP1,exact,MAPK8IP1
15703,LARGE2,exact,LARGE2
15704,AC024475.1,unmatched,
15705,MDK,exact,MDK
15706,PACSIN3,exact,PACSIN3
15707,AC018410.1,unmatched,
15708,SMTNL1,exact,SMTNL1
15709,AP003557.1,unmatched,
15710,OR5B21,exact,OR5B21
15711,AP001350.1,unmatched,
15712,AP003721.4,unmatched,
15713,TMEM132A,exact,TMEM132A
15714,MYRF,exact,MYRF
15715,AP003306.2,unmatched,
15716,AP002990.1,unmatched,
15717,LRRN4CL,exact,LRRN4CL
15718,AP001160.2,unmatched,
15719,FLRT1,exact,FLRT1
15720,AP001453.2,unmatched,
15721,AP003774.3,unmatched,
15722,SNX15,exact,SNX15
15723,CDCA5,exact,CDCA5
15724,FOSL1,exact,FOSL1
15725,CST6,exact,CST6
15726,CATSPER1,exact,CATSPER1
15727,AP001107.2,unmatched,
15728,CNIH2,exact,CNIH2
15729,PTPRCAP,exact,PTPRCAP
15730,ACY3,exact,ACY3
15731,AP003716.1,unmatched,
15732,ALDH3B1,exact,ALDH3B1
15733,GAL,exact,GAL
15734,MYEOV,exact,MYEOV
15735,AP002336.2,unmatched,
15736,ZNF705E,unmatched,
15737,PDE2A,exact,PDE2A
15738,TPBGL,exact,TPBGL
15739,DGAT2,exact,DGAT2
15740,AP003680.1,unmatched,
15741,AP002812.3,unmatched,
15742,KCTD14,exact,KCTD14
15743,SMCO4,exact,SMCO4
15744,SCARNA9,exact,SCARNA9
15745,GPR83,exact,GPR83
15746,PIH1D2,exact,PIH1D2
15747,NCAM1,exact,NCAM1
15748,ANKK1,exact,ANKK1
15749,AP003170.4,unmatched,
15750,USP2,exact,USP2
15751,USP2-AS1,unmatched,
15752,TMEM136,official_alias,TMEM136
15753,AP000646.1,unmatched,
15754,TECTA,exact,TECTA
15755,AP000866.5,unmatched,
15756,ESAM,exact,ESAM
15757,ROBO4,exact,ROBO4
15758,ACRV1,exact,ACRV1
15759,LINC00167,unmatched,
15760,AL731533.2,unmatched,
15761,PITRM1-AS1,exact,PITRM1-AS1
15762,AL136320.1,unmatched,
15763,MCM10,exact,MCM10
15764,NEBL,exact,NEBL
15765,SKIDA1,exact,SKIDA1
15766,C10orf67,exact,C10orf67
15767,AL390961.2,unmatched,
15768,MKX,exact,MKX
15769,BAMBI,exact,BAMBI
15770,AL356258.1,unmatched,
15771,PARD3,exact,PARD3
15772,AL121749.1,unmatched,
15773,AL117339.4,unmatched,
15774,RASSF4,exact,RASSF4
15775,AC022390.1,unmatched,
15776,ZNF365,exact,ZNF365
15777,AL133417.1,unmatched,
15778,EGR2,exact,EGR2
15779,DNAJC12,exact,DNAJC12
15780,STOX1,exact,STOX1
15781,AC073389.3,unmatched,
15782,AC022400.1,unmatched,
15783,AC010997.5,unmatched,
15784,SFTPD-AS1,unmatched,
15785,AL603756.1,unmatched,
15786,ADIRF,exact,ADIRF
15787,NUTM2D,exact,NUTM2D
15788,ANKRD22,exact,ANKRD22
15789,TNKS2-AS1,unmatched,
15790,MYOF,exact,MYOF
15791,CEP55,exact,CEP55
15792,PDE6C,exact,PDE6C
15793,SORBS1,exact,SORBS1
15794,AL355490.2,unmatched,
15795,AL353719.1,unmatched,
15796,AL133353.1,unmatched,
15797,SEMA4G,exact,SEMA4G
15798,KCNIP2-AS1,unmatched,
15799,KCNIP2,exact,KCNIP2
15800,AL121928.1,unmatched,
15801,AL358790.1,unmatched,
15802,DUSP5,exact,DUSP5
15803,RBM20,exact,RBM20
15804,PLEKHS1,exact,PLEKHS1
15805,ADRB1,exact,ADRB1
15806,TDRD1,exact,TDRD1
15807,AL391988.1,unmatched,
15808,CASC2,exact,CASC2
15809,TACC2,exact,TACC2
15810,DPYSL4,exact,DPYSL4
15811,CYP2E1,exact,CYP2E1
15812,B4GALNT3,exact,B4GALNT3
15813,CACNA1C,exact,CACNA1C
15814,AC005342.1,unmatched,
15815,TSPAN9,exact,TSPAN9
15816,AC006207.1,unmatched,
15817,AKAP3,exact,AKAP3
15818,GALNT8,exact,GALNT8
15819,PLEKHG6,exact,PLEKHG6
15820,AC006064.4,unmatched,
15821,C1S,exact,C1S
15822,C1R,exact,C1R
15823,SLC2A14,exact,SLC2A14
15824,AICDA,exact,AICDA
15825,LINC02390,exact,LINC02390
15826,STYK1,exact,STYK1
15827,BCL2L14,exact,BCL2L14
15828,GSG1,exact,GSG1
15829,EMP1,exact,EMP1
15830,AC092112.1,unmatched,
15831,GYS2,exact,GYS2
15832,SOX5,exact,SOX5
15833,BCAT1,exact,BCAT1
15834,ARNTL2,official_alias,ARNTL2
15835,AC009318.4,unmatched,
15836,FGD4,exact,FGD4
15837,PKP2,exact,PKP2
15838,AC025031.2,unmatched,
15839,LINC02416,unmatched,
15840,LINC02156,unmatched,
15841,AC004241.2,unmatched,
15842,VDR,exact,VDR
15843,AC074029.3,unmatched,
15844,CCDC184,exact,CCDC184
15845,FAM186B,exact,FAM186B
15846,FAIM2,exact,FAIM2
15847,AQP6,exact,AQP6
15848,AC008121.3,unmatched,
15849,AC068987.2,unmatched,
15850,NR4A1,exact,NR4A1
15851,AC025259.3,unmatched,
15852,KRT7,exact,KRT7
15853,KRT86,exact,KRT86
15854,ESPL1,exact,ESPL1
15855,AC023794.4,unmatched,
15856,MUCL1,exact,MUCL1
15857,ITGA7,exact,ITGA7
15858,AC023055.1,unmatched,
15859,AC034102.4,unmatched,
15860,MIP,exact,MIP
15861,AC137834.2,unmatched,
15862,NDUFA4L2,exact,NDUFA4L2
15863,AC126614.1,unmatched,
15864,GLI1,exact,GLI1
15865,CYP27B1,exact,CYP27B1
15866,AC025165.4,unmatched,
15867,AC083805.1,unmatched,
15868,MSRB3,exact,MSRB3
15869,LLPH-DT,exact,LLPH-DT
15870,AC078777.1,unmatched,
15871,AC025423.4,unmatched,
15872,LYZ,exact,LYZ
15873,AC025257.1,unmatched,
15874,NAV3,exact,NAV3
15875,DUSP6,exact,DUSP6
15876,POC1B-GALNT4,exact,POC1B-GALNT4
15877,LINC02391,unmatched,
15878,AC063949.2,unmatched,
15879,LINC02397,unmatched,
15880,AC073655.1,unmatched,
15881,CEP83-DT,exact,CEP83-DT
15882,FGD6,exact,FGD6
15883,CCDC38,exact,CCDC38
15884,HAL,exact,HAL
15885,LINC02452,unmatched,
15886,AC008149.1,unmatched,
15887,ANKS1B,exact,ANKS1B
15888,AC079907.1,unmatched,
15889,AC025265.1,unmatched,
15890,GLT8D2,exact,GLT8D2
15891,ALDH1L2,exact,ALDH1L2
15892,AC016257.1,unmatched,
15893,AC007570.1,unmatched,
15894,CUX2,exact,CUX2
15895,ATXN2-AS,exact,ATXN2-AS
15896,DTX1,exact,DTX1
15897,RASAL1,exact,RASAL1
15898,KSR2,exact,KSR2
15899,AC026367.1,unmatched,
15900,PLA2G1B,exact,PLA2G1B
15901,AC063943.1,unmatched,
15902,AC125616.1,unmatched,
15903,AC069234.5,unmatched,
15904,HNF1A,exact,HNF1A
15905,AC069209.1,unmatched,
15906,AC084018.1,unmatched,
15907,CLIP1-AS1,exact,CLIP1-AS1
15908,HCAR1,exact,HCAR1
15909,AC068768.1,unmatched,
15910,AC068768.2,unmatched,
15911,AC117503.1,unmatched,
15912,AC068790.8,unmatched,
15913,AC068790.9,unmatched,
15914,AC073911.1,unmatched,
15915,TPTE2,exact,TPTE2
15916,GJB6,exact,GJB6
15917,IL17D,exact,IL17D
15918,LATS2-AS1,unmatched,
15919,SKA3,exact,SKA3
15920,PABPC3,exact,PABPC3
15921,AL590787.1,unmatched,
15922,MTUS2,exact,MTUS2
15923,KL,exact,KL
15924,LINC02334,unmatched,
15925,LINC00571,exact,LINC00571
15926,VWA8-AS1,exact,VWA8-AS1
15927,LINC02341,exact,LINC02341
15928,TNFSF11,exact,TNFSF11
15929,AL512506.3,unmatched,
15930,SERP2,exact,SERP2
15931,SLC25A30-AS1,exact,SLC25A30-AS1
15932,MED4-AS1,exact,MED4-AS1
15933,SERPINE3,exact,SERPINE3
15934,NDFIP2,exact,NDFIP2
15935,LINC01068,exact,LINC01068
15936,SPRY2,exact,SPRY2
15937,GPC5,exact,GPC5
15938,FARP1-AS1,unmatched,
15939,STK24-AS1,unmatched,
15940,AL136961.1,unmatched,
15941,AL138694.1,unmatched,
15942,AL139385.1,unmatched,
15943,TMEM255B,exact,TMEM255B
15944,GAS6,exact,GAS6
15945,GAS6-DT,exact,GAS6-DT
15946,AL355075.1,unmatched,
15947,AL135744.1,unmatched,
15948,OR10G3,exact,OR10G3
15949,TRAV8-1,exact,TRAV8-1
15950,TRAV10,exact,TRAV10
15951,TRAV8-4,exact,TRAV8-4
15952,TRAV9-2,exact,TRAV9-2
15953,TRDV1,exact,TRDV1
15954,TRAV24,exact,TRAV24
15955,TRAV34,exact,TRAV34
15956,TRAV35,exact,TRAV35
15957,TRAV38-1,exact,TRAV38-1
15958,TRAV39,exact,TRAV39
15959,LINC02332,exact,LINC02332
15960,PRMT5-AS1,unmatched,
15961,AL132780.2,unmatched,
15962,JPH4,exact,JPH4
15963,CARMIL3,exact,CARMIL3
15964,AL139353.2,unmatched,
15965,AL132639.3,unmatched,
15966,LINC02315,unmatched,
15967,AL627171.2,unmatched,
15968,AL358333.2,unmatched,
15969,AL358333.3,unmatched,
15970,NID2,exact,NID2
15971,FERMT2,exact,FERMT2
15972,SAMD4A,exact,SAMD4A
15973,HIF1A-AS1,unmatched,
15974,AL161756.3,unmatched,
15975,AL139022.1,unmatched,
15976,AL391261.2,unmatched,
15977,PLEK2,exact,PLEK2
15978,PLEKHH1,exact,PLEKHH1
15979,ARG2,exact,ARG2
15980,AL391262.1,unmatched,
15981,AL359317.2,unmatched,
15982,PLEKHD1,exact,PLEKHD1
15983,SLC10A1,exact,SLC10A1
15984,SYNJ2BP-COX16,exact,SYNJ2BP-COX16
15985,AC004816.2,unmatched,
15986,DPF3,exact,DPF3
15987,AC005280.2,unmatched,
15988,AC005225.2,unmatched,
15989,AC005520.1,unmatched,
15990,AC005520.5,unmatched,
15991,LTBP2,exact,LTBP2
15992,FOS,exact,FOS
15993,FLVCR2,exact,FLVCR2
15994,ESRRB,exact,ESRRB
15995,TMEM63C,exact,TMEM63C
15996,SAMD15,exact,SAMD15
15997,NOXRED1,exact,NOXRED1
15998,TSHR,exact,TSHR
15999,AL137230.1,unmatched,
16000,TTC7B,exact,TTC7B
16001,UNC79,exact,UNC79
16002,OTUB2,exact,OTUB2
16003,PPP4R4,exact,PPP4R4
16004,CLMN,exact,CLMN
16005,AL133467.1,unmatched,
16006,LINC02291,exact,LINC02291
16007,AL163932.1,unmatched,
16008,EML1,exact,EML1
16009,AL157912.1,unmatched,
16010,LINC02323,exact,LINC02323
16011,TNFAIP2,exact,TNFAIP2
16012,LINC00637,unmatched,
16013,TDRD9,exact,TDRD9
16014,AL583810.1,unmatched,
16015,CEP170B,exact,CEP170B
16016,JAG2,exact,JAG2
16017,IGHM,unmatched,
16018,FAM30A,exact,FAM30A
16019,LINC00221,exact,LINC00221
16020,NDN,exact,NDN
16021,AC124312.2,unmatched,
16022,LINC02249,exact,LINC02249
16023,AC091057.3,unmatched,
16024,AC123768.2,unmatched,
16025,AC010809.1,unmatched,
16026,DPH6-DT,unmatched,
16027,AC116158.1,unmatched,
16028,THBS1,exact,THBS1
16029,AC012377.1,unmatched,
16030,AC021755.3,unmatched,
16031,RAD51,exact,RAD51
16032,SPINT1-AS1,exact,SPINT1-AS1
16033,SPINT1,exact,SPINT1
16034,RHOV,exact,RHOV
16035,CHAC1,exact,CHAC1
16036,JMJD7,exact,JMJD7
16037,AC090510.2,unmatched,
16038,AC090510.1,unmatched,
16039,FRMD5,exact,FRMD5
16040,AC051619.4,unmatched,
16041,C15orf48,exact,C15orf48
16042,AC025580.1,unmatched,
16043,AC068722.2,unmatched,
16044,SLC24A5,exact,SLC24A5
16045,FBN1,exact,FBN1
16046,SHC4,exact,SHC4
16047,ATP8B4,exact,ATP8B4
16048,SLC27A2,exact,SLC27A2
16049,HDC,exact,HDC
16050,AC021752.1,unmatched,
16051,AC090971.1,unmatched,
16052,MYO5C,exact,MYO5C
16053,AC018904.1,unmatched,
16054,CCNB2,exact,CCNB2
16055,MYO1E,exact,MYO1E
16056,GCNT3,exact,GCNT3
16057,AC009554.1,unmatched,
16058,AC032011.1,unmatched,
16059,AC087632.1,unmatched,
16060,MEGF11,exact,MEGF11
16061,AC055855.1,unmatched,
16062,AC087482.1,unmatched,
16063,NOX5,exact,NOX5
16064,KIF23,exact,KIF23
16065,NR2E3,exact,NR2E3
16066,AC009690.2,unmatched,
16067,ADPGK-AS1,exact,ADPGK-AS1
16068,SEMA7A,exact,SEMA7A
16069,LMAN1L,exact,LMAN1L
16070,SCAMP5,exact,SCAMP5
16071,AC105020.3,unmatched,
16072,TMEM266,exact,TMEM266
16073,AC091100.1,unmatched,
16074,AC090260.1,unmatched,
16075,ADAMTS7,exact,ADAMTS7
16076,AP3B2,exact,AP3B2
16077,AC105339.3,unmatched,
16078,AC022558.3,unmatched,
16079,ALPK3,exact,ALPK3
16080,ACAN,exact,ACAN
16081,KIF7,exact,KIF7
16082,ZNF774,exact,ZNF774
16083,CRTC3-AS1,exact,CRTC3-AS1
16084,PRC1-AS1,exact,PRC1-AS1
16085,LINC00923,exact,LINC00923
16086,ARRDC4,exact,ARRDC4
16087,AC118658.1,unmatched,
16088,LRRK1,exact,LRRK1
16089,AC090907.2,unmatched,
16090,PCSK6-AS1,exact,PCSK6-AS1
16091,HBA2,exact,HBA2
16092,HBA1,exact,HBA1
16093,HBQ1,exact,HBQ1
16094,AC004754.1,unmatched,
16095,AL031600.1,unmatched,
16096,AL031717.1,unmatched,
16097,NPW,exact,NPW
16098,AC009065.3,unmatched,
16099,RAB26,exact,RAB26
16100,DNASE1L2,exact,DNASE1L2
16101,AC106820.2,unmatched,
16102,AC093525.3,unmatched,
16103,PRSS33,exact,PRSS33
16104,KREMEN2,exact,KREMEN2
16105,AC025283.3,unmatched,
16106,AC009171.2,unmatched,
16107,GLIS2,exact,GLIS2
16108,C16orf96,exact,C16orf96
16109,AC023830.2,unmatched,
16110,LINC02177,exact,LINC02177
16111,EMP2,exact,EMP2
16112,TVP23A,exact,TVP23A
16113,AC009121.1,unmatched,
16114,AC007601.1,unmatched,
16115,AC109597.2,unmatched,
16116,AC126763.1,unmatched,
16117,AC026401.1,unmatched,
16118,AF001548.1,unmatched,
16119,NPIPA7,exact,NPIPA7
16120,AC126755.3,unmatched,
16121,AC099518.4,unmatched,
16122,AC099518.5,unmatched,
16123,AC130456.5,unmatched,
16124,AC002550.1,unmatched,
16125,AC004381.1,unmatched,
16126,DNAH3,exact,DNAH3
16127,AC009034.1,unmatched,
16128,SLC5A11,exact,SLC5A11
16129,AC106739.2,unmatched,
16130,EIF3CL,exact,EIF3CL
16131,SULT1A2,exact,SULT1A2
16132,ATP2A1,exact,ATP2A1
16133,AC109460.1,unmatched,
16134,AC109460.4,unmatched,
16135,AC009133.2,unmatched,
16136,ASPHD1,exact,ASPHD1
16137,AC012645.2,unmatched,
16138,SLX1A,exact,SLX1A
16139,NPIPB13,exact,NPIPB13
16140,AC093249.2,unmatched,
16141,SHCBP1,exact,SHCBP1
16142,AC007728.1,unmatched,
16143,CRNDE,exact,CRNDE
16144,MT1G,exact,MT1G
16145,CETP,exact,CETP
16146,AC023825.2,unmatched,
16147,CCL22,exact,CCL22
16148,NDRG4,exact,NDRG4
16149,CDH8,exact,CDH8
16150,AC010542.4,unmatched,
16151,CMTM2,exact,CMTM2
16152,AC044802.1,unmatched,
16153,RRAD,exact,RRAD
16154,B3GNT9,exact,B3GNT9
16155,HSF4,exact,HSF4
16156,ZDHHC1,exact,ZDHHC1
16157,TSNAXIP1,exact,TSNAXIP1
16158,PDF,exact,PDF
16159,AC092115.3,unmatched,
16160,MARVELD3,exact,MARVELD3
16161,HP,exact,HP
16162,AC004943.1,unmatched,
16163,BCAR1,exact,BCAR1
16164,AC025287.4,unmatched,
16165,AC105411.1,unmatched,
16166,AC092718.2,unmatched,
16167,AC092718.8,unmatched,
16168,C16orf46,exact,C16orf46
16169,AC092718.5,unmatched,
16170,AC092718.6,unmatched,
16171,AC092718.1,unmatched,
16172,HSD17B2,exact,HSD17B2
16173,ADAD2,exact,ADAD2
16174,ATP2C2,exact,ATP2C2
16175,CRISPLD2,exact,CRISPLD2
16176,AC092127.2,unmatched,
16177,AC092127.1,unmatched,
16178,LINC02132,exact,LINC02132
16179,AC092723.3,unmatched,
16180,AC135012.1,unmatched,
16181,AC010536.3,unmatched,
16182,AC010536.1,unmatched,
16183,AC126696.3,unmatched,
16184,AC135782.1,unmatched,
16185,LINC00304,exact,LINC00304
16186,LINC02166,exact,LINC02166
16187,AC010538.1,unmatched,
16188,AC087392.5,unmatched,
16189,RTN4RL1,exact,RTN4RL1
16190,AC090617.5,unmatched,
16191,AC027796.3,unmatched,
16192,HASPIN,exact,HASPIN
16193,GLTPD2,exact,GLTPD2
16194,AC004771.2,unmatched,
16195,AC004148.1,unmatched,
16196,AIPL1,exact,AIPL1
16197,PITPNM3,exact,PITPNM3
16198,RNASEK-C17orf49,exact,RNASEK-C17orf49
16199,MIR497HG,exact,MIR497HG
16200,PLSCR3,exact,PLSCR3
16201,AC016876.3,unmatched,
16202,SOX15,exact,SOX15
16203,ATP1B2,exact,ATP1B2
16204,ALOX12B,exact,ALOX12B
16205,AC129492.4,unmatched,
16206,AC135178.3,unmatched,
16207,AC135178.2,unmatched,
16208,CCDC42,exact,CCDC42
16209,AC002091.1,unmatched,
16210,AC002347.1,unmatched,
16211,CDRT1,unmatched,
16212,LINC02087,unmatched,
16213,ADORA2B,exact,ADORA2B
16214,AC093484.3,unmatched,
16215,AC093484.4,unmatched,
16216,EVPLL,exact,EVPLL
16217,EPN2-AS1,exact,EPN2-AS1
16218,SLC47A2,exact,SLC47A2
16219,AC087393.2,unmatched,
16220,AC002094.2,unmatched,
16221,AC010761.3,unmatched,
16222,TLCD1,exact,TLCD1
16223,AC010761.4,unmatched,
16224,AC068025.1,unmatched,
16225,CORO6,exact,CORO6
16226,AC104984.1,unmatched,
16227,AC104984.4,unmatched,
16228,TBC1D29,official_alias,TBC1D29
16229,AC127024.2,unmatched,
16230,AC127024.6,unmatched,
16231,AC130324.2,unmatched,
16232,AC130324.3,unmatched,
16233,AC004253.1,unmatched,
16234,CCL1,exact,CCL1
16235,AC004223.4,unmatched,
16236,SLC35G3,exact,SLC35G3
16237,AC060766.4,unmatched,
16238,AC244100.2,unmatched,
16239,LHX1,exact,LHX1
16240,AC243585.2,unmatched,
16241,TBC1D3L,exact,TBC1D3L
16242,GPR179,exact,GPR179
16243,AC006441.1,unmatched,
16244,PNMT,exact,PNMT
16245,ZPBP2,exact,ZPBP2
16246,CDC6,exact,CDC6
16247,RARA-AS1,exact,RARA-AS1
16248,TNS4,exact,TNS4
16249,JUP,exact,JUP
16250,TTC25,official_alias,TTC25
16251,ZNF385C,exact,ZNF385C
16252,C17orf113,exact,C17orf113
16253,KCNH4,exact,KCNH4
16254,PLEKHH3,exact,PLEKHH3
16255,CCR10,exact,CCR10
16256,AOC2,exact,AOC2
16257,AOC3,exact,AOC3
16258,LINC00854,official_alias,LINC00854
16259,AC023855.1,unmatched,
16260,C17orf53,official_alias,C17orf53
16261,RUNDC3A-AS1,unmatched,
16262,GJC1,exact,GJC1
16263,HIGD1B,exact,HIGD1B
16264,GFAP,exact,GFAP
16265,AC015936.1,unmatched,
16266,SPATA32,exact,SPATA32
16267,AC040934.1,unmatched,
16268,AC015674.1,unmatched,
16269,LRRC46,exact,LRRC46
16270,AC018521.7,unmatched,
16271,AC004477.3,unmatched,
16272,HOXB6,exact,HOXB6
16273,HOXB8,exact,HOXB8
16274,HOXB9,exact,HOXB9
16275,IGF2BP1,exact,IGF2BP1
16276,PHOSPHO1,exact,PHOSPHO1
16277,DLX3,exact,DLX3
16278,SAMD14,exact,SAMD14
16279,SGCA,exact,SGCA
16280,LINC00483,official_alias,LINC00483
16281,HLF,exact,HLF
16282,LPO,exact,LPO
16283,SEPT4-AS1,official_alias,SEPT4-AS1
16284,RNFT1-DT,exact,RNFT1-DT
16285,AC080038.2,unmatched,
16286,PRR29,exact,PRR29
16287,MILR1,exact,MILR1
16288,AC103810.5,unmatched,
16289,AC134407.1,unmatched,
16290,LINC00511,exact,LINC00511
16291,AC097641.2,unmatched,
16292,SMIM5,exact,SMIM5
16293,ITGB4,exact,ITGB4
16294,GALR2,exact,GALR2
16295,SPHK1,exact,SPHK1
16296,CYGB,exact,CYGB
16297,AC015802.4,unmatched,
16298,LINC02080,exact,LINC02080
16299,C17orf99,exact,C17orf99
16300,AC087645.2,unmatched,
16301,LINC02078,exact,LINC02078
16302,CBX2,exact,CBX2
16303,AC120024.1,unmatched,
16304,AC027601.1,unmatched,
16305,AC027601.4,unmatched,
16306,AC145207.2,unmatched,
16307,AC132872.3,unmatched,
16308,SECTM1,exact,SECTM1
16309,AC132938.1,unmatched,
16310,AC132938.3,unmatched,
16311,CLUL1,exact,CLUL1
16312,AP001020.1,unmatched,
16313,ANKRD62,exact,ANKRD62
16314,TUBB6,exact,TUBB6
16315,LDLRAD4-AS1,exact,LDLRAD4-AS1
16316,AC090912.1,unmatched,
16317,AC011731.1,unmatched,
16318,CABYR,exact,CABYR
16319,B4GALT6,exact,B4GALT6
16320,DTNA,exact,DTNA
16321,MOCOS,exact,MOCOS
16322,AC015961.1,unmatched,
16323,LINC00907,exact,LINC00907
16324,SIGLEC15,exact,SIGLEC15
16325,RPL17-C18orf32,exact,RPL17-C18orf32
16326,MYO5B,exact,MYO5B
16327,SKA1,exact,SKA1
16328,ALPK2,exact,ALPK2
16329,AC104971.3,unmatched,
16330,AC104365.3,unmatched,
16331,RNF152,exact,RNF152
16332,TNFRSF11A,exact,TNFRSF11A
16333,HMSD,exact,HMSD
16334,CNDP1,exact,CNDP1
16335,AC093330.1,unmatched,
16336,AL031665.2,unmatched,
16337,SIRPD,exact,SIRPD
16338,AL121899.1,unmatched,
16339,AL049712.1,unmatched,
16340,CPXM1,exact,CPXM1
16341,AVP,exact,AVP
16342,UBOX5-AS1,exact,UBOX5-AS1
16343,SLC4A11,exact,SLC4A11
16344,SMOX,exact,SMOX
16345,AL121890.2,unmatched,
16346,AL121890.5,unmatched,
16347,AL121890.4,unmatched,
16348,JAG1,exact,JAG1
16349,SPTLC3,exact,SPTLC3
16350,ISM1,exact,ISM1
16351,AL390037.1,unmatched,
16352,AL035661.1,unmatched,
16353,FAM182B,unmatched,
16354,ID1,exact,ID1
16355,TPX2,exact,TPX2
16356,AL121583.1,unmatched,
16357,AL121906.2,unmatched,
16358,ZNF341-AS1,exact,ZNF341-AS1
16359,SPAG4,exact,SPAG4
16360,EPB41L1,exact,EPB41L1
16361,MYL9,exact,MYL9
16362,NNAT,exact,NNAT
16363,AL391095.3,unmatched,
16364,Z98752.4,unmatched,
16365,TOX2,exact,TOX2
16366,AL139352.1,unmatched,
16367,KCNK15,exact,KCNK15
16368,SDC4,exact,SDC4
16369,TP53TG5,exact,TP53TG5
16370,UBE2C,exact,UBE2C
16371,PLTP,exact,PLTP
16372,MMP9,exact,MMP9
16373,SLC13A3,exact,SLC13A3
16374,PTGIS,exact,PTGIS
16375,SNAI1,exact,SNAI1
16376,SALL4,exact,SALL4
16377,BCAS1,exact,BCAS1
16378,DOK5,exact,DOK5
16379,TUBB1,exact,TUBB1
16380,MIR1-1HG-AS1,unmatched,
16381,AL357033.1,unmatched,
16382,FNDC11,exact,FNDC11
16383,RTEL1,exact,RTEL1
16384,RTEL1-TNFRSF6B,exact,RTEL1-TNFRSF6B
16385,AL121845.3,unmatched,
16386,ZBTB46,exact,ZBTB46
16387,LKAAEAR1,exact,LKAAEAR1
16388,CIRBP-AS1,exact,CIRBP-AS1
16389,AC027307.1,unmatched,
16390,AC012615.2,unmatched,
16391,CSNK1G2-AS1,exact,CSNK1G2-AS1
16392,AC004490.1,unmatched,
16393,AMH,exact,AMH
16394,PEAK3,exact,PEAK3
16395,CELF5,exact,CELF5
16396,C19orf71,unmatched,
16397,ATCAY,exact,ATCAY
16398,ANKRD24,exact,ANKRD24
16399,EBI3,exact,EBI3
16400,AC007292.1,unmatched,
16401,LRG1,exact,LRG1
16402,DPP9-AS1,exact,DPP9-AS1
16403,AC005523.1,unmatched,
16404,AC022517.1,unmatched,
16405,ACER1,exact,ACER1
16406,TNFSF9,exact,TNFSF9
16407,CD70,exact,CD70
16408,C3,exact,C3
16409,AC008878.3,unmatched,
16410,CAMSAP3,exact,CAMSAP3
16411,PRR36,exact,PRR36
16412,LRRC8E,exact,LRRC8E
16413,AC010336.4,unmatched,
16414,CTXN1,exact,CTXN1
16415,AC022146.2,unmatched,
16416,ANGPTL4,exact,ANGPTL4
16417,AC136469.1,unmatched,
16418,COL5A3,exact,COL5A3
16419,RDH8,exact,RDH8
16420,AC011511.5,unmatched,
16421,ICAM4,exact,ICAM4
16422,ICAM5,exact,ICAM5
16423,SPC24,exact,SPC24
16424,ZNF878,exact,ZNF878
16425,AC010422.3,unmatched,
16426,SYCE2,exact,SYCE2
16427,AC138474.1,unmatched,
16428,NANOS3,exact,NANOS3
16429,PALM3,exact,PALM3
16430,LINC01841,exact,LINC01841
16431,LINC01842,exact,LINC01842
16432,OR7C1,exact,OR7C1
16433,OR7A17,exact,OR7A17
16434,AC004257.1,unmatched,
16435,AC005776.2,unmatched,
16436,AC004597.1,unmatched,
16437,OR10H1,exact,OR10H1
16438,AC008894.2,unmatched,
16439,AC020917.2,unmatched,
16440,AC008764.3,unmatched,
16441,TMEM38A,exact,TMEM38A
16442,AC020913.1,unmatched,
16443,CCDC194,exact,CCDC194
16444,KCNN1,exact,KCNN1
16445,IFI30,exact,IFI30
16446,AC005253.2,unmatched,
16447,CRLF1,exact,CRLF1
16448,TSSK6,exact,TSSK6
16449,CILP2,exact,CILP2
16450,AC092329.1,unmatched,
16451,AC010300.1,unmatched,
16452,TSHZ3,exact,TSHZ3
16453,RGS9BP,exact,RGS9BP
16454,LRP3,exact,LRP3
16455,AC010504.1,unmatched,
16456,AC002128.2,unmatched,
16457,FFAR3,exact,FFAR3
16458,UPK1A,exact,UPK1A
16459,UPK1A-AS1,exact,UPK1A-AS1
16460,ZBTB32,exact,ZBTB32
16461,AD000671.2,unmatched,
16462,KIRREL2,exact,KIRREL2
16463,APLP1,exact,APLP1
16464,AC020928.3,unmatched,
16465,AC022144.1,unmatched,
16466,AC011455.1,unmatched,
16467,FBXO27,exact,FBXO27
16468,IFNL1,exact,IFNL1
16469,LGALS14,exact,LGALS14
16470,AC005614.1,unmatched,
16471,MIA-RAB4B,unmatched,
16472,MIA,exact,MIA
16473,PRR19,exact,PRR19
16474,CEACAM19,exact,CEACAM19
16475,NECTIN2,exact,NECTIN2
16476,APOE,exact,APOE
16477,AC011481.1,unmatched,
16478,NKPD1,exact,NKPD1
16479,AC007785.3,unmatched,
16480,DACT3-AS1,exact,DACT3-AS1
16481,AC008622.2,unmatched,
16482,C5AR1,exact,C5AR1
16483,AC011466.1,unmatched,
16484,FAM83E,exact,FAM83E
16485,RASIP1,exact,RASIP1
16486,KCNA7,exact,KCNA7
16487,AC010643.1,unmatched,
16488,IL4I1,exact,IL4I1
16489,MYH14,exact,MYH14
16490,KCNC3,exact,KCNC3
16491,SYT3,exact,SYT3
16492,AC010325.1,unmatched,
16493,SIGLEC9,exact,SIGLEC9
16494,VSIG10L,exact,VSIG10L
16495,LIM2,exact,LIM2
16496,SIGLEC10,exact,SIGLEC10
16497,AC092070.3,unmatched,
16498,AC245052.7,unmatched,
16499,CDC42EP5,exact,CDC42EP5
16500,KIR3DX1,unmatched,
16501,LILRA2,exact,LILRA2
16502,KIR2DL4,exact,KIR2DL4
16503,EPS8L1,exact,EPS8L1
16504,AC010327.4,unmatched,
16505,NLRP8,exact,NLRP8
16506,AC006116.9,unmatched,
16507,AC007228.2,unmatched,
16508,VN1R1,exact,VN1R1
16509,NLGN4Y,exact,NLGN4Y
16510,FAM224B,unmatched,
16511,XKR3,exact,XKR3
16512,GAB4,exact,GAB4
16513,TMEM121B,exact,TMEM121B
16514,CECR2,exact,CECR2
16515,TUBA8,exact,TUBA8
16516,AC007326.4,unmatched,
16517,CLTCL1,exact,CLTCL1
16518,CDC45,exact,CDC45
16519,TBX1,exact,TBX1
16520,LRRC74B,exact,LRRC74B
16521,CCDC116,exact,CCDC116
16522,AP000345.2,unmatched,
16523,VPREB3,exact,VPREB3
16524,AL022329.2,unmatched,
16525,MYO18B,exact,MYO18B
16526,RASL10A,exact,RASL10A
16527,LIF,exact,LIF
16528,AC004832.6,unmatched,
16529,SEC14L4,exact,SEC14L4
16530,GAL3ST1,exact,GAL3ST1
16531,HMOX1,exact,HMOX1
16532,MB,exact,MB
16533,Z95114.2,unmatched,
16534,Z83844.2,unmatched,
16535,BAIAP2L2,exact,BAIAP2L2
16536,AL022322.1,unmatched,
16537,KDELR3,exact,KDELR3
16538,APOBEC3A,exact,APOBEC3A
16539,APOBEC3B,exact,APOBEC3B
16540,FAM83F,exact,FAM83F
16541,Z83847.1,unmatched,
16542,AL022238.3,unmatched,
16543,SHISA8,exact,SHISA8
16544,OGFRP1,unmatched,
16545,NFAM1,exact,NFAM1
16546,EFCAB6,exact,EFCAB6
16547,PNPLA3,exact,PNPLA3
16548,SMC1B,exact,SMC1B
16549,WNT7B,exact,WNT7B
16550,AL121672.2,unmatched,
16551,Z98885.2,unmatched,
16552,AL022328.1,unmatched,
16553,MIOX,exact,MIOX
16554,U62317.2,unmatched,
16555,SYCE3,exact,SYCE3
16556,SMIM11B,unmatched,
16557,CU633980.1,unmatched,
16558,FP671120.1,unmatched,
16559,LINC01666,exact,LINC01666
16560,AF127577.1,unmatched,
16561,MIR99AHG,exact,MIR99AHG
16562,CHODL,exact,CHODL
16563,LINC00158,exact,LINC00158
16564,AP000223.1,unmatched,
16565,JAM2,exact,JAM2
16566,AF129075.2,unmatched,
16567,GRIK1-AS1,unmatched,
16568,TCP10L,exact,TCP10L
16569,DSCR9,exact,DSCR9
16570,AP001437.1,unmatched,
16571,KCNJ15,exact,KCNJ15
16572,RSPH1,exact,RSPH1
16573,AP001628.1,unmatched,
16574,CBS,exact,CBS
16575,LINC01679,exact,LINC01679
16576,SIK1,exact,SIK1
16577,AATBC,exact,AATBC
16578,TRPM2,exact,TRPM2
16579,AP001065.1,unmatched,
16580,LINC01547,exact,LINC01547
16581,LINC01694,exact,LINC01694
16582,PCBP3,exact,PCBP3
16583,AL133492.1,unmatched,
16584,AL627309.3,unmatched,
16585,HES4,exact,HES4
16586,ANKRD65,exact,ANKRD65
16587,LINC00337,unmatched,
16588,AL357552.2,unmatched,
16589,MIR34AHG,exact,MIR34AHG
16590,LINC01759,official_alias,LINC01759
16591,RBP7,exact,RBP7
16592,AL139424.2,unmatched,
16593,AL139424.1,unmatched,
16594,DISP3,exact,DISP3
16595,C1orf167,exact,C1orf167
16596,TMEM51,exact,TMEM51
16597,AL031283.1,unmatched,
16598,LINC01783,exact,LINC01783
16599,BX284668.2,unmatched,
16600,UBXN10,exact,UBXN10
16601,SH2D5,exact,SH2D5
16602,RAP1GAP,exact,RAP1GAP
16603,LDLRAD2,exact,LDLRAD2
16604,AL031281.2,unmatched,
16605,TEX46,exact,TEX46
16606,E2F2,exact,E2F2
16607,FAM110D,exact,FAM110D
16608,AL391650.1,unmatched,
16609,SFN,exact,SFN
16610,TRNP1,exact,TRNP1
16611,GPR3,exact,GPR3
16612,LINC02574,exact,LINC02574
16613,SMPDL3B,exact,SMPDL3B
16614,TMEM200B,exact,TMEM200B
16615,PTPRU,exact,PTPRU
16616,SDC3,exact,SDC3
16617,SERINC2,exact,SERINC2
16618,AC114488.2,unmatched,
16619,COL16A1,exact,COL16A1
16620,ADGRB2,exact,ADGRB2
16621,TFAP2E,exact,TFAP2E
16622,AL138787.2,unmatched,
16623,COL8A2,exact,COL8A2
16624,AL033527.2,unmatched,
16625,FOXO6,exact,FOXO6
16626,CFAP57,exact,CFAP57
16627,AL358075.2,unmatched,
16628,LINC00853,exact,LINC00853
16629,LINC01389,exact,LINC01389
16630,AC104170.2,unmatched,
16631,LEXM,unmatched,
16632,TMEM61,exact,TMEM61
16633,IL23R,exact,IL23R
16634,CYR61,official_alias,CYR61
16635,LINC01140,exact,LINC01140
16636,AC099063.1,unmatched,
16637,HFM1,exact,HFM1
16638,EPHX4,exact,EPHX4
16639,SETSIP,exact,SETSIP
16640,TMEM56,official_alias,TMEM56
16641,SNX7,exact,SNX7
16642,GPR88,exact,GPR88
16643,PSRC1,exact,PSRC1
16644,GSTM5,exact,GSTM5
16645,OVGP1,exact,OVGP1
16646,AL354760.1,unmatched,
16647,PPM1J,exact,PPM1J
16648,AL137856.1,unmatched,
16649,SLC22A15,exact,SLC22A15
16650,MAB21L3,exact,MAB21L3
16651,AL390066.1,unmatched,
16652,AL157904.1,unmatched,
16653,ZNF697,exact,ZNF697
16654,AC245008.1,unmatched,
16655,FCGR1B,unmatched,
16656,FAM72C,exact,FAM72C
16657,FAM72D,exact,FAM72D
16658,LINC01719,exact,LINC01719
16659,AC245100.7,unmatched,
16660,AC239804.1,unmatched,
16661,HIST2H3D,official_alias,HIST2H3D
16662,HIST2H4B,official_alias,HIST2H4B
16663,AL590133.1,unmatched,
16664,AL589765.5,unmatched,
16665,TCHH,exact,TCHH
16666,AL589986.2,unmatched,
16667,FLG2,exact,FLG2
16668,LINC01527,exact,LINC01527
16669,PGLYRP4,exact,PGLYRP4
16670,S100A2,exact,S100A2
16671,AL358472.3,unmatched,
16672,SHE,exact,SHE
16673,AL592078.1,unmatched,
16674,DCST1-AS1,exact,DCST1-AS1
16675,IQGAP3,exact,IQGAP3
16676,CRABP2,exact,CRABP2
16677,CD1C,exact,CD1C
16678,IGSF9,exact,IGSF9
16679,NECTIN4,exact,NECTIN4
16680,AL590714.1,unmatched,
16681,AL592295.3,unmatched,
16682,OLFML2B,exact,OLFML2B
16683,NOS1AP,exact,NOS1AP
16684,AL356441.1,unmatched,
16685,MAEL,exact,MAEL
16686,DNM3OS,exact,DNM3OS
16687,AL513329.1,unmatched,
16688,AL359265.3,unmatched,
16689,AL137796.1,unmatched,
16690,PLA2G4A,exact,PLA2G4A
16691,AL136987.1,unmatched,
16692,INAVA,exact,INAVA
16693,PHLDA3,exact,PHLDA3
16694,CHIT1,exact,CHIT1
16695,FMOD,exact,FMOD
16696,NFASC,exact,NFASC
16697,SLC45A3,exact,SLC45A3
16698,PIGR,exact,PIGR
16699,HSD11B1,exact,HSD11B1
16700,AL445488.1,unmatched,
16701,SPATA45,exact,SPATA45
16702,SPATA17,exact,SPATA17
16703,TGFB2,exact,TGFB2
16704,PGBD5,exact,PGBD5
16705,SLC35F3,exact,SLC35F3
16706,LINC01132,exact,LINC01132
16707,AL391832.3,unmatched,
16708,ACTN2,exact,ACTN2
16709,AL591721.1,unmatched,
16710,AL451007.2,unmatched,
16711,ZNF695,exact,ZNF695
16712,ZNF670-ZNF695,exact,ZNF670-ZNF695
16713,GCSAML,exact,GCSAML
16714,OR2C3,exact,OR2C3
16715,OR2L3,exact,OR2L3
16716,ALKAL2,exact,ALKAL2
16717,LINC01115,exact,LINC01115
16718,AC007240.1,unmatched,
16719,C2orf48,official_alias,C2orf48
16720,ATP6V1C2,exact,ATP6V1C2
16721,AC106053.1,unmatched,
16722,AC098828.2,unmatched,
16723,TP53I3,exact,TP53I3
16724,AC012073.1,unmatched,
16725,OTOF,exact,OTOF
16726,CENPA,exact,CENPA
16727,DPYSL5,exact,DPYSL5
16728,SLC30A3,exact,SLC30A3
16729,DNAJC5G,exact,DNAJC5G
16730,GALNT14,exact,GALNT14
16731,SRD5A2,exact,SRD5A2
16732,AL121655.1,unmatched,
16733,AC020594.1,unmatched,
16734,RMDN2-AS1,exact,RMDN2-AS1
16735,ARHGEF33,exact,ARHGEF33
16736,CDKL4,exact,CDKL4
16737,SLC8A1-AS1,exact,SLC8A1-AS1
16738,HAAO,exact,HAAO
16739,C1GALT1C1L,exact,C1GALT1C1L
16740,SIX3,exact,SIX3
16741,EPCAM,exact,EPCAM
16742,AC007250.1,unmatched,
16743,LINC01793,exact,LINC01793
16744,AC093159.1,unmatched,
16745,AC007365.1,unmatched,
16746,AC017083.3,unmatched,
16747,TGFA,exact,TGFA
16748,FIGLA,exact,FIGLA
16749,ATP6V1B1-AS1,exact,ATP6V1B1-AS1
16750,ANKRD53,exact,ANKRD53
16751,AC073263.1,unmatched,
16752,AC005041.3,unmatched,
16753,DQX1,exact,DQX1
16754,LOXL3,exact,LOXL3
16755,M1AP,exact,M1AP
16756,AC005034.4,unmatched,
16757,PROM2,exact,PROM2
16758,AC009237.15,unmatched,
16759,ADRA2B,exact,ADRA2B
16760,LONRF2,exact,LONRF2
16761,AC016738.1,unmatched,
16762,TBC1D8-AS1,exact,TBC1D8-AS1
16763,IL1R2,exact,IL1R2
16764,IL1R1,exact,IL1R1
16765,IL1RL2,exact,IL1RL2
16766,LINC01918,exact,LINC01918
16767,SEPT10,official_alias,SEPT10
16768,AC013271.1,unmatched,
16769,LINC01123,exact,LINC01123
16770,LINC01106,unmatched,
16771,MERTK,exact,MERTK
16772,CKAP2L,exact,CKAP2L
16773,AC016683.1,unmatched,
16774,LINC01191,exact,LINC01191
16775,STEAP3,exact,STEAP3
16776,MYO7B,exact,MYO7B
16777,CCDC74B,exact,CCDC74B
16778,AC073869.3,unmatched,
16779,TUBA3D,exact,TUBA3D
16780,LCT,exact,LCT
16781,AC016910.1,unmatched,
16782,SLC4A10,exact,SLC4A10
16783,SCN2A,exact,SCN2A
16784,AC009495.2,unmatched,
16785,AC010127.1,unmatched,
16786,NOSTRIN,exact,NOSTRIN
16787,SPC25,exact,SPC25
16788,DHRS9,exact,DHRS9
16789,CCDC173,unmatched,
16790,AC007405.3,unmatched,
16791,GAD1,exact,GAD1
16792,OSBPL6,exact,OSBPL6
16793,AC104076.1,unmatched,
16794,FAM171B,exact,FAM171B
16795,SATB2,exact,SATB2
16796,C2CD6,exact,C2CD6
16797,AC079354.3,unmatched,
16798,CPO,exact,CPO
16799,AC007879.2,unmatched,
16800,MAP2,exact,MAP2
16801,TNS1,exact,TNS1
16802,RUFY4,exact,RUFY4
16803,AC068946.1,unmatched,
16804,PTPRN,exact,PTPRN
16805,AC053503.2,unmatched,
16806,DES,unmatched,
16807,AC053503.5,unmatched,
16808,OBSL1,exact,OBSL1
16809,AC010735.2,unmatched,
16810,COL4A4,exact,COL4A4
16811,SLC16A14,exact,SLC16A14
16812,SPATA3,exact,SPATA3
16813,B3GNT7,exact,B3GNT7
16814,NPPC,exact,NPPC
16815,ECEL1,exact,ECEL1
16816,KCNJ13,exact,KCNJ13
16817,HJURP,exact,HJURP
16818,SH3BP4,exact,SH3BP4
16819,AC012485.3,unmatched,
16820,ANO7,exact,ANO7
16821,BOK,exact,BOK
16822,RTP5,exact,RTP5
16823,LMCD1-AS1,exact,LMCD1-AS1
16824,CPNE9,exact,CPNE9
16825,AC022007.1,unmatched,
16826,ATP2B2,exact,ATP2B2
16827,SLC6A1,exact,SLC6A1
16828,HRH1,exact,HRH1
16829,AC022001.3,unmatched,
16830,SYN2,exact,SYN2
16831,MKRN2OS,exact,MKRN2OS
16832,AC090004.1,unmatched,
16833,GALNT15,exact,GALNT15
16834,DAZL,exact,DAZL
16835,ZNF385D,exact,ZNF385D
16836,RBMS3,exact,RBMS3
16837,RBMS3-AS3,exact,RBMS3-AS3
16838,TRIM71,exact,TRIM71
16839,CCR4,exact,CCR4
16840,AC112220.3,unmatched,
16841,AC112220.2,unmatched,
16842,ACVR2B-AS1,exact,ACVR2B-AS1
16843,SCN5A,exact,SCN5A
16844,LINC02158,unmatched,
16845,CDCP1,exact,CDCP1
16846,TMEM158,exact,TMEM158
16847,XCR1,exact,XCR1
16848,CDC25A,exact,CDC25A
16849,AC134772.1,unmatched,
16850,CDHR4,exact,CDHR4
16851,CAMKV,exact,CAMKV
16852,SEMA3B,exact,SEMA3B
16853,HYAL1,exact,HYAL1
16854,AC096920.1,unmatched,
16855,GRM2,exact,GRM2
16856,ASB14,exact,ASB14
16857,DNAH12,exact,DNAH12
16858,AC012557.1,unmatched,
16859,MITF,exact,MITF
16860,AC097634.2,unmatched,
16861,LINC00877,exact,LINC00877
16862,CADM2,exact,CADM2
16863,PROS1,exact,PROS1
16864,ABI3BP,exact,ABI3BP
16865,AC128688.2,unmatched,
16866,ARHGAP31-AS1,exact,ARHGAP31-AS1
16867,CD80,exact,CD80
16868,AC073352.2,unmatched,
16869,NR1I2,exact,NR1I2
16870,FSTL1,exact,FSTL1
16871,ITGB5,exact,ITGB5
16872,AC079848.1,unmatched,
16873,ALDH1L1,exact,ALDH1L1
16874,GATA2,exact,GATA2
16875,EFCAB12,exact,EFCAB12
16876,MRAS,exact,MRAS
16877,ATP1B3-AS1,exact,ATP1B3-AS1
16878,PCOLCE2,exact,PCOLCE2
16879,PLOD2,exact,PLOD2
16880,GPR87,exact,GPR87
16881,P2RY1,exact,P2RY1
16882,LINC02029,exact,LINC02029
16883,PTX3,exact,PTX3
16884,LINC02068,exact,LINC02068
16885,CAMK2N2,exact,CAMK2N2
16886,IGF2BP2,exact,IGF2BP2
16887,DGKG,exact,DGKG
16888,AC112907.1,unmatched,
16889,LINC01991,exact,LINC01991
16890,CLDN1,exact,CLDN1
16891,HRASLS,official_alias,HRASLS
16892,AC080129.2,unmatched,
16893,AC046143.1,unmatched,
16894,MUC4,exact,MUC4
16895,ZDHHC19,exact,ZDHHC19
16896,TM4SF19-TCTEX1D2,official_alias,TM4SF19-TCTEX1D2
16897,PIGZ,exact,PIGZ
16898,AC024560.1,unmatched,
16899,AC092535.4,unmatched,
16900,FGFR3,exact,FGFR3
16901,MSX1,exact,MSX1
16902,SORCS2,exact,SORCS2
16903,LINC01258,exact,LINC01258
16904,FAM114A1,exact,FAM114A1
16905,NSUN7,exact,NSUN7
16906,UCHL1,exact,UCHL1
16907,AC096734.2,unmatched,
16908,SLC10A4,exact,SLC10A4
16909,ERVMER34-1,exact,ERVMER34-1
16910,AC023154.1,unmatched,
16911,AC069200.1,unmatched,
16912,NMU,exact,NMU
16913,ADAMTS3,exact,ADAMTS3
16914,CXCL8,exact,CXCL8
16915,CXCL3,exact,CXCL3
16916,LINC01088,exact,LINC01088
16917,SPP1,exact,SPP1
16918,AC107067.1,unmatched,
16919,MTTP,exact,MTTP
16920,AC096564.1,unmatched,
16921,ETNPPL,exact,ETNPPL
16922,UGT8,exact,UGT8
16923,TRPC3,exact,TRPC3
16924,AC112236.2,unmatched,
16925,CLGN,exact,CLGN
16926,AC110813.1,unmatched,
16927,FHDC1,exact,FHDC1
16928,GUCY1A1,exact,GUCY1A1
16929,GUCY1B1,exact,GUCY1B1
16930,TDO2,exact,TDO2
16931,SH3RF1,exact,SH3RF1
16932,AC097534.1,unmatched,
16933,TENM3,exact,TENM3
16934,ENPP6,exact,ENPP6
16935,C4orf47,unmatched,
16936,SORBS2,exact,SORBS2
16937,TPPP,exact,TPPP
16938,AC026740.1,unmatched,
16939,ZDHHC11,exact,ZDHHC11
16940,NKD2,exact,NKD2
16941,AC126768.3,unmatched,
16942,LINC02102,exact,LINC02102
16943,AC034229.4,unmatched,
16944,AC012640.4,unmatched,
16945,LINC02150,exact,LINC02150
16946,AC091946.2,unmatched,
16947,RAI14,exact,RAI14
16948,SLC1A3,exact,SLC1A3
16949,DAB2,exact,DAB2
16950,GAPT,exact,GAPT
16951,DEPDC1B,exact,DEPDC1B
16952,LRRC70,exact,LRRC70
16953,RNF180,exact,RNF180
16954,AC092354.2,unmatched,
16955,FOXD1,exact,FOXD1
16956,S100Z,exact,S100Z
16957,LHFPL2,exact,LHFPL2
16958,LINC01337,exact,LINC01337
16959,MEF2C,exact,MEF2C
16960,MIR583HG,unmatched,
16961,AC012603.1,unmatched,
16962,AC008494.3,unmatched,
16963,TMED7-TICAM2,exact,TMED7-TICAM2
16964,CDO1,exact,CDO1
16965,KIAA1024L,official_alias,KIAA1024L
16966,IL13,exact,IL13
16967,IL4,exact,IL4
16968,AC010240.3,unmatched,
16969,AC109454.3,unmatched,
16970,PITX1,exact,PITX1
16971,SMAD5-AS1,exact,SMAD5-AS1
16972,KIF20A,exact,KIF20A
16973,CDC25C,exact,CDC25C
16974,PCDHGA1,exact,PCDHGA1
16975,PCDHGA11,exact,PCDHGA11
16976,PCDH1,exact,PCDH1
16977,PCDH12,exact,PCDH12
16978,AC005740.4,unmatched,
16979,POU4F3,exact,POU4F3
16980,AC131025.1,unmatched,
16981,SYNPO,exact,SYNPO
16982,MYOZ3,exact,MYOZ3
16983,LINC01933,exact,LINC01933
16984,PPP1R2B,exact,PPP1R2B
16985,SOX30,exact,SOX30
16986,LINC01932,exact,LINC01932
16987,GABRG2,exact,GABRG2
16988,FBLL1,exact,FBLL1
16989,RANBP17,exact,RANBP17
16990,FGF18,exact,FGF18
16991,SH3PXD2B,exact,SH3PXD2B
16992,AC008378.1,unmatched,
16993,DRD1,exact,DRD1
16994,SNCB,exact,SNCB
16995,COL23A1,exact,COL23A1
16996,ADAMTS2,exact,ADAMTS2
16997,AC008443.6,unmatched,
16998,AC008443.3,unmatched,
16999,AL035696.3,unmatched,
17000,AL357054.3,unmatched,
17001,AL133351.1,unmatched,
17002,TUBB2B,exact,TUBB2B
17003,PXDC1,exact,PXDC1
17004,AL357497.1,unmatched,
17005,AL138720.1,unmatched,
17006,KIAA0319,exact,KIAA0319
17007,U91328.3,unmatched,
17008,HIST1H4B,official_alias,HIST1H4B
17009,HIST1H3B,official_alias,HIST1H3B
17010,HIST1H2AB,official_alias,HIST1H2AB
17011,HIST1H3C,official_alias,HIST1H3C
17012,HIST1H4D,official_alias,HIST1H4D
17013,HIST1H4F,official_alias,HIST1H4F
17014,HIST1H3F,official_alias,HIST1H3F
17015,HIST1H3G,official_alias,HIST1H3G
17016,HIST1H4I,official_alias,HIST1H4I
17017,HIST1H2AI,official_alias,HIST1H2AI
17018,HIST1H2AJ,official_alias,HIST1H2AJ
17019,HIST1H2AL,official_alias,HIST1H2AL
17020,HIST1H3I,official_alias,HIST1H3I
17021,HIST1H4L,official_alias,HIST1H4L
17022,HIST1H2AM,official_alias,HIST1H2AM
17023,MOG,exact,MOG
17024,HCG17,exact,HCG17
17025,DDR1-DT,unmatched,
17026,HCG21,unmatched,
17027,PSORS1C1,exact,PSORS1C1
17028,DDX39B-AS1,exact,DDX39B-AS1
17029,MSH5-SAPCD1,unmatched,
17030,SLC44A4,exact,SLC44A4
17031,C2,exact,C2
17032,AL645940.1,unmatched,
17033,ZBTB9,exact,ZBTB9
17034,AL138889.1,unmatched,
17035,TULP1,exact,TULP1
17036,AL033519.3,unmatched,
17037,PXT1,exact,PXT1
17038,CPNE5,exact,CPNE5
17039,FGD2,exact,FGD2
17040,DNAH8,exact,DNAH8
17041,NCR2,exact,NCR2
17042,TTBK1,exact,TTBK1
17043,CRIP3,exact,CRIP3
17044,ADGRF1,exact,ADGRF1
17045,TNFRSF21,exact,TNFRSF21
17046,C6orf141,exact,C6orf141
17047,GCM1,exact,GCM1
17048,BEND6,exact,BEND6
17049,AL445250.1,unmatched,
17050,FKBP1C,exact,FKBP1C
17051,COL19A1,exact,COL19A1
17052,AL365226.1,unmatched,
17053,AL590428.1,unmatched,
17054,AL589666.1,unmatched,
17055,AL096678.1,unmatched,
17056,AL138731.1,unmatched,
17057,PRDM13,exact,PRDM13
17058,POPDC3,exact,POPDC3
17059,TRAPPC3L,exact,TRAPPC3L
17060,SLC35F1,exact,SLC35F1
17061,AL365275.1,unmatched,
17062,SMPDL3A,exact,SMPDL3A
17063,RNF217,exact,RNF217
17064,C6orf58,exact,C6orf58
17065,AL356124.2,unmatched,
17066,TMEM244,exact,TMEM244
17067,ENPP1,exact,ENPP1
17068,OLIG3,exact,OLIG3
17069,ARFGEF3,exact,ARFGEF3
17070,RAB32,exact,RAB32
17071,C6orf99,unmatched,
17072,AL356417.1,unmatched,
17073,KIF25-AS1,exact,KIF25-AS1
17074,AL354892.2,unmatched,
17075,LINC00574,exact,LINC00574
17076,AL109910.2,unmatched,
17077,FAM20C,exact,FAM20C
17078,AC147651.1,unmatched,
17079,ELFN1-AS1,exact,ELFN1-AS1
17080,PAPOLB,exact,PAPOLB
17081,AC006483.2,unmatched,
17082,RSPH10B,exact,RSPH10B
17083,ANKRD61,exact,ANKRD61
17084,AC004948.1,unmatched,
17085,AC005014.2,unmatched,
17086,RAPGEF5,exact,RAPGEF5
17087,STEAP1B,exact,STEAP1B
17088,HOXA4,exact,HOXA4
17089,HOXA9,exact,HOXA9
17090,HOXA10-AS,exact,HOXA10-AS
17091,JAZF1-AS1,exact,JAZF1-AS1
17092,CREB5,exact,CREB5
17093,AQP1,exact,AQP1
17094,AC018645.2,unmatched,
17095,AC004988.1,unmatched,
17096,AC010132.4,unmatched,
17097,CAMK2B,exact,CAMK2B
17098,ZPBP,exact,ZPBP
17099,AC020743.2,unmatched,
17100,AC073349.1,unmatched,
17101,FZD9,exact,FZD9
17102,GTF2IRD1,exact,GTF2IRD1
17103,UPK3B,exact,UPK3B
17104,AC074183.1,unmatched,
17105,CDK14,exact,CDK14
17106,FZD1,exact,FZD1
17107,CYP51A1-AS1,exact,CYP51A1-AS1
17108,AC003092.1,unmatched,
17109,DYNC1I1,exact,DYNC1I1
17110,TAC1,exact,TAC1
17111,AC093799.1,unmatched,
17112,AC004922.1,unmatched,
17113,VGF,exact,VGF
17114,AC093668.1,unmatched,
17115,SLC26A4-AS1,unmatched,
17116,LAMB4,exact,LAMB4
17117,MET,exact,MET
17118,ST7-AS1,exact,ST7-AS1
17119,IQUB,exact,IQUB
17120,SMO,exact,SMO
17121,CPA2,exact,CPA2
17122,AC007938.1,unmatched,
17123,AC091736.1,unmatched,
17124,KLRG2,exact,KLRG2
17125,TMEM178B,exact,TMEM178B
17126,AC073878.1,unmatched,
17127,TRBV6-1,unmatched,
17128,TRBV5-5,unmatched,
17129,TRBV13,unmatched,
17130,TRBV25-1,unmatched,
17131,TRBV30,exact,TRBV30
17132,AC073342.1,unmatched,
17133,CLCN1,exact,CLCN1
17134,TMEM176A,exact,TMEM176A
17135,AC099552.1,unmatched,
17136,MNX1-AS2,exact,MNX1-AS2
17137,AL732314.4,unmatched,
17138,MID1,exact,MID1
17139,AC004554.2,unmatched,
17140,EGFL6,exact,EGFL6
17141,PIR,exact,PIR
17142,XK,exact,XK
17143,TSPAN7,exact,TSPAN7
17144,AC091808.1,unmatched,
17145,GPR34,exact,GPR34
17146,MAOA,exact,MAOA
17147,JADE3,exact,JADE3
17148,GATA1,exact,GATA1
17149,ERAS,exact,ERAS
17150,SYP-AS1,exact,SYP-AS1
17151,CCNB3,exact,CCNB3
17152,CENPVL3,exact,CENPVL3
17153,GPR173,exact,GPR173
17154,IQSEC2,exact,IQSEC2
17155,TRO,exact,TRO
17156,PFKFB1,exact,PFKFB1
17157,PAGE2B,exact,PAGE2B
17158,KLF8,exact,KLF8
17159,ASB12,exact,ASB12
17160,VSIG4,exact,VSIG4
17161,EDA2R,exact,EDA2R
17162,FAM155B,unmatched,
17163,KIF4A,exact,KIF4A
17164,AL139398.1,unmatched,
17165,DLG3-AS1,exact,DLG3-AS1
17166,RTL5,exact,RTL5
17167,CITED1,exact,CITED1
17168,TSIX,exact,TSIX
17169,SLC16A2,exact,SLC16A2
17170,DRP2,exact,DRP2
17171,TAF7L,exact,TAF7L
17172,BTK,exact,BTK
17173,TMSB15A,exact,TMSB15A
17174,TCEAL5,exact,TCEAL5
17175,TCEAL7,exact,TCEAL7
17176,TMEM31,exact,TMEM31
17177,PLS3,exact,PLS3
17178,GLUD2,exact,GLUD2
17179,TEX13D,exact,TEX13D
17180,APLN,exact,APLN
17181,XPNPEP2,exact,XPNPEP2
17182,HS6ST2,exact,HS6ST2
17183,GPC3,exact,GPC3
17184,CCDC160,exact,CCDC160
17185,AL672032.1,unmatched,
17186,LINC00632,exact,LINC00632
17187,DUSP9,exact,DUSP9
17188,L1CAM,exact,L1CAM
17189,AC245140.1,unmatched,
17190,DLGAP2,exact,DLGAP2
17191,AC022784.7,unmatched,
17192,AC021242.3,unmatched,
17193,AC104964.1,unmatched,
17194,AC011008.1,unmatched,
17195,FAM167A,exact,FAM167A
17196,DLC1,exact,DLC1
17197,TUSC3,exact,TUSC3
17198,PDGFRL,exact,PDGFRL
17199,PSD3,exact,PSD3
17200,LPL,exact,LPL
17201,AC015468.3,unmatched,
17202,AC100861.2,unmatched,
17203,STC1,exact,STC1
17204,NEFL,exact,NEFL
17205,CDCA2,exact,CDCA2
17206,PNMA2,exact,PNMA2
17207,PBK,exact,PBK
17208,FBXO16,exact,FBXO16
17209,TEX15,exact,TEX15
17210,ADGRA2,exact,ADGRA2
17211,AC084024.3,unmatched,
17212,AC009630.1,unmatched,
17213,AC083973.1,unmatched,
17214,SNTG1,exact,SNTG1
17215,CERNA3,exact,CERNA3
17216,LINC01301,unmatched,
17217,AC120042.1,unmatched,
17218,LINC01299,exact,LINC01299
17219,CPA6,exact,CPA6
17220,C8orf34,exact,C8orf34
17221,SLCO5A1,exact,SLCO5A1
17222,JPH1,exact,JPH1
17223,CRISPLD1,exact,CRISPLD1
17224,IL7,exact,IL7
17225,AC083837.1,unmatched,
17226,AC009902.3,unmatched,
17227,AC011773.1,unmatched,
17228,NECAB1,exact,NECAB1
17229,ERICH5,exact,ERICH5
17230,NIPAL2,exact,NIPAL2
17231,AP003472.1,unmatched,
17232,AP000424.1,unmatched,
17233,AP002852.1,unmatched,
17234,RAD21-AS1,exact,RAD21-AS1
17235,MAL2,exact,MAL2
17236,AC016405.3,unmatched,
17237,AC104316.2,unmatched,
17238,AC083843.2,unmatched,
17239,AC011676.1,unmatched,
17240,AC011676.2,unmatched,
17241,AC100803.1,unmatched,
17242,AC108002.1,unmatched,
17243,LYNX1,exact,LYNX1
17244,AC067930.2,unmatched,
17245,IQANK1,exact,IQANK1
17246,AF186192.3,unmatched,
17247,C9orf66,official_alias,C9orf66
17248,INSL4,exact,INSL4
17249,AL135786.2,unmatched,
17250,AL354694.1,unmatched,
17251,AL591222.1,unmatched,
17252,CDKN2B-AS1,exact,CDKN2B-AS1
17253,CDKN2B,exact,CDKN2B
17254,IFT74-AS1,exact,IFT74-AS1
17255,AL157884.2,unmatched,
17256,MYORG,exact,MYORG
17257,AL162231.2,unmatched,
17258,PHF24,exact,PHF24
17259,CA9,exact,CA9
17260,PAX5,exact,PAX5
17261,AL590399.3,unmatched,
17262,AL136317.2,unmatched,
17263,PIP5K1B,exact,PIP5K1B
17264,APBA1,exact,APBA1
17265,MAMDC2,exact,MAMDC2
17266,SLC28A3,exact,SLC28A3
17267,DAPK1,exact,DAPK1
17268,C9orf47,official_alias,C9orf47
17269,SYK,exact,SYK
17270,LINC00484,unmatched,
17271,WNK2,exact,WNK2
17272,AL161729.2,unmatched,
17273,CTSV,exact,CTSV
17274,TMEM246,official_alias,TMEM246
17275,AL158070.1,unmatched,
17276,EPB41L4B,exact,EPB41L4B
17277,AL139041.1,unmatched,
17278,TEX48,exact,TEX48
17279,LHX6,exact,LHX6
17280,AL359636.1,unmatched,
17281,LHX2,exact,LHX2
17282,GARNL3,exact,GARNL3
17283,AL158151.4,unmatched,
17284,C9orf50,exact,C9orf50
17285,PTGES,exact,PTGES
17286,ASS1,exact,ASS1
17287,PRDM12,exact,PRDM12
17288,AK8,exact,AK8
17289,GFI1B,exact,GFI1B
17290,ADAMTSL2,exact,ADAMTSL2
17291,OLFM1,exact,OLFM1
17292,PPP1R26,exact,PPP1R26
17293,CCDC183-AS1,exact,CCDC183-AS1
17294,C8G,exact,C8G
17295,C9orf139,unmatched,
17296,CYSRT1,exact,CYSRT1
17297,IFITM5,exact,IFITM5
17298,AC136475.7,unmatched,
17299,B4GALNT4,exact,B4GALNT4
17300,PKP3,exact,PKP3
17301,CEND1,exact,CEND1
17302,SLC22A18AS,exact,SLC22A18AS
17303,OR2AG1,exact,OR2AG1
17304,OR6A2,exact,OR6A2
17305,AC087280.2,unmatched,
17306,OR10A2,exact,OR10A2
17307,TUB,exact,TUB
17308,LMO1,exact,LMO1
17309,AC091053.1,unmatched,
17310,TEAD1,exact,TEAD1
17311,SOX6,exact,SOX6
17312,KCNJ11,exact,KCNJ11
17313,E2F8,exact,E2F8
17314,AC090092.1,unmatched,
17315,AC090159.1,unmatched,
17316,CCDC73,exact,CCDC73
17317,SLC1A2,exact,SLC1A2
17318,LDLRAD3,exact,LDLRAD3
17319,RAG1,exact,RAG1
17320,AC087276.2,unmatched,
17321,AC087521.2,unmatched,
17322,C11orf96,exact,C11orf96
17323,CREB3L1,exact,CREB3L1
17324,LRP4-AS1,exact,LRP4-AS1
17325,LRP4,exact,LRP4
17326,AC090589.2,unmatched,
17327,AP000781.1,unmatched,
17328,SERPING1,exact,SERPING1
17329,CNTF,exact,CNTF
17330,FAM111B,exact,FAM111B
17331,SYT7,exact,SYT7
17332,AP003559.1,unmatched,
17333,DAGLA,exact,DAGLA
17334,GNG3,exact,GNG3
17335,HRASLS5,official_alias,HRASLS5
17336,AP001453.4,unmatched,
17337,CATSPERZ,exact,CATSPERZ
17338,NRXN2,exact,NRXN2
17339,AP003068.1,unmatched,
17340,GAL3ST3,exact,GAL3ST3
17341,AP002748.1,unmatched,
17342,CCDC87,exact,CCDC87
17343,SPTBN2,exact,SPTBN2
17344,AC004923.4,unmatched,
17345,AP001189.5,unmatched,
17346,LRRC32,exact,LRRC32
17347,TSKU,exact,TSKU
17348,FAM181B,exact,FAM181B
17349,AP003059.1,unmatched,
17350,AMOTL1,exact,AMOTL1
17351,ARHGAP42,exact,ARHGAP42
17352,CFAP300,exact,CFAP300
17353,AP003027.1,unmatched,
17354,C11orf88,official_alias,C11orf88
17355,AP000880.1,unmatched,
17356,TMPRSS5,exact,TMPRSS5
17357,AP006216.1,unmatched,
17358,TTC36,exact,TTC36
17359,AP000941.1,unmatched,
17360,AP003392.3,unmatched,
17361,STT3A-AS1,unmatched,
17362,OLAH,exact,OLAH
17363,ACBD7,exact,ACBD7
17364,AL450384.1,unmatched,
17365,AL158211.3,unmatched,
17366,KIAA1217,exact,KIAA1217
17367,ENKUR,exact,ENKUR
17368,ARMC4,official_alias,ARMC4
17369,NRP1,exact,NRP1
17370,AL392046.1,unmatched,
17371,FZD8,exact,FZD8
17372,FXYD4,exact,FXYD4
17373,ZNF32-AS2,exact,ZNF32-AS2
17374,LINC00619,unmatched,
17375,OGDHL,exact,OGDHL
17376,SLC16A9,exact,SLC16A9
17377,MRLN,exact,MRLN
17378,PALD1,exact,PALD1
17379,UNC5B,exact,UNC5B
17380,C10orf105,exact,C10orf105
17381,CHST3,exact,CHST3
17382,PLAU,exact,PLAU
17383,AC022540.1,unmatched,
17384,DUPD1,official_alias,DUPD1
17385,ZNF503,exact,ZNF503
17386,ZNF503-AS2,exact,ZNF503-AS2
17387,ZMIZ1-AS1,exact,ZMIZ1-AS1
17388,BX248123.1,unmatched,
17389,DYDC2,exact,DYDC2
17390,CDHR1,exact,CDHR1
17391,CH25H,exact,CH25H
17392,AL157400.3,unmatched,
17393,AL157400.4,unmatched,
17394,AL139124.1,unmatched,
17395,TBC1D12,exact,TBC1D12
17396,CYP2C8,exact,CYP2C8
17397,AL157834.2,unmatched,
17398,CC2D2B,exact,CC2D2B
17399,AL138921.2,unmatched,
17400,AL133215.3,unmatched,
17401,CYP17A1-AS1,unmatched,
17402,RPEL1,exact,RPEL1
17403,INA,exact,INA
17404,AL139339.2,unmatched,
17405,AL139339.1,unmatched,
17406,AL162742.1,unmatched,
17407,ATRNL1,exact,ATRNL1
17408,HSPA12A,exact,HSPA12A
17409,SHTN1,exact,SHTN1
17410,HMX2,exact,HMX2
17411,TCERG1L,exact,TCERG1L
17412,JAKMIP3,exact,JAKMIP3
17413,AL451069.3,unmatched,
17414,CFAP46,exact,CFAP46
17415,UTF1,exact,UTF1
17416,AL592071.1,unmatched,
17417,PRAP1,exact,PRAP1
17418,AL360181.3,unmatched,
17419,TEAD4,exact,TEAD4
17420,AC005840.2,unmatched,
17421,PIANP,exact,PIANP
17422,CD4,exact,CD4
17423,FAM90A1,exact,FAM90A1
17424,AC092745.1,unmatched,
17425,AC092490.1,unmatched,
17426,AC010186.1,unmatched,
17427,TAS2R10,exact,TAS2R10
17428,PLBD1,exact,PLBD1
17429,PDE6H,exact,PDE6H
17430,SPX,exact,SPX
17431,AC087241.3,unmatched,
17432,AC026310.2,unmatched,
17433,RASSF8,exact,RASSF8
17434,SMCO2,exact,SMCO2
17435,REP15,exact,REP15
17436,AC022079.2,unmatched,
17437,DENND5B,unmatched,
17438,H3F3C,official_alias,H3F3C
17439,AC046130.1,unmatched,
17440,AC140847.2,unmatched,
17441,AC067735.1,unmatched,
17442,RAPGEF3,exact,RAPGEF3
17443,DDN,unmatched,
17444,AC125611.3,unmatched,
17445,AC068987.3,unmatched,
17446,KRT79,exact,KRT79
17447,SOAT2,exact,SOAT2
17448,GPR84,exact,GPR84
17449,SLC39A5,exact,SLC39A5
17450,APOF,exact,APOF
17451,AC024884.2,unmatched,
17452,MYO1A,exact,MYO1A
17453,INHBE,exact,INHBE
17454,SLC26A10,unmatched,
17455,B4GALNT1,exact,B4GALNT1
17456,AGAP2-AS1,exact,AGAP2-AS1
17457,AC135279.3,unmatched,
17458,LINC02389,exact,LINC02389
17459,WIF1,exact,WIF1
17460,IRAK3,exact,IRAK3
17461,IL26,exact,IL26
17462,LINC02384,unmatched,
17463,AC025569.1,unmatched,
17464,AC090502.1,unmatched,
17465,AC107032.2,unmatched,
17466,E2F7,exact,E2F7
17467,PPFIA2,exact,PPFIA2
17468,AC024909.2,unmatched,
17469,GALNT4,exact,GALNT4
17470,AC123567.2,unmatched,
17471,GAS2L3,exact,GAS2L3
17472,IGF1,exact,IGF1
17473,NUAK1,exact,NUAK1
17474,AC079385.3,unmatched,
17475,TMEM119,exact,TMEM119
17476,FAM222A,exact,FAM222A
17477,CFAP73,exact,CFAP73
17478,HRK,exact,HRK
17479,AC131238.1,unmatched,
17480,AC002070.1,unmatched,
17481,MSI1,exact,MSI1
17482,CABP1,exact,CABP1
17483,AC069503.1,unmatched,
17484,AC127002.1,unmatched,
17485,AC027290.1,unmatched,
17486,DNAH10OS,exact,DNAH10OS
17487,GLT1D1,exact,GLT1D1
17488,LINC02415,exact,LINC02415
17489,AC117500.1,unmatched,
17490,MMP17,exact,MMP17
17491,GALNT9,exact,GALNT9
17492,AC026786.2,unmatched,
17493,GJB2,exact,GJB2
17494,LINC00539,exact,LINC00539
17495,LINC00327,exact,LINC00327
17496,ATP12A,exact,ATP12A
17497,WASF3,exact,WASF3
17498,CCDC169,exact,CCDC169
17499,SPART-AS1,exact,SPART-AS1
17500,AL354809.1,unmatched,
17501,LHFPL6,exact,LHFPL6
17502,ENOX1,exact,ENOX1
17503,SMIM2-AS1,exact,SMIM2-AS1
17504,AL138960.1,unmatched,
17505,LRRC63,exact,LRRC63
17506,RUBCNL,exact,RUBCNL
17507,CNMD,exact,CNMD
17508,EDNRB,exact,EDNRB
17509,AL136526.1,unmatched,
17510,EFNB2,exact,EFNB2
17511,LINC00551,unmatched,
17512,SOX1,exact,SOX1
17513,AL139384.2,unmatched,
17514,AL137002.1,unmatched,
17515,ANG,exact,ANG
17516,RNASE6,exact,RNASE6
17517,TRAV40,exact,TRAV40
17518,SLC7A7,exact,SLC7A7
17519,MMP14,exact,MMP14
17520,CDH24,exact,CDH24
17521,DHRS2,exact,DHRS2
17522,AL132800.1,unmatched,
17523,STXBP6,exact,STXBP6
17524,LINC02313,exact,LINC02313
17525,AL121594.1,unmatched,
17526,AL162311.1,unmatched,
17527,SLC25A21-AS1,exact,SLC25A21-AS1
17528,SEC23A-AS1,exact,SEC23A-AS1
17529,AL049875.1,unmatched,
17530,AL049870.3,unmatched,
17531,AL118556.1,unmatched,
17532,PYGL,exact,PYGL
17533,AL122125.1,unmatched,
17534,DLGAP5,exact,DLGAP5
17535,AL122035.1,unmatched,
17536,PPP1R36,exact,PPP1R36
17537,SPTB,exact,SPTB
17538,GALNT16,exact,GALNT16
17539,ADAM21,exact,ADAM21
17540,AC005476.2,unmatched,
17541,RGS6,exact,RGS6
17542,PROX2,exact,PROX2
17543,AL691403.2,unmatched,
17544,C14orf178,exact,C14orf178
17545,AL133153.2,unmatched,
17546,SLC24A4,exact,SLC24A4
17547,CCDC197,exact,CCDC197
17548,AL133467.2,unmatched,
17549,AL133467.4,unmatched,
17550,AL162151.1,unmatched,
17551,AL157871.2,unmatched,
17552,BEGAIN,exact,BEGAIN
17553,LINC02285,exact,LINC02285
17554,KIF26A,exact,KIF26A
17555,AL928654.2,unmatched,
17556,IGHV1-3,exact,IGHV1-3
17557,SCG5,exact,SCG5
17558,MEIS2,exact,MEIS2
17559,C15orf54,unmatched,
17560,C15orf62,exact,C15orf62
17561,ITPKA,exact,ITPKA
17562,CKMT1A,exact,CKMT1A
17563,SERINC4,exact,SERINC4
17564,AC084757.4,unmatched,
17565,AC084757.2,unmatched,
17566,USP50,exact,USP50
17567,TNFAIP8L3,exact,TNFAIP8L3
17568,AC020892.1,unmatched,
17569,AC090970.2,unmatched,
17570,BCL2L10,exact,BCL2L10
17571,MNS1,exact,MNS1
17572,AC090515.2,unmatched,
17573,FAM81A,exact,FAM81A
17574,AC073167.1,unmatched,
17575,AC103691.2,unmatched,
17576,AC013553.4,unmatched,
17577,IGDCC4,exact,IGDCC4
17578,CORO2B,exact,CORO2B
17579,LRRC49,exact,LRRC49
17580,THAP10,exact,THAP10
17581,LINC02259,exact,LINC02259
17582,AC090826.2,unmatched,
17583,AC012435.2,unmatched,
17584,AC100835.2,unmatched,
17585,AC068338.3,unmatched,
17586,AC105020.1,unmatched,
17587,AC090607.1,unmatched,
17588,ST20-MTHFS,exact,ST20-MTHFS
17589,AC023302.1,unmatched,
17590,AC068870.1,unmatched,
17591,GOLGA6L10,exact,GOLGA6L10
17592,AC115102.1,unmatched,
17593,AC021739.3,unmatched,
17594,AC013565.3,unmatched,
17595,TICRR,exact,TICRR
17596,TTLL13P,unmatched,
17597,FES,exact,FES
17598,AC068831.4,unmatched,
17599,SV2B,exact,SV2B
17600,AC106028.4,unmatched,
17601,AC036108.4,unmatched,
17602,TTC23,exact,TTC23
17603,AC084855.1,unmatched,
17604,HBM,exact,HBM
17605,AL023881.1,unmatched,
17606,Z92544.1,unmatched,
17607,BAIAP3,exact,BAIAP3
17608,AL031600.3,unmatched,
17609,RNF151,exact,RNF151
17610,CASKIN1,exact,CASKIN1
17611,ZG16B,exact,ZG16B
17612,PRSS22,exact,PRSS22
17613,AC003965.1,unmatched,
17614,PKMYT1,exact,PKMYT1
17615,GLIS2-AS1,exact,GLIS2-AS1
17616,VASN,exact,VASN
17617,AC022167.4,unmatched,
17618,SHISA9,exact,SHISA9
17619,AC109446.3,unmatched,
17620,TMC5,exact,TMC5
17621,AC130456.3,unmatched,
17622,GPRC5B,exact,GPRC5B
17623,REXO5,exact,REXO5
17624,OTOA,exact,OTOA
17625,CACNG3,exact,CACNG3
17626,AQP8,exact,AQP8
17627,LINC02195,exact,LINC02195
17628,CD19,exact,CD19
17629,AC009093.6,unmatched,
17630,SULT1A4,exact,SULT1A4
17631,SEZ6L2,exact,SEZ6L2
17632,FAM57B,official_alias,FAM57B
17633,AC116348.3,unmatched,
17634,ITGAX,exact,ITGAX
17635,ABCC11,exact,ABCC11
17636,LPCAT2,exact,LPCAT2
17637,MT1M,exact,MT1M
17638,MT1A,exact,MT1A
17639,MT1H,exact,MT1H
17640,AC026461.4,unmatched,
17641,CCL17,exact,CCL17
17642,MMP15,exact,MMP15
17643,AC092337.1,unmatched,
17644,CKLF-CMTM1,exact,CKLF-CMTM1
17645,AC010542.5,unmatched,
17646,CMTM1,exact,CMTM1
17647,TERB1,exact,TERB1
17648,CA7,exact,CA7
17649,LRRC36,exact,LRRC36
17650,HSD11B2,exact,HSD11B2
17651,AGRP,exact,AGRP
17652,AC009060.1,unmatched,
17653,AC010547.4,unmatched,
17654,AC004158.1,unmatched,
17655,CHST6,exact,CHST6
17656,AC009159.3,unmatched,
17657,LINC00311,exact,LINC00311
17658,AC133540.1,unmatched,
17659,AC092723.5,unmatched,
17660,AC092723.4,unmatched,
17661,AC138028.6,unmatched,
17662,CBFA2T3,exact,CBFA2T3
17663,CDH15,exact,CDH15
17664,DPEP1,exact,DPEP1
17665,DBNDD1,exact,DBNDD1
17666,AC090617.3,unmatched,
17667,AC006435.3,unmatched,
17668,OR1A1,exact,OR1A1
17669,SPATA22,exact,SPATA22
17670,AC116914.1,unmatched,
17671,VMO1,exact,VMO1
17672,AC004771.5,unmatched,
17673,PIMREG,exact,PIMREG
17674,BCL6B,exact,BCL6B
17675,ASGR1,exact,ASGR1
17676,SLC2A4,exact,SLC2A4
17677,YBX2,exact,YBX2
17678,AC026954.2,unmatched,
17679,TMEM256-PLSCR3,exact,TMEM256-PLSCR3
17680,TNFSF13,exact,TNFSF13
17681,ALOXE3,exact,ALOXE3
17682,HES7,exact,HES7
17683,PIK3R6,exact,PIK3R6
17684,AC005358.2,unmatched,
17685,PMP22,exact,PMP22
17686,AC005324.3,unmatched,
17687,AC005324.5,unmatched,
17688,AC098850.1,unmatched,
17689,RASD1,exact,RASD1
17690,AC020558.1,unmatched,
17691,SMCR2,exact,SMCR2
17692,ALDH3A1,exact,ALDH3A1
17693,AC005730.2,unmatched,
17694,AC068418.1,unmatched,
17695,AC132825.3,unmatched,
17696,AC024267.5,unmatched,
17697,AC104564.4,unmatched,
17698,AC003101.2,unmatched,
17699,AC116407.1,unmatched,
17700,RHBDL3,exact,RHBDL3
17701,AC084809.1,unmatched,
17702,AC243829.2,unmatched,
17703,AC243830.1,unmatched,
17704,ARHGAP23,exact,ARHGAP23
17705,C17orf98,unmatched,
17706,FBXO47,exact,FBXO47
17707,GRB7,exact,GRB7
17708,AC080112.1,unmatched,
17709,KRT9,exact,KRT9
17710,FKBP10,exact,FKBP10
17711,AC099811.3,unmatched,
17712,RAMP2,exact,RAMP2
17713,PTGES3L,exact,PTGES3L
17714,ETV4,exact,ETV4
17715,MPP3,exact,MPP3
17716,RUNDC3A,exact,RUNDC3A
17717,ADAM11,exact,ADAM11
17718,C1QL1,exact,C1QL1
17719,AC138150.2,unmatched,
17720,CR936218.1,unmatched,
17721,AC005670.1,unmatched,
17722,AC091180.3,unmatched,
17723,AC015909.2,unmatched,
17724,AC015909.3,unmatched,
17725,AC021491.4,unmatched,
17726,AC005920.3,unmatched,
17727,NME1-NME2,exact,NME1-NME2
17728,TEX14,exact,TEX14
17729,C17orf64,unmatched,
17730,EFCAB3,exact,EFCAB3
17731,AC145343.1,unmatched,
17732,CDR2L,exact,CDR2L
17733,CASKIN2,exact,CASKIN2
17734,SMIM6,exact,SMIM6
17735,AANAT,exact,AANAT
17736,AC111170.1,unmatched,
17737,AC061992.1,unmatched,
17738,C1QTNF1,exact,C1QTNF1
17739,NPTX1,exact,NPTX1
17740,AATK,exact,AATK
17741,AC110285.6,unmatched,
17742,AC139149.1,unmatched,
17743,NPB,exact,NPB
17744,AC145207.4,unmatched,
17745,NOTUM,exact,NOTUM
17746,AC145207.7,unmatched,
17747,RAC3,exact,RAC3
17748,AC132872.2,unmatched,
17749,TEX19,exact,TEX19
17750,AC024361.2,unmatched,
17751,AC139099.3,unmatched,
17752,AP001178.2,unmatched,
17753,AP000919.4,unmatched,
17754,AP000919.3,unmatched,
17755,AP001496.2,unmatched,
17756,EPB41L3,exact,EPB41L3
17757,L3MBTL4,exact,L3MBTL4
17758,MTCL1,exact,MTCL1
17759,RAB31,exact,RAB31
17760,AP001029.2,unmatched,
17761,AC090912.2,unmatched,
17762,CABLES1,exact,CABLES1
17763,HRH4,exact,HRH4
17764,DSC2,exact,DSC2
17765,AC017100.1,unmatched,
17766,AC068506.1,unmatched,
17767,AC120049.1,unmatched,
17768,RNF165,unmatched,
17769,AC093567.1,unmatched,
17770,AC016866.1,unmatched,
17771,STARD6,exact,STARD6
17772,SERPINB10,exact,SERPINB10
17773,AC009802.1,unmatched,
17774,AC090125.1,unmatched,
17775,AC103808.1,unmatched,
17776,TCF15,exact,TCF15
17777,SRXN1,exact,SRXN1
17778,SPEF1,exact,SPEF1
17779,AL133396.2,unmatched,
17780,AL121890.3,unmatched,
17781,FERMT1,exact,FERMT1
17782,AL021396.1,unmatched,
17783,AL121782.1,unmatched,
17784,BFSP1,exact,BFSP1
17785,INSM1,exact,INSM1
17786,AL133325.3,unmatched,
17787,AL096677.1,unmatched,
17788,AL121753.1,unmatched,
17789,FAM83C-AS1,exact,FAM83C-AS1
17790,AL136172.1,unmatched,
17791,AL023803.2,unmatched,
17792,AL023803.1,unmatched,
17793,LPIN3,exact,LPIN3
17794,MYBL2,exact,MYBL2
17795,KCNK15-AS1,unmatched,
17796,WISP2,official_alias,WISP2
17797,STK4-AS1,unmatched,
17798,KCNS1,exact,KCNS1
17799,SEMG2,exact,SEMG2
17800,MATN4,exact,MATN4
17801,WFDC2,exact,WFDC2
17802,KCNG1,exact,KCNG1
17803,LINC01441,exact,LINC01441
17804,LINC01711,exact,LINC01711
17805,AL096828.3,unmatched,
17806,BIRC7,exact,BIRC7
17807,PLPP2,exact,PLPP2
17808,C2CD4C,exact,C2CD4C
17809,AC005775.1,unmatched,
17810,AC004449.1,unmatched,
17811,CBARP,exact,CBARP
17812,LINC01775,exact,LINC01775
17813,AC119403.1,unmatched,
17814,TLE6,exact,TLE6
17815,GNA15,exact,GNA15
17816,SMIM24,exact,SMIM24
17817,AC005786.3,unmatched,
17818,AC011498.6,unmatched,
17819,AC027319.1,unmatched,
17820,AC024592.3,unmatched,
17821,AC011444.1,unmatched,
17822,SLC25A41,exact,SLC25A41
17823,FCER2,exact,FCER2
17824,CCL25,exact,CCL25
17825,AC008752.1,unmatched,
17826,AC020931.1,unmatched,
17827,AC011511.3,unmatched,
17828,AP1M2,exact,AP1M2
17829,CCDC151,official_alias,CCDC151
17830,AC008543.1,unmatched,
17831,AC010422.1,unmatched,
17832,AC018761.2,unmatched,
17833,KLF1,exact,KLF1
17834,AC005546.1,unmatched,
17835,AC011446.1,unmatched,
17836,AC022098.4,unmatched,
17837,C19orf67,exact,C19orf67
17838,AC022098.3,unmatched,
17839,PTGER1,exact,PTGER1
17840,SYDE1,exact,SYDE1
17841,AC003956.1,unmatched,
17842,EPHX3,exact,EPHX3
17843,CYP4F22,exact,CYP4F22
17844,CYP4F12,exact,CYP4F12
17845,AC010319.3,unmatched,
17846,MEF2B,exact,MEF2B
17847,AC011448.1,unmatched,
17848,LINC00664,exact,LINC00664
17849,ZNF730,exact,ZNF730
17850,CEBPA-DT,exact,CEBPA-DT
17851,KCTD15,exact,KCTD15
17852,HAMP,exact,HAMP
17853,MAG,exact,MAG
17854,GPR42,exact,GPR42
17855,DMKN,exact,DMKN
17856,GAPDHS,exact,GAPDHS
17857,HSPB6,exact,HSPB6
17858,NPHS1,exact,NPHS1
17859,AC022148.2,unmatched,
17860,DPF1,exact,DPF1
17861,AC011479.1,unmatched,
17862,AC011462.1,unmatched,
17863,TMEM145,exact,TMEM145
17864,CADM4,exact,CADM4
17865,AC006213.3,unmatched,
17866,BCAM,exact,BCAM
17867,APOC1,exact,APOC1
17868,GEMIN7-AS1,exact,GEMIN7-AS1
17869,FOXA3,exact,FOXA3
17870,ZNF541,exact,ZNF541
17871,AC011466.2,unmatched,
17872,SYNGR4,exact,SYNGR4
17873,GRIN2D,exact,GRIN2D
17874,FUT1,exact,FUT1
17875,TRPM4,exact,TRPM4
17876,TEAD2,exact,TEAD2
17877,CCDC155,official_alias,CCDC155
17878,AC010624.2,unmatched,
17879,AC020909.2,unmatched,
17880,LRRC4B,exact,LRRC4B
17881,KLK1,exact,KLK1
17882,AC008750.7,unmatched,
17883,AC008750.2,unmatched,
17884,ZNF534,exact,ZNF534
17885,CACNG8,exact,CACNG8
17886,DNAAF3,exact,DNAAF3
17887,NLRP11,exact,NLRP11
17888,AC006116.8,unmatched,
17889,AURKC,exact,AURKC
17890,AC012313.7,unmatched,
17891,AC012313.9,unmatched,
17892,CLDN5,exact,CLDN5
17893,AC006547.2,unmatched,
17894,LINC01637,exact,LINC01637
17895,GNAZ,exact,GNAZ
17896,SPECC1L-ADORA2A,exact,SPECC1L-ADORA2A
17897,LRRC75B,exact,LRRC75B
17898,AP000356.2,unmatched,
17899,AL022329.1,unmatched,
17900,AL008638.3,unmatched,
17901,AL008638.5,unmatched,
17902,GAS2L1,exact,GAS2L1
17903,LIF-AS1,exact,LIF-AS1
17904,AC004264.1,unmatched,
17905,TCN2,exact,TCN2
17906,AC005005.3,unmatched,
17907,AL021937.1,unmatched,
17908,RASD2,exact,RASD2
17909,APOL4,exact,APOL4
17910,TST,exact,TST
17911,CDC42EP1,exact,CDC42EP1
17912,Z83844.1,unmatched,
17913,C22orf23,exact,C22orf23
17914,SLC16A8,exact,SLC16A8
17915,MGAT3,exact,MGAT3
17916,Z83851.2,unmatched,
17917,PRR5-ARHGAP8,exact,PRR5-ARHGAP8
17918,Z82243.1,unmatched,
17919,RIBC2,exact,RIBC2
17920,LINC01644,exact,LINC01644
17921,AL023802.1,unmatched,
17922,BX539320.1,unmatched,
17923,TTLL8,exact,TTLL8
17924,PANX2,exact,PANX2
17925,MAPK12,exact,MAPK12
17926,U62317.4,unmatched,
17927,MAPK8IP2,exact,MAPK8IP2
17928,SHANK3,exact,SHANK3
17929,SIK1B,unmatched,
17930,CU638689.5,unmatched,
17931,CU634019.6,unmatched,
17932,LINC02246,unmatched,
17933,AP001341.1,unmatched,
17934,AP000255.1,unmatched,
17935,HUNK,exact,HUNK
17936,AP000317.1,unmatched,
17937,RIPPLY3,exact,RIPPLY3
17938,ZNF295-AS1,exact,ZNF295-AS1
17939,TRPM2-AS,unmatched,
17940,AJ011932.1,unmatched,
17941,AC004556.1,unmatched,
