row_type,scheme,population,status,pathway,draw_id,method,n_pathways,n_units,resamples,gene_count,truth_count,pool_size,eligible_pool_size,mean_ap,median_ap,sd_ap,exact_random_ap,mean_ap_minus_exact_chance,mean_genept_minus_vanilla_ap,mean_contrast_ap,median_contrast_ap,wilcoxon_p_value,rank_biserial,reason
unit,A_ELIGIBLE_POOL_MATCHED,FEASIBLE_9,ESTIMATED,KEGG_BUTANOATE_METABOLISM,1,vanilla_scpa,,1,1000,27,5,8,8,0.539457271062271,0.5333333333333333,0.15549863329891123,0.27580063899080604,0.263656632071465,,,,,,
unit,A_ELIGIBLE_POOL_MATCHED,FEASIBLE_9,ESTIMATED,KEGG_BUTANOATE_METABOLISM,1,genept_scpa,,1,1000,27,5,8,8,0.3082594950800833,0.3589377289377289,0.1076553275731571,0.27580063899080604,0.03245885608927729,,,,,,
unit,B_PATHWAY_WIDE_UNIFORM,ALL_11,ESTIMATED,KEGG_BUTANOATE_METABOLISM,1,vanilla_scpa,,1,1000,27,5,27,8,0.27660580882119234,0.24155875525440743,0.11526296617666887,0.27580063899080604,0.0008051698303863097,,,,,,
unit,B_PATHWAY_WIDE_UNIFORM,ALL_11,ESTIMATED,KEGG_BUTANOATE_METABOLISM,1,genept_scpa,,1,1000,27,5,27,8,0.2727071122401676,0.23896076146076145,0.11067313912327013,0.27580063899080604,-0.0030935267506384534,,,,,,
unit,C_PHASE7_FALLBACK_MATCHED,ALL_11,ESTIMATED,KEGG_BUTANOATE_METABOLISM,1,vanilla_scpa,,1,1000,27,5,8,8,0.5397541208791208,0.535952380952381,0.1562209777084437,0.27580063899080604,0.26395348188831474,,,,,,
unit,C_PHASE7_FALLBACK_MATCHED,ALL_11,ESTIMATED,KEGG_BUTANOATE_METABOLISM,1,genept_scpa,,1,1000,27,5,8,8,0.3063911579161579,0.3549491249491249,0.11036084002475362,0.27580063899080604,0.03059051892535186,,,,,,
unit,A_ELIGIBLE_POOL_MATCHED,FEASIBLE_9,ESTIMATED,KEGG_BUTANOATE_METABOLISM,2,vanilla_scpa,,1,1000,27,5,8,8,0.548761282051282,0.5609523809523809,0.15239744610841993,0.27580063899080604,0.272960643060476,,,,,,
unit,A_ELIGIBLE_POOL_MATCHED,FEASIBLE_9,ESTIMATED,KEGG_BUTANOATE_METABOLISM,2,genept_scpa,,1,1000,27,5,8,8,0.31225914565826335,0.35751322751322745,0.10667581217406194,0.27580063899080604,0.03645850666745731,,,,,,
unit,B_PATHWAY_WIDE_UNIFORM,ALL_11,ESTIMATED,KEGG_BUTANOATE_METABOLISM,2,vanilla_scpa,,1,1000,27,5,27,8,0.27836657538246046,0.2389214489214489,0.11937401388874225,0.27580063899080604,0.002565936391654422,,,,,,
unit,B_PATHWAY_WIDE_UNIFORM,ALL_11,ESTIMATED,KEGG_BUTANOATE_METABOLISM,2,genept_scpa,,1,1000,27,5,27,8,0.27524861906208486,0.24233061285692864,0.11458007740912156,0.27580063899080604,-0.0005520199287211702,,,,,,
unit,C_PHASE7_FALLBACK_MATCHED,ALL_11,ESTIMATED,KEGG_BUTANOATE_METABOLISM,2,vanilla_scpa,,1,1000,27,5,8,8,0.5334615201465202,0.5174908424908425,0.15797361068149335,0.27580063899080604,0.2576608811557141,,,,,,
unit,C_PHASE7_FALLBACK_MATCHED,ALL_11,ESTIMATED,KEGG_BUTANOATE_METABOLISM,2,genept_scpa,,1,1000,27,5,8,8,0.30231200280112047,0.3499491249491249,0.11000572676645201,0.27580063899080604,0.026511363810314437,,,,,,
unit,A_ELIGIBLE_POOL_MATCHED,FEASIBLE_9,ESTIMATED,KEGG_BUTANOATE_METABOLISM,3,vanilla_scpa,,1,1000,27,5,8,8,0.5404080586080586,0.5346428571428572,0.1513696755664142,0.27580063899080604,0.2646074196172526,,,,,,
unit,A_ELIGIBLE_POOL_MATCHED,FEASIBLE_9,ESTIMATED,KEGG_BUTANOATE_METABOLISM,3,genept_scpa,,1,1000,27,5,8,8,0.30792618832148244,0.35751322751322745,0.10727517761760651,0.27580063899080604,0.032125549330676406,,,,,,
unit,B_PATHWAY_WIDE_UNIFORM,ALL_11,ESTIMATED,KEGG_BUTANOATE_METABOLISM,3,vanilla_scpa,,1,1000,27,5,27,8,0.2745063542535571,0.24083729623203304,0.11377651863723902,0.27580063899080604,-0.0012942847372489075,,,,,,
unit,B_PATHWAY_WIDE_UNIFORM,ALL_11,ESTIMATED,KEGG_BUTANOATE_METABOLISM,3,genept_scpa,,1,1000,27,5,27,8,0.2757299938698972,0.2451079476079476,0.11085766335013043,0.27580063899080604,-7.06451209088188e-05,,,,,,
unit,C_PHASE7_FALLBACK_MATCHED,ALL_11,ESTIMATED,KEGG_BUTANOATE_METABOLISM,3,vanilla_scpa,,1,1000,27,5,8,8,0.5320150366300367,0.5174908424908425,0.15413846201082707,0.27580063899080604,0.25621439763923065,,,,,,
unit,C_PHASE7_FALLBACK_MATCHED,ALL_11,ESTIMATED,KEGG_BUTANOATE_METABOLISM,3,genept_scpa,,1,1000,27,5,8,8,0.30023915236179943,0.3499491249491249,0.10988169954864176,0.27580063899080604,0.024438513370993398,,,,,,
unit,A_ELIGIBLE_POOL_MATCHED,FEASIBLE_9,ESTIMATED,KEGG_BUTANOATE_METABOLISM,4,vanilla_scpa,,1,1000,27,5,8,8,0.5486747252747253,0.535952380952381,0.15759314231811036,0.27580063899080604,0.27287408628391924,,,,,,
unit,A_ELIGIBLE_POOL_MATCHED,FEASIBLE_9,ESTIMATED,KEGG_BUTANOATE_METABOLISM,4,genept_scpa,,1,1000,27,5,8,8,0.31336206792118554,0.35959048576695635,0.10944142549938515,0.27580063899080604,0.037561428930379503,,,,,,
unit,B_PATHWAY_WIDE_UNIFORM,ALL_11,ESTIMATED,KEGG_BUTANOATE_METABOLISM,4,vanilla_scpa,,1,1000,27,5,27,8,0.273727504714489,0.23747833232959087,0.11807611177300938,0.27580063899080604,-0.002073134276317057,,,,,,
unit,B_PATHWAY_WIDE_UNIFORM,ALL_11,ESTIMATED,KEGG_BUTANOATE_METABOLISM,4,genept_scpa,,1,1000,27,5,27,8,0.2731780191220465,0.24074929971988795,0.11117814267349833,0.27580063899080604,-0.002622619868759557,,,,,,
unit,C_PHASE7_FALLBACK_MATCHED,ALL_11,ESTIMATED,KEGG_BUTANOATE_METABOLISM,4,vanilla_scpa,,1,1000,27,5,8,8,0.5406873992673993,0.535952380952381,0.15348254283534665,0.27580063899080604,0.26488676027659325,,,,,,
unit,C_PHASE7_FALLBACK_MATCHED,ALL_11,ESTIMATED,KEGG_BUTANOATE_METABOLISM,4,genept_scpa,,1,1000,27,5,8,8,0.31040638284373573,0.35751322751322745,0.10787634276732093,0.27580063899080604,0.03460574385292969,,,,,,
unit,A_ELIGIBLE_POOL_MATCHED,FEASIBLE_9,ESTIMATED,KEGG_BUTANOATE_METABOLISM,5,vanilla_scpa,,1,1000,27,5,8,8,0.5460555311355311,0.5333333333333333,0.15366199401270325,0.27580063899080604,0.27025489214472503,,,,,,
unit,A_ELIGIBLE_POOL_MATCHED,FEASIBLE_9,ESTIMATED,KEGG_BUTANOATE_METABOLISM,5,genept_scpa,,1,1000,27,5,8,8,0.31082127343244986,0.3589377289377289,0.10872532318629387,0.27580063899080604,0.03502063444164383,,,,,,
unit,B_PATHWAY_WIDE_UNIFORM,ALL_11,ESTIMATED,KEGG_BUTANOATE_METABOLISM,5,vanilla_scpa,,1,1000,27,5,27,8,0.2766628618731169,0.24138888888888888,0.11420487602731225,0.27580063899080604,0.0008622228823108591,,,,,,
unit,B_PATHWAY_WIDE_UNIFORM,ALL_11,ESTIMATED,KEGG_BUTANOATE_METABOLISM,5,genept_scpa,,1,1000,27,5,27,8,0.28166717442783656,0.24625582750582747,0.11762817356405765,0.27580063899080604,0.005866535437030529,,,,,,
unit,C_PHASE7_FALLBACK_MATCHED,ALL_11,ESTIMATED,KEGG_BUTANOATE_METABOLISM,5,vanilla_scpa,,1,1000,27,5,8,8,0.5474461538461537,0.535952380952381,0.15507749099388934,0.27580063899080604,0.27164551485534766,,,,,,
unit,C_PHASE7_FALLBACK_MATCHED,ALL_11,ESTIMATED,KEGG_BUTANOATE_METABOLISM,5,genept_scpa,,1,1000,27,5,8,8,0.31098005805741097,0.3589377289377289,0.10938855373625175,0.27580063899080604,0.03517941906660493,,,,,,
unit,A_ELIGIBLE_POOL_MATCHED,FEASIBLE_9,ESTIMATED,KEGG_BUTANOATE_METABOLISM,6,vanilla_scpa,,1,1000,27,5,8,8,0.5445050732600732,0.535952380952381,0.1568230025966508,0.27580063899080604,0.2687044342692672,,,,,,
unit,A_ELIGIBLE_POOL_MATCHED,FEASIBLE_9,ESTIMATED,KEGG_BUTANOATE_METABOLISM,6,genept_scpa,,1,1000,27,5,8,8,0.30845531243266533,0.3589377289377289,0.11017057068835917,0.27580063899080604,0.032654673441859294,,,,,,
unit,B_PATHWAY_WIDE_UNIFORM,ALL_11,ESTIMATED,KEGG_BUTANOATE_METABOLISM,6,vanilla_scpa,,1,1000,27,5,27,8,0.27129655417722326,0.24195006747638326,0.10854275453732988,0.27580063899080604,-0.004504084813582776,,,,,,
unit,B_PATHWAY_WIDE_UNIFORM,ALL_11,ESTIMATED,KEGG_BUTANOATE_METABOLISM,6,genept_scpa,,1,1000,27,5,27,8,0.27035530748644676,0.23614241709442949,0.11125049293163114,0.27580063899080604,-0.005445331504359274,,,,,,
unit,C_PHASE7_FALLBACK_MATCHED,ALL_11,ESTIMATED,KEGG_BUTANOATE_METABOLISM,6,vanilla_scpa,,1,1000,27,5,8,8,0.5418679120879121,0.535952380952381,0.1520360923821775,0.27580063899080604,0.26606727309710604,,,,,,
unit,C_PHASE7_FALLBACK_MATCHED,ALL_11,ESTIMATED,KEGG_BUTANOATE_METABOLISM,6,genept_scpa,,1,1000,27,5,8,8,0.3098947261126673,0.35751322751322745,0.10901388178725258,0.27580063899080604,0.03409408712186124,,,,,,
unit,A_ELIGIBLE_POOL_MATCHED,FEASIBLE_9,ESTIMATED,KEGG_BUTANOATE_METABOLISM,7,vanilla_scpa,,1,1000,27,5,8,8,0.5466859706959706,0.5424908424908426,0.15548713093199748,0.27580063899080604,0.27088533170516454,,,,,,
unit,A_ELIGIBLE_POOL_MATCHED,FEASIBLE_9,ESTIMATED,KEGG_BUTANOATE_METABOLISM,7,genept_scpa,,1,1000,27,5,8,8,0.3121548416289593,0.35751322751322745,0.10931294176581982,0.27580063899080604,0.036354202638153255,,,,,,
unit,B_PATHWAY_WIDE_UNIFORM,ALL_11,ESTIMATED,KEGG_BUTANOATE_METABOLISM,7,vanilla_scpa,,1,1000,27,5,27,8,0.2724244148983012,0.24030569430569432,0.1114378296073187,0.27580063899080604,-0.0033762240925048204,,,,,,
unit,B_PATHWAY_WIDE_UNIFORM,ALL_11,ESTIMATED,KEGG_BUTANOATE_METABOLISM,7,genept_scpa,,1,1000,27,5,27,8,0.2664711793780172,0.23718880534670006,0.10839212649437312,0.27580063899080604,-0.00932945961278886,,,,,,
unit,C_PHASE7_FALLBACK_MATCHED,ALL_11,ESTIMATED,KEGG_BUTANOATE_METABOLISM,7,vanilla_scpa,,1,1000,27,5,8,8,0.5411383516483517,0.5333333333333333,0.15423610537960583,0.27580063899080604,0.26533771265754563,,,,,,
unit,C_PHASE7_FALLBACK_MATCHED,ALL_11,ESTIMATED,KEGG_BUTANOATE_METABOLISM,7,genept_scpa,,1,1000,27,5,8,8,0.3082063896669779,0.35751322751322745,0.10844442856964484,0.27580063899080604,0.03240575067617185,,,,,,
unit,A_ELIGIBLE_POOL_MATCHED,FEASIBLE_9,ESTIMATED,KEGG_BUTANOATE_METABOLISM,8,vanilla_scpa,,1,1000,27,5,8,8,0.5421148534798534,0.5333333333333333,0.15141724053781855,0.27580063899080604,0.2663142144890474,,,,,,
unit,A_ELIGIBLE_POOL_MATCHED,FEASIBLE_9,ESTIMATED,KEGG_BUTANOATE_METABOLISM,8,genept_scpa,,1,1000,27,5,8,8,0.3071222869831693,0.35623117623117617,0.11020237247414552,0.27580063899080604,0.031321647992363255,,,,,,
unit,B_PATHWAY_WIDE_UNIFORM,ALL_11,ESTIMATED,KEGG_BUTANOATE_METABOLISM,8,vanilla_scpa,,1,1000,27,5,27,8,0.2729033304317913,0.24293233082706767,0.11330821925541334,0.27580063899080604,-0.0028973085590147107,,,,,,
unit,B_PATHWAY_WIDE_UNIFORM,ALL_11,ESTIMATED,KEGG_BUTANOATE_METABOLISM,8,genept_scpa,,1,1000,27,5,27,8,0.27543352927599163,0.24388024013024012,0.1129489271356739,0.27580063899080604,-0.00036710971481440646,,,,,,
unit,C_PHASE7_FALLBACK_MATCHED,ALL_11,ESTIMATED,KEGG_BUTANOATE_METABOLISM,8,vanilla_scpa,,1,1000,27,5,8,8,0.5373190293040293,0.5333333333333333,0.1530658554477432,0.27580063899080604,0.26151839031322327,,,,,,
unit,C_PHASE7_FALLBACK_MATCHED,ALL_11,ESTIMATED,KEGG_BUTANOATE_METABOLISM,8,genept_scpa,,1,1000,27,5,8,8,0.30349830711771886,0.3549491249491249,0.1091432090967151,0.27580063899080604,0.027697668126912822,,,,,,
unit,A_ELIGIBLE_POOL_MATCHED,FEASIBLE_9,ESTIMATED,KEGG_BUTANOATE_METABOLISM,9,vanilla_scpa,,1,1000,27,5,8,8,0.5381007326007327,0.5333333333333333,0.15062989470650212,0.27580063899080604,0.2623000936099266,,,,,,
unit,A_ELIGIBLE_POOL_MATCHED,FEASIBLE_9,ESTIMATED,KEGG_BUTANOATE_METABOLISM,9,genept_scpa,,1,1000,27,5,8,8,0.307579651894946,0.3549491249491249,0.10692528897224715,0.27580063899080604,0.03177901290413998,,,,,,
unit,B_PATHWAY_WIDE_UNIFORM,ALL_11,ESTIMATED,KEGG_BUTANOATE_METABOLISM,9,vanilla_scpa,,1,1000,27,5,27,8,0.26983606957176126,0.24303778763749823,0.10800104275179585,0.27580063899080604,-0.005964569419044774,,,,,,
unit,B_PATHWAY_WIDE_UNIFORM,ALL_11,ESTIMATED,KEGG_BUTANOATE_METABOLISM,9,genept_scpa,,1,1000,27,5,27,8,0.27166278828564633,0.2395987345987346,0.11277250388653559,0.27580063899080604,-0.004137850705159707,,,,,,
unit,C_PHASE7_FALLBACK_MATCHED,ALL_11,ESTIMATED,KEGG_BUTANOATE_METABOLISM,9,vanilla_scpa,,1,1000,27,5,8,8,0.536315293040293,0.5333333333333333,0.15362408532025668,0.27580063899080604,0.260514654049487,,,,,,
unit,C_PHASE7_FALLBACK_MATCHED,ALL_11,ESTIMATED,KEGG_BUTANOATE_METABOLISM,9,genept_scpa,,1,1000,27,5,8,8,0.3068469048816107,0.3549491249491249,0.10982558845299782,0.27580063899080604,0.03104626589080467,,,,,,
unit,A_ELIGIBLE_POOL_MATCHED,FEASIBLE_9,ESTIMATED,KEGG_BUTANOATE_METABOLISM,10,vanilla_scpa,,1,1000,27,5,8,8,0.5379691575091574,0.5333333333333333,0.15679246154294543,0.27580063899080604,0.2621685185183514,,,,,,
unit,A_ELIGIBLE_POOL_MATCHED,FEASIBLE_9,ESTIMATED,KEGG_BUTANOATE_METABOLISM,10,genept_scpa,,1,1000,27,5,8,8,0.30388401218607103,0.3549491249491249,0.10910991770904112,0.27580063899080604,0.028083373195264993,,,,,,
unit,B_PATHWAY_WIDE_UNIFORM,ALL_11,ESTIMATED,KEGG_BUTANOATE_METABOLISM,10,vanilla_scpa,,1,1000,27,5,27,8,0.2702453050708184,0.23676209508623025,0.11175532763823065,0.27580063899080604,-0.005555333919987637,,,,,,
unit,B_PATHWAY_WIDE_UNIFORM,ALL_11,ESTIMATED,KEGG_BUTANOATE_METABOLISM,10,genept_scpa,,1,1000,27,5,27,8,0.27510516104675503,0.2396513453866395,0.11696356047939392,0.27580063899080604,-0.0006954779440510039,,,,,,
unit,C_PHASE7_FALLBACK_MATCHED,ALL_11,ESTIMATED,KEGG_BUTANOATE_METABOLISM,10,vanilla_scpa,,1,1000,27,5,8,8,0.5358471428571429,0.5333333333333333,0.14936999376764012,0.27580063899080604,0.2600465038663368,,,,,,
unit,C_PHASE7_FALLBACK_MATCHED,ALL_11,ESTIMATED,KEGG_BUTANOATE_METABOLISM,10,genept_scpa,,1,1000,27,5,8,8,0.3090864418587948,0.3549491249491249,0.10723148461003919,0.27580063899080604,0.03328580286798877,,,,,,
unit,A_ELIGIBLE_POOL_MATCHED,FEASIBLE_9,ESTIMATED,KEGG_BUTANOATE_METABOLISM,11,vanilla_scpa,,1,1000,27,5,8,8,0.5328105860805861,0.5174908424908425,0.15427216336136915,0.27580063899080604,0.25700994708978003,,,,,,
unit,A_ELIGIBLE_POOL_MATCHED,FEASIBLE_9,ESTIMATED,KEGG_BUTANOATE_METABOLISM,11,genept_scpa,,1,1000,27,5,8,8,0.3006893699873111,0.32532428355957765,0.1120771473485251,0.27580063899080604,0.02488873099650507,,,,,,
unit,B_PATHWAY_WIDE_UNIFORM,ALL_11,ESTIMATED,KEGG_BUTANOATE_METABOLISM,11,vanilla_scpa,,1,1000,27,5,27,8,0.2795195704863654,0.24478449637488542,0.11723051598921909,0.27580063899080604,0.003718931495559352,,,,,,
unit,B_PATHWAY_WIDE_UNIFORM,ALL_11,ESTIMATED,KEGG_BUTANOATE_METABOLISM,11,genept_scpa,,1,1000,27,5,27,8,0.2728258345878806,0.23620494240059456,0.1157699598989414,0.27580063899080604,-0.002974804402925413,,,,,,
unit,C_PHASE7_FALLBACK_MATCHED,ALL_11,ESTIMATED,KEGG_BUTANOATE_METABOLISM,11,vanilla_scpa,,1,1000,27,5,8,8,0.5367745238095237,0.535952380952381,0.1538549437460506,0.27580063899080604,0.2609738848187177,,,,,,
unit,C_PHASE7_FALLBACK_MATCHED,ALL_11,ESTIMATED,KEGG_BUTANOATE_METABOLISM,11,genept_scpa,,1,1000,27,5,8,8,0.30756974706121765,0.3549491249491249,0.10990360828874506,0.27580063899080604,0.03176910807041161,,,,,,
unit,A_ELIGIBLE_POOL_MATCHED,FEASIBLE_9,ESTIMATED,KEGG_BUTANOATE_METABOLISM,12,vanilla_scpa,,1,1000,27,5,8,8,0.5381851282051282,0.5333333333333333,0.15769811852474747,0.27580063899080604,0.26238448921432217,,,,,,
unit,A_ELIGIBLE_POOL_MATCHED,FEASIBLE_9,ESTIMATED,KEGG_BUTANOATE_METABOLISM,12,genept_scpa,,1,1000,27,5,8,8,0.3087049493643611,0.3582254782254782,0.10783053863884107,0.27580063899080604,0.03290431037355507,,,,,,
unit,B_PATHWAY_WIDE_UNIFORM,ALL_11,ESTIMATED,KEGG_BUTANOATE_METABOLISM,12,vanilla_scpa,,1,1000,27,5,27,8,0.2756488856369696,0.2409980565243723,0.1106994399338774,0.27580063899080604,-0.00015175335383643684,,,,,,
unit,B_PATHWAY_WIDE_UNIFORM,ALL_11,ESTIMATED,KEGG_BUTANOATE_METABOLISM,12,genept_scpa,,1,1000,27,5,27,8,0.27538645656356275,0.23804631997726627,0.11860033630976642,0.27580063899080604,-0.00041418242724328147,,,,,,
unit,C_PHASE7_FALLBACK_MATCHED,ALL_11,ESTIMATED,KEGG_BUTANOATE_METABOLISM,12,vanilla_scpa,,1,1000,27,5,8,8,0.5343316849816849,0.5174908424908425,0.15081902608021916,0.27580063899080604,0.2585310459908789,,,,,,
unit,C_PHASE7_FALLBACK_MATCHED,ALL_11,ESTIMATED,KEGG_BUTANOATE_METABOLISM,12,genept_scpa,,1,1000,27,5,8,8,0.3051941715147597,0.3549491249491249,0.10794654885155397,0.27580063899080604,0.029393532523953658,,,,,,
unit,A_ELIGIBLE_POOL_MATCHED,FEASIBLE_9,ESTIMATED,KEGG_BUTANOATE_METABOLISM,13,vanilla_scpa,,1,1000,27,5,8,8,0.531430641025641,0.5174908424908425,0.15866771225646373,0.27580063899080604,0.25563000203483494,,,,,,
unit,A_ELIGIBLE_POOL_MATCHED,FEASIBLE_9,ESTIMATED,KEGG_BUTANOATE_METABOLISM,13,genept_scpa,,1,1000,27,5,8,8,0.30154086918528095,0.3499491249491249,0.11016126091267371,0.27580063899080604,0.02574023019447491,,,,,,
unit,B_PATHWAY_WIDE_UNIFORM,ALL_11,ESTIMATED,KEGG_BUTANOATE_METABOLISM,13,vanilla_scpa,,1,1000,27,5,27,8,0.27983113857675057,0.2465787207961121,0.12048479024709695,0.27580063899080604,0.004030499585944536,,,,,,
unit,B_PATHWAY_WIDE_UNIFORM,ALL_11,ESTIMATED,KEGG_BUTANOATE_METABOLISM,13,genept_scpa,,1,1000,27,5,27,8,0.2805339960931517,0.2449261205782945,0.1181782041753805,0.27580063899080604,0.004733357102345681,,,,,,
unit,C_PHASE7_FALLBACK_MATCHED,ALL_11,ESTIMATED,KEGG_BUTANOATE_METABOLISM,13,vanilla_scpa,,1,1000,27,5,8,8,0.5386828205128205,0.5333333333333333,0.15396447673238245,0.27580063899080604,0.2628821815220144,,,,,,
unit,C_PHASE7_FALLBACK_MATCHED,ALL_11,ESTIMATED,KEGG_BUTANOATE_METABOLISM,13,genept_scpa,,1,1000,27,5,8,8,0.3024553336206277,0.3499491249491249,0.110133544458714,0.27580063899080604,0.026654694629821674,,,,,,
unit,A_ELIGIBLE_POOL_MATCHED,FEASIBLE_9,ESTIMATED,KEGG_BUTANOATE_METABOLISM,14,vanilla_scpa,,1,1000,27,5,8,8,0.5435296520146519,0.5424908424908426,0.14774891729921064,0.27580063899080604,0.26772901302384583,,,,,,
unit,A_ELIGIBLE_POOL_MATCHED,FEASIBLE_9,ESTIMATED,KEGG_BUTANOATE_METABOLISM,14,genept_scpa,,1,1000,27,5,8,8,0.3119218385644856,0.35623117623117617,0.10840437884805322,0.27580063899080604,0.03612119957367954,,,,,,
unit,B_PATHWAY_WIDE_UNIFORM,ALL_11,ESTIMATED,KEGG_BUTANOATE_METABOLISM,14,vanilla_scpa,,1,1000,27,5,27,8,0.2741128325221141,0.2385560492139439,0.11604429501135093,0.27580063899080604,-0.0016878064686919325,,,,,,
unit,B_PATHWAY_WIDE_UNIFORM,ALL_11,ESTIMATED,KEGG_BUTANOATE_METABOLISM,14,genept_scpa,,1,1000,27,5,27,8,0.27345144408500016,0.2395538259470148,0.11537693937070087,0.27580063899080604,-0.0023491949058058736,,,,,,
unit,C_PHASE7_FALLBACK_MATCHED,ALL_11,ESTIMATED,KEGG_BUTANOATE_METABOLISM,14,vanilla_scpa,,1,1000,27,5,8,8,0.5391758974358973,0.5333333333333333,0.15114089925749613,0.27580063899080604,0.2633752584450913,,,,,,
unit,C_PHASE7_FALLBACK_MATCHED,ALL_11,ESTIMATED,KEGG_BUTANOATE_METABOLISM,14,genept_scpa,,1,1000,27,5,8,8,0.30815527783763075,0.35751322751322745,0.10901216825819317,0.27580063899080604,0.03235463884682471,,,,,,
unit,A_ELIGIBLE_POOL_MATCHED,FEASIBLE_9,ESTIMATED,KEGG_BUTANOATE_METABOLISM,15,vanilla_scpa,,1,1000,27,5,8,8,0.5423684615384616,0.5424908424908426,0.15257929822446573,0.27580063899080604,0.2665678225476556,,,,,,
unit,A_ELIGIBLE_POOL_MATCHED,FEASIBLE_9,ESTIMATED,KEGG_BUTANOATE_METABOLISM,15,genept_scpa,,1,1000,27,5,8,8,0.3095682348152936,0.35751322751322745,0.10901941475730817,0.27580063899080604,0.03376759582448757,,,,,,
unit,B_PATHWAY_WIDE_UNIFORM,ALL_11,ESTIMATED,KEGG_BUTANOATE_METABOLISM,15,vanilla_scpa,,1,1000,27,5,27,8,0.2744385547217199,0.24,0.11351198152536138,0.27580063899080604,-0.001362084269086128,,,,,,
unit,B_PATHWAY_WIDE_UNIFORM,ALL_11,ESTIMATED,KEGG_BUTANOATE_METABOLISM,15,genept_scpa,,1,1000,27,5,27,8,0.2738822103285182,0.24214077589077587,0.11447379799918257,0.27580063899080604,-0.0019184286622878077,,,,,,
unit,C_PHASE7_FALLBACK_MATCHED,ALL_11,ESTIMATED,KEGG_BUTANOATE_METABOLISM,15,vanilla_scpa,,1,1000,27,5,8,8,0.5432279670329669,0.535952380952381,0.1529227289852724,0.27580063899080604,0.2674273280421609,,,,,,
unit,C_PHASE7_FALLBACK_MATCHED,ALL_11,ESTIMATED,KEGG_BUTANOATE_METABOLISM,15,genept_scpa,,1,1000,27,5,8,8,0.3103870777370777,0.3589377289377289,0.11017470708194677,0.27580063899080604,0.03458643874627165,,,,,,
unit,A_ELIGIBLE_POOL_MATCHED,FEASIBLE_9,ESTIMATED,KEGG_BUTANOATE_METABOLISM,16,vanilla_scpa,,1,1000,27,5,8,8,0.5456268681318681,0.535952380952381,0.1544912576710967,0.27580063899080604,0.2698262291410621,,,,,,
unit,A_ELIGIBLE_POOL_MATCHED,FEASIBLE_9,ESTIMATED,KEGG_BUTANOATE_METABOLISM,16,genept_scpa,,1,1000,27,5,8,8,0.3133647760300702,0.35751322751322745,0.10651988683220151,0.27580063899080604,0.037564137039264145,,,,,,
unit,B_PATHWAY_WIDE_UNIFORM,ALL_11,ESTIMATED,KEGG_BUTANOATE_METABOLISM,16,vanilla_scpa,,1,1000,27,5,27,8,0.2779565203979924,0.24311299811299808,0.11973355575547712,0.27580063899080604,0.0021558814071863663,,,,,,
unit,B_PATHWAY_WIDE_UNIFORM,ALL_11,ESTIMATED,KEGG_BUTANOATE_METABOLISM,16,genept_scpa,,1,1000,27,5,27,8,0.2770806231861969,0.24193362193362195,0.11750357216173159,0.27580063899080604,0.001279984195390882,,,,,,
unit,C_PHASE7_FALLBACK_MATCHED,ALL_11,ESTIMATED,KEGG_BUTANOATE_METABOLISM,16,vanilla_scpa,,1,1000,27,5,8,8,0.5451132783882785,0.535952380952381,0.15959295280056016,0.27580063899080604,0.26931263939747246,,,,,,
unit,C_PHASE7_FALLBACK_MATCHED,ALL_11,ESTIMATED,KEGG_BUTANOATE_METABOLISM,16,genept_scpa,,1,1000,27,5,8,8,0.30441099296128704,0.3549491249491249,0.10817064721502694,0.27580063899080604,0.028610353970481006,,,,,,
unit,A_ELIGIBLE_POOL_MATCHED,FEASIBLE_9,ESTIMATED,KEGG_BUTANOATE_METABOLISM,17,vanilla_scpa,,1,1000,27,5,8,8,0.5422439194139195,0.535952380952381,0.14722125340917458,0.27580063899080604,0.26644328042311344,,,,,,
unit,A_ELIGIBLE_POOL_MATCHED,FEASIBLE_9,ESTIMATED,KEGG_BUTANOATE_METABOLISM,17,genept_scpa,,1,1000,27,5,8,8,0.31091078323637145,0.3582254782254782,0.11010454536587853,0.27580063899080604,0.03511014424556541,,,,,,
unit,B_PATHWAY_WIDE_UNIFORM,ALL_11,ESTIMATED,KEGG_BUTANOATE_METABOLISM,17,vanilla_scpa,,1,1000,27,5,27,8,0.2757450777036562,0.24280867280867277,0.11663020292717567,0.27580063899080604,-5.556128714984121e-05,,,,,,
unit,B_PATHWAY_WIDE_UNIFORM,ALL_11,ESTIMATED,KEGG_BUTANOATE_METABOLISM,17,genept_scpa,,1,1000,27,5,27,8,0.2741180710412962,0.24267401036966252,0.1113738957597456,0.27580063899080604,-0.0016825679495098278,,,,,,
unit,C_PHASE7_FALLBACK_MATCHED,ALL_11,ESTIMATED,KEGG_BUTANOATE_METABOLISM,17,vanilla_scpa,,1,1000,27,5,8,8,0.5415692673992674,0.535952380952381,0.1554046873739967,0.27580063899080604,0.2657686284084613,,,,,,
unit,C_PHASE7_FALLBACK_MATCHED,ALL_11,ESTIMATED,KEGG_BUTANOATE_METABOLISM,17,genept_scpa,,1,1000,27,5,8,8,0.3095155681246858,0.35751322751322745,0.10927817781145734,0.27580063899080604,0.033714929133879745,,,,,,
unit,A_ELIGIBLE_POOL_MATCHED,FEASIBLE_9,ESTIMATED,KEGG_BUTANOATE_METABOLISM,18,vanilla_scpa,,1,1000,27,5,8,8,0.5444206593406593,0.5333333333333333,0.1556613858592823,0.27580063899080604,0.2686200203498533,,,,,,
unit,A_ELIGIBLE_POOL_MATCHED,FEASIBLE_9,ESTIMATED,KEGG_BUTANOATE_METABOLISM,18,genept_scpa,,1,1000,27,5,8,8,0.30871599846776315,0.35751322751322745,0.10817069982062884,0.27580063899080604,0.03291535947695712,,,,,,
unit,B_PATHWAY_WIDE_UNIFORM,ALL_11,ESTIMATED,KEGG_BUTANOATE_METABOLISM,18,vanilla_scpa,,1,1000,27,5,27,8,0.2736065706180644,0.24243105707501994,0.11585836069895805,0.27580063899080604,-0.002194068372741609,,,,,,
unit,B_PATHWAY_WIDE_UNIFORM,ALL_11,ESTIMATED,KEGG_BUTANOATE_METABOLISM,18,genept_scpa,,1,1000,27,5,27,8,0.2717196251045435,0.23855809005809003,0.11223308580692318,0.27580063899080604,-0.00408101388626253,,,,,,
unit,C_PHASE7_FALLBACK_MATCHED,ALL_11,ESTIMATED,KEGG_BUTANOATE_METABOLISM,18,vanilla_scpa,,1,1000,27,5,8,8,0.530452728937729,0.5174908424908425,0.14923129412445843,0.27580063899080604,0.25465208994692295,,,,,,
unit,C_PHASE7_FALLBACK_MATCHED,ALL_11,ESTIMATED,KEGG_BUTANOATE_METABOLISM,18,genept_scpa,,1,1000,27,5,8,8,0.30235151116856995,0.3499491249491249,0.10717355034156138,0.27580063899080604,0.026550872177763918,,,,,,
unit,A_ELIGIBLE_POOL_MATCHED,FEASIBLE_9,ESTIMATED,KEGG_BUTANOATE_METABOLISM,19,vanilla_scpa,,1,1000,27,5,8,8,0.5348525641025641,0.5333333333333333,0.15091737126329438,0.27580063899080604,0.25905192511175806,,,,,,
unit,A_ELIGIBLE_POOL_MATCHED,FEASIBLE_9,ESTIMATED,KEGG_BUTANOATE_METABOLISM,19,genept_scpa,,1,1000,27,5,8,8,0.3011591163302928,0.3499491249491249,0.11065889361582128,0.27580063899080604,0.025358477339486762,,,,,,
unit,B_PATHWAY_WIDE_UNIFORM,ALL_11,ESTIMATED,KEGG_BUTANOATE_METABOLISM,19,vanilla_scpa,,1,1000,27,5,27,8,0.27707493829007923,0.24155011655011654,0.1201909300157228,0.27580063899080604,0.001274299299273196,,,,,,
unit,B_PATHWAY_WIDE_UNIFORM,ALL_11,ESTIMATED,KEGG_BUTANOATE_METABOLISM,19,genept_scpa,,1,1000,27,5,27,8,0.2797841306019452,0.24130117703647114,0.12358118667028073,0.27580063899080604,0.003983491611139145,,,,,,
unit,C_PHASE7_FALLBACK_MATCHED,ALL_11,ESTIMATED,KEGG_BUTANOATE_METABOLISM,19,vanilla_scpa,,1,1000,27,5,8,8,0.5363636263736264,0.5333333333333333,0.15179060744104514,0.27580063899080604,0.2605629873828204,,,,,,
unit,C_PHASE7_FALLBACK_MATCHED,ALL_11,ESTIMATED,KEGG_BUTANOATE_METABOLISM,19,genept_scpa,,1,1000,27,5,8,8,0.3081653400847518,0.3549491249491249,0.10877349480687076,0.27580063899080604,0.03236470109394579,,,,,,
unit,A_ELIGIBLE_POOL_MATCHED,FEASIBLE_9,ESTIMATED,KEGG_BUTANOATE_METABOLISM,20,vanilla_scpa,,1,1000,27,5,8,8,0.5459306043956044,0.535952380952381,0.15316638008974284,0.27580063899080604,0.27012996540479833,,,,,,
unit,A_ELIGIBLE_POOL_MATCHED,FEASIBLE_9,ESTIMATED,KEGG_BUTANOATE_METABOLISM,20,genept_scpa,,1,1000,27,5,8,8,0.31328956151691445,0.3589377289377289,0.1085987475073039,0.27580063899080604,0.037488922526108415,,,,,,
unit,B_PATHWAY_WIDE_UNIFORM,ALL_11,ESTIMATED,KEGG_BUTANOATE_METABOLISM,20,vanilla_scpa,,1,1000,27,5,27,8,0.281788939059059,0.24796005358665205,0.11562050088685881,0.27580063899080604,0.005988300068252961,,,,,,
unit,B_PATHWAY_WIDE_UNIFORM,ALL_11,ESTIMATED,KEGG_BUTANOATE_METABOLISM,20,genept_scpa,,1,1000,27,5,27,8,0.2797393462321294,0.2424327306680248,0.11961786159343471,0.27580063899080604,0.0039387072413233915,,,,,,
unit,C_PHASE7_FALLBACK_MATCHED,ALL_11,ESTIMATED,KEGG_BUTANOATE_METABOLISM,20,vanilla_scpa,,1,1000,27,5,8,8,0.5410926190476191,0.535952380952381,0.15302842397642655,0.27580063899080604,0.26529198005681304,,,,,,
unit,C_PHASE7_FALLBACK_MATCHED,ALL_11,ESTIMATED,KEGG_BUTANOATE_METABOLISM,20,genept_scpa,,1,1000,27,5,8,8,0.3107462141779789,0.35751322751322745,0.110202970330011,0.27580063899080604,0.03494557518717284,,,,,,
unit,A_ELIGIBLE_POOL_MATCHED,FEASIBLE_9,ESTIMATED,KEGG_GLUTATHIONE_METABOLISM,1,vanilla_scpa,,1,1000,35,6,10,10,0.1395291194364259,0.13827145077145075,0.010486172163825178,0.24811484130377223,-0.10858572186734633,,,,,,
unit,A_ELIGIBLE_POOL_MATCHED,FEASIBLE_9,ESTIMATED,KEGG_GLUTATHIONE_METABOLISM,1,genept_scpa,,1,1000,35,6,10,10,0.3712855933062405,0.3823399866673592,0.13760211199547692,0.24811484130377223,0.12317075200246827,,,,,,
unit,B_PATHWAY_WIDE_UNIFORM,ALL_11,ESTIMATED,KEGG_GLUTATHIONE_METABOLISM,1,vanilla_scpa,,1,1000,35,6,35,10,0.24844380817068507,0.2183375106275336,0.10245921504750614,0.24811484130377223,0.00032896686691283317,,,,,,
unit,B_PATHWAY_WIDE_UNIFORM,ALL_11,ESTIMATED,KEGG_GLUTATHIONE_METABOLISM,1,genept_scpa,,1,1000,35,6,35,10,0.24366734817166585,0.21682210903813337,0.09987688688362191,0.24811484130377223,-0.004447493132106378,,,,,,
unit,C_PHASE7_FALLBACK_MATCHED,ALL_11,ESTIMATED,KEGG_GLUTATHIONE_METABOLISM,1,vanilla_scpa,,1,1000,35,6,10,10,0.14018519933335263,0.1390860660637537,0.010821936353155506,0.24811484130377223,-0.1079296419704196,,,,,,
unit,C_PHASE7_FALLBACK_MATCHED,ALL_11,ESTIMATED,KEGG_GLUTATHIONE_METABOLISM,1,genept_scpa,,1,1000,35,6,10,10,0.36551537422464103,0.38283405781360424,0.13361106109446383,0.24811484130377223,0.1174005329208688,,,,,,
unit,A_ELIGIBLE_POOL_MATCHED,FEASIBLE_9,ESTIMATED,KEGG_GLUTATHIONE_METABOLISM,2,vanilla_scpa,,1,1000,35,6,10,10,0.14019039999657396,0.1391532849866183,0.010037545273557338,0.24811484130377223,-0.10792444130719828,,,,,,
unit,A_ELIGIBLE_POOL_MATCHED,FEASIBLE_9,ESTIMATED,KEGG_GLUTATHIONE_METABOLISM,2,genept_scpa,,1,1000,35,6,10,10,0.36348408891868084,0.3235773543982926,0.13627335723519302,0.24811484130377223,0.1153692476149086,,,,,,
unit,B_PATHWAY_WIDE_UNIFORM,ALL_11,ESTIMATED,KEGG_GLUTATHIONE_METABOLISM,2,vanilla_scpa,,1,1000,35,6,35,10,0.249456604707188,0.21606734847357184,0.10384163053657801,0.24811484130377223,0.0013417634034157688,,,,,,
unit,B_PATHWAY_WIDE_UNIFORM,ALL_11,ESTIMATED,KEGG_GLUTATHIONE_METABOLISM,2,genept_scpa,,1,1000,35,6,35,10,0.24073743402831105,0.21771069004524884,0.09254501812153652,0.24811484130377223,-0.007377407275461184,,,,,,
unit,C_PHASE7_FALLBACK_MATCHED,ALL_11,ESTIMATED,KEGG_GLUTATHIONE_METABOLISM,2,vanilla_scpa,,1,1000,35,6,10,10,0.14000013901688174,0.13901004587279098,0.010306451648366282,0.24811484130377223,-0.10811470228689049,,,,,,
unit,C_PHASE7_FALLBACK_MATCHED,ALL_11,ESTIMATED,KEGG_GLUTATHIONE_METABOLISM,2,genept_scpa,,1,1000,35,6,10,10,0.36274098765980967,0.32052910660951184,0.14151337566573524,0.24811484130377223,0.11462614635603743,,,,,,
unit,A_ELIGIBLE_POOL_MATCHED,FEASIBLE_9,ESTIMATED,KEGG_GLUTATHIONE_METABOLISM,3,vanilla_scpa,,1,1000,35,6,10,10,0.14005867781784365,0.13888564919667015,0.010369659178977362,0.24811484130377223,-0.10805616348592859,,,,,,
unit,A_ELIGIBLE_POOL_MATCHED,FEASIBLE_9,ESTIMATED,KEGG_GLUTATHIONE_METABOLISM,3,genept_scpa,,1,1000,35,6,10,10,0.36541881823575184,0.38332812895984936,0.13616449661413924,0.24811484130377223,0.11730397693197961,,,,,,
unit,B_PATHWAY_WIDE_UNIFORM,ALL_11,ESTIMATED,KEGG_GLUTATHIONE_METABOLISM,3,vanilla_scpa,,1,1000,35,6,35,10,0.24597480150953002,0.2150712792954172,0.09864036184273076,0.24811484130377223,-0.00214003979424221,,,,,,
unit,B_PATHWAY_WIDE_UNIFORM,ALL_11,ESTIMATED,KEGG_GLUTATHIONE_METABOLISM,3,genept_scpa,,1,1000,35,6,35,10,0.25240358128790763,0.2227400097465887,0.1039363484056241,0.24811484130377223,0.004288739984135398,,,,,,
unit,C_PHASE7_FALLBACK_MATCHED,ALL_11,ESTIMATED,KEGG_GLUTATHIONE_METABOLISM,3,vanilla_scpa,,1,1000,35,6,10,10,0.13989657369416073,0.13904805596827235,0.0106056877527596,0.24811484130377223,-0.10821826760961151,,,,,,
unit,C_PHASE7_FALLBACK_MATCHED,ALL_11,ESTIMATED,KEGG_GLUTATHIONE_METABOLISM,3,genept_scpa,,1,1000,35,6,10,10,0.3677322852933673,0.38332812895984936,0.14415909988501036,0.24811484130377223,0.11961744398959509,,,,,,
unit,A_ELIGIBLE_POOL_MATCHED,FEASIBLE_9,ESTIMATED,KEGG_GLUTATHIONE_METABOLISM,4,vanilla_scpa,,1,1000,35,6,10,10,0.14058935165609437,0.13951210607312703,0.010577496579786357,0.24811484130377223,-0.10752548964767786,,,,,,
unit,A_ELIGIBLE_POOL_MATCHED,FEASIBLE_9,ESTIMATED,KEGG_GLUTATHIONE_METABOLISM,4,genept_scpa,,1,1000,35,6,10,10,0.3707585753379948,0.38332812895984936,0.14228911474446018,0.24811484130377223,0.12264373403422255,,,,,,
unit,B_PATHWAY_WIDE_UNIFORM,ALL_11,ESTIMATED,KEGG_GLUTATHIONE_METABOLISM,4,vanilla_scpa,,1,1000,35,6,35,10,0.24866003805321374,0.21794354333475396,0.0996215555676292,0.24811484130377223,0.0005451967494415066,,,,,,
unit,B_PATHWAY_WIDE_UNIFORM,ALL_11,ESTIMATED,KEGG_GLUTATHIONE_METABOLISM,4,genept_scpa,,1,1000,35,6,35,10,0.24879620934558505,0.22092403783580256,0.09683934847832311,0.24811484130377223,0.0006813680418128187,,,,,,
unit,C_PHASE7_FALLBACK_MATCHED,ALL_11,ESTIMATED,KEGG_GLUTATHIONE_METABOLISM,4,vanilla_scpa,,1,1000,35,6,10,10,0.1397808251933252,0.13827145077145075,0.010585051834232893,0.24811484130377223,-0.10833401611044705,,,,,,
unit,C_PHASE7_FALLBACK_MATCHED,ALL_11,ESTIMATED,KEGG_GLUTATHIONE_METABOLISM,4,genept_scpa,,1,1000,35,6,10,10,0.3654430288869602,0.38332812895984936,0.1398749725499563,0.24811484130377223,0.11732818758318794,,,,,,
unit,A_ELIGIBLE_POOL_MATCHED,FEASIBLE_9,ESTIMATED,KEGG_GLUTATHIONE_METABOLISM,5,vanilla_scpa,,1,1000,35,6,10,10,0.1397151356503537,0.13853268379130448,0.010500635143828924,0.24811484130377223,-0.10839970565341853,,,,,,
unit,A_ELIGIBLE_POOL_MATCHED,FEASIBLE_9,ESTIMATED,KEGG_GLUTATHIONE_METABOLISM,5,genept_scpa,,1,1000,35,6,10,10,0.3621011803939512,0.31854514827913,0.1367832346934086,0.24811484130377223,0.113986339090179,,,,,,
unit,B_PATHWAY_WIDE_UNIFORM,ALL_11,ESTIMATED,KEGG_GLUTATHIONE_METABOLISM,5,vanilla_scpa,,1,1000,35,6,35,10,0.24629682563985042,0.22142592932822816,0.09722964329078151,0.24811484130377223,-0.0018180156639218126,,,,,,
unit,B_PATHWAY_WIDE_UNIFORM,ALL_11,ESTIMATED,KEGG_GLUTATHIONE_METABOLISM,5,genept_scpa,,1,1000,35,6,35,10,0.24962068807183801,0.22414062170347748,0.09896555446661225,0.24811484130377223,0.0015058467680657828,,,,,,
unit,C_PHASE7_FALLBACK_MATCHED,ALL_11,ESTIMATED,KEGG_GLUTATHIONE_METABOLISM,5,vanilla_scpa,,1,1000,35,6,10,10,0.14014479878656266,0.13863027185795948,0.010769730164649102,0.24811484130377223,-0.10797004251720957,,,,,,
unit,C_PHASE7_FALLBACK_MATCHED,ALL_11,ESTIMATED,KEGG_GLUTATHIONE_METABOLISM,5,genept_scpa,,1,1000,35,6,10,10,0.36139976336022894,0.38143418956590996,0.13497677183922258,0.24811484130377223,0.11328492205645671,,,,,,
unit,A_ELIGIBLE_POOL_MATCHED,FEASIBLE_9,ESTIMATED,KEGG_GLUTATHIONE_METABOLISM,6,vanilla_scpa,,1,1000,35,6,10,10,0.13975220609437145,0.13853268379130448,0.010433034682071815,0.24811484130377223,-0.10836263520940079,,,,,,
unit,A_ELIGIBLE_POOL_MATCHED,FEASIBLE_9,ESTIMATED,KEGG_GLUTATHIONE_METABOLISM,6,genept_scpa,,1,1000,35,6,10,10,0.36459772349850794,0.32282252348041823,0.13805175236501327,0.24811484130377223,0.11648288219473571,,,,,,
unit,B_PATHWAY_WIDE_UNIFORM,ALL_11,ESTIMATED,KEGG_GLUTATHIONE_METABOLISM,6,vanilla_scpa,,1,1000,35,6,35,10,0.24437241853419328,0.21766231887618803,0.09510105832470729,0.24811484130377223,-0.0037424227695789514,,,,,,
unit,B_PATHWAY_WIDE_UNIFORM,ALL_11,ESTIMATED,KEGG_GLUTATHIONE_METABOLISM,6,genept_scpa,,1,1000,35,6,35,10,0.24980938137244488,0.22164361127807833,0.09997395923793169,0.24811484130377223,0.0016945400686726453,,,,,,
unit,C_PHASE7_FALLBACK_MATCHED,ALL_11,ESTIMATED,KEGG_GLUTATHIONE_METABOLISM,6,vanilla_scpa,,1,1000,35,6,10,10,0.13969375544133827,0.13901004587279098,0.0100419255490191,0.24811484130377223,-0.10842108586243396,,,,,,
unit,C_PHASE7_FALLBACK_MATCHED,ALL_11,ESTIMATED,KEGG_GLUTATHIONE_METABOLISM,6,genept_scpa,,1,1000,35,6,10,10,0.3700930299598347,0.38143418956590996,0.13883064100987533,0.24811484130377223,0.12197818865606244,,,,,,
unit,A_ELIGIBLE_POOL_MATCHED,FEASIBLE_9,ESTIMATED,KEGG_GLUTATHIONE_METABOLISM,7,vanilla_scpa,,1,1000,35,6,10,10,0.13933916375160035,0.1384020672813776,0.010351632336114953,0.24811484130377223,-0.10877567755217188,,,,,,
unit,A_ELIGIBLE_POOL_MATCHED,FEASIBLE_9,ESTIMATED,KEGG_GLUTATHIONE_METABOLISM,7,genept_scpa,,1,1000,35,6,10,10,0.37241352625626356,0.3823399866673592,0.14129074219847754,0.24811484130377223,0.12429868495249133,,,,,,
unit,B_PATHWAY_WIDE_UNIFORM,ALL_11,ESTIMATED,KEGG_GLUTATHIONE_METABOLISM,7,vanilla_scpa,,1,1000,35,6,35,10,0.24701981105933093,0.21878210088287034,0.09874293589521156,0.24811484130377223,-0.0010950302444412974,,,,,,
unit,B_PATHWAY_WIDE_UNIFORM,ALL_11,ESTIMATED,KEGG_GLUTATHIONE_METABOLISM,7,genept_scpa,,1,1000,35,6,35,10,0.25007594323709703,0.22312135347452366,0.10060090473539189,0.24811484130377223,0.001961101933324799,,,,,,
unit,C_PHASE7_FALLBACK_MATCHED,ALL_11,ESTIMATED,KEGG_GLUTATHIONE_METABOLISM,7,vanilla_scpa,,1,1000,35,6,10,10,0.13925038482461993,0.13853268379130448,0.010636328982822105,0.24811484130377223,-0.1088644564791523,,,,,,
unit,C_PHASE7_FALLBACK_MATCHED,ALL_11,ESTIMATED,KEGG_GLUTATHIONE_METABOLISM,7,genept_scpa,,1,1000,35,6,10,10,0.36315775631169184,0.32216376195209145,0.14320111475260033,0.24811484130377223,0.1150429150079196,,,,,,
unit,A_ELIGIBLE_POOL_MATCHED,FEASIBLE_9,ESTIMATED,KEGG_GLUTATHIONE_METABOLISM,8,vanilla_scpa,,1,1000,35,6,10,10,0.1398185312415028,0.13856150524718813,0.010436923255132163,0.24811484130377223,-0.10829631006226942,,,,,,
unit,A_ELIGIBLE_POOL_MATCHED,FEASIBLE_9,ESTIMATED,KEGG_GLUTATHIONE_METABOLISM,8,genept_scpa,,1,1000,35,6,10,10,0.3673807051112612,0.3823399866673592,0.1386255862375758,0.24811484130377223,0.11926586380748896,,,,,,
unit,B_PATHWAY_WIDE_UNIFORM,ALL_11,ESTIMATED,KEGG_GLUTATHIONE_METABOLISM,8,vanilla_scpa,,1,1000,35,6,35,10,0.24218105841552762,0.21493381232964567,0.09586908562754073,0.24811484130377223,-0.005933782888244615,,,,,,
unit,B_PATHWAY_WIDE_UNIFORM,ALL_11,ESTIMATED,KEGG_GLUTATHIONE_METABOLISM,8,genept_scpa,,1,1000,35,6,35,10,0.24873545954151624,0.22040731062947835,0.09726755938789247,0.24811484130377223,0.0006206182377440084,,,,,,
unit,C_PHASE7_FALLBACK_MATCHED,ALL_11,ESTIMATED,KEGG_GLUTATHIONE_METABOLISM,8,vanilla_scpa,,1,1000,35,6,10,10,0.13972577675232764,0.1385903267030718,0.01042767555770586,0.24811484130377223,-0.10838906455144459,,,,,,
unit,C_PHASE7_FALLBACK_MATCHED,ALL_11,ESTIMATED,KEGG_GLUTATHIONE_METABOLISM,8,genept_scpa,,1,1000,35,6,10,10,0.36785539839859605,0.38332812895984936,0.13708793791062965,0.24811484130377223,0.11974055709482381,,,,,,
unit,A_ELIGIBLE_POOL_MATCHED,FEASIBLE_9,ESTIMATED,KEGG_GLUTATHIONE_METABOLISM,9,vanilla_scpa,,1,1000,35,6,10,10,0.1396941028029517,0.1385903267030718,0.010179010046307514,0.24811484130377223,-0.10842073850082054,,,,,,
unit,A_ELIGIBLE_POOL_MATCHED,FEASIBLE_9,ESTIMATED,KEGG_GLUTATHIONE_METABOLISM,9,genept_scpa,,1,1000,35,6,10,10,0.3675970441131416,0.3823399866673592,0.14231941849629226,0.24811484130377223,0.11948220280936936,,,,,,
unit,B_PATHWAY_WIDE_UNIFORM,ALL_11,ESTIMATED,KEGG_GLUTATHIONE_METABOLISM,9,vanilla_scpa,,1,1000,35,6,35,10,0.24448287440208594,0.2223219508922077,0.0953906369223087,0.24811484130377223,-0.0036319669016862954,,,,,,
unit,B_PATHWAY_WIDE_UNIFORM,ALL_11,ESTIMATED,KEGG_GLUTATHIONE_METABOLISM,9,genept_scpa,,1,1000,35,6,35,10,0.24528734302519337,0.21877450531651005,0.09889123946818978,0.24811484130377223,-0.002827498278578866,,,,,,
unit,C_PHASE7_FALLBACK_MATCHED,ALL_11,ESTIMATED,KEGG_GLUTATHIONE_METABOLISM,9,vanilla_scpa,,1,1000,35,6,10,10,0.13964013467735156,0.13853268379130448,0.010689044375265806,0.24811484130377223,-0.10847470662642067,,,,,,
unit,C_PHASE7_FALLBACK_MATCHED,ALL_11,ESTIMATED,KEGG_GLUTATHIONE_METABOLISM,9,genept_scpa,,1,1000,35,6,10,10,0.3660753097800922,0.324332185316167,0.13714503794338762,0.24811484130377223,0.11796046847631994,,,,,,
unit,A_ELIGIBLE_POOL_MATCHED,FEASIBLE_9,ESTIMATED,KEGG_GLUTATHIONE_METABOLISM,10,vanilla_scpa,,1,1000,35,6,10,10,0.13966948722479908,0.1385903267030718,0.010204553013751089,0.24811484130377223,-0.10844535407897316,,,,,,
unit,A_ELIGIBLE_POOL_MATCHED,FEASIBLE_9,ESTIMATED,KEGG_GLUTATHIONE_METABOLISM,10,genept_scpa,,1,1000,35,6,10,10,0.36504021204919695,0.38332812895984936,0.13706952978312234,0.24811484130377223,0.11692537074542472,,,,,,
unit,B_PATHWAY_WIDE_UNIFORM,ALL_11,ESTIMATED,KEGG_GLUTATHIONE_METABOLISM,10,vanilla_scpa,,1,1000,35,6,35,10,0.24696033919583535,0.2189634203061313,0.10206864696578899,0.24811484130377223,-0.0011545021079368833,,,,,,
unit,B_PATHWAY_WIDE_UNIFORM,ALL_11,ESTIMATED,KEGG_GLUTATHIONE_METABOLISM,10,genept_scpa,,1,1000,35,6,35,10,0.25064968829100204,0.22093196021326772,0.10481258732429793,0.24811484130377223,0.002534846987229805,,,,,,
unit,C_PHASE7_FALLBACK_MATCHED,ALL_11,ESTIMATED,KEGG_GLUTATHIONE_METABOLISM,10,vanilla_scpa,,1,1000,35,6,10,10,0.13995825428468683,0.1390860660637537,0.010836063552383871,0.24811484130377223,-0.1081565870190854,,,,,,
unit,C_PHASE7_FALLBACK_MATCHED,ALL_11,ESTIMATED,KEGG_GLUTATHIONE_METABOLISM,10,genept_scpa,,1,1000,35,6,10,10,0.3665954028584815,0.3289618149457966,0.1357304339242902,0.24811484130377223,0.11848056155470929,,,,,,
unit,A_ELIGIBLE_POOL_MATCHED,FEASIBLE_9,ESTIMATED,KEGG_GLUTATHIONE_METABOLISM,11,vanilla_scpa,,1,1000,35,6,10,10,0.14020715920070215,0.13901004587279098,0.01047625220390104,0.24811484130377223,-0.10790768210307009,,,,,,
unit,A_ELIGIBLE_POOL_MATCHED,FEASIBLE_9,ESTIMATED,KEGG_GLUTATHIONE_METABOLISM,11,genept_scpa,,1,1000,35,6,10,10,0.36181337356167503,0.31854514827913,0.13488201314875825,0.24811484130377223,0.1136985322579028,,,,,,
unit,B_PATHWAY_WIDE_UNIFORM,ALL_11,ESTIMATED,KEGG_GLUTATHIONE_METABOLISM,11,vanilla_scpa,,1,1000,35,6,35,10,0.2494780535963715,0.22347999224907072,0.09962454330715,0.24811484130377223,0.0013632122925992807,,,,,,
unit,B_PATHWAY_WIDE_UNIFORM,ALL_11,ESTIMATED,KEGG_GLUTATHIONE_METABOLISM,11,genept_scpa,,1,1000,35,6,35,10,0.24654396090882694,0.21841013453920238,0.10056125128137308,0.24811484130377223,-0.0015708803949452954,,,,,,
unit,C_PHASE7_FALLBACK_MATCHED,ALL_11,ESTIMATED,KEGG_GLUTATHIONE_METABOLISM,11,vanilla_scpa,,1,1000,35,6,10,10,0.13948026364333832,0.13856150524718813,0.01051697643149486,0.24811484130377223,-0.10863457766043391,,,,,,
unit,C_PHASE7_FALLBACK_MATCHED,ALL_11,ESTIMATED,KEGG_GLUTATHIONE_METABOLISM,11,genept_scpa,,1,1000,35,6,10,10,0.3677890422509172,0.3289618149457966,0.13492889550007836,0.24811484130377223,0.11967420094714495,,,,,,
unit,A_ELIGIBLE_POOL_MATCHED,FEASIBLE_9,ESTIMATED,KEGG_GLUTATHIONE_METABOLISM,12,vanilla_scpa,,1,1000,35,6,10,10,0.13965143699628574,0.1384020672813776,0.01013326539863325,0.24811484130377223,-0.1084634043074865,,,,,,
unit,A_ELIGIBLE_POOL_MATCHED,FEASIBLE_9,ESTIMATED,KEGG_GLUTATHIONE_METABOLISM,12,genept_scpa,,1,1000,35,6,10,10,0.3688387495969471,0.3823399866673592,0.13847313433979871,0.24811484130377223,0.12072390829317489,,,,,,
unit,B_PATHWAY_WIDE_UNIFORM,ALL_11,ESTIMATED,KEGG_GLUTATHIONE_METABOLISM,12,vanilla_scpa,,1,1000,35,6,35,10,0.24938513274044727,0.22605039532788895,0.09475766592251916,0.24811484130377223,0.0012702914366750362,,,,,,
unit,B_PATHWAY_WIDE_UNIFORM,ALL_11,ESTIMATED,KEGG_GLUTATHIONE_METABOLISM,12,genept_scpa,,1,1000,35,6,35,10,0.24621106943667434,0.2199119422376064,0.09752254418045242,0.24811484130377223,-0.001903771867097892,,,,,,
unit,C_PHASE7_FALLBACK_MATCHED,ALL_11,ESTIMATED,KEGG_GLUTATHIONE_METABOLISM,12,vanilla_scpa,,1,1000,35,6,10,10,0.1398906700586932,0.13901004587279098,0.010711455962007392,0.24811484130377223,-0.10822417124507902,,,,,,
unit,C_PHASE7_FALLBACK_MATCHED,ALL_11,ESTIMATED,KEGG_GLUTATHIONE_METABOLISM,12,genept_scpa,,1,1000,35,6,10,10,0.3680744735852078,0.38332812895984936,0.13876305665463934,0.24811484130377223,0.11995963228143555,,,,,,
unit,A_ELIGIBLE_POOL_MATCHED,FEASIBLE_9,ESTIMATED,KEGG_GLUTATHIONE_METABOLISM,13,vanilla_scpa,,1,1000,35,6,10,10,0.13980574251003172,0.1385903267030718,0.010245753052985295,0.24811484130377223,-0.10830909879374051,,,,,,
unit,A_ELIGIBLE_POOL_MATCHED,FEASIBLE_9,ESTIMATED,KEGG_GLUTATHIONE_METABOLISM,13,genept_scpa,,1,1000,35,6,10,10,0.36442411980224393,0.3289618149457966,0.138665220257662,0.24811484130377223,0.1163092784984717,,,,,,
unit,B_PATHWAY_WIDE_UNIFORM,ALL_11,ESTIMATED,KEGG_GLUTATHIONE_METABOLISM,13,vanilla_scpa,,1,1000,35,6,35,10,0.2488054660030941,0.2181353841377061,0.10006123984418856,0.24811484130377223,0.000690624699321879,,,,,,
unit,B_PATHWAY_WIDE_UNIFORM,ALL_11,ESTIMATED,KEGG_GLUTATHIONE_METABOLISM,13,genept_scpa,,1,1000,35,6,35,10,0.24907388104015024,0.2213791792190915,0.09777225456145815,0.24811484130377223,0.000959039736378009,,,,,,
unit,C_PHASE7_FALLBACK_MATCHED,ALL_11,ESTIMATED,KEGG_GLUTATHIONE_METABOLISM,13,vanilla_scpa,,1,1000,35,6,10,10,0.14014661897573916,0.13894784753473055,0.010578621520828472,0.24811484130377223,-0.10796822232803308,,,,,,
unit,C_PHASE7_FALLBACK_MATCHED,ALL_11,ESTIMATED,KEGG_GLUTATHIONE_METABOLISM,13,genept_scpa,,1,1000,35,6,10,10,0.3692616462419732,0.38332812895984936,0.138652904525237,0.24811484130377223,0.12114680493820099,,,,,,
unit,A_ELIGIBLE_POOL_MATCHED,FEASIBLE_9,ESTIMATED,KEGG_GLUTATHIONE_METABOLISM,14,vanilla_scpa,,1,1000,35,6,10,10,0.14027333562719801,0.1391532849866183,0.010493685088859134,0.24811484130377223,-0.10784150567657422,,,,,,
unit,A_ELIGIBLE_POOL_MATCHED,FEASIBLE_9,ESTIMATED,KEGG_GLUTATHIONE_METABOLISM,14,genept_scpa,,1,1000,35,6,10,10,0.35987679418847063,0.3180435509595102,0.1370632287822306,0.24811484130377223,0.1117619528846984,,,,,,
unit,B_PATHWAY_WIDE_UNIFORM,ALL_11,ESTIMATED,KEGG_GLUTATHIONE_METABOLISM,14,vanilla_scpa,,1,1000,35,6,35,10,0.2504834594808113,0.22506251237868885,0.10056359871650031,0.24811484130377223,0.002368618177039067,,,,,,
unit,B_PATHWAY_WIDE_UNIFORM,ALL_11,ESTIMATED,KEGG_GLUTATHIONE_METABOLISM,14,genept_scpa,,1,1000,35,6,35,10,0.24432134010124557,0.21955234093391984,0.09547108358221805,0.24811484130377223,-0.0037935012025266668,,,,,,
unit,C_PHASE7_FALLBACK_MATCHED,ALL_11,ESTIMATED,KEGG_GLUTATHIONE_METABOLISM,14,vanilla_scpa,,1,1000,35,6,10,10,0.13973518670840343,0.13863027185795948,0.010587433193000068,0.24811484130377223,-0.1083796545953688,,,,,,
unit,C_PHASE7_FALLBACK_MATCHED,ALL_11,ESTIMATED,KEGG_GLUTATHIONE_METABOLISM,14,genept_scpa,,1,1000,35,6,10,10,0.37108475688041886,0.3854264064204456,0.13977226114343727,0.24811484130377223,0.12296991557664663,,,,,,
unit,A_ELIGIBLE_POOL_MATCHED,FEASIBLE_9,ESTIMATED,KEGG_GLUTATHIONE_METABOLISM,15,vanilla_scpa,,1,1000,35,6,10,10,0.13998219071468312,0.1391532849866183,0.010427429713926331,0.24811484130377223,-0.10813265058908911,,,,,,
unit,A_ELIGIBLE_POOL_MATCHED,FEASIBLE_9,ESTIMATED,KEGG_GLUTATHIONE_METABOLISM,15,genept_scpa,,1,1000,35,6,10,10,0.371383035995893,0.38332812895984936,0.1396774059122514,0.24811484130377223,0.12326819469212077,,,,,,
unit,B_PATHWAY_WIDE_UNIFORM,ALL_11,ESTIMATED,KEGG_GLUTATHIONE_METABOLISM,15,vanilla_scpa,,1,1000,35,6,35,10,0.2496157149029468,0.21928351293270648,0.10343023288265281,0.24811484130377223,0.001500873599174557,,,,,,
unit,B_PATHWAY_WIDE_UNIFORM,ALL_11,ESTIMATED,KEGG_GLUTATHIONE_METABOLISM,15,genept_scpa,,1,1000,35,6,35,10,0.2489436045897108,0.21748258690449362,0.09784736316052724,0.24811484130377223,0.0008287632859385607,,,,,,
unit,C_PHASE7_FALLBACK_MATCHED,ALL_11,ESTIMATED,KEGG_GLUTATHIONE_METABOLISM,15,vanilla_scpa,,1,1000,35,6,10,10,0.13989429285858884,0.13863027185795948,0.010174709926176312,0.24811484130377223,-0.10822054844518339,,,,,,
unit,C_PHASE7_FALLBACK_MATCHED,ALL_11,ESTIMATED,KEGG_GLUTATHIONE_METABOLISM,15,genept_scpa,,1,1000,35,6,10,10,0.36225377750473325,0.3289618149457966,0.1364152475684554,0.24811484130377223,0.11413893620096102,,,,,,
unit,A_ELIGIBLE_POOL_MATCHED,FEASIBLE_9,ESTIMATED,KEGG_GLUTATHIONE_METABOLISM,16,vanilla_scpa,,1,1000,35,6,10,10,0.14041429358038976,0.13894784753473055,0.010393132500739073,0.24811484130377223,-0.10770054772338247,,,,,,
unit,A_ELIGIBLE_POOL_MATCHED,FEASIBLE_9,ESTIMATED,KEGG_GLUTATHIONE_METABOLISM,16,genept_scpa,,1,1000,35,6,10,10,0.3626128463717413,0.324332185316167,0.13638370644428616,0.24811484130377223,0.11449800506796906,,,,,,
unit,B_PATHWAY_WIDE_UNIFORM,ALL_11,ESTIMATED,KEGG_GLUTATHIONE_METABOLISM,16,vanilla_scpa,,1,1000,35,6,35,10,0.25118749957959546,0.2209934435509148,0.1039940070049478,0.24811484130377223,0.0030726582758232313,,,,,,
unit,B_PATHWAY_WIDE_UNIFORM,ALL_11,ESTIMATED,KEGG_GLUTATHIONE_METABOLISM,16,genept_scpa,,1,1000,35,6,35,10,0.2484979466888666,0.22287989787989787,0.09822399411509744,0.24811484130377223,0.00038310538509436776,,,,,,
unit,C_PHASE7_FALLBACK_MATCHED,ALL_11,ESTIMATED,KEGG_GLUTATHIONE_METABOLISM,16,vanilla_scpa,,1,1000,35,6,10,10,0.14024221976718595,0.13888564919667015,0.010888763814959493,0.24811484130377223,-0.10787262153658628,,,,,,
unit,C_PHASE7_FALLBACK_MATCHED,ALL_11,ESTIMATED,KEGG_GLUTATHIONE_METABOLISM,16,genept_scpa,,1,1000,35,6,10,10,0.36904487159970234,0.38437726769014746,0.1398764801398006,0.24811484130377223,0.12093003029593011,,,,,,
unit,A_ELIGIBLE_POOL_MATCHED,FEASIBLE_9,ESTIMATED,KEGG_GLUTATHIONE_METABOLISM,17,vanilla_scpa,,1,1000,35,6,10,10,0.13958608540090117,0.13827145077145075,0.010391871182410566,0.24811484130377223,-0.10852875590287106,,,,,,
unit,A_ELIGIBLE_POOL_MATCHED,FEASIBLE_9,ESTIMATED,KEGG_GLUTATHIONE_METABOLISM,17,genept_scpa,,1,1000,35,6,10,10,0.36419876476828356,0.32282252348041823,0.13900262191388377,0.24811484130377223,0.11608392346451132,,,,,,
unit,B_PATHWAY_WIDE_UNIFORM,ALL_11,ESTIMATED,KEGG_GLUTATHIONE_METABOLISM,17,vanilla_scpa,,1,1000,35,6,35,10,0.2505429121754966,0.22230378893981834,0.10312100789565229,0.24811484130377223,0.0024280708717243915,,,,,,
unit,B_PATHWAY_WIDE_UNIFORM,ALL_11,ESTIMATED,KEGG_GLUTATHIONE_METABOLISM,17,genept_scpa,,1,1000,35,6,35,10,0.2510142790688015,0.221723707049794,0.09808575663909788,0.24811484130377223,0.0028994377650292946,,,,,,
unit,C_PHASE7_FALLBACK_MATCHED,ALL_11,ESTIMATED,KEGG_GLUTATHIONE_METABOLISM,17,vanilla_scpa,,1,1000,35,6,10,10,0.13971525853632005,0.13863027185795948,0.010334864144623139,0.24811484130377223,-0.10839958276745218,,,,,,
unit,C_PHASE7_FALLBACK_MATCHED,ALL_11,ESTIMATED,KEGG_GLUTATHIONE_METABOLISM,17,genept_scpa,,1,1000,35,6,10,10,0.36423105724556076,0.32282252348041823,0.14042566659246927,0.24811484130377223,0.11611621594178853,,,,,,
unit,A_ELIGIBLE_POOL_MATCHED,FEASIBLE_9,ESTIMATED,KEGG_GLUTATHIONE_METABOLISM,18,vanilla_scpa,,1,1000,35,6,10,10,0.14007063604655304,0.1385903267030718,0.010827280341412993,0.24811484130377223,-0.1080442052572192,,,,,,
unit,A_ELIGIBLE_POOL_MATCHED,FEASIBLE_9,ESTIMATED,KEGG_GLUTATHIONE_METABOLISM,18,genept_scpa,,1,1000,35,6,10,10,0.36416550790004315,0.38332812895984936,0.13882474596786742,0.24811484130377223,0.11605066659627092,,,,,,
unit,B_PATHWAY_WIDE_UNIFORM,ALL_11,ESTIMATED,KEGG_GLUTATHIONE_METABOLISM,18,vanilla_scpa,,1,1000,35,6,35,10,0.2459415010935216,0.21976127320954908,0.09965210647793663,0.24811484130377223,-0.002173340210250646,,,,,,
unit,B_PATHWAY_WIDE_UNIFORM,ALL_11,ESTIMATED,KEGG_GLUTATHIONE_METABOLISM,18,genept_scpa,,1,1000,35,6,35,10,0.25100097774569274,0.21930434902037338,0.10467758037987723,0.24811484130377223,0.0028861364419205116,,,,,,
unit,C_PHASE7_FALLBACK_MATCHED,ALL_11,ESTIMATED,KEGG_GLUTATHIONE_METABOLISM,18,vanilla_scpa,,1,1000,35,6,10,10,0.13943433411788297,0.13818112496273416,0.010611693207396578,0.24811484130377223,-0.10868050718588926,,,,,,
unit,C_PHASE7_FALLBACK_MATCHED,ALL_11,ESTIMATED,KEGG_GLUTATHIONE_METABOLISM,18,genept_scpa,,1,1000,35,6,10,10,0.3653732201027151,0.324332185316167,0.1343365996300542,0.24811484130377223,0.11725837879894288,,,,,,
unit,A_ELIGIBLE_POOL_MATCHED,FEASIBLE_9,ESTIMATED,KEGG_GLUTATHIONE_METABOLISM,19,vanilla_scpa,,1,1000,35,6,10,10,0.13973868243590606,0.13898585763021193,0.010568839823757982,0.24811484130377223,-0.10837615886786617,,,,,,
unit,A_ELIGIBLE_POOL_MATCHED,FEASIBLE_9,ESTIMATED,KEGG_GLUTATHIONE_METABOLISM,19,genept_scpa,,1,1000,35,6,10,10,0.36626831931699394,0.3289618149457966,0.13896674495172678,0.24811484130377223,0.11815347801322171,,,,,,
unit,B_PATHWAY_WIDE_UNIFORM,ALL_11,ESTIMATED,KEGG_GLUTATHIONE_METABOLISM,19,vanilla_scpa,,1,1000,35,6,35,10,0.2539066361776489,0.22663858038177453,0.10256321230897085,0.24811484130377223,0.005791794873876682,,,,,,
unit,B_PATHWAY_WIDE_UNIFORM,ALL_11,ESTIMATED,KEGG_GLUTATHIONE_METABOLISM,19,genept_scpa,,1,1000,35,6,35,10,0.24717262727069,0.21872724423127649,0.0991487277179478,0.24811484130377223,-0.0009422140330822282,,,,,,
unit,C_PHASE7_FALLBACK_MATCHED,ALL_11,ESTIMATED,KEGG_GLUTATHIONE_METABOLISM,19,vanilla_scpa,,1,1000,35,6,10,10,0.13976469495574043,0.13904805596827235,0.010169188847861346,0.24811484130377223,-0.1083501463480318,,,,,,
unit,C_PHASE7_FALLBACK_MATCHED,ALL_11,ESTIMATED,KEGG_GLUTATHIONE_METABOLISM,19,genept_scpa,,1,1000,35,6,10,10,0.3634213419400653,0.3854264064204456,0.13800559645682825,0.24811484130377223,0.11530650063629308,,,,,,
unit,A_ELIGIBLE_POOL_MATCHED,FEASIBLE_9,ESTIMATED,KEGG_GLUTATHIONE_METABOLISM,20,vanilla_scpa,,1,1000,35,6,10,10,0.13977637081806704,0.13888564919667015,0.010361818534965669,0.24811484130377223,-0.10833847048570519,,,,,,
unit,A_ELIGIBLE_POOL_MATCHED,FEASIBLE_9,ESTIMATED,KEGG_GLUTATHIONE_METABOLISM,20,genept_scpa,,1,1000,35,6,10,10,0.3634756665248525,0.3289618149457966,0.13600155885237944,0.24811484130377223,0.1153608252210803,,,,,,
unit,B_PATHWAY_WIDE_UNIFORM,ALL_11,ESTIMATED,KEGG_GLUTATHIONE_METABOLISM,20,vanilla_scpa,,1,1000,35,6,35,10,0.25049869061169594,0.22279160356797473,0.10146424990562233,0.24811484130377223,0.0023838493079237077,,,,,,
unit,B_PATHWAY_WIDE_UNIFORM,ALL_11,ESTIMATED,KEGG_GLUTATHIONE_METABOLISM,20,genept_scpa,,1,1000,35,6,35,10,0.2503499125752011,0.22448219228909766,0.09829864079683706,0.24811484130377223,0.0022350712714288845,,,,,,
unit,C_PHASE7_FALLBACK_MATCHED,ALL_11,ESTIMATED,KEGG_GLUTATHIONE_METABOLISM,20,vanilla_scpa,,1,1000,35,6,10,10,0.1392765233323634,0.13805085399912986,0.010128737709095302,0.24811484130377223,-0.10883831797140883,,,,,,
unit,C_PHASE7_FALLBACK_MATCHED,ALL_11,ESTIMATED,KEGG_GLUTATHIONE_METABOLISM,20,genept_scpa,,1,1000,35,6,10,10,0.36523483347651436,0.3215050004237647,0.13794623945382012,0.24811484130377223,0.11711999217274213,,,,,,
unit,A_ELIGIBLE_POOL_MATCHED,FEASIBLE_9,ESTIMATED,KEGG_GLYCOLYSIS_GLUCONEOGENESIS,1,vanilla_scpa,,1,1000,42,7,19,19,0.3768010089147107,0.3596491228070175,0.13389534757457566,0.2342833903790313,0.1425176185356794,,,,,,
unit,A_ELIGIBLE_POOL_MATCHED,FEASIBLE_9,ESTIMATED,KEGG_GLYCOLYSIS_GLUCONEOGENESIS,1,genept_scpa,,1,1000,42,7,19,19,0.36174315337118834,0.34614891664581104,0.12732101674259105,0.2342833903790313,0.12745976299215706,,,,,,
unit,B_PATHWAY_WIDE_UNIFORM,ALL_11,ESTIMATED,KEGG_GLYCOLYSIS_GLUCONEOGENESIS,1,vanilla_scpa,,1,1000,42,7,42,19,0.23824844933871428,0.21361526067679498,0.09015877618947175,0.2342833903790313,0.003965058959682993,,,,,,
unit,B_PATHWAY_WIDE_UNIFORM,ALL_11,ESTIMATED,KEGG_GLYCOLYSIS_GLUCONEOGENESIS,1,genept_scpa,,1,1000,42,7,42,19,0.23140413945319638,0.20763108479789663,0.08671990177710844,0.2342833903790313,-0.0028792509258349086,,,,,,
unit,C_PHASE7_FALLBACK_MATCHED,ALL_11,ESTIMATED,KEGG_GLYCOLYSIS_GLUCONEOGENESIS,1,vanilla_scpa,,1,1000,42,7,19,19,0.37532935678912327,0.35170450146059906,0.13430825325296522,0.2342833903790313,0.14104596641009198,,,,,,
unit,C_PHASE7_FALLBACK_MATCHED,ALL_11,ESTIMATED,KEGG_GLYCOLYSIS_GLUCONEOGENESIS,1,genept_scpa,,1,1000,42,7,19,19,0.3629411577439754,0.3469900088181726,0.13153769500894852,0.2342833903790313,0.1286577673649441,,,,,,
unit,A_ELIGIBLE_POOL_MATCHED,FEASIBLE_9,ESTIMATED,KEGG_GLYCOLYSIS_GLUCONEOGENESIS,2,vanilla_scpa,,1,1000,42,7,19,19,0.38061059644817197,0.3688649654439128,0.13422082524731205,0.2342833903790313,0.14632720606914068,,,,,,
unit,A_ELIGIBLE_POOL_MATCHED,FEASIBLE_9,ESTIMATED,KEGG_GLYCOLYSIS_GLUCONEOGENESIS,2,genept_scpa,,1,1000,42,7,19,19,0.3621833281608131,0.3385557191837599,0.13420499178179957,0.2342833903790313,0.12789993778178183,,,,,,
unit,B_PATHWAY_WIDE_UNIFORM,ALL_11,ESTIMATED,KEGG_GLYCOLYSIS_GLUCONEOGENESIS,2,vanilla_scpa,,1,1000,42,7,42,19,0.2392723747539761,0.2150652852595965,0.09208826353842554,0.2342833903790313,0.004988984374944827,,,,,,
unit,B_PATHWAY_WIDE_UNIFORM,ALL_11,ESTIMATED,KEGG_GLYCOLYSIS_GLUCONEOGENESIS,2,genept_scpa,,1,1000,42,7,42,19,0.2309811770170029,0.2059293768827179,0.08843610052350548,0.2342833903790313,-0.003302213362028378,,,,,,
unit,C_PHASE7_FALLBACK_MATCHED,ALL_11,ESTIMATED,KEGG_GLYCOLYSIS_GLUCONEOGENESIS,2,vanilla_scpa,,1,1000,42,7,19,19,0.3772944927874288,0.3489268321791703,0.13513805836919554,0.2342833903790313,0.14301110240839754,,,,,,
unit,C_PHASE7_FALLBACK_MATCHED,ALL_11,ESTIMATED,KEGG_GLYCOLYSIS_GLUCONEOGENESIS,2,genept_scpa,,1,1000,42,7,19,19,0.36151705016983027,0.3373552237300482,0.1317716703191232,0.2342833903790313,0.12723365979079898,,,,,,
unit,A_ELIGIBLE_POOL_MATCHED,FEASIBLE_9,ESTIMATED,KEGG_GLYCOLYSIS_GLUCONEOGENESIS,3,vanilla_scpa,,1,1000,42,7,19,19,0.3749724080602794,0.35614349065568573,0.12859460351392138,0.2342833903790313,0.14068901768124814,,,,,,
unit,A_ELIGIBLE_POOL_MATCHED,FEASIBLE_9,ESTIMATED,KEGG_GLYCOLYSIS_GLUCONEOGENESIS,3,genept_scpa,,1,1000,42,7,19,19,0.3609897529451257,0.3409301243233901,0.129577512015101,0.2342833903790313,0.1267063625660944,,,,,,
unit,B_PATHWAY_WIDE_UNIFORM,ALL_11,ESTIMATED,KEGG_GLYCOLYSIS_GLUCONEOGENESIS,3,vanilla_scpa,,1,1000,42,7,42,19,0.2312660789290326,0.20814846908103724,0.08647168641906273,0.2342833903790313,-0.0030173114499986997,,,,,,
unit,B_PATHWAY_WIDE_UNIFORM,ALL_11,ESTIMATED,KEGG_GLYCOLYSIS_GLUCONEOGENESIS,3,genept_scpa,,1,1000,42,7,42,19,0.24089469851531475,0.21269197919695132,0.09397272973317972,0.2342833903790313,0.006611308136283467,,,,,,
unit,C_PHASE7_FALLBACK_MATCHED,ALL_11,ESTIMATED,KEGG_GLYCOLYSIS_GLUCONEOGENESIS,3,vanilla_scpa,,1,1000,42,7,19,19,0.38007645132164974,0.3624041752695165,0.1308135697153498,0.2342833903790313,0.14579306094261846,,,,,,
unit,C_PHASE7_FALLBACK_MATCHED,ALL_11,ESTIMATED,KEGG_GLYCOLYSIS_GLUCONEOGENESIS,3,genept_scpa,,1,1000,42,7,19,19,0.3632306378386595,0.33976065958860213,0.13536578300931576,0.2342833903790313,0.1289472474596282,,,,,,
unit,A_ELIGIBLE_POOL_MATCHED,FEASIBLE_9,ESTIMATED,KEGG_GLYCOLYSIS_GLUCONEOGENESIS,4,vanilla_scpa,,1,1000,42,7,19,19,0.37303704611606964,0.35389185977421267,0.13134959246311204,0.2342833903790313,0.13875365573703835,,,,,,
unit,A_ELIGIBLE_POOL_MATCHED,FEASIBLE_9,ESTIMATED,KEGG_GLYCOLYSIS_GLUCONEOGENESIS,4,genept_scpa,,1,1000,42,7,19,19,0.3713159388710011,0.3548810212344046,0.13436097871125793,0.2342833903790313,0.13703254849196983,,,,,,
unit,B_PATHWAY_WIDE_UNIFORM,ALL_11,ESTIMATED,KEGG_GLYCOLYSIS_GLUCONEOGENESIS,4,vanilla_scpa,,1,1000,42,7,42,19,0.23512127374400632,0.2100459920810429,0.08929505865936294,0.2342833903790313,0.0008378833649750339,,,,,,
unit,B_PATHWAY_WIDE_UNIFORM,ALL_11,ESTIMATED,KEGG_GLYCOLYSIS_GLUCONEOGENESIS,4,genept_scpa,,1,1000,42,7,42,19,0.23406595451011533,0.21239571585164127,0.08602840455648726,0.2342833903790313,-0.000217435868915955,,,,,,
unit,C_PHASE7_FALLBACK_MATCHED,ALL_11,ESTIMATED,KEGG_GLYCOLYSIS_GLUCONEOGENESIS,4,vanilla_scpa,,1,1000,42,7,19,19,0.3826475975131952,0.3613571503989622,0.13587842214337914,0.2342833903790313,0.14836420713416393,,,,,,
unit,C_PHASE7_FALLBACK_MATCHED,ALL_11,ESTIMATED,KEGG_GLYCOLYSIS_GLUCONEOGENESIS,4,genept_scpa,,1,1000,42,7,19,19,0.3675403399111214,0.3509452903968605,0.13110472114687233,0.2342833903790313,0.1332569495320901,,,,,,
unit,A_ELIGIBLE_POOL_MATCHED,FEASIBLE_9,ESTIMATED,KEGG_GLYCOLYSIS_GLUCONEOGENESIS,5,vanilla_scpa,,1,1000,42,7,19,19,0.37193919908960205,0.354180388147012,0.13165495241578817,0.2342833903790313,0.13765580871057076,,,,,,
unit,A_ELIGIBLE_POOL_MATCHED,FEASIBLE_9,ESTIMATED,KEGG_GLYCOLYSIS_GLUCONEOGENESIS,5,genept_scpa,,1,1000,42,7,19,19,0.371370455394503,0.35119349359176866,0.13859923035029173,0.2342833903790313,0.1370870650154717,,,,,,
unit,B_PATHWAY_WIDE_UNIFORM,ALL_11,ESTIMATED,KEGG_GLYCOLYSIS_GLUCONEOGENESIS,5,vanilla_scpa,,1,1000,42,7,42,19,0.23209619587163932,0.21138214581491893,0.08674684422393222,0.2342833903790313,-0.002187194507391965,,,,,,
unit,B_PATHWAY_WIDE_UNIFORM,ALL_11,ESTIMATED,KEGG_GLYCOLYSIS_GLUCONEOGENESIS,5,genept_scpa,,1,1000,42,7,42,19,0.2377328739530433,0.21514958256029684,0.09078933451338533,0.2342833903790313,0.0034494835740120078,,,,,,
unit,C_PHASE7_FALLBACK_MATCHED,ALL_11,ESTIMATED,KEGG_GLYCOLYSIS_GLUCONEOGENESIS,5,vanilla_scpa,,1,1000,42,7,19,19,0.37585805159252017,0.3506094588611498,0.1345076289445066,0.2342833903790313,0.14157466121348888,,,,,,
unit,C_PHASE7_FALLBACK_MATCHED,ALL_11,ESTIMATED,KEGG_GLYCOLYSIS_GLUCONEOGENESIS,5,genept_scpa,,1,1000,42,7,19,19,0.36262690829779076,0.34460743811694716,0.13252723191211138,0.2342833903790313,0.12834351791875948,,,,,,
unit,A_ELIGIBLE_POOL_MATCHED,FEASIBLE_9,ESTIMATED,KEGG_GLYCOLYSIS_GLUCONEOGENESIS,6,vanilla_scpa,,1,1000,42,7,19,19,0.37398341400215895,0.3537574931945004,0.1271869280368008,0.2342833903790313,0.13970002362312767,,,,,,
unit,A_ELIGIBLE_POOL_MATCHED,FEASIBLE_9,ESTIMATED,KEGG_GLYCOLYSIS_GLUCONEOGENESIS,6,genept_scpa,,1,1000,42,7,19,19,0.36843320238674593,0.350355565567188,0.13460131201835945,0.2342833903790313,0.13414981200771464,,,,,,
unit,B_PATHWAY_WIDE_UNIFORM,ALL_11,ESTIMATED,KEGG_GLYCOLYSIS_GLUCONEOGENESIS,6,vanilla_scpa,,1,1000,42,7,42,19,0.23864759145693534,0.21767831583621056,0.09107591890789773,0.2342833903790313,0.004364201077904056,,,,,,
unit,B_PATHWAY_WIDE_UNIFORM,ALL_11,ESTIMATED,KEGG_GLYCOLYSIS_GLUCONEOGENESIS,6,genept_scpa,,1,1000,42,7,42,19,0.23322384058739243,0.21076120658395844,0.08756338956765851,0.2342833903790313,-0.0010595497916388585,,,,,,
unit,C_PHASE7_FALLBACK_MATCHED,ALL_11,ESTIMATED,KEGG_GLYCOLYSIS_GLUCONEOGENESIS,6,vanilla_scpa,,1,1000,42,7,19,19,0.3780176184332215,0.35965657862320255,0.13079069173768698,0.2342833903790313,0.14373422805419023,,,,,,
unit,C_PHASE7_FALLBACK_MATCHED,ALL_11,ESTIMATED,KEGG_GLYCOLYSIS_GLUCONEOGENESIS,6,genept_scpa,,1,1000,42,7,19,19,0.3642415249019281,0.348026964408952,0.1294600375143368,0.2342833903790313,0.12995813452289684,,,,,,
unit,A_ELIGIBLE_POOL_MATCHED,FEASIBLE_9,ESTIMATED,KEGG_GLYCOLYSIS_GLUCONEOGENESIS,7,vanilla_scpa,,1,1000,42,7,19,19,0.38036684286458194,0.357927960541201,0.13471390058369478,0.2342833903790313,0.14608345248555066,,,,,,
unit,A_ELIGIBLE_POOL_MATCHED,FEASIBLE_9,ESTIMATED,KEGG_GLYCOLYSIS_GLUCONEOGENESIS,7,genept_scpa,,1,1000,42,7,19,19,0.3622946176111705,0.34117952232820603,0.13295502612164062,0.2342833903790313,0.1280112272321392,,,,,,
unit,B_PATHWAY_WIDE_UNIFORM,ALL_11,ESTIMATED,KEGG_GLYCOLYSIS_GLUCONEOGENESIS,7,vanilla_scpa,,1,1000,42,7,42,19,0.2351326286893122,0.21381881918167084,0.0890392650495828,0.2342833903790313,0.0008492383102809142,,,,,,
unit,B_PATHWAY_WIDE_UNIFORM,ALL_11,ESTIMATED,KEGG_GLYCOLYSIS_GLUCONEOGENESIS,7,genept_scpa,,1,1000,42,7,42,19,0.2370100280639652,0.21181863764767073,0.09248045395280594,0.2342833903790313,0.002726637684933919,,,,,,
unit,C_PHASE7_FALLBACK_MATCHED,ALL_11,ESTIMATED,KEGG_GLYCOLYSIS_GLUCONEOGENESIS,7,vanilla_scpa,,1,1000,42,7,19,19,0.37746587288714056,0.36021696078750476,0.13046271630552025,0.2342833903790313,0.14318248250810928,,,,,,
unit,C_PHASE7_FALLBACK_MATCHED,ALL_11,ESTIMATED,KEGG_GLYCOLYSIS_GLUCONEOGENESIS,7,genept_scpa,,1,1000,42,7,19,19,0.3663661673036286,0.346746714880284,0.1335245882673559,0.2342833903790313,0.1320827769245973,,,,,,
unit,A_ELIGIBLE_POOL_MATCHED,FEASIBLE_9,ESTIMATED,KEGG_GLYCOLYSIS_GLUCONEOGENESIS,8,vanilla_scpa,,1,1000,42,7,19,19,0.37719350523606965,0.3598956807603424,0.12541905588851196,0.2342833903790313,0.14291011485703836,,,,,,
unit,A_ELIGIBLE_POOL_MATCHED,FEASIBLE_9,ESTIMATED,KEGG_GLYCOLYSIS_GLUCONEOGENESIS,8,genept_scpa,,1,1000,42,7,19,19,0.36034502628253084,0.3434214374008713,0.12898299893069334,0.2342833903790313,0.12606163590349956,,,,,,
unit,B_PATHWAY_WIDE_UNIFORM,ALL_11,ESTIMATED,KEGG_GLYCOLYSIS_GLUCONEOGENESIS,8,vanilla_scpa,,1,1000,42,7,42,19,0.2321608417564755,0.20692601631106483,0.08881503433859769,0.2342833903790313,-0.0021225486225557866,,,,,,
unit,B_PATHWAY_WIDE_UNIFORM,ALL_11,ESTIMATED,KEGG_GLYCOLYSIS_GLUCONEOGENESIS,8,genept_scpa,,1,1000,42,7,42,19,0.23697897641592933,0.21197843325526816,0.09099965015192547,0.2342833903790313,0.00269558603689804,,,,,,
unit,C_PHASE7_FALLBACK_MATCHED,ALL_11,ESTIMATED,KEGG_GLYCOLYSIS_GLUCONEOGENESIS,8,vanilla_scpa,,1,1000,42,7,19,19,0.375915337844322,0.35569130830454876,0.13494721523126035,0.2342833903790313,0.14163194746529073,,,,,,
unit,C_PHASE7_FALLBACK_MATCHED,ALL_11,ESTIMATED,KEGG_GLYCOLYSIS_GLUCONEOGENESIS,8,genept_scpa,,1,1000,42,7,19,19,0.36419764377675024,0.34581646922689746,0.13514476900639552,0.2342833903790313,0.12991425339771895,,,,,,
unit,A_ELIGIBLE_POOL_MATCHED,FEASIBLE_9,ESTIMATED,KEGG_GLYCOLYSIS_GLUCONEOGENESIS,9,vanilla_scpa,,1,1000,42,7,19,19,0.3803770864784237,0.3625588672470583,0.13309915698840985,0.2342833903790313,0.14609369609939243,,,,,,
unit,A_ELIGIBLE_POOL_MATCHED,FEASIBLE_9,ESTIMATED,KEGG_GLYCOLYSIS_GLUCONEOGENESIS,9,genept_scpa,,1,1000,42,7,19,19,0.364900714949478,0.3504280844532849,0.13110796878628764,0.2342833903790313,0.13061732457044672,,,,,,
unit,B_PATHWAY_WIDE_UNIFORM,ALL_11,ESTIMATED,KEGG_GLYCOLYSIS_GLUCONEOGENESIS,9,vanilla_scpa,,1,1000,42,7,42,19,0.22885234005234362,0.20668148486471472,0.07968535369381913,0.2342833903790313,-0.00543105032668767,,,,,,
unit,B_PATHWAY_WIDE_UNIFORM,ALL_11,ESTIMATED,KEGG_GLYCOLYSIS_GLUCONEOGENESIS,9,genept_scpa,,1,1000,42,7,42,19,0.23329954313689705,0.2082739308650554,0.0896608693737545,0.2342833903790313,-0.0009838472421342392,,,,,,
unit,C_PHASE7_FALLBACK_MATCHED,ALL_11,ESTIMATED,KEGG_GLYCOLYSIS_GLUCONEOGENESIS,9,vanilla_scpa,,1,1000,42,7,19,19,0.3713302369210025,0.3545820288670959,0.13068944199897256,0.2342833903790313,0.1370468465419712,,,,,,
unit,C_PHASE7_FALLBACK_MATCHED,ALL_11,ESTIMATED,KEGG_GLYCOLYSIS_GLUCONEOGENESIS,9,genept_scpa,,1,1000,42,7,19,19,0.36756509392350495,0.3471235671995724,0.13287793493982716,0.2342833903790313,0.13328170354447366,,,,,,
unit,A_ELIGIBLE_POOL_MATCHED,FEASIBLE_9,ESTIMATED,KEGG_GLYCOLYSIS_GLUCONEOGENESIS,10,vanilla_scpa,,1,1000,42,7,19,19,0.380596838023341,0.354469608981804,0.1374547367339866,0.2342833903790313,0.1463134476443097,,,,,,
unit,A_ELIGIBLE_POOL_MATCHED,FEASIBLE_9,ESTIMATED,KEGG_GLYCOLYSIS_GLUCONEOGENESIS,10,genept_scpa,,1,1000,42,7,19,19,0.35967333541466817,0.3419582548738559,0.12933947883681568,0.2342833903790313,0.12538994503563688,,,,,,
unit,B_PATHWAY_WIDE_UNIFORM,ALL_11,ESTIMATED,KEGG_GLYCOLYSIS_GLUCONEOGENESIS,10,vanilla_scpa,,1,1000,42,7,42,19,0.23506086160848003,0.20702453889646097,0.09387624511744484,0.2342833903790313,0.0007774712294487396,,,,,,
unit,B_PATHWAY_WIDE_UNIFORM,ALL_11,ESTIMATED,KEGG_GLYCOLYSIS_GLUCONEOGENESIS,10,genept_scpa,,1,1000,42,7,42,19,0.23593228864810448,0.21293843085995434,0.09108268848833963,0.2342833903790313,0.0016488982690731901,,,,,,
unit,C_PHASE7_FALLBACK_MATCHED,ALL_11,ESTIMATED,KEGG_GLYCOLYSIS_GLUCONEOGENESIS,10,vanilla_scpa,,1,1000,42,7,19,19,0.3728921267269112,0.3550224587442633,0.12672692749423653,0.2342833903790313,0.1386087363478799,,,,,,
unit,C_PHASE7_FALLBACK_MATCHED,ALL_11,ESTIMATED,KEGG_GLYCOLYSIS_GLUCONEOGENESIS,10,genept_scpa,,1,1000,42,7,19,19,0.3707634401780427,0.35373445658260955,0.13636031252897626,0.2342833903790313,0.1364800497990114,,,,,,
unit,A_ELIGIBLE_POOL_MATCHED,FEASIBLE_9,ESTIMATED,KEGG_GLYCOLYSIS_GLUCONEOGENESIS,11,vanilla_scpa,,1,1000,42,7,19,19,0.3785830023024108,0.35889045547031984,0.13124165250604403,0.2342833903790313,0.14429961192337953,,,,,,
unit,A_ELIGIBLE_POOL_MATCHED,FEASIBLE_9,ESTIMATED,KEGG_GLYCOLYSIS_GLUCONEOGENESIS,11,genept_scpa,,1,1000,42,7,19,19,0.3641573628324768,0.3544985003917662,0.1308511138818991,0.2342833903790313,0.1298739724534455,,,,,,
unit,B_PATHWAY_WIDE_UNIFORM,ALL_11,ESTIMATED,KEGG_GLYCOLYSIS_GLUCONEOGENESIS,11,vanilla_scpa,,1,1000,42,7,42,19,0.23315480253416684,0.2049622348421133,0.09040356972971174,0.2342833903790313,-0.0011285878448644426,,,,,,
unit,B_PATHWAY_WIDE_UNIFORM,ALL_11,ESTIMATED,KEGG_GLYCOLYSIS_GLUCONEOGENESIS,11,genept_scpa,,1,1000,42,7,42,19,0.23791961595178052,0.21250103593496839,0.08932625875664253,0.2342833903790313,0.00363622557274923,,,,,,
unit,C_PHASE7_FALLBACK_MATCHED,ALL_11,ESTIMATED,KEGG_GLYCOLYSIS_GLUCONEOGENESIS,11,vanilla_scpa,,1,1000,42,7,19,19,0.37717969613472646,0.3529302166270484,0.13186380576838452,0.2342833903790313,0.14289630575569517,,,,,,
unit,C_PHASE7_FALLBACK_MATCHED,ALL_11,ESTIMATED,KEGG_GLYCOLYSIS_GLUCONEOGENESIS,11,genept_scpa,,1,1000,42,7,19,19,0.36509826059391665,0.34746045575420803,0.13724834883462222,0.2342833903790313,0.13081487021488536,,,,,,
unit,A_ELIGIBLE_POOL_MATCHED,FEASIBLE_9,ESTIMATED,KEGG_GLYCOLYSIS_GLUCONEOGENESIS,12,vanilla_scpa,,1,1000,42,7,19,19,0.37285720149934165,0.3526971888066698,0.12870342524986877,0.2342833903790313,0.13857381112031036,,,,,,
unit,A_ELIGIBLE_POOL_MATCHED,FEASIBLE_9,ESTIMATED,KEGG_GLYCOLYSIS_GLUCONEOGENESIS,12,genept_scpa,,1,1000,42,7,19,19,0.36708958892129284,0.35136780758187214,0.13697227229261563,0.2342833903790313,0.13280619854226156,,,,,,
unit,B_PATHWAY_WIDE_UNIFORM,ALL_11,ESTIMATED,KEGG_GLYCOLYSIS_GLUCONEOGENESIS,12,vanilla_scpa,,1,1000,42,7,42,19,0.23823923909343311,0.21564916293012393,0.09067041792519807,0.2342833903790313,0.003955848714401827,,,,,,
unit,B_PATHWAY_WIDE_UNIFORM,ALL_11,ESTIMATED,KEGG_GLYCOLYSIS_GLUCONEOGENESIS,12,genept_scpa,,1,1000,42,7,42,19,0.22650314002244196,0.20264040483155565,0.08446307973851275,0.2342833903790313,-0.00778025035658933,,,,,,
unit,C_PHASE7_FALLBACK_MATCHED,ALL_11,ESTIMATED,KEGG_GLYCOLYSIS_GLUCONEOGENESIS,12,vanilla_scpa,,1,1000,42,7,19,19,0.3720036649630872,0.3548142542503445,0.12962637383051287,0.2342833903790313,0.1377202745840559,,,,,,
unit,C_PHASE7_FALLBACK_MATCHED,ALL_11,ESTIMATED,KEGG_GLYCOLYSIS_GLUCONEOGENESIS,12,genept_scpa,,1,1000,42,7,19,19,0.3661433147031036,0.3467143188320332,0.13240885860324364,0.2342833903790313,0.1318599243240723,,,,,,
unit,A_ELIGIBLE_POOL_MATCHED,FEASIBLE_9,ESTIMATED,KEGG_GLYCOLYSIS_GLUCONEOGENESIS,13,vanilla_scpa,,1,1000,42,7,19,19,0.3819342034329583,0.3603234276166607,0.13670032255754697,0.2342833903790313,0.14765081305392702,,,,,,
unit,A_ELIGIBLE_POOL_MATCHED,FEASIBLE_9,ESTIMATED,KEGG_GLYCOLYSIS_GLUCONEOGENESIS,13,genept_scpa,,1,1000,42,7,19,19,0.3576723691630028,0.3402619464731266,0.12988816669813383,0.2342833903790313,0.12338897878397154,,,,,,
unit,B_PATHWAY_WIDE_UNIFORM,ALL_11,ESTIMATED,KEGG_GLYCOLYSIS_GLUCONEOGENESIS,13,vanilla_scpa,,1,1000,42,7,42,19,0.23145914844480056,0.20837463640970344,0.08889399044079556,0.2342833903790313,-0.0028242419342307257,,,,,,
unit,B_PATHWAY_WIDE_UNIFORM,ALL_11,ESTIMATED,KEGG_GLYCOLYSIS_GLUCONEOGENESIS,13,genept_scpa,,1,1000,42,7,42,19,0.2374319615682598,0.21340982668520264,0.0891994312314934,0.2342833903790313,0.0031485711892285106,,,,,,
unit,C_PHASE7_FALLBACK_MATCHED,ALL_11,ESTIMATED,KEGG_GLYCOLYSIS_GLUCONEOGENESIS,13,vanilla_scpa,,1,1000,42,7,19,19,0.38582515321762584,0.3664952662513638,0.1362299802162863,0.2342833903790313,0.15154176283859455,,,,,,
unit,C_PHASE7_FALLBACK_MATCHED,ALL_11,ESTIMATED,KEGG_GLYCOLYSIS_GLUCONEOGENESIS,13,genept_scpa,,1,1000,42,7,19,19,0.3653780658663748,0.3465267686021777,0.13270757603976954,0.2342833903790313,0.1310946754873435,,,,,,
unit,A_ELIGIBLE_POOL_MATCHED,FEASIBLE_9,ESTIMATED,KEGG_GLYCOLYSIS_GLUCONEOGENESIS,14,vanilla_scpa,,1,1000,42,7,19,19,0.38076648417362824,0.35855302248491105,0.13366142730814667,0.2342833903790313,0.14648309379459695,,,,,,
unit,A_ELIGIBLE_POOL_MATCHED,FEASIBLE_9,ESTIMATED,KEGG_GLYCOLYSIS_GLUCONEOGENESIS,14,genept_scpa,,1,1000,42,7,19,19,0.3631817607721373,0.34378544265209454,0.131008963400809,0.2342833903790313,0.12889837039310603,,,,,,
unit,B_PATHWAY_WIDE_UNIFORM,ALL_11,ESTIMATED,KEGG_GLYCOLYSIS_GLUCONEOGENESIS,14,vanilla_scpa,,1,1000,42,7,42,19,0.22944024145308578,0.20639524260692926,0.08887438449439704,0.2342833903790313,-0.004843148925945506,,,,,,
unit,B_PATHWAY_WIDE_UNIFORM,ALL_11,ESTIMATED,KEGG_GLYCOLYSIS_GLUCONEOGENESIS,14,genept_scpa,,1,1000,42,7,42,19,0.23389872568149458,0.20639041387039098,0.09006194578832478,0.2342833903790313,-0.00038466469753670185,,,,,,
unit,C_PHASE7_FALLBACK_MATCHED,ALL_11,ESTIMATED,KEGG_GLYCOLYSIS_GLUCONEOGENESIS,14,vanilla_scpa,,1,1000,42,7,19,19,0.38198638865605755,0.36211893369788106,0.13518263304476177,0.2342833903790313,0.14770299827702627,,,,,,
unit,C_PHASE7_FALLBACK_MATCHED,ALL_11,ESTIMATED,KEGG_GLYCOLYSIS_GLUCONEOGENESIS,14,genept_scpa,,1,1000,42,7,19,19,0.35614984612691525,0.3351552361835422,0.1305694747725731,0.2342833903790313,0.12186645574788396,,,,,,
unit,A_ELIGIBLE_POOL_MATCHED,FEASIBLE_9,ESTIMATED,KEGG_GLYCOLYSIS_GLUCONEOGENESIS,15,vanilla_scpa,,1,1000,42,7,19,19,0.3845417244397273,0.3604764965853304,0.1400484851211698,0.2342833903790313,0.150258334060696,,,,,,
unit,A_ELIGIBLE_POOL_MATCHED,FEASIBLE_9,ESTIMATED,KEGG_GLYCOLYSIS_GLUCONEOGENESIS,15,genept_scpa,,1,1000,42,7,19,19,0.36267928371606817,0.34122336518953056,0.13040845121675915,0.2342833903790313,0.12839589333703688,,,,,,
unit,B_PATHWAY_WIDE_UNIFORM,ALL_11,ESTIMATED,KEGG_GLYCOLYSIS_GLUCONEOGENESIS,15,vanilla_scpa,,1,1000,42,7,42,19,0.2326654669521999,0.20949837944395389,0.08915874049425894,0.2342833903790313,-0.001617923426831397,,,,,,
unit,B_PATHWAY_WIDE_UNIFORM,ALL_11,ESTIMATED,KEGG_GLYCOLYSIS_GLUCONEOGENESIS,15,genept_scpa,,1,1000,42,7,42,19,0.23289658959182735,0.2075276585042461,0.08617830550794657,0.2342833903790313,-0.0013868007872039345,,,,,,
unit,C_PHASE7_FALLBACK_MATCHED,ALL_11,ESTIMATED,KEGG_GLYCOLYSIS_GLUCONEOGENESIS,15,vanilla_scpa,,1,1000,42,7,19,19,0.3729827692197196,0.35635545275020575,0.12580734278420194,0.2342833903790313,0.13869937884068834,,,,,,
unit,C_PHASE7_FALLBACK_MATCHED,ALL_11,ESTIMATED,KEGG_GLYCOLYSIS_GLUCONEOGENESIS,15,genept_scpa,,1,1000,42,7,19,19,0.3615504966276835,0.3456107881749191,0.1278992381468876,0.2342833903790313,0.12726710624865223,,,,,,
unit,A_ELIGIBLE_POOL_MATCHED,FEASIBLE_9,ESTIMATED,KEGG_GLYCOLYSIS_GLUCONEOGENESIS,16,vanilla_scpa,,1,1000,42,7,19,19,0.37633346410381163,0.3598038624171028,0.12874771611566813,0.2342833903790313,0.14205007372478035,,,,,,
unit,A_ELIGIBLE_POOL_MATCHED,FEASIBLE_9,ESTIMATED,KEGG_GLYCOLYSIS_GLUCONEOGENESIS,16,genept_scpa,,1,1000,42,7,19,19,0.3640050307590031,0.3377695612658018,0.1339535873790453,0.2342833903790313,0.1297216403799718,,,,,,
unit,B_PATHWAY_WIDE_UNIFORM,ALL_11,ESTIMATED,KEGG_GLYCOLYSIS_GLUCONEOGENESIS,16,vanilla_scpa,,1,1000,42,7,42,19,0.23357511046531806,0.20934184996684999,0.08957173789331202,0.2342833903790313,-0.0007082799137132223,,,,,,
unit,B_PATHWAY_WIDE_UNIFORM,ALL_11,ESTIMATED,KEGG_GLYCOLYSIS_GLUCONEOGENESIS,16,genept_scpa,,1,1000,42,7,42,19,0.23334568917991674,0.2084828966693955,0.08979442186635095,0.2342833903790313,-0.0009377011991145434,,,,,,
unit,C_PHASE7_FALLBACK_MATCHED,ALL_11,ESTIMATED,KEGG_GLYCOLYSIS_GLUCONEOGENESIS,16,vanilla_scpa,,1,1000,42,7,19,19,0.37669889899321457,0.35796549218356966,0.13254998542672836,0.2342833903790313,0.14241550861418328,,,,,,
unit,C_PHASE7_FALLBACK_MATCHED,ALL_11,ESTIMATED,KEGG_GLYCOLYSIS_GLUCONEOGENESIS,16,genept_scpa,,1,1000,42,7,19,19,0.364383138530305,0.35112583494936433,0.13052390954258544,0.2342833903790313,0.13009974815127373,,,,,,
unit,A_ELIGIBLE_POOL_MATCHED,FEASIBLE_9,ESTIMATED,KEGG_GLYCOLYSIS_GLUCONEOGENESIS,17,vanilla_scpa,,1,1000,42,7,19,19,0.379515877050941,0.35990056776590906,0.13301525460806937,0.2342833903790313,0.1452324866719097,,,,,,
unit,A_ELIGIBLE_POOL_MATCHED,FEASIBLE_9,ESTIMATED,KEGG_GLYCOLYSIS_GLUCONEOGENESIS,17,genept_scpa,,1,1000,42,7,19,19,0.3588355726013928,0.34019040873405043,0.13214971585693822,0.2342833903790313,0.12455218222236153,,,,,,
unit,B_PATHWAY_WIDE_UNIFORM,ALL_11,ESTIMATED,KEGG_GLYCOLYSIS_GLUCONEOGENESIS,17,vanilla_scpa,,1,1000,42,7,42,19,0.23269115636904264,0.20989350752554492,0.08766670799646968,0.2342833903790313,-0.0015922340099886467,,,,,,
unit,B_PATHWAY_WIDE_UNIFORM,ALL_11,ESTIMATED,KEGG_GLYCOLYSIS_GLUCONEOGENESIS,17,genept_scpa,,1,1000,42,7,42,19,0.22969906791311537,0.20812523611441636,0.08493364286161754,0.2342833903790313,-0.004584322465915919,,,,,,
unit,C_PHASE7_FALLBACK_MATCHED,ALL_11,ESTIMATED,KEGG_GLYCOLYSIS_GLUCONEOGENESIS,17,vanilla_scpa,,1,1000,42,7,19,19,0.374920703029724,0.34893048128342247,0.13494973459454854,0.2342833903790313,0.14063731265069274,,,,,,
unit,C_PHASE7_FALLBACK_MATCHED,ALL_11,ESTIMATED,KEGG_GLYCOLYSIS_GLUCONEOGENESIS,17,genept_scpa,,1,1000,42,7,19,19,0.36723898397356947,0.34620285185012223,0.13401935023342476,0.2342833903790313,0.13295559359453818,,,,,,
unit,A_ELIGIBLE_POOL_MATCHED,FEASIBLE_9,ESTIMATED,KEGG_GLYCOLYSIS_GLUCONEOGENESIS,18,vanilla_scpa,,1,1000,42,7,19,19,0.3726773146731755,0.3545093203578549,0.1314285881048802,0.2342833903790313,0.1383939242941442,,,,,,
unit,A_ELIGIBLE_POOL_MATCHED,FEASIBLE_9,ESTIMATED,KEGG_GLYCOLYSIS_GLUCONEOGENESIS,18,genept_scpa,,1,1000,42,7,19,19,0.3701221190852683,0.3480207338465515,0.13197061788515496,0.2342833903790313,0.13583872870623703,,,,,,
unit,B_PATHWAY_WIDE_UNIFORM,ALL_11,ESTIMATED,KEGG_GLYCOLYSIS_GLUCONEOGENESIS,18,vanilla_scpa,,1,1000,42,7,42,19,0.23420425098243441,0.20871228595012153,0.08940361844412921,0.2342833903790313,-7.91393965968723e-05,,,,,,
unit,B_PATHWAY_WIDE_UNIFORM,ALL_11,ESTIMATED,KEGG_GLYCOLYSIS_GLUCONEOGENESIS,18,genept_scpa,,1,1000,42,7,42,19,0.23233446619852663,0.20665392586222586,0.08719116440198746,0.2342833903790313,-0.0019489241805046575,,,,,,
unit,C_PHASE7_FALLBACK_MATCHED,ALL_11,ESTIMATED,KEGG_GLYCOLYSIS_GLUCONEOGENESIS,18,vanilla_scpa,,1,1000,42,7,19,19,0.3762653860671354,0.36058503613060733,0.127452224128056,0.2342833903790313,0.1419819956881041,,,,,,
unit,C_PHASE7_FALLBACK_MATCHED,ALL_11,ESTIMATED,KEGG_GLYCOLYSIS_GLUCONEOGENESIS,18,genept_scpa,,1,1000,42,7,19,19,0.372299291443973,0.3532201667852495,0.12847811956154073,0.2342833903790313,0.13801590106494172,,,,,,
unit,A_ELIGIBLE_POOL_MATCHED,FEASIBLE_9,ESTIMATED,KEGG_GLYCOLYSIS_GLUCONEOGENESIS,19,vanilla_scpa,,1,1000,42,7,19,19,0.3779517195830758,0.3558459156020132,0.13425019060929347,0.2342833903790313,0.1436683292040445,,,,,,
unit,A_ELIGIBLE_POOL_MATCHED,FEASIBLE_9,ESTIMATED,KEGG_GLYCOLYSIS_GLUCONEOGENESIS,19,genept_scpa,,1,1000,42,7,19,19,0.35848217069964755,0.3402191375875586,0.13125724339779904,0.2342833903790313,0.12419878032061626,,,,,,
unit,B_PATHWAY_WIDE_UNIFORM,ALL_11,ESTIMATED,KEGG_GLYCOLYSIS_GLUCONEOGENESIS,19,vanilla_scpa,,1,1000,42,7,42,19,0.23871103038333893,0.21498665122614702,0.08803429179902907,0.2342833903790313,0.004427640004307648,,,,,,
unit,B_PATHWAY_WIDE_UNIFORM,ALL_11,ESTIMATED,KEGG_GLYCOLYSIS_GLUCONEOGENESIS,19,genept_scpa,,1,1000,42,7,42,19,0.231192230628971,0.20600237959684964,0.08934725518057361,0.2342833903790313,-0.003091159750060274,,,,,,
unit,C_PHASE7_FALLBACK_MATCHED,ALL_11,ESTIMATED,KEGG_GLYCOLYSIS_GLUCONEOGENESIS,19,vanilla_scpa,,1,1000,42,7,19,19,0.37516991796243915,0.3591092449739066,0.13050835650035814,0.2342833903790313,0.14088652758340786,,,,,,
unit,C_PHASE7_FALLBACK_MATCHED,ALL_11,ESTIMATED,KEGG_GLYCOLYSIS_GLUCONEOGENESIS,19,genept_scpa,,1,1000,42,7,19,19,0.3623711470588353,0.3423931700826784,0.1310790024675906,0.2342833903790313,0.128087756679804,,,,,,
unit,A_ELIGIBLE_POOL_MATCHED,FEASIBLE_9,ESTIMATED,KEGG_GLYCOLYSIS_GLUCONEOGENESIS,20,vanilla_scpa,,1,1000,42,7,19,19,0.3784878706554781,0.3516656980604511,0.1346171472984605,0.2342833903790313,0.14420448027644683,,,,,,
unit,A_ELIGIBLE_POOL_MATCHED,FEASIBLE_9,ESTIMATED,KEGG_GLYCOLYSIS_GLUCONEOGENESIS,20,genept_scpa,,1,1000,42,7,19,19,0.3663813628672733,0.34653361344537814,0.128046734116446,0.2342833903790313,0.132097972488242,,,,,,
unit,B_PATHWAY_WIDE_UNIFORM,ALL_11,ESTIMATED,KEGG_GLYCOLYSIS_GLUCONEOGENESIS,20,vanilla_scpa,,1,1000,42,7,42,19,0.22969730990493564,0.20820269415581227,0.08642752698811787,0.2342833903790313,-0.004586080474095644,,,,,,
unit,B_PATHWAY_WIDE_UNIFORM,ALL_11,ESTIMATED,KEGG_GLYCOLYSIS_GLUCONEOGENESIS,20,genept_scpa,,1,1000,42,7,42,19,0.23408247079068475,0.21067096418987175,0.08753711362800093,0.2342833903790313,-0.000200919588346532,,,,,,
unit,C_PHASE7_FALLBACK_MATCHED,ALL_11,ESTIMATED,KEGG_GLYCOLYSIS_GLUCONEOGENESIS,20,vanilla_scpa,,1,1000,42,7,19,19,0.377406535950203,0.36083675894600264,0.13435416356750587,0.2342833903790313,0.14312314557117173,,,,,,
unit,C_PHASE7_FALLBACK_MATCHED,ALL_11,ESTIMATED,KEGG_GLYCOLYSIS_GLUCONEOGENESIS,20,genept_scpa,,1,1000,42,7,19,19,0.3623344643496077,0.3439942981241079,0.13255039641368055,0.2342833903790313,0.1280510739705764,,,,,,
pathway_status,A_ELIGIBLE_POOL_MATCHED,FEASIBLE_9,NOT_ESTIMABLE,KEGG_GLYCOSPHINGOLIPID_BIOSYNTHESIS_LACTO_AND_NEOLACTO_SERIES,,,,,,18,3,1,1,,,,,,,,,,,"eligible pool size < truth_count, therefore eligible-pool null is not identifiable"
unit,B_PATHWAY_WIDE_UNIFORM,ALL_11,ESTIMATED,KEGG_GLYCOSPHINGOLIPID_BIOSYNTHESIS_LACTO_AND_NEOLACTO_SERIES,1,vanilla_scpa,,1,1000,18,3,18,1,0.28782175262101733,0.2366013071895425,0.15339496904898622,0.2889758861860938,-0.0011541335650764872,,,,,,
unit,B_PATHWAY_WIDE_UNIFORM,ALL_11,ESTIMATED,KEGG_GLYCOSPHINGOLIPID_BIOSYNTHESIS_LACTO_AND_NEOLACTO_SERIES,1,genept_scpa,,1,1000,18,3,18,1,0.28782175262101733,0.2366013071895425,0.15339496904898622,0.2889758861860938,-0.0011541335650764872,,,,,,
unit,C_PHASE7_FALLBACK_MATCHED,ALL_11,ESTIMATED,KEGG_GLYCOSPHINGOLIPID_BIOSYNTHESIS_LACTO_AND_NEOLACTO_SERIES,1,vanilla_scpa,,1,1000,18,3,18,1,0.28638054138127667,0.2333333333333333,0.1511306899492912,0.2889758861860938,-0.002595344804817157,,,,,,
unit,C_PHASE7_FALLBACK_MATCHED,ALL_11,ESTIMATED,KEGG_GLYCOSPHINGOLIPID_BIOSYNTHESIS_LACTO_AND_NEOLACTO_SERIES,1,genept_scpa,,1,1000,18,3,18,1,0.28638054138127667,0.2333333333333333,0.1511306899492912,0.2889758861860938,-0.002595344804817157,,,,,,
unit,B_PATHWAY_WIDE_UNIFORM,ALL_11,ESTIMATED,KEGG_GLYCOSPHINGOLIPID_BIOSYNTHESIS_LACTO_AND_NEOLACTO_SERIES,2,vanilla_scpa,,1,1000,18,3,18,1,0.2946448726926668,0.24484126984126986,0.15843087856704904,0.2889758861860938,0.005668986506572993,,,,,,
unit,B_PATHWAY_WIDE_UNIFORM,ALL_11,ESTIMATED,KEGG_GLYCOSPHINGOLIPID_BIOSYNTHESIS_LACTO_AND_NEOLACTO_SERIES,2,genept_scpa,,1,1000,18,3,18,1,0.2946448726926668,0.24484126984126986,0.15843087856704904,0.2889758861860938,0.005668986506572993,,,,,,
unit,C_PHASE7_FALLBACK_MATCHED,ALL_11,ESTIMATED,KEGG_GLYCOSPHINGOLIPID_BIOSYNTHESIS_LACTO_AND_NEOLACTO_SERIES,2,vanilla_scpa,,1,1000,18,3,18,1,0.2820710819681408,0.22939814814814813,0.1483660506088073,0.2889758861860938,-0.006904804217953031,,,,,,
unit,C_PHASE7_FALLBACK_MATCHED,ALL_11,ESTIMATED,KEGG_GLYCOSPHINGOLIPID_BIOSYNTHESIS_LACTO_AND_NEOLACTO_SERIES,2,genept_scpa,,1,1000,18,3,18,1,0.2820710819681408,0.22939814814814813,0.1483660506088073,0.2889758861860938,-0.006904804217953031,,,,,,
unit,B_PATHWAY_WIDE_UNIFORM,ALL_11,ESTIMATED,KEGG_GLYCOSPHINGOLIPID_BIOSYNTHESIS_LACTO_AND_NEOLACTO_SERIES,3,vanilla_scpa,,1,1000,18,3,18,1,0.280766264372882,0.2333333333333333,0.14398568394786274,0.2889758861860938,-0.008209621813211831,,,,,,
unit,B_PATHWAY_WIDE_UNIFORM,ALL_11,ESTIMATED,KEGG_GLYCOSPHINGOLIPID_BIOSYNTHESIS_LACTO_AND_NEOLACTO_SERIES,3,genept_scpa,,1,1000,18,3,18,1,0.280766264372882,0.2333333333333333,0.14398568394786274,0.2889758861860938,-0.008209621813211831,,,,,,
unit,C_PHASE7_FALLBACK_MATCHED,ALL_11,ESTIMATED,KEGG_GLYCOSPHINGOLIPID_BIOSYNTHESIS_LACTO_AND_NEOLACTO_SERIES,3,vanilla_scpa,,1,1000,18,3,18,1,0.2906492637808814,0.23888888888888885,0.150162319089345,0.2889758861860938,0.001673377594787584,,,,,,
unit,C_PHASE7_FALLBACK_MATCHED,ALL_11,ESTIMATED,KEGG_GLYCOSPHINGOLIPID_BIOSYNTHESIS_LACTO_AND_NEOLACTO_SERIES,3,genept_scpa,,1,1000,18,3,18,1,0.2906492637808814,0.23888888888888885,0.150162319089345,0.2889758861860938,0.001673377594787584,,,,,,
unit,B_PATHWAY_WIDE_UNIFORM,ALL_11,ESTIMATED,KEGG_GLYCOSPHINGOLIPID_BIOSYNTHESIS_LACTO_AND_NEOLACTO_SERIES,4,vanilla_scpa,,1,1000,18,3,18,1,0.287331685580215,0.2333333333333333,0.15026842188231404,0.2889758861860938,-0.0016442006058788317,,,,,,
unit,B_PATHWAY_WIDE_UNIFORM,ALL_11,ESTIMATED,KEGG_GLYCOSPHINGOLIPID_BIOSYNTHESIS_LACTO_AND_NEOLACTO_SERIES,4,genept_scpa,,1,1000,18,3,18,1,0.287331685580215,0.2333333333333333,0.15026842188231404,0.2889758861860938,-0.0016442006058788317,,,,,,
unit,C_PHASE7_FALLBACK_MATCHED,ALL_11,ESTIMATED,KEGG_GLYCOSPHINGOLIPID_BIOSYNTHESIS_LACTO_AND_NEOLACTO_SERIES,4,vanilla_scpa,,1,1000,18,3,18,1,0.291973496247761,0.23546589576001342,0.15785437501675428,0.2889758861860938,0.0029976100616671553,,,,,,
unit,C_PHASE7_FALLBACK_MATCHED,ALL_11,ESTIMATED,KEGG_GLYCOSPHINGOLIPID_BIOSYNTHESIS_LACTO_AND_NEOLACTO_SERIES,4,genept_scpa,,1,1000,18,3,18,1,0.291973496247761,0.23546589576001342,0.15785437501675428,0.2889758861860938,0.0029976100616671553,,,,,,
unit,B_PATHWAY_WIDE_UNIFORM,ALL_11,ESTIMATED,KEGG_GLYCOSPHINGOLIPID_BIOSYNTHESIS_LACTO_AND_NEOLACTO_SERIES,5,vanilla_scpa,,1,1000,18,3,18,1,0.28657609852021615,0.23540923945335712,0.1510750692259283,0.2889758861860938,-0.002399787665877673,,,,,,
unit,B_PATHWAY_WIDE_UNIFORM,ALL_11,ESTIMATED,KEGG_GLYCOSPHINGOLIPID_BIOSYNTHESIS_LACTO_AND_NEOLACTO_SERIES,5,genept_scpa,,1,1000,18,3,18,1,0.28657609852021615,0.23540923945335712,0.1510750692259283,0.2889758861860938,-0.002399787665877673,,,,,,
unit,C_PHASE7_FALLBACK_MATCHED,ALL_11,ESTIMATED,KEGG_GLYCOSPHINGOLIPID_BIOSYNTHESIS_LACTO_AND_NEOLACTO_SERIES,5,vanilla_scpa,,1,1000,18,3,18,1,0.2962930962283904,0.24027777777777778,0.1576533547193804,0.2889758861860938,0.007317210042296574,,,,,,
unit,C_PHASE7_FALLBACK_MATCHED,ALL_11,ESTIMATED,KEGG_GLYCOSPHINGOLIPID_BIOSYNTHESIS_LACTO_AND_NEOLACTO_SERIES,5,genept_scpa,,1,1000,18,3,18,1,0.2962930962283904,0.24027777777777778,0.1576533547193804,0.2889758861860938,0.007317210042296574,,,,,,
unit,B_PATHWAY_WIDE_UNIFORM,ALL_11,ESTIMATED,KEGG_GLYCOSPHINGOLIPID_BIOSYNTHESIS_LACTO_AND_NEOLACTO_SERIES,6,vanilla_scpa,,1,1000,18,3,18,1,0.2899580143984556,0.2338217338217338,0.15657301209696495,0.2889758861860938,0.0009821282123617658,,,,,,
unit,B_PATHWAY_WIDE_UNIFORM,ALL_11,ESTIMATED,KEGG_GLYCOSPHINGOLIPID_BIOSYNTHESIS_LACTO_AND_NEOLACTO_SERIES,6,genept_scpa,,1,1000,18,3,18,1,0.2899580143984556,0.2338217338217338,0.15657301209696495,0.2889758861860938,0.0009821282123617658,,,,,,
unit,C_PHASE7_FALLBACK_MATCHED,ALL_11,ESTIMATED,KEGG_GLYCOSPHINGOLIPID_BIOSYNTHESIS_LACTO_AND_NEOLACTO_SERIES,6,vanilla_scpa,,1,1000,18,3,18,1,0.2880042575071987,0.23838383838383836,0.15159306189466587,0.2889758861860938,-0.000971628678895109,,,,,,
unit,C_PHASE7_FALLBACK_MATCHED,ALL_11,ESTIMATED,KEGG_GLYCOSPHINGOLIPID_BIOSYNTHESIS_LACTO_AND_NEOLACTO_SERIES,6,genept_scpa,,1,1000,18,3,18,1,0.2880042575071987,0.23838383838383836,0.15159306189466587,0.2889758861860938,-0.000971628678895109,,,,,,
unit,B_PATHWAY_WIDE_UNIFORM,ALL_11,ESTIMATED,KEGG_GLYCOSPHINGOLIPID_BIOSYNTHESIS_LACTO_AND_NEOLACTO_SERIES,7,vanilla_scpa,,1,1000,18,3,18,1,0.2913478166169342,0.24074074074074073,0.15138355520761243,0.2889758861860938,0.0023719304308403855,,,,,,
unit,B_PATHWAY_WIDE_UNIFORM,ALL_11,ESTIMATED,KEGG_GLYCOSPHINGOLIPID_BIOSYNTHESIS_LACTO_AND_NEOLACTO_SERIES,7,genept_scpa,,1,1000,18,3,18,1,0.2913478166169342,0.24074074074074073,0.15138355520761243,0.2889758861860938,0.0023719304308403855,,,,,,
unit,C_PHASE7_FALLBACK_MATCHED,ALL_11,ESTIMATED,KEGG_GLYCOSPHINGOLIPID_BIOSYNTHESIS_LACTO_AND_NEOLACTO_SERIES,7,vanilla_scpa,,1,1000,18,3,18,1,0.29117548214312916,0.24027777777777778,0.15493087402105848,0.2889758861860938,0.0021995959570353385,,,,,,
unit,C_PHASE7_FALLBACK_MATCHED,ALL_11,ESTIMATED,KEGG_GLYCOSPHINGOLIPID_BIOSYNTHESIS_LACTO_AND_NEOLACTO_SERIES,7,genept_scpa,,1,1000,18,3,18,1,0.29117548214312916,0.24027777777777778,0.15493087402105848,0.2889758861860938,0.0021995959570353385,,,,,,
unit,B_PATHWAY_WIDE_UNIFORM,ALL_11,ESTIMATED,KEGG_GLYCOSPHINGOLIPID_BIOSYNTHESIS_LACTO_AND_NEOLACTO_SERIES,8,vanilla_scpa,,1,1000,18,3,18,1,0.28505941324470735,0.2333333333333333,0.14954685383835065,0.2889758861860938,-0.003916472941386473,,,,,,
unit,B_PATHWAY_WIDE_UNIFORM,ALL_11,ESTIMATED,KEGG_GLYCOSPHINGOLIPID_BIOSYNTHESIS_LACTO_AND_NEOLACTO_SERIES,8,genept_scpa,,1,1000,18,3,18,1,0.28505941324470735,0.2333333333333333,0.14954685383835065,0.2889758861860938,-0.003916472941386473,,,,,,
unit,C_PHASE7_FALLBACK_MATCHED,ALL_11,ESTIMATED,KEGG_GLYCOSPHINGOLIPID_BIOSYNTHESIS_LACTO_AND_NEOLACTO_SERIES,8,vanilla_scpa,,1,1000,18,3,18,1,0.29380589802354506,0.24800084175084175,0.15313776107384472,0.2889758861860938,0.004830011837451242,,,,,,
unit,C_PHASE7_FALLBACK_MATCHED,ALL_11,ESTIMATED,KEGG_GLYCOSPHINGOLIPID_BIOSYNTHESIS_LACTO_AND_NEOLACTO_SERIES,8,genept_scpa,,1,1000,18,3,18,1,0.29380589802354506,0.24800084175084175,0.15313776107384472,0.2889758861860938,0.004830011837451242,,,,,,
unit,B_PATHWAY_WIDE_UNIFORM,ALL_11,ESTIMATED,KEGG_GLYCOSPHINGOLIPID_BIOSYNTHESIS_LACTO_AND_NEOLACTO_SERIES,9,vanilla_scpa,,1,1000,18,3,18,1,0.2899790645628881,0.2380952380952381,0.15538532891042237,0.2889758861860938,0.001003178376794256,,,,,,
unit,B_PATHWAY_WIDE_UNIFORM,ALL_11,ESTIMATED,KEGG_GLYCOSPHINGOLIPID_BIOSYNTHESIS_LACTO_AND_NEOLACTO_SERIES,9,genept_scpa,,1,1000,18,3,18,1,0.2899790645628881,0.2380952380952381,0.15538532891042237,0.2889758861860938,0.001003178376794256,,,,,,
unit,C_PHASE7_FALLBACK_MATCHED,ALL_11,ESTIMATED,KEGG_GLYCOSPHINGOLIPID_BIOSYNTHESIS_LACTO_AND_NEOLACTO_SERIES,9,vanilla_scpa,,1,1000,18,3,18,1,0.28825163333398635,0.2333333333333333,0.15530892213822925,0.2889758861860938,-0.0007242528521074765,,,,,,
unit,C_PHASE7_FALLBACK_MATCHED,ALL_11,ESTIMATED,KEGG_GLYCOSPHINGOLIPID_BIOSYNTHESIS_LACTO_AND_NEOLACTO_SERIES,9,genept_scpa,,1,1000,18,3,18,1,0.28825163333398635,0.2333333333333333,0.15530892213822925,0.2889758861860938,-0.0007242528521074765,,,,,,
unit,B_PATHWAY_WIDE_UNIFORM,ALL_11,ESTIMATED,KEGG_GLYCOSPHINGOLIPID_BIOSYNTHESIS_LACTO_AND_NEOLACTO_SERIES,10,vanilla_scpa,,1,1000,18,3,18,1,0.28431727300477305,0.23823953823953825,0.1504636628630891,0.2889758861860938,-0.00465861318132077,,,,,,
unit,B_PATHWAY_WIDE_UNIFORM,ALL_11,ESTIMATED,KEGG_GLYCOSPHINGOLIPID_BIOSYNTHESIS_LACTO_AND_NEOLACTO_SERIES,10,genept_scpa,,1,1000,18,3,18,1,0.28431727300477305,0.23823953823953825,0.1504636628630891,0.2889758861860938,-0.00465861318132077,,,,,,
unit,C_PHASE7_FALLBACK_MATCHED,ALL_11,ESTIMATED,KEGG_GLYCOSPHINGOLIPID_BIOSYNTHESIS_LACTO_AND_NEOLACTO_SERIES,10,vanilla_scpa,,1,1000,18,3,18,1,0.2909516915002209,0.24074074074074073,0.15062489173932175,0.2889758861860938,0.001975805314127055,,,,,,
unit,C_PHASE7_FALLBACK_MATCHED,ALL_11,ESTIMATED,KEGG_GLYCOSPHINGOLIPID_BIOSYNTHESIS_LACTO_AND_NEOLACTO_SERIES,10,genept_scpa,,1,1000,18,3,18,1,0.2909516915002209,0.24074074074074073,0.15062489173932175,0.2889758861860938,0.001975805314127055,,,,,,
unit,B_PATHWAY_WIDE_UNIFORM,ALL_11,ESTIMATED,KEGG_GLYCOSPHINGOLIPID_BIOSYNTHESIS_LACTO_AND_NEOLACTO_SERIES,11,vanilla_scpa,,1,1000,18,3,18,1,0.28852256632256634,0.23546589576001342,0.15079401148469523,0.2889758861860938,-0.00045331986352747933,,,,,,
unit,B_PATHWAY_WIDE_UNIFORM,ALL_11,ESTIMATED,KEGG_GLYCOSPHINGOLIPID_BIOSYNTHESIS_LACTO_AND_NEOLACTO_SERIES,11,genept_scpa,,1,1000,18,3,18,1,0.28852256632256634,0.23546589576001342,0.15079401148469523,0.2889758861860938,-0.00045331986352747933,,,,,,
unit,C_PHASE7_FALLBACK_MATCHED,ALL_11,ESTIMATED,KEGG_GLYCOSPHINGOLIPID_BIOSYNTHESIS_LACTO_AND_NEOLACTO_SERIES,11,vanilla_scpa,,1,1000,18,3,18,1,0.2911299723152664,0.24099025974025973,0.1480345135414709,0.2889758861860938,0.002154086129172561,,,,,,
unit,C_PHASE7_FALLBACK_MATCHED,ALL_11,ESTIMATED,KEGG_GLYCOSPHINGOLIPID_BIOSYNTHESIS_LACTO_AND_NEOLACTO_SERIES,11,genept_scpa,,1,1000,18,3,18,1,0.2911299723152664,0.24099025974025973,0.1480345135414709,0.2889758861860938,0.002154086129172561,,,,,,
unit,B_PATHWAY_WIDE_UNIFORM,ALL_11,ESTIMATED,KEGG_GLYCOSPHINGOLIPID_BIOSYNTHESIS_LACTO_AND_NEOLACTO_SERIES,12,vanilla_scpa,,1,1000,18,3,18,1,0.2930399978561743,0.23860583860583862,0.1584893445958722,0.2889758861860938,0.0040641116700804725,,,,,,
unit,B_PATHWAY_WIDE_UNIFORM,ALL_11,ESTIMATED,KEGG_GLYCOSPHINGOLIPID_BIOSYNTHESIS_LACTO_AND_NEOLACTO_SERIES,12,genept_scpa,,1,1000,18,3,18,1,0.2930399978561743,0.23860583860583862,0.1584893445958722,0.2889758861860938,0.0040641116700804725,,,,,,
unit,C_PHASE7_FALLBACK_MATCHED,ALL_11,ESTIMATED,KEGG_GLYCOSPHINGOLIPID_BIOSYNTHESIS_LACTO_AND_NEOLACTO_SERIES,12,vanilla_scpa,,1,1000,18,3,18,1,0.2855192735641265,0.2369981325863679,0.14779209495523185,0.2889758861860938,-0.0034566126219673365,,,,,,
unit,C_PHASE7_FALLBACK_MATCHED,ALL_11,ESTIMATED,KEGG_GLYCOSPHINGOLIPID_BIOSYNTHESIS_LACTO_AND_NEOLACTO_SERIES,12,genept_scpa,,1,1000,18,3,18,1,0.2855192735641265,0.2369981325863679,0.14779209495523185,0.2889758861860938,-0.0034566126219673365,,,,,,
unit,B_PATHWAY_WIDE_UNIFORM,ALL_11,ESTIMATED,KEGG_GLYCOSPHINGOLIPID_BIOSYNTHESIS_LACTO_AND_NEOLACTO_SERIES,13,vanilla_scpa,,1,1000,18,3,18,1,0.2858572515175456,0.2342171717171717,0.1451725201818772,0.2889758861860938,-0.003118634668548226,,,,,,
unit,B_PATHWAY_WIDE_UNIFORM,ALL_11,ESTIMATED,KEGG_GLYCOSPHINGOLIPID_BIOSYNTHESIS_LACTO_AND_NEOLACTO_SERIES,13,genept_scpa,,1,1000,18,3,18,1,0.2858572515175456,0.2342171717171717,0.1451725201818772,0.2889758861860938,-0.003118634668548226,,,,,,
unit,C_PHASE7_FALLBACK_MATCHED,ALL_11,ESTIMATED,KEGG_GLYCOSPHINGOLIPID_BIOSYNTHESIS_LACTO_AND_NEOLACTO_SERIES,13,vanilla_scpa,,1,1000,18,3,18,1,0.2912083140987553,0.2333333333333333,0.16108763664573836,0.2889758861860938,0.002232427912661483,,,,,,
unit,C_PHASE7_FALLBACK_MATCHED,ALL_11,ESTIMATED,KEGG_GLYCOSPHINGOLIPID_BIOSYNTHESIS_LACTO_AND_NEOLACTO_SERIES,13,genept_scpa,,1,1000,18,3,18,1,0.2912083140987553,0.2333333333333333,0.16108763664573836,0.2889758861860938,0.002232427912661483,,,,,,
unit,B_PATHWAY_WIDE_UNIFORM,ALL_11,ESTIMATED,KEGG_GLYCOSPHINGOLIPID_BIOSYNTHESIS_LACTO_AND_NEOLACTO_SERIES,14,vanilla_scpa,,1,1000,18,3,18,1,0.28873696211196215,0.2373949579831933,0.14797761146581911,0.2889758861860938,-0.0002389240741316745,,,,,,
unit,B_PATHWAY_WIDE_UNIFORM,ALL_11,ESTIMATED,KEGG_GLYCOSPHINGOLIPID_BIOSYNTHESIS_LACTO_AND_NEOLACTO_SERIES,14,genept_scpa,,1,1000,18,3,18,1,0.28873696211196215,0.2373949579831933,0.14797761146581911,0.2889758861860938,-0.0002389240741316745,,,,,,
unit,C_PHASE7_FALLBACK_MATCHED,ALL_11,ESTIMATED,KEGG_GLYCOSPHINGOLIPID_BIOSYNTHESIS_LACTO_AND_NEOLACTO_SERIES,14,vanilla_scpa,,1,1000,18,3,18,1,0.2944278062079533,0.24999999999999997,0.15183047524709387,0.2889758861860938,0.005451920021859458,,,,,,
unit,C_PHASE7_FALLBACK_MATCHED,ALL_11,ESTIMATED,KEGG_GLYCOSPHINGOLIPID_BIOSYNTHESIS_LACTO_AND_NEOLACTO_SERIES,14,genept_scpa,,1,1000,18,3,18,1,0.2944278062079533,0.24999999999999997,0.15183047524709387,0.2889758861860938,0.005451920021859458,,,,,,
unit,B_PATHWAY_WIDE_UNIFORM,ALL_11,ESTIMATED,KEGG_GLYCOSPHINGOLIPID_BIOSYNTHESIS_LACTO_AND_NEOLACTO_SERIES,15,vanilla_scpa,,1,1000,18,3,18,1,0.2835813096489567,0.23249158249158247,0.15041675927934806,0.2889758861860938,-0.005394576537137097,,,,,,
unit,B_PATHWAY_WIDE_UNIFORM,ALL_11,ESTIMATED,KEGG_GLYCOSPHINGOLIPID_BIOSYNTHESIS_LACTO_AND_NEOLACTO_SERIES,15,genept_scpa,,1,1000,18,3,18,1,0.2835813096489567,0.23249158249158247,0.15041675927934806,0.2889758861860938,-0.005394576537137097,,,,,,
unit,C_PHASE7_FALLBACK_MATCHED,ALL_11,ESTIMATED,KEGG_GLYCOSPHINGOLIPID_BIOSYNTHESIS_LACTO_AND_NEOLACTO_SERIES,15,vanilla_scpa,,1,1000,18,3,18,1,0.2959317856979622,0.23586272115683882,0.15880905643547,0.2889758861860938,0.006955899511868369,,,,,,
unit,C_PHASE7_FALLBACK_MATCHED,ALL_11,ESTIMATED,KEGG_GLYCOSPHINGOLIPID_BIOSYNTHESIS_LACTO_AND_NEOLACTO_SERIES,15,genept_scpa,,1,1000,18,3,18,1,0.2959317856979622,0.23586272115683882,0.15880905643547,0.2889758861860938,0.006955899511868369,,,,,,
unit,B_PATHWAY_WIDE_UNIFORM,ALL_11,ESTIMATED,KEGG_GLYCOSPHINGOLIPID_BIOSYNTHESIS_LACTO_AND_NEOLACTO_SERIES,16,vanilla_scpa,,1,1000,18,3,18,1,0.2956565600521483,0.24847837347837348,0.15268237783396996,0.2889758861860938,0.006680673866054476,,,,,,
unit,B_PATHWAY_WIDE_UNIFORM,ALL_11,ESTIMATED,KEGG_GLYCOSPHINGOLIPID_BIOSYNTHESIS_LACTO_AND_NEOLACTO_SERIES,16,genept_scpa,,1,1000,18,3,18,1,0.2956565600521483,0.24847837347837348,0.15268237783396996,0.2889758861860938,0.006680673866054476,,,,,,
unit,C_PHASE7_FALLBACK_MATCHED,ALL_11,ESTIMATED,KEGG_GLYCOSPHINGOLIPID_BIOSYNTHESIS_LACTO_AND_NEOLACTO_SERIES,16,vanilla_scpa,,1,1000,18,3,18,1,0.28349161084014024,0.22979797979797978,0.14837624846661562,0.2889758861860938,-0.005484275345953582,,,,,,
unit,C_PHASE7_FALLBACK_MATCHED,ALL_11,ESTIMATED,KEGG_GLYCOSPHINGOLIPID_BIOSYNTHESIS_LACTO_AND_NEOLACTO_SERIES,16,genept_scpa,,1,1000,18,3,18,1,0.28349161084014024,0.22979797979797978,0.14837624846661562,0.2889758861860938,-0.005484275345953582,,,,,,
unit,B_PATHWAY_WIDE_UNIFORM,ALL_11,ESTIMATED,KEGG_GLYCOSPHINGOLIPID_BIOSYNTHESIS_LACTO_AND_NEOLACTO_SERIES,17,vanilla_scpa,,1,1000,18,3,18,1,0.29149736638633694,0.2386363636363636,0.1551151504100567,0.2889758861860938,0.0025214802002431203,,,,,,
unit,B_PATHWAY_WIDE_UNIFORM,ALL_11,ESTIMATED,KEGG_GLYCOSPHINGOLIPID_BIOSYNTHESIS_LACTO_AND_NEOLACTO_SERIES,17,genept_scpa,,1,1000,18,3,18,1,0.29149736638633694,0.2386363636363636,0.1551151504100567,0.2889758861860938,0.0025214802002431203,,,,,,
unit,C_PHASE7_FALLBACK_MATCHED,ALL_11,ESTIMATED,KEGG_GLYCOSPHINGOLIPID_BIOSYNTHESIS_LACTO_AND_NEOLACTO_SERIES,17,vanilla_scpa,,1,1000,18,3,18,1,0.28801278729440494,0.2333333333333333,0.15804554872400475,0.2889758861860938,-0.000963098891688885,,,,,,
unit,C_PHASE7_FALLBACK_MATCHED,ALL_11,ESTIMATED,KEGG_GLYCOSPHINGOLIPID_BIOSYNTHESIS_LACTO_AND_NEOLACTO_SERIES,17,genept_scpa,,1,1000,18,3,18,1,0.28801278729440494,0.2333333333333333,0.15804554872400475,0.2889758861860938,-0.000963098891688885,,,,,,
unit,B_PATHWAY_WIDE_UNIFORM,ALL_11,ESTIMATED,KEGG_GLYCOSPHINGOLIPID_BIOSYNTHESIS_LACTO_AND_NEOLACTO_SERIES,18,vanilla_scpa,,1,1000,18,3,18,1,0.2907710618085618,0.24074074074074073,0.15310042127744325,0.2889758861860938,0.0017951756224680038,,,,,,
unit,B_PATHWAY_WIDE_UNIFORM,ALL_11,ESTIMATED,KEGG_GLYCOSPHINGOLIPID_BIOSYNTHESIS_LACTO_AND_NEOLACTO_SERIES,18,genept_scpa,,1,1000,18,3,18,1,0.2907710618085618,0.24074074074074073,0.15310042127744325,0.2889758861860938,0.0017951756224680038,,,,,,
unit,C_PHASE7_FALLBACK_MATCHED,ALL_11,ESTIMATED,KEGG_GLYCOSPHINGOLIPID_BIOSYNTHESIS_LACTO_AND_NEOLACTO_SERIES,18,vanilla_scpa,,1,1000,18,3,18,1,0.2906619866516925,0.24523809523809526,0.151559162175975,0.2889758861860938,0.0016861004655986944,,,,,,
unit,C_PHASE7_FALLBACK_MATCHED,ALL_11,ESTIMATED,KEGG_GLYCOSPHINGOLIPID_BIOSYNTHESIS_LACTO_AND_NEOLACTO_SERIES,18,genept_scpa,,1,1000,18,3,18,1,0.2906619866516925,0.24523809523809526,0.151559162175975,0.2889758861860938,0.0016861004655986944,,,,,,
unit,B_PATHWAY_WIDE_UNIFORM,ALL_11,ESTIMATED,KEGG_GLYCOSPHINGOLIPID_BIOSYNTHESIS_LACTO_AND_NEOLACTO_SERIES,19,vanilla_scpa,,1,1000,18,3,18,1,0.29444016909016907,0.2483164983164983,0.15512504795720214,0.2889758861860938,0.005464282904075246,,,,,,
unit,B_PATHWAY_WIDE_UNIFORM,ALL_11,ESTIMATED,KEGG_GLYCOSPHINGOLIPID_BIOSYNTHESIS_LACTO_AND_NEOLACTO_SERIES,19,genept_scpa,,1,1000,18,3,18,1,0.29444016909016907,0.2483164983164983,0.15512504795720214,0.2889758861860938,0.005464282904075246,,,,,,
unit,C_PHASE7_FALLBACK_MATCHED,ALL_11,ESTIMATED,KEGG_GLYCOSPHINGOLIPID_BIOSYNTHESIS_LACTO_AND_NEOLACTO_SERIES,19,vanilla_scpa,,1,1000,18,3,18,1,0.2907327922894099,0.24074074074074073,0.15297215509764722,0.2889758861860938,0.0017569061033160804,,,,,,
unit,C_PHASE7_FALLBACK_MATCHED,ALL_11,ESTIMATED,KEGG_GLYCOSPHINGOLIPID_BIOSYNTHESIS_LACTO_AND_NEOLACTO_SERIES,19,genept_scpa,,1,1000,18,3,18,1,0.2907327922894099,0.24074074074074073,0.15297215509764722,0.2889758861860938,0.0017569061033160804,,,,,,
unit,B_PATHWAY_WIDE_UNIFORM,ALL_11,ESTIMATED,KEGG_GLYCOSPHINGOLIPID_BIOSYNTHESIS_LACTO_AND_NEOLACTO_SERIES,20,vanilla_scpa,,1,1000,18,3,18,1,0.28783760637510636,0.2341269841269841,0.1484659465839701,0.2889758861860938,-0.0011382798109874637,,,,,,
unit,B_PATHWAY_WIDE_UNIFORM,ALL_11,ESTIMATED,KEGG_GLYCOSPHINGOLIPID_BIOSYNTHESIS_LACTO_AND_NEOLACTO_SERIES,20,genept_scpa,,1,1000,18,3,18,1,0.28783760637510636,0.2341269841269841,0.1484659465839701,0.2889758861860938,-0.0011382798109874637,,,,,,
unit,C_PHASE7_FALLBACK_MATCHED,ALL_11,ESTIMATED,KEGG_GLYCOSPHINGOLIPID_BIOSYNTHESIS_LACTO_AND_NEOLACTO_SERIES,20,vanilla_scpa,,1,1000,18,3,18,1,0.28049798189283487,0.23546589576001342,0.1409778206507276,0.2889758861860938,-0.008477904293258953,,,,,,
unit,C_PHASE7_FALLBACK_MATCHED,ALL_11,ESTIMATED,KEGG_GLYCOSPHINGOLIPID_BIOSYNTHESIS_LACTO_AND_NEOLACTO_SERIES,20,genept_scpa,,1,1000,18,3,18,1,0.28049798189283487,0.23546589576001342,0.1409778206507276,0.2889758861860938,-0.008477904293258953,,,,,,
unit,A_ELIGIBLE_POOL_MATCHED,FEASIBLE_9,ESTIMATED,KEGG_INOSITOL_PHOSPHATE_METABOLISM,1,vanilla_scpa,,1,1000,50,8,11,11,0.19801542648961315,0.1972774327122153,0.0386756600752365,0.2199863772285044,-0.021970950738891243,,,,,,
unit,A_ELIGIBLE_POOL_MATCHED,FEASIBLE_9,ESTIMATED,KEGG_INOSITOL_PHOSPHATE_METABOLISM,1,genept_scpa,,1,1000,50,8,11,11,0.3751241841153965,0.3943497741906127,0.08514917825327711,0.2199863772285044,0.1551378068868921,,,,,,
unit,B_PATHWAY_WIDE_UNIFORM,ALL_11,ESTIMATED,KEGG_INOSITOL_PHOSPHATE_METABOLISM,1,vanilla_scpa,,1,1000,50,8,50,11,0.221126317043798,0.19961643892887332,0.08111088270698832,0.2199863772285044,0.0011399398152936169,,,,,,
unit,B_PATHWAY_WIDE_UNIFORM,ALL_11,ESTIMATED,KEGG_INOSITOL_PHOSPHATE_METABOLISM,1,genept_scpa,,1,1000,50,8,50,11,0.22066886084525503,0.19841264434095315,0.08132118659892161,0.2199863772285044,0.0006824836167506343,,,,,,
unit,C_PHASE7_FALLBACK_MATCHED,ALL_11,ESTIMATED,KEGG_INOSITOL_PHOSPHATE_METABOLISM,1,vanilla_scpa,,1,1000,50,8,11,11,0.19588528220569332,0.19627458592132505,0.03905007561219628,0.2199863772285044,-0.024101095022811075,,,,,,
unit,C_PHASE7_FALLBACK_MATCHED,ALL_11,ESTIMATED,KEGG_INOSITOL_PHOSPHATE_METABOLISM,1,genept_scpa,,1,1000,50,8,11,11,0.37527545555764114,0.3946561467396323,0.08345399839280537,0.2199863772285044,0.15528907832913674,,,,,,
unit,A_ELIGIBLE_POOL_MATCHED,FEASIBLE_9,ESTIMATED,KEGG_INOSITOL_PHOSPHATE_METABOLISM,2,vanilla_scpa,,1,1000,50,8,11,11,0.19893870433517166,0.19705477299615498,0.0394764499985774,0.2199863772285044,-0.02104767289333273,,,,,,
unit,A_ELIGIBLE_POOL_MATCHED,FEASIBLE_9,ESTIMATED,KEGG_INOSITOL_PHOSPHATE_METABOLISM,2,genept_scpa,,1,1000,50,8,11,11,0.3748002905445902,0.3943497741906127,0.08488450372302403,0.2199863772285044,0.1548139133160858,,,,,,
unit,B_PATHWAY_WIDE_UNIFORM,ALL_11,ESTIMATED,KEGG_INOSITOL_PHOSPHATE_METABOLISM,2,vanilla_scpa,,1,1000,50,8,50,11,0.2206899032842156,0.20152581099981998,0.07689317973875673,0.2199863772285044,0.0007035260557111955,,,,,,
unit,B_PATHWAY_WIDE_UNIFORM,ALL_11,ESTIMATED,KEGG_INOSITOL_PHOSPHATE_METABOLISM,2,genept_scpa,,1,1000,50,8,50,11,0.22493567504318288,0.20285640574703076,0.0815507364791223,0.2199863772285044,0.004949297814678483,,,,,,
unit,C_PHASE7_FALLBACK_MATCHED,ALL_11,ESTIMATED,KEGG_INOSITOL_PHOSPHATE_METABOLISM,2,vanilla_scpa,,1,1000,50,8,11,11,0.1963074634288365,0.19627458592132505,0.03888735583238472,0.2199863772285044,-0.023678913799667883,,,,,,
unit,C_PHASE7_FALLBACK_MATCHED,ALL_11,ESTIMATED,KEGG_INOSITOL_PHOSPHATE_METABOLISM,2,genept_scpa,,1,1000,50,8,11,11,0.3783843262371838,0.39023272017837235,0.08075388175162328,0.2199863772285044,0.15839794900867943,,,,,,
unit,A_ELIGIBLE_POOL_MATCHED,FEASIBLE_9,ESTIMATED,KEGG_INOSITOL_PHOSPHATE_METABOLISM,3,vanilla_scpa,,1,1000,50,8,11,11,0.19652849229493846,0.19444153257803654,0.03936812244004791,0.2199863772285044,-0.02345788493356593,,,,,,
unit,A_ELIGIBLE_POOL_MATCHED,FEASIBLE_9,ESTIMATED,KEGG_INOSITOL_PHOSPHATE_METABOLISM,3,genept_scpa,,1,1000,50,8,11,11,0.3707727817659951,0.3890215969330876,0.08428369024963626,0.2199863772285044,0.1507864045374907,,,,,,
unit,B_PATHWAY_WIDE_UNIFORM,ALL_11,ESTIMATED,KEGG_INOSITOL_PHOSPHATE_METABOLISM,3,vanilla_scpa,,1,1000,50,8,50,11,0.2204709136276322,0.20053996020573556,0.07745636922791092,0.2199863772285044,0.000484536399127794,,,,,,
unit,B_PATHWAY_WIDE_UNIFORM,ALL_11,ESTIMATED,KEGG_INOSITOL_PHOSPHATE_METABOLISM,3,genept_scpa,,1,1000,50,8,50,11,0.22039938939487028,0.1982855731152065,0.07953565683861791,0.2199863772285044,0.00041301216636588367,,,,,,
unit,C_PHASE7_FALLBACK_MATCHED,ALL_11,ESTIMATED,KEGG_INOSITOL_PHOSPHATE_METABOLISM,3,vanilla_scpa,,1,1000,50,8,11,11,0.19637235438826908,0.19627458592132505,0.03996897200126334,0.2199863772285044,-0.02361402284023531,,,,,,
unit,C_PHASE7_FALLBACK_MATCHED,ALL_11,ESTIMATED,KEGG_INOSITOL_PHOSPHATE_METABOLISM,3,genept_scpa,,1,1000,50,8,11,11,0.3698966575905725,0.3853000004349566,0.08599147420771243,0.2199863772285044,0.1499102803620681,,,,,,
unit,A_ELIGIBLE_POOL_MATCHED,FEASIBLE_9,ESTIMATED,KEGG_INOSITOL_PHOSPHATE_METABOLISM,4,vanilla_scpa,,1,1000,50,8,11,11,0.1973072379339019,0.1982744407413018,0.03806837812816824,0.2199863772285044,-0.022679139294602496,,,,,,
unit,A_ELIGIBLE_POOL_MATCHED,FEASIBLE_9,ESTIMATED,KEGG_INOSITOL_PHOSPHATE_METABOLISM,4,genept_scpa,,1,1000,50,8,11,11,0.37752327120619705,0.3955194000677194,0.08126496269010561,0.2199863772285044,0.15753689397769266,,,,,,
unit,B_PATHWAY_WIDE_UNIFORM,ALL_11,ESTIMATED,KEGG_INOSITOL_PHOSPHATE_METABOLISM,4,vanilla_scpa,,1,1000,50,8,50,11,0.22106908764321645,0.1974883298824831,0.08186856774143185,0.2199863772285044,0.001082710414712057,,,,,,
unit,B_PATHWAY_WIDE_UNIFORM,ALL_11,ESTIMATED,KEGG_INOSITOL_PHOSPHATE_METABOLISM,4,genept_scpa,,1,1000,50,8,50,11,0.22033511460725816,0.2018672580211811,0.07790208064262515,0.2199863772285044,0.0003487373787537662,,,,,,
unit,C_PHASE7_FALLBACK_MATCHED,ALL_11,ESTIMATED,KEGG_INOSITOL_PHOSPHATE_METABOLISM,4,vanilla_scpa,,1,1000,50,8,11,11,0.1972296950670954,0.19593814699792958,0.039352335364545646,0.2199863772285044,-0.022756682161408998,,,,,,
unit,C_PHASE7_FALLBACK_MATCHED,ALL_11,ESTIMATED,KEGG_INOSITOL_PHOSPHATE_METABOLISM,4,genept_scpa,,1,1000,50,8,11,11,0.3797159209848934,0.39508777340367585,0.0812897174552618,0.2199863772285044,0.15972954375638898,,,,,,
unit,A_ELIGIBLE_POOL_MATCHED,FEASIBLE_9,ESTIMATED,KEGG_INOSITOL_PHOSPHATE_METABOLISM,5,vanilla_scpa,,1,1000,50,8,11,11,0.1973904699992846,0.19627458592132505,0.039549151863258525,0.2199863772285044,-0.02259590722921978,,,,,,
unit,A_ELIGIBLE_POOL_MATCHED,FEASIBLE_9,ESTIMATED,KEGG_INOSITOL_PHOSPHATE_METABOLISM,5,genept_scpa,,1,1000,50,8,11,11,0.37806724331259817,0.39618488365245763,0.08202844723711583,0.2199863772285044,0.15808086608409377,,,,,,
unit,B_PATHWAY_WIDE_UNIFORM,ALL_11,ESTIMATED,KEGG_INOSITOL_PHOSPHATE_METABOLISM,5,vanilla_scpa,,1,1000,50,8,50,11,0.2236835352401967,0.1998015444923157,0.08254728225075617,0.2199863772285044,0.0036971580116923197,,,,,,
unit,B_PATHWAY_WIDE_UNIFORM,ALL_11,ESTIMATED,KEGG_INOSITOL_PHOSPHATE_METABOLISM,5,genept_scpa,,1,1000,50,8,50,11,0.22007868532802735,0.19740100510761474,0.08344154969906314,0.2199863772285044,9.23080995229586e-05,,,,,,
unit,C_PHASE7_FALLBACK_MATCHED,ALL_11,ESTIMATED,KEGG_INOSITOL_PHOSPHATE_METABOLISM,5,vanilla_scpa,,1,1000,50,8,11,11,0.1970292413776442,0.19716610285418512,0.039179985915835325,0.2199863772285044,-0.022957135850860205,,,,,,
unit,C_PHASE7_FALLBACK_MATCHED,ALL_11,ESTIMATED,KEGG_INOSITOL_PHOSPHATE_METABOLISM,5,genept_scpa,,1,1000,50,8,11,11,0.3743819497712686,0.3890215969330876,0.08361549882469645,0.2199863772285044,0.1543955725427642,,,,,,
unit,A_ELIGIBLE_POOL_MATCHED,FEASIBLE_9,ESTIMATED,KEGG_INOSITOL_PHOSPHATE_METABOLISM,6,vanilla_scpa,,1,1000,50,8,11,11,0.1964926595360882,0.1955952380952381,0.03914478887371159,0.2199863772285044,-0.023493717692416205,,,,,,
unit,A_ELIGIBLE_POOL_MATCHED,FEASIBLE_9,ESTIMATED,KEGG_INOSITOL_PHOSPHATE_METABOLISM,6,genept_scpa,,1,1000,50,8,11,11,0.3757458971662801,0.3955194000677194,0.08302121545895098,0.2199863772285044,0.1557595199377757,,,,,,
unit,B_PATHWAY_WIDE_UNIFORM,ALL_11,ESTIMATED,KEGG_INOSITOL_PHOSPHATE_METABOLISM,6,vanilla_scpa,,1,1000,50,8,50,11,0.21658057464758013,0.19366958724941588,0.0802097239612522,0.2199863772285044,-0.0034058025809242665,,,,,,
unit,B_PATHWAY_WIDE_UNIFORM,ALL_11,ESTIMATED,KEGG_INOSITOL_PHOSPHATE_METABOLISM,6,genept_scpa,,1,1000,50,8,50,11,0.22037714873226247,0.1980556094892813,0.0814227026654427,0.2199863772285044,0.000390771503758075,,,,,,
unit,C_PHASE7_FALLBACK_MATCHED,ALL_11,ESTIMATED,KEGG_INOSITOL_PHOSPHATE_METABOLISM,6,vanilla_scpa,,1,1000,50,8,11,11,0.19876281537466967,0.1982686808816846,0.0396366062676161,0.2199863772285044,-0.021223561853834727,,,,,,
unit,C_PHASE7_FALLBACK_MATCHED,ALL_11,ESTIMATED,KEGG_INOSITOL_PHOSPHATE_METABOLISM,6,genept_scpa,,1,1000,50,8,11,11,0.37182470447599325,0.3853000004349566,0.08329709056556037,0.2199863772285044,0.15183832724748886,,,,,,
unit,A_ELIGIBLE_POOL_MATCHED,FEASIBLE_9,ESTIMATED,KEGG_INOSITOL_PHOSPHATE_METABOLISM,7,vanilla_scpa,,1,1000,50,8,11,11,0.1969797288255838,0.19627458592132505,0.039517724914702,0.2199863772285044,-0.023006648402920604,,,,,,
unit,A_ELIGIBLE_POOL_MATCHED,FEASIBLE_9,ESTIMATED,KEGG_INOSITOL_PHOSPHATE_METABOLISM,7,genept_scpa,,1,1000,50,8,11,11,0.3785068524366268,0.3968503672371959,0.0813627827958669,0.2199863772285044,0.1585204752081224,,,,,,
unit,B_PATHWAY_WIDE_UNIFORM,ALL_11,ESTIMATED,KEGG_INOSITOL_PHOSPHATE_METABOLISM,7,vanilla_scpa,,1,1000,50,8,50,11,0.22258542884687516,0.19904470847165504,0.0831272946687594,0.2199863772285044,0.0025990516183707624,,,,,,
unit,B_PATHWAY_WIDE_UNIFORM,ALL_11,ESTIMATED,KEGG_INOSITOL_PHOSPHATE_METABOLISM,7,genept_scpa,,1,1000,50,8,50,11,0.22000827708968934,0.1978770449966102,0.07995985235571296,0.2199863772285044,2.1899861184948577e-05,,,,,,
unit,C_PHASE7_FALLBACK_MATCHED,ALL_11,ESTIMATED,KEGG_INOSITOL_PHOSPHATE_METABOLISM,7,vanilla_scpa,,1,1000,50,8,11,11,0.1974228886601477,0.19705477299615498,0.03807687394379246,0.2199863772285044,-0.022563488568356688,,,,,,
unit,C_PHASE7_FALLBACK_MATCHED,ALL_11,ESTIMATED,KEGG_INOSITOL_PHOSPHATE_METABOLISM,7,genept_scpa,,1,1000,50,8,11,11,0.3710839414985615,0.38497477419061266,0.08194925934342039,0.2199863772285044,0.1510975642700571,,,,,,
unit,A_ELIGIBLE_POOL_MATCHED,FEASIBLE_9,ESTIMATED,KEGG_INOSITOL_PHOSPHATE_METABOLISM,8,vanilla_scpa,,1,1000,50,8,11,11,0.19825966219757166,0.19759509291521485,0.03855790482535836,0.2199863772285044,-0.021726715030932736,,,,,,
unit,A_ELIGIBLE_POOL_MATCHED,FEASIBLE_9,ESTIMATED,KEGG_INOSITOL_PHOSPHATE_METABOLISM,8,genept_scpa,,1,1000,50,8,11,11,0.3773500391444203,0.39798948007296564,0.08524231969264447,0.2199863772285044,0.1573636619159159,,,,,,
unit,B_PATHWAY_WIDE_UNIFORM,ALL_11,ESTIMATED,KEGG_INOSITOL_PHOSPHATE_METABOLISM,8,vanilla_scpa,,1,1000,50,8,50,11,0.22318133556006206,0.2020767625211467,0.078910752805956,0.2199863772285044,0.003194958331557668,,,,,,
unit,B_PATHWAY_WIDE_UNIFORM,ALL_11,ESTIMATED,KEGG_INOSITOL_PHOSPHATE_METABOLISM,8,genept_scpa,,1,1000,50,8,50,11,0.2193408212488929,0.19826574413769119,0.08129762729593705,0.2199863772285044,-0.0006455559796114951,,,,,,
unit,C_PHASE7_FALLBACK_MATCHED,ALL_11,ESTIMATED,KEGG_INOSITOL_PHOSPHATE_METABOLISM,8,vanilla_scpa,,1,1000,50,8,11,11,0.19638011936285205,0.19627458592132505,0.038696663286381834,0.2199863772285044,-0.023606257865652347,,,,,,
unit,C_PHASE7_FALLBACK_MATCHED,ALL_11,ESTIMATED,KEGG_INOSITOL_PHOSPHATE_METABOLISM,8,genept_scpa,,1,1000,50,8,11,11,0.37468079187499975,0.3943497741906127,0.08517753623518498,0.2199863772285044,0.15469441464649536,,,,,,
unit,A_ELIGIBLE_POOL_MATCHED,FEASIBLE_9,ESTIMATED,KEGG_INOSITOL_PHOSPHATE_METABOLISM,9,vanilla_scpa,,1,1000,50,8,11,11,0.19723232561902898,0.19705477299615498,0.03859174028014439,0.2199863772285044,-0.022754051609475412,,,,,,
unit,A_ELIGIBLE_POOL_MATCHED,FEASIBLE_9,ESTIMATED,KEGG_INOSITOL_PHOSPHATE_METABOLISM,9,genept_scpa,,1,1000,50,8,11,11,0.377189652349234,0.3968503672371959,0.0819403034499255,0.2199863772285044,0.15720327512072962,,,,,,
unit,B_PATHWAY_WIDE_UNIFORM,ALL_11,ESTIMATED,KEGG_INOSITOL_PHOSPHATE_METABOLISM,9,vanilla_scpa,,1,1000,50,8,50,11,0.21935812336272772,0.19869572983258327,0.07704673277552238,0.2199863772285044,-0.0006282538657766679,,,,,,
unit,B_PATHWAY_WIDE_UNIFORM,ALL_11,ESTIMATED,KEGG_INOSITOL_PHOSPHATE_METABOLISM,9,genept_scpa,,1,1000,50,8,50,11,0.21951476496542063,0.1957850939288759,0.08094386741230813,0.2199863772285044,-0.00047161226308375936,,,,,,
unit,C_PHASE7_FALLBACK_MATCHED,ALL_11,ESTIMATED,KEGG_INOSITOL_PHOSPHATE_METABOLISM,9,vanilla_scpa,,1,1000,50,8,11,11,0.19658431087469005,0.19646059782608694,0.039412230167951444,0.2199863772285044,-0.023402066353814338,,,,,,
unit,C_PHASE7_FALLBACK_MATCHED,ALL_11,ESTIMATED,KEGG_INOSITOL_PHOSPHATE_METABOLISM,9,genept_scpa,,1,1000,50,8,11,11,0.3739384943247087,0.39023272017837235,0.08191462868963843,0.2199863772285044,0.15395211709620432,,,,,,
unit,A_ELIGIBLE_POOL_MATCHED,FEASIBLE_9,ESTIMATED,KEGG_INOSITOL_PHOSPHATE_METABOLISM,10,vanilla_scpa,,1,1000,50,8,11,11,0.19621832541531103,0.19627458592132505,0.039162037561174506,0.2199863772285044,-0.023768051813193358,,,,,,
unit,A_ELIGIBLE_POOL_MATCHED,FEASIBLE_9,ESTIMATED,KEGG_INOSITOL_PHOSPHATE_METABOLISM,10,genept_scpa,,1,1000,50,8,11,11,0.3757528677995724,0.39048948007296563,0.083260139699493,0.2199863772285044,0.155766490571068,,,,,,
unit,B_PATHWAY_WIDE_UNIFORM,ALL_11,ESTIMATED,KEGG_INOSITOL_PHOSPHATE_METABOLISM,10,vanilla_scpa,,1,1000,50,8,50,11,0.21643309922100662,0.19591703712366776,0.07610966776462302,0.2199863772285044,-0.0035532780074977732,,,,,,
unit,B_PATHWAY_WIDE_UNIFORM,ALL_11,ESTIMATED,KEGG_INOSITOL_PHOSPHATE_METABOLISM,10,genept_scpa,,1,1000,50,8,50,11,0.21603109901535772,0.1966342127518451,0.07746237520466771,0.2199863772285044,-0.0039552782131466735,,,,,,
unit,C_PHASE7_FALLBACK_MATCHED,ALL_11,ESTIMATED,KEGG_INOSITOL_PHOSPHATE_METABOLISM,10,vanilla_scpa,,1,1000,50,8,11,11,0.1988404365966075,0.19627458592132505,0.03874402135311835,0.2199863772285044,-0.021145940631896898,,,,,,
unit,C_PHASE7_FALLBACK_MATCHED,ALL_11,ESTIMATED,KEGG_INOSITOL_PHOSPHATE_METABOLISM,10,genept_scpa,,1,1000,50,8,11,11,0.37370891862068123,0.39023272017837235,0.08466762254852488,0.2199863772285044,0.15372254139217684,,,,,,
unit,A_ELIGIBLE_POOL_MATCHED,FEASIBLE_9,ESTIMATED,KEGG_INOSITOL_PHOSPHATE_METABOLISM,11,vanilla_scpa,,1,1000,50,8,11,11,0.19791563591931116,0.19716610285418512,0.03794079020300756,0.2199863772285044,-0.02207074130919323,,,,,,
unit,A_ELIGIBLE_POOL_MATCHED,FEASIBLE_9,ESTIMATED,KEGG_INOSITOL_PHOSPHATE_METABOLISM,11,genept_scpa,,1,1000,50,8,11,11,0.37751088653354314,0.3955194000677194,0.08136757734558085,0.2199863772285044,0.15752450930503875,,,,,,
unit,B_PATHWAY_WIDE_UNIFORM,ALL_11,ESTIMATED,KEGG_INOSITOL_PHOSPHATE_METABOLISM,11,vanilla_scpa,,1,1000,50,8,50,11,0.2204692838303273,0.1992800178427175,0.08079282926339078,0.2199863772285044,0.00048290660182290224,,,,,,
unit,B_PATHWAY_WIDE_UNIFORM,ALL_11,ESTIMATED,KEGG_INOSITOL_PHOSPHATE_METABOLISM,11,genept_scpa,,1,1000,50,8,50,11,0.22058027177582631,0.19888478200380755,0.08224378480291922,0.2199863772285044,0.0005938945473219215,,,,,,
unit,C_PHASE7_FALLBACK_MATCHED,ALL_11,ESTIMATED,KEGG_INOSITOL_PHOSPHATE_METABOLISM,11,vanilla_scpa,,1,1000,50,8,11,11,0.19816858520263883,0.19705477299615498,0.03908634086365523,0.2199863772285044,-0.021817792025865562,,,,,,
unit,C_PHASE7_FALLBACK_MATCHED,ALL_11,ESTIMATED,KEGG_INOSITOL_PHOSPHATE_METABOLISM,11,genept_scpa,,1,1000,50,8,11,11,0.3741431723804349,0.38968708051782586,0.0824137509257814,0.2199863772285044,0.15415679515193048,,,,,,
unit,A_ELIGIBLE_POOL_MATCHED,FEASIBLE_9,ESTIMATED,KEGG_INOSITOL_PHOSPHATE_METABOLISM,12,vanilla_scpa,,1,1000,50,8,11,11,0.19666516507351878,0.19627458592132505,0.03938253819124225,0.2199863772285044,-0.023321212154985616,,,,,,
unit,A_ELIGIBLE_POOL_MATCHED,FEASIBLE_9,ESTIMATED,KEGG_INOSITOL_PHOSPHATE_METABOLISM,12,genept_scpa,,1,1000,50,8,11,11,0.3777494827262009,0.39048948007296563,0.08336384604887595,0.2199863772285044,0.1577631054976965,,,,,,
unit,B_PATHWAY_WIDE_UNIFORM,ALL_11,ESTIMATED,KEGG_INOSITOL_PHOSPHATE_METABOLISM,12,vanilla_scpa,,1,1000,50,8,50,11,0.22025799542469277,0.1966650404376768,0.08115748070032093,0.2199863772285044,0.00027161819618837235,,,,,,
unit,B_PATHWAY_WIDE_UNIFORM,ALL_11,ESTIMATED,KEGG_INOSITOL_PHOSPHATE_METABOLISM,12,genept_scpa,,1,1000,50,8,50,11,0.21818429438479994,0.19686198542379693,0.07882618302537135,0.2199863772285044,-0.00180208284370445,,,,,,
unit,C_PHASE7_FALLBACK_MATCHED,ALL_11,ESTIMATED,KEGG_INOSITOL_PHOSPHATE_METABOLISM,12,vanilla_scpa,,1,1000,50,8,11,11,0.1953431126796114,0.19627458592132505,0.039320717963067665,0.2199863772285044,-0.024643264548892985,,,,,,
unit,C_PHASE7_FALLBACK_MATCHED,ALL_11,ESTIMATED,KEGG_INOSITOL_PHOSPHATE_METABOLISM,12,genept_scpa,,1,1000,50,8,11,11,0.37276799195291277,0.39048948007296563,0.08385660222592682,0.2199863772285044,0.15278161472440838,,,,,,
unit,A_ELIGIBLE_POOL_MATCHED,FEASIBLE_9,ESTIMATED,KEGG_INOSITOL_PHOSPHATE_METABOLISM,13,vanilla_scpa,,1,1000,50,8,11,11,0.1997777572605792,0.19864646455082563,0.03934513465549503,0.2199863772285044,-0.020208619967925195,,,,,,
unit,A_ELIGIBLE_POOL_MATCHED,FEASIBLE_9,ESTIMATED,KEGG_INOSITOL_PHOSPHATE_METABOLISM,13,genept_scpa,,1,1000,50,8,11,11,0.3718574095747552,0.3891414408572793,0.08566272893883452,0.2199863772285044,0.15187103234625082,,,,,,
unit,B_PATHWAY_WIDE_UNIFORM,ALL_11,ESTIMATED,KEGG_INOSITOL_PHOSPHATE_METABOLISM,13,vanilla_scpa,,1,1000,50,8,50,11,0.21832644446221447,0.19636408578981074,0.08081386923617463,0.2199863772285044,-0.0016599327662899233,,,,,,
unit,B_PATHWAY_WIDE_UNIFORM,ALL_11,ESTIMATED,KEGG_INOSITOL_PHOSPHATE_METABOLISM,13,genept_scpa,,1,1000,50,8,50,11,0.21946710686794174,0.19734576264181924,0.08193461763515375,0.2199863772285044,-0.0005192703605626514,,,,,,
unit,C_PHASE7_FALLBACK_MATCHED,ALL_11,ESTIMATED,KEGG_INOSITOL_PHOSPHATE_METABOLISM,13,vanilla_scpa,,1,1000,50,8,11,11,0.19657070269949178,0.19705477299615498,0.039586231372237025,0.2199863772285044,-0.02341567452901261,,,,,,
unit,C_PHASE7_FALLBACK_MATCHED,ALL_11,ESTIMATED,KEGG_INOSITOL_PHOSPHATE_METABOLISM,13,genept_scpa,,1,1000,50,8,11,11,0.37502531488877605,0.39048948007296563,0.08123840735287849,0.2199863772285044,0.15503893766027166,,,,,,
unit,A_ELIGIBLE_POOL_MATCHED,FEASIBLE_9,ESTIMATED,KEGG_INOSITOL_PHOSPHATE_METABOLISM,14,vanilla_scpa,,1,1000,50,8,11,11,0.19979618472346963,0.19863494483159116,0.04032242500663355,0.2199863772285044,-0.02019019250503476,,,,,,
unit,A_ELIGIBLE_POOL_MATCHED,FEASIBLE_9,ESTIMATED,KEGG_INOSITOL_PHOSPHATE_METABOLISM,14,genept_scpa,,1,1000,50,8,11,11,0.36696961026104974,0.37758953581432575,0.08304765649289829,0.2199863772285044,0.14698323303254535,,,,,,
unit,B_PATHWAY_WIDE_UNIFORM,ALL_11,ESTIMATED,KEGG_INOSITOL_PHOSPHATE_METABOLISM,14,vanilla_scpa,,1,1000,50,8,50,11,0.21625909282975686,0.19344032394784275,0.07945269253552759,0.2199863772285044,-0.0037272843987475324,,,,,,
unit,B_PATHWAY_WIDE_UNIFORM,ALL_11,ESTIMATED,KEGG_INOSITOL_PHOSPHATE_METABOLISM,14,genept_scpa,,1,1000,50,8,50,11,0.21791688546164575,0.19951504567875936,0.07556442655877216,0.2199863772285044,-0.0020694917668586388,,,,,,
unit,C_PHASE7_FALLBACK_MATCHED,ALL_11,ESTIMATED,KEGG_INOSITOL_PHOSPHATE_METABOLISM,14,vanilla_scpa,,1,1000,50,8,11,11,0.19734200918030695,0.19593814699792958,0.0391608229967741,0.2199863772285044,-0.022644368048197444,,,,,,
unit,C_PHASE7_FALLBACK_MATCHED,ALL_11,ESTIMATED,KEGG_INOSITOL_PHOSPHATE_METABOLISM,14,genept_scpa,,1,1000,50,8,11,11,0.3721948539106278,0.39048948007296563,0.08418990285091589,0.2199863772285044,0.1522084766821234,,,,,,
unit,A_ELIGIBLE_POOL_MATCHED,FEASIBLE_9,ESTIMATED,KEGG_INOSITOL_PHOSPHATE_METABOLISM,15,vanilla_scpa,,1,1000,50,8,11,11,0.19756152342801295,0.19627458592132505,0.04012001521678648,0.2199863772285044,-0.022424853800491445,,,,,,
unit,A_ELIGIBLE_POOL_MATCHED,FEASIBLE_9,ESTIMATED,KEGG_INOSITOL_PHOSPHATE_METABOLISM,15,genept_scpa,,1,1000,50,8,11,11,0.38125378618002387,0.39986448007296566,0.08324085235793702,0.2199863772285044,0.16126740895151948,,,,,,
unit,B_PATHWAY_WIDE_UNIFORM,ALL_11,ESTIMATED,KEGG_INOSITOL_PHOSPHATE_METABOLISM,15,vanilla_scpa,,1,1000,50,8,50,11,0.21936261379956842,0.19335807872170035,0.08235207847661381,0.2199863772285044,-0.0006237634289359695,,,,,,
unit,B_PATHWAY_WIDE_UNIFORM,ALL_11,ESTIMATED,KEGG_INOSITOL_PHOSPHATE_METABOLISM,15,genept_scpa,,1,1000,50,8,50,11,0.22174393162493972,0.20156881811502397,0.07874718001438721,0.2199863772285044,0.0017575543964353235,,,,,,
unit,C_PHASE7_FALLBACK_MATCHED,ALL_11,ESTIMATED,KEGG_INOSITOL_PHOSPHATE_METABOLISM,15,vanilla_scpa,,1,1000,50,8,11,11,0.19794788154730344,0.1982744407413018,0.0390700129532374,0.2199863772285044,-0.022038495681200948,,,,,,
unit,C_PHASE7_FALLBACK_MATCHED,ALL_11,ESTIMATED,KEGG_INOSITOL_PHOSPHATE_METABOLISM,15,genept_scpa,,1,1000,50,8,11,11,0.3732236862281144,0.3891414408572793,0.08469403758912655,0.2199863772285044,0.15323730899961002,,,,,,
unit,A_ELIGIBLE_POOL_MATCHED,FEASIBLE_9,ESTIMATED,KEGG_INOSITOL_PHOSPHATE_METABOLISM,16,vanilla_scpa,,1,1000,50,8,11,11,0.1999657410320526,0.19826292102206736,0.040493147408298236,0.2199863772285044,-0.02002063619645178,,,,,,
unit,A_ELIGIBLE_POOL_MATCHED,FEASIBLE_9,ESTIMATED,KEGG_INOSITOL_PHOSPHATE_METABOLISM,16,genept_scpa,,1,1000,50,8,11,11,0.3724070631878727,0.38890175300889585,0.08406506426499104,0.2199863772285044,0.1524206859593683,,,,,,
unit,B_PATHWAY_WIDE_UNIFORM,ALL_11,ESTIMATED,KEGG_INOSITOL_PHOSPHATE_METABOLISM,16,vanilla_scpa,,1,1000,50,8,50,11,0.22183447584938043,0.20008027320134097,0.08395970007694596,0.2199863772285044,0.0018480986208760375,,,,,,
unit,B_PATHWAY_WIDE_UNIFORM,ALL_11,ESTIMATED,KEGG_INOSITOL_PHOSPHATE_METABOLISM,16,genept_scpa,,1,1000,50,8,50,11,0.21959690666583465,0.19986977360033964,0.07847015217487827,0.2199863772285044,-0.000389470562669747,,,,,,
unit,C_PHASE7_FALLBACK_MATCHED,ALL_11,ESTIMATED,KEGG_INOSITOL_PHOSPHATE_METABOLISM,16,vanilla_scpa,,1,1000,50,8,11,11,0.19887781875619193,0.1982744407413018,0.03845960168320559,0.2199863772285044,-0.021108558472312466,,,,,,
unit,C_PHASE7_FALLBACK_MATCHED,ALL_11,ESTIMATED,KEGG_INOSITOL_PHOSPHATE_METABOLISM,16,genept_scpa,,1,1000,50,8,11,11,0.37247681823955897,0.3943497741906127,0.0825441431127189,0.2199863772285044,0.15249044101105458,,,,,,
unit,A_ELIGIBLE_POOL_MATCHED,FEASIBLE_9,ESTIMATED,KEGG_INOSITOL_PHOSPHATE_METABOLISM,17,vanilla_scpa,,1,1000,50,8,11,11,0.1977719629624119,0.19705477299615498,0.03982197638242565,0.2199863772285044,-0.022214414266092497,,,,,,
unit,A_ELIGIBLE_POOL_MATCHED,FEASIBLE_9,ESTIMATED,KEGG_INOSITOL_PHOSPHATE_METABOLISM,17,genept_scpa,,1,1000,50,8,11,11,0.37699628136204316,0.3946561467396323,0.08040857593910203,0.2199863772285044,0.15700990413353877,,,,,,
unit,B_PATHWAY_WIDE_UNIFORM,ALL_11,ESTIMATED,KEGG_INOSITOL_PHOSPHATE_METABOLISM,17,vanilla_scpa,,1,1000,50,8,50,11,0.21713126403304056,0.19249194876912357,0.0814403123575076,0.2199863772285044,-0.002855113195463832,,,,,,
unit,B_PATHWAY_WIDE_UNIFORM,ALL_11,ESTIMATED,KEGG_INOSITOL_PHOSPHATE_METABOLISM,17,genept_scpa,,1,1000,50,8,50,11,0.21741218491885153,0.19567656568004144,0.07744235999216764,0.2199863772285044,-0.002574192309652862,,,,,,
unit,C_PHASE7_FALLBACK_MATCHED,ALL_11,ESTIMATED,KEGG_INOSITOL_PHOSPHATE_METABOLISM,17,vanilla_scpa,,1,1000,50,8,11,11,0.1970365630342805,0.19705477299615498,0.039435681046590766,0.2199863772285044,-0.0229498141942239,,,,,,
unit,C_PHASE7_FALLBACK_MATCHED,ALL_11,ESTIMATED,KEGG_INOSITOL_PHOSPHATE_METABOLISM,17,genept_scpa,,1,1000,50,8,11,11,0.3743490598145612,0.3891414408572793,0.08244959451098353,0.2199863772285044,0.1543626825860568,,,,,,
unit,A_ELIGIBLE_POOL_MATCHED,FEASIBLE_9,ESTIMATED,KEGG_INOSITOL_PHOSPHATE_METABOLISM,18,vanilla_scpa,,1,1000,50,8,11,11,0.19760721305078233,0.19705477299615498,0.03913185339382787,0.2199863772285044,-0.022379164177722066,,,,,,
unit,A_ELIGIBLE_POOL_MATCHED,FEASIBLE_9,ESTIMATED,KEGG_INOSITOL_PHOSPHATE_METABOLISM,18,genept_scpa,,1,1000,50,8,11,11,0.3709447673634671,0.3943497741906127,0.0849939964900835,0.2199863772285044,0.1509583901349627,,,,,,
unit,B_PATHWAY_WIDE_UNIFORM,ALL_11,ESTIMATED,KEGG_INOSITOL_PHOSPHATE_METABOLISM,18,vanilla_scpa,,1,1000,50,8,50,11,0.21538644110935443,0.19670333980742372,0.07450411104036725,0.2199863772285044,-0.004599936119149967,,,,,,
unit,B_PATHWAY_WIDE_UNIFORM,ALL_11,ESTIMATED,KEGG_INOSITOL_PHOSPHATE_METABOLISM,18,genept_scpa,,1,1000,50,8,50,11,0.22010931493294278,0.19667010257128903,0.07959830095722256,0.2199863772285044,0.00012293770443838614,,,,,,
unit,C_PHASE7_FALLBACK_MATCHED,ALL_11,ESTIMATED,KEGG_INOSITOL_PHOSPHATE_METABOLISM,18,vanilla_scpa,,1,1000,50,8,11,11,0.19837040759141228,0.19685069136350192,0.03887279324062967,0.2199863772285044,-0.021615969637092114,,,,,,
unit,C_PHASE7_FALLBACK_MATCHED,ALL_11,ESTIMATED,KEGG_INOSITOL_PHOSPHATE_METABOLISM,18,genept_scpa,,1,1000,50,8,11,11,0.3691331881785602,0.38497477419061266,0.08430387403562847,0.2199863772285044,0.14914681095005583,,,,,,
unit,A_ELIGIBLE_POOL_MATCHED,FEASIBLE_9,ESTIMATED,KEGG_INOSITOL_PHOSPHATE_METABOLISM,19,vanilla_scpa,,1,1000,50,8,11,11,0.1966062665292566,0.19593814699792958,0.039985615062375,0.2199863772285044,-0.02338011069924778,,,,,,
unit,A_ELIGIBLE_POOL_MATCHED,FEASIBLE_9,ESTIMATED,KEGG_INOSITOL_PHOSPHATE_METABOLISM,19,genept_scpa,,1,1000,50,8,11,11,0.3789692977422296,0.39798948007296564,0.08007869416080496,0.2199863772285044,0.1589829205137252,,,,,,
unit,B_PATHWAY_WIDE_UNIFORM,ALL_11,ESTIMATED,KEGG_INOSITOL_PHOSPHATE_METABOLISM,19,vanilla_scpa,,1,1000,50,8,50,11,0.22269379020884925,0.20113194344898222,0.08294250780051153,0.2199863772285044,0.0027074129803448532,,,,,,
unit,B_PATHWAY_WIDE_UNIFORM,ALL_11,ESTIMATED,KEGG_INOSITOL_PHOSPHATE_METABOLISM,19,genept_scpa,,1,1000,50,8,50,11,0.22128486765115082,0.20122864660364326,0.08251601929349744,0.2199863772285044,0.001298490422646431,,,,,,
unit,C_PHASE7_FALLBACK_MATCHED,ALL_11,ESTIMATED,KEGG_INOSITOL_PHOSPHATE_METABOLISM,19,vanilla_scpa,,1,1000,50,8,11,11,0.19865030943634082,0.1979290069686411,0.03847073506021066,0.2199863772285044,-0.02133606779216357,,,,,,
unit,C_PHASE7_FALLBACK_MATCHED,ALL_11,ESTIMATED,KEGG_INOSITOL_PHOSPHATE_METABOLISM,19,genept_scpa,,1,1000,50,8,11,11,0.3696118012656568,0.38497477419061266,0.08344946910926943,0.2199863772285044,0.1496254240371524,,,,,,
unit,A_ELIGIBLE_POOL_MATCHED,FEASIBLE_9,ESTIMATED,KEGG_INOSITOL_PHOSPHATE_METABOLISM,20,vanilla_scpa,,1,1000,50,8,11,11,0.19724666619513215,0.19627458592132505,0.03704036090250644,0.2199863772285044,-0.022739711033372245,,,,,,
unit,A_ELIGIBLE_POOL_MATCHED,FEASIBLE_9,ESTIMATED,KEGG_INOSITOL_PHOSPHATE_METABOLISM,20,genept_scpa,,1,1000,50,8,11,11,0.3702717954258069,0.3853000004349566,0.08438236009228398,0.2199863772285044,0.1502854181973025,,,,,,
unit,B_PATHWAY_WIDE_UNIFORM,ALL_11,ESTIMATED,KEGG_INOSITOL_PHOSPHATE_METABOLISM,20,vanilla_scpa,,1,1000,50,8,50,11,0.2205079117727293,0.19969920196249463,0.07994400399175781,0.2199863772285044,0.0005215345442249053,,,,,,
unit,B_PATHWAY_WIDE_UNIFORM,ALL_11,ESTIMATED,KEGG_INOSITOL_PHOSPHATE_METABOLISM,20,genept_scpa,,1,1000,50,8,50,11,0.21869758865215325,0.19582800123975747,0.07763632524531658,0.2199863772285044,-0.0012887885763511464,,,,,,
unit,C_PHASE7_FALLBACK_MATCHED,ALL_11,ESTIMATED,KEGG_INOSITOL_PHOSPHATE_METABOLISM,20,vanilla_scpa,,1,1000,50,8,11,11,0.1970985565521277,0.19759509291521485,0.03899188964322212,0.2199863772285044,-0.02288782067637668,,,,,,
unit,C_PHASE7_FALLBACK_MATCHED,ALL_11,ESTIMATED,KEGG_INOSITOL_PHOSPHATE_METABOLISM,20,genept_scpa,,1,1000,50,8,11,11,0.3755690524420471,0.3943497741906127,0.08113325429952338,0.2199863772285044,0.1555826752135427,,,,,,
unit,A_ELIGIBLE_POOL_MATCHED,FEASIBLE_9,ESTIMATED,KEGG_PORPHYRIN_AND_CHLOROPHYLL_METABOLISM,1,vanilla_scpa,,1,1000,20,3,4,4,0.36828043525102355,0.43977591036414565,0.1354708926911799,0.26621466887221734,0.10206576637880621,,,,,,
unit,A_ELIGIBLE_POOL_MATCHED,FEASIBLE_9,ESTIMATED,KEGG_PORPHYRIN_AND_CHLOROPHYLL_METABOLISM,1,genept_scpa,,1,1000,20,3,4,4,0.3864278752436647,0.46003898635477586,0.13930443228209294,0.26621466887221734,0.12021320637144733,,,,,,
unit,B_PATHWAY_WIDE_UNIFORM,ALL_11,ESTIMATED,KEGG_PORPHYRIN_AND_CHLOROPHYLL_METABOLISM,1,vanilla_scpa,,1,1000,20,3,20,4,0.2578955409657422,0.2125,0.1365799737281152,0.26621466887221734,-0.008319127906475154,,,,,,
unit,B_PATHWAY_WIDE_UNIFORM,ALL_11,ESTIMATED,KEGG_PORPHYRIN_AND_CHLOROPHYLL_METABOLISM,1,genept_scpa,,1,1000,20,3,20,4,0.2622228406354567,0.21278258778258777,0.1414417882640885,0.26621466887221734,-0.003991828236760642,,,,,,
unit,C_PHASE7_FALLBACK_MATCHED,ALL_11,ESTIMATED,KEGG_PORPHYRIN_AND_CHLOROPHYLL_METABOLISM,1,vanilla_scpa,,1,1000,20,3,4,4,0.3721923076923077,0.4434389140271493,0.13402615033460138,0.26621466887221734,0.10597763882009037,,,,,,
unit,C_PHASE7_FALLBACK_MATCHED,ALL_11,ESTIMATED,KEGG_PORPHYRIN_AND_CHLOROPHYLL_METABOLISM,1,genept_scpa,,1,1000,20,3,4,4,0.38852095516569196,0.44152046783625737,0.1368676000388662,0.26621466887221734,0.12230628629347462,,,,,,
unit,A_ELIGIBLE_POOL_MATCHED,FEASIBLE_9,ESTIMATED,KEGG_PORPHYRIN_AND_CHLOROPHYLL_METABOLISM,2,vanilla_scpa,,1,1000,20,3,4,4,0.36864910579616467,0.4434389140271493,0.13605313647658598,0.26621466887221734,0.10243443692394733,,,,,,
unit,A_ELIGIBLE_POOL_MATCHED,FEASIBLE_9,ESTIMATED,KEGG_PORPHYRIN_AND_CHLOROPHYLL_METABOLISM,2,genept_scpa,,1,1000,20,3,4,4,0.3855872319688109,0.44152046783625737,0.13928630846203227,0.26621466887221734,0.11937256309659355,,,,,,
unit,B_PATHWAY_WIDE_UNIFORM,ALL_11,ESTIMATED,KEGG_PORPHYRIN_AND_CHLOROPHYLL_METABOLISM,2,vanilla_scpa,,1,1000,20,3,20,4,0.2681928913292303,0.21378968253968253,0.15698773128982763,0.26621466887221734,0.001978222457012957,,,,,,
unit,B_PATHWAY_WIDE_UNIFORM,ALL_11,ESTIMATED,KEGG_PORPHYRIN_AND_CHLOROPHYLL_METABOLISM,2,genept_scpa,,1,1000,20,3,20,4,0.2684311785107451,0.2158119658119658,0.15359967626234003,0.26621466887221734,0.002216509638527764,,,,,,
unit,C_PHASE7_FALLBACK_MATCHED,ALL_11,ESTIMATED,KEGG_PORPHYRIN_AND_CHLOROPHYLL_METABOLISM,2,vanilla_scpa,,1,1000,20,3,4,4,0.3696024563671623,0.43977591036414565,0.13513895265715017,0.26621466887221734,0.10338778749494498,,,,,,
unit,C_PHASE7_FALLBACK_MATCHED,ALL_11,ESTIMATED,KEGG_PORPHYRIN_AND_CHLOROPHYLL_METABOLISM,2,genept_scpa,,1,1000,20,3,4,4,0.3865346003898635,0.46003898635477586,0.13828488110162324,0.26621466887221734,0.12031993151764614,,,,,,
unit,A_ELIGIBLE_POOL_MATCHED,FEASIBLE_9,ESTIMATED,KEGG_PORPHYRIN_AND_CHLOROPHYLL_METABOLISM,3,vanilla_scpa,,1,1000,20,3,4,4,0.3664936436112907,0.43977591036414565,0.13661360144343884,0.26621466887221734,0.10027897473907338,,,,,,
unit,A_ELIGIBLE_POOL_MATCHED,FEASIBLE_9,ESTIMATED,KEGG_PORPHYRIN_AND_CHLOROPHYLL_METABOLISM,3,genept_scpa,,1,1000,20,3,4,4,0.38426218323586736,0.46003898635477586,0.14026109006822995,0.26621466887221734,0.11804751436365002,,,,,,
unit,B_PATHWAY_WIDE_UNIFORM,ALL_11,ESTIMATED,KEGG_PORPHYRIN_AND_CHLOROPHYLL_METABOLISM,3,vanilla_scpa,,1,1000,20,3,20,4,0.27264918452863496,0.22314814814814815,0.14929885547271576,0.26621466887221734,0.0064345156564176165,,,,,,
unit,B_PATHWAY_WIDE_UNIFORM,ALL_11,ESTIMATED,KEGG_PORPHYRIN_AND_CHLOROPHYLL_METABOLISM,3,genept_scpa,,1,1000,20,3,20,4,0.2729686282514069,0.2222222222222222,0.14712886920585677,0.26621466887221734,0.006753959379189545,,,,,,
unit,C_PHASE7_FALLBACK_MATCHED,ALL_11,ESTIMATED,KEGG_PORPHYRIN_AND_CHLOROPHYLL_METABOLISM,3,vanilla_scpa,,1,1000,20,3,4,4,0.37301777634130584,0.4434389140271493,0.13337210131561214,0.26621466887221734,0.1068031074690885,,,,,,
unit,C_PHASE7_FALLBACK_MATCHED,ALL_11,ESTIMATED,KEGG_PORPHYRIN_AND_CHLOROPHYLL_METABOLISM,3,genept_scpa,,1,1000,20,3,4,4,0.3895765107212476,0.46003898635477586,0.13631975598950982,0.26621466887221734,0.12336184184903026,,,,,,
unit,A_ELIGIBLE_POOL_MATCHED,FEASIBLE_9,ESTIMATED,KEGG_PORPHYRIN_AND_CHLOROPHYLL_METABOLISM,4,vanilla_scpa,,1,1000,20,3,4,4,0.3633659771600949,0.43977591036414565,0.1387182251430407,0.26621466887221734,0.09715130828787755,,,,,,
unit,A_ELIGIBLE_POOL_MATCHED,FEASIBLE_9,ESTIMATED,KEGG_PORPHYRIN_AND_CHLOROPHYLL_METABOLISM,4,genept_scpa,,1,1000,20,3,4,4,0.37939083820662767,0.44152046783625737,0.14134849180305611,0.26621466887221734,0.11317616933441033,,,,,,
unit,B_PATHWAY_WIDE_UNIFORM,ALL_11,ESTIMATED,KEGG_PORPHYRIN_AND_CHLOROPHYLL_METABOLISM,4,vanilla_scpa,,1,1000,20,3,20,4,0.2665839945128258,0.21706349206349207,0.14539942036399592,0.26621466887221734,0.0003693256406084311,,,,,,
unit,B_PATHWAY_WIDE_UNIFORM,ALL_11,ESTIMATED,KEGG_PORPHYRIN_AND_CHLOROPHYLL_METABOLISM,4,genept_scpa,,1,1000,20,3,20,4,0.26653976836000826,0.2143323996265173,0.14676170497762261,0.26621466887221734,0.00032509948779091413,,,,,,
unit,C_PHASE7_FALLBACK_MATCHED,ALL_11,ESTIMATED,KEGG_PORPHYRIN_AND_CHLOROPHYLL_METABOLISM,4,vanilla_scpa,,1,1000,20,3,4,4,0.372006679594915,0.4434389140271493,0.13354743412252074,0.26621466887221734,0.10579201072269767,,,,,,
unit,C_PHASE7_FALLBACK_MATCHED,ALL_11,ESTIMATED,KEGG_PORPHYRIN_AND_CHLOROPHYLL_METABOLISM,4,genept_scpa,,1,1000,20,3,4,4,0.38950194931773874,0.46003898635477586,0.13698618920116523,0.26621466887221734,0.1232872804455214,,,,,,
unit,A_ELIGIBLE_POOL_MATCHED,FEASIBLE_9,ESTIMATED,KEGG_PORPHYRIN_AND_CHLOROPHYLL_METABOLISM,5,vanilla_scpa,,1,1000,20,3,4,4,0.37486371471665597,0.43977591036414565,0.13177107995564843,0.26621466887221734,0.10864904584443863,,,,,,
unit,A_ELIGIBLE_POOL_MATCHED,FEASIBLE_9,ESTIMATED,KEGG_PORPHYRIN_AND_CHLOROPHYLL_METABOLISM,5,genept_scpa,,1,1000,20,3,4,4,0.39167738791423,0.46003898635477586,0.1347694647337489,0.26621466887221734,0.12546271904201267,,,,,,
unit,B_PATHWAY_WIDE_UNIFORM,ALL_11,ESTIMATED,KEGG_PORPHYRIN_AND_CHLOROPHYLL_METABOLISM,5,vanilla_scpa,,1,1000,20,3,20,4,0.271817111261345,0.21867690058479533,0.15494804095848647,0.26621466887221734,0.00560244238912766,,,,,,
unit,B_PATHWAY_WIDE_UNIFORM,ALL_11,ESTIMATED,KEGG_PORPHYRIN_AND_CHLOROPHYLL_METABOLISM,5,genept_scpa,,1,1000,20,3,20,4,0.2723892956186687,0.21623093681917213,0.15201214218045236,0.26621466887221734,0.0061746267464513616,,,,,,
unit,C_PHASE7_FALLBACK_MATCHED,ALL_11,ESTIMATED,KEGG_PORPHYRIN_AND_CHLOROPHYLL_METABOLISM,5,vanilla_scpa,,1,1000,20,3,4,4,0.3669287868993752,0.4434389140271493,0.13687393899426914,0.26621466887221734,0.10071411802715785,,,,,,
unit,C_PHASE7_FALLBACK_MATCHED,ALL_11,ESTIMATED,KEGG_PORPHYRIN_AND_CHLOROPHYLL_METABOLISM,5,genept_scpa,,1,1000,20,3,4,4,0.38341812865497077,0.44152046783625737,0.13980319150668988,0.26621466887221734,0.11720345978275343,,,,,,
unit,A_ELIGIBLE_POOL_MATCHED,FEASIBLE_9,ESTIMATED,KEGG_PORPHYRIN_AND_CHLOROPHYLL_METABOLISM,6,vanilla_scpa,,1,1000,20,3,4,4,0.36842006033182506,0.43977591036414565,0.1359238990028568,0.26621466887221734,0.10220539145960772,,,,,,
unit,A_ELIGIBLE_POOL_MATCHED,FEASIBLE_9,ESTIMATED,KEGG_PORPHYRIN_AND_CHLOROPHYLL_METABOLISM,6,genept_scpa,,1,1000,20,3,4,4,0.38490643274853803,0.46003898635477586,0.13881828071742386,0.26621466887221734,0.11869176387632069,,,,,,
unit,B_PATHWAY_WIDE_UNIFORM,ALL_11,ESTIMATED,KEGG_PORPHYRIN_AND_CHLOROPHYLL_METABOLISM,6,vanilla_scpa,,1,1000,20,3,20,4,0.26920716305538284,0.2143323996265173,0.14792394979686682,0.26621466887221734,0.002992494183165495,,,,,,
unit,B_PATHWAY_WIDE_UNIFORM,ALL_11,ESTIMATED,KEGG_PORPHYRIN_AND_CHLOROPHYLL_METABOLISM,6,genept_scpa,,1,1000,20,3,20,4,0.26596693671538874,0.21519635335424808,0.14485982210485618,0.26621466887221734,-0.00024773215682860616,,,,,,
unit,C_PHASE7_FALLBACK_MATCHED,ALL_11,ESTIMATED,KEGG_PORPHYRIN_AND_CHLOROPHYLL_METABOLISM,6,vanilla_scpa,,1,1000,20,3,4,4,0.3654708037060979,0.43977591036414565,0.13782490353497584,0.26621466887221734,0.09925613483388057,,,,,,
unit,C_PHASE7_FALLBACK_MATCHED,ALL_11,ESTIMATED,KEGG_PORPHYRIN_AND_CHLOROPHYLL_METABOLISM,6,genept_scpa,,1,1000,20,3,4,4,0.38112475633528264,0.44152046783625737,0.14024984519116568,0.26621466887221734,0.1149100874630653,,,,,,
unit,A_ELIGIBLE_POOL_MATCHED,FEASIBLE_9,ESTIMATED,KEGG_PORPHYRIN_AND_CHLOROPHYLL_METABOLISM,7,vanilla_scpa,,1,1000,20,3,4,4,0.36374574445162694,0.4434389140271493,0.1385841796735308,0.26621466887221734,0.0975310755794096,,,,,,
unit,A_ELIGIBLE_POOL_MATCHED,FEASIBLE_9,ESTIMATED,KEGG_PORPHYRIN_AND_CHLOROPHYLL_METABOLISM,7,genept_scpa,,1,1000,20,3,4,4,0.3807743664717349,0.44152046783625737,0.14188643657833674,0.26621466887221734,0.11455969759951756,,,,,,
unit,B_PATHWAY_WIDE_UNIFORM,ALL_11,ESTIMATED,KEGG_PORPHYRIN_AND_CHLOROPHYLL_METABOLISM,7,vanilla_scpa,,1,1000,20,3,20,4,0.26728531641646963,0.21780626780626783,0.14475561086949443,0.26621466887221734,0.00107064754425229,,,,,,
unit,B_PATHWAY_WIDE_UNIFORM,ALL_11,ESTIMATED,KEGG_PORPHYRIN_AND_CHLOROPHYLL_METABOLISM,7,genept_scpa,,1,1000,20,3,20,4,0.26546836393454043,0.2158119658119658,0.14663128306512146,0.26621466887221734,-0.0007463049376769115,,,,,,
unit,C_PHASE7_FALLBACK_MATCHED,ALL_11,ESTIMATED,KEGG_PORPHYRIN_AND_CHLOROPHYLL_METABOLISM,7,vanilla_scpa,,1,1000,20,3,4,4,0.3641469510881276,0.4434389140271493,0.13846912323272872,0.26621466887221734,0.09793228221591027,,,,,,
unit,C_PHASE7_FALLBACK_MATCHED,ALL_11,ESTIMATED,KEGG_PORPHYRIN_AND_CHLOROPHYLL_METABOLISM,7,genept_scpa,,1,1000,20,3,4,4,0.3806340155945419,0.44152046783625737,0.14143398608388558,0.26621466887221734,0.11441934672232457,,,,,,
unit,A_ELIGIBLE_POOL_MATCHED,FEASIBLE_9,ESTIMATED,KEGG_PORPHYRIN_AND_CHLOROPHYLL_METABOLISM,8,vanilla_scpa,,1,1000,20,3,4,4,0.37078829993535883,0.4434389140271493,0.13471098288404043,0.26621466887221734,0.10457363106314149,,,,,,
unit,A_ELIGIBLE_POOL_MATCHED,FEASIBLE_9,ESTIMATED,KEGG_PORPHYRIN_AND_CHLOROPHYLL_METABOLISM,8,genept_scpa,,1,1000,20,3,4,4,0.38766812865497075,0.46003898635477586,0.13787050826398406,0.26621466887221734,0.1214534597827534,,,,,,
unit,B_PATHWAY_WIDE_UNIFORM,ALL_11,ESTIMATED,KEGG_PORPHYRIN_AND_CHLOROPHYLL_METABOLISM,8,vanilla_scpa,,1,1000,20,3,20,4,0.26978839777067326,0.2222222222222222,0.14408911259685592,0.26621466887221734,0.003573728898455919,,,,,,
unit,B_PATHWAY_WIDE_UNIFORM,ALL_11,ESTIMATED,KEGG_PORPHYRIN_AND_CHLOROPHYLL_METABOLISM,8,genept_scpa,,1,1000,20,3,20,4,0.2688076650215969,0.22132936507936507,0.1465188340877355,0.26621466887221734,0.0025929961493795783,,,,,,
unit,C_PHASE7_FALLBACK_MATCHED,ALL_11,ESTIMATED,KEGG_PORPHYRIN_AND_CHLOROPHYLL_METABOLISM,8,vanilla_scpa,,1,1000,20,3,4,4,0.36668250377073913,0.4434389140271493,0.13709234864940464,0.26621466887221734,0.10046783489852179,,,,,,
unit,C_PHASE7_FALLBACK_MATCHED,ALL_11,ESTIMATED,KEGG_PORPHYRIN_AND_CHLOROPHYLL_METABOLISM,8,genept_scpa,,1,1000,20,3,4,4,0.3829985380116959,0.44152046783625737,0.13992866082038996,0.26621466887221734,0.11678386913947858,,,,,,
unit,A_ELIGIBLE_POOL_MATCHED,FEASIBLE_9,ESTIMATED,KEGG_PORPHYRIN_AND_CHLOROPHYLL_METABOLISM,9,vanilla_scpa,,1,1000,20,3,4,4,0.36919812540400776,0.4434389140271493,0.13564276965400707,0.26621466887221734,0.10298345653179042,,,,,,
unit,A_ELIGIBLE_POOL_MATCHED,FEASIBLE_9,ESTIMATED,KEGG_PORPHYRIN_AND_CHLOROPHYLL_METABOLISM,9,genept_scpa,,1,1000,20,3,4,4,0.38535087719298244,0.44152046783625737,0.13835529015491846,0.26621466887221734,0.1191362083207651,,,,,,
unit,B_PATHWAY_WIDE_UNIFORM,ALL_11,ESTIMATED,KEGG_PORPHYRIN_AND_CHLOROPHYLL_METABOLISM,9,vanilla_scpa,,1,1000,20,3,20,4,0.2655987537216252,0.2100389863547758,0.15118369154604563,0.26621466887221734,-0.0006159151505921168,,,,,,
unit,B_PATHWAY_WIDE_UNIFORM,ALL_11,ESTIMATED,KEGG_PORPHYRIN_AND_CHLOROPHYLL_METABOLISM,9,genept_scpa,,1,1000,20,3,20,4,0.267016726111579,0.2125,0.15291910371042305,0.26621466887221734,0.0008020572393616643,,,,,,
unit,C_PHASE7_FALLBACK_MATCHED,ALL_11,ESTIMATED,KEGG_PORPHYRIN_AND_CHLOROPHYLL_METABOLISM,9,vanilla_scpa,,1,1000,20,3,4,4,0.3669710191769016,0.43977591036414565,0.13690299309597537,0.26621466887221734,0.10075635030468427,,,,,,
unit,C_PHASE7_FALLBACK_MATCHED,ALL_11,ESTIMATED,KEGG_PORPHYRIN_AND_CHLOROPHYLL_METABOLISM,9,genept_scpa,,1,1000,20,3,4,4,0.38253313840155945,0.44152046783625737,0.1392425812247155,0.26621466887221734,0.1163184695293421,,,,,,
unit,A_ELIGIBLE_POOL_MATCHED,FEASIBLE_9,ESTIMATED,KEGG_PORPHYRIN_AND_CHLOROPHYLL_METABOLISM,10,vanilla_scpa,,1,1000,20,3,4,4,0.36009685412626596,0.43977591036414565,0.1406289062100691,0.26621466887221734,0.09388218525404862,,,,,,
unit,A_ELIGIBLE_POOL_MATCHED,FEASIBLE_9,ESTIMATED,KEGG_PORPHYRIN_AND_CHLOROPHYLL_METABOLISM,10,genept_scpa,,1,1000,20,3,4,4,0.3756569200779727,0.44152046783625737,0.14301337487126775,0.26621466887221734,0.10944225120575535,,,,,,
unit,B_PATHWAY_WIDE_UNIFORM,ALL_11,ESTIMATED,KEGG_PORPHYRIN_AND_CHLOROPHYLL_METABOLISM,10,vanilla_scpa,,1,1000,20,3,20,4,0.26422879090150764,0.21623093681917213,0.142931233046621,0.26621466887221734,-0.001985877970709704,,,,,,
unit,B_PATHWAY_WIDE_UNIFORM,ALL_11,ESTIMATED,KEGG_PORPHYRIN_AND_CHLOROPHYLL_METABOLISM,10,genept_scpa,,1,1000,20,3,20,4,0.2636009570208487,0.21470191315392556,0.14167649134544053,0.26621466887221734,-0.002613711851368661,,,,,,
unit,C_PHASE7_FALLBACK_MATCHED,ALL_11,ESTIMATED,KEGG_PORPHYRIN_AND_CHLOROPHYLL_METABOLISM,10,vanilla_scpa,,1,1000,20,3,4,4,0.3695461107519932,0.4434389140271493,0.13547467438420974,0.26621466887221734,0.10333144187977583,,,,,,
unit,C_PHASE7_FALLBACK_MATCHED,ALL_11,ESTIMATED,KEGG_PORPHYRIN_AND_CHLOROPHYLL_METABOLISM,10,genept_scpa,,1,1000,20,3,4,4,0.3860034113060428,0.44152046783625737,0.13838533923193888,0.26621466887221734,0.11978874243382548,,,,,,
unit,A_ELIGIBLE_POOL_MATCHED,FEASIBLE_9,ESTIMATED,KEGG_PORPHYRIN_AND_CHLOROPHYLL_METABOLISM,11,vanilla_scpa,,1,1000,20,3,4,4,0.3692782805429865,0.4434389140271493,0.13568708350438202,0.26621466887221734,0.10306361167076916,,,,,,
unit,A_ELIGIBLE_POOL_MATCHED,FEASIBLE_9,ESTIMATED,KEGG_PORPHYRIN_AND_CHLOROPHYLL_METABOLISM,11,genept_scpa,,1,1000,20,3,4,4,0.3857129629629629,0.44152046783625737,0.13859707361529436,0.26621466887221734,0.11949829409074558,,,,,,
unit,B_PATHWAY_WIDE_UNIFORM,ALL_11,ESTIMATED,KEGG_PORPHYRIN_AND_CHLOROPHYLL_METABOLISM,11,vanilla_scpa,,1,1000,20,3,20,4,0.2712138669551982,0.21666666666666667,0.14835660086723848,0.26621466887221734,0.004999198082980882,,,,,,
unit,B_PATHWAY_WIDE_UNIFORM,ALL_11,ESTIMATED,KEGG_PORPHYRIN_AND_CHLOROPHYLL_METABOLISM,11,genept_scpa,,1,1000,20,3,20,4,0.27358650842048676,0.22178932178932179,0.14906444639560654,0.26621466887221734,0.007371839548269421,,,,,,
unit,C_PHASE7_FALLBACK_MATCHED,ALL_11,ESTIMATED,KEGG_PORPHYRIN_AND_CHLOROPHYLL_METABOLISM,11,vanilla_scpa,,1,1000,20,3,4,4,0.3747601809954752,0.4434389140271493,0.13209215901835958,0.26621466887221734,0.10854551212325786,,,,,,
unit,C_PHASE7_FALLBACK_MATCHED,ALL_11,ESTIMATED,KEGG_PORPHYRIN_AND_CHLOROPHYLL_METABOLISM,11,genept_scpa,,1,1000,20,3,4,4,0.39106042884990255,0.46003898635477586,0.13483239102532896,0.26621466887221734,0.12484575997768521,,,,,,
unit,A_ELIGIBLE_POOL_MATCHED,FEASIBLE_9,ESTIMATED,KEGG_PORPHYRIN_AND_CHLOROPHYLL_METABOLISM,12,vanilla_scpa,,1,1000,20,3,4,4,0.36450614091790573,0.43977591036414565,0.13796296907583375,0.26621466887221734,0.09829147204568839,,,,,,
unit,A_ELIGIBLE_POOL_MATCHED,FEASIBLE_9,ESTIMATED,KEGG_PORPHYRIN_AND_CHLOROPHYLL_METABOLISM,12,genept_scpa,,1,1000,20,3,4,4,0.3819039961013645,0.46003898635477586,0.1414520647278422,0.26621466887221734,0.11568932722914715,,,,,,
unit,B_PATHWAY_WIDE_UNIFORM,ALL_11,ESTIMATED,KEGG_PORPHYRIN_AND_CHLOROPHYLL_METABOLISM,12,vanilla_scpa,,1,1000,20,3,20,4,0.262792331712262,0.22196969696969698,0.13188923204255493,0.26621466887221734,-0.0034223371599553243,,,,,,
unit,B_PATHWAY_WIDE_UNIFORM,ALL_11,ESTIMATED,KEGG_PORPHYRIN_AND_CHLOROPHYLL_METABOLISM,12,genept_scpa,,1,1000,20,3,20,4,0.2655678014394733,0.2215728715728716,0.134840050270599,0.26621466887221734,-0.0006468674327440582,,,,,,
unit,C_PHASE7_FALLBACK_MATCHED,ALL_11,ESTIMATED,KEGG_PORPHYRIN_AND_CHLOROPHYLL_METABOLISM,12,vanilla_scpa,,1,1000,20,3,4,4,0.3688098470157295,0.43977591036414565,0.1357881488629804,0.26621466887221734,0.10259517814351216,,,,,,
unit,C_PHASE7_FALLBACK_MATCHED,ALL_11,ESTIMATED,KEGG_PORPHYRIN_AND_CHLOROPHYLL_METABOLISM,12,genept_scpa,,1,1000,20,3,4,4,0.3843606237816764,0.44152046783625737,0.13809991317778086,0.26621466887221734,0.11814595490945906,,,,,,
unit,A_ELIGIBLE_POOL_MATCHED,FEASIBLE_9,ESTIMATED,KEGG_PORPHYRIN_AND_CHLOROPHYLL_METABOLISM,13,vanilla_scpa,,1,1000,20,3,4,4,0.366934065934066,0.43977591036414565,0.13687757180755858,0.26621466887221734,0.10071939706184868,,,,,,
unit,A_ELIGIBLE_POOL_MATCHED,FEASIBLE_9,ESTIMATED,KEGG_PORPHYRIN_AND_CHLOROPHYLL_METABOLISM,13,genept_scpa,,1,1000,20,3,4,4,0.38330750487329435,0.44152046783625737,0.13973354505409918,0.26621466887221734,0.117092836001077,,,,,,
unit,B_PATHWAY_WIDE_UNIFORM,ALL_11,ESTIMATED,KEGG_PORPHYRIN_AND_CHLOROPHYLL_METABOLISM,13,vanilla_scpa,,1,1000,20,3,20,4,0.26833477160810754,0.21750700280112045,0.14854424125639132,0.26621466887221734,0.0021201027358901947,,,,,,
unit,B_PATHWAY_WIDE_UNIFORM,ALL_11,ESTIMATED,KEGG_PORPHYRIN_AND_CHLOROPHYLL_METABOLISM,13,genept_scpa,,1,1000,20,3,20,4,0.26647846177586887,0.21453634085213033,0.14766384047993883,0.26621466887221734,0.0002637929036515274,,,,,,
unit,C_PHASE7_FALLBACK_MATCHED,ALL_11,ESTIMATED,KEGG_PORPHYRIN_AND_CHLOROPHYLL_METABOLISM,13,vanilla_scpa,,1,1000,20,3,4,4,0.36344408532643835,0.43977591036414565,0.1387645145514693,0.26621466887221734,0.09722941645422101,,,,,,
unit,C_PHASE7_FALLBACK_MATCHED,ALL_11,ESTIMATED,KEGG_PORPHYRIN_AND_CHLOROPHYLL_METABOLISM,13,genept_scpa,,1,1000,20,3,4,4,0.3795808966861598,0.44152046783625737,0.1414871886722893,0.26621466887221734,0.11336622781394246,,,,,,
unit,A_ELIGIBLE_POOL_MATCHED,FEASIBLE_9,ESTIMATED,KEGG_PORPHYRIN_AND_CHLOROPHYLL_METABOLISM,14,vanilla_scpa,,1,1000,20,3,4,4,0.3622181641887525,0.43977591036414565,0.1394505505463034,0.26621466887221734,0.09600349531653518,,,,,,
unit,A_ELIGIBLE_POOL_MATCHED,FEASIBLE_9,ESTIMATED,KEGG_PORPHYRIN_AND_CHLOROPHYLL_METABOLISM,14,genept_scpa,,1,1000,20,3,4,4,0.37789766081871345,0.44152046783625737,0.14188444264830546,0.26621466887221734,0.11168299194649611,,,,,,
unit,B_PATHWAY_WIDE_UNIFORM,ALL_11,ESTIMATED,KEGG_PORPHYRIN_AND_CHLOROPHYLL_METABOLISM,14,vanilla_scpa,,1,1000,20,3,20,4,0.26436244562111433,0.2192982456140351,0.1452037688334885,0.26621466887221734,-0.0018522232511030134,,,,,,
unit,B_PATHWAY_WIDE_UNIFORM,ALL_11,ESTIMATED,KEGG_PORPHYRIN_AND_CHLOROPHYLL_METABOLISM,14,genept_scpa,,1,1000,20,3,20,4,0.2631729632066706,0.21602145131556896,0.14602757434296876,0.26621466887221734,-0.0030417056655467345,,,,,,
unit,C_PHASE7_FALLBACK_MATCHED,ALL_11,ESTIMATED,KEGG_PORPHYRIN_AND_CHLOROPHYLL_METABOLISM,14,vanilla_scpa,,1,1000,20,3,4,4,0.36424951519069176,0.43977591036414565,0.13780717952028465,0.26621466887221734,0.09803484631847442,,,,,,
unit,C_PHASE7_FALLBACK_MATCHED,ALL_11,ESTIMATED,KEGG_PORPHYRIN_AND_CHLOROPHYLL_METABOLISM,14,genept_scpa,,1,1000,20,3,4,4,0.3822309941520468,0.46003898635477586,0.1416163189448821,0.26621466887221734,0.11601632527982947,,,,,,
unit,A_ELIGIBLE_POOL_MATCHED,FEASIBLE_9,ESTIMATED,KEGG_PORPHYRIN_AND_CHLOROPHYLL_METABOLISM,15,vanilla_scpa,,1,1000,20,3,4,4,0.3624153199741436,0.43977591036414565,0.13920840971644854,0.26621466887221734,0.09620065110192627,,,,,,
unit,A_ELIGIBLE_POOL_MATCHED,FEASIBLE_9,ESTIMATED,KEGG_PORPHYRIN_AND_CHLOROPHYLL_METABOLISM,15,genept_scpa,,1,1000,20,3,4,4,0.3794541910331384,0.44152046783625737,0.14251637299978664,0.26621466887221734,0.11323952216092104,,,,,,
unit,B_PATHWAY_WIDE_UNIFORM,ALL_11,ESTIMATED,KEGG_PORPHYRIN_AND_CHLOROPHYLL_METABOLISM,15,vanilla_scpa,,1,1000,20,3,20,4,0.2779668879223059,0.22549019607843138,0.15829504486166207,0.26621466887221734,0.011752219050088553,,,,,,
unit,B_PATHWAY_WIDE_UNIFORM,ALL_11,ESTIMATED,KEGG_PORPHYRIN_AND_CHLOROPHYLL_METABOLISM,15,genept_scpa,,1,1000,20,3,20,4,0.27872705549094867,0.22777777777777777,0.15555655983821642,0.26621466887221734,0.01251238661873133,,,,,,
unit,C_PHASE7_FALLBACK_MATCHED,ALL_11,ESTIMATED,KEGG_PORPHYRIN_AND_CHLOROPHYLL_METABOLISM,15,vanilla_scpa,,1,1000,20,3,4,4,0.37037287222581344,0.4434389140271493,0.13483998553569085,0.26621466887221734,0.1041582033535961,,,,,,
unit,C_PHASE7_FALLBACK_MATCHED,ALL_11,ESTIMATED,KEGG_PORPHYRIN_AND_CHLOROPHYLL_METABOLISM,15,genept_scpa,,1,1000,20,3,4,4,0.3879990253411306,0.46003898635477586,0.13844146000858584,0.26621466887221734,0.12178435646891328,,,,,,
unit,A_ELIGIBLE_POOL_MATCHED,FEASIBLE_9,ESTIMATED,KEGG_PORPHYRIN_AND_CHLOROPHYLL_METABOLISM,16,vanilla_scpa,,1,1000,20,3,4,4,0.3663010127127775,0.43977591036414565,0.1368657068117343,0.26621466887221734,0.10008634384056014,,,,,,
unit,A_ELIGIBLE_POOL_MATCHED,FEASIBLE_9,ESTIMATED,KEGG_PORPHYRIN_AND_CHLOROPHYLL_METABOLISM,16,genept_scpa,,1,1000,20,3,4,4,0.3833630604288498,0.46003898635477586,0.14009402834296425,0.26621466887221734,0.11714839155663248,,,,,,
unit,B_PATHWAY_WIDE_UNIFORM,ALL_11,ESTIMATED,KEGG_PORPHYRIN_AND_CHLOROPHYLL_METABOLISM,16,vanilla_scpa,,1,1000,20,3,20,4,0.271713161523146,0.22079538108949875,0.1498188068969655,0.26621466887221734,0.005498492650928666,,,,,,
unit,B_PATHWAY_WIDE_UNIFORM,ALL_11,ESTIMATED,KEGG_PORPHYRIN_AND_CHLOROPHYLL_METABOLISM,16,genept_scpa,,1,1000,20,3,20,4,0.27234428261796684,0.2199074074074074,0.15040260786825818,0.26621466887221734,0.006129613745749496,,,,,,
unit,C_PHASE7_FALLBACK_MATCHED,ALL_11,ESTIMATED,KEGG_PORPHYRIN_AND_CHLOROPHYLL_METABOLISM,16,vanilla_scpa,,1,1000,20,3,4,4,0.3642321697909934,0.43977591036414565,0.1381605595759163,0.26621466887221734,0.09801750091877603,,,,,,
unit,C_PHASE7_FALLBACK_MATCHED,ALL_11,ESTIMATED,KEGG_PORPHYRIN_AND_CHLOROPHYLL_METABOLISM,16,genept_scpa,,1,1000,20,3,4,4,0.3810974658869395,0.46003898635477586,0.14131712841315555,0.26621466887221734,0.11488279701472215,,,,,,
unit,A_ELIGIBLE_POOL_MATCHED,FEASIBLE_9,ESTIMATED,KEGG_PORPHYRIN_AND_CHLOROPHYLL_METABOLISM,17,vanilla_scpa,,1,1000,20,3,4,4,0.36535369532428363,0.43977591036414565,0.1377533760166838,0.26621466887221734,0.09913902645206629,,,,,,
unit,A_ELIGIBLE_POOL_MATCHED,FEASIBLE_9,ESTIMATED,KEGG_PORPHYRIN_AND_CHLOROPHYLL_METABOLISM,17,genept_scpa,,1,1000,20,3,4,4,0.381537037037037,0.44152046783625737,0.14049712635671543,0.26621466887221734,0.11532236816481967,,,,,,
unit,B_PATHWAY_WIDE_UNIFORM,ALL_11,ESTIMATED,KEGG_PORPHYRIN_AND_CHLOROPHYLL_METABOLISM,17,vanilla_scpa,,1,1000,20,3,20,4,0.26995945192148746,0.21746031746031746,0.15067655191372195,0.26621466887221734,0.0037447830492701173,,,,,,
unit,B_PATHWAY_WIDE_UNIFORM,ALL_11,ESTIMATED,KEGG_PORPHYRIN_AND_CHLOROPHYLL_METABOLISM,17,genept_scpa,,1,1000,20,3,20,4,0.2666859899832423,0.21555435305435303,0.14592904161085646,0.26621466887221734,0.000471321111024936,,,,,,
unit,C_PHASE7_FALLBACK_MATCHED,ALL_11,ESTIMATED,KEGG_PORPHYRIN_AND_CHLOROPHYLL_METABOLISM,17,vanilla_scpa,,1,1000,20,3,4,4,0.36720620555914685,0.43977591036414565,0.1363076244396221,0.26621466887221734,0.1009915366869295,,,,,,
unit,C_PHASE7_FALLBACK_MATCHED,ALL_11,ESTIMATED,KEGG_PORPHYRIN_AND_CHLOROPHYLL_METABOLISM,17,genept_scpa,,1,1000,20,3,4,4,0.3844673489278752,0.46003898635477586,0.13964274125759493,0.26621466887221734,0.11825268005565787,,,,,,
unit,A_ELIGIBLE_POOL_MATCHED,FEASIBLE_9,ESTIMATED,KEGG_PORPHYRIN_AND_CHLOROPHYLL_METABOLISM,18,vanilla_scpa,,1,1000,20,3,4,4,0.36937502693385055,0.4434389140271493,0.1357462230833299,0.26621466887221734,0.1031603580616332,,,,,,
unit,A_ELIGIBLE_POOL_MATCHED,FEASIBLE_9,ESTIMATED,KEGG_PORPHYRIN_AND_CHLOROPHYLL_METABOLISM,18,genept_scpa,,1,1000,20,3,4,4,0.38497514619883044,0.44152046783625737,0.13814943062369703,0.26621466887221734,0.1187604773266131,,,,,,
unit,B_PATHWAY_WIDE_UNIFORM,ALL_11,ESTIMATED,KEGG_PORPHYRIN_AND_CHLOROPHYLL_METABOLISM,18,vanilla_scpa,,1,1000,20,3,20,4,0.27481243916185866,0.22123015873015872,0.15632513760610736,0.26621466887221734,0.008597770289641316,,,,,,
unit,B_PATHWAY_WIDE_UNIFORM,ALL_11,ESTIMATED,KEGG_PORPHYRIN_AND_CHLOROPHYLL_METABOLISM,18,genept_scpa,,1,1000,20,3,20,4,0.2753714503619302,0.21755368814192344,0.1569822123764417,0.26621466887221734,0.009156781489712884,,,,,,
unit,C_PHASE7_FALLBACK_MATCHED,ALL_11,ESTIMATED,KEGG_PORPHYRIN_AND_CHLOROPHYLL_METABOLISM,18,vanilla_scpa,,1,1000,20,3,4,4,0.36914081017022204,0.4434389140271493,0.13560758630726108,0.26621466887221734,0.1029261412980047,,,,,,
unit,C_PHASE7_FALLBACK_MATCHED,ALL_11,ESTIMATED,KEGG_PORPHYRIN_AND_CHLOROPHYLL_METABOLISM,18,genept_scpa,,1,1000,20,3,4,4,0.3857997076023391,0.46003898635477586,0.13862689365863554,0.26621466887221734,0.11958503873012177,,,,,,
unit,A_ELIGIBLE_POOL_MATCHED,FEASIBLE_9,ESTIMATED,KEGG_PORPHYRIN_AND_CHLOROPHYLL_METABOLISM,19,vanilla_scpa,,1,1000,20,3,4,4,0.36833872010342605,0.43977591036414565,0.13587624996319372,0.26621466887221734,0.10212405123120871,,,,,,
unit,A_ELIGIBLE_POOL_MATCHED,FEASIBLE_9,ESTIMATED,KEGG_PORPHYRIN_AND_CHLOROPHYLL_METABOLISM,19,genept_scpa,,1,1000,20,3,4,4,0.38499902534113056,0.46003898635477586,0.13886222469971055,0.26621466887221734,0.11878435646891322,,,,,,
unit,B_PATHWAY_WIDE_UNIFORM,ALL_11,ESTIMATED,KEGG_PORPHYRIN_AND_CHLOROPHYLL_METABOLISM,19,vanilla_scpa,,1,1000,20,3,20,4,0.2756531176254086,0.22156084656084657,0.14967340188611425,0.26621466887221734,0.009438448753191275,,,,,,
unit,B_PATHWAY_WIDE_UNIFORM,ALL_11,ESTIMATED,KEGG_PORPHYRIN_AND_CHLOROPHYLL_METABOLISM,19,genept_scpa,,1,1000,20,3,20,4,0.274411243013952,0.22178932178932179,0.15113425500509683,0.26621466887221734,0.008196574141734636,,,,,,
unit,C_PHASE7_FALLBACK_MATCHED,ALL_11,ESTIMATED,KEGG_PORPHYRIN_AND_CHLOROPHYLL_METABOLISM,19,vanilla_scpa,,1,1000,20,3,4,4,0.363475867269985,0.4434389140271493,0.1387802112400471,0.26621466887221734,0.09726119839776765,,,,,,
unit,C_PHASE7_FALLBACK_MATCHED,ALL_11,ESTIMATED,KEGG_PORPHYRIN_AND_CHLOROPHYLL_METABOLISM,19,genept_scpa,,1,1000,20,3,4,4,0.38031189083820666,0.44152046783625737,0.14197029363577243,0.26621466887221734,0.11409722196598931,,,,,,
unit,A_ELIGIBLE_POOL_MATCHED,FEASIBLE_9,ESTIMATED,KEGG_PORPHYRIN_AND_CHLOROPHYLL_METABOLISM,20,vanilla_scpa,,1,1000,20,3,4,4,0.3692489765136825,0.4434389140271493,0.13567144304178075,0.26621466887221734,0.10303430764146515,,,,,,
unit,A_ELIGIBLE_POOL_MATCHED,FEASIBLE_9,ESTIMATED,KEGG_PORPHYRIN_AND_CHLOROPHYLL_METABOLISM,20,genept_scpa,,1,1000,20,3,4,4,0.3854673489278752,0.44152046783625737,0.13843768461427744,0.26621466887221734,0.11925268005565787,,,,,,
unit,B_PATHWAY_WIDE_UNIFORM,ALL_11,ESTIMATED,KEGG_PORPHYRIN_AND_CHLOROPHYLL_METABOLISM,20,vanilla_scpa,,1,1000,20,3,20,4,0.26995732036997516,0.21666666666666667,0.14870633438182745,0.26621466887221734,0.0037426514977578207,,,,,,
unit,B_PATHWAY_WIDE_UNIFORM,ALL_11,ESTIMATED,KEGG_PORPHYRIN_AND_CHLOROPHYLL_METABOLISM,20,genept_scpa,,1,1000,20,3,20,4,0.27044448429823814,0.21536796536796535,0.14844366081035304,0.26621466887221734,0.0042298154260208,,,,,,
unit,C_PHASE7_FALLBACK_MATCHED,ALL_11,ESTIMATED,KEGG_PORPHYRIN_AND_CHLOROPHYLL_METABOLISM,20,vanilla_scpa,,1,1000,20,3,4,4,0.36589915966386566,0.43977591036414565,0.13735258823861374,0.26621466887221734,0.09968449079164832,,,,,,
unit,C_PHASE7_FALLBACK_MATCHED,ALL_11,ESTIMATED,KEGG_PORPHYRIN_AND_CHLOROPHYLL_METABOLISM,20,genept_scpa,,1,1000,20,3,4,4,0.3826647173489279,0.4507797270955166,0.14044892810056747,0.26621466887221734,0.11645004847671053,,,,,,
unit,A_ELIGIBLE_POOL_MATCHED,FEASIBLE_9,ESTIMATED,REACTOME_BILE_ACID_AND_BILE_SALT_METABOLISM,1,vanilla_scpa,,1,1000,23,4,4,4,0.24642857142857144,0.24642857142857144,0.0,0.27658406859812246,-0.030155497169551015,,,,,,
unit,A_ELIGIBLE_POOL_MATCHED,FEASIBLE_9,ESTIMATED,REACTOME_BILE_ACID_AND_BILE_SALT_METABOLISM,1,genept_scpa,,1,1000,23,4,4,4,0.3735119047619048,0.37351190476190477,5.55389276409176e-17,0.27658406859812246,0.09692783616378237,,,,,,
unit,B_PATHWAY_WIDE_UNIFORM,ALL_11,ESTIMATED,REACTOME_BILE_ACID_AND_BILE_SALT_METABOLISM,1,vanilla_scpa,,1,1000,23,4,23,4,0.26709531026230615,0.22457542457542456,0.12393205690642888,0.27658406859812246,-0.009488758335816305,,,,,,
unit,B_PATHWAY_WIDE_UNIFORM,ALL_11,ESTIMATED,REACTOME_BILE_ACID_AND_BILE_SALT_METABOLISM,1,genept_scpa,,1,1000,23,4,23,4,0.2770342356880156,0.2416618104118104,0.12563706939868297,0.27658406859812246,0.0004501670898931498,,,,,,
unit,C_PHASE7_FALLBACK_MATCHED,ALL_11,ESTIMATED,REACTOME_BILE_ACID_AND_BILE_SALT_METABOLISM,1,vanilla_scpa,,1,1000,23,4,4,4,0.24642857142857144,0.24642857142857144,0.0,0.27658406859812246,-0.030155497169551015,,,,,,
unit,C_PHASE7_FALLBACK_MATCHED,ALL_11,ESTIMATED,REACTOME_BILE_ACID_AND_BILE_SALT_METABOLISM,1,genept_scpa,,1,1000,23,4,4,4,0.3735119047619048,0.37351190476190477,5.55389276409176e-17,0.27658406859812246,0.09692783616378237,,,,,,
unit,A_ELIGIBLE_POOL_MATCHED,FEASIBLE_9,ESTIMATED,REACTOME_BILE_ACID_AND_BILE_SALT_METABOLISM,2,vanilla_scpa,,1,1000,23,4,4,4,0.24642857142857144,0.24642857142857144,0.0,0.27658406859812246,-0.030155497169551015,,,,,,
unit,A_ELIGIBLE_POOL_MATCHED,FEASIBLE_9,ESTIMATED,REACTOME_BILE_ACID_AND_BILE_SALT_METABOLISM,2,genept_scpa,,1,1000,23,4,4,4,0.3735119047619048,0.37351190476190477,5.55389276409176e-17,0.27658406859812246,0.09692783616378237,,,,,,
unit,B_PATHWAY_WIDE_UNIFORM,ALL_11,ESTIMATED,REACTOME_BILE_ACID_AND_BILE_SALT_METABOLISM,2,vanilla_scpa,,1,1000,23,4,23,4,0.2795754615693138,0.24273021708683473,0.1271435972488626,0.27658406859812246,0.002991392971191331,,,,,,
unit,B_PATHWAY_WIDE_UNIFORM,ALL_11,ESTIMATED,REACTOME_BILE_ACID_AND_BILE_SALT_METABOLISM,2,genept_scpa,,1,1000,23,4,23,4,0.2767101797042061,0.23368186090225562,0.13205142718146523,0.27658406859812246,0.0001261111060836262,,,,,,
unit,C_PHASE7_FALLBACK_MATCHED,ALL_11,ESTIMATED,REACTOME_BILE_ACID_AND_BILE_SALT_METABOLISM,2,vanilla_scpa,,1,1000,23,4,4,4,0.24642857142857144,0.24642857142857144,0.0,0.27658406859812246,-0.030155497169551015,,,,,,
unit,C_PHASE7_FALLBACK_MATCHED,ALL_11,ESTIMATED,REACTOME_BILE_ACID_AND_BILE_SALT_METABOLISM,2,genept_scpa,,1,1000,23,4,4,4,0.3735119047619048,0.37351190476190477,5.55389276409176e-17,0.27658406859812246,0.09692783616378237,,,,,,
unit,A_ELIGIBLE_POOL_MATCHED,FEASIBLE_9,ESTIMATED,REACTOME_BILE_ACID_AND_BILE_SALT_METABOLISM,3,vanilla_scpa,,1,1000,23,4,4,4,0.24642857142857144,0.24642857142857144,0.0,0.27658406859812246,-0.030155497169551015,,,,,,
unit,A_ELIGIBLE_POOL_MATCHED,FEASIBLE_9,ESTIMATED,REACTOME_BILE_ACID_AND_BILE_SALT_METABOLISM,3,genept_scpa,,1,1000,23,4,4,4,0.3735119047619048,0.37351190476190477,5.55389276409176e-17,0.27658406859812246,0.09692783616378237,,,,,,
unit,B_PATHWAY_WIDE_UNIFORM,ALL_11,ESTIMATED,REACTOME_BILE_ACID_AND_BILE_SALT_METABOLISM,3,vanilla_scpa,,1,1000,23,4,23,4,0.2778093238939946,0.2399159663865546,0.12689980124942232,0.27658406859812246,0.0012252552958721408,,,,,,
unit,B_PATHWAY_WIDE_UNIFORM,ALL_11,ESTIMATED,REACTOME_BILE_ACID_AND_BILE_SALT_METABOLISM,3,genept_scpa,,1,1000,23,4,23,4,0.2793939937122655,0.23753501400560223,0.13060938361832886,0.27658406859812246,0.0028099251141430193,,,,,,
unit,C_PHASE7_FALLBACK_MATCHED,ALL_11,ESTIMATED,REACTOME_BILE_ACID_AND_BILE_SALT_METABOLISM,3,vanilla_scpa,,1,1000,23,4,4,4,0.24642857142857144,0.24642857142857144,0.0,0.27658406859812246,-0.030155497169551015,,,,,,
unit,C_PHASE7_FALLBACK_MATCHED,ALL_11,ESTIMATED,REACTOME_BILE_ACID_AND_BILE_SALT_METABOLISM,3,genept_scpa,,1,1000,23,4,4,4,0.3735119047619048,0.37351190476190477,5.55389276409176e-17,0.27658406859812246,0.09692783616378237,,,,,,
unit,A_ELIGIBLE_POOL_MATCHED,FEASIBLE_9,ESTIMATED,REACTOME_BILE_ACID_AND_BILE_SALT_METABOLISM,4,vanilla_scpa,,1,1000,23,4,4,4,0.24642857142857144,0.24642857142857144,0.0,0.27658406859812246,-0.030155497169551015,,,,,,
unit,A_ELIGIBLE_POOL_MATCHED,FEASIBLE_9,ESTIMATED,REACTOME_BILE_ACID_AND_BILE_SALT_METABOLISM,4,genept_scpa,,1,1000,23,4,4,4,0.3735119047619048,0.37351190476190477,5.55389276409176e-17,0.27658406859812246,0.09692783616378237,,,,,,
unit,B_PATHWAY_WIDE_UNIFORM,ALL_11,ESTIMATED,REACTOME_BILE_ACID_AND_BILE_SALT_METABOLISM,4,vanilla_scpa,,1,1000,23,4,23,4,0.2755691925659704,0.2341117216117216,0.13088460223447526,0.27658406859812246,-0.0010148760321520567,,,,,,
unit,B_PATHWAY_WIDE_UNIFORM,ALL_11,ESTIMATED,REACTOME_BILE_ACID_AND_BILE_SALT_METABOLISM,4,genept_scpa,,1,1000,23,4,23,4,0.273777930059557,0.23510909380474596,0.1289696194158327,0.27658406859812246,-0.0028061385385654836,,,,,,
unit,C_PHASE7_FALLBACK_MATCHED,ALL_11,ESTIMATED,REACTOME_BILE_ACID_AND_BILE_SALT_METABOLISM,4,vanilla_scpa,,1,1000,23,4,4,4,0.24642857142857144,0.24642857142857144,0.0,0.27658406859812246,-0.030155497169551015,,,,,,
unit,C_PHASE7_FALLBACK_MATCHED,ALL_11,ESTIMATED,REACTOME_BILE_ACID_AND_BILE_SALT_METABOLISM,4,genept_scpa,,1,1000,23,4,4,4,0.3735119047619048,0.37351190476190477,5.55389276409176e-17,0.27658406859812246,0.09692783616378237,,,,,,
unit,A_ELIGIBLE_POOL_MATCHED,FEASIBLE_9,ESTIMATED,REACTOME_BILE_ACID_AND_BILE_SALT_METABOLISM,5,vanilla_scpa,,1,1000,23,4,4,4,0.24642857142857144,0.24642857142857144,0.0,0.27658406859812246,-0.030155497169551015,,,,,,
unit,A_ELIGIBLE_POOL_MATCHED,FEASIBLE_9,ESTIMATED,REACTOME_BILE_ACID_AND_BILE_SALT_METABOLISM,5,genept_scpa,,1,1000,23,4,4,4,0.3735119047619048,0.37351190476190477,5.55389276409176e-17,0.27658406859812246,0.09692783616378237,,,,,,
unit,B_PATHWAY_WIDE_UNIFORM,ALL_11,ESTIMATED,REACTOME_BILE_ACID_AND_BILE_SALT_METABOLISM,5,vanilla_scpa,,1,1000,23,4,23,4,0.2772726607067925,0.23769931049342813,0.13048571250981245,0.27658406859812246,0.0006885921086700608,,,,,,
unit,B_PATHWAY_WIDE_UNIFORM,ALL_11,ESTIMATED,REACTOME_BILE_ACID_AND_BILE_SALT_METABOLISM,5,genept_scpa,,1,1000,23,4,23,4,0.27191092407633494,0.23418982977806507,0.12501213685675627,0.27658406859812246,-0.00467314452178752,,,,,,
unit,C_PHASE7_FALLBACK_MATCHED,ALL_11,ESTIMATED,REACTOME_BILE_ACID_AND_BILE_SALT_METABOLISM,5,vanilla_scpa,,1,1000,23,4,4,4,0.24642857142857144,0.24642857142857144,0.0,0.27658406859812246,-0.030155497169551015,,,,,,
unit,C_PHASE7_FALLBACK_MATCHED,ALL_11,ESTIMATED,REACTOME_BILE_ACID_AND_BILE_SALT_METABOLISM,5,genept_scpa,,1,1000,23,4,4,4,0.3735119047619048,0.37351190476190477,5.55389276409176e-17,0.27658406859812246,0.09692783616378237,,,,,,
unit,A_ELIGIBLE_POOL_MATCHED,FEASIBLE_9,ESTIMATED,REACTOME_BILE_ACID_AND_BILE_SALT_METABOLISM,6,vanilla_scpa,,1,1000,23,4,4,4,0.24642857142857144,0.24642857142857144,0.0,0.27658406859812246,-0.030155497169551015,,,,,,
unit,A_ELIGIBLE_POOL_MATCHED,FEASIBLE_9,ESTIMATED,REACTOME_BILE_ACID_AND_BILE_SALT_METABOLISM,6,genept_scpa,,1,1000,23,4,4,4,0.3735119047619048,0.37351190476190477,5.55389276409176e-17,0.27658406859812246,0.09692783616378237,,,,,,
unit,B_PATHWAY_WIDE_UNIFORM,ALL_11,ESTIMATED,REACTOME_BILE_ACID_AND_BILE_SALT_METABOLISM,6,vanilla_scpa,,1,1000,23,4,23,4,0.27449370907842097,0.24164377289377287,0.12079378826571652,0.27658406859812246,-0.00209035951970149,,,,,,
unit,B_PATHWAY_WIDE_UNIFORM,ALL_11,ESTIMATED,REACTOME_BILE_ACID_AND_BILE_SALT_METABOLISM,6,genept_scpa,,1,1000,23,4,23,4,0.2794233902943929,0.2395074696545285,0.12836809052307632,0.27658406859812246,0.002839321696270436,,,,,,
unit,C_PHASE7_FALLBACK_MATCHED,ALL_11,ESTIMATED,REACTOME_BILE_ACID_AND_BILE_SALT_METABOLISM,6,vanilla_scpa,,1,1000,23,4,4,4,0.24642857142857144,0.24642857142857144,0.0,0.27658406859812246,-0.030155497169551015,,,,,,
unit,C_PHASE7_FALLBACK_MATCHED,ALL_11,ESTIMATED,REACTOME_BILE_ACID_AND_BILE_SALT_METABOLISM,6,genept_scpa,,1,1000,23,4,4,4,0.3735119047619048,0.37351190476190477,5.55389276409176e-17,0.27658406859812246,0.09692783616378237,,,,,,
unit,A_ELIGIBLE_POOL_MATCHED,FEASIBLE_9,ESTIMATED,REACTOME_BILE_ACID_AND_BILE_SALT_METABOLISM,7,vanilla_scpa,,1,1000,23,4,4,4,0.24642857142857144,0.24642857142857144,0.0,0.27658406859812246,-0.030155497169551015,,,,,,
unit,A_ELIGIBLE_POOL_MATCHED,FEASIBLE_9,ESTIMATED,REACTOME_BILE_ACID_AND_BILE_SALT_METABOLISM,7,genept_scpa,,1,1000,23,4,4,4,0.3735119047619048,0.37351190476190477,5.55389276409176e-17,0.27658406859812246,0.09692783616378237,,,,,,
unit,B_PATHWAY_WIDE_UNIFORM,ALL_11,ESTIMATED,REACTOME_BILE_ACID_AND_BILE_SALT_METABOLISM,7,vanilla_scpa,,1,1000,23,4,23,4,0.2796410269144117,0.2375,0.12801119053249624,0.27658406859812246,0.0030569583162892155,,,,,,
unit,B_PATHWAY_WIDE_UNIFORM,ALL_11,ESTIMATED,REACTOME_BILE_ACID_AND_BILE_SALT_METABOLISM,7,genept_scpa,,1,1000,23,4,23,4,0.27587536762422643,0.23433531337943103,0.1284745280405852,0.27658406859812246,-0.0007087009738960259,,,,,,
unit,C_PHASE7_FALLBACK_MATCHED,ALL_11,ESTIMATED,REACTOME_BILE_ACID_AND_BILE_SALT_METABOLISM,7,vanilla_scpa,,1,1000,23,4,4,4,0.24642857142857144,0.24642857142857144,0.0,0.27658406859812246,-0.030155497169551015,,,,,,
unit,C_PHASE7_FALLBACK_MATCHED,ALL_11,ESTIMATED,REACTOME_BILE_ACID_AND_BILE_SALT_METABOLISM,7,genept_scpa,,1,1000,23,4,4,4,0.3735119047619048,0.37351190476190477,5.55389276409176e-17,0.27658406859812246,0.09692783616378237,,,,,,
unit,A_ELIGIBLE_POOL_MATCHED,FEASIBLE_9,ESTIMATED,REACTOME_BILE_ACID_AND_BILE_SALT_METABOLISM,8,vanilla_scpa,,1,1000,23,4,4,4,0.24642857142857144,0.24642857142857144,0.0,0.27658406859812246,-0.030155497169551015,,,,,,
unit,A_ELIGIBLE_POOL_MATCHED,FEASIBLE_9,ESTIMATED,REACTOME_BILE_ACID_AND_BILE_SALT_METABOLISM,8,genept_scpa,,1,1000,23,4,4,4,0.3735119047619048,0.37351190476190477,5.55389276409176e-17,0.27658406859812246,0.09692783616378237,,,,,,
unit,B_PATHWAY_WIDE_UNIFORM,ALL_11,ESTIMATED,REACTOME_BILE_ACID_AND_BILE_SALT_METABOLISM,8,vanilla_scpa,,1,1000,23,4,23,4,0.278074553903736,0.23675699300699302,0.12733140363243517,0.27658406859812246,0.0014904853056135203,,,,,,
unit,B_PATHWAY_WIDE_UNIFORM,ALL_11,ESTIMATED,REACTOME_BILE_ACID_AND_BILE_SALT_METABOLISM,8,genept_scpa,,1,1000,23,4,23,4,0.277527478872644,0.23782912918732008,0.1322568315810775,0.27658406859812246,0.00094341027452155,,,,,,
unit,C_PHASE7_FALLBACK_MATCHED,ALL_11,ESTIMATED,REACTOME_BILE_ACID_AND_BILE_SALT_METABOLISM,8,vanilla_scpa,,1,1000,23,4,4,4,0.24642857142857144,0.24642857142857144,0.0,0.27658406859812246,-0.030155497169551015,,,,,,
unit,C_PHASE7_FALLBACK_MATCHED,ALL_11,ESTIMATED,REACTOME_BILE_ACID_AND_BILE_SALT_METABOLISM,8,genept_scpa,,1,1000,23,4,4,4,0.3735119047619048,0.37351190476190477,5.55389276409176e-17,0.27658406859812246,0.09692783616378237,,,,,,
unit,A_ELIGIBLE_POOL_MATCHED,FEASIBLE_9,ESTIMATED,REACTOME_BILE_ACID_AND_BILE_SALT_METABOLISM,9,vanilla_scpa,,1,1000,23,4,4,4,0.24642857142857144,0.24642857142857144,0.0,0.27658406859812246,-0.030155497169551015,,,,,,
unit,A_ELIGIBLE_POOL_MATCHED,FEASIBLE_9,ESTIMATED,REACTOME_BILE_ACID_AND_BILE_SALT_METABOLISM,9,genept_scpa,,1,1000,23,4,4,4,0.3735119047619048,0.37351190476190477,5.55389276409176e-17,0.27658406859812246,0.09692783616378237,,,,,,
unit,B_PATHWAY_WIDE_UNIFORM,ALL_11,ESTIMATED,REACTOME_BILE_ACID_AND_BILE_SALT_METABOLISM,9,vanilla_scpa,,1,1000,23,4,23,4,0.27983162943138884,0.24356774042128732,0.12430101523800055,0.27658406859812246,0.003247560833266383,,,,,,
unit,B_PATHWAY_WIDE_UNIFORM,ALL_11,ESTIMATED,REACTOME_BILE_ACID_AND_BILE_SALT_METABOLISM,9,genept_scpa,,1,1000,23,4,23,4,0.28297785568105926,0.24671623666188885,0.12837326400904903,0.27658406859812246,0.006393787082936808,,,,,,
unit,C_PHASE7_FALLBACK_MATCHED,ALL_11,ESTIMATED,REACTOME_BILE_ACID_AND_BILE_SALT_METABOLISM,9,vanilla_scpa,,1,1000,23,4,4,4,0.24642857142857144,0.24642857142857144,0.0,0.27658406859812246,-0.030155497169551015,,,,,,
unit,C_PHASE7_FALLBACK_MATCHED,ALL_11,ESTIMATED,REACTOME_BILE_ACID_AND_BILE_SALT_METABOLISM,9,genept_scpa,,1,1000,23,4,4,4,0.3735119047619048,0.37351190476190477,5.55389276409176e-17,0.27658406859812246,0.09692783616378237,,,,,,
unit,A_ELIGIBLE_POOL_MATCHED,FEASIBLE_9,ESTIMATED,REACTOME_BILE_ACID_AND_BILE_SALT_METABOLISM,10,vanilla_scpa,,1,1000,23,4,4,4,0.24642857142857144,0.24642857142857144,0.0,0.27658406859812246,-0.030155497169551015,,,,,,
unit,A_ELIGIBLE_POOL_MATCHED,FEASIBLE_9,ESTIMATED,REACTOME_BILE_ACID_AND_BILE_SALT_METABOLISM,10,genept_scpa,,1,1000,23,4,4,4,0.3735119047619048,0.37351190476190477,5.55389276409176e-17,0.27658406859812246,0.09692783616378237,,,,,,
unit,B_PATHWAY_WIDE_UNIFORM,ALL_11,ESTIMATED,REACTOME_BILE_ACID_AND_BILE_SALT_METABOLISM,10,vanilla_scpa,,1,1000,23,4,23,4,0.2741224321388181,0.23585123360938579,0.12804635074665477,0.27658406859812246,-0.0024616364593043616,,,,,,
unit,B_PATHWAY_WIDE_UNIFORM,ALL_11,ESTIMATED,REACTOME_BILE_ACID_AND_BILE_SALT_METABOLISM,10,genept_scpa,,1,1000,23,4,23,4,0.2746714965504986,0.24356060606060603,0.12359592197954311,0.27658406859812246,-0.0019125720476238506,,,,,,
unit,C_PHASE7_FALLBACK_MATCHED,ALL_11,ESTIMATED,REACTOME_BILE_ACID_AND_BILE_SALT_METABOLISM,10,vanilla_scpa,,1,1000,23,4,4,4,0.24642857142857144,0.24642857142857144,0.0,0.27658406859812246,-0.030155497169551015,,,,,,
unit,C_PHASE7_FALLBACK_MATCHED,ALL_11,ESTIMATED,REACTOME_BILE_ACID_AND_BILE_SALT_METABOLISM,10,genept_scpa,,1,1000,23,4,4,4,0.3735119047619048,0.37351190476190477,5.55389276409176e-17,0.27658406859812246,0.09692783616378237,,,,,,
unit,A_ELIGIBLE_POOL_MATCHED,FEASIBLE_9,ESTIMATED,REACTOME_BILE_ACID_AND_BILE_SALT_METABOLISM,11,vanilla_scpa,,1,1000,23,4,4,4,0.24642857142857144,0.24642857142857144,0.0,0.27658406859812246,-0.030155497169551015,,,,,,
unit,A_ELIGIBLE_POOL_MATCHED,FEASIBLE_9,ESTIMATED,REACTOME_BILE_ACID_AND_BILE_SALT_METABOLISM,11,genept_scpa,,1,1000,23,4,4,4,0.3735119047619048,0.37351190476190477,5.55389276409176e-17,0.27658406859812246,0.09692783616378237,,,,,,
unit,B_PATHWAY_WIDE_UNIFORM,ALL_11,ESTIMATED,REACTOME_BILE_ACID_AND_BILE_SALT_METABOLISM,11,vanilla_scpa,,1,1000,23,4,23,4,0.2794149894166459,0.24188311688311687,0.12980364364167332,0.27658406859812246,0.0028309208185234302,,,,,,
unit,B_PATHWAY_WIDE_UNIFORM,ALL_11,ESTIMATED,REACTOME_BILE_ACID_AND_BILE_SALT_METABOLISM,11,genept_scpa,,1,1000,23,4,23,4,0.274560529251553,0.24069839474251237,0.12340522794282531,0.27658406859812246,-0.0020235393465694584,,,,,,
unit,C_PHASE7_FALLBACK_MATCHED,ALL_11,ESTIMATED,REACTOME_BILE_ACID_AND_BILE_SALT_METABOLISM,11,vanilla_scpa,,1,1000,23,4,4,4,0.24642857142857144,0.24642857142857144,0.0,0.27658406859812246,-0.030155497169551015,,,,,,
unit,C_PHASE7_FALLBACK_MATCHED,ALL_11,ESTIMATED,REACTOME_BILE_ACID_AND_BILE_SALT_METABOLISM,11,genept_scpa,,1,1000,23,4,4,4,0.3735119047619048,0.37351190476190477,5.55389276409176e-17,0.27658406859812246,0.09692783616378237,,,,,,
unit,A_ELIGIBLE_POOL_MATCHED,FEASIBLE_9,ESTIMATED,REACTOME_BILE_ACID_AND_BILE_SALT_METABOLISM,12,vanilla_scpa,,1,1000,23,4,4,4,0.24642857142857144,0.24642857142857144,0.0,0.27658406859812246,-0.030155497169551015,,,,,,
unit,A_ELIGIBLE_POOL_MATCHED,FEASIBLE_9,ESTIMATED,REACTOME_BILE_ACID_AND_BILE_SALT_METABOLISM,12,genept_scpa,,1,1000,23,4,4,4,0.3735119047619048,0.37351190476190477,5.55389276409176e-17,0.27658406859812246,0.09692783616378237,,,,,,
unit,B_PATHWAY_WIDE_UNIFORM,ALL_11,ESTIMATED,REACTOME_BILE_ACID_AND_BILE_SALT_METABOLISM,12,vanilla_scpa,,1,1000,23,4,23,4,0.27300981621260084,0.23271958304853044,0.12892522060875836,0.27658406859812246,-0.0035742523855216146,,,,,,
unit,B_PATHWAY_WIDE_UNIFORM,ALL_11,ESTIMATED,REACTOME_BILE_ACID_AND_BILE_SALT_METABOLISM,12,genept_scpa,,1,1000,23,4,23,4,0.2699076467156462,0.22601817042606515,0.12789115117290195,0.27658406859812246,-0.006676421882476247,,,,,,
unit,C_PHASE7_FALLBACK_MATCHED,ALL_11,ESTIMATED,REACTOME_BILE_ACID_AND_BILE_SALT_METABOLISM,12,vanilla_scpa,,1,1000,23,4,4,4,0.24642857142857144,0.24642857142857144,0.0,0.27658406859812246,-0.030155497169551015,,,,,,
unit,C_PHASE7_FALLBACK_MATCHED,ALL_11,ESTIMATED,REACTOME_BILE_ACID_AND_BILE_SALT_METABOLISM,12,genept_scpa,,1,1000,23,4,4,4,0.3735119047619048,0.37351190476190477,5.55389276409176e-17,0.27658406859812246,0.09692783616378237,,,,,,
unit,A_ELIGIBLE_POOL_MATCHED,FEASIBLE_9,ESTIMATED,REACTOME_BILE_ACID_AND_BILE_SALT_METABOLISM,13,vanilla_scpa,,1,1000,23,4,4,4,0.24642857142857144,0.24642857142857144,0.0,0.27658406859812246,-0.030155497169551015,,,,,,
unit,A_ELIGIBLE_POOL_MATCHED,FEASIBLE_9,ESTIMATED,REACTOME_BILE_ACID_AND_BILE_SALT_METABOLISM,13,genept_scpa,,1,1000,23,4,4,4,0.3735119047619048,0.37351190476190477,5.55389276409176e-17,0.27658406859812246,0.09692783616378237,,,,,,
unit,B_PATHWAY_WIDE_UNIFORM,ALL_11,ESTIMATED,REACTOME_BILE_ACID_AND_BILE_SALT_METABOLISM,13,vanilla_scpa,,1,1000,23,4,23,4,0.27891523037795496,0.23810319582378406,0.1343502407845662,0.27658406859812246,0.0023311617798325024,,,,,,
unit,B_PATHWAY_WIDE_UNIFORM,ALL_11,ESTIMATED,REACTOME_BILE_ACID_AND_BILE_SALT_METABOLISM,13,genept_scpa,,1,1000,23,4,23,4,0.27900411863967606,0.2359504399585921,0.13025847518903802,0.27658406859812246,0.002420050041553601,,,,,,
unit,C_PHASE7_FALLBACK_MATCHED,ALL_11,ESTIMATED,REACTOME_BILE_ACID_AND_BILE_SALT_METABOLISM,13,vanilla_scpa,,1,1000,23,4,4,4,0.24642857142857144,0.24642857142857144,0.0,0.27658406859812246,-0.030155497169551015,,,,,,
unit,C_PHASE7_FALLBACK_MATCHED,ALL_11,ESTIMATED,REACTOME_BILE_ACID_AND_BILE_SALT_METABOLISM,13,genept_scpa,,1,1000,23,4,4,4,0.3735119047619048,0.37351190476190477,5.55389276409176e-17,0.27658406859812246,0.09692783616378237,,,,,,
unit,A_ELIGIBLE_POOL_MATCHED,FEASIBLE_9,ESTIMATED,REACTOME_BILE_ACID_AND_BILE_SALT_METABOLISM,14,vanilla_scpa,,1,1000,23,4,4,4,0.24642857142857144,0.24642857142857144,0.0,0.27658406859812246,-0.030155497169551015,,,,,,
unit,A_ELIGIBLE_POOL_MATCHED,FEASIBLE_9,ESTIMATED,REACTOME_BILE_ACID_AND_BILE_SALT_METABOLISM,14,genept_scpa,,1,1000,23,4,4,4,0.3735119047619048,0.37351190476190477,5.55389276409176e-17,0.27658406859812246,0.09692783616378237,,,,,,
unit,B_PATHWAY_WIDE_UNIFORM,ALL_11,ESTIMATED,REACTOME_BILE_ACID_AND_BILE_SALT_METABOLISM,14,vanilla_scpa,,1,1000,23,4,23,4,0.28008180065053545,0.23851591573631048,0.1320913772787382,0.27658406859812246,0.003497732052412994,,,,,,
unit,B_PATHWAY_WIDE_UNIFORM,ALL_11,ESTIMATED,REACTOME_BILE_ACID_AND_BILE_SALT_METABOLISM,14,genept_scpa,,1,1000,23,4,23,4,0.2754912398471748,0.23163687158252375,0.12833116617783574,0.27658406859812246,-0.001092828750947683,,,,,,
unit,C_PHASE7_FALLBACK_MATCHED,ALL_11,ESTIMATED,REACTOME_BILE_ACID_AND_BILE_SALT_METABOLISM,14,vanilla_scpa,,1,1000,23,4,4,4,0.24642857142857144,0.24642857142857144,0.0,0.27658406859812246,-0.030155497169551015,,,,,,
unit,C_PHASE7_FALLBACK_MATCHED,ALL_11,ESTIMATED,REACTOME_BILE_ACID_AND_BILE_SALT_METABOLISM,14,genept_scpa,,1,1000,23,4,4,4,0.3735119047619048,0.37351190476190477,5.55389276409176e-17,0.27658406859812246,0.09692783616378237,,,,,,
unit,A_ELIGIBLE_POOL_MATCHED,FEASIBLE_9,ESTIMATED,REACTOME_BILE_ACID_AND_BILE_SALT_METABOLISM,15,vanilla_scpa,,1,1000,23,4,4,4,0.24642857142857144,0.24642857142857144,0.0,0.27658406859812246,-0.030155497169551015,,,,,,
unit,A_ELIGIBLE_POOL_MATCHED,FEASIBLE_9,ESTIMATED,REACTOME_BILE_ACID_AND_BILE_SALT_METABOLISM,15,genept_scpa,,1,1000,23,4,4,4,0.3735119047619048,0.37351190476190477,5.55389276409176e-17,0.27658406859812246,0.09692783616378237,,,,,,
unit,B_PATHWAY_WIDE_UNIFORM,ALL_11,ESTIMATED,REACTOME_BILE_ACID_AND_BILE_SALT_METABOLISM,15,vanilla_scpa,,1,1000,23,4,23,4,0.2781929101770113,0.239258069828722,0.130180631572767,0.27658406859812246,0.0016088415788888533,,,,,,
unit,B_PATHWAY_WIDE_UNIFORM,ALL_11,ESTIMATED,REACTOME_BILE_ACID_AND_BILE_SALT_METABOLISM,15,genept_scpa,,1,1000,23,4,23,4,0.2801527233417877,0.2296623545489897,0.13433644639460887,0.27658406859812246,0.003568654743665245,,,,,,
unit,C_PHASE7_FALLBACK_MATCHED,ALL_11,ESTIMATED,REACTOME_BILE_ACID_AND_BILE_SALT_METABOLISM,15,vanilla_scpa,,1,1000,23,4,4,4,0.24642857142857144,0.24642857142857144,0.0,0.27658406859812246,-0.030155497169551015,,,,,,
unit,C_PHASE7_FALLBACK_MATCHED,ALL_11,ESTIMATED,REACTOME_BILE_ACID_AND_BILE_SALT_METABOLISM,15,genept_scpa,,1,1000,23,4,4,4,0.3735119047619048,0.37351190476190477,5.55389276409176e-17,0.27658406859812246,0.09692783616378237,,,,,,
unit,A_ELIGIBLE_POOL_MATCHED,FEASIBLE_9,ESTIMATED,REACTOME_BILE_ACID_AND_BILE_SALT_METABOLISM,16,vanilla_scpa,,1,1000,23,4,4,4,0.24642857142857144,0.24642857142857144,0.0,0.27658406859812246,-0.030155497169551015,,,,,,
unit,A_ELIGIBLE_POOL_MATCHED,FEASIBLE_9,ESTIMATED,REACTOME_BILE_ACID_AND_BILE_SALT_METABOLISM,16,genept_scpa,,1,1000,23,4,4,4,0.3735119047619048,0.37351190476190477,5.55389276409176e-17,0.27658406859812246,0.09692783616378237,,,,,,
unit,B_PATHWAY_WIDE_UNIFORM,ALL_11,ESTIMATED,REACTOME_BILE_ACID_AND_BILE_SALT_METABOLISM,16,vanilla_scpa,,1,1000,23,4,23,4,0.2793777796284177,0.2389504077149201,0.13003062874792365,0.27658406859812246,0.002793711030295243,,,,,,
unit,B_PATHWAY_WIDE_UNIFORM,ALL_11,ESTIMATED,REACTOME_BILE_ACID_AND_BILE_SALT_METABOLISM,16,genept_scpa,,1,1000,23,4,23,4,0.2805743903319557,0.23970864661654134,0.13497433799909028,0.27658406859812246,0.003990321733833235,,,,,,
unit,C_PHASE7_FALLBACK_MATCHED,ALL_11,ESTIMATED,REACTOME_BILE_ACID_AND_BILE_SALT_METABOLISM,16,vanilla_scpa,,1,1000,23,4,4,4,0.24642857142857144,0.24642857142857144,0.0,0.27658406859812246,-0.030155497169551015,,,,,,
unit,C_PHASE7_FALLBACK_MATCHED,ALL_11,ESTIMATED,REACTOME_BILE_ACID_AND_BILE_SALT_METABOLISM,16,genept_scpa,,1,1000,23,4,4,4,0.3735119047619048,0.37351190476190477,5.55389276409176e-17,0.27658406859812246,0.09692783616378237,,,,,,
unit,A_ELIGIBLE_POOL_MATCHED,FEASIBLE_9,ESTIMATED,REACTOME_BILE_ACID_AND_BILE_SALT_METABOLISM,17,vanilla_scpa,,1,1000,23,4,4,4,0.24642857142857144,0.24642857142857144,0.0,0.27658406859812246,-0.030155497169551015,,,,,,
unit,A_ELIGIBLE_POOL_MATCHED,FEASIBLE_9,ESTIMATED,REACTOME_BILE_ACID_AND_BILE_SALT_METABOLISM,17,genept_scpa,,1,1000,23,4,4,4,0.3735119047619048,0.37351190476190477,5.55389276409176e-17,0.27658406859812246,0.09692783616378237,,,,,,
unit,B_PATHWAY_WIDE_UNIFORM,ALL_11,ESTIMATED,REACTOME_BILE_ACID_AND_BILE_SALT_METABOLISM,17,vanilla_scpa,,1,1000,23,4,23,4,0.2761749822347901,0.24073773448773447,0.12509861794340915,0.27658406859812246,-0.00040908636333236714,,,,,,
unit,B_PATHWAY_WIDE_UNIFORM,ALL_11,ESTIMATED,REACTOME_BILE_ACID_AND_BILE_SALT_METABOLISM,17,genept_scpa,,1,1000,23,4,23,4,0.2775006013353318,0.23707542457542458,0.12940950993540068,0.27658406859812246,0.000916532737209319,,,,,,
unit,C_PHASE7_FALLBACK_MATCHED,ALL_11,ESTIMATED,REACTOME_BILE_ACID_AND_BILE_SALT_METABOLISM,17,vanilla_scpa,,1,1000,23,4,4,4,0.24642857142857144,0.24642857142857144,0.0,0.27658406859812246,-0.030155497169551015,,,,,,
unit,C_PHASE7_FALLBACK_MATCHED,ALL_11,ESTIMATED,REACTOME_BILE_ACID_AND_BILE_SALT_METABOLISM,17,genept_scpa,,1,1000,23,4,4,4,0.3735119047619048,0.37351190476190477,5.55389276409176e-17,0.27658406859812246,0.09692783616378237,,,,,,
unit,A_ELIGIBLE_POOL_MATCHED,FEASIBLE_9,ESTIMATED,REACTOME_BILE_ACID_AND_BILE_SALT_METABOLISM,18,vanilla_scpa,,1,1000,23,4,4,4,0.24642857142857144,0.24642857142857144,0.0,0.27658406859812246,-0.030155497169551015,,,,,,
unit,A_ELIGIBLE_POOL_MATCHED,FEASIBLE_9,ESTIMATED,REACTOME_BILE_ACID_AND_BILE_SALT_METABOLISM,18,genept_scpa,,1,1000,23,4,4,4,0.3735119047619048,0.37351190476190477,5.55389276409176e-17,0.27658406859812246,0.09692783616378237,,,,,,
unit,B_PATHWAY_WIDE_UNIFORM,ALL_11,ESTIMATED,REACTOME_BILE_ACID_AND_BILE_SALT_METABOLISM,18,vanilla_scpa,,1,1000,23,4,23,4,0.27874277379411355,0.23528079710144928,0.13285902848636413,0.27658406859812246,0.0021587051959910952,,,,,,
unit,B_PATHWAY_WIDE_UNIFORM,ALL_11,ESTIMATED,REACTOME_BILE_ACID_AND_BILE_SALT_METABOLISM,18,genept_scpa,,1,1000,23,4,23,4,0.2761001732316214,0.23115079365079363,0.13314021907085788,0.27658406859812246,-0.0004838953665010637,,,,,,
unit,C_PHASE7_FALLBACK_MATCHED,ALL_11,ESTIMATED,REACTOME_BILE_ACID_AND_BILE_SALT_METABOLISM,18,vanilla_scpa,,1,1000,23,4,4,4,0.24642857142857144,0.24642857142857144,0.0,0.27658406859812246,-0.030155497169551015,,,,,,
unit,C_PHASE7_FALLBACK_MATCHED,ALL_11,ESTIMATED,REACTOME_BILE_ACID_AND_BILE_SALT_METABOLISM,18,genept_scpa,,1,1000,23,4,4,4,0.3735119047619048,0.37351190476190477,5.55389276409176e-17,0.27658406859812246,0.09692783616378237,,,,,,
unit,A_ELIGIBLE_POOL_MATCHED,FEASIBLE_9,ESTIMATED,REACTOME_BILE_ACID_AND_BILE_SALT_METABOLISM,19,vanilla_scpa,,1,1000,23,4,4,4,0.24642857142857144,0.24642857142857144,0.0,0.27658406859812246,-0.030155497169551015,,,,,,
unit,A_ELIGIBLE_POOL_MATCHED,FEASIBLE_9,ESTIMATED,REACTOME_BILE_ACID_AND_BILE_SALT_METABOLISM,19,genept_scpa,,1,1000,23,4,4,4,0.3735119047619048,0.37351190476190477,5.55389276409176e-17,0.27658406859812246,0.09692783616378237,,,,,,
unit,B_PATHWAY_WIDE_UNIFORM,ALL_11,ESTIMATED,REACTOME_BILE_ACID_AND_BILE_SALT_METABOLISM,19,vanilla_scpa,,1,1000,23,4,23,4,0.2700704986694554,0.2319115825694773,0.1233075283213758,0.27658406859812246,-0.006513569928667029,,,,,,
unit,B_PATHWAY_WIDE_UNIFORM,ALL_11,ESTIMATED,REACTOME_BILE_ACID_AND_BILE_SALT_METABOLISM,19,genept_scpa,,1,1000,23,4,23,4,0.2716279565431091,0.23936733556298773,0.12437543649896715,0.27658406859812246,-0.00495611205501334,,,,,,
unit,C_PHASE7_FALLBACK_MATCHED,ALL_11,ESTIMATED,REACTOME_BILE_ACID_AND_BILE_SALT_METABOLISM,19,vanilla_scpa,,1,1000,23,4,4,4,0.24642857142857144,0.24642857142857144,0.0,0.27658406859812246,-0.030155497169551015,,,,,,
unit,C_PHASE7_FALLBACK_MATCHED,ALL_11,ESTIMATED,REACTOME_BILE_ACID_AND_BILE_SALT_METABOLISM,19,genept_scpa,,1,1000,23,4,4,4,0.3735119047619048,0.37351190476190477,5.55389276409176e-17,0.27658406859812246,0.09692783616378237,,,,,,
unit,A_ELIGIBLE_POOL_MATCHED,FEASIBLE_9,ESTIMATED,REACTOME_BILE_ACID_AND_BILE_SALT_METABOLISM,20,vanilla_scpa,,1,1000,23,4,4,4,0.24642857142857144,0.24642857142857144,0.0,0.27658406859812246,-0.030155497169551015,,,,,,
unit,A_ELIGIBLE_POOL_MATCHED,FEASIBLE_9,ESTIMATED,REACTOME_BILE_ACID_AND_BILE_SALT_METABOLISM,20,genept_scpa,,1,1000,23,4,4,4,0.3735119047619048,0.37351190476190477,5.55389276409176e-17,0.27658406859812246,0.09692783616378237,,,,,,
unit,B_PATHWAY_WIDE_UNIFORM,ALL_11,ESTIMATED,REACTOME_BILE_ACID_AND_BILE_SALT_METABOLISM,20,vanilla_scpa,,1,1000,23,4,23,4,0.2739223381391477,0.23089872084437302,0.12972469990014096,0.27658406859812246,-0.002661730458974776,,,,,,
unit,B_PATHWAY_WIDE_UNIFORM,ALL_11,ESTIMATED,REACTOME_BILE_ACID_AND_BILE_SALT_METABOLISM,20,genept_scpa,,1,1000,23,4,23,4,0.2759404634316828,0.23699009324009324,0.1289956581074477,0.27658406859812246,-0.0006436051664396314,,,,,,
unit,C_PHASE7_FALLBACK_MATCHED,ALL_11,ESTIMATED,REACTOME_BILE_ACID_AND_BILE_SALT_METABOLISM,20,vanilla_scpa,,1,1000,23,4,4,4,0.24642857142857144,0.24642857142857144,0.0,0.27658406859812246,-0.030155497169551015,,,,,,
unit,C_PHASE7_FALLBACK_MATCHED,ALL_11,ESTIMATED,REACTOME_BILE_ACID_AND_BILE_SALT_METABOLISM,20,genept_scpa,,1,1000,23,4,4,4,0.3735119047619048,0.37351190476190477,5.55389276409176e-17,0.27658406859812246,0.09692783616378237,,,,,,
pathway_status,A_ELIGIBLE_POOL_MATCHED,FEASIBLE_9,NOT_ESTIMABLE,REACTOME_COLLAGEN_BIOSYNTHESIS_AND_MODIFYING_ENZYMES,,,,,,32,5,2,2,,,,,,,,,,,"eligible pool size < truth_count, therefore eligible-pool null is not identifiable"
unit,B_PATHWAY_WIDE_UNIFORM,ALL_11,ESTIMATED,REACTOME_COLLAGEN_BIOSYNTHESIS_AND_MODIFYING_ENZYMES,1,vanilla_scpa,,1,1000,32,5,32,2,0.24321823731849315,0.2096336924846927,0.1102854407701836,0.2394953329403085,0.0037229043781846494,,,,,,
unit,B_PATHWAY_WIDE_UNIFORM,ALL_11,ESTIMATED,REACTOME_COLLAGEN_BIOSYNTHESIS_AND_MODIFYING_ENZYMES,1,genept_scpa,,1,1000,32,5,32,2,0.24430640610289953,0.21048420817602398,0.1107314908456168,0.2394953329403085,0.004811073162591023,,,,,,
unit,C_PHASE7_FALLBACK_MATCHED,ALL_11,ESTIMATED,REACTOME_COLLAGEN_BIOSYNTHESIS_AND_MODIFYING_ENZYMES,1,vanilla_scpa,,1,1000,32,5,32,2,0.23430635321674095,0.20256601300997853,0.1043922428689382,0.2394953329403085,-0.0051889797235675494,,,,,,
unit,C_PHASE7_FALLBACK_MATCHED,ALL_11,ESTIMATED,REACTOME_COLLAGEN_BIOSYNTHESIS_AND_MODIFYING_ENZYMES,1,genept_scpa,,1,1000,32,5,32,2,0.23205247041502242,0.20083025451559933,0.10240582894777524,0.2394953329403085,-0.007442862525286087,,,,,,
unit,B_PATHWAY_WIDE_UNIFORM,ALL_11,ESTIMATED,REACTOME_COLLAGEN_BIOSYNTHESIS_AND_MODIFYING_ENZYMES,2,vanilla_scpa,,1,1000,32,5,32,2,0.2379463066550788,0.20662520350020347,0.1035357423368502,0.2394953329403085,-0.0015490262852297099,,,,,,
unit,B_PATHWAY_WIDE_UNIFORM,ALL_11,ESTIMATED,REACTOME_COLLAGEN_BIOSYNTHESIS_AND_MODIFYING_ENZYMES,2,genept_scpa,,1,1000,32,5,32,2,0.2377183992481818,0.20736305633364455,0.10632210184962775,0.2394953329403085,-0.0017769336921266976,,,,,,
unit,C_PHASE7_FALLBACK_MATCHED,ALL_11,ESTIMATED,REACTOME_COLLAGEN_BIOSYNTHESIS_AND_MODIFYING_ENZYMES,2,vanilla_scpa,,1,1000,32,5,32,2,0.23506280551493577,0.20475596121966358,0.10384281170364142,0.2394953329403085,-0.004432527425372729,,,,,,
unit,C_PHASE7_FALLBACK_MATCHED,ALL_11,ESTIMATED,REACTOME_COLLAGEN_BIOSYNTHESIS_AND_MODIFYING_ENZYMES,2,genept_scpa,,1,1000,32,5,32,2,0.23427719962562396,0.2027326759391977,0.10254796663806055,0.2394953329403085,-0.005218133314684542,,,,,,
unit,B_PATHWAY_WIDE_UNIFORM,ALL_11,ESTIMATED,REACTOME_COLLAGEN_BIOSYNTHESIS_AND_MODIFYING_ENZYMES,3,vanilla_scpa,,1,1000,32,5,32,2,0.24275447104197195,0.20949696758200598,0.1077506902757436,0.2394953329403085,0.00325913810166345,,,,,,
unit,B_PATHWAY_WIDE_UNIFORM,ALL_11,ESTIMATED,REACTOME_COLLAGEN_BIOSYNTHESIS_AND_MODIFYING_ENZYMES,3,genept_scpa,,1,1000,32,5,32,2,0.24269886333654536,0.21142857142857144,0.10441615975560524,0.2394953329403085,0.003203530396236859,,,,,,
unit,C_PHASE7_FALLBACK_MATCHED,ALL_11,ESTIMATED,REACTOME_COLLAGEN_BIOSYNTHESIS_AND_MODIFYING_ENZYMES,3,vanilla_scpa,,1,1000,32,5,32,2,0.23838544904283843,0.2050569800569801,0.10611153009316547,0.2394953329403085,-0.0011098838974700764,,,,,,
unit,C_PHASE7_FALLBACK_MATCHED,ALL_11,ESTIMATED,REACTOME_COLLAGEN_BIOSYNTHESIS_AND_MODIFYING_ENZYMES,3,genept_scpa,,1,1000,32,5,32,2,0.2363212188085308,0.20300032406928958,0.1051776478953493,0.2394953329403085,-0.0031741141317777055,,,,,,
unit,B_PATHWAY_WIDE_UNIFORM,ALL_11,ESTIMATED,REACTOME_COLLAGEN_BIOSYNTHESIS_AND_MODIFYING_ENZYMES,4,vanilla_scpa,,1,1000,32,5,32,2,0.23890622086156768,0.20076909442840257,0.11127864098288266,0.2394953329403085,-0.0005891120787408222,,,,,,
unit,B_PATHWAY_WIDE_UNIFORM,ALL_11,ESTIMATED,REACTOME_COLLAGEN_BIOSYNTHESIS_AND_MODIFYING_ENZYMES,4,genept_scpa,,1,1000,32,5,32,2,0.23869896814830985,0.2032955239205239,0.10941379242032617,0.2394953329403085,-0.000796364791998655,,,,,,
unit,C_PHASE7_FALLBACK_MATCHED,ALL_11,ESTIMATED,REACTOME_COLLAGEN_BIOSYNTHESIS_AND_MODIFYING_ENZYMES,4,vanilla_scpa,,1,1000,32,5,32,2,0.2402740909233883,0.20542213097360157,0.10861958922749138,0.2394953329403085,0.000778757983079803,,,,,,
unit,C_PHASE7_FALLBACK_MATCHED,ALL_11,ESTIMATED,REACTOME_COLLAGEN_BIOSYNTHESIS_AND_MODIFYING_ENZYMES,4,genept_scpa,,1,1000,32,5,32,2,0.24002018814148063,0.20753390079851852,0.10674173505161648,0.2394953329403085,0.0005248552011721253,,,,,,
unit,B_PATHWAY_WIDE_UNIFORM,ALL_11,ESTIMATED,REACTOME_COLLAGEN_BIOSYNTHESIS_AND_MODIFYING_ENZYMES,5,vanilla_scpa,,1,1000,32,5,32,2,0.2396773472033615,0.20970390872939598,0.10145291775101484,0.2394953329403085,0.00018201426305300417,,,,,,
unit,B_PATHWAY_WIDE_UNIFORM,ALL_11,ESTIMATED,REACTOME_COLLAGEN_BIOSYNTHESIS_AND_MODIFYING_ENZYMES,5,genept_scpa,,1,1000,32,5,32,2,0.24268679321553316,0.2118419986040232,0.10361180097250554,0.2394953329403085,0.0031914602752246557,,,,,,
unit,C_PHASE7_FALLBACK_MATCHED,ALL_11,ESTIMATED,REACTOME_COLLAGEN_BIOSYNTHESIS_AND_MODIFYING_ENZYMES,5,vanilla_scpa,,1,1000,32,5,32,2,0.2409200792913394,0.21080056442959666,0.10633193447146869,0.2394953329403085,0.0014247463510309033,,,,,,
unit,C_PHASE7_FALLBACK_MATCHED,ALL_11,ESTIMATED,REACTOME_COLLAGEN_BIOSYNTHESIS_AND_MODIFYING_ENZYMES,5,genept_scpa,,1,1000,32,5,32,2,0.2393096563058665,0.20681700441662493,0.10667235938236909,0.2394953329403085,-0.00018567663444199467,,,,,,
unit,B_PATHWAY_WIDE_UNIFORM,ALL_11,ESTIMATED,REACTOME_COLLAGEN_BIOSYNTHESIS_AND_MODIFYING_ENZYMES,6,vanilla_scpa,,1,1000,32,5,32,2,0.24732469784500763,0.21683224684385674,0.11009281015611772,0.2394953329403085,0.007829364904699126,,,,,,
unit,B_PATHWAY_WIDE_UNIFORM,ALL_11,ESTIMATED,REACTOME_COLLAGEN_BIOSYNTHESIS_AND_MODIFYING_ENZYMES,6,genept_scpa,,1,1000,32,5,32,2,0.24647894409897134,0.21353084415584417,0.10913325958474392,0.2394953329403085,0.0069836111586628336,,,,,,
unit,C_PHASE7_FALLBACK_MATCHED,ALL_11,ESTIMATED,REACTOME_COLLAGEN_BIOSYNTHESIS_AND_MODIFYING_ENZYMES,6,vanilla_scpa,,1,1000,32,5,32,2,0.24212737077543062,0.20928769084195048,0.10801806970711911,0.2394953329403085,0.002632037835122114,,,,,,
unit,C_PHASE7_FALLBACK_MATCHED,ALL_11,ESTIMATED,REACTOME_COLLAGEN_BIOSYNTHESIS_AND_MODIFYING_ENZYMES,6,genept_scpa,,1,1000,32,5,32,2,0.24427177323715438,0.21047440863230338,0.10847588904053929,0.2394953329403085,0.004776440296845874,,,,,,
unit,B_PATHWAY_WIDE_UNIFORM,ALL_11,ESTIMATED,REACTOME_COLLAGEN_BIOSYNTHESIS_AND_MODIFYING_ENZYMES,7,vanilla_scpa,,1,1000,32,5,32,2,0.23485912890882094,0.20297379277642436,0.10468772034811107,0.2394953329403085,-0.0046362040314875674,,,,,,
unit,B_PATHWAY_WIDE_UNIFORM,ALL_11,ESTIMATED,REACTOME_COLLAGEN_BIOSYNTHESIS_AND_MODIFYING_ENZYMES,7,genept_scpa,,1,1000,32,5,32,2,0.23469121909991486,0.20274095469747647,0.10399659107125975,0.2394953329403085,-0.004804113840393642,,,,,,
unit,C_PHASE7_FALLBACK_MATCHED,ALL_11,ESTIMATED,REACTOME_COLLAGEN_BIOSYNTHESIS_AND_MODIFYING_ENZYMES,7,vanilla_scpa,,1,1000,32,5,32,2,0.2329588983273464,0.20449113386613382,0.1025902369035832,0.2394953329403085,-0.006536434612962105,,,,,,
unit,C_PHASE7_FALLBACK_MATCHED,ALL_11,ESTIMATED,REACTOME_COLLAGEN_BIOSYNTHESIS_AND_MODIFYING_ENZYMES,7,genept_scpa,,1,1000,32,5,32,2,0.23313346010999839,0.20650253598239282,0.10036623760759006,0.2394953329403085,-0.006361872830310117,,,,,,
unit,B_PATHWAY_WIDE_UNIFORM,ALL_11,ESTIMATED,REACTOME_COLLAGEN_BIOSYNTHESIS_AND_MODIFYING_ENZYMES,8,vanilla_scpa,,1,1000,32,5,32,2,0.2427564731084197,0.21320968886186278,0.10691134208387103,0.2394953329403085,0.0032611401681111873,,,,,,
unit,B_PATHWAY_WIDE_UNIFORM,ALL_11,ESTIMATED,REACTOME_COLLAGEN_BIOSYNTHESIS_AND_MODIFYING_ENZYMES,8,genept_scpa,,1,1000,32,5,32,2,0.24143848295834516,0.20781658447193252,0.10801377607853291,0.2394953329403085,0.00194315001803666,,,,,,
unit,C_PHASE7_FALLBACK_MATCHED,ALL_11,ESTIMATED,REACTOME_COLLAGEN_BIOSYNTHESIS_AND_MODIFYING_ENZYMES,8,vanilla_scpa,,1,1000,32,5,32,2,0.23855075436780043,0.20797709235209233,0.10393275074911895,0.2394953329403085,-0.0009445785725080702,,,,,,
unit,C_PHASE7_FALLBACK_MATCHED,ALL_11,ESTIMATED,REACTOME_COLLAGEN_BIOSYNTHESIS_AND_MODIFYING_ENZYMES,8,genept_scpa,,1,1000,32,5,32,2,0.2374492031259609,0.20896305448937028,0.10415407850637644,0.2394953329403085,-0.002046129814347597,,,,,,
unit,B_PATHWAY_WIDE_UNIFORM,ALL_11,ESTIMATED,REACTOME_COLLAGEN_BIOSYNTHESIS_AND_MODIFYING_ENZYMES,9,vanilla_scpa,,1,1000,32,5,32,2,0.23600609320009716,0.20951432022084193,0.10056325785196497,0.2394953329403085,-0.0034892397402113418,,,,,,
unit,B_PATHWAY_WIDE_UNIFORM,ALL_11,ESTIMATED,REACTOME_COLLAGEN_BIOSYNTHESIS_AND_MODIFYING_ENZYMES,9,genept_scpa,,1,1000,32,5,32,2,0.23579107798394516,0.20919244466441264,0.10199087167723674,0.2394953329403085,-0.00370425495636334,,,,,,
unit,C_PHASE7_FALLBACK_MATCHED,ALL_11,ESTIMATED,REACTOME_COLLAGEN_BIOSYNTHESIS_AND_MODIFYING_ENZYMES,9,vanilla_scpa,,1,1000,32,5,32,2,0.2399996392612564,0.20955975723622783,0.10746575314109229,0.2394953329403085,0.0005043063209478893,,,,,,
unit,C_PHASE7_FALLBACK_MATCHED,ALL_11,ESTIMATED,REACTOME_COLLAGEN_BIOSYNTHESIS_AND_MODIFYING_ENZYMES,9,genept_scpa,,1,1000,32,5,32,2,0.2405144119411555,0.20621848739495802,0.1087631048882492,0.2394953329403085,0.0010190790008469952,,,,,,
unit,B_PATHWAY_WIDE_UNIFORM,ALL_11,ESTIMATED,REACTOME_COLLAGEN_BIOSYNTHESIS_AND_MODIFYING_ENZYMES,10,vanilla_scpa,,1,1000,32,5,32,2,0.23419600414806901,0.2030880874267898,0.10253059566576617,0.2394953329403085,-0.005299328792239488,,,,,,
unit,B_PATHWAY_WIDE_UNIFORM,ALL_11,ESTIMATED,REACTOME_COLLAGEN_BIOSYNTHESIS_AND_MODIFYING_ENZYMES,10,genept_scpa,,1,1000,32,5,32,2,0.23432565014432738,0.20253850316350314,0.10097625038600164,0.2394953329403085,-0.005169682795981123,,,,,,
unit,C_PHASE7_FALLBACK_MATCHED,ALL_11,ESTIMATED,REACTOME_COLLAGEN_BIOSYNTHESIS_AND_MODIFYING_ENZYMES,10,vanilla_scpa,,1,1000,32,5,32,2,0.23644182834372918,0.20544970482417318,0.10426447733829929,0.2394953329403085,-0.003053504596579326,,,,,,
unit,C_PHASE7_FALLBACK_MATCHED,ALL_11,ESTIMATED,REACTOME_COLLAGEN_BIOSYNTHESIS_AND_MODIFYING_ENZYMES,10,genept_scpa,,1,1000,32,5,32,2,0.23892634518124078,0.20694841869554148,0.1051621545779949,0.2394953329403085,-0.0005689877590677184,,,,,,
unit,B_PATHWAY_WIDE_UNIFORM,ALL_11,ESTIMATED,REACTOME_COLLAGEN_BIOSYNTHESIS_AND_MODIFYING_ENZYMES,11,vanilla_scpa,,1,1000,32,5,32,2,0.24571929210506965,0.21286371100164203,0.11114603619699157,0.2394953329403085,0.00622395916476115,,,,,,
unit,B_PATHWAY_WIDE_UNIFORM,ALL_11,ESTIMATED,REACTOME_COLLAGEN_BIOSYNTHESIS_AND_MODIFYING_ENZYMES,11,genept_scpa,,1,1000,32,5,32,2,0.24269375778938676,0.2093039491286336,0.10591754057644462,0.2394953329403085,0.0031984248490782574,,,,,,
unit,C_PHASE7_FALLBACK_MATCHED,ALL_11,ESTIMATED,REACTOME_COLLAGEN_BIOSYNTHESIS_AND_MODIFYING_ENZYMES,11,vanilla_scpa,,1,1000,32,5,32,2,0.23566589457681156,0.20139904002807227,0.1052431267959211,0.2394953329403085,-0.0038294383634969453,,,,,,
unit,C_PHASE7_FALLBACK_MATCHED,ALL_11,ESTIMATED,REACTOME_COLLAGEN_BIOSYNTHESIS_AND_MODIFYING_ENZYMES,11,genept_scpa,,1,1000,32,5,32,2,0.23777215938302804,0.2019298980589303,0.10939150254166724,0.2394953329403085,-0.0017231735572804663,,,,,,
unit,B_PATHWAY_WIDE_UNIFORM,ALL_11,ESTIMATED,REACTOME_COLLAGEN_BIOSYNTHESIS_AND_MODIFYING_ENZYMES,12,vanilla_scpa,,1,1000,32,5,32,2,0.23656047732429722,0.20614998563527975,0.10149066985588107,0.2394953329403085,-0.0029348556160112838,,,,,,
unit,B_PATHWAY_WIDE_UNIFORM,ALL_11,ESTIMATED,REACTOME_COLLAGEN_BIOSYNTHESIS_AND_MODIFYING_ENZYMES,12,genept_scpa,,1,1000,32,5,32,2,0.23839681054279896,0.2093574237496139,0.10032743859153048,0.2394953329403085,-0.0010985223975095437,,,,,,
unit,C_PHASE7_FALLBACK_MATCHED,ALL_11,ESTIMATED,REACTOME_COLLAGEN_BIOSYNTHESIS_AND_MODIFYING_ENZYMES,12,vanilla_scpa,,1,1000,32,5,32,2,0.23825135602082886,0.20702721878224978,0.10874641191400687,0.2394953329403085,-0.001243976919479639,,,,,,
unit,C_PHASE7_FALLBACK_MATCHED,ALL_11,ESTIMATED,REACTOME_COLLAGEN_BIOSYNTHESIS_AND_MODIFYING_ENZYMES,12,genept_scpa,,1,1000,32,5,32,2,0.237609776242825,0.20709179205549444,0.10741954051324124,0.2394953329403085,-0.001885556697483498,,,,,,
unit,B_PATHWAY_WIDE_UNIFORM,ALL_11,ESTIMATED,REACTOME_COLLAGEN_BIOSYNTHESIS_AND_MODIFYING_ENZYMES,13,vanilla_scpa,,1,1000,32,5,32,2,0.23689700438090097,0.20714044320940872,0.1045648558000319,0.2394953329403085,-0.002598328559407531,,,,,,
unit,B_PATHWAY_WIDE_UNIFORM,ALL_11,ESTIMATED,REACTOME_COLLAGEN_BIOSYNTHESIS_AND_MODIFYING_ENZYMES,13,genept_scpa,,1,1000,32,5,32,2,0.23642662353562127,0.20530252006058458,0.104778207046383,0.2394953329403085,-0.003068709404687231,,,,,,
unit,C_PHASE7_FALLBACK_MATCHED,ALL_11,ESTIMATED,REACTOME_COLLAGEN_BIOSYNTHESIS_AND_MODIFYING_ENZYMES,13,vanilla_scpa,,1,1000,32,5,32,2,0.23542178980594594,0.20018431031334258,0.10460379761183068,0.2394953329403085,-0.004073543134362562,,,,,,
unit,C_PHASE7_FALLBACK_MATCHED,ALL_11,ESTIMATED,REACTOME_COLLAGEN_BIOSYNTHESIS_AND_MODIFYING_ENZYMES,13,genept_scpa,,1,1000,32,5,32,2,0.2382228209618005,0.20713676170572723,0.10490974914963717,0.2394953329403085,-0.0012725119785080008,,,,,,
unit,B_PATHWAY_WIDE_UNIFORM,ALL_11,ESTIMATED,REACTOME_COLLAGEN_BIOSYNTHESIS_AND_MODIFYING_ENZYMES,14,vanilla_scpa,,1,1000,32,5,32,2,0.23931977397064272,0.20807080037877418,0.10908671036994076,0.2394953329403085,-0.00017555896966578444,,,,,,
unit,B_PATHWAY_WIDE_UNIFORM,ALL_11,ESTIMATED,REACTOME_COLLAGEN_BIOSYNTHESIS_AND_MODIFYING_ENZYMES,14,genept_scpa,,1,1000,32,5,32,2,0.23860852129553012,0.20433441558441556,0.10782432510172443,0.2394953329403085,-0.0008868116447783847,,,,,,
unit,C_PHASE7_FALLBACK_MATCHED,ALL_11,ESTIMATED,REACTOME_COLLAGEN_BIOSYNTHESIS_AND_MODIFYING_ENZYMES,14,vanilla_scpa,,1,1000,32,5,32,2,0.24544721925047175,0.21064217296113852,0.1124632911557252,0.2394953329403085,0.005951886310163246,,,,,,
unit,C_PHASE7_FALLBACK_MATCHED,ALL_11,ESTIMATED,REACTOME_COLLAGEN_BIOSYNTHESIS_AND_MODIFYING_ENZYMES,14,genept_scpa,,1,1000,32,5,32,2,0.24444701524674298,0.21289597657244713,0.11299242865473415,0.2394953329403085,0.004951682306434474,,,,,,
unit,B_PATHWAY_WIDE_UNIFORM,ALL_11,ESTIMATED,REACTOME_COLLAGEN_BIOSYNTHESIS_AND_MODIFYING_ENZYMES,15,vanilla_scpa,,1,1000,32,5,32,2,0.24756707524944058,0.2133349332255754,0.11431078080468132,0.2394953329403085,0.008071742309132074,,,,,,
unit,B_PATHWAY_WIDE_UNIFORM,ALL_11,ESTIMATED,REACTOME_COLLAGEN_BIOSYNTHESIS_AND_MODIFYING_ENZYMES,15,genept_scpa,,1,1000,32,5,32,2,0.2475967029632049,0.2141445114025759,0.11478464112391341,0.2394953329403085,0.008101370022896404,,,,,,
unit,C_PHASE7_FALLBACK_MATCHED,ALL_11,ESTIMATED,REACTOME_COLLAGEN_BIOSYNTHESIS_AND_MODIFYING_ENZYMES,15,vanilla_scpa,,1,1000,32,5,32,2,0.24215378587466285,0.21125625332521886,0.10736267776162306,0.2394953329403085,0.0026584529343543495,,,,,,
unit,C_PHASE7_FALLBACK_MATCHED,ALL_11,ESTIMATED,REACTOME_COLLAGEN_BIOSYNTHESIS_AND_MODIFYING_ENZYMES,15,genept_scpa,,1,1000,32,5,32,2,0.24399024031054295,0.21493254566783976,0.10866860979502166,0.2394953329403085,0.004494907370234447,,,,,,
unit,B_PATHWAY_WIDE_UNIFORM,ALL_11,ESTIMATED,REACTOME_COLLAGEN_BIOSYNTHESIS_AND_MODIFYING_ENZYMES,16,vanilla_scpa,,1,1000,32,5,32,2,0.24207499625403403,0.2156172454898092,0.10301359295801223,0.2394953329403085,0.0025796633137255276,,,,,,
unit,B_PATHWAY_WIDE_UNIFORM,ALL_11,ESTIMATED,REACTOME_COLLAGEN_BIOSYNTHESIS_AND_MODIFYING_ENZYMES,16,genept_scpa,,1,1000,32,5,32,2,0.2414595137278937,0.21107534977100195,0.10370815238849031,0.2394953329403085,0.0019641807875852013,,,,,,
unit,C_PHASE7_FALLBACK_MATCHED,ALL_11,ESTIMATED,REACTOME_COLLAGEN_BIOSYNTHESIS_AND_MODIFYING_ENZYMES,16,vanilla_scpa,,1,1000,32,5,32,2,0.23904399289594358,0.20800204486637125,0.10685356756067955,0.2394953329403085,-0.0004513400443649229,,,,,,
unit,C_PHASE7_FALLBACK_MATCHED,ALL_11,ESTIMATED,REACTOME_COLLAGEN_BIOSYNTHESIS_AND_MODIFYING_ENZYMES,16,genept_scpa,,1,1000,32,5,32,2,0.24147078898860047,0.20973757723757722,0.10915752103933715,0.2394953329403085,0.001975456048291968,,,,,,
unit,B_PATHWAY_WIDE_UNIFORM,ALL_11,ESTIMATED,REACTOME_COLLAGEN_BIOSYNTHESIS_AND_MODIFYING_ENZYMES,17,vanilla_scpa,,1,1000,32,5,32,2,0.2424743525573357,0.21228072731362202,0.1097668304635119,0.2394953329403085,0.0029790196170272065,,,,,,
unit,B_PATHWAY_WIDE_UNIFORM,ALL_11,ESTIMATED,REACTOME_COLLAGEN_BIOSYNTHESIS_AND_MODIFYING_ENZYMES,17,genept_scpa,,1,1000,32,5,32,2,0.24160415623876702,0.21082343622187477,0.10824193578594497,0.2394953329403085,0.0021088232984585176,,,,,,
unit,C_PHASE7_FALLBACK_MATCHED,ALL_11,ESTIMATED,REACTOME_COLLAGEN_BIOSYNTHESIS_AND_MODIFYING_ENZYMES,17,vanilla_scpa,,1,1000,32,5,32,2,0.24074897050921001,0.21047012208181623,0.107462271293281,0.2394953329403085,0.0012536375689015111,,,,,,
unit,C_PHASE7_FALLBACK_MATCHED,ALL_11,ESTIMATED,REACTOME_COLLAGEN_BIOSYNTHESIS_AND_MODIFYING_ENZYMES,17,genept_scpa,,1,1000,32,5,32,2,0.24209832972010834,0.21146936396936397,0.11021500365580458,0.2394953329403085,0.002602996779799832,,,,,,
unit,B_PATHWAY_WIDE_UNIFORM,ALL_11,ESTIMATED,REACTOME_COLLAGEN_BIOSYNTHESIS_AND_MODIFYING_ENZYMES,18,vanilla_scpa,,1,1000,32,5,32,2,0.23569305469929733,0.20424304861804865,0.10428481559556652,0.2394953329403085,-0.0038022782410111755,,,,,,
unit,B_PATHWAY_WIDE_UNIFORM,ALL_11,ESTIMATED,REACTOME_COLLAGEN_BIOSYNTHESIS_AND_MODIFYING_ENZYMES,18,genept_scpa,,1,1000,32,5,32,2,0.2381868314819746,0.20410635426555895,0.10378344955682998,0.2394953329403085,-0.001308501458333916,,,,,,
unit,C_PHASE7_FALLBACK_MATCHED,ALL_11,ESTIMATED,REACTOME_COLLAGEN_BIOSYNTHESIS_AND_MODIFYING_ENZYMES,18,vanilla_scpa,,1,1000,32,5,32,2,0.24103976498569324,0.2085489040529363,0.10614307066658277,0.2394953329403085,0.001544432045384736,,,,,,
unit,C_PHASE7_FALLBACK_MATCHED,ALL_11,ESTIMATED,REACTOME_COLLAGEN_BIOSYNTHESIS_AND_MODIFYING_ENZYMES,18,genept_scpa,,1,1000,32,5,32,2,0.2422947459004248,0.21053330477618332,0.10388652031107373,0.2394953329403085,0.002799412960116293,,,,,,
unit,B_PATHWAY_WIDE_UNIFORM,ALL_11,ESTIMATED,REACTOME_COLLAGEN_BIOSYNTHESIS_AND_MODIFYING_ENZYMES,19,vanilla_scpa,,1,1000,32,5,32,2,0.24518223945420664,0.2084377679942562,0.11438674194885172,0.2394953329403085,0.005686906513898138,,,,,,
unit,B_PATHWAY_WIDE_UNIFORM,ALL_11,ESTIMATED,REACTOME_COLLAGEN_BIOSYNTHESIS_AND_MODIFYING_ENZYMES,19,genept_scpa,,1,1000,32,5,32,2,0.24768342378657582,0.21196236998868578,0.11277450358729157,0.2394953329403085,0.008188090846267315,,,,,,
unit,C_PHASE7_FALLBACK_MATCHED,ALL_11,ESTIMATED,REACTOME_COLLAGEN_BIOSYNTHESIS_AND_MODIFYING_ENZYMES,19,vanilla_scpa,,1,1000,32,5,32,2,0.23811911452369197,0.20493817633036646,0.10962559380440087,0.2394953329403085,-0.0013762184166165314,,,,,,
unit,C_PHASE7_FALLBACK_MATCHED,ALL_11,ESTIMATED,REACTOME_COLLAGEN_BIOSYNTHESIS_AND_MODIFYING_ENZYMES,19,genept_scpa,,1,1000,32,5,32,2,0.23624077418433126,0.2029201169201169,0.10691310044486861,0.2394953329403085,-0.0032545587559772438,,,,,,
unit,B_PATHWAY_WIDE_UNIFORM,ALL_11,ESTIMATED,REACTOME_COLLAGEN_BIOSYNTHESIS_AND_MODIFYING_ENZYMES,20,vanilla_scpa,,1,1000,32,5,32,2,0.2352500814729189,0.20406957776522996,0.10482061979395231,0.2394953329403085,-0.004245251467389605,,,,,,
unit,B_PATHWAY_WIDE_UNIFORM,ALL_11,ESTIMATED,REACTOME_COLLAGEN_BIOSYNTHESIS_AND_MODIFYING_ENZYMES,20,genept_scpa,,1,1000,32,5,32,2,0.23608025672137412,0.20660539215686274,0.1023647538515,0.2394953329403085,-0.0034150762189343875,,,,,,
unit,C_PHASE7_FALLBACK_MATCHED,ALL_11,ESTIMATED,REACTOME_COLLAGEN_BIOSYNTHESIS_AND_MODIFYING_ENZYMES,20,vanilla_scpa,,1,1000,32,5,32,2,0.23787718153366227,0.20303698290910566,0.10634220687343465,0.2394953329403085,-0.0016181514066462288,,,,,,
unit,C_PHASE7_FALLBACK_MATCHED,ALL_11,ESTIMATED,REACTOME_COLLAGEN_BIOSYNTHESIS_AND_MODIFYING_ENZYMES,20,genept_scpa,,1,1000,32,5,32,2,0.24044967197766692,0.2055438842203548,0.1070723965070188,0.2394953329403085,0.0009543390373584204,,,,,,
unit,A_ELIGIBLE_POOL_MATCHED,FEASIBLE_9,ESTIMATED,REACTOME_METABOLISM_OF_POLYAMINES,1,vanilla_scpa,,1,1000,58,9,45,45,0.22348711214894196,0.20482820568282384,0.07792593598463275,0.20921550970762012,0.014271602441321835,,,,,,
unit,A_ELIGIBLE_POOL_MATCHED,FEASIBLE_9,ESTIMATED,REACTOME_METABOLISM_OF_POLYAMINES,1,genept_scpa,,1,1000,58,9,45,45,0.2169557782728288,0.19930446087292747,0.06771370587949593,0.20921550970762012,0.00774026856520868,,,,,,
unit,B_PATHWAY_WIDE_UNIFORM,ALL_11,ESTIMATED,REACTOME_METABOLISM_OF_POLYAMINES,1,vanilla_scpa,,1,1000,58,9,58,45,0.21217049932723864,0.191651894741947,0.07566398614237561,0.20921550970762012,0.0029549896196185144,,,,,,
unit,B_PATHWAY_WIDE_UNIFORM,ALL_11,ESTIMATED,REACTOME_METABOLISM_OF_POLYAMINES,1,genept_scpa,,1,1000,58,9,58,45,0.2111947045073706,0.19157219364923692,0.0750030409116636,0.20921550970762012,0.0019791947997504777,,,,,,
unit,C_PHASE7_FALLBACK_MATCHED,ALL_11,ESTIMATED,REACTOME_METABOLISM_OF_POLYAMINES,1,vanilla_scpa,,1,1000,58,9,45,45,0.22479398972723602,0.20676559351094959,0.08003052093602153,0.20921550970762012,0.015578480019615898,,,,,,
unit,C_PHASE7_FALLBACK_MATCHED,ALL_11,ESTIMATED,REACTOME_METABOLISM_OF_POLYAMINES,1,genept_scpa,,1,1000,58,9,45,45,0.2201553574447218,0.2014926234953117,0.0701714016662434,0.20921550970762012,0.010939847737101688,,,,,,
unit,A_ELIGIBLE_POOL_MATCHED,FEASIBLE_9,ESTIMATED,REACTOME_METABOLISM_OF_POLYAMINES,2,vanilla_scpa,,1,1000,58,9,45,45,0.22242407243394904,0.20023092561688827,0.08090774557107415,0.20921550970762012,0.01320856272632892,,,,,,
unit,A_ELIGIBLE_POOL_MATCHED,FEASIBLE_9,ESTIMATED,REACTOME_METABOLISM_OF_POLYAMINES,2,genept_scpa,,1,1000,58,9,45,45,0.215077405776567,0.19800770532361073,0.06736651410924871,0.20921550970762012,0.005861896068946881,,,,,,
unit,B_PATHWAY_WIDE_UNIFORM,ALL_11,ESTIMATED,REACTOME_METABOLISM_OF_POLYAMINES,2,vanilla_scpa,,1,1000,58,9,58,45,0.20951667470917607,0.18959293620106277,0.07454963387338209,0.20921550970762012,0.00030116500155594195,,,,,,
unit,B_PATHWAY_WIDE_UNIFORM,ALL_11,ESTIMATED,REACTOME_METABOLISM_OF_POLYAMINES,2,genept_scpa,,1,1000,58,9,58,45,0.20924594829906157,0.18628187996127726,0.07681882346948399,0.20921550970762012,3.0438591441445118e-05,,,,,,
unit,C_PHASE7_FALLBACK_MATCHED,ALL_11,ESTIMATED,REACTOME_METABOLISM_OF_POLYAMINES,2,vanilla_scpa,,1,1000,58,9,45,45,0.221139182725946,0.20061667157766144,0.07915535300483188,0.20921550970762012,0.011923673018325864,,,,,,
unit,C_PHASE7_FALLBACK_MATCHED,ALL_11,ESTIMATED,REACTOME_METABOLISM_OF_POLYAMINES,2,genept_scpa,,1,1000,58,9,45,45,0.21884489572664392,0.20003116147030064,0.06703831838812395,0.20921550970762012,0.0096293860190238,,,,,,
unit,A_ELIGIBLE_POOL_MATCHED,FEASIBLE_9,ESTIMATED,REACTOME_METABOLISM_OF_POLYAMINES,3,vanilla_scpa,,1,1000,58,9,45,45,0.223896154472246,0.205349179431972,0.08097810207711506,0.20921550970762012,0.014680644764625883,,,,,,
unit,A_ELIGIBLE_POOL_MATCHED,FEASIBLE_9,ESTIMATED,REACTOME_METABOLISM_OF_POLYAMINES,3,genept_scpa,,1,1000,58,9,45,45,0.21605223739333188,0.19847065129323194,0.06635761452507995,0.20921550970762012,0.006836727685711752,,,,,,
unit,B_PATHWAY_WIDE_UNIFORM,ALL_11,ESTIMATED,REACTOME_METABOLISM_OF_POLYAMINES,3,vanilla_scpa,,1,1000,58,9,58,45,0.2084142719193499,0.19188271946009833,0.07346011469138278,0.20921550970762012,-0.0008012377882702093,,,,,,
unit,B_PATHWAY_WIDE_UNIFORM,ALL_11,ESTIMATED,REACTOME_METABOLISM_OF_POLYAMINES,3,genept_scpa,,1,1000,58,9,58,45,0.21178196186446813,0.18939088782195396,0.0760317108893356,0.20921550970762012,0.0025664521568480037,,,,,,
unit,C_PHASE7_FALLBACK_MATCHED,ALL_11,ESTIMATED,REACTOME_METABOLISM_OF_POLYAMINES,3,vanilla_scpa,,1,1000,58,9,45,45,0.23080443208832463,0.2099866424328922,0.0848111056069727,0.20921550970762012,0.021588922380704506,,,,,,
unit,C_PHASE7_FALLBACK_MATCHED,ALL_11,ESTIMATED,REACTOME_METABOLISM_OF_POLYAMINES,3,genept_scpa,,1,1000,58,9,45,45,0.2162563018823543,0.1967203558977371,0.06704857889908594,0.20921550970762012,0.0070407921747341895,,,,,,
unit,A_ELIGIBLE_POOL_MATCHED,FEASIBLE_9,ESTIMATED,REACTOME_METABOLISM_OF_POLYAMINES,4,vanilla_scpa,,1,1000,58,9,45,45,0.22600189004269974,0.20448218790378148,0.08212907062418652,0.20921550970762012,0.01678638033507962,,,,,,
unit,A_ELIGIBLE_POOL_MATCHED,FEASIBLE_9,ESTIMATED,REACTOME_METABOLISM_OF_POLYAMINES,4,genept_scpa,,1,1000,58,9,45,45,0.2160258396201037,0.19904435583789493,0.06712301445286316,0.20921550970762012,0.006810329912483565,,,,,,
unit,B_PATHWAY_WIDE_UNIFORM,ALL_11,ESTIMATED,REACTOME_METABOLISM_OF_POLYAMINES,4,vanilla_scpa,,1,1000,58,9,58,45,0.20324863563293724,0.18686462171908985,0.06909885282995394,0.20921550970762012,-0.005966874074682882,,,,,,
unit,B_PATHWAY_WIDE_UNIFORM,ALL_11,ESTIMATED,REACTOME_METABOLISM_OF_POLYAMINES,4,genept_scpa,,1,1000,58,9,58,45,0.2121113001281537,0.19635450736584342,0.07364145577585145,0.20921550970762012,0.0028957904205335894,,,,,,
unit,C_PHASE7_FALLBACK_MATCHED,ALL_11,ESTIMATED,REACTOME_METABOLISM_OF_POLYAMINES,4,vanilla_scpa,,1,1000,58,9,45,45,0.22785184123936836,0.21170216876249823,0.08063748225107732,0.20921550970762012,0.018636331531748235,,,,,,
unit,C_PHASE7_FALLBACK_MATCHED,ALL_11,ESTIMATED,REACTOME_METABOLISM_OF_POLYAMINES,4,genept_scpa,,1,1000,58,9,45,45,0.2174792982198713,0.19868227476830974,0.06957489316755973,0.20921550970762012,0.00826378851225118,,,,,,
unit,A_ELIGIBLE_POOL_MATCHED,FEASIBLE_9,ESTIMATED,REACTOME_METABOLISM_OF_POLYAMINES,5,vanilla_scpa,,1,1000,58,9,45,45,0.21999374947632572,0.19812796699196608,0.08078720328369911,0.20921550970762012,0.010778239768705594,,,,,,
unit,A_ELIGIBLE_POOL_MATCHED,FEASIBLE_9,ESTIMATED,REACTOME_METABOLISM_OF_POLYAMINES,5,genept_scpa,,1,1000,58,9,45,45,0.21576251715463218,0.19709166357345864,0.06549235940558773,0.20921550970762012,0.00654700744701206,,,,,,
unit,B_PATHWAY_WIDE_UNIFORM,ALL_11,ESTIMATED,REACTOME_METABOLISM_OF_POLYAMINES,5,vanilla_scpa,,1,1000,58,9,58,45,0.20595364447242404,0.1887142112635427,0.0712255249502913,0.20921550970762012,-0.0032618652351960875,,,,,,
unit,B_PATHWAY_WIDE_UNIFORM,ALL_11,ESTIMATED,REACTOME_METABOLISM_OF_POLYAMINES,5,genept_scpa,,1,1000,58,9,58,45,0.20608347718361464,0.18460088536799069,0.07324002272712266,0.20921550970762012,-0.0031320325240054847,,,,,,
unit,C_PHASE7_FALLBACK_MATCHED,ALL_11,ESTIMATED,REACTOME_METABOLISM_OF_POLYAMINES,5,vanilla_scpa,,1,1000,58,9,45,45,0.22405456839647264,0.20569564737825038,0.07956696656613856,0.20921550970762012,0.014839058688852519,,,,,,
unit,C_PHASE7_FALLBACK_MATCHED,ALL_11,ESTIMATED,REACTOME_METABOLISM_OF_POLYAMINES,5,genept_scpa,,1,1000,58,9,45,45,0.21612682549813692,0.19735416810006995,0.06548875385566827,0.20921550970762012,0.006911315790516792,,,,,,
unit,A_ELIGIBLE_POOL_MATCHED,FEASIBLE_9,ESTIMATED,REACTOME_METABOLISM_OF_POLYAMINES,6,vanilla_scpa,,1,1000,58,9,45,45,0.22515154603166343,0.2064175443715483,0.0804857541908636,0.20921550970762012,0.015936036324043307,,,,,,
unit,A_ELIGIBLE_POOL_MATCHED,FEASIBLE_9,ESTIMATED,REACTOME_METABOLISM_OF_POLYAMINES,6,genept_scpa,,1,1000,58,9,45,45,0.21572284322984153,0.19779201724615048,0.0674511726668011,0.20921550970762012,0.006507333522221409,,,,,,
unit,B_PATHWAY_WIDE_UNIFORM,ALL_11,ESTIMATED,REACTOME_METABOLISM_OF_POLYAMINES,6,vanilla_scpa,,1,1000,58,9,58,45,0.2115448640872823,0.19483285631446828,0.07189690313675871,0.20921550970762012,0.0023293543796621685,,,,,,
unit,B_PATHWAY_WIDE_UNIFORM,ALL_11,ESTIMATED,REACTOME_METABOLISM_OF_POLYAMINES,6,genept_scpa,,1,1000,58,9,58,45,0.21255812821631428,0.1933671510614937,0.07420289759119743,0.20921550970762012,0.0033426185086941618,,,,,,
unit,C_PHASE7_FALLBACK_MATCHED,ALL_11,ESTIMATED,REACTOME_METABOLISM_OF_POLYAMINES,6,vanilla_scpa,,1,1000,58,9,45,45,0.22505760484438764,0.2055925931988638,0.08204578550645361,0.20921550970762012,0.015842095136767514,,,,,,
unit,C_PHASE7_FALLBACK_MATCHED,ALL_11,ESTIMATED,REACTOME_METABOLISM_OF_POLYAMINES,6,genept_scpa,,1,1000,58,9,45,45,0.21752629913383248,0.19740148177639155,0.06649848138466251,0.20921550970762012,0.008310789426212356,,,,,,
unit,A_ELIGIBLE_POOL_MATCHED,FEASIBLE_9,ESTIMATED,REACTOME_METABOLISM_OF_POLYAMINES,7,vanilla_scpa,,1,1000,58,9,45,45,0.22213729140397317,0.201539808780767,0.08222873316919026,0.20921550970762012,0.012921781696353052,,,,,,
unit,A_ELIGIBLE_POOL_MATCHED,FEASIBLE_9,ESTIMATED,REACTOME_METABOLISM_OF_POLYAMINES,7,genept_scpa,,1,1000,58,9,45,45,0.22044610468069528,0.20304873638851967,0.07103032731265688,0.20921550970762012,0.011230594973075159,,,,,,
unit,B_PATHWAY_WIDE_UNIFORM,ALL_11,ESTIMATED,REACTOME_METABOLISM_OF_POLYAMINES,7,vanilla_scpa,,1,1000,58,9,58,45,0.20593306783956924,0.18561638733881675,0.07130979193659567,0.20921550970762012,-0.0032824418680508782,,,,,,
unit,B_PATHWAY_WIDE_UNIFORM,ALL_11,ESTIMATED,REACTOME_METABOLISM_OF_POLYAMINES,7,genept_scpa,,1,1000,58,9,58,45,0.20871895962508372,0.18994772607362992,0.072276379801965,0.20921550970762012,-0.0004965500825364066,,,,,,
unit,C_PHASE7_FALLBACK_MATCHED,ALL_11,ESTIMATED,REACTOME_METABOLISM_OF_POLYAMINES,7,vanilla_scpa,,1,1000,58,9,45,45,0.22427235549248273,0.20258318404555162,0.08002942324609132,0.20921550970762012,0.015056845784862605,,,,,,
unit,C_PHASE7_FALLBACK_MATCHED,ALL_11,ESTIMATED,REACTOME_METABOLISM_OF_POLYAMINES,7,genept_scpa,,1,1000,58,9,45,45,0.21279467570437174,0.19515338952976052,0.06415469104198848,0.20921550970762012,0.003579165996751621,,,,,,
unit,A_ELIGIBLE_POOL_MATCHED,FEASIBLE_9,ESTIMATED,REACTOME_METABOLISM_OF_POLYAMINES,8,vanilla_scpa,,1,1000,58,9,45,45,0.2233721766469777,0.20410807612044185,0.08023091621076406,0.20921550970762012,0.014156666939357576,,,,,,
unit,A_ELIGIBLE_POOL_MATCHED,FEASIBLE_9,ESTIMATED,REACTOME_METABOLISM_OF_POLYAMINES,8,genept_scpa,,1,1000,58,9,45,45,0.21683718363418955,0.20057019773624485,0.06531866163828808,0.20921550970762012,0.007621673926569428,,,,,,
unit,B_PATHWAY_WIDE_UNIFORM,ALL_11,ESTIMATED,REACTOME_METABOLISM_OF_POLYAMINES,8,vanilla_scpa,,1,1000,58,9,58,45,0.20754630933299706,0.18949836623331023,0.06948045264312284,0.20921550970762012,-0.0016692003746230644,,,,,,
unit,B_PATHWAY_WIDE_UNIFORM,ALL_11,ESTIMATED,REACTOME_METABOLISM_OF_POLYAMINES,8,genept_scpa,,1,1000,58,9,58,45,0.20773582555150752,0.18954793338075943,0.0689225313617173,0.20921550970762012,-0.001479684156112604,,,,,,
unit,C_PHASE7_FALLBACK_MATCHED,ALL_11,ESTIMATED,REACTOME_METABOLISM_OF_POLYAMINES,8,vanilla_scpa,,1,1000,58,9,45,45,0.2211261105525258,0.19919755545495618,0.07966860286479227,0.20921550970762012,0.011910600844905667,,,,,,
unit,C_PHASE7_FALLBACK_MATCHED,ALL_11,ESTIMATED,REACTOME_METABOLISM_OF_POLYAMINES,8,genept_scpa,,1,1000,58,9,45,45,0.21708185595109938,0.20078901760683415,0.06619523596730532,0.20921550970762012,0.00786634624347926,,,,,,
unit,A_ELIGIBLE_POOL_MATCHED,FEASIBLE_9,ESTIMATED,REACTOME_METABOLISM_OF_POLYAMINES,9,vanilla_scpa,,1,1000,58,9,45,45,0.2266298336475445,0.203614902035984,0.08543803584486981,0.20921550970762012,0.01741432393992437,,,,,,
unit,A_ELIGIBLE_POOL_MATCHED,FEASIBLE_9,ESTIMATED,REACTOME_METABOLISM_OF_POLYAMINES,9,genept_scpa,,1,1000,58,9,45,45,0.22097745264726495,0.20403436788792068,0.06847278069048804,0.20921550970762012,0.011761942939644832,,,,,,
unit,B_PATHWAY_WIDE_UNIFORM,ALL_11,ESTIMATED,REACTOME_METABOLISM_OF_POLYAMINES,9,vanilla_scpa,,1,1000,58,9,58,45,0.20717205751936568,0.19210288904462136,0.06900204483111212,0.20921550970762012,-0.002043452188254441,,,,,,
unit,B_PATHWAY_WIDE_UNIFORM,ALL_11,ESTIMATED,REACTOME_METABOLISM_OF_POLYAMINES,9,genept_scpa,,1,1000,58,9,58,45,0.2127947690983061,0.1966966134484137,0.07137924814533474,0.20921550970762012,0.003579259390685985,,,,,,
unit,C_PHASE7_FALLBACK_MATCHED,ALL_11,ESTIMATED,REACTOME_METABOLISM_OF_POLYAMINES,9,vanilla_scpa,,1,1000,58,9,45,45,0.22517380632948186,0.20420084094205332,0.08241410434513838,0.20921550970762012,0.01595829662186174,,,,,,
unit,C_PHASE7_FALLBACK_MATCHED,ALL_11,ESTIMATED,REACTOME_METABOLISM_OF_POLYAMINES,9,genept_scpa,,1,1000,58,9,45,45,0.21935498181678523,0.20271553705772555,0.06852494090605003,0.20921550970762012,0.010139472109165104,,,,,,
unit,A_ELIGIBLE_POOL_MATCHED,FEASIBLE_9,ESTIMATED,REACTOME_METABOLISM_OF_POLYAMINES,10,vanilla_scpa,,1,1000,58,9,45,45,0.22394980537246698,0.20277887305467818,0.08414570563469605,0.20921550970762012,0.014734295664846853,,,,,,
unit,A_ELIGIBLE_POOL_MATCHED,FEASIBLE_9,ESTIMATED,REACTOME_METABOLISM_OF_POLYAMINES,10,genept_scpa,,1,1000,58,9,45,45,0.21794296576660568,0.19871410353513147,0.06755044892337814,0.20921550970762012,0.008727456058985561,,,,,,
unit,B_PATHWAY_WIDE_UNIFORM,ALL_11,ESTIMATED,REACTOME_METABOLISM_OF_POLYAMINES,10,vanilla_scpa,,1,1000,58,9,58,45,0.20649214353140638,0.18829804280387874,0.06940105917097016,0.20921550970762012,-0.002723366176213743,,,,,,
unit,B_PATHWAY_WIDE_UNIFORM,ALL_11,ESTIMATED,REACTOME_METABOLISM_OF_POLYAMINES,10,genept_scpa,,1,1000,58,9,58,45,0.20873123501663385,0.18944328113618977,0.0721893685386812,0.20921550970762012,-0.00048427469098627496,,,,,,
unit,C_PHASE7_FALLBACK_MATCHED,ALL_11,ESTIMATED,REACTOME_METABOLISM_OF_POLYAMINES,10,vanilla_scpa,,1,1000,58,9,45,45,0.22238471624092887,0.20283816520437759,0.07954376033614598,0.20921550970762012,0.013169206533308747,,,,,,
unit,C_PHASE7_FALLBACK_MATCHED,ALL_11,ESTIMATED,REACTOME_METABOLISM_OF_POLYAMINES,10,genept_scpa,,1,1000,58,9,45,45,0.21799867150945068,0.20071734131976648,0.06658697534652136,0.20921550970762012,0.008783161801830558,,,,,,
unit,A_ELIGIBLE_POOL_MATCHED,FEASIBLE_9,ESTIMATED,REACTOME_METABOLISM_OF_POLYAMINES,11,vanilla_scpa,,1,1000,58,9,45,45,0.2246043235858199,0.20599347105227314,0.08047892575017614,0.20921550970762012,0.015388813878199764,,,,,,
unit,A_ELIGIBLE_POOL_MATCHED,FEASIBLE_9,ESTIMATED,REACTOME_METABOLISM_OF_POLYAMINES,11,genept_scpa,,1,1000,58,9,45,45,0.218795126239647,0.2008245839479855,0.06607476195191613,0.20921550970762012,0.00957961653202688,,,,,,
unit,B_PATHWAY_WIDE_UNIFORM,ALL_11,ESTIMATED,REACTOME_METABOLISM_OF_POLYAMINES,11,vanilla_scpa,,1,1000,58,9,58,45,0.20804438685211774,0.18986317065771535,0.07214014300250464,0.20921550970762012,-0.0011711228555023878,,,,,,
unit,B_PATHWAY_WIDE_UNIFORM,ALL_11,ESTIMATED,REACTOME_METABOLISM_OF_POLYAMINES,11,genept_scpa,,1,1000,58,9,58,45,0.20999111328489098,0.19252640320517,0.07357051574005026,0.20921550970762012,0.0007756035772708558,,,,,,
unit,C_PHASE7_FALLBACK_MATCHED,ALL_11,ESTIMATED,REACTOME_METABOLISM_OF_POLYAMINES,11,vanilla_scpa,,1,1000,58,9,45,45,0.22151488119568633,0.198605016070949,0.0818538666061855,0.20921550970762012,0.012299371488066202,,,,,,
unit,C_PHASE7_FALLBACK_MATCHED,ALL_11,ESTIMATED,REACTOME_METABOLISM_OF_POLYAMINES,11,genept_scpa,,1,1000,58,9,45,45,0.21580538344539538,0.20100671703431786,0.06502801280116642,0.20921550970762012,0.006589873737775254,,,,,,
unit,A_ELIGIBLE_POOL_MATCHED,FEASIBLE_9,ESTIMATED,REACTOME_METABOLISM_OF_POLYAMINES,12,vanilla_scpa,,1,1000,58,9,45,45,0.22519240238709212,0.20447474746536357,0.08143294341432752,0.20921550970762012,0.015976892679472,,,,,,
unit,A_ELIGIBLE_POOL_MATCHED,FEASIBLE_9,ESTIMATED,REACTOME_METABOLISM_OF_POLYAMINES,12,genept_scpa,,1,1000,58,9,45,45,0.21453424971007246,0.19677671496661192,0.06517351705412323,0.20921550970762012,0.005318740002452332,,,,,,
unit,B_PATHWAY_WIDE_UNIFORM,ALL_11,ESTIMATED,REACTOME_METABOLISM_OF_POLYAMINES,12,vanilla_scpa,,1,1000,58,9,58,45,0.2078312053249227,0.19034385026406297,0.0693770127737481,0.20921550970762012,-0.0013843043826974322,,,,,,
unit,B_PATHWAY_WIDE_UNIFORM,ALL_11,ESTIMATED,REACTOME_METABOLISM_OF_POLYAMINES,12,genept_scpa,,1,1000,58,9,58,45,0.2070118215620541,0.18866759078273754,0.07157562356183488,0.20921550970762012,-0.002203688145566013,,,,,,
unit,C_PHASE7_FALLBACK_MATCHED,ALL_11,ESTIMATED,REACTOME_METABOLISM_OF_POLYAMINES,12,vanilla_scpa,,1,1000,58,9,45,45,0.22318713785776695,0.20495612087759738,0.07956238225541035,0.20921550970762012,0.013971628150146825,,,,,,
unit,C_PHASE7_FALLBACK_MATCHED,ALL_11,ESTIMATED,REACTOME_METABOLISM_OF_POLYAMINES,12,genept_scpa,,1,1000,58,9,45,45,0.21780720532004655,0.1990795799613706,0.06665633885187848,0.20921550970762012,0.008591695612426425,,,,,,
unit,A_ELIGIBLE_POOL_MATCHED,FEASIBLE_9,ESTIMATED,REACTOME_METABOLISM_OF_POLYAMINES,13,vanilla_scpa,,1,1000,58,9,45,45,0.2322248312190983,0.21067662295087475,0.08695908358694845,0.20921550970762012,0.023009321511478165,,,,,,
unit,A_ELIGIBLE_POOL_MATCHED,FEASIBLE_9,ESTIMATED,REACTOME_METABOLISM_OF_POLYAMINES,13,genept_scpa,,1,1000,58,9,45,45,0.21575598781561475,0.1978454195820154,0.06745588620023311,0.20921550970762012,0.0065404781079946295,,,,,,
unit,B_PATHWAY_WIDE_UNIFORM,ALL_11,ESTIMATED,REACTOME_METABOLISM_OF_POLYAMINES,13,vanilla_scpa,,1,1000,58,9,58,45,0.2087075002189175,0.193206093235333,0.07148164385686728,0.20921550970762012,-0.0005080094887026099,,,,,,
unit,B_PATHWAY_WIDE_UNIFORM,ALL_11,ESTIMATED,REACTOME_METABOLISM_OF_POLYAMINES,13,genept_scpa,,1,1000,58,9,58,45,0.20955847475251846,0.1887521549733832,0.07632327362043417,0.20921550970762012,0.0003429650448983357,,,,,,
unit,C_PHASE7_FALLBACK_MATCHED,ALL_11,ESTIMATED,REACTOME_METABOLISM_OF_POLYAMINES,13,vanilla_scpa,,1,1000,58,9,45,45,0.2253728373636979,0.20204931016645805,0.08299258085399233,0.20921550970762012,0.016157327656077775,,,,,,
unit,C_PHASE7_FALLBACK_MATCHED,ALL_11,ESTIMATED,REACTOME_METABOLISM_OF_POLYAMINES,13,genept_scpa,,1,1000,58,9,45,45,0.21862259640353063,0.2006524005509168,0.06733756692492489,0.20921550970762012,0.009407086695910505,,,,,,
unit,A_ELIGIBLE_POOL_MATCHED,FEASIBLE_9,ESTIMATED,REACTOME_METABOLISM_OF_POLYAMINES,14,vanilla_scpa,,1,1000,58,9,45,45,0.22380856253978268,0.20205058058518888,0.08070767584947228,0.20921550970762012,0.014593052832162556,,,,,,
unit,A_ELIGIBLE_POOL_MATCHED,FEASIBLE_9,ESTIMATED,REACTOME_METABOLISM_OF_POLYAMINES,14,genept_scpa,,1,1000,58,9,45,45,0.21658118314628771,0.20037133716784797,0.06675895115172607,0.20921550970762012,0.0073656734386675915,,,,,,
unit,B_PATHWAY_WIDE_UNIFORM,ALL_11,ESTIMATED,REACTOME_METABOLISM_OF_POLYAMINES,14,vanilla_scpa,,1,1000,58,9,58,45,0.20465956625269768,0.1858011538237798,0.06968236528745082,0.20921550970762012,-0.00455594345492244,,,,,,
unit,B_PATHWAY_WIDE_UNIFORM,ALL_11,ESTIMATED,REACTOME_METABOLISM_OF_POLYAMINES,14,genept_scpa,,1,1000,58,9,58,45,0.20741209269601873,0.18808862511898497,0.07103026532981564,0.20921550970762012,-0.0018034170116013881,,,,,,
unit,C_PHASE7_FALLBACK_MATCHED,ALL_11,ESTIMATED,REACTOME_METABOLISM_OF_POLYAMINES,14,vanilla_scpa,,1,1000,58,9,45,45,0.2245698263969873,0.20488544500562705,0.07889712123947941,0.20921550970762012,0.015354316689367181,,,,,,
unit,C_PHASE7_FALLBACK_MATCHED,ALL_11,ESTIMATED,REACTOME_METABOLISM_OF_POLYAMINES,14,genept_scpa,,1,1000,58,9,45,45,0.21817616619936178,0.1999243568028975,0.0691987511779178,0.20921550970762012,0.008960656491741659,,,,,,
unit,A_ELIGIBLE_POOL_MATCHED,FEASIBLE_9,ESTIMATED,REACTOME_METABOLISM_OF_POLYAMINES,15,vanilla_scpa,,1,1000,58,9,45,45,0.22638572408725444,0.20703251328426397,0.08389859742451936,0.20921550970762012,0.017170214379634313,,,,,,
unit,A_ELIGIBLE_POOL_MATCHED,FEASIBLE_9,ESTIMATED,REACTOME_METABOLISM_OF_POLYAMINES,15,genept_scpa,,1,1000,58,9,45,45,0.21809371590306773,0.2006595180354808,0.06676071694150126,0.20921550970762012,0.008878206195447602,,,,,,
unit,B_PATHWAY_WIDE_UNIFORM,ALL_11,ESTIMATED,REACTOME_METABOLISM_OF_POLYAMINES,15,vanilla_scpa,,1,1000,58,9,58,45,0.20730925764951252,0.18896544088146677,0.07328109666739584,0.20921550970762012,-0.0019062520581075992,,,,,,
unit,B_PATHWAY_WIDE_UNIFORM,ALL_11,ESTIMATED,REACTOME_METABOLISM_OF_POLYAMINES,15,genept_scpa,,1,1000,58,9,58,45,0.20993781185826316,0.19324124289702865,0.0718604563305608,0.20921550970762012,0.0007223021506430338,,,,,,
unit,C_PHASE7_FALLBACK_MATCHED,ALL_11,ESTIMATED,REACTOME_METABOLISM_OF_POLYAMINES,15,vanilla_scpa,,1,1000,58,9,45,45,0.2261538838029651,0.20625485230381432,0.0798658046535509,0.20921550970762012,0.016938374095344988,,,,,,
unit,C_PHASE7_FALLBACK_MATCHED,ALL_11,ESTIMATED,REACTOME_METABOLISM_OF_POLYAMINES,15,genept_scpa,,1,1000,58,9,45,45,0.21824995672685873,0.20200185376128754,0.06648772373386502,0.20921550970762012,0.009034447019238612,,,,,,
unit,A_ELIGIBLE_POOL_MATCHED,FEASIBLE_9,ESTIMATED,REACTOME_METABOLISM_OF_POLYAMINES,16,vanilla_scpa,,1,1000,58,9,45,45,0.22965757320246746,0.2073743507674964,0.08658162253460866,0.20921550970762012,0.02044206349484734,,,,,,
unit,A_ELIGIBLE_POOL_MATCHED,FEASIBLE_9,ESTIMATED,REACTOME_METABOLISM_OF_POLYAMINES,16,genept_scpa,,1,1000,58,9,45,45,0.21399579440582717,0.19629170093150206,0.06522636107783839,0.20921550970762012,0.0047802846982070435,,,,,,
unit,B_PATHWAY_WIDE_UNIFORM,ALL_11,ESTIMATED,REACTOME_METABOLISM_OF_POLYAMINES,16,vanilla_scpa,,1,1000,58,9,58,45,0.20887636632624815,0.18654772889470186,0.0760930508430464,0.20921550970762012,-0.00033914338137197575,,,,,,
unit,B_PATHWAY_WIDE_UNIFORM,ALL_11,ESTIMATED,REACTOME_METABOLISM_OF_POLYAMINES,16,genept_scpa,,1,1000,58,9,58,45,0.21119010097093371,0.19442104499587698,0.07358048289927256,0.20921550970762012,0.001974591263313591,,,,,,
unit,C_PHASE7_FALLBACK_MATCHED,ALL_11,ESTIMATED,REACTOME_METABOLISM_OF_POLYAMINES,16,vanilla_scpa,,1,1000,58,9,45,45,0.22448691035677681,0.20553358971750568,0.07995953296523893,0.20921550970762012,0.015271400649156691,,,,,,
unit,C_PHASE7_FALLBACK_MATCHED,ALL_11,ESTIMATED,REACTOME_METABOLISM_OF_POLYAMINES,16,genept_scpa,,1,1000,58,9,45,45,0.2159214535677575,0.1974670743942703,0.06764522959674851,0.20921550970762012,0.00670594386013737,,,,,,
unit,A_ELIGIBLE_POOL_MATCHED,FEASIBLE_9,ESTIMATED,REACTOME_METABOLISM_OF_POLYAMINES,17,vanilla_scpa,,1,1000,58,9,45,45,0.219950464642424,0.2013672046392834,0.07791458833943388,0.20921550970762012,0.010734954934803864,,,,,,
unit,A_ELIGIBLE_POOL_MATCHED,FEASIBLE_9,ESTIMATED,REACTOME_METABOLISM_OF_POLYAMINES,17,genept_scpa,,1,1000,58,9,45,45,0.21711890740265272,0.20178363140720196,0.06463358084845713,0.20921550970762012,0.007903397695032593,,,,,,
unit,B_PATHWAY_WIDE_UNIFORM,ALL_11,ESTIMATED,REACTOME_METABOLISM_OF_POLYAMINES,17,vanilla_scpa,,1,1000,58,9,58,45,0.2128474274155973,0.19041855251779088,0.07863839695996287,0.20921550970762012,0.003631917707977189,,,,,,
unit,B_PATHWAY_WIDE_UNIFORM,ALL_11,ESTIMATED,REACTOME_METABOLISM_OF_POLYAMINES,17,genept_scpa,,1,1000,58,9,58,45,0.21064591940916422,0.1920101644593014,0.07520302951877006,0.20921550970762012,0.0014304097015440942,,,,,,
unit,C_PHASE7_FALLBACK_MATCHED,ALL_11,ESTIMATED,REACTOME_METABOLISM_OF_POLYAMINES,17,vanilla_scpa,,1,1000,58,9,45,45,0.22415657666032246,0.20611845821285985,0.08135716642842476,0.20921550970762012,0.014941066952702337,,,,,,
unit,C_PHASE7_FALLBACK_MATCHED,ALL_11,ESTIMATED,REACTOME_METABOLISM_OF_POLYAMINES,17,genept_scpa,,1,1000,58,9,45,45,0.21466113906544107,0.19759407223287515,0.06636733185409437,0.20921550970762012,0.005445629357820947,,,,,,
unit,A_ELIGIBLE_POOL_MATCHED,FEASIBLE_9,ESTIMATED,REACTOME_METABOLISM_OF_POLYAMINES,18,vanilla_scpa,,1,1000,58,9,45,45,0.22213326137102446,0.20049771739839367,0.08242510651068967,0.20921550970762012,0.012917751663404337,,,,,,
unit,A_ELIGIBLE_POOL_MATCHED,FEASIBLE_9,ESTIMATED,REACTOME_METABOLISM_OF_POLYAMINES,18,genept_scpa,,1,1000,58,9,45,45,0.21780575148066977,0.20050256567395636,0.06544366600409122,0.20921550970762012,0.00859024177304965,,,,,,
unit,B_PATHWAY_WIDE_UNIFORM,ALL_11,ESTIMATED,REACTOME_METABOLISM_OF_POLYAMINES,18,vanilla_scpa,,1,1000,58,9,58,45,0.20636315663108576,0.18846929656828176,0.06955994105567243,0.20921550970762012,-0.002852353076534364,,,,,,
unit,B_PATHWAY_WIDE_UNIFORM,ALL_11,ESTIMATED,REACTOME_METABOLISM_OF_POLYAMINES,18,genept_scpa,,1,1000,58,9,58,45,0.2072782692452883,0.1902867859887302,0.06997326253545409,0.20921550970762012,-0.0019372404623318185,,,,,,
unit,C_PHASE7_FALLBACK_MATCHED,ALL_11,ESTIMATED,REACTOME_METABOLISM_OF_POLYAMINES,18,vanilla_scpa,,1,1000,58,9,45,45,0.2228818118390369,0.20260828098018663,0.08125554505715124,0.20921550970762012,0.013666302131416785,,,,,,
unit,C_PHASE7_FALLBACK_MATCHED,ALL_11,ESTIMATED,REACTOME_METABOLISM_OF_POLYAMINES,18,genept_scpa,,1,1000,58,9,45,45,0.21887021259754896,0.20049097484195724,0.06816621683234592,0.20921550970762012,0.00965470288992884,,,,,,
unit,A_ELIGIBLE_POOL_MATCHED,FEASIBLE_9,ESTIMATED,REACTOME_METABOLISM_OF_POLYAMINES,19,vanilla_scpa,,1,1000,58,9,45,45,0.2274424976393768,0.2055419094313946,0.08405264824809505,0.20921550970762012,0.018226987931756672,,,,,,
unit,A_ELIGIBLE_POOL_MATCHED,FEASIBLE_9,ESTIMATED,REACTOME_METABOLISM_OF_POLYAMINES,19,genept_scpa,,1,1000,58,9,45,45,0.21298170516729534,0.19556370009801383,0.06543578416354456,0.20921550970762012,0.0037661954596752145,,,,,,
unit,B_PATHWAY_WIDE_UNIFORM,ALL_11,ESTIMATED,REACTOME_METABOLISM_OF_POLYAMINES,19,vanilla_scpa,,1,1000,58,9,58,45,0.21238169738863372,0.1960776597498798,0.07324427999490975,0.20921550970762012,0.0031661876810135936,,,,,,
unit,B_PATHWAY_WIDE_UNIFORM,ALL_11,ESTIMATED,REACTOME_METABOLISM_OF_POLYAMINES,19,genept_scpa,,1,1000,58,9,58,45,0.20874419609751704,0.19071798591016695,0.07476915340411532,0.20921550970762012,-0.00047131361010308015,,,,,,
unit,C_PHASE7_FALLBACK_MATCHED,ALL_11,ESTIMATED,REACTOME_METABOLISM_OF_POLYAMINES,19,vanilla_scpa,,1,1000,58,9,45,45,0.22122148805020414,0.2011547927108568,0.08206343647239228,0.20921550970762012,0.012005978342584017,,,,,,
unit,C_PHASE7_FALLBACK_MATCHED,ALL_11,ESTIMATED,REACTOME_METABOLISM_OF_POLYAMINES,19,genept_scpa,,1,1000,58,9,45,45,0.21699144874069037,0.19781366180306179,0.06928666344704536,0.20921550970762012,0.0077759390330702505,,,,,,
unit,A_ELIGIBLE_POOL_MATCHED,FEASIBLE_9,ESTIMATED,REACTOME_METABOLISM_OF_POLYAMINES,20,vanilla_scpa,,1,1000,58,9,45,45,0.2224170908086468,0.20026247525710028,0.08396854800239693,0.20921550970762012,0.013201581101026677,,,,,,
unit,A_ELIGIBLE_POOL_MATCHED,FEASIBLE_9,ESTIMATED,REACTOME_METABOLISM_OF_POLYAMINES,20,genept_scpa,,1,1000,58,9,45,45,0.21718200106160265,0.19893116824534052,0.06802357705108042,0.20921550970762012,0.00796649135398253,,,,,,
unit,B_PATHWAY_WIDE_UNIFORM,ALL_11,ESTIMATED,REACTOME_METABOLISM_OF_POLYAMINES,20,vanilla_scpa,,1,1000,58,9,58,45,0.20898988692908144,0.18973575247023478,0.07220681767051187,0.20921550970762012,-0.00022562277853868662,,,,,,
unit,B_PATHWAY_WIDE_UNIFORM,ALL_11,ESTIMATED,REACTOME_METABOLISM_OF_POLYAMINES,20,genept_scpa,,1,1000,58,9,58,45,0.20929354891120347,0.1918001853652121,0.07213702938785439,0.20921550970762012,7.80392035833466e-05,,,,,,
unit,C_PHASE7_FALLBACK_MATCHED,ALL_11,ESTIMATED,REACTOME_METABOLISM_OF_POLYAMINES,20,vanilla_scpa,,1,1000,58,9,45,45,0.22637890765764637,0.20492431241939585,0.08347074737359295,0.20921550970762012,0.01716339795002625,,,,,,
unit,C_PHASE7_FALLBACK_MATCHED,ALL_11,ESTIMATED,REACTOME_METABOLISM_OF_POLYAMINES,20,genept_scpa,,1,1000,58,9,45,45,0.21385198637813646,0.2002664847658965,0.0636261350474722,0.20921550970762012,0.004636476670516337,,,,,,
unit,A_ELIGIBLE_POOL_MATCHED,FEASIBLE_9,ESTIMATED,REACTOME_MITOCHONDRIAL_FATTY_ACID_BETA_OXIDATION,1,vanilla_scpa,,1,1000,31,5,11,11,0.2941739900407754,0.27862170087976545,0.14023363514398723,0.24592298395844034,0.04825100608233504,,,,,,
unit,A_ELIGIBLE_POOL_MATCHED,FEASIBLE_9,ESTIMATED,REACTOME_MITOCHONDRIAL_FATTY_ACID_BETA_OXIDATION,1,genept_scpa,,1,1000,31,5,11,11,0.3127233861907271,0.2911511537464351,0.12146707811288646,0.24592298395844034,0.06680040223228675,,,,,,
unit,B_PATHWAY_WIDE_UNIFORM,ALL_11,ESTIMATED,REACTOME_MITOCHONDRIAL_FATTY_ACID_BETA_OXIDATION,1,vanilla_scpa,,1,1000,31,5,31,11,0.24791291416387834,0.21481746876312097,0.11003520633966556,0.24592298395844034,0.001989930205438001,,,,,,
unit,B_PATHWAY_WIDE_UNIFORM,ALL_11,ESTIMATED,REACTOME_MITOCHONDRIAL_FATTY_ACID_BETA_OXIDATION,1,genept_scpa,,1,1000,31,5,31,11,0.23776480187567586,0.20334291981182545,0.10257633595481336,0.24592298395844034,-0.008158182082764476,,,,,,
unit,C_PHASE7_FALLBACK_MATCHED,ALL_11,ESTIMATED,REACTOME_MITOCHONDRIAL_FATTY_ACID_BETA_OXIDATION,1,vanilla_scpa,,1,1000,31,5,11,11,0.29175252804275603,0.28114942528735637,0.13686507504586432,0.24592298395844034,0.04582954408431569,,,,,,
unit,C_PHASE7_FALLBACK_MATCHED,ALL_11,ESTIMATED,REACTOME_MITOCHONDRIAL_FATTY_ACID_BETA_OXIDATION,1,genept_scpa,,1,1000,31,5,11,11,0.3136959575523904,0.29047619047619044,0.12165050986018855,0.24592298395844034,0.06777297359395004,,,,,,
unit,A_ELIGIBLE_POOL_MATCHED,FEASIBLE_9,ESTIMATED,REACTOME_MITOCHONDRIAL_FATTY_ACID_BETA_OXIDATION,2,vanilla_scpa,,1,1000,31,5,11,11,0.2854288625729727,0.277816091954023,0.1348229688478625,0.24592298395844034,0.039505878614532336,,,,,,
unit,A_ELIGIBLE_POOL_MATCHED,FEASIBLE_9,ESTIMATED,REACTOME_MITOCHONDRIAL_FATTY_ACID_BETA_OXIDATION,2,genept_scpa,,1,1000,31,5,11,11,0.31424516365998423,0.3013056835637481,0.12328087764799628,0.24592298395844034,0.06832217970154389,,,,,,
unit,B_PATHWAY_WIDE_UNIFORM,ALL_11,ESTIMATED,REACTOME_MITOCHONDRIAL_FATTY_ACID_BETA_OXIDATION,2,vanilla_scpa,,1,1000,31,5,31,11,0.24734735061569835,0.21342156381630067,0.10888490521147062,0.24592298395844034,0.0014243666572580083,,,,,,
unit,B_PATHWAY_WIDE_UNIFORM,ALL_11,ESTIMATED,REACTOME_MITOCHONDRIAL_FATTY_ACID_BETA_OXIDATION,2,genept_scpa,,1,1000,31,5,31,11,0.23573878983067223,0.20445555275849803,0.10531319418328432,0.24592298395844034,-0.01018419412776811,,,,,,
unit,C_PHASE7_FALLBACK_MATCHED,ALL_11,ESTIMATED,REACTOME_MITOCHONDRIAL_FATTY_ACID_BETA_OXIDATION,2,vanilla_scpa,,1,1000,31,5,11,11,0.305958921357759,0.302004784857955,0.14351350181634728,0.24592298395844034,0.060035937399318645,,,,,,
unit,C_PHASE7_FALLBACK_MATCHED,ALL_11,ESTIMATED,REACTOME_MITOCHONDRIAL_FATTY_ACID_BETA_OXIDATION,2,genept_scpa,,1,1000,31,5,11,11,0.3079204209912992,0.27666666666666667,0.12294988587824353,0.24592298395844034,0.06199743703285884,,,,,,
unit,A_ELIGIBLE_POOL_MATCHED,FEASIBLE_9,ESTIMATED,REACTOME_MITOCHONDRIAL_FATTY_ACID_BETA_OXIDATION,3,vanilla_scpa,,1,1000,31,5,11,11,0.28696018030295006,0.2718876941457587,0.1409614288336115,0.24592298395844034,0.041037196344509724,,,,,,
unit,A_ELIGIBLE_POOL_MATCHED,FEASIBLE_9,ESTIMATED,REACTOME_MITOCHONDRIAL_FATTY_ACID_BETA_OXIDATION,3,genept_scpa,,1,1000,31,5,11,11,0.2995638017736221,0.267816091954023,0.11828286012227031,0.24592298395844034,0.053640817815181735,,,,,,
unit,B_PATHWAY_WIDE_UNIFORM,ALL_11,ESTIMATED,REACTOME_MITOCHONDRIAL_FATTY_ACID_BETA_OXIDATION,3,vanilla_scpa,,1,1000,31,5,31,11,0.24512516539776089,0.21442888266417676,0.1031314630649071,0.24592298395844034,-0.000797818560679453,,,,,,
unit,B_PATHWAY_WIDE_UNIFORM,ALL_11,ESTIMATED,REACTOME_MITOCHONDRIAL_FATTY_ACID_BETA_OXIDATION,3,genept_scpa,,1,1000,31,5,31,11,0.25625464197993797,0.22499332149332152,0.11544977533065895,0.24592298395844034,0.01033165802149763,,,,,,
unit,C_PHASE7_FALLBACK_MATCHED,ALL_11,ESTIMATED,REACTOME_MITOCHONDRIAL_FATTY_ACID_BETA_OXIDATION,3,vanilla_scpa,,1,1000,31,5,11,11,0.2916706800913419,0.28541125541125545,0.13796280622122,0.24592298395844034,0.045747696132901555,,,,,,
unit,C_PHASE7_FALLBACK_MATCHED,ALL_11,ESTIMATED,REACTOME_MITOCHONDRIAL_FATTY_ACID_BETA_OXIDATION,3,genept_scpa,,1,1000,31,5,11,11,0.30416097716482526,0.27559139784946235,0.12239892670596557,0.24592298395844034,0.058237993206384925,,,,,,
unit,A_ELIGIBLE_POOL_MATCHED,FEASIBLE_9,ESTIMATED,REACTOME_MITOCHONDRIAL_FATTY_ACID_BETA_OXIDATION,4,vanilla_scpa,,1,1000,31,5,11,11,0.2999542144416783,0.28904761904761905,0.13944100473604049,0.24592298395844034,0.05403123048323796,,,,,,
unit,A_ELIGIBLE_POOL_MATCHED,FEASIBLE_9,ESTIMATED,REACTOME_MITOCHONDRIAL_FATTY_ACID_BETA_OXIDATION,4,genept_scpa,,1,1000,31,5,11,11,0.31636801558958577,0.30929824561403507,0.12273844261219996,0.24592298395844034,0.07044503163114543,,,,,,
unit,B_PATHWAY_WIDE_UNIFORM,ALL_11,ESTIMATED,REACTOME_MITOCHONDRIAL_FATTY_ACID_BETA_OXIDATION,4,vanilla_scpa,,1,1000,31,5,31,11,0.24645285659066632,0.21220839733742958,0.10977052254812038,0.24592298395844034,0.0005298726322259806,,,,,,
unit,B_PATHWAY_WIDE_UNIFORM,ALL_11,ESTIMATED,REACTOME_MITOCHONDRIAL_FATTY_ACID_BETA_OXIDATION,4,genept_scpa,,1,1000,31,5,31,11,0.24764659141608864,0.21585836903931532,0.1111387246431103,0.24592298395844034,0.0017236074576482963,,,,,,
unit,C_PHASE7_FALLBACK_MATCHED,ALL_11,ESTIMATED,REACTOME_MITOCHONDRIAL_FATTY_ACID_BETA_OXIDATION,4,vanilla_scpa,,1,1000,31,5,11,11,0.2941362351733876,0.2803703703703704,0.142577715298248,0.24592298395844034,0.04821325121494727,,,,,,
unit,C_PHASE7_FALLBACK_MATCHED,ALL_11,ESTIMATED,REACTOME_MITOCHONDRIAL_FATTY_ACID_BETA_OXIDATION,4,genept_scpa,,1,1000,31,5,11,11,0.3110241786613363,0.291727594849192,0.12363566801657475,0.24592298395844034,0.06510119470289596,,,,,,
unit,A_ELIGIBLE_POOL_MATCHED,FEASIBLE_9,ESTIMATED,REACTOME_MITOCHONDRIAL_FATTY_ACID_BETA_OXIDATION,5,vanilla_scpa,,1,1000,31,5,11,11,0.2979234804076572,0.28673400673400673,0.1381522458657925,0.24592298395844034,0.052000496449216865,,,,,,
unit,A_ELIGIBLE_POOL_MATCHED,FEASIBLE_9,ESTIMATED,REACTOME_MITOCHONDRIAL_FATTY_ACID_BETA_OXIDATION,5,genept_scpa,,1,1000,31,5,11,11,0.3106260213102277,0.28768291696984394,0.12276648408724862,0.24592298395844034,0.06470303735178737,,,,,,
unit,B_PATHWAY_WIDE_UNIFORM,ALL_11,ESTIMATED,REACTOME_MITOCHONDRIAL_FATTY_ACID_BETA_OXIDATION,5,vanilla_scpa,,1,1000,31,5,31,11,0.24419713211458452,0.21326392634948033,0.10803529177974443,0.24592298395844034,-0.001725851843855819,,,,,,
unit,B_PATHWAY_WIDE_UNIFORM,ALL_11,ESTIMATED,REACTOME_MITOCHONDRIAL_FATTY_ACID_BETA_OXIDATION,5,genept_scpa,,1,1000,31,5,31,11,0.24559135337160262,0.21265585461237635,0.10935368732743173,0.24592298395844034,-0.00033163058683771673,,,,,,
unit,C_PHASE7_FALLBACK_MATCHED,ALL_11,ESTIMATED,REACTOME_MITOCHONDRIAL_FATTY_ACID_BETA_OXIDATION,5,vanilla_scpa,,1,1000,31,5,11,11,0.2935700059095109,0.28195503421309875,0.14302306187962996,0.24592298395844034,0.04764702195107054,,,,,,
unit,C_PHASE7_FALLBACK_MATCHED,ALL_11,ESTIMATED,REACTOME_MITOCHONDRIAL_FATTY_ACID_BETA_OXIDATION,5,genept_scpa,,1,1000,31,5,11,11,0.3149715931653383,0.30238095238095236,0.12507333312885444,0.24592298395844034,0.06904860920689795,,,,,,
unit,A_ELIGIBLE_POOL_MATCHED,FEASIBLE_9,ESTIMATED,REACTOME_MITOCHONDRIAL_FATTY_ACID_BETA_OXIDATION,6,vanilla_scpa,,1,1000,31,5,11,11,0.2943287965865552,0.28417972831765936,0.13770419572974374,0.24592298395844034,0.04840581262811486,,,,,,
unit,A_ELIGIBLE_POOL_MATCHED,FEASIBLE_9,ESTIMATED,REACTOME_MITOCHONDRIAL_FATTY_ACID_BETA_OXIDATION,6,genept_scpa,,1,1000,31,5,11,11,0.3092839802509611,0.28644110275689216,0.12268990873157112,0.24592298395844034,0.06336099629252076,,,,,,
unit,B_PATHWAY_WIDE_UNIFORM,ALL_11,ESTIMATED,REACTOME_MITOCHONDRIAL_FATTY_ACID_BETA_OXIDATION,6,vanilla_scpa,,1,1000,31,5,31,11,0.2446205816660848,0.21113095238095236,0.10976522355663602,0.24592298395844034,-0.0013024022923555367,,,,,,
unit,B_PATHWAY_WIDE_UNIFORM,ALL_11,ESTIMATED,REACTOME_MITOCHONDRIAL_FATTY_ACID_BETA_OXIDATION,6,genept_scpa,,1,1000,31,5,31,11,0.24580421188622445,0.20929839632004726,0.11020718986050361,0.24592298395844034,-0.00011877207221588915,,,,,,
unit,C_PHASE7_FALLBACK_MATCHED,ALL_11,ESTIMATED,REACTOME_MITOCHONDRIAL_FATTY_ACID_BETA_OXIDATION,6,vanilla_scpa,,1,1000,31,5,11,11,0.2871278388926609,0.27691662105455206,0.1350518176858599,0.24592298395844034,0.041204854934220575,,,,,,
unit,C_PHASE7_FALLBACK_MATCHED,ALL_11,ESTIMATED,REACTOME_MITOCHONDRIAL_FATTY_ACID_BETA_OXIDATION,6,genept_scpa,,1,1000,31,5,11,11,0.310068786119916,0.28644110275689216,0.12021130175126202,0.24592298395844034,0.06414580216147567,,,,,,
unit,A_ELIGIBLE_POOL_MATCHED,FEASIBLE_9,ESTIMATED,REACTOME_MITOCHONDRIAL_FATTY_ACID_BETA_OXIDATION,7,vanilla_scpa,,1,1000,31,5,11,11,0.2892996231048234,0.2763875205254515,0.14151664342145392,0.24592298395844034,0.04337663914638304,,,,,,
unit,A_ELIGIBLE_POOL_MATCHED,FEASIBLE_9,ESTIMATED,REACTOME_MITOCHONDRIAL_FATTY_ACID_BETA_OXIDATION,7,genept_scpa,,1,1000,31,5,11,11,0.3137720066852337,0.2917258663901132,0.12525370888315457,0.24592298395844034,0.06784902272679336,,,,,,
unit,B_PATHWAY_WIDE_UNIFORM,ALL_11,ESTIMATED,REACTOME_MITOCHONDRIAL_FATTY_ACID_BETA_OXIDATION,7,vanilla_scpa,,1,1000,31,5,31,11,0.24999849328852297,0.2158044828734484,0.11385157856953476,0.24592298395844034,0.004075509330082633,,,,,,
unit,B_PATHWAY_WIDE_UNIFORM,ALL_11,ESTIMATED,REACTOME_MITOCHONDRIAL_FATTY_ACID_BETA_OXIDATION,7,genept_scpa,,1,1000,31,5,31,11,0.24237977270873887,0.21195797024217491,0.10220074525044631,0.24592298395844034,-0.0035432112497014723,,,,,,
unit,C_PHASE7_FALLBACK_MATCHED,ALL_11,ESTIMATED,REACTOME_MITOCHONDRIAL_FATTY_ACID_BETA_OXIDATION,7,vanilla_scpa,,1,1000,31,5,11,11,0.3006739370879193,0.28904761904761905,0.14025916870816174,0.24592298395844034,0.054750953129478946,,,,,,
unit,C_PHASE7_FALLBACK_MATCHED,ALL_11,ESTIMATED,REACTOME_MITOCHONDRIAL_FATTY_ACID_BETA_OXIDATION,7,genept_scpa,,1,1000,31,5,11,11,0.31194867786819663,0.29,0.12179005669317602,0.24592298395844034,0.0660256939097563,,,,,,
unit,A_ELIGIBLE_POOL_MATCHED,FEASIBLE_9,ESTIMATED,REACTOME_MITOCHONDRIAL_FATTY_ACID_BETA_OXIDATION,8,vanilla_scpa,,1,1000,31,5,11,11,0.2910500311606986,0.2788009899300222,0.14007168905313297,0.24592298395844034,0.04512704720225827,,,,,,
unit,A_ELIGIBLE_POOL_MATCHED,FEASIBLE_9,ESTIMATED,REACTOME_MITOCHONDRIAL_FATTY_ACID_BETA_OXIDATION,8,genept_scpa,,1,1000,31,5,11,11,0.31840473040220124,0.32167919799498745,0.12352166199630998,0.24592298395844034,0.0724817464437609,,,,,,
unit,B_PATHWAY_WIDE_UNIFORM,ALL_11,ESTIMATED,REACTOME_MITOCHONDRIAL_FATTY_ACID_BETA_OXIDATION,8,vanilla_scpa,,1,1000,31,5,31,11,0.24666421407951344,0.21869226497862182,0.10311069696117202,0.24592298395844034,0.0007412301210731054,,,,,,
unit,B_PATHWAY_WIDE_UNIFORM,ALL_11,ESTIMATED,REACTOME_MITOCHONDRIAL_FATTY_ACID_BETA_OXIDATION,8,genept_scpa,,1,1000,31,5,31,11,0.24884960854854926,0.21528939871045133,0.10995076020290367,0.24592298395844034,0.0029266245901089227,,,,,,
unit,C_PHASE7_FALLBACK_MATCHED,ALL_11,ESTIMATED,REACTOME_MITOCHONDRIAL_FATTY_ACID_BETA_OXIDATION,8,vanilla_scpa,,1,1000,31,5,11,11,0.2956644853080837,0.2786772486772487,0.14396130816241645,0.24592298395844034,0.04974150134964336,,,,,,
unit,C_PHASE7_FALLBACK_MATCHED,ALL_11,ESTIMATED,REACTOME_MITOCHONDRIAL_FATTY_ACID_BETA_OXIDATION,8,genept_scpa,,1,1000,31,5,11,11,0.3134551363670578,0.2911494252873563,0.12110739937556485,0.24592298395844034,0.06753215240861746,,,,,,
unit,A_ELIGIBLE_POOL_MATCHED,FEASIBLE_9,ESTIMATED,REACTOME_MITOCHONDRIAL_FATTY_ACID_BETA_OXIDATION,9,vanilla_scpa,,1,1000,31,5,11,11,0.28413129562214656,0.27632034632034636,0.13866137714475055,0.24592298395844034,0.038208311663706224,,,,,,
unit,A_ELIGIBLE_POOL_MATCHED,FEASIBLE_9,ESTIMATED,REACTOME_MITOCHONDRIAL_FATTY_ACID_BETA_OXIDATION,9,genept_scpa,,1,1000,31,5,11,11,0.3117739905938372,0.2959649122807017,0.12391254428108246,0.24592298395844034,0.06585100663539686,,,,,,
unit,B_PATHWAY_WIDE_UNIFORM,ALL_11,ESTIMATED,REACTOME_MITOCHONDRIAL_FATTY_ACID_BETA_OXIDATION,9,vanilla_scpa,,1,1000,31,5,31,11,0.2436290942624537,0.2101058201058201,0.1053455256179139,0.24592298395844034,-0.0022938896959866506,,,,,,
unit,B_PATHWAY_WIDE_UNIFORM,ALL_11,ESTIMATED,REACTOME_MITOCHONDRIAL_FATTY_ACID_BETA_OXIDATION,9,genept_scpa,,1,1000,31,5,31,11,0.24583771520234604,0.21403457790670066,0.10866290417531466,0.24592298395844034,-8.526875609429774e-05,,,,,,
unit,C_PHASE7_FALLBACK_MATCHED,ALL_11,ESTIMATED,REACTOME_MITOCHONDRIAL_FATTY_ACID_BETA_OXIDATION,9,vanilla_scpa,,1,1000,31,5,11,11,0.2878498062247562,0.2755913978494624,0.13615073661687463,0.24592298395844034,0.04192682226631586,,,,,,
unit,C_PHASE7_FALLBACK_MATCHED,ALL_11,ESTIMATED,REACTOME_MITOCHONDRIAL_FATTY_ACID_BETA_OXIDATION,9,genept_scpa,,1,1000,31,5,11,11,0.3071282279949038,0.2894623655913978,0.12056019986565668,0.24592298395844034,0.06120524403646346,,,,,,
unit,A_ELIGIBLE_POOL_MATCHED,FEASIBLE_9,ESTIMATED,REACTOME_MITOCHONDRIAL_FATTY_ACID_BETA_OXIDATION,10,vanilla_scpa,,1,1000,31,5,11,11,0.28882187739463605,0.2777295947985603,0.1404496635804142,0.24592298395844034,0.04289889343619571,,,,,,
unit,A_ELIGIBLE_POOL_MATCHED,FEASIBLE_9,ESTIMATED,REACTOME_MITOCHONDRIAL_FATTY_ACID_BETA_OXIDATION,10,genept_scpa,,1,1000,31,5,11,11,0.31811874249026345,0.3193897703100912,0.12154612054490037,0.24592298395844034,0.07219575853182311,,,,,,
unit,B_PATHWAY_WIDE_UNIFORM,ALL_11,ESTIMATED,REACTOME_MITOCHONDRIAL_FATTY_ACID_BETA_OXIDATION,10,vanilla_scpa,,1,1000,31,5,31,11,0.2543017912662649,0.21918834788400005,0.11459988722021833,0.24592298395844034,0.00837880730782456,,,,,,
unit,B_PATHWAY_WIDE_UNIFORM,ALL_11,ESTIMATED,REACTOME_MITOCHONDRIAL_FATTY_ACID_BETA_OXIDATION,10,genept_scpa,,1,1000,31,5,31,11,0.24066808338409543,0.2071162362541673,0.10734867245588829,0.24592298395844034,-0.005254900574344912,,,,,,
unit,C_PHASE7_FALLBACK_MATCHED,ALL_11,ESTIMATED,REACTOME_MITOCHONDRIAL_FATTY_ACID_BETA_OXIDATION,10,vanilla_scpa,,1,1000,31,5,11,11,0.2940594494122859,0.2806083826773482,0.14364132067667582,0.24592298395844034,0.04813646545384556,,,,,,
unit,C_PHASE7_FALLBACK_MATCHED,ALL_11,ESTIMATED,REACTOME_MITOCHONDRIAL_FATTY_ACID_BETA_OXIDATION,10,genept_scpa,,1,1000,31,5,11,11,0.3060709183414599,0.27559139784946235,0.12182216977864006,0.24592298395844034,0.06014793438301955,,,,,,
unit,A_ELIGIBLE_POOL_MATCHED,FEASIBLE_9,ESTIMATED,REACTOME_MITOCHONDRIAL_FATTY_ACID_BETA_OXIDATION,11,vanilla_scpa,,1,1000,31,5,11,11,0.29536238838140394,0.28541125541125545,0.14063852992100798,0.24592298395844034,0.0494394044229636,,,,,,
unit,A_ELIGIBLE_POOL_MATCHED,FEASIBLE_9,ESTIMATED,REACTOME_MITOCHONDRIAL_FATTY_ACID_BETA_OXIDATION,11,genept_scpa,,1,1000,31,5,11,11,0.31378137337225154,0.3043310027014142,0.12228304087455731,0.24592298395844034,0.0678583894138112,,,,,,
unit,B_PATHWAY_WIDE_UNIFORM,ALL_11,ESTIMATED,REACTOME_MITOCHONDRIAL_FATTY_ACID_BETA_OXIDATION,11,vanilla_scpa,,1,1000,31,5,31,11,0.2397577469086131,0.2041888481888482,0.10999125666154848,0.24592298395844034,-0.0061652370498272435,,,,,,
unit,B_PATHWAY_WIDE_UNIFORM,ALL_11,ESTIMATED,REACTOME_MITOCHONDRIAL_FATTY_ACID_BETA_OXIDATION,11,genept_scpa,,1,1000,31,5,31,11,0.24438633922283134,0.21125868556866412,0.11131623503799153,0.24592298395844034,-0.001536644735608994,,,,,,
unit,C_PHASE7_FALLBACK_MATCHED,ALL_11,ESTIMATED,REACTOME_MITOCHONDRIAL_FATTY_ACID_BETA_OXIDATION,11,vanilla_scpa,,1,1000,31,5,11,11,0.29219062204491014,0.2822294372294373,0.13556501398108442,0.24592298395844034,0.0462676380864698,,,,,,
unit,C_PHASE7_FALLBACK_MATCHED,ALL_11,ESTIMATED,REACTOME_MITOCHONDRIAL_FATTY_ACID_BETA_OXIDATION,11,genept_scpa,,1,1000,31,5,11,11,0.31167696605250617,0.2959649122807017,0.1223044112075484,0.24592298395844034,0.06575398209406583,,,,,,
unit,A_ELIGIBLE_POOL_MATCHED,FEASIBLE_9,ESTIMATED,REACTOME_MITOCHONDRIAL_FATTY_ACID_BETA_OXIDATION,12,vanilla_scpa,,1,1000,31,5,11,11,0.2855398398894395,0.27528247141150364,0.13937099877871836,0.24592298395844034,0.039616855930999145,,,,,,
unit,A_ELIGIBLE_POOL_MATCHED,FEASIBLE_9,ESTIMATED,REACTOME_MITOCHONDRIAL_FATTY_ACID_BETA_OXIDATION,12,genept_scpa,,1,1000,31,5,11,11,0.30746914697756633,0.28644110275689216,0.12171274119836178,0.24592298395844034,0.06154616301912599,,,,,,
unit,B_PATHWAY_WIDE_UNIFORM,ALL_11,ESTIMATED,REACTOME_MITOCHONDRIAL_FATTY_ACID_BETA_OXIDATION,12,vanilla_scpa,,1,1000,31,5,31,11,0.24529411406183813,0.21516751163490294,0.10811101715161524,0.24592298395844034,-0.0006288698966022133,,,,,,
unit,B_PATHWAY_WIDE_UNIFORM,ALL_11,ESTIMATED,REACTOME_MITOCHONDRIAL_FATTY_ACID_BETA_OXIDATION,12,genept_scpa,,1,1000,31,5,31,11,0.24294493565621947,0.20950564468211527,0.10846037722245874,0.24592298395844034,-0.0029780483022208704,,,,,,
unit,C_PHASE7_FALLBACK_MATCHED,ALL_11,ESTIMATED,REACTOME_MITOCHONDRIAL_FATTY_ACID_BETA_OXIDATION,12,vanilla_scpa,,1,1000,31,5,11,11,0.29044799048806835,0.27632034632034636,0.14296275138248604,0.24592298395844034,0.044525006529628014,,,,,,
unit,C_PHASE7_FALLBACK_MATCHED,ALL_11,ESTIMATED,REACTOME_MITOCHONDRIAL_FATTY_ACID_BETA_OXIDATION,12,genept_scpa,,1,1000,31,5,11,11,0.3118932164671969,0.30238095238095236,0.1209200717398733,0.24592298395844034,0.06597023250875658,,,,,,
unit,A_ELIGIBLE_POOL_MATCHED,FEASIBLE_9,ESTIMATED,REACTOME_MITOCHONDRIAL_FATTY_ACID_BETA_OXIDATION,13,vanilla_scpa,,1,1000,31,5,11,11,0.29128666745317466,0.2786772486772487,0.13975954640785893,0.24592298395844034,0.045363683494734325,,,,,,
unit,A_ELIGIBLE_POOL_MATCHED,FEASIBLE_9,ESTIMATED,REACTOME_MITOCHONDRIAL_FATTY_ACID_BETA_OXIDATION,13,genept_scpa,,1,1000,31,5,11,11,0.30971792161159295,0.29,0.1207400483941338,0.24592298395844034,0.06379493765315261,,,,,,
unit,B_PATHWAY_WIDE_UNIFORM,ALL_11,ESTIMATED,REACTOME_MITOCHONDRIAL_FATTY_ACID_BETA_OXIDATION,13,vanilla_scpa,,1,1000,31,5,31,11,0.24310744815444252,0.2091937229437229,0.10866638747733164,0.24592298395844034,-0.0028155358039978207,,,,,,
unit,B_PATHWAY_WIDE_UNIFORM,ALL_11,ESTIMATED,REACTOME_MITOCHONDRIAL_FATTY_ACID_BETA_OXIDATION,13,genept_scpa,,1,1000,31,5,31,11,0.24434690391134012,0.21046886446886448,0.10672900029662513,0.24592298395844034,-0.00157608004710022,,,,,,
unit,C_PHASE7_FALLBACK_MATCHED,ALL_11,ESTIMATED,REACTOME_MITOCHONDRIAL_FATTY_ACID_BETA_OXIDATION,13,vanilla_scpa,,1,1000,31,5,11,11,0.29292402522764593,0.2790476190476191,0.13985830379948833,0.24592298395844034,0.047001041269205596,,,,,,
unit,C_PHASE7_FALLBACK_MATCHED,ALL_11,ESTIMATED,REACTOME_MITOCHONDRIAL_FATTY_ACID_BETA_OXIDATION,13,genept_scpa,,1,1000,31,5,11,11,0.3106799009760218,0.2889247311827957,0.12091495581241984,0.24592298395844034,0.06475691701758149,,,,,,
unit,A_ELIGIBLE_POOL_MATCHED,FEASIBLE_9,ESTIMATED,REACTOME_MITOCHONDRIAL_FATTY_ACID_BETA_OXIDATION,14,vanilla_scpa,,1,1000,31,5,11,11,0.29369355433941086,0.2823809523809524,0.1373675138461834,0.24592298395844034,0.04777057038097052,,,,,,
unit,A_ELIGIBLE_POOL_MATCHED,FEASIBLE_9,ESTIMATED,REACTOME_MITOCHONDRIAL_FATTY_ACID_BETA_OXIDATION,14,genept_scpa,,1,1000,31,5,11,11,0.3149769220046779,0.2923023074928701,0.12895371832250888,0.24592298395844034,0.06905393804623758,,,,,,
unit,B_PATHWAY_WIDE_UNIFORM,ALL_11,ESTIMATED,REACTOME_MITOCHONDRIAL_FATTY_ACID_BETA_OXIDATION,14,vanilla_scpa,,1,1000,31,5,31,11,0.24226888050879852,0.21388099058377694,0.10673180635360102,0.24592298395844034,-0.0036541034496418157,,,,,,
unit,B_PATHWAY_WIDE_UNIFORM,ALL_11,ESTIMATED,REACTOME_MITOCHONDRIAL_FATTY_ACID_BETA_OXIDATION,14,genept_scpa,,1,1000,31,5,31,11,0.2457100969166698,0.21557827575474636,0.10927404388517058,0.24592298395844034,-0.00021288704177052642,,,,,,
unit,C_PHASE7_FALLBACK_MATCHED,ALL_11,ESTIMATED,REACTOME_MITOCHONDRIAL_FATTY_ACID_BETA_OXIDATION,14,vanilla_scpa,,1,1000,31,5,11,11,0.29019197058246005,0.28114942528735637,0.13527943356132052,0.24592298395844034,0.04426898662401971,,,,,,
unit,C_PHASE7_FALLBACK_MATCHED,ALL_11,ESTIMATED,REACTOME_MITOCHONDRIAL_FATTY_ACID_BETA_OXIDATION,14,genept_scpa,,1,1000,31,5,11,11,0.3084829819543296,0.2908128078817734,0.11992006912171263,0.24592298395844034,0.06255999799588927,,,,,,
unit,A_ELIGIBLE_POOL_MATCHED,FEASIBLE_9,ESTIMATED,REACTOME_MITOCHONDRIAL_FATTY_ACID_BETA_OXIDATION,15,vanilla_scpa,,1,1000,31,5,11,11,0.2898238918797595,0.2789247311827957,0.1409343454351137,0.24592298395844034,0.04390090792131915,,,,,,
unit,A_ELIGIBLE_POOL_MATCHED,FEASIBLE_9,ESTIMATED,REACTOME_MITOCHONDRIAL_FATTY_ACID_BETA_OXIDATION,15,genept_scpa,,1,1000,31,5,11,11,0.3106497218574802,0.2900388066941547,0.1236768595209012,0.24592298395844034,0.06472673789903985,,,,,,
unit,B_PATHWAY_WIDE_UNIFORM,ALL_11,ESTIMATED,REACTOME_MITOCHONDRIAL_FATTY_ACID_BETA_OXIDATION,15,vanilla_scpa,,1,1000,31,5,31,11,0.2445323919093013,0.21273809523809523,0.10922303899751228,0.24592298395844034,-0.00139059204913905,,,,,,
unit,B_PATHWAY_WIDE_UNIFORM,ALL_11,ESTIMATED,REACTOME_MITOCHONDRIAL_FATTY_ACID_BETA_OXIDATION,15,genept_scpa,,1,1000,31,5,31,11,0.24217309045815438,0.2094663207163207,0.10603071115505537,0.24592298395844034,-0.0037498935002859557,,,,,,
unit,C_PHASE7_FALLBACK_MATCHED,ALL_11,ESTIMATED,REACTOME_MITOCHONDRIAL_FATTY_ACID_BETA_OXIDATION,15,vanilla_scpa,,1,1000,31,5,11,11,0.28428348305075224,0.2730541871921182,0.14022267548371498,0.24592298395844034,0.0383604990923119,,,,,,
unit,C_PHASE7_FALLBACK_MATCHED,ALL_11,ESTIMATED,REACTOME_MITOCHONDRIAL_FATTY_ACID_BETA_OXIDATION,15,genept_scpa,,1,1000,31,5,11,11,0.3093070083161184,0.2908128078817734,0.12144828655553334,0.24592298395844034,0.06338402435767806,,,,,,
unit,A_ELIGIBLE_POOL_MATCHED,FEASIBLE_9,ESTIMATED,REACTOME_MITOCHONDRIAL_FATTY_ACID_BETA_OXIDATION,16,vanilla_scpa,,1,1000,31,5,11,11,0.2952749505650284,0.2872750493440149,0.1426558720136984,0.24592298395844034,0.049351966606588055,,,,,,
unit,A_ELIGIBLE_POOL_MATCHED,FEASIBLE_9,ESTIMATED,REACTOME_MITOCHONDRIAL_FATTY_ACID_BETA_OXIDATION,16,genept_scpa,,1,1000,31,5,11,11,0.3094577286375003,0.29027690193225,0.12021594761672298,0.24592298395844034,0.06353474467905998,,,,,,
unit,B_PATHWAY_WIDE_UNIFORM,ALL_11,ESTIMATED,REACTOME_MITOCHONDRIAL_FATTY_ACID_BETA_OXIDATION,16,vanilla_scpa,,1,1000,31,5,31,11,0.24552483754678994,0.2129323816280338,0.10893045506053681,0.24592298395844034,-0.0003981464116503963,,,,,,
unit,B_PATHWAY_WIDE_UNIFORM,ALL_11,ESTIMATED,REACTOME_MITOCHONDRIAL_FATTY_ACID_BETA_OXIDATION,16,genept_scpa,,1,1000,31,5,31,11,0.24766344659054731,0.2173667455732673,0.1122576478951563,0.24592298395844034,0.001740462632106976,,,,,,
unit,C_PHASE7_FALLBACK_MATCHED,ALL_11,ESTIMATED,REACTOME_MITOCHONDRIAL_FATTY_ACID_BETA_OXIDATION,16,vanilla_scpa,,1,1000,31,5,11,11,0.2909260216418114,0.2789861751152074,0.13934034462693115,0.24592298395844034,0.04500303768337108,,,,,,
unit,C_PHASE7_FALLBACK_MATCHED,ALL_11,ESTIMATED,REACTOME_MITOCHONDRIAL_FATTY_ACID_BETA_OXIDATION,16,genept_scpa,,1,1000,31,5,11,11,0.30780408161672257,0.2772413793103448,0.12403204518180495,0.24592298395844034,0.06188109765828223,,,,,,
unit,A_ELIGIBLE_POOL_MATCHED,FEASIBLE_9,ESTIMATED,REACTOME_MITOCHONDRIAL_FATTY_ACID_BETA_OXIDATION,17,vanilla_scpa,,1,1000,31,5,11,11,0.2905141787037171,0.2837037037037037,0.1343474031265125,0.24592298395844034,0.04459119474527676,,,,,,
unit,A_ELIGIBLE_POOL_MATCHED,FEASIBLE_9,ESTIMATED,REACTOME_MITOCHONDRIAL_FATTY_ACID_BETA_OXIDATION,17,genept_scpa,,1,1000,31,5,11,11,0.3100170343823965,0.29413360988678594,0.12040109394074103,0.24592298395844034,0.06409405042395613,,,,,,
unit,B_PATHWAY_WIDE_UNIFORM,ALL_11,ESTIMATED,REACTOME_MITOCHONDRIAL_FATTY_ACID_BETA_OXIDATION,17,vanilla_scpa,,1,1000,31,5,31,11,0.2467516835526277,0.21276418983315537,0.11057323315447846,0.24592298395844034,0.0008286995941873543,,,,,,
unit,B_PATHWAY_WIDE_UNIFORM,ALL_11,ESTIMATED,REACTOME_MITOCHONDRIAL_FATTY_ACID_BETA_OXIDATION,17,genept_scpa,,1,1000,31,5,31,11,0.2467309688555427,0.21737405106970326,0.10920094649802645,0.24592298395844034,0.0008079848971023484,,,,,,
unit,C_PHASE7_FALLBACK_MATCHED,ALL_11,ESTIMATED,REACTOME_MITOCHONDRIAL_FATTY_ACID_BETA_OXIDATION,17,vanilla_scpa,,1,1000,31,5,11,11,0.2894252919041573,0.27744572158365266,0.1400278090097737,0.24592298395844034,0.04350230794571694,,,,,,
unit,C_PHASE7_FALLBACK_MATCHED,ALL_11,ESTIMATED,REACTOME_MITOCHONDRIAL_FATTY_ACID_BETA_OXIDATION,17,genept_scpa,,1,1000,31,5,11,11,0.3086188578230894,0.28596491228070176,0.12119117405769694,0.24592298395844034,0.06269587386464906,,,,,,
unit,A_ELIGIBLE_POOL_MATCHED,FEASIBLE_9,ESTIMATED,REACTOME_MITOCHONDRIAL_FATTY_ACID_BETA_OXIDATION,18,vanilla_scpa,,1,1000,31,5,11,11,0.29907556075613917,0.29086700336700333,0.13762046340861936,0.24592298395844034,0.05315257679769883,,,,,,
unit,A_ELIGIBLE_POOL_MATCHED,FEASIBLE_9,ESTIMATED,REACTOME_MITOCHONDRIAL_FATTY_ACID_BETA_OXIDATION,18,genept_scpa,,1,1000,31,5,11,11,0.30971103629485275,0.2959649122807017,0.11806745063973755,0.24592298395844034,0.06378805233641241,,,,,,
unit,B_PATHWAY_WIDE_UNIFORM,ALL_11,ESTIMATED,REACTOME_MITOCHONDRIAL_FATTY_ACID_BETA_OXIDATION,18,vanilla_scpa,,1,1000,31,5,31,11,0.2547498736067391,0.22074238626870205,0.11471744894781088,0.24592298395844034,0.00882688964829878,,,,,,
unit,B_PATHWAY_WIDE_UNIFORM,ALL_11,ESTIMATED,REACTOME_MITOCHONDRIAL_FATTY_ACID_BETA_OXIDATION,18,genept_scpa,,1,1000,31,5,31,11,0.2504213447213448,0.21896909603806156,0.11044024737223436,0.24592298395844034,0.004498360762904469,,,,,,
unit,C_PHASE7_FALLBACK_MATCHED,ALL_11,ESTIMATED,REACTOME_MITOCHONDRIAL_FATTY_ACID_BETA_OXIDATION,18,vanilla_scpa,,1,1000,31,5,11,11,0.2883057551119008,0.2770153090842746,0.13624005781892887,0.24592298395844034,0.04238277115346048,,,,,,
unit,C_PHASE7_FALLBACK_MATCHED,ALL_11,ESTIMATED,REACTOME_MITOCHONDRIAL_FATTY_ACID_BETA_OXIDATION,18,genept_scpa,,1,1000,31,5,11,11,0.312357995238374,0.30047619047619045,0.12104786339791071,0.24592298395844034,0.06643501127993365,,,,,,
unit,A_ELIGIBLE_POOL_MATCHED,FEASIBLE_9,ESTIMATED,REACTOME_MITOCHONDRIAL_FATTY_ACID_BETA_OXIDATION,19,vanilla_scpa,,1,1000,31,5,11,11,0.2899815060879466,0.2823809523809524,0.13579914666239298,0.24592298395844034,0.044058522129506256,,,,,,
unit,A_ELIGIBLE_POOL_MATCHED,FEASIBLE_9,ESTIMATED,REACTOME_MITOCHONDRIAL_FATTY_ACID_BETA_OXIDATION,19,genept_scpa,,1,1000,31,5,11,11,0.31438149634375145,0.2911494252873563,0.12489775068101307,0.24592298395844034,0.06845851238531112,,,,,,
unit,B_PATHWAY_WIDE_UNIFORM,ALL_11,ESTIMATED,REACTOME_MITOCHONDRIAL_FATTY_ACID_BETA_OXIDATION,19,vanilla_scpa,,1,1000,31,5,31,11,0.24247931632165465,0.20951927486569843,0.10454568905307703,0.24592298395844034,-0.003443667636785691,,,,,,
unit,B_PATHWAY_WIDE_UNIFORM,ALL_11,ESTIMATED,REACTOME_MITOCHONDRIAL_FATTY_ACID_BETA_OXIDATION,19,genept_scpa,,1,1000,31,5,31,11,0.2456502252756373,0.21389392854910094,0.10754878331156609,0.24592298395844034,-0.00027275868280304816,,,,,,
unit,C_PHASE7_FALLBACK_MATCHED,ALL_11,ESTIMATED,REACTOME_MITOCHONDRIAL_FATTY_ACID_BETA_OXIDATION,19,vanilla_scpa,,1,1000,31,5,11,11,0.2890339118929108,0.27764309764309764,0.14202838798550008,0.24592298395844034,0.04311092793447044,,,,,,
unit,C_PHASE7_FALLBACK_MATCHED,ALL_11,ESTIMATED,REACTOME_MITOCHONDRIAL_FATTY_ACID_BETA_OXIDATION,19,genept_scpa,,1,1000,31,5,11,11,0.31159742604564805,0.30066701793415684,0.12146623921320485,0.24592298395844034,0.06567444208720771,,,,,,
unit,A_ELIGIBLE_POOL_MATCHED,FEASIBLE_9,ESTIMATED,REACTOME_MITOCHONDRIAL_FATTY_ACID_BETA_OXIDATION,20,vanilla_scpa,,1,1000,31,5,11,11,0.293205378540423,0.2803703703703704,0.1386243078801274,0.24592298395844034,0.04728239458198266,,,,,,
unit,A_ELIGIBLE_POOL_MATCHED,FEASIBLE_9,ESTIMATED,REACTOME_MITOCHONDRIAL_FATTY_ACID_BETA_OXIDATION,20,genept_scpa,,1,1000,31,5,11,11,0.31281634336118386,0.2911494252873563,0.12142493484078624,0.24592298395844034,0.06689335940274352,,,,,,
unit,B_PATHWAY_WIDE_UNIFORM,ALL_11,ESTIMATED,REACTOME_MITOCHONDRIAL_FATTY_ACID_BETA_OXIDATION,20,vanilla_scpa,,1,1000,31,5,31,11,0.24428085080969775,0.2110235547308168,0.10940834642805118,0.24592298395844034,-0.0016421331487425916,,,,,,
unit,B_PATHWAY_WIDE_UNIFORM,ALL_11,ESTIMATED,REACTOME_MITOCHONDRIAL_FATTY_ACID_BETA_OXIDATION,20,genept_scpa,,1,1000,31,5,31,11,0.24486669062408997,0.21760488689353208,0.1074592951095561,0.24592298395844034,-0.0010562933343503667,,,,,,
unit,C_PHASE7_FALLBACK_MATCHED,ALL_11,ESTIMATED,REACTOME_MITOCHONDRIAL_FATTY_ACID_BETA_OXIDATION,20,vanilla_scpa,,1,1000,31,5,11,11,0.29515678477662904,0.27970899470899474,0.14057212013324527,0.24592298395844034,0.049233800818188705,,,,,,
unit,C_PHASE7_FALLBACK_MATCHED,ALL_11,ESTIMATED,REACTOME_MITOCHONDRIAL_FATTY_ACID_BETA_OXIDATION,20,genept_scpa,,1,1000,31,5,11,11,0.3096261080956005,0.27666666666666667,0.1232565184442815,0.24592298395844034,0.06370312413716014,,,,,,
unit,A_ELIGIBLE_POOL_MATCHED,FEASIBLE_9,ESTIMATED,REACTOME_SYNTHESIS_OF_GLYCOSYLPHOSPHATIDYLINOSITOL_GPI,1,vanilla_scpa,,1,1000,17,3,5,5,0.607439393939394,0.5555555555555555,0.2018228421284223,0.3020357916065096,0.3054036023328843,,,,,,
unit,A_ELIGIBLE_POOL_MATCHED,FEASIBLE_9,ESTIMATED,REACTOME_SYNTHESIS_OF_GLYCOSYLPHOSPHATIDYLINOSITOL_GPI,1,genept_scpa,,1,1000,17,3,5,5,0.6133333333333333,0.5535714285714285,0.19118335739659034,0.3020357916065096,0.31129754172682367,,,,,,
unit,B_PATHWAY_WIDE_UNIFORM,ALL_11,ESTIMATED,REACTOME_SYNTHESIS_OF_GLYCOSYLPHOSPHATIDYLINOSITOL_GPI,1,vanilla_scpa,,1,1000,17,3,17,5,0.30535726046828987,0.25326797385620914,0.15444884044892315,0.3020357916065096,0.0033214688617802524,,,,,,
unit,B_PATHWAY_WIDE_UNIFORM,ALL_11,ESTIMATED,REACTOME_SYNTHESIS_OF_GLYCOSYLPHOSPHATIDYLINOSITOL_GPI,1,genept_scpa,,1,1000,17,3,17,5,0.30729351832807716,0.25326797385620914,0.15937047839578236,0.3020357916065096,0.005257726721567546,,,,,,
unit,C_PHASE7_FALLBACK_MATCHED,ALL_11,ESTIMATED,REACTOME_SYNTHESIS_OF_GLYCOSYLPHOSPHATIDYLINOSITOL_GPI,1,vanilla_scpa,,1,1000,17,3,5,5,0.6102777777777777,0.5555555555555555,0.21087640595673324,0.3020357916065096,0.3082419861712681,,,,,,
unit,C_PHASE7_FALLBACK_MATCHED,ALL_11,ESTIMATED,REACTOME_SYNTHESIS_OF_GLYCOSYLPHOSPHATIDYLINOSITOL_GPI,1,genept_scpa,,1,1000,17,3,5,5,0.628904761904762,0.6805555555555555,0.19619338694939237,0.3020357916065096,0.32686897029825235,,,,,,
unit,A_ELIGIBLE_POOL_MATCHED,FEASIBLE_9,ESTIMATED,REACTOME_SYNTHESIS_OF_GLYCOSYLPHOSPHATIDYLINOSITOL_GPI,2,vanilla_scpa,,1,1000,17,3,5,5,0.624641414141414,0.6464646464646464,0.2014460830648037,0.3020357916065096,0.32260562253490443,,,,,,
unit,A_ELIGIBLE_POOL_MATCHED,FEASIBLE_9,ESTIMATED,REACTOME_SYNTHESIS_OF_GLYCOSYLPHOSPHATIDYLINOSITOL_GPI,2,genept_scpa,,1,1000,17,3,5,5,0.6306607142857142,0.5535714285714285,0.1950201061295325,0.3020357916065096,0.3286249226792046,,,,,,
unit,B_PATHWAY_WIDE_UNIFORM,ALL_11,ESTIMATED,REACTOME_SYNTHESIS_OF_GLYCOSYLPHOSPHATIDYLINOSITOL_GPI,2,vanilla_scpa,,1,1000,17,3,17,5,0.30174121477650884,0.2435897435897436,0.16065806008030437,0.3020357916065096,-0.00029457683000078116,,,,,,
unit,B_PATHWAY_WIDE_UNIFORM,ALL_11,ESTIMATED,REACTOME_SYNTHESIS_OF_GLYCOSYLPHOSPHATIDYLINOSITOL_GPI,2,genept_scpa,,1,1000,17,3,17,5,0.30116604604545777,0.24816271691271694,0.15846812256003084,0.3020357916065096,-0.000869745561051849,,,,,,
unit,C_PHASE7_FALLBACK_MATCHED,ALL_11,ESTIMATED,REACTOME_SYNTHESIS_OF_GLYCOSYLPHOSPHATIDYLINOSITOL_GPI,2,vanilla_scpa,,1,1000,17,3,5,5,0.6321868686868686,0.6464646464646464,0.20573382408515786,0.3020357916065096,0.33015107708035896,,,,,,
unit,C_PHASE7_FALLBACK_MATCHED,ALL_11,ESTIMATED,REACTOME_SYNTHESIS_OF_GLYCOSYLPHOSPHATIDYLINOSITOL_GPI,2,genept_scpa,,1,1000,17,3,5,5,0.6367738095238095,0.6805555555555555,0.19307309842412457,0.3020357916065096,0.33473801791729985,,,,,,
unit,A_ELIGIBLE_POOL_MATCHED,FEASIBLE_9,ESTIMATED,REACTOME_SYNTHESIS_OF_GLYCOSYLPHOSPHATIDYLINOSITOL_GPI,3,vanilla_scpa,,1,1000,17,3,5,5,0.6266717171717171,0.6464646464646464,0.20665409443192032,0.3020357916065096,0.3246359255652075,,,,,,
unit,A_ELIGIBLE_POOL_MATCHED,FEASIBLE_9,ESTIMATED,REACTOME_SYNTHESIS_OF_GLYCOSYLPHOSPHATIDYLINOSITOL_GPI,3,genept_scpa,,1,1000,17,3,5,5,0.6347222222222222,0.6805555555555555,0.1889396306010893,0.3020357916065096,0.33268643061571257,,,,,,
unit,B_PATHWAY_WIDE_UNIFORM,ALL_11,ESTIMATED,REACTOME_SYNTHESIS_OF_GLYCOSYLPHOSPHATIDYLINOSITOL_GPI,3,vanilla_scpa,,1,1000,17,3,17,5,0.28744052162434514,0.23882783882783884,0.14527380481006513,0.3020357916065096,-0.014595269982164483,,,,,,
unit,B_PATHWAY_WIDE_UNIFORM,ALL_11,ESTIMATED,REACTOME_SYNTHESIS_OF_GLYCOSYLPHOSPHATIDYLINOSITOL_GPI,3,genept_scpa,,1,1000,17,3,17,5,0.2951130837027896,0.24090909090909088,0.1517607840912959,0.3020357916065096,-0.006922707903720016,,,,,,
unit,C_PHASE7_FALLBACK_MATCHED,ALL_11,ESTIMATED,REACTOME_SYNTHESIS_OF_GLYCOSYLPHOSPHATIDYLINOSITOL_GPI,3,vanilla_scpa,,1,1000,17,3,5,5,0.6124747474747476,0.5555555555555555,0.1989155568136462,0.3020357916065096,0.310438955868238,,,,,,
unit,C_PHASE7_FALLBACK_MATCHED,ALL_11,ESTIMATED,REACTOME_SYNTHESIS_OF_GLYCOSYLPHOSPHATIDYLINOSITOL_GPI,3,genept_scpa,,1,1000,17,3,5,5,0.6188174603174602,0.5535714285714285,0.19216179575447437,0.3020357916065096,0.3167816687109506,,,,,,
unit,A_ELIGIBLE_POOL_MATCHED,FEASIBLE_9,ESTIMATED,REACTOME_SYNTHESIS_OF_GLYCOSYLPHOSPHATIDYLINOSITOL_GPI,4,vanilla_scpa,,1,1000,17,3,5,5,0.6339545454545455,0.6464646464646464,0.20037394261328625,0.3020357916065096,0.33191875384803593,,,,,,
unit,A_ELIGIBLE_POOL_MATCHED,FEASIBLE_9,ESTIMATED,REACTOME_SYNTHESIS_OF_GLYCOSYLPHOSPHATIDYLINOSITOL_GPI,4,genept_scpa,,1,1000,17,3,5,5,0.6274503968253968,0.5535714285714285,0.19058582727820209,0.3020357916065096,0.3254146052188872,,,,,,
unit,B_PATHWAY_WIDE_UNIFORM,ALL_11,ESTIMATED,REACTOME_SYNTHESIS_OF_GLYCOSYLPHOSPHATIDYLINOSITOL_GPI,4,vanilla_scpa,,1,1000,17,3,17,5,0.30163674830071885,0.25,0.151968121835585,0.3020357916065096,-0.0003990433057907694,,,,,,
unit,B_PATHWAY_WIDE_UNIFORM,ALL_11,ESTIMATED,REACTOME_SYNTHESIS_OF_GLYCOSYLPHOSPHATIDYLINOSITOL_GPI,4,genept_scpa,,1,1000,17,3,17,5,0.2994684382882912,0.25326797385620914,0.14974665268259055,0.3020357916065096,-0.0025673533182183905,,,,,,
unit,C_PHASE7_FALLBACK_MATCHED,ALL_11,ESTIMATED,REACTOME_SYNTHESIS_OF_GLYCOSYLPHOSPHATIDYLINOSITOL_GPI,4,vanilla_scpa,,1,1000,17,3,5,5,0.6223888888888888,0.6464646464646464,0.20564591477212596,0.3020357916065096,0.32035309728237915,,,,,,
unit,C_PHASE7_FALLBACK_MATCHED,ALL_11,ESTIMATED,REACTOME_SYNTHESIS_OF_GLYCOSYLPHOSPHATIDYLINOSITOL_GPI,4,genept_scpa,,1,1000,17,3,5,5,0.6229662698412699,0.5535714285714285,0.19321374359520563,0.3020357916065096,0.3209304782347603,,,,,,
unit,A_ELIGIBLE_POOL_MATCHED,FEASIBLE_9,ESTIMATED,REACTOME_SYNTHESIS_OF_GLYCOSYLPHOSPHATIDYLINOSITOL_GPI,5,vanilla_scpa,,1,1000,17,3,5,5,0.6338181818181817,0.6464646464646464,0.2100041630998227,0.3020357916065096,0.3317823902116721,,,,,,
unit,A_ELIGIBLE_POOL_MATCHED,FEASIBLE_9,ESTIMATED,REACTOME_SYNTHESIS_OF_GLYCOSYLPHOSPHATIDYLINOSITOL_GPI,5,genept_scpa,,1,1000,17,3,5,5,0.6314444444444444,0.5535714285714285,0.19421698754966343,0.3020357916065096,0.32940865283793475,,,,,,
unit,B_PATHWAY_WIDE_UNIFORM,ALL_11,ESTIMATED,REACTOME_SYNTHESIS_OF_GLYCOSYLPHOSPHATIDYLINOSITOL_GPI,5,vanilla_scpa,,1,1000,17,3,17,5,0.3020364108658226,0.24444444444444446,0.15902519088515854,0.3020357916065096,6.192593129950019e-07,,,,,,
unit,B_PATHWAY_WIDE_UNIFORM,ALL_11,ESTIMATED,REACTOME_SYNTHESIS_OF_GLYCOSYLPHOSPHATIDYLINOSITOL_GPI,5,genept_scpa,,1,1000,17,3,17,5,0.2977012662990604,0.24400871459694992,0.15382014960144932,0.3020357916065096,-0.004334525307449211,,,,,,
unit,C_PHASE7_FALLBACK_MATCHED,ALL_11,ESTIMATED,REACTOME_SYNTHESIS_OF_GLYCOSYLPHOSPHATIDYLINOSITOL_GPI,5,vanilla_scpa,,1,1000,17,3,5,5,0.6168030303030303,0.5555555555555555,0.2036628292183025,0.3020357916065096,0.3147672386965207,,,,,,
unit,C_PHASE7_FALLBACK_MATCHED,ALL_11,ESTIMATED,REACTOME_SYNTHESIS_OF_GLYCOSYLPHOSPHATIDYLINOSITOL_GPI,5,genept_scpa,,1,1000,17,3,5,5,0.6293075396825397,0.6805555555555555,0.1947718547461889,0.3020357916065096,0.3272717480760301,,,,,,
unit,A_ELIGIBLE_POOL_MATCHED,FEASIBLE_9,ESTIMATED,REACTOME_SYNTHESIS_OF_GLYCOSYLPHOSPHATIDYLINOSITOL_GPI,6,vanilla_scpa,,1,1000,17,3,5,5,0.6253737373737374,0.6464646464646464,0.20161731598274876,0.3020357916065096,0.32333794576722774,,,,,,
unit,A_ELIGIBLE_POOL_MATCHED,FEASIBLE_9,ESTIMATED,REACTOME_SYNTHESIS_OF_GLYCOSYLPHOSPHATIDYLINOSITOL_GPI,6,genept_scpa,,1,1000,17,3,5,5,0.6268948412698412,0.5535714285714285,0.196021256490795,0.3020357916065096,0.32485904966333157,,,,,,
unit,B_PATHWAY_WIDE_UNIFORM,ALL_11,ESTIMATED,REACTOME_SYNTHESIS_OF_GLYCOSYLPHOSPHATIDYLINOSITOL_GPI,6,vanilla_scpa,,1,1000,17,3,17,5,0.30615191975780215,0.25749158249158244,0.15329183396444448,0.3020357916065096,0.004116128151292531,,,,,,
unit,B_PATHWAY_WIDE_UNIFORM,ALL_11,ESTIMATED,REACTOME_SYNTHESIS_OF_GLYCOSYLPHOSPHATIDYLINOSITOL_GPI,6,genept_scpa,,1,1000,17,3,17,5,0.31026167993226816,0.26190476190476186,0.15478583587409556,0.3020357916065096,0.008225888325758546,,,,,,
unit,C_PHASE7_FALLBACK_MATCHED,ALL_11,ESTIMATED,REACTOME_SYNTHESIS_OF_GLYCOSYLPHOSPHATIDYLINOSITOL_GPI,6,vanilla_scpa,,1,1000,17,3,5,5,0.6230101010101009,0.6464646464646464,0.20723970739709535,0.3020357916065096,0.3209743094035913,,,,,,
unit,C_PHASE7_FALLBACK_MATCHED,ALL_11,ESTIMATED,REACTOME_SYNTHESIS_OF_GLYCOSYLPHOSPHATIDYLINOSITOL_GPI,6,genept_scpa,,1,1000,17,3,5,5,0.6362242063492063,0.6805555555555555,0.19400257282548514,0.3020357916065096,0.33418841474269667,,,,,,
unit,A_ELIGIBLE_POOL_MATCHED,FEASIBLE_9,ESTIMATED,REACTOME_SYNTHESIS_OF_GLYCOSYLPHOSPHATIDYLINOSITOL_GPI,7,vanilla_scpa,,1,1000,17,3,5,5,0.618090909090909,0.6464646464646464,0.20431691077124767,0.3020357916065096,0.3160551174843994,,,,,,
unit,A_ELIGIBLE_POOL_MATCHED,FEASIBLE_9,ESTIMATED,REACTOME_SYNTHESIS_OF_GLYCOSYLPHOSPHATIDYLINOSITOL_GPI,7,genept_scpa,,1,1000,17,3,5,5,0.6177261904761904,0.5535714285714285,0.19995959471328292,0.3020357916065096,0.31569039886968076,,,,,,
unit,B_PATHWAY_WIDE_UNIFORM,ALL_11,ESTIMATED,REACTOME_SYNTHESIS_OF_GLYCOSYLPHOSPHATIDYLINOSITOL_GPI,7,vanilla_scpa,,1,1000,17,3,17,5,0.3022482633923811,0.24864024864024867,0.15646411645919067,0.3020357916065096,0.00021247178587147086,,,,,,
unit,B_PATHWAY_WIDE_UNIFORM,ALL_11,ESTIMATED,REACTOME_SYNTHESIS_OF_GLYCOSYLPHOSPHATIDYLINOSITOL_GPI,7,genept_scpa,,1,1000,17,3,17,5,0.309143808669544,0.2554945054945055,0.16094353205375533,0.3020357916065096,0.0071080170630343775,,,,,,
unit,C_PHASE7_FALLBACK_MATCHED,ALL_11,ESTIMATED,REACTOME_SYNTHESIS_OF_GLYCOSYLPHOSPHATIDYLINOSITOL_GPI,7,vanilla_scpa,,1,1000,17,3,5,5,0.6190353535353535,0.6464646464646464,0.20460732830741746,0.3020357916065096,0.31699956192884393,,,,,,
unit,C_PHASE7_FALLBACK_MATCHED,ALL_11,ESTIMATED,REACTOME_SYNTHESIS_OF_GLYCOSYLPHOSPHATIDYLINOSITOL_GPI,7,genept_scpa,,1,1000,17,3,5,5,0.626202380952381,0.5535714285714285,0.19414920918982512,0.3020357916065096,0.3241665893458714,,,,,,
unit,A_ELIGIBLE_POOL_MATCHED,FEASIBLE_9,ESTIMATED,REACTOME_SYNTHESIS_OF_GLYCOSYLPHOSPHATIDYLINOSITOL_GPI,8,vanilla_scpa,,1,1000,17,3,5,5,0.6329343434343434,0.6464646464646464,0.20414262333237326,0.3020357916065096,0.3308985518278338,,,,,,
unit,A_ELIGIBLE_POOL_MATCHED,FEASIBLE_9,ESTIMATED,REACTOME_SYNTHESIS_OF_GLYCOSYLPHOSPHATIDYLINOSITOL_GPI,8,genept_scpa,,1,1000,17,3,5,5,0.6381666666666667,0.6805555555555555,0.1948552524656566,0.3020357916065096,0.33613087506015704,,,,,,
unit,B_PATHWAY_WIDE_UNIFORM,ALL_11,ESTIMATED,REACTOME_SYNTHESIS_OF_GLYCOSYLPHOSPHATIDYLINOSITOL_GPI,8,vanilla_scpa,,1,1000,17,3,17,5,0.29613182607153193,0.24523809523809526,0.14726029429207485,0.3020357916065096,-0.005903965534977684,,,,,,
unit,B_PATHWAY_WIDE_UNIFORM,ALL_11,ESTIMATED,REACTOME_SYNTHESIS_OF_GLYCOSYLPHOSPHATIDYLINOSITOL_GPI,8,genept_scpa,,1,1000,17,3,17,5,0.2986335696438638,0.24864024864024867,0.15066190469955712,0.3020357916065096,-0.003402221962645835,,,,,,
unit,C_PHASE7_FALLBACK_MATCHED,ALL_11,ESTIMATED,REACTOME_SYNTHESIS_OF_GLYCOSYLPHOSPHATIDYLINOSITOL_GPI,8,vanilla_scpa,,1,1000,17,3,5,5,0.630151515151515,0.6464646464646464,0.2048517638070026,0.3020357916065096,0.3281157235450054,,,,,,
unit,C_PHASE7_FALLBACK_MATCHED,ALL_11,ESTIMATED,REACTOME_SYNTHESIS_OF_GLYCOSYLPHOSPHATIDYLINOSITOL_GPI,8,genept_scpa,,1,1000,17,3,5,5,0.6319940476190475,0.6805555555555555,0.19349999724635653,0.3020357916065096,0.3299582560125379,,,,,,
unit,A_ELIGIBLE_POOL_MATCHED,FEASIBLE_9,ESTIMATED,REACTOME_SYNTHESIS_OF_GLYCOSYLPHOSPHATIDYLINOSITOL_GPI,9,vanilla_scpa,,1,1000,17,3,5,5,0.6142323232323231,0.5555555555555555,0.20359444145129815,0.3020357916065096,0.3121965316258135,,,,,,
unit,A_ELIGIBLE_POOL_MATCHED,FEASIBLE_9,ESTIMATED,REACTOME_SYNTHESIS_OF_GLYCOSYLPHOSPHATIDYLINOSITOL_GPI,9,genept_scpa,,1,1000,17,3,5,5,0.6243134920634921,0.6805555555555555,0.19227938641510053,0.3020357916065096,0.32227770045698245,,,,,,
unit,B_PATHWAY_WIDE_UNIFORM,ALL_11,ESTIMATED,REACTOME_SYNTHESIS_OF_GLYCOSYLPHOSPHATIDYLINOSITOL_GPI,9,vanilla_scpa,,1,1000,17,3,17,5,0.29828835168099876,0.2507936507936508,0.14913332658983025,0.3020357916065096,-0.0037474399255108537,,,,,,
unit,B_PATHWAY_WIDE_UNIFORM,ALL_11,ESTIMATED,REACTOME_SYNTHESIS_OF_GLYCOSYLPHOSPHATIDYLINOSITOL_GPI,9,genept_scpa,,1,1000,17,3,17,5,0.3040600747019865,0.25,0.15715159109645815,0.3020357916065096,0.0020242830954768642,,,,,,
unit,C_PHASE7_FALLBACK_MATCHED,ALL_11,ESTIMATED,REACTOME_SYNTHESIS_OF_GLYCOSYLPHOSPHATIDYLINOSITOL_GPI,9,vanilla_scpa,,1,1000,17,3,5,5,0.6252323232323233,0.5555555555555555,0.2003936236399235,0.3020357916065096,0.32319653162581363,,,,,,
unit,C_PHASE7_FALLBACK_MATCHED,ALL_11,ESTIMATED,REACTOME_SYNTHESIS_OF_GLYCOSYLPHOSPHATIDYLINOSITOL_GPI,9,genept_scpa,,1,1000,17,3,5,5,0.6350892857142857,0.6805555555555555,0.19749082530318285,0.3020357916065096,0.33305349410777607,,,,,,
unit,A_ELIGIBLE_POOL_MATCHED,FEASIBLE_9,ESTIMATED,REACTOME_SYNTHESIS_OF_GLYCOSYLPHOSPHATIDYLINOSITOL_GPI,10,vanilla_scpa,,1,1000,17,3,5,5,0.6258383838383839,0.6464646464646464,0.20679060874888144,0.3020357916065096,0.32380259223187424,,,,,,
unit,A_ELIGIBLE_POOL_MATCHED,FEASIBLE_9,ESTIMATED,REACTOME_SYNTHESIS_OF_GLYCOSYLPHOSPHATIDYLINOSITOL_GPI,10,genept_scpa,,1,1000,17,3,5,5,0.633063492063492,0.6805555555555555,0.19757597123009826,0.3020357916065096,0.3310277004569824,,,,,,
unit,B_PATHWAY_WIDE_UNIFORM,ALL_11,ESTIMATED,REACTOME_SYNTHESIS_OF_GLYCOSYLPHOSPHATIDYLINOSITOL_GPI,10,vanilla_scpa,,1,1000,17,3,17,5,0.29309771045947514,0.24107142857142858,0.15103265205552763,0.3020357916065096,-0.008938081147034482,,,,,,
unit,B_PATHWAY_WIDE_UNIFORM,ALL_11,ESTIMATED,REACTOME_SYNTHESIS_OF_GLYCOSYLPHOSPHATIDYLINOSITOL_GPI,10,genept_scpa,,1,1000,17,3,17,5,0.2944986258295082,0.24138708513708512,0.15192244253116005,0.3020357916065096,-0.00753716577700142,,,,,,
unit,C_PHASE7_FALLBACK_MATCHED,ALL_11,ESTIMATED,REACTOME_SYNTHESIS_OF_GLYCOSYLPHOSPHATIDYLINOSITOL_GPI,10,vanilla_scpa,,1,1000,17,3,5,5,0.6188535353535354,0.5555555555555555,0.2084876989173142,0.3020357916065096,0.31681774374702576,,,,,,
unit,C_PHASE7_FALLBACK_MATCHED,ALL_11,ESTIMATED,REACTOME_SYNTHESIS_OF_GLYCOSYLPHOSPHATIDYLINOSITOL_GPI,10,genept_scpa,,1,1000,17,3,5,5,0.6232003968253969,0.5535714285714285,0.19740958225115174,0.3020357916065096,0.32116460521888723,,,,,,
unit,A_ELIGIBLE_POOL_MATCHED,FEASIBLE_9,ESTIMATED,REACTOME_SYNTHESIS_OF_GLYCOSYLPHOSPHATIDYLINOSITOL_GPI,11,vanilla_scpa,,1,1000,17,3,5,5,0.6183181818181818,0.601010101010101,0.19700285807253054,0.3020357916065096,0.31628239021167215,,,,,,
unit,A_ELIGIBLE_POOL_MATCHED,FEASIBLE_9,ESTIMATED,REACTOME_SYNTHESIS_OF_GLYCOSYLPHOSPHATIDYLINOSITOL_GPI,11,genept_scpa,,1,1000,17,3,5,5,0.6280753968253968,0.5535714285714285,0.19932650505602648,0.3020357916065096,0.3260396052188872,,,,,,
unit,B_PATHWAY_WIDE_UNIFORM,ALL_11,ESTIMATED,REACTOME_SYNTHESIS_OF_GLYCOSYLPHOSPHATIDYLINOSITOL_GPI,11,vanilla_scpa,,1,1000,17,3,17,5,0.30800720570279394,0.25326797385620914,0.16040318908966636,0.3020357916065096,0.005971414096284322,,,,,,
unit,B_PATHWAY_WIDE_UNIFORM,ALL_11,ESTIMATED,REACTOME_SYNTHESIS_OF_GLYCOSYLPHOSPHATIDYLINOSITOL_GPI,11,genept_scpa,,1,1000,17,3,17,5,0.3067249609323139,0.25,0.1604604166067585,0.3020357916065096,0.0046891693258042655,,,,,,
unit,C_PHASE7_FALLBACK_MATCHED,ALL_11,ESTIMATED,REACTOME_SYNTHESIS_OF_GLYCOSYLPHOSPHATIDYLINOSITOL_GPI,11,vanilla_scpa,,1,1000,17,3,5,5,0.6247373737373737,0.6464646464646464,0.20315016969828656,0.3020357916065096,0.3227015821308641,,,,,,
unit,C_PHASE7_FALLBACK_MATCHED,ALL_11,ESTIMATED,REACTOME_SYNTHESIS_OF_GLYCOSYLPHOSPHATIDYLINOSITOL_GPI,11,genept_scpa,,1,1000,17,3,5,5,0.632125,0.6805555555555555,0.19360664520960794,0.3020357916065096,0.33008920839349043,,,,,,
unit,A_ELIGIBLE_POOL_MATCHED,FEASIBLE_9,ESTIMATED,REACTOME_SYNTHESIS_OF_GLYCOSYLPHOSPHATIDYLINOSITOL_GPI,12,vanilla_scpa,,1,1000,17,3,5,5,0.6248787878787878,0.6464646464646464,0.205446056361577,0.3020357916065096,0.3228429962722782,,,,,,
unit,A_ELIGIBLE_POOL_MATCHED,FEASIBLE_9,ESTIMATED,REACTOME_SYNTHESIS_OF_GLYCOSYLPHOSPHATIDYLINOSITOL_GPI,12,genept_scpa,,1,1000,17,3,5,5,0.6307757936507935,0.5535714285714285,0.19643782046929878,0.3020357916065096,0.3287400020442839,,,,,,
unit,B_PATHWAY_WIDE_UNIFORM,ALL_11,ESTIMATED,REACTOME_SYNTHESIS_OF_GLYCOSYLPHOSPHATIDYLINOSITOL_GPI,12,vanilla_scpa,,1,1000,17,3,17,5,0.3013774590061355,0.25,0.15832782338439966,0.3020357916065096,-0.000658332600374123,,,,,,
unit,B_PATHWAY_WIDE_UNIFORM,ALL_11,ESTIMATED,REACTOME_SYNTHESIS_OF_GLYCOSYLPHOSPHATIDYLINOSITOL_GPI,12,genept_scpa,,1,1000,17,3,17,5,0.3054467781401605,0.25326797385620914,0.15889330958933956,0.3020357916065096,0.003410986533650906,,,,,,
unit,C_PHASE7_FALLBACK_MATCHED,ALL_11,ESTIMATED,REACTOME_SYNTHESIS_OF_GLYCOSYLPHOSPHATIDYLINOSITOL_GPI,12,vanilla_scpa,,1,1000,17,3,5,5,0.619030303030303,0.6464646464646464,0.20212807000800717,0.3020357916065096,0.3169945114237934,,,,,,
unit,C_PHASE7_FALLBACK_MATCHED,ALL_11,ESTIMATED,REACTOME_SYNTHESIS_OF_GLYCOSYLPHOSPHATIDYLINOSITOL_GPI,12,genept_scpa,,1,1000,17,3,5,5,0.6294583333333332,0.6805555555555555,0.19728325829137344,0.3020357916065096,0.3274225417268236,,,,,,
unit,A_ELIGIBLE_POOL_MATCHED,FEASIBLE_9,ESTIMATED,REACTOME_SYNTHESIS_OF_GLYCOSYLPHOSPHATIDYLINOSITOL_GPI,13,vanilla_scpa,,1,1000,17,3,5,5,0.6246060606060606,0.5555555555555555,0.20495477421732078,0.3020357916065096,0.322570268999551,,,,,,
unit,A_ELIGIBLE_POOL_MATCHED,FEASIBLE_9,ESTIMATED,REACTOME_SYNTHESIS_OF_GLYCOSYLPHOSPHATIDYLINOSITOL_GPI,13,genept_scpa,,1,1000,17,3,5,5,0.6394087301587301,0.6805555555555555,0.19456699111933665,0.3020357916065096,0.3373729385522205,,,,,,
unit,B_PATHWAY_WIDE_UNIFORM,ALL_11,ESTIMATED,REACTOME_SYNTHESIS_OF_GLYCOSYLPHOSPHATIDYLINOSITOL_GPI,13,vanilla_scpa,,1,1000,17,3,17,5,0.2995013439175204,0.2496031746031746,0.15014990812568307,0.3020357916065096,-0.0025344476889891943,,,,,,
unit,B_PATHWAY_WIDE_UNIFORM,ALL_11,ESTIMATED,REACTOME_SYNTHESIS_OF_GLYCOSYLPHOSPHATIDYLINOSITOL_GPI,13,genept_scpa,,1,1000,17,3,17,5,0.30070850965483314,0.25326797385620914,0.1498051727367936,0.3020357916065096,-0.0013272819516764733,,,,,,
unit,C_PHASE7_FALLBACK_MATCHED,ALL_11,ESTIMATED,REACTOME_SYNTHESIS_OF_GLYCOSYLPHOSPHATIDYLINOSITOL_GPI,13,vanilla_scpa,,1,1000,17,3,5,5,0.6243838383838384,0.5555555555555555,0.2038756423700721,0.3020357916065096,0.32234804677732876,,,,,,
unit,C_PHASE7_FALLBACK_MATCHED,ALL_11,ESTIMATED,REACTOME_SYNTHESIS_OF_GLYCOSYLPHOSPHATIDYLINOSITOL_GPI,13,genept_scpa,,1,1000,17,3,5,5,0.6306726190476191,0.6805555555555555,0.19118092018979363,0.3020357916065096,0.32863682744110945,,,,,,
unit,A_ELIGIBLE_POOL_MATCHED,FEASIBLE_9,ESTIMATED,REACTOME_SYNTHESIS_OF_GLYCOSYLPHOSPHATIDYLINOSITOL_GPI,14,vanilla_scpa,,1,1000,17,3,5,5,0.6236464646464646,0.5555555555555555,0.20742175099774426,0.3020357916065096,0.32161067303995494,,,,,,
unit,A_ELIGIBLE_POOL_MATCHED,FEASIBLE_9,ESTIMATED,REACTOME_SYNTHESIS_OF_GLYCOSYLPHOSPHATIDYLINOSITOL_GPI,14,genept_scpa,,1,1000,17,3,5,5,0.6331845238095237,0.6805555555555555,0.18692203960489198,0.3020357916065096,0.3311487322030141,,,,,,
unit,B_PATHWAY_WIDE_UNIFORM,ALL_11,ESTIMATED,REACTOME_SYNTHESIS_OF_GLYCOSYLPHOSPHATIDYLINOSITOL_GPI,14,vanilla_scpa,,1,1000,17,3,17,5,0.3008246671629024,0.2496031746031746,0.1490792056184339,0.3020357916065096,-0.0012111244436072144,,,,,,
unit,B_PATHWAY_WIDE_UNIFORM,ALL_11,ESTIMATED,REACTOME_SYNTHESIS_OF_GLYCOSYLPHOSPHATIDYLINOSITOL_GPI,14,genept_scpa,,1,1000,17,3,17,5,0.3030124634624634,0.25717592592592586,0.1486855371424205,0.3020357916065096,0.0009766718559537924,,,,,,
unit,C_PHASE7_FALLBACK_MATCHED,ALL_11,ESTIMATED,REACTOME_SYNTHESIS_OF_GLYCOSYLPHOSPHATIDYLINOSITOL_GPI,14,vanilla_scpa,,1,1000,17,3,5,5,0.6224949494949494,0.601010101010101,0.20257929909042074,0.3020357916065096,0.3204591578884398,,,,,,
unit,C_PHASE7_FALLBACK_MATCHED,ALL_11,ESTIMATED,REACTOME_SYNTHESIS_OF_GLYCOSYLPHOSPHATIDYLINOSITOL_GPI,14,genept_scpa,,1,1000,17,3,5,5,0.6324722222222222,0.5535714285714285,0.19790940708109095,0.3020357916065096,0.3304364306157126,,,,,,
unit,A_ELIGIBLE_POOL_MATCHED,FEASIBLE_9,ESTIMATED,REACTOME_SYNTHESIS_OF_GLYCOSYLPHOSPHATIDYLINOSITOL_GPI,15,vanilla_scpa,,1,1000,17,3,5,5,0.6328333333333332,0.6464646464646464,0.20405520472095723,0.3020357916065096,0.33079754172682363,,,,,,
unit,A_ELIGIBLE_POOL_MATCHED,FEASIBLE_9,ESTIMATED,REACTOME_SYNTHESIS_OF_GLYCOSYLPHOSPHATIDYLINOSITOL_GPI,15,genept_scpa,,1,1000,17,3,5,5,0.6419424603174604,0.6805555555555555,0.19771247493745567,0.3020357916065096,0.33990666871095077,,,,,,
unit,B_PATHWAY_WIDE_UNIFORM,ALL_11,ESTIMATED,REACTOME_SYNTHESIS_OF_GLYCOSYLPHOSPHATIDYLINOSITOL_GPI,15,vanilla_scpa,,1,1000,17,3,17,5,0.30749757579022285,0.24847837347837348,0.15906969290445047,0.3020357916065096,0.005461784183713236,,,,,,
unit,B_PATHWAY_WIDE_UNIFORM,ALL_11,ESTIMATED,REACTOME_SYNTHESIS_OF_GLYCOSYLPHOSPHATIDYLINOSITOL_GPI,15,genept_scpa,,1,1000,17,3,17,5,0.30104593258049134,0.2496031746031746,0.15389657047481328,0.3020357916065096,-0.0009898590260182805,,,,,,
unit,C_PHASE7_FALLBACK_MATCHED,ALL_11,ESTIMATED,REACTOME_SYNTHESIS_OF_GLYCOSYLPHOSPHATIDYLINOSITOL_GPI,15,vanilla_scpa,,1,1000,17,3,5,5,0.6162777777777777,0.5555555555555555,0.19750754001851836,0.3020357916065096,0.3142419861712681,,,,,,
unit,C_PHASE7_FALLBACK_MATCHED,ALL_11,ESTIMATED,REACTOME_SYNTHESIS_OF_GLYCOSYLPHOSPHATIDYLINOSITOL_GPI,15,genept_scpa,,1,1000,17,3,5,5,0.6205138888888889,0.5535714285714285,0.19095336551010328,0.3020357916065096,0.3184780972823793,,,,,,
unit,A_ELIGIBLE_POOL_MATCHED,FEASIBLE_9,ESTIMATED,REACTOME_SYNTHESIS_OF_GLYCOSYLPHOSPHATIDYLINOSITOL_GPI,16,vanilla_scpa,,1,1000,17,3,5,5,0.619979797979798,0.6464646464646464,0.19944289692352835,0.3020357916065096,0.31794400637328835,,,,,,
unit,A_ELIGIBLE_POOL_MATCHED,FEASIBLE_9,ESTIMATED,REACTOME_SYNTHESIS_OF_GLYCOSYLPHOSPHATIDYLINOSITOL_GPI,16,genept_scpa,,1,1000,17,3,5,5,0.6303511904761904,0.6805555555555555,0.19085160130666692,0.3020357916065096,0.32831539886968075,,,,,,
unit,B_PATHWAY_WIDE_UNIFORM,ALL_11,ESTIMATED,REACTOME_SYNTHESIS_OF_GLYCOSYLPHOSPHATIDYLINOSITOL_GPI,16,vanilla_scpa,,1,1000,17,3,17,5,0.29495721176971174,0.24444444444444446,0.14780096814311589,0.3020357916065096,-0.0070785798367978825,,,,,,
unit,B_PATHWAY_WIDE_UNIFORM,ALL_11,ESTIMATED,REACTOME_SYNTHESIS_OF_GLYCOSYLPHOSPHATIDYLINOSITOL_GPI,16,genept_scpa,,1,1000,17,3,17,5,0.2961045377008612,0.24400871459694992,0.14965195503299752,0.3020357916065096,-0.005931253905648415,,,,,,
unit,C_PHASE7_FALLBACK_MATCHED,ALL_11,ESTIMATED,REACTOME_SYNTHESIS_OF_GLYCOSYLPHOSPHATIDYLINOSITOL_GPI,16,vanilla_scpa,,1,1000,17,3,5,5,0.6264444444444445,0.6464646464646464,0.20031475868181964,0.3020357916065096,0.32440865283793485,,,,,,
unit,C_PHASE7_FALLBACK_MATCHED,ALL_11,ESTIMATED,REACTOME_SYNTHESIS_OF_GLYCOSYLPHOSPHATIDYLINOSITOL_GPI,16,genept_scpa,,1,1000,17,3,5,5,0.6278690476190477,0.5535714285714285,0.19812875001997285,0.3020357916065096,0.3258332560125381,,,,,,
unit,A_ELIGIBLE_POOL_MATCHED,FEASIBLE_9,ESTIMATED,REACTOME_SYNTHESIS_OF_GLYCOSYLPHOSPHATIDYLINOSITOL_GPI,17,vanilla_scpa,,1,1000,17,3,5,5,0.6291212121212121,0.6464646464646464,0.20176433250876308,0.3020357916065096,0.32708542051470246,,,,,,
unit,A_ELIGIBLE_POOL_MATCHED,FEASIBLE_9,ESTIMATED,REACTOME_SYNTHESIS_OF_GLYCOSYLPHOSPHATIDYLINOSITOL_GPI,17,genept_scpa,,1,1000,17,3,5,5,0.6322718253968255,0.5535714285714285,0.19106277099491922,0.3020357916065096,0.33023603379031585,,,,,,
unit,B_PATHWAY_WIDE_UNIFORM,ALL_11,ESTIMATED,REACTOME_SYNTHESIS_OF_GLYCOSYLPHOSPHATIDYLINOSITOL_GPI,17,vanilla_scpa,,1,1000,17,3,17,5,0.30923419181580947,0.25605413105413105,0.1592175379671563,0.3020357916065096,0.007198400209299849,,,,,,
unit,B_PATHWAY_WIDE_UNIFORM,ALL_11,ESTIMATED,REACTOME_SYNTHESIS_OF_GLYCOSYLPHOSPHATIDYLINOSITOL_GPI,17,genept_scpa,,1,1000,17,3,17,5,0.3121414396061455,0.25717592592592586,0.16333242510352872,0.3020357916065096,0.01010564799963587,,,,,,
unit,C_PHASE7_FALLBACK_MATCHED,ALL_11,ESTIMATED,REACTOME_SYNTHESIS_OF_GLYCOSYLPHOSPHATIDYLINOSITOL_GPI,17,vanilla_scpa,,1,1000,17,3,5,5,0.639090909090909,0.6464646464646464,0.19752421142733156,0.3020357916065096,0.3370551174843994,,,,,,
unit,C_PHASE7_FALLBACK_MATCHED,ALL_11,ESTIMATED,REACTOME_SYNTHESIS_OF_GLYCOSYLPHOSPHATIDYLINOSITOL_GPI,17,genept_scpa,,1,1000,17,3,5,5,0.6375436507936508,0.6805555555555555,0.19247431511735202,0.3020357916065096,0.3355078591871412,,,,,,
unit,A_ELIGIBLE_POOL_MATCHED,FEASIBLE_9,ESTIMATED,REACTOME_SYNTHESIS_OF_GLYCOSYLPHOSPHATIDYLINOSITOL_GPI,18,vanilla_scpa,,1,1000,17,3,5,5,0.614540404040404,0.5555555555555555,0.20247229263776934,0.3020357916065096,0.3125046124338944,,,,,,
unit,A_ELIGIBLE_POOL_MATCHED,FEASIBLE_9,ESTIMATED,REACTOME_SYNTHESIS_OF_GLYCOSYLPHOSPHATIDYLINOSITOL_GPI,18,genept_scpa,,1,1000,17,3,5,5,0.6294265873015872,0.5535714285714285,0.19729456020884542,0.3020357916065096,0.32739079569507756,,,,,,
unit,B_PATHWAY_WIDE_UNIFORM,ALL_11,ESTIMATED,REACTOME_SYNTHESIS_OF_GLYCOSYLPHOSPHATIDYLINOSITOL_GPI,18,vanilla_scpa,,1,1000,17,3,17,5,0.30292579531035413,0.25326797385620914,0.15050983808474883,0.3020357916065096,0.0008900037038445108,,,,,,
unit,B_PATHWAY_WIDE_UNIFORM,ALL_11,ESTIMATED,REACTOME_SYNTHESIS_OF_GLYCOSYLPHOSPHATIDYLINOSITOL_GPI,18,genept_scpa,,1,1000,17,3,17,5,0.2993629874210757,0.24336774336774336,0.15661950232408334,0.3020357916065096,-0.002672804185433919,,,,,,
unit,C_PHASE7_FALLBACK_MATCHED,ALL_11,ESTIMATED,REACTOME_SYNTHESIS_OF_GLYCOSYLPHOSPHATIDYLINOSITOL_GPI,18,vanilla_scpa,,1,1000,17,3,5,5,0.6233939393939393,0.6464646464646464,0.20569660736061965,0.3020357916065096,0.32135814778742966,,,,,,
unit,C_PHASE7_FALLBACK_MATCHED,ALL_11,ESTIMATED,REACTOME_SYNTHESIS_OF_GLYCOSYLPHOSPHATIDYLINOSITOL_GPI,18,genept_scpa,,1,1000,17,3,5,5,0.6247996031746031,0.5535714285714285,0.1968470330470259,0.3020357916065096,0.32276381156809353,,,,,,
unit,A_ELIGIBLE_POOL_MATCHED,FEASIBLE_9,ESTIMATED,REACTOME_SYNTHESIS_OF_GLYCOSYLPHOSPHATIDYLINOSITOL_GPI,19,vanilla_scpa,,1,1000,17,3,5,5,0.6186919191919191,0.5555555555555555,0.19443658183822088,0.3020357916065096,0.3166561275854095,,,,,,
unit,A_ELIGIBLE_POOL_MATCHED,FEASIBLE_9,ESTIMATED,REACTOME_SYNTHESIS_OF_GLYCOSYLPHOSPHATIDYLINOSITOL_GPI,19,genept_scpa,,1,1000,17,3,5,5,0.630188492063492,0.6805555555555555,0.19340154021625394,0.3020357916065096,0.3281527004569824,,,,,,
unit,B_PATHWAY_WIDE_UNIFORM,ALL_11,ESTIMATED,REACTOME_SYNTHESIS_OF_GLYCOSYLPHOSPHATIDYLINOSITOL_GPI,19,vanilla_scpa,,1,1000,17,3,17,5,0.3079935849825555,0.26715686274509803,0.15344817784864412,0.3020357916065096,0.005957793376045906,,,,,,
unit,B_PATHWAY_WIDE_UNIFORM,ALL_11,ESTIMATED,REACTOME_SYNTHESIS_OF_GLYCOSYLPHOSPHATIDYLINOSITOL_GPI,19,genept_scpa,,1,1000,17,3,17,5,0.306396997882292,0.255050505050505,0.15733042161851857,0.3020357916065096,0.004361206275782403,,,,,,
unit,C_PHASE7_FALLBACK_MATCHED,ALL_11,ESTIMATED,REACTOME_SYNTHESIS_OF_GLYCOSYLPHOSPHATIDYLINOSITOL_GPI,19,vanilla_scpa,,1,1000,17,3,5,5,0.6134343434343434,0.5555555555555555,0.20161828960082487,0.3020357916065096,0.3113985518278338,,,,,,
unit,C_PHASE7_FALLBACK_MATCHED,ALL_11,ESTIMATED,REACTOME_SYNTHESIS_OF_GLYCOSYLPHOSPHATIDYLINOSITOL_GPI,19,genept_scpa,,1,1000,17,3,5,5,0.6274186507936509,0.5535714285714285,0.19736377089037743,0.3020357916065096,0.32538285918714127,,,,,,
unit,A_ELIGIBLE_POOL_MATCHED,FEASIBLE_9,ESTIMATED,REACTOME_SYNTHESIS_OF_GLYCOSYLPHOSPHATIDYLINOSITOL_GPI,20,vanilla_scpa,,1,1000,17,3,5,5,0.6217676767676766,0.601010101010101,0.19953501558898565,0.3020357916065096,0.319731885161167,,,,,,
unit,A_ELIGIBLE_POOL_MATCHED,FEASIBLE_9,ESTIMATED,REACTOME_SYNTHESIS_OF_GLYCOSYLPHOSPHATIDYLINOSITOL_GPI,20,genept_scpa,,1,1000,17,3,5,5,0.6295436507936508,0.6805555555555555,0.193792127077286,0.3020357916065096,0.3275078591871412,,,,,,
unit,B_PATHWAY_WIDE_UNIFORM,ALL_11,ESTIMATED,REACTOME_SYNTHESIS_OF_GLYCOSYLPHOSPHATIDYLINOSITOL_GPI,20,vanilla_scpa,,1,1000,17,3,17,5,0.30021507378786794,0.25,0.15246101498125478,0.3020357916065096,-0.0018207178186416817,,,,,,
unit,B_PATHWAY_WIDE_UNIFORM,ALL_11,ESTIMATED,REACTOME_SYNTHESIS_OF_GLYCOSYLPHOSPHATIDYLINOSITOL_GPI,20,genept_scpa,,1,1000,17,3,17,5,0.3068855959400077,0.2593434343434343,0.1543067062160431,0.3020357916065096,0.004849804333498076,,,,,,
unit,C_PHASE7_FALLBACK_MATCHED,ALL_11,ESTIMATED,REACTOME_SYNTHESIS_OF_GLYCOSYLPHOSPHATIDYLINOSITOL_GPI,20,vanilla_scpa,,1,1000,17,3,5,5,0.6048131313131313,0.5555555555555555,0.20165561933109097,0.3020357916065096,0.3027773397066217,,,,,,
unit,C_PHASE7_FALLBACK_MATCHED,ALL_11,ESTIMATED,REACTOME_SYNTHESIS_OF_GLYCOSYLPHOSPHATIDYLINOSITOL_GPI,20,genept_scpa,,1,1000,17,3,5,5,0.6211210317460318,0.5535714285714285,0.19871446710928017,0.3020357916065096,0.3190852401395222,,,,,,
aggregate,A_ELIGIBLE_POOL_MATCHED,FEASIBLE_9,ESTIMATED,,,vanilla_scpa,9,180,1000,,,,,0.33446838898150255,0.29116834930693664,0.15236929702310906,0.253128696738336,0.08133969224316656,,,,,,
aggregate,A_ELIGIBLE_POOL_MATCHED,FEASIBLE_9,ESTIMATED,,,genept_scpa,9,180,1000,,,,,0.369924722526156,0.367235147016277,0.10502754405871387,0.253128696738336,0.11679602578782,,,,,,
aggregate,A_ELIGIBLE_POOL_MATCHED,FEASIBLE_9,ESTIMATED,,,genept_minus_vanilla,9,180,1000,,,,,,,,,,0.03545633354465338,0.03545633354465338,0.01616804675086403,,,
aggregate,B_PATHWAY_WIDE_UNIFORM,FEASIBLE_9,ESTIMATED,,,vanilla_scpa,9,180,1000,,,,,0.25315644738509896,0.24946732915177977,0.02855653896120967,0.253128696738336,2.7750646762969566e-05,,,,,,
aggregate,B_PATHWAY_WIDE_UNIFORM,FEASIBLE_9,ESTIMATED,,,genept_scpa,9,180,1000,,,,,0.253308271366943,0.24934728455599414,0.028560422409424996,0.253128696738336,0.00017957462860701545,,,,,,
aggregate,B_PATHWAY_WIDE_UNIFORM,FEASIBLE_9,ESTIMATED,,,genept_minus_vanilla,9,180,1000,,,,,,,,,,0.0001518239818440334,0.0001518239818440334,0.0002922914339665017,,,
aggregate,B_PATHWAY_WIDE_UNIFORM,ALL_11,ESTIMATED,,,vanilla_scpa,11,220,1000,,,,,0.25522857710845964,0.24946732915177977,0.028231883389469213,0.255148135433766,8.044167469362096e-05,,,,,,
aggregate,B_PATHWAY_WIDE_UNIFORM,ALL_11,ESTIMATED,,,genept_scpa,11,220,1000,,,,,0.25536728797842784,0.24934728455599414,0.02821610292656692,0.255148135433766,0.00021915254466181588,,,,,,
aggregate,B_PATHWAY_WIDE_UNIFORM,ALL_11,ESTIMATED,,,genept_minus_vanilla,11,220,1000,,,,,,,,,,0.0001387108699681619,0.0001387108699681619,0.0,,,
aggregate,C_PHASE7_FALLBACK_MATCHED,ALL_11,ESTIMATED,,,vanilla_scpa,11,220,1000,,,,,0.32117782492429325,0.28813221031419567,0.13999801421999114,0.255148135433766,0.06602968949052723,,,,,,
aggregate,C_PHASE7_FALLBACK_MATCHED,ALL_11,ESTIMATED,,,genept_scpa,11,220,1000,,,,,0.35034433511293656,0.36304945702783364,0.10364267989556629,0.255148135433766,0.09519619967917053,,,,,,
aggregate,C_PHASE7_FALLBACK_MATCHED,ALL_11,ESTIMATED,,,genept_minus_vanilla,11,220,1000,,,,,,,,,,0.02916651018864334,0.02916651018864334,0.006315746753246643,,,
aggregate,C_PHASE7_FALLBACK_MATCHED,NO_FALLBACK_9,ESTIMATED,,,vanilla_scpa,9,180,1000,,,,,0.333861968840754,0.291711604067049,0.15146468445314204,0.253128696738336,0.08073327210241799,,,,,,
aggregate,C_PHASE7_FALLBACK_MATCHED,NO_FALLBACK_9,ESTIMATED,,,genept_scpa,9,180,1000,,,,,0.36946505956706044,0.3676486896084361,0.1047581952953596,0.253128696738336,0.11633636282872445,,,,,,
aggregate,C_PHASE7_FALLBACK_MATCHED,NO_FALLBACK_9,ESTIMATED,,,genept_minus_vanilla,9,180,1000,,,,,,,,,,0.035603090726306436,0.035603090726306436,0.01632234085717052,,,
aggregate,C_PHASE7_FALLBACK_MATCHED,FALLBACK_2,ESTIMATED,,,vanilla_scpa,2,40,1000,,,,,0.2640991773002201,0.2629726005716533,0.026048296896539994,0.26423560956320113,-0.0001364322629810455,,,,,,
aggregate,C_PHASE7_FALLBACK_MATCHED,FALLBACK_2,ESTIMATED,,,genept_scpa,2,40,1000,,,,,0.26430107506937955,0.26247249856978894,0.02587603891134591,0.26423560956320113,6.546550617841929e-05,,,,,,
aggregate,C_PHASE7_FALLBACK_MATCHED,FALLBACK_2,ESTIMATED,,,genept_minus_vanilla,2,40,1000,,,,,,,,,,0.0002018977691594398,0.0002018977691594398,0.0,,,
direct_comparison,A_MINUS_B,SAME_FEASIBLE_9,ESTIMATED,,,vanilla_scpa,9,180,1000,,,,,,,,,,,0.08131194159640363,0.04577628792367762,3.9663232484166907e-10,0.5376304481276857,
direct_comparison,A_MINUS_B,SAME_FEASIBLE_9,ESTIMATED,,,genept_scpa,9,180,1000,,,,,,,,,,,0.11661645115921299,0.11307049544874781,2.7348870910495993e-31,1.0,
direct_comparison,A_MINUS_B,SAME_FEASIBLE_9,ESTIMATED,,,genept_minus_vanilla,9,180,1000,,,,,,,,,,,0.035304509562809346,0.015390418258171782,2.445707528145501e-05,0.36267648864333946,
