pathway,scenario,draw_id,inference_unit,truth_fallback_used,null_truth_fallback_used,gene_count,truth_count,vanilla_ap_strength_0_5,vanilla_ap_strength_1_0,genept_ap_strength_0_5,genept_ap_strength_1_0,vanilla_raw_ap,genept_raw_ap,vanilla_matched_null_ap,genept_matched_null_ap,vanilla_calibrated_ap,genept_calibrated_ap,raw_genept_minus_vanilla_ap,null_genept_minus_vanilla_ap,calibrated_did
KEGG_BUTANOATE_METABOLISM,mean_shift,1,pathway_scenario_draw_mean_across_strengths,False,False,27,5,0.36635706914344685,0.6383333333333333,0.643073593073593,0.8526315789473685,0.5023452012383901,0.7478525860104808,0.7,0.4473809523809524,-0.19765479876160985,0.3004716336295284,0.24550738477209066,-0.2526190476190476,0.49812643239113824
KEGG_BUTANOATE_METABOLISM,mean_shift,2,pathway_scenario_draw_mean_across_strengths,False,False,27,5,0.33929824561403504,0.8392857142857142,0.3856644880174292,0.6422222222222222,0.5892919799498746,0.5139433551198257,0.4424908424908424,0.16133567957097367,0.14680113745903217,0.35260767554885203,-0.0753486248300489,-0.28115516291986875,0.20580653808981986
KEGG_BUTANOATE_METABOLISM,mean_shift,3,pathway_scenario_draw_mean_across_strengths,False,False,27,5,0.37047619047619046,0.9666666666666666,0.47214285714285714,0.9666666666666666,0.6685714285714285,0.7194047619047619,0.7,0.4473809523809524,-0.03142857142857147,0.2720238095238095,0.0508333333333334,-0.2526190476190476,0.303452380952381
KEGG_BUTANOATE_METABOLISM,mean_shift,4,pathway_scenario_draw_mean_across_strengths,False,False,27,5,0.4671052631578948,1.0,0.7268115942028985,1.0,0.7335526315789473,0.8634057971014493,0.41749084249084245,0.1563356795709737,0.3160617890881049,0.7070701175304756,0.12985316552250192,-0.26115516291986873,0.39100832844237066
KEGG_BUTANOATE_METABOLISM,mean_shift,5,pathway_scenario_draw_mean_across_strengths,False,False,27,5,0.3277777777777777,0.7783333333333333,0.7742424242424242,0.8666666666666666,0.5530555555555555,0.8204545454545453,0.36928571428571433,0.19893772893772893,0.1837698412698412,0.6215168165168163,0.2673989898989898,-0.1703479853479854,0.43774697524697515
KEGG_BUTANOATE_METABOLISM,mean_shift,6,pathway_scenario_draw_mean_across_strengths,False,False,27,5,0.3400572082379863,0.885,0.7342424242424243,0.9111111111111111,0.6125286041189931,0.8226767676767677,0.45082417582417583,0.32532428355957765,0.1617044282948173,0.49735248411719,0.21014816355777455,-0.12549989226459818,0.3356480558223727
KEGG_BUTANOATE_METABOLISM,mean_shift,7,pathway_scenario_draw_mean_across_strengths,False,False,27,5,0.16862041467304625,0.6935897435897436,0.700952380952381,0.8314285714285713,0.4311050791313949,0.7661904761904761,0.6026190476190476,0.43750915750915753,-0.1715139684876527,0.32868131868131856,0.3350853970590812,-0.16510989010989008,0.5001952871689712
KEGG_BUTANOATE_METABOLISM,mean_shift,8,pathway_scenario_draw_mean_across_strengths,False,False,27,5,0.582121212121212,0.8588235294117647,0.32429677873613794,1.0,0.7204723707664884,0.662148389368069,0.5424908424908426,0.32133567957097364,0.17798152827564584,0.3408127097970953,-0.05832398139841943,-0.22115516291986892,0.1628311815214495
KEGG_BUTANOATE_METABOLISM,mean_shift,9,pathway_scenario_draw_mean_across_strengths,False,False,27,5,0.22089466089466087,0.8909090909090909,0.6551282051282051,0.9666666666666666,0.5559018759018759,0.8108974358974359,0.6569230769230769,0.4627731092436974,-0.10102120102120105,0.3481243266537385,0.25499555999556,-0.19414996767937953,0.44914552767493954
KEGG_BUTANOATE_METABOLISM,mean_shift,10,pathway_scenario_draw_mean_across_strengths,False,False,27,5,0.576084656084656,1.0,0.6897243107769423,1.0,0.788042328042328,0.8448621553884712,0.6091575091575091,0.39375565610859725,0.17888481888481889,0.45110649927987395,0.056819827346143215,-0.21540185304891185,0.27222168039505507
KEGG_BUTANOATE_METABOLISM,mean_shift,11,pathway_scenario_draw_mean_across_strengths,False,False,27,5,0.20936041083099907,0.8416666666666666,0.4845021645021645,0.7240384615384615,0.5255135387488328,0.604270313020313,0.4652564102564102,0.2028073451602863,0.060257128492422596,0.40146296786002666,0.0787567742714802,-0.26244906509612387,0.34120583936760407
KEGG_BUTANOATE_METABOLISM,mean_shift,12,pathway_scenario_draw_mean_across_strengths,False,False,27,5,0.2842016806722689,1.0,0.5184615384615385,1.0,0.6421008403361345,0.7592307692307693,0.25249084249084247,0.15389571213100622,0.389609997845292,0.6053350570997631,0.1171299288946348,-0.09859513035983625,0.2157250592544711
KEGG_BUTANOATE_METABOLISM,mean_shift,13,pathway_scenario_draw_mean_across_strengths,False,False,27,5,0.2441025641025641,0.9666666666666666,0.6909090909090909,1.0,0.6053846153846153,0.8454545454545455,0.780952380952381,0.37780626780626775,-0.17556776556776565,0.4676482776482777,0.24006993006993016,-0.4031461131461132,0.6432160432160434
KEGG_BUTANOATE_METABOLISM,mean_shift,14,pathway_scenario_draw_mean_across_strengths,False,False,27,5,0.15708898944193064,0.5877272727272728,0.506537037037037,0.7453968253968254,0.3724081310846017,0.6259669312169311,0.6476190476190476,0.38179487179487176,-0.27521091653444596,0.24417205942205938,0.25355880013232945,-0.2658241758241759,0.5193829759565054
KEGG_BUTANOATE_METABOLISM,mean_shift,15,pathway_scenario_draw_mean_across_strengths,False,False,27,5,0.4922222222222222,0.9028571428571428,0.7226190476190476,1.0,0.6975396825396825,0.8613095238095239,0.6026190476190476,0.43750915750915753,0.09492063492063485,0.4238003663003663,0.1637698412698414,-0.16510989010989008,0.3288797313797315
KEGG_BUTANOATE_METABOLISM,mean_shift,16,pathway_scenario_draw_mean_across_strengths,False,False,27,5,0.3875598086124402,0.7626315789473683,0.3656302521008403,0.8714285714285713,0.5750956937799043,0.6185294117647058,0.4902564102564102,0.209474011826953,0.08483928352349412,0.40905539993775275,0.043433717984801445,-0.2807823984294572,0.3242161164142586
KEGG_BUTANOATE_METABOLISM,mean_shift,17,pathway_scenario_draw_mean_across_strengths,False,False,27,5,0.5420634920634921,1.0,0.6079365079365079,1.0,0.7710317460317461,0.803968253968254,0.3191575091575092,0.20423184658478774,0.4518742368742369,0.5997364073834662,0.03293650793650793,-0.11492566257272144,0.14786217050922934
KEGG_BUTANOATE_METABOLISM,mean_shift,18,pathway_scenario_draw_mean_across_strengths,False,False,27,5,0.5334782608695653,0.3148064353946707,0.5264285714285715,0.8266666666666665,0.424142348132118,0.676547619047619,0.4902564102564102,0.209474011826953,-0.06611406212429222,0.46707360722066593,0.25240527091550097,-0.2807823984294572,0.5331876693449582
KEGG_BUTANOATE_METABOLISM,mean_shift,19,pathway_scenario_draw_mean_across_strengths,False,False,27,5,0.34493506493506493,0.6583333333333334,0.5038451744334097,1.0,0.5016341991341992,0.7519225872167048,0.4902564102564102,0.209474011826953,0.011377788877788952,0.5424485753897518,0.25028838808250564,-0.2807823984294572,0.5310707865119628
KEGG_BUTANOATE_METABOLISM,mean_shift,20,pathway_scenario_draw_mean_across_strengths,False,False,27,5,0.18037037037037038,0.8588235294117647,0.6138235294117647,0.8909090909090909,0.5195969498910675,0.7523663101604278,0.3508241758241758,0.16532428355957768,0.16877277406689173,0.58704202660085,0.23276936026936024,-0.18549989226459812,0.4182692525339583
KEGG_BUTANOATE_METABOLISM,cell_subset,1,pathway_scenario_draw_mean_across_strengths,False,False,27,5,0.33904761904761904,0.41714285714285715,0.6215384615384616,0.4972650878533231,0.3780952380952381,0.5594017746958924,0.7,0.4473809523809524,-0.32190476190476186,0.11202082231493998,0.18130653660065427,-0.2526190476190476,0.43392558421970184
KEGG_BUTANOATE_METABOLISM,cell_subset,2,pathway_scenario_draw_mean_across_strengths,False,False,27,5,0.6537037037037037,0.5070370370370371,0.49795482295482296,0.8253968253968254,0.5803703703703704,0.6616758241758242,0.4424908424908424,0.16133567957097367,0.137879527879528,0.5003401446048505,0.08130545380545373,-0.28115516291986875,0.36246061672532254
KEGG_BUTANOATE_METABOLISM,cell_subset,3,pathway_scenario_draw_mean_across_strengths,False,False,27,5,0.8416666666666666,0.6977777777777778,0.6436507936507936,0.6515262515262514,0.7697222222222222,0.6475885225885225,0.7,0.4473809523809524,0.06972222222222224,0.20020757020757013,-0.12213369963369969,-0.2526190476190476,0.1304853479853479
KEGG_BUTANOATE_METABOLISM,cell_subset,4,pathway_scenario_draw_mean_across_strengths,False,False,27,5,0.20932844932844935,0.3011111111111111,0.2754385964912281,0.50558352402746,0.2552197802197802,0.390511060259344,0.41749084249084245,0.1563356795709737,-0.16227106227106225,0.23417538068837032,0.1352912800395638,-0.26115516291986873,0.39644644295943254
KEGG_BUTANOATE_METABOLISM,cell_subset,5,pathway_scenario_draw_mean_across_strengths,False,False,27,5,0.725,0.7833333333333333,0.39794871794871794,0.54496336996337,0.7541666666666667,0.471456043956044,0.36928571428571433,0.19893772893772893,0.3848809523809523,0.2725183150183151,-0.28271062271062264,-0.1703479853479854,-0.11236263736263724
KEGG_BUTANOATE_METABOLISM,cell_subset,6,pathway_scenario_draw_mean_across_strengths,False,False,27,5,0.3272527472527472,0.5791666666666666,0.21666666666666665,0.5172619047619048,0.4532097069597069,0.36696428571428574,0.45082417582417583,0.32532428355957765,0.0023855311355310826,0.04164000215470809,-0.08624542124542117,-0.12549989226459818,0.039254471019177006
KEGG_BUTANOATE_METABOLISM,cell_subset,7,pathway_scenario_draw_mean_across_strengths,False,False,27,5,0.37872549019607843,0.48382352941176465,0.556084656084656,0.2825132275132275,0.43127450980392157,0.4192989417989417,0.6026190476190476,0.43750915750915753,-0.17134453781512604,-0.018210215710215805,-0.011975568004979842,-0.16510989010989008,0.15313432210491024
KEGG_BUTANOATE_METABOLISM,cell_subset,8,pathway_scenario_draw_mean_across_strengths,False,False,27,5,0.4575974025974025,0.5783333333333334,0.2612851573377889,0.4749376114081996,0.517965367965368,0.3681113843729943,0.5424908424908426,0.32133567957097364,-0.0245254745254746,0.046775704802020646,-0.14985398359237367,-0.22115516291986892,0.07130117932749525
KEGG_BUTANOATE_METABOLISM,cell_subset,9,pathway_scenario_draw_mean_across_strengths,False,False,27,5,0.45776397515527945,0.4846560846560847,0.42370370370370364,0.5642857142857143,0.47121002990568206,0.493994708994709,0.6569230769230769,0.4627731092436974,-0.18571304701739488,0.031221599751011575,0.022784679089026927,-0.19414996767937953,0.21693464676840646
KEGG_BUTANOATE_METABOLISM,cell_subset,10,pathway_scenario_draw_mean_across_strengths,False,False,27,5,0.8625,0.7254901960784313,0.22983682983682985,0.31606060606060604,0.7939950980392156,0.27294871794871794,0.6091575091575091,0.39375565610859725,0.18483758888170654,-0.1208069381598793,-0.5210463800904976,-0.21540185304891185,-0.30564452704158585
KEGG_BUTANOATE_METABOLISM,cell_subset,11,pathway_scenario_draw_mean_across_strengths,False,False,27,5,0.3487719298245614,0.5934782608695652,0.34144927536231884,0.5657142857142857,0.4711250953470633,0.4535817805383023,0.4652564102564102,0.2028073451602863,0.005868685090653136,0.25077443537801597,-0.017543314808761035,-0.26244906509612387,0.24490575028736283
KEGG_BUTANOATE_METABOLISM,cell_subset,12,pathway_scenario_draw_mean_across_strengths,False,False,27,5,0.2962121212121212,0.38501253132832075,0.3405668016194332,0.5104263927793339,0.340612326270221,0.42549659719938354,0.25249084249084247,0.15389571213100622,0.0881214837793785,0.2716008850683773,0.08488427092916256,-0.09859513035983625,0.1834794012889988
KEGG_BUTANOATE_METABOLISM,cell_subset,13,pathway_scenario_draw_mean_across_strengths,False,False,27,5,0.4792424242424242,0.36769841269841264,0.35583333333333333,0.6087301587301587,0.42347041847041844,0.482281746031746,0.780952380952381,0.37780626780626775,-0.3574819624819625,0.10447547822547826,0.058811327561327564,-0.4031461131461132,0.46195744070744077
KEGG_BUTANOATE_METABOLISM,cell_subset,14,pathway_scenario_draw_mean_across_strengths,False,False,27,5,0.19560846560846562,0.3143073593073593,0.1422147852147852,0.2220496894409938,0.25495791245791244,0.1821322373278895,0.6476190476190476,0.38179487179487176,-0.3926611351611352,-0.19966263446698226,-0.07282567513002294,-0.2658241758241759,0.19299850069415295
KEGG_BUTANOATE_METABOLISM,cell_subset,15,pathway_scenario_draw_mean_across_strengths,False,False,27,5,0.39841269841269844,0.3468196457326892,0.5691666666666666,0.525,0.3726161720726938,0.5470833333333334,0.6026190476190476,0.43750915750915753,-0.2300028755463538,0.10957417582417583,0.17446716126063955,-0.16510989010989008,0.3395770513705296
KEGG_BUTANOATE_METABOLISM,cell_subset,16,pathway_scenario_draw_mean_across_strengths,False,False,27,5,0.3996904024767801,0.6903703703703703,0.6103703703703703,0.565537084398977,0.5450303864235753,0.5879537273846737,0.4902564102564102,0.209474011826953,0.05477397616716506,0.37847971555772064,0.0429233409610984,-0.2807823984294572,0.3237057393905556
KEGG_BUTANOATE_METABOLISM,cell_subset,17,pathway_scenario_draw_mean_across_strengths,False,False,27,5,0.7416666666666667,0.6076190476190476,0.3547513227513227,0.6070588235294119,0.6746428571428571,0.4809050731403673,0.3191575091575092,0.20423184658478774,0.3554853479853479,0.2766732265555796,-0.1937377840024898,-0.11492566257272144,-0.07881212142976834
KEGG_BUTANOATE_METABOLISM,cell_subset,18,pathway_scenario_draw_mean_across_strengths,False,False,27,5,0.5129761904761905,0.5668831168831168,0.6217948717948718,0.7576190476190476,0.5399296536796536,0.6897069597069597,0.4902564102564102,0.209474011826953,0.04967324342324342,0.4802329478800067,0.1497773060273061,-0.2807823984294572,0.4305597044567633
KEGG_BUTANOATE_METABOLISM,cell_subset,19,pathway_scenario_draw_mean_across_strengths,False,False,27,5,0.74,0.876923076923077,0.352639751552795,0.47714285714285715,0.8084615384615386,0.41489130434782606,0.4902564102564102,0.209474011826953,0.31820512820512836,0.20541729252087307,-0.3935702341137125,-0.2807823984294572,-0.1127878356842553
KEGG_BUTANOATE_METABOLISM,cell_subset,20,pathway_scenario_draw_mean_across_strengths,False,False,27,5,0.508888888888889,0.6888888888888889,0.7444444444444445,0.5604968944099379,0.5988888888888889,0.6524706694271911,0.3508241758241758,0.16532428355957768,0.24806471306471312,0.48714638586761344,0.053581780538302204,-0.18549989226459812,0.23908167280290032
KEGG_BUTANOATE_METABOLISM,mixed_direction,1,pathway_scenario_draw_mean_across_strengths,True,False,27,5,0.4298941798941799,0.6931092436974791,0.5195545195545195,0.7976190476190476,0.5615017117958294,0.6585867835867836,0.7,0.4473809523809524,-0.13849828820417054,0.2112058312058312,0.09708507179095416,-0.2526190476190476,0.34970411941000173
KEGG_BUTANOATE_METABOLISM,mixed_direction,2,pathway_scenario_draw_mean_across_strengths,True,False,27,5,0.5977777777777777,0.4238437001594896,0.5451282051282051,0.6840958605664488,0.5108107389686336,0.614612032847327,0.4424908424908424,0.16133567957097367,0.06831989647779119,0.45327635327635335,0.10380129387869341,-0.28115516291986875,0.38495645679856216
KEGG_BUTANOATE_METABOLISM,mixed_direction,3,pathway_scenario_draw_mean_across_strengths,True,False,27,5,0.1484149184149184,0.5131752305665349,0.4719746484452366,0.6740384615384615,0.33079507449072665,0.573006554991849,0.7,0.4473809523809524,-0.3692049255092733,0.12562560261089667,0.2422114805011224,-0.2526190476190476,0.49483052812017
KEGG_BUTANOATE_METABOLISM,mixed_direction,4,pathway_scenario_draw_mean_across_strengths,True,False,27,5,0.20154970760233915,0.6422222222222222,0.4072438672438672,0.5441558441558441,0.4218859649122807,0.4756998556998556,0.41749084249084245,0.1563356795709737,0.004395122421438247,0.3193641761288819,0.053813890787574925,-0.26115516291986873,0.31496905370744366
KEGG_BUTANOATE_METABOLISM,mixed_direction,5,pathway_scenario_draw_mean_across_strengths,True,False,27,5,0.1689334447229184,0.38206349206349205,0.6718196457326892,0.7127272727272728,0.27549846839320524,0.692273459229981,0.36928571428571433,0.19893772893772893,-0.09378724589250909,0.49333573029225203,0.4167749908367757,-0.1703479853479854,0.5871229761847612
KEGG_BUTANOATE_METABOLISM,mixed_direction,6,pathway_scenario_draw_mean_across_strengths,True,False,27,5,0.2388095238095238,0.4511688311688311,0.5659663865546218,0.6976190476190476,0.34498917748917746,0.6317927170868347,0.45082417582417583,0.32532428355957765,-0.10583499833499838,0.30646843352725706,0.28680353959765725,-0.12549989226459818,0.41230343186225543
KEGG_BUTANOATE_METABOLISM,mixed_direction,7,pathway_scenario_draw_mean_across_strengths,True,False,27,5,0.19310583207642032,0.8102564102564103,0.7277777777777776,0.5815384615384616,0.5016811211664153,0.6546581196581196,0.6026190476190476,0.43750915750915753,-0.10093792645263233,0.21714896214896207,0.15297699849170432,-0.16510989010989008,0.3180868886015944
KEGG_BUTANOATE_METABOLISM,mixed_direction,8,pathway_scenario_draw_mean_across_strengths,True,False,27,5,0.1717948717948718,0.587037037037037,0.37988432620011564,0.8225,0.37941595441595444,0.6011921631000579,0.5424908424908426,0.32133567957097364,-0.16307488807488812,0.2798564835290842,0.22177620868410342,-0.22115516291986892,0.44293137160397233
KEGG_BUTANOATE_METABOLISM,mixed_direction,9,pathway_scenario_draw_mean_across_strengths,True,False,27,5,0.2450207039337474,0.49310776942355883,0.5928571428571427,0.7912087912087912,0.3690642366786531,0.692032967032967,0.6569230769230769,0.4627731092436974,-0.2878588402444238,0.2292598577892696,0.3229687303543139,-0.19414996767937953,0.5171186980336935
KEGG_BUTANOATE_METABOLISM,mixed_direction,10,pathway_scenario_draw_mean_across_strengths,True,False,27,5,0.21241532976827093,0.9266666666666665,0.3437037037037037,0.737037037037037,0.5695409982174687,0.5403703703703704,0.6091575091575091,0.39375565610859725,-0.03961651094004037,0.14661471426177314,-0.02917062784709834,-0.21540185304891185,0.1862312252018135
KEGG_BUTANOATE_METABOLISM,mixed_direction,11,pathway_scenario_draw_mean_across_strengths,True,False,27,5,0.43036963036963033,0.7198412698412697,0.7857142857142857,0.6366666666666666,0.57510545010545,0.7111904761904762,0.4652564102564102,0.2028073451602863,0.10984903984903982,0.5083831310301898,0.13608502608502615,-0.26244906509612387,0.39853409118115
KEGG_BUTANOATE_METABOLISM,mixed_direction,12,pathway_scenario_draw_mean_across_strengths,True,False,27,5,0.23148976119227838,0.6898989898989899,0.3155835240274599,0.6732441471571906,0.46069437554563414,0.49441383559232527,0.25249084249084247,0.15389571213100622,0.20820353305479167,0.34051812346131904,0.03371946004669113,-0.09859513035983625,0.13231459040652738
KEGG_BUTANOATE_METABOLISM,mixed_direction,13,pathway_scenario_draw_mean_across_strengths,True,False,27,5,0.4037878787878787,0.706060606060606,0.5254273504273504,0.6696428571428571,0.5549242424242424,0.5975351037851038,0.780952380952381,0.37780626780626775,-0.22602813852813852,0.21972883597883602,0.04261086136086134,-0.4031461131461132,0.44575697450697455
KEGG_BUTANOATE_METABOLISM,mixed_direction,14,pathway_scenario_draw_mean_across_strengths,True,False,27,5,0.1500815850815851,0.72,0.6956043956043956,0.8476190476190476,0.43504079254079253,0.7716117216117215,0.6476190476190476,0.38179487179487176,-0.21257825507825512,0.3898168498168498,0.336570929070929,-0.2658241758241759,0.6023951048951048
KEGG_BUTANOATE_METABOLISM,mixed_direction,15,pathway_scenario_draw_mean_across_strengths,True,False,27,5,0.17918741297688667,0.6887254901960784,0.32480626780626776,0.5053921568627451,0.43395645158648255,0.4150992123345064,0.6026190476190476,0.43750915750915753,-0.16866259603256506,-0.022409945174651114,-0.018857239251976132,-0.16510989010989008,0.14625265085791395
KEGG_BUTANOATE_METABOLISM,mixed_direction,16,pathway_scenario_draw_mean_across_strengths,True,False,27,5,0.28994076099339255,0.7769230769230769,0.5339001349527666,0.37636363636363634,0.5334319189582347,0.45513188565820145,0.4902564102564102,0.209474011826953,0.043175508701824516,0.24565787383124846,-0.07830003330003327,-0.2807823984294572,0.20248236512942394
KEGG_BUTANOATE_METABOLISM,mixed_direction,17,pathway_scenario_draw_mean_across_strengths,True,False,27,5,0.1765079365079365,0.7166666666666667,0.8711111111111111,0.6751322751322751,0.4465873015873016,0.7731216931216931,0.3191575091575092,0.20423184658478774,0.1274297924297924,0.5688898465369053,0.3265343915343915,-0.11492566257272144,0.4414600541071129
KEGG_BUTANOATE_METABOLISM,mixed_direction,18,pathway_scenario_draw_mean_across_strengths,True,False,27,5,0.6588235294117647,0.690537084398977,0.6115384615384615,0.5523809523809524,0.6746803069053708,0.5819597069597069,0.4902564102564102,0.209474011826953,0.18442389664896064,0.37248569513275387,-0.09272059994566395,-0.2807823984294572,0.18806179848379323
KEGG_BUTANOATE_METABOLISM,mixed_direction,19,pathway_scenario_draw_mean_across_strengths,True,False,27,5,0.5232168229610685,0.9266666666666665,0.4982323232323232,0.6797619047619048,0.7249417448138675,0.588997113997114,0.4902564102564102,0.209474011826953,0.23468533455745733,0.37952310217016094,-0.13594463081675356,-0.2807823984294572,0.14483776761270362
KEGG_BUTANOATE_METABOLISM,mixed_direction,20,pathway_scenario_draw_mean_across_strengths,True,False,27,5,0.173551049340523,0.6366666666666666,0.6829059829059829,0.8384615384615385,0.4051088580035948,0.7606837606837606,0.3508241758241758,0.16532428355957768,0.05428468217941901,0.595359477124183,0.35557490268016584,-0.18549989226459812,0.5410747949447641
KEGG_GLUTATHIONE_METABOLISM,mean_shift,1,pathway_scenario_draw_mean_across_strengths,False,False,35,6,0.18725065783889314,0.8061868686868685,0.6394300144300143,0.9150793650793649,0.49671876326288084,0.7772546897546897,0.14119339047499968,0.29803750382030314,0.35552537278788116,0.47921718593438656,0.28053592649180886,0.15684411334530346,0.1236918131465054
KEGG_GLUTATHIONE_METABOLISM,mean_shift,2,pathway_scenario_draw_mean_across_strengths,False,False,35,6,0.41894275315327945,0.807081807081807,1.0,0.39616420668314073,0.6130122801175433,0.6980821033415704,0.15688060812300164,0.4003688197767145,0.45613167199454163,0.2977132835648559,0.08506982322402712,0.24348821165371287,-0.15841838842968575
KEGG_GLUTATHIONE_METABOLISM,mean_shift,3,pathway_scenario_draw_mean_across_strengths,False,False,35,6,0.18004799859638568,0.6783910533910533,0.705764411027569,0.8819444444444445,0.4292195259937195,0.7938544277360068,0.12526476978809634,0.40483833375709805,0.3039547562056232,0.38901609397890874,0.3646349017422873,0.2795735639690017,0.08506133777328556
KEGG_GLUTATHIONE_METABOLISM,mean_shift,4,pathway_scenario_draw_mean_across_strengths,False,False,35,6,0.32017195767195766,0.7534722222222222,0.4615838005085317,0.7388528138528138,0.5368220899470899,0.6002183071806727,0.13382109635912884,0.19179248191667916,0.40300099358796104,0.4084258252639935,0.0633962172335828,0.057971385557550326,0.005424831676032471
KEGG_GLUTATHIONE_METABOLISM,mean_shift,5,pathway_scenario_draw_mean_across_strengths,False,False,35,6,0.35628192848020435,0.8378136200716845,0.5849161255411256,1.0,0.5970477742759444,0.7924580627705629,0.13996790027892125,0.29584163205921404,0.4570798739970231,0.4966164307113488,0.1954102884946185,0.1558737317802928,0.03953655671432571
KEGG_GLUTATHIONE_METABOLISM,mean_shift,6,pathway_scenario_draw_mean_across_strengths,False,False,35,6,0.5897759103641457,0.6796010596852112,0.6077020202020201,1.0,0.6346884850246785,0.8038510101010101,0.13991192177466685,0.20148249874465396,0.4947765632500116,0.6023685113563562,0.16916252507633167,0.061570576969987106,0.10759194810634454
KEGG_GLUTATHIONE_METABOLISM,mean_shift,7,pathway_scenario_draw_mean_across_strengths,False,False,35,6,0.7794612794612794,0.9305555555555555,0.5456419028999674,0.7150432900432899,0.8550084175084174,0.6303425964716287,0.14119339047499968,0.29803750382030314,0.7138150270334177,0.3323050926513256,-0.22466582103678867,0.15684411334530346,-0.38150993438209213
KEGG_GLUTATHIONE_METABOLISM,mean_shift,8,pathway_scenario_draw_mean_across_strengths,False,False,35,6,0.182406267104543,0.9107142857142857,0.8311688311688311,0.9583333333333334,0.5465602764094144,0.8947510822510822,0.13971252294021055,0.6146331738437001,0.4068477534692039,0.28011790840738215,0.34819080584166784,0.47492065090348956,-0.12672984506182172
KEGG_GLUTATHIONE_METABOLISM,mean_shift,9,pathway_scenario_draw_mean_across_strengths,False,False,35,6,0.5097402597402597,0.863131313131313,0.5444896238065119,0.7445454545454546,0.6864357864357864,0.6445175391759832,0.13186514156341744,0.45844210168414784,0.554570644872369,0.18607543749183536,-0.0419182472598032,0.3265769601207304,-0.3684952073805336
KEGG_GLUTATHIONE_METABOLISM,mean_shift,10,pathway_scenario_draw_mean_across_strengths,False,False,35,6,0.3455325140809012,0.8019841269841269,0.5441468253968254,0.8555555555555555,0.5737583205325141,0.6998511904761904,0.12409264851793589,0.3118599386953696,0.4496656720145782,0.3879912517808208,0.1260928699436763,0.1877672901774337,-0.06167442023375741
KEGG_GLUTATHIONE_METABOLISM,mean_shift,11,pathway_scenario_draw_mean_across_strengths,False,False,35,6,0.20069240795047247,0.8972222222222221,0.3852380952380952,0.9583333333333334,0.5489573150863473,0.6717857142857143,0.1402355360688694,0.39160475528229144,0.40872177901747786,0.2801809590034229,0.12282839919936706,0.25136921921342203,-0.12854082001405498
KEGG_GLUTATHIONE_METABOLISM,mean_shift,12,pathway_scenario_draw_mean_across_strengths,False,False,35,6,0.380192143747131,0.892156862745098,0.5157004830917874,0.9583333333333334,0.6361745032461145,0.7370169082125604,0.13971252294021055,0.6146331738437001,0.49646198030590394,0.1223837343688603,0.10084240496644592,0.47492065090348956,-0.37407824593704364
KEGG_GLUTATHIONE_METABOLISM,mean_shift,13,pathway_scenario_draw_mean_across_strengths,False,False,35,6,0.147999343436786,1.0,0.4072712418300653,0.6949707602339181,0.5739996717183931,0.5511210010319917,0.14416771500104833,0.29999479562651604,0.42983195671734475,0.25112620540547564,-0.02287867068640137,0.1558270806254677,-0.1787057513118691
KEGG_GLUTATHIONE_METABOLISM,mean_shift,14,pathway_scenario_draw_mean_across_strengths,False,False,35,6,0.18725065783889314,0.8061868686868685,0.6394300144300143,0.9150793650793649,0.49671876326288084,0.7772546897546897,0.1361908062888455,0.5909000398247709,0.36052795697403534,0.1863546499299188,0.28053592649180886,0.4547092335359254,-0.17417330704411654
KEGG_GLUTATHIONE_METABOLISM,mean_shift,15,pathway_scenario_draw_mean_across_strengths,False,False,35,6,0.3087752525252525,1.0,0.6146903820816864,0.9333333333333332,0.6543876262626263,0.7740118577075098,0.1391532849866183,0.17526927959665217,0.515234341276008,0.5987425781108576,0.11962423144488354,0.03611599461003387,0.08350823683484965
KEGG_GLUTATHIONE_METABOLISM,mean_shift,16,pathway_scenario_draw_mean_across_strengths,False,False,35,6,0.3087752525252525,1.0,0.6146903820816864,0.9333333333333332,0.6543876262626263,0.7740118577075098,0.12947352399685055,0.40005936123619,0.5249141022657757,0.3739524964713198,0.11962423144488354,0.2705858372393395,-0.15096160579445594
KEGG_GLUTATHIONE_METABOLISM,mean_shift,17,pathway_scenario_draw_mean_across_strengths,False,False,35,6,0.16932155657962109,0.9484126984126983,0.536075036075036,0.6769070010449321,0.5588671274961596,0.6064910185599841,0.12388189340521998,0.3167260279028567,0.43498523409093964,0.2897649906571274,0.047623891063824475,0.1928441344976367,-0.14522024343381223
KEGG_GLUTATHIONE_METABOLISM,mean_shift,18,pathway_scenario_draw_mean_across_strengths,False,False,35,6,0.26141390867197317,0.8486111111111111,0.7437037037037038,0.9761904761904762,0.5550125098915422,0.85994708994709,0.12460339412672068,0.6129862700228833,0.4304091157648215,0.2469608199242067,0.30493458005554785,0.48838287589616264,-0.18344829584061478
KEGG_GLUTATHIONE_METABOLISM,mean_shift,19,pathway_scenario_draw_mean_across_strengths,False,False,35,6,0.2920875420875421,0.8768115942028986,0.6611952861952862,1.0,0.5844495681452203,0.8305976430976432,0.14620602943371708,0.4013768842928435,0.43824353871150323,0.42922075880479965,0.24614807495242286,0.25517085485912644,-0.009022779906703582
KEGG_GLUTATHIONE_METABOLISM,mean_shift,20,pathway_scenario_draw_mean_across_strengths,False,False,35,6,0.26857841442687175,0.9484126984126983,0.7377136752136751,1.0,0.608495556419785,0.8688568376068375,0.15188786622187567,0.28786693810392167,0.45660769019790937,0.5809898995029159,0.2603612811870525,0.135979071882046,0.12438220930500654
KEGG_GLUTATHIONE_METABOLISM,cell_subset,1,pathway_scenario_draw_mean_across_strengths,False,False,35,6,0.3580758322137633,0.23401556776556776,0.11575961207905199,0.11628258995906056,0.29604569998966557,0.11602110101905627,0.14119339047499968,0.29803750382030314,0.1548523095146659,-0.18201640280124687,-0.1800245989706093,0.15684411334530346,-0.33686871231591275
KEGG_GLUTATHIONE_METABOLISM,cell_subset,2,pathway_scenario_draw_mean_across_strengths,False,False,35,6,0.17731258960841537,0.11778142342819946,0.2090122454705788,0.3335470085470085,0.1475470065183074,0.27127962700879366,0.15688060812300164,0.4003688197767145,-0.009333601604694236,-0.12908919276792086,0.12373262049048625,0.24348821165371287,-0.11975559116322662
KEGG_GLUTATHIONE_METABOLISM,cell_subset,3,pathway_scenario_draw_mean_across_strengths,False,False,35,6,0.3148859304773283,0.31882142911554673,0.37071960297766743,0.37454212454212454,0.3168536797964375,0.37263086375989596,0.12526476978809634,0.40483833375709805,0.1915889100083412,-0.03220746999720209,0.05577718396345843,0.2795735639690017,-0.22379638000554328
KEGG_GLUTATHIONE_METABOLISM,cell_subset,4,pathway_scenario_draw_mean_across_strengths,False,False,35,6,0.301910140834872,0.1396944114346075,0.3722147950089126,0.4304263212309189,0.22080227613473974,0.40132055811991574,0.13382109635912884,0.19179248191667916,0.0869811797756109,0.20952807620323657,0.180518281985176,0.057971385557550326,0.12254689642762567
KEGG_GLUTATHIONE_METABOLISM,cell_subset,5,pathway_scenario_draw_mean_across_strengths,False,False,35,6,0.17727501256913022,0.22299253034547153,0.4858197358197358,0.23083213083213086,0.20013377145730088,0.3583259333259333,0.13996790027892125,0.29584163205921404,0.060165871178379626,0.06248430126671928,0.15819216186863244,0.1558737317802928,0.0023184300883396514
KEGG_GLUTATHIONE_METABOLISM,cell_subset,6,pathway_scenario_draw_mean_across_strengths,False,False,35,6,0.1334346235674509,0.2501851851851852,0.1306540257110335,0.11708040513314348,0.19180990437631804,0.12386721542208848,0.13991192177466685,0.20148249874465396,0.05189798260165118,-0.07761528332256548,-0.06794268895422956,0.061570576969987106,-0.12951326592421666
KEGG_GLUTATHIONE_METABOLISM,cell_subset,7,pathway_scenario_draw_mean_across_strengths,False,False,35,6,0.17739253084080672,0.17523969086469085,0.2582933222164721,0.5101307189542483,0.1763161108527488,0.3842120205853602,0.14119339047499968,0.29803750382030314,0.035122720377749106,0.08617451676505705,0.2078959097326114,0.15684411334530346,0.051051796387307946
KEGG_GLUTATHIONE_METABOLISM,cell_subset,8,pathway_scenario_draw_mean_across_strengths,False,False,35,6,0.15622515477354185,0.28612770498135864,0.5918109668109668,0.4856718898385565,0.22117642987745023,0.5387414283247617,0.13971252294021055,0.6146331738437001,0.08146390693723968,-0.0758917455189384,0.31756499844731145,0.47492065090348956,-0.15735565245617808
KEGG_GLUTATHIONE_METABOLISM,cell_subset,9,pathway_scenario_draw_mean_across_strengths,False,False,35,6,0.32000713658322355,0.3482323232323232,0.43985042735042734,0.521784345922277,0.3341197299077734,0.48081738663635215,0.13186514156341744,0.45844210168414784,0.20225458834435595,0.02237528495220431,0.14669765672857876,0.3265769601207304,-0.17987930339215163
KEGG_GLUTATHIONE_METABOLISM,cell_subset,10,pathway_scenario_draw_mean_across_strengths,False,False,35,6,0.5379464285714285,0.47626262626262617,0.3023300229182582,0.4448502886002885,0.5071045274170274,0.37359015575927335,0.12409264851793589,0.3118599386953696,0.3830118788990915,0.06173021706390375,-0.13351437165775404,0.1877672901774337,-0.32128166183518775
KEGG_GLUTATHIONE_METABOLISM,cell_subset,11,pathway_scenario_draw_mean_across_strengths,False,False,35,6,0.36697727224043014,0.40611772486772485,0.3875661375661375,0.30744206530819795,0.3865474985540775,0.3475041014371677,0.1402355360688694,0.39160475528229144,0.2463119624852081,-0.04410065384512374,-0.039043397116909795,0.25136921921342203,-0.29041261633033183
KEGG_GLUTATHIONE_METABOLISM,cell_subset,12,pathway_scenario_draw_mean_across_strengths,False,False,35,6,0.2939699792960662,0.22102292768959433,0.5637566137566138,0.4991060025542784,0.2574964534928303,0.531431308155446,0.13971252294021055,0.6146331738437001,0.11778393055261974,-0.08320186568825405,0.27393485466261575,0.47492065090348956,-0.2009857962408738
KEGG_GLUTATHIONE_METABOLISM,cell_subset,13,pathway_scenario_draw_mean_across_strengths,False,False,35,6,0.26777170198222827,0.15037897668598446,0.16275252525252526,0.11153666594843066,0.20907533933410638,0.13714459560047795,0.14416771500104833,0.29999479562651604,0.06490762433305805,-0.1628502000260381,-0.07193074373362843,0.1558270806254677,-0.22775782435909614
KEGG_GLUTATHIONE_METABOLISM,cell_subset,14,pathway_scenario_draw_mean_across_strengths,False,False,35,6,0.32099049300136256,0.5260466988727859,0.6805555555555557,0.5332722832722833,0.4235185959370742,0.6069139194139195,0.1361908062888455,0.5909000398247709,0.2873277896482287,0.016013879589148572,0.18339532347684528,0.4547092335359254,-0.2713139100590801
KEGG_GLUTATHIONE_METABOLISM,cell_subset,15,pathway_scenario_draw_mean_across_strengths,False,False,35,6,0.11723052028410497,0.25346103172190126,0.24981661856661855,0.2259553020540174,0.18534577600300312,0.23788596031031797,0.1391532849866183,0.17526927959665217,0.04619249101638481,0.0626166807136658,0.05254018430731486,0.03611599461003387,0.01642418969728099
KEGG_GLUTATHIONE_METABOLISM,cell_subset,16,pathway_scenario_draw_mean_across_strengths,False,False,35,6,0.15192750797589505,0.1827769452769453,0.27828981054787505,0.3909671914742909,0.1673522266264202,0.334628501011083,0.12947352399685055,0.40005936123619,0.03787870262956963,-0.06543086022510702,0.1672762743846628,0.2705858372393395,-0.10330956285467666
KEGG_GLUTATHIONE_METABOLISM,cell_subset,17,pathway_scenario_draw_mean_across_strengths,False,False,35,6,0.1560115425480537,0.19708959622752728,0.2550704085186844,0.4873889726830904,0.17655056938779048,0.3712296906008874,0.12388189340521998,0.3167260279028567,0.05266867598257051,0.0545036626980307,0.1946791212130969,0.1928441344976367,0.0018349867154601879
KEGG_GLUTATHIONE_METABOLISM,cell_subset,18,pathway_scenario_draw_mean_across_strengths,False,False,35,6,0.1133544449886279,0.32806172585584353,0.5041786916786916,0.6594622697563873,0.22070808542223572,0.5818204807175394,0.12460339412672068,0.6129862700228833,0.09610469129551504,-0.03116578930534386,0.3611123952953037,0.48838287589616264,-0.12727048060085888
KEGG_GLUTATHIONE_METABOLISM,cell_subset,19,pathway_scenario_draw_mean_across_strengths,False,False,35,6,0.128003848003848,0.3186091573515509,0.44413580246913575,0.33368636194723145,0.22330650267769944,0.3889110822081836,0.14620602943371708,0.4013768842928435,0.07710047324398236,-0.012465802084659916,0.16560457953048416,0.25517085485912644,-0.08956627532864228
KEGG_GLUTATHIONE_METABOLISM,cell_subset,20,pathway_scenario_draw_mean_across_strengths,False,False,35,6,0.34094794094794095,0.19869067713895297,0.2104428960965464,0.267885623148781,0.269819309043447,0.2391642596226637,0.15188786622187567,0.28786693810392167,0.11793144282157131,-0.04870267848125798,-0.030655049420783287,0.135979071882046,-0.16663412130282929
KEGG_GLUTATHIONE_METABOLISM,mixed_direction,1,pathway_scenario_draw_mean_across_strengths,True,False,35,6,0.22654106546579666,0.5793332027168233,0.5877976190476191,0.6014139755519066,0.40293713409131,0.5946057972997628,0.14119339047499968,0.29803750382030314,0.2617437436163103,0.2965682934794597,0.19166866320845283,0.15684411334530346,0.03482454986314937
KEGG_GLUTATHIONE_METABOLISM,mixed_direction,2,pathway_scenario_draw_mean_across_strengths,True,False,35,6,0.20545893771700222,0.7428985507246377,0.4655703660774655,0.5247023809523809,0.47417874422081996,0.4951363735149232,0.15688060812300164,0.4003688197767145,0.3172981360978183,0.09476755373820867,0.02095762929410322,0.24348821165371287,-0.22253058235960965
KEGG_GLUTATHIONE_METABOLISM,mixed_direction,3,pathway_scenario_draw_mean_across_strengths,True,False,35,6,0.32469439883232987,0.8592592592592592,0.5927843803056027,0.6112121212121212,0.5919768290457945,0.6019982507588619,0.12526476978809634,0.40483833375709805,0.4667120592576982,0.19715991700176388,0.010021421713067413,0.2795735639690017,-0.2695521422559343
KEGG_GLUTATHIONE_METABOLISM,mixed_direction,4,pathway_scenario_draw_mean_across_strengths,True,False,35,6,0.2158728308728309,0.3594155844155844,0.6270655270655271,0.4269790962361956,0.2876442076442077,0.5270223116508613,0.13382109635912884,0.19179248191667916,0.15382311128507883,0.33522982973418214,0.23937810400665366,0.057971385557550326,0.1814067184491033
KEGG_GLUTATHIONE_METABOLISM,mixed_direction,5,pathway_scenario_draw_mean_across_strengths,True,False,35,6,0.4916666666666667,0.7296296296296295,0.37939814814814815,0.6869889369889369,0.610648148148148,0.5331935425685426,0.13996790027892125,0.29584163205921404,0.4706802478692268,0.23735191050932852,-0.07745460557960548,0.1558737317802928,-0.23332833735989827
KEGG_GLUTATHIONE_METABOLISM,mixed_direction,6,pathway_scenario_draw_mean_across_strengths,True,False,35,6,0.43550260126347085,0.593860229276896,0.24155593510432224,0.6351001939237233,0.5146814152701834,0.4383280645140228,0.13991192177466685,0.20148249874465396,0.3747694934955166,0.23684556576936883,-0.07635335075616062,0.061570576969987106,-0.13792392772614775
KEGG_GLUTATHIONE_METABOLISM,mixed_direction,7,pathway_scenario_draw_mean_across_strengths,True,False,35,6,0.4537330798317951,0.7404761904761904,0.3648503442514331,0.7378787878787879,0.5971046351539928,0.5513645660651105,0.14119339047499968,0.29803750382030314,0.45591124467899313,0.2533270622448074,-0.045740069088882285,0.15684411334530346,-0.20258418243418574
KEGG_GLUTATHIONE_METABOLISM,mixed_direction,8,pathway_scenario_draw_mean_across_strengths,True,False,35,6,0.1848945577098978,0.6969696969696969,0.40277777777777785,0.6240740740740741,0.44093212733979736,0.513425925925926,0.13971252294021055,0.6146331738437001,0.30121960439958684,-0.10120724791777413,0.07249379858612859,0.47492065090348956,-0.402426852317361
KEGG_GLUTATHIONE_METABOLISM,mixed_direction,9,pathway_scenario_draw_mean_across_strengths,True,False,35,6,0.623015873015873,0.6063321385902031,0.49271585827313374,0.7889822595704947,0.614674005803038,0.6408490589218142,0.13186514156341744,0.45844210168414784,0.48280886423962055,0.18240695723766637,0.026175053118776215,0.3265769601207304,-0.3004019070019542
KEGG_GLUTATHIONE_METABOLISM,mixed_direction,10,pathway_scenario_draw_mean_across_strengths,True,False,35,6,0.14642114421526187,0.7314814814814814,0.6132275132275132,0.7621212121212121,0.43895131284837163,0.6876743626743627,0.12409264851793589,0.3118599386953696,0.31485866433043574,0.37581442397899306,0.24872304982599103,0.1877672901774337,0.06095575964855732
KEGG_GLUTATHIONE_METABOLISM,mixed_direction,11,pathway_scenario_draw_mean_across_strengths,True,False,35,6,0.3202552437392255,0.6103059581320451,0.5182958618442489,0.6470899470899472,0.4652806009356353,0.5826929044670981,0.1402355360688694,0.39160475528229144,0.3250450648667659,0.19108814918480665,0.11741230353146281,0.25136921921342203,-0.13395691568195922
KEGG_GLUTATHIONE_METABOLISM,mixed_direction,12,pathway_scenario_draw_mean_across_strengths,True,False,35,6,0.20163295146937107,0.6089832068092939,0.4494057316637961,0.5160466988727858,0.4053080791393325,0.48272621526829096,0.13971252294021055,0.6146331738437001,0.2655955561991219,-0.13190695857540913,0.07741813612895848,0.47492065090348956,-0.397502514774531
KEGG_GLUTATHIONE_METABOLISM,mixed_direction,13,pathway_scenario_draw_mean_across_strengths,True,False,35,6,0.3110105580693816,0.7797008547008547,0.30700518285855716,0.6067927170868347,0.5453557063851182,0.4568989499726959,0.14416771500104833,0.29999479562651604,0.4011879913840699,0.15690415434617988,-0.08845675641242229,0.1558270806254677,-0.24428383703789003
KEGG_GLUTATHIONE_METABOLISM,mixed_direction,14,pathway_scenario_draw_mean_across_strengths,True,False,35,6,0.12871764574663125,0.5983585858585859,0.5169317397578267,0.5225885225885226,0.3635381158026086,0.5197601311731747,0.1361908062888455,0.5909000398247709,0.22734730951376309,-0.07113990865159625,0.15622201537056607,0.4547092335359254,-0.29848721816535934
KEGG_GLUTATHIONE_METABOLISM,mixed_direction,15,pathway_scenario_draw_mean_across_strengths,True,False,35,6,0.3592592592592592,0.6888740344622697,0.6152777777777777,0.6111997164628743,0.5240666468607644,0.613238747120326,0.1391532849866183,0.17526927959665217,0.38491336187414615,0.4379694675236738,0.08917210025956157,0.03611599461003387,0.053056105649527674
KEGG_GLUTATHIONE_METABOLISM,mixed_direction,16,pathway_scenario_draw_mean_across_strengths,True,False,35,6,0.4081398987312965,0.6128787878787879,0.4806549659490836,0.6259530167576145,0.5105093433050423,0.5533039913533491,0.12947352399685055,0.40005936123619,0.38103581930819175,0.15324463011715905,0.042794648048306794,0.2705858372393395,-0.2277911891910327
KEGG_GLUTATHIONE_METABOLISM,mixed_direction,17,pathway_scenario_draw_mean_across_strengths,True,False,35,6,0.3378411306042885,0.7278074866310159,0.49898848428260184,0.5859169878777721,0.5328243086176522,0.542452736080187,0.12388189340521998,0.3167260279028567,0.4089424152124322,0.22572670817733026,0.009628427462534783,0.1928441344976367,-0.18321570703510193
KEGG_GLUTATHIONE_METABOLISM,mixed_direction,18,pathway_scenario_draw_mean_across_strengths,True,False,35,6,0.47133190883190884,0.6365277777777778,0.14488129154795823,0.769017094017094,0.5539298433048433,0.4569491927825261,0.12460339412672068,0.6129862700228833,0.4293264491781226,-0.1560370772403572,-0.09698065052231719,0.48838287589616264,-0.5853635264184798
KEGG_GLUTATHIONE_METABOLISM,mixed_direction,19,pathway_scenario_draw_mean_across_strengths,True,False,35,6,0.23086820586820586,0.8092592592592592,0.3716065592903828,0.6651812240047534,0.5200637325637325,0.5183938916475681,0.14620602943371708,0.4013768842928435,0.37385770313001543,0.11701700735472459,-0.0016698409161644001,0.25517085485912644,-0.25684069577529084
KEGG_GLUTATHIONE_METABOLISM,mixed_direction,20,pathway_scenario_draw_mean_across_strengths,True,False,35,6,0.47704801218733106,0.6905228758169933,0.30608943779858316,0.39776340996168585,0.5837854440021621,0.3519264238801345,0.15188786622187567,0.28786693810392167,0.4318975777802865,0.06405948577621284,-0.23185902012202764,0.135979071882046,-0.36783809200407364
KEGG_GLYCOLYSIS_GLUCONEOGENESIS,mean_shift,1,pathway_scenario_draw_mean_across_strengths,False,False,42,7,0.6666666666666666,0.9478458049886621,0.5676890955528726,0.8019047619047619,0.8072562358276644,0.6847969287288173,0.22102889936462392,0.4435254803675857,0.5862273364630405,0.24127144836123154,-0.12245930709884711,0.2224965810029618,-0.34495588810180894
KEGG_GLYCOLYSIS_GLUCONEOGENESIS,mean_shift,2,pathway_scenario_draw_mean_across_strengths,False,False,42,7,0.6426445578231293,0.9093537414965985,0.3227216518691173,0.7404761904761904,0.7759991496598639,0.5315989211726538,0.1509106447262454,0.6925170068027212,0.6250885049336186,-0.16091808563006738,-0.2444002284872101,0.5416063620764758,-0.7860065905636859
KEGG_GLYCOLYSIS_GLUCONEOGENESIS,mean_shift,3,pathway_scenario_draw_mean_across_strengths,False,False,42,7,0.5274881659118112,0.9682539682539683,0.40450536687470484,0.8754251700680271,0.7478710670828898,0.6399652684713659,0.5204741290455576,0.3175177763413057,0.22739693803733219,0.32244749213006024,-0.10790579861152383,-0.20295635270425189,0.09505055409272806
KEGG_GLYCOLYSIS_GLUCONEOGENESIS,mean_shift,4,pathway_scenario_draw_mean_across_strengths,False,False,42,7,0.31839351125065407,0.9682539682539683,0.42656738371024083,0.6857397504456327,0.6433237397523112,0.5561535670779367,0.5650872244490436,0.18000663153250504,0.07823651530326758,0.37614693554543166,-0.08717017267437444,-0.3850805929165385,0.2979104202421641
KEGG_GLYCOLYSIS_GLUCONEOGENESIS,mean_shift,5,pathway_scenario_draw_mean_across_strengths,False,False,42,7,0.43926314232786934,0.9571428571428572,0.21742963914771662,0.6907536907536908,0.6982029997353633,0.4540916649507037,0.2410102252283027,0.3215440256957093,0.45719277450706053,0.1325476392549944,-0.24411133478465957,0.08053380046740657,-0.3246451352520661
KEGG_GLYCOLYSIS_GLUCONEOGENESIS,mean_shift,6,pathway_scenario_draw_mean_across_strengths,False,False,42,7,0.5300493881763231,0.9821428571428571,0.7242971559333116,0.9276437847866419,0.7560961226595901,0.8259704703599767,0.32116895538703283,0.3983649600190953,0.4349271672725573,0.4276055103408814,0.06987434770038659,0.0771960046320625,-0.007321656931675913
KEGG_GLYCOLYSIS_GLUCONEOGENESIS,mean_shift,7,pathway_scenario_draw_mean_across_strengths,False,False,42,7,0.1930324614535141,0.9200680272108842,0.7729154903067946,0.7656633906633906,0.5565502443321991,0.7692894404850926,0.3039307618640096,0.26178664448235434,0.25261948246818955,0.5075027960027383,0.2127391961528935,-0.042144117381655244,0.25488331353454874
KEGG_GLYCOLYSIS_GLUCONEOGENESIS,mean_shift,8,pathway_scenario_draw_mean_across_strengths,False,False,42,7,0.5743997487760399,1.0,0.4540810913224706,0.6936507936507936,0.78719987438802,0.5738659424866321,0.49625171576391086,0.4448067632850242,0.2909481586241091,0.12905917920160792,-0.21333393190138783,-0.05144495247888664,-0.1618889794225012
KEGG_GLYCOLYSIS_GLUCONEOGENESIS,mean_shift,9,pathway_scenario_draw_mean_across_strengths,False,False,42,7,0.606235827664399,0.8941798941798942,0.7667124542124543,1.0,0.7502078609221465,0.8833562271062272,0.31287737081061856,0.5151927437641723,0.43733049011152797,0.36816348334205484,0.13314836618408066,0.20231537295355378,-0.06916700676947313
KEGG_GLYCOLYSIS_GLUCONEOGENESIS,mean_shift,10,pathway_scenario_draw_mean_across_strengths,False,False,42,7,0.29002267573696144,0.7318260637588369,0.5817953508727635,0.8063725490196079,0.5109243697478991,0.6940839499461857,0.32442795299938154,0.44809000523286224,0.18649641674851758,0.24599394471332348,0.1831595801982866,0.1236620522334807,0.059497527964805896
KEGG_GLYCOLYSIS_GLUCONEOGENESIS,mean_shift,11,pathway_scenario_draw_mean_across_strengths,False,False,42,7,0.5653769841269841,0.9478458049886621,0.7740601503759398,0.9478458049886621,0.7566113945578231,0.860952977682301,0.29234360410830995,0.3156146669193993,0.46426779044951316,0.5453383107629016,0.10434158312447783,0.02327106281108937,0.08107052031338846
KEGG_GLYCOLYSIS_GLUCONEOGENESIS,mean_shift,12,pathway_scenario_draw_mean_across_strengths,False,False,42,7,0.7075702075702076,1.0,0.5297226582940868,1.0,0.8537851037851039,0.7648613291470434,0.36317606125968493,0.3711265882871366,0.4906090425254189,0.3937347408599068,-0.08892377463806045,0.007950527027451693,-0.09687430166551214
KEGG_GLYCOLYSIS_GLUCONEOGENESIS,mean_shift,13,pathway_scenario_draw_mean_across_strengths,False,False,42,7,0.8971428571428571,0.9093537414965985,0.46039565251387915,0.9025974025974026,0.9032482993197278,0.6814965275556408,0.31398268398268403,0.4269960615825278,0.5892656153370438,0.25450046597311304,-0.221751771764087,0.11301337759984376,-0.33476514936393076
KEGG_GLYCOLYSIS_GLUCONEOGENESIS,mean_shift,14,pathway_scenario_draw_mean_across_strengths,False,False,42,7,0.5204881952781112,0.7177885189163385,0.5504993219278933,0.9821428571428571,0.6191383570972249,0.7663210895353751,0.44388948561880887,0.35177779613869836,0.175248871478416,0.4145432933966768,0.14718273243815028,-0.0921116894801105,0.23929442191826078
KEGG_GLYCOLYSIS_GLUCONEOGENESIS,mean_shift,15,pathway_scenario_draw_mean_across_strengths,False,False,42,7,0.770439084724799,0.961734693877551,0.4817105896053265,0.869047619047619,0.8660868893011751,0.6753791043264727,0.3632978550271783,0.23197355865423094,0.5027890342739967,0.4434055456722418,-0.1907077849747023,-0.13132429637294737,-0.05938348860175491
KEGG_GLYCOLYSIS_GLUCONEOGENESIS,mean_shift,16,pathway_scenario_draw_mean_across_strengths,False,False,42,7,0.37069160997732425,0.9340659340659341,0.7976190476190476,0.776984126984127,0.6523787720216292,0.7873015873015873,0.3387426515321576,0.30471669099488646,0.3136361204894716,0.4825848963067008,0.13492281527995809,-0.03402596053727114,0.16894877581722922
KEGG_GLYCOLYSIS_GLUCONEOGENESIS,mean_shift,17,pathway_scenario_draw_mean_across_strengths,False,False,42,7,0.31118502806564424,0.9821428571428571,0.6261276956398908,0.9285714285714286,0.6466639426042506,0.7773495621056596,0.2234196708986625,0.7326585695006748,0.42324427170558815,0.04469099260498488,0.130685619501409,0.5092388986020122,-0.37855327910060327
KEGG_GLYCOLYSIS_GLUCONEOGENESIS,mean_shift,18,pathway_scenario_draw_mean_across_strengths,False,False,42,7,0.28430461627466236,0.8684807256235827,0.44356988938269726,0.8956043956043956,0.5763926709491225,0.6695871424935464,0.24062696849074558,0.371960958296362,0.3357657024583769,0.29762618419718445,0.09319447154442395,0.13133398980561642,-0.03813951826119244
KEGG_GLYCOLYSIS_GLUCONEOGENESIS,mean_shift,19,pathway_scenario_draw_mean_across_strengths,False,False,42,7,0.4047152194211017,0.5546642899584077,0.5657322352444304,0.9480519480519481,0.4796897546897547,0.7568920916481893,0.6996598639455781,0.21058552975846206,-0.2199701092558234,0.5463065618897271,0.27720233695843455,-0.48907433418711604,0.7662766711455505
KEGG_GLYCOLYSIS_GLUCONEOGENESIS,mean_shift,20,pathway_scenario_draw_mean_across_strengths,False,False,42,7,0.7724489795918367,0.765079365079365,0.6108018965161822,0.801903453689168,0.7687641723356009,0.7063526751026752,0.44539682539682535,0.22531749541922033,0.32336734693877556,0.4810351796834549,-0.06241149723292572,-0.22007932997760501,0.15766783274467933
KEGG_GLYCOLYSIS_GLUCONEOGENESIS,cell_subset,1,pathway_scenario_draw_mean_across_strengths,False,False,42,7,0.32550264550264546,0.21691926770708284,0.23975279106858058,0.16914251527901866,0.27121095660486416,0.20444765317379962,0.22102889936462392,0.4435254803675857,0.050182057240240246,-0.2390778271937861,-0.06676330343106454,0.2224965810029618,-0.28925988443402634
KEGG_GLYCOLYSIS_GLUCONEOGENESIS,cell_subset,2,pathway_scenario_draw_mean_across_strengths,False,False,42,7,0.19448253370533716,0.3665291915291915,0.37158119658119654,0.24804362304362307,0.28050586261726435,0.3098124098124098,0.1509106447262454,0.6925170068027212,0.12959521789101894,-0.3827045969903114,0.02930654719514547,0.5416063620764758,-0.5122998148813304
KEGG_GLYCOLYSIS_GLUCONEOGENESIS,cell_subset,3,pathway_scenario_draw_mean_across_strengths,False,False,42,7,0.29879336349924585,0.36308471222264327,0.3981147336983573,0.36900305576776166,0.3309390378609446,0.3835588947330595,0.5204741290455576,0.3175177763413057,-0.18953509118461298,0.0660411183917538,0.0526198568721149,-0.20295635270425189,0.2555762095763668
KEGG_GLYCOLYSIS_GLUCONEOGENESIS,cell_subset,4,pathway_scenario_draw_mean_across_strengths,False,False,42,7,0.48201994084347016,0.4572659483373768,0.1200920721634495,0.16424470266575528,0.4696429445904235,0.1421683874146024,0.5650872244490436,0.18000663153250504,-0.09544427985862008,-0.03783824411790265,-0.3274745571758211,-0.3850805929165385,0.05760603574071743
KEGG_GLYCOLYSIS_GLUCONEOGENESIS,cell_subset,5,pathway_scenario_draw_mean_across_strengths,False,False,42,7,0.330681751608832,0.2623260026621371,0.20736832611832612,0.43953427524856087,0.29650387713548454,0.3234513006834435,0.2410102252283027,0.3215440256957093,0.055493651907181835,0.001907274987734242,0.026947423547958982,0.08053380046740657,-0.05358637691944759
KEGG_GLYCOLYSIS_GLUCONEOGENESIS,cell_subset,6,pathway_scenario_draw_mean_across_strengths,False,False,42,7,0.2810139573070608,0.20099012476326125,0.2003071683218742,0.2758268824771288,0.24100204103516104,0.23806702539950148,0.32116895538703283,0.3983649600190953,-0.08016691435187179,-0.16029793461959385,-0.002935015635659566,0.0771960046320625,-0.08013102026772206
KEGG_GLYCOLYSIS_GLUCONEOGENESIS,cell_subset,7,pathway_scenario_draw_mean_across_strengths,False,False,42,7,0.20109924918287286,0.1969546840190004,0.48531024531024525,0.3808903479710933,0.19902696660093663,0.4331002966406693,0.3039307618640096,0.26178664448235434,-0.10490379526307295,0.17131365215831496,0.23407333003973266,-0.042144117381655244,0.2762174474213879
KEGG_GLYCOLYSIS_GLUCONEOGENESIS,cell_subset,8,pathway_scenario_draw_mean_across_strengths,False,False,42,7,0.48673469387755103,0.5552968373090325,0.3046382189239332,0.36306818181818173,0.5210157655932918,0.3338532003710575,0.49625171576391086,0.4448067632850242,0.024764049829380907,-0.11095356291396674,-0.1871625652222343,-0.05144495247888664,-0.13571761274334765
KEGG_GLYCOLYSIS_GLUCONEOGENESIS,cell_subset,9,pathway_scenario_draw_mean_across_strengths,False,False,42,7,0.18824805284432614,0.48159983291562236,0.43636363636363634,0.48650793650793656,0.33492394287997423,0.4614357864357864,0.31287737081061856,0.5151927437641723,0.022046572069355674,-0.053756957328385924,0.1265118435558122,0.20231537295355378,-0.0758035293977416
KEGG_GLYCOLYSIS_GLUCONEOGENESIS,cell_subset,10,pathway_scenario_draw_mean_across_strengths,False,False,42,7,0.31574065032711646,0.3790277777777777,0.21085799121513407,0.28450764921353155,0.34738421405244707,0.2476828202143328,0.32442795299938154,0.44809000523286224,0.02295626105306553,-0.20040718501852944,-0.09970139383811427,0.1236620522334807,-0.22336344607159497
KEGG_GLYCOLYSIS_GLUCONEOGENESIS,cell_subset,11,pathway_scenario_draw_mean_across_strengths,False,False,42,7,0.33935786435786436,0.3470957613814756,0.12779687588049957,0.10985890136351177,0.34322681286966994,0.11882788862200566,0.29234360410830995,0.3156146669193993,0.05088320876135999,-0.19678677829739366,-0.22439892424766428,0.02327106281108937,-0.24766998705875365
KEGG_GLYCOLYSIS_GLUCONEOGENESIS,cell_subset,12,pathway_scenario_draw_mean_across_strengths,False,False,42,7,0.5618380685607576,0.6363636363636365,0.2919773708009002,0.2202438352814293,0.599100852462197,0.25611060304116473,0.36317606125968493,0.3711265882871366,0.23592479120251209,-0.1150159852459719,-0.3429902494210323,0.007950527027451693,-0.350940776448484
KEGG_GLYCOLYSIS_GLUCONEOGENESIS,cell_subset,13,pathway_scenario_draw_mean_across_strengths,False,False,42,7,0.23981765783236372,0.20260670057496682,0.458968850698174,0.7214285714285714,0.22121217920366526,0.5901987110633727,0.31398268398268403,0.4269960615825278,-0.09277050477901877,0.16320264948084495,0.3689865318597075,0.11301337759984376,0.2559731542598637
KEGG_GLYCOLYSIS_GLUCONEOGENESIS,cell_subset,14,pathway_scenario_draw_mean_across_strengths,False,False,42,7,0.5718281718281718,0.4276515151515151,0.13388382050127878,0.12362716648430935,0.49973984348984346,0.12875549349279408,0.44388948561880887,0.35177779613869836,0.055850357871034595,-0.22302230264590428,-0.3709843499970494,-0.0921116894801105,-0.2788726605169389
KEGG_GLYCOLYSIS_GLUCONEOGENESIS,cell_subset,15,pathway_scenario_draw_mean_across_strengths,False,False,42,7,0.24747854484696588,0.3376293857130094,0.3364498790969379,0.54004329004329,0.2925539652799876,0.43824658457011395,0.3632978550271783,0.23197355865423094,-0.0707438897471907,0.206273025915883,0.14569261929012634,-0.13132429637294737,0.27701691566307374
KEGG_GLYCOLYSIS_GLUCONEOGENESIS,cell_subset,16,pathway_scenario_draw_mean_across_strengths,False,False,42,7,0.4322215319180588,0.40184605381260996,0.1726746568579046,0.6413003663003662,0.4170337928653344,0.40698751157913543,0.3387426515321576,0.30471669099488646,0.07829114133317677,0.10227082058424897,-0.010046281286198944,-0.03402596053727114,0.023979679251072195
KEGG_GLYCOLYSIS_GLUCONEOGENESIS,cell_subset,17,pathway_scenario_draw_mean_across_strengths,False,False,42,7,0.4171423641920536,0.3145643000007326,0.28081449971292866,0.6321036106750393,0.3658533320963931,0.456459055193984,0.2234196708986625,0.7326585695006748,0.1424336611977306,-0.27619951430669076,0.0906057230975909,0.5092388986020122,-0.41863317550442136
KEGG_GLYCOLYSIS_GLUCONEOGENESIS,cell_subset,18,pathway_scenario_draw_mean_across_strengths,False,False,42,7,0.2418889668889669,0.42582417582417575,0.6091269841269841,0.5335295656724228,0.3338565713565713,0.5713282748997035,0.24062696849074558,0.371960958296362,0.09322960286582574,0.1993673166033415,0.23747170354313218,0.13133398980561642,0.10613771373751577
KEGG_GLYCOLYSIS_GLUCONEOGENESIS,cell_subset,19,pathway_scenario_draw_mean_across_strengths,False,False,42,7,0.361531279178338,0.32298287933717973,0.378708110385129,0.1936559406371244,0.34225707925775883,0.2861820255111267,0.6996598639455781,0.21058552975846206,-0.3574027846878193,0.07559649575266464,-0.05607505374663213,-0.48907433418711604,0.4329992804404839
KEGG_GLYCOLYSIS_GLUCONEOGENESIS,cell_subset,20,pathway_scenario_draw_mean_across_strengths,False,False,42,7,0.31915372986801555,0.4523796351844734,0.3790276794478475,0.25387640314110904,0.38576668252624446,0.31645204129447824,0.44539682539682535,0.22531749541922033,-0.05963014287058088,0.0911345458752579,-0.06931464123176623,-0.22007932997760501,0.1507646887458388
KEGG_GLYCOLYSIS_GLUCONEOGENESIS,mixed_direction,1,pathway_scenario_draw_mean_across_strengths,True,False,42,7,0.5728647014361299,0.8883928571428571,0.19368407281941116,0.5058702268786303,0.7306287792894934,0.3497771498490207,0.22102889936462392,0.4435254803675857,0.5095998799248695,-0.09374833051856502,-0.38085162944047274,0.2224965810029618,-0.6033482104434346
KEGG_GLYCOLYSIS_GLUCONEOGENESIS,mixed_direction,2,pathway_scenario_draw_mean_across_strengths,True,False,42,7,0.5905882352941176,0.7153552330022918,0.12851244234430761,0.6421542987904544,0.6529717341482046,0.385333370567381,0.1509106447262454,0.6925170068027212,0.5020610894219593,-0.30718363623534023,-0.26763836358082366,0.5416063620764758,-0.8092447256572994
KEGG_GLYCOLYSIS_GLUCONEOGENESIS,mixed_direction,3,pathway_scenario_draw_mean_across_strengths,True,False,42,7,0.46089466089466086,0.717032967032967,0.21217489622490646,0.6852607709750567,0.5889638139638139,0.4487178335999816,0.5204741290455576,0.3175177763413057,0.06848968491825635,0.1312000572586759,-0.14024598036383235,-0.20295635270425189,0.06271037234041954
KEGG_GLYCOLYSIS_GLUCONEOGENESIS,mixed_direction,4,pathway_scenario_draw_mean_across_strengths,True,False,42,7,0.4984457829954724,0.5836940836940838,0.4229373567608861,0.7555711939948393,0.5410699333447782,0.5892542753778627,0.5650872244490436,0.18000663153250504,-0.024017291104265426,0.4092476438453576,0.048184342033084526,-0.3850805929165385,0.43326493494962304
KEGG_GLYCOLYSIS_GLUCONEOGENESIS,mixed_direction,5,pathway_scenario_draw_mean_across_strengths,True,False,42,7,0.554040404040404,0.7374149659863944,0.7015527950310559,0.6182382043726581,0.6457276850133993,0.659895499701857,0.2410102252283027,0.3215440256957093,0.40471745978509654,0.33835147400614773,0.014167814688457736,0.08053380046740657,-0.06636598577894881
KEGG_GLYCOLYSIS_GLUCONEOGENESIS,mixed_direction,6,pathway_scenario_draw_mean_across_strengths,True,False,42,7,0.2597959761378052,0.6365211365211366,0.3295489740611692,0.744047619047619,0.4481585563294709,0.536798296554394,0.32116895538703283,0.3983649600190953,0.12698960094243805,0.1384333365352987,0.08863974022492316,0.0771960046320625,0.01144373559286066
KEGG_GLYCOLYSIS_GLUCONEOGENESIS,mixed_direction,7,pathway_scenario_draw_mean_across_strengths,True,False,42,7,0.3653934300993124,0.6187363834422658,0.5474195447409732,0.9004329004329005,0.49206490677078907,0.7239262225869368,0.3039307618640096,0.26178664448235434,0.1881341449067795,0.4621395781045825,0.23186131581614777,-0.042144117381655244,0.274005433197803
KEGG_GLYCOLYSIS_GLUCONEOGENESIS,mixed_direction,8,pathway_scenario_draw_mean_across_strengths,True,False,42,7,0.4575298235236123,0.4356732348111659,0.19929043387690007,0.7042091836734693,0.4466015291673891,0.45174980877518467,0.49625171576391086,0.4448067632850242,-0.04965018659652176,0.006943045490160449,0.0051482796077955695,-0.05144495247888664,0.05659323208668221
KEGG_GLYCOLYSIS_GLUCONEOGENESIS,mixed_direction,9,pathway_scenario_draw_mean_across_strengths,True,False,42,7,0.2861384904839128,0.7743097238895559,0.7780612244897959,0.7163009404388714,0.5302241071867344,0.7471810824643337,0.31287737081061856,0.5151927437641723,0.21734673637611585,0.23198833870016133,0.21695697527759927,0.20231537295355378,0.014641602324045488
KEGG_GLYCOLYSIS_GLUCONEOGENESIS,mixed_direction,10,pathway_scenario_draw_mean_across_strengths,True,False,42,7,0.6506226053639848,0.6630647130647132,0.13227207938161284,0.48523628245126943,0.656843659214349,0.30875418091644113,0.32442795299938154,0.44809000523286224,0.3324157062149674,-0.1393358243164211,-0.3480894782979078,0.1236620522334807,-0.4717515305313885
KEGG_GLYCOLYSIS_GLUCONEOGENESIS,mixed_direction,11,pathway_scenario_draw_mean_across_strengths,True,False,42,7,0.41250808015513896,0.48911080790780037,0.3074186915955548,0.7651222651222652,0.45080944403146966,0.5362704783589101,0.29234360410830995,0.3156146669193993,0.1584658399231597,0.22065581143951074,0.0854610343274404,0.02327106281108937,0.06218997151635103
KEGG_GLYCOLYSIS_GLUCONEOGENESIS,mixed_direction,12,pathway_scenario_draw_mean_across_strengths,True,False,42,7,0.7479853479853479,0.6200711053652231,0.27597352075412585,0.7180410375532327,0.6840282266752855,0.49700727915367926,0.36317606125968493,0.3711265882871366,0.3208521654156006,0.12588069086654263,-0.18702094752160625,0.007950527027451693,-0.19497147454905794
KEGG_GLYCOLYSIS_GLUCONEOGENESIS,mixed_direction,13,pathway_scenario_draw_mean_across_strengths,True,False,42,7,0.5645124716553288,0.7023809523809523,0.31522982097806246,0.8213907785336356,0.6334467120181406,0.568310299755849,0.31398268398268403,0.4269960615825278,0.3194640280354566,0.14131423817332123,-0.06513641226229161,0.11301337759984376,-0.17814978986213537
KEGG_GLYCOLYSIS_GLUCONEOGENESIS,mixed_direction,14,pathway_scenario_draw_mean_across_strengths,True,False,42,7,0.3876348876348876,0.7061507936507937,0.3896382157031244,0.5252500889120942,0.5468928406428406,0.4574441523076093,0.44388948561880887,0.35177779613869836,0.10300335502403174,0.10566635616891096,-0.08944868833523129,-0.0921116894801105,0.002663001144879218
KEGG_GLYCOLYSIS_GLUCONEOGENESIS,mixed_direction,15,pathway_scenario_draw_mean_across_strengths,True,False,42,7,0.3912192482314434,0.8005102040816326,0.2217947451933627,0.5855133720154727,0.595864726156538,0.4036540586044177,0.3632978550271783,0.23197355865423094,0.23256687112935964,0.17168049995018678,-0.19221066755212024,-0.13132429637294737,-0.060886371179172866
KEGG_GLYCOLYSIS_GLUCONEOGENESIS,mixed_direction,16,pathway_scenario_draw_mean_across_strengths,True,False,42,7,0.4047581194640018,0.7103174603174603,0.457967032967033,0.6895572263993317,0.5575377898907311,0.5737621296831823,0.3387426515321576,0.30471669099488646,0.2187951383585735,0.26904543868829583,0.016224339792451192,-0.03402596053727114,0.05025030032972233
KEGG_GLYCOLYSIS_GLUCONEOGENESIS,mixed_direction,17,pathway_scenario_draw_mean_across_strengths,True,False,42,7,0.6219243761577857,0.7098322729901678,0.3868589743589744,0.8513867085295656,0.6658783245739768,0.61912284144427,0.2234196708986625,0.7326585695006748,0.4424586536753143,-0.11353572805640477,-0.04675548312970679,0.5092388986020122,-0.555994381731719
KEGG_GLYCOLYSIS_GLUCONEOGENESIS,mixed_direction,18,pathway_scenario_draw_mean_across_strengths,True,False,42,7,0.3668594896652602,0.616530612244898,0.26057971014492753,0.7202614379084966,0.49169505095507915,0.4904205740267121,0.24062696849074558,0.371960958296362,0.25106808246433354,0.11845961573035008,-0.0012744769283670743,0.13133398980561642,-0.13260846673398347
KEGG_GLYCOLYSIS_GLUCONEOGENESIS,mixed_direction,19,pathway_scenario_draw_mean_across_strengths,True,False,42,7,0.47774327122153204,0.79,0.13387642078084874,0.8207282913165266,0.6338716356107661,0.47730235604868765,0.6996598639455781,0.21058552975846206,-0.06578822833481202,0.2667168262902256,-0.15656927956207844,-0.48907433418711604,0.3325050546250376
KEGG_GLYCOLYSIS_GLUCONEOGENESIS,mixed_direction,20,pathway_scenario_draw_mean_across_strengths,True,False,42,7,0.8499622071050642,0.7903469079939668,0.3797868797868798,0.3586889301175016,0.8201545575495155,0.36923790495219067,0.44539682539682535,0.22531749541922033,0.37475773215269015,0.14392040953297033,-0.45091665259732483,-0.22007932997760501,-0.23083732261971981
KEGG_GLYCOSPHINGOLIPID_BIOSYNTHESIS_LACTO_AND_NEOLACTO_SERIES,mean_shift,1,pathway_scenario_draw_mean_across_strengths,True,True,18,3,0.8666666666666667,0.34027777777777773,0.6464646464646464,0.7435897435897436,0.6034722222222222,0.695027195027195,0.31666666666666665,0.31666666666666665,0.28680555555555554,0.37836052836052836,0.09155497280497282,0.0,0.09155497280497282
KEGG_GLYCOSPHINGOLIPID_BIOSYNTHESIS_LACTO_AND_NEOLACTO_SERIES,mean_shift,2,pathway_scenario_draw_mean_across_strengths,True,True,18,3,0.4797979797979797,0.7575757575757575,0.1946127946127946,1.0,0.6186868686868686,0.5973063973063973,0.2896825396825397,0.2896825396825397,0.3290043290043289,0.30762385762385763,-0.021380471380471278,0.0,-0.021380471380471278
KEGG_GLYCOSPHINGOLIPID_BIOSYNTHESIS_LACTO_AND_NEOLACTO_SERIES,mean_shift,3,pathway_scenario_draw_mean_across_strengths,True,True,18,3,1.0,1.0,1.0,1.0,1.0,1.0,0.3041958041958042,0.3041958041958042,0.6958041958041958,0.6958041958041958,0.0,0.0,0.0
KEGG_GLYCOSPHINGOLIPID_BIOSYNTHESIS_LACTO_AND_NEOLACTO_SERIES,mean_shift,4,pathway_scenario_draw_mean_across_strengths,True,True,18,3,1.0,1.0,0.7575757575757575,0.9166666666666666,1.0,0.837121212121212,0.13079322638146168,0.13079322638146168,0.8692067736185383,0.7063279857397504,-0.16287878787878796,0.0,-0.16287878787878785
KEGG_GLYCOSPHINGOLIPID_BIOSYNTHESIS_LACTO_AND_NEOLACTO_SERIES,mean_shift,5,pathway_scenario_draw_mean_across_strengths,True,True,18,3,0.9166666666666666,0.6666666666666666,1.0,1.0,0.7916666666666666,1.0,0.23888888888888885,0.23888888888888885,0.5527777777777778,0.7611111111111112,0.20833333333333337,0.0,0.20833333333333337
KEGG_GLYCOSPHINGOLIPID_BIOSYNTHESIS_LACTO_AND_NEOLACTO_SERIES,mean_shift,6,pathway_scenario_draw_mean_across_strengths,True,True,18,3,0.48433048433048437,0.15138888888888888,0.47692307692307695,0.8333333333333334,0.3178596866096866,0.6551282051282051,0.15555555555555556,0.15555555555555556,0.16230413105413105,0.4995726495726496,0.3372685185185185,0.0,0.3372685185185185
KEGG_GLYCOSPHINGOLIPID_BIOSYNTHESIS_LACTO_AND_NEOLACTO_SERIES,mean_shift,7,pathway_scenario_draw_mean_across_strengths,True,True,18,3,0.5277777777777778,0.4772727272727273,1.0,1.0,0.5025252525252526,1.0,0.21746031746031744,0.21746031746031744,0.28506493506493513,0.7825396825396825,0.4974747474747474,0.0,0.4974747474747474
KEGG_GLYCOSPHINGOLIPID_BIOSYNTHESIS_LACTO_AND_NEOLACTO_SERIES,mean_shift,8,pathway_scenario_draw_mean_across_strengths,True,True,18,3,0.8055555555555555,0.29444444444444445,1.0,1.0,0.5499999999999999,1.0,0.2216931216931217,0.2216931216931217,0.3283068783068782,0.7783068783068783,0.45000000000000007,0.0,0.45000000000000007
KEGG_GLYCOSPHINGOLIPID_BIOSYNTHESIS_LACTO_AND_NEOLACTO_SERIES,mean_shift,9,pathway_scenario_draw_mean_across_strengths,True,True,18,3,0.5777777777777777,0.7333333333333334,0.8333333333333334,0.7380952380952381,0.6555555555555556,0.7857142857142858,0.3,0.3,0.35555555555555557,0.4857142857142858,0.13015873015873025,0.0,0.13015873015873025
KEGG_GLYCOSPHINGOLIPID_BIOSYNTHESIS_LACTO_AND_NEOLACTO_SERIES,mean_shift,10,pathway_scenario_draw_mean_across_strengths,True,True,18,3,0.9166666666666666,0.7575757575757575,0.8095238095238094,0.7916666666666666,0.837121212121212,0.800595238095238,0.20604395604395606,0.20604395604395606,0.631077256077256,0.5945512820512819,-0.03652597402597402,0.0,-0.03652597402597402
KEGG_GLYCOSPHINGOLIPID_BIOSYNTHESIS_LACTO_AND_NEOLACTO_SERIES,mean_shift,11,pathway_scenario_draw_mean_across_strengths,True,True,18,3,0.8666666666666667,0.2125,0.5074074074074074,0.7435897435897436,0.5395833333333333,0.6254985754985756,0.11699346405228757,0.11699346405228757,0.42258986928104575,0.508505111446288,0.08591524216524227,0.0,0.08591524216524221
KEGG_GLYCOSPHINGOLIPID_BIOSYNTHESIS_LACTO_AND_NEOLACTO_SERIES,mean_shift,12,pathway_scenario_draw_mean_across_strengths,True,True,18,3,1.0,0.4761904761904762,1.0,1.0,0.7380952380952381,1.0,0.2897727272727273,0.2897727272727273,0.44832251082251084,0.7102272727272727,0.26190476190476186,0.0,0.26190476190476186
KEGG_GLYCOSPHINGOLIPID_BIOSYNTHESIS_LACTO_AND_NEOLACTO_SERIES,mean_shift,13,pathway_scenario_draw_mean_across_strengths,True,True,18,3,0.8055555555555555,0.48333333333333334,1.0,0.7777777777777778,0.6444444444444444,0.8888888888888888,0.12254901960784315,0.12254901960784315,0.5218954248366012,0.7663398692810457,0.24444444444444446,0.0,0.24444444444444446
KEGG_GLYCOSPHINGOLIPID_BIOSYNTHESIS_LACTO_AND_NEOLACTO_SERIES,mean_shift,14,pathway_scenario_draw_mean_across_strengths,True,True,18,3,0.8055555555555555,0.21428571428571427,0.5166666666666667,1.0,0.5099206349206349,0.7583333333333333,0.14835858585858586,0.14835858585858586,0.36156204906204903,0.6099747474747474,0.24841269841269842,0.0,0.24841269841269842
KEGG_GLYCOSPHINGOLIPID_BIOSYNTHESIS_LACTO_AND_NEOLACTO_SERIES,mean_shift,15,pathway_scenario_draw_mean_across_strengths,True,True,18,3,0.9166666666666666,0.7575757575757575,0.8095238095238094,1.0,0.837121212121212,0.9047619047619047,0.29914529914529914,0.29914529914529914,0.537975912975913,0.6056166056166055,0.06764069264069261,0.0,0.0676406926406925
KEGG_GLYCOSPHINGOLIPID_BIOSYNTHESIS_LACTO_AND_NEOLACTO_SERIES,mean_shift,16,pathway_scenario_draw_mean_across_strengths,True,True,18,3,1.0,1.0,0.7666666666666666,1.0,1.0,0.8833333333333333,0.2222222222222222,0.2222222222222222,0.7777777777777778,0.6611111111111111,-0.1166666666666667,0.0,-0.1166666666666667
KEGG_GLYCOSPHINGOLIPID_BIOSYNTHESIS_LACTO_AND_NEOLACTO_SERIES,mean_shift,17,pathway_scenario_draw_mean_across_strengths,True,True,18,3,0.6464646464646464,0.7380952380952381,0.20502645502645503,1.0,0.6922799422799423,0.6025132275132276,0.20105820105820105,0.20105820105820105,0.4912217412217412,0.4014550264550265,-0.08976671476671472,0.0,-0.08976671476671472
KEGG_GLYCOSPHINGOLIPID_BIOSYNTHESIS_LACTO_AND_NEOLACTO_SERIES,mean_shift,18,pathway_scenario_draw_mean_across_strengths,True,True,18,3,0.5291666666666667,0.5435897435897435,0.7916666666666666,0.9166666666666666,0.5363782051282051,0.8541666666666666,0.4444444444444445,0.4444444444444445,0.09193376068376063,0.40972222222222215,0.3177884615384615,0.0,0.3177884615384615
KEGG_GLYCOSPHINGOLIPID_BIOSYNTHESIS_LACTO_AND_NEOLACTO_SERIES,mean_shift,19,pathway_scenario_draw_mean_across_strengths,True,True,18,3,0.625,0.27777777777777773,0.8095238095238094,1.0,0.45138888888888884,0.9047619047619047,0.1977124183006536,0.1977124183006536,0.2536764705882353,0.7070494864612511,0.4533730158730158,0.0,0.4533730158730158
KEGG_GLYCOSPHINGOLIPID_BIOSYNTHESIS_LACTO_AND_NEOLACTO_SERIES,mean_shift,20,pathway_scenario_draw_mean_across_strengths,True,True,18,3,1.0,0.42063492063492064,1.0,1.0,0.7103174603174603,1.0,0.18518518518518515,0.18518518518518515,0.5251322751322752,0.8148148148148149,0.28968253968253965,0.0,0.28968253968253965
KEGG_GLYCOSPHINGOLIPID_BIOSYNTHESIS_LACTO_AND_NEOLACTO_SERIES,cell_subset,1,pathway_scenario_draw_mean_across_strengths,True,True,18,3,0.2333333333333333,0.27678571428571425,0.21623093681917213,0.21160130718954248,0.2550595238095238,0.2139161220043573,0.31666666666666665,0.31666666666666665,-0.06160714285714286,-0.10275054466230935,-0.041143401805166485,0.0,-0.041143401805166485
KEGG_GLYCOSPHINGOLIPID_BIOSYNTHESIS_LACTO_AND_NEOLACTO_SERIES,cell_subset,2,pathway_scenario_draw_mean_across_strengths,True,True,18,3,0.2638888888888889,0.2791666666666667,0.2507936507936508,0.2248931623931624,0.2715277777777778,0.23784340659340658,0.2896825396825397,0.2896825396825397,-0.018154761904761896,-0.05183913308913313,-0.03368437118437123,0.0,-0.03368437118437123
KEGG_GLYCOSPHINGOLIPID_BIOSYNTHESIS_LACTO_AND_NEOLACTO_SERIES,cell_subset,3,pathway_scenario_draw_mean_across_strengths,True,True,18,3,0.4952380952380952,0.5333333333333333,0.7666666666666666,0.7000000000000001,0.5142857142857142,0.7333333333333334,0.3041958041958042,0.3041958041958042,0.21008991008991001,0.4291375291375292,0.21904761904761916,0.0,0.21904761904761916
KEGG_GLYCOSPHINGOLIPID_BIOSYNTHESIS_LACTO_AND_NEOLACTO_SERIES,cell_subset,4,pathway_scenario_draw_mean_across_strengths,True,True,18,3,0.5353535353535354,0.5499999999999999,0.28104575163398693,0.7380952380952381,0.5426767676767676,0.5095704948646125,0.13079322638146168,0.13079322638146168,0.41188354129530597,0.3787772684831508,-0.03310627281215517,0.0,-0.03310627281215517
KEGG_GLYCOSPHINGOLIPID_BIOSYNTHESIS_LACTO_AND_NEOLACTO_SERIES,cell_subset,5,pathway_scenario_draw_mean_across_strengths,True,True,18,3,0.4708624708624709,0.4471153846153846,0.5213675213675214,0.6666666666666666,0.45898892773892774,0.594017094017094,0.23888888888888885,0.23888888888888885,0.2201000388500389,0.3551282051282052,0.13502816627816627,0.0,0.1350281662781663
KEGG_GLYCOSPHINGOLIPID_BIOSYNTHESIS_LACTO_AND_NEOLACTO_SERIES,cell_subset,6,pathway_scenario_draw_mean_across_strengths,True,True,18,3,0.3444444444444444,0.28044871794871795,0.3,0.373015873015873,0.3124465811965812,0.33650793650793653,0.15555555555555556,0.15555555555555556,0.15689102564102564,0.18095238095238098,0.024061355311355337,0.0,0.024061355311355337
KEGG_GLYCOSPHINGOLIPID_BIOSYNTHESIS_LACTO_AND_NEOLACTO_SERIES,cell_subset,7,pathway_scenario_draw_mean_across_strengths,True,True,18,3,0.46623093681917216,0.6666666666666666,0.8666666666666667,0.5380952380952381,0.5664488017429194,0.7023809523809523,0.21746031746031744,0.21746031746031744,0.348988484282602,0.48492063492063486,0.13593215063803288,0.0,0.13593215063803288
KEGG_GLYCOSPHINGOLIPID_BIOSYNTHESIS_LACTO_AND_NEOLACTO_SERIES,cell_subset,8,pathway_scenario_draw_mean_across_strengths,True,True,18,3,0.5277777777777778,0.47883597883597884,0.2880952380952381,0.3,0.5033068783068784,0.29404761904761906,0.2216931216931217,0.2216931216931217,0.28161375661375665,0.07235449735449737,-0.2092592592592593,0.0,-0.20925925925925928
KEGG_GLYCOSPHINGOLIPID_BIOSYNTHESIS_LACTO_AND_NEOLACTO_SERIES,cell_subset,9,pathway_scenario_draw_mean_across_strengths,True,True,18,3,0.13888888888888887,0.1318082788671024,0.35281385281385286,0.41111111111111115,0.13534858387799564,0.381962481962482,0.3,0.3,-0.16465141612200435,0.08196248196248201,0.24661389808448636,0.0,0.24661389808448636
KEGG_GLYCOSPHINGOLIPID_BIOSYNTHESIS_LACTO_AND_NEOLACTO_SERIES,cell_subset,10,pathway_scenario_draw_mean_across_strengths,True,True,18,3,0.8666666666666667,0.8333333333333334,1.0,0.4761904761904762,0.8500000000000001,0.7380952380952381,0.20604395604395606,0.20604395604395606,0.643956043956044,0.532051282051282,-0.11190476190476195,0.0,-0.11190476190476195
KEGG_GLYCOSPHINGOLIPID_BIOSYNTHESIS_LACTO_AND_NEOLACTO_SERIES,cell_subset,11,pathway_scenario_draw_mean_across_strengths,True,True,18,3,0.1994949494949495,0.17777777777777778,0.3686868686868687,0.7666666666666666,0.18863636363636366,0.5676767676767677,0.11699346405228757,0.11699346405228757,0.07164289958407609,0.4506833036244801,0.379040404040404,0.0,0.379040404040404
KEGG_GLYCOSPHINGOLIPID_BIOSYNTHESIS_LACTO_AND_NEOLACTO_SERIES,cell_subset,12,pathway_scenario_draw_mean_across_strengths,True,True,18,3,0.15406162464985995,0.17826617826617827,0.2216931216931217,0.5138888888888888,0.16616390145801913,0.3677910052910053,0.2897727272727273,0.2897727272727273,-0.12360882581470817,0.07801827801827799,0.20162710383298615,0.0,0.20162710383298615
KEGG_GLYCOSPHINGOLIPID_BIOSYNTHESIS_LACTO_AND_NEOLACTO_SERIES,cell_subset,13,pathway_scenario_draw_mean_across_strengths,True,True,18,3,0.5888888888888889,0.42063492063492064,0.7435897435897436,0.7435897435897436,0.5047619047619047,0.7435897435897436,0.12254901960784315,0.12254901960784315,0.3822128851540616,0.6210407239819005,0.23882783882783887,0.0,0.23882783882783887
KEGG_GLYCOSPHINGOLIPID_BIOSYNTHESIS_LACTO_AND_NEOLACTO_SERIES,cell_subset,14,pathway_scenario_draw_mean_across_strengths,True,True,18,3,0.16666666666666666,0.19444444444444442,0.5777777777777777,0.1767857142857143,0.18055555555555552,0.377281746031746,0.14835858585858586,0.14835858585858586,0.03219696969696967,0.22892316017316017,0.1967261904761905,0.0,0.1967261904761905
KEGG_GLYCOSPHINGOLIPID_BIOSYNTHESIS_LACTO_AND_NEOLACTO_SERIES,cell_subset,15,pathway_scenario_draw_mean_across_strengths,True,True,18,3,0.28104575163398693,0.48739495798319327,0.5588235294117647,0.30694444444444446,0.38422035480859007,0.4328839869281046,0.29914529914529914,0.29914529914529914,0.08507505566329093,0.13373868778280545,0.04866363211951452,0.0,0.04866363211951452
KEGG_GLYCOSPHINGOLIPID_BIOSYNTHESIS_LACTO_AND_NEOLACTO_SERIES,cell_subset,16,pathway_scenario_draw_mean_across_strengths,True,True,18,3,0.21805555555555556,0.6143790849673202,0.6388888888888888,0.1976190476190476,0.4162173202614379,0.4182539682539682,0.2222222222222222,0.2222222222222222,0.19399509803921566,0.196031746031746,0.0020366479925303382,0.0,0.0020366479925303382
KEGG_GLYCOSPHINGOLIPID_BIOSYNTHESIS_LACTO_AND_NEOLACTO_SERIES,cell_subset,17,pathway_scenario_draw_mean_across_strengths,True,True,18,3,0.15873015873015872,0.18104575163398695,0.26715686274509803,0.46031746031746024,0.16988795518207284,0.3637371615312791,0.20105820105820105,0.20105820105820105,-0.03117024587612821,0.16267896047307806,0.19384920634920627,0.0,0.19384920634920627
KEGG_GLYCOSPHINGOLIPID_BIOSYNTHESIS_LACTO_AND_NEOLACTO_SERIES,cell_subset,18,pathway_scenario_draw_mean_across_strengths,True,True,18,3,0.3032679738562092,0.18095238095238098,0.31025641025641026,0.4777777777777777,0.24211017740429508,0.39401709401709395,0.4444444444444445,0.4444444444444445,-0.2023342670401494,-0.050427350427350526,0.15190691661279887,0.0,0.15190691661279887
KEGG_GLYCOSPHINGOLIPID_BIOSYNTHESIS_LACTO_AND_NEOLACTO_SERIES,cell_subset,19,pathway_scenario_draw_mean_across_strengths,True,True,18,3,0.16014309764309764,0.24444444444444446,0.3277777777777778,0.3333333333333333,0.20229377104377105,0.33055555555555555,0.1977124183006536,0.1977124183006536,0.004581352743117467,0.13284313725490196,0.1282617845117845,0.0,0.1282617845117845
KEGG_GLYCOSPHINGOLIPID_BIOSYNTHESIS_LACTO_AND_NEOLACTO_SERIES,cell_subset,20,pathway_scenario_draw_mean_across_strengths,True,True,18,3,0.20664983164983164,0.19166666666666665,0.13992673992673993,0.6388888888888888,0.19915824915824915,0.38940781440781436,0.18518518518518515,0.18518518518518515,0.013973063973063998,0.2042226292226292,0.1902495652495652,0.0,0.1902495652495652
KEGG_GLYCOSPHINGOLIPID_BIOSYNTHESIS_LACTO_AND_NEOLACTO_SERIES,mixed_direction,1,pathway_scenario_draw_mean_across_strengths,True,True,18,3,0.6269841269841269,0.7222222222222222,0.7222222222222222,0.7254901960784313,0.6746031746031745,0.7238562091503268,0.31666666666666665,0.31666666666666665,0.3579365079365079,0.4071895424836601,0.04925303454715224,0.0,0.04925303454715224
KEGG_GLYCOSPHINGOLIPID_BIOSYNTHESIS_LACTO_AND_NEOLACTO_SERIES,mixed_direction,2,pathway_scenario_draw_mean_across_strengths,True,True,18,3,0.8095238095238094,0.6984126984126983,0.7291666666666666,0.9166666666666666,0.7539682539682538,0.8229166666666666,0.2896825396825397,0.2896825396825397,0.46428571428571414,0.533234126984127,0.06894841269841279,0.0,0.06894841269841284
KEGG_GLYCOSPHINGOLIPID_BIOSYNTHESIS_LACTO_AND_NEOLACTO_SERIES,mixed_direction,3,pathway_scenario_draw_mean_across_strengths,True,True,18,3,0.6269841269841269,0.7222222222222222,0.7222222222222222,0.7254901960784313,0.6746031746031745,0.7238562091503268,0.3041958041958042,0.3041958041958042,0.3704073704073703,0.41966040495452256,0.04925303454715224,0.0,0.04925303454715224
KEGG_GLYCOSPHINGOLIPID_BIOSYNTHESIS_LACTO_AND_NEOLACTO_SERIES,mixed_direction,4,pathway_scenario_draw_mean_across_strengths,True,True,18,3,0.7435897435897436,1.0,0.7380952380952381,0.7380952380952381,0.8717948717948718,0.7380952380952381,0.13079322638146168,0.13079322638146168,0.7410016454134101,0.6073020117137764,-0.13369963369963367,0.0,-0.13369963369963367
KEGG_GLYCOSPHINGOLIPID_BIOSYNTHESIS_LACTO_AND_NEOLACTO_SERIES,mixed_direction,5,pathway_scenario_draw_mean_across_strengths,True,True,18,3,0.7222222222222222,0.7254901960784313,0.7254901960784313,0.7222222222222222,0.7238562091503268,0.7238562091503268,0.23888888888888885,0.23888888888888885,0.48496732026143796,0.48496732026143796,0.0,0.0,0.0
KEGG_GLYCOSPHINGOLIPID_BIOSYNTHESIS_LACTO_AND_NEOLACTO_SERIES,mixed_direction,6,pathway_scenario_draw_mean_across_strengths,True,True,18,3,1.0,0.9166666666666666,0.75,0.7777777777777778,0.9583333333333333,0.7638888888888888,0.15555555555555556,0.15555555555555556,0.8027777777777777,0.6083333333333333,-0.19444444444444442,0.0,-0.19444444444444442
KEGG_GLYCOSPHINGOLIPID_BIOSYNTHESIS_LACTO_AND_NEOLACTO_SERIES,mixed_direction,7,pathway_scenario_draw_mean_across_strengths,True,True,18,3,1.0,1.0,1.0,0.7575757575757575,1.0,0.8787878787878787,0.21746031746031744,0.21746031746031744,0.7825396825396825,0.6613275613275612,-0.12121212121212133,0.0,-0.12121212121212133
KEGG_GLYCOSPHINGOLIPID_BIOSYNTHESIS_LACTO_AND_NEOLACTO_SERIES,mixed_direction,8,pathway_scenario_draw_mean_across_strengths,True,True,18,3,0.7777777777777778,0.7666666666666666,0.7575757575757575,0.7575757575757575,0.7722222222222221,0.7575757575757575,0.2216931216931217,0.2216931216931217,0.5505291005291004,0.5358826358826357,-0.014646464646464685,0.0,-0.014646464646464685
KEGG_GLYCOSPHINGOLIPID_BIOSYNTHESIS_LACTO_AND_NEOLACTO_SERIES,mixed_direction,9,pathway_scenario_draw_mean_across_strengths,True,True,18,3,0.7916666666666666,0.7435897435897436,0.7435897435897436,0.7380952380952381,0.7676282051282051,0.7408424908424909,0.3,0.3,0.4676282051282051,0.4408424908424909,-0.02678571428571419,0.0,-0.02678571428571419
KEGG_GLYCOSPHINGOLIPID_BIOSYNTHESIS_LACTO_AND_NEOLACTO_SERIES,mixed_direction,10,pathway_scenario_draw_mean_across_strengths,True,True,18,3,0.7380952380952381,0.8095238095238094,0.7380952380952381,0.7254901960784313,0.7738095238095237,0.7317927170868348,0.20604395604395606,0.20604395604395606,0.5677655677655676,0.5257487610428787,-0.042016806722688926,0.0,-0.042016806722688926
KEGG_GLYCOSPHINGOLIPID_BIOSYNTHESIS_LACTO_AND_NEOLACTO_SERIES,mixed_direction,11,pathway_scenario_draw_mean_across_strengths,True,True,18,3,0.7435897435897436,0.7916666666666666,0.7435897435897436,0.7435897435897436,0.7676282051282051,0.7435897435897436,0.11699346405228757,0.11699346405228757,0.6506347410759175,0.626596279537456,-0.024038461538461453,0.0,-0.024038461538461453
KEGG_GLYCOSPHINGOLIPID_BIOSYNTHESIS_LACTO_AND_NEOLACTO_SERIES,mixed_direction,12,pathway_scenario_draw_mean_across_strengths,True,True,18,3,0.7254901960784313,0.14206349206349206,0.4434389140271493,0.4281045751633987,0.43377684407096173,0.435771744595274,0.2897727272727273,0.2897727272727273,0.14400411679823444,0.14599901732254672,0.001994900524312282,0.0,0.001994900524312282
KEGG_GLYCOSPHINGOLIPID_BIOSYNTHESIS_LACTO_AND_NEOLACTO_SERIES,mixed_direction,13,pathway_scenario_draw_mean_across_strengths,True,True,18,3,0.611111111111111,0.456439393939394,0.7575757575757575,0.7222222222222222,0.5337752525252525,0.7398989898989898,0.12254901960784315,0.12254901960784315,0.41122623291740934,0.6173499702911467,0.20612373737373735,0.0,0.20612373737373735
KEGG_GLYCOSPHINGOLIPID_BIOSYNTHESIS_LACTO_AND_NEOLACTO_SERIES,mixed_direction,14,pathway_scenario_draw_mean_across_strengths,True,True,18,3,0.7333333333333334,0.7291666666666666,0.7575757575757575,0.7916666666666666,0.73125,0.774621212121212,0.14835858585858586,0.14835858585858586,0.5828914141414141,0.6262626262626262,0.04337121212121209,0.0,0.04337121212121209
KEGG_GLYCOSPHINGOLIPID_BIOSYNTHESIS_LACTO_AND_NEOLACTO_SERIES,mixed_direction,15,pathway_scenario_draw_mean_across_strengths,True,True,18,3,0.75,0.7777777777777778,0.75,0.7380952380952381,0.7638888888888888,0.7440476190476191,0.29914529914529914,0.29914529914529914,0.4647435897435897,0.44490231990231993,-0.01984126984126977,0.0,-0.01984126984126977
KEGG_GLYCOSPHINGOLIPID_BIOSYNTHESIS_LACTO_AND_NEOLACTO_SERIES,mixed_direction,16,pathway_scenario_draw_mean_across_strengths,True,True,18,3,0.7435897435897436,0.7666666666666666,0.7435897435897436,0.7380952380952381,0.7551282051282051,0.7408424908424909,0.2222222222222222,0.2222222222222222,0.5329059829059829,0.5186202686202687,-0.014285714285714235,0.0,-0.014285714285714235
KEGG_GLYCOSPHINGOLIPID_BIOSYNTHESIS_LACTO_AND_NEOLACTO_SERIES,mixed_direction,17,pathway_scenario_draw_mean_across_strengths,True,True,18,3,0.8333333333333334,0.75,0.7435897435897436,0.75,0.7916666666666667,0.7467948717948718,0.20105820105820105,0.20105820105820105,0.5906084656084657,0.5457366707366708,-0.044871794871794934,0.0,-0.044871794871794934
KEGG_GLYCOSPHINGOLIPID_BIOSYNTHESIS_LACTO_AND_NEOLACTO_SERIES,mixed_direction,18,pathway_scenario_draw_mean_across_strengths,True,True,18,3,0.75,0.7777777777777778,0.7333333333333334,1.0,0.7638888888888888,0.8666666666666667,0.4444444444444445,0.4444444444444445,0.31944444444444436,0.4222222222222222,0.10277777777777786,0.0,0.10277777777777786
KEGG_GLYCOSPHINGOLIPID_BIOSYNTHESIS_LACTO_AND_NEOLACTO_SERIES,mixed_direction,19,pathway_scenario_draw_mean_across_strengths,True,True,18,3,0.7222222222222222,0.5588235294117647,0.7222222222222222,0.7254901960784313,0.6405228758169934,0.7238562091503268,0.1977124183006536,0.1977124183006536,0.44281045751633985,0.5261437908496732,0.08333333333333337,0.0,0.08333333333333337
KEGG_GLYCOSPHINGOLIPID_BIOSYNTHESIS_LACTO_AND_NEOLACTO_SERIES,mixed_direction,20,pathway_scenario_draw_mean_across_strengths,True,True,18,3,0.7222222222222222,0.7291666666666666,0.7333333333333334,0.7254901960784313,0.7256944444444444,0.7294117647058824,0.18518518518518515,0.18518518518518515,0.5405092592592593,0.5442265795206973,0.0037173202614380063,0.0,0.0037173202614380063
KEGG_INOSITOL_PHOSPHATE_METABOLISM,mean_shift,1,pathway_scenario_draw_mean_across_strengths,False,False,50,8,0.5077407296650718,0.6930059523809523,0.9305555555555556,0.9362980769230769,0.6003733410230121,0.9334268162393162,0.21095938972089365,0.41396774094253086,0.3894139513021184,0.5194590752967854,0.33305347521630413,0.2030083512216372,0.13004512399466694
KEGG_INOSITOL_PHOSPHATE_METABOLISM,mean_shift,2,pathway_scenario_draw_mean_across_strengths,False,False,50,8,0.49227712532622575,0.9704861111111112,0.8209145021645022,1.0,0.7313816182186684,0.9104572510822511,0.2651782689701897,0.3238416671016233,0.4662033492484787,0.5866155839806277,0.17907563286358263,0.05866339813143362,0.12041223473214901
KEGG_INOSITOL_PHOSPHATE_METABOLISM,mean_shift,3,pathway_scenario_draw_mean_across_strengths,False,False,50,8,0.5077407296650718,0.6930059523809523,0.9305555555555556,0.9362980769230769,0.6003733410230121,0.9334268162393162,0.2172846601525021,0.3349339245174101,0.38308868087050996,0.5984928917219061,0.33305347521630413,0.117649264364908,0.21540421085139616
KEGG_INOSITOL_PHOSPHATE_METABOLISM,mean_shift,4,pathway_scenario_draw_mean_across_strengths,False,False,50,8,0.4458376591915835,0.6432870370370369,1.0,0.7952788978494624,0.5445623481143103,0.8976394489247312,0.261640802154195,0.43621216965046883,0.28292154596011526,0.4614272792742624,0.353077100810421,0.17457136749627383,0.17850573331414715
KEGG_INOSITOL_PHOSPHATE_METABOLISM,mean_shift,5,pathway_scenario_draw_mean_across_strengths,False,False,50,8,0.30305449921376076,0.8477678571428571,0.9519230769230769,0.9519230769230769,0.5754111781783089,0.9519230769230769,0.21811799348583547,0.3089378209477771,0.3572931846924734,0.6429852559752998,0.376511898744768,0.09081982746194164,0.28569207128282637
KEGG_INOSITOL_PHOSPHATE_METABOLISM,mean_shift,6,pathway_scenario_draw_mean_across_strengths,False,False,50,8,0.4386951754385965,0.7442422161172161,0.9861111111111112,0.7252350979730996,0.5914686957779063,0.8556731045421053,0.18122604529616723,0.4404367580365479,0.410242650481739,0.4152363465055574,0.26420440876419904,0.25921071274038066,0.004993696023818384
KEGG_INOSITOL_PHOSPHATE_METABOLISM,mean_shift,7,pathway_scenario_draw_mean_across_strengths,False,False,50,8,0.48197735332043834,0.7629734848484848,0.9861111111111112,0.8962765957446809,0.6224754190844616,0.9411938534278961,0.266084066071639,0.3384061467396323,0.3563913530128226,0.6027877066882638,0.3187184343434345,0.07232208066799334,0.24639635367544116
KEGG_INOSITOL_PHOSPHATE_METABOLISM,mean_shift,8,pathway_scenario_draw_mean_across_strengths,False,False,50,8,0.3454611001295453,0.6838520674727571,0.9184409340659341,0.8783549783549783,0.5146565838011512,0.8983979562104563,0.2557363914768806,0.31351703390386254,0.2589201923242706,0.5848809223065937,0.38374137240930506,0.05778064242698194,0.3259607299823231
KEGG_INOSITOL_PHOSPHATE_METABOLISM,mean_shift,9,pathway_scenario_draw_mean_across_strengths,False,False,50,8,0.3023561987657733,0.6473000278706801,0.9526289682539681,0.8541021671826625,0.4748281133182267,0.9033655677183153,0.2565165785517105,0.2798820414453407,0.2183115347665162,0.6234835262729747,0.4285374544000886,0.023365462893630173,0.40517199150645844
KEGG_INOSITOL_PHOSPHATE_METABOLISM,mean_shift,10,pathway_scenario_draw_mean_across_strengths,False,False,50,8,0.6327346458151413,0.8874007936507936,0.7663819875776396,0.9060457516339869,0.7600677197329675,0.8362138696058132,0.25605061943476576,0.4727896992130185,0.5040171002982017,0.36342417039279473,0.07614614987284574,0.21673907977825274,-0.14059292990540695
KEGG_INOSITOL_PHOSPHATE_METABOLISM,mean_shift,11,pathway_scenario_draw_mean_across_strengths,False,False,50,8,0.4645317376422027,0.6593413978494623,1.0,0.8802579365079365,0.5619365677458326,0.9401289682539682,0.21229867543517936,0.22560448761444377,0.34963789231065323,0.7145244806395245,0.37819240050813563,0.013305812179264409,0.3648865883288712
KEGG_INOSITOL_PHOSPHATE_METABOLISM,mean_shift,12,pathway_scenario_draw_mean_across_strengths,False,False,50,8,0.4857841706920293,0.7925595238095238,0.7777777777777778,0.7595747180451128,0.6391718472507766,0.7686762479114453,0.1944415325780365,0.24955810752394603,0.44473031467274005,0.5191181403874993,0.1295044006606687,0.05511657494590952,0.07438782571475921
KEGG_INOSITOL_PHOSPHATE_METABOLISM,mean_shift,13,pathway_scenario_draw_mean_across_strengths,False,False,50,8,0.40277597096530915,0.6797244901305004,0.975,0.7763850732600732,0.5412502305479048,0.8756925366300365,0.1496211827122153,0.41946537477867396,0.39162904783568947,0.4562271618513626,0.33444230608213177,0.26984419206645865,0.06459811401567311
KEGG_INOSITOL_PHOSPHATE_METABOLISM,mean_shift,14,pathway_scenario_draw_mean_across_strengths,False,False,50,8,0.47064512882795906,0.7906746031746033,0.8747957516339869,0.9519230769230769,0.6306598660012812,0.913359414278532,0.16289517371105386,0.45635273340105276,0.4677646922902273,0.4570066808774792,0.28269954827725075,0.29345755968999887,-0.010758011412748125
KEGG_INOSITOL_PHOSPHATE_METABOLISM,mean_shift,15,pathway_scenario_draw_mean_across_strengths,False,False,50,8,0.4355466464841464,0.7136574074074075,0.8353603603603603,0.7685089646296541,0.574602026945777,0.8019346624950072,0.2647530989021625,0.4114029416114272,0.3098489280436145,0.39053172088358,0.22733263554923022,0.14664984270926473,0.08068279283996549
KEGG_INOSITOL_PHOSPHATE_METABOLISM,mean_shift,16,pathway_scenario_draw_mean_across_strengths,False,False,50,8,0.5461146361657588,0.9006410256410257,0.7674861973775017,0.975,0.7233778309033922,0.8712430986887508,0.25605061943476576,0.4727896992130185,0.4673272114686265,0.39845339947573233,0.14786526778535858,0.21673907977825274,-0.06887381199289416
KEGG_INOSITOL_PHOSPHATE_METABOLISM,mean_shift,17,pathway_scenario_draw_mean_across_strengths,False,False,50,8,0.46066311008059885,0.6546393421393422,0.9260416666666667,0.9149305555555556,0.5576512261099705,0.9204861111111111,0.21769282341780824,0.3904894800729657,0.33995840269216226,0.5299966310381454,0.3628348850011406,0.17279665665515745,0.19003822834598316
KEGG_INOSITOL_PHOSPHATE_METABOLISM,mean_shift,18,pathway_scenario_draw_mean_across_strengths,False,False,50,8,0.4919147877516068,0.6974436704506364,0.975,1.0,0.5946792291011216,0.9875,0.16169479529616723,0.4006799023957409,0.4329844338049543,0.5868200976042591,0.39282077089887846,0.23898510709957368,0.1538356637993048
KEGG_INOSITOL_PHOSPHATE_METABOLISM,mean_shift,19,pathway_scenario_draw_mean_across_strengths,False,False,50,8,0.4563095238095238,0.6544070512820512,1.0,0.9861111111111112,0.5553582875457875,0.9930555555555556,0.15443763518574627,0.4703860989769375,0.40092065236004126,0.5226694565786181,0.43769726800976805,0.31594846379119124,0.12174880421857681
KEGG_INOSITOL_PHOSPHATE_METABOLISM,mean_shift,20,pathway_scenario_draw_mean_across_strengths,False,False,50,8,0.48994107302984774,0.5481447640235182,0.9202741702741702,0.9305555555555556,0.5190429185266829,0.9254148629148629,0.19403336931273038,0.22004421863505713,0.32500954921395253,0.7053706442798058,0.4063719443881799,0.02601084932232675,0.38036109506585325
KEGG_INOSITOL_PHOSPHATE_METABOLISM,cell_subset,1,pathway_scenario_draw_mean_across_strengths,False,False,50,8,0.47181572347902984,0.13695966998038667,0.18356701086410615,0.24189935135605764,0.3043876967297082,0.21273318111008188,0.21095938972089365,0.41396774094253086,0.09342830700881458,-0.20123455983244898,-0.09165451561962634,0.2030083512216372,-0.2946628668412635
KEGG_INOSITOL_PHOSPHATE_METABOLISM,cell_subset,2,pathway_scenario_draw_mean_across_strengths,False,False,50,8,0.1128627394248143,0.16873853485695592,0.25828169020133307,0.15775035432833417,0.14080063714088512,0.20801602226483362,0.2651782689701897,0.3238416671016233,-0.12437763182930459,-0.1158256448367897,0.0672153851239485,0.05866339813143362,0.008551986992514887
KEGG_INOSITOL_PHOSPHATE_METABOLISM,cell_subset,3,pathway_scenario_draw_mean_across_strengths,False,False,50,8,0.21615233197550265,0.5527306027306027,0.5341478696741854,0.5484722424950128,0.3844414673530527,0.5413100560845991,0.2172846601525021,0.3349339245174101,0.16715680720055057,0.20637613156718904,0.15686858873154647,0.117649264364908,0.03921932436663847
KEGG_INOSITOL_PHOSPHATE_METABOLISM,cell_subset,4,pathway_scenario_draw_mean_across_strengths,False,False,50,8,0.49689928127428123,0.5146151811788544,0.47993589743589743,0.3242222823472823,0.5057572312265678,0.40207908989158986,0.261640802154195,0.43621216965046883,0.2441164290723728,-0.03413307975887897,-0.10367814133497794,0.17457136749627383,-0.27824950883125177
KEGG_INOSITOL_PHOSPHATE_METABOLISM,cell_subset,5,pathway_scenario_draw_mean_across_strengths,False,False,50,8,0.13822221919500144,0.3475823795290515,0.29046786546786546,0.2964715856357536,0.24290229936202648,0.2934697255518095,0.21811799348583547,0.3089378209477771,0.024784305876191015,-0.015468095395967607,0.05056742618978302,0.09081982746194164,-0.04025240127215862
KEGG_INOSITOL_PHOSPHATE_METABOLISM,cell_subset,6,pathway_scenario_draw_mean_across_strengths,False,False,50,8,0.16219434968464472,0.4861536177302311,0.35544975565983966,0.46248319095079893,0.3241739837074379,0.4089664733053193,0.18122604529616723,0.4404367580365479,0.14294793841127065,-0.03147028473122859,0.08479248959788144,0.25921071274038066,-0.17441822314249925
KEGG_INOSITOL_PHOSPHATE_METABOLISM,cell_subset,7,pathway_scenario_draw_mean_across_strengths,False,False,50,8,0.16540210566748492,0.3973079456775109,0.2802803001266815,0.2986249045072574,0.2813550256724979,0.28945260231696945,0.266084066071639,0.3384061467396323,0.015270959600858947,-0.048953544422662865,0.008097576644471527,0.07232208066799334,-0.06422450402352181
KEGG_INOSITOL_PHOSPHATE_METABOLISM,cell_subset,8,pathway_scenario_draw_mean_across_strengths,False,False,50,8,0.7784802916381864,0.43215347600428233,0.3652629517570548,0.24317649237004077,0.6053168838212344,0.3042197220635478,0.2557363914768806,0.31351703390386254,0.3495804923443538,-0.009297311840314737,-0.3010971617576866,0.05778064242698194,-0.3588778041846685
KEGG_INOSITOL_PHOSPHATE_METABOLISM,cell_subset,9,pathway_scenario_draw_mean_across_strengths,False,False,50,8,0.7132150015417823,0.38098539240871176,0.6613562091503268,0.7946524064171123,0.547100196975247,0.7280043077837195,0.2565165785517105,0.2798820414453407,0.2905836184235365,0.4481222663383788,0.18090411080847246,0.023365462893630173,0.1575386479148423
KEGG_INOSITOL_PHOSPHATE_METABOLISM,cell_subset,10,pathway_scenario_draw_mean_across_strengths,False,False,50,8,0.2209731303375325,0.39275793650793656,0.5697226019594441,0.6877976190476189,0.30686553342273454,0.6287601105035315,0.25605061943476576,0.4727896992130185,0.05081491398796878,0.15597041129051303,0.321894577080797,0.21673907977825274,0.10515549730254425
KEGG_INOSITOL_PHOSPHATE_METABOLISM,cell_subset,11,pathway_scenario_draw_mean_across_strengths,False,False,50,8,0.21173430735930732,0.25567347949818225,0.47302740863787374,0.1319285002981231,0.23370389342874479,0.3024779544679984,0.21229867543517936,0.22560448761444377,0.02140521799356543,0.07687346685355465,0.06877406103925363,0.013305812179264409,0.055468248859989217
KEGG_INOSITOL_PHOSPHATE_METABOLISM,cell_subset,12,pathway_scenario_draw_mean_across_strengths,False,False,50,8,0.3987615207373272,0.47704374526183035,0.6937926213857065,0.6455597643097644,0.43790263299957877,0.6696761928477355,0.1944415325780365,0.24955810752394603,0.24346110042154226,0.42011808532378947,0.23177355984815673,0.05511657494590952,0.1766569849022472
KEGG_INOSITOL_PHOSPHATE_METABOLISM,cell_subset,13,pathway_scenario_draw_mean_across_strengths,False,False,50,8,0.3111780083655084,0.13382102901605517,0.413394017025702,0.3654389904389904,0.22249951869078177,0.3894165037323462,0.1496211827122153,0.41946537477867396,0.07287833597856647,-0.030048871046327752,0.16691698504156444,0.26984419206645865,-0.10292720702489422
KEGG_INOSITOL_PHOSPHATE_METABOLISM,cell_subset,14,pathway_scenario_draw_mean_across_strengths,False,False,50,8,0.23594818039485244,0.5595685728744939,0.7258797749869179,0.5979513176881598,0.39775837663467317,0.6619155463375388,0.16289517371105386,0.45635273340105276,0.2348632029236193,0.20556281293648604,0.2641571697028656,0.29345755968999887,-0.029300389987133274
KEGG_INOSITOL_PHOSPHATE_METABOLISM,cell_subset,15,pathway_scenario_draw_mean_across_strengths,False,False,50,8,0.13804863154262467,0.11294959434576435,0.8599537037037037,0.6101702117327117,0.12549911294419452,0.7350619577182077,0.2647530989021625,0.4114029416114272,-0.13925398595796795,0.3236590161067805,0.6095628447740131,0.14664984270926473,0.46291300206474845
KEGG_INOSITOL_PHOSPHATE_METABOLISM,cell_subset,16,pathway_scenario_draw_mean_across_strengths,False,False,50,8,0.2993303571428571,0.10648712526989383,0.26831476033464857,0.5053628663003663,0.20290874120637548,0.38683881331750747,0.25605061943476576,0.4727896992130185,-0.05314187822839028,-0.08595088589551103,0.183930072111132,0.21673907977825274,-0.03280900766712075
KEGG_INOSITOL_PHOSPHATE_METABOLISM,cell_subset,17,pathway_scenario_draw_mean_across_strengths,False,False,50,8,0.656444597069597,0.604751461988304,0.6129377466333988,0.7445904162580362,0.6305980295289505,0.6787640814457175,0.21769282341780824,0.3904894800729657,0.41290520611114223,0.28827460137275185,0.04816605191676704,0.17279665665515745,-0.12463060473839038
KEGG_INOSITOL_PHOSPHATE_METABOLISM,cell_subset,18,pathway_scenario_draw_mean_across_strengths,False,False,50,8,0.13787672305764412,0.42157539115217185,0.6595643939393939,0.49264696431113214,0.279726057104908,0.576105679125263,0.16169479529616723,0.4006799023957409,0.11803126180874077,0.1754257767295221,0.296379622020355,0.23898510709957368,0.05739451492078132
KEGG_INOSITOL_PHOSPHATE_METABOLISM,cell_subset,19,pathway_scenario_draw_mean_across_strengths,False,False,50,8,0.3926799886621316,0.5281565656565657,0.3426358363858364,0.5722222222222223,0.46041827715934863,0.45742902930402934,0.15443763518574627,0.4703860989769375,0.30598064197360236,-0.012957069672908161,-0.002989247855319288,0.31594846379119124,-0.3189377116465105
KEGG_INOSITOL_PHOSPHATE_METABOLISM,cell_subset,20,pathway_scenario_draw_mean_across_strengths,False,False,50,8,0.5399981962481962,0.49212603519668735,0.7603754940711462,0.5298135243257195,0.5160621157224418,0.6450945091984328,0.19403336931273038,0.22004421863505713,0.32202874640971135,0.4250502905633757,0.12903239347599105,0.02601084932232675,0.10302154415366432
KEGG_INOSITOL_PHOSPHATE_METABOLISM,mixed_direction,1,pathway_scenario_draw_mean_across_strengths,True,False,50,8,0.1482084879406308,0.6147222222222223,0.3117111207590858,0.659813135780628,0.38146535508142654,0.4857621282698569,0.21095938972089365,0.41396774094253086,0.1705059653605329,0.07179438732732601,0.10429677318843034,0.2030083512216372,-0.09871157803320688
KEGG_INOSITOL_PHOSPHATE_METABOLISM,mixed_direction,2,pathway_scenario_draw_mean_across_strengths,True,False,50,8,0.36417055714479374,0.7765899122807018,0.16781746031746034,0.5839968995765276,0.5703802347127478,0.37590717994699396,0.2651782689701897,0.3238416671016233,0.3052019657425581,0.05206551284537064,-0.19447305476575383,0.05866339813143362,-0.25313645289718745
KEGG_INOSITOL_PHOSPHATE_METABOLISM,mixed_direction,3,pathway_scenario_draw_mean_across_strengths,True,False,50,8,0.14917633526226237,0.6663600288600289,0.33930999713384014,0.5849335748792271,0.4077681820611456,0.46212178600653364,0.2172846601525021,0.3349339245174101,0.1904835219086435,0.12718786148912353,0.05435360394538802,0.117649264364908,-0.06329566041951998
KEGG_INOSITOL_PHOSPHATE_METABOLISM,mixed_direction,4,pathway_scenario_draw_mean_across_strengths,True,False,50,8,0.46092488350343364,0.5614255809979494,0.15347583501425469,0.7683333333333334,0.5111752322506915,0.46090458417379404,0.261640802154195,0.43621216965046883,0.2495344300964965,0.024692414523325212,-0.05027064807689746,0.17457136749627383,-0.2248420155731713
KEGG_INOSITOL_PHOSPHATE_METABOLISM,mixed_direction,5,pathway_scenario_draw_mean_across_strengths,True,False,50,8,0.2837048368298369,0.45255374706594215,0.18552069121736323,0.7205821513002365,0.3681292919478895,0.4530514212587999,0.21811799348583547,0.3089378209477771,0.15001129846205405,0.14411360031102277,0.08492212931091037,0.09081982746194164,-0.005897698151031278
KEGG_INOSITOL_PHOSPHATE_METABOLISM,mixed_direction,6,pathway_scenario_draw_mean_across_strengths,True,False,50,8,0.5362426498939656,0.797470238095238,0.195805132342183,0.6142220470531167,0.6668564439946019,0.40501358969764983,0.18122604529616723,0.4404367580365479,0.4856303986984346,-0.03542316833889808,-0.26184285429695203,0.25921071274038066,-0.5210535670373326
KEGG_INOSITOL_PHOSPHATE_METABOLISM,mixed_direction,7,pathway_scenario_draw_mean_across_strengths,True,False,50,8,0.1963102665308548,0.5579829449510301,0.2513872396784801,0.6331235131950466,0.37714660574094244,0.4422553764367633,0.266084066071639,0.3384061467396323,0.11106253966930346,0.103849229697131,0.06510877069582088,0.07232208066799334,-0.007213309972172455
KEGG_INOSITOL_PHOSPHATE_METABOLISM,mixed_direction,8,pathway_scenario_draw_mean_across_strengths,True,False,50,8,0.19422217010631646,0.6403891862809198,0.41635689190037006,0.7458333333333333,0.41730567819361813,0.5810951126168518,0.2557363914768806,0.31351703390386254,0.16156928671673754,0.2675780787129892,0.16378943442323363,0.05778064242698194,0.10600879199625168
KEGG_INOSITOL_PHOSPHATE_METABOLISM,mixed_direction,9,pathway_scenario_draw_mean_across_strengths,True,False,50,8,0.19075324042429304,0.544828758849604,0.41571140552995395,0.6523249898249899,0.3677909996369485,0.5340181976774719,0.2565165785517105,0.2798820414453407,0.111274421085238,0.25413615623213126,0.16622719804052344,0.023365462893630173,0.14286173514689327
KEGG_INOSITOL_PHOSPHATE_METABOLISM,mixed_direction,10,pathway_scenario_draw_mean_across_strengths,True,False,50,8,0.36179563492063493,0.6405303462641423,0.12850281986563983,0.6305459001782532,0.5011629905923887,0.3795243600219465,0.25605061943476576,0.4727896992130185,0.2451123711576229,-0.093265339191072,-0.12163863057044216,0.21673907977825274,-0.3383777103486949
KEGG_INOSITOL_PHOSPHATE_METABOLISM,mixed_direction,11,pathway_scenario_draw_mean_across_strengths,True,False,50,8,0.3155213575945283,0.3966114647390945,0.21313270573380869,0.5477277745775729,0.35606641116681137,0.3804302401556908,0.21229867543517936,0.22560448761444377,0.143767735731632,0.15482575254124706,0.024363828988879455,0.013305812179264409,0.011058016809615046
KEGG_INOSITOL_PHOSPHATE_METABOLISM,mixed_direction,12,pathway_scenario_draw_mean_across_strengths,True,False,50,8,0.3719367812875895,0.49890259197324416,0.19476815034380823,0.613661942702891,0.43541968663041686,0.4042150465233496,0.1944415325780365,0.24955810752394603,0.24097815405238035,0.15465693899940358,-0.03120464010706725,0.05511657494590952,-0.08632121505297677
KEGG_INOSITOL_PHOSPHATE_METABOLISM,mixed_direction,13,pathway_scenario_draw_mean_across_strengths,True,False,50,8,0.5663324529395959,0.6802083333333334,0.2333420121249069,0.7051948051948053,0.6232703931364647,0.4692684086598561,0.1496211827122153,0.41946537477867396,0.4736492104242494,0.049803033881182124,-0.15400198447660862,0.26984419206645865,-0.4238461765430673
KEGG_INOSITOL_PHOSPHATE_METABOLISM,mixed_direction,14,pathway_scenario_draw_mean_across_strengths,True,False,50,8,0.13362038968446294,0.4189538319973102,0.2522215865751335,0.6622099875930522,0.27628711084088653,0.45721578708409283,0.16289517371105386,0.45635273340105276,0.11339193712983267,0.0008630536830400715,0.1809286762432063,0.29345755968999887,-0.1125288834467926
KEGG_INOSITOL_PHOSPHATE_METABOLISM,mixed_direction,15,pathway_scenario_draw_mean_across_strengths,True,False,50,8,0.2523477129511612,0.7719233147804576,0.6684027777777778,0.717963943950786,0.5121355138658095,0.6931833608642819,0.2647530989021625,0.4114029416114272,0.247382414963647,0.2817804192528547,0.18104784699847243,0.14664984270926473,0.034398004289207695
KEGG_INOSITOL_PHOSPHATE_METABOLISM,mixed_direction,16,pathway_scenario_draw_mean_across_strengths,True,False,50,8,0.14543963689141765,0.630211893369788,0.3530298170506622,0.6199150114591291,0.38782576513060285,0.4864724142548956,0.25605061943476576,0.4727896992130185,0.1317751456958371,0.013682715041877125,0.09864664912429277,0.21673907977825274,-0.11809243065395997
KEGG_INOSITOL_PHOSPHATE_METABOLISM,mixed_direction,17,pathway_scenario_draw_mean_across_strengths,True,False,50,8,0.28633768724881253,0.5590743340743342,0.49418635875402794,0.6203968253968254,0.4227060106615733,0.5572915920754267,0.21769282341780824,0.3904894800729657,0.20501318724376508,0.16680211200246098,0.13458558141385335,0.17279665665515745,-0.0382110752413041
KEGG_INOSITOL_PHOSPHATE_METABOLISM,mixed_direction,18,pathway_scenario_draw_mean_across_strengths,True,False,50,8,0.3047441486500895,0.4445532215629198,0.4475859788359789,0.6847803776683087,0.3746486851065046,0.5661831782521438,0.16169479529616723,0.4006799023957409,0.2129538898103374,0.1655032758564029,0.1915344931456392,0.23898510709957368,-0.04745061395393449
KEGG_INOSITOL_PHOSPHATE_METABOLISM,mixed_direction,19,pathway_scenario_draw_mean_across_strengths,True,False,50,8,0.248904429377919,0.6217532467532467,0.34719085738822575,0.6818788819875777,0.43532883806558287,0.5145348696879017,0.15443763518574627,0.4703860989769375,0.2808912028798366,0.044148770710964236,0.07920603162231887,0.31594846379119124,-0.23674243216887236
KEGG_INOSITOL_PHOSPHATE_METABOLISM,mixed_direction,20,pathway_scenario_draw_mean_across_strengths,True,False,50,8,0.19071267987708207,0.5146419552669552,0.36199253609967896,0.6095985772357724,0.35267731757201864,0.48579555666772567,0.19403336931273038,0.22004421863505713,0.15864394825928826,0.26575133803266854,0.13311823909570702,0.02601084932232675,0.10710738977338027
KEGG_PORPHYRIN_AND_CHLOROPHYLL_METABOLISM,mean_shift,1,pathway_scenario_draw_mean_across_strengths,False,False,20,3,0.19657097288676237,0.40277777777777773,0.7916666666666666,0.4909090909090909,0.29967437533227004,0.6412878787878787,0.43977591036414565,0.46003898635477586,-0.1401015350318756,0.18124889243310288,0.3416135034556087,0.020263075990630208,0.3213504274649785
KEGG_PORPHYRIN_AND_CHLOROPHYLL_METABOLISM,mean_shift,2,pathway_scenario_draw_mean_across_strengths,False,False,20,3,0.19657097288676237,0.40277777777777773,0.7916666666666666,0.4909090909090909,0.29967437533227004,0.6412878787878787,0.456043956043956,0.44152046783625737,-0.15636958071168594,0.19976741095162137,0.3416135034556087,-0.01452348820769861,0.3561369916633073
KEGG_PORPHYRIN_AND_CHLOROPHYLL_METABOLISM,mean_shift,3,pathway_scenario_draw_mean_across_strengths,False,False,20,3,0.19657097288676237,0.40277777777777773,0.7916666666666666,0.4909090909090909,0.29967437533227004,0.6412878787878787,0.456043956043956,0.44152046783625737,-0.15636958071168594,0.19976741095162137,0.3416135034556087,-0.01452348820769861,0.3561369916633073
KEGG_PORPHYRIN_AND_CHLOROPHYLL_METABOLISM,mean_shift,4,pathway_scenario_draw_mean_across_strengths,False,False,20,3,0.3,0.7254901960784313,0.5526315789473685,0.7192982456140351,0.5127450980392156,0.6359649122807018,0.43977591036414565,0.46003898635477586,0.07296918767506999,0.17592592592592599,0.1232198142414862,0.020263075990630208,0.102956738250856
KEGG_PORPHYRIN_AND_CHLOROPHYLL_METABOLISM,mean_shift,5,pathway_scenario_draw_mean_across_strengths,False,False,20,3,0.5166666666666666,0.3958333333333333,0.7166666666666667,0.7192982456140351,0.45624999999999993,0.7179824561403509,0.4434389140271493,0.49074074074074076,0.012811085972850633,0.2272417153996102,0.261732456140351,0.047301826713591455,0.21443062942675956
KEGG_PORPHYRIN_AND_CHLOROPHYLL_METABOLISM,mean_shift,6,pathway_scenario_draw_mean_across_strengths,False,False,20,3,0.3,0.7254901960784313,0.5526315789473685,0.7192982456140351,0.5127450980392156,0.6359649122807018,0.456043956043956,0.44152046783625737,0.05670114199525966,0.19444444444444448,0.1232198142414862,-0.01452348820769861,0.1377433024491848
KEGG_PORPHYRIN_AND_CHLOROPHYLL_METABOLISM,mean_shift,7,pathway_scenario_draw_mean_across_strengths,False,False,20,3,0.19657097288676237,0.40277777777777773,0.7916666666666666,0.4909090909090909,0.29967437533227004,0.6412878787878787,0.43977591036414565,0.46003898635477586,-0.1401015350318756,0.18124889243310288,0.3416135034556087,0.020263075990630208,0.3213504274649785
KEGG_PORPHYRIN_AND_CHLOROPHYLL_METABOLISM,mean_shift,8,pathway_scenario_draw_mean_across_strengths,False,False,20,3,0.19657097288676237,0.40277777777777773,0.7916666666666666,0.4909090909090909,0.29967437533227004,0.6412878787878787,0.13208360267183797,0.145224171539961,0.16759077266043207,0.4960637072479177,0.3416135034556087,0.013140568868123037,0.3284729345874856
KEGG_PORPHYRIN_AND_CHLOROPHYLL_METABOLISM,mean_shift,9,pathway_scenario_draw_mean_across_strengths,False,False,20,3,0.5166666666666666,0.3958333333333333,0.7166666666666667,0.7192982456140351,0.45624999999999993,0.7179824561403509,0.13208360267183797,0.145224171539961,0.324166397328162,0.5727582846003899,0.261732456140351,0.013140568868123037,0.24859188727222792
KEGG_PORPHYRIN_AND_CHLOROPHYLL_METABOLISM,mean_shift,10,pathway_scenario_draw_mean_across_strengths,False,False,20,3,0.19657097288676237,0.40277777777777773,0.7916666666666666,0.4909090909090909,0.29967437533227004,0.6412878787878787,0.4434389140271493,0.49074074074074076,-0.14376453869487926,0.15054713804713798,0.3416135034556087,0.047301826713591455,0.29431167674201725
KEGG_PORPHYRIN_AND_CHLOROPHYLL_METABOLISM,mean_shift,11,pathway_scenario_draw_mean_across_strengths,False,False,20,3,0.3,0.7254901960784313,0.5526315789473685,0.7192982456140351,0.5127450980392156,0.6359649122807018,0.43977591036414565,0.46003898635477586,0.07296918767506999,0.17592592592592599,0.1232198142414862,0.020263075990630208,0.102956738250856
KEGG_PORPHYRIN_AND_CHLOROPHYLL_METABOLISM,mean_shift,12,pathway_scenario_draw_mean_across_strengths,False,False,20,3,0.19657097288676237,0.40277777777777773,0.7916666666666666,0.4909090909090909,0.29967437533227004,0.6412878787878787,0.456043956043956,0.44152046783625737,-0.15636958071168594,0.19976741095162137,0.3416135034556087,-0.01452348820769861,0.3561369916633073
KEGG_PORPHYRIN_AND_CHLOROPHYLL_METABOLISM,mean_shift,13,pathway_scenario_draw_mean_across_strengths,False,False,20,3,0.2100389863547758,0.8055555555555555,0.7166666666666667,0.4944444444444444,0.5077972709551657,0.6055555555555555,0.13208360267183797,0.145224171539961,0.37571366828332775,0.4603313840155945,0.09775828460038982,0.013140568868123037,0.08461771573226673
KEGG_PORPHYRIN_AND_CHLOROPHYLL_METABOLISM,mean_shift,14,pathway_scenario_draw_mean_across_strengths,False,False,20,3,0.19657097288676237,0.40277777777777773,0.7916666666666666,0.4909090909090909,0.29967437533227004,0.6412878787878787,0.43977591036414565,0.46003898635477586,-0.1401015350318756,0.18124889243310288,0.3416135034556087,0.020263075990630208,0.3213504274649785
KEGG_PORPHYRIN_AND_CHLOROPHYLL_METABOLISM,mean_shift,15,pathway_scenario_draw_mean_across_strengths,False,False,20,3,0.19657097288676237,0.40277777777777773,0.7916666666666666,0.4909090909090909,0.29967437533227004,0.6412878787878787,0.13208360267183797,0.145224171539961,0.16759077266043207,0.4960637072479177,0.3416135034556087,0.013140568868123037,0.3284729345874856
KEGG_PORPHYRIN_AND_CHLOROPHYLL_METABOLISM,mean_shift,16,pathway_scenario_draw_mean_across_strengths,False,False,20,3,0.5166666666666666,0.3958333333333333,0.7166666666666667,0.7192982456140351,0.45624999999999993,0.7179824561403509,0.13208360267183797,0.145224171539961,0.324166397328162,0.5727582846003899,0.261732456140351,0.013140568868123037,0.24859188727222792
KEGG_PORPHYRIN_AND_CHLOROPHYLL_METABOLISM,mean_shift,17,pathway_scenario_draw_mean_across_strengths,False,False,20,3,0.5166666666666666,0.3958333333333333,0.7166666666666667,0.7192982456140351,0.45624999999999993,0.7179824561403509,0.4434389140271493,0.49074074074074076,0.012811085972850633,0.2272417153996102,0.261732456140351,0.047301826713591455,0.21443062942675956
KEGG_PORPHYRIN_AND_CHLOROPHYLL_METABOLISM,mean_shift,18,pathway_scenario_draw_mean_across_strengths,False,False,20,3,0.2100389863547758,0.8055555555555555,0.7166666666666667,0.4944444444444444,0.5077972709551657,0.6055555555555555,0.456043956043956,0.44152046783625737,0.051753314911209714,0.16403508771929814,0.09775828460038982,-0.01452348820769861,0.11228177280808843
KEGG_PORPHYRIN_AND_CHLOROPHYLL_METABOLISM,mean_shift,19,pathway_scenario_draw_mean_across_strengths,False,False,20,3,0.3,0.7254901960784313,0.5526315789473685,0.7192982456140351,0.5127450980392156,0.6359649122807018,0.43977591036414565,0.46003898635477586,0.07296918767506999,0.17592592592592599,0.1232198142414862,0.020263075990630208,0.102956738250856
KEGG_PORPHYRIN_AND_CHLOROPHYLL_METABOLISM,mean_shift,20,pathway_scenario_draw_mean_across_strengths,False,False,20,3,0.19657097288676237,0.40277777777777773,0.7916666666666666,0.4909090909090909,0.29967437533227004,0.6412878787878787,0.43977591036414565,0.46003898635477586,-0.1401015350318756,0.18124889243310288,0.3416135034556087,0.020263075990630208,0.3213504274649785
KEGG_PORPHYRIN_AND_CHLOROPHYLL_METABOLISM,cell_subset,1,pathway_scenario_draw_mean_across_strengths,False,False,20,3,0.5535714285714285,0.4708624708624709,0.41842105263157886,0.43977591036414565,0.5122169497169498,0.4290984814978622,0.43977591036414565,0.46003898635477586,0.0724410393528041,-0.03094050485691363,-0.08311846821908753,0.020263075990630208,-0.10338154420971774
KEGG_PORPHYRIN_AND_CHLOROPHYLL_METABOLISM,cell_subset,2,pathway_scenario_draw_mean_across_strengths,False,False,20,3,0.5916666666666667,0.5916666666666667,0.4785714285714285,0.46623093681917216,0.5916666666666667,0.4724011826953003,0.456043956043956,0.44152046783625737,0.1356227106227107,0.030880714859042924,-0.11926548397136638,-0.01452348820769861,-0.10474199576366777
KEGG_PORPHYRIN_AND_CHLOROPHYLL_METABOLISM,cell_subset,3,pathway_scenario_draw_mean_across_strengths,False,False,20,3,0.6428571428571429,0.6143790849673202,0.7166666666666667,0.6222222222222221,0.6286181139122315,0.6694444444444444,0.456043956043956,0.44152046783625737,0.17257415786827557,0.22792397660818703,0.04082633053221285,-0.01452348820769861,0.05534981873991146
KEGG_PORPHYRIN_AND_CHLOROPHYLL_METABOLISM,cell_subset,4,pathway_scenario_draw_mean_across_strengths,False,False,20,3,0.7222222222222222,0.425,1.0,0.44999999999999996,0.5736111111111111,0.725,0.43977591036414565,0.46003898635477586,0.13383520074696542,0.2649610136452241,0.1513888888888889,0.020263075990630208,0.1311258128982587
KEGG_PORPHYRIN_AND_CHLOROPHYLL_METABOLISM,cell_subset,5,pathway_scenario_draw_mean_across_strengths,False,False,20,3,0.42254901960784313,0.425,0.4692982456140351,0.42037037037037034,0.42377450980392156,0.4448343079922027,0.4434389140271493,0.49074074074074076,-0.01966440422322774,-0.04590643274853806,0.02105979818828113,0.047301826713591455,-0.026242028525310324
KEGG_PORPHYRIN_AND_CHLOROPHYLL_METABOLISM,cell_subset,6,pathway_scenario_draw_mean_across_strengths,False,False,20,3,0.4658119658119659,0.6055555555555555,0.4471153846153846,0.611111111111111,0.5356837606837607,0.5291132478632479,0.456043956043956,0.44152046783625737,0.07963980463980469,0.0875927800269905,-0.006570512820512797,-0.01452348820769861,0.007952975387185812
KEGG_PORPHYRIN_AND_CHLOROPHYLL_METABOLISM,cell_subset,7,pathway_scenario_draw_mean_across_strengths,False,False,20,3,0.4476190476190476,0.43977591036414565,0.4388888888888889,0.4230019493177388,0.4436974789915966,0.43094541910331385,0.43977591036414565,0.46003898635477586,0.0039215686274509665,-0.029093567251462005,-0.012752059888282763,0.020263075990630208,-0.03301513587891297
KEGG_PORPHYRIN_AND_CHLOROPHYLL_METABOLISM,cell_subset,8,pathway_scenario_draw_mean_across_strengths,False,False,20,3,0.4880952380952381,0.4444444444444445,0.4785714285714285,0.5499999999999999,0.4662698412698413,0.5142857142857142,0.13208360267183797,0.145224171539961,0.33418623859800334,0.3690615427457532,0.048015873015872956,0.013140568868123037,0.034875304147749864
KEGG_PORPHYRIN_AND_CHLOROPHYLL_METABOLISM,cell_subset,9,pathway_scenario_draw_mean_across_strengths,False,False,20,3,0.4513888888888889,0.4276315789473684,0.6143790849673202,0.4909090909090909,0.43951023391812866,0.5526440879382055,0.13208360267183797,0.145224171539961,0.30742663124629066,0.4074199163982445,0.11313385402007686,0.013140568868123037,0.09999328515195383
KEGG_PORPHYRIN_AND_CHLOROPHYLL_METABOLISM,cell_subset,10,pathway_scenario_draw_mean_across_strengths,False,False,20,3,0.49707602339181284,0.5074074074074074,0.6081871345029239,0.6666666666666666,0.5022417153996102,0.6374269005847952,0.4434389140271493,0.49074074074074076,0.058802801372460856,0.14668615984405448,0.13518518518518507,0.047301826713591455,0.08788335847159362
KEGG_PORPHYRIN_AND_CHLOROPHYLL_METABOLISM,cell_subset,11,pathway_scenario_draw_mean_across_strengths,False,False,20,3,0.6555555555555556,0.6222222222222221,0.49999999999999994,0.44017094017094016,0.6388888888888888,0.4700854700854701,0.43977591036414565,0.46003898635477586,0.1991129785247432,0.010046483730694222,-0.16880341880341876,0.020263075990630208,-0.18906649479404897
KEGG_PORPHYRIN_AND_CHLOROPHYLL_METABOLISM,cell_subset,12,pathway_scenario_draw_mean_across_strengths,False,False,20,3,0.5526315789473685,0.5499999999999999,0.42518059855521156,0.41842105263157886,0.5513157894736842,0.4218008255933952,0.456043956043956,0.44152046783625737,0.09527183342972823,-0.019719642242862157,-0.129514963880289,-0.01452348820769861,-0.11499147567259038
KEGG_PORPHYRIN_AND_CHLOROPHYLL_METABOLISM,cell_subset,13,pathway_scenario_draw_mean_across_strengths,False,False,20,3,0.1267543859649123,0.11388888888888889,0.3,0.2222222222222222,0.12032163742690058,0.26111111111111107,0.13208360267183797,0.145224171539961,-0.011761965244937389,0.11588693957115007,0.1407894736842105,0.013140568868123037,0.12764890481608746
KEGG_PORPHYRIN_AND_CHLOROPHYLL_METABOLISM,cell_subset,14,pathway_scenario_draw_mean_across_strengths,False,False,20,3,0.4983164983164983,0.8666666666666667,0.8666666666666667,0.8055555555555555,0.6824915824915825,0.836111111111111,0.43977591036414565,0.46003898635477586,0.24271567212743683,0.37607212475633517,0.15361952861952854,0.020263075990630208,0.13335645262889834
KEGG_PORPHYRIN_AND_CHLOROPHYLL_METABOLISM,cell_subset,15,pathway_scenario_draw_mean_across_strengths,False,False,20,3,0.45138888888888884,0.14523809523809525,0.4555555555555555,0.44152046783625726,0.29831349206349206,0.44853801169590635,0.13208360267183797,0.145224171539961,0.1662298893916541,0.3033138401559453,0.1502245196324143,0.013140568868123037,0.13708395076429122
KEGG_PORPHYRIN_AND_CHLOROPHYLL_METABOLISM,cell_subset,16,pathway_scenario_draw_mean_across_strengths,False,False,20,3,0.17037037037037037,0.12215029552490853,0.3888888888888889,0.20540935672514618,0.14626033294763946,0.29714912280701755,0.13208360267183797,0.145224171539961,0.014176730275801491,0.15192495126705655,0.1508887898593781,0.013140568868123037,0.13774822099125505
KEGG_PORPHYRIN_AND_CHLOROPHYLL_METABOLISM,cell_subset,17,pathway_scenario_draw_mean_across_strengths,False,False,20,3,0.7254901960784313,0.4304093567251462,0.42777777777777776,0.41842105263157886,0.5779497764017888,0.4230994152046783,0.4434389140271493,0.49074074074074076,0.1345108623746395,-0.06764132553606245,-0.1548503611971105,0.047301826713591455,-0.20215218791070194
KEGG_PORPHYRIN_AND_CHLOROPHYLL_METABOLISM,cell_subset,18,pathway_scenario_draw_mean_across_strengths,False,False,20,3,0.2333333333333333,0.24107142857142858,0.26111111111111107,0.2698412698412698,0.23720238095238094,0.2654761904761904,0.456043956043956,0.44152046783625737,-0.21884157509157504,-0.17604427736006695,0.02827380952380948,-0.01452348820769861,0.04279729773150809
KEGG_PORPHYRIN_AND_CHLOROPHYLL_METABOLISM,cell_subset,19,pathway_scenario_draw_mean_across_strengths,False,False,20,3,0.45740740740740743,0.44017094017094016,0.4434389140271493,0.5333333333333333,0.4487891737891738,0.4883861236802413,0.43977591036414565,0.46003898635477586,0.009013263425028173,0.028347137325465455,0.03959694989106749,0.020263075990630208,0.01933387390043728
KEGG_PORPHYRIN_AND_CHLOROPHYLL_METABOLISM,cell_subset,20,pathway_scenario_draw_mean_across_strengths,False,False,20,3,0.43461538461538457,0.4305555555555556,0.7166666666666667,0.6055555555555555,0.4325854700854701,0.6611111111111111,0.43977591036414565,0.46003898635477586,-0.007190440278675547,0.20107212475633524,0.228525641025641,0.020263075990630208,0.20826256503501078
KEGG_PORPHYRIN_AND_CHLOROPHYLL_METABOLISM,mixed_direction,1,pathway_scenario_draw_mean_across_strengths,False,False,20,3,0.7166666666666667,0.7916666666666666,0.20079365079365077,0.7166666666666667,0.7541666666666667,0.4587301587301587,0.43977591036414565,0.46003898635477586,0.314390756302521,-0.0013088276246171482,-0.29543650793650794,0.020263075990630208,-0.31569958392713815
KEGG_PORPHYRIN_AND_CHLOROPHYLL_METABOLISM,mixed_direction,2,pathway_scenario_draw_mean_across_strengths,False,False,20,3,0.5166666666666666,0.7435897435897436,0.41842105263157886,0.44999999999999996,0.6301282051282051,0.4342105263157894,0.456043956043956,0.44152046783625737,0.17408424908424913,-0.0073099415204679885,-0.19591767881241573,-0.01452348820769861,-0.18139419060471712
KEGG_PORPHYRIN_AND_CHLOROPHYLL_METABOLISM,mixed_direction,3,pathway_scenario_draw_mean_across_strengths,False,False,20,3,0.5166666666666666,0.7435897435897436,0.41842105263157886,0.44999999999999996,0.6301282051282051,0.4342105263157894,0.456043956043956,0.44152046783625737,0.17408424908424913,-0.0073099415204679885,-0.19591767881241573,-0.01452348820769861,-0.18139419060471712
KEGG_PORPHYRIN_AND_CHLOROPHYLL_METABOLISM,mixed_direction,4,pathway_scenario_draw_mean_across_strengths,False,False,20,3,0.5166666666666666,0.7435897435897436,0.41842105263157886,0.44999999999999996,0.6301282051282051,0.4342105263157894,0.43977591036414565,0.46003898635477586,0.19035229476405946,-0.025828460038986478,-0.19591767881241573,0.020263075990630208,-0.21618075480304594
KEGG_PORPHYRIN_AND_CHLOROPHYLL_METABOLISM,mixed_direction,5,pathway_scenario_draw_mean_across_strengths,False,False,20,3,0.19074074074074074,0.9166666666666666,0.13465608465608467,0.44999999999999996,0.5537037037037037,0.2923280423280423,0.4434389140271493,0.49074074074074076,0.1102647896765544,-0.19841269841269843,-0.2613756613756614,0.047301826713591455,-0.3086774880892528
KEGG_PORPHYRIN_AND_CHLOROPHYLL_METABOLISM,mixed_direction,6,pathway_scenario_draw_mean_across_strengths,False,False,20,3,0.19074074074074074,0.9166666666666666,0.13465608465608467,0.44999999999999996,0.5537037037037037,0.2923280423280423,0.456043956043956,0.44152046783625737,0.09765974765974772,-0.14919242550821504,-0.2613756613756614,-0.01452348820769861,-0.24685217316796276
KEGG_PORPHYRIN_AND_CHLOROPHYLL_METABOLISM,mixed_direction,7,pathway_scenario_draw_mean_across_strengths,False,False,20,3,0.19074074074074074,0.9166666666666666,0.13465608465608467,0.44999999999999996,0.5537037037037037,0.2923280423280423,0.43977591036414565,0.46003898635477586,0.11392779333955805,-0.16771094402673353,-0.2613756613756614,0.020263075990630208,-0.2816387373662916
KEGG_PORPHYRIN_AND_CHLOROPHYLL_METABOLISM,mixed_direction,8,pathway_scenario_draw_mean_across_strengths,False,False,20,3,0.19074074074074074,0.9166666666666666,0.13465608465608467,0.44999999999999996,0.5537037037037037,0.2923280423280423,0.13208360267183797,0.145224171539961,0.42162010103186576,0.14710387078808132,-0.2613756613756614,0.013140568868123037,-0.27451623024378446
KEGG_PORPHYRIN_AND_CHLOROPHYLL_METABOLISM,mixed_direction,9,pathway_scenario_draw_mean_across_strengths,False,False,20,3,0.19074074074074074,0.9166666666666666,0.13465608465608467,0.44999999999999996,0.5537037037037037,0.2923280423280423,0.13208360267183797,0.145224171539961,0.42162010103186576,0.14710387078808132,-0.2613756613756614,0.013140568868123037,-0.27451623024378446
KEGG_PORPHYRIN_AND_CHLOROPHYLL_METABOLISM,mixed_direction,10,pathway_scenario_draw_mean_across_strengths,False,False,20,3,0.7166666666666667,0.7916666666666666,0.20079365079365077,0.7166666666666667,0.7541666666666667,0.4587301587301587,0.4434389140271493,0.49074074074074076,0.31072775263951735,-0.032010582010582045,-0.29543650793650794,0.047301826713591455,-0.3427383346500994
KEGG_PORPHYRIN_AND_CHLOROPHYLL_METABOLISM,mixed_direction,11,pathway_scenario_draw_mean_across_strengths,False,False,20,3,0.7166666666666667,0.7916666666666666,0.20079365079365077,0.7166666666666667,0.7541666666666667,0.4587301587301587,0.43977591036414565,0.46003898635477586,0.314390756302521,-0.0013088276246171482,-0.29543650793650794,0.020263075990630208,-0.31569958392713815
KEGG_PORPHYRIN_AND_CHLOROPHYLL_METABOLISM,mixed_direction,12,pathway_scenario_draw_mean_across_strengths,False,False,20,3,0.19074074074074074,0.9166666666666666,0.13465608465608467,0.44999999999999996,0.5537037037037037,0.2923280423280423,0.456043956043956,0.44152046783625737,0.09765974765974772,-0.14919242550821504,-0.2613756613756614,-0.01452348820769861,-0.24685217316796276
KEGG_PORPHYRIN_AND_CHLOROPHYLL_METABOLISM,mixed_direction,13,pathway_scenario_draw_mean_across_strengths,False,False,20,3,0.7166666666666667,0.7916666666666666,0.20079365079365077,0.7166666666666667,0.7541666666666667,0.4587301587301587,0.13208360267183797,0.145224171539961,0.6220830639948287,0.31350598719019773,-0.29543650793650794,0.013140568868123037,-0.308577076804631
KEGG_PORPHYRIN_AND_CHLOROPHYLL_METABOLISM,mixed_direction,14,pathway_scenario_draw_mean_across_strengths,False,False,20,3,0.5166666666666666,0.7435897435897436,0.41842105263157886,0.44999999999999996,0.6301282051282051,0.4342105263157894,0.43977591036414565,0.46003898635477586,0.19035229476405946,-0.025828460038986478,-0.19591767881241573,0.020263075990630208,-0.21618075480304594
KEGG_PORPHYRIN_AND_CHLOROPHYLL_METABOLISM,mixed_direction,15,pathway_scenario_draw_mean_across_strengths,False,False,20,3,0.7166666666666667,0.7916666666666666,0.20079365079365077,0.7166666666666667,0.7541666666666667,0.4587301587301587,0.13208360267183797,0.145224171539961,0.6220830639948287,0.31350598719019773,-0.29543650793650794,0.013140568868123037,-0.308577076804631
KEGG_PORPHYRIN_AND_CHLOROPHYLL_METABOLISM,mixed_direction,16,pathway_scenario_draw_mean_across_strengths,False,False,20,3,0.7166666666666667,0.7916666666666666,0.20079365079365077,0.7166666666666667,0.7541666666666667,0.4587301587301587,0.13208360267183797,0.145224171539961,0.6220830639948287,0.31350598719019773,-0.29543650793650794,0.013140568868123037,-0.308577076804631
KEGG_PORPHYRIN_AND_CHLOROPHYLL_METABOLISM,mixed_direction,17,pathway_scenario_draw_mean_across_strengths,False,False,20,3,0.19074074074074074,0.9166666666666666,0.13465608465608467,0.44999999999999996,0.5537037037037037,0.2923280423280423,0.4434389140271493,0.49074074074074076,0.1102647896765544,-0.19841269841269843,-0.2613756613756614,0.047301826713591455,-0.3086774880892528
KEGG_PORPHYRIN_AND_CHLOROPHYLL_METABOLISM,mixed_direction,18,pathway_scenario_draw_mean_across_strengths,False,False,20,3,0.5166666666666666,0.7435897435897436,0.41842105263157886,0.44999999999999996,0.6301282051282051,0.4342105263157894,0.456043956043956,0.44152046783625737,0.17408424908424913,-0.0073099415204679885,-0.19591767881241573,-0.01452348820769861,-0.18139419060471712
KEGG_PORPHYRIN_AND_CHLOROPHYLL_METABOLISM,mixed_direction,19,pathway_scenario_draw_mean_across_strengths,False,False,20,3,0.19074074074074074,0.9166666666666666,0.13465608465608467,0.44999999999999996,0.5537037037037037,0.2923280423280423,0.43977591036414565,0.46003898635477586,0.11392779333955805,-0.16771094402673353,-0.2613756613756614,0.020263075990630208,-0.2816387373662916
KEGG_PORPHYRIN_AND_CHLOROPHYLL_METABOLISM,mixed_direction,20,pathway_scenario_draw_mean_across_strengths,False,False,20,3,0.7166666666666667,0.7916666666666666,0.20079365079365077,0.7166666666666667,0.7541666666666667,0.4587301587301587,0.43977591036414565,0.46003898635477586,0.314390756302521,-0.0013088276246171482,-0.29543650793650794,0.020263075990630208,-0.31569958392713815
REACTOME_BILE_ACID_AND_BILE_SALT_METABOLISM,mean_shift,1,pathway_scenario_draw_mean_across_strengths,False,False,23,4,0.1208592132505176,0.12087471352177234,0.8214285714285714,0.6476449275362318,0.12086696338614497,0.7345367494824016,0.24642857142857144,0.37351190476190477,-0.12556160804242647,0.3610248447204968,0.6136697860962566,0.12708333333333333,0.4865864527629232
REACTOME_BILE_ACID_AND_BILE_SALT_METABOLISM,mean_shift,2,pathway_scenario_draw_mean_across_strengths,False,False,23,4,0.1208592132505176,0.12087471352177234,0.8214285714285714,0.6476449275362318,0.12086696338614497,0.7345367494824016,0.24642857142857144,0.37351190476190477,-0.12556160804242647,0.3610248447204968,0.6136697860962566,0.12708333333333333,0.4865864527629232
REACTOME_BILE_ACID_AND_BILE_SALT_METABOLISM,mean_shift,3,pathway_scenario_draw_mean_across_strengths,False,False,23,4,0.1208592132505176,0.12087471352177234,0.8214285714285714,0.6476449275362318,0.12086696338614497,0.7345367494824016,0.24642857142857144,0.37351190476190477,-0.12556160804242647,0.3610248447204968,0.6136697860962566,0.12708333333333333,0.4865864527629232
REACTOME_BILE_ACID_AND_BILE_SALT_METABOLISM,mean_shift,4,pathway_scenario_draw_mean_across_strengths,False,False,23,4,0.1208592132505176,0.12087471352177234,0.8214285714285714,0.6476449275362318,0.12086696338614497,0.7345367494824016,0.24642857142857144,0.37351190476190477,-0.12556160804242647,0.3610248447204968,0.6136697860962566,0.12708333333333333,0.4865864527629232
REACTOME_BILE_ACID_AND_BILE_SALT_METABOLISM,mean_shift,5,pathway_scenario_draw_mean_across_strengths,False,False,23,4,0.1208592132505176,0.12087471352177234,0.8214285714285714,0.6476449275362318,0.12086696338614497,0.7345367494824016,0.24642857142857144,0.37351190476190477,-0.12556160804242647,0.3610248447204968,0.6136697860962566,0.12708333333333333,0.4865864527629232
REACTOME_BILE_ACID_AND_BILE_SALT_METABOLISM,mean_shift,6,pathway_scenario_draw_mean_across_strengths,False,False,23,4,0.1208592132505176,0.12087471352177234,0.8214285714285714,0.6476449275362318,0.12086696338614497,0.7345367494824016,0.24642857142857144,0.37351190476190477,-0.12556160804242647,0.3610248447204968,0.6136697860962566,0.12708333333333333,0.4865864527629232
REACTOME_BILE_ACID_AND_BILE_SALT_METABOLISM,mean_shift,7,pathway_scenario_draw_mean_across_strengths,False,False,23,4,0.1208592132505176,0.12087471352177234,0.8214285714285714,0.6476449275362318,0.12086696338614497,0.7345367494824016,0.24642857142857144,0.37351190476190477,-0.12556160804242647,0.3610248447204968,0.6136697860962566,0.12708333333333333,0.4865864527629232
REACTOME_BILE_ACID_AND_BILE_SALT_METABOLISM,mean_shift,8,pathway_scenario_draw_mean_across_strengths,False,False,23,4,0.1208592132505176,0.12087471352177234,0.8214285714285714,0.6476449275362318,0.12086696338614497,0.7345367494824016,0.24642857142857144,0.37351190476190477,-0.12556160804242647,0.3610248447204968,0.6136697860962566,0.12708333333333333,0.4865864527629232
REACTOME_BILE_ACID_AND_BILE_SALT_METABOLISM,mean_shift,9,pathway_scenario_draw_mean_across_strengths,False,False,23,4,0.1208592132505176,0.12087471352177234,0.8214285714285714,0.6476449275362318,0.12086696338614497,0.7345367494824016,0.24642857142857144,0.37351190476190477,-0.12556160804242647,0.3610248447204968,0.6136697860962566,0.12708333333333333,0.4865864527629232
REACTOME_BILE_ACID_AND_BILE_SALT_METABOLISM,mean_shift,10,pathway_scenario_draw_mean_across_strengths,False,False,23,4,0.1208592132505176,0.12087471352177234,0.8214285714285714,0.6476449275362318,0.12086696338614497,0.7345367494824016,0.24642857142857144,0.37351190476190477,-0.12556160804242647,0.3610248447204968,0.6136697860962566,0.12708333333333333,0.4865864527629232
REACTOME_BILE_ACID_AND_BILE_SALT_METABOLISM,mean_shift,11,pathway_scenario_draw_mean_across_strengths,False,False,23,4,0.1208592132505176,0.12087471352177234,0.8214285714285714,0.6476449275362318,0.12086696338614497,0.7345367494824016,0.24642857142857144,0.37351190476190477,-0.12556160804242647,0.3610248447204968,0.6136697860962566,0.12708333333333333,0.4865864527629232
REACTOME_BILE_ACID_AND_BILE_SALT_METABOLISM,mean_shift,12,pathway_scenario_draw_mean_across_strengths,False,False,23,4,0.1208592132505176,0.12087471352177234,0.8214285714285714,0.6476449275362318,0.12086696338614497,0.7345367494824016,0.24642857142857144,0.37351190476190477,-0.12556160804242647,0.3610248447204968,0.6136697860962566,0.12708333333333333,0.4865864527629232
REACTOME_BILE_ACID_AND_BILE_SALT_METABOLISM,mean_shift,13,pathway_scenario_draw_mean_across_strengths,False,False,23,4,0.1208592132505176,0.12087471352177234,0.8214285714285714,0.6476449275362318,0.12086696338614497,0.7345367494824016,0.24642857142857144,0.37351190476190477,-0.12556160804242647,0.3610248447204968,0.6136697860962566,0.12708333333333333,0.4865864527629232
REACTOME_BILE_ACID_AND_BILE_SALT_METABOLISM,mean_shift,14,pathway_scenario_draw_mean_across_strengths,False,False,23,4,0.1208592132505176,0.12087471352177234,0.8214285714285714,0.6476449275362318,0.12086696338614497,0.7345367494824016,0.24642857142857144,0.37351190476190477,-0.12556160804242647,0.3610248447204968,0.6136697860962566,0.12708333333333333,0.4865864527629232
REACTOME_BILE_ACID_AND_BILE_SALT_METABOLISM,mean_shift,15,pathway_scenario_draw_mean_across_strengths,False,False,23,4,0.1208592132505176,0.12087471352177234,0.8214285714285714,0.6476449275362318,0.12086696338614497,0.7345367494824016,0.24642857142857144,0.37351190476190477,-0.12556160804242647,0.3610248447204968,0.6136697860962566,0.12708333333333333,0.4865864527629232
REACTOME_BILE_ACID_AND_BILE_SALT_METABOLISM,mean_shift,16,pathway_scenario_draw_mean_across_strengths,False,False,23,4,0.1208592132505176,0.12087471352177234,0.8214285714285714,0.6476449275362318,0.12086696338614497,0.7345367494824016,0.24642857142857144,0.37351190476190477,-0.12556160804242647,0.3610248447204968,0.6136697860962566,0.12708333333333333,0.4865864527629232
REACTOME_BILE_ACID_AND_BILE_SALT_METABOLISM,mean_shift,17,pathway_scenario_draw_mean_across_strengths,False,False,23,4,0.1208592132505176,0.12087471352177234,0.8214285714285714,0.6476449275362318,0.12086696338614497,0.7345367494824016,0.24642857142857144,0.37351190476190477,-0.12556160804242647,0.3610248447204968,0.6136697860962566,0.12708333333333333,0.4865864527629232
REACTOME_BILE_ACID_AND_BILE_SALT_METABOLISM,mean_shift,18,pathway_scenario_draw_mean_across_strengths,False,False,23,4,0.1208592132505176,0.12087471352177234,0.8214285714285714,0.6476449275362318,0.12086696338614497,0.7345367494824016,0.24642857142857144,0.37351190476190477,-0.12556160804242647,0.3610248447204968,0.6136697860962566,0.12708333333333333,0.4865864527629232
REACTOME_BILE_ACID_AND_BILE_SALT_METABOLISM,mean_shift,19,pathway_scenario_draw_mean_across_strengths,False,False,23,4,0.1208592132505176,0.12087471352177234,0.8214285714285714,0.6476449275362318,0.12086696338614497,0.7345367494824016,0.24642857142857144,0.37351190476190477,-0.12556160804242647,0.3610248447204968,0.6136697860962566,0.12708333333333333,0.4865864527629232
REACTOME_BILE_ACID_AND_BILE_SALT_METABOLISM,mean_shift,20,pathway_scenario_draw_mean_across_strengths,False,False,23,4,0.1208592132505176,0.12087471352177234,0.8214285714285714,0.6476449275362318,0.12086696338614497,0.7345367494824016,0.24642857142857144,0.37351190476190477,-0.12556160804242647,0.3610248447204968,0.6136697860962566,0.12708333333333333,0.4865864527629232
REACTOME_BILE_ACID_AND_BILE_SALT_METABOLISM,cell_subset,1,pathway_scenario_draw_mean_across_strengths,False,False,23,4,0.6059782608695652,0.3495065789473684,0.6916666666666667,1.0,0.4777424199084668,0.8458333333333333,0.24642857142857144,0.37351190476190477,0.23131384847989533,0.47232142857142856,0.36809091342486655,0.12708333333333333,0.24100758009153322
REACTOME_BILE_ACID_AND_BILE_SALT_METABOLISM,cell_subset,2,pathway_scenario_draw_mean_across_strengths,False,False,23,4,0.1809782608695652,0.1663849594341585,0.5793650793650793,0.7375,0.17368161015186184,0.6584325396825397,0.24642857142857144,0.37351190476190477,-0.0727469612767096,0.2849206349206349,0.48475092953067783,0.12708333333333333,0.3576675961973445
REACTOME_BILE_ACID_AND_BILE_SALT_METABOLISM,cell_subset,3,pathway_scenario_draw_mean_across_strengths,False,False,23,4,0.2303469477382521,0.3475378787878788,0.9166666666666666,0.740909090909091,0.28894241326306547,0.8287878787878789,0.24642857142857144,0.37351190476190477,0.042513841834494026,0.4552759740259741,0.5398454655248134,0.12708333333333333,0.41276213219148006
REACTOME_BILE_ACID_AND_BILE_SALT_METABOLISM,cell_subset,4,pathway_scenario_draw_mean_across_strengths,False,False,23,4,0.3833333333333333,0.6004901960784313,0.75,0.7166666666666667,0.4919117647058823,0.7333333333333334,0.24642857142857144,0.37351190476190477,0.24548319327731088,0.3598214285714286,0.24142156862745107,0.12708333333333333,0.11433823529411774
REACTOME_BILE_ACID_AND_BILE_SALT_METABOLISM,cell_subset,5,pathway_scenario_draw_mean_across_strengths,False,False,23,4,0.3623663101604278,0.28739495798319326,0.12167620671456988,0.12113333605753514,0.32488063407181056,0.12140477138605252,0.24642857142857144,0.37351190476190477,0.07845206264323912,-0.2521071333758522,-0.20347586268575804,0.12708333333333333,-0.33055919601909134
REACTOME_BILE_ACID_AND_BILE_SALT_METABOLISM,cell_subset,6,pathway_scenario_draw_mean_across_strengths,False,False,23,4,0.5476190476190477,0.601923076923077,0.875,0.875,0.5747710622710623,0.875,0.24642857142857144,0.37351190476190477,0.3283424908424909,0.5014880952380952,0.30022893772893766,0.12708333333333333,0.17314560439560434
REACTOME_BILE_ACID_AND_BILE_SALT_METABOLISM,cell_subset,7,pathway_scenario_draw_mean_across_strengths,False,False,23,4,0.525,0.39096638655462185,0.8026315789473684,0.41607142857142854,0.45798319327731096,0.6093515037593984,0.24642857142857144,0.37351190476190477,0.21155462184873952,0.23583959899749363,0.15136831048208743,0.12708333333333333,0.024284977148754106
REACTOME_BILE_ACID_AND_BILE_SALT_METABOLISM,cell_subset,8,pathway_scenario_draw_mean_across_strengths,False,False,23,4,0.47045454545454546,0.5903532608695652,0.32484917043740574,0.5458333333333333,0.5304039031620553,0.43534125188536954,0.24642857142857144,0.37351190476190477,0.2839753317334839,0.06182934712346477,-0.09506265127668578,0.12708333333333333,-0.2221459846100191
REACTOME_BILE_ACID_AND_BILE_SALT_METABOLISM,cell_subset,9,pathway_scenario_draw_mean_across_strengths,False,False,23,4,0.37461861174675815,0.5791925465838509,0.6416666666666666,0.5714285714285714,0.4769055791653045,0.606547619047619,0.24642857142857144,0.37351190476190477,0.23047700773673307,0.23303571428571423,0.12964203988231449,0.12708333333333333,0.00255870654898116
REACTOME_BILE_ACID_AND_BILE_SALT_METABOLISM,cell_subset,10,pathway_scenario_draw_mean_across_strengths,False,False,23,4,0.48722826086956517,0.24169254658385092,0.775,0.8026315789473684,0.36446040372670807,0.7888157894736842,0.24642857142857144,0.37351190476190477,0.11803183229813663,0.4153038847117795,0.4243553857469762,0.12708333333333333,0.29727205241364285
REACTOME_BILE_ACID_AND_BILE_SALT_METABOLISM,cell_subset,11,pathway_scenario_draw_mean_across_strengths,False,False,23,4,0.4833333333333333,0.525,0.6726190476190477,0.7159090909090909,0.5041666666666667,0.6942640692640694,0.24642857142857144,0.37351190476190477,0.2577380952380952,0.3207521645021646,0.1900974025974027,0.12708333333333333,0.06301406926406938
REACTOME_BILE_ACID_AND_BILE_SALT_METABOLISM,cell_subset,12,pathway_scenario_draw_mean_across_strengths,False,False,23,4,0.44035326086956517,0.5672877846790889,0.6684782608695652,0.591736694677871,0.5038205227743271,0.6301074777737181,0.24642857142857144,0.37351190476190477,0.25739195134575565,0.25659557301181335,0.12628695499939102,0.12708333333333333,-0.0007963783339423047
REACTOME_BILE_ACID_AND_BILE_SALT_METABOLISM,cell_subset,13,pathway_scenario_draw_mean_across_strengths,False,False,23,4,0.40208333333333335,0.5379901960784313,0.8611111111111112,0.7470238095238095,0.47003676470588235,0.8040674603174603,0.24642857142857144,0.37351190476190477,0.2236081932773109,0.4305555555555556,0.334030695611578,0.12708333333333333,0.20694736227824467
REACTOME_BILE_ACID_AND_BILE_SALT_METABOLISM,cell_subset,14,pathway_scenario_draw_mean_across_strengths,False,False,23,4,0.6464285714285714,0.7159090909090909,0.7708333333333334,0.7019230769230769,0.6811688311688311,0.7363782051282051,0.24642857142857144,0.37351190476190477,0.43474025974025965,0.3628663003663003,0.055209373959373975,0.12708333333333333,-0.07187395937395935
REACTOME_BILE_ACID_AND_BILE_SALT_METABOLISM,cell_subset,15,pathway_scenario_draw_mean_across_strengths,False,False,23,4,0.520673076923077,0.6726190476190477,0.6202380952380953,0.6776315789473684,0.5966460622710623,0.6489348370927318,0.24642857142857144,0.37351190476190477,0.3502174908424909,0.27542293233082704,0.05228877482166949,0.12708333333333333,-0.07479455851166383
REACTOME_BILE_ACID_AND_BILE_SALT_METABOLISM,cell_subset,16,pathway_scenario_draw_mean_across_strengths,False,False,23,4,0.464572192513369,0.5166666666666666,0.8541666666666666,0.33749999999999997,0.4906194295900178,0.5958333333333333,0.24642857142857144,0.37351190476190477,0.24419085816144637,0.22232142857142856,0.10521390374331552,0.12708333333333333,-0.021869429590017808
REACTOME_BILE_ACID_AND_BILE_SALT_METABOLISM,cell_subset,17,pathway_scenario_draw_mean_across_strengths,False,False,23,4,0.4599282296650718,0.34232954545454547,0.5368589743589743,0.5504901960784313,0.40112888755980863,0.5436745852187028,0.24642857142857144,0.37351190476190477,0.1547003161312372,0.17016268045679805,0.1425456976588942,0.12708333333333333,0.015462364325560862
REACTOME_BILE_ACID_AND_BILE_SALT_METABOLISM,cell_subset,18,pathway_scenario_draw_mean_across_strengths,False,False,23,4,0.48168498168498164,0.5333333333333333,0.5055555555555555,0.6547619047619048,0.5075091575091575,0.5801587301587301,0.24642857142857144,0.37351190476190477,0.26108058608058604,0.20664682539682533,0.07264957264957261,0.12708333333333333,-0.05443376068376071
REACTOME_BILE_ACID_AND_BILE_SALT_METABOLISM,cell_subset,19,pathway_scenario_draw_mean_across_strengths,False,False,23,4,0.4329545454545455,0.2168831168831169,0.20498737373737372,0.176010101010101,0.3249188311688312,0.19049873737373735,0.24642857142857144,0.37351190476190477,0.07849025974025975,-0.18301316738816742,-0.13442009379509384,0.12708333333333333,-0.26150342712842717
REACTOME_BILE_ACID_AND_BILE_SALT_METABOLISM,cell_subset,20,pathway_scenario_draw_mean_across_strengths,False,False,23,4,0.4031746031746032,0.5121212121212121,0.4833333333333333,0.7159090909090909,0.45764790764790764,0.5996212121212121,0.24642857142857144,0.37351190476190477,0.2112193362193362,0.22610930735930734,0.14197330447330447,0.12708333333333333,0.014889971139971148
REACTOME_BILE_ACID_AND_BILE_SALT_METABOLISM,mixed_direction,1,pathway_scenario_draw_mean_across_strengths,True,False,23,4,0.13965336134453782,0.4112540849673203,0.6287878787878788,0.6011904761904763,0.2754537231559291,0.6149891774891776,0.24642857142857144,0.37351190476190477,0.029025151727357645,0.24147727272727282,0.3395354543332485,0.12708333333333333,0.21245212099991517
REACTOME_BILE_ACID_AND_BILE_SALT_METABOLISM,mixed_direction,2,pathway_scenario_draw_mean_across_strengths,True,False,23,4,0.26666666666666666,0.775,0.7678571428571428,0.42078754578754574,0.5208333333333334,0.5943223443223442,0.24642857142857144,0.37351190476190477,0.27440476190476193,0.22081043956043944,0.07348901098901084,0.12708333333333333,-0.05359432234432249
REACTOME_BILE_ACID_AND_BILE_SALT_METABOLISM,mixed_direction,3,pathway_scenario_draw_mean_across_strengths,True,False,23,4,0.17228506787330317,0.3881347410759175,0.6372282608695652,0.6375,0.28020990447461036,0.6373641304347826,0.24642857142857144,0.37351190476190477,0.03378133304603892,0.2638522256728778,0.3571542259601722,0.12708333333333333,0.23007089262683889
REACTOME_BILE_ACID_AND_BILE_SALT_METABOLISM,mixed_direction,4,pathway_scenario_draw_mean_across_strengths,True,False,23,4,0.16002673796791445,0.5692640692640691,0.6059782608695652,0.6160714285714286,0.3646454036159918,0.6110248447204969,0.24642857142857144,0.37351190476190477,0.11821683218742035,0.23751293995859213,0.2463794411045051,0.12708333333333333,0.11929610777117178
REACTOME_BILE_ACID_AND_BILE_SALT_METABOLISM,mixed_direction,5,pathway_scenario_draw_mean_across_strengths,True,False,23,4,0.16053756185335133,0.3056077694235589,0.6204545454545454,0.8269230769230769,0.2330726656384551,0.7236888111888111,0.24642857142857144,0.37351190476190477,-0.013355905790116335,0.35017690642690635,0.49061614555035604,0.12708333333333333,0.3635328122170227
REACTOME_BILE_ACID_AND_BILE_SALT_METABOLISM,mixed_direction,6,pathway_scenario_draw_mean_across_strengths,True,False,23,4,0.15266348354163,0.3708333333333333,0.7954545454545454,0.6035714285714286,0.26174840843748165,0.699512987012987,0.24642857142857144,0.37351190476190477,0.015319837008910209,0.32600108225108226,0.4377645785755054,0.12708333333333333,0.31068124524217205
REACTOME_BILE_ACID_AND_BILE_SALT_METABOLISM,mixed_direction,7,pathway_scenario_draw_mean_across_strengths,True,False,23,4,0.17774725274725273,0.43392857142857144,0.5995065789473684,0.6458333333333334,0.3058379120879121,0.6226699561403508,0.24642857142857144,0.37351190476190477,0.05940934065934067,0.24915805137844604,0.3168320440524387,0.12708333333333333,0.18974871071910537
REACTOME_BILE_ACID_AND_BILE_SALT_METABOLISM,mixed_direction,8,pathway_scenario_draw_mean_across_strengths,True,False,23,4,0.38295194508009156,0.399025974025974,0.6059782608695652,0.5923295454545454,0.3909889595530328,0.5991539031620553,0.24642857142857144,0.37351190476190477,0.14456038812446137,0.22564199840015053,0.2081649436090225,0.12708333333333333,0.08108161027568916
REACTOME_BILE_ACID_AND_BILE_SALT_METABOLISM,mixed_direction,9,pathway_scenario_draw_mean_across_strengths,True,False,23,4,0.16537114845938375,0.7000000000000001,0.7954545454545454,0.6904761904761905,0.4326855742296919,0.7429653679653679,0.24642857142857144,0.37351190476190477,0.18625700280112045,0.3694534632034632,0.31027979373567605,0.12708333333333333,0.18319646040234272
REACTOME_BILE_ACID_AND_BILE_SALT_METABOLISM,mixed_direction,10,pathway_scenario_draw_mean_across_strengths,True,False,23,4,0.16414008785332312,0.39215686274509803,0.6976190476190476,0.625,0.2781484752992106,0.6613095238095238,0.24642857142857144,0.37351190476190477,0.031719903870639166,0.287797619047619,0.3831610485103132,0.12708333333333333,0.25607771517697986
REACTOME_BILE_ACID_AND_BILE_SALT_METABOLISM,mixed_direction,11,pathway_scenario_draw_mean_across_strengths,True,False,23,4,0.5805555555555556,0.6458333333333334,0.5875959079283887,0.6571428571428571,0.6131944444444445,0.6223693825356229,0.24642857142857144,0.37351190476190477,0.36676587301587305,0.24885747777371814,0.00917493809117842,0.12708333333333333,-0.1179083952421549
REACTOME_BILE_ACID_AND_BILE_SALT_METABOLISM,mixed_direction,12,pathway_scenario_draw_mean_across_strengths,True,False,23,4,0.15929487179487178,0.2181985294117647,0.6333333333333333,0.7214285714285714,0.18874670060331825,0.6773809523809524,0.24642857142857144,0.37351190476190477,-0.057681870825253195,0.30386904761904765,0.4886342517776342,0.12708333333333333,0.3615509184443009
REACTOME_BILE_ACID_AND_BILE_SALT_METABOLISM,mixed_direction,13,pathway_scenario_draw_mean_across_strengths,True,False,23,4,0.14529831581462016,0.16252587991718426,0.46847826086956523,0.6506211180124223,0.1539120978659022,0.5595496894409937,0.24642857142857144,0.37351190476190477,-0.09251647356266923,0.18603778467908894,0.4056375915750915,0.12708333333333333,0.27855425824175817
REACTOME_BILE_ACID_AND_BILE_SALT_METABOLISM,mixed_direction,14,pathway_scenario_draw_mean_across_strengths,True,False,23,4,0.1505542702911124,0.4042780748663102,0.5829545454545454,0.6091269841269842,0.2774161725787113,0.5960407647907648,0.24642857142857144,0.37351190476190477,0.030987601150139876,0.22252886002886008,0.3186245922120535,0.12708333333333333,0.1915412588787202
REACTOME_BILE_ACID_AND_BILE_SALT_METABOLISM,mixed_direction,15,pathway_scenario_draw_mean_across_strengths,True,False,23,4,0.4136705685618729,0.48722826086956517,0.5875959079283887,0.4616600790513834,0.45044941471571903,0.5246279934898861,0.24642857142857144,0.37351190476190477,0.2040208432871476,0.15111608872798132,0.07417857877416706,0.12708333333333333,-0.05290475455916627
REACTOME_BILE_ACID_AND_BILE_SALT_METABOLISM,mixed_direction,16,pathway_scenario_draw_mean_across_strengths,True,False,23,4,0.6151315789473684,0.26805555555555555,0.6413690476190477,0.7430555555555556,0.4415935672514619,0.6922123015873016,0.24642857142857144,0.37351190476190477,0.19516499582289049,0.31870039682539686,0.2506187343358397,0.12708333333333333,0.12353540100250637
REACTOME_BILE_ACID_AND_BILE_SALT_METABOLISM,mixed_direction,17,pathway_scenario_draw_mean_across_strengths,True,False,23,4,0.14117822966507176,0.1636495083863505,0.6055555555555556,0.7430555555555556,0.15241386902571114,0.6743055555555556,0.24642857142857144,0.37351190476190477,-0.0940147024028603,0.30079365079365084,0.5218916865298444,0.12708333333333333,0.39480835319651114
REACTOME_BILE_ACID_AND_BILE_SALT_METABOLISM,mixed_direction,18,pathway_scenario_draw_mean_across_strengths,True,False,23,4,0.41239495798319326,0.6738095238095237,0.9166666666666666,0.6916666666666667,0.5431022408963585,0.8041666666666667,0.24642857142857144,0.37351190476190477,0.29667366946778706,0.43065476190476193,0.2610644257703082,0.12708333333333333,0.13398109243697487
REACTOME_BILE_ACID_AND_BILE_SALT_METABOLISM,mixed_direction,19,pathway_scenario_draw_mean_across_strengths,True,False,23,4,0.13770903010033445,0.5070199275362318,0.37681159420289856,0.7309782608695652,0.3223644788182831,0.5538949275362319,0.24642857142857144,0.37351190476190477,0.07593590738971168,0.18038302277432716,0.2315304487179488,0.12708333333333333,0.10444711538461549
REACTOME_BILE_ACID_AND_BILE_SALT_METABOLISM,mixed_direction,20,pathway_scenario_draw_mean_across_strengths,True,False,23,4,0.17987435358758888,0.22067307692307692,0.6338235294117647,0.8333333333333334,0.20027371525533288,0.7335784313725491,0.24642857142857144,0.37351190476190477,-0.046154856173238556,0.3600665266106443,0.5333047161172162,0.12708333333333333,0.40622138278388287
REACTOME_COLLAGEN_BIOSYNTHESIS_AND_MODIFYING_ENZYMES,mean_shift,1,pathway_scenario_draw_mean_across_strengths,True,True,32,5,0.13780454403983816,0.22670715249662615,0.5340765514678558,0.19039107430411778,0.18225584826823216,0.3622338128859868,0.24214285714285713,0.13319745845552294,-0.059887008874624975,0.22903635443046383,0.17997796461775462,-0.10894539868733419,0.28892336330508883
REACTOME_COLLAGEN_BIOSYNTHESIS_AND_MODIFYING_ENZYMES,mean_shift,2,pathway_scenario_draw_mean_across_strengths,True,True,32,5,0.39707602339181286,0.5581159420289855,0.5303921568627451,1.0,0.47759598271039916,0.7651960784313725,0.43929824561403513,0.3491925465838509,0.038297737096364026,0.4160035318475216,0.28760009572097334,-0.09010569903018423,0.37770579475115756
REACTOME_COLLAGEN_BIOSYNTHESIS_AND_MODIFYING_ENZYMES,mean_shift,3,pathway_scenario_draw_mean_across_strengths,True,True,32,5,0.7961904761904762,0.23016480595427966,0.36590909090909085,0.8476190476190476,0.513177641072378,0.6067640692640692,0.25996336996337,0.23170168067226887,0.25321427110900796,0.37506238859180036,0.09358642819169127,-0.028261689291101122,0.1218481174827924
REACTOME_COLLAGEN_BIOSYNTHESIS_AND_MODIFYING_ENZYMES,mean_shift,4,pathway_scenario_draw_mean_across_strengths,True,True,32,5,0.22918414918414917,0.2807432181345225,0.8761904761904761,0.6482828282828283,0.25496368365933586,0.7622366522366522,0.2317075517075517,0.2623517223517223,0.023256131951784165,0.49988492988492983,0.5072729685773163,0.030644170644170632,0.47662879793314566
REACTOME_COLLAGEN_BIOSYNTHESIS_AND_MODIFYING_ENZYMES,mean_shift,5,pathway_scenario_draw_mean_across_strengths,True,True,32,5,0.14118239083072842,0.3501931075460487,0.6784615384615386,0.8392857142857142,0.24568774918838857,0.7588736263736264,0.1442446633825944,0.15940889176183295,0.10144308580579417,0.5994647346117935,0.5131858771852379,0.015164228379238559,0.4980216488059993
REACTOME_COLLAGEN_BIOSYNTHESIS_AND_MODIFYING_ENZYMES,mean_shift,6,pathway_scenario_draw_mean_across_strengths,True,True,32,5,0.5093452380952381,0.6783088235294118,0.512169540229885,0.3438321385902031,0.593827030812325,0.4280008394100441,0.27188492063492065,0.3254901960784314,0.3219421101774044,0.1025106433316127,-0.16582619140228094,0.053605275443510736,-0.21943146684579168
REACTOME_COLLAGEN_BIOSYNTHESIS_AND_MODIFYING_ENZYMES,mean_shift,7,pathway_scenario_draw_mean_across_strengths,True,True,32,5,1.0,1.0,0.5393939393939393,0.8761904761904761,1.0,0.7077922077922076,0.19419317524580681,0.2263095238095238,0.8058068247541932,0.48148268398268385,-0.29220779220779236,0.03211634856371698,-0.32432414077150934
REACTOME_COLLAGEN_BIOSYNTHESIS_AND_MODIFYING_ENZYMES,mean_shift,8,pathway_scenario_draw_mean_across_strengths,True,True,32,5,0.18021358543417368,0.1826785714285714,0.1779077540106952,0.39125,0.18144607843137256,0.28457887700534756,0.1526984126984127,0.17780610194403296,0.028747665732959865,0.1067727750613146,0.103132798573975,0.025107689245620263,0.07802510932835474
REACTOME_COLLAGEN_BIOSYNTHESIS_AND_MODIFYING_ENZYMES,mean_shift,9,pathway_scenario_draw_mean_across_strengths,True,True,32,5,0.9,1.0,0.681904761904762,1.0,0.95,0.840952380952381,0.4605860805860805,0.5455357142857142,0.48941391941391943,0.29541666666666677,-0.10904761904761895,0.08494963369963371,-0.19399725274725266
REACTOME_COLLAGEN_BIOSYNTHESIS_AND_MODIFYING_ENZYMES,mean_shift,10,pathway_scenario_draw_mean_across_strengths,True,True,32,5,0.7861904761904762,0.8392857142857142,0.7006211180124223,0.6654545454545454,0.8127380952380951,0.6830378317334839,0.3471428571428571,0.36028633675692495,0.46559523809523806,0.3227514949765589,-0.12970026350461128,0.013143479614067866,-0.14284374311867915
REACTOME_COLLAGEN_BIOSYNTHESIS_AND_MODIFYING_ENZYMES,mean_shift,11,pathway_scenario_draw_mean_across_strengths,True,True,32,5,0.17139503932244407,0.4726315789473684,0.508095238095238,0.22057568162831317,0.3220133091349062,0.3643354598617756,0.14149561403508773,0.16533243182330407,0.1805176950998185,0.19900302803847156,0.0423221507268694,0.023836817788216336,0.018485332938653065
REACTOME_COLLAGEN_BIOSYNTHESIS_AND_MODIFYING_ENZYMES,mean_shift,12,pathway_scenario_draw_mean_across_strengths,True,True,32,5,0.22172268907563025,0.6034782608695652,0.6376190476190476,0.3778818283166109,0.4126004749725978,0.5077504379678293,0.15922619047619047,0.18293075684380028,0.2533742844964073,0.324819681124029,0.09514996299523149,0.023704566367609814,0.07144539662762167
REACTOME_COLLAGEN_BIOSYNTHESIS_AND_MODIFYING_ENZYMES,mean_shift,13,pathway_scenario_draw_mean_across_strengths,True,True,32,5,0.6747826086956522,0.35020094994519546,0.3205820105820106,0.6499999999999999,0.5124917793204238,0.4852910052910052,0.1494358974358974,0.1883233863837312,0.36305588188452637,0.296967618907274,-0.027200774029418562,0.03888748894783378,-0.06608826297725234
REACTOME_COLLAGEN_BIOSYNTHESIS_AND_MODIFYING_ENZYMES,mean_shift,14,pathway_scenario_draw_mean_across_strengths,True,True,32,5,0.8454545454545455,0.7655555555555555,0.4539544513457557,0.9266666666666665,0.8055050505050505,0.6903105590062111,0.16868589743589743,0.21766126740551295,0.636819153069153,0.47264929160069813,-0.11519449149883942,0.04897536996961552,-0.16416986146845491
REACTOME_COLLAGEN_BIOSYNTHESIS_AND_MODIFYING_ENZYMES,mean_shift,15,pathway_scenario_draw_mean_across_strengths,True,True,32,5,0.83125,0.8333333333333334,0.7333333333333333,0.79125,0.8322916666666667,0.7622916666666666,0.15618506493506495,0.2043790849673203,0.6761066017316018,0.5579125816993463,-0.07000000000000006,0.04819402003225534,-0.11819402003225543
REACTOME_COLLAGEN_BIOSYNTHESIS_AND_MODIFYING_ENZYMES,mean_shift,16,pathway_scenario_draw_mean_across_strengths,True,True,32,5,0.3747564935064935,0.5162124060150376,0.3983186705767351,0.6345833333333333,0.4454844497607655,0.5164510019550341,0.2470199692780338,0.2081904761904762,0.19846448048273171,0.3082605257645579,0.07096655219426862,-0.03882949308755759,0.10979604528182621
REACTOME_COLLAGEN_BIOSYNTHESIS_AND_MODIFYING_ENZYMES,mean_shift,17,pathway_scenario_draw_mean_across_strengths,True,True,32,5,0.35577905491698597,0.3303174603174603,0.68,0.29303176694481037,0.34304825761722313,0.4865158834724052,0.3570564516129032,0.38172619047619044,-0.014008193995680096,0.10478969299621477,0.14346762585518208,0.024669738863287216,0.11879788699189486
REACTOME_COLLAGEN_BIOSYNTHESIS_AND_MODIFYING_ENZYMES,mean_shift,18,pathway_scenario_draw_mean_across_strengths,True,True,32,5,0.1577825683088841,0.2228545041204888,1.0,0.7958333333333333,0.19031853621468645,0.8979166666666667,0.1603796203796204,0.22777946191739296,0.029938915835066054,0.6701372047492737,0.7075981304519803,0.06739984153777256,0.6401982889142077
REACTOME_COLLAGEN_BIOSYNTHESIS_AND_MODIFYING_ENZYMES,mean_shift,19,pathway_scenario_draw_mean_across_strengths,True,True,32,5,0.21205882352941177,0.19122549019607843,0.6840958605664488,0.185979020979021,0.20164215686274511,0.4350374407727349,0.13946144574771438,0.138302772742132,0.062180711115030735,0.2967346680306029,0.23339528390998976,-0.0011586730055823669,0.23455395691557215
REACTOME_COLLAGEN_BIOSYNTHESIS_AND_MODIFYING_ENZYMES,mean_shift,20,pathway_scenario_draw_mean_across_strengths,True,True,32,5,0.7145833333333333,0.35888086228643507,0.8333333333333334,0.79125,0.5367320978098842,0.8122916666666666,0.277037037037037,0.23291213134691396,0.25969506077284715,0.5793795353197526,0.27555956885678246,-0.04412490569012306,0.31968447454690546
REACTOME_COLLAGEN_BIOSYNTHESIS_AND_MODIFYING_ENZYMES,cell_subset,1,pathway_scenario_draw_mean_across_strengths,True,True,32,5,0.13272296124927704,0.11879515050167225,0.16160173160173158,0.1461880711880712,0.12575905587547465,0.1538949013949014,0.24214285714285713,0.13319745845552294,-0.11638380126738249,0.020697442939378446,0.028135845519426744,-0.10894539868733419,0.13708124420676093
REACTOME_COLLAGEN_BIOSYNTHESIS_AND_MODIFYING_ENZYMES,cell_subset,2,pathway_scenario_draw_mean_across_strengths,True,True,32,5,0.22478260869565214,0.1323774179037337,0.11254299405596742,0.11265745822586756,0.17858001329969292,0.1126002261409175,0.43929824561403513,0.3491925465838509,-0.2607182323143422,-0.2365923204429334,-0.06597978715877542,-0.09010569903018423,0.024125911871408806
REACTOME_COLLAGEN_BIOSYNTHESIS_AND_MODIFYING_ENZYMES,cell_subset,3,pathway_scenario_draw_mean_across_strengths,True,True,32,5,0.19915209790209792,0.2056805244091772,0.14084955506117908,0.1865277777777778,0.20241631115563757,0.16368866641947843,0.25996336996337,0.23170168067226887,-0.05754705880773242,-0.06801301425279044,-0.03872764473615914,-0.028261689291101122,-0.010465955445058017
REACTOME_COLLAGEN_BIOSYNTHESIS_AND_MODIFYING_ENZYMES,cell_subset,4,pathway_scenario_draw_mean_across_strengths,True,True,32,5,0.1640951439864483,0.18975786361975622,0.20462426462426458,0.21643772893772892,0.17692650380310226,0.21053099678099674,0.2317075517075517,0.2623517223517223,-0.05478104790444943,-0.05182072557072559,0.03360449297789447,0.030644170644170632,0.0029603223337238416
REACTOME_COLLAGEN_BIOSYNTHESIS_AND_MODIFYING_ENZYMES,cell_subset,5,pathway_scenario_draw_mean_across_strengths,True,True,32,5,0.15670498084291187,0.22532046188887125,0.12278946548231259,0.266060606060606,0.19101272136589156,0.1944250357714593,0.1442446633825944,0.15940889176183295,0.04676805798329717,0.035016144009626354,0.0034123144055677457,0.015164228379238559,-0.011751913973670813
REACTOME_COLLAGEN_BIOSYNTHESIS_AND_MODIFYING_ENZYMES,cell_subset,6,pathway_scenario_draw_mean_across_strengths,True,True,32,5,0.2643097643097643,0.1848695286195286,0.11112953787036099,0.2671950271950272,0.22458964646464644,0.1891622825326941,0.27188492063492065,0.3254901960784314,-0.04729527417027421,-0.13632791354573728,-0.03542736393195234,0.053605275443510736,-0.08903263937546307
REACTOME_COLLAGEN_BIOSYNTHESIS_AND_MODIFYING_ENZYMES,cell_subset,7,pathway_scenario_draw_mean_across_strengths,True,True,32,5,0.23286412512218962,0.288034188034188,0.18576839826839825,0.3157183557183557,0.2604491565781888,0.250743376993377,0.19419317524580681,0.2263095238095238,0.06625598133238197,0.024433853183853216,-0.00970577958481178,0.03211634856371698,-0.04182212814852876
REACTOME_COLLAGEN_BIOSYNTHESIS_AND_MODIFYING_ENZYMES,cell_subset,8,pathway_scenario_draw_mean_across_strengths,True,True,32,5,0.143823417961349,0.23607006020799126,0.3778354978354978,0.3515384615384615,0.18994673908467014,0.36468697968697966,0.1526984126984127,0.17780610194403296,0.03724832638625744,0.1868808777429467,0.17474024060230953,0.025107689245620263,0.14963255135668926
REACTOME_COLLAGEN_BIOSYNTHESIS_AND_MODIFYING_ENZYMES,cell_subset,9,pathway_scenario_draw_mean_across_strengths,True,True,32,5,0.2486217008797654,0.3155913978494624,0.4637254901960784,0.31559139784946233,0.2821065493646139,0.3896584440227704,0.4605860805860805,0.5455357142857142,-0.17847953122146665,-0.15587727026294385,0.10755189465815651,0.08494963369963371,0.022602260958522802
REACTOME_COLLAGEN_BIOSYNTHESIS_AND_MODIFYING_ENZYMES,cell_subset,10,pathway_scenario_draw_mean_across_strengths,True,True,32,5,0.25547235023041476,0.26,0.2505028735632184,0.13354879133317163,0.2577361751152074,0.192025832448195,0.3471428571428571,0.36028633675692495,-0.08940668202764968,-0.16826050430872996,-0.06571034266701242,0.013143479614067866,-0.07885382228108029
REACTOME_COLLAGEN_BIOSYNTHESIS_AND_MODIFYING_ENZYMES,cell_subset,11,pathway_scenario_draw_mean_across_strengths,True,True,32,5,0.2592833092833092,0.3045833333333333,0.4011494252873563,0.23139579718527084,0.28193332130832127,0.31627261123631356,0.14149561403508773,0.16533243182330407,0.14043770727323354,0.1509401794130095,0.03433928992799229,0.023836817788216336,0.010502472139775954
REACTOME_COLLAGEN_BIOSYNTHESIS_AND_MODIFYING_ENZYMES,cell_subset,12,pathway_scenario_draw_mean_across_strengths,True,True,32,5,0.1784006734006734,0.4731092436974789,0.14986017255301967,0.16454930690224806,0.32575495854907616,0.15720473972763388,0.15922619047619047,0.18293075684380028,0.1665287680728857,-0.0257260171161664,-0.16855021882144228,0.023704566367609814,-0.1922547851890521
REACTOME_COLLAGEN_BIOSYNTHESIS_AND_MODIFYING_ENZYMES,cell_subset,13,pathway_scenario_draw_mean_across_strengths,True,True,32,5,0.1746969696969697,0.3391149591149591,0.10623786249592701,0.403051948051948,0.2569059644059644,0.2546449052739375,0.1494358974358974,0.1883233863837312,0.107470066970067,0.06632151889020632,-0.002261059132026899,0.03888748894783378,-0.04114854807986068
REACTOME_COLLAGEN_BIOSYNTHESIS_AND_MODIFYING_ENZYMES,cell_subset,14,pathway_scenario_draw_mean_across_strengths,True,True,32,5,0.14452584452584452,0.2126647842331936,0.19626477832512315,0.19638752052545155,0.17859531437951906,0.19632614942528737,0.16868589743589743,0.21766126740551295,0.00990941694362163,-0.021335117980225582,0.017730835045768306,0.04897536996961552,-0.03124453492384721
REACTOME_COLLAGEN_BIOSYNTHESIS_AND_MODIFYING_ENZYMES,cell_subset,15,pathway_scenario_draw_mean_across_strengths,True,True,32,5,0.445537084398977,0.40263975155279497,0.36857142857142855,0.551058201058201,0.424088417975886,0.4598148148148148,0.15618506493506495,0.2043790849673203,0.267903353040821,0.2554357298474945,0.03572639683892881,0.04819402003225534,-0.012467623193326505
REACTOME_COLLAGEN_BIOSYNTHESIS_AND_MODIFYING_ENZYMES,cell_subset,16,pathway_scenario_draw_mean_across_strengths,True,True,32,5,0.18783263305322126,0.21844821844821843,0.3601282051282051,0.3560457516339869,0.20314042575071983,0.358086978381096,0.2470199692780338,0.2081904761904762,-0.04387954352731396,0.14989650219061978,0.15494655263037616,-0.03882949308755759,0.19377604571793375
REACTOME_COLLAGEN_BIOSYNTHESIS_AND_MODIFYING_ENZYMES,cell_subset,17,pathway_scenario_draw_mean_across_strengths,True,True,32,5,0.22277310924369748,0.15645021645021645,0.10542826617826617,0.10464099267570517,0.18961166284695696,0.10503462942698567,0.3570564516129032,0.38172619047619044,-0.16744478876594626,-0.2766915610492048,-0.08457703341997129,0.024669738863287216,-0.10924677228325852
REACTOME_COLLAGEN_BIOSYNTHESIS_AND_MODIFYING_ENZYMES,cell_subset,18,pathway_scenario_draw_mean_across_strengths,True,True,32,5,0.6088888888888888,0.6797402597402598,0.6015151515151514,0.6666666666666666,0.6443145743145743,0.634090909090909,0.1603796203796204,0.22777946191739296,0.4839349539349539,0.4063114471735161,-0.010223665223665246,0.06739984153777256,-0.07762350676143781
REACTOME_COLLAGEN_BIOSYNTHESIS_AND_MODIFYING_ENZYMES,cell_subset,19,pathway_scenario_draw_mean_across_strengths,True,True,32,5,0.15057659932659934,0.1543633389028126,0.3405103668261563,0.13227012682657843,0.15246996911470595,0.2363902468263674,0.13946144574771438,0.138302772742132,0.01300852336699157,0.09808747408423538,0.08392027771166144,-0.0011586730055823669,0.0850789507172438
REACTOME_COLLAGEN_BIOSYNTHESIS_AND_MODIFYING_ENZYMES,cell_subset,20,pathway_scenario_draw_mean_across_strengths,True,True,32,5,0.37965034965034966,0.2638095238095238,0.1354472353204605,0.21552755819060168,0.32172993672993677,0.1754873967555311,0.277037037037037,0.23291213134691396,0.044692899692899746,-0.057424734591382864,-0.14624253997440567,-0.04412490569012306,-0.10211763428428261
REACTOME_COLLAGEN_BIOSYNTHESIS_AND_MODIFYING_ENZYMES,mixed_direction,1,pathway_scenario_draw_mean_across_strengths,True,True,32,5,0.6844444444444445,0.527696661007357,0.6870588235294118,0.7006211180124223,0.6060705527259007,0.6938399707709171,0.24214285714285713,0.13319745845552294,0.3639276955830436,0.5606425123153942,0.08776941804501637,-0.10894539868733419,0.19671481673235058
REACTOME_COLLAGEN_BIOSYNTHESIS_AND_MODIFYING_ENZYMES,mixed_direction,2,pathway_scenario_draw_mean_across_strengths,True,True,32,5,0.6653439153439152,0.6733333333333333,0.6141123882503192,0.660919540229885,0.6693386243386243,0.637515964240102,0.43929824561403513,0.3491925465838509,0.2300403787245892,0.28832341765625114,-0.031822660098522304,-0.09010569903018423,0.058283038931661924
REACTOME_COLLAGEN_BIOSYNTHESIS_AND_MODIFYING_ENZYMES,mixed_direction,3,pathway_scenario_draw_mean_across_strengths,True,True,32,5,0.4263651002781438,0.5922580645161291,0.5081091322470633,0.6690370370370371,0.5093115823971364,0.5885730846420503,0.25996336996337,0.23170168067226887,0.24934821243376637,0.3568714039697814,0.0792615022449139,-0.028261689291101122,0.10752319153601503
REACTOME_COLLAGEN_BIOSYNTHESIS_AND_MODIFYING_ENZYMES,mixed_direction,4,pathway_scenario_draw_mean_across_strengths,True,True,32,5,0.3678451178451178,0.2559688995215311,0.1802128427128427,0.4389247311827956,0.31190700868332444,0.3095687869478192,0.2317075517075517,0.2623517223517223,0.08019945697577274,0.04721706459609687,-0.0023382217355052415,0.030644170644170632,-0.03298239237967587
REACTOME_COLLAGEN_BIOSYNTHESIS_AND_MODIFYING_ENZYMES,mixed_direction,5,pathway_scenario_draw_mean_across_strengths,True,True,32,5,0.6333333333333333,0.6005668016194333,0.6598442714126806,0.40377668308702785,0.6169500674763833,0.5318104772498542,0.1442446633825944,0.15940889176183295,0.47270540409378886,0.37240158548802127,-0.08513959022652906,0.015164228379238559,-0.10030381860576759
REACTOME_COLLAGEN_BIOSYNTHESIS_AND_MODIFYING_ENZYMES,mixed_direction,6,pathway_scenario_draw_mean_across_strengths,True,True,32,5,0.3215833333333333,0.4462962962962963,0.6725779967159278,0.2859113300492611,0.38393981481481476,0.4792446633825944,0.27188492063492065,0.3254901960784314,0.11205489417989412,0.15375446730416303,0.09530484856777965,0.053605275443510736,0.04169957312426892
REACTOME_COLLAGEN_BIOSYNTHESIS_AND_MODIFYING_ENZYMES,mixed_direction,7,pathway_scenario_draw_mean_across_strengths,True,True,32,5,0.7158333333333333,0.6879227053140097,0.6861111111111111,0.6837719298245614,0.7018780193236716,0.6849415204678362,0.19419317524580681,0.2263095238095238,0.5076848440778647,0.4586319966583124,-0.01693649885583537,0.03211634856371698,-0.04905284741955235
REACTOME_COLLAGEN_BIOSYNTHESIS_AND_MODIFYING_ENZYMES,mixed_direction,8,pathway_scenario_draw_mean_across_strengths,True,True,32,5,0.4831159420289855,0.5717948717948718,0.6815734989648033,0.5904615384615386,0.5274554069119286,0.6360175187131709,0.1526984126984127,0.17780610194403296,0.37475699421351594,0.45821141676913796,0.10856211180124231,0.025107689245620263,0.08345442255562202
REACTOME_COLLAGEN_BIOSYNTHESIS_AND_MODIFYING_ENZYMES,mixed_direction,9,pathway_scenario_draw_mean_across_strengths,True,True,32,5,0.6551282051282051,0.6744827586206897,0.6248251748251749,0.6718196457326892,0.6648054818744474,0.648322410278932,0.4605860805860805,0.5455357142857142,0.2042194012883669,0.10278669599321777,-0.01648307159551543,0.08494963369963371,-0.10143270529514914
REACTOME_COLLAGEN_BIOSYNTHESIS_AND_MODIFYING_ENZYMES,mixed_direction,10,pathway_scenario_draw_mean_across_strengths,True,True,32,5,0.2672727272727272,0.5193064182194618,0.6857142857142857,0.7416666666666667,0.3932895727460945,0.7136904761904762,0.3471428571428571,0.36028633675692495,0.04614671560323741,0.35340413943355126,0.3204009034443817,0.013143479614067866,0.30725742383031385
REACTOME_COLLAGEN_BIOSYNTHESIS_AND_MODIFYING_ENZYMES,mixed_direction,11,pathway_scenario_draw_mean_across_strengths,True,True,32,5,0.68,0.7050167224080267,0.6375598086124401,0.6361111111111112,0.6925083612040134,0.6368354598617756,0.14149561403508773,0.16533243182330407,0.5510127471689257,0.47150302803847155,-0.05567290134223779,0.023836817788216336,-0.07950971913045413
REACTOME_COLLAGEN_BIOSYNTHESIS_AND_MODIFYING_ENZYMES,mixed_direction,12,pathway_scenario_draw_mean_across_strengths,True,True,32,5,0.5104968944099378,0.8766666666666666,0.4975913978494623,0.7122580645161289,0.6935817805383022,0.6049247311827957,0.15922619047619047,0.18293075684380028,0.5343555900621118,0.4219939743389954,-0.08865704935550656,0.023704566367609814,-0.11236161572311637
REACTOME_COLLAGEN_BIOSYNTHESIS_AND_MODIFYING_ENZYMES,mixed_direction,13,pathway_scenario_draw_mean_across_strengths,True,True,32,5,0.32996181450128825,0.5067340067340067,0.6598442714126806,0.5263651002781436,0.4183479106176475,0.5931046858454121,0.1494358974358974,0.1883233863837312,0.26891201318175006,0.4047812994616809,0.17475677522776462,0.03888748894783378,0.13586928627993083
REACTOME_COLLAGEN_BIOSYNTHESIS_AND_MODIFYING_ENZYMES,mixed_direction,14,pathway_scenario_draw_mean_across_strengths,True,True,32,5,0.2370199692780338,0.494486215538847,0.569047619047619,0.65,0.3657530924084404,0.6095238095238096,0.16868589743589743,0.21766126740551295,0.19706719497254296,0.39186254211829663,0.24377071711536918,0.04897536996961552,0.19479534714575367
REACTOME_COLLAGEN_BIOSYNTHESIS_AND_MODIFYING_ENZYMES,mixed_direction,15,pathway_scenario_draw_mean_across_strengths,True,True,32,5,0.3165484949832776,0.6767025089605735,0.31546153846153846,0.797037037037037,0.49662550197192556,0.5562492877492877,0.15618506493506495,0.2043790849673203,0.3404404370368606,0.35187020278196746,0.05962378577736216,0.04819402003225534,0.011429765745106846
REACTOME_COLLAGEN_BIOSYNTHESIS_AND_MODIFYING_ENZYMES,mixed_direction,16,pathway_scenario_draw_mean_across_strengths,True,True,32,5,0.5253918495297805,0.26892720306513407,0.6686217008797654,0.4941628264208909,0.39715952629745727,0.5813922636503281,0.2470199692780338,0.2081904761904762,0.15013955701942347,0.37320178745985194,0.18423273735287088,-0.03882949308755759,0.22306223044042847
REACTOME_COLLAGEN_BIOSYNTHESIS_AND_MODIFYING_ENZYMES,mixed_direction,17,pathway_scenario_draw_mean_across_strengths,True,True,32,5,0.16036725955204217,0.16587071697365816,0.6212500000000001,0.7933333333333332,0.16311898826285015,0.7072916666666667,0.3570564516129032,0.38172619047619044,-0.19393746335005307,0.3255654761904762,0.5441726784038166,0.024669738863287216,0.5195029395405293
REACTOME_COLLAGEN_BIOSYNTHESIS_AND_MODIFYING_ENZYMES,mixed_direction,18,pathway_scenario_draw_mean_across_strengths,True,True,32,5,0.7240384615384615,0.8625,0.46157349896480326,0.7857142857142857,0.7932692307692308,0.6236438923395444,0.1603796203796204,0.22777946191739296,0.6328896103896104,0.39586443042215147,-0.1696253384296864,0.06739984153777256,-0.23702517996745898
REACTOME_COLLAGEN_BIOSYNTHESIS_AND_MODIFYING_ENZYMES,mixed_direction,19,pathway_scenario_draw_mean_across_strengths,True,True,32,5,0.449047619047619,0.15272590077343898,0.4901993447720585,0.6630541871921183,0.300886759910529,0.5766267659820884,0.13946144574771438,0.138302772742132,0.1614253141628146,0.4383239932399564,0.2757400060715594,-0.0011586730055823669,0.27689867907714183
REACTOME_COLLAGEN_BIOSYNTHESIS_AND_MODIFYING_ENZYMES,mixed_direction,20,pathway_scenario_draw_mean_across_strengths,True,True,32,5,0.6916666666666667,0.678030303030303,0.6784615384615386,0.6834782608695653,0.6848484848484848,0.680969899665552,0.277037037037037,0.23291213134691396,0.4078114478114478,0.44805776831863803,-0.0038785851829328255,-0.04412490569012306,0.040246320507190236
REACTOME_METABOLISM_OF_POLYAMINES,mean_shift,1,pathway_scenario_draw_mean_across_strengths,False,False,58,9,0.38567020939222996,0.876984126984127,0.25848867789890556,0.6277760973314511,0.6313271681881785,0.44313238761517837,0.13547258213924881,0.19700638867305537,0.4958545860489296,0.246125998942123,-0.1881947805730001,0.06153380653380655,-0.24972858710680662
REACTOME_METABOLISM_OF_POLYAMINES,mean_shift,2,pathway_scenario_draw_mean_across_strengths,False,False,58,9,0.3835016835016835,0.6158797629385865,0.15901019298592237,0.7306357050498611,0.49969072322013497,0.4448229490178917,0.17032018680261046,0.3342336644398849,0.3293705364175245,0.11058928457800682,-0.05486777420224326,0.16391347763727443,-0.2187812518395177
REACTOME_METABOLISM_OF_POLYAMINES,mean_shift,3,pathway_scenario_draw_mean_across_strengths,False,False,58,9,0.39656184203768463,0.7209103296059819,0.28789677643699485,0.7120707752286699,0.5587360858218333,0.4999837758328324,0.21226945668112399,0.20778059774948573,0.34646662914070936,0.2922031780833466,-0.05875230998900094,-0.004488858931638251,-0.054263451057362744
REACTOME_METABOLISM_OF_POLYAMINES,mean_shift,4,pathway_scenario_draw_mean_across_strengths,False,False,58,9,0.3532021005631399,0.9009334537789822,0.19920618746279448,0.6503775853775853,0.627067777171061,0.4247918864201899,0.17396912507747656,0.17972541338256487,0.45309865209358446,0.24506647303762502,-0.2022758907508711,0.005756288305088314,-0.20803217905595944
REACTOME_METABOLISM_OF_POLYAMINES,mean_shift,5,pathway_scenario_draw_mean_across_strengths,False,False,58,9,0.26779845695121685,0.8646825396825396,0.36763352441270053,0.7716917684948376,0.5662404983168783,0.5696626464537691,0.2428302793387852,0.40551942302046595,0.3234102189780931,0.16414322343330312,0.0034221481368907902,0.16268914368168075,-0.15926699554478996
REACTOME_METABOLISM_OF_POLYAMINES,mean_shift,6,pathway_scenario_draw_mean_across_strengths,False,False,58,9,0.4806730879486298,0.7739006421281963,0.16107886941423138,0.6854287393969934,0.627286865038413,0.42325380440561244,0.20129947715618904,0.14071226732469955,0.425987387882224,0.2825415370809129,-0.20403306063280058,-0.06058720983148949,-0.14344585080131111
REACTOME_METABOLISM_OF_POLYAMINES,mean_shift,7,pathway_scenario_draw_mean_across_strengths,False,False,58,9,0.2827908877141614,0.823700253048079,0.39059469503540034,0.7321428571428572,0.5532455703811202,0.5613687760891288,0.19889366452833945,0.1629544685600749,0.35435190585278076,0.39841430752905393,0.008123205708008618,-0.03593919596826456,0.04406240167627318
REACTOME_METABOLISM_OF_POLYAMINES,mean_shift,8,pathway_scenario_draw_mean_across_strengths,False,False,58,9,0.28595412250584656,0.7624127750939346,0.45642270662431955,0.6085584886128365,0.5241834487998905,0.532490597618578,0.179865550810481,0.1627162428886567,0.34431789798940954,0.36977435472992126,0.008307148818687438,-0.017149307921824314,0.025456456740511724
REACTOME_METABOLISM_OF_POLYAMINES,mean_shift,9,pathway_scenario_draw_mean_across_strengths,False,False,58,9,0.13324776133655863,0.6868775287892936,0.27352885290195705,0.5085388522348252,0.4100626450629261,0.3910338525683911,0.2748464517781192,0.158770084328595,0.13521619328480688,0.23226376823979614,-0.019028792494534985,-0.11607636744952424,0.09704757495498925
REACTOME_METABOLISM_OF_POLYAMINES,mean_shift,10,pathway_scenario_draw_mean_across_strengths,False,False,58,9,0.5721634332745444,0.8038800705467373,0.16271496971508417,0.847079772079772,0.6880217519106409,0.5048973708974281,0.3457121366217476,0.18644395091763516,0.34230961528889325,0.318453419979793,-0.1831243810132127,-0.15926818570411244,-0.02385619530910027
REACTOME_METABOLISM_OF_POLYAMINES,mean_shift,11,pathway_scenario_draw_mean_across_strengths,False,False,58,9,0.27068547365485773,0.5680218532708953,0.24715030610498445,0.4757925959680345,0.4193536634628765,0.36147145103650946,0.26488762266540045,0.2795838361695139,0.15446604079747606,0.08188761486699558,-0.05788221242636704,0.014696213504113431,-0.07257842593048047
REACTOME_METABOLISM_OF_POLYAMINES,mean_shift,12,pathway_scenario_draw_mean_across_strengths,False,False,58,9,0.2951072471215139,1.0,0.36653247450348897,0.7692239858906526,0.647553623560757,0.5678782301970707,0.2402453981989218,0.2943539941588088,0.4073082253618352,0.2735242360382619,-0.07967539336368623,0.05410859595988701,-0.13378398932357327
REACTOME_METABOLISM_OF_POLYAMINES,mean_shift,13,pathway_scenario_draw_mean_across_strengths,False,False,58,9,0.23163252736423467,0.8975308641975308,0.3943653016762261,0.5749318582651916,0.5645816957808827,0.4846485799707088,0.2846676747115183,0.1352334393774844,0.27991402106936436,0.3494151405932244,-0.07993311581017387,-0.14943423533403394,0.06950111952386007
REACTOME_METABOLISM_OF_POLYAMINES,mean_shift,14,pathway_scenario_draw_mean_across_strengths,False,False,58,9,0.4185701040773504,0.6528228543655039,0.3241956987368508,0.5303658808964412,0.5356964792214272,0.42728078981664597,0.2782617403513004,0.38123496873496876,0.25743473887012674,0.04604582108167721,-0.10841568940478119,0.10297322838366835,-0.21138891778844954
REACTOME_METABOLISM_OF_POLYAMINES,mean_shift,15,pathway_scenario_draw_mean_across_strengths,False,False,58,9,0.2590362388156506,0.7885238862050457,0.1914719395023083,0.39172821404004193,0.5237800625103481,0.2916000767711751,0.11747069881804803,0.2263332827120509,0.4063093636923001,0.06526679405912422,-0.23217998573917303,0.10886258389400286,-0.34104256963317586
REACTOME_METABOLISM_OF_POLYAMINES,mean_shift,16,pathway_scenario_draw_mean_across_strengths,False,False,58,9,0.21110297091457753,0.8445782612449279,0.31907006537529004,0.2569902293321833,0.5278406160797526,0.28803014735373667,0.12959310610124128,0.2711484615879511,0.3982475099785113,0.01688168576578558,-0.23981046872601597,0.1415553554867098,-0.38136582421272575
REACTOME_METABOLISM_OF_POLYAMINES,mean_shift,17,pathway_scenario_draw_mean_across_strengths,False,False,58,9,0.23756836293068181,0.38129189720735074,0.3583496769255283,0.46460939758041203,0.30943013006901626,0.41147953725297015,0.2635493591375944,0.3032413326980665,0.045880770931421844,0.10823820455490363,0.10204940718395389,0.039691973560472105,0.062357433623481784
REACTOME_METABOLISM_OF_POLYAMINES,mean_shift,18,pathway_scenario_draw_mean_across_strengths,False,False,58,9,0.3781490515752642,0.8818681318681318,0.36332739814271964,0.5562762124165633,0.630008591721698,0.4598018052796415,0.24539370899370627,0.20307721514618068,0.3846148827279917,0.25672459013346083,-0.1702067864420565,-0.04231649384752559,-0.12789029259453089
REACTOME_METABOLISM_OF_POLYAMINES,mean_shift,19,pathway_scenario_draw_mean_across_strengths,False,False,58,9,0.46357623857623853,0.8406084656084656,0.34205861556091965,0.7875797042463709,0.6520923520923521,0.5648191599036453,0.21168414475528016,0.4379570046236713,0.44040820733707187,0.12686215527997396,-0.08727319218870677,0.22627285986839116,-0.3135460520570979
REACTOME_METABOLISM_OF_POLYAMINES,mean_shift,20,pathway_scenario_draw_mean_across_strengths,False,False,58,9,0.31459006499991005,0.8731481481481481,0.40342706139807594,0.7098934018051666,0.5938691065740291,0.5566602316016213,0.2281555181176784,0.1422852797485057,0.3657135884563507,0.41437495185311557,-0.03720887497240788,-0.08587023836917271,0.048661363396764856
REACTOME_METABOLISM_OF_POLYAMINES,cell_subset,1,pathway_scenario_draw_mean_across_strengths,False,False,58,9,0.23848441648674784,0.22503532043005725,0.22264225378260466,0.21360703433874165,0.23175986845840255,0.21812464406067317,0.13547258213924881,0.19700638867305537,0.09628728631915373,0.0211182553876178,-0.013635224397729379,0.06153380653380655,-0.07516903093153593
REACTOME_METABOLISM_OF_POLYAMINES,cell_subset,2,pathway_scenario_draw_mean_across_strengths,False,False,58,9,0.1914795636387691,0.15008405175071843,0.24301781389500687,0.20817068467930536,0.17078180769474377,0.2255942492871561,0.17032018680261046,0.3342336644398849,0.0004616208921333076,-0.10863941515272879,0.05481244159241233,0.16391347763727443,-0.1091010360448621
REACTOME_METABOLISM_OF_POLYAMINES,cell_subset,3,pathway_scenario_draw_mean_across_strengths,False,False,58,9,0.24089286375000662,0.1660038644769592,0.21289750373083707,0.21142393244374166,0.2034483641134829,0.21216071808728937,0.21226945668112399,0.20778059774948573,-0.008821092567641076,0.0043801203378036335,0.008712353973806458,-0.004488858931638251,0.01320121290544471
REACTOME_METABOLISM_OF_POLYAMINES,cell_subset,4,pathway_scenario_draw_mean_across_strengths,False,False,58,9,0.20231650669905302,0.15388557859186155,0.1540222951235187,0.1253961565921945,0.17810104264545729,0.1397092258578566,0.17396912507747656,0.17972541338256487,0.004131917567980731,-0.04001618752470826,-0.038391816787600674,0.005756288305088314,-0.04414810509268899
REACTOME_METABOLISM_OF_POLYAMINES,cell_subset,5,pathway_scenario_draw_mean_across_strengths,False,False,58,9,0.33432245270480565,0.2342439879725421,0.16744717278516805,0.13674201487982096,0.28428322033867387,0.15209459383249452,0.2428302793387852,0.40551942302046595,0.041452940999888666,-0.25342482918797143,-0.13218862650617935,0.16268914368168075,-0.2948777701878601
REACTOME_METABOLISM_OF_POLYAMINES,cell_subset,6,pathway_scenario_draw_mean_across_strengths,False,False,58,9,0.45295945332177223,0.21459028912622335,0.25729446979446974,0.1490537590283449,0.3337748712239978,0.2031741144114073,0.20129947715618904,0.14071226732469955,0.13247539406780875,0.06246184708670777,-0.13060075681259048,-0.06058720983148949,-0.07001354698110099
REACTOME_METABOLISM_OF_POLYAMINES,cell_subset,7,pathway_scenario_draw_mean_across_strengths,False,False,58,9,0.22962594394482938,0.3665269798917597,0.14238228039041048,0.11803732833363208,0.2980764619182945,0.1302098043620213,0.19889366452833945,0.1629544685600749,0.09918279738995506,-0.03274466419805361,-0.16786665755627322,-0.03593919596826456,-0.13192746158800867
REACTOME_METABOLISM_OF_POLYAMINES,cell_subset,8,pathway_scenario_draw_mean_across_strengths,False,False,58,9,0.27466345118826907,0.25759164528462947,0.22039900599738327,0.19595238095238096,0.26612754823644924,0.20817569347488213,0.179865550810481,0.1627162428886567,0.08626199742596824,0.04545945058622544,-0.05795185476156711,-0.017149307921824314,-0.0408025468397428
REACTOME_METABOLISM_OF_POLYAMINES,cell_subset,9,pathway_scenario_draw_mean_across_strengths,False,False,58,9,0.19531127227254336,0.39470149676032024,0.4345615032897494,0.256100366231297,0.2950063845164318,0.34533093476052323,0.2748464517781192,0.158770084328595,0.02015993273831257,0.18656085043192824,0.05032455024409144,-0.11607636744952424,0.16640091769361567
REACTOME_METABOLISM_OF_POLYAMINES,cell_subset,10,pathway_scenario_draw_mean_across_strengths,False,False,58,9,0.13874029850220324,0.14355149533067152,0.18169170734038786,0.2603977048997501,0.14114589691643736,0.221044706120069,0.3457121366217476,0.18644395091763516,-0.20456623970531024,0.03460075520243383,0.07989880920363163,-0.15926818570411244,0.23916699490774407
REACTOME_METABOLISM_OF_POLYAMINES,cell_subset,11,pathway_scenario_draw_mean_across_strengths,False,False,58,9,0.24436978650075206,0.3170417844433672,0.14002402773587033,0.2880769928987649,0.28070578547205965,0.21405051031731764,0.26488762266540045,0.2795838361695139,0.01581816280665921,-0.06553332585219623,-0.06665527515474201,0.014696213504113431,-0.08135148865885544
REACTOME_METABOLISM_OF_POLYAMINES,cell_subset,12,pathway_scenario_draw_mean_across_strengths,False,False,58,9,0.130495379446785,0.20459152024898816,0.23982914637885397,0.26253948778103364,0.16754344984788658,0.2511843170799438,0.2402453981989218,0.2943539941588088,-0.07270194835103522,-0.04316967707886499,0.08364086723205724,0.05410859595988701,0.02953227127217023
REACTOME_METABOLISM_OF_POLYAMINES,cell_subset,13,pathway_scenario_draw_mean_across_strengths,False,False,58,9,0.16631056976848996,0.3834873811481998,0.16113590008976042,0.39100076877854656,0.27489897545834485,0.27606833443415346,0.2846676747115183,0.1352334393774844,-0.009768699253173474,0.14083489505666907,0.0011693589758086098,-0.14943423533403394,0.15060359430984255
REACTOME_METABOLISM_OF_POLYAMINES,cell_subset,14,pathway_scenario_draw_mean_across_strengths,False,False,58,9,0.14986676539720323,0.24225258933272573,0.2186752716267264,0.30966434903827905,0.1960596773649645,0.26416981033250275,0.2782617403513004,0.38123496873496876,-0.08220206298633592,-0.11706515840246601,0.06811013296753826,0.10297322838366835,-0.034863095416130085
REACTOME_METABOLISM_OF_POLYAMINES,cell_subset,15,pathway_scenario_draw_mean_across_strengths,False,False,58,9,0.1774200828283749,0.16117871084140412,0.17842342937234762,0.26883373521730136,0.1692993968348895,0.2236285822948245,0.11747069881804803,0.2263332827120509,0.05182869801684148,-0.0027047004172263966,0.05432918545993498,0.10886258389400286,-0.054533398434067876
REACTOME_METABOLISM_OF_POLYAMINES,cell_subset,16,pathway_scenario_draw_mean_across_strengths,False,False,58,9,0.16755373030651338,0.42556064306064306,0.18984082681451098,0.21531290476948914,0.2965571866835782,0.20257686579200007,0.12959310610124128,0.2711484615879511,0.16696408058233694,-0.06857159579595101,-0.09398032089157815,0.1415553554867098,-0.23553567637828796
REACTOME_METABOLISM_OF_POLYAMINES,cell_subset,17,pathway_scenario_draw_mean_across_strengths,False,False,58,9,0.12240201736233483,0.3212700554805818,0.15486367455777159,0.16154304143634443,0.22183603642145833,0.158203357997058,0.2635493591375944,0.3032413326980665,-0.04171332271613609,-0.14503797470100852,-0.06363267842440032,0.039691973560472105,-0.10332465198487242
REACTOME_METABOLISM_OF_POLYAMINES,cell_subset,18,pathway_scenario_draw_mean_across_strengths,False,False,58,9,0.28519879504075807,0.2796170067698942,0.17648530843731491,0.1725840397951711,0.28240790090532614,0.17453467411624302,0.24539370899370627,0.20307721514618068,0.037014191911619865,-0.028542541029937668,-0.10787322678908312,-0.04231649384752559,-0.06555673294155753
REACTOME_METABOLISM_OF_POLYAMINES,cell_subset,19,pathway_scenario_draw_mean_across_strengths,False,False,58,9,0.23929837197157258,0.3302373581011352,0.20565976009657677,0.22800384898508114,0.2847678650363539,0.21683180454082895,0.21168414475528016,0.4379570046236713,0.07308372028107371,-0.22112520008284237,-0.06793606049552492,0.22627285986839116,-0.2942089203639161
REACTOME_METABOLISM_OF_POLYAMINES,cell_subset,20,pathway_scenario_draw_mean_across_strengths,False,False,58,9,0.1359915277579967,0.23277194596797957,0.140763338264732,0.4237064270152506,0.18438173686298814,0.2822348826399913,0.2281555181176784,0.1422852797485057,-0.04377378125469025,0.1399496028914856,0.09785314577700316,-0.08587023836917271,0.18372338414617587
REACTOME_METABOLISM_OF_POLYAMINES,mixed_direction,1,pathway_scenario_draw_mean_across_strengths,False,False,58,9,0.5553091607013176,0.6943138871710299,0.5766196801301164,0.563499424137722,0.6248115239361738,0.5700595521339192,0.13547258213924881,0.19700638867305537,0.48933894179692494,0.37305316346086387,-0.05475197180225455,0.06153380653380655,-0.11628577833606107
REACTOME_METABOLISM_OF_POLYAMINES,mixed_direction,2,pathway_scenario_draw_mean_across_strengths,False,False,58,9,0.4123889578732279,0.860672514619883,0.21151052819850777,0.236367894168567,0.6365307362465554,0.22393921118353738,0.17032018680261046,0.3342336644398849,0.46621054944394497,-0.11029445325634751,-0.41259152506301805,0.16391347763727443,-0.5765050027002925
REACTOME_METABOLISM_OF_POLYAMINES,mixed_direction,3,pathway_scenario_draw_mean_across_strengths,False,False,58,9,0.3965824363248947,0.6596001427390878,0.20673901264855787,0.5471988870697908,0.5280912895319912,0.37696894985917434,0.21226945668112399,0.20778059774948573,0.3158218328508673,0.1691883521096886,-0.1511223396728169,-0.004488858931638251,-0.14663348074117868
REACTOME_METABOLISM_OF_POLYAMINES,mixed_direction,4,pathway_scenario_draw_mean_across_strengths,False,False,58,9,0.5539451617465802,0.8798624543305394,0.34233393312340676,0.4290479186846968,0.7169038080385598,0.3856909259040518,0.17396912507747656,0.17972541338256487,0.5429346829610833,0.20596551252148693,-0.331212882134508,0.005756288305088314,-0.33696917043959634
REACTOME_METABOLISM_OF_POLYAMINES,mixed_direction,5,pathway_scenario_draw_mean_across_strengths,False,False,58,9,0.6370778010715118,0.8994128840620067,0.5399054032387366,0.8033910533910533,0.7682453425667592,0.671648228314895,0.2428302793387852,0.40551942302046595,0.525415063227974,0.26612880529442906,-0.09659711425186424,0.16268914368168075,-0.259286257933545
REACTOME_METABOLISM_OF_POLYAMINES,mixed_direction,6,pathway_scenario_draw_mean_across_strengths,False,False,58,9,0.2075628896938553,0.5558916928482147,0.3526044951069777,0.5226791726791727,0.381727291271035,0.4376418338930752,0.20129947715618904,0.14071226732469955,0.18042781411484596,0.29692956656837566,0.05591454262204021,-0.06058720983148949,0.1165017524535297
REACTOME_METABOLISM_OF_POLYAMINES,mixed_direction,7,pathway_scenario_draw_mean_across_strengths,False,False,58,9,0.37031857031857035,0.861904761904762,0.5311697561697561,0.6645036504304238,0.6161116661116661,0.59783670330009,0.19889366452833945,0.1629544685600749,0.41721800158332667,0.4348822347400151,-0.018274962811576145,-0.03593919596826456,0.017664233156688414
REACTOME_METABOLISM_OF_POLYAMINES,mixed_direction,8,pathway_scenario_draw_mean_across_strengths,False,False,58,9,0.4619688953022286,0.8733333333333334,0.36570737857544694,0.4076688466752659,0.667651114317781,0.3866881126253564,0.179865550810481,0.1627162428886567,0.4877855635073,0.22397186973669972,-0.2809630016924246,-0.017149307921824314,-0.26381369377060027
REACTOME_METABOLISM_OF_POLYAMINES,mixed_direction,9,pathway_scenario_draw_mean_across_strengths,False,False,58,9,0.292211380624079,0.8814555327713223,0.2663572029303213,0.5825941254512682,0.5868334566977006,0.42447566419079474,0.2748464517781192,0.158770084328595,0.31198700491958137,0.2657055798621998,-0.16235779250690585,-0.11607636744952424,-0.04628142505738159
REACTOME_METABOLISM_OF_POLYAMINES,mixed_direction,10,pathway_scenario_draw_mean_across_strengths,False,False,58,9,0.37665516203527893,0.5023829431438127,0.2630768370303254,0.675,0.4395190525895458,0.4690384185151627,0.3457121366217476,0.18644395091763516,0.09380691596779822,0.28259446759752754,0.02951936592561688,-0.15926818570411244,0.18878755162972932
REACTOME_METABOLISM_OF_POLYAMINES,mixed_direction,11,pathway_scenario_draw_mean_across_strengths,False,False,58,9,0.5964387464387463,0.851046176046176,0.3076682904697089,0.5102514333886884,0.7237424612424612,0.40895986192919864,0.26488762266540045,0.2795838361695139,0.4588548385770608,0.12937602575968477,-0.3147825993132626,0.014696213504113431,-0.329478812817376
REACTOME_METABOLISM_OF_POLYAMINES,mixed_direction,12,pathway_scenario_draw_mean_across_strengths,False,False,58,9,0.6445114798055974,0.6976597476597476,0.26180549331453157,0.45936569934103083,0.6710856137326725,0.3605855963277812,0.2402453981989218,0.2943539941588088,0.43084021553375074,0.06623160216897239,-0.3105000174048913,0.05410859595988701,-0.36460861336477834
REACTOME_METABOLISM_OF_POLYAMINES,mixed_direction,13,pathway_scenario_draw_mean_across_strengths,False,False,58,9,0.7303675322832411,0.8796296296296297,0.2629279392409644,0.713903743315508,0.8049985809564354,0.48841584127823623,0.2846676747115183,0.1352334393774844,0.5203309062449171,0.35318240190075184,-0.31658273967819917,-0.14943423533403394,-0.16714850434416523
REACTOME_METABOLISM_OF_POLYAMINES,mixed_direction,14,pathway_scenario_draw_mean_across_strengths,False,False,58,9,0.3948719292785341,0.8665784832451499,0.29251130596544117,0.38291160064615437,0.630725206261842,0.33771145330579777,0.2782617403513004,0.38123496873496876,0.3524634659105416,-0.04352351542917099,-0.29301375295604426,0.10297322838366835,-0.3959869813397126
REACTOME_METABOLISM_OF_POLYAMINES,mixed_direction,15,pathway_scenario_draw_mean_across_strengths,False,False,58,9,0.33715787116573426,0.8522875816993465,0.17637121958053595,0.3564611364611364,0.5947227264325403,0.26641617802083617,0.11747069881804803,0.2263332827120509,0.47725202761449226,0.04008289530878528,-0.32830654841170415,0.10886258389400286,-0.437169132305707
REACTOME_METABOLISM_OF_POLYAMINES,mixed_direction,16,pathway_scenario_draw_mean_across_strengths,False,False,58,9,0.3248696311085848,0.7409812409812409,0.5983950617283951,0.49055580546808614,0.5329254360449128,0.5444754335982406,0.12959310610124128,0.2711484615879511,0.4033323299436715,0.2733269720102895,0.011549997553327751,0.1415553554867098,-0.13000535793338203
REACTOME_METABOLISM_OF_POLYAMINES,mixed_direction,17,pathway_scenario_draw_mean_across_strengths,False,False,58,9,0.4994811374842334,0.818855218855219,0.3303905095571762,0.31510151041996953,0.6591681781697262,0.32274600998857284,0.2635493591375944,0.3032413326980665,0.39561881903213175,0.01950467729050631,-0.33642216818115334,0.039691973560472105,-0.37611414174162544
REACTOME_METABOLISM_OF_POLYAMINES,mixed_direction,18,pathway_scenario_draw_mean_across_strengths,False,False,58,9,0.5624655568412018,0.8342592592592593,0.24711751549986843,0.2046065228564219,0.6983624080502305,0.22586201917814516,0.24539370899370627,0.20307721514618068,0.45296869905652426,0.02278480403196448,-0.47250038887208534,-0.04231649384752559,-0.4301838950245598
REACTOME_METABOLISM_OF_POLYAMINES,mixed_direction,19,pathway_scenario_draw_mean_across_strengths,False,False,58,9,0.6694802897417277,0.8269426289034132,0.3685157881363843,0.4051939294236212,0.7482114593225704,0.38685485878000275,0.21168414475528016,0.4379570046236713,0.5365273145672902,-0.05110214584366857,-0.36135660054256763,0.22627285986839116,-0.5876294604109588
REACTOME_METABOLISM_OF_POLYAMINES,mixed_direction,20,pathway_scenario_draw_mean_across_strengths,False,False,58,9,0.25978321083997413,0.8870863160078846,0.3650321385390125,0.5108059384184479,0.5734347634239294,0.4379190384787302,0.2281555181176784,0.1422852797485057,0.345279245306251,0.2956337587302245,-0.1355157249451992,-0.08587023836917271,-0.049645486576026465
REACTOME_MITOCHONDRIAL_FATTY_ACID_BETA_OXIDATION,mean_shift,1,pathway_scenario_draw_mean_across_strengths,False,False,31,5,0.18914114371385737,0.6133333333333333,0.2157703081232493,0.5898989898989899,0.40123723852359533,0.4028346490111196,0.29873316030156966,0.12628105302187614,0.10250407822202567,0.27655359598924345,0.0015974104875242645,-0.1724521072796935,0.17404951776721778
REACTOME_MITOCHONDRIAL_FATTY_ACID_BETA_OXIDATION,mean_shift,2,pathway_scenario_draw_mean_across_strengths,False,False,31,5,0.4273015873015873,0.8555555555555555,0.42972431077694234,0.6185754985754987,0.6414285714285715,0.5241499046762205,0.49522102747909197,0.25091954022988505,0.1462075439494795,0.2732303644463354,-0.11727866675235099,-0.24430148724920692,0.12702282049685593
REACTOME_MITOCHONDRIAL_FATTY_ACID_BETA_OXIDATION,mean_shift,3,pathway_scenario_draw_mean_across_strengths,False,False,31,5,0.13579365079365077,1.0,0.8416666666666666,0.6532051282051282,0.5678968253968254,0.7474358974358974,0.2062360053739364,0.21150618481688094,0.361660820022889,0.5359297126190166,0.17953907203907205,0.005270179442944528,0.17426889259612754
REACTOME_MITOCHONDRIAL_FATTY_ACID_BETA_OXIDATION,mean_shift,4,pathway_scenario_draw_mean_across_strengths,False,False,31,5,0.3530303030303031,0.885,0.5285714285714286,0.9428571428571428,0.6190151515151515,0.7357142857142858,0.2658294930875576,0.4246390168970814,0.3531856584275939,0.3110752688172044,0.11669913419913425,0.1588095238095238,-0.04211038961038954
REACTOME_MITOCHONDRIAL_FATTY_ACID_BETA_OXIDATION,mean_shift,5,pathway_scenario_draw_mean_across_strengths,False,False,31,5,0.4929243170622481,0.662156862745098,0.7457142857142857,1.0,0.5775405899036731,0.8728571428571428,0.13793950950791883,0.35606758832565283,0.43960108039575424,0.51678955453149,0.2953165529534697,0.218128078817734,0.07718847413573576
REACTOME_MITOCHONDRIAL_FATTY_ACID_BETA_OXIDATION,mean_shift,6,pathway_scenario_draw_mean_across_strengths,False,False,31,5,0.31876750700280115,0.9666666666666666,0.7957142857142856,0.8509090909090908,0.6427170868347338,0.8233116883116882,0.12743145743145742,0.2315061848168809,0.5152856294032764,0.5918055034948073,0.1805946014769544,0.10407472738542348,0.07651987409153094
REACTOME_MITOCHONDRIAL_FATTY_ACID_BETA_OXIDATION,mean_shift,7,pathway_scenario_draw_mean_across_strengths,False,False,31,5,0.6416666666666667,0.925,0.3733893557422969,0.5326406926406927,0.7833333333333334,0.4530150241914948,0.10984427141268076,0.15628105302187614,0.6734890619206527,0.29673397116961864,-0.33031830914183863,0.046436781609195385,-0.3767550907510341
REACTOME_MITOCHONDRIAL_FATTY_ACID_BETA_OXIDATION,mean_shift,8,pathway_scenario_draw_mean_across_strengths,False,False,31,5,0.3859981175665269,0.7393939393939395,0.1359014898145333,0.6944444444444444,0.5626960284802331,0.41517296712948887,0.2730541871921182,0.4990476190476191,0.28964184128811493,-0.0838746519181302,-0.14752306135074428,0.22599343185550086,-0.37351649320624514
REACTOME_MITOCHONDRIAL_FATTY_ACID_BETA_OXIDATION,mean_shift,9,pathway_scenario_draw_mean_across_strengths,False,False,31,5,0.17070370370370372,1.0,0.6133333333333333,0.5878787878787879,0.5853518518518519,0.6006060606060606,0.1503244425825071,0.46115288220551376,0.4350274092693448,0.13945317840054683,0.015254208754208687,0.31082843962300666,-0.29557423086879797
REACTOME_MITOCHONDRIAL_FATTY_ACID_BETA_OXIDATION,mean_shift,10,pathway_scenario_draw_mean_across_strengths,False,False,31,5,0.28673400673400673,1.0,0.7311111111111112,0.5626373626373626,0.6433670033670034,0.6468742368742368,0.21256613756613757,0.2755585571269665,0.4308008658008658,0.37131567974727037,0.003507233507233476,0.0629924195608289,-0.05948518605359543
REACTOME_MITOCHONDRIAL_FATTY_ACID_BETA_OXIDATION,mean_shift,11,pathway_scenario_draw_mean_across_strengths,False,False,31,5,0.19640092165898618,1.0,0.5186578427957738,0.9,0.5982004608294931,0.7093289213978868,0.14302608959449892,0.31717034521788345,0.45517437123499416,0.3921585761800034,0.11112846056839376,0.17414425562338454,-0.06301579505499078
REACTOME_MITOCHONDRIAL_FATTY_ACID_BETA_OXIDATION,mean_shift,12,pathway_scenario_draw_mean_across_strengths,False,False,31,5,0.2897619047619048,1.0,0.6282051282051282,0.5991423001949319,0.6448809523809524,0.61367371420003,0.30349506506347446,0.2538095238095238,0.341385887317478,0.3598641903905062,-0.031207238180922414,-0.04968554125395064,0.018478303073028224
REACTOME_MITOCHONDRIAL_FATTY_ACID_BETA_OXIDATION,mean_shift,13,pathway_scenario_draw_mean_across_strengths,False,False,31,5,0.21702020202020203,0.9266666666666665,0.7527472527472527,0.5938095238095238,0.5718434343434343,0.6732783882783883,0.3776430976430976,0.3314232187811018,0.1942003367003367,0.34185516949728645,0.10143495393495394,-0.0462198788619958,0.14765483279694974
REACTOME_MITOCHONDRIAL_FATTY_ACID_BETA_OXIDATION,mean_shift,14,pathway_scenario_draw_mean_across_strengths,False,False,31,5,0.5958592132505176,0.8909090909090909,0.5905433646812958,0.85,0.7433841520798042,0.7202716823406479,0.3823809523809524,0.49797235023041475,0.36100319969885186,0.22229933211023312,-0.02311246973915637,0.11559139784946237,-0.13870386758861875
REACTOME_MITOCHONDRIAL_FATTY_ACID_BETA_OXIDATION,mean_shift,15,pathway_scenario_draw_mean_across_strengths,False,False,31,5,0.6288888888888888,1.0,0.17594771241830065,0.41422647527910683,0.8144444444444444,0.29508709384870374,0.5798442714126807,0.42666666666666664,0.23460017303176373,-0.1315795728179629,-0.5193573505957407,-0.15317760474601405,-0.3661797458497266
REACTOME_MITOCHONDRIAL_FATTY_ACID_BETA_OXIDATION,mean_shift,16,pathway_scenario_draw_mean_across_strengths,False,False,31,5,0.41981684981684975,1.0,0.25841005967604436,0.6459259259259259,0.7099084249084249,0.45216799280098513,0.49508881922675024,0.19436332767402378,0.21481960568167463,0.2578046651269613,-0.25774043210743974,-0.30072549155272643,0.04298505944528669
REACTOME_MITOCHONDRIAL_FATTY_ACID_BETA_OXIDATION,mean_shift,17,pathway_scenario_draw_mean_across_strengths,False,False,31,5,0.3288370118845501,0.9666666666666666,0.8555555555555555,1.0,0.6477518392756083,0.9277777777777778,0.12249622663415767,0.19992135511191772,0.5252556126414506,0.7278564226658601,0.2800259385021695,0.07742512847776005,0.20260081002440955
REACTOME_MITOCHONDRIAL_FATTY_ACID_BETA_OXIDATION,mean_shift,18,pathway_scenario_draw_mean_across_strengths,False,False,31,5,0.4077896017026452,1.0,0.7344827586206897,0.8909090909090909,0.7038948008513226,0.8126959247648903,0.10608765765606701,0.16282430213464696,0.5978071431952556,0.6498716226302433,0.10880112391356767,0.056736644478579956,0.05206447943498771
REACTOME_MITOCHONDRIAL_FATTY_ACID_BETA_OXIDATION,mean_shift,19,pathway_scenario_draw_mean_across_strengths,False,False,31,5,0.22423941649748103,0.8526315789473685,0.20582010582010582,0.20776975117532395,0.5384354977224248,0.20679492849771489,0.11799880525686976,0.1629477196885428,0.42043669246555504,0.04384720880917209,-0.33164056922470997,0.04494891443167304,-0.37658948365638295
REACTOME_MITOCHONDRIAL_FATTY_ACID_BETA_OXIDATION,mean_shift,20,pathway_scenario_draw_mean_across_strengths,False,False,31,5,0.4875757575757576,1.0,0.8,0.75,0.7437878787878788,0.775,0.14401131126937577,0.3476465356940739,0.599776567518503,0.42735346430592613,0.031212121212121247,0.2036352244246981,-0.1724231032125768
REACTOME_MITOCHONDRIAL_FATTY_ACID_BETA_OXIDATION,cell_subset,1,pathway_scenario_draw_mean_across_strengths,False,False,31,5,0.21200179131213615,0.4413636363636363,0.21431320236074058,0.2879746506674978,0.3266827138378862,0.2511439265141192,0.29873316030156966,0.12628105302187614,0.027949553536316563,0.12486287349224306,-0.07553878732376701,-0.1724521072796935,0.0969133199559265
REACTOME_MITOCHONDRIAL_FATTY_ACID_BETA_OXIDATION,cell_subset,2,pathway_scenario_draw_mean_across_strengths,False,False,31,5,0.29315018315018315,0.39909237300541645,0.43386243386243384,0.5069597069597069,0.3461212780777998,0.4704110704110704,0.49522102747909197,0.25091954022988505,-0.14909974940129217,0.21949153018118533,0.12428979233327059,-0.24430148724920692,0.3685912795824775
REACTOME_MITOCHONDRIAL_FATTY_ACID_BETA_OXIDATION,cell_subset,3,pathway_scenario_draw_mean_across_strengths,False,False,31,5,0.780952380952381,0.5579365079365078,0.395021645021645,0.3765437788018433,0.6694444444444444,0.3857827119117442,0.2062360053739364,0.21150618481688094,0.463208439070508,0.17427652709486324,-0.2836617325327002,0.005270179442944528,-0.2889319119756448
REACTOME_MITOCHONDRIAL_FATTY_ACID_BETA_OXIDATION,cell_subset,4,pathway_scenario_draw_mean_across_strengths,False,False,31,5,0.1419659573835775,0.31077905491698593,0.16244626912549914,0.23255494505494503,0.2263725061502817,0.1975006070902221,0.2658294930875576,0.4246390168970814,-0.039456986937275895,-0.2271384098068593,-0.028871899060059603,0.1588095238095238,-0.1876814228695834
REACTOME_MITOCHONDRIAL_FATTY_ACID_BETA_OXIDATION,cell_subset,5,pathway_scenario_draw_mean_across_strengths,False,False,31,5,0.36237037037037034,0.4244588744588745,0.1187065527065527,0.2832234432234432,0.39341462241462244,0.20096499796499795,0.13793950950791883,0.35606758832565283,0.2554751129067036,-0.15510259036065488,-0.1924496244496245,0.218128078817734,-0.4105777032673585
REACTOME_MITOCHONDRIAL_FATTY_ACID_BETA_OXIDATION,cell_subset,6,pathway_scenario_draw_mean_across_strengths,False,False,31,5,0.6619047619047619,0.6713888888888888,0.12547602461395563,0.31461131461131464,0.6666468253968254,0.22004366961263513,0.12743145743145742,0.2315061848168809,0.539215367965368,-0.011462515204245766,-0.4466031557841903,0.10407472738542348,-0.5506778831696137
REACTOME_MITOCHONDRIAL_FATTY_ACID_BETA_OXIDATION,cell_subset,7,pathway_scenario_draw_mean_across_strengths,False,False,31,5,0.30846560846560844,0.307037037037037,0.1159264251410114,0.13686601143872507,0.3077513227513227,0.12639621828986825,0.10984427141268076,0.15628105302187614,0.19790705133864195,-0.029884834732007898,-0.18135510446145447,0.046436781609195385,-0.22779188607064985
REACTOME_MITOCHONDRIAL_FATTY_ACID_BETA_OXIDATION,cell_subset,8,pathway_scenario_draw_mean_across_strengths,False,False,31,5,0.47244572158365267,0.2694085345990972,0.23952380952380953,0.32104978354978353,0.37092712809137496,0.28028679653679656,0.2730541871921182,0.4990476190476191,0.09787294089925674,-0.21876082251082252,-0.0906403315545784,0.22599343185550086,-0.31663376341007926
REACTOME_MITOCHONDRIAL_FATTY_ACID_BETA_OXIDATION,cell_subset,9,pathway_scenario_draw_mean_across_strengths,False,False,31,5,0.2887254901960784,0.1575815850815851,0.12253945249597424,0.16862745098039217,0.22315353763883175,0.1455834517381832,0.1503244425825071,0.46115288220551376,0.07282909505632465,-0.31556943046733055,-0.07757008590064854,0.31082843962300666,-0.38839852552365517
REACTOME_MITOCHONDRIAL_FATTY_ACID_BETA_OXIDATION,cell_subset,10,pathway_scenario_draw_mean_across_strengths,False,False,31,5,0.4053918495297806,0.639047619047619,0.14056237879767292,0.589047619047619,0.5222197342886998,0.36480499892264595,0.21256613756613757,0.2755585571269665,0.30965359672256226,0.08924644179567948,-0.15741473536605388,0.0629924195608289,-0.2204071549268828
REACTOME_MITOCHONDRIAL_FATTY_ACID_BETA_OXIDATION,cell_subset,11,pathway_scenario_draw_mean_across_strengths,False,False,31,5,0.712156862745098,0.7534782608695652,0.17595989974937346,0.21014406641005107,0.7328175618073316,0.19305198307971227,0.14302608959449892,0.31717034521788345,0.5897914722128327,-0.12411836213817118,-0.5397655787276193,0.17414425562338454,-0.7139098343510039
REACTOME_MITOCHONDRIAL_FATTY_ACID_BETA_OXIDATION,cell_subset,12,pathway_scenario_draw_mean_across_strengths,False,False,31,5,0.18057142857142855,0.20485893416927897,0.4315232525758842,0.49832141293241855,0.19271518137035376,0.4649223327541514,0.30349506506347446,0.2538095238095238,-0.1107798836931207,0.21111280894462758,0.27220715138379764,-0.04968554125395064,0.3218926926377483
REACTOME_MITOCHONDRIAL_FATTY_ACID_BETA_OXIDATION,cell_subset,13,pathway_scenario_draw_mean_across_strengths,False,False,31,5,0.6837719298245614,0.8344827586206897,0.48392473118279566,0.49637769637769635,0.7591273442226255,0.490151213780246,0.3776430976430976,0.3314232187811018,0.3814842465795279,0.1587279949991442,-0.2689761304423795,-0.0462198788619958,-0.2227562515803837
REACTOME_MITOCHONDRIAL_FATTY_ACID_BETA_OXIDATION,cell_subset,14,pathway_scenario_draw_mean_across_strengths,False,False,31,5,0.2139247311827957,0.39513838905973964,0.19701168770453484,0.18118663594470047,0.3045315601212677,0.18909916182461767,0.3823809523809524,0.49797235023041475,-0.07784939225968468,-0.3088731884057971,-0.11543239829665003,0.11559139784946237,-0.2310237961461124
REACTOME_MITOCHONDRIAL_FATTY_ACID_BETA_OXIDATION,cell_subset,15,pathway_scenario_draw_mean_across_strengths,False,False,31,5,0.4926838168217479,0.3303740065451145,0.466060606060606,0.2684435429344151,0.4115289116834312,0.3672520744975105,0.5798442714126807,0.42666666666666664,-0.1683153597292495,-0.05941459216915612,-0.04427683718592068,-0.15317760474601405,0.10890076756009337
REACTOME_MITOCHONDRIAL_FATTY_ACID_BETA_OXIDATION,cell_subset,16,pathway_scenario_draw_mean_across_strengths,False,False,31,5,0.3903333333333333,0.20342857142857143,0.45322270322270314,0.20545209176788126,0.29688095238095236,0.32933739749529223,0.49508881922675024,0.19436332767402378,-0.1982078668457979,0.13497406982126844,0.03245644511433987,-0.30072549155272643,0.3331819366670663
REACTOME_MITOCHONDRIAL_FATTY_ACID_BETA_OXIDATION,cell_subset,17,pathway_scenario_draw_mean_across_strengths,False,False,31,5,0.5187878787878788,0.20493506493506491,0.44391941391941386,0.2734126984126984,0.3618614718614719,0.3586660561660561,0.12249622663415767,0.19992135511191772,0.23936524522731423,0.1587447010541384,-0.0031954156954157598,0.07742512847776005,-0.08062054417317582
REACTOME_MITOCHONDRIAL_FATTY_ACID_BETA_OXIDATION,cell_subset,18,pathway_scenario_draw_mean_across_strengths,False,False,31,5,0.6491452991452991,0.4054545454545454,0.22273425499231952,0.21017316017316018,0.5272999222999222,0.21645370758273985,0.10608765765606701,0.16282430213464696,0.4212122646438552,0.05362940544809289,-0.3108462147171823,0.056736644478579956,-0.3675828591957623
REACTOME_MITOCHONDRIAL_FATTY_ACID_BETA_OXIDATION,cell_subset,19,pathway_scenario_draw_mean_across_strengths,False,False,31,5,0.21218931132724234,0.5486772486772487,0.36484848484848487,0.40277310924369747,0.3804332800022455,0.38381079704609117,0.11799880525686976,0.1629477196885428,0.26243447474537573,0.22086307735754837,0.003377517043845646,0.04494891443167304,-0.041571397387827363
REACTOME_MITOCHONDRIAL_FATTY_ACID_BETA_OXIDATION,cell_subset,20,pathway_scenario_draw_mean_across_strengths,False,False,31,5,0.32984734563681933,0.38333333333333336,0.11756384356384357,0.29349206349206347,0.35659033948507635,0.20552795352795353,0.14401131126937577,0.3476465356940739,0.21257902821570057,-0.14211858216612036,-0.15106238595712282,0.2036352244246981,-0.3546976103818209
REACTOME_MITOCHONDRIAL_FATTY_ACID_BETA_OXIDATION,mixed_direction,1,pathway_scenario_draw_mean_across_strengths,True,False,31,5,0.26596153846153847,0.646031746031746,0.38060606060606056,0.6393939393939394,0.4559966422466422,0.51,0.29873316030156966,0.12628105302187614,0.15726348194507256,0.38371894697812386,0.054003357753357795,-0.1724521072796935,0.2264554650330513
REACTOME_MITOCHONDRIAL_FATTY_ACID_BETA_OXIDATION,mixed_direction,2,pathway_scenario_draw_mean_across_strengths,True,False,31,5,0.38559139784946234,0.41878787878787876,0.2640065681444992,0.6659663865546218,0.40218963831867055,0.4649864773495605,0.49522102747909197,0.25091954022988505,-0.09303138916042142,0.21406693711967545,0.06279683903088995,-0.24430148724920692,0.30709832628009687
REACTOME_MITOCHONDRIAL_FATTY_ACID_BETA_OXIDATION,mixed_direction,3,pathway_scenario_draw_mean_across_strengths,True,False,31,5,0.381993006993007,0.7709090909090909,0.5132275132275133,0.5865384615384616,0.5764510489510489,0.5498829873829874,0.2062360053739364,0.21150618481688094,0.37021504357711255,0.3383768025661064,-0.026568061568061574,0.005270179442944528,-0.03183824101100613
REACTOME_MITOCHONDRIAL_FATTY_ACID_BETA_OXIDATION,mixed_direction,4,pathway_scenario_draw_mean_across_strengths,True,False,31,5,0.45822765469824284,0.8,0.13524993524993523,0.8126315789473685,0.6291138273491215,0.47394075709865185,0.2658294930875576,0.4246390168970814,0.36328433426156387,0.049301740201570465,-0.1551730702504696,0.1588095238095238,-0.3139825940599934
REACTOME_MITOCHONDRIAL_FATTY_ACID_BETA_OXIDATION,mixed_direction,5,pathway_scenario_draw_mean_across_strengths,True,False,31,5,0.21857142857142856,0.836923076923077,0.34445887445887446,0.7169172932330826,0.5277472527472528,0.5306880838459785,0.13793950950791883,0.35606758832565283,0.3898077432393339,0.1746204955203257,0.0029408310987257824,0.218128078817734,-0.2151872477190082
REACTOME_MITOCHONDRIAL_FATTY_ACID_BETA_OXIDATION,mixed_direction,6,pathway_scenario_draw_mean_across_strengths,True,False,31,5,0.7066666666666668,0.8526315789473685,0.4554112554112554,0.717037037037037,0.7796491228070177,0.5862241462241462,0.12743145743145742,0.2315061848168809,0.6522176653755603,0.3547179614072653,-0.1934249765828715,0.10407472738542348,-0.29749970396829495
REACTOME_MITOCHONDRIAL_FATTY_ACID_BETA_OXIDATION,mixed_direction,7,pathway_scenario_draw_mean_across_strengths,True,False,31,5,0.33571428571428574,0.7909090909090909,0.22763532763532765,0.925,0.5633116883116883,0.5763176638176638,0.10984427141268076,0.15628105302187614,0.45346741689900755,0.4200366107957877,0.013005975505975487,0.046436781609195385,-0.03343080610321986
REACTOME_MITOCHONDRIAL_FATTY_ACID_BETA_OXIDATION,mixed_direction,8,pathway_scenario_draw_mean_across_strengths,True,False,31,5,0.5697643097643097,0.7142857142857143,0.557037037037037,0.7551948051948052,0.6420250120250119,0.6561159211159211,0.2730541871921182,0.4990476190476191,0.36897082483289373,0.15706830206830202,0.014090909090909154,0.22599343185550086,-0.2119025227645917
REACTOME_MITOCHONDRIAL_FATTY_ACID_BETA_OXIDATION,mixed_direction,9,pathway_scenario_draw_mean_across_strengths,True,False,31,5,0.3552014652014652,0.7388235294117647,0.2251931075460487,0.7555555555555556,0.5470124973066149,0.4903743315508022,0.1503244425825071,0.46115288220551376,0.39668805472410784,0.02922144934528842,-0.056638165755812764,0.31082843962300666,-0.3674666053788194
REACTOME_MITOCHONDRIAL_FATTY_ACID_BETA_OXIDATION,mixed_direction,10,pathway_scenario_draw_mean_across_strengths,True,False,31,5,0.3288851727982162,0.832258064516129,0.3310675990675991,0.7703703703703704,0.5805716186571727,0.5507189847189847,0.21256613756613757,0.2755585571269665,0.3680054810910351,0.27516042759201825,-0.029852633938187934,0.0629924195608289,-0.09284505349901684
REACTOME_MITOCHONDRIAL_FATTY_ACID_BETA_OXIDATION,mixed_direction,11,pathway_scenario_draw_mean_across_strengths,True,False,31,5,0.3175105897686543,0.7222222222222222,0.18050367855121674,0.5064827586206897,0.5198664059954383,0.3434932185859532,0.14302608959449892,0.31717034521788345,0.3768403164009394,0.026322873368069766,-0.1763731874094851,0.17414425562338454,-0.35051744303286964
REACTOME_MITOCHONDRIAL_FATTY_ACID_BETA_OXIDATION,mixed_direction,12,pathway_scenario_draw_mean_across_strengths,True,False,31,5,0.3601449275362319,0.7642857142857142,0.48277310924369743,0.7424999999999999,0.562215320910973,0.6126365546218486,0.30349506506347446,0.2538095238095238,0.2587202558474986,0.3588270308123248,0.05042123371087559,-0.04968554125395064,0.10010677496482623
REACTOME_MITOCHONDRIAL_FATTY_ACID_BETA_OXIDATION,mixed_direction,13,pathway_scenario_draw_mean_across_strengths,True,False,31,5,0.29523809523809524,0.8433333333333334,0.5053921568627451,0.6976190476190476,0.5692857142857143,0.6015056022408963,0.3776430976430976,0.3314232187811018,0.19164261664261667,0.2700823834597945,0.03221988795518205,-0.0462198788619958,0.07843976681717785
REACTOME_MITOCHONDRIAL_FATTY_ACID_BETA_OXIDATION,mixed_direction,14,pathway_scenario_draw_mean_across_strengths,True,False,31,5,0.4107037037037037,0.7042857142857143,0.23092328718927185,0.65,0.557494708994709,0.4404616435946359,0.3823809523809524,0.49797235023041475,0.1751137566137566,-0.05751070663577884,-0.11703306540007308,0.11559139784946237,-0.23262446324953545
REACTOME_MITOCHONDRIAL_FATTY_ACID_BETA_OXIDATION,mixed_direction,15,pathway_scenario_draw_mean_across_strengths,True,False,31,5,0.3704761904761905,0.2992063492063492,0.15321495235288338,0.49722222222222223,0.33484126984126983,0.3252185872875528,0.5798442714126807,0.42666666666666664,-0.24500300157141086,-0.10144807937911382,-0.00962268255371701,-0.15317760474601405,0.14355492219229704
REACTOME_MITOCHONDRIAL_FATTY_ACID_BETA_OXIDATION,mixed_direction,16,pathway_scenario_draw_mean_across_strengths,True,False,31,5,0.3556159420289855,0.8155555555555555,0.3963097643097643,0.7619047619047619,0.5855857487922704,0.5791072631072631,0.49508881922675024,0.19436332767402378,0.09049692956552019,0.38474393543323937,-0.006478485685007307,-0.30072549155272643,0.2942470058677192
REACTOME_MITOCHONDRIAL_FATTY_ACID_BETA_OXIDATION,mixed_direction,17,pathway_scenario_draw_mean_across_strengths,True,False,31,5,0.36513601488026043,0.6900000000000001,0.19614624505928854,0.52,0.5275680074401302,0.3580731225296443,0.12249622663415767,0.19992135511191772,0.40507178080597256,0.15815176741772657,-0.16949488491048592,0.07742512847776005,-0.24692001338824598
REACTOME_MITOCHONDRIAL_FATTY_ACID_BETA_OXIDATION,mixed_direction,18,pathway_scenario_draw_mean_across_strengths,True,False,31,5,0.21032478632478635,0.5782051282051281,0.2611229350359785,0.5666666666666667,0.39426495726495725,0.4138948008513226,0.10608765765606701,0.16282430213464696,0.28817729960889027,0.25107049871667564,0.019629843586365325,0.056736644478579956,-0.03710680089221463
REACTOME_MITOCHONDRIAL_FATTY_ACID_BETA_OXIDATION,mixed_direction,19,pathway_scenario_draw_mean_across_strengths,True,False,31,5,0.1793809523809524,0.836923076923077,0.46487491548343474,0.4125350140056022,0.5081520146520146,0.4387049647445185,0.11799880525686976,0.1629477196885428,0.39015320939514486,0.27575724505597565,-0.06944704990749617,0.04494891443167304,-0.11439596433916921
REACTOME_MITOCHONDRIAL_FATTY_ACID_BETA_OXIDATION,mixed_direction,20,pathway_scenario_draw_mean_across_strengths,True,False,31,5,0.28764568764568765,0.7144827586206897,0.5584656084656083,0.5183333333333333,0.5010642231331887,0.5383994708994708,0.14401131126937577,0.3476465356940739,0.3570529118638129,0.19075293520539693,0.037335247766282165,0.2036352244246981,-0.16629997665841595
REACTOME_SYNTHESIS_OF_GLYCOSYLPHOSPHATIDYLINOSITOL_GPI,mean_shift,1,pathway_scenario_draw_mean_across_strengths,False,False,17,3,0.1577246283128636,0.3333333333333333,0.8055555555555555,0.8095238095238094,0.24552898082309846,0.8075396825396824,0.5353535353535354,0.5138888888888888,-0.2898245545304369,0.2936507936507936,0.562010701716584,-0.02146464646464652,0.5834753481812305
REACTOME_SYNTHESIS_OF_GLYCOSYLPHOSPHATIDYLINOSITOL_GPI,mean_shift,2,pathway_scenario_draw_mean_across_strengths,False,False,17,3,0.2277167277167277,0.6095238095238095,0.7916666666666666,0.9166666666666666,0.4186202686202686,0.8541666666666666,0.7575757575757575,0.7916666666666666,-0.3389554889554889,0.0625,0.43554639804639805,0.03409090909090917,0.4014554889554889
REACTOME_SYNTHESIS_OF_GLYCOSYLPHOSPHATIDYLINOSITOL_GPI,mean_shift,3,pathway_scenario_draw_mean_across_strengths,False,False,17,3,0.2896825396825397,0.8666666666666667,0.8333333333333334,0.5575757575757575,0.5781746031746032,0.6954545454545454,0.6464646464646464,0.38690476190476186,-0.06829004329004318,0.3085497835497836,0.1172799422799422,-0.25955988455988455,0.37683982683982675
REACTOME_SYNTHESIS_OF_GLYCOSYLPHOSPHATIDYLINOSITOL_GPI,mean_shift,4,pathway_scenario_draw_mean_across_strengths,False,False,17,3,0.14042207792207792,0.2785714285714285,0.6,0.5119047619047619,0.2094967532467532,0.555952380952381,0.3686868686868687,0.6805555555555555,-0.15919011544011546,-0.1246031746031745,0.34645562770562777,0.3118686868686868,0.03458694083694097
REACTOME_SYNTHESIS_OF_GLYCOSYLPHOSPHATIDYLINOSITOL_GPI,mean_shift,5,pathway_scenario_draw_mean_across_strengths,False,False,17,3,0.19215686274509805,0.5444444444444444,0.7666666666666666,0.5909090909090909,0.3683006535947712,0.6787878787878787,0.3131313131313131,0.33134920634920634,0.055169340463458116,0.3474386724386724,0.3104872251931075,0.018217893217893244,0.29226933197521426
REACTOME_SYNTHESIS_OF_GLYCOSYLPHOSPHATIDYLINOSITOL_GPI,mean_shift,6,pathway_scenario_draw_mean_across_strengths,False,False,17,3,0.24107142857142858,0.4166666666666667,0.5777777777777777,0.4102564102564103,0.3288690476190476,0.49401709401709404,0.7222222222222222,0.5317460317460317,-0.3933531746031746,-0.037728937728937706,0.16514804639804642,-0.19047619047619047,0.3556242368742369
REACTOME_SYNTHESIS_OF_GLYCOSYLPHOSPHATIDYLINOSITOL_GPI,mean_shift,7,pathway_scenario_draw_mean_across_strengths,False,False,17,3,0.2277167277167277,0.6095238095238095,0.7916666666666666,0.9166666666666666,0.4186202686202686,0.8541666666666666,0.7222222222222222,0.5317460317460317,-0.30360195360195363,0.3224206349206349,0.43554639804639805,-0.19047619047619047,0.6260225885225885
REACTOME_SYNTHESIS_OF_GLYCOSYLPHOSPHATIDYLINOSITOL_GPI,mean_shift,8,pathway_scenario_draw_mean_across_strengths,False,False,17,3,0.19215686274509805,0.5444444444444444,0.7666666666666666,0.5909090909090909,0.3683006535947712,0.6787878787878787,0.5353535353535354,0.5138888888888888,-0.16705288175876415,0.16489898989898988,0.3104872251931075,-0.02146464646464652,0.331951871657754
REACTOME_SYNTHESIS_OF_GLYCOSYLPHOSPHATIDYLINOSITOL_GPI,mean_shift,9,pathway_scenario_draw_mean_across_strengths,False,False,17,3,0.2277167277167277,0.6095238095238095,0.7916666666666666,0.9166666666666666,0.4186202686202686,0.8541666666666666,0.3686868686868687,0.6805555555555555,0.0499333999333999,0.17361111111111116,0.43554639804639805,0.3118686868686868,0.12367771117771126
REACTOME_SYNTHESIS_OF_GLYCOSYLPHOSPHATIDYLINOSITOL_GPI,mean_shift,10,pathway_scenario_draw_mean_across_strengths,False,False,17,3,0.1577246283128636,0.3333333333333333,0.8055555555555555,0.8095238095238094,0.24552898082309846,0.8075396825396824,0.6464646464646464,0.38690476190476186,-0.4009356656415479,0.4206349206349206,0.562010701716584,-0.25955988455988455,0.8215705862764685
REACTOME_SYNTHESIS_OF_GLYCOSYLPHOSPHATIDYLINOSITOL_GPI,mean_shift,11,pathway_scenario_draw_mean_across_strengths,False,False,17,3,0.1577246283128636,0.3333333333333333,0.8055555555555555,0.8095238095238094,0.24552898082309846,0.8075396825396824,0.5353535353535354,0.5138888888888888,-0.2898245545304369,0.2936507936507936,0.562010701716584,-0.02146464646464652,0.5834753481812305
REACTOME_SYNTHESIS_OF_GLYCOSYLPHOSPHATIDYLINOSITOL_GPI,mean_shift,12,pathway_scenario_draw_mean_across_strengths,False,False,17,3,0.18419312169312171,0.2528138528138528,0.4653679653679654,0.6666666666666666,0.21850348725348728,0.566017316017316,0.3131313131313131,0.33134920634920634,-0.09462782587782581,0.23466810966810964,0.3475138287638287,0.018217893217893244,0.32929593554593545
REACTOME_SYNTHESIS_OF_GLYCOSYLPHOSPHATIDYLINOSITOL_GPI,mean_shift,13,pathway_scenario_draw_mean_across_strengths,False,False,17,3,0.14042207792207792,0.2785714285714285,0.6,0.5119047619047619,0.2094967532467532,0.555952380952381,0.6464646464646464,0.38690476190476186,-0.4369678932178932,0.1690476190476191,0.34645562770562777,-0.25955988455988455,0.6060155122655123
REACTOME_SYNTHESIS_OF_GLYCOSYLPHOSPHATIDYLINOSITOL_GPI,mean_shift,14,pathway_scenario_draw_mean_across_strengths,False,False,17,3,0.19215686274509805,0.5444444444444444,0.7666666666666666,0.5909090909090909,0.3683006535947712,0.6787878787878787,0.7222222222222222,0.5317460317460317,-0.353921568627451,0.14704184704184697,0.3104872251931075,-0.19047619047619047,0.5009634156692979
REACTOME_SYNTHESIS_OF_GLYCOSYLPHOSPHATIDYLINOSITOL_GPI,mean_shift,15,pathway_scenario_draw_mean_across_strengths,False,False,17,3,0.18835978835978837,0.7666666666666666,0.5575757575757575,0.4909090909090909,0.4775132275132275,0.5242424242424242,0.3686868686868687,0.6805555555555555,0.10882635882635883,-0.1563131313131313,0.046729196729196676,0.3118686868686868,-0.2651394901394901
REACTOME_SYNTHESIS_OF_GLYCOSYLPHOSPHATIDYLINOSITOL_GPI,mean_shift,16,pathway_scenario_draw_mean_across_strengths,False,False,17,3,0.24107142857142858,0.4166666666666667,0.5777777777777777,0.4102564102564103,0.3288690476190476,0.49401709401709404,0.5353535353535354,0.5138888888888888,-0.20648448773448774,-0.0198717948717948,0.16514804639804642,-0.02146464646464652,0.18661269286269294
REACTOME_SYNTHESIS_OF_GLYCOSYLPHOSPHATIDYLINOSITOL_GPI,mean_shift,17,pathway_scenario_draw_mean_across_strengths,False,False,17,3,0.2896825396825397,0.8666666666666667,0.8333333333333334,0.5575757575757575,0.5781746031746032,0.6954545454545454,0.5353535353535354,0.5138888888888888,0.04282106782106787,0.1815656565656566,0.1172799422799422,-0.02146464646464652,0.13874458874458873
REACTOME_SYNTHESIS_OF_GLYCOSYLPHOSPHATIDYLINOSITOL_GPI,mean_shift,18,pathway_scenario_draw_mean_across_strengths,False,False,17,3,0.18835978835978837,0.7666666666666666,0.5575757575757575,0.4909090909090909,0.4775132275132275,0.5242424242424242,0.5353535353535354,0.5138888888888888,-0.05784030784030786,0.010353535353535337,0.046729196729196676,-0.02146464646464652,0.0681938431938432
REACTOME_SYNTHESIS_OF_GLYCOSYLPHOSPHATIDYLINOSITOL_GPI,mean_shift,19,pathway_scenario_draw_mean_across_strengths,False,False,17,3,0.2277167277167277,0.6095238095238095,0.7916666666666666,0.9166666666666666,0.4186202686202686,0.8541666666666666,0.7575757575757575,0.7916666666666666,-0.3389554889554889,0.0625,0.43554639804639805,0.03409090909090917,0.4014554889554889
REACTOME_SYNTHESIS_OF_GLYCOSYLPHOSPHATIDYLINOSITOL_GPI,mean_shift,20,pathway_scenario_draw_mean_across_strengths,False,False,17,3,0.2896825396825397,0.8666666666666667,0.8333333333333334,0.5575757575757575,0.5781746031746032,0.6954545454545454,0.3131313131313131,0.33134920634920634,0.26504329004329014,0.3641053391053391,0.1172799422799422,0.018217893217893244,0.09906204906204896
REACTOME_SYNTHESIS_OF_GLYCOSYLPHOSPHATIDYLINOSITOL_GPI,cell_subset,1,pathway_scenario_draw_mean_across_strengths,False,False,17,3,0.46060606060606063,0.5277777777777778,0.5111111111111111,0.5277777777777778,0.4941919191919192,0.5194444444444444,0.5353535353535354,0.5138888888888888,-0.04116161616161618,0.005555555555555536,0.025252525252525193,-0.02146464646464652,0.04671717171717171
REACTOME_SYNTHESIS_OF_GLYCOSYLPHOSPHATIDYLINOSITOL_GPI,cell_subset,2,pathway_scenario_draw_mean_across_strengths,False,False,17,3,0.4791666666666667,0.5,0.5075757575757576,0.7916666666666666,0.48958333333333337,0.6496212121212122,0.7575757575757575,0.7916666666666666,-0.2679924242424241,-0.14204545454545447,0.16003787878787878,0.03409090909090917,0.1259469696969696
REACTOME_SYNTHESIS_OF_GLYCOSYLPHOSPHATIDYLINOSITOL_GPI,cell_subset,3,pathway_scenario_draw_mean_across_strengths,False,False,17,3,0.8333333333333334,0.5254901960784314,0.6984126984126983,0.5555555555555555,0.6794117647058824,0.6269841269841269,0.6464646464646464,0.38690476190476186,0.03294711824123597,0.240079365079365,-0.052427637721755516,-0.25955988455988455,0.20713224683812903
REACTOME_SYNTHESIS_OF_GLYCOSYLPHOSPHATIDYLINOSITOL_GPI,cell_subset,4,pathway_scenario_draw_mean_across_strengths,False,False,17,3,0.4444444444444444,0.38888888888888884,0.1976190476190476,0.15252525252525254,0.41666666666666663,0.17507215007215007,0.3686868686868687,0.6805555555555555,0.047979797979797956,-0.5054834054834054,-0.24159451659451656,0.3118686868686868,-0.5534632034632034
REACTOME_SYNTHESIS_OF_GLYCOSYLPHOSPHATIDYLINOSITOL_GPI,cell_subset,5,pathway_scenario_draw_mean_across_strengths,False,False,17,3,0.5435897435897435,0.5909090909090909,0.6666666666666666,0.3619047619047619,0.5672494172494172,0.5142857142857142,0.3131313131313131,0.33134920634920634,0.25411810411810415,0.1829365079365079,-0.05296370296370301,0.018217893217893244,-0.07118159618159625
REACTOME_SYNTHESIS_OF_GLYCOSYLPHOSPHATIDYLINOSITOL_GPI,cell_subset,6,pathway_scenario_draw_mean_across_strengths,False,False,17,3,0.5380952380952381,0.5909090909090909,0.4909090909090909,0.48433048433048437,0.5645021645021645,0.48761978761978764,0.7222222222222222,0.5317460317460317,-0.1577200577200577,-0.04412624412624411,-0.07688237688237687,-0.19047619047619047,0.1135938135938136
REACTOME_SYNTHESIS_OF_GLYCOSYLPHOSPHATIDYLINOSITOL_GPI,cell_subset,7,pathway_scenario_draw_mean_across_strengths,False,False,17,3,0.29444444444444445,0.38888888888888884,0.1737012987012987,0.24523809523809526,0.3416666666666667,0.20946969696969697,0.7222222222222222,0.5317460317460317,-0.38055555555555554,-0.32227633477633477,-0.1321969696969697,-0.19047619047619047,0.058279220779220764
REACTOME_SYNTHESIS_OF_GLYCOSYLPHOSPHATIDYLINOSITOL_GPI,cell_subset,8,pathway_scenario_draw_mean_across_strengths,False,False,17,3,0.3611111111111111,0.26666666666666666,0.20655270655270655,0.31666666666666665,0.3138888888888889,0.2616096866096866,0.5353535353535354,0.5138888888888888,-0.22146464646464648,-0.25227920227920225,-0.0522792022792023,-0.02146464646464652,-0.030814555814555777
REACTOME_SYNTHESIS_OF_GLYCOSYLPHOSPHATIDYLINOSITOL_GPI,cell_subset,9,pathway_scenario_draw_mean_across_strengths,False,False,17,3,0.38690476190476186,0.5555555555555555,0.2611111111111111,0.5499999999999999,0.47123015873015867,0.40555555555555556,0.3686868686868687,0.6805555555555555,0.10254329004328999,-0.2749999999999999,-0.06567460317460311,0.3118686868686868,-0.3775432900432899
REACTOME_SYNTHESIS_OF_GLYCOSYLPHOSPHATIDYLINOSITOL_GPI,cell_subset,10,pathway_scenario_draw_mean_across_strengths,False,False,17,3,0.23054070112893643,0.286096256684492,0.7000000000000001,0.5317460317460317,0.2583184789067142,0.6158730158730159,0.6464646464646464,0.38690476190476186,-0.3881461675579322,0.22896825396825404,0.3575545369663017,-0.25955988455988455,0.6171144215261862
REACTOME_SYNTHESIS_OF_GLYCOSYLPHOSPHATIDYLINOSITOL_GPI,cell_subset,11,pathway_scenario_draw_mean_across_strengths,False,False,17,3,0.8055555555555555,0.6666666666666666,0.8333333333333334,0.8055555555555555,0.736111111111111,0.8194444444444444,0.5353535353535354,0.5138888888888888,0.2007575757575757,0.3055555555555556,0.08333333333333337,-0.02146464646464652,0.10479797979797989
REACTOME_SYNTHESIS_OF_GLYCOSYLPHOSPHATIDYLINOSITOL_GPI,cell_subset,12,pathway_scenario_draw_mean_across_strengths,False,False,17,3,0.46581196581196577,0.6143790849673202,0.7916666666666666,0.6984126984126983,0.540095525389643,0.7450396825396824,0.3131313131313131,0.33134920634920634,0.2269642122583299,0.4136904761904761,0.20494415715003944,0.018217893217893244,0.1867262639321462
REACTOME_SYNTHESIS_OF_GLYCOSYLPHOSPHATIDYLINOSITOL_GPI,cell_subset,13,pathway_scenario_draw_mean_across_strengths,False,False,17,3,0.24523809523809526,0.18977591036414565,0.3769230769230769,0.5666666666666667,0.21750700280112045,0.4717948717948718,0.6464646464646464,0.38690476190476186,-0.42895764366352596,0.08489010989010992,0.25428786899375133,-0.25955988455988455,0.5138477535536359
REACTOME_SYNTHESIS_OF_GLYCOSYLPHOSPHATIDYLINOSITOL_GPI,cell_subset,14,pathway_scenario_draw_mean_across_strengths,False,False,17,3,0.49107142857142855,0.6428571428571429,0.5694444444444444,0.5285714285714286,0.5669642857142857,0.5490079365079366,0.7222222222222222,0.5317460317460317,-0.1552579365079365,0.01726190476190481,-0.017956349206349143,-0.19047619047619047,0.17251984126984132
REACTOME_SYNTHESIS_OF_GLYCOSYLPHOSPHATIDYLINOSITOL_GPI,cell_subset,15,pathway_scenario_draw_mean_across_strengths,False,False,17,3,0.22857142857142856,0.25,0.3833333333333333,0.46249999999999997,0.23928571428571427,0.4229166666666666,0.3686868686868687,0.6805555555555555,-0.1294011544011544,-0.25763888888888886,0.18363095238095234,0.3118686868686868,-0.12823773448773446
REACTOME_SYNTHESIS_OF_GLYCOSYLPHOSPHATIDYLINOSITOL_GPI,cell_subset,16,pathway_scenario_draw_mean_across_strengths,False,False,17,3,1.0,0.8333333333333334,0.7000000000000001,0.3833333333333333,0.9166666666666667,0.5416666666666667,0.5353535353535354,0.5138888888888888,0.3813131313131314,0.0277777777777779,-0.375,-0.02146464646464652,-0.3535353535353535
REACTOME_SYNTHESIS_OF_GLYCOSYLPHOSPHATIDYLINOSITOL_GPI,cell_subset,17,pathway_scenario_draw_mean_across_strengths,False,False,17,3,0.5158730158730158,0.7666666666666666,0.45128205128205123,0.7666666666666666,0.6412698412698412,0.6089743589743589,0.5353535353535354,0.5138888888888888,0.10591630591630585,0.09508547008547008,-0.03229548229548229,-0.02146464646464652,-0.010830835830835772
REACTOME_SYNTHESIS_OF_GLYCOSYLPHOSPHATIDYLINOSITOL_GPI,cell_subset,18,pathway_scenario_draw_mean_across_strengths,False,False,17,3,0.7916666666666666,0.8333333333333334,0.8666666666666667,0.9166666666666666,0.8125,0.8916666666666666,0.5353535353535354,0.5138888888888888,0.27714646464646464,0.37777777777777777,0.07916666666666661,-0.02146464646464652,0.10063131313131313
REACTOME_SYNTHESIS_OF_GLYCOSYLPHOSPHATIDYLINOSITOL_GPI,cell_subset,19,pathway_scenario_draw_mean_across_strengths,False,False,17,3,0.6984126984126983,0.5916666666666667,0.47222222222222215,0.6388888888888888,0.6450396825396825,0.5555555555555555,0.7575757575757575,0.7916666666666666,-0.11253607503607499,-0.23611111111111116,-0.089484126984127,0.03409090909090917,-0.12357503607503617
REACTOME_SYNTHESIS_OF_GLYCOSYLPHOSPHATIDYLINOSITOL_GPI,cell_subset,20,pathway_scenario_draw_mean_across_strengths,False,False,17,3,0.5666666666666667,0.6,0.7575757575757575,0.6269841269841269,0.5833333333333333,0.6922799422799422,0.3131313131313131,0.33134920634920634,0.27020202020202017,0.3609307359307358,0.1089466089466089,0.018217893217893244,0.09072871572871566
REACTOME_SYNTHESIS_OF_GLYCOSYLPHOSPHATIDYLINOSITOL_GPI,mixed_direction,1,pathway_scenario_draw_mean_across_strengths,True,False,17,3,0.2785714285714285,0.5111111111111111,0.7916666666666666,0.7777777777777778,0.39484126984126977,0.7847222222222222,0.5353535353535354,0.5138888888888888,-0.1405122655122656,0.27083333333333337,0.38988095238095244,-0.02146464646464652,0.41134559884559896
REACTOME_SYNTHESIS_OF_GLYCOSYLPHOSPHATIDYLINOSITOL_GPI,mixed_direction,2,pathway_scenario_draw_mean_across_strengths,True,False,17,3,0.18240740740740743,0.7435897435897436,0.6222222222222221,0.7777777777777778,0.46299857549857554,0.7,0.7575757575757575,0.7916666666666666,-0.2945771820771819,-0.09166666666666667,0.23700142450142442,0.03409090909090917,0.20291051541051525
REACTOME_SYNTHESIS_OF_GLYCOSYLPHOSPHATIDYLINOSITOL_GPI,mixed_direction,3,pathway_scenario_draw_mean_across_strengths,True,False,17,3,0.6666666666666666,0.7000000000000001,1.0,0.7380952380952381,0.6833333333333333,0.8690476190476191,0.6464646464646464,0.38690476190476186,0.03686868686868694,0.4821428571428572,0.18571428571428572,-0.25955988455988455,0.44527417027417027
REACTOME_SYNTHESIS_OF_GLYCOSYLPHOSPHATIDYLINOSITOL_GPI,mixed_direction,4,pathway_scenario_draw_mean_across_strengths,True,False,17,3,0.17976190476190476,0.7291666666666666,0.5873015873015873,0.7435897435897436,0.4544642857142857,0.6654456654456655,0.3686868686868687,0.6805555555555555,0.08577741702741704,-0.015109890109889945,0.21098137973137981,0.3118686868686868,-0.10088730713730698
REACTOME_SYNTHESIS_OF_GLYCOSYLPHOSPHATIDYLINOSITOL_GPI,mixed_direction,5,pathway_scenario_draw_mean_across_strengths,True,False,17,3,0.5909090909090909,0.5396825396825397,0.576923076923077,0.7333333333333334,0.5652958152958153,0.6551282051282052,0.3131313131313131,0.33134920634920634,0.2521645021645022,0.3237789987789989,0.08983238983238995,0.018217893217893244,0.0716144966144967
REACTOME_SYNTHESIS_OF_GLYCOSYLPHOSPHATIDYLINOSITOL_GPI,mixed_direction,6,pathway_scenario_draw_mean_across_strengths,True,False,17,3,0.6984126984126983,0.9166666666666666,0.7435897435897436,0.7777777777777778,0.8075396825396824,0.7606837606837606,0.7222222222222222,0.5317460317460317,0.08531746031746024,0.2289377289377289,-0.0468559218559218,-0.19047619047619047,0.14362026862026867
REACTOME_SYNTHESIS_OF_GLYCOSYLPHOSPHATIDYLINOSITOL_GPI,mixed_direction,7,pathway_scenario_draw_mean_across_strengths,True,False,17,3,0.2528138528138528,0.7000000000000001,0.7333333333333334,0.25,0.47640692640692645,0.4916666666666667,0.7222222222222222,0.5317460317460317,-0.24581529581529576,-0.04007936507936505,0.015259740259740251,-0.19047619047619047,0.20573593073593072
REACTOME_SYNTHESIS_OF_GLYCOSYLPHOSPHATIDYLINOSITOL_GPI,mixed_direction,8,pathway_scenario_draw_mean_across_strengths,True,False,17,3,0.9166666666666666,0.6428571428571429,0.7380952380952381,0.20664983164983164,0.7797619047619048,0.4723725348725349,0.5353535353535354,0.5138888888888888,0.2444083694083694,-0.04151635401635395,-0.3073893698893699,-0.02146464646464652,-0.28592472342472336
REACTOME_SYNTHESIS_OF_GLYCOSYLPHOSPHATIDYLINOSITOL_GPI,mixed_direction,9,pathway_scenario_draw_mean_across_strengths,True,False,17,3,0.19393939393939394,0.5380952380952381,0.75,0.7435897435897436,0.366017316017316,0.7467948717948718,0.3686868686868687,0.6805555555555555,-0.002669552669552655,0.06623931623931634,0.3807775557775558,0.3118686868686868,0.06890886890886899
REACTOME_SYNTHESIS_OF_GLYCOSYLPHOSPHATIDYLINOSITOL_GPI,mixed_direction,10,pathway_scenario_draw_mean_across_strengths,True,False,17,3,0.46581196581196577,0.8055555555555555,0.5074074074074074,0.7916666666666666,0.6356837606837606,0.649537037037037,0.6464646464646464,0.38690476190476186,-0.010780885780885763,0.26263227513227516,0.013853276353276378,-0.25955988455988455,0.2734131609131609
REACTOME_SYNTHESIS_OF_GLYCOSYLPHOSPHATIDYLINOSITOL_GPI,mixed_direction,11,pathway_scenario_draw_mean_across_strengths,True,False,17,3,0.42424242424242425,0.6555555555555556,0.5694444444444444,0.7666666666666666,0.5398989898989899,0.6680555555555555,0.5353535353535354,0.5138888888888888,0.004545454545454519,0.15416666666666667,0.12815656565656564,-0.02146464646464652,0.14962121212121215
REACTOME_SYNTHESIS_OF_GLYCOSYLPHOSPHATIDYLINOSITOL_GPI,mixed_direction,12,pathway_scenario_draw_mean_across_strengths,True,False,17,3,0.75,0.9166666666666666,0.7575757575757575,0.20502645502645503,0.8333333333333333,0.48130110630110623,0.3131313131313131,0.33134920634920634,0.5202020202020201,0.1499518999518999,-0.35203222703222703,0.018217893217893244,-0.3702501202501202
REACTOME_SYNTHESIS_OF_GLYCOSYLPHOSPHATIDYLINOSITOL_GPI,mixed_direction,13,pathway_scenario_draw_mean_across_strengths,True,False,17,3,0.16907166907166907,0.5777777777777777,0.5069444444444444,0.5555555555555555,0.3734247234247234,0.53125,0.6464646464646464,0.38690476190476186,-0.273039923039923,0.14434523809523814,0.15782527657527662,-0.25955988455988455,0.41738516113516116
REACTOME_SYNTHESIS_OF_GLYCOSYLPHOSPHATIDYLINOSITOL_GPI,mixed_direction,14,pathway_scenario_draw_mean_across_strengths,True,False,17,3,0.3032679738562092,0.7291666666666666,0.7291666666666666,0.2366013071895425,0.516217320261438,0.4828839869281046,0.7222222222222222,0.5317460317460317,-0.20600490196078425,-0.048862044817927164,-0.03333333333333338,-0.19047619047619047,0.15714285714285708
REACTOME_SYNTHESIS_OF_GLYCOSYLPHOSPHATIDYLINOSITOL_GPI,mixed_direction,15,pathway_scenario_draw_mean_across_strengths,True,False,17,3,0.49074074074074076,1.0,0.7254901960784313,0.20276292335115864,0.7453703703703703,0.464126559714795,0.3686868686868687,0.6805555555555555,0.3766835016835017,-0.21642899584076047,-0.28124381065557535,0.3118686868686868,-0.5931124975242621
REACTOME_SYNTHESIS_OF_GLYCOSYLPHOSPHATIDYLINOSITOL_GPI,mixed_direction,16,pathway_scenario_draw_mean_across_strengths,True,False,17,3,0.19393939393939394,0.5380952380952381,0.75,0.7435897435897436,0.366017316017316,0.7467948717948718,0.5353535353535354,0.5138888888888888,-0.16933621933621934,0.23290598290598297,0.3807775557775558,-0.02146464646464652,0.4022422022422023
REACTOME_SYNTHESIS_OF_GLYCOSYLPHOSPHATIDYLINOSITOL_GPI,mixed_direction,17,pathway_scenario_draw_mean_across_strengths,True,False,17,3,0.2157407407407407,0.5888888888888889,0.6984126984126983,0.8666666666666667,0.4023148148148148,0.7825396825396824,0.5353535353535354,0.5138888888888888,-0.13303872053872057,0.2686507936507936,0.38022486772486763,-0.02146464646464652,0.40168951418951415
REACTOME_SYNTHESIS_OF_GLYCOSYLPHOSPHATIDYLINOSITOL_GPI,mixed_direction,18,pathway_scenario_draw_mean_across_strengths,True,False,17,3,0.6143790849673202,0.6464646464646464,0.4666666666666666,0.5254901960784314,0.6304218657159832,0.49607843137254903,0.5353535353535354,0.5138888888888888,0.09506833036244788,-0.017810457516339806,-0.1343434343434342,-0.02146464646464652,-0.11287878787878769
REACTOME_SYNTHESIS_OF_GLYCOSYLPHOSPHATIDYLINOSITOL_GPI,mixed_direction,19,pathway_scenario_draw_mean_across_strengths,True,False,17,3,1.0,0.7555555555555555,1.0,0.3242424242424242,0.8777777777777778,0.6621212121212121,0.7575757575757575,0.7916666666666666,0.12020202020202031,-0.12954545454545452,-0.21565656565656566,0.03409090909090917,-0.24974747474747483
REACTOME_SYNTHESIS_OF_GLYCOSYLPHOSPHATIDYLINOSITOL_GPI,mixed_direction,20,pathway_scenario_draw_mean_across_strengths,True,False,17,3,0.16907166907166907,0.5777777777777777,0.5069444444444444,0.5555555555555555,0.3734247234247234,0.53125,0.3131313131313131,0.33134920634920634,0.06029341029341029,0.19990079365079366,0.15782527657527662,0.018217893217893244,0.13960738335738337
