row_type,diagnostic,pathway,draw_id,method,feature,n_genes,truth_count,value,target_feature_rank_percentile_mean,non_target_feature_rank_percentile_mean,status
unit,truth_target_minus_non_target_feature_rank_percentile,KEGG_BUTANOATE_METABOLISM,1,NA,mean_expression,27,5,0.4818181818181818,0.9111111111111111,0.4292929292929293,ESTIMATED
unit,truth_target_minus_non_target_feature_rank_percentile,KEGG_BUTANOATE_METABOLISM,1,NA,detection_fraction,27,5,0.4818181818181818,0.9111111111111111,0.4292929292929293,ESTIMATED
unit,truth_target_minus_non_target_feature_rank_percentile,KEGG_BUTANOATE_METABOLISM,1,NA,expression_sd,27,5,0.4818181818181818,0.9111111111111111,0.4292929292929293,ESTIMATED
unit,spearman_masking_delta_vs_feature,KEGG_BUTANOATE_METABOLISM,1,vanilla_scpa,mean_expression,27,5,0.6761202240644948,,,ESTIMATED
unit,spearman_negative_rank_vs_feature,KEGG_BUTANOATE_METABOLISM,1,vanilla_scpa,mean_expression,27,5,0.6444717146275994,,,ESTIMATED
unit,spearman_masking_delta_vs_feature,KEGG_BUTANOATE_METABOLISM,1,vanilla_scpa,detection_fraction,27,5,0.6616561136725826,,,ESTIMATED
unit,spearman_negative_rank_vs_feature,KEGG_BUTANOATE_METABOLISM,1,vanilla_scpa,detection_fraction,27,5,0.6304216203750546,,,ESTIMATED
unit,spearman_masking_delta_vs_feature,KEGG_BUTANOATE_METABOLISM,1,vanilla_scpa,expression_sd,27,5,0.6816596705975676,,,ESTIMATED
unit,spearman_negative_rank_vs_feature,KEGG_BUTANOATE_METABOLISM,1,vanilla_scpa,expression_sd,27,5,0.6493587039328325,,,ESTIMATED
unit,spearman_masking_delta_vs_feature,KEGG_BUTANOATE_METABOLISM,1,genept_scpa,mean_expression,27,5,-0.1420255049572998,,,ESTIMATED
unit,spearman_negative_rank_vs_feature,KEGG_BUTANOATE_METABOLISM,1,genept_scpa,mean_expression,27,5,-0.14416618450437294,,,ESTIMATED
unit,spearman_masking_delta_vs_feature,KEGG_BUTANOATE_METABOLISM,1,genept_scpa,detection_fraction,27,5,-0.12107597277270893,,,ESTIMATED
unit,spearman_negative_rank_vs_feature,KEGG_BUTANOATE_METABOLISM,1,genept_scpa,detection_fraction,27,5,-0.1240073536202869,,,ESTIMATED
unit,spearman_masking_delta_vs_feature,KEGG_BUTANOATE_METABOLISM,1,genept_scpa,expression_sd,27,5,-0.14017701682336528,,,ESTIMATED
unit,spearman_negative_rank_vs_feature,KEGG_BUTANOATE_METABOLISM,1,genept_scpa,expression_sd,27,5,-0.14294443717806468,,,ESTIMATED
unit,truth_target_minus_non_target_feature_rank_percentile,KEGG_BUTANOATE_METABOLISM,2,NA,mean_expression,27,5,0.38181818181818183,0.8296296296296296,0.44781144781144777,ESTIMATED
unit,truth_target_minus_non_target_feature_rank_percentile,KEGG_BUTANOATE_METABOLISM,2,NA,detection_fraction,27,5,0.3636363636363635,0.8148148148148147,0.4511784511784512,ESTIMATED
unit,truth_target_minus_non_target_feature_rank_percentile,KEGG_BUTANOATE_METABOLISM,2,NA,expression_sd,27,5,0.38181818181818183,0.8296296296296296,0.44781144781144777,ESTIMATED
unit,spearman_masking_delta_vs_feature,KEGG_BUTANOATE_METABOLISM,2,vanilla_scpa,mean_expression,27,5,0.6761202240644948,,,ESTIMATED
unit,spearman_negative_rank_vs_feature,KEGG_BUTANOATE_METABOLISM,2,vanilla_scpa,mean_expression,27,5,0.6444717146275994,,,ESTIMATED
unit,spearman_masking_delta_vs_feature,KEGG_BUTANOATE_METABOLISM,2,vanilla_scpa,detection_fraction,27,5,0.6616561136725826,,,ESTIMATED
unit,spearman_negative_rank_vs_feature,KEGG_BUTANOATE_METABOLISM,2,vanilla_scpa,detection_fraction,27,5,0.6304216203750546,,,ESTIMATED
unit,spearman_masking_delta_vs_feature,KEGG_BUTANOATE_METABOLISM,2,vanilla_scpa,expression_sd,27,5,0.6816596705975676,,,ESTIMATED
unit,spearman_negative_rank_vs_feature,KEGG_BUTANOATE_METABOLISM,2,vanilla_scpa,expression_sd,27,5,0.6493587039328325,,,ESTIMATED
unit,spearman_masking_delta_vs_feature,KEGG_BUTANOATE_METABOLISM,2,genept_scpa,mean_expression,27,5,-0.1420255049572998,,,ESTIMATED
unit,spearman_negative_rank_vs_feature,KEGG_BUTANOATE_METABOLISM,2,genept_scpa,mean_expression,27,5,-0.14416618450437294,,,ESTIMATED
unit,spearman_masking_delta_vs_feature,KEGG_BUTANOATE_METABOLISM,2,genept_scpa,detection_fraction,27,5,-0.12107597277270893,,,ESTIMATED
unit,spearman_negative_rank_vs_feature,KEGG_BUTANOATE_METABOLISM,2,genept_scpa,detection_fraction,27,5,-0.1240073536202869,,,ESTIMATED
unit,spearman_masking_delta_vs_feature,KEGG_BUTANOATE_METABOLISM,2,genept_scpa,expression_sd,27,5,-0.14017701682336528,,,ESTIMATED
unit,spearman_negative_rank_vs_feature,KEGG_BUTANOATE_METABOLISM,2,genept_scpa,expression_sd,27,5,-0.14294443717806468,,,ESTIMATED
unit,truth_target_minus_non_target_feature_rank_percentile,KEGG_BUTANOATE_METABOLISM,3,NA,mean_expression,27,5,0.4818181818181818,0.9111111111111111,0.4292929292929293,ESTIMATED
unit,truth_target_minus_non_target_feature_rank_percentile,KEGG_BUTANOATE_METABOLISM,3,NA,detection_fraction,27,5,0.4818181818181818,0.9111111111111111,0.4292929292929293,ESTIMATED
unit,truth_target_minus_non_target_feature_rank_percentile,KEGG_BUTANOATE_METABOLISM,3,NA,expression_sd,27,5,0.4818181818181818,0.9111111111111111,0.4292929292929293,ESTIMATED
unit,spearman_masking_delta_vs_feature,KEGG_BUTANOATE_METABOLISM,3,vanilla_scpa,mean_expression,27,5,0.6761202240644948,,,ESTIMATED
unit,spearman_negative_rank_vs_feature,KEGG_BUTANOATE_METABOLISM,3,vanilla_scpa,mean_expression,27,5,0.6444717146275994,,,ESTIMATED
unit,spearman_masking_delta_vs_feature,KEGG_BUTANOATE_METABOLISM,3,vanilla_scpa,detection_fraction,27,5,0.6616561136725826,,,ESTIMATED
unit,spearman_negative_rank_vs_feature,KEGG_BUTANOATE_METABOLISM,3,vanilla_scpa,detection_fraction,27,5,0.6304216203750546,,,ESTIMATED
unit,spearman_masking_delta_vs_feature,KEGG_BUTANOATE_METABOLISM,3,vanilla_scpa,expression_sd,27,5,0.6816596705975676,,,ESTIMATED
unit,spearman_negative_rank_vs_feature,KEGG_BUTANOATE_METABOLISM,3,vanilla_scpa,expression_sd,27,5,0.6493587039328325,,,ESTIMATED
unit,spearman_masking_delta_vs_feature,KEGG_BUTANOATE_METABOLISM,3,genept_scpa,mean_expression,27,5,-0.1420255049572998,,,ESTIMATED
unit,spearman_negative_rank_vs_feature,KEGG_BUTANOATE_METABOLISM,3,genept_scpa,mean_expression,27,5,-0.14416618450437294,,,ESTIMATED
unit,spearman_masking_delta_vs_feature,KEGG_BUTANOATE_METABOLISM,3,genept_scpa,detection_fraction,27,5,-0.12107597277270893,,,ESTIMATED
unit,spearman_negative_rank_vs_feature,KEGG_BUTANOATE_METABOLISM,3,genept_scpa,detection_fraction,27,5,-0.1240073536202869,,,ESTIMATED
unit,spearman_masking_delta_vs_feature,KEGG_BUTANOATE_METABOLISM,3,genept_scpa,expression_sd,27,5,-0.14017701682336528,,,ESTIMATED
unit,spearman_negative_rank_vs_feature,KEGG_BUTANOATE_METABOLISM,3,genept_scpa,expression_sd,27,5,-0.14294443717806468,,,ESTIMATED
unit,truth_target_minus_non_target_feature_rank_percentile,KEGG_BUTANOATE_METABOLISM,4,NA,mean_expression,27,5,0.3909090909090909,0.837037037037037,0.44612794612794615,ESTIMATED
unit,truth_target_minus_non_target_feature_rank_percentile,KEGG_BUTANOATE_METABOLISM,4,NA,detection_fraction,27,5,0.3909090909090909,0.837037037037037,0.44612794612794615,ESTIMATED
unit,truth_target_minus_non_target_feature_rank_percentile,KEGG_BUTANOATE_METABOLISM,4,NA,expression_sd,27,5,0.390909090909091,0.837037037037037,0.44612794612794604,ESTIMATED
unit,spearman_masking_delta_vs_feature,KEGG_BUTANOATE_METABOLISM,4,vanilla_scpa,mean_expression,27,5,0.6761202240644948,,,ESTIMATED
unit,spearman_negative_rank_vs_feature,KEGG_BUTANOATE_METABOLISM,4,vanilla_scpa,mean_expression,27,5,0.6444717146275994,,,ESTIMATED
unit,spearman_masking_delta_vs_feature,KEGG_BUTANOATE_METABOLISM,4,vanilla_scpa,detection_fraction,27,5,0.6616561136725826,,,ESTIMATED
unit,spearman_negative_rank_vs_feature,KEGG_BUTANOATE_METABOLISM,4,vanilla_scpa,detection_fraction,27,5,0.6304216203750546,,,ESTIMATED
unit,spearman_masking_delta_vs_feature,KEGG_BUTANOATE_METABOLISM,4,vanilla_scpa,expression_sd,27,5,0.6816596705975676,,,ESTIMATED
unit,spearman_negative_rank_vs_feature,KEGG_BUTANOATE_METABOLISM,4,vanilla_scpa,expression_sd,27,5,0.6493587039328325,,,ESTIMATED
unit,spearman_masking_delta_vs_feature,KEGG_BUTANOATE_METABOLISM,4,genept_scpa,mean_expression,27,5,-0.1420255049572998,,,ESTIMATED
unit,spearman_negative_rank_vs_feature,KEGG_BUTANOATE_METABOLISM,4,genept_scpa,mean_expression,27,5,-0.14416618450437294,,,ESTIMATED
unit,spearman_masking_delta_vs_feature,KEGG_BUTANOATE_METABOLISM,4,genept_scpa,detection_fraction,27,5,-0.12107597277270893,,,ESTIMATED
unit,spearman_negative_rank_vs_feature,KEGG_BUTANOATE_METABOLISM,4,genept_scpa,detection_fraction,27,5,-0.1240073536202869,,,ESTIMATED
unit,spearman_masking_delta_vs_feature,KEGG_BUTANOATE_METABOLISM,4,genept_scpa,expression_sd,27,5,-0.14017701682336528,,,ESTIMATED
unit,spearman_negative_rank_vs_feature,KEGG_BUTANOATE_METABOLISM,4,genept_scpa,expression_sd,27,5,-0.14294443717806468,,,ESTIMATED
unit,truth_target_minus_non_target_feature_rank_percentile,KEGG_BUTANOATE_METABOLISM,5,NA,mean_expression,27,5,0.4272727272727273,0.8666666666666666,0.4393939393939393,ESTIMATED
unit,truth_target_minus_non_target_feature_rank_percentile,KEGG_BUTANOATE_METABOLISM,5,NA,detection_fraction,27,5,0.4272727272727273,0.8666666666666666,0.4393939393939393,ESTIMATED
unit,truth_target_minus_non_target_feature_rank_percentile,KEGG_BUTANOATE_METABOLISM,5,NA,expression_sd,27,5,0.4272727272727273,0.8666666666666666,0.4393939393939393,ESTIMATED
unit,spearman_masking_delta_vs_feature,KEGG_BUTANOATE_METABOLISM,5,vanilla_scpa,mean_expression,27,5,0.6761202240644948,,,ESTIMATED
unit,spearman_negative_rank_vs_feature,KEGG_BUTANOATE_METABOLISM,5,vanilla_scpa,mean_expression,27,5,0.6444717146275994,,,ESTIMATED
unit,spearman_masking_delta_vs_feature,KEGG_BUTANOATE_METABOLISM,5,vanilla_scpa,detection_fraction,27,5,0.6616561136725826,,,ESTIMATED
unit,spearman_negative_rank_vs_feature,KEGG_BUTANOATE_METABOLISM,5,vanilla_scpa,detection_fraction,27,5,0.6304216203750546,,,ESTIMATED
unit,spearman_masking_delta_vs_feature,KEGG_BUTANOATE_METABOLISM,5,vanilla_scpa,expression_sd,27,5,0.6816596705975676,,,ESTIMATED
unit,spearman_negative_rank_vs_feature,KEGG_BUTANOATE_METABOLISM,5,vanilla_scpa,expression_sd,27,5,0.6493587039328325,,,ESTIMATED
unit,spearman_masking_delta_vs_feature,KEGG_BUTANOATE_METABOLISM,5,genept_scpa,mean_expression,27,5,-0.1420255049572998,,,ESTIMATED
unit,spearman_negative_rank_vs_feature,KEGG_BUTANOATE_METABOLISM,5,genept_scpa,mean_expression,27,5,-0.14416618450437294,,,ESTIMATED
unit,spearman_masking_delta_vs_feature,KEGG_BUTANOATE_METABOLISM,5,genept_scpa,detection_fraction,27,5,-0.12107597277270893,,,ESTIMATED
unit,spearman_negative_rank_vs_feature,KEGG_BUTANOATE_METABOLISM,5,genept_scpa,detection_fraction,27,5,-0.1240073536202869,,,ESTIMATED
unit,spearman_masking_delta_vs_feature,KEGG_BUTANOATE_METABOLISM,5,genept_scpa,expression_sd,27,5,-0.14017701682336528,,,ESTIMATED
unit,spearman_negative_rank_vs_feature,KEGG_BUTANOATE_METABOLISM,5,genept_scpa,expression_sd,27,5,-0.14294443717806468,,,ESTIMATED
unit,truth_target_minus_non_target_feature_rank_percentile,KEGG_BUTANOATE_METABOLISM,6,NA,mean_expression,27,5,0.44545454545454555,0.8814814814814815,0.436026936026936,ESTIMATED
unit,truth_target_minus_non_target_feature_rank_percentile,KEGG_BUTANOATE_METABOLISM,6,NA,detection_fraction,27,5,0.4272727272727272,0.8666666666666666,0.4393939393939394,ESTIMATED
unit,truth_target_minus_non_target_feature_rank_percentile,KEGG_BUTANOATE_METABOLISM,6,NA,expression_sd,27,5,0.44545454545454555,0.8814814814814815,0.436026936026936,ESTIMATED
unit,spearman_masking_delta_vs_feature,KEGG_BUTANOATE_METABOLISM,6,vanilla_scpa,mean_expression,27,5,0.6761202240644948,,,ESTIMATED
unit,spearman_negative_rank_vs_feature,KEGG_BUTANOATE_METABOLISM,6,vanilla_scpa,mean_expression,27,5,0.6444717146275994,,,ESTIMATED
unit,spearman_masking_delta_vs_feature,KEGG_BUTANOATE_METABOLISM,6,vanilla_scpa,detection_fraction,27,5,0.6616561136725826,,,ESTIMATED
unit,spearman_negative_rank_vs_feature,KEGG_BUTANOATE_METABOLISM,6,vanilla_scpa,detection_fraction,27,5,0.6304216203750546,,,ESTIMATED
unit,spearman_masking_delta_vs_feature,KEGG_BUTANOATE_METABOLISM,6,vanilla_scpa,expression_sd,27,5,0.6816596705975676,,,ESTIMATED
unit,spearman_negative_rank_vs_feature,KEGG_BUTANOATE_METABOLISM,6,vanilla_scpa,expression_sd,27,5,0.6493587039328325,,,ESTIMATED
unit,spearman_masking_delta_vs_feature,KEGG_BUTANOATE_METABOLISM,6,genept_scpa,mean_expression,27,5,-0.1420255049572998,,,ESTIMATED
unit,spearman_negative_rank_vs_feature,KEGG_BUTANOATE_METABOLISM,6,genept_scpa,mean_expression,27,5,-0.14416618450437294,,,ESTIMATED
unit,spearman_masking_delta_vs_feature,KEGG_BUTANOATE_METABOLISM,6,genept_scpa,detection_fraction,27,5,-0.12107597277270893,,,ESTIMATED
unit,spearman_negative_rank_vs_feature,KEGG_BUTANOATE_METABOLISM,6,genept_scpa,detection_fraction,27,5,-0.1240073536202869,,,ESTIMATED
unit,spearman_masking_delta_vs_feature,KEGG_BUTANOATE_METABOLISM,6,genept_scpa,expression_sd,27,5,-0.14017701682336528,,,ESTIMATED
unit,spearman_negative_rank_vs_feature,KEGG_BUTANOATE_METABOLISM,6,genept_scpa,expression_sd,27,5,-0.14294443717806468,,,ESTIMATED
unit,truth_target_minus_non_target_feature_rank_percentile,KEGG_BUTANOATE_METABOLISM,7,NA,mean_expression,27,5,0.44545454545454555,0.8814814814814815,0.436026936026936,ESTIMATED
unit,truth_target_minus_non_target_feature_rank_percentile,KEGG_BUTANOATE_METABOLISM,7,NA,detection_fraction,27,5,0.46363636363636357,0.8962962962962961,0.4326599326599326,ESTIMATED
unit,truth_target_minus_non_target_feature_rank_percentile,KEGG_BUTANOATE_METABOLISM,7,NA,expression_sd,27,5,0.44545454545454555,0.8814814814814815,0.436026936026936,ESTIMATED
unit,spearman_masking_delta_vs_feature,KEGG_BUTANOATE_METABOLISM,7,vanilla_scpa,mean_expression,27,5,0.6761202240644948,,,ESTIMATED
unit,spearman_negative_rank_vs_feature,KEGG_BUTANOATE_METABOLISM,7,vanilla_scpa,mean_expression,27,5,0.6444717146275994,,,ESTIMATED
unit,spearman_masking_delta_vs_feature,KEGG_BUTANOATE_METABOLISM,7,vanilla_scpa,detection_fraction,27,5,0.6616561136725826,,,ESTIMATED
unit,spearman_negative_rank_vs_feature,KEGG_BUTANOATE_METABOLISM,7,vanilla_scpa,detection_fraction,27,5,0.6304216203750546,,,ESTIMATED
unit,spearman_masking_delta_vs_feature,KEGG_BUTANOATE_METABOLISM,7,vanilla_scpa,expression_sd,27,5,0.6816596705975676,,,ESTIMATED
unit,spearman_negative_rank_vs_feature,KEGG_BUTANOATE_METABOLISM,7,vanilla_scpa,expression_sd,27,5,0.6493587039328325,,,ESTIMATED
unit,spearman_masking_delta_vs_feature,KEGG_BUTANOATE_METABOLISM,7,genept_scpa,mean_expression,27,5,-0.1420255049572998,,,ESTIMATED
unit,spearman_negative_rank_vs_feature,KEGG_BUTANOATE_METABOLISM,7,genept_scpa,mean_expression,27,5,-0.14416618450437294,,,ESTIMATED
unit,spearman_masking_delta_vs_feature,KEGG_BUTANOATE_METABOLISM,7,genept_scpa,detection_fraction,27,5,-0.12107597277270893,,,ESTIMATED
unit,spearman_negative_rank_vs_feature,KEGG_BUTANOATE_METABOLISM,7,genept_scpa,detection_fraction,27,5,-0.1240073536202869,,,ESTIMATED
unit,spearman_masking_delta_vs_feature,KEGG_BUTANOATE_METABOLISM,7,genept_scpa,expression_sd,27,5,-0.14017701682336528,,,ESTIMATED
unit,spearman_negative_rank_vs_feature,KEGG_BUTANOATE_METABOLISM,7,genept_scpa,expression_sd,27,5,-0.14294443717806468,,,ESTIMATED
unit,truth_target_minus_non_target_feature_rank_percentile,KEGG_BUTANOATE_METABOLISM,8,NA,mean_expression,27,5,0.4272727272727272,0.8666666666666666,0.4393939393939394,ESTIMATED
unit,truth_target_minus_non_target_feature_rank_percentile,KEGG_BUTANOATE_METABOLISM,8,NA,detection_fraction,27,5,0.409090909090909,0.8518518518518517,0.44276094276094274,ESTIMATED
unit,truth_target_minus_non_target_feature_rank_percentile,KEGG_BUTANOATE_METABOLISM,8,NA,expression_sd,27,5,0.42727272727272714,0.8666666666666666,0.43939393939393945,ESTIMATED
unit,spearman_masking_delta_vs_feature,KEGG_BUTANOATE_METABOLISM,8,vanilla_scpa,mean_expression,27,5,0.6761202240644948,,,ESTIMATED
unit,spearman_negative_rank_vs_feature,KEGG_BUTANOATE_METABOLISM,8,vanilla_scpa,mean_expression,27,5,0.6444717146275994,,,ESTIMATED
unit,spearman_masking_delta_vs_feature,KEGG_BUTANOATE_METABOLISM,8,vanilla_scpa,detection_fraction,27,5,0.6616561136725826,,,ESTIMATED
unit,spearman_negative_rank_vs_feature,KEGG_BUTANOATE_METABOLISM,8,vanilla_scpa,detection_fraction,27,5,0.6304216203750546,,,ESTIMATED
unit,spearman_masking_delta_vs_feature,KEGG_BUTANOATE_METABOLISM,8,vanilla_scpa,expression_sd,27,5,0.6816596705975676,,,ESTIMATED
unit,spearman_negative_rank_vs_feature,KEGG_BUTANOATE_METABOLISM,8,vanilla_scpa,expression_sd,27,5,0.6493587039328325,,,ESTIMATED
unit,spearman_masking_delta_vs_feature,KEGG_BUTANOATE_METABOLISM,8,genept_scpa,mean_expression,27,5,-0.1420255049572998,,,ESTIMATED
unit,spearman_negative_rank_vs_feature,KEGG_BUTANOATE_METABOLISM,8,genept_scpa,mean_expression,27,5,-0.14416618450437294,,,ESTIMATED
unit,spearman_masking_delta_vs_feature,KEGG_BUTANOATE_METABOLISM,8,genept_scpa,detection_fraction,27,5,-0.12107597277270893,,,ESTIMATED
unit,spearman_negative_rank_vs_feature,KEGG_BUTANOATE_METABOLISM,8,genept_scpa,detection_fraction,27,5,-0.1240073536202869,,,ESTIMATED
unit,spearman_masking_delta_vs_feature,KEGG_BUTANOATE_METABOLISM,8,genept_scpa,expression_sd,27,5,-0.14017701682336528,,,ESTIMATED
unit,spearman_negative_rank_vs_feature,KEGG_BUTANOATE_METABOLISM,8,genept_scpa,expression_sd,27,5,-0.14294443717806468,,,ESTIMATED
unit,truth_target_minus_non_target_feature_rank_percentile,KEGG_BUTANOATE_METABOLISM,9,NA,mean_expression,27,5,0.42727272727272714,0.8666666666666666,0.43939393939393945,ESTIMATED
unit,truth_target_minus_non_target_feature_rank_percentile,KEGG_BUTANOATE_METABOLISM,9,NA,detection_fraction,27,5,0.42727272727272714,0.8666666666666666,0.43939393939393945,ESTIMATED
unit,truth_target_minus_non_target_feature_rank_percentile,KEGG_BUTANOATE_METABOLISM,9,NA,expression_sd,27,5,0.42727272727272714,0.8666666666666666,0.43939393939393945,ESTIMATED
unit,spearman_masking_delta_vs_feature,KEGG_BUTANOATE_METABOLISM,9,vanilla_scpa,mean_expression,27,5,0.6761202240644948,,,ESTIMATED
unit,spearman_negative_rank_vs_feature,KEGG_BUTANOATE_METABOLISM,9,vanilla_scpa,mean_expression,27,5,0.6444717146275994,,,ESTIMATED
unit,spearman_masking_delta_vs_feature,KEGG_BUTANOATE_METABOLISM,9,vanilla_scpa,detection_fraction,27,5,0.6616561136725826,,,ESTIMATED
unit,spearman_negative_rank_vs_feature,KEGG_BUTANOATE_METABOLISM,9,vanilla_scpa,detection_fraction,27,5,0.6304216203750546,,,ESTIMATED
unit,spearman_masking_delta_vs_feature,KEGG_BUTANOATE_METABOLISM,9,vanilla_scpa,expression_sd,27,5,0.6816596705975676,,,ESTIMATED
unit,spearman_negative_rank_vs_feature,KEGG_BUTANOATE_METABOLISM,9,vanilla_scpa,expression_sd,27,5,0.6493587039328325,,,ESTIMATED
unit,spearman_masking_delta_vs_feature,KEGG_BUTANOATE_METABOLISM,9,genept_scpa,mean_expression,27,5,-0.1420255049572998,,,ESTIMATED
unit,spearman_negative_rank_vs_feature,KEGG_BUTANOATE_METABOLISM,9,genept_scpa,mean_expression,27,5,-0.14416618450437294,,,ESTIMATED
unit,spearman_masking_delta_vs_feature,KEGG_BUTANOATE_METABOLISM,9,genept_scpa,detection_fraction,27,5,-0.12107597277270893,,,ESTIMATED
unit,spearman_negative_rank_vs_feature,KEGG_BUTANOATE_METABOLISM,9,genept_scpa,detection_fraction,27,5,-0.1240073536202869,,,ESTIMATED
unit,spearman_masking_delta_vs_feature,KEGG_BUTANOATE_METABOLISM,9,genept_scpa,expression_sd,27,5,-0.14017701682336528,,,ESTIMATED
unit,spearman_negative_rank_vs_feature,KEGG_BUTANOATE_METABOLISM,9,genept_scpa,expression_sd,27,5,-0.14294443717806468,,,ESTIMATED
unit,truth_target_minus_non_target_feature_rank_percentile,KEGG_BUTANOATE_METABOLISM,10,NA,mean_expression,27,5,0.409090909090909,0.8518518518518517,0.44276094276094274,ESTIMATED
unit,truth_target_minus_non_target_feature_rank_percentile,KEGG_BUTANOATE_METABOLISM,10,NA,detection_fraction,27,5,0.3909090909090909,0.837037037037037,0.44612794612794615,ESTIMATED
unit,truth_target_minus_non_target_feature_rank_percentile,KEGG_BUTANOATE_METABOLISM,10,NA,expression_sd,27,5,0.409090909090909,0.8518518518518517,0.44276094276094274,ESTIMATED
unit,spearman_masking_delta_vs_feature,KEGG_BUTANOATE_METABOLISM,10,vanilla_scpa,mean_expression,27,5,0.6761202240644948,,,ESTIMATED
unit,spearman_negative_rank_vs_feature,KEGG_BUTANOATE_METABOLISM,10,vanilla_scpa,mean_expression,27,5,0.6444717146275994,,,ESTIMATED
unit,spearman_masking_delta_vs_feature,KEGG_BUTANOATE_METABOLISM,10,vanilla_scpa,detection_fraction,27,5,0.6616561136725826,,,ESTIMATED
unit,spearman_negative_rank_vs_feature,KEGG_BUTANOATE_METABOLISM,10,vanilla_scpa,detection_fraction,27,5,0.6304216203750546,,,ESTIMATED
unit,spearman_masking_delta_vs_feature,KEGG_BUTANOATE_METABOLISM,10,vanilla_scpa,expression_sd,27,5,0.6816596705975676,,,ESTIMATED
unit,spearman_negative_rank_vs_feature,KEGG_BUTANOATE_METABOLISM,10,vanilla_scpa,expression_sd,27,5,0.6493587039328325,,,ESTIMATED
unit,spearman_masking_delta_vs_feature,KEGG_BUTANOATE_METABOLISM,10,genept_scpa,mean_expression,27,5,-0.1420255049572998,,,ESTIMATED
unit,spearman_negative_rank_vs_feature,KEGG_BUTANOATE_METABOLISM,10,genept_scpa,mean_expression,27,5,-0.14416618450437294,,,ESTIMATED
unit,spearman_masking_delta_vs_feature,KEGG_BUTANOATE_METABOLISM,10,genept_scpa,detection_fraction,27,5,-0.12107597277270893,,,ESTIMATED
unit,spearman_negative_rank_vs_feature,KEGG_BUTANOATE_METABOLISM,10,genept_scpa,detection_fraction,27,5,-0.1240073536202869,,,ESTIMATED
unit,spearman_masking_delta_vs_feature,KEGG_BUTANOATE_METABOLISM,10,genept_scpa,expression_sd,27,5,-0.14017701682336528,,,ESTIMATED
unit,spearman_negative_rank_vs_feature,KEGG_BUTANOATE_METABOLISM,10,genept_scpa,expression_sd,27,5,-0.14294443717806468,,,ESTIMATED
unit,truth_target_minus_non_target_feature_rank_percentile,KEGG_BUTANOATE_METABOLISM,11,NA,mean_expression,27,5,0.409090909090909,0.8518518518518517,0.44276094276094274,ESTIMATED
unit,truth_target_minus_non_target_feature_rank_percentile,KEGG_BUTANOATE_METABOLISM,11,NA,detection_fraction,27,5,0.42727272727272714,0.8666666666666666,0.43939393939393945,ESTIMATED
unit,truth_target_minus_non_target_feature_rank_percentile,KEGG_BUTANOATE_METABOLISM,11,NA,expression_sd,27,5,0.409090909090909,0.8518518518518517,0.44276094276094274,ESTIMATED
unit,spearman_masking_delta_vs_feature,KEGG_BUTANOATE_METABOLISM,11,vanilla_scpa,mean_expression,27,5,0.6761202240644948,,,ESTIMATED
unit,spearman_negative_rank_vs_feature,KEGG_BUTANOATE_METABOLISM,11,vanilla_scpa,mean_expression,27,5,0.6444717146275994,,,ESTIMATED
unit,spearman_masking_delta_vs_feature,KEGG_BUTANOATE_METABOLISM,11,vanilla_scpa,detection_fraction,27,5,0.6616561136725826,,,ESTIMATED
unit,spearman_negative_rank_vs_feature,KEGG_BUTANOATE_METABOLISM,11,vanilla_scpa,detection_fraction,27,5,0.6304216203750546,,,ESTIMATED
unit,spearman_masking_delta_vs_feature,KEGG_BUTANOATE_METABOLISM,11,vanilla_scpa,expression_sd,27,5,0.6816596705975676,,,ESTIMATED
unit,spearman_negative_rank_vs_feature,KEGG_BUTANOATE_METABOLISM,11,vanilla_scpa,expression_sd,27,5,0.6493587039328325,,,ESTIMATED
unit,spearman_masking_delta_vs_feature,KEGG_BUTANOATE_METABOLISM,11,genept_scpa,mean_expression,27,5,-0.1420255049572998,,,ESTIMATED
unit,spearman_negative_rank_vs_feature,KEGG_BUTANOATE_METABOLISM,11,genept_scpa,mean_expression,27,5,-0.14416618450437294,,,ESTIMATED
unit,spearman_masking_delta_vs_feature,KEGG_BUTANOATE_METABOLISM,11,genept_scpa,detection_fraction,27,5,-0.12107597277270893,,,ESTIMATED
unit,spearman_negative_rank_vs_feature,KEGG_BUTANOATE_METABOLISM,11,genept_scpa,detection_fraction,27,5,-0.1240073536202869,,,ESTIMATED
unit,spearman_masking_delta_vs_feature,KEGG_BUTANOATE_METABOLISM,11,genept_scpa,expression_sd,27,5,-0.14017701682336528,,,ESTIMATED
unit,spearman_negative_rank_vs_feature,KEGG_BUTANOATE_METABOLISM,11,genept_scpa,expression_sd,27,5,-0.14294443717806468,,,ESTIMATED
unit,truth_target_minus_non_target_feature_rank_percentile,KEGG_BUTANOATE_METABOLISM,12,NA,mean_expression,27,5,0.4090909090909089,0.8518518518518517,0.44276094276094285,ESTIMATED
unit,truth_target_minus_non_target_feature_rank_percentile,KEGG_BUTANOATE_METABOLISM,12,NA,detection_fraction,27,5,0.4090909090909089,0.8518518518518517,0.44276094276094285,ESTIMATED
unit,truth_target_minus_non_target_feature_rank_percentile,KEGG_BUTANOATE_METABOLISM,12,NA,expression_sd,27,5,0.409090909090909,0.8518518518518517,0.44276094276094274,ESTIMATED
unit,spearman_masking_delta_vs_feature,KEGG_BUTANOATE_METABOLISM,12,vanilla_scpa,mean_expression,27,5,0.6761202240644948,,,ESTIMATED
unit,spearman_negative_rank_vs_feature,KEGG_BUTANOATE_METABOLISM,12,vanilla_scpa,mean_expression,27,5,0.6444717146275994,,,ESTIMATED
unit,spearman_masking_delta_vs_feature,KEGG_BUTANOATE_METABOLISM,12,vanilla_scpa,detection_fraction,27,5,0.6616561136725826,,,ESTIMATED
unit,spearman_negative_rank_vs_feature,KEGG_BUTANOATE_METABOLISM,12,vanilla_scpa,detection_fraction,27,5,0.6304216203750546,,,ESTIMATED
unit,spearman_masking_delta_vs_feature,KEGG_BUTANOATE_METABOLISM,12,vanilla_scpa,expression_sd,27,5,0.6816596705975676,,,ESTIMATED
unit,spearman_negative_rank_vs_feature,KEGG_BUTANOATE_METABOLISM,12,vanilla_scpa,expression_sd,27,5,0.6493587039328325,,,ESTIMATED
unit,spearman_masking_delta_vs_feature,KEGG_BUTANOATE_METABOLISM,12,genept_scpa,mean_expression,27,5,-0.1420255049572998,,,ESTIMATED
unit,spearman_negative_rank_vs_feature,KEGG_BUTANOATE_METABOLISM,12,genept_scpa,mean_expression,27,5,-0.14416618450437294,,,ESTIMATED
unit,spearman_masking_delta_vs_feature,KEGG_BUTANOATE_METABOLISM,12,genept_scpa,detection_fraction,27,5,-0.12107597277270893,,,ESTIMATED
unit,spearman_negative_rank_vs_feature,KEGG_BUTANOATE_METABOLISM,12,genept_scpa,detection_fraction,27,5,-0.1240073536202869,,,ESTIMATED
unit,spearman_masking_delta_vs_feature,KEGG_BUTANOATE_METABOLISM,12,genept_scpa,expression_sd,27,5,-0.14017701682336528,,,ESTIMATED
unit,spearman_negative_rank_vs_feature,KEGG_BUTANOATE_METABOLISM,12,genept_scpa,expression_sd,27,5,-0.14294443717806468,,,ESTIMATED
unit,truth_target_minus_non_target_feature_rank_percentile,KEGG_BUTANOATE_METABOLISM,13,NA,mean_expression,27,5,0.4454545454545455,0.8814814814814815,0.43602693602693604,ESTIMATED
unit,truth_target_minus_non_target_feature_rank_percentile,KEGG_BUTANOATE_METABOLISM,13,NA,detection_fraction,27,5,0.42727272727272714,0.8666666666666666,0.43939393939393945,ESTIMATED
unit,truth_target_minus_non_target_feature_rank_percentile,KEGG_BUTANOATE_METABOLISM,13,NA,expression_sd,27,5,0.4454545454545455,0.8814814814814815,0.43602693602693604,ESTIMATED
unit,spearman_masking_delta_vs_feature,KEGG_BUTANOATE_METABOLISM,13,vanilla_scpa,mean_expression,27,5,0.6761202240644948,,,ESTIMATED
unit,spearman_negative_rank_vs_feature,KEGG_BUTANOATE_METABOLISM,13,vanilla_scpa,mean_expression,27,5,0.6444717146275994,,,ESTIMATED
unit,spearman_masking_delta_vs_feature,KEGG_BUTANOATE_METABOLISM,13,vanilla_scpa,detection_fraction,27,5,0.6616561136725826,,,ESTIMATED
unit,spearman_negative_rank_vs_feature,KEGG_BUTANOATE_METABOLISM,13,vanilla_scpa,detection_fraction,27,5,0.6304216203750546,,,ESTIMATED
unit,spearman_masking_delta_vs_feature,KEGG_BUTANOATE_METABOLISM,13,vanilla_scpa,expression_sd,27,5,0.6816596705975676,,,ESTIMATED
unit,spearman_negative_rank_vs_feature,KEGG_BUTANOATE_METABOLISM,13,vanilla_scpa,expression_sd,27,5,0.6493587039328325,,,ESTIMATED
unit,spearman_masking_delta_vs_feature,KEGG_BUTANOATE_METABOLISM,13,genept_scpa,mean_expression,27,5,-0.1420255049572998,,,ESTIMATED
unit,spearman_negative_rank_vs_feature,KEGG_BUTANOATE_METABOLISM,13,genept_scpa,mean_expression,27,5,-0.14416618450437294,,,ESTIMATED
unit,spearman_masking_delta_vs_feature,KEGG_BUTANOATE_METABOLISM,13,genept_scpa,detection_fraction,27,5,-0.12107597277270893,,,ESTIMATED
unit,spearman_negative_rank_vs_feature,KEGG_BUTANOATE_METABOLISM,13,genept_scpa,detection_fraction,27,5,-0.1240073536202869,,,ESTIMATED
unit,spearman_masking_delta_vs_feature,KEGG_BUTANOATE_METABOLISM,13,genept_scpa,expression_sd,27,5,-0.14017701682336528,,,ESTIMATED
unit,spearman_negative_rank_vs_feature,KEGG_BUTANOATE_METABOLISM,13,genept_scpa,expression_sd,27,5,-0.14294443717806468,,,ESTIMATED
unit,truth_target_minus_non_target_feature_rank_percentile,KEGG_BUTANOATE_METABOLISM,14,NA,mean_expression,27,5,0.46363636363636357,0.8962962962962961,0.4326599326599326,ESTIMATED
unit,truth_target_minus_non_target_feature_rank_percentile,KEGG_BUTANOATE_METABOLISM,14,NA,detection_fraction,27,5,0.44545454545454555,0.8814814814814815,0.436026936026936,ESTIMATED
unit,truth_target_minus_non_target_feature_rank_percentile,KEGG_BUTANOATE_METABOLISM,14,NA,expression_sd,27,5,0.46363636363636357,0.8962962962962961,0.4326599326599326,ESTIMATED
unit,spearman_masking_delta_vs_feature,KEGG_BUTANOATE_METABOLISM,14,vanilla_scpa,mean_expression,27,5,0.6761202240644948,,,ESTIMATED
unit,spearman_negative_rank_vs_feature,KEGG_BUTANOATE_METABOLISM,14,vanilla_scpa,mean_expression,27,5,0.6444717146275994,,,ESTIMATED
unit,spearman_masking_delta_vs_feature,KEGG_BUTANOATE_METABOLISM,14,vanilla_scpa,detection_fraction,27,5,0.6616561136725826,,,ESTIMATED
unit,spearman_negative_rank_vs_feature,KEGG_BUTANOATE_METABOLISM,14,vanilla_scpa,detection_fraction,27,5,0.6304216203750546,,,ESTIMATED
unit,spearman_masking_delta_vs_feature,KEGG_BUTANOATE_METABOLISM,14,vanilla_scpa,expression_sd,27,5,0.6816596705975676,,,ESTIMATED
unit,spearman_negative_rank_vs_feature,KEGG_BUTANOATE_METABOLISM,14,vanilla_scpa,expression_sd,27,5,0.6493587039328325,,,ESTIMATED
unit,spearman_masking_delta_vs_feature,KEGG_BUTANOATE_METABOLISM,14,genept_scpa,mean_expression,27,5,-0.1420255049572998,,,ESTIMATED
unit,spearman_negative_rank_vs_feature,KEGG_BUTANOATE_METABOLISM,14,genept_scpa,mean_expression,27,5,-0.14416618450437294,,,ESTIMATED
unit,spearman_masking_delta_vs_feature,KEGG_BUTANOATE_METABOLISM,14,genept_scpa,detection_fraction,27,5,-0.12107597277270893,,,ESTIMATED
unit,spearman_negative_rank_vs_feature,KEGG_BUTANOATE_METABOLISM,14,genept_scpa,detection_fraction,27,5,-0.1240073536202869,,,ESTIMATED
unit,spearman_masking_delta_vs_feature,KEGG_BUTANOATE_METABOLISM,14,genept_scpa,expression_sd,27,5,-0.14017701682336528,,,ESTIMATED
unit,spearman_negative_rank_vs_feature,KEGG_BUTANOATE_METABOLISM,14,genept_scpa,expression_sd,27,5,-0.14294443717806468,,,ESTIMATED
unit,truth_target_minus_non_target_feature_rank_percentile,KEGG_BUTANOATE_METABOLISM,15,NA,mean_expression,27,5,0.44545454545454555,0.8814814814814815,0.436026936026936,ESTIMATED
unit,truth_target_minus_non_target_feature_rank_percentile,KEGG_BUTANOATE_METABOLISM,15,NA,detection_fraction,27,5,0.46363636363636357,0.8962962962962961,0.4326599326599326,ESTIMATED
unit,truth_target_minus_non_target_feature_rank_percentile,KEGG_BUTANOATE_METABOLISM,15,NA,expression_sd,27,5,0.44545454545454555,0.8814814814814815,0.436026936026936,ESTIMATED
unit,spearman_masking_delta_vs_feature,KEGG_BUTANOATE_METABOLISM,15,vanilla_scpa,mean_expression,27,5,0.6761202240644948,,,ESTIMATED
unit,spearman_negative_rank_vs_feature,KEGG_BUTANOATE_METABOLISM,15,vanilla_scpa,mean_expression,27,5,0.6444717146275994,,,ESTIMATED
unit,spearman_masking_delta_vs_feature,KEGG_BUTANOATE_METABOLISM,15,vanilla_scpa,detection_fraction,27,5,0.6616561136725826,,,ESTIMATED
unit,spearman_negative_rank_vs_feature,KEGG_BUTANOATE_METABOLISM,15,vanilla_scpa,detection_fraction,27,5,0.6304216203750546,,,ESTIMATED
unit,spearman_masking_delta_vs_feature,KEGG_BUTANOATE_METABOLISM,15,vanilla_scpa,expression_sd,27,5,0.6816596705975676,,,ESTIMATED
unit,spearman_negative_rank_vs_feature,KEGG_BUTANOATE_METABOLISM,15,vanilla_scpa,expression_sd,27,5,0.6493587039328325,,,ESTIMATED
unit,spearman_masking_delta_vs_feature,KEGG_BUTANOATE_METABOLISM,15,genept_scpa,mean_expression,27,5,-0.1420255049572998,,,ESTIMATED
unit,spearman_negative_rank_vs_feature,KEGG_BUTANOATE_METABOLISM,15,genept_scpa,mean_expression,27,5,-0.14416618450437294,,,ESTIMATED
unit,spearman_masking_delta_vs_feature,KEGG_BUTANOATE_METABOLISM,15,genept_scpa,detection_fraction,27,5,-0.12107597277270893,,,ESTIMATED
unit,spearman_negative_rank_vs_feature,KEGG_BUTANOATE_METABOLISM,15,genept_scpa,detection_fraction,27,5,-0.1240073536202869,,,ESTIMATED
unit,spearman_masking_delta_vs_feature,KEGG_BUTANOATE_METABOLISM,15,genept_scpa,expression_sd,27,5,-0.14017701682336528,,,ESTIMATED
unit,spearman_negative_rank_vs_feature,KEGG_BUTANOATE_METABOLISM,15,genept_scpa,expression_sd,27,5,-0.14294443717806468,,,ESTIMATED
unit,truth_target_minus_non_target_feature_rank_percentile,KEGG_BUTANOATE_METABOLISM,16,NA,mean_expression,27,5,0.39999999999999986,0.8444444444444444,0.4444444444444446,ESTIMATED
unit,truth_target_minus_non_target_feature_rank_percentile,KEGG_BUTANOATE_METABOLISM,16,NA,detection_fraction,27,5,0.39999999999999986,0.8444444444444444,0.4444444444444446,ESTIMATED
unit,truth_target_minus_non_target_feature_rank_percentile,KEGG_BUTANOATE_METABOLISM,16,NA,expression_sd,27,5,0.39999999999999986,0.8444444444444444,0.4444444444444446,ESTIMATED
unit,spearman_masking_delta_vs_feature,KEGG_BUTANOATE_METABOLISM,16,vanilla_scpa,mean_expression,27,5,0.6761202240644948,,,ESTIMATED
unit,spearman_negative_rank_vs_feature,KEGG_BUTANOATE_METABOLISM,16,vanilla_scpa,mean_expression,27,5,0.6444717146275994,,,ESTIMATED
unit,spearman_masking_delta_vs_feature,KEGG_BUTANOATE_METABOLISM,16,vanilla_scpa,detection_fraction,27,5,0.6616561136725826,,,ESTIMATED
unit,spearman_negative_rank_vs_feature,KEGG_BUTANOATE_METABOLISM,16,vanilla_scpa,detection_fraction,27,5,0.6304216203750546,,,ESTIMATED
unit,spearman_masking_delta_vs_feature,KEGG_BUTANOATE_METABOLISM,16,vanilla_scpa,expression_sd,27,5,0.6816596705975676,,,ESTIMATED
unit,spearman_negative_rank_vs_feature,KEGG_BUTANOATE_METABOLISM,16,vanilla_scpa,expression_sd,27,5,0.6493587039328325,,,ESTIMATED
unit,spearman_masking_delta_vs_feature,KEGG_BUTANOATE_METABOLISM,16,genept_scpa,mean_expression,27,5,-0.1420255049572998,,,ESTIMATED
unit,spearman_negative_rank_vs_feature,KEGG_BUTANOATE_METABOLISM,16,genept_scpa,mean_expression,27,5,-0.14416618450437294,,,ESTIMATED
unit,spearman_masking_delta_vs_feature,KEGG_BUTANOATE_METABOLISM,16,genept_scpa,detection_fraction,27,5,-0.12107597277270893,,,ESTIMATED
unit,spearman_negative_rank_vs_feature,KEGG_BUTANOATE_METABOLISM,16,genept_scpa,detection_fraction,27,5,-0.1240073536202869,,,ESTIMATED
unit,spearman_masking_delta_vs_feature,KEGG_BUTANOATE_METABOLISM,16,genept_scpa,expression_sd,27,5,-0.14017701682336528,,,ESTIMATED
unit,spearman_negative_rank_vs_feature,KEGG_BUTANOATE_METABOLISM,16,genept_scpa,expression_sd,27,5,-0.14294443717806468,,,ESTIMATED
unit,truth_target_minus_non_target_feature_rank_percentile,KEGG_BUTANOATE_METABOLISM,17,NA,mean_expression,27,5,0.3818181818181817,0.8296296296296296,0.4478114478114479,ESTIMATED
unit,truth_target_minus_non_target_feature_rank_percentile,KEGG_BUTANOATE_METABOLISM,17,NA,detection_fraction,27,5,0.4,0.8444444444444444,0.4444444444444444,ESTIMATED
unit,truth_target_minus_non_target_feature_rank_percentile,KEGG_BUTANOATE_METABOLISM,17,NA,expression_sd,27,5,0.38181818181818183,0.8296296296296296,0.44781144781144777,ESTIMATED
unit,spearman_masking_delta_vs_feature,KEGG_BUTANOATE_METABOLISM,17,vanilla_scpa,mean_expression,27,5,0.6761202240644948,,,ESTIMATED
unit,spearman_negative_rank_vs_feature,KEGG_BUTANOATE_METABOLISM,17,vanilla_scpa,mean_expression,27,5,0.6444717146275994,,,ESTIMATED
unit,spearman_masking_delta_vs_feature,KEGG_BUTANOATE_METABOLISM,17,vanilla_scpa,detection_fraction,27,5,0.6616561136725826,,,ESTIMATED
unit,spearman_negative_rank_vs_feature,KEGG_BUTANOATE_METABOLISM,17,vanilla_scpa,detection_fraction,27,5,0.6304216203750546,,,ESTIMATED
unit,spearman_masking_delta_vs_feature,KEGG_BUTANOATE_METABOLISM,17,vanilla_scpa,expression_sd,27,5,0.6816596705975676,,,ESTIMATED
unit,spearman_negative_rank_vs_feature,KEGG_BUTANOATE_METABOLISM,17,vanilla_scpa,expression_sd,27,5,0.6493587039328325,,,ESTIMATED
unit,spearman_masking_delta_vs_feature,KEGG_BUTANOATE_METABOLISM,17,genept_scpa,mean_expression,27,5,-0.1420255049572998,,,ESTIMATED
unit,spearman_negative_rank_vs_feature,KEGG_BUTANOATE_METABOLISM,17,genept_scpa,mean_expression,27,5,-0.14416618450437294,,,ESTIMATED
unit,spearman_masking_delta_vs_feature,KEGG_BUTANOATE_METABOLISM,17,genept_scpa,detection_fraction,27,5,-0.12107597277270893,,,ESTIMATED
unit,spearman_negative_rank_vs_feature,KEGG_BUTANOATE_METABOLISM,17,genept_scpa,detection_fraction,27,5,-0.1240073536202869,,,ESTIMATED
unit,spearman_masking_delta_vs_feature,KEGG_BUTANOATE_METABOLISM,17,genept_scpa,expression_sd,27,5,-0.14017701682336528,,,ESTIMATED
unit,spearman_negative_rank_vs_feature,KEGG_BUTANOATE_METABOLISM,17,genept_scpa,expression_sd,27,5,-0.14294443717806468,,,ESTIMATED
unit,truth_target_minus_non_target_feature_rank_percentile,KEGG_BUTANOATE_METABOLISM,18,NA,mean_expression,27,5,0.39999999999999986,0.8444444444444444,0.4444444444444446,ESTIMATED
unit,truth_target_minus_non_target_feature_rank_percentile,KEGG_BUTANOATE_METABOLISM,18,NA,detection_fraction,27,5,0.39999999999999986,0.8444444444444444,0.4444444444444446,ESTIMATED
unit,truth_target_minus_non_target_feature_rank_percentile,KEGG_BUTANOATE_METABOLISM,18,NA,expression_sd,27,5,0.39999999999999986,0.8444444444444444,0.4444444444444446,ESTIMATED
unit,spearman_masking_delta_vs_feature,KEGG_BUTANOATE_METABOLISM,18,vanilla_scpa,mean_expression,27,5,0.6761202240644948,,,ESTIMATED
unit,spearman_negative_rank_vs_feature,KEGG_BUTANOATE_METABOLISM,18,vanilla_scpa,mean_expression,27,5,0.6444717146275994,,,ESTIMATED
unit,spearman_masking_delta_vs_feature,KEGG_BUTANOATE_METABOLISM,18,vanilla_scpa,detection_fraction,27,5,0.6616561136725826,,,ESTIMATED
unit,spearman_negative_rank_vs_feature,KEGG_BUTANOATE_METABOLISM,18,vanilla_scpa,detection_fraction,27,5,0.6304216203750546,,,ESTIMATED
unit,spearman_masking_delta_vs_feature,KEGG_BUTANOATE_METABOLISM,18,vanilla_scpa,expression_sd,27,5,0.6816596705975676,,,ESTIMATED
unit,spearman_negative_rank_vs_feature,KEGG_BUTANOATE_METABOLISM,18,vanilla_scpa,expression_sd,27,5,0.6493587039328325,,,ESTIMATED
unit,spearman_masking_delta_vs_feature,KEGG_BUTANOATE_METABOLISM,18,genept_scpa,mean_expression,27,5,-0.1420255049572998,,,ESTIMATED
unit,spearman_negative_rank_vs_feature,KEGG_BUTANOATE_METABOLISM,18,genept_scpa,mean_expression,27,5,-0.14416618450437294,,,ESTIMATED
unit,spearman_masking_delta_vs_feature,KEGG_BUTANOATE_METABOLISM,18,genept_scpa,detection_fraction,27,5,-0.12107597277270893,,,ESTIMATED
unit,spearman_negative_rank_vs_feature,KEGG_BUTANOATE_METABOLISM,18,genept_scpa,detection_fraction,27,5,-0.1240073536202869,,,ESTIMATED
unit,spearman_masking_delta_vs_feature,KEGG_BUTANOATE_METABOLISM,18,genept_scpa,expression_sd,27,5,-0.14017701682336528,,,ESTIMATED
unit,spearman_negative_rank_vs_feature,KEGG_BUTANOATE_METABOLISM,18,genept_scpa,expression_sd,27,5,-0.14294443717806468,,,ESTIMATED
unit,truth_target_minus_non_target_feature_rank_percentile,KEGG_BUTANOATE_METABOLISM,19,NA,mean_expression,27,5,0.39999999999999986,0.8444444444444444,0.4444444444444446,ESTIMATED
unit,truth_target_minus_non_target_feature_rank_percentile,KEGG_BUTANOATE_METABOLISM,19,NA,detection_fraction,27,5,0.39999999999999986,0.8444444444444444,0.4444444444444446,ESTIMATED
unit,truth_target_minus_non_target_feature_rank_percentile,KEGG_BUTANOATE_METABOLISM,19,NA,expression_sd,27,5,0.39999999999999986,0.8444444444444444,0.4444444444444446,ESTIMATED
unit,spearman_masking_delta_vs_feature,KEGG_BUTANOATE_METABOLISM,19,vanilla_scpa,mean_expression,27,5,0.6761202240644948,,,ESTIMATED
unit,spearman_negative_rank_vs_feature,KEGG_BUTANOATE_METABOLISM,19,vanilla_scpa,mean_expression,27,5,0.6444717146275994,,,ESTIMATED
unit,spearman_masking_delta_vs_feature,KEGG_BUTANOATE_METABOLISM,19,vanilla_scpa,detection_fraction,27,5,0.6616561136725826,,,ESTIMATED
unit,spearman_negative_rank_vs_feature,KEGG_BUTANOATE_METABOLISM,19,vanilla_scpa,detection_fraction,27,5,0.6304216203750546,,,ESTIMATED
unit,spearman_masking_delta_vs_feature,KEGG_BUTANOATE_METABOLISM,19,vanilla_scpa,expression_sd,27,5,0.6816596705975676,,,ESTIMATED
unit,spearman_negative_rank_vs_feature,KEGG_BUTANOATE_METABOLISM,19,vanilla_scpa,expression_sd,27,5,0.6493587039328325,,,ESTIMATED
unit,spearman_masking_delta_vs_feature,KEGG_BUTANOATE_METABOLISM,19,genept_scpa,mean_expression,27,5,-0.1420255049572998,,,ESTIMATED
unit,spearman_negative_rank_vs_feature,KEGG_BUTANOATE_METABOLISM,19,genept_scpa,mean_expression,27,5,-0.14416618450437294,,,ESTIMATED
unit,spearman_masking_delta_vs_feature,KEGG_BUTANOATE_METABOLISM,19,genept_scpa,detection_fraction,27,5,-0.12107597277270893,,,ESTIMATED
unit,spearman_negative_rank_vs_feature,KEGG_BUTANOATE_METABOLISM,19,genept_scpa,detection_fraction,27,5,-0.1240073536202869,,,ESTIMATED
unit,spearman_masking_delta_vs_feature,KEGG_BUTANOATE_METABOLISM,19,genept_scpa,expression_sd,27,5,-0.14017701682336528,,,ESTIMATED
unit,spearman_negative_rank_vs_feature,KEGG_BUTANOATE_METABOLISM,19,genept_scpa,expression_sd,27,5,-0.14294443717806468,,,ESTIMATED
unit,truth_target_minus_non_target_feature_rank_percentile,KEGG_BUTANOATE_METABOLISM,20,NA,mean_expression,27,5,0.4,0.8444444444444444,0.4444444444444444,ESTIMATED
unit,truth_target_minus_non_target_feature_rank_percentile,KEGG_BUTANOATE_METABOLISM,20,NA,detection_fraction,27,5,0.38181818181818183,0.8296296296296296,0.44781144781144777,ESTIMATED
unit,truth_target_minus_non_target_feature_rank_percentile,KEGG_BUTANOATE_METABOLISM,20,NA,expression_sd,27,5,0.40000000000000013,0.8444444444444444,0.4444444444444443,ESTIMATED
unit,spearman_masking_delta_vs_feature,KEGG_BUTANOATE_METABOLISM,20,vanilla_scpa,mean_expression,27,5,0.6761202240644948,,,ESTIMATED
unit,spearman_negative_rank_vs_feature,KEGG_BUTANOATE_METABOLISM,20,vanilla_scpa,mean_expression,27,5,0.6444717146275994,,,ESTIMATED
unit,spearman_masking_delta_vs_feature,KEGG_BUTANOATE_METABOLISM,20,vanilla_scpa,detection_fraction,27,5,0.6616561136725826,,,ESTIMATED
unit,spearman_negative_rank_vs_feature,KEGG_BUTANOATE_METABOLISM,20,vanilla_scpa,detection_fraction,27,5,0.6304216203750546,,,ESTIMATED
unit,spearman_masking_delta_vs_feature,KEGG_BUTANOATE_METABOLISM,20,vanilla_scpa,expression_sd,27,5,0.6816596705975676,,,ESTIMATED
unit,spearman_negative_rank_vs_feature,KEGG_BUTANOATE_METABOLISM,20,vanilla_scpa,expression_sd,27,5,0.6493587039328325,,,ESTIMATED
unit,spearman_masking_delta_vs_feature,KEGG_BUTANOATE_METABOLISM,20,genept_scpa,mean_expression,27,5,-0.1420255049572998,,,ESTIMATED
unit,spearman_negative_rank_vs_feature,KEGG_BUTANOATE_METABOLISM,20,genept_scpa,mean_expression,27,5,-0.14416618450437294,,,ESTIMATED
unit,spearman_masking_delta_vs_feature,KEGG_BUTANOATE_METABOLISM,20,genept_scpa,detection_fraction,27,5,-0.12107597277270893,,,ESTIMATED
unit,spearman_negative_rank_vs_feature,KEGG_BUTANOATE_METABOLISM,20,genept_scpa,detection_fraction,27,5,-0.1240073536202869,,,ESTIMATED
unit,spearman_masking_delta_vs_feature,KEGG_BUTANOATE_METABOLISM,20,genept_scpa,expression_sd,27,5,-0.14017701682336528,,,ESTIMATED
unit,spearman_negative_rank_vs_feature,KEGG_BUTANOATE_METABOLISM,20,genept_scpa,expression_sd,27,5,-0.14294443717806468,,,ESTIMATED
unit,truth_target_minus_non_target_feature_rank_percentile,KEGG_GLUTATHIONE_METABOLISM,1,NA,mean_expression,35,6,0.44252873563218376,0.8809523809523808,0.43842364532019706,ESTIMATED
unit,truth_target_minus_non_target_feature_rank_percentile,KEGG_GLUTATHIONE_METABOLISM,1,NA,detection_fraction,35,6,0.44252873563218376,0.8809523809523808,0.43842364532019706,ESTIMATED
unit,truth_target_minus_non_target_feature_rank_percentile,KEGG_GLUTATHIONE_METABOLISM,1,NA,expression_sd,35,6,0.44252873563218376,0.8809523809523808,0.43842364532019706,ESTIMATED
unit,spearman_masking_delta_vs_feature,KEGG_GLUTATHIONE_METABOLISM,1,vanilla_scpa,mean_expression,35,6,-0.36702905946180975,,,ESTIMATED
unit,spearman_negative_rank_vs_feature,KEGG_GLUTATHIONE_METABOLISM,1,vanilla_scpa,mean_expression,35,6,-0.36271907995199315,,,ESTIMATED
unit,spearman_masking_delta_vs_feature,KEGG_GLUTATHIONE_METABOLISM,1,vanilla_scpa,detection_fraction,35,6,-0.3619370728723337,,,ESTIMATED
unit,spearman_negative_rank_vs_feature,KEGG_GLUTATHIONE_METABOLISM,1,vanilla_scpa,detection_fraction,35,6,-0.3581191056423841,,,ESTIMATED
unit,spearman_masking_delta_vs_feature,KEGG_GLUTATHIONE_METABOLISM,1,vanilla_scpa,expression_sd,35,6,-0.36333318202338716,,,ESTIMATED
unit,spearman_negative_rank_vs_feature,KEGG_GLUTATHIONE_METABOLISM,1,vanilla_scpa,expression_sd,35,6,-0.3587947622399933,,,ESTIMATED
unit,spearman_masking_delta_vs_feature,KEGG_GLUTATHIONE_METABOLISM,1,genept_scpa,mean_expression,35,6,-0.04413799800443552,,,ESTIMATED
unit,spearman_negative_rank_vs_feature,KEGG_GLUTATHIONE_METABOLISM,1,genept_scpa,mean_expression,35,6,-0.04947443401199907,,,ESTIMATED
unit,spearman_masking_delta_vs_feature,KEGG_GLUTATHIONE_METABOLISM,1,genept_scpa,detection_fraction,35,6,-0.0487244339470972,,,ESTIMATED
unit,spearman_negative_rank_vs_feature,KEGG_GLUTATHIONE_METABOLISM,1,genept_scpa,detection_fraction,35,6,-0.05410331693853632,,,ESTIMATED
unit,spearman_masking_delta_vs_feature,KEGG_GLUTATHIONE_METABOLISM,1,genept_scpa,expression_sd,35,6,-0.04724034930187189,,,ESTIMATED
unit,spearman_negative_rank_vs_feature,KEGG_GLUTATHIONE_METABOLISM,1,genept_scpa,expression_sd,35,6,-0.052557826499999016,,,ESTIMATED
unit,truth_target_minus_non_target_feature_rank_percentile,KEGG_GLUTATHIONE_METABOLISM,2,NA,mean_expression,35,6,0.42528735632183906,0.8666666666666666,0.4413793103448275,ESTIMATED
unit,truth_target_minus_non_target_feature_rank_percentile,KEGG_GLUTATHIONE_METABOLISM,2,NA,detection_fraction,35,6,0.42528735632183895,0.8666666666666666,0.44137931034482764,ESTIMATED
unit,truth_target_minus_non_target_feature_rank_percentile,KEGG_GLUTATHIONE_METABOLISM,2,NA,expression_sd,35,6,0.42528735632183906,0.8666666666666666,0.4413793103448275,ESTIMATED
unit,spearman_masking_delta_vs_feature,KEGG_GLUTATHIONE_METABOLISM,2,vanilla_scpa,mean_expression,35,6,-0.36702905946180975,,,ESTIMATED
unit,spearman_negative_rank_vs_feature,KEGG_GLUTATHIONE_METABOLISM,2,vanilla_scpa,mean_expression,35,6,-0.36271907995199315,,,ESTIMATED
unit,spearman_masking_delta_vs_feature,KEGG_GLUTATHIONE_METABOLISM,2,vanilla_scpa,detection_fraction,35,6,-0.3619370728723337,,,ESTIMATED
unit,spearman_negative_rank_vs_feature,KEGG_GLUTATHIONE_METABOLISM,2,vanilla_scpa,detection_fraction,35,6,-0.3581191056423841,,,ESTIMATED
unit,spearman_masking_delta_vs_feature,KEGG_GLUTATHIONE_METABOLISM,2,vanilla_scpa,expression_sd,35,6,-0.36333318202338716,,,ESTIMATED
unit,spearman_negative_rank_vs_feature,KEGG_GLUTATHIONE_METABOLISM,2,vanilla_scpa,expression_sd,35,6,-0.3587947622399933,,,ESTIMATED
unit,spearman_masking_delta_vs_feature,KEGG_GLUTATHIONE_METABOLISM,2,genept_scpa,mean_expression,35,6,-0.04413799800443552,,,ESTIMATED
unit,spearman_negative_rank_vs_feature,KEGG_GLUTATHIONE_METABOLISM,2,genept_scpa,mean_expression,35,6,-0.04947443401199907,,,ESTIMATED
unit,spearman_masking_delta_vs_feature,KEGG_GLUTATHIONE_METABOLISM,2,genept_scpa,detection_fraction,35,6,-0.0487244339470972,,,ESTIMATED
unit,spearman_negative_rank_vs_feature,KEGG_GLUTATHIONE_METABOLISM,2,genept_scpa,detection_fraction,35,6,-0.05410331693853632,,,ESTIMATED
unit,spearman_masking_delta_vs_feature,KEGG_GLUTATHIONE_METABOLISM,2,genept_scpa,expression_sd,35,6,-0.04724034930187189,,,ESTIMATED
unit,spearman_negative_rank_vs_feature,KEGG_GLUTATHIONE_METABOLISM,2,genept_scpa,expression_sd,35,6,-0.052557826499999016,,,ESTIMATED
unit,truth_target_minus_non_target_feature_rank_percentile,KEGG_GLUTATHIONE_METABOLISM,3,NA,mean_expression,35,6,0.42528735632183895,0.8666666666666666,0.44137931034482764,ESTIMATED
unit,truth_target_minus_non_target_feature_rank_percentile,KEGG_GLUTATHIONE_METABOLISM,3,NA,detection_fraction,35,6,0.42528735632183895,0.8666666666666666,0.44137931034482764,ESTIMATED
unit,truth_target_minus_non_target_feature_rank_percentile,KEGG_GLUTATHIONE_METABOLISM,3,NA,expression_sd,35,6,0.42528735632183895,0.8666666666666666,0.44137931034482764,ESTIMATED
unit,spearman_masking_delta_vs_feature,KEGG_GLUTATHIONE_METABOLISM,3,vanilla_scpa,mean_expression,35,6,-0.36702905946180975,,,ESTIMATED
unit,spearman_negative_rank_vs_feature,KEGG_GLUTATHIONE_METABOLISM,3,vanilla_scpa,mean_expression,35,6,-0.36271907995199315,,,ESTIMATED
unit,spearman_masking_delta_vs_feature,KEGG_GLUTATHIONE_METABOLISM,3,vanilla_scpa,detection_fraction,35,6,-0.3619370728723337,,,ESTIMATED
unit,spearman_negative_rank_vs_feature,KEGG_GLUTATHIONE_METABOLISM,3,vanilla_scpa,detection_fraction,35,6,-0.3581191056423841,,,ESTIMATED
unit,spearman_masking_delta_vs_feature,KEGG_GLUTATHIONE_METABOLISM,3,vanilla_scpa,expression_sd,35,6,-0.36333318202338716,,,ESTIMATED
unit,spearman_negative_rank_vs_feature,KEGG_GLUTATHIONE_METABOLISM,3,vanilla_scpa,expression_sd,35,6,-0.3587947622399933,,,ESTIMATED
unit,spearman_masking_delta_vs_feature,KEGG_GLUTATHIONE_METABOLISM,3,genept_scpa,mean_expression,35,6,-0.04413799800443552,,,ESTIMATED
unit,spearman_negative_rank_vs_feature,KEGG_GLUTATHIONE_METABOLISM,3,genept_scpa,mean_expression,35,6,-0.04947443401199907,,,ESTIMATED
unit,spearman_masking_delta_vs_feature,KEGG_GLUTATHIONE_METABOLISM,3,genept_scpa,detection_fraction,35,6,-0.0487244339470972,,,ESTIMATED
unit,spearman_negative_rank_vs_feature,KEGG_GLUTATHIONE_METABOLISM,3,genept_scpa,detection_fraction,35,6,-0.05410331693853632,,,ESTIMATED
unit,spearman_masking_delta_vs_feature,KEGG_GLUTATHIONE_METABOLISM,3,genept_scpa,expression_sd,35,6,-0.04724034930187189,,,ESTIMATED
unit,spearman_negative_rank_vs_feature,KEGG_GLUTATHIONE_METABOLISM,3,genept_scpa,expression_sd,35,6,-0.052557826499999016,,,ESTIMATED
unit,truth_target_minus_non_target_feature_rank_percentile,KEGG_GLUTATHIONE_METABOLISM,4,NA,mean_expression,35,6,0.4022988505747126,0.8476190476190476,0.445320197044335,ESTIMATED
unit,truth_target_minus_non_target_feature_rank_percentile,KEGG_GLUTATHIONE_METABOLISM,4,NA,detection_fraction,35,6,0.4022988505747126,0.8476190476190476,0.445320197044335,ESTIMATED
unit,truth_target_minus_non_target_feature_rank_percentile,KEGG_GLUTATHIONE_METABOLISM,4,NA,expression_sd,35,6,0.4022988505747126,0.8476190476190476,0.445320197044335,ESTIMATED
unit,spearman_masking_delta_vs_feature,KEGG_GLUTATHIONE_METABOLISM,4,vanilla_scpa,mean_expression,35,6,-0.36702905946180975,,,ESTIMATED
unit,spearman_negative_rank_vs_feature,KEGG_GLUTATHIONE_METABOLISM,4,vanilla_scpa,mean_expression,35,6,-0.36271907995199315,,,ESTIMATED
unit,spearman_masking_delta_vs_feature,KEGG_GLUTATHIONE_METABOLISM,4,vanilla_scpa,detection_fraction,35,6,-0.3619370728723337,,,ESTIMATED
unit,spearman_negative_rank_vs_feature,KEGG_GLUTATHIONE_METABOLISM,4,vanilla_scpa,detection_fraction,35,6,-0.3581191056423841,,,ESTIMATED
unit,spearman_masking_delta_vs_feature,KEGG_GLUTATHIONE_METABOLISM,4,vanilla_scpa,expression_sd,35,6,-0.36333318202338716,,,ESTIMATED
unit,spearman_negative_rank_vs_feature,KEGG_GLUTATHIONE_METABOLISM,4,vanilla_scpa,expression_sd,35,6,-0.3587947622399933,,,ESTIMATED
unit,spearman_masking_delta_vs_feature,KEGG_GLUTATHIONE_METABOLISM,4,genept_scpa,mean_expression,35,6,-0.04413799800443552,,,ESTIMATED
unit,spearman_negative_rank_vs_feature,KEGG_GLUTATHIONE_METABOLISM,4,genept_scpa,mean_expression,35,6,-0.04947443401199907,,,ESTIMATED
unit,spearman_masking_delta_vs_feature,KEGG_GLUTATHIONE_METABOLISM,4,genept_scpa,detection_fraction,35,6,-0.0487244339470972,,,ESTIMATED
unit,spearman_negative_rank_vs_feature,KEGG_GLUTATHIONE_METABOLISM,4,genept_scpa,detection_fraction,35,6,-0.05410331693853632,,,ESTIMATED
unit,spearman_masking_delta_vs_feature,KEGG_GLUTATHIONE_METABOLISM,4,genept_scpa,expression_sd,35,6,-0.04724034930187189,,,ESTIMATED
unit,spearman_negative_rank_vs_feature,KEGG_GLUTATHIONE_METABOLISM,4,genept_scpa,expression_sd,35,6,-0.052557826499999016,,,ESTIMATED
unit,truth_target_minus_non_target_feature_rank_percentile,KEGG_GLUTATHIONE_METABOLISM,5,NA,mean_expression,35,6,0.4137931034482758,0.8571428571428571,0.4433497536945813,ESTIMATED
unit,truth_target_minus_non_target_feature_rank_percentile,KEGG_GLUTATHIONE_METABOLISM,5,NA,detection_fraction,35,6,0.4137931034482758,0.8571428571428571,0.4433497536945813,ESTIMATED
unit,truth_target_minus_non_target_feature_rank_percentile,KEGG_GLUTATHIONE_METABOLISM,5,NA,expression_sd,35,6,0.4137931034482758,0.8571428571428571,0.4433497536945813,ESTIMATED
unit,spearman_masking_delta_vs_feature,KEGG_GLUTATHIONE_METABOLISM,5,vanilla_scpa,mean_expression,35,6,-0.36702905946180975,,,ESTIMATED
unit,spearman_negative_rank_vs_feature,KEGG_GLUTATHIONE_METABOLISM,5,vanilla_scpa,mean_expression,35,6,-0.36271907995199315,,,ESTIMATED
unit,spearman_masking_delta_vs_feature,KEGG_GLUTATHIONE_METABOLISM,5,vanilla_scpa,detection_fraction,35,6,-0.3619370728723337,,,ESTIMATED
unit,spearman_negative_rank_vs_feature,KEGG_GLUTATHIONE_METABOLISM,5,vanilla_scpa,detection_fraction,35,6,-0.3581191056423841,,,ESTIMATED
unit,spearman_masking_delta_vs_feature,KEGG_GLUTATHIONE_METABOLISM,5,vanilla_scpa,expression_sd,35,6,-0.36333318202338716,,,ESTIMATED
unit,spearman_negative_rank_vs_feature,KEGG_GLUTATHIONE_METABOLISM,5,vanilla_scpa,expression_sd,35,6,-0.3587947622399933,,,ESTIMATED
unit,spearman_masking_delta_vs_feature,KEGG_GLUTATHIONE_METABOLISM,5,genept_scpa,mean_expression,35,6,-0.04413799800443552,,,ESTIMATED
unit,spearman_negative_rank_vs_feature,KEGG_GLUTATHIONE_METABOLISM,5,genept_scpa,mean_expression,35,6,-0.04947443401199907,,,ESTIMATED
unit,spearman_masking_delta_vs_feature,KEGG_GLUTATHIONE_METABOLISM,5,genept_scpa,detection_fraction,35,6,-0.0487244339470972,,,ESTIMATED
unit,spearman_negative_rank_vs_feature,KEGG_GLUTATHIONE_METABOLISM,5,genept_scpa,detection_fraction,35,6,-0.05410331693853632,,,ESTIMATED
unit,spearman_masking_delta_vs_feature,KEGG_GLUTATHIONE_METABOLISM,5,genept_scpa,expression_sd,35,6,-0.04724034930187189,,,ESTIMATED
unit,spearman_negative_rank_vs_feature,KEGG_GLUTATHIONE_METABOLISM,5,genept_scpa,expression_sd,35,6,-0.052557826499999016,,,ESTIMATED
unit,truth_target_minus_non_target_feature_rank_percentile,KEGG_GLUTATHIONE_METABOLISM,6,NA,mean_expression,35,6,0.4080459770114942,0.8523809523809524,0.44433497536945815,ESTIMATED
unit,truth_target_minus_non_target_feature_rank_percentile,KEGG_GLUTATHIONE_METABOLISM,6,NA,detection_fraction,35,6,0.4080459770114942,0.8523809523809524,0.44433497536945815,ESTIMATED
unit,truth_target_minus_non_target_feature_rank_percentile,KEGG_GLUTATHIONE_METABOLISM,6,NA,expression_sd,35,6,0.4080459770114942,0.8523809523809524,0.44433497536945815,ESTIMATED
unit,spearman_masking_delta_vs_feature,KEGG_GLUTATHIONE_METABOLISM,6,vanilla_scpa,mean_expression,35,6,-0.36702905946180975,,,ESTIMATED
unit,spearman_negative_rank_vs_feature,KEGG_GLUTATHIONE_METABOLISM,6,vanilla_scpa,mean_expression,35,6,-0.36271907995199315,,,ESTIMATED
unit,spearman_masking_delta_vs_feature,KEGG_GLUTATHIONE_METABOLISM,6,vanilla_scpa,detection_fraction,35,6,-0.3619370728723337,,,ESTIMATED
unit,spearman_negative_rank_vs_feature,KEGG_GLUTATHIONE_METABOLISM,6,vanilla_scpa,detection_fraction,35,6,-0.3581191056423841,,,ESTIMATED
unit,spearman_masking_delta_vs_feature,KEGG_GLUTATHIONE_METABOLISM,6,vanilla_scpa,expression_sd,35,6,-0.36333318202338716,,,ESTIMATED
unit,spearman_negative_rank_vs_feature,KEGG_GLUTATHIONE_METABOLISM,6,vanilla_scpa,expression_sd,35,6,-0.3587947622399933,,,ESTIMATED
unit,spearman_masking_delta_vs_feature,KEGG_GLUTATHIONE_METABOLISM,6,genept_scpa,mean_expression,35,6,-0.04413799800443552,,,ESTIMATED
unit,spearman_negative_rank_vs_feature,KEGG_GLUTATHIONE_METABOLISM,6,genept_scpa,mean_expression,35,6,-0.04947443401199907,,,ESTIMATED
unit,spearman_masking_delta_vs_feature,KEGG_GLUTATHIONE_METABOLISM,6,genept_scpa,detection_fraction,35,6,-0.0487244339470972,,,ESTIMATED
unit,spearman_negative_rank_vs_feature,KEGG_GLUTATHIONE_METABOLISM,6,genept_scpa,detection_fraction,35,6,-0.05410331693853632,,,ESTIMATED
unit,spearman_masking_delta_vs_feature,KEGG_GLUTATHIONE_METABOLISM,6,genept_scpa,expression_sd,35,6,-0.04724034930187189,,,ESTIMATED
unit,spearman_negative_rank_vs_feature,KEGG_GLUTATHIONE_METABOLISM,6,genept_scpa,expression_sd,35,6,-0.052557826499999016,,,ESTIMATED
unit,truth_target_minus_non_target_feature_rank_percentile,KEGG_GLUTATHIONE_METABOLISM,7,NA,mean_expression,35,6,0.44252873563218376,0.8809523809523808,0.43842364532019706,ESTIMATED
unit,truth_target_minus_non_target_feature_rank_percentile,KEGG_GLUTATHIONE_METABOLISM,7,NA,detection_fraction,35,6,0.44252873563218376,0.8809523809523808,0.43842364532019706,ESTIMATED
unit,truth_target_minus_non_target_feature_rank_percentile,KEGG_GLUTATHIONE_METABOLISM,7,NA,expression_sd,35,6,0.44252873563218376,0.8809523809523808,0.43842364532019706,ESTIMATED
unit,spearman_masking_delta_vs_feature,KEGG_GLUTATHIONE_METABOLISM,7,vanilla_scpa,mean_expression,35,6,-0.36702905946180975,,,ESTIMATED
unit,spearman_negative_rank_vs_feature,KEGG_GLUTATHIONE_METABOLISM,7,vanilla_scpa,mean_expression,35,6,-0.36271907995199315,,,ESTIMATED
unit,spearman_masking_delta_vs_feature,KEGG_GLUTATHIONE_METABOLISM,7,vanilla_scpa,detection_fraction,35,6,-0.3619370728723337,,,ESTIMATED
unit,spearman_negative_rank_vs_feature,KEGG_GLUTATHIONE_METABOLISM,7,vanilla_scpa,detection_fraction,35,6,-0.3581191056423841,,,ESTIMATED
unit,spearman_masking_delta_vs_feature,KEGG_GLUTATHIONE_METABOLISM,7,vanilla_scpa,expression_sd,35,6,-0.36333318202338716,,,ESTIMATED
unit,spearman_negative_rank_vs_feature,KEGG_GLUTATHIONE_METABOLISM,7,vanilla_scpa,expression_sd,35,6,-0.3587947622399933,,,ESTIMATED
unit,spearman_masking_delta_vs_feature,KEGG_GLUTATHIONE_METABOLISM,7,genept_scpa,mean_expression,35,6,-0.04413799800443552,,,ESTIMATED
unit,spearman_negative_rank_vs_feature,KEGG_GLUTATHIONE_METABOLISM,7,genept_scpa,mean_expression,35,6,-0.04947443401199907,,,ESTIMATED
unit,spearman_masking_delta_vs_feature,KEGG_GLUTATHIONE_METABOLISM,7,genept_scpa,detection_fraction,35,6,-0.0487244339470972,,,ESTIMATED
unit,spearman_negative_rank_vs_feature,KEGG_GLUTATHIONE_METABOLISM,7,genept_scpa,detection_fraction,35,6,-0.05410331693853632,,,ESTIMATED
unit,spearman_masking_delta_vs_feature,KEGG_GLUTATHIONE_METABOLISM,7,genept_scpa,expression_sd,35,6,-0.04724034930187189,,,ESTIMATED
unit,spearman_negative_rank_vs_feature,KEGG_GLUTATHIONE_METABOLISM,7,genept_scpa,expression_sd,35,6,-0.052557826499999016,,,ESTIMATED
unit,truth_target_minus_non_target_feature_rank_percentile,KEGG_GLUTATHIONE_METABOLISM,8,NA,mean_expression,35,6,0.454022988505747,0.8904761904761904,0.4364532019704434,ESTIMATED
unit,truth_target_minus_non_target_feature_rank_percentile,KEGG_GLUTATHIONE_METABOLISM,8,NA,detection_fraction,35,6,0.454022988505747,0.8904761904761904,0.4364532019704434,ESTIMATED
unit,truth_target_minus_non_target_feature_rank_percentile,KEGG_GLUTATHIONE_METABOLISM,8,NA,expression_sd,35,6,0.454022988505747,0.8904761904761904,0.4364532019704434,ESTIMATED
unit,spearman_masking_delta_vs_feature,KEGG_GLUTATHIONE_METABOLISM,8,vanilla_scpa,mean_expression,35,6,-0.36702905946180975,,,ESTIMATED
unit,spearman_negative_rank_vs_feature,KEGG_GLUTATHIONE_METABOLISM,8,vanilla_scpa,mean_expression,35,6,-0.36271907995199315,,,ESTIMATED
unit,spearman_masking_delta_vs_feature,KEGG_GLUTATHIONE_METABOLISM,8,vanilla_scpa,detection_fraction,35,6,-0.3619370728723337,,,ESTIMATED
unit,spearman_negative_rank_vs_feature,KEGG_GLUTATHIONE_METABOLISM,8,vanilla_scpa,detection_fraction,35,6,-0.3581191056423841,,,ESTIMATED
unit,spearman_masking_delta_vs_feature,KEGG_GLUTATHIONE_METABOLISM,8,vanilla_scpa,expression_sd,35,6,-0.36333318202338716,,,ESTIMATED
unit,spearman_negative_rank_vs_feature,KEGG_GLUTATHIONE_METABOLISM,8,vanilla_scpa,expression_sd,35,6,-0.3587947622399933,,,ESTIMATED
unit,spearman_masking_delta_vs_feature,KEGG_GLUTATHIONE_METABOLISM,8,genept_scpa,mean_expression,35,6,-0.04413799800443552,,,ESTIMATED
unit,spearman_negative_rank_vs_feature,KEGG_GLUTATHIONE_METABOLISM,8,genept_scpa,mean_expression,35,6,-0.04947443401199907,,,ESTIMATED
unit,spearman_masking_delta_vs_feature,KEGG_GLUTATHIONE_METABOLISM,8,genept_scpa,detection_fraction,35,6,-0.0487244339470972,,,ESTIMATED
unit,spearman_negative_rank_vs_feature,KEGG_GLUTATHIONE_METABOLISM,8,genept_scpa,detection_fraction,35,6,-0.05410331693853632,,,ESTIMATED
unit,spearman_masking_delta_vs_feature,KEGG_GLUTATHIONE_METABOLISM,8,genept_scpa,expression_sd,35,6,-0.04724034930187189,,,ESTIMATED
unit,spearman_negative_rank_vs_feature,KEGG_GLUTATHIONE_METABOLISM,8,genept_scpa,expression_sd,35,6,-0.052557826499999016,,,ESTIMATED
unit,truth_target_minus_non_target_feature_rank_percentile,KEGG_GLUTATHIONE_METABOLISM,9,NA,mean_expression,35,6,0.4655172413793102,0.8999999999999999,0.4344827586206897,ESTIMATED
unit,truth_target_minus_non_target_feature_rank_percentile,KEGG_GLUTATHIONE_METABOLISM,9,NA,detection_fraction,35,6,0.4655172413793102,0.8999999999999999,0.4344827586206897,ESTIMATED
unit,truth_target_minus_non_target_feature_rank_percentile,KEGG_GLUTATHIONE_METABOLISM,9,NA,expression_sd,35,6,0.4655172413793102,0.8999999999999999,0.4344827586206897,ESTIMATED
unit,spearman_masking_delta_vs_feature,KEGG_GLUTATHIONE_METABOLISM,9,vanilla_scpa,mean_expression,35,6,-0.36702905946180975,,,ESTIMATED
unit,spearman_negative_rank_vs_feature,KEGG_GLUTATHIONE_METABOLISM,9,vanilla_scpa,mean_expression,35,6,-0.36271907995199315,,,ESTIMATED
unit,spearman_masking_delta_vs_feature,KEGG_GLUTATHIONE_METABOLISM,9,vanilla_scpa,detection_fraction,35,6,-0.3619370728723337,,,ESTIMATED
unit,spearman_negative_rank_vs_feature,KEGG_GLUTATHIONE_METABOLISM,9,vanilla_scpa,detection_fraction,35,6,-0.3581191056423841,,,ESTIMATED
unit,spearman_masking_delta_vs_feature,KEGG_GLUTATHIONE_METABOLISM,9,vanilla_scpa,expression_sd,35,6,-0.36333318202338716,,,ESTIMATED
unit,spearman_negative_rank_vs_feature,KEGG_GLUTATHIONE_METABOLISM,9,vanilla_scpa,expression_sd,35,6,-0.3587947622399933,,,ESTIMATED
unit,spearman_masking_delta_vs_feature,KEGG_GLUTATHIONE_METABOLISM,9,genept_scpa,mean_expression,35,6,-0.04413799800443552,,,ESTIMATED
unit,spearman_negative_rank_vs_feature,KEGG_GLUTATHIONE_METABOLISM,9,genept_scpa,mean_expression,35,6,-0.04947443401199907,,,ESTIMATED
unit,spearman_masking_delta_vs_feature,KEGG_GLUTATHIONE_METABOLISM,9,genept_scpa,detection_fraction,35,6,-0.0487244339470972,,,ESTIMATED
unit,spearman_negative_rank_vs_feature,KEGG_GLUTATHIONE_METABOLISM,9,genept_scpa,detection_fraction,35,6,-0.05410331693853632,,,ESTIMATED
unit,spearman_masking_delta_vs_feature,KEGG_GLUTATHIONE_METABOLISM,9,genept_scpa,expression_sd,35,6,-0.04724034930187189,,,ESTIMATED
unit,spearman_negative_rank_vs_feature,KEGG_GLUTATHIONE_METABOLISM,9,genept_scpa,expression_sd,35,6,-0.052557826499999016,,,ESTIMATED
unit,truth_target_minus_non_target_feature_rank_percentile,KEGG_GLUTATHIONE_METABOLISM,10,NA,mean_expression,35,6,0.454022988505747,0.8904761904761904,0.4364532019704434,ESTIMATED
unit,truth_target_minus_non_target_feature_rank_percentile,KEGG_GLUTATHIONE_METABOLISM,10,NA,detection_fraction,35,6,0.4540229885057471,0.8904761904761904,0.4364532019704433,ESTIMATED
unit,truth_target_minus_non_target_feature_rank_percentile,KEGG_GLUTATHIONE_METABOLISM,10,NA,expression_sd,35,6,0.454022988505747,0.8904761904761904,0.4364532019704434,ESTIMATED
unit,spearman_masking_delta_vs_feature,KEGG_GLUTATHIONE_METABOLISM,10,vanilla_scpa,mean_expression,35,6,-0.36702905946180975,,,ESTIMATED
unit,spearman_negative_rank_vs_feature,KEGG_GLUTATHIONE_METABOLISM,10,vanilla_scpa,mean_expression,35,6,-0.36271907995199315,,,ESTIMATED
unit,spearman_masking_delta_vs_feature,KEGG_GLUTATHIONE_METABOLISM,10,vanilla_scpa,detection_fraction,35,6,-0.3619370728723337,,,ESTIMATED
unit,spearman_negative_rank_vs_feature,KEGG_GLUTATHIONE_METABOLISM,10,vanilla_scpa,detection_fraction,35,6,-0.3581191056423841,,,ESTIMATED
unit,spearman_masking_delta_vs_feature,KEGG_GLUTATHIONE_METABOLISM,10,vanilla_scpa,expression_sd,35,6,-0.36333318202338716,,,ESTIMATED
unit,spearman_negative_rank_vs_feature,KEGG_GLUTATHIONE_METABOLISM,10,vanilla_scpa,expression_sd,35,6,-0.3587947622399933,,,ESTIMATED
unit,spearman_masking_delta_vs_feature,KEGG_GLUTATHIONE_METABOLISM,10,genept_scpa,mean_expression,35,6,-0.04413799800443552,,,ESTIMATED
unit,spearman_negative_rank_vs_feature,KEGG_GLUTATHIONE_METABOLISM,10,genept_scpa,mean_expression,35,6,-0.04947443401199907,,,ESTIMATED
unit,spearman_masking_delta_vs_feature,KEGG_GLUTATHIONE_METABOLISM,10,genept_scpa,detection_fraction,35,6,-0.0487244339470972,,,ESTIMATED
unit,spearman_negative_rank_vs_feature,KEGG_GLUTATHIONE_METABOLISM,10,genept_scpa,detection_fraction,35,6,-0.05410331693853632,,,ESTIMATED
unit,spearman_masking_delta_vs_feature,KEGG_GLUTATHIONE_METABOLISM,10,genept_scpa,expression_sd,35,6,-0.04724034930187189,,,ESTIMATED
unit,spearman_negative_rank_vs_feature,KEGG_GLUTATHIONE_METABOLISM,10,genept_scpa,expression_sd,35,6,-0.052557826499999016,,,ESTIMATED
unit,truth_target_minus_non_target_feature_rank_percentile,KEGG_GLUTATHIONE_METABOLISM,11,NA,mean_expression,35,6,0.45977011494252873,0.8952380952380952,0.43546798029556644,ESTIMATED
unit,truth_target_minus_non_target_feature_rank_percentile,KEGG_GLUTATHIONE_METABOLISM,11,NA,detection_fraction,35,6,0.4597701149425286,0.8952380952380952,0.43546798029556655,ESTIMATED
unit,truth_target_minus_non_target_feature_rank_percentile,KEGG_GLUTATHIONE_METABOLISM,11,NA,expression_sd,35,6,0.45977011494252873,0.8952380952380952,0.43546798029556644,ESTIMATED
unit,spearman_masking_delta_vs_feature,KEGG_GLUTATHIONE_METABOLISM,11,vanilla_scpa,mean_expression,35,6,-0.36702905946180975,,,ESTIMATED
unit,spearman_negative_rank_vs_feature,KEGG_GLUTATHIONE_METABOLISM,11,vanilla_scpa,mean_expression,35,6,-0.36271907995199315,,,ESTIMATED
unit,spearman_masking_delta_vs_feature,KEGG_GLUTATHIONE_METABOLISM,11,vanilla_scpa,detection_fraction,35,6,-0.3619370728723337,,,ESTIMATED
unit,spearman_negative_rank_vs_feature,KEGG_GLUTATHIONE_METABOLISM,11,vanilla_scpa,detection_fraction,35,6,-0.3581191056423841,,,ESTIMATED
unit,spearman_masking_delta_vs_feature,KEGG_GLUTATHIONE_METABOLISM,11,vanilla_scpa,expression_sd,35,6,-0.36333318202338716,,,ESTIMATED
unit,spearman_negative_rank_vs_feature,KEGG_GLUTATHIONE_METABOLISM,11,vanilla_scpa,expression_sd,35,6,-0.3587947622399933,,,ESTIMATED
unit,spearman_masking_delta_vs_feature,KEGG_GLUTATHIONE_METABOLISM,11,genept_scpa,mean_expression,35,6,-0.04413799800443552,,,ESTIMATED
unit,spearman_negative_rank_vs_feature,KEGG_GLUTATHIONE_METABOLISM,11,genept_scpa,mean_expression,35,6,-0.04947443401199907,,,ESTIMATED
unit,spearman_masking_delta_vs_feature,KEGG_GLUTATHIONE_METABOLISM,11,genept_scpa,detection_fraction,35,6,-0.0487244339470972,,,ESTIMATED
unit,spearman_negative_rank_vs_feature,KEGG_GLUTATHIONE_METABOLISM,11,genept_scpa,detection_fraction,35,6,-0.05410331693853632,,,ESTIMATED
unit,spearman_masking_delta_vs_feature,KEGG_GLUTATHIONE_METABOLISM,11,genept_scpa,expression_sd,35,6,-0.04724034930187189,,,ESTIMATED
unit,spearman_negative_rank_vs_feature,KEGG_GLUTATHIONE_METABOLISM,11,genept_scpa,expression_sd,35,6,-0.052557826499999016,,,ESTIMATED
unit,truth_target_minus_non_target_feature_rank_percentile,KEGG_GLUTATHIONE_METABOLISM,12,NA,mean_expression,35,6,0.454022988505747,0.8904761904761904,0.4364532019704434,ESTIMATED
unit,truth_target_minus_non_target_feature_rank_percentile,KEGG_GLUTATHIONE_METABOLISM,12,NA,detection_fraction,35,6,0.454022988505747,0.8904761904761904,0.4364532019704434,ESTIMATED
unit,truth_target_minus_non_target_feature_rank_percentile,KEGG_GLUTATHIONE_METABOLISM,12,NA,expression_sd,35,6,0.454022988505747,0.8904761904761904,0.4364532019704434,ESTIMATED
unit,spearman_masking_delta_vs_feature,KEGG_GLUTATHIONE_METABOLISM,12,vanilla_scpa,mean_expression,35,6,-0.36702905946180975,,,ESTIMATED
unit,spearman_negative_rank_vs_feature,KEGG_GLUTATHIONE_METABOLISM,12,vanilla_scpa,mean_expression,35,6,-0.36271907995199315,,,ESTIMATED
unit,spearman_masking_delta_vs_feature,KEGG_GLUTATHIONE_METABOLISM,12,vanilla_scpa,detection_fraction,35,6,-0.3619370728723337,,,ESTIMATED
unit,spearman_negative_rank_vs_feature,KEGG_GLUTATHIONE_METABOLISM,12,vanilla_scpa,detection_fraction,35,6,-0.3581191056423841,,,ESTIMATED
unit,spearman_masking_delta_vs_feature,KEGG_GLUTATHIONE_METABOLISM,12,vanilla_scpa,expression_sd,35,6,-0.36333318202338716,,,ESTIMATED
unit,spearman_negative_rank_vs_feature,KEGG_GLUTATHIONE_METABOLISM,12,vanilla_scpa,expression_sd,35,6,-0.3587947622399933,,,ESTIMATED
unit,spearman_masking_delta_vs_feature,KEGG_GLUTATHIONE_METABOLISM,12,genept_scpa,mean_expression,35,6,-0.04413799800443552,,,ESTIMATED
unit,spearman_negative_rank_vs_feature,KEGG_GLUTATHIONE_METABOLISM,12,genept_scpa,mean_expression,35,6,-0.04947443401199907,,,ESTIMATED
unit,spearman_masking_delta_vs_feature,KEGG_GLUTATHIONE_METABOLISM,12,genept_scpa,detection_fraction,35,6,-0.0487244339470972,,,ESTIMATED
unit,spearman_negative_rank_vs_feature,KEGG_GLUTATHIONE_METABOLISM,12,genept_scpa,detection_fraction,35,6,-0.05410331693853632,,,ESTIMATED
unit,spearman_masking_delta_vs_feature,KEGG_GLUTATHIONE_METABOLISM,12,genept_scpa,expression_sd,35,6,-0.04724034930187189,,,ESTIMATED
unit,spearman_negative_rank_vs_feature,KEGG_GLUTATHIONE_METABOLISM,12,genept_scpa,expression_sd,35,6,-0.052557826499999016,,,ESTIMATED
unit,truth_target_minus_non_target_feature_rank_percentile,KEGG_GLUTATHIONE_METABOLISM,13,NA,mean_expression,35,6,0.43103448275862055,0.8714285714285713,0.4403940886699508,ESTIMATED
unit,truth_target_minus_non_target_feature_rank_percentile,KEGG_GLUTATHIONE_METABOLISM,13,NA,detection_fraction,35,6,0.43103448275862055,0.8714285714285713,0.4403940886699508,ESTIMATED
unit,truth_target_minus_non_target_feature_rank_percentile,KEGG_GLUTATHIONE_METABOLISM,13,NA,expression_sd,35,6,0.43103448275862055,0.8714285714285713,0.4403940886699508,ESTIMATED
unit,spearman_masking_delta_vs_feature,KEGG_GLUTATHIONE_METABOLISM,13,vanilla_scpa,mean_expression,35,6,-0.36702905946180975,,,ESTIMATED
unit,spearman_negative_rank_vs_feature,KEGG_GLUTATHIONE_METABOLISM,13,vanilla_scpa,mean_expression,35,6,-0.36271907995199315,,,ESTIMATED
unit,spearman_masking_delta_vs_feature,KEGG_GLUTATHIONE_METABOLISM,13,vanilla_scpa,detection_fraction,35,6,-0.3619370728723337,,,ESTIMATED
unit,spearman_negative_rank_vs_feature,KEGG_GLUTATHIONE_METABOLISM,13,vanilla_scpa,detection_fraction,35,6,-0.3581191056423841,,,ESTIMATED
unit,spearman_masking_delta_vs_feature,KEGG_GLUTATHIONE_METABOLISM,13,vanilla_scpa,expression_sd,35,6,-0.36333318202338716,,,ESTIMATED
unit,spearman_negative_rank_vs_feature,KEGG_GLUTATHIONE_METABOLISM,13,vanilla_scpa,expression_sd,35,6,-0.3587947622399933,,,ESTIMATED
unit,spearman_masking_delta_vs_feature,KEGG_GLUTATHIONE_METABOLISM,13,genept_scpa,mean_expression,35,6,-0.04413799800443552,,,ESTIMATED
unit,spearman_negative_rank_vs_feature,KEGG_GLUTATHIONE_METABOLISM,13,genept_scpa,mean_expression,35,6,-0.04947443401199907,,,ESTIMATED
unit,spearman_masking_delta_vs_feature,KEGG_GLUTATHIONE_METABOLISM,13,genept_scpa,detection_fraction,35,6,-0.0487244339470972,,,ESTIMATED
unit,spearman_negative_rank_vs_feature,KEGG_GLUTATHIONE_METABOLISM,13,genept_scpa,detection_fraction,35,6,-0.05410331693853632,,,ESTIMATED
unit,spearman_masking_delta_vs_feature,KEGG_GLUTATHIONE_METABOLISM,13,genept_scpa,expression_sd,35,6,-0.04724034930187189,,,ESTIMATED
unit,spearman_negative_rank_vs_feature,KEGG_GLUTATHIONE_METABOLISM,13,genept_scpa,expression_sd,35,6,-0.052557826499999016,,,ESTIMATED
unit,truth_target_minus_non_target_feature_rank_percentile,KEGG_GLUTATHIONE_METABOLISM,14,NA,mean_expression,35,6,0.42528735632183906,0.8666666666666667,0.44137931034482764,ESTIMATED
unit,truth_target_minus_non_target_feature_rank_percentile,KEGG_GLUTATHIONE_METABOLISM,14,NA,detection_fraction,35,6,0.42528735632183917,0.8666666666666667,0.4413793103448275,ESTIMATED
unit,truth_target_minus_non_target_feature_rank_percentile,KEGG_GLUTATHIONE_METABOLISM,14,NA,expression_sd,35,6,0.42528735632183906,0.8666666666666667,0.44137931034482764,ESTIMATED
unit,spearman_masking_delta_vs_feature,KEGG_GLUTATHIONE_METABOLISM,14,vanilla_scpa,mean_expression,35,6,-0.36702905946180975,,,ESTIMATED
unit,spearman_negative_rank_vs_feature,KEGG_GLUTATHIONE_METABOLISM,14,vanilla_scpa,mean_expression,35,6,-0.36271907995199315,,,ESTIMATED
unit,spearman_masking_delta_vs_feature,KEGG_GLUTATHIONE_METABOLISM,14,vanilla_scpa,detection_fraction,35,6,-0.3619370728723337,,,ESTIMATED
unit,spearman_negative_rank_vs_feature,KEGG_GLUTATHIONE_METABOLISM,14,vanilla_scpa,detection_fraction,35,6,-0.3581191056423841,,,ESTIMATED
unit,spearman_masking_delta_vs_feature,KEGG_GLUTATHIONE_METABOLISM,14,vanilla_scpa,expression_sd,35,6,-0.36333318202338716,,,ESTIMATED
unit,spearman_negative_rank_vs_feature,KEGG_GLUTATHIONE_METABOLISM,14,vanilla_scpa,expression_sd,35,6,-0.3587947622399933,,,ESTIMATED
unit,spearman_masking_delta_vs_feature,KEGG_GLUTATHIONE_METABOLISM,14,genept_scpa,mean_expression,35,6,-0.04413799800443552,,,ESTIMATED
unit,spearman_negative_rank_vs_feature,KEGG_GLUTATHIONE_METABOLISM,14,genept_scpa,mean_expression,35,6,-0.04947443401199907,,,ESTIMATED
unit,spearman_masking_delta_vs_feature,KEGG_GLUTATHIONE_METABOLISM,14,genept_scpa,detection_fraction,35,6,-0.0487244339470972,,,ESTIMATED
unit,spearman_negative_rank_vs_feature,KEGG_GLUTATHIONE_METABOLISM,14,genept_scpa,detection_fraction,35,6,-0.05410331693853632,,,ESTIMATED
unit,spearman_masking_delta_vs_feature,KEGG_GLUTATHIONE_METABOLISM,14,genept_scpa,expression_sd,35,6,-0.04724034930187189,,,ESTIMATED
unit,spearman_negative_rank_vs_feature,KEGG_GLUTATHIONE_METABOLISM,14,genept_scpa,expression_sd,35,6,-0.052557826499999016,,,ESTIMATED
unit,truth_target_minus_non_target_feature_rank_percentile,KEGG_GLUTATHIONE_METABOLISM,15,NA,mean_expression,35,6,0.4195402298850574,0.8619047619047618,0.44236453201970444,ESTIMATED
unit,truth_target_minus_non_target_feature_rank_percentile,KEGG_GLUTATHIONE_METABOLISM,15,NA,detection_fraction,35,6,0.4195402298850574,0.8619047619047618,0.44236453201970444,ESTIMATED
unit,truth_target_minus_non_target_feature_rank_percentile,KEGG_GLUTATHIONE_METABOLISM,15,NA,expression_sd,35,6,0.4195402298850574,0.8619047619047618,0.44236453201970444,ESTIMATED
unit,spearman_masking_delta_vs_feature,KEGG_GLUTATHIONE_METABOLISM,15,vanilla_scpa,mean_expression,35,6,-0.36702905946180975,,,ESTIMATED
unit,spearman_negative_rank_vs_feature,KEGG_GLUTATHIONE_METABOLISM,15,vanilla_scpa,mean_expression,35,6,-0.36271907995199315,,,ESTIMATED
unit,spearman_masking_delta_vs_feature,KEGG_GLUTATHIONE_METABOLISM,15,vanilla_scpa,detection_fraction,35,6,-0.3619370728723337,,,ESTIMATED
unit,spearman_negative_rank_vs_feature,KEGG_GLUTATHIONE_METABOLISM,15,vanilla_scpa,detection_fraction,35,6,-0.3581191056423841,,,ESTIMATED
unit,spearman_masking_delta_vs_feature,KEGG_GLUTATHIONE_METABOLISM,15,vanilla_scpa,expression_sd,35,6,-0.36333318202338716,,,ESTIMATED
unit,spearman_negative_rank_vs_feature,KEGG_GLUTATHIONE_METABOLISM,15,vanilla_scpa,expression_sd,35,6,-0.3587947622399933,,,ESTIMATED
unit,spearman_masking_delta_vs_feature,KEGG_GLUTATHIONE_METABOLISM,15,genept_scpa,mean_expression,35,6,-0.04413799800443552,,,ESTIMATED
unit,spearman_negative_rank_vs_feature,KEGG_GLUTATHIONE_METABOLISM,15,genept_scpa,mean_expression,35,6,-0.04947443401199907,,,ESTIMATED
unit,spearman_masking_delta_vs_feature,KEGG_GLUTATHIONE_METABOLISM,15,genept_scpa,detection_fraction,35,6,-0.0487244339470972,,,ESTIMATED
unit,spearman_negative_rank_vs_feature,KEGG_GLUTATHIONE_METABOLISM,15,genept_scpa,detection_fraction,35,6,-0.05410331693853632,,,ESTIMATED
unit,spearman_masking_delta_vs_feature,KEGG_GLUTATHIONE_METABOLISM,15,genept_scpa,expression_sd,35,6,-0.04724034930187189,,,ESTIMATED
unit,spearman_negative_rank_vs_feature,KEGG_GLUTATHIONE_METABOLISM,15,genept_scpa,expression_sd,35,6,-0.052557826499999016,,,ESTIMATED
unit,truth_target_minus_non_target_feature_rank_percentile,KEGG_GLUTATHIONE_METABOLISM,16,NA,mean_expression,35,6,0.4195402298850574,0.8619047619047618,0.44236453201970444,ESTIMATED
unit,truth_target_minus_non_target_feature_rank_percentile,KEGG_GLUTATHIONE_METABOLISM,16,NA,detection_fraction,35,6,0.4195402298850574,0.8619047619047618,0.44236453201970444,ESTIMATED
unit,truth_target_minus_non_target_feature_rank_percentile,KEGG_GLUTATHIONE_METABOLISM,16,NA,expression_sd,35,6,0.4195402298850574,0.8619047619047618,0.44236453201970444,ESTIMATED
unit,spearman_masking_delta_vs_feature,KEGG_GLUTATHIONE_METABOLISM,16,vanilla_scpa,mean_expression,35,6,-0.36702905946180975,,,ESTIMATED
unit,spearman_negative_rank_vs_feature,KEGG_GLUTATHIONE_METABOLISM,16,vanilla_scpa,mean_expression,35,6,-0.36271907995199315,,,ESTIMATED
unit,spearman_masking_delta_vs_feature,KEGG_GLUTATHIONE_METABOLISM,16,vanilla_scpa,detection_fraction,35,6,-0.3619370728723337,,,ESTIMATED
unit,spearman_negative_rank_vs_feature,KEGG_GLUTATHIONE_METABOLISM,16,vanilla_scpa,detection_fraction,35,6,-0.3581191056423841,,,ESTIMATED
unit,spearman_masking_delta_vs_feature,KEGG_GLUTATHIONE_METABOLISM,16,vanilla_scpa,expression_sd,35,6,-0.36333318202338716,,,ESTIMATED
unit,spearman_negative_rank_vs_feature,KEGG_GLUTATHIONE_METABOLISM,16,vanilla_scpa,expression_sd,35,6,-0.3587947622399933,,,ESTIMATED
unit,spearman_masking_delta_vs_feature,KEGG_GLUTATHIONE_METABOLISM,16,genept_scpa,mean_expression,35,6,-0.04413799800443552,,,ESTIMATED
unit,spearman_negative_rank_vs_feature,KEGG_GLUTATHIONE_METABOLISM,16,genept_scpa,mean_expression,35,6,-0.04947443401199907,,,ESTIMATED
unit,spearman_masking_delta_vs_feature,KEGG_GLUTATHIONE_METABOLISM,16,genept_scpa,detection_fraction,35,6,-0.0487244339470972,,,ESTIMATED
unit,spearman_negative_rank_vs_feature,KEGG_GLUTATHIONE_METABOLISM,16,genept_scpa,detection_fraction,35,6,-0.05410331693853632,,,ESTIMATED
unit,spearman_masking_delta_vs_feature,KEGG_GLUTATHIONE_METABOLISM,16,genept_scpa,expression_sd,35,6,-0.04724034930187189,,,ESTIMATED
unit,spearman_negative_rank_vs_feature,KEGG_GLUTATHIONE_METABOLISM,16,genept_scpa,expression_sd,35,6,-0.052557826499999016,,,ESTIMATED
unit,truth_target_minus_non_target_feature_rank_percentile,KEGG_GLUTATHIONE_METABOLISM,17,NA,mean_expression,35,6,0.42528735632183906,0.8666666666666667,0.44137931034482764,ESTIMATED
unit,truth_target_minus_non_target_feature_rank_percentile,KEGG_GLUTATHIONE_METABOLISM,17,NA,detection_fraction,35,6,0.42528735632183917,0.8666666666666667,0.4413793103448275,ESTIMATED
unit,truth_target_minus_non_target_feature_rank_percentile,KEGG_GLUTATHIONE_METABOLISM,17,NA,expression_sd,35,6,0.42528735632183906,0.8666666666666667,0.44137931034482764,ESTIMATED
unit,spearman_masking_delta_vs_feature,KEGG_GLUTATHIONE_METABOLISM,17,vanilla_scpa,mean_expression,35,6,-0.36702905946180975,,,ESTIMATED
unit,spearman_negative_rank_vs_feature,KEGG_GLUTATHIONE_METABOLISM,17,vanilla_scpa,mean_expression,35,6,-0.36271907995199315,,,ESTIMATED
unit,spearman_masking_delta_vs_feature,KEGG_GLUTATHIONE_METABOLISM,17,vanilla_scpa,detection_fraction,35,6,-0.3619370728723337,,,ESTIMATED
unit,spearman_negative_rank_vs_feature,KEGG_GLUTATHIONE_METABOLISM,17,vanilla_scpa,detection_fraction,35,6,-0.3581191056423841,,,ESTIMATED
unit,spearman_masking_delta_vs_feature,KEGG_GLUTATHIONE_METABOLISM,17,vanilla_scpa,expression_sd,35,6,-0.36333318202338716,,,ESTIMATED
unit,spearman_negative_rank_vs_feature,KEGG_GLUTATHIONE_METABOLISM,17,vanilla_scpa,expression_sd,35,6,-0.3587947622399933,,,ESTIMATED
unit,spearman_masking_delta_vs_feature,KEGG_GLUTATHIONE_METABOLISM,17,genept_scpa,mean_expression,35,6,-0.04413799800443552,,,ESTIMATED
unit,spearman_negative_rank_vs_feature,KEGG_GLUTATHIONE_METABOLISM,17,genept_scpa,mean_expression,35,6,-0.04947443401199907,,,ESTIMATED
unit,spearman_masking_delta_vs_feature,KEGG_GLUTATHIONE_METABOLISM,17,genept_scpa,detection_fraction,35,6,-0.0487244339470972,,,ESTIMATED
unit,spearman_negative_rank_vs_feature,KEGG_GLUTATHIONE_METABOLISM,17,genept_scpa,detection_fraction,35,6,-0.05410331693853632,,,ESTIMATED
unit,spearman_masking_delta_vs_feature,KEGG_GLUTATHIONE_METABOLISM,17,genept_scpa,expression_sd,35,6,-0.04724034930187189,,,ESTIMATED
unit,spearman_negative_rank_vs_feature,KEGG_GLUTATHIONE_METABOLISM,17,genept_scpa,expression_sd,35,6,-0.052557826499999016,,,ESTIMATED
unit,truth_target_minus_non_target_feature_rank_percentile,KEGG_GLUTATHIONE_METABOLISM,18,NA,mean_expression,35,6,0.4655172413793102,0.8999999999999999,0.4344827586206897,ESTIMATED
unit,truth_target_minus_non_target_feature_rank_percentile,KEGG_GLUTATHIONE_METABOLISM,18,NA,detection_fraction,35,6,0.4655172413793103,0.8999999999999999,0.43448275862068964,ESTIMATED
unit,truth_target_minus_non_target_feature_rank_percentile,KEGG_GLUTATHIONE_METABOLISM,18,NA,expression_sd,35,6,0.4655172413793102,0.8999999999999999,0.4344827586206897,ESTIMATED
unit,spearman_masking_delta_vs_feature,KEGG_GLUTATHIONE_METABOLISM,18,vanilla_scpa,mean_expression,35,6,-0.36702905946180975,,,ESTIMATED
unit,spearman_negative_rank_vs_feature,KEGG_GLUTATHIONE_METABOLISM,18,vanilla_scpa,mean_expression,35,6,-0.36271907995199315,,,ESTIMATED
unit,spearman_masking_delta_vs_feature,KEGG_GLUTATHIONE_METABOLISM,18,vanilla_scpa,detection_fraction,35,6,-0.3619370728723337,,,ESTIMATED
unit,spearman_negative_rank_vs_feature,KEGG_GLUTATHIONE_METABOLISM,18,vanilla_scpa,detection_fraction,35,6,-0.3581191056423841,,,ESTIMATED
unit,spearman_masking_delta_vs_feature,KEGG_GLUTATHIONE_METABOLISM,18,vanilla_scpa,expression_sd,35,6,-0.36333318202338716,,,ESTIMATED
unit,spearman_negative_rank_vs_feature,KEGG_GLUTATHIONE_METABOLISM,18,vanilla_scpa,expression_sd,35,6,-0.3587947622399933,,,ESTIMATED
unit,spearman_masking_delta_vs_feature,KEGG_GLUTATHIONE_METABOLISM,18,genept_scpa,mean_expression,35,6,-0.04413799800443552,,,ESTIMATED
unit,spearman_negative_rank_vs_feature,KEGG_GLUTATHIONE_METABOLISM,18,genept_scpa,mean_expression,35,6,-0.04947443401199907,,,ESTIMATED
unit,spearman_masking_delta_vs_feature,KEGG_GLUTATHIONE_METABOLISM,18,genept_scpa,detection_fraction,35,6,-0.0487244339470972,,,ESTIMATED
unit,spearman_negative_rank_vs_feature,KEGG_GLUTATHIONE_METABOLISM,18,genept_scpa,detection_fraction,35,6,-0.05410331693853632,,,ESTIMATED
unit,spearman_masking_delta_vs_feature,KEGG_GLUTATHIONE_METABOLISM,18,genept_scpa,expression_sd,35,6,-0.04724034930187189,,,ESTIMATED
unit,spearman_negative_rank_vs_feature,KEGG_GLUTATHIONE_METABOLISM,18,genept_scpa,expression_sd,35,6,-0.052557826499999016,,,ESTIMATED
unit,truth_target_minus_non_target_feature_rank_percentile,KEGG_GLUTATHIONE_METABOLISM,19,NA,mean_expression,35,6,0.4080459770114942,0.8523809523809524,0.44433497536945815,ESTIMATED
unit,truth_target_minus_non_target_feature_rank_percentile,KEGG_GLUTATHIONE_METABOLISM,19,NA,detection_fraction,35,6,0.4080459770114942,0.8523809523809524,0.44433497536945815,ESTIMATED
unit,truth_target_minus_non_target_feature_rank_percentile,KEGG_GLUTATHIONE_METABOLISM,19,NA,expression_sd,35,6,0.4080459770114942,0.8523809523809524,0.44433497536945815,ESTIMATED
unit,spearman_masking_delta_vs_feature,KEGG_GLUTATHIONE_METABOLISM,19,vanilla_scpa,mean_expression,35,6,-0.36702905946180975,,,ESTIMATED
unit,spearman_negative_rank_vs_feature,KEGG_GLUTATHIONE_METABOLISM,19,vanilla_scpa,mean_expression,35,6,-0.36271907995199315,,,ESTIMATED
unit,spearman_masking_delta_vs_feature,KEGG_GLUTATHIONE_METABOLISM,19,vanilla_scpa,detection_fraction,35,6,-0.3619370728723337,,,ESTIMATED
unit,spearman_negative_rank_vs_feature,KEGG_GLUTATHIONE_METABOLISM,19,vanilla_scpa,detection_fraction,35,6,-0.3581191056423841,,,ESTIMATED
unit,spearman_masking_delta_vs_feature,KEGG_GLUTATHIONE_METABOLISM,19,vanilla_scpa,expression_sd,35,6,-0.36333318202338716,,,ESTIMATED
unit,spearman_negative_rank_vs_feature,KEGG_GLUTATHIONE_METABOLISM,19,vanilla_scpa,expression_sd,35,6,-0.3587947622399933,,,ESTIMATED
unit,spearman_masking_delta_vs_feature,KEGG_GLUTATHIONE_METABOLISM,19,genept_scpa,mean_expression,35,6,-0.04413799800443552,,,ESTIMATED
unit,spearman_negative_rank_vs_feature,KEGG_GLUTATHIONE_METABOLISM,19,genept_scpa,mean_expression,35,6,-0.04947443401199907,,,ESTIMATED
unit,spearman_masking_delta_vs_feature,KEGG_GLUTATHIONE_METABOLISM,19,genept_scpa,detection_fraction,35,6,-0.0487244339470972,,,ESTIMATED
unit,spearman_negative_rank_vs_feature,KEGG_GLUTATHIONE_METABOLISM,19,genept_scpa,detection_fraction,35,6,-0.05410331693853632,,,ESTIMATED
unit,spearman_masking_delta_vs_feature,KEGG_GLUTATHIONE_METABOLISM,19,genept_scpa,expression_sd,35,6,-0.04724034930187189,,,ESTIMATED
unit,spearman_negative_rank_vs_feature,KEGG_GLUTATHIONE_METABOLISM,19,genept_scpa,expression_sd,35,6,-0.052557826499999016,,,ESTIMATED
unit,truth_target_minus_non_target_feature_rank_percentile,KEGG_GLUTATHIONE_METABOLISM,20,NA,mean_expression,35,6,0.379310344827586,0.8285714285714284,0.4492610837438424,ESTIMATED
unit,truth_target_minus_non_target_feature_rank_percentile,KEGG_GLUTATHIONE_METABOLISM,20,NA,detection_fraction,35,6,0.379310344827586,0.8285714285714284,0.4492610837438424,ESTIMATED
unit,truth_target_minus_non_target_feature_rank_percentile,KEGG_GLUTATHIONE_METABOLISM,20,NA,expression_sd,35,6,0.379310344827586,0.8285714285714284,0.4492610837438424,ESTIMATED
unit,spearman_masking_delta_vs_feature,KEGG_GLUTATHIONE_METABOLISM,20,vanilla_scpa,mean_expression,35,6,-0.36702905946180975,,,ESTIMATED
unit,spearman_negative_rank_vs_feature,KEGG_GLUTATHIONE_METABOLISM,20,vanilla_scpa,mean_expression,35,6,-0.36271907995199315,,,ESTIMATED
unit,spearman_masking_delta_vs_feature,KEGG_GLUTATHIONE_METABOLISM,20,vanilla_scpa,detection_fraction,35,6,-0.3619370728723337,,,ESTIMATED
unit,spearman_negative_rank_vs_feature,KEGG_GLUTATHIONE_METABOLISM,20,vanilla_scpa,detection_fraction,35,6,-0.3581191056423841,,,ESTIMATED
unit,spearman_masking_delta_vs_feature,KEGG_GLUTATHIONE_METABOLISM,20,vanilla_scpa,expression_sd,35,6,-0.36333318202338716,,,ESTIMATED
unit,spearman_negative_rank_vs_feature,KEGG_GLUTATHIONE_METABOLISM,20,vanilla_scpa,expression_sd,35,6,-0.3587947622399933,,,ESTIMATED
unit,spearman_masking_delta_vs_feature,KEGG_GLUTATHIONE_METABOLISM,20,genept_scpa,mean_expression,35,6,-0.04413799800443552,,,ESTIMATED
unit,spearman_negative_rank_vs_feature,KEGG_GLUTATHIONE_METABOLISM,20,genept_scpa,mean_expression,35,6,-0.04947443401199907,,,ESTIMATED
unit,spearman_masking_delta_vs_feature,KEGG_GLUTATHIONE_METABOLISM,20,genept_scpa,detection_fraction,35,6,-0.0487244339470972,,,ESTIMATED
unit,spearman_negative_rank_vs_feature,KEGG_GLUTATHIONE_METABOLISM,20,genept_scpa,detection_fraction,35,6,-0.05410331693853632,,,ESTIMATED
unit,spearman_masking_delta_vs_feature,KEGG_GLUTATHIONE_METABOLISM,20,genept_scpa,expression_sd,35,6,-0.04724034930187189,,,ESTIMATED
unit,spearman_negative_rank_vs_feature,KEGG_GLUTATHIONE_METABOLISM,20,genept_scpa,expression_sd,35,6,-0.052557826499999016,,,ESTIMATED
unit,truth_target_minus_non_target_feature_rank_percentile,KEGG_GLYCOLYSIS_GLUCONEOGENESIS,1,NA,mean_expression,42,7,0.26734693877551025,0.7346938775510204,0.4673469387755102,ESTIMATED
unit,truth_target_minus_non_target_feature_rank_percentile,KEGG_GLYCOLYSIS_GLUCONEOGENESIS,1,NA,detection_fraction,42,7,0.26734693877551025,0.7346938775510204,0.4673469387755102,ESTIMATED
unit,truth_target_minus_non_target_feature_rank_percentile,KEGG_GLYCOLYSIS_GLUCONEOGENESIS,1,NA,expression_sd,42,7,0.2387755102040816,0.7108843537414966,0.472108843537415,ESTIMATED
unit,spearman_masking_delta_vs_feature,KEGG_GLYCOLYSIS_GLUCONEOGENESIS,1,vanilla_scpa,mean_expression,42,7,0.36177766509530873,,,ESTIMATED
unit,spearman_negative_rank_vs_feature,KEGG_GLYCOLYSIS_GLUCONEOGENESIS,1,vanilla_scpa,mean_expression,42,7,0.34204448794332915,,,ESTIMATED
unit,spearman_masking_delta_vs_feature,KEGG_GLYCOLYSIS_GLUCONEOGENESIS,1,vanilla_scpa,detection_fraction,42,7,0.3585574690940348,,,ESTIMATED
unit,spearman_negative_rank_vs_feature,KEGG_GLYCOLYSIS_GLUCONEOGENESIS,1,vanilla_scpa,detection_fraction,42,7,0.3385064249655046,,,ESTIMATED
unit,spearman_masking_delta_vs_feature,KEGG_GLYCOLYSIS_GLUCONEOGENESIS,1,vanilla_scpa,expression_sd,42,7,0.39130885694824546,,,ESTIMATED
unit,spearman_negative_rank_vs_feature,KEGG_GLYCOLYSIS_GLUCONEOGENESIS,1,vanilla_scpa,expression_sd,42,7,0.37316154157285736,,,ESTIMATED
unit,spearman_masking_delta_vs_feature,KEGG_GLYCOLYSIS_GLUCONEOGENESIS,1,genept_scpa,mean_expression,42,7,0.20582921201227897,,,ESTIMATED
unit,spearman_negative_rank_vs_feature,KEGG_GLYCOLYSIS_GLUCONEOGENESIS,1,genept_scpa,mean_expression,42,7,0.19188849738209038,,,ESTIMATED
unit,spearman_masking_delta_vs_feature,KEGG_GLYCOLYSIS_GLUCONEOGENESIS,1,genept_scpa,detection_fraction,42,7,0.2125202170494383,,,ESTIMATED
unit,spearman_negative_rank_vs_feature,KEGG_GLYCOLYSIS_GLUCONEOGENESIS,1,genept_scpa,detection_fraction,42,7,0.19838729430585475,,,ESTIMATED
unit,spearman_masking_delta_vs_feature,KEGG_GLYCOLYSIS_GLUCONEOGENESIS,1,genept_scpa,expression_sd,42,7,0.20021346838679566,,,ESTIMATED
unit,spearman_negative_rank_vs_feature,KEGG_GLYCOLYSIS_GLUCONEOGENESIS,1,genept_scpa,expression_sd,42,7,0.18491957391297734,,,ESTIMATED
unit,truth_target_minus_non_target_feature_rank_percentile,KEGG_GLYCOLYSIS_GLUCONEOGENESIS,2,NA,mean_expression,42,7,0.3244897959183673,0.7823129251700679,0.4578231292517006,ESTIMATED
unit,truth_target_minus_non_target_feature_rank_percentile,KEGG_GLYCOLYSIS_GLUCONEOGENESIS,2,NA,detection_fraction,42,7,0.3326530612244898,0.7891156462585034,0.4564625850340136,ESTIMATED
unit,truth_target_minus_non_target_feature_rank_percentile,KEGG_GLYCOLYSIS_GLUCONEOGENESIS,2,NA,expression_sd,42,7,0.32857142857142857,0.7857142857142857,0.45714285714285713,ESTIMATED
unit,spearman_masking_delta_vs_feature,KEGG_GLYCOLYSIS_GLUCONEOGENESIS,2,vanilla_scpa,mean_expression,42,7,0.36177766509530873,,,ESTIMATED
unit,spearman_negative_rank_vs_feature,KEGG_GLYCOLYSIS_GLUCONEOGENESIS,2,vanilla_scpa,mean_expression,42,7,0.34204448794332915,,,ESTIMATED
unit,spearman_masking_delta_vs_feature,KEGG_GLYCOLYSIS_GLUCONEOGENESIS,2,vanilla_scpa,detection_fraction,42,7,0.3585574690940348,,,ESTIMATED
unit,spearman_negative_rank_vs_feature,KEGG_GLYCOLYSIS_GLUCONEOGENESIS,2,vanilla_scpa,detection_fraction,42,7,0.3385064249655046,,,ESTIMATED
unit,spearman_masking_delta_vs_feature,KEGG_GLYCOLYSIS_GLUCONEOGENESIS,2,vanilla_scpa,expression_sd,42,7,0.39130885694824546,,,ESTIMATED
unit,spearman_negative_rank_vs_feature,KEGG_GLYCOLYSIS_GLUCONEOGENESIS,2,vanilla_scpa,expression_sd,42,7,0.37316154157285736,,,ESTIMATED
unit,spearman_masking_delta_vs_feature,KEGG_GLYCOLYSIS_GLUCONEOGENESIS,2,genept_scpa,mean_expression,42,7,0.20582921201227897,,,ESTIMATED
unit,spearman_negative_rank_vs_feature,KEGG_GLYCOLYSIS_GLUCONEOGENESIS,2,genept_scpa,mean_expression,42,7,0.19188849738209038,,,ESTIMATED
unit,spearman_masking_delta_vs_feature,KEGG_GLYCOLYSIS_GLUCONEOGENESIS,2,genept_scpa,detection_fraction,42,7,0.2125202170494383,,,ESTIMATED
unit,spearman_negative_rank_vs_feature,KEGG_GLYCOLYSIS_GLUCONEOGENESIS,2,genept_scpa,detection_fraction,42,7,0.19838729430585475,,,ESTIMATED
unit,spearman_masking_delta_vs_feature,KEGG_GLYCOLYSIS_GLUCONEOGENESIS,2,genept_scpa,expression_sd,42,7,0.20021346838679566,,,ESTIMATED
unit,spearman_negative_rank_vs_feature,KEGG_GLYCOLYSIS_GLUCONEOGENESIS,2,genept_scpa,expression_sd,42,7,0.18491957391297734,,,ESTIMATED
unit,truth_target_minus_non_target_feature_rank_percentile,KEGG_GLYCOLYSIS_GLUCONEOGENESIS,3,NA,mean_expression,42,7,0.3204081632653061,0.7789115646258503,0.45850340136054424,ESTIMATED
unit,truth_target_minus_non_target_feature_rank_percentile,KEGG_GLYCOLYSIS_GLUCONEOGENESIS,3,NA,detection_fraction,42,7,0.3163265306122449,0.7755102040816327,0.4591836734693878,ESTIMATED
unit,truth_target_minus_non_target_feature_rank_percentile,KEGG_GLYCOLYSIS_GLUCONEOGENESIS,3,NA,expression_sd,42,7,0.3326530612244898,0.7891156462585034,0.4564625850340136,ESTIMATED
unit,spearman_masking_delta_vs_feature,KEGG_GLYCOLYSIS_GLUCONEOGENESIS,3,vanilla_scpa,mean_expression,42,7,0.36177766509530873,,,ESTIMATED
unit,spearman_negative_rank_vs_feature,KEGG_GLYCOLYSIS_GLUCONEOGENESIS,3,vanilla_scpa,mean_expression,42,7,0.34204448794332915,,,ESTIMATED
unit,spearman_masking_delta_vs_feature,KEGG_GLYCOLYSIS_GLUCONEOGENESIS,3,vanilla_scpa,detection_fraction,42,7,0.3585574690940348,,,ESTIMATED
unit,spearman_negative_rank_vs_feature,KEGG_GLYCOLYSIS_GLUCONEOGENESIS,3,vanilla_scpa,detection_fraction,42,7,0.3385064249655046,,,ESTIMATED
unit,spearman_masking_delta_vs_feature,KEGG_GLYCOLYSIS_GLUCONEOGENESIS,3,vanilla_scpa,expression_sd,42,7,0.39130885694824546,,,ESTIMATED
unit,spearman_negative_rank_vs_feature,KEGG_GLYCOLYSIS_GLUCONEOGENESIS,3,vanilla_scpa,expression_sd,42,7,0.37316154157285736,,,ESTIMATED
unit,spearman_masking_delta_vs_feature,KEGG_GLYCOLYSIS_GLUCONEOGENESIS,3,genept_scpa,mean_expression,42,7,0.20582921201227897,,,ESTIMATED
unit,spearman_negative_rank_vs_feature,KEGG_GLYCOLYSIS_GLUCONEOGENESIS,3,genept_scpa,mean_expression,42,7,0.19188849738209038,,,ESTIMATED
unit,spearman_masking_delta_vs_feature,KEGG_GLYCOLYSIS_GLUCONEOGENESIS,3,genept_scpa,detection_fraction,42,7,0.2125202170494383,,,ESTIMATED
unit,spearman_negative_rank_vs_feature,KEGG_GLYCOLYSIS_GLUCONEOGENESIS,3,genept_scpa,detection_fraction,42,7,0.19838729430585475,,,ESTIMATED
unit,spearman_masking_delta_vs_feature,KEGG_GLYCOLYSIS_GLUCONEOGENESIS,3,genept_scpa,expression_sd,42,7,0.20021346838679566,,,ESTIMATED
unit,spearman_negative_rank_vs_feature,KEGG_GLYCOLYSIS_GLUCONEOGENESIS,3,genept_scpa,expression_sd,42,7,0.18491957391297734,,,ESTIMATED
unit,truth_target_minus_non_target_feature_rank_percentile,KEGG_GLYCOLYSIS_GLUCONEOGENESIS,4,NA,mean_expression,42,7,0.3408163265306122,0.7959183673469388,0.45510204081632655,ESTIMATED
unit,truth_target_minus_non_target_feature_rank_percentile,KEGG_GLYCOLYSIS_GLUCONEOGENESIS,4,NA,detection_fraction,42,7,0.33265306122448973,0.7891156462585034,0.45646258503401366,ESTIMATED
unit,truth_target_minus_non_target_feature_rank_percentile,KEGG_GLYCOLYSIS_GLUCONEOGENESIS,4,NA,expression_sd,42,7,0.3734693877551021,0.8231292517006804,0.44965986394557833,ESTIMATED
unit,spearman_masking_delta_vs_feature,KEGG_GLYCOLYSIS_GLUCONEOGENESIS,4,vanilla_scpa,mean_expression,42,7,0.36177766509530873,,,ESTIMATED
unit,spearman_negative_rank_vs_feature,KEGG_GLYCOLYSIS_GLUCONEOGENESIS,4,vanilla_scpa,mean_expression,42,7,0.34204448794332915,,,ESTIMATED
unit,spearman_masking_delta_vs_feature,KEGG_GLYCOLYSIS_GLUCONEOGENESIS,4,vanilla_scpa,detection_fraction,42,7,0.3585574690940348,,,ESTIMATED
unit,spearman_negative_rank_vs_feature,KEGG_GLYCOLYSIS_GLUCONEOGENESIS,4,vanilla_scpa,detection_fraction,42,7,0.3385064249655046,,,ESTIMATED
unit,spearman_masking_delta_vs_feature,KEGG_GLYCOLYSIS_GLUCONEOGENESIS,4,vanilla_scpa,expression_sd,42,7,0.39130885694824546,,,ESTIMATED
unit,spearman_negative_rank_vs_feature,KEGG_GLYCOLYSIS_GLUCONEOGENESIS,4,vanilla_scpa,expression_sd,42,7,0.37316154157285736,,,ESTIMATED
unit,spearman_masking_delta_vs_feature,KEGG_GLYCOLYSIS_GLUCONEOGENESIS,4,genept_scpa,mean_expression,42,7,0.20582921201227897,,,ESTIMATED
unit,spearman_negative_rank_vs_feature,KEGG_GLYCOLYSIS_GLUCONEOGENESIS,4,genept_scpa,mean_expression,42,7,0.19188849738209038,,,ESTIMATED
unit,spearman_masking_delta_vs_feature,KEGG_GLYCOLYSIS_GLUCONEOGENESIS,4,genept_scpa,detection_fraction,42,7,0.2125202170494383,,,ESTIMATED
unit,spearman_negative_rank_vs_feature,KEGG_GLYCOLYSIS_GLUCONEOGENESIS,4,genept_scpa,detection_fraction,42,7,0.19838729430585475,,,ESTIMATED
unit,spearman_masking_delta_vs_feature,KEGG_GLYCOLYSIS_GLUCONEOGENESIS,4,genept_scpa,expression_sd,42,7,0.20021346838679566,,,ESTIMATED
unit,spearman_negative_rank_vs_feature,KEGG_GLYCOLYSIS_GLUCONEOGENESIS,4,genept_scpa,expression_sd,42,7,0.18491957391297734,,,ESTIMATED
unit,truth_target_minus_non_target_feature_rank_percentile,KEGG_GLYCOLYSIS_GLUCONEOGENESIS,5,NA,mean_expression,42,7,0.2551020408163265,0.7244897959183673,0.4693877551020408,ESTIMATED
unit,truth_target_minus_non_target_feature_rank_percentile,KEGG_GLYCOLYSIS_GLUCONEOGENESIS,5,NA,detection_fraction,42,7,0.2551020408163265,0.7244897959183673,0.4693877551020408,ESTIMATED
unit,truth_target_minus_non_target_feature_rank_percentile,KEGG_GLYCOLYSIS_GLUCONEOGENESIS,5,NA,expression_sd,42,7,0.25918367346938764,0.727891156462585,0.4687074829931973,ESTIMATED
unit,spearman_masking_delta_vs_feature,KEGG_GLYCOLYSIS_GLUCONEOGENESIS,5,vanilla_scpa,mean_expression,42,7,0.36177766509530873,,,ESTIMATED
unit,spearman_negative_rank_vs_feature,KEGG_GLYCOLYSIS_GLUCONEOGENESIS,5,vanilla_scpa,mean_expression,42,7,0.34204448794332915,,,ESTIMATED
unit,spearman_masking_delta_vs_feature,KEGG_GLYCOLYSIS_GLUCONEOGENESIS,5,vanilla_scpa,detection_fraction,42,7,0.3585574690940348,,,ESTIMATED
unit,spearman_negative_rank_vs_feature,KEGG_GLYCOLYSIS_GLUCONEOGENESIS,5,vanilla_scpa,detection_fraction,42,7,0.3385064249655046,,,ESTIMATED
unit,spearman_masking_delta_vs_feature,KEGG_GLYCOLYSIS_GLUCONEOGENESIS,5,vanilla_scpa,expression_sd,42,7,0.39130885694824546,,,ESTIMATED
unit,spearman_negative_rank_vs_feature,KEGG_GLYCOLYSIS_GLUCONEOGENESIS,5,vanilla_scpa,expression_sd,42,7,0.37316154157285736,,,ESTIMATED
unit,spearman_masking_delta_vs_feature,KEGG_GLYCOLYSIS_GLUCONEOGENESIS,5,genept_scpa,mean_expression,42,7,0.20582921201227897,,,ESTIMATED
unit,spearman_negative_rank_vs_feature,KEGG_GLYCOLYSIS_GLUCONEOGENESIS,5,genept_scpa,mean_expression,42,7,0.19188849738209038,,,ESTIMATED
unit,spearman_masking_delta_vs_feature,KEGG_GLYCOLYSIS_GLUCONEOGENESIS,5,genept_scpa,detection_fraction,42,7,0.2125202170494383,,,ESTIMATED
unit,spearman_negative_rank_vs_feature,KEGG_GLYCOLYSIS_GLUCONEOGENESIS,5,genept_scpa,detection_fraction,42,7,0.19838729430585475,,,ESTIMATED
unit,spearman_masking_delta_vs_feature,KEGG_GLYCOLYSIS_GLUCONEOGENESIS,5,genept_scpa,expression_sd,42,7,0.20021346838679566,,,ESTIMATED
unit,spearman_negative_rank_vs_feature,KEGG_GLYCOLYSIS_GLUCONEOGENESIS,5,genept_scpa,expression_sd,42,7,0.18491957391297734,,,ESTIMATED
unit,truth_target_minus_non_target_feature_rank_percentile,KEGG_GLYCOLYSIS_GLUCONEOGENESIS,6,NA,mean_expression,42,7,0.3081632653061225,0.7687074829931974,0.4605442176870749,ESTIMATED
unit,truth_target_minus_non_target_feature_rank_percentile,KEGG_GLYCOLYSIS_GLUCONEOGENESIS,6,NA,detection_fraction,42,7,0.31224489795918375,0.772108843537415,0.4598639455782313,ESTIMATED
unit,truth_target_minus_non_target_feature_rank_percentile,KEGG_GLYCOLYSIS_GLUCONEOGENESIS,6,NA,expression_sd,42,7,0.3163265306122449,0.7755102040816327,0.4591836734693878,ESTIMATED
unit,spearman_masking_delta_vs_feature,KEGG_GLYCOLYSIS_GLUCONEOGENESIS,6,vanilla_scpa,mean_expression,42,7,0.36177766509530873,,,ESTIMATED
unit,spearman_negative_rank_vs_feature,KEGG_GLYCOLYSIS_GLUCONEOGENESIS,6,vanilla_scpa,mean_expression,42,7,0.34204448794332915,,,ESTIMATED
unit,spearman_masking_delta_vs_feature,KEGG_GLYCOLYSIS_GLUCONEOGENESIS,6,vanilla_scpa,detection_fraction,42,7,0.3585574690940348,,,ESTIMATED
unit,spearman_negative_rank_vs_feature,KEGG_GLYCOLYSIS_GLUCONEOGENESIS,6,vanilla_scpa,detection_fraction,42,7,0.3385064249655046,,,ESTIMATED
unit,spearman_masking_delta_vs_feature,KEGG_GLYCOLYSIS_GLUCONEOGENESIS,6,vanilla_scpa,expression_sd,42,7,0.39130885694824546,,,ESTIMATED
unit,spearman_negative_rank_vs_feature,KEGG_GLYCOLYSIS_GLUCONEOGENESIS,6,vanilla_scpa,expression_sd,42,7,0.37316154157285736,,,ESTIMATED
unit,spearman_masking_delta_vs_feature,KEGG_GLYCOLYSIS_GLUCONEOGENESIS,6,genept_scpa,mean_expression,42,7,0.20582921201227897,,,ESTIMATED
unit,spearman_negative_rank_vs_feature,KEGG_GLYCOLYSIS_GLUCONEOGENESIS,6,genept_scpa,mean_expression,42,7,0.19188849738209038,,,ESTIMATED
unit,spearman_masking_delta_vs_feature,KEGG_GLYCOLYSIS_GLUCONEOGENESIS,6,genept_scpa,detection_fraction,42,7,0.2125202170494383,,,ESTIMATED
unit,spearman_negative_rank_vs_feature,KEGG_GLYCOLYSIS_GLUCONEOGENESIS,6,genept_scpa,detection_fraction,42,7,0.19838729430585475,,,ESTIMATED
unit,spearman_masking_delta_vs_feature,KEGG_GLYCOLYSIS_GLUCONEOGENESIS,6,genept_scpa,expression_sd,42,7,0.20021346838679566,,,ESTIMATED
unit,spearman_negative_rank_vs_feature,KEGG_GLYCOLYSIS_GLUCONEOGENESIS,6,genept_scpa,expression_sd,42,7,0.18491957391297734,,,ESTIMATED
unit,truth_target_minus_non_target_feature_rank_percentile,KEGG_GLYCOLYSIS_GLUCONEOGENESIS,7,NA,mean_expression,42,7,0.2714285714285714,0.738095238095238,0.4666666666666666,ESTIMATED
unit,truth_target_minus_non_target_feature_rank_percentile,KEGG_GLYCOLYSIS_GLUCONEOGENESIS,7,NA,detection_fraction,42,7,0.26734693877551025,0.7346938775510203,0.4673469387755101,ESTIMATED
unit,truth_target_minus_non_target_feature_rank_percentile,KEGG_GLYCOLYSIS_GLUCONEOGENESIS,7,NA,expression_sd,42,7,0.2918367346938775,0.7551020408163265,0.463265306122449,ESTIMATED
unit,spearman_masking_delta_vs_feature,KEGG_GLYCOLYSIS_GLUCONEOGENESIS,7,vanilla_scpa,mean_expression,42,7,0.36177766509530873,,,ESTIMATED
unit,spearman_negative_rank_vs_feature,KEGG_GLYCOLYSIS_GLUCONEOGENESIS,7,vanilla_scpa,mean_expression,42,7,0.34204448794332915,,,ESTIMATED
unit,spearman_masking_delta_vs_feature,KEGG_GLYCOLYSIS_GLUCONEOGENESIS,7,vanilla_scpa,detection_fraction,42,7,0.3585574690940348,,,ESTIMATED
unit,spearman_negative_rank_vs_feature,KEGG_GLYCOLYSIS_GLUCONEOGENESIS,7,vanilla_scpa,detection_fraction,42,7,0.3385064249655046,,,ESTIMATED
unit,spearman_masking_delta_vs_feature,KEGG_GLYCOLYSIS_GLUCONEOGENESIS,7,vanilla_scpa,expression_sd,42,7,0.39130885694824546,,,ESTIMATED
unit,spearman_negative_rank_vs_feature,KEGG_GLYCOLYSIS_GLUCONEOGENESIS,7,vanilla_scpa,expression_sd,42,7,0.37316154157285736,,,ESTIMATED
unit,spearman_masking_delta_vs_feature,KEGG_GLYCOLYSIS_GLUCONEOGENESIS,7,genept_scpa,mean_expression,42,7,0.20582921201227897,,,ESTIMATED
unit,spearman_negative_rank_vs_feature,KEGG_GLYCOLYSIS_GLUCONEOGENESIS,7,genept_scpa,mean_expression,42,7,0.19188849738209038,,,ESTIMATED
unit,spearman_masking_delta_vs_feature,KEGG_GLYCOLYSIS_GLUCONEOGENESIS,7,genept_scpa,detection_fraction,42,7,0.2125202170494383,,,ESTIMATED
unit,spearman_negative_rank_vs_feature,KEGG_GLYCOLYSIS_GLUCONEOGENESIS,7,genept_scpa,detection_fraction,42,7,0.19838729430585475,,,ESTIMATED
unit,spearman_masking_delta_vs_feature,KEGG_GLYCOLYSIS_GLUCONEOGENESIS,7,genept_scpa,expression_sd,42,7,0.20021346838679566,,,ESTIMATED
unit,spearman_negative_rank_vs_feature,KEGG_GLYCOLYSIS_GLUCONEOGENESIS,7,genept_scpa,expression_sd,42,7,0.18491957391297734,,,ESTIMATED
unit,truth_target_minus_non_target_feature_rank_percentile,KEGG_GLYCOLYSIS_GLUCONEOGENESIS,8,NA,mean_expression,42,7,0.2714285714285714,0.738095238095238,0.4666666666666666,ESTIMATED
unit,truth_target_minus_non_target_feature_rank_percentile,KEGG_GLYCOLYSIS_GLUCONEOGENESIS,8,NA,detection_fraction,42,7,0.27959183673469384,0.7448979591836734,0.46530612244897956,ESTIMATED
unit,truth_target_minus_non_target_feature_rank_percentile,KEGG_GLYCOLYSIS_GLUCONEOGENESIS,8,NA,expression_sd,42,7,0.2714285714285714,0.738095238095238,0.4666666666666666,ESTIMATED
unit,spearman_masking_delta_vs_feature,KEGG_GLYCOLYSIS_GLUCONEOGENESIS,8,vanilla_scpa,mean_expression,42,7,0.36177766509530873,,,ESTIMATED
unit,spearman_negative_rank_vs_feature,KEGG_GLYCOLYSIS_GLUCONEOGENESIS,8,vanilla_scpa,mean_expression,42,7,0.34204448794332915,,,ESTIMATED
unit,spearman_masking_delta_vs_feature,KEGG_GLYCOLYSIS_GLUCONEOGENESIS,8,vanilla_scpa,detection_fraction,42,7,0.3585574690940348,,,ESTIMATED
unit,spearman_negative_rank_vs_feature,KEGG_GLYCOLYSIS_GLUCONEOGENESIS,8,vanilla_scpa,detection_fraction,42,7,0.3385064249655046,,,ESTIMATED
unit,spearman_masking_delta_vs_feature,KEGG_GLYCOLYSIS_GLUCONEOGENESIS,8,vanilla_scpa,expression_sd,42,7,0.39130885694824546,,,ESTIMATED
unit,spearman_negative_rank_vs_feature,KEGG_GLYCOLYSIS_GLUCONEOGENESIS,8,vanilla_scpa,expression_sd,42,7,0.37316154157285736,,,ESTIMATED
unit,spearman_masking_delta_vs_feature,KEGG_GLYCOLYSIS_GLUCONEOGENESIS,8,genept_scpa,mean_expression,42,7,0.20582921201227897,,,ESTIMATED
unit,spearman_negative_rank_vs_feature,KEGG_GLYCOLYSIS_GLUCONEOGENESIS,8,genept_scpa,mean_expression,42,7,0.19188849738209038,,,ESTIMATED
unit,spearman_masking_delta_vs_feature,KEGG_GLYCOLYSIS_GLUCONEOGENESIS,8,genept_scpa,detection_fraction,42,7,0.2125202170494383,,,ESTIMATED
unit,spearman_negative_rank_vs_feature,KEGG_GLYCOLYSIS_GLUCONEOGENESIS,8,genept_scpa,detection_fraction,42,7,0.19838729430585475,,,ESTIMATED
unit,spearman_masking_delta_vs_feature,KEGG_GLYCOLYSIS_GLUCONEOGENESIS,8,genept_scpa,expression_sd,42,7,0.20021346838679566,,,ESTIMATED
unit,spearman_negative_rank_vs_feature,KEGG_GLYCOLYSIS_GLUCONEOGENESIS,8,genept_scpa,expression_sd,42,7,0.18491957391297734,,,ESTIMATED
unit,truth_target_minus_non_target_feature_rank_percentile,KEGG_GLYCOLYSIS_GLUCONEOGENESIS,9,NA,mean_expression,42,7,0.377551020408163,0.8265306122448978,0.44897959183673475,ESTIMATED
unit,truth_target_minus_non_target_feature_rank_percentile,KEGG_GLYCOLYSIS_GLUCONEOGENESIS,9,NA,detection_fraction,42,7,0.3857142857142857,0.8333333333333333,0.4476190476190476,ESTIMATED
unit,truth_target_minus_non_target_feature_rank_percentile,KEGG_GLYCOLYSIS_GLUCONEOGENESIS,9,NA,expression_sd,42,7,0.38979591836734695,0.8367346938775511,0.4469387755102041,ESTIMATED
unit,spearman_masking_delta_vs_feature,KEGG_GLYCOLYSIS_GLUCONEOGENESIS,9,vanilla_scpa,mean_expression,42,7,0.36177766509530873,,,ESTIMATED
unit,spearman_negative_rank_vs_feature,KEGG_GLYCOLYSIS_GLUCONEOGENESIS,9,vanilla_scpa,mean_expression,42,7,0.34204448794332915,,,ESTIMATED
unit,spearman_masking_delta_vs_feature,KEGG_GLYCOLYSIS_GLUCONEOGENESIS,9,vanilla_scpa,detection_fraction,42,7,0.3585574690940348,,,ESTIMATED
unit,spearman_negative_rank_vs_feature,KEGG_GLYCOLYSIS_GLUCONEOGENESIS,9,vanilla_scpa,detection_fraction,42,7,0.3385064249655046,,,ESTIMATED
unit,spearman_masking_delta_vs_feature,KEGG_GLYCOLYSIS_GLUCONEOGENESIS,9,vanilla_scpa,expression_sd,42,7,0.39130885694824546,,,ESTIMATED
unit,spearman_negative_rank_vs_feature,KEGG_GLYCOLYSIS_GLUCONEOGENESIS,9,vanilla_scpa,expression_sd,42,7,0.37316154157285736,,,ESTIMATED
unit,spearman_masking_delta_vs_feature,KEGG_GLYCOLYSIS_GLUCONEOGENESIS,9,genept_scpa,mean_expression,42,7,0.20582921201227897,,,ESTIMATED
unit,spearman_negative_rank_vs_feature,KEGG_GLYCOLYSIS_GLUCONEOGENESIS,9,genept_scpa,mean_expression,42,7,0.19188849738209038,,,ESTIMATED
unit,spearman_masking_delta_vs_feature,KEGG_GLYCOLYSIS_GLUCONEOGENESIS,9,genept_scpa,detection_fraction,42,7,0.2125202170494383,,,ESTIMATED
unit,spearman_negative_rank_vs_feature,KEGG_GLYCOLYSIS_GLUCONEOGENESIS,9,genept_scpa,detection_fraction,42,7,0.19838729430585475,,,ESTIMATED
unit,spearman_masking_delta_vs_feature,KEGG_GLYCOLYSIS_GLUCONEOGENESIS,9,genept_scpa,expression_sd,42,7,0.20021346838679566,,,ESTIMATED
unit,spearman_negative_rank_vs_feature,KEGG_GLYCOLYSIS_GLUCONEOGENESIS,9,genept_scpa,expression_sd,42,7,0.18491957391297734,,,ESTIMATED
unit,truth_target_minus_non_target_feature_rank_percentile,KEGG_GLYCOLYSIS_GLUCONEOGENESIS,10,NA,mean_expression,42,7,0.3979591836734694,0.8435374149659864,0.44557823129251706,ESTIMATED
unit,truth_target_minus_non_target_feature_rank_percentile,KEGG_GLYCOLYSIS_GLUCONEOGENESIS,10,NA,detection_fraction,42,7,0.4020408163265306,0.8469387755102041,0.44489795918367353,ESTIMATED
unit,truth_target_minus_non_target_feature_rank_percentile,KEGG_GLYCOLYSIS_GLUCONEOGENESIS,10,NA,expression_sd,42,7,0.3653061224489796,0.8163265306122449,0.45102040816326533,ESTIMATED
unit,spearman_masking_delta_vs_feature,KEGG_GLYCOLYSIS_GLUCONEOGENESIS,10,vanilla_scpa,mean_expression,42,7,0.36177766509530873,,,ESTIMATED
unit,spearman_negative_rank_vs_feature,KEGG_GLYCOLYSIS_GLUCONEOGENESIS,10,vanilla_scpa,mean_expression,42,7,0.34204448794332915,,,ESTIMATED
unit,spearman_masking_delta_vs_feature,KEGG_GLYCOLYSIS_GLUCONEOGENESIS,10,vanilla_scpa,detection_fraction,42,7,0.3585574690940348,,,ESTIMATED
unit,spearman_negative_rank_vs_feature,KEGG_GLYCOLYSIS_GLUCONEOGENESIS,10,vanilla_scpa,detection_fraction,42,7,0.3385064249655046,,,ESTIMATED
unit,spearman_masking_delta_vs_feature,KEGG_GLYCOLYSIS_GLUCONEOGENESIS,10,vanilla_scpa,expression_sd,42,7,0.39130885694824546,,,ESTIMATED
unit,spearman_negative_rank_vs_feature,KEGG_GLYCOLYSIS_GLUCONEOGENESIS,10,vanilla_scpa,expression_sd,42,7,0.37316154157285736,,,ESTIMATED
unit,spearman_masking_delta_vs_feature,KEGG_GLYCOLYSIS_GLUCONEOGENESIS,10,genept_scpa,mean_expression,42,7,0.20582921201227897,,,ESTIMATED
unit,spearman_negative_rank_vs_feature,KEGG_GLYCOLYSIS_GLUCONEOGENESIS,10,genept_scpa,mean_expression,42,7,0.19188849738209038,,,ESTIMATED
unit,spearman_masking_delta_vs_feature,KEGG_GLYCOLYSIS_GLUCONEOGENESIS,10,genept_scpa,detection_fraction,42,7,0.2125202170494383,,,ESTIMATED
unit,spearman_negative_rank_vs_feature,KEGG_GLYCOLYSIS_GLUCONEOGENESIS,10,genept_scpa,detection_fraction,42,7,0.19838729430585475,,,ESTIMATED
unit,spearman_masking_delta_vs_feature,KEGG_GLYCOLYSIS_GLUCONEOGENESIS,10,genept_scpa,expression_sd,42,7,0.20021346838679566,,,ESTIMATED
unit,spearman_negative_rank_vs_feature,KEGG_GLYCOLYSIS_GLUCONEOGENESIS,10,genept_scpa,expression_sd,42,7,0.18491957391297734,,,ESTIMATED
unit,truth_target_minus_non_target_feature_rank_percentile,KEGG_GLYCOLYSIS_GLUCONEOGENESIS,11,NA,mean_expression,42,7,0.3326530612244899,0.7891156462585035,0.4564625850340136,ESTIMATED
unit,truth_target_minus_non_target_feature_rank_percentile,KEGG_GLYCOLYSIS_GLUCONEOGENESIS,11,NA,detection_fraction,42,7,0.3285714285714287,0.7857142857142858,0.45714285714285713,ESTIMATED
unit,truth_target_minus_non_target_feature_rank_percentile,KEGG_GLYCOLYSIS_GLUCONEOGENESIS,11,NA,expression_sd,42,7,0.3163265306122449,0.7755102040816327,0.4591836734693878,ESTIMATED
unit,spearman_masking_delta_vs_feature,KEGG_GLYCOLYSIS_GLUCONEOGENESIS,11,vanilla_scpa,mean_expression,42,7,0.36177766509530873,,,ESTIMATED
unit,spearman_negative_rank_vs_feature,KEGG_GLYCOLYSIS_GLUCONEOGENESIS,11,vanilla_scpa,mean_expression,42,7,0.34204448794332915,,,ESTIMATED
unit,spearman_masking_delta_vs_feature,KEGG_GLYCOLYSIS_GLUCONEOGENESIS,11,vanilla_scpa,detection_fraction,42,7,0.3585574690940348,,,ESTIMATED
unit,spearman_negative_rank_vs_feature,KEGG_GLYCOLYSIS_GLUCONEOGENESIS,11,vanilla_scpa,detection_fraction,42,7,0.3385064249655046,,,ESTIMATED
unit,spearman_masking_delta_vs_feature,KEGG_GLYCOLYSIS_GLUCONEOGENESIS,11,vanilla_scpa,expression_sd,42,7,0.39130885694824546,,,ESTIMATED
unit,spearman_negative_rank_vs_feature,KEGG_GLYCOLYSIS_GLUCONEOGENESIS,11,vanilla_scpa,expression_sd,42,7,0.37316154157285736,,,ESTIMATED
unit,spearman_masking_delta_vs_feature,KEGG_GLYCOLYSIS_GLUCONEOGENESIS,11,genept_scpa,mean_expression,42,7,0.20582921201227897,,,ESTIMATED
unit,spearman_negative_rank_vs_feature,KEGG_GLYCOLYSIS_GLUCONEOGENESIS,11,genept_scpa,mean_expression,42,7,0.19188849738209038,,,ESTIMATED
unit,spearman_masking_delta_vs_feature,KEGG_GLYCOLYSIS_GLUCONEOGENESIS,11,genept_scpa,detection_fraction,42,7,0.2125202170494383,,,ESTIMATED
unit,spearman_negative_rank_vs_feature,KEGG_GLYCOLYSIS_GLUCONEOGENESIS,11,genept_scpa,detection_fraction,42,7,0.19838729430585475,,,ESTIMATED
unit,spearman_masking_delta_vs_feature,KEGG_GLYCOLYSIS_GLUCONEOGENESIS,11,genept_scpa,expression_sd,42,7,0.20021346838679566,,,ESTIMATED
unit,spearman_negative_rank_vs_feature,KEGG_GLYCOLYSIS_GLUCONEOGENESIS,11,genept_scpa,expression_sd,42,7,0.18491957391297734,,,ESTIMATED
unit,truth_target_minus_non_target_feature_rank_percentile,KEGG_GLYCOLYSIS_GLUCONEOGENESIS,12,NA,mean_expression,42,7,0.34897959183673477,0.8027210884353743,0.4537414965986395,ESTIMATED
unit,truth_target_minus_non_target_feature_rank_percentile,KEGG_GLYCOLYSIS_GLUCONEOGENESIS,12,NA,detection_fraction,42,7,0.34897959183673455,0.802721088435374,0.4537414965986395,ESTIMATED
unit,truth_target_minus_non_target_feature_rank_percentile,KEGG_GLYCOLYSIS_GLUCONEOGENESIS,12,NA,expression_sd,42,7,0.36122448979591837,0.8129251700680272,0.45170068027210886,ESTIMATED
unit,spearman_masking_delta_vs_feature,KEGG_GLYCOLYSIS_GLUCONEOGENESIS,12,vanilla_scpa,mean_expression,42,7,0.36177766509530873,,,ESTIMATED
unit,spearman_negative_rank_vs_feature,KEGG_GLYCOLYSIS_GLUCONEOGENESIS,12,vanilla_scpa,mean_expression,42,7,0.34204448794332915,,,ESTIMATED
unit,spearman_masking_delta_vs_feature,KEGG_GLYCOLYSIS_GLUCONEOGENESIS,12,vanilla_scpa,detection_fraction,42,7,0.3585574690940348,,,ESTIMATED
unit,spearman_negative_rank_vs_feature,KEGG_GLYCOLYSIS_GLUCONEOGENESIS,12,vanilla_scpa,detection_fraction,42,7,0.3385064249655046,,,ESTIMATED
unit,spearman_masking_delta_vs_feature,KEGG_GLYCOLYSIS_GLUCONEOGENESIS,12,vanilla_scpa,expression_sd,42,7,0.39130885694824546,,,ESTIMATED
unit,spearman_negative_rank_vs_feature,KEGG_GLYCOLYSIS_GLUCONEOGENESIS,12,vanilla_scpa,expression_sd,42,7,0.37316154157285736,,,ESTIMATED
unit,spearman_masking_delta_vs_feature,KEGG_GLYCOLYSIS_GLUCONEOGENESIS,12,genept_scpa,mean_expression,42,7,0.20582921201227897,,,ESTIMATED
unit,spearman_negative_rank_vs_feature,KEGG_GLYCOLYSIS_GLUCONEOGENESIS,12,genept_scpa,mean_expression,42,7,0.19188849738209038,,,ESTIMATED
unit,spearman_masking_delta_vs_feature,KEGG_GLYCOLYSIS_GLUCONEOGENESIS,12,genept_scpa,detection_fraction,42,7,0.2125202170494383,,,ESTIMATED
unit,spearman_negative_rank_vs_feature,KEGG_GLYCOLYSIS_GLUCONEOGENESIS,12,genept_scpa,detection_fraction,42,7,0.19838729430585475,,,ESTIMATED
unit,spearman_masking_delta_vs_feature,KEGG_GLYCOLYSIS_GLUCONEOGENESIS,12,genept_scpa,expression_sd,42,7,0.20021346838679566,,,ESTIMATED
unit,spearman_negative_rank_vs_feature,KEGG_GLYCOLYSIS_GLUCONEOGENESIS,12,genept_scpa,expression_sd,42,7,0.18491957391297734,,,ESTIMATED
unit,truth_target_minus_non_target_feature_rank_percentile,KEGG_GLYCOLYSIS_GLUCONEOGENESIS,13,NA,mean_expression,42,7,0.3530612244897959,0.8061224489795918,0.45306122448979597,ESTIMATED
unit,truth_target_minus_non_target_feature_rank_percentile,KEGG_GLYCOLYSIS_GLUCONEOGENESIS,13,NA,detection_fraction,42,7,0.35306122448979593,0.8061224489795918,0.4530612244897959,ESTIMATED
unit,truth_target_minus_non_target_feature_rank_percentile,KEGG_GLYCOLYSIS_GLUCONEOGENESIS,13,NA,expression_sd,42,7,0.32040816326530597,0.7789115646258502,0.45850340136054424,ESTIMATED
unit,spearman_masking_delta_vs_feature,KEGG_GLYCOLYSIS_GLUCONEOGENESIS,13,vanilla_scpa,mean_expression,42,7,0.36177766509530873,,,ESTIMATED
unit,spearman_negative_rank_vs_feature,KEGG_GLYCOLYSIS_GLUCONEOGENESIS,13,vanilla_scpa,mean_expression,42,7,0.34204448794332915,,,ESTIMATED
unit,spearman_masking_delta_vs_feature,KEGG_GLYCOLYSIS_GLUCONEOGENESIS,13,vanilla_scpa,detection_fraction,42,7,0.3585574690940348,,,ESTIMATED
unit,spearman_negative_rank_vs_feature,KEGG_GLYCOLYSIS_GLUCONEOGENESIS,13,vanilla_scpa,detection_fraction,42,7,0.3385064249655046,,,ESTIMATED
unit,spearman_masking_delta_vs_feature,KEGG_GLYCOLYSIS_GLUCONEOGENESIS,13,vanilla_scpa,expression_sd,42,7,0.39130885694824546,,,ESTIMATED
unit,spearman_negative_rank_vs_feature,KEGG_GLYCOLYSIS_GLUCONEOGENESIS,13,vanilla_scpa,expression_sd,42,7,0.37316154157285736,,,ESTIMATED
unit,spearman_masking_delta_vs_feature,KEGG_GLYCOLYSIS_GLUCONEOGENESIS,13,genept_scpa,mean_expression,42,7,0.20582921201227897,,,ESTIMATED
unit,spearman_negative_rank_vs_feature,KEGG_GLYCOLYSIS_GLUCONEOGENESIS,13,genept_scpa,mean_expression,42,7,0.19188849738209038,,,ESTIMATED
unit,spearman_masking_delta_vs_feature,KEGG_GLYCOLYSIS_GLUCONEOGENESIS,13,genept_scpa,detection_fraction,42,7,0.2125202170494383,,,ESTIMATED
unit,spearman_negative_rank_vs_feature,KEGG_GLYCOLYSIS_GLUCONEOGENESIS,13,genept_scpa,detection_fraction,42,7,0.19838729430585475,,,ESTIMATED
unit,spearman_masking_delta_vs_feature,KEGG_GLYCOLYSIS_GLUCONEOGENESIS,13,genept_scpa,expression_sd,42,7,0.20021346838679566,,,ESTIMATED
unit,spearman_negative_rank_vs_feature,KEGG_GLYCOLYSIS_GLUCONEOGENESIS,13,genept_scpa,expression_sd,42,7,0.18491957391297734,,,ESTIMATED
unit,truth_target_minus_non_target_feature_rank_percentile,KEGG_GLYCOLYSIS_GLUCONEOGENESIS,14,NA,mean_expression,42,7,0.3775510204081633,0.826530612244898,0.4489795918367347,ESTIMATED
unit,truth_target_minus_non_target_feature_rank_percentile,KEGG_GLYCOLYSIS_GLUCONEOGENESIS,14,NA,detection_fraction,42,7,0.3693877551020407,0.8197278911564625,0.4503401360544218,ESTIMATED
unit,truth_target_minus_non_target_feature_rank_percentile,KEGG_GLYCOLYSIS_GLUCONEOGENESIS,14,NA,expression_sd,42,7,0.406122448979592,0.8503401360544219,0.44421768707482995,ESTIMATED
unit,spearman_masking_delta_vs_feature,KEGG_GLYCOLYSIS_GLUCONEOGENESIS,14,vanilla_scpa,mean_expression,42,7,0.36177766509530873,,,ESTIMATED
unit,spearman_negative_rank_vs_feature,KEGG_GLYCOLYSIS_GLUCONEOGENESIS,14,vanilla_scpa,mean_expression,42,7,0.34204448794332915,,,ESTIMATED
unit,spearman_masking_delta_vs_feature,KEGG_GLYCOLYSIS_GLUCONEOGENESIS,14,vanilla_scpa,detection_fraction,42,7,0.3585574690940348,,,ESTIMATED
unit,spearman_negative_rank_vs_feature,KEGG_GLYCOLYSIS_GLUCONEOGENESIS,14,vanilla_scpa,detection_fraction,42,7,0.3385064249655046,,,ESTIMATED
unit,spearman_masking_delta_vs_feature,KEGG_GLYCOLYSIS_GLUCONEOGENESIS,14,vanilla_scpa,expression_sd,42,7,0.39130885694824546,,,ESTIMATED
unit,spearman_negative_rank_vs_feature,KEGG_GLYCOLYSIS_GLUCONEOGENESIS,14,vanilla_scpa,expression_sd,42,7,0.37316154157285736,,,ESTIMATED
unit,spearman_masking_delta_vs_feature,KEGG_GLYCOLYSIS_GLUCONEOGENESIS,14,genept_scpa,mean_expression,42,7,0.20582921201227897,,,ESTIMATED
unit,spearman_negative_rank_vs_feature,KEGG_GLYCOLYSIS_GLUCONEOGENESIS,14,genept_scpa,mean_expression,42,7,0.19188849738209038,,,ESTIMATED
unit,spearman_masking_delta_vs_feature,KEGG_GLYCOLYSIS_GLUCONEOGENESIS,14,genept_scpa,detection_fraction,42,7,0.2125202170494383,,,ESTIMATED
unit,spearman_negative_rank_vs_feature,KEGG_GLYCOLYSIS_GLUCONEOGENESIS,14,genept_scpa,detection_fraction,42,7,0.19838729430585475,,,ESTIMATED
unit,spearman_masking_delta_vs_feature,KEGG_GLYCOLYSIS_GLUCONEOGENESIS,14,genept_scpa,expression_sd,42,7,0.20021346838679566,,,ESTIMATED
unit,spearman_negative_rank_vs_feature,KEGG_GLYCOLYSIS_GLUCONEOGENESIS,14,genept_scpa,expression_sd,42,7,0.18491957391297734,,,ESTIMATED
unit,truth_target_minus_non_target_feature_rank_percentile,KEGG_GLYCOLYSIS_GLUCONEOGENESIS,15,NA,mean_expression,42,7,0.33673469387755106,0.7925170068027212,0.45578231292517013,ESTIMATED
unit,truth_target_minus_non_target_feature_rank_percentile,KEGG_GLYCOLYSIS_GLUCONEOGENESIS,15,NA,detection_fraction,42,7,0.33265306122448973,0.7891156462585034,0.45646258503401366,ESTIMATED
unit,truth_target_minus_non_target_feature_rank_percentile,KEGG_GLYCOLYSIS_GLUCONEOGENESIS,15,NA,expression_sd,42,7,0.3204081632653061,0.7789115646258503,0.45850340136054424,ESTIMATED
unit,spearman_masking_delta_vs_feature,KEGG_GLYCOLYSIS_GLUCONEOGENESIS,15,vanilla_scpa,mean_expression,42,7,0.36177766509530873,,,ESTIMATED
unit,spearman_negative_rank_vs_feature,KEGG_GLYCOLYSIS_GLUCONEOGENESIS,15,vanilla_scpa,mean_expression,42,7,0.34204448794332915,,,ESTIMATED
unit,spearman_masking_delta_vs_feature,KEGG_GLYCOLYSIS_GLUCONEOGENESIS,15,vanilla_scpa,detection_fraction,42,7,0.3585574690940348,,,ESTIMATED
unit,spearman_negative_rank_vs_feature,KEGG_GLYCOLYSIS_GLUCONEOGENESIS,15,vanilla_scpa,detection_fraction,42,7,0.3385064249655046,,,ESTIMATED
unit,spearman_masking_delta_vs_feature,KEGG_GLYCOLYSIS_GLUCONEOGENESIS,15,vanilla_scpa,expression_sd,42,7,0.39130885694824546,,,ESTIMATED
unit,spearman_negative_rank_vs_feature,KEGG_GLYCOLYSIS_GLUCONEOGENESIS,15,vanilla_scpa,expression_sd,42,7,0.37316154157285736,,,ESTIMATED
unit,spearman_masking_delta_vs_feature,KEGG_GLYCOLYSIS_GLUCONEOGENESIS,15,genept_scpa,mean_expression,42,7,0.20582921201227897,,,ESTIMATED
unit,spearman_negative_rank_vs_feature,KEGG_GLYCOLYSIS_GLUCONEOGENESIS,15,genept_scpa,mean_expression,42,7,0.19188849738209038,,,ESTIMATED
unit,spearman_masking_delta_vs_feature,KEGG_GLYCOLYSIS_GLUCONEOGENESIS,15,genept_scpa,detection_fraction,42,7,0.2125202170494383,,,ESTIMATED
unit,spearman_negative_rank_vs_feature,KEGG_GLYCOLYSIS_GLUCONEOGENESIS,15,genept_scpa,detection_fraction,42,7,0.19838729430585475,,,ESTIMATED
unit,spearman_masking_delta_vs_feature,KEGG_GLYCOLYSIS_GLUCONEOGENESIS,15,genept_scpa,expression_sd,42,7,0.20021346838679566,,,ESTIMATED
unit,spearman_negative_rank_vs_feature,KEGG_GLYCOLYSIS_GLUCONEOGENESIS,15,genept_scpa,expression_sd,42,7,0.18491957391297734,,,ESTIMATED
unit,truth_target_minus_non_target_feature_rank_percentile,KEGG_GLYCOLYSIS_GLUCONEOGENESIS,16,NA,mean_expression,42,7,0.31224489795918375,0.772108843537415,0.4598639455782313,ESTIMATED
unit,truth_target_minus_non_target_feature_rank_percentile,KEGG_GLYCOLYSIS_GLUCONEOGENESIS,16,NA,detection_fraction,42,7,0.3081632653061225,0.7687074829931974,0.4605442176870749,ESTIMATED
unit,truth_target_minus_non_target_feature_rank_percentile,KEGG_GLYCOLYSIS_GLUCONEOGENESIS,16,NA,expression_sd,42,7,0.3204081632653061,0.7789115646258503,0.45850340136054424,ESTIMATED
unit,spearman_masking_delta_vs_feature,KEGG_GLYCOLYSIS_GLUCONEOGENESIS,16,vanilla_scpa,mean_expression,42,7,0.36177766509530873,,,ESTIMATED
unit,spearman_negative_rank_vs_feature,KEGG_GLYCOLYSIS_GLUCONEOGENESIS,16,vanilla_scpa,mean_expression,42,7,0.34204448794332915,,,ESTIMATED
unit,spearman_masking_delta_vs_feature,KEGG_GLYCOLYSIS_GLUCONEOGENESIS,16,vanilla_scpa,detection_fraction,42,7,0.3585574690940348,,,ESTIMATED
unit,spearman_negative_rank_vs_feature,KEGG_GLYCOLYSIS_GLUCONEOGENESIS,16,vanilla_scpa,detection_fraction,42,7,0.3385064249655046,,,ESTIMATED
unit,spearman_masking_delta_vs_feature,KEGG_GLYCOLYSIS_GLUCONEOGENESIS,16,vanilla_scpa,expression_sd,42,7,0.39130885694824546,,,ESTIMATED
unit,spearman_negative_rank_vs_feature,KEGG_GLYCOLYSIS_GLUCONEOGENESIS,16,vanilla_scpa,expression_sd,42,7,0.37316154157285736,,,ESTIMATED
unit,spearman_masking_delta_vs_feature,KEGG_GLYCOLYSIS_GLUCONEOGENESIS,16,genept_scpa,mean_expression,42,7,0.20582921201227897,,,ESTIMATED
unit,spearman_negative_rank_vs_feature,KEGG_GLYCOLYSIS_GLUCONEOGENESIS,16,genept_scpa,mean_expression,42,7,0.19188849738209038,,,ESTIMATED
unit,spearman_masking_delta_vs_feature,KEGG_GLYCOLYSIS_GLUCONEOGENESIS,16,genept_scpa,detection_fraction,42,7,0.2125202170494383,,,ESTIMATED
unit,spearman_negative_rank_vs_feature,KEGG_GLYCOLYSIS_GLUCONEOGENESIS,16,genept_scpa,detection_fraction,42,7,0.19838729430585475,,,ESTIMATED
unit,spearman_masking_delta_vs_feature,KEGG_GLYCOLYSIS_GLUCONEOGENESIS,16,genept_scpa,expression_sd,42,7,0.20021346838679566,,,ESTIMATED
unit,spearman_negative_rank_vs_feature,KEGG_GLYCOLYSIS_GLUCONEOGENESIS,16,genept_scpa,expression_sd,42,7,0.18491957391297734,,,ESTIMATED
unit,truth_target_minus_non_target_feature_rank_percentile,KEGG_GLYCOLYSIS_GLUCONEOGENESIS,17,NA,mean_expression,42,7,0.316326530612245,0.7755102040816327,0.4591836734693877,ESTIMATED
unit,truth_target_minus_non_target_feature_rank_percentile,KEGG_GLYCOLYSIS_GLUCONEOGENESIS,17,NA,detection_fraction,42,7,0.3163265306122449,0.7755102040816327,0.4591836734693878,ESTIMATED
unit,truth_target_minus_non_target_feature_rank_percentile,KEGG_GLYCOLYSIS_GLUCONEOGENESIS,17,NA,expression_sd,42,7,0.3204081632653061,0.7789115646258503,0.45850340136054424,ESTIMATED
unit,spearman_masking_delta_vs_feature,KEGG_GLYCOLYSIS_GLUCONEOGENESIS,17,vanilla_scpa,mean_expression,42,7,0.36177766509530873,,,ESTIMATED
unit,spearman_negative_rank_vs_feature,KEGG_GLYCOLYSIS_GLUCONEOGENESIS,17,vanilla_scpa,mean_expression,42,7,0.34204448794332915,,,ESTIMATED
unit,spearman_masking_delta_vs_feature,KEGG_GLYCOLYSIS_GLUCONEOGENESIS,17,vanilla_scpa,detection_fraction,42,7,0.3585574690940348,,,ESTIMATED
unit,spearman_negative_rank_vs_feature,KEGG_GLYCOLYSIS_GLUCONEOGENESIS,17,vanilla_scpa,detection_fraction,42,7,0.3385064249655046,,,ESTIMATED
unit,spearman_masking_delta_vs_feature,KEGG_GLYCOLYSIS_GLUCONEOGENESIS,17,vanilla_scpa,expression_sd,42,7,0.39130885694824546,,,ESTIMATED
unit,spearman_negative_rank_vs_feature,KEGG_GLYCOLYSIS_GLUCONEOGENESIS,17,vanilla_scpa,expression_sd,42,7,0.37316154157285736,,,ESTIMATED
unit,spearman_masking_delta_vs_feature,KEGG_GLYCOLYSIS_GLUCONEOGENESIS,17,genept_scpa,mean_expression,42,7,0.20582921201227897,,,ESTIMATED
unit,spearman_negative_rank_vs_feature,KEGG_GLYCOLYSIS_GLUCONEOGENESIS,17,genept_scpa,mean_expression,42,7,0.19188849738209038,,,ESTIMATED
unit,spearman_masking_delta_vs_feature,KEGG_GLYCOLYSIS_GLUCONEOGENESIS,17,genept_scpa,detection_fraction,42,7,0.2125202170494383,,,ESTIMATED
unit,spearman_negative_rank_vs_feature,KEGG_GLYCOLYSIS_GLUCONEOGENESIS,17,genept_scpa,detection_fraction,42,7,0.19838729430585475,,,ESTIMATED
unit,spearman_masking_delta_vs_feature,KEGG_GLYCOLYSIS_GLUCONEOGENESIS,17,genept_scpa,expression_sd,42,7,0.20021346838679566,,,ESTIMATED
unit,spearman_negative_rank_vs_feature,KEGG_GLYCOLYSIS_GLUCONEOGENESIS,17,genept_scpa,expression_sd,42,7,0.18491957391297734,,,ESTIMATED
unit,truth_target_minus_non_target_feature_rank_percentile,KEGG_GLYCOLYSIS_GLUCONEOGENESIS,18,NA,mean_expression,42,7,0.31224489795918364,0.7721088435374149,0.4598639455782313,ESTIMATED
unit,truth_target_minus_non_target_feature_rank_percentile,KEGG_GLYCOLYSIS_GLUCONEOGENESIS,18,NA,detection_fraction,42,7,0.3163265306122447,0.7755102040816325,0.4591836734693878,ESTIMATED
unit,truth_target_minus_non_target_feature_rank_percentile,KEGG_GLYCOLYSIS_GLUCONEOGENESIS,18,NA,expression_sd,42,7,0.2836734693877551,0.7482993197278912,0.4646258503401361,ESTIMATED
unit,spearman_masking_delta_vs_feature,KEGG_GLYCOLYSIS_GLUCONEOGENESIS,18,vanilla_scpa,mean_expression,42,7,0.36177766509530873,,,ESTIMATED
unit,spearman_negative_rank_vs_feature,KEGG_GLYCOLYSIS_GLUCONEOGENESIS,18,vanilla_scpa,mean_expression,42,7,0.34204448794332915,,,ESTIMATED
unit,spearman_masking_delta_vs_feature,KEGG_GLYCOLYSIS_GLUCONEOGENESIS,18,vanilla_scpa,detection_fraction,42,7,0.3585574690940348,,,ESTIMATED
unit,spearman_negative_rank_vs_feature,KEGG_GLYCOLYSIS_GLUCONEOGENESIS,18,vanilla_scpa,detection_fraction,42,7,0.3385064249655046,,,ESTIMATED
unit,spearman_masking_delta_vs_feature,KEGG_GLYCOLYSIS_GLUCONEOGENESIS,18,vanilla_scpa,expression_sd,42,7,0.39130885694824546,,,ESTIMATED
unit,spearman_negative_rank_vs_feature,KEGG_GLYCOLYSIS_GLUCONEOGENESIS,18,vanilla_scpa,expression_sd,42,7,0.37316154157285736,,,ESTIMATED
unit,spearman_masking_delta_vs_feature,KEGG_GLYCOLYSIS_GLUCONEOGENESIS,18,genept_scpa,mean_expression,42,7,0.20582921201227897,,,ESTIMATED
unit,spearman_negative_rank_vs_feature,KEGG_GLYCOLYSIS_GLUCONEOGENESIS,18,genept_scpa,mean_expression,42,7,0.19188849738209038,,,ESTIMATED
unit,spearman_masking_delta_vs_feature,KEGG_GLYCOLYSIS_GLUCONEOGENESIS,18,genept_scpa,detection_fraction,42,7,0.2125202170494383,,,ESTIMATED
unit,spearman_negative_rank_vs_feature,KEGG_GLYCOLYSIS_GLUCONEOGENESIS,18,genept_scpa,detection_fraction,42,7,0.19838729430585475,,,ESTIMATED
unit,spearman_masking_delta_vs_feature,KEGG_GLYCOLYSIS_GLUCONEOGENESIS,18,genept_scpa,expression_sd,42,7,0.20021346838679566,,,ESTIMATED
unit,spearman_negative_rank_vs_feature,KEGG_GLYCOLYSIS_GLUCONEOGENESIS,18,genept_scpa,expression_sd,42,7,0.18491957391297734,,,ESTIMATED
unit,truth_target_minus_non_target_feature_rank_percentile,KEGG_GLYCOLYSIS_GLUCONEOGENESIS,19,NA,mean_expression,42,7,0.31224489795918375,0.772108843537415,0.4598639455782313,ESTIMATED
unit,truth_target_minus_non_target_feature_rank_percentile,KEGG_GLYCOLYSIS_GLUCONEOGENESIS,19,NA,detection_fraction,42,7,0.3081632653061225,0.7687074829931974,0.4605442176870749,ESTIMATED
unit,truth_target_minus_non_target_feature_rank_percentile,KEGG_GLYCOLYSIS_GLUCONEOGENESIS,19,NA,expression_sd,42,7,0.3285714285714287,0.7857142857142858,0.45714285714285713,ESTIMATED
unit,spearman_masking_delta_vs_feature,KEGG_GLYCOLYSIS_GLUCONEOGENESIS,19,vanilla_scpa,mean_expression,42,7,0.36177766509530873,,,ESTIMATED
unit,spearman_negative_rank_vs_feature,KEGG_GLYCOLYSIS_GLUCONEOGENESIS,19,vanilla_scpa,mean_expression,42,7,0.34204448794332915,,,ESTIMATED
unit,spearman_masking_delta_vs_feature,KEGG_GLYCOLYSIS_GLUCONEOGENESIS,19,vanilla_scpa,detection_fraction,42,7,0.3585574690940348,,,ESTIMATED
unit,spearman_negative_rank_vs_feature,KEGG_GLYCOLYSIS_GLUCONEOGENESIS,19,vanilla_scpa,detection_fraction,42,7,0.3385064249655046,,,ESTIMATED
unit,spearman_masking_delta_vs_feature,KEGG_GLYCOLYSIS_GLUCONEOGENESIS,19,vanilla_scpa,expression_sd,42,7,0.39130885694824546,,,ESTIMATED
unit,spearman_negative_rank_vs_feature,KEGG_GLYCOLYSIS_GLUCONEOGENESIS,19,vanilla_scpa,expression_sd,42,7,0.37316154157285736,,,ESTIMATED
unit,spearman_masking_delta_vs_feature,KEGG_GLYCOLYSIS_GLUCONEOGENESIS,19,genept_scpa,mean_expression,42,7,0.20582921201227897,,,ESTIMATED
unit,spearman_negative_rank_vs_feature,KEGG_GLYCOLYSIS_GLUCONEOGENESIS,19,genept_scpa,mean_expression,42,7,0.19188849738209038,,,ESTIMATED
unit,spearman_masking_delta_vs_feature,KEGG_GLYCOLYSIS_GLUCONEOGENESIS,19,genept_scpa,detection_fraction,42,7,0.2125202170494383,,,ESTIMATED
unit,spearman_negative_rank_vs_feature,KEGG_GLYCOLYSIS_GLUCONEOGENESIS,19,genept_scpa,detection_fraction,42,7,0.19838729430585475,,,ESTIMATED
unit,spearman_masking_delta_vs_feature,KEGG_GLYCOLYSIS_GLUCONEOGENESIS,19,genept_scpa,expression_sd,42,7,0.20021346838679566,,,ESTIMATED
unit,spearman_negative_rank_vs_feature,KEGG_GLYCOLYSIS_GLUCONEOGENESIS,19,genept_scpa,expression_sd,42,7,0.18491957391297734,,,ESTIMATED
unit,truth_target_minus_non_target_feature_rank_percentile,KEGG_GLYCOLYSIS_GLUCONEOGENESIS,20,NA,mean_expression,42,7,0.30000000000000004,0.7619047619047619,0.4619047619047618,ESTIMATED
unit,truth_target_minus_non_target_feature_rank_percentile,KEGG_GLYCOLYSIS_GLUCONEOGENESIS,20,NA,detection_fraction,42,7,0.3040816326530611,0.7653061224489796,0.46122448979591846,ESTIMATED
unit,truth_target_minus_non_target_feature_rank_percentile,KEGG_GLYCOLYSIS_GLUCONEOGENESIS,20,NA,expression_sd,42,7,0.3163265306122447,0.7755102040816325,0.4591836734693878,ESTIMATED
unit,spearman_masking_delta_vs_feature,KEGG_GLYCOLYSIS_GLUCONEOGENESIS,20,vanilla_scpa,mean_expression,42,7,0.36177766509530873,,,ESTIMATED
unit,spearman_negative_rank_vs_feature,KEGG_GLYCOLYSIS_GLUCONEOGENESIS,20,vanilla_scpa,mean_expression,42,7,0.34204448794332915,,,ESTIMATED
unit,spearman_masking_delta_vs_feature,KEGG_GLYCOLYSIS_GLUCONEOGENESIS,20,vanilla_scpa,detection_fraction,42,7,0.3585574690940348,,,ESTIMATED
unit,spearman_negative_rank_vs_feature,KEGG_GLYCOLYSIS_GLUCONEOGENESIS,20,vanilla_scpa,detection_fraction,42,7,0.3385064249655046,,,ESTIMATED
unit,spearman_masking_delta_vs_feature,KEGG_GLYCOLYSIS_GLUCONEOGENESIS,20,vanilla_scpa,expression_sd,42,7,0.39130885694824546,,,ESTIMATED
unit,spearman_negative_rank_vs_feature,KEGG_GLYCOLYSIS_GLUCONEOGENESIS,20,vanilla_scpa,expression_sd,42,7,0.37316154157285736,,,ESTIMATED
unit,spearman_masking_delta_vs_feature,KEGG_GLYCOLYSIS_GLUCONEOGENESIS,20,genept_scpa,mean_expression,42,7,0.20582921201227897,,,ESTIMATED
unit,spearman_negative_rank_vs_feature,KEGG_GLYCOLYSIS_GLUCONEOGENESIS,20,genept_scpa,mean_expression,42,7,0.19188849738209038,,,ESTIMATED
unit,spearman_masking_delta_vs_feature,KEGG_GLYCOLYSIS_GLUCONEOGENESIS,20,genept_scpa,detection_fraction,42,7,0.2125202170494383,,,ESTIMATED
unit,spearman_negative_rank_vs_feature,KEGG_GLYCOLYSIS_GLUCONEOGENESIS,20,genept_scpa,detection_fraction,42,7,0.19838729430585475,,,ESTIMATED
unit,spearman_masking_delta_vs_feature,KEGG_GLYCOLYSIS_GLUCONEOGENESIS,20,genept_scpa,expression_sd,42,7,0.20021346838679566,,,ESTIMATED
unit,spearman_negative_rank_vs_feature,KEGG_GLYCOLYSIS_GLUCONEOGENESIS,20,genept_scpa,expression_sd,42,7,0.18491957391297734,,,ESTIMATED
unit,truth_target_minus_non_target_feature_rank_percentile,KEGG_GLYCOSPHINGOLIPID_BIOSYNTHESIS_LACTO_AND_NEOLACTO_SERIES,1,NA,mean_expression,18,3,-0.1444444444444445,0.40740740740740744,0.5518518518518519,ESTIMATED
unit,truth_target_minus_non_target_feature_rank_percentile,KEGG_GLYCOSPHINGOLIPID_BIOSYNTHESIS_LACTO_AND_NEOLACTO_SERIES,1,NA,detection_fraction,18,3,-0.1444444444444445,0.40740740740740744,0.5518518518518519,ESTIMATED
unit,truth_target_minus_non_target_feature_rank_percentile,KEGG_GLYCOSPHINGOLIPID_BIOSYNTHESIS_LACTO_AND_NEOLACTO_SERIES,1,NA,expression_sd,18,3,-0.1444444444444445,0.40740740740740744,0.5518518518518519,ESTIMATED
unit,spearman_masking_delta_vs_feature,KEGG_GLYCOSPHINGOLIPID_BIOSYNTHESIS_LACTO_AND_NEOLACTO_SERIES,1,vanilla_scpa,mean_expression,18,3,,,,CONSTANT_INPUT_NOT_ESTIMABLE
unit,spearman_negative_rank_vs_feature,KEGG_GLYCOSPHINGOLIPID_BIOSYNTHESIS_LACTO_AND_NEOLACTO_SERIES,1,vanilla_scpa,mean_expression,18,3,-0.0031284286896073404,,,ESTIMATED
unit,spearman_masking_delta_vs_feature,KEGG_GLYCOSPHINGOLIPID_BIOSYNTHESIS_LACTO_AND_NEOLACTO_SERIES,1,vanilla_scpa,detection_fraction,18,3,,,,CONSTANT_INPUT_NOT_ESTIMABLE
unit,spearman_negative_rank_vs_feature,KEGG_GLYCOSPHINGOLIPID_BIOSYNTHESIS_LACTO_AND_NEOLACTO_SERIES,1,vanilla_scpa,detection_fraction,18,3,-0.0031284286896073404,,,ESTIMATED
unit,spearman_masking_delta_vs_feature,KEGG_GLYCOSPHINGOLIPID_BIOSYNTHESIS_LACTO_AND_NEOLACTO_SERIES,1,vanilla_scpa,expression_sd,18,3,,,,CONSTANT_INPUT_NOT_ESTIMABLE
unit,spearman_negative_rank_vs_feature,KEGG_GLYCOSPHINGOLIPID_BIOSYNTHESIS_LACTO_AND_NEOLACTO_SERIES,1,vanilla_scpa,expression_sd,18,3,-0.03858395383849053,,,ESTIMATED
unit,spearman_masking_delta_vs_feature,KEGG_GLYCOSPHINGOLIPID_BIOSYNTHESIS_LACTO_AND_NEOLACTO_SERIES,1,genept_scpa,mean_expression,18,3,,,,CONSTANT_INPUT_NOT_ESTIMABLE
unit,spearman_negative_rank_vs_feature,KEGG_GLYCOSPHINGOLIPID_BIOSYNTHESIS_LACTO_AND_NEOLACTO_SERIES,1,genept_scpa,mean_expression,18,3,-0.0031284286896073404,,,ESTIMATED
unit,spearman_masking_delta_vs_feature,KEGG_GLYCOSPHINGOLIPID_BIOSYNTHESIS_LACTO_AND_NEOLACTO_SERIES,1,genept_scpa,detection_fraction,18,3,,,,CONSTANT_INPUT_NOT_ESTIMABLE
unit,spearman_negative_rank_vs_feature,KEGG_GLYCOSPHINGOLIPID_BIOSYNTHESIS_LACTO_AND_NEOLACTO_SERIES,1,genept_scpa,detection_fraction,18,3,-0.0031284286896073404,,,ESTIMATED
unit,spearman_masking_delta_vs_feature,KEGG_GLYCOSPHINGOLIPID_BIOSYNTHESIS_LACTO_AND_NEOLACTO_SERIES,1,genept_scpa,expression_sd,18,3,,,,CONSTANT_INPUT_NOT_ESTIMABLE
unit,spearman_negative_rank_vs_feature,KEGG_GLYCOSPHINGOLIPID_BIOSYNTHESIS_LACTO_AND_NEOLACTO_SERIES,1,genept_scpa,expression_sd,18,3,-0.03858395383849053,,,ESTIMATED
unit,truth_target_minus_non_target_feature_rank_percentile,KEGG_GLYCOSPHINGOLIPID_BIOSYNTHESIS_LACTO_AND_NEOLACTO_SERIES,2,NA,mean_expression,18,3,0.05555555555555558,0.5740740740740741,0.5185185185185185,ESTIMATED
unit,truth_target_minus_non_target_feature_rank_percentile,KEGG_GLYCOSPHINGOLIPID_BIOSYNTHESIS_LACTO_AND_NEOLACTO_SERIES,2,NA,detection_fraction,18,3,0.05555555555555558,0.5740740740740741,0.5185185185185185,ESTIMATED
unit,truth_target_minus_non_target_feature_rank_percentile,KEGG_GLYCOSPHINGOLIPID_BIOSYNTHESIS_LACTO_AND_NEOLACTO_SERIES,2,NA,expression_sd,18,3,0.05555555555555558,0.5740740740740741,0.5185185185185185,ESTIMATED
unit,spearman_masking_delta_vs_feature,KEGG_GLYCOSPHINGOLIPID_BIOSYNTHESIS_LACTO_AND_NEOLACTO_SERIES,2,vanilla_scpa,mean_expression,18,3,,,,CONSTANT_INPUT_NOT_ESTIMABLE
unit,spearman_negative_rank_vs_feature,KEGG_GLYCOSPHINGOLIPID_BIOSYNTHESIS_LACTO_AND_NEOLACTO_SERIES,2,vanilla_scpa,mean_expression,18,3,-0.0031284286896073404,,,ESTIMATED
unit,spearman_masking_delta_vs_feature,KEGG_GLYCOSPHINGOLIPID_BIOSYNTHESIS_LACTO_AND_NEOLACTO_SERIES,2,vanilla_scpa,detection_fraction,18,3,,,,CONSTANT_INPUT_NOT_ESTIMABLE
unit,spearman_negative_rank_vs_feature,KEGG_GLYCOSPHINGOLIPID_BIOSYNTHESIS_LACTO_AND_NEOLACTO_SERIES,2,vanilla_scpa,detection_fraction,18,3,-0.0031284286896073404,,,ESTIMATED
unit,spearman_masking_delta_vs_feature,KEGG_GLYCOSPHINGOLIPID_BIOSYNTHESIS_LACTO_AND_NEOLACTO_SERIES,2,vanilla_scpa,expression_sd,18,3,,,,CONSTANT_INPUT_NOT_ESTIMABLE
unit,spearman_negative_rank_vs_feature,KEGG_GLYCOSPHINGOLIPID_BIOSYNTHESIS_LACTO_AND_NEOLACTO_SERIES,2,vanilla_scpa,expression_sd,18,3,-0.03858395383849053,,,ESTIMATED
unit,spearman_masking_delta_vs_feature,KEGG_GLYCOSPHINGOLIPID_BIOSYNTHESIS_LACTO_AND_NEOLACTO_SERIES,2,genept_scpa,mean_expression,18,3,,,,CONSTANT_INPUT_NOT_ESTIMABLE
unit,spearman_negative_rank_vs_feature,KEGG_GLYCOSPHINGOLIPID_BIOSYNTHESIS_LACTO_AND_NEOLACTO_SERIES,2,genept_scpa,mean_expression,18,3,-0.0031284286896073404,,,ESTIMATED
unit,spearman_masking_delta_vs_feature,KEGG_GLYCOSPHINGOLIPID_BIOSYNTHESIS_LACTO_AND_NEOLACTO_SERIES,2,genept_scpa,detection_fraction,18,3,,,,CONSTANT_INPUT_NOT_ESTIMABLE
unit,spearman_negative_rank_vs_feature,KEGG_GLYCOSPHINGOLIPID_BIOSYNTHESIS_LACTO_AND_NEOLACTO_SERIES,2,genept_scpa,detection_fraction,18,3,-0.0031284286896073404,,,ESTIMATED
unit,spearman_masking_delta_vs_feature,KEGG_GLYCOSPHINGOLIPID_BIOSYNTHESIS_LACTO_AND_NEOLACTO_SERIES,2,genept_scpa,expression_sd,18,3,,,,CONSTANT_INPUT_NOT_ESTIMABLE
unit,spearman_negative_rank_vs_feature,KEGG_GLYCOSPHINGOLIPID_BIOSYNTHESIS_LACTO_AND_NEOLACTO_SERIES,2,genept_scpa,expression_sd,18,3,-0.03858395383849053,,,ESTIMATED
unit,truth_target_minus_non_target_feature_rank_percentile,KEGG_GLYCOSPHINGOLIPID_BIOSYNTHESIS_LACTO_AND_NEOLACTO_SERIES,3,NA,mean_expression,18,3,0.033333333333333215,0.5555555555555556,0.5222222222222224,ESTIMATED
unit,truth_target_minus_non_target_feature_rank_percentile,KEGG_GLYCOSPHINGOLIPID_BIOSYNTHESIS_LACTO_AND_NEOLACTO_SERIES,3,NA,detection_fraction,18,3,0.033333333333333215,0.5555555555555556,0.5222222222222224,ESTIMATED
unit,truth_target_minus_non_target_feature_rank_percentile,KEGG_GLYCOSPHINGOLIPID_BIOSYNTHESIS_LACTO_AND_NEOLACTO_SERIES,3,NA,expression_sd,18,3,0.033333333333333215,0.5555555555555556,0.5222222222222224,ESTIMATED
unit,spearman_masking_delta_vs_feature,KEGG_GLYCOSPHINGOLIPID_BIOSYNTHESIS_LACTO_AND_NEOLACTO_SERIES,3,vanilla_scpa,mean_expression,18,3,,,,CONSTANT_INPUT_NOT_ESTIMABLE
unit,spearman_negative_rank_vs_feature,KEGG_GLYCOSPHINGOLIPID_BIOSYNTHESIS_LACTO_AND_NEOLACTO_SERIES,3,vanilla_scpa,mean_expression,18,3,-0.0031284286896073404,,,ESTIMATED
unit,spearman_masking_delta_vs_feature,KEGG_GLYCOSPHINGOLIPID_BIOSYNTHESIS_LACTO_AND_NEOLACTO_SERIES,3,vanilla_scpa,detection_fraction,18,3,,,,CONSTANT_INPUT_NOT_ESTIMABLE
unit,spearman_negative_rank_vs_feature,KEGG_GLYCOSPHINGOLIPID_BIOSYNTHESIS_LACTO_AND_NEOLACTO_SERIES,3,vanilla_scpa,detection_fraction,18,3,-0.0031284286896073404,,,ESTIMATED
unit,spearman_masking_delta_vs_feature,KEGG_GLYCOSPHINGOLIPID_BIOSYNTHESIS_LACTO_AND_NEOLACTO_SERIES,3,vanilla_scpa,expression_sd,18,3,,,,CONSTANT_INPUT_NOT_ESTIMABLE
unit,spearman_negative_rank_vs_feature,KEGG_GLYCOSPHINGOLIPID_BIOSYNTHESIS_LACTO_AND_NEOLACTO_SERIES,3,vanilla_scpa,expression_sd,18,3,-0.03858395383849053,,,ESTIMATED
unit,spearman_masking_delta_vs_feature,KEGG_GLYCOSPHINGOLIPID_BIOSYNTHESIS_LACTO_AND_NEOLACTO_SERIES,3,genept_scpa,mean_expression,18,3,,,,CONSTANT_INPUT_NOT_ESTIMABLE
unit,spearman_negative_rank_vs_feature,KEGG_GLYCOSPHINGOLIPID_BIOSYNTHESIS_LACTO_AND_NEOLACTO_SERIES,3,genept_scpa,mean_expression,18,3,-0.0031284286896073404,,,ESTIMATED
unit,spearman_masking_delta_vs_feature,KEGG_GLYCOSPHINGOLIPID_BIOSYNTHESIS_LACTO_AND_NEOLACTO_SERIES,3,genept_scpa,detection_fraction,18,3,,,,CONSTANT_INPUT_NOT_ESTIMABLE
unit,spearman_negative_rank_vs_feature,KEGG_GLYCOSPHINGOLIPID_BIOSYNTHESIS_LACTO_AND_NEOLACTO_SERIES,3,genept_scpa,detection_fraction,18,3,-0.0031284286896073404,,,ESTIMATED
unit,spearman_masking_delta_vs_feature,KEGG_GLYCOSPHINGOLIPID_BIOSYNTHESIS_LACTO_AND_NEOLACTO_SERIES,3,genept_scpa,expression_sd,18,3,,,,CONSTANT_INPUT_NOT_ESTIMABLE
unit,spearman_negative_rank_vs_feature,KEGG_GLYCOSPHINGOLIPID_BIOSYNTHESIS_LACTO_AND_NEOLACTO_SERIES,3,genept_scpa,expression_sd,18,3,-0.03858395383849053,,,ESTIMATED
unit,truth_target_minus_non_target_feature_rank_percentile,KEGG_GLYCOSPHINGOLIPID_BIOSYNTHESIS_LACTO_AND_NEOLACTO_SERIES,4,NA,mean_expression,18,3,0.12222222222222223,0.6296296296296297,0.5074074074074074,ESTIMATED
unit,truth_target_minus_non_target_feature_rank_percentile,KEGG_GLYCOSPHINGOLIPID_BIOSYNTHESIS_LACTO_AND_NEOLACTO_SERIES,4,NA,detection_fraction,18,3,0.12222222222222223,0.6296296296296297,0.5074074074074074,ESTIMATED
unit,truth_target_minus_non_target_feature_rank_percentile,KEGG_GLYCOSPHINGOLIPID_BIOSYNTHESIS_LACTO_AND_NEOLACTO_SERIES,4,NA,expression_sd,18,3,0.12222222222222223,0.6296296296296297,0.5074074074074074,ESTIMATED
unit,spearman_masking_delta_vs_feature,KEGG_GLYCOSPHINGOLIPID_BIOSYNTHESIS_LACTO_AND_NEOLACTO_SERIES,4,vanilla_scpa,mean_expression,18,3,,,,CONSTANT_INPUT_NOT_ESTIMABLE
unit,spearman_negative_rank_vs_feature,KEGG_GLYCOSPHINGOLIPID_BIOSYNTHESIS_LACTO_AND_NEOLACTO_SERIES,4,vanilla_scpa,mean_expression,18,3,-0.0031284286896073404,,,ESTIMATED
unit,spearman_masking_delta_vs_feature,KEGG_GLYCOSPHINGOLIPID_BIOSYNTHESIS_LACTO_AND_NEOLACTO_SERIES,4,vanilla_scpa,detection_fraction,18,3,,,,CONSTANT_INPUT_NOT_ESTIMABLE
unit,spearman_negative_rank_vs_feature,KEGG_GLYCOSPHINGOLIPID_BIOSYNTHESIS_LACTO_AND_NEOLACTO_SERIES,4,vanilla_scpa,detection_fraction,18,3,-0.0031284286896073404,,,ESTIMATED
unit,spearman_masking_delta_vs_feature,KEGG_GLYCOSPHINGOLIPID_BIOSYNTHESIS_LACTO_AND_NEOLACTO_SERIES,4,vanilla_scpa,expression_sd,18,3,,,,CONSTANT_INPUT_NOT_ESTIMABLE
unit,spearman_negative_rank_vs_feature,KEGG_GLYCOSPHINGOLIPID_BIOSYNTHESIS_LACTO_AND_NEOLACTO_SERIES,4,vanilla_scpa,expression_sd,18,3,-0.03858395383849053,,,ESTIMATED
unit,spearman_masking_delta_vs_feature,KEGG_GLYCOSPHINGOLIPID_BIOSYNTHESIS_LACTO_AND_NEOLACTO_SERIES,4,genept_scpa,mean_expression,18,3,,,,CONSTANT_INPUT_NOT_ESTIMABLE
unit,spearman_negative_rank_vs_feature,KEGG_GLYCOSPHINGOLIPID_BIOSYNTHESIS_LACTO_AND_NEOLACTO_SERIES,4,genept_scpa,mean_expression,18,3,-0.0031284286896073404,,,ESTIMATED
unit,spearman_masking_delta_vs_feature,KEGG_GLYCOSPHINGOLIPID_BIOSYNTHESIS_LACTO_AND_NEOLACTO_SERIES,4,genept_scpa,detection_fraction,18,3,,,,CONSTANT_INPUT_NOT_ESTIMABLE
unit,spearman_negative_rank_vs_feature,KEGG_GLYCOSPHINGOLIPID_BIOSYNTHESIS_LACTO_AND_NEOLACTO_SERIES,4,genept_scpa,detection_fraction,18,3,-0.0031284286896073404,,,ESTIMATED
unit,spearman_masking_delta_vs_feature,KEGG_GLYCOSPHINGOLIPID_BIOSYNTHESIS_LACTO_AND_NEOLACTO_SERIES,4,genept_scpa,expression_sd,18,3,,,,CONSTANT_INPUT_NOT_ESTIMABLE
unit,spearman_negative_rank_vs_feature,KEGG_GLYCOSPHINGOLIPID_BIOSYNTHESIS_LACTO_AND_NEOLACTO_SERIES,4,genept_scpa,expression_sd,18,3,-0.03858395383849053,,,ESTIMATED
unit,truth_target_minus_non_target_feature_rank_percentile,KEGG_GLYCOSPHINGOLIPID_BIOSYNTHESIS_LACTO_AND_NEOLACTO_SERIES,5,NA,mean_expression,18,3,-0.09999999999999992,0.4444444444444445,0.5444444444444444,ESTIMATED
unit,truth_target_minus_non_target_feature_rank_percentile,KEGG_GLYCOSPHINGOLIPID_BIOSYNTHESIS_LACTO_AND_NEOLACTO_SERIES,5,NA,detection_fraction,18,3,-0.09999999999999992,0.4444444444444445,0.5444444444444444,ESTIMATED
unit,truth_target_minus_non_target_feature_rank_percentile,KEGG_GLYCOSPHINGOLIPID_BIOSYNTHESIS_LACTO_AND_NEOLACTO_SERIES,5,NA,expression_sd,18,3,-0.09999999999999992,0.4444444444444445,0.5444444444444444,ESTIMATED
unit,spearman_masking_delta_vs_feature,KEGG_GLYCOSPHINGOLIPID_BIOSYNTHESIS_LACTO_AND_NEOLACTO_SERIES,5,vanilla_scpa,mean_expression,18,3,,,,CONSTANT_INPUT_NOT_ESTIMABLE
unit,spearman_negative_rank_vs_feature,KEGG_GLYCOSPHINGOLIPID_BIOSYNTHESIS_LACTO_AND_NEOLACTO_SERIES,5,vanilla_scpa,mean_expression,18,3,-0.0031284286896073404,,,ESTIMATED
unit,spearman_masking_delta_vs_feature,KEGG_GLYCOSPHINGOLIPID_BIOSYNTHESIS_LACTO_AND_NEOLACTO_SERIES,5,vanilla_scpa,detection_fraction,18,3,,,,CONSTANT_INPUT_NOT_ESTIMABLE
unit,spearman_negative_rank_vs_feature,KEGG_GLYCOSPHINGOLIPID_BIOSYNTHESIS_LACTO_AND_NEOLACTO_SERIES,5,vanilla_scpa,detection_fraction,18,3,-0.0031284286896073404,,,ESTIMATED
unit,spearman_masking_delta_vs_feature,KEGG_GLYCOSPHINGOLIPID_BIOSYNTHESIS_LACTO_AND_NEOLACTO_SERIES,5,vanilla_scpa,expression_sd,18,3,,,,CONSTANT_INPUT_NOT_ESTIMABLE
unit,spearman_negative_rank_vs_feature,KEGG_GLYCOSPHINGOLIPID_BIOSYNTHESIS_LACTO_AND_NEOLACTO_SERIES,5,vanilla_scpa,expression_sd,18,3,-0.03858395383849053,,,ESTIMATED
unit,spearman_masking_delta_vs_feature,KEGG_GLYCOSPHINGOLIPID_BIOSYNTHESIS_LACTO_AND_NEOLACTO_SERIES,5,genept_scpa,mean_expression,18,3,,,,CONSTANT_INPUT_NOT_ESTIMABLE
unit,spearman_negative_rank_vs_feature,KEGG_GLYCOSPHINGOLIPID_BIOSYNTHESIS_LACTO_AND_NEOLACTO_SERIES,5,genept_scpa,mean_expression,18,3,-0.0031284286896073404,,,ESTIMATED
unit,spearman_masking_delta_vs_feature,KEGG_GLYCOSPHINGOLIPID_BIOSYNTHESIS_LACTO_AND_NEOLACTO_SERIES,5,genept_scpa,detection_fraction,18,3,,,,CONSTANT_INPUT_NOT_ESTIMABLE
unit,spearman_negative_rank_vs_feature,KEGG_GLYCOSPHINGOLIPID_BIOSYNTHESIS_LACTO_AND_NEOLACTO_SERIES,5,genept_scpa,detection_fraction,18,3,-0.0031284286896073404,,,ESTIMATED
unit,spearman_masking_delta_vs_feature,KEGG_GLYCOSPHINGOLIPID_BIOSYNTHESIS_LACTO_AND_NEOLACTO_SERIES,5,genept_scpa,expression_sd,18,3,,,,CONSTANT_INPUT_NOT_ESTIMABLE
unit,spearman_negative_rank_vs_feature,KEGG_GLYCOSPHINGOLIPID_BIOSYNTHESIS_LACTO_AND_NEOLACTO_SERIES,5,genept_scpa,expression_sd,18,3,-0.03858395383849053,,,ESTIMATED
unit,truth_target_minus_non_target_feature_rank_percentile,KEGG_GLYCOSPHINGOLIPID_BIOSYNTHESIS_LACTO_AND_NEOLACTO_SERIES,6,NA,mean_expression,18,3,-0.14444444444444454,0.4074074074074074,0.5518518518518519,ESTIMATED
unit,truth_target_minus_non_target_feature_rank_percentile,KEGG_GLYCOSPHINGOLIPID_BIOSYNTHESIS_LACTO_AND_NEOLACTO_SERIES,6,NA,detection_fraction,18,3,-0.14444444444444454,0.4074074074074074,0.5518518518518519,ESTIMATED
unit,truth_target_minus_non_target_feature_rank_percentile,KEGG_GLYCOSPHINGOLIPID_BIOSYNTHESIS_LACTO_AND_NEOLACTO_SERIES,6,NA,expression_sd,18,3,-0.12222222222222218,0.4259259259259259,0.548148148148148,ESTIMATED
unit,spearman_masking_delta_vs_feature,KEGG_GLYCOSPHINGOLIPID_BIOSYNTHESIS_LACTO_AND_NEOLACTO_SERIES,6,vanilla_scpa,mean_expression,18,3,,,,CONSTANT_INPUT_NOT_ESTIMABLE
unit,spearman_negative_rank_vs_feature,KEGG_GLYCOSPHINGOLIPID_BIOSYNTHESIS_LACTO_AND_NEOLACTO_SERIES,6,vanilla_scpa,mean_expression,18,3,-0.0031284286896073404,,,ESTIMATED
unit,spearman_masking_delta_vs_feature,KEGG_GLYCOSPHINGOLIPID_BIOSYNTHESIS_LACTO_AND_NEOLACTO_SERIES,6,vanilla_scpa,detection_fraction,18,3,,,,CONSTANT_INPUT_NOT_ESTIMABLE
unit,spearman_negative_rank_vs_feature,KEGG_GLYCOSPHINGOLIPID_BIOSYNTHESIS_LACTO_AND_NEOLACTO_SERIES,6,vanilla_scpa,detection_fraction,18,3,-0.0031284286896073404,,,ESTIMATED
unit,spearman_masking_delta_vs_feature,KEGG_GLYCOSPHINGOLIPID_BIOSYNTHESIS_LACTO_AND_NEOLACTO_SERIES,6,vanilla_scpa,expression_sd,18,3,,,,CONSTANT_INPUT_NOT_ESTIMABLE
unit,spearman_negative_rank_vs_feature,KEGG_GLYCOSPHINGOLIPID_BIOSYNTHESIS_LACTO_AND_NEOLACTO_SERIES,6,vanilla_scpa,expression_sd,18,3,-0.03858395383849053,,,ESTIMATED
unit,spearman_masking_delta_vs_feature,KEGG_GLYCOSPHINGOLIPID_BIOSYNTHESIS_LACTO_AND_NEOLACTO_SERIES,6,genept_scpa,mean_expression,18,3,,,,CONSTANT_INPUT_NOT_ESTIMABLE
unit,spearman_negative_rank_vs_feature,KEGG_GLYCOSPHINGOLIPID_BIOSYNTHESIS_LACTO_AND_NEOLACTO_SERIES,6,genept_scpa,mean_expression,18,3,-0.0031284286896073404,,,ESTIMATED
unit,spearman_masking_delta_vs_feature,KEGG_GLYCOSPHINGOLIPID_BIOSYNTHESIS_LACTO_AND_NEOLACTO_SERIES,6,genept_scpa,detection_fraction,18,3,,,,CONSTANT_INPUT_NOT_ESTIMABLE
unit,spearman_negative_rank_vs_feature,KEGG_GLYCOSPHINGOLIPID_BIOSYNTHESIS_LACTO_AND_NEOLACTO_SERIES,6,genept_scpa,detection_fraction,18,3,-0.0031284286896073404,,,ESTIMATED
unit,spearman_masking_delta_vs_feature,KEGG_GLYCOSPHINGOLIPID_BIOSYNTHESIS_LACTO_AND_NEOLACTO_SERIES,6,genept_scpa,expression_sd,18,3,,,,CONSTANT_INPUT_NOT_ESTIMABLE
unit,spearman_negative_rank_vs_feature,KEGG_GLYCOSPHINGOLIPID_BIOSYNTHESIS_LACTO_AND_NEOLACTO_SERIES,6,genept_scpa,expression_sd,18,3,-0.03858395383849053,,,ESTIMATED
unit,truth_target_minus_non_target_feature_rank_percentile,KEGG_GLYCOSPHINGOLIPID_BIOSYNTHESIS_LACTO_AND_NEOLACTO_SERIES,7,NA,mean_expression,18,3,0.07777777777777772,0.5925925925925926,0.5148148148148148,ESTIMATED
unit,truth_target_minus_non_target_feature_rank_percentile,KEGG_GLYCOSPHINGOLIPID_BIOSYNTHESIS_LACTO_AND_NEOLACTO_SERIES,7,NA,detection_fraction,18,3,0.07777777777777772,0.5925925925925926,0.5148148148148148,ESTIMATED
unit,truth_target_minus_non_target_feature_rank_percentile,KEGG_GLYCOSPHINGOLIPID_BIOSYNTHESIS_LACTO_AND_NEOLACTO_SERIES,7,NA,expression_sd,18,3,0.07777777777777772,0.5925925925925926,0.5148148148148148,ESTIMATED
unit,spearman_masking_delta_vs_feature,KEGG_GLYCOSPHINGOLIPID_BIOSYNTHESIS_LACTO_AND_NEOLACTO_SERIES,7,vanilla_scpa,mean_expression,18,3,,,,CONSTANT_INPUT_NOT_ESTIMABLE
unit,spearman_negative_rank_vs_feature,KEGG_GLYCOSPHINGOLIPID_BIOSYNTHESIS_LACTO_AND_NEOLACTO_SERIES,7,vanilla_scpa,mean_expression,18,3,-0.0031284286896073404,,,ESTIMATED
unit,spearman_masking_delta_vs_feature,KEGG_GLYCOSPHINGOLIPID_BIOSYNTHESIS_LACTO_AND_NEOLACTO_SERIES,7,vanilla_scpa,detection_fraction,18,3,,,,CONSTANT_INPUT_NOT_ESTIMABLE
unit,spearman_negative_rank_vs_feature,KEGG_GLYCOSPHINGOLIPID_BIOSYNTHESIS_LACTO_AND_NEOLACTO_SERIES,7,vanilla_scpa,detection_fraction,18,3,-0.0031284286896073404,,,ESTIMATED
unit,spearman_masking_delta_vs_feature,KEGG_GLYCOSPHINGOLIPID_BIOSYNTHESIS_LACTO_AND_NEOLACTO_SERIES,7,vanilla_scpa,expression_sd,18,3,,,,CONSTANT_INPUT_NOT_ESTIMABLE
unit,spearman_negative_rank_vs_feature,KEGG_GLYCOSPHINGOLIPID_BIOSYNTHESIS_LACTO_AND_NEOLACTO_SERIES,7,vanilla_scpa,expression_sd,18,3,-0.03858395383849053,,,ESTIMATED
unit,spearman_masking_delta_vs_feature,KEGG_GLYCOSPHINGOLIPID_BIOSYNTHESIS_LACTO_AND_NEOLACTO_SERIES,7,genept_scpa,mean_expression,18,3,,,,CONSTANT_INPUT_NOT_ESTIMABLE
unit,spearman_negative_rank_vs_feature,KEGG_GLYCOSPHINGOLIPID_BIOSYNTHESIS_LACTO_AND_NEOLACTO_SERIES,7,genept_scpa,mean_expression,18,3,-0.0031284286896073404,,,ESTIMATED
unit,spearman_masking_delta_vs_feature,KEGG_GLYCOSPHINGOLIPID_BIOSYNTHESIS_LACTO_AND_NEOLACTO_SERIES,7,genept_scpa,detection_fraction,18,3,,,,CONSTANT_INPUT_NOT_ESTIMABLE
unit,spearman_negative_rank_vs_feature,KEGG_GLYCOSPHINGOLIPID_BIOSYNTHESIS_LACTO_AND_NEOLACTO_SERIES,7,genept_scpa,detection_fraction,18,3,-0.0031284286896073404,,,ESTIMATED
unit,spearman_masking_delta_vs_feature,KEGG_GLYCOSPHINGOLIPID_BIOSYNTHESIS_LACTO_AND_NEOLACTO_SERIES,7,genept_scpa,expression_sd,18,3,,,,CONSTANT_INPUT_NOT_ESTIMABLE
unit,spearman_negative_rank_vs_feature,KEGG_GLYCOSPHINGOLIPID_BIOSYNTHESIS_LACTO_AND_NEOLACTO_SERIES,7,genept_scpa,expression_sd,18,3,-0.03858395383849053,,,ESTIMATED
unit,truth_target_minus_non_target_feature_rank_percentile,KEGG_GLYCOSPHINGOLIPID_BIOSYNTHESIS_LACTO_AND_NEOLACTO_SERIES,8,NA,mean_expression,18,3,0.09999999999999987,0.611111111111111,0.5111111111111112,ESTIMATED
unit,truth_target_minus_non_target_feature_rank_percentile,KEGG_GLYCOSPHINGOLIPID_BIOSYNTHESIS_LACTO_AND_NEOLACTO_SERIES,8,NA,detection_fraction,18,3,0.09999999999999987,0.611111111111111,0.5111111111111112,ESTIMATED
unit,truth_target_minus_non_target_feature_rank_percentile,KEGG_GLYCOSPHINGOLIPID_BIOSYNTHESIS_LACTO_AND_NEOLACTO_SERIES,8,NA,expression_sd,18,3,0.09999999999999998,0.611111111111111,0.5111111111111111,ESTIMATED
unit,spearman_masking_delta_vs_feature,KEGG_GLYCOSPHINGOLIPID_BIOSYNTHESIS_LACTO_AND_NEOLACTO_SERIES,8,vanilla_scpa,mean_expression,18,3,,,,CONSTANT_INPUT_NOT_ESTIMABLE
unit,spearman_negative_rank_vs_feature,KEGG_GLYCOSPHINGOLIPID_BIOSYNTHESIS_LACTO_AND_NEOLACTO_SERIES,8,vanilla_scpa,mean_expression,18,3,-0.0031284286896073404,,,ESTIMATED
unit,spearman_masking_delta_vs_feature,KEGG_GLYCOSPHINGOLIPID_BIOSYNTHESIS_LACTO_AND_NEOLACTO_SERIES,8,vanilla_scpa,detection_fraction,18,3,,,,CONSTANT_INPUT_NOT_ESTIMABLE
unit,spearman_negative_rank_vs_feature,KEGG_GLYCOSPHINGOLIPID_BIOSYNTHESIS_LACTO_AND_NEOLACTO_SERIES,8,vanilla_scpa,detection_fraction,18,3,-0.0031284286896073404,,,ESTIMATED
unit,spearman_masking_delta_vs_feature,KEGG_GLYCOSPHINGOLIPID_BIOSYNTHESIS_LACTO_AND_NEOLACTO_SERIES,8,vanilla_scpa,expression_sd,18,3,,,,CONSTANT_INPUT_NOT_ESTIMABLE
unit,spearman_negative_rank_vs_feature,KEGG_GLYCOSPHINGOLIPID_BIOSYNTHESIS_LACTO_AND_NEOLACTO_SERIES,8,vanilla_scpa,expression_sd,18,3,-0.03858395383849053,,,ESTIMATED
unit,spearman_masking_delta_vs_feature,KEGG_GLYCOSPHINGOLIPID_BIOSYNTHESIS_LACTO_AND_NEOLACTO_SERIES,8,genept_scpa,mean_expression,18,3,,,,CONSTANT_INPUT_NOT_ESTIMABLE
unit,spearman_negative_rank_vs_feature,KEGG_GLYCOSPHINGOLIPID_BIOSYNTHESIS_LACTO_AND_NEOLACTO_SERIES,8,genept_scpa,mean_expression,18,3,-0.0031284286896073404,,,ESTIMATED
unit,spearman_masking_delta_vs_feature,KEGG_GLYCOSPHINGOLIPID_BIOSYNTHESIS_LACTO_AND_NEOLACTO_SERIES,8,genept_scpa,detection_fraction,18,3,,,,CONSTANT_INPUT_NOT_ESTIMABLE
unit,spearman_negative_rank_vs_feature,KEGG_GLYCOSPHINGOLIPID_BIOSYNTHESIS_LACTO_AND_NEOLACTO_SERIES,8,genept_scpa,detection_fraction,18,3,-0.0031284286896073404,,,ESTIMATED
unit,spearman_masking_delta_vs_feature,KEGG_GLYCOSPHINGOLIPID_BIOSYNTHESIS_LACTO_AND_NEOLACTO_SERIES,8,genept_scpa,expression_sd,18,3,,,,CONSTANT_INPUT_NOT_ESTIMABLE
unit,spearman_negative_rank_vs_feature,KEGG_GLYCOSPHINGOLIPID_BIOSYNTHESIS_LACTO_AND_NEOLACTO_SERIES,8,genept_scpa,expression_sd,18,3,-0.03858395383849053,,,ESTIMATED
unit,truth_target_minus_non_target_feature_rank_percentile,KEGG_GLYCOSPHINGOLIPID_BIOSYNTHESIS_LACTO_AND_NEOLACTO_SERIES,9,NA,mean_expression,18,3,0.033333333333333326,0.5555555555555556,0.5222222222222223,ESTIMATED
unit,truth_target_minus_non_target_feature_rank_percentile,KEGG_GLYCOSPHINGOLIPID_BIOSYNTHESIS_LACTO_AND_NEOLACTO_SERIES,9,NA,detection_fraction,18,3,0.033333333333333326,0.5555555555555556,0.5222222222222223,ESTIMATED
unit,truth_target_minus_non_target_feature_rank_percentile,KEGG_GLYCOSPHINGOLIPID_BIOSYNTHESIS_LACTO_AND_NEOLACTO_SERIES,9,NA,expression_sd,18,3,0.033333333333333326,0.5555555555555556,0.5222222222222223,ESTIMATED
unit,spearman_masking_delta_vs_feature,KEGG_GLYCOSPHINGOLIPID_BIOSYNTHESIS_LACTO_AND_NEOLACTO_SERIES,9,vanilla_scpa,mean_expression,18,3,,,,CONSTANT_INPUT_NOT_ESTIMABLE
unit,spearman_negative_rank_vs_feature,KEGG_GLYCOSPHINGOLIPID_BIOSYNTHESIS_LACTO_AND_NEOLACTO_SERIES,9,vanilla_scpa,mean_expression,18,3,-0.0031284286896073404,,,ESTIMATED
unit,spearman_masking_delta_vs_feature,KEGG_GLYCOSPHINGOLIPID_BIOSYNTHESIS_LACTO_AND_NEOLACTO_SERIES,9,vanilla_scpa,detection_fraction,18,3,,,,CONSTANT_INPUT_NOT_ESTIMABLE
unit,spearman_negative_rank_vs_feature,KEGG_GLYCOSPHINGOLIPID_BIOSYNTHESIS_LACTO_AND_NEOLACTO_SERIES,9,vanilla_scpa,detection_fraction,18,3,-0.0031284286896073404,,,ESTIMATED
unit,spearman_masking_delta_vs_feature,KEGG_GLYCOSPHINGOLIPID_BIOSYNTHESIS_LACTO_AND_NEOLACTO_SERIES,9,vanilla_scpa,expression_sd,18,3,,,,CONSTANT_INPUT_NOT_ESTIMABLE
unit,spearman_negative_rank_vs_feature,KEGG_GLYCOSPHINGOLIPID_BIOSYNTHESIS_LACTO_AND_NEOLACTO_SERIES,9,vanilla_scpa,expression_sd,18,3,-0.03858395383849053,,,ESTIMATED
unit,spearman_masking_delta_vs_feature,KEGG_GLYCOSPHINGOLIPID_BIOSYNTHESIS_LACTO_AND_NEOLACTO_SERIES,9,genept_scpa,mean_expression,18,3,,,,CONSTANT_INPUT_NOT_ESTIMABLE
unit,spearman_negative_rank_vs_feature,KEGG_GLYCOSPHINGOLIPID_BIOSYNTHESIS_LACTO_AND_NEOLACTO_SERIES,9,genept_scpa,mean_expression,18,3,-0.0031284286896073404,,,ESTIMATED
unit,spearman_masking_delta_vs_feature,KEGG_GLYCOSPHINGOLIPID_BIOSYNTHESIS_LACTO_AND_NEOLACTO_SERIES,9,genept_scpa,detection_fraction,18,3,,,,CONSTANT_INPUT_NOT_ESTIMABLE
unit,spearman_negative_rank_vs_feature,KEGG_GLYCOSPHINGOLIPID_BIOSYNTHESIS_LACTO_AND_NEOLACTO_SERIES,9,genept_scpa,detection_fraction,18,3,-0.0031284286896073404,,,ESTIMATED
unit,spearman_masking_delta_vs_feature,KEGG_GLYCOSPHINGOLIPID_BIOSYNTHESIS_LACTO_AND_NEOLACTO_SERIES,9,genept_scpa,expression_sd,18,3,,,,CONSTANT_INPUT_NOT_ESTIMABLE
unit,spearman_negative_rank_vs_feature,KEGG_GLYCOSPHINGOLIPID_BIOSYNTHESIS_LACTO_AND_NEOLACTO_SERIES,9,genept_scpa,expression_sd,18,3,-0.03858395383849053,,,ESTIMATED
unit,truth_target_minus_non_target_feature_rank_percentile,KEGG_GLYCOSPHINGOLIPID_BIOSYNTHESIS_LACTO_AND_NEOLACTO_SERIES,10,NA,mean_expression,18,3,-0.3666666666666667,0.2222222222222222,0.5888888888888889,ESTIMATED
unit,truth_target_minus_non_target_feature_rank_percentile,KEGG_GLYCOSPHINGOLIPID_BIOSYNTHESIS_LACTO_AND_NEOLACTO_SERIES,10,NA,detection_fraction,18,3,-0.3666666666666667,0.2222222222222222,0.5888888888888889,ESTIMATED
unit,truth_target_minus_non_target_feature_rank_percentile,KEGG_GLYCOSPHINGOLIPID_BIOSYNTHESIS_LACTO_AND_NEOLACTO_SERIES,10,NA,expression_sd,18,3,-0.3666666666666667,0.2222222222222222,0.5888888888888889,ESTIMATED
unit,spearman_masking_delta_vs_feature,KEGG_GLYCOSPHINGOLIPID_BIOSYNTHESIS_LACTO_AND_NEOLACTO_SERIES,10,vanilla_scpa,mean_expression,18,3,,,,CONSTANT_INPUT_NOT_ESTIMABLE
unit,spearman_negative_rank_vs_feature,KEGG_GLYCOSPHINGOLIPID_BIOSYNTHESIS_LACTO_AND_NEOLACTO_SERIES,10,vanilla_scpa,mean_expression,18,3,-0.0031284286896073404,,,ESTIMATED
unit,spearman_masking_delta_vs_feature,KEGG_GLYCOSPHINGOLIPID_BIOSYNTHESIS_LACTO_AND_NEOLACTO_SERIES,10,vanilla_scpa,detection_fraction,18,3,,,,CONSTANT_INPUT_NOT_ESTIMABLE
unit,spearman_negative_rank_vs_feature,KEGG_GLYCOSPHINGOLIPID_BIOSYNTHESIS_LACTO_AND_NEOLACTO_SERIES,10,vanilla_scpa,detection_fraction,18,3,-0.0031284286896073404,,,ESTIMATED
unit,spearman_masking_delta_vs_feature,KEGG_GLYCOSPHINGOLIPID_BIOSYNTHESIS_LACTO_AND_NEOLACTO_SERIES,10,vanilla_scpa,expression_sd,18,3,,,,CONSTANT_INPUT_NOT_ESTIMABLE
unit,spearman_negative_rank_vs_feature,KEGG_GLYCOSPHINGOLIPID_BIOSYNTHESIS_LACTO_AND_NEOLACTO_SERIES,10,vanilla_scpa,expression_sd,18,3,-0.03858395383849053,,,ESTIMATED
unit,spearman_masking_delta_vs_feature,KEGG_GLYCOSPHINGOLIPID_BIOSYNTHESIS_LACTO_AND_NEOLACTO_SERIES,10,genept_scpa,mean_expression,18,3,,,,CONSTANT_INPUT_NOT_ESTIMABLE
unit,spearman_negative_rank_vs_feature,KEGG_GLYCOSPHINGOLIPID_BIOSYNTHESIS_LACTO_AND_NEOLACTO_SERIES,10,genept_scpa,mean_expression,18,3,-0.0031284286896073404,,,ESTIMATED
unit,spearman_masking_delta_vs_feature,KEGG_GLYCOSPHINGOLIPID_BIOSYNTHESIS_LACTO_AND_NEOLACTO_SERIES,10,genept_scpa,detection_fraction,18,3,,,,CONSTANT_INPUT_NOT_ESTIMABLE
unit,spearman_negative_rank_vs_feature,KEGG_GLYCOSPHINGOLIPID_BIOSYNTHESIS_LACTO_AND_NEOLACTO_SERIES,10,genept_scpa,detection_fraction,18,3,-0.0031284286896073404,,,ESTIMATED
unit,spearman_masking_delta_vs_feature,KEGG_GLYCOSPHINGOLIPID_BIOSYNTHESIS_LACTO_AND_NEOLACTO_SERIES,10,genept_scpa,expression_sd,18,3,,,,CONSTANT_INPUT_NOT_ESTIMABLE
unit,spearman_negative_rank_vs_feature,KEGG_GLYCOSPHINGOLIPID_BIOSYNTHESIS_LACTO_AND_NEOLACTO_SERIES,10,genept_scpa,expression_sd,18,3,-0.03858395383849053,,,ESTIMATED
unit,truth_target_minus_non_target_feature_rank_percentile,KEGG_GLYCOSPHINGOLIPID_BIOSYNTHESIS_LACTO_AND_NEOLACTO_SERIES,11,NA,mean_expression,18,3,-0.011111111111111072,0.5185185185185185,0.5296296296296296,ESTIMATED
unit,truth_target_minus_non_target_feature_rank_percentile,KEGG_GLYCOSPHINGOLIPID_BIOSYNTHESIS_LACTO_AND_NEOLACTO_SERIES,11,NA,detection_fraction,18,3,-0.011111111111111072,0.5185185185185185,0.5296296296296296,ESTIMATED
unit,truth_target_minus_non_target_feature_rank_percentile,KEGG_GLYCOSPHINGOLIPID_BIOSYNTHESIS_LACTO_AND_NEOLACTO_SERIES,11,NA,expression_sd,18,3,0.011111111111111072,0.537037037037037,0.5259259259259259,ESTIMATED
unit,spearman_masking_delta_vs_feature,KEGG_GLYCOSPHINGOLIPID_BIOSYNTHESIS_LACTO_AND_NEOLACTO_SERIES,11,vanilla_scpa,mean_expression,18,3,,,,CONSTANT_INPUT_NOT_ESTIMABLE
unit,spearman_negative_rank_vs_feature,KEGG_GLYCOSPHINGOLIPID_BIOSYNTHESIS_LACTO_AND_NEOLACTO_SERIES,11,vanilla_scpa,mean_expression,18,3,-0.0031284286896073404,,,ESTIMATED
unit,spearman_masking_delta_vs_feature,KEGG_GLYCOSPHINGOLIPID_BIOSYNTHESIS_LACTO_AND_NEOLACTO_SERIES,11,vanilla_scpa,detection_fraction,18,3,,,,CONSTANT_INPUT_NOT_ESTIMABLE
unit,spearman_negative_rank_vs_feature,KEGG_GLYCOSPHINGOLIPID_BIOSYNTHESIS_LACTO_AND_NEOLACTO_SERIES,11,vanilla_scpa,detection_fraction,18,3,-0.0031284286896073404,,,ESTIMATED
unit,spearman_masking_delta_vs_feature,KEGG_GLYCOSPHINGOLIPID_BIOSYNTHESIS_LACTO_AND_NEOLACTO_SERIES,11,vanilla_scpa,expression_sd,18,3,,,,CONSTANT_INPUT_NOT_ESTIMABLE
unit,spearman_negative_rank_vs_feature,KEGG_GLYCOSPHINGOLIPID_BIOSYNTHESIS_LACTO_AND_NEOLACTO_SERIES,11,vanilla_scpa,expression_sd,18,3,-0.03858395383849053,,,ESTIMATED
unit,spearman_masking_delta_vs_feature,KEGG_GLYCOSPHINGOLIPID_BIOSYNTHESIS_LACTO_AND_NEOLACTO_SERIES,11,genept_scpa,mean_expression,18,3,,,,CONSTANT_INPUT_NOT_ESTIMABLE
unit,spearman_negative_rank_vs_feature,KEGG_GLYCOSPHINGOLIPID_BIOSYNTHESIS_LACTO_AND_NEOLACTO_SERIES,11,genept_scpa,mean_expression,18,3,-0.0031284286896073404,,,ESTIMATED
unit,spearman_masking_delta_vs_feature,KEGG_GLYCOSPHINGOLIPID_BIOSYNTHESIS_LACTO_AND_NEOLACTO_SERIES,11,genept_scpa,detection_fraction,18,3,,,,CONSTANT_INPUT_NOT_ESTIMABLE
unit,spearman_negative_rank_vs_feature,KEGG_GLYCOSPHINGOLIPID_BIOSYNTHESIS_LACTO_AND_NEOLACTO_SERIES,11,genept_scpa,detection_fraction,18,3,-0.0031284286896073404,,,ESTIMATED
unit,spearman_masking_delta_vs_feature,KEGG_GLYCOSPHINGOLIPID_BIOSYNTHESIS_LACTO_AND_NEOLACTO_SERIES,11,genept_scpa,expression_sd,18,3,,,,CONSTANT_INPUT_NOT_ESTIMABLE
unit,spearman_negative_rank_vs_feature,KEGG_GLYCOSPHINGOLIPID_BIOSYNTHESIS_LACTO_AND_NEOLACTO_SERIES,11,genept_scpa,expression_sd,18,3,-0.03858395383849053,,,ESTIMATED
unit,truth_target_minus_non_target_feature_rank_percentile,KEGG_GLYCOSPHINGOLIPID_BIOSYNTHESIS_LACTO_AND_NEOLACTO_SERIES,12,NA,mean_expression,18,3,0.23333333333333334,0.7222222222222223,0.488888888888889,ESTIMATED
unit,truth_target_minus_non_target_feature_rank_percentile,KEGG_GLYCOSPHINGOLIPID_BIOSYNTHESIS_LACTO_AND_NEOLACTO_SERIES,12,NA,detection_fraction,18,3,0.23333333333333334,0.7222222222222223,0.488888888888889,ESTIMATED
unit,truth_target_minus_non_target_feature_rank_percentile,KEGG_GLYCOSPHINGOLIPID_BIOSYNTHESIS_LACTO_AND_NEOLACTO_SERIES,12,NA,expression_sd,18,3,0.23333333333333334,0.7222222222222223,0.488888888888889,ESTIMATED
unit,spearman_masking_delta_vs_feature,KEGG_GLYCOSPHINGOLIPID_BIOSYNTHESIS_LACTO_AND_NEOLACTO_SERIES,12,vanilla_scpa,mean_expression,18,3,,,,CONSTANT_INPUT_NOT_ESTIMABLE
unit,spearman_negative_rank_vs_feature,KEGG_GLYCOSPHINGOLIPID_BIOSYNTHESIS_LACTO_AND_NEOLACTO_SERIES,12,vanilla_scpa,mean_expression,18,3,-0.0031284286896073404,,,ESTIMATED
unit,spearman_masking_delta_vs_feature,KEGG_GLYCOSPHINGOLIPID_BIOSYNTHESIS_LACTO_AND_NEOLACTO_SERIES,12,vanilla_scpa,detection_fraction,18,3,,,,CONSTANT_INPUT_NOT_ESTIMABLE
unit,spearman_negative_rank_vs_feature,KEGG_GLYCOSPHINGOLIPID_BIOSYNTHESIS_LACTO_AND_NEOLACTO_SERIES,12,vanilla_scpa,detection_fraction,18,3,-0.0031284286896073404,,,ESTIMATED
unit,spearman_masking_delta_vs_feature,KEGG_GLYCOSPHINGOLIPID_BIOSYNTHESIS_LACTO_AND_NEOLACTO_SERIES,12,vanilla_scpa,expression_sd,18,3,,,,CONSTANT_INPUT_NOT_ESTIMABLE
unit,spearman_negative_rank_vs_feature,KEGG_GLYCOSPHINGOLIPID_BIOSYNTHESIS_LACTO_AND_NEOLACTO_SERIES,12,vanilla_scpa,expression_sd,18,3,-0.03858395383849053,,,ESTIMATED
unit,spearman_masking_delta_vs_feature,KEGG_GLYCOSPHINGOLIPID_BIOSYNTHESIS_LACTO_AND_NEOLACTO_SERIES,12,genept_scpa,mean_expression,18,3,,,,CONSTANT_INPUT_NOT_ESTIMABLE
unit,spearman_negative_rank_vs_feature,KEGG_GLYCOSPHINGOLIPID_BIOSYNTHESIS_LACTO_AND_NEOLACTO_SERIES,12,genept_scpa,mean_expression,18,3,-0.0031284286896073404,,,ESTIMATED
unit,spearman_masking_delta_vs_feature,KEGG_GLYCOSPHINGOLIPID_BIOSYNTHESIS_LACTO_AND_NEOLACTO_SERIES,12,genept_scpa,detection_fraction,18,3,,,,CONSTANT_INPUT_NOT_ESTIMABLE
unit,spearman_negative_rank_vs_feature,KEGG_GLYCOSPHINGOLIPID_BIOSYNTHESIS_LACTO_AND_NEOLACTO_SERIES,12,genept_scpa,detection_fraction,18,3,-0.0031284286896073404,,,ESTIMATED
unit,spearman_masking_delta_vs_feature,KEGG_GLYCOSPHINGOLIPID_BIOSYNTHESIS_LACTO_AND_NEOLACTO_SERIES,12,genept_scpa,expression_sd,18,3,,,,CONSTANT_INPUT_NOT_ESTIMABLE
unit,spearman_negative_rank_vs_feature,KEGG_GLYCOSPHINGOLIPID_BIOSYNTHESIS_LACTO_AND_NEOLACTO_SERIES,12,genept_scpa,expression_sd,18,3,-0.03858395383849053,,,ESTIMATED
unit,truth_target_minus_non_target_feature_rank_percentile,KEGG_GLYCOSPHINGOLIPID_BIOSYNTHESIS_LACTO_AND_NEOLACTO_SERIES,13,NA,mean_expression,18,3,-0.033333333333333326,0.5,0.5333333333333333,ESTIMATED
unit,truth_target_minus_non_target_feature_rank_percentile,KEGG_GLYCOSPHINGOLIPID_BIOSYNTHESIS_LACTO_AND_NEOLACTO_SERIES,13,NA,detection_fraction,18,3,-0.033333333333333326,0.5,0.5333333333333333,ESTIMATED
unit,truth_target_minus_non_target_feature_rank_percentile,KEGG_GLYCOSPHINGOLIPID_BIOSYNTHESIS_LACTO_AND_NEOLACTO_SERIES,13,NA,expression_sd,18,3,-0.011111111111111183,0.5185185185185185,0.5296296296296297,ESTIMATED
unit,spearman_masking_delta_vs_feature,KEGG_GLYCOSPHINGOLIPID_BIOSYNTHESIS_LACTO_AND_NEOLACTO_SERIES,13,vanilla_scpa,mean_expression,18,3,,,,CONSTANT_INPUT_NOT_ESTIMABLE
unit,spearman_negative_rank_vs_feature,KEGG_GLYCOSPHINGOLIPID_BIOSYNTHESIS_LACTO_AND_NEOLACTO_SERIES,13,vanilla_scpa,mean_expression,18,3,-0.0031284286896073404,,,ESTIMATED
unit,spearman_masking_delta_vs_feature,KEGG_GLYCOSPHINGOLIPID_BIOSYNTHESIS_LACTO_AND_NEOLACTO_SERIES,13,vanilla_scpa,detection_fraction,18,3,,,,CONSTANT_INPUT_NOT_ESTIMABLE
unit,spearman_negative_rank_vs_feature,KEGG_GLYCOSPHINGOLIPID_BIOSYNTHESIS_LACTO_AND_NEOLACTO_SERIES,13,vanilla_scpa,detection_fraction,18,3,-0.0031284286896073404,,,ESTIMATED
unit,spearman_masking_delta_vs_feature,KEGG_GLYCOSPHINGOLIPID_BIOSYNTHESIS_LACTO_AND_NEOLACTO_SERIES,13,vanilla_scpa,expression_sd,18,3,,,,CONSTANT_INPUT_NOT_ESTIMABLE
unit,spearman_negative_rank_vs_feature,KEGG_GLYCOSPHINGOLIPID_BIOSYNTHESIS_LACTO_AND_NEOLACTO_SERIES,13,vanilla_scpa,expression_sd,18,3,-0.03858395383849053,,,ESTIMATED
unit,spearman_masking_delta_vs_feature,KEGG_GLYCOSPHINGOLIPID_BIOSYNTHESIS_LACTO_AND_NEOLACTO_SERIES,13,genept_scpa,mean_expression,18,3,,,,CONSTANT_INPUT_NOT_ESTIMABLE
unit,spearman_negative_rank_vs_feature,KEGG_GLYCOSPHINGOLIPID_BIOSYNTHESIS_LACTO_AND_NEOLACTO_SERIES,13,genept_scpa,mean_expression,18,3,-0.0031284286896073404,,,ESTIMATED
unit,spearman_masking_delta_vs_feature,KEGG_GLYCOSPHINGOLIPID_BIOSYNTHESIS_LACTO_AND_NEOLACTO_SERIES,13,genept_scpa,detection_fraction,18,3,,,,CONSTANT_INPUT_NOT_ESTIMABLE
unit,spearman_negative_rank_vs_feature,KEGG_GLYCOSPHINGOLIPID_BIOSYNTHESIS_LACTO_AND_NEOLACTO_SERIES,13,genept_scpa,detection_fraction,18,3,-0.0031284286896073404,,,ESTIMATED
unit,spearman_masking_delta_vs_feature,KEGG_GLYCOSPHINGOLIPID_BIOSYNTHESIS_LACTO_AND_NEOLACTO_SERIES,13,genept_scpa,expression_sd,18,3,,,,CONSTANT_INPUT_NOT_ESTIMABLE
unit,spearman_negative_rank_vs_feature,KEGG_GLYCOSPHINGOLIPID_BIOSYNTHESIS_LACTO_AND_NEOLACTO_SERIES,13,genept_scpa,expression_sd,18,3,-0.03858395383849053,,,ESTIMATED
unit,truth_target_minus_non_target_feature_rank_percentile,KEGG_GLYCOSPHINGOLIPID_BIOSYNTHESIS_LACTO_AND_NEOLACTO_SERIES,14,NA,mean_expression,18,3,0.16666666666666652,0.6666666666666666,0.5000000000000001,ESTIMATED
unit,truth_target_minus_non_target_feature_rank_percentile,KEGG_GLYCOSPHINGOLIPID_BIOSYNTHESIS_LACTO_AND_NEOLACTO_SERIES,14,NA,detection_fraction,18,3,0.16666666666666652,0.6666666666666666,0.5000000000000001,ESTIMATED
unit,truth_target_minus_non_target_feature_rank_percentile,KEGG_GLYCOSPHINGOLIPID_BIOSYNTHESIS_LACTO_AND_NEOLACTO_SERIES,14,NA,expression_sd,18,3,0.16666666666666652,0.6666666666666666,0.5000000000000001,ESTIMATED
unit,spearman_masking_delta_vs_feature,KEGG_GLYCOSPHINGOLIPID_BIOSYNTHESIS_LACTO_AND_NEOLACTO_SERIES,14,vanilla_scpa,mean_expression,18,3,,,,CONSTANT_INPUT_NOT_ESTIMABLE
unit,spearman_negative_rank_vs_feature,KEGG_GLYCOSPHINGOLIPID_BIOSYNTHESIS_LACTO_AND_NEOLACTO_SERIES,14,vanilla_scpa,mean_expression,18,3,-0.0031284286896073404,,,ESTIMATED
unit,spearman_masking_delta_vs_feature,KEGG_GLYCOSPHINGOLIPID_BIOSYNTHESIS_LACTO_AND_NEOLACTO_SERIES,14,vanilla_scpa,detection_fraction,18,3,,,,CONSTANT_INPUT_NOT_ESTIMABLE
unit,spearman_negative_rank_vs_feature,KEGG_GLYCOSPHINGOLIPID_BIOSYNTHESIS_LACTO_AND_NEOLACTO_SERIES,14,vanilla_scpa,detection_fraction,18,3,-0.0031284286896073404,,,ESTIMATED
unit,spearman_masking_delta_vs_feature,KEGG_GLYCOSPHINGOLIPID_BIOSYNTHESIS_LACTO_AND_NEOLACTO_SERIES,14,vanilla_scpa,expression_sd,18,3,,,,CONSTANT_INPUT_NOT_ESTIMABLE
unit,spearman_negative_rank_vs_feature,KEGG_GLYCOSPHINGOLIPID_BIOSYNTHESIS_LACTO_AND_NEOLACTO_SERIES,14,vanilla_scpa,expression_sd,18,3,-0.03858395383849053,,,ESTIMATED
unit,spearman_masking_delta_vs_feature,KEGG_GLYCOSPHINGOLIPID_BIOSYNTHESIS_LACTO_AND_NEOLACTO_SERIES,14,genept_scpa,mean_expression,18,3,,,,CONSTANT_INPUT_NOT_ESTIMABLE
unit,spearman_negative_rank_vs_feature,KEGG_GLYCOSPHINGOLIPID_BIOSYNTHESIS_LACTO_AND_NEOLACTO_SERIES,14,genept_scpa,mean_expression,18,3,-0.0031284286896073404,,,ESTIMATED
unit,spearman_masking_delta_vs_feature,KEGG_GLYCOSPHINGOLIPID_BIOSYNTHESIS_LACTO_AND_NEOLACTO_SERIES,14,genept_scpa,detection_fraction,18,3,,,,CONSTANT_INPUT_NOT_ESTIMABLE
unit,spearman_negative_rank_vs_feature,KEGG_GLYCOSPHINGOLIPID_BIOSYNTHESIS_LACTO_AND_NEOLACTO_SERIES,14,genept_scpa,detection_fraction,18,3,-0.0031284286896073404,,,ESTIMATED
unit,spearman_masking_delta_vs_feature,KEGG_GLYCOSPHINGOLIPID_BIOSYNTHESIS_LACTO_AND_NEOLACTO_SERIES,14,genept_scpa,expression_sd,18,3,,,,CONSTANT_INPUT_NOT_ESTIMABLE
unit,spearman_negative_rank_vs_feature,KEGG_GLYCOSPHINGOLIPID_BIOSYNTHESIS_LACTO_AND_NEOLACTO_SERIES,14,genept_scpa,expression_sd,18,3,-0.03858395383849053,,,ESTIMATED
unit,truth_target_minus_non_target_feature_rank_percentile,KEGG_GLYCOSPHINGOLIPID_BIOSYNTHESIS_LACTO_AND_NEOLACTO_SERIES,15,NA,mean_expression,18,3,-0.3666666666666666,0.2222222222222222,0.5888888888888888,ESTIMATED
unit,truth_target_minus_non_target_feature_rank_percentile,KEGG_GLYCOSPHINGOLIPID_BIOSYNTHESIS_LACTO_AND_NEOLACTO_SERIES,15,NA,detection_fraction,18,3,-0.3666666666666666,0.2222222222222222,0.5888888888888888,ESTIMATED
unit,truth_target_minus_non_target_feature_rank_percentile,KEGG_GLYCOSPHINGOLIPID_BIOSYNTHESIS_LACTO_AND_NEOLACTO_SERIES,15,NA,expression_sd,18,3,-0.3666666666666667,0.2222222222222222,0.5888888888888889,ESTIMATED
unit,spearman_masking_delta_vs_feature,KEGG_GLYCOSPHINGOLIPID_BIOSYNTHESIS_LACTO_AND_NEOLACTO_SERIES,15,vanilla_scpa,mean_expression,18,3,,,,CONSTANT_INPUT_NOT_ESTIMABLE
unit,spearman_negative_rank_vs_feature,KEGG_GLYCOSPHINGOLIPID_BIOSYNTHESIS_LACTO_AND_NEOLACTO_SERIES,15,vanilla_scpa,mean_expression,18,3,-0.0031284286896073404,,,ESTIMATED
unit,spearman_masking_delta_vs_feature,KEGG_GLYCOSPHINGOLIPID_BIOSYNTHESIS_LACTO_AND_NEOLACTO_SERIES,15,vanilla_scpa,detection_fraction,18,3,,,,CONSTANT_INPUT_NOT_ESTIMABLE
unit,spearman_negative_rank_vs_feature,KEGG_GLYCOSPHINGOLIPID_BIOSYNTHESIS_LACTO_AND_NEOLACTO_SERIES,15,vanilla_scpa,detection_fraction,18,3,-0.0031284286896073404,,,ESTIMATED
unit,spearman_masking_delta_vs_feature,KEGG_GLYCOSPHINGOLIPID_BIOSYNTHESIS_LACTO_AND_NEOLACTO_SERIES,15,vanilla_scpa,expression_sd,18,3,,,,CONSTANT_INPUT_NOT_ESTIMABLE
unit,spearman_negative_rank_vs_feature,KEGG_GLYCOSPHINGOLIPID_BIOSYNTHESIS_LACTO_AND_NEOLACTO_SERIES,15,vanilla_scpa,expression_sd,18,3,-0.03858395383849053,,,ESTIMATED
unit,spearman_masking_delta_vs_feature,KEGG_GLYCOSPHINGOLIPID_BIOSYNTHESIS_LACTO_AND_NEOLACTO_SERIES,15,genept_scpa,mean_expression,18,3,,,,CONSTANT_INPUT_NOT_ESTIMABLE
unit,spearman_negative_rank_vs_feature,KEGG_GLYCOSPHINGOLIPID_BIOSYNTHESIS_LACTO_AND_NEOLACTO_SERIES,15,genept_scpa,mean_expression,18,3,-0.0031284286896073404,,,ESTIMATED
unit,spearman_masking_delta_vs_feature,KEGG_GLYCOSPHINGOLIPID_BIOSYNTHESIS_LACTO_AND_NEOLACTO_SERIES,15,genept_scpa,detection_fraction,18,3,,,,CONSTANT_INPUT_NOT_ESTIMABLE
unit,spearman_negative_rank_vs_feature,KEGG_GLYCOSPHINGOLIPID_BIOSYNTHESIS_LACTO_AND_NEOLACTO_SERIES,15,genept_scpa,detection_fraction,18,3,-0.0031284286896073404,,,ESTIMATED
unit,spearman_masking_delta_vs_feature,KEGG_GLYCOSPHINGOLIPID_BIOSYNTHESIS_LACTO_AND_NEOLACTO_SERIES,15,genept_scpa,expression_sd,18,3,,,,CONSTANT_INPUT_NOT_ESTIMABLE
unit,spearman_negative_rank_vs_feature,KEGG_GLYCOSPHINGOLIPID_BIOSYNTHESIS_LACTO_AND_NEOLACTO_SERIES,15,genept_scpa,expression_sd,18,3,-0.03858395383849053,,,ESTIMATED
unit,truth_target_minus_non_target_feature_rank_percentile,KEGG_GLYCOSPHINGOLIPID_BIOSYNTHESIS_LACTO_AND_NEOLACTO_SERIES,16,NA,mean_expression,18,3,-0.16666666666666657,0.3888888888888889,0.5555555555555555,ESTIMATED
unit,truth_target_minus_non_target_feature_rank_percentile,KEGG_GLYCOSPHINGOLIPID_BIOSYNTHESIS_LACTO_AND_NEOLACTO_SERIES,16,NA,detection_fraction,18,3,-0.16666666666666657,0.3888888888888889,0.5555555555555555,ESTIMATED
unit,truth_target_minus_non_target_feature_rank_percentile,KEGG_GLYCOSPHINGOLIPID_BIOSYNTHESIS_LACTO_AND_NEOLACTO_SERIES,16,NA,expression_sd,18,3,-0.1444444444444445,0.40740740740740744,0.5518518518518519,ESTIMATED
unit,spearman_masking_delta_vs_feature,KEGG_GLYCOSPHINGOLIPID_BIOSYNTHESIS_LACTO_AND_NEOLACTO_SERIES,16,vanilla_scpa,mean_expression,18,3,,,,CONSTANT_INPUT_NOT_ESTIMABLE
unit,spearman_negative_rank_vs_feature,KEGG_GLYCOSPHINGOLIPID_BIOSYNTHESIS_LACTO_AND_NEOLACTO_SERIES,16,vanilla_scpa,mean_expression,18,3,-0.0031284286896073404,,,ESTIMATED
unit,spearman_masking_delta_vs_feature,KEGG_GLYCOSPHINGOLIPID_BIOSYNTHESIS_LACTO_AND_NEOLACTO_SERIES,16,vanilla_scpa,detection_fraction,18,3,,,,CONSTANT_INPUT_NOT_ESTIMABLE
unit,spearman_negative_rank_vs_feature,KEGG_GLYCOSPHINGOLIPID_BIOSYNTHESIS_LACTO_AND_NEOLACTO_SERIES,16,vanilla_scpa,detection_fraction,18,3,-0.0031284286896073404,,,ESTIMATED
unit,spearman_masking_delta_vs_feature,KEGG_GLYCOSPHINGOLIPID_BIOSYNTHESIS_LACTO_AND_NEOLACTO_SERIES,16,vanilla_scpa,expression_sd,18,3,,,,CONSTANT_INPUT_NOT_ESTIMABLE
unit,spearman_negative_rank_vs_feature,KEGG_GLYCOSPHINGOLIPID_BIOSYNTHESIS_LACTO_AND_NEOLACTO_SERIES,16,vanilla_scpa,expression_sd,18,3,-0.03858395383849053,,,ESTIMATED
unit,spearman_masking_delta_vs_feature,KEGG_GLYCOSPHINGOLIPID_BIOSYNTHESIS_LACTO_AND_NEOLACTO_SERIES,16,genept_scpa,mean_expression,18,3,,,,CONSTANT_INPUT_NOT_ESTIMABLE
unit,spearman_negative_rank_vs_feature,KEGG_GLYCOSPHINGOLIPID_BIOSYNTHESIS_LACTO_AND_NEOLACTO_SERIES,16,genept_scpa,mean_expression,18,3,-0.0031284286896073404,,,ESTIMATED
unit,spearman_masking_delta_vs_feature,KEGG_GLYCOSPHINGOLIPID_BIOSYNTHESIS_LACTO_AND_NEOLACTO_SERIES,16,genept_scpa,detection_fraction,18,3,,,,CONSTANT_INPUT_NOT_ESTIMABLE
unit,spearman_negative_rank_vs_feature,KEGG_GLYCOSPHINGOLIPID_BIOSYNTHESIS_LACTO_AND_NEOLACTO_SERIES,16,genept_scpa,detection_fraction,18,3,-0.0031284286896073404,,,ESTIMATED
unit,spearman_masking_delta_vs_feature,KEGG_GLYCOSPHINGOLIPID_BIOSYNTHESIS_LACTO_AND_NEOLACTO_SERIES,16,genept_scpa,expression_sd,18,3,,,,CONSTANT_INPUT_NOT_ESTIMABLE
unit,spearman_negative_rank_vs_feature,KEGG_GLYCOSPHINGOLIPID_BIOSYNTHESIS_LACTO_AND_NEOLACTO_SERIES,16,genept_scpa,expression_sd,18,3,-0.03858395383849053,,,ESTIMATED
unit,truth_target_minus_non_target_feature_rank_percentile,KEGG_GLYCOSPHINGOLIPID_BIOSYNTHESIS_LACTO_AND_NEOLACTO_SERIES,17,NA,mean_expression,18,3,-0.21111111111111103,0.35185185185185186,0.5629629629629629,ESTIMATED
unit,truth_target_minus_non_target_feature_rank_percentile,KEGG_GLYCOSPHINGOLIPID_BIOSYNTHESIS_LACTO_AND_NEOLACTO_SERIES,17,NA,detection_fraction,18,3,-0.21111111111111103,0.35185185185185186,0.5629629629629629,ESTIMATED
unit,truth_target_minus_non_target_feature_rank_percentile,KEGG_GLYCOSPHINGOLIPID_BIOSYNTHESIS_LACTO_AND_NEOLACTO_SERIES,17,NA,expression_sd,18,3,-0.21111111111111103,0.35185185185185186,0.5629629629629629,ESTIMATED
unit,spearman_masking_delta_vs_feature,KEGG_GLYCOSPHINGOLIPID_BIOSYNTHESIS_LACTO_AND_NEOLACTO_SERIES,17,vanilla_scpa,mean_expression,18,3,,,,CONSTANT_INPUT_NOT_ESTIMABLE
unit,spearman_negative_rank_vs_feature,KEGG_GLYCOSPHINGOLIPID_BIOSYNTHESIS_LACTO_AND_NEOLACTO_SERIES,17,vanilla_scpa,mean_expression,18,3,-0.0031284286896073404,,,ESTIMATED
unit,spearman_masking_delta_vs_feature,KEGG_GLYCOSPHINGOLIPID_BIOSYNTHESIS_LACTO_AND_NEOLACTO_SERIES,17,vanilla_scpa,detection_fraction,18,3,,,,CONSTANT_INPUT_NOT_ESTIMABLE
unit,spearman_negative_rank_vs_feature,KEGG_GLYCOSPHINGOLIPID_BIOSYNTHESIS_LACTO_AND_NEOLACTO_SERIES,17,vanilla_scpa,detection_fraction,18,3,-0.0031284286896073404,,,ESTIMATED
unit,spearman_masking_delta_vs_feature,KEGG_GLYCOSPHINGOLIPID_BIOSYNTHESIS_LACTO_AND_NEOLACTO_SERIES,17,vanilla_scpa,expression_sd,18,3,,,,CONSTANT_INPUT_NOT_ESTIMABLE
unit,spearman_negative_rank_vs_feature,KEGG_GLYCOSPHINGOLIPID_BIOSYNTHESIS_LACTO_AND_NEOLACTO_SERIES,17,vanilla_scpa,expression_sd,18,3,-0.03858395383849053,,,ESTIMATED
unit,spearman_masking_delta_vs_feature,KEGG_GLYCOSPHINGOLIPID_BIOSYNTHESIS_LACTO_AND_NEOLACTO_SERIES,17,genept_scpa,mean_expression,18,3,,,,CONSTANT_INPUT_NOT_ESTIMABLE
unit,spearman_negative_rank_vs_feature,KEGG_GLYCOSPHINGOLIPID_BIOSYNTHESIS_LACTO_AND_NEOLACTO_SERIES,17,genept_scpa,mean_expression,18,3,-0.0031284286896073404,,,ESTIMATED
unit,spearman_masking_delta_vs_feature,KEGG_GLYCOSPHINGOLIPID_BIOSYNTHESIS_LACTO_AND_NEOLACTO_SERIES,17,genept_scpa,detection_fraction,18,3,,,,CONSTANT_INPUT_NOT_ESTIMABLE
unit,spearman_negative_rank_vs_feature,KEGG_GLYCOSPHINGOLIPID_BIOSYNTHESIS_LACTO_AND_NEOLACTO_SERIES,17,genept_scpa,detection_fraction,18,3,-0.0031284286896073404,,,ESTIMATED
unit,spearman_masking_delta_vs_feature,KEGG_GLYCOSPHINGOLIPID_BIOSYNTHESIS_LACTO_AND_NEOLACTO_SERIES,17,genept_scpa,expression_sd,18,3,,,,CONSTANT_INPUT_NOT_ESTIMABLE
unit,spearman_negative_rank_vs_feature,KEGG_GLYCOSPHINGOLIPID_BIOSYNTHESIS_LACTO_AND_NEOLACTO_SERIES,17,genept_scpa,expression_sd,18,3,-0.03858395383849053,,,ESTIMATED
unit,truth_target_minus_non_target_feature_rank_percentile,KEGG_GLYCOSPHINGOLIPID_BIOSYNTHESIS_LACTO_AND_NEOLACTO_SERIES,18,NA,mean_expression,18,3,-0.055555555555555636,0.48148148148148145,0.5370370370370371,ESTIMATED
unit,truth_target_minus_non_target_feature_rank_percentile,KEGG_GLYCOSPHINGOLIPID_BIOSYNTHESIS_LACTO_AND_NEOLACTO_SERIES,18,NA,detection_fraction,18,3,-0.055555555555555636,0.48148148148148145,0.5370370370370371,ESTIMATED
unit,truth_target_minus_non_target_feature_rank_percentile,KEGG_GLYCOSPHINGOLIPID_BIOSYNTHESIS_LACTO_AND_NEOLACTO_SERIES,18,NA,expression_sd,18,3,-0.055555555555555636,0.48148148148148145,0.5370370370370371,ESTIMATED
unit,spearman_masking_delta_vs_feature,KEGG_GLYCOSPHINGOLIPID_BIOSYNTHESIS_LACTO_AND_NEOLACTO_SERIES,18,vanilla_scpa,mean_expression,18,3,,,,CONSTANT_INPUT_NOT_ESTIMABLE
unit,spearman_negative_rank_vs_feature,KEGG_GLYCOSPHINGOLIPID_BIOSYNTHESIS_LACTO_AND_NEOLACTO_SERIES,18,vanilla_scpa,mean_expression,18,3,-0.0031284286896073404,,,ESTIMATED
unit,spearman_masking_delta_vs_feature,KEGG_GLYCOSPHINGOLIPID_BIOSYNTHESIS_LACTO_AND_NEOLACTO_SERIES,18,vanilla_scpa,detection_fraction,18,3,,,,CONSTANT_INPUT_NOT_ESTIMABLE
unit,spearman_negative_rank_vs_feature,KEGG_GLYCOSPHINGOLIPID_BIOSYNTHESIS_LACTO_AND_NEOLACTO_SERIES,18,vanilla_scpa,detection_fraction,18,3,-0.0031284286896073404,,,ESTIMATED
unit,spearman_masking_delta_vs_feature,KEGG_GLYCOSPHINGOLIPID_BIOSYNTHESIS_LACTO_AND_NEOLACTO_SERIES,18,vanilla_scpa,expression_sd,18,3,,,,CONSTANT_INPUT_NOT_ESTIMABLE
unit,spearman_negative_rank_vs_feature,KEGG_GLYCOSPHINGOLIPID_BIOSYNTHESIS_LACTO_AND_NEOLACTO_SERIES,18,vanilla_scpa,expression_sd,18,3,-0.03858395383849053,,,ESTIMATED
unit,spearman_masking_delta_vs_feature,KEGG_GLYCOSPHINGOLIPID_BIOSYNTHESIS_LACTO_AND_NEOLACTO_SERIES,18,genept_scpa,mean_expression,18,3,,,,CONSTANT_INPUT_NOT_ESTIMABLE
unit,spearman_negative_rank_vs_feature,KEGG_GLYCOSPHINGOLIPID_BIOSYNTHESIS_LACTO_AND_NEOLACTO_SERIES,18,genept_scpa,mean_expression,18,3,-0.0031284286896073404,,,ESTIMATED
unit,spearman_masking_delta_vs_feature,KEGG_GLYCOSPHINGOLIPID_BIOSYNTHESIS_LACTO_AND_NEOLACTO_SERIES,18,genept_scpa,detection_fraction,18,3,,,,CONSTANT_INPUT_NOT_ESTIMABLE
unit,spearman_negative_rank_vs_feature,KEGG_GLYCOSPHINGOLIPID_BIOSYNTHESIS_LACTO_AND_NEOLACTO_SERIES,18,genept_scpa,detection_fraction,18,3,-0.0031284286896073404,,,ESTIMATED
unit,spearman_masking_delta_vs_feature,KEGG_GLYCOSPHINGOLIPID_BIOSYNTHESIS_LACTO_AND_NEOLACTO_SERIES,18,genept_scpa,expression_sd,18,3,,,,CONSTANT_INPUT_NOT_ESTIMABLE
unit,spearman_negative_rank_vs_feature,KEGG_GLYCOSPHINGOLIPID_BIOSYNTHESIS_LACTO_AND_NEOLACTO_SERIES,18,genept_scpa,expression_sd,18,3,-0.03858395383849053,,,ESTIMATED
unit,truth_target_minus_non_target_feature_rank_percentile,KEGG_GLYCOSPHINGOLIPID_BIOSYNTHESIS_LACTO_AND_NEOLACTO_SERIES,19,NA,mean_expression,18,3,-0.12222222222222218,0.4259259259259259,0.548148148148148,ESTIMATED
unit,truth_target_minus_non_target_feature_rank_percentile,KEGG_GLYCOSPHINGOLIPID_BIOSYNTHESIS_LACTO_AND_NEOLACTO_SERIES,19,NA,detection_fraction,18,3,-0.12222222222222218,0.4259259259259259,0.548148148148148,ESTIMATED
unit,truth_target_minus_non_target_feature_rank_percentile,KEGG_GLYCOSPHINGOLIPID_BIOSYNTHESIS_LACTO_AND_NEOLACTO_SERIES,19,NA,expression_sd,18,3,-0.12222222222222218,0.4259259259259259,0.548148148148148,ESTIMATED
unit,spearman_masking_delta_vs_feature,KEGG_GLYCOSPHINGOLIPID_BIOSYNTHESIS_LACTO_AND_NEOLACTO_SERIES,19,vanilla_scpa,mean_expression,18,3,,,,CONSTANT_INPUT_NOT_ESTIMABLE
unit,spearman_negative_rank_vs_feature,KEGG_GLYCOSPHINGOLIPID_BIOSYNTHESIS_LACTO_AND_NEOLACTO_SERIES,19,vanilla_scpa,mean_expression,18,3,-0.0031284286896073404,,,ESTIMATED
unit,spearman_masking_delta_vs_feature,KEGG_GLYCOSPHINGOLIPID_BIOSYNTHESIS_LACTO_AND_NEOLACTO_SERIES,19,vanilla_scpa,detection_fraction,18,3,,,,CONSTANT_INPUT_NOT_ESTIMABLE
unit,spearman_negative_rank_vs_feature,KEGG_GLYCOSPHINGOLIPID_BIOSYNTHESIS_LACTO_AND_NEOLACTO_SERIES,19,vanilla_scpa,detection_fraction,18,3,-0.0031284286896073404,,,ESTIMATED
unit,spearman_masking_delta_vs_feature,KEGG_GLYCOSPHINGOLIPID_BIOSYNTHESIS_LACTO_AND_NEOLACTO_SERIES,19,vanilla_scpa,expression_sd,18,3,,,,CONSTANT_INPUT_NOT_ESTIMABLE
unit,spearman_negative_rank_vs_feature,KEGG_GLYCOSPHINGOLIPID_BIOSYNTHESIS_LACTO_AND_NEOLACTO_SERIES,19,vanilla_scpa,expression_sd,18,3,-0.03858395383849053,,,ESTIMATED
unit,spearman_masking_delta_vs_feature,KEGG_GLYCOSPHINGOLIPID_BIOSYNTHESIS_LACTO_AND_NEOLACTO_SERIES,19,genept_scpa,mean_expression,18,3,,,,CONSTANT_INPUT_NOT_ESTIMABLE
unit,spearman_negative_rank_vs_feature,KEGG_GLYCOSPHINGOLIPID_BIOSYNTHESIS_LACTO_AND_NEOLACTO_SERIES,19,genept_scpa,mean_expression,18,3,-0.0031284286896073404,,,ESTIMATED
unit,spearman_masking_delta_vs_feature,KEGG_GLYCOSPHINGOLIPID_BIOSYNTHESIS_LACTO_AND_NEOLACTO_SERIES,19,genept_scpa,detection_fraction,18,3,,,,CONSTANT_INPUT_NOT_ESTIMABLE
unit,spearman_negative_rank_vs_feature,KEGG_GLYCOSPHINGOLIPID_BIOSYNTHESIS_LACTO_AND_NEOLACTO_SERIES,19,genept_scpa,detection_fraction,18,3,-0.0031284286896073404,,,ESTIMATED
unit,spearman_masking_delta_vs_feature,KEGG_GLYCOSPHINGOLIPID_BIOSYNTHESIS_LACTO_AND_NEOLACTO_SERIES,19,genept_scpa,expression_sd,18,3,,,,CONSTANT_INPUT_NOT_ESTIMABLE
unit,spearman_negative_rank_vs_feature,KEGG_GLYCOSPHINGOLIPID_BIOSYNTHESIS_LACTO_AND_NEOLACTO_SERIES,19,genept_scpa,expression_sd,18,3,-0.03858395383849053,,,ESTIMATED
unit,truth_target_minus_non_target_feature_rank_percentile,KEGG_GLYCOSPHINGOLIPID_BIOSYNTHESIS_LACTO_AND_NEOLACTO_SERIES,20,NA,mean_expression,18,3,-0.12222222222222218,0.4259259259259259,0.548148148148148,ESTIMATED
unit,truth_target_minus_non_target_feature_rank_percentile,KEGG_GLYCOSPHINGOLIPID_BIOSYNTHESIS_LACTO_AND_NEOLACTO_SERIES,20,NA,detection_fraction,18,3,-0.12222222222222218,0.4259259259259259,0.548148148148148,ESTIMATED
unit,truth_target_minus_non_target_feature_rank_percentile,KEGG_GLYCOSPHINGOLIPID_BIOSYNTHESIS_LACTO_AND_NEOLACTO_SERIES,20,NA,expression_sd,18,3,-0.09999999999999998,0.4444444444444444,0.5444444444444444,ESTIMATED
unit,spearman_masking_delta_vs_feature,KEGG_GLYCOSPHINGOLIPID_BIOSYNTHESIS_LACTO_AND_NEOLACTO_SERIES,20,vanilla_scpa,mean_expression,18,3,,,,CONSTANT_INPUT_NOT_ESTIMABLE
unit,spearman_negative_rank_vs_feature,KEGG_GLYCOSPHINGOLIPID_BIOSYNTHESIS_LACTO_AND_NEOLACTO_SERIES,20,vanilla_scpa,mean_expression,18,3,-0.0031284286896073404,,,ESTIMATED
unit,spearman_masking_delta_vs_feature,KEGG_GLYCOSPHINGOLIPID_BIOSYNTHESIS_LACTO_AND_NEOLACTO_SERIES,20,vanilla_scpa,detection_fraction,18,3,,,,CONSTANT_INPUT_NOT_ESTIMABLE
unit,spearman_negative_rank_vs_feature,KEGG_GLYCOSPHINGOLIPID_BIOSYNTHESIS_LACTO_AND_NEOLACTO_SERIES,20,vanilla_scpa,detection_fraction,18,3,-0.0031284286896073404,,,ESTIMATED
unit,spearman_masking_delta_vs_feature,KEGG_GLYCOSPHINGOLIPID_BIOSYNTHESIS_LACTO_AND_NEOLACTO_SERIES,20,vanilla_scpa,expression_sd,18,3,,,,CONSTANT_INPUT_NOT_ESTIMABLE
unit,spearman_negative_rank_vs_feature,KEGG_GLYCOSPHINGOLIPID_BIOSYNTHESIS_LACTO_AND_NEOLACTO_SERIES,20,vanilla_scpa,expression_sd,18,3,-0.03858395383849053,,,ESTIMATED
unit,spearman_masking_delta_vs_feature,KEGG_GLYCOSPHINGOLIPID_BIOSYNTHESIS_LACTO_AND_NEOLACTO_SERIES,20,genept_scpa,mean_expression,18,3,,,,CONSTANT_INPUT_NOT_ESTIMABLE
unit,spearman_negative_rank_vs_feature,KEGG_GLYCOSPHINGOLIPID_BIOSYNTHESIS_LACTO_AND_NEOLACTO_SERIES,20,genept_scpa,mean_expression,18,3,-0.0031284286896073404,,,ESTIMATED
unit,spearman_masking_delta_vs_feature,KEGG_GLYCOSPHINGOLIPID_BIOSYNTHESIS_LACTO_AND_NEOLACTO_SERIES,20,genept_scpa,detection_fraction,18,3,,,,CONSTANT_INPUT_NOT_ESTIMABLE
unit,spearman_negative_rank_vs_feature,KEGG_GLYCOSPHINGOLIPID_BIOSYNTHESIS_LACTO_AND_NEOLACTO_SERIES,20,genept_scpa,detection_fraction,18,3,-0.0031284286896073404,,,ESTIMATED
unit,spearman_masking_delta_vs_feature,KEGG_GLYCOSPHINGOLIPID_BIOSYNTHESIS_LACTO_AND_NEOLACTO_SERIES,20,genept_scpa,expression_sd,18,3,,,,CONSTANT_INPUT_NOT_ESTIMABLE
unit,spearman_negative_rank_vs_feature,KEGG_GLYCOSPHINGOLIPID_BIOSYNTHESIS_LACTO_AND_NEOLACTO_SERIES,20,genept_scpa,expression_sd,18,3,-0.03858395383849053,,,ESTIMATED
unit,truth_target_minus_non_target_feature_rank_percentile,KEGG_INOSITOL_PHOSPHATE_METABOLISM,1,NA,mean_expression,50,8,0.4851190476190476,0.9175,0.43238095238095237,ESTIMATED
unit,truth_target_minus_non_target_feature_rank_percentile,KEGG_INOSITOL_PHOSPHATE_METABOLISM,1,NA,detection_fraction,50,8,0.4851190476190476,0.9175,0.43238095238095237,ESTIMATED
unit,truth_target_minus_non_target_feature_rank_percentile,KEGG_INOSITOL_PHOSPHATE_METABOLISM,1,NA,expression_sd,50,8,0.4851190476190476,0.9175,0.43238095238095237,ESTIMATED
unit,spearman_masking_delta_vs_feature,KEGG_INOSITOL_PHOSPHATE_METABOLISM,1,vanilla_scpa,mean_expression,50,8,-0.18591918487128348,,,ESTIMATED
unit,spearman_negative_rank_vs_feature,KEGG_INOSITOL_PHOSPHATE_METABOLISM,1,vanilla_scpa,mean_expression,50,8,-0.15635429426581784,,,ESTIMATED
unit,spearman_masking_delta_vs_feature,KEGG_INOSITOL_PHOSPHATE_METABOLISM,1,vanilla_scpa,detection_fraction,50,8,-0.18779983479120843,,,ESTIMATED
unit,spearman_negative_rank_vs_feature,KEGG_INOSITOL_PHOSPHATE_METABOLISM,1,vanilla_scpa,detection_fraction,50,8,-0.15731957307760122,,,ESTIMATED
unit,spearman_masking_delta_vs_feature,KEGG_INOSITOL_PHOSPHATE_METABOLISM,1,vanilla_scpa,expression_sd,50,8,-0.1756926603645471,,,ESTIMATED
unit,spearman_negative_rank_vs_feature,KEGG_INOSITOL_PHOSPHATE_METABOLISM,1,vanilla_scpa,expression_sd,50,8,-0.14569377420223936,,,ESTIMATED
unit,spearman_masking_delta_vs_feature,KEGG_INOSITOL_PHOSPHATE_METABOLISM,1,genept_scpa,mean_expression,50,8,0.36390006579926687,,,ESTIMATED
unit,spearman_negative_rank_vs_feature,KEGG_INOSITOL_PHOSPHATE_METABOLISM,1,genept_scpa,mean_expression,50,8,0.3629378857681361,,,ESTIMATED
unit,spearman_masking_delta_vs_feature,KEGG_INOSITOL_PHOSPHATE_METABOLISM,1,genept_scpa,detection_fraction,50,8,0.36486744450306824,,,ESTIMATED
unit,spearman_negative_rank_vs_feature,KEGG_INOSITOL_PHOSPHATE_METABOLISM,1,genept_scpa,detection_fraction,50,8,0.36344424119240637,,,ESTIMATED
unit,spearman_masking_delta_vs_feature,KEGG_INOSITOL_PHOSPHATE_METABOLISM,1,genept_scpa,expression_sd,50,8,0.35477722292407643,,,ESTIMATED
unit,spearman_negative_rank_vs_feature,KEGG_INOSITOL_PHOSPHATE_METABOLISM,1,genept_scpa,expression_sd,50,8,0.35314173219619915,,,ESTIMATED
unit,truth_target_minus_non_target_feature_rank_percentile,KEGG_INOSITOL_PHOSPHATE_METABOLISM,2,NA,mean_expression,50,8,0.4821428571428572,0.915,0.43285714285714283,ESTIMATED
unit,truth_target_minus_non_target_feature_rank_percentile,KEGG_INOSITOL_PHOSPHATE_METABOLISM,2,NA,detection_fraction,50,8,0.4821428571428572,0.915,0.43285714285714283,ESTIMATED
unit,truth_target_minus_non_target_feature_rank_percentile,KEGG_INOSITOL_PHOSPHATE_METABOLISM,2,NA,expression_sd,50,8,0.4821428571428571,0.915,0.43285714285714294,ESTIMATED
unit,spearman_masking_delta_vs_feature,KEGG_INOSITOL_PHOSPHATE_METABOLISM,2,vanilla_scpa,mean_expression,50,8,-0.18591918487128348,,,ESTIMATED
unit,spearman_negative_rank_vs_feature,KEGG_INOSITOL_PHOSPHATE_METABOLISM,2,vanilla_scpa,mean_expression,50,8,-0.15635429426581784,,,ESTIMATED
unit,spearman_masking_delta_vs_feature,KEGG_INOSITOL_PHOSPHATE_METABOLISM,2,vanilla_scpa,detection_fraction,50,8,-0.18779983479120843,,,ESTIMATED
unit,spearman_negative_rank_vs_feature,KEGG_INOSITOL_PHOSPHATE_METABOLISM,2,vanilla_scpa,detection_fraction,50,8,-0.15731957307760122,,,ESTIMATED
unit,spearman_masking_delta_vs_feature,KEGG_INOSITOL_PHOSPHATE_METABOLISM,2,vanilla_scpa,expression_sd,50,8,-0.1756926603645471,,,ESTIMATED
unit,spearman_negative_rank_vs_feature,KEGG_INOSITOL_PHOSPHATE_METABOLISM,2,vanilla_scpa,expression_sd,50,8,-0.14569377420223936,,,ESTIMATED
unit,spearman_masking_delta_vs_feature,KEGG_INOSITOL_PHOSPHATE_METABOLISM,2,genept_scpa,mean_expression,50,8,0.36390006579926687,,,ESTIMATED
unit,spearman_negative_rank_vs_feature,KEGG_INOSITOL_PHOSPHATE_METABOLISM,2,genept_scpa,mean_expression,50,8,0.3629378857681361,,,ESTIMATED
unit,spearman_masking_delta_vs_feature,KEGG_INOSITOL_PHOSPHATE_METABOLISM,2,genept_scpa,detection_fraction,50,8,0.36486744450306824,,,ESTIMATED
unit,spearman_negative_rank_vs_feature,KEGG_INOSITOL_PHOSPHATE_METABOLISM,2,genept_scpa,detection_fraction,50,8,0.36344424119240637,,,ESTIMATED
unit,spearman_masking_delta_vs_feature,KEGG_INOSITOL_PHOSPHATE_METABOLISM,2,genept_scpa,expression_sd,50,8,0.35477722292407643,,,ESTIMATED
unit,spearman_negative_rank_vs_feature,KEGG_INOSITOL_PHOSPHATE_METABOLISM,2,genept_scpa,expression_sd,50,8,0.35314173219619915,,,ESTIMATED
unit,truth_target_minus_non_target_feature_rank_percentile,KEGG_INOSITOL_PHOSPHATE_METABOLISM,3,NA,mean_expression,50,8,0.47321428571428564,0.9075,0.43428571428571433,ESTIMATED
unit,truth_target_minus_non_target_feature_rank_percentile,KEGG_INOSITOL_PHOSPHATE_METABOLISM,3,NA,detection_fraction,50,8,0.4732142857142857,0.9075,0.4342857142857143,ESTIMATED
unit,truth_target_minus_non_target_feature_rank_percentile,KEGG_INOSITOL_PHOSPHATE_METABOLISM,3,NA,expression_sd,50,8,0.47023809523809523,0.905,0.4347619047619048,ESTIMATED
unit,spearman_masking_delta_vs_feature,KEGG_INOSITOL_PHOSPHATE_METABOLISM,3,vanilla_scpa,mean_expression,50,8,-0.18591918487128348,,,ESTIMATED
unit,spearman_negative_rank_vs_feature,KEGG_INOSITOL_PHOSPHATE_METABOLISM,3,vanilla_scpa,mean_expression,50,8,-0.15635429426581784,,,ESTIMATED
unit,spearman_masking_delta_vs_feature,KEGG_INOSITOL_PHOSPHATE_METABOLISM,3,vanilla_scpa,detection_fraction,50,8,-0.18779983479120843,,,ESTIMATED
unit,spearman_negative_rank_vs_feature,KEGG_INOSITOL_PHOSPHATE_METABOLISM,3,vanilla_scpa,detection_fraction,50,8,-0.15731957307760122,,,ESTIMATED
unit,spearman_masking_delta_vs_feature,KEGG_INOSITOL_PHOSPHATE_METABOLISM,3,vanilla_scpa,expression_sd,50,8,-0.1756926603645471,,,ESTIMATED
unit,spearman_negative_rank_vs_feature,KEGG_INOSITOL_PHOSPHATE_METABOLISM,3,vanilla_scpa,expression_sd,50,8,-0.14569377420223936,,,ESTIMATED
unit,spearman_masking_delta_vs_feature,KEGG_INOSITOL_PHOSPHATE_METABOLISM,3,genept_scpa,mean_expression,50,8,0.36390006579926687,,,ESTIMATED
unit,spearman_negative_rank_vs_feature,KEGG_INOSITOL_PHOSPHATE_METABOLISM,3,genept_scpa,mean_expression,50,8,0.3629378857681361,,,ESTIMATED
unit,spearman_masking_delta_vs_feature,KEGG_INOSITOL_PHOSPHATE_METABOLISM,3,genept_scpa,detection_fraction,50,8,0.36486744450306824,,,ESTIMATED
unit,spearman_negative_rank_vs_feature,KEGG_INOSITOL_PHOSPHATE_METABOLISM,3,genept_scpa,detection_fraction,50,8,0.36344424119240637,,,ESTIMATED
unit,spearman_masking_delta_vs_feature,KEGG_INOSITOL_PHOSPHATE_METABOLISM,3,genept_scpa,expression_sd,50,8,0.35477722292407643,,,ESTIMATED
unit,spearman_negative_rank_vs_feature,KEGG_INOSITOL_PHOSPHATE_METABOLISM,3,genept_scpa,expression_sd,50,8,0.35314173219619915,,,ESTIMATED
unit,truth_target_minus_non_target_feature_rank_percentile,KEGG_INOSITOL_PHOSPHATE_METABOLISM,4,NA,mean_expression,50,8,0.4910714285714286,0.9225,0.4314285714285714,ESTIMATED
unit,truth_target_minus_non_target_feature_rank_percentile,KEGG_INOSITOL_PHOSPHATE_METABOLISM,4,NA,detection_fraction,50,8,0.49107142857142855,0.9225,0.43142857142857144,ESTIMATED
unit,truth_target_minus_non_target_feature_rank_percentile,KEGG_INOSITOL_PHOSPHATE_METABOLISM,4,NA,expression_sd,50,8,0.49107142857142844,0.9225,0.43142857142857155,ESTIMATED
unit,spearman_masking_delta_vs_feature,KEGG_INOSITOL_PHOSPHATE_METABOLISM,4,vanilla_scpa,mean_expression,50,8,-0.18591918487128348,,,ESTIMATED
unit,spearman_negative_rank_vs_feature,KEGG_INOSITOL_PHOSPHATE_METABOLISM,4,vanilla_scpa,mean_expression,50,8,-0.15635429426581784,,,ESTIMATED
unit,spearman_masking_delta_vs_feature,KEGG_INOSITOL_PHOSPHATE_METABOLISM,4,vanilla_scpa,detection_fraction,50,8,-0.18779983479120843,,,ESTIMATED
unit,spearman_negative_rank_vs_feature,KEGG_INOSITOL_PHOSPHATE_METABOLISM,4,vanilla_scpa,detection_fraction,50,8,-0.15731957307760122,,,ESTIMATED
unit,spearman_masking_delta_vs_feature,KEGG_INOSITOL_PHOSPHATE_METABOLISM,4,vanilla_scpa,expression_sd,50,8,-0.1756926603645471,,,ESTIMATED
unit,spearman_negative_rank_vs_feature,KEGG_INOSITOL_PHOSPHATE_METABOLISM,4,vanilla_scpa,expression_sd,50,8,-0.14569377420223936,,,ESTIMATED
unit,spearman_masking_delta_vs_feature,KEGG_INOSITOL_PHOSPHATE_METABOLISM,4,genept_scpa,mean_expression,50,8,0.36390006579926687,,,ESTIMATED
unit,spearman_negative_rank_vs_feature,KEGG_INOSITOL_PHOSPHATE_METABOLISM,4,genept_scpa,mean_expression,50,8,0.3629378857681361,,,ESTIMATED
unit,spearman_masking_delta_vs_feature,KEGG_INOSITOL_PHOSPHATE_METABOLISM,4,genept_scpa,detection_fraction,50,8,0.36486744450306824,,,ESTIMATED
unit,spearman_negative_rank_vs_feature,KEGG_INOSITOL_PHOSPHATE_METABOLISM,4,genept_scpa,detection_fraction,50,8,0.36344424119240637,,,ESTIMATED
unit,spearman_masking_delta_vs_feature,KEGG_INOSITOL_PHOSPHATE_METABOLISM,4,genept_scpa,expression_sd,50,8,0.35477722292407643,,,ESTIMATED
unit,spearman_negative_rank_vs_feature,KEGG_INOSITOL_PHOSPHATE_METABOLISM,4,genept_scpa,expression_sd,50,8,0.35314173219619915,,,ESTIMATED
unit,truth_target_minus_non_target_feature_rank_percentile,KEGG_INOSITOL_PHOSPHATE_METABOLISM,5,NA,mean_expression,50,8,0.4910714285714286,0.9225,0.4314285714285714,ESTIMATED
unit,truth_target_minus_non_target_feature_rank_percentile,KEGG_INOSITOL_PHOSPHATE_METABOLISM,5,NA,detection_fraction,50,8,0.49107142857142855,0.9225,0.43142857142857144,ESTIMATED
unit,truth_target_minus_non_target_feature_rank_percentile,KEGG_INOSITOL_PHOSPHATE_METABOLISM,5,NA,expression_sd,50,8,0.49107142857142844,0.9224999999999999,0.43142857142857144,ESTIMATED
unit,spearman_masking_delta_vs_feature,KEGG_INOSITOL_PHOSPHATE_METABOLISM,5,vanilla_scpa,mean_expression,50,8,-0.18591918487128348,,,ESTIMATED
unit,spearman_negative_rank_vs_feature,KEGG_INOSITOL_PHOSPHATE_METABOLISM,5,vanilla_scpa,mean_expression,50,8,-0.15635429426581784,,,ESTIMATED
unit,spearman_masking_delta_vs_feature,KEGG_INOSITOL_PHOSPHATE_METABOLISM,5,vanilla_scpa,detection_fraction,50,8,-0.18779983479120843,,,ESTIMATED
unit,spearman_negative_rank_vs_feature,KEGG_INOSITOL_PHOSPHATE_METABOLISM,5,vanilla_scpa,detection_fraction,50,8,-0.15731957307760122,,,ESTIMATED
unit,spearman_masking_delta_vs_feature,KEGG_INOSITOL_PHOSPHATE_METABOLISM,5,vanilla_scpa,expression_sd,50,8,-0.1756926603645471,,,ESTIMATED
unit,spearman_negative_rank_vs_feature,KEGG_INOSITOL_PHOSPHATE_METABOLISM,5,vanilla_scpa,expression_sd,50,8,-0.14569377420223936,,,ESTIMATED
unit,spearman_masking_delta_vs_feature,KEGG_INOSITOL_PHOSPHATE_METABOLISM,5,genept_scpa,mean_expression,50,8,0.36390006579926687,,,ESTIMATED
unit,spearman_negative_rank_vs_feature,KEGG_INOSITOL_PHOSPHATE_METABOLISM,5,genept_scpa,mean_expression,50,8,0.3629378857681361,,,ESTIMATED
unit,spearman_masking_delta_vs_feature,KEGG_INOSITOL_PHOSPHATE_METABOLISM,5,genept_scpa,detection_fraction,50,8,0.36486744450306824,,,ESTIMATED
unit,spearman_negative_rank_vs_feature,KEGG_INOSITOL_PHOSPHATE_METABOLISM,5,genept_scpa,detection_fraction,50,8,0.36344424119240637,,,ESTIMATED
unit,spearman_masking_delta_vs_feature,KEGG_INOSITOL_PHOSPHATE_METABOLISM,5,genept_scpa,expression_sd,50,8,0.35477722292407643,,,ESTIMATED
unit,spearman_negative_rank_vs_feature,KEGG_INOSITOL_PHOSPHATE_METABOLISM,5,genept_scpa,expression_sd,50,8,0.35314173219619915,,,ESTIMATED
unit,truth_target_minus_non_target_feature_rank_percentile,KEGG_INOSITOL_PHOSPHATE_METABOLISM,6,NA,mean_expression,50,8,0.4613095238095238,0.8975,0.4361904761904762,ESTIMATED
unit,truth_target_minus_non_target_feature_rank_percentile,KEGG_INOSITOL_PHOSPHATE_METABOLISM,6,NA,detection_fraction,50,8,0.46130952380952384,0.8975,0.43619047619047613,ESTIMATED
unit,truth_target_minus_non_target_feature_rank_percentile,KEGG_INOSITOL_PHOSPHATE_METABOLISM,6,NA,expression_sd,50,8,0.4613095238095238,0.8975,0.4361904761904762,ESTIMATED
unit,spearman_masking_delta_vs_feature,KEGG_INOSITOL_PHOSPHATE_METABOLISM,6,vanilla_scpa,mean_expression,50,8,-0.18591918487128348,,,ESTIMATED
unit,spearman_negative_rank_vs_feature,KEGG_INOSITOL_PHOSPHATE_METABOLISM,6,vanilla_scpa,mean_expression,50,8,-0.15635429426581784,,,ESTIMATED
unit,spearman_masking_delta_vs_feature,KEGG_INOSITOL_PHOSPHATE_METABOLISM,6,vanilla_scpa,detection_fraction,50,8,-0.18779983479120843,,,ESTIMATED
unit,spearman_negative_rank_vs_feature,KEGG_INOSITOL_PHOSPHATE_METABOLISM,6,vanilla_scpa,detection_fraction,50,8,-0.15731957307760122,,,ESTIMATED
unit,spearman_masking_delta_vs_feature,KEGG_INOSITOL_PHOSPHATE_METABOLISM,6,vanilla_scpa,expression_sd,50,8,-0.1756926603645471,,,ESTIMATED
unit,spearman_negative_rank_vs_feature,KEGG_INOSITOL_PHOSPHATE_METABOLISM,6,vanilla_scpa,expression_sd,50,8,-0.14569377420223936,,,ESTIMATED
unit,spearman_masking_delta_vs_feature,KEGG_INOSITOL_PHOSPHATE_METABOLISM,6,genept_scpa,mean_expression,50,8,0.36390006579926687,,,ESTIMATED
unit,spearman_negative_rank_vs_feature,KEGG_INOSITOL_PHOSPHATE_METABOLISM,6,genept_scpa,mean_expression,50,8,0.3629378857681361,,,ESTIMATED
unit,spearman_masking_delta_vs_feature,KEGG_INOSITOL_PHOSPHATE_METABOLISM,6,genept_scpa,detection_fraction,50,8,0.36486744450306824,,,ESTIMATED
unit,spearman_negative_rank_vs_feature,KEGG_INOSITOL_PHOSPHATE_METABOLISM,6,genept_scpa,detection_fraction,50,8,0.36344424119240637,,,ESTIMATED
unit,spearman_masking_delta_vs_feature,KEGG_INOSITOL_PHOSPHATE_METABOLISM,6,genept_scpa,expression_sd,50,8,0.35477722292407643,,,ESTIMATED
unit,spearman_negative_rank_vs_feature,KEGG_INOSITOL_PHOSPHATE_METABOLISM,6,genept_scpa,expression_sd,50,8,0.35314173219619915,,,ESTIMATED
unit,truth_target_minus_non_target_feature_rank_percentile,KEGG_INOSITOL_PHOSPHATE_METABOLISM,7,NA,mean_expression,50,8,0.4672619047619048,0.9025000000000001,0.43523809523809526,ESTIMATED
unit,truth_target_minus_non_target_feature_rank_percentile,KEGG_INOSITOL_PHOSPHATE_METABOLISM,7,NA,detection_fraction,50,8,0.4672619047619048,0.9025000000000001,0.43523809523809526,ESTIMATED
unit,truth_target_minus_non_target_feature_rank_percentile,KEGG_INOSITOL_PHOSPHATE_METABOLISM,7,NA,expression_sd,50,8,0.4642857142857143,0.9,0.4357142857142857,ESTIMATED
unit,spearman_masking_delta_vs_feature,KEGG_INOSITOL_PHOSPHATE_METABOLISM,7,vanilla_scpa,mean_expression,50,8,-0.18591918487128348,,,ESTIMATED
unit,spearman_negative_rank_vs_feature,KEGG_INOSITOL_PHOSPHATE_METABOLISM,7,vanilla_scpa,mean_expression,50,8,-0.15635429426581784,,,ESTIMATED
unit,spearman_masking_delta_vs_feature,KEGG_INOSITOL_PHOSPHATE_METABOLISM,7,vanilla_scpa,detection_fraction,50,8,-0.18779983479120843,,,ESTIMATED
unit,spearman_negative_rank_vs_feature,KEGG_INOSITOL_PHOSPHATE_METABOLISM,7,vanilla_scpa,detection_fraction,50,8,-0.15731957307760122,,,ESTIMATED
unit,spearman_masking_delta_vs_feature,KEGG_INOSITOL_PHOSPHATE_METABOLISM,7,vanilla_scpa,expression_sd,50,8,-0.1756926603645471,,,ESTIMATED
unit,spearman_negative_rank_vs_feature,KEGG_INOSITOL_PHOSPHATE_METABOLISM,7,vanilla_scpa,expression_sd,50,8,-0.14569377420223936,,,ESTIMATED
unit,spearman_masking_delta_vs_feature,KEGG_INOSITOL_PHOSPHATE_METABOLISM,7,genept_scpa,mean_expression,50,8,0.36390006579926687,,,ESTIMATED
unit,spearman_negative_rank_vs_feature,KEGG_INOSITOL_PHOSPHATE_METABOLISM,7,genept_scpa,mean_expression,50,8,0.3629378857681361,,,ESTIMATED
unit,spearman_masking_delta_vs_feature,KEGG_INOSITOL_PHOSPHATE_METABOLISM,7,genept_scpa,detection_fraction,50,8,0.36486744450306824,,,ESTIMATED
unit,spearman_negative_rank_vs_feature,KEGG_INOSITOL_PHOSPHATE_METABOLISM,7,genept_scpa,detection_fraction,50,8,0.36344424119240637,,,ESTIMATED
unit,spearman_masking_delta_vs_feature,KEGG_INOSITOL_PHOSPHATE_METABOLISM,7,genept_scpa,expression_sd,50,8,0.35477722292407643,,,ESTIMATED
unit,spearman_negative_rank_vs_feature,KEGG_INOSITOL_PHOSPHATE_METABOLISM,7,genept_scpa,expression_sd,50,8,0.35314173219619915,,,ESTIMATED
unit,truth_target_minus_non_target_feature_rank_percentile,KEGG_INOSITOL_PHOSPHATE_METABOLISM,8,NA,mean_expression,50,8,0.45535714285714296,0.8925000000000001,0.4371428571428571,ESTIMATED
unit,truth_target_minus_non_target_feature_rank_percentile,KEGG_INOSITOL_PHOSPHATE_METABOLISM,8,NA,detection_fraction,50,8,0.45535714285714296,0.8925000000000001,0.4371428571428571,ESTIMATED
unit,truth_target_minus_non_target_feature_rank_percentile,KEGG_INOSITOL_PHOSPHATE_METABOLISM,8,NA,expression_sd,50,8,0.45535714285714296,0.8925000000000001,0.4371428571428571,ESTIMATED
unit,spearman_masking_delta_vs_feature,KEGG_INOSITOL_PHOSPHATE_METABOLISM,8,vanilla_scpa,mean_expression,50,8,-0.18591918487128348,,,ESTIMATED
unit,spearman_negative_rank_vs_feature,KEGG_INOSITOL_PHOSPHATE_METABOLISM,8,vanilla_scpa,mean_expression,50,8,-0.15635429426581784,,,ESTIMATED
unit,spearman_masking_delta_vs_feature,KEGG_INOSITOL_PHOSPHATE_METABOLISM,8,vanilla_scpa,detection_fraction,50,8,-0.18779983479120843,,,ESTIMATED
unit,spearman_negative_rank_vs_feature,KEGG_INOSITOL_PHOSPHATE_METABOLISM,8,vanilla_scpa,detection_fraction,50,8,-0.15731957307760122,,,ESTIMATED
unit,spearman_masking_delta_vs_feature,KEGG_INOSITOL_PHOSPHATE_METABOLISM,8,vanilla_scpa,expression_sd,50,8,-0.1756926603645471,,,ESTIMATED
unit,spearman_negative_rank_vs_feature,KEGG_INOSITOL_PHOSPHATE_METABOLISM,8,vanilla_scpa,expression_sd,50,8,-0.14569377420223936,,,ESTIMATED
unit,spearman_masking_delta_vs_feature,KEGG_INOSITOL_PHOSPHATE_METABOLISM,8,genept_scpa,mean_expression,50,8,0.36390006579926687,,,ESTIMATED
unit,spearman_negative_rank_vs_feature,KEGG_INOSITOL_PHOSPHATE_METABOLISM,8,genept_scpa,mean_expression,50,8,0.3629378857681361,,,ESTIMATED
unit,spearman_masking_delta_vs_feature,KEGG_INOSITOL_PHOSPHATE_METABOLISM,8,genept_scpa,detection_fraction,50,8,0.36486744450306824,,,ESTIMATED
unit,spearman_negative_rank_vs_feature,KEGG_INOSITOL_PHOSPHATE_METABOLISM,8,genept_scpa,detection_fraction,50,8,0.36344424119240637,,,ESTIMATED
unit,spearman_masking_delta_vs_feature,KEGG_INOSITOL_PHOSPHATE_METABOLISM,8,genept_scpa,expression_sd,50,8,0.35477722292407643,,,ESTIMATED
unit,spearman_negative_rank_vs_feature,KEGG_INOSITOL_PHOSPHATE_METABOLISM,8,genept_scpa,expression_sd,50,8,0.35314173219619915,,,ESTIMATED
unit,truth_target_minus_non_target_feature_rank_percentile,KEGG_INOSITOL_PHOSPHATE_METABOLISM,9,NA,mean_expression,50,8,0.47321428571428564,0.9075,0.43428571428571433,ESTIMATED
unit,truth_target_minus_non_target_feature_rank_percentile,KEGG_INOSITOL_PHOSPHATE_METABOLISM,9,NA,detection_fraction,50,8,0.4732142857142857,0.9075,0.4342857142857143,ESTIMATED
unit,truth_target_minus_non_target_feature_rank_percentile,KEGG_INOSITOL_PHOSPHATE_METABOLISM,9,NA,expression_sd,50,8,0.47619047619047605,0.9099999999999999,0.43380952380952387,ESTIMATED
unit,spearman_masking_delta_vs_feature,KEGG_INOSITOL_PHOSPHATE_METABOLISM,9,vanilla_scpa,mean_expression,50,8,-0.18591918487128348,,,ESTIMATED
unit,spearman_negative_rank_vs_feature,KEGG_INOSITOL_PHOSPHATE_METABOLISM,9,vanilla_scpa,mean_expression,50,8,-0.15635429426581784,,,ESTIMATED
unit,spearman_masking_delta_vs_feature,KEGG_INOSITOL_PHOSPHATE_METABOLISM,9,vanilla_scpa,detection_fraction,50,8,-0.18779983479120843,,,ESTIMATED
unit,spearman_negative_rank_vs_feature,KEGG_INOSITOL_PHOSPHATE_METABOLISM,9,vanilla_scpa,detection_fraction,50,8,-0.15731957307760122,,,ESTIMATED
unit,spearman_masking_delta_vs_feature,KEGG_INOSITOL_PHOSPHATE_METABOLISM,9,vanilla_scpa,expression_sd,50,8,-0.1756926603645471,,,ESTIMATED
unit,spearman_negative_rank_vs_feature,KEGG_INOSITOL_PHOSPHATE_METABOLISM,9,vanilla_scpa,expression_sd,50,8,-0.14569377420223936,,,ESTIMATED
unit,spearman_masking_delta_vs_feature,KEGG_INOSITOL_PHOSPHATE_METABOLISM,9,genept_scpa,mean_expression,50,8,0.36390006579926687,,,ESTIMATED
unit,spearman_negative_rank_vs_feature,KEGG_INOSITOL_PHOSPHATE_METABOLISM,9,genept_scpa,mean_expression,50,8,0.3629378857681361,,,ESTIMATED
unit,spearman_masking_delta_vs_feature,KEGG_INOSITOL_PHOSPHATE_METABOLISM,9,genept_scpa,detection_fraction,50,8,0.36486744450306824,,,ESTIMATED
unit,spearman_negative_rank_vs_feature,KEGG_INOSITOL_PHOSPHATE_METABOLISM,9,genept_scpa,detection_fraction,50,8,0.36344424119240637,,,ESTIMATED
unit,spearman_masking_delta_vs_feature,KEGG_INOSITOL_PHOSPHATE_METABOLISM,9,genept_scpa,expression_sd,50,8,0.35477722292407643,,,ESTIMATED
unit,spearman_negative_rank_vs_feature,KEGG_INOSITOL_PHOSPHATE_METABOLISM,9,genept_scpa,expression_sd,50,8,0.35314173219619915,,,ESTIMATED
unit,truth_target_minus_non_target_feature_rank_percentile,KEGG_INOSITOL_PHOSPHATE_METABOLISM,10,NA,mean_expression,50,8,0.45833333333333337,0.895,0.43666666666666665,ESTIMATED
unit,truth_target_minus_non_target_feature_rank_percentile,KEGG_INOSITOL_PHOSPHATE_METABOLISM,10,NA,detection_fraction,50,8,0.45833333333333337,0.895,0.43666666666666665,ESTIMATED
unit,truth_target_minus_non_target_feature_rank_percentile,KEGG_INOSITOL_PHOSPHATE_METABOLISM,10,NA,expression_sd,50,8,0.45535714285714285,0.8925,0.4371428571428571,ESTIMATED
unit,spearman_masking_delta_vs_feature,KEGG_INOSITOL_PHOSPHATE_METABOLISM,10,vanilla_scpa,mean_expression,50,8,-0.18591918487128348,,,ESTIMATED
unit,spearman_negative_rank_vs_feature,KEGG_INOSITOL_PHOSPHATE_METABOLISM,10,vanilla_scpa,mean_expression,50,8,-0.15635429426581784,,,ESTIMATED
unit,spearman_masking_delta_vs_feature,KEGG_INOSITOL_PHOSPHATE_METABOLISM,10,vanilla_scpa,detection_fraction,50,8,-0.18779983479120843,,,ESTIMATED
unit,spearman_negative_rank_vs_feature,KEGG_INOSITOL_PHOSPHATE_METABOLISM,10,vanilla_scpa,detection_fraction,50,8,-0.15731957307760122,,,ESTIMATED
unit,spearman_masking_delta_vs_feature,KEGG_INOSITOL_PHOSPHATE_METABOLISM,10,vanilla_scpa,expression_sd,50,8,-0.1756926603645471,,,ESTIMATED
unit,spearman_negative_rank_vs_feature,KEGG_INOSITOL_PHOSPHATE_METABOLISM,10,vanilla_scpa,expression_sd,50,8,-0.14569377420223936,,,ESTIMATED
unit,spearman_masking_delta_vs_feature,KEGG_INOSITOL_PHOSPHATE_METABOLISM,10,genept_scpa,mean_expression,50,8,0.36390006579926687,,,ESTIMATED
unit,spearman_negative_rank_vs_feature,KEGG_INOSITOL_PHOSPHATE_METABOLISM,10,genept_scpa,mean_expression,50,8,0.3629378857681361,,,ESTIMATED
unit,spearman_masking_delta_vs_feature,KEGG_INOSITOL_PHOSPHATE_METABOLISM,10,genept_scpa,detection_fraction,50,8,0.36486744450306824,,,ESTIMATED
unit,spearman_negative_rank_vs_feature,KEGG_INOSITOL_PHOSPHATE_METABOLISM,10,genept_scpa,detection_fraction,50,8,0.36344424119240637,,,ESTIMATED
unit,spearman_masking_delta_vs_feature,KEGG_INOSITOL_PHOSPHATE_METABOLISM,10,genept_scpa,expression_sd,50,8,0.35477722292407643,,,ESTIMATED
unit,spearman_negative_rank_vs_feature,KEGG_INOSITOL_PHOSPHATE_METABOLISM,10,genept_scpa,expression_sd,50,8,0.35314173219619915,,,ESTIMATED
unit,truth_target_minus_non_target_feature_rank_percentile,KEGG_INOSITOL_PHOSPHATE_METABOLISM,11,NA,mean_expression,50,8,0.47619047619047616,0.9099999999999999,0.43380952380952376,ESTIMATED
unit,truth_target_minus_non_target_feature_rank_percentile,KEGG_INOSITOL_PHOSPHATE_METABOLISM,11,NA,detection_fraction,50,8,0.47619047619047616,0.9099999999999999,0.43380952380952376,ESTIMATED
unit,truth_target_minus_non_target_feature_rank_percentile,KEGG_INOSITOL_PHOSPHATE_METABOLISM,11,NA,expression_sd,50,8,0.4791666666666666,0.9125,0.4333333333333334,ESTIMATED
unit,spearman_masking_delta_vs_feature,KEGG_INOSITOL_PHOSPHATE_METABOLISM,11,vanilla_scpa,mean_expression,50,8,-0.18591918487128348,,,ESTIMATED
unit,spearman_negative_rank_vs_feature,KEGG_INOSITOL_PHOSPHATE_METABOLISM,11,vanilla_scpa,mean_expression,50,8,-0.15635429426581784,,,ESTIMATED
unit,spearman_masking_delta_vs_feature,KEGG_INOSITOL_PHOSPHATE_METABOLISM,11,vanilla_scpa,detection_fraction,50,8,-0.18779983479120843,,,ESTIMATED
unit,spearman_negative_rank_vs_feature,KEGG_INOSITOL_PHOSPHATE_METABOLISM,11,vanilla_scpa,detection_fraction,50,8,-0.15731957307760122,,,ESTIMATED
unit,spearman_masking_delta_vs_feature,KEGG_INOSITOL_PHOSPHATE_METABOLISM,11,vanilla_scpa,expression_sd,50,8,-0.1756926603645471,,,ESTIMATED
unit,spearman_negative_rank_vs_feature,KEGG_INOSITOL_PHOSPHATE_METABOLISM,11,vanilla_scpa,expression_sd,50,8,-0.14569377420223936,,,ESTIMATED
unit,spearman_masking_delta_vs_feature,KEGG_INOSITOL_PHOSPHATE_METABOLISM,11,genept_scpa,mean_expression,50,8,0.36390006579926687,,,ESTIMATED
unit,spearman_negative_rank_vs_feature,KEGG_INOSITOL_PHOSPHATE_METABOLISM,11,genept_scpa,mean_expression,50,8,0.3629378857681361,,,ESTIMATED
unit,spearman_masking_delta_vs_feature,KEGG_INOSITOL_PHOSPHATE_METABOLISM,11,genept_scpa,detection_fraction,50,8,0.36486744450306824,,,ESTIMATED
unit,spearman_negative_rank_vs_feature,KEGG_INOSITOL_PHOSPHATE_METABOLISM,11,genept_scpa,detection_fraction,50,8,0.36344424119240637,,,ESTIMATED
unit,spearman_masking_delta_vs_feature,KEGG_INOSITOL_PHOSPHATE_METABOLISM,11,genept_scpa,expression_sd,50,8,0.35477722292407643,,,ESTIMATED
unit,spearman_negative_rank_vs_feature,KEGG_INOSITOL_PHOSPHATE_METABOLISM,11,genept_scpa,expression_sd,50,8,0.35314173219619915,,,ESTIMATED
unit,truth_target_minus_non_target_feature_rank_percentile,KEGG_INOSITOL_PHOSPHATE_METABOLISM,12,NA,mean_expression,50,8,0.4613095238095238,0.8975,0.4361904761904762,ESTIMATED
unit,truth_target_minus_non_target_feature_rank_percentile,KEGG_INOSITOL_PHOSPHATE_METABOLISM,12,NA,detection_fraction,50,8,0.46130952380952384,0.8975,0.43619047619047613,ESTIMATED
unit,truth_target_minus_non_target_feature_rank_percentile,KEGG_INOSITOL_PHOSPHATE_METABOLISM,12,NA,expression_sd,50,8,0.4642857142857141,0.8999999999999999,0.43571428571428583,ESTIMATED
unit,spearman_masking_delta_vs_feature,KEGG_INOSITOL_PHOSPHATE_METABOLISM,12,vanilla_scpa,mean_expression,50,8,-0.18591918487128348,,,ESTIMATED
unit,spearman_negative_rank_vs_feature,KEGG_INOSITOL_PHOSPHATE_METABOLISM,12,vanilla_scpa,mean_expression,50,8,-0.15635429426581784,,,ESTIMATED
unit,spearman_masking_delta_vs_feature,KEGG_INOSITOL_PHOSPHATE_METABOLISM,12,vanilla_scpa,detection_fraction,50,8,-0.18779983479120843,,,ESTIMATED
unit,spearman_negative_rank_vs_feature,KEGG_INOSITOL_PHOSPHATE_METABOLISM,12,vanilla_scpa,detection_fraction,50,8,-0.15731957307760122,,,ESTIMATED
unit,spearman_masking_delta_vs_feature,KEGG_INOSITOL_PHOSPHATE_METABOLISM,12,vanilla_scpa,expression_sd,50,8,-0.1756926603645471,,,ESTIMATED
unit,spearman_negative_rank_vs_feature,KEGG_INOSITOL_PHOSPHATE_METABOLISM,12,vanilla_scpa,expression_sd,50,8,-0.14569377420223936,,,ESTIMATED
unit,spearman_masking_delta_vs_feature,KEGG_INOSITOL_PHOSPHATE_METABOLISM,12,genept_scpa,mean_expression,50,8,0.36390006579926687,,,ESTIMATED
unit,spearman_negative_rank_vs_feature,KEGG_INOSITOL_PHOSPHATE_METABOLISM,12,genept_scpa,mean_expression,50,8,0.3629378857681361,,,ESTIMATED
unit,spearman_masking_delta_vs_feature,KEGG_INOSITOL_PHOSPHATE_METABOLISM,12,genept_scpa,detection_fraction,50,8,0.36486744450306824,,,ESTIMATED
unit,spearman_negative_rank_vs_feature,KEGG_INOSITOL_PHOSPHATE_METABOLISM,12,genept_scpa,detection_fraction,50,8,0.36344424119240637,,,ESTIMATED
unit,spearman_masking_delta_vs_feature,KEGG_INOSITOL_PHOSPHATE_METABOLISM,12,genept_scpa,expression_sd,50,8,0.35477722292407643,,,ESTIMATED
unit,spearman_negative_rank_vs_feature,KEGG_INOSITOL_PHOSPHATE_METABOLISM,12,genept_scpa,expression_sd,50,8,0.35314173219619915,,,ESTIMATED
unit,truth_target_minus_non_target_feature_rank_percentile,KEGG_INOSITOL_PHOSPHATE_METABOLISM,13,NA,mean_expression,50,8,0.48511904761904767,0.9175,0.4323809523809523,ESTIMATED
unit,truth_target_minus_non_target_feature_rank_percentile,KEGG_INOSITOL_PHOSPHATE_METABOLISM,13,NA,detection_fraction,50,8,0.4851190476190476,0.9175,0.43238095238095237,ESTIMATED
unit,truth_target_minus_non_target_feature_rank_percentile,KEGG_INOSITOL_PHOSPHATE_METABOLISM,13,NA,expression_sd,50,8,0.4851190476190475,0.9175,0.4323809523809525,ESTIMATED
unit,spearman_masking_delta_vs_feature,KEGG_INOSITOL_PHOSPHATE_METABOLISM,13,vanilla_scpa,mean_expression,50,8,-0.18591918487128348,,,ESTIMATED
unit,spearman_negative_rank_vs_feature,KEGG_INOSITOL_PHOSPHATE_METABOLISM,13,vanilla_scpa,mean_expression,50,8,-0.15635429426581784,,,ESTIMATED
unit,spearman_masking_delta_vs_feature,KEGG_INOSITOL_PHOSPHATE_METABOLISM,13,vanilla_scpa,detection_fraction,50,8,-0.18779983479120843,,,ESTIMATED
unit,spearman_negative_rank_vs_feature,KEGG_INOSITOL_PHOSPHATE_METABOLISM,13,vanilla_scpa,detection_fraction,50,8,-0.15731957307760122,,,ESTIMATED
unit,spearman_masking_delta_vs_feature,KEGG_INOSITOL_PHOSPHATE_METABOLISM,13,vanilla_scpa,expression_sd,50,8,-0.1756926603645471,,,ESTIMATED
unit,spearman_negative_rank_vs_feature,KEGG_INOSITOL_PHOSPHATE_METABOLISM,13,vanilla_scpa,expression_sd,50,8,-0.14569377420223936,,,ESTIMATED
unit,spearman_masking_delta_vs_feature,KEGG_INOSITOL_PHOSPHATE_METABOLISM,13,genept_scpa,mean_expression,50,8,0.36390006579926687,,,ESTIMATED
unit,spearman_negative_rank_vs_feature,KEGG_INOSITOL_PHOSPHATE_METABOLISM,13,genept_scpa,mean_expression,50,8,0.3629378857681361,,,ESTIMATED
unit,spearman_masking_delta_vs_feature,KEGG_INOSITOL_PHOSPHATE_METABOLISM,13,genept_scpa,detection_fraction,50,8,0.36486744450306824,,,ESTIMATED
unit,spearman_negative_rank_vs_feature,KEGG_INOSITOL_PHOSPHATE_METABOLISM,13,genept_scpa,detection_fraction,50,8,0.36344424119240637,,,ESTIMATED
unit,spearman_masking_delta_vs_feature,KEGG_INOSITOL_PHOSPHATE_METABOLISM,13,genept_scpa,expression_sd,50,8,0.35477722292407643,,,ESTIMATED
unit,spearman_negative_rank_vs_feature,KEGG_INOSITOL_PHOSPHATE_METABOLISM,13,genept_scpa,expression_sd,50,8,0.35314173219619915,,,ESTIMATED
unit,truth_target_minus_non_target_feature_rank_percentile,KEGG_INOSITOL_PHOSPHATE_METABOLISM,14,NA,mean_expression,50,8,0.4613095238095238,0.8975,0.4361904761904762,ESTIMATED
unit,truth_target_minus_non_target_feature_rank_percentile,KEGG_INOSITOL_PHOSPHATE_METABOLISM,14,NA,detection_fraction,50,8,0.4613095238095238,0.8975,0.4361904761904762,ESTIMATED
unit,truth_target_minus_non_target_feature_rank_percentile,KEGG_INOSITOL_PHOSPHATE_METABOLISM,14,NA,expression_sd,50,8,0.46130952380952367,0.8975,0.4361904761904763,ESTIMATED
unit,spearman_masking_delta_vs_feature,KEGG_INOSITOL_PHOSPHATE_METABOLISM,14,vanilla_scpa,mean_expression,50,8,-0.18591918487128348,,,ESTIMATED
unit,spearman_negative_rank_vs_feature,KEGG_INOSITOL_PHOSPHATE_METABOLISM,14,vanilla_scpa,mean_expression,50,8,-0.15635429426581784,,,ESTIMATED
unit,spearman_masking_delta_vs_feature,KEGG_INOSITOL_PHOSPHATE_METABOLISM,14,vanilla_scpa,detection_fraction,50,8,-0.18779983479120843,,,ESTIMATED
unit,spearman_negative_rank_vs_feature,KEGG_INOSITOL_PHOSPHATE_METABOLISM,14,vanilla_scpa,detection_fraction,50,8,-0.15731957307760122,,,ESTIMATED
unit,spearman_masking_delta_vs_feature,KEGG_INOSITOL_PHOSPHATE_METABOLISM,14,vanilla_scpa,expression_sd,50,8,-0.1756926603645471,,,ESTIMATED
unit,spearman_negative_rank_vs_feature,KEGG_INOSITOL_PHOSPHATE_METABOLISM,14,vanilla_scpa,expression_sd,50,8,-0.14569377420223936,,,ESTIMATED
unit,spearman_masking_delta_vs_feature,KEGG_INOSITOL_PHOSPHATE_METABOLISM,14,genept_scpa,mean_expression,50,8,0.36390006579926687,,,ESTIMATED
unit,spearman_negative_rank_vs_feature,KEGG_INOSITOL_PHOSPHATE_METABOLISM,14,genept_scpa,mean_expression,50,8,0.3629378857681361,,,ESTIMATED
unit,spearman_masking_delta_vs_feature,KEGG_INOSITOL_PHOSPHATE_METABOLISM,14,genept_scpa,detection_fraction,50,8,0.36486744450306824,,,ESTIMATED
unit,spearman_negative_rank_vs_feature,KEGG_INOSITOL_PHOSPHATE_METABOLISM,14,genept_scpa,detection_fraction,50,8,0.36344424119240637,,,ESTIMATED
unit,spearman_masking_delta_vs_feature,KEGG_INOSITOL_PHOSPHATE_METABOLISM,14,genept_scpa,expression_sd,50,8,0.35477722292407643,,,ESTIMATED
unit,spearman_negative_rank_vs_feature,KEGG_INOSITOL_PHOSPHATE_METABOLISM,14,genept_scpa,expression_sd,50,8,0.35314173219619915,,,ESTIMATED
unit,truth_target_minus_non_target_feature_rank_percentile,KEGG_INOSITOL_PHOSPHATE_METABOLISM,15,NA,mean_expression,50,8,0.4702380952380953,0.905,0.43476190476190474,ESTIMATED
unit,truth_target_minus_non_target_feature_rank_percentile,KEGG_INOSITOL_PHOSPHATE_METABOLISM,15,NA,detection_fraction,50,8,0.47023809523809523,0.905,0.4347619047619048,ESTIMATED
unit,truth_target_minus_non_target_feature_rank_percentile,KEGG_INOSITOL_PHOSPHATE_METABOLISM,15,NA,expression_sd,50,8,0.4672619047619048,0.9025000000000001,0.43523809523809526,ESTIMATED
unit,spearman_masking_delta_vs_feature,KEGG_INOSITOL_PHOSPHATE_METABOLISM,15,vanilla_scpa,mean_expression,50,8,-0.18591918487128348,,,ESTIMATED
unit,spearman_negative_rank_vs_feature,KEGG_INOSITOL_PHOSPHATE_METABOLISM,15,vanilla_scpa,mean_expression,50,8,-0.15635429426581784,,,ESTIMATED
unit,spearman_masking_delta_vs_feature,KEGG_INOSITOL_PHOSPHATE_METABOLISM,15,vanilla_scpa,detection_fraction,50,8,-0.18779983479120843,,,ESTIMATED
unit,spearman_negative_rank_vs_feature,KEGG_INOSITOL_PHOSPHATE_METABOLISM,15,vanilla_scpa,detection_fraction,50,8,-0.15731957307760122,,,ESTIMATED
unit,spearman_masking_delta_vs_feature,KEGG_INOSITOL_PHOSPHATE_METABOLISM,15,vanilla_scpa,expression_sd,50,8,-0.1756926603645471,,,ESTIMATED
unit,spearman_negative_rank_vs_feature,KEGG_INOSITOL_PHOSPHATE_METABOLISM,15,vanilla_scpa,expression_sd,50,8,-0.14569377420223936,,,ESTIMATED
unit,spearman_masking_delta_vs_feature,KEGG_INOSITOL_PHOSPHATE_METABOLISM,15,genept_scpa,mean_expression,50,8,0.36390006579926687,,,ESTIMATED
unit,spearman_negative_rank_vs_feature,KEGG_INOSITOL_PHOSPHATE_METABOLISM,15,genept_scpa,mean_expression,50,8,0.3629378857681361,,,ESTIMATED
unit,spearman_masking_delta_vs_feature,KEGG_INOSITOL_PHOSPHATE_METABOLISM,15,genept_scpa,detection_fraction,50,8,0.36486744450306824,,,ESTIMATED
unit,spearman_negative_rank_vs_feature,KEGG_INOSITOL_PHOSPHATE_METABOLISM,15,genept_scpa,detection_fraction,50,8,0.36344424119240637,,,ESTIMATED
unit,spearman_masking_delta_vs_feature,KEGG_INOSITOL_PHOSPHATE_METABOLISM,15,genept_scpa,expression_sd,50,8,0.35477722292407643,,,ESTIMATED
unit,spearman_negative_rank_vs_feature,KEGG_INOSITOL_PHOSPHATE_METABOLISM,15,genept_scpa,expression_sd,50,8,0.35314173219619915,,,ESTIMATED
unit,truth_target_minus_non_target_feature_rank_percentile,KEGG_INOSITOL_PHOSPHATE_METABOLISM,16,NA,mean_expression,50,8,0.45833333333333337,0.895,0.43666666666666665,ESTIMATED
unit,truth_target_minus_non_target_feature_rank_percentile,KEGG_INOSITOL_PHOSPHATE_METABOLISM,16,NA,detection_fraction,50,8,0.45833333333333337,0.895,0.43666666666666665,ESTIMATED
unit,truth_target_minus_non_target_feature_rank_percentile,KEGG_INOSITOL_PHOSPHATE_METABOLISM,16,NA,expression_sd,50,8,0.45535714285714285,0.8925,0.4371428571428571,ESTIMATED
unit,spearman_masking_delta_vs_feature,KEGG_INOSITOL_PHOSPHATE_METABOLISM,16,vanilla_scpa,mean_expression,50,8,-0.18591918487128348,,,ESTIMATED
unit,spearman_negative_rank_vs_feature,KEGG_INOSITOL_PHOSPHATE_METABOLISM,16,vanilla_scpa,mean_expression,50,8,-0.15635429426581784,,,ESTIMATED
unit,spearman_masking_delta_vs_feature,KEGG_INOSITOL_PHOSPHATE_METABOLISM,16,vanilla_scpa,detection_fraction,50,8,-0.18779983479120843,,,ESTIMATED
unit,spearman_negative_rank_vs_feature,KEGG_INOSITOL_PHOSPHATE_METABOLISM,16,vanilla_scpa,detection_fraction,50,8,-0.15731957307760122,,,ESTIMATED
unit,spearman_masking_delta_vs_feature,KEGG_INOSITOL_PHOSPHATE_METABOLISM,16,vanilla_scpa,expression_sd,50,8,-0.1756926603645471,,,ESTIMATED
unit,spearman_negative_rank_vs_feature,KEGG_INOSITOL_PHOSPHATE_METABOLISM,16,vanilla_scpa,expression_sd,50,8,-0.14569377420223936,,,ESTIMATED
unit,spearman_masking_delta_vs_feature,KEGG_INOSITOL_PHOSPHATE_METABOLISM,16,genept_scpa,mean_expression,50,8,0.36390006579926687,,,ESTIMATED
unit,spearman_negative_rank_vs_feature,KEGG_INOSITOL_PHOSPHATE_METABOLISM,16,genept_scpa,mean_expression,50,8,0.3629378857681361,,,ESTIMATED
unit,spearman_masking_delta_vs_feature,KEGG_INOSITOL_PHOSPHATE_METABOLISM,16,genept_scpa,detection_fraction,50,8,0.36486744450306824,,,ESTIMATED
unit,spearman_negative_rank_vs_feature,KEGG_INOSITOL_PHOSPHATE_METABOLISM,16,genept_scpa,detection_fraction,50,8,0.36344424119240637,,,ESTIMATED
unit,spearman_masking_delta_vs_feature,KEGG_INOSITOL_PHOSPHATE_METABOLISM,16,genept_scpa,expression_sd,50,8,0.35477722292407643,,,ESTIMATED
unit,spearman_negative_rank_vs_feature,KEGG_INOSITOL_PHOSPHATE_METABOLISM,16,genept_scpa,expression_sd,50,8,0.35314173219619915,,,ESTIMATED
unit,truth_target_minus_non_target_feature_rank_percentile,KEGG_INOSITOL_PHOSPHATE_METABOLISM,17,NA,mean_expression,50,8,0.4791666666666667,0.9125,0.4333333333333333,ESTIMATED
unit,truth_target_minus_non_target_feature_rank_percentile,KEGG_INOSITOL_PHOSPHATE_METABOLISM,17,NA,detection_fraction,50,8,0.4791666666666667,0.9125,0.4333333333333333,ESTIMATED
unit,truth_target_minus_non_target_feature_rank_percentile,KEGG_INOSITOL_PHOSPHATE_METABOLISM,17,NA,expression_sd,50,8,0.47619047619047616,0.91,0.43380952380952387,ESTIMATED
unit,spearman_masking_delta_vs_feature,KEGG_INOSITOL_PHOSPHATE_METABOLISM,17,vanilla_scpa,mean_expression,50,8,-0.18591918487128348,,,ESTIMATED
unit,spearman_negative_rank_vs_feature,KEGG_INOSITOL_PHOSPHATE_METABOLISM,17,vanilla_scpa,mean_expression,50,8,-0.15635429426581784,,,ESTIMATED
unit,spearman_masking_delta_vs_feature,KEGG_INOSITOL_PHOSPHATE_METABOLISM,17,vanilla_scpa,detection_fraction,50,8,-0.18779983479120843,,,ESTIMATED
unit,spearman_negative_rank_vs_feature,KEGG_INOSITOL_PHOSPHATE_METABOLISM,17,vanilla_scpa,detection_fraction,50,8,-0.15731957307760122,,,ESTIMATED
unit,spearman_masking_delta_vs_feature,KEGG_INOSITOL_PHOSPHATE_METABOLISM,17,vanilla_scpa,expression_sd,50,8,-0.1756926603645471,,,ESTIMATED
unit,spearman_negative_rank_vs_feature,KEGG_INOSITOL_PHOSPHATE_METABOLISM,17,vanilla_scpa,expression_sd,50,8,-0.14569377420223936,,,ESTIMATED
unit,spearman_masking_delta_vs_feature,KEGG_INOSITOL_PHOSPHATE_METABOLISM,17,genept_scpa,mean_expression,50,8,0.36390006579926687,,,ESTIMATED
unit,spearman_negative_rank_vs_feature,KEGG_INOSITOL_PHOSPHATE_METABOLISM,17,genept_scpa,mean_expression,50,8,0.3629378857681361,,,ESTIMATED
unit,spearman_masking_delta_vs_feature,KEGG_INOSITOL_PHOSPHATE_METABOLISM,17,genept_scpa,detection_fraction,50,8,0.36486744450306824,,,ESTIMATED
unit,spearman_negative_rank_vs_feature,KEGG_INOSITOL_PHOSPHATE_METABOLISM,17,genept_scpa,detection_fraction,50,8,0.36344424119240637,,,ESTIMATED
unit,spearman_masking_delta_vs_feature,KEGG_INOSITOL_PHOSPHATE_METABOLISM,17,genept_scpa,expression_sd,50,8,0.35477722292407643,,,ESTIMATED
unit,spearman_negative_rank_vs_feature,KEGG_INOSITOL_PHOSPHATE_METABOLISM,17,genept_scpa,expression_sd,50,8,0.35314173219619915,,,ESTIMATED
unit,truth_target_minus_non_target_feature_rank_percentile,KEGG_INOSITOL_PHOSPHATE_METABOLISM,18,NA,mean_expression,50,8,0.4851190476190476,0.9175,0.43238095238095237,ESTIMATED
unit,truth_target_minus_non_target_feature_rank_percentile,KEGG_INOSITOL_PHOSPHATE_METABOLISM,18,NA,detection_fraction,50,8,0.4851190476190476,0.9175,0.43238095238095237,ESTIMATED
unit,truth_target_minus_non_target_feature_rank_percentile,KEGG_INOSITOL_PHOSPHATE_METABOLISM,18,NA,expression_sd,50,8,0.4851190476190475,0.9175,0.4323809523809525,ESTIMATED
unit,spearman_masking_delta_vs_feature,KEGG_INOSITOL_PHOSPHATE_METABOLISM,18,vanilla_scpa,mean_expression,50,8,-0.18591918487128348,,,ESTIMATED
unit,spearman_negative_rank_vs_feature,KEGG_INOSITOL_PHOSPHATE_METABOLISM,18,vanilla_scpa,mean_expression,50,8,-0.15635429426581784,,,ESTIMATED
unit,spearman_masking_delta_vs_feature,KEGG_INOSITOL_PHOSPHATE_METABOLISM,18,vanilla_scpa,detection_fraction,50,8,-0.18779983479120843,,,ESTIMATED
unit,spearman_negative_rank_vs_feature,KEGG_INOSITOL_PHOSPHATE_METABOLISM,18,vanilla_scpa,detection_fraction,50,8,-0.15731957307760122,,,ESTIMATED
unit,spearman_masking_delta_vs_feature,KEGG_INOSITOL_PHOSPHATE_METABOLISM,18,vanilla_scpa,expression_sd,50,8,-0.1756926603645471,,,ESTIMATED
unit,spearman_negative_rank_vs_feature,KEGG_INOSITOL_PHOSPHATE_METABOLISM,18,vanilla_scpa,expression_sd,50,8,-0.14569377420223936,,,ESTIMATED
unit,spearman_masking_delta_vs_feature,KEGG_INOSITOL_PHOSPHATE_METABOLISM,18,genept_scpa,mean_expression,50,8,0.36390006579926687,,,ESTIMATED
unit,spearman_negative_rank_vs_feature,KEGG_INOSITOL_PHOSPHATE_METABOLISM,18,genept_scpa,mean_expression,50,8,0.3629378857681361,,,ESTIMATED
unit,spearman_masking_delta_vs_feature,KEGG_INOSITOL_PHOSPHATE_METABOLISM,18,genept_scpa,detection_fraction,50,8,0.36486744450306824,,,ESTIMATED
unit,spearman_negative_rank_vs_feature,KEGG_INOSITOL_PHOSPHATE_METABOLISM,18,genept_scpa,detection_fraction,50,8,0.36344424119240637,,,ESTIMATED
unit,spearman_masking_delta_vs_feature,KEGG_INOSITOL_PHOSPHATE_METABOLISM,18,genept_scpa,expression_sd,50,8,0.35477722292407643,,,ESTIMATED
unit,spearman_negative_rank_vs_feature,KEGG_INOSITOL_PHOSPHATE_METABOLISM,18,genept_scpa,expression_sd,50,8,0.35314173219619915,,,ESTIMATED
unit,truth_target_minus_non_target_feature_rank_percentile,KEGG_INOSITOL_PHOSPHATE_METABOLISM,19,NA,mean_expression,50,8,0.4404761904761904,0.8799999999999999,0.4395238095238095,ESTIMATED
unit,truth_target_minus_non_target_feature_rank_percentile,KEGG_INOSITOL_PHOSPHATE_METABOLISM,19,NA,detection_fraction,50,8,0.44047619047619035,0.8799999999999999,0.43952380952380954,ESTIMATED
unit,truth_target_minus_non_target_feature_rank_percentile,KEGG_INOSITOL_PHOSPHATE_METABOLISM,19,NA,expression_sd,50,8,0.43749999999999994,0.8775,0.44,ESTIMATED
unit,spearman_masking_delta_vs_feature,KEGG_INOSITOL_PHOSPHATE_METABOLISM,19,vanilla_scpa,mean_expression,50,8,-0.18591918487128348,,,ESTIMATED
unit,spearman_negative_rank_vs_feature,KEGG_INOSITOL_PHOSPHATE_METABOLISM,19,vanilla_scpa,mean_expression,50,8,-0.15635429426581784,,,ESTIMATED
unit,spearman_masking_delta_vs_feature,KEGG_INOSITOL_PHOSPHATE_METABOLISM,19,vanilla_scpa,detection_fraction,50,8,-0.18779983479120843,,,ESTIMATED
unit,spearman_negative_rank_vs_feature,KEGG_INOSITOL_PHOSPHATE_METABOLISM,19,vanilla_scpa,detection_fraction,50,8,-0.15731957307760122,,,ESTIMATED
unit,spearman_masking_delta_vs_feature,KEGG_INOSITOL_PHOSPHATE_METABOLISM,19,vanilla_scpa,expression_sd,50,8,-0.1756926603645471,,,ESTIMATED
unit,spearman_negative_rank_vs_feature,KEGG_INOSITOL_PHOSPHATE_METABOLISM,19,vanilla_scpa,expression_sd,50,8,-0.14569377420223936,,,ESTIMATED
unit,spearman_masking_delta_vs_feature,KEGG_INOSITOL_PHOSPHATE_METABOLISM,19,genept_scpa,mean_expression,50,8,0.36390006579926687,,,ESTIMATED
unit,spearman_negative_rank_vs_feature,KEGG_INOSITOL_PHOSPHATE_METABOLISM,19,genept_scpa,mean_expression,50,8,0.3629378857681361,,,ESTIMATED
unit,spearman_masking_delta_vs_feature,KEGG_INOSITOL_PHOSPHATE_METABOLISM,19,genept_scpa,detection_fraction,50,8,0.36486744450306824,,,ESTIMATED
unit,spearman_negative_rank_vs_feature,KEGG_INOSITOL_PHOSPHATE_METABOLISM,19,genept_scpa,detection_fraction,50,8,0.36344424119240637,,,ESTIMATED
unit,spearman_masking_delta_vs_feature,KEGG_INOSITOL_PHOSPHATE_METABOLISM,19,genept_scpa,expression_sd,50,8,0.35477722292407643,,,ESTIMATED
unit,spearman_negative_rank_vs_feature,KEGG_INOSITOL_PHOSPHATE_METABOLISM,19,genept_scpa,expression_sd,50,8,0.35314173219619915,,,ESTIMATED
unit,truth_target_minus_non_target_feature_rank_percentile,KEGG_INOSITOL_PHOSPHATE_METABOLISM,20,NA,mean_expression,50,8,0.45535714285714285,0.8925,0.4371428571428571,ESTIMATED
unit,truth_target_minus_non_target_feature_rank_percentile,KEGG_INOSITOL_PHOSPHATE_METABOLISM,20,NA,detection_fraction,50,8,0.45535714285714285,0.8925,0.4371428571428571,ESTIMATED
unit,truth_target_minus_non_target_feature_rank_percentile,KEGG_INOSITOL_PHOSPHATE_METABOLISM,20,NA,expression_sd,50,8,0.45833333333333337,0.895,0.43666666666666665,ESTIMATED
unit,spearman_masking_delta_vs_feature,KEGG_INOSITOL_PHOSPHATE_METABOLISM,20,vanilla_scpa,mean_expression,50,8,-0.18591918487128348,,,ESTIMATED
unit,spearman_negative_rank_vs_feature,KEGG_INOSITOL_PHOSPHATE_METABOLISM,20,vanilla_scpa,mean_expression,50,8,-0.15635429426581784,,,ESTIMATED
unit,spearman_masking_delta_vs_feature,KEGG_INOSITOL_PHOSPHATE_METABOLISM,20,vanilla_scpa,detection_fraction,50,8,-0.18779983479120843,,,ESTIMATED
unit,spearman_negative_rank_vs_feature,KEGG_INOSITOL_PHOSPHATE_METABOLISM,20,vanilla_scpa,detection_fraction,50,8,-0.15731957307760122,,,ESTIMATED
unit,spearman_masking_delta_vs_feature,KEGG_INOSITOL_PHOSPHATE_METABOLISM,20,vanilla_scpa,expression_sd,50,8,-0.1756926603645471,,,ESTIMATED
unit,spearman_negative_rank_vs_feature,KEGG_INOSITOL_PHOSPHATE_METABOLISM,20,vanilla_scpa,expression_sd,50,8,-0.14569377420223936,,,ESTIMATED
unit,spearman_masking_delta_vs_feature,KEGG_INOSITOL_PHOSPHATE_METABOLISM,20,genept_scpa,mean_expression,50,8,0.36390006579926687,,,ESTIMATED
unit,spearman_negative_rank_vs_feature,KEGG_INOSITOL_PHOSPHATE_METABOLISM,20,genept_scpa,mean_expression,50,8,0.3629378857681361,,,ESTIMATED
unit,spearman_masking_delta_vs_feature,KEGG_INOSITOL_PHOSPHATE_METABOLISM,20,genept_scpa,detection_fraction,50,8,0.36486744450306824,,,ESTIMATED
unit,spearman_negative_rank_vs_feature,KEGG_INOSITOL_PHOSPHATE_METABOLISM,20,genept_scpa,detection_fraction,50,8,0.36344424119240637,,,ESTIMATED
unit,spearman_masking_delta_vs_feature,KEGG_INOSITOL_PHOSPHATE_METABOLISM,20,genept_scpa,expression_sd,50,8,0.35477722292407643,,,ESTIMATED
unit,spearman_negative_rank_vs_feature,KEGG_INOSITOL_PHOSPHATE_METABOLISM,20,genept_scpa,expression_sd,50,8,0.35314173219619915,,,ESTIMATED
unit,truth_target_minus_non_target_feature_rank_percentile,KEGG_PORPHYRIN_AND_CHLOROPHYLL_METABOLISM,1,NA,mean_expression,20,3,0.5,0.9500000000000001,0.45,ESTIMATED
unit,truth_target_minus_non_target_feature_rank_percentile,KEGG_PORPHYRIN_AND_CHLOROPHYLL_METABOLISM,1,NA,detection_fraction,20,3,0.5,0.9500000000000001,0.45,ESTIMATED
unit,truth_target_minus_non_target_feature_rank_percentile,KEGG_PORPHYRIN_AND_CHLOROPHYLL_METABOLISM,1,NA,expression_sd,20,3,0.5000000000000001,0.9500000000000001,0.44999999999999996,ESTIMATED
unit,spearman_masking_delta_vs_feature,KEGG_PORPHYRIN_AND_CHLOROPHYLL_METABOLISM,1,vanilla_scpa,mean_expression,20,3,-0.2650579764133341,,,ESTIMATED
unit,spearman_negative_rank_vs_feature,KEGG_PORPHYRIN_AND_CHLOROPHYLL_METABOLISM,1,vanilla_scpa,mean_expression,20,3,-0.28872180451127816,,,ESTIMATED
unit,spearman_masking_delta_vs_feature,KEGG_PORPHYRIN_AND_CHLOROPHYLL_METABOLISM,1,vanilla_scpa,detection_fraction,20,3,-0.25701761600550427,,,ESTIMATED
unit,spearman_negative_rank_vs_feature,KEGG_PORPHYRIN_AND_CHLOROPHYLL_METABOLISM,1,vanilla_scpa,detection_fraction,20,3,-0.2830261495462563,,,ESTIMATED
unit,spearman_masking_delta_vs_feature,KEGG_PORPHYRIN_AND_CHLOROPHYLL_METABOLISM,1,vanilla_scpa,expression_sd,20,3,-0.3248853482323439,,,ESTIMATED
unit,spearman_negative_rank_vs_feature,KEGG_PORPHYRIN_AND_CHLOROPHYLL_METABOLISM,1,vanilla_scpa,expression_sd,20,3,-0.34285714285714286,,,ESTIMATED
unit,spearman_masking_delta_vs_feature,KEGG_PORPHYRIN_AND_CHLOROPHYLL_METABOLISM,1,genept_scpa,mean_expression,20,3,0.04010676987094019,,,ESTIMATED
unit,spearman_negative_rank_vs_feature,KEGG_PORPHYRIN_AND_CHLOROPHYLL_METABOLISM,1,genept_scpa,mean_expression,20,3,0.024060150375939848,,,ESTIMATED
unit,spearman_masking_delta_vs_feature,KEGG_PORPHYRIN_AND_CHLOROPHYLL_METABOLISM,1,genept_scpa,detection_fraction,20,3,0.0522734622984564,,,ESTIMATED
unit,spearman_negative_rank_vs_feature,KEGG_PORPHYRIN_AND_CHLOROPHYLL_METABOLISM,1,genept_scpa,detection_fraction,20,3,0.03537826869328204,,,ESTIMATED
unit,spearman_masking_delta_vs_feature,KEGG_PORPHYRIN_AND_CHLOROPHYLL_METABOLISM,1,genept_scpa,expression_sd,20,3,-0.02043175068896953,,,ESTIMATED
unit,spearman_negative_rank_vs_feature,KEGG_PORPHYRIN_AND_CHLOROPHYLL_METABOLISM,1,genept_scpa,expression_sd,20,3,-0.04210526315789473,,,ESTIMATED
unit,truth_target_minus_non_target_feature_rank_percentile,KEGG_PORPHYRIN_AND_CHLOROPHYLL_METABOLISM,2,NA,mean_expression,20,3,0.46078431372549017,0.9166666666666666,0.45588235294117646,ESTIMATED
unit,truth_target_minus_non_target_feature_rank_percentile,KEGG_PORPHYRIN_AND_CHLOROPHYLL_METABOLISM,2,NA,detection_fraction,20,3,0.46078431372549017,0.9166666666666666,0.45588235294117646,ESTIMATED
unit,truth_target_minus_non_target_feature_rank_percentile,KEGG_PORPHYRIN_AND_CHLOROPHYLL_METABOLISM,2,NA,expression_sd,20,3,0.4411764705882352,0.8999999999999999,0.4588235294117647,ESTIMATED
unit,spearman_masking_delta_vs_feature,KEGG_PORPHYRIN_AND_CHLOROPHYLL_METABOLISM,2,vanilla_scpa,mean_expression,20,3,-0.2650579764133341,,,ESTIMATED
unit,spearman_negative_rank_vs_feature,KEGG_PORPHYRIN_AND_CHLOROPHYLL_METABOLISM,2,vanilla_scpa,mean_expression,20,3,-0.28872180451127816,,,ESTIMATED
unit,spearman_masking_delta_vs_feature,KEGG_PORPHYRIN_AND_CHLOROPHYLL_METABOLISM,2,vanilla_scpa,detection_fraction,20,3,-0.25701761600550427,,,ESTIMATED
unit,spearman_negative_rank_vs_feature,KEGG_PORPHYRIN_AND_CHLOROPHYLL_METABOLISM,2,vanilla_scpa,detection_fraction,20,3,-0.2830261495462563,,,ESTIMATED
unit,spearman_masking_delta_vs_feature,KEGG_PORPHYRIN_AND_CHLOROPHYLL_METABOLISM,2,vanilla_scpa,expression_sd,20,3,-0.3248853482323439,,,ESTIMATED
unit,spearman_negative_rank_vs_feature,KEGG_PORPHYRIN_AND_CHLOROPHYLL_METABOLISM,2,vanilla_scpa,expression_sd,20,3,-0.34285714285714286,,,ESTIMATED
unit,spearman_masking_delta_vs_feature,KEGG_PORPHYRIN_AND_CHLOROPHYLL_METABOLISM,2,genept_scpa,mean_expression,20,3,0.04010676987094019,,,ESTIMATED
unit,spearman_negative_rank_vs_feature,KEGG_PORPHYRIN_AND_CHLOROPHYLL_METABOLISM,2,genept_scpa,mean_expression,20,3,0.024060150375939848,,,ESTIMATED
unit,spearman_masking_delta_vs_feature,KEGG_PORPHYRIN_AND_CHLOROPHYLL_METABOLISM,2,genept_scpa,detection_fraction,20,3,0.0522734622984564,,,ESTIMATED
unit,spearman_negative_rank_vs_feature,KEGG_PORPHYRIN_AND_CHLOROPHYLL_METABOLISM,2,genept_scpa,detection_fraction,20,3,0.03537826869328204,,,ESTIMATED
unit,spearman_masking_delta_vs_feature,KEGG_PORPHYRIN_AND_CHLOROPHYLL_METABOLISM,2,genept_scpa,expression_sd,20,3,-0.02043175068896953,,,ESTIMATED
unit,spearman_negative_rank_vs_feature,KEGG_PORPHYRIN_AND_CHLOROPHYLL_METABOLISM,2,genept_scpa,expression_sd,20,3,-0.04210526315789473,,,ESTIMATED
unit,truth_target_minus_non_target_feature_rank_percentile,KEGG_PORPHYRIN_AND_CHLOROPHYLL_METABOLISM,3,NA,mean_expression,20,3,0.46078431372549017,0.9166666666666666,0.45588235294117646,ESTIMATED
unit,truth_target_minus_non_target_feature_rank_percentile,KEGG_PORPHYRIN_AND_CHLOROPHYLL_METABOLISM,3,NA,detection_fraction,20,3,0.46078431372549017,0.9166666666666666,0.45588235294117646,ESTIMATED
unit,truth_target_minus_non_target_feature_rank_percentile,KEGG_PORPHYRIN_AND_CHLOROPHYLL_METABOLISM,3,NA,expression_sd,20,3,0.4411764705882352,0.8999999999999999,0.4588235294117647,ESTIMATED
unit,spearman_masking_delta_vs_feature,KEGG_PORPHYRIN_AND_CHLOROPHYLL_METABOLISM,3,vanilla_scpa,mean_expression,20,3,-0.2650579764133341,,,ESTIMATED
unit,spearman_negative_rank_vs_feature,KEGG_PORPHYRIN_AND_CHLOROPHYLL_METABOLISM,3,vanilla_scpa,mean_expression,20,3,-0.28872180451127816,,,ESTIMATED
unit,spearman_masking_delta_vs_feature,KEGG_PORPHYRIN_AND_CHLOROPHYLL_METABOLISM,3,vanilla_scpa,detection_fraction,20,3,-0.25701761600550427,,,ESTIMATED
unit,spearman_negative_rank_vs_feature,KEGG_PORPHYRIN_AND_CHLOROPHYLL_METABOLISM,3,vanilla_scpa,detection_fraction,20,3,-0.2830261495462563,,,ESTIMATED
unit,spearman_masking_delta_vs_feature,KEGG_PORPHYRIN_AND_CHLOROPHYLL_METABOLISM,3,vanilla_scpa,expression_sd,20,3,-0.3248853482323439,,,ESTIMATED
unit,spearman_negative_rank_vs_feature,KEGG_PORPHYRIN_AND_CHLOROPHYLL_METABOLISM,3,vanilla_scpa,expression_sd,20,3,-0.34285714285714286,,,ESTIMATED
unit,spearman_masking_delta_vs_feature,KEGG_PORPHYRIN_AND_CHLOROPHYLL_METABOLISM,3,genept_scpa,mean_expression,20,3,0.04010676987094019,,,ESTIMATED
unit,spearman_negative_rank_vs_feature,KEGG_PORPHYRIN_AND_CHLOROPHYLL_METABOLISM,3,genept_scpa,mean_expression,20,3,0.024060150375939848,,,ESTIMATED
unit,spearman_masking_delta_vs_feature,KEGG_PORPHYRIN_AND_CHLOROPHYLL_METABOLISM,3,genept_scpa,detection_fraction,20,3,0.0522734622984564,,,ESTIMATED
unit,spearman_negative_rank_vs_feature,KEGG_PORPHYRIN_AND_CHLOROPHYLL_METABOLISM,3,genept_scpa,detection_fraction,20,3,0.03537826869328204,,,ESTIMATED
unit,spearman_masking_delta_vs_feature,KEGG_PORPHYRIN_AND_CHLOROPHYLL_METABOLISM,3,genept_scpa,expression_sd,20,3,-0.02043175068896953,,,ESTIMATED
unit,spearman_negative_rank_vs_feature,KEGG_PORPHYRIN_AND_CHLOROPHYLL_METABOLISM,3,genept_scpa,expression_sd,20,3,-0.04210526315789473,,,ESTIMATED
unit,truth_target_minus_non_target_feature_rank_percentile,KEGG_PORPHYRIN_AND_CHLOROPHYLL_METABOLISM,4,NA,mean_expression,20,3,0.5,0.9500000000000001,0.45,ESTIMATED
unit,truth_target_minus_non_target_feature_rank_percentile,KEGG_PORPHYRIN_AND_CHLOROPHYLL_METABOLISM,4,NA,detection_fraction,20,3,0.5,0.9500000000000001,0.45,ESTIMATED
unit,truth_target_minus_non_target_feature_rank_percentile,KEGG_PORPHYRIN_AND_CHLOROPHYLL_METABOLISM,4,NA,expression_sd,20,3,0.5000000000000001,0.9500000000000001,0.44999999999999996,ESTIMATED
unit,spearman_masking_delta_vs_feature,KEGG_PORPHYRIN_AND_CHLOROPHYLL_METABOLISM,4,vanilla_scpa,mean_expression,20,3,-0.2650579764133341,,,ESTIMATED
unit,spearman_negative_rank_vs_feature,KEGG_PORPHYRIN_AND_CHLOROPHYLL_METABOLISM,4,vanilla_scpa,mean_expression,20,3,-0.28872180451127816,,,ESTIMATED
unit,spearman_masking_delta_vs_feature,KEGG_PORPHYRIN_AND_CHLOROPHYLL_METABOLISM,4,vanilla_scpa,detection_fraction,20,3,-0.25701761600550427,,,ESTIMATED
unit,spearman_negative_rank_vs_feature,KEGG_PORPHYRIN_AND_CHLOROPHYLL_METABOLISM,4,vanilla_scpa,detection_fraction,20,3,-0.2830261495462563,,,ESTIMATED
unit,spearman_masking_delta_vs_feature,KEGG_PORPHYRIN_AND_CHLOROPHYLL_METABOLISM,4,vanilla_scpa,expression_sd,20,3,-0.3248853482323439,,,ESTIMATED
unit,spearman_negative_rank_vs_feature,KEGG_PORPHYRIN_AND_CHLOROPHYLL_METABOLISM,4,vanilla_scpa,expression_sd,20,3,-0.34285714285714286,,,ESTIMATED
unit,spearman_masking_delta_vs_feature,KEGG_PORPHYRIN_AND_CHLOROPHYLL_METABOLISM,4,genept_scpa,mean_expression,20,3,0.04010676987094019,,,ESTIMATED
unit,spearman_negative_rank_vs_feature,KEGG_PORPHYRIN_AND_CHLOROPHYLL_METABOLISM,4,genept_scpa,mean_expression,20,3,0.024060150375939848,,,ESTIMATED
unit,spearman_masking_delta_vs_feature,KEGG_PORPHYRIN_AND_CHLOROPHYLL_METABOLISM,4,genept_scpa,detection_fraction,20,3,0.0522734622984564,,,ESTIMATED
unit,spearman_negative_rank_vs_feature,KEGG_PORPHYRIN_AND_CHLOROPHYLL_METABOLISM,4,genept_scpa,detection_fraction,20,3,0.03537826869328204,,,ESTIMATED
unit,spearman_masking_delta_vs_feature,KEGG_PORPHYRIN_AND_CHLOROPHYLL_METABOLISM,4,genept_scpa,expression_sd,20,3,-0.02043175068896953,,,ESTIMATED
unit,spearman_negative_rank_vs_feature,KEGG_PORPHYRIN_AND_CHLOROPHYLL_METABOLISM,4,genept_scpa,expression_sd,20,3,-0.04210526315789473,,,ESTIMATED
unit,truth_target_minus_non_target_feature_rank_percentile,KEGG_PORPHYRIN_AND_CHLOROPHYLL_METABOLISM,5,NA,mean_expression,20,3,0.48039215686274495,0.9333333333333332,0.4529411764705883,ESTIMATED
unit,truth_target_minus_non_target_feature_rank_percentile,KEGG_PORPHYRIN_AND_CHLOROPHYLL_METABOLISM,5,NA,detection_fraction,20,3,0.480392156862745,0.9333333333333332,0.45294117647058824,ESTIMATED
unit,truth_target_minus_non_target_feature_rank_percentile,KEGG_PORPHYRIN_AND_CHLOROPHYLL_METABOLISM,5,NA,expression_sd,20,3,0.480392156862745,0.9333333333333332,0.45294117647058824,ESTIMATED
unit,spearman_masking_delta_vs_feature,KEGG_PORPHYRIN_AND_CHLOROPHYLL_METABOLISM,5,vanilla_scpa,mean_expression,20,3,-0.2650579764133341,,,ESTIMATED
unit,spearman_negative_rank_vs_feature,KEGG_PORPHYRIN_AND_CHLOROPHYLL_METABOLISM,5,vanilla_scpa,mean_expression,20,3,-0.28872180451127816,,,ESTIMATED
unit,spearman_masking_delta_vs_feature,KEGG_PORPHYRIN_AND_CHLOROPHYLL_METABOLISM,5,vanilla_scpa,detection_fraction,20,3,-0.25701761600550427,,,ESTIMATED
unit,spearman_negative_rank_vs_feature,KEGG_PORPHYRIN_AND_CHLOROPHYLL_METABOLISM,5,vanilla_scpa,detection_fraction,20,3,-0.2830261495462563,,,ESTIMATED
unit,spearman_masking_delta_vs_feature,KEGG_PORPHYRIN_AND_CHLOROPHYLL_METABOLISM,5,vanilla_scpa,expression_sd,20,3,-0.3248853482323439,,,ESTIMATED
unit,spearman_negative_rank_vs_feature,KEGG_PORPHYRIN_AND_CHLOROPHYLL_METABOLISM,5,vanilla_scpa,expression_sd,20,3,-0.34285714285714286,,,ESTIMATED
unit,spearman_masking_delta_vs_feature,KEGG_PORPHYRIN_AND_CHLOROPHYLL_METABOLISM,5,genept_scpa,mean_expression,20,3,0.04010676987094019,,,ESTIMATED
unit,spearman_negative_rank_vs_feature,KEGG_PORPHYRIN_AND_CHLOROPHYLL_METABOLISM,5,genept_scpa,mean_expression,20,3,0.024060150375939848,,,ESTIMATED
unit,spearman_masking_delta_vs_feature,KEGG_PORPHYRIN_AND_CHLOROPHYLL_METABOLISM,5,genept_scpa,detection_fraction,20,3,0.0522734622984564,,,ESTIMATED
unit,spearman_negative_rank_vs_feature,KEGG_PORPHYRIN_AND_CHLOROPHYLL_METABOLISM,5,genept_scpa,detection_fraction,20,3,0.03537826869328204,,,ESTIMATED
unit,spearman_masking_delta_vs_feature,KEGG_PORPHYRIN_AND_CHLOROPHYLL_METABOLISM,5,genept_scpa,expression_sd,20,3,-0.02043175068896953,,,ESTIMATED
unit,spearman_negative_rank_vs_feature,KEGG_PORPHYRIN_AND_CHLOROPHYLL_METABOLISM,5,genept_scpa,expression_sd,20,3,-0.04210526315789473,,,ESTIMATED
unit,truth_target_minus_non_target_feature_rank_percentile,KEGG_PORPHYRIN_AND_CHLOROPHYLL_METABOLISM,6,NA,mean_expression,20,3,0.46078431372549017,0.9166666666666666,0.45588235294117646,ESTIMATED
unit,truth_target_minus_non_target_feature_rank_percentile,KEGG_PORPHYRIN_AND_CHLOROPHYLL_METABOLISM,6,NA,detection_fraction,20,3,0.46078431372549017,0.9166666666666666,0.45588235294117646,ESTIMATED
unit,truth_target_minus_non_target_feature_rank_percentile,KEGG_PORPHYRIN_AND_CHLOROPHYLL_METABOLISM,6,NA,expression_sd,20,3,0.4411764705882352,0.8999999999999999,0.4588235294117647,ESTIMATED
unit,spearman_masking_delta_vs_feature,KEGG_PORPHYRIN_AND_CHLOROPHYLL_METABOLISM,6,vanilla_scpa,mean_expression,20,3,-0.2650579764133341,,,ESTIMATED
unit,spearman_negative_rank_vs_feature,KEGG_PORPHYRIN_AND_CHLOROPHYLL_METABOLISM,6,vanilla_scpa,mean_expression,20,3,-0.28872180451127816,,,ESTIMATED
unit,spearman_masking_delta_vs_feature,KEGG_PORPHYRIN_AND_CHLOROPHYLL_METABOLISM,6,vanilla_scpa,detection_fraction,20,3,-0.25701761600550427,,,ESTIMATED
unit,spearman_negative_rank_vs_feature,KEGG_PORPHYRIN_AND_CHLOROPHYLL_METABOLISM,6,vanilla_scpa,detection_fraction,20,3,-0.2830261495462563,,,ESTIMATED
unit,spearman_masking_delta_vs_feature,KEGG_PORPHYRIN_AND_CHLOROPHYLL_METABOLISM,6,vanilla_scpa,expression_sd,20,3,-0.3248853482323439,,,ESTIMATED
unit,spearman_negative_rank_vs_feature,KEGG_PORPHYRIN_AND_CHLOROPHYLL_METABOLISM,6,vanilla_scpa,expression_sd,20,3,-0.34285714285714286,,,ESTIMATED
unit,spearman_masking_delta_vs_feature,KEGG_PORPHYRIN_AND_CHLOROPHYLL_METABOLISM,6,genept_scpa,mean_expression,20,3,0.04010676987094019,,,ESTIMATED
unit,spearman_negative_rank_vs_feature,KEGG_PORPHYRIN_AND_CHLOROPHYLL_METABOLISM,6,genept_scpa,mean_expression,20,3,0.024060150375939848,,,ESTIMATED
unit,spearman_masking_delta_vs_feature,KEGG_PORPHYRIN_AND_CHLOROPHYLL_METABOLISM,6,genept_scpa,detection_fraction,20,3,0.0522734622984564,,,ESTIMATED
unit,spearman_negative_rank_vs_feature,KEGG_PORPHYRIN_AND_CHLOROPHYLL_METABOLISM,6,genept_scpa,detection_fraction,20,3,0.03537826869328204,,,ESTIMATED
unit,spearman_masking_delta_vs_feature,KEGG_PORPHYRIN_AND_CHLOROPHYLL_METABOLISM,6,genept_scpa,expression_sd,20,3,-0.02043175068896953,,,ESTIMATED
unit,spearman_negative_rank_vs_feature,KEGG_PORPHYRIN_AND_CHLOROPHYLL_METABOLISM,6,genept_scpa,expression_sd,20,3,-0.04210526315789473,,,ESTIMATED
unit,truth_target_minus_non_target_feature_rank_percentile,KEGG_PORPHYRIN_AND_CHLOROPHYLL_METABOLISM,7,NA,mean_expression,20,3,0.5,0.9500000000000001,0.45,ESTIMATED
unit,truth_target_minus_non_target_feature_rank_percentile,KEGG_PORPHYRIN_AND_CHLOROPHYLL_METABOLISM,7,NA,detection_fraction,20,3,0.5,0.9500000000000001,0.45,ESTIMATED
unit,truth_target_minus_non_target_feature_rank_percentile,KEGG_PORPHYRIN_AND_CHLOROPHYLL_METABOLISM,7,NA,expression_sd,20,3,0.5000000000000001,0.9500000000000001,0.44999999999999996,ESTIMATED
unit,spearman_masking_delta_vs_feature,KEGG_PORPHYRIN_AND_CHLOROPHYLL_METABOLISM,7,vanilla_scpa,mean_expression,20,3,-0.2650579764133341,,,ESTIMATED
unit,spearman_negative_rank_vs_feature,KEGG_PORPHYRIN_AND_CHLOROPHYLL_METABOLISM,7,vanilla_scpa,mean_expression,20,3,-0.28872180451127816,,,ESTIMATED
unit,spearman_masking_delta_vs_feature,KEGG_PORPHYRIN_AND_CHLOROPHYLL_METABOLISM,7,vanilla_scpa,detection_fraction,20,3,-0.25701761600550427,,,ESTIMATED
unit,spearman_negative_rank_vs_feature,KEGG_PORPHYRIN_AND_CHLOROPHYLL_METABOLISM,7,vanilla_scpa,detection_fraction,20,3,-0.2830261495462563,,,ESTIMATED
unit,spearman_masking_delta_vs_feature,KEGG_PORPHYRIN_AND_CHLOROPHYLL_METABOLISM,7,vanilla_scpa,expression_sd,20,3,-0.3248853482323439,,,ESTIMATED
unit,spearman_negative_rank_vs_feature,KEGG_PORPHYRIN_AND_CHLOROPHYLL_METABOLISM,7,vanilla_scpa,expression_sd,20,3,-0.34285714285714286,,,ESTIMATED
unit,spearman_masking_delta_vs_feature,KEGG_PORPHYRIN_AND_CHLOROPHYLL_METABOLISM,7,genept_scpa,mean_expression,20,3,0.04010676987094019,,,ESTIMATED
unit,spearman_negative_rank_vs_feature,KEGG_PORPHYRIN_AND_CHLOROPHYLL_METABOLISM,7,genept_scpa,mean_expression,20,3,0.024060150375939848,,,ESTIMATED
unit,spearman_masking_delta_vs_feature,KEGG_PORPHYRIN_AND_CHLOROPHYLL_METABOLISM,7,genept_scpa,detection_fraction,20,3,0.0522734622984564,,,ESTIMATED
unit,spearman_negative_rank_vs_feature,KEGG_PORPHYRIN_AND_CHLOROPHYLL_METABOLISM,7,genept_scpa,detection_fraction,20,3,0.03537826869328204,,,ESTIMATED
unit,spearman_masking_delta_vs_feature,KEGG_PORPHYRIN_AND_CHLOROPHYLL_METABOLISM,7,genept_scpa,expression_sd,20,3,-0.02043175068896953,,,ESTIMATED
unit,spearman_negative_rank_vs_feature,KEGG_PORPHYRIN_AND_CHLOROPHYLL_METABOLISM,7,genept_scpa,expression_sd,20,3,-0.04210526315789473,,,ESTIMATED
unit,truth_target_minus_non_target_feature_rank_percentile,KEGG_PORPHYRIN_AND_CHLOROPHYLL_METABOLISM,8,NA,mean_expression,20,3,0.44117647058823517,0.8999999999999999,0.45882352941176474,ESTIMATED
unit,truth_target_minus_non_target_feature_rank_percentile,KEGG_PORPHYRIN_AND_CHLOROPHYLL_METABOLISM,8,NA,detection_fraction,20,3,0.44117647058823517,0.8999999999999999,0.45882352941176474,ESTIMATED
unit,truth_target_minus_non_target_feature_rank_percentile,KEGG_PORPHYRIN_AND_CHLOROPHYLL_METABOLISM,8,NA,expression_sd,20,3,0.46078431372549017,0.9166666666666666,0.45588235294117646,ESTIMATED
unit,spearman_masking_delta_vs_feature,KEGG_PORPHYRIN_AND_CHLOROPHYLL_METABOLISM,8,vanilla_scpa,mean_expression,20,3,-0.2650579764133341,,,ESTIMATED
unit,spearman_negative_rank_vs_feature,KEGG_PORPHYRIN_AND_CHLOROPHYLL_METABOLISM,8,vanilla_scpa,mean_expression,20,3,-0.28872180451127816,,,ESTIMATED
unit,spearman_masking_delta_vs_feature,KEGG_PORPHYRIN_AND_CHLOROPHYLL_METABOLISM,8,vanilla_scpa,detection_fraction,20,3,-0.25701761600550427,,,ESTIMATED
unit,spearman_negative_rank_vs_feature,KEGG_PORPHYRIN_AND_CHLOROPHYLL_METABOLISM,8,vanilla_scpa,detection_fraction,20,3,-0.2830261495462563,,,ESTIMATED
unit,spearman_masking_delta_vs_feature,KEGG_PORPHYRIN_AND_CHLOROPHYLL_METABOLISM,8,vanilla_scpa,expression_sd,20,3,-0.3248853482323439,,,ESTIMATED
unit,spearman_negative_rank_vs_feature,KEGG_PORPHYRIN_AND_CHLOROPHYLL_METABOLISM,8,vanilla_scpa,expression_sd,20,3,-0.34285714285714286,,,ESTIMATED
unit,spearman_masking_delta_vs_feature,KEGG_PORPHYRIN_AND_CHLOROPHYLL_METABOLISM,8,genept_scpa,mean_expression,20,3,0.04010676987094019,,,ESTIMATED
unit,spearman_negative_rank_vs_feature,KEGG_PORPHYRIN_AND_CHLOROPHYLL_METABOLISM,8,genept_scpa,mean_expression,20,3,0.024060150375939848,,,ESTIMATED
unit,spearman_masking_delta_vs_feature,KEGG_PORPHYRIN_AND_CHLOROPHYLL_METABOLISM,8,genept_scpa,detection_fraction,20,3,0.0522734622984564,,,ESTIMATED
unit,spearman_negative_rank_vs_feature,KEGG_PORPHYRIN_AND_CHLOROPHYLL_METABOLISM,8,genept_scpa,detection_fraction,20,3,0.03537826869328204,,,ESTIMATED
unit,spearman_masking_delta_vs_feature,KEGG_PORPHYRIN_AND_CHLOROPHYLL_METABOLISM,8,genept_scpa,expression_sd,20,3,-0.02043175068896953,,,ESTIMATED
unit,spearman_negative_rank_vs_feature,KEGG_PORPHYRIN_AND_CHLOROPHYLL_METABOLISM,8,genept_scpa,expression_sd,20,3,-0.04210526315789473,,,ESTIMATED
unit,truth_target_minus_non_target_feature_rank_percentile,KEGG_PORPHYRIN_AND_CHLOROPHYLL_METABOLISM,9,NA,mean_expression,20,3,0.44117647058823517,0.8999999999999999,0.45882352941176474,ESTIMATED
unit,truth_target_minus_non_target_feature_rank_percentile,KEGG_PORPHYRIN_AND_CHLOROPHYLL_METABOLISM,9,NA,detection_fraction,20,3,0.44117647058823517,0.8999999999999999,0.45882352941176474,ESTIMATED
unit,truth_target_minus_non_target_feature_rank_percentile,KEGG_PORPHYRIN_AND_CHLOROPHYLL_METABOLISM,9,NA,expression_sd,20,3,0.46078431372549017,0.9166666666666666,0.45588235294117646,ESTIMATED
unit,spearman_masking_delta_vs_feature,KEGG_PORPHYRIN_AND_CHLOROPHYLL_METABOLISM,9,vanilla_scpa,mean_expression,20,3,-0.2650579764133341,,,ESTIMATED
unit,spearman_negative_rank_vs_feature,KEGG_PORPHYRIN_AND_CHLOROPHYLL_METABOLISM,9,vanilla_scpa,mean_expression,20,3,-0.28872180451127816,,,ESTIMATED
unit,spearman_masking_delta_vs_feature,KEGG_PORPHYRIN_AND_CHLOROPHYLL_METABOLISM,9,vanilla_scpa,detection_fraction,20,3,-0.25701761600550427,,,ESTIMATED
unit,spearman_negative_rank_vs_feature,KEGG_PORPHYRIN_AND_CHLOROPHYLL_METABOLISM,9,vanilla_scpa,detection_fraction,20,3,-0.2830261495462563,,,ESTIMATED
unit,spearman_masking_delta_vs_feature,KEGG_PORPHYRIN_AND_CHLOROPHYLL_METABOLISM,9,vanilla_scpa,expression_sd,20,3,-0.3248853482323439,,,ESTIMATED
unit,spearman_negative_rank_vs_feature,KEGG_PORPHYRIN_AND_CHLOROPHYLL_METABOLISM,9,vanilla_scpa,expression_sd,20,3,-0.34285714285714286,,,ESTIMATED
unit,spearman_masking_delta_vs_feature,KEGG_PORPHYRIN_AND_CHLOROPHYLL_METABOLISM,9,genept_scpa,mean_expression,20,3,0.04010676987094019,,,ESTIMATED
unit,spearman_negative_rank_vs_feature,KEGG_PORPHYRIN_AND_CHLOROPHYLL_METABOLISM,9,genept_scpa,mean_expression,20,3,0.024060150375939848,,,ESTIMATED
unit,spearman_masking_delta_vs_feature,KEGG_PORPHYRIN_AND_CHLOROPHYLL_METABOLISM,9,genept_scpa,detection_fraction,20,3,0.0522734622984564,,,ESTIMATED
unit,spearman_negative_rank_vs_feature,KEGG_PORPHYRIN_AND_CHLOROPHYLL_METABOLISM,9,genept_scpa,detection_fraction,20,3,0.03537826869328204,,,ESTIMATED
unit,spearman_masking_delta_vs_feature,KEGG_PORPHYRIN_AND_CHLOROPHYLL_METABOLISM,9,genept_scpa,expression_sd,20,3,-0.02043175068896953,,,ESTIMATED
unit,spearman_negative_rank_vs_feature,KEGG_PORPHYRIN_AND_CHLOROPHYLL_METABOLISM,9,genept_scpa,expression_sd,20,3,-0.04210526315789473,,,ESTIMATED
unit,truth_target_minus_non_target_feature_rank_percentile,KEGG_PORPHYRIN_AND_CHLOROPHYLL_METABOLISM,10,NA,mean_expression,20,3,0.48039215686274495,0.9333333333333332,0.4529411764705883,ESTIMATED
unit,truth_target_minus_non_target_feature_rank_percentile,KEGG_PORPHYRIN_AND_CHLOROPHYLL_METABOLISM,10,NA,detection_fraction,20,3,0.480392156862745,0.9333333333333332,0.45294117647058824,ESTIMATED
unit,truth_target_minus_non_target_feature_rank_percentile,KEGG_PORPHYRIN_AND_CHLOROPHYLL_METABOLISM,10,NA,expression_sd,20,3,0.480392156862745,0.9333333333333332,0.45294117647058824,ESTIMATED
unit,spearman_masking_delta_vs_feature,KEGG_PORPHYRIN_AND_CHLOROPHYLL_METABOLISM,10,vanilla_scpa,mean_expression,20,3,-0.2650579764133341,,,ESTIMATED
unit,spearman_negative_rank_vs_feature,KEGG_PORPHYRIN_AND_CHLOROPHYLL_METABOLISM,10,vanilla_scpa,mean_expression,20,3,-0.28872180451127816,,,ESTIMATED
unit,spearman_masking_delta_vs_feature,KEGG_PORPHYRIN_AND_CHLOROPHYLL_METABOLISM,10,vanilla_scpa,detection_fraction,20,3,-0.25701761600550427,,,ESTIMATED
unit,spearman_negative_rank_vs_feature,KEGG_PORPHYRIN_AND_CHLOROPHYLL_METABOLISM,10,vanilla_scpa,detection_fraction,20,3,-0.2830261495462563,,,ESTIMATED
unit,spearman_masking_delta_vs_feature,KEGG_PORPHYRIN_AND_CHLOROPHYLL_METABOLISM,10,vanilla_scpa,expression_sd,20,3,-0.3248853482323439,,,ESTIMATED
unit,spearman_negative_rank_vs_feature,KEGG_PORPHYRIN_AND_CHLOROPHYLL_METABOLISM,10,vanilla_scpa,expression_sd,20,3,-0.34285714285714286,,,ESTIMATED
unit,spearman_masking_delta_vs_feature,KEGG_PORPHYRIN_AND_CHLOROPHYLL_METABOLISM,10,genept_scpa,mean_expression,20,3,0.04010676987094019,,,ESTIMATED
unit,spearman_negative_rank_vs_feature,KEGG_PORPHYRIN_AND_CHLOROPHYLL_METABOLISM,10,genept_scpa,mean_expression,20,3,0.024060150375939848,,,ESTIMATED
unit,spearman_masking_delta_vs_feature,KEGG_PORPHYRIN_AND_CHLOROPHYLL_METABOLISM,10,genept_scpa,detection_fraction,20,3,0.0522734622984564,,,ESTIMATED
unit,spearman_negative_rank_vs_feature,KEGG_PORPHYRIN_AND_CHLOROPHYLL_METABOLISM,10,genept_scpa,detection_fraction,20,3,0.03537826869328204,,,ESTIMATED
unit,spearman_masking_delta_vs_feature,KEGG_PORPHYRIN_AND_CHLOROPHYLL_METABOLISM,10,genept_scpa,expression_sd,20,3,-0.02043175068896953,,,ESTIMATED
unit,spearman_negative_rank_vs_feature,KEGG_PORPHYRIN_AND_CHLOROPHYLL_METABOLISM,10,genept_scpa,expression_sd,20,3,-0.04210526315789473,,,ESTIMATED
unit,truth_target_minus_non_target_feature_rank_percentile,KEGG_PORPHYRIN_AND_CHLOROPHYLL_METABOLISM,11,NA,mean_expression,20,3,0.5,0.9500000000000001,0.45,ESTIMATED
unit,truth_target_minus_non_target_feature_rank_percentile,KEGG_PORPHYRIN_AND_CHLOROPHYLL_METABOLISM,11,NA,detection_fraction,20,3,0.5,0.9500000000000001,0.45,ESTIMATED
unit,truth_target_minus_non_target_feature_rank_percentile,KEGG_PORPHYRIN_AND_CHLOROPHYLL_METABOLISM,11,NA,expression_sd,20,3,0.5000000000000001,0.9500000000000001,0.44999999999999996,ESTIMATED
unit,spearman_masking_delta_vs_feature,KEGG_PORPHYRIN_AND_CHLOROPHYLL_METABOLISM,11,vanilla_scpa,mean_expression,20,3,-0.2650579764133341,,,ESTIMATED
unit,spearman_negative_rank_vs_feature,KEGG_PORPHYRIN_AND_CHLOROPHYLL_METABOLISM,11,vanilla_scpa,mean_expression,20,3,-0.28872180451127816,,,ESTIMATED
unit,spearman_masking_delta_vs_feature,KEGG_PORPHYRIN_AND_CHLOROPHYLL_METABOLISM,11,vanilla_scpa,detection_fraction,20,3,-0.25701761600550427,,,ESTIMATED
unit,spearman_negative_rank_vs_feature,KEGG_PORPHYRIN_AND_CHLOROPHYLL_METABOLISM,11,vanilla_scpa,detection_fraction,20,3,-0.2830261495462563,,,ESTIMATED
unit,spearman_masking_delta_vs_feature,KEGG_PORPHYRIN_AND_CHLOROPHYLL_METABOLISM,11,vanilla_scpa,expression_sd,20,3,-0.3248853482323439,,,ESTIMATED
unit,spearman_negative_rank_vs_feature,KEGG_PORPHYRIN_AND_CHLOROPHYLL_METABOLISM,11,vanilla_scpa,expression_sd,20,3,-0.34285714285714286,,,ESTIMATED
unit,spearman_masking_delta_vs_feature,KEGG_PORPHYRIN_AND_CHLOROPHYLL_METABOLISM,11,genept_scpa,mean_expression,20,3,0.04010676987094019,,,ESTIMATED
unit,spearman_negative_rank_vs_feature,KEGG_PORPHYRIN_AND_CHLOROPHYLL_METABOLISM,11,genept_scpa,mean_expression,20,3,0.024060150375939848,,,ESTIMATED
unit,spearman_masking_delta_vs_feature,KEGG_PORPHYRIN_AND_CHLOROPHYLL_METABOLISM,11,genept_scpa,detection_fraction,20,3,0.0522734622984564,,,ESTIMATED
unit,spearman_negative_rank_vs_feature,KEGG_PORPHYRIN_AND_CHLOROPHYLL_METABOLISM,11,genept_scpa,detection_fraction,20,3,0.03537826869328204,,,ESTIMATED
unit,spearman_masking_delta_vs_feature,KEGG_PORPHYRIN_AND_CHLOROPHYLL_METABOLISM,11,genept_scpa,expression_sd,20,3,-0.02043175068896953,,,ESTIMATED
unit,spearman_negative_rank_vs_feature,KEGG_PORPHYRIN_AND_CHLOROPHYLL_METABOLISM,11,genept_scpa,expression_sd,20,3,-0.04210526315789473,,,ESTIMATED
unit,truth_target_minus_non_target_feature_rank_percentile,KEGG_PORPHYRIN_AND_CHLOROPHYLL_METABOLISM,12,NA,mean_expression,20,3,0.46078431372549017,0.9166666666666666,0.45588235294117646,ESTIMATED
unit,truth_target_minus_non_target_feature_rank_percentile,KEGG_PORPHYRIN_AND_CHLOROPHYLL_METABOLISM,12,NA,detection_fraction,20,3,0.46078431372549017,0.9166666666666666,0.45588235294117646,ESTIMATED
unit,truth_target_minus_non_target_feature_rank_percentile,KEGG_PORPHYRIN_AND_CHLOROPHYLL_METABOLISM,12,NA,expression_sd,20,3,0.4411764705882352,0.8999999999999999,0.4588235294117647,ESTIMATED
unit,spearman_masking_delta_vs_feature,KEGG_PORPHYRIN_AND_CHLOROPHYLL_METABOLISM,12,vanilla_scpa,mean_expression,20,3,-0.2650579764133341,,,ESTIMATED
unit,spearman_negative_rank_vs_feature,KEGG_PORPHYRIN_AND_CHLOROPHYLL_METABOLISM,12,vanilla_scpa,mean_expression,20,3,-0.28872180451127816,,,ESTIMATED
unit,spearman_masking_delta_vs_feature,KEGG_PORPHYRIN_AND_CHLOROPHYLL_METABOLISM,12,vanilla_scpa,detection_fraction,20,3,-0.25701761600550427,,,ESTIMATED
unit,spearman_negative_rank_vs_feature,KEGG_PORPHYRIN_AND_CHLOROPHYLL_METABOLISM,12,vanilla_scpa,detection_fraction,20,3,-0.2830261495462563,,,ESTIMATED
unit,spearman_masking_delta_vs_feature,KEGG_PORPHYRIN_AND_CHLOROPHYLL_METABOLISM,12,vanilla_scpa,expression_sd,20,3,-0.3248853482323439,,,ESTIMATED
unit,spearman_negative_rank_vs_feature,KEGG_PORPHYRIN_AND_CHLOROPHYLL_METABOLISM,12,vanilla_scpa,expression_sd,20,3,-0.34285714285714286,,,ESTIMATED
unit,spearman_masking_delta_vs_feature,KEGG_PORPHYRIN_AND_CHLOROPHYLL_METABOLISM,12,genept_scpa,mean_expression,20,3,0.04010676987094019,,,ESTIMATED
unit,spearman_negative_rank_vs_feature,KEGG_PORPHYRIN_AND_CHLOROPHYLL_METABOLISM,12,genept_scpa,mean_expression,20,3,0.024060150375939848,,,ESTIMATED
unit,spearman_masking_delta_vs_feature,KEGG_PORPHYRIN_AND_CHLOROPHYLL_METABOLISM,12,genept_scpa,detection_fraction,20,3,0.0522734622984564,,,ESTIMATED
unit,spearman_negative_rank_vs_feature,KEGG_PORPHYRIN_AND_CHLOROPHYLL_METABOLISM,12,genept_scpa,detection_fraction,20,3,0.03537826869328204,,,ESTIMATED
unit,spearman_masking_delta_vs_feature,KEGG_PORPHYRIN_AND_CHLOROPHYLL_METABOLISM,12,genept_scpa,expression_sd,20,3,-0.02043175068896953,,,ESTIMATED
unit,spearman_negative_rank_vs_feature,KEGG_PORPHYRIN_AND_CHLOROPHYLL_METABOLISM,12,genept_scpa,expression_sd,20,3,-0.04210526315789473,,,ESTIMATED
unit,truth_target_minus_non_target_feature_rank_percentile,KEGG_PORPHYRIN_AND_CHLOROPHYLL_METABOLISM,13,NA,mean_expression,20,3,0.44117647058823517,0.8999999999999999,0.45882352941176474,ESTIMATED
unit,truth_target_minus_non_target_feature_rank_percentile,KEGG_PORPHYRIN_AND_CHLOROPHYLL_METABOLISM,13,NA,detection_fraction,20,3,0.44117647058823517,0.8999999999999999,0.45882352941176474,ESTIMATED
unit,truth_target_minus_non_target_feature_rank_percentile,KEGG_PORPHYRIN_AND_CHLOROPHYLL_METABOLISM,13,NA,expression_sd,20,3,0.46078431372549017,0.9166666666666666,0.45588235294117646,ESTIMATED
unit,spearman_masking_delta_vs_feature,KEGG_PORPHYRIN_AND_CHLOROPHYLL_METABOLISM,13,vanilla_scpa,mean_expression,20,3,-0.2650579764133341,,,ESTIMATED
unit,spearman_negative_rank_vs_feature,KEGG_PORPHYRIN_AND_CHLOROPHYLL_METABOLISM,13,vanilla_scpa,mean_expression,20,3,-0.28872180451127816,,,ESTIMATED
unit,spearman_masking_delta_vs_feature,KEGG_PORPHYRIN_AND_CHLOROPHYLL_METABOLISM,13,vanilla_scpa,detection_fraction,20,3,-0.25701761600550427,,,ESTIMATED
unit,spearman_negative_rank_vs_feature,KEGG_PORPHYRIN_AND_CHLOROPHYLL_METABOLISM,13,vanilla_scpa,detection_fraction,20,3,-0.2830261495462563,,,ESTIMATED
unit,spearman_masking_delta_vs_feature,KEGG_PORPHYRIN_AND_CHLOROPHYLL_METABOLISM,13,vanilla_scpa,expression_sd,20,3,-0.3248853482323439,,,ESTIMATED
unit,spearman_negative_rank_vs_feature,KEGG_PORPHYRIN_AND_CHLOROPHYLL_METABOLISM,13,vanilla_scpa,expression_sd,20,3,-0.34285714285714286,,,ESTIMATED
unit,spearman_masking_delta_vs_feature,KEGG_PORPHYRIN_AND_CHLOROPHYLL_METABOLISM,13,genept_scpa,mean_expression,20,3,0.04010676987094019,,,ESTIMATED
unit,spearman_negative_rank_vs_feature,KEGG_PORPHYRIN_AND_CHLOROPHYLL_METABOLISM,13,genept_scpa,mean_expression,20,3,0.024060150375939848,,,ESTIMATED
unit,spearman_masking_delta_vs_feature,KEGG_PORPHYRIN_AND_CHLOROPHYLL_METABOLISM,13,genept_scpa,detection_fraction,20,3,0.0522734622984564,,,ESTIMATED
unit,spearman_negative_rank_vs_feature,KEGG_PORPHYRIN_AND_CHLOROPHYLL_METABOLISM,13,genept_scpa,detection_fraction,20,3,0.03537826869328204,,,ESTIMATED
unit,spearman_masking_delta_vs_feature,KEGG_PORPHYRIN_AND_CHLOROPHYLL_METABOLISM,13,genept_scpa,expression_sd,20,3,-0.02043175068896953,,,ESTIMATED
unit,spearman_negative_rank_vs_feature,KEGG_PORPHYRIN_AND_CHLOROPHYLL_METABOLISM,13,genept_scpa,expression_sd,20,3,-0.04210526315789473,,,ESTIMATED
unit,truth_target_minus_non_target_feature_rank_percentile,KEGG_PORPHYRIN_AND_CHLOROPHYLL_METABOLISM,14,NA,mean_expression,20,3,0.5,0.9500000000000001,0.45,ESTIMATED
unit,truth_target_minus_non_target_feature_rank_percentile,KEGG_PORPHYRIN_AND_CHLOROPHYLL_METABOLISM,14,NA,detection_fraction,20,3,0.5,0.9500000000000001,0.45,ESTIMATED
unit,truth_target_minus_non_target_feature_rank_percentile,KEGG_PORPHYRIN_AND_CHLOROPHYLL_METABOLISM,14,NA,expression_sd,20,3,0.5000000000000001,0.9500000000000001,0.44999999999999996,ESTIMATED
unit,spearman_masking_delta_vs_feature,KEGG_PORPHYRIN_AND_CHLOROPHYLL_METABOLISM,14,vanilla_scpa,mean_expression,20,3,-0.2650579764133341,,,ESTIMATED
unit,spearman_negative_rank_vs_feature,KEGG_PORPHYRIN_AND_CHLOROPHYLL_METABOLISM,14,vanilla_scpa,mean_expression,20,3,-0.28872180451127816,,,ESTIMATED
unit,spearman_masking_delta_vs_feature,KEGG_PORPHYRIN_AND_CHLOROPHYLL_METABOLISM,14,vanilla_scpa,detection_fraction,20,3,-0.25701761600550427,,,ESTIMATED
unit,spearman_negative_rank_vs_feature,KEGG_PORPHYRIN_AND_CHLOROPHYLL_METABOLISM,14,vanilla_scpa,detection_fraction,20,3,-0.2830261495462563,,,ESTIMATED
unit,spearman_masking_delta_vs_feature,KEGG_PORPHYRIN_AND_CHLOROPHYLL_METABOLISM,14,vanilla_scpa,expression_sd,20,3,-0.3248853482323439,,,ESTIMATED
unit,spearman_negative_rank_vs_feature,KEGG_PORPHYRIN_AND_CHLOROPHYLL_METABOLISM,14,vanilla_scpa,expression_sd,20,3,-0.34285714285714286,,,ESTIMATED
unit,spearman_masking_delta_vs_feature,KEGG_PORPHYRIN_AND_CHLOROPHYLL_METABOLISM,14,genept_scpa,mean_expression,20,3,0.04010676987094019,,,ESTIMATED
unit,spearman_negative_rank_vs_feature,KEGG_PORPHYRIN_AND_CHLOROPHYLL_METABOLISM,14,genept_scpa,mean_expression,20,3,0.024060150375939848,,,ESTIMATED
unit,spearman_masking_delta_vs_feature,KEGG_PORPHYRIN_AND_CHLOROPHYLL_METABOLISM,14,genept_scpa,detection_fraction,20,3,0.0522734622984564,,,ESTIMATED
unit,spearman_negative_rank_vs_feature,KEGG_PORPHYRIN_AND_CHLOROPHYLL_METABOLISM,14,genept_scpa,detection_fraction,20,3,0.03537826869328204,,,ESTIMATED
unit,spearman_masking_delta_vs_feature,KEGG_PORPHYRIN_AND_CHLOROPHYLL_METABOLISM,14,genept_scpa,expression_sd,20,3,-0.02043175068896953,,,ESTIMATED
unit,spearman_negative_rank_vs_feature,KEGG_PORPHYRIN_AND_CHLOROPHYLL_METABOLISM,14,genept_scpa,expression_sd,20,3,-0.04210526315789473,,,ESTIMATED
unit,truth_target_minus_non_target_feature_rank_percentile,KEGG_PORPHYRIN_AND_CHLOROPHYLL_METABOLISM,15,NA,mean_expression,20,3,0.44117647058823517,0.8999999999999999,0.45882352941176474,ESTIMATED
unit,truth_target_minus_non_target_feature_rank_percentile,KEGG_PORPHYRIN_AND_CHLOROPHYLL_METABOLISM,15,NA,detection_fraction,20,3,0.44117647058823517,0.8999999999999999,0.45882352941176474,ESTIMATED
unit,truth_target_minus_non_target_feature_rank_percentile,KEGG_PORPHYRIN_AND_CHLOROPHYLL_METABOLISM,15,NA,expression_sd,20,3,0.46078431372549017,0.9166666666666666,0.45588235294117646,ESTIMATED
unit,spearman_masking_delta_vs_feature,KEGG_PORPHYRIN_AND_CHLOROPHYLL_METABOLISM,15,vanilla_scpa,mean_expression,20,3,-0.2650579764133341,,,ESTIMATED
unit,spearman_negative_rank_vs_feature,KEGG_PORPHYRIN_AND_CHLOROPHYLL_METABOLISM,15,vanilla_scpa,mean_expression,20,3,-0.28872180451127816,,,ESTIMATED
unit,spearman_masking_delta_vs_feature,KEGG_PORPHYRIN_AND_CHLOROPHYLL_METABOLISM,15,vanilla_scpa,detection_fraction,20,3,-0.25701761600550427,,,ESTIMATED
unit,spearman_negative_rank_vs_feature,KEGG_PORPHYRIN_AND_CHLOROPHYLL_METABOLISM,15,vanilla_scpa,detection_fraction,20,3,-0.2830261495462563,,,ESTIMATED
unit,spearman_masking_delta_vs_feature,KEGG_PORPHYRIN_AND_CHLOROPHYLL_METABOLISM,15,vanilla_scpa,expression_sd,20,3,-0.3248853482323439,,,ESTIMATED
unit,spearman_negative_rank_vs_feature,KEGG_PORPHYRIN_AND_CHLOROPHYLL_METABOLISM,15,vanilla_scpa,expression_sd,20,3,-0.34285714285714286,,,ESTIMATED
unit,spearman_masking_delta_vs_feature,KEGG_PORPHYRIN_AND_CHLOROPHYLL_METABOLISM,15,genept_scpa,mean_expression,20,3,0.04010676987094019,,,ESTIMATED
unit,spearman_negative_rank_vs_feature,KEGG_PORPHYRIN_AND_CHLOROPHYLL_METABOLISM,15,genept_scpa,mean_expression,20,3,0.024060150375939848,,,ESTIMATED
unit,spearman_masking_delta_vs_feature,KEGG_PORPHYRIN_AND_CHLOROPHYLL_METABOLISM,15,genept_scpa,detection_fraction,20,3,0.0522734622984564,,,ESTIMATED
unit,spearman_negative_rank_vs_feature,KEGG_PORPHYRIN_AND_CHLOROPHYLL_METABOLISM,15,genept_scpa,detection_fraction,20,3,0.03537826869328204,,,ESTIMATED
unit,spearman_masking_delta_vs_feature,KEGG_PORPHYRIN_AND_CHLOROPHYLL_METABOLISM,15,genept_scpa,expression_sd,20,3,-0.02043175068896953,,,ESTIMATED
unit,spearman_negative_rank_vs_feature,KEGG_PORPHYRIN_AND_CHLOROPHYLL_METABOLISM,15,genept_scpa,expression_sd,20,3,-0.04210526315789473,,,ESTIMATED
unit,truth_target_minus_non_target_feature_rank_percentile,KEGG_PORPHYRIN_AND_CHLOROPHYLL_METABOLISM,16,NA,mean_expression,20,3,0.44117647058823517,0.8999999999999999,0.45882352941176474,ESTIMATED
unit,truth_target_minus_non_target_feature_rank_percentile,KEGG_PORPHYRIN_AND_CHLOROPHYLL_METABOLISM,16,NA,detection_fraction,20,3,0.44117647058823517,0.8999999999999999,0.45882352941176474,ESTIMATED
unit,truth_target_minus_non_target_feature_rank_percentile,KEGG_PORPHYRIN_AND_CHLOROPHYLL_METABOLISM,16,NA,expression_sd,20,3,0.46078431372549017,0.9166666666666666,0.45588235294117646,ESTIMATED
unit,spearman_masking_delta_vs_feature,KEGG_PORPHYRIN_AND_CHLOROPHYLL_METABOLISM,16,vanilla_scpa,mean_expression,20,3,-0.2650579764133341,,,ESTIMATED
unit,spearman_negative_rank_vs_feature,KEGG_PORPHYRIN_AND_CHLOROPHYLL_METABOLISM,16,vanilla_scpa,mean_expression,20,3,-0.28872180451127816,,,ESTIMATED
unit,spearman_masking_delta_vs_feature,KEGG_PORPHYRIN_AND_CHLOROPHYLL_METABOLISM,16,vanilla_scpa,detection_fraction,20,3,-0.25701761600550427,,,ESTIMATED
unit,spearman_negative_rank_vs_feature,KEGG_PORPHYRIN_AND_CHLOROPHYLL_METABOLISM,16,vanilla_scpa,detection_fraction,20,3,-0.2830261495462563,,,ESTIMATED
unit,spearman_masking_delta_vs_feature,KEGG_PORPHYRIN_AND_CHLOROPHYLL_METABOLISM,16,vanilla_scpa,expression_sd,20,3,-0.3248853482323439,,,ESTIMATED
unit,spearman_negative_rank_vs_feature,KEGG_PORPHYRIN_AND_CHLOROPHYLL_METABOLISM,16,vanilla_scpa,expression_sd,20,3,-0.34285714285714286,,,ESTIMATED
unit,spearman_masking_delta_vs_feature,KEGG_PORPHYRIN_AND_CHLOROPHYLL_METABOLISM,16,genept_scpa,mean_expression,20,3,0.04010676987094019,,,ESTIMATED
unit,spearman_negative_rank_vs_feature,KEGG_PORPHYRIN_AND_CHLOROPHYLL_METABOLISM,16,genept_scpa,mean_expression,20,3,0.024060150375939848,,,ESTIMATED
unit,spearman_masking_delta_vs_feature,KEGG_PORPHYRIN_AND_CHLOROPHYLL_METABOLISM,16,genept_scpa,detection_fraction,20,3,0.0522734622984564,,,ESTIMATED
unit,spearman_negative_rank_vs_feature,KEGG_PORPHYRIN_AND_CHLOROPHYLL_METABOLISM,16,genept_scpa,detection_fraction,20,3,0.03537826869328204,,,ESTIMATED
unit,spearman_masking_delta_vs_feature,KEGG_PORPHYRIN_AND_CHLOROPHYLL_METABOLISM,16,genept_scpa,expression_sd,20,3,-0.02043175068896953,,,ESTIMATED
unit,spearman_negative_rank_vs_feature,KEGG_PORPHYRIN_AND_CHLOROPHYLL_METABOLISM,16,genept_scpa,expression_sd,20,3,-0.04210526315789473,,,ESTIMATED
unit,truth_target_minus_non_target_feature_rank_percentile,KEGG_PORPHYRIN_AND_CHLOROPHYLL_METABOLISM,17,NA,mean_expression,20,3,0.48039215686274495,0.9333333333333332,0.4529411764705883,ESTIMATED
unit,truth_target_minus_non_target_feature_rank_percentile,KEGG_PORPHYRIN_AND_CHLOROPHYLL_METABOLISM,17,NA,detection_fraction,20,3,0.480392156862745,0.9333333333333332,0.45294117647058824,ESTIMATED
unit,truth_target_minus_non_target_feature_rank_percentile,KEGG_PORPHYRIN_AND_CHLOROPHYLL_METABOLISM,17,NA,expression_sd,20,3,0.480392156862745,0.9333333333333332,0.45294117647058824,ESTIMATED
unit,spearman_masking_delta_vs_feature,KEGG_PORPHYRIN_AND_CHLOROPHYLL_METABOLISM,17,vanilla_scpa,mean_expression,20,3,-0.2650579764133341,,,ESTIMATED
unit,spearman_negative_rank_vs_feature,KEGG_PORPHYRIN_AND_CHLOROPHYLL_METABOLISM,17,vanilla_scpa,mean_expression,20,3,-0.28872180451127816,,,ESTIMATED
unit,spearman_masking_delta_vs_feature,KEGG_PORPHYRIN_AND_CHLOROPHYLL_METABOLISM,17,vanilla_scpa,detection_fraction,20,3,-0.25701761600550427,,,ESTIMATED
unit,spearman_negative_rank_vs_feature,KEGG_PORPHYRIN_AND_CHLOROPHYLL_METABOLISM,17,vanilla_scpa,detection_fraction,20,3,-0.2830261495462563,,,ESTIMATED
unit,spearman_masking_delta_vs_feature,KEGG_PORPHYRIN_AND_CHLOROPHYLL_METABOLISM,17,vanilla_scpa,expression_sd,20,3,-0.3248853482323439,,,ESTIMATED
unit,spearman_negative_rank_vs_feature,KEGG_PORPHYRIN_AND_CHLOROPHYLL_METABOLISM,17,vanilla_scpa,expression_sd,20,3,-0.34285714285714286,,,ESTIMATED
unit,spearman_masking_delta_vs_feature,KEGG_PORPHYRIN_AND_CHLOROPHYLL_METABOLISM,17,genept_scpa,mean_expression,20,3,0.04010676987094019,,,ESTIMATED
unit,spearman_negative_rank_vs_feature,KEGG_PORPHYRIN_AND_CHLOROPHYLL_METABOLISM,17,genept_scpa,mean_expression,20,3,0.024060150375939848,,,ESTIMATED
unit,spearman_masking_delta_vs_feature,KEGG_PORPHYRIN_AND_CHLOROPHYLL_METABOLISM,17,genept_scpa,detection_fraction,20,3,0.0522734622984564,,,ESTIMATED
unit,spearman_negative_rank_vs_feature,KEGG_PORPHYRIN_AND_CHLOROPHYLL_METABOLISM,17,genept_scpa,detection_fraction,20,3,0.03537826869328204,,,ESTIMATED
unit,spearman_masking_delta_vs_feature,KEGG_PORPHYRIN_AND_CHLOROPHYLL_METABOLISM,17,genept_scpa,expression_sd,20,3,-0.02043175068896953,,,ESTIMATED
unit,spearman_negative_rank_vs_feature,KEGG_PORPHYRIN_AND_CHLOROPHYLL_METABOLISM,17,genept_scpa,expression_sd,20,3,-0.04210526315789473,,,ESTIMATED
unit,truth_target_minus_non_target_feature_rank_percentile,KEGG_PORPHYRIN_AND_CHLOROPHYLL_METABOLISM,18,NA,mean_expression,20,3,0.46078431372549017,0.9166666666666666,0.45588235294117646,ESTIMATED
unit,truth_target_minus_non_target_feature_rank_percentile,KEGG_PORPHYRIN_AND_CHLOROPHYLL_METABOLISM,18,NA,detection_fraction,20,3,0.46078431372549017,0.9166666666666666,0.45588235294117646,ESTIMATED
unit,truth_target_minus_non_target_feature_rank_percentile,KEGG_PORPHYRIN_AND_CHLOROPHYLL_METABOLISM,18,NA,expression_sd,20,3,0.4411764705882352,0.8999999999999999,0.4588235294117647,ESTIMATED
unit,spearman_masking_delta_vs_feature,KEGG_PORPHYRIN_AND_CHLOROPHYLL_METABOLISM,18,vanilla_scpa,mean_expression,20,3,-0.2650579764133341,,,ESTIMATED
unit,spearman_negative_rank_vs_feature,KEGG_PORPHYRIN_AND_CHLOROPHYLL_METABOLISM,18,vanilla_scpa,mean_expression,20,3,-0.28872180451127816,,,ESTIMATED
unit,spearman_masking_delta_vs_feature,KEGG_PORPHYRIN_AND_CHLOROPHYLL_METABOLISM,18,vanilla_scpa,detection_fraction,20,3,-0.25701761600550427,,,ESTIMATED
unit,spearman_negative_rank_vs_feature,KEGG_PORPHYRIN_AND_CHLOROPHYLL_METABOLISM,18,vanilla_scpa,detection_fraction,20,3,-0.2830261495462563,,,ESTIMATED
unit,spearman_masking_delta_vs_feature,KEGG_PORPHYRIN_AND_CHLOROPHYLL_METABOLISM,18,vanilla_scpa,expression_sd,20,3,-0.3248853482323439,,,ESTIMATED
unit,spearman_negative_rank_vs_feature,KEGG_PORPHYRIN_AND_CHLOROPHYLL_METABOLISM,18,vanilla_scpa,expression_sd,20,3,-0.34285714285714286,,,ESTIMATED
unit,spearman_masking_delta_vs_feature,KEGG_PORPHYRIN_AND_CHLOROPHYLL_METABOLISM,18,genept_scpa,mean_expression,20,3,0.04010676987094019,,,ESTIMATED
unit,spearman_negative_rank_vs_feature,KEGG_PORPHYRIN_AND_CHLOROPHYLL_METABOLISM,18,genept_scpa,mean_expression,20,3,0.024060150375939848,,,ESTIMATED
unit,spearman_masking_delta_vs_feature,KEGG_PORPHYRIN_AND_CHLOROPHYLL_METABOLISM,18,genept_scpa,detection_fraction,20,3,0.0522734622984564,,,ESTIMATED
unit,spearman_negative_rank_vs_feature,KEGG_PORPHYRIN_AND_CHLOROPHYLL_METABOLISM,18,genept_scpa,detection_fraction,20,3,0.03537826869328204,,,ESTIMATED
unit,spearman_masking_delta_vs_feature,KEGG_PORPHYRIN_AND_CHLOROPHYLL_METABOLISM,18,genept_scpa,expression_sd,20,3,-0.02043175068896953,,,ESTIMATED
unit,spearman_negative_rank_vs_feature,KEGG_PORPHYRIN_AND_CHLOROPHYLL_METABOLISM,18,genept_scpa,expression_sd,20,3,-0.04210526315789473,,,ESTIMATED
unit,truth_target_minus_non_target_feature_rank_percentile,KEGG_PORPHYRIN_AND_CHLOROPHYLL_METABOLISM,19,NA,mean_expression,20,3,0.5,0.9500000000000001,0.45,ESTIMATED
unit,truth_target_minus_non_target_feature_rank_percentile,KEGG_PORPHYRIN_AND_CHLOROPHYLL_METABOLISM,19,NA,detection_fraction,20,3,0.5,0.9500000000000001,0.45,ESTIMATED
unit,truth_target_minus_non_target_feature_rank_percentile,KEGG_PORPHYRIN_AND_CHLOROPHYLL_METABOLISM,19,NA,expression_sd,20,3,0.5000000000000001,0.9500000000000001,0.44999999999999996,ESTIMATED
unit,spearman_masking_delta_vs_feature,KEGG_PORPHYRIN_AND_CHLOROPHYLL_METABOLISM,19,vanilla_scpa,mean_expression,20,3,-0.2650579764133341,,,ESTIMATED
unit,spearman_negative_rank_vs_feature,KEGG_PORPHYRIN_AND_CHLOROPHYLL_METABOLISM,19,vanilla_scpa,mean_expression,20,3,-0.28872180451127816,,,ESTIMATED
unit,spearman_masking_delta_vs_feature,KEGG_PORPHYRIN_AND_CHLOROPHYLL_METABOLISM,19,vanilla_scpa,detection_fraction,20,3,-0.25701761600550427,,,ESTIMATED
unit,spearman_negative_rank_vs_feature,KEGG_PORPHYRIN_AND_CHLOROPHYLL_METABOLISM,19,vanilla_scpa,detection_fraction,20,3,-0.2830261495462563,,,ESTIMATED
unit,spearman_masking_delta_vs_feature,KEGG_PORPHYRIN_AND_CHLOROPHYLL_METABOLISM,19,vanilla_scpa,expression_sd,20,3,-0.3248853482323439,,,ESTIMATED
unit,spearman_negative_rank_vs_feature,KEGG_PORPHYRIN_AND_CHLOROPHYLL_METABOLISM,19,vanilla_scpa,expression_sd,20,3,-0.34285714285714286,,,ESTIMATED
unit,spearman_masking_delta_vs_feature,KEGG_PORPHYRIN_AND_CHLOROPHYLL_METABOLISM,19,genept_scpa,mean_expression,20,3,0.04010676987094019,,,ESTIMATED
unit,spearman_negative_rank_vs_feature,KEGG_PORPHYRIN_AND_CHLOROPHYLL_METABOLISM,19,genept_scpa,mean_expression,20,3,0.024060150375939848,,,ESTIMATED
unit,spearman_masking_delta_vs_feature,KEGG_PORPHYRIN_AND_CHLOROPHYLL_METABOLISM,19,genept_scpa,detection_fraction,20,3,0.0522734622984564,,,ESTIMATED
unit,spearman_negative_rank_vs_feature,KEGG_PORPHYRIN_AND_CHLOROPHYLL_METABOLISM,19,genept_scpa,detection_fraction,20,3,0.03537826869328204,,,ESTIMATED
unit,spearman_masking_delta_vs_feature,KEGG_PORPHYRIN_AND_CHLOROPHYLL_METABOLISM,19,genept_scpa,expression_sd,20,3,-0.02043175068896953,,,ESTIMATED
unit,spearman_negative_rank_vs_feature,KEGG_PORPHYRIN_AND_CHLOROPHYLL_METABOLISM,19,genept_scpa,expression_sd,20,3,-0.04210526315789473,,,ESTIMATED
unit,truth_target_minus_non_target_feature_rank_percentile,KEGG_PORPHYRIN_AND_CHLOROPHYLL_METABOLISM,20,NA,mean_expression,20,3,0.5,0.9500000000000001,0.45,ESTIMATED
unit,truth_target_minus_non_target_feature_rank_percentile,KEGG_PORPHYRIN_AND_CHLOROPHYLL_METABOLISM,20,NA,detection_fraction,20,3,0.5,0.9500000000000001,0.45,ESTIMATED
unit,truth_target_minus_non_target_feature_rank_percentile,KEGG_PORPHYRIN_AND_CHLOROPHYLL_METABOLISM,20,NA,expression_sd,20,3,0.5000000000000001,0.9500000000000001,0.44999999999999996,ESTIMATED
unit,spearman_masking_delta_vs_feature,KEGG_PORPHYRIN_AND_CHLOROPHYLL_METABOLISM,20,vanilla_scpa,mean_expression,20,3,-0.2650579764133341,,,ESTIMATED
unit,spearman_negative_rank_vs_feature,KEGG_PORPHYRIN_AND_CHLOROPHYLL_METABOLISM,20,vanilla_scpa,mean_expression,20,3,-0.28872180451127816,,,ESTIMATED
unit,spearman_masking_delta_vs_feature,KEGG_PORPHYRIN_AND_CHLOROPHYLL_METABOLISM,20,vanilla_scpa,detection_fraction,20,3,-0.25701761600550427,,,ESTIMATED
unit,spearman_negative_rank_vs_feature,KEGG_PORPHYRIN_AND_CHLOROPHYLL_METABOLISM,20,vanilla_scpa,detection_fraction,20,3,-0.2830261495462563,,,ESTIMATED
unit,spearman_masking_delta_vs_feature,KEGG_PORPHYRIN_AND_CHLOROPHYLL_METABOLISM,20,vanilla_scpa,expression_sd,20,3,-0.3248853482323439,,,ESTIMATED
unit,spearman_negative_rank_vs_feature,KEGG_PORPHYRIN_AND_CHLOROPHYLL_METABOLISM,20,vanilla_scpa,expression_sd,20,3,-0.34285714285714286,,,ESTIMATED
unit,spearman_masking_delta_vs_feature,KEGG_PORPHYRIN_AND_CHLOROPHYLL_METABOLISM,20,genept_scpa,mean_expression,20,3,0.04010676987094019,,,ESTIMATED
unit,spearman_negative_rank_vs_feature,KEGG_PORPHYRIN_AND_CHLOROPHYLL_METABOLISM,20,genept_scpa,mean_expression,20,3,0.024060150375939848,,,ESTIMATED
unit,spearman_masking_delta_vs_feature,KEGG_PORPHYRIN_AND_CHLOROPHYLL_METABOLISM,20,genept_scpa,detection_fraction,20,3,0.0522734622984564,,,ESTIMATED
unit,spearman_negative_rank_vs_feature,KEGG_PORPHYRIN_AND_CHLOROPHYLL_METABOLISM,20,genept_scpa,detection_fraction,20,3,0.03537826869328204,,,ESTIMATED
unit,spearman_masking_delta_vs_feature,KEGG_PORPHYRIN_AND_CHLOROPHYLL_METABOLISM,20,genept_scpa,expression_sd,20,3,-0.02043175068896953,,,ESTIMATED
unit,spearman_negative_rank_vs_feature,KEGG_PORPHYRIN_AND_CHLOROPHYLL_METABOLISM,20,genept_scpa,expression_sd,20,3,-0.04210526315789473,,,ESTIMATED
unit,truth_target_minus_non_target_feature_rank_percentile,REACTOME_BILE_ACID_AND_BILE_SALT_METABOLISM,1,NA,mean_expression,23,4,0.49999999999999994,0.9347826086956521,0.43478260869565216,ESTIMATED
unit,truth_target_minus_non_target_feature_rank_percentile,REACTOME_BILE_ACID_AND_BILE_SALT_METABOLISM,1,NA,detection_fraction,23,4,0.4999999999999999,0.9347826086956521,0.4347826086956522,ESTIMATED
unit,truth_target_minus_non_target_feature_rank_percentile,REACTOME_BILE_ACID_AND_BILE_SALT_METABOLISM,1,NA,expression_sd,23,4,0.4999999999999999,0.9347826086956521,0.4347826086956522,ESTIMATED
unit,spearman_masking_delta_vs_feature,REACTOME_BILE_ACID_AND_BILE_SALT_METABOLISM,1,vanilla_scpa,mean_expression,23,4,0.12069125104073536,,,ESTIMATED
unit,spearman_negative_rank_vs_feature,REACTOME_BILE_ACID_AND_BILE_SALT_METABOLISM,1,vanilla_scpa,mean_expression,23,4,0.08302446509946437,,,ESTIMATED
unit,spearman_masking_delta_vs_feature,REACTOME_BILE_ACID_AND_BILE_SALT_METABOLISM,1,vanilla_scpa,detection_fraction,23,4,0.1222238440556916,,,ESTIMATED
unit,spearman_negative_rank_vs_feature,REACTOME_BILE_ACID_AND_BILE_SALT_METABOLISM,1,vanilla_scpa,detection_fraction,23,4,0.08798814718089384,,,ESTIMATED
unit,spearman_masking_delta_vs_feature,REACTOME_BILE_ACID_AND_BILE_SALT_METABOLISM,1,vanilla_scpa,expression_sd,23,4,0.11968966389516908,,,ESTIMATED
unit,spearman_negative_rank_vs_feature,REACTOME_BILE_ACID_AND_BILE_SALT_METABOLISM,1,vanilla_scpa,expression_sd,23,4,0.08203607861018503,,,ESTIMATED
unit,spearman_masking_delta_vs_feature,REACTOME_BILE_ACID_AND_BILE_SALT_METABOLISM,1,genept_scpa,mean_expression,23,4,0.22985555382228634,,,ESTIMATED
unit,spearman_negative_rank_vs_feature,REACTOME_BILE_ACID_AND_BILE_SALT_METABOLISM,1,genept_scpa,mean_expression,23,4,0.20706696950402126,,,ESTIMATED
unit,spearman_masking_delta_vs_feature,REACTOME_BILE_ACID_AND_BILE_SALT_METABOLISM,1,genept_scpa,detection_fraction,23,4,0.22792180203576123,,,ESTIMATED
unit,spearman_negative_rank_vs_feature,REACTOME_BILE_ACID_AND_BILE_SALT_METABOLISM,1,genept_scpa,detection_fraction,23,4,0.2076124821122214,,,ESTIMATED
unit,spearman_masking_delta_vs_feature,REACTOME_BILE_ACID_AND_BILE_SALT_METABOLISM,1,genept_scpa,expression_sd,23,4,0.22338775685326098,,,ESTIMATED
unit,spearman_negative_rank_vs_feature,REACTOME_BILE_ACID_AND_BILE_SALT_METABOLISM,1,genept_scpa,expression_sd,23,4,0.20410181003618325,,,ESTIMATED
unit,truth_target_minus_non_target_feature_rank_percentile,REACTOME_BILE_ACID_AND_BILE_SALT_METABOLISM,2,NA,mean_expression,23,4,0.49999999999999994,0.9347826086956521,0.43478260869565216,ESTIMATED
unit,truth_target_minus_non_target_feature_rank_percentile,REACTOME_BILE_ACID_AND_BILE_SALT_METABOLISM,2,NA,detection_fraction,23,4,0.4999999999999999,0.9347826086956521,0.4347826086956522,ESTIMATED
unit,truth_target_minus_non_target_feature_rank_percentile,REACTOME_BILE_ACID_AND_BILE_SALT_METABOLISM,2,NA,expression_sd,23,4,0.4999999999999999,0.9347826086956521,0.4347826086956522,ESTIMATED
unit,spearman_masking_delta_vs_feature,REACTOME_BILE_ACID_AND_BILE_SALT_METABOLISM,2,vanilla_scpa,mean_expression,23,4,0.12069125104073536,,,ESTIMATED
unit,spearman_negative_rank_vs_feature,REACTOME_BILE_ACID_AND_BILE_SALT_METABOLISM,2,vanilla_scpa,mean_expression,23,4,0.08302446509946437,,,ESTIMATED
unit,spearman_masking_delta_vs_feature,REACTOME_BILE_ACID_AND_BILE_SALT_METABOLISM,2,vanilla_scpa,detection_fraction,23,4,0.1222238440556916,,,ESTIMATED
unit,spearman_negative_rank_vs_feature,REACTOME_BILE_ACID_AND_BILE_SALT_METABOLISM,2,vanilla_scpa,detection_fraction,23,4,0.08798814718089384,,,ESTIMATED
unit,spearman_masking_delta_vs_feature,REACTOME_BILE_ACID_AND_BILE_SALT_METABOLISM,2,vanilla_scpa,expression_sd,23,4,0.11968966389516908,,,ESTIMATED
unit,spearman_negative_rank_vs_feature,REACTOME_BILE_ACID_AND_BILE_SALT_METABOLISM,2,vanilla_scpa,expression_sd,23,4,0.08203607861018503,,,ESTIMATED
unit,spearman_masking_delta_vs_feature,REACTOME_BILE_ACID_AND_BILE_SALT_METABOLISM,2,genept_scpa,mean_expression,23,4,0.22985555382228634,,,ESTIMATED
unit,spearman_negative_rank_vs_feature,REACTOME_BILE_ACID_AND_BILE_SALT_METABOLISM,2,genept_scpa,mean_expression,23,4,0.20706696950402126,,,ESTIMATED
unit,spearman_masking_delta_vs_feature,REACTOME_BILE_ACID_AND_BILE_SALT_METABOLISM,2,genept_scpa,detection_fraction,23,4,0.22792180203576123,,,ESTIMATED
unit,spearman_negative_rank_vs_feature,REACTOME_BILE_ACID_AND_BILE_SALT_METABOLISM,2,genept_scpa,detection_fraction,23,4,0.2076124821122214,,,ESTIMATED
unit,spearman_masking_delta_vs_feature,REACTOME_BILE_ACID_AND_BILE_SALT_METABOLISM,2,genept_scpa,expression_sd,23,4,0.22338775685326098,,,ESTIMATED
unit,spearman_negative_rank_vs_feature,REACTOME_BILE_ACID_AND_BILE_SALT_METABOLISM,2,genept_scpa,expression_sd,23,4,0.20410181003618325,,,ESTIMATED
unit,truth_target_minus_non_target_feature_rank_percentile,REACTOME_BILE_ACID_AND_BILE_SALT_METABOLISM,3,NA,mean_expression,23,4,0.49999999999999994,0.9347826086956521,0.43478260869565216,ESTIMATED
unit,truth_target_minus_non_target_feature_rank_percentile,REACTOME_BILE_ACID_AND_BILE_SALT_METABOLISM,3,NA,detection_fraction,23,4,0.4999999999999999,0.9347826086956521,0.4347826086956522,ESTIMATED
unit,truth_target_minus_non_target_feature_rank_percentile,REACTOME_BILE_ACID_AND_BILE_SALT_METABOLISM,3,NA,expression_sd,23,4,0.4999999999999999,0.9347826086956521,0.4347826086956522,ESTIMATED
unit,spearman_masking_delta_vs_feature,REACTOME_BILE_ACID_AND_BILE_SALT_METABOLISM,3,vanilla_scpa,mean_expression,23,4,0.12069125104073536,,,ESTIMATED
unit,spearman_negative_rank_vs_feature,REACTOME_BILE_ACID_AND_BILE_SALT_METABOLISM,3,vanilla_scpa,mean_expression,23,4,0.08302446509946437,,,ESTIMATED
unit,spearman_masking_delta_vs_feature,REACTOME_BILE_ACID_AND_BILE_SALT_METABOLISM,3,vanilla_scpa,detection_fraction,23,4,0.1222238440556916,,,ESTIMATED
unit,spearman_negative_rank_vs_feature,REACTOME_BILE_ACID_AND_BILE_SALT_METABOLISM,3,vanilla_scpa,detection_fraction,23,4,0.08798814718089384,,,ESTIMATED
unit,spearman_masking_delta_vs_feature,REACTOME_BILE_ACID_AND_BILE_SALT_METABOLISM,3,vanilla_scpa,expression_sd,23,4,0.11968966389516908,,,ESTIMATED
unit,spearman_negative_rank_vs_feature,REACTOME_BILE_ACID_AND_BILE_SALT_METABOLISM,3,vanilla_scpa,expression_sd,23,4,0.08203607861018503,,,ESTIMATED
unit,spearman_masking_delta_vs_feature,REACTOME_BILE_ACID_AND_BILE_SALT_METABOLISM,3,genept_scpa,mean_expression,23,4,0.22985555382228634,,,ESTIMATED
unit,spearman_negative_rank_vs_feature,REACTOME_BILE_ACID_AND_BILE_SALT_METABOLISM,3,genept_scpa,mean_expression,23,4,0.20706696950402126,,,ESTIMATED
unit,spearman_masking_delta_vs_feature,REACTOME_BILE_ACID_AND_BILE_SALT_METABOLISM,3,genept_scpa,detection_fraction,23,4,0.22792180203576123,,,ESTIMATED
unit,spearman_negative_rank_vs_feature,REACTOME_BILE_ACID_AND_BILE_SALT_METABOLISM,3,genept_scpa,detection_fraction,23,4,0.2076124821122214,,,ESTIMATED
unit,spearman_masking_delta_vs_feature,REACTOME_BILE_ACID_AND_BILE_SALT_METABOLISM,3,genept_scpa,expression_sd,23,4,0.22338775685326098,,,ESTIMATED
unit,spearman_negative_rank_vs_feature,REACTOME_BILE_ACID_AND_BILE_SALT_METABOLISM,3,genept_scpa,expression_sd,23,4,0.20410181003618325,,,ESTIMATED
unit,truth_target_minus_non_target_feature_rank_percentile,REACTOME_BILE_ACID_AND_BILE_SALT_METABOLISM,4,NA,mean_expression,23,4,0.49999999999999994,0.9347826086956521,0.43478260869565216,ESTIMATED
unit,truth_target_minus_non_target_feature_rank_percentile,REACTOME_BILE_ACID_AND_BILE_SALT_METABOLISM,4,NA,detection_fraction,23,4,0.4999999999999999,0.9347826086956521,0.4347826086956522,ESTIMATED
unit,truth_target_minus_non_target_feature_rank_percentile,REACTOME_BILE_ACID_AND_BILE_SALT_METABOLISM,4,NA,expression_sd,23,4,0.4999999999999999,0.9347826086956521,0.4347826086956522,ESTIMATED
unit,spearman_masking_delta_vs_feature,REACTOME_BILE_ACID_AND_BILE_SALT_METABOLISM,4,vanilla_scpa,mean_expression,23,4,0.12069125104073536,,,ESTIMATED
unit,spearman_negative_rank_vs_feature,REACTOME_BILE_ACID_AND_BILE_SALT_METABOLISM,4,vanilla_scpa,mean_expression,23,4,0.08302446509946437,,,ESTIMATED
unit,spearman_masking_delta_vs_feature,REACTOME_BILE_ACID_AND_BILE_SALT_METABOLISM,4,vanilla_scpa,detection_fraction,23,4,0.1222238440556916,,,ESTIMATED
unit,spearman_negative_rank_vs_feature,REACTOME_BILE_ACID_AND_BILE_SALT_METABOLISM,4,vanilla_scpa,detection_fraction,23,4,0.08798814718089384,,,ESTIMATED
unit,spearman_masking_delta_vs_feature,REACTOME_BILE_ACID_AND_BILE_SALT_METABOLISM,4,vanilla_scpa,expression_sd,23,4,0.11968966389516908,,,ESTIMATED
unit,spearman_negative_rank_vs_feature,REACTOME_BILE_ACID_AND_BILE_SALT_METABOLISM,4,vanilla_scpa,expression_sd,23,4,0.08203607861018503,,,ESTIMATED
unit,spearman_masking_delta_vs_feature,REACTOME_BILE_ACID_AND_BILE_SALT_METABOLISM,4,genept_scpa,mean_expression,23,4,0.22985555382228634,,,ESTIMATED
unit,spearman_negative_rank_vs_feature,REACTOME_BILE_ACID_AND_BILE_SALT_METABOLISM,4,genept_scpa,mean_expression,23,4,0.20706696950402126,,,ESTIMATED
unit,spearman_masking_delta_vs_feature,REACTOME_BILE_ACID_AND_BILE_SALT_METABOLISM,4,genept_scpa,detection_fraction,23,4,0.22792180203576123,,,ESTIMATED
unit,spearman_negative_rank_vs_feature,REACTOME_BILE_ACID_AND_BILE_SALT_METABOLISM,4,genept_scpa,detection_fraction,23,4,0.2076124821122214,,,ESTIMATED
unit,spearman_masking_delta_vs_feature,REACTOME_BILE_ACID_AND_BILE_SALT_METABOLISM,4,genept_scpa,expression_sd,23,4,0.22338775685326098,,,ESTIMATED
unit,spearman_negative_rank_vs_feature,REACTOME_BILE_ACID_AND_BILE_SALT_METABOLISM,4,genept_scpa,expression_sd,23,4,0.20410181003618325,,,ESTIMATED
unit,truth_target_minus_non_target_feature_rank_percentile,REACTOME_BILE_ACID_AND_BILE_SALT_METABOLISM,5,NA,mean_expression,23,4,0.49999999999999994,0.9347826086956521,0.43478260869565216,ESTIMATED
unit,truth_target_minus_non_target_feature_rank_percentile,REACTOME_BILE_ACID_AND_BILE_SALT_METABOLISM,5,NA,detection_fraction,23,4,0.4999999999999999,0.9347826086956521,0.4347826086956522,ESTIMATED
unit,truth_target_minus_non_target_feature_rank_percentile,REACTOME_BILE_ACID_AND_BILE_SALT_METABOLISM,5,NA,expression_sd,23,4,0.4999999999999999,0.9347826086956521,0.4347826086956522,ESTIMATED
unit,spearman_masking_delta_vs_feature,REACTOME_BILE_ACID_AND_BILE_SALT_METABOLISM,5,vanilla_scpa,mean_expression,23,4,0.12069125104073536,,,ESTIMATED
unit,spearman_negative_rank_vs_feature,REACTOME_BILE_ACID_AND_BILE_SALT_METABOLISM,5,vanilla_scpa,mean_expression,23,4,0.08302446509946437,,,ESTIMATED
unit,spearman_masking_delta_vs_feature,REACTOME_BILE_ACID_AND_BILE_SALT_METABOLISM,5,vanilla_scpa,detection_fraction,23,4,0.1222238440556916,,,ESTIMATED
unit,spearman_negative_rank_vs_feature,REACTOME_BILE_ACID_AND_BILE_SALT_METABOLISM,5,vanilla_scpa,detection_fraction,23,4,0.08798814718089384,,,ESTIMATED
unit,spearman_masking_delta_vs_feature,REACTOME_BILE_ACID_AND_BILE_SALT_METABOLISM,5,vanilla_scpa,expression_sd,23,4,0.11968966389516908,,,ESTIMATED
unit,spearman_negative_rank_vs_feature,REACTOME_BILE_ACID_AND_BILE_SALT_METABOLISM,5,vanilla_scpa,expression_sd,23,4,0.08203607861018503,,,ESTIMATED
unit,spearman_masking_delta_vs_feature,REACTOME_BILE_ACID_AND_BILE_SALT_METABOLISM,5,genept_scpa,mean_expression,23,4,0.22985555382228634,,,ESTIMATED
unit,spearman_negative_rank_vs_feature,REACTOME_BILE_ACID_AND_BILE_SALT_METABOLISM,5,genept_scpa,mean_expression,23,4,0.20706696950402126,,,ESTIMATED
unit,spearman_masking_delta_vs_feature,REACTOME_BILE_ACID_AND_BILE_SALT_METABOLISM,5,genept_scpa,detection_fraction,23,4,0.22792180203576123,,,ESTIMATED
unit,spearman_negative_rank_vs_feature,REACTOME_BILE_ACID_AND_BILE_SALT_METABOLISM,5,genept_scpa,detection_fraction,23,4,0.2076124821122214,,,ESTIMATED
unit,spearman_masking_delta_vs_feature,REACTOME_BILE_ACID_AND_BILE_SALT_METABOLISM,5,genept_scpa,expression_sd,23,4,0.22338775685326098,,,ESTIMATED
unit,spearman_negative_rank_vs_feature,REACTOME_BILE_ACID_AND_BILE_SALT_METABOLISM,5,genept_scpa,expression_sd,23,4,0.20410181003618325,,,ESTIMATED
unit,truth_target_minus_non_target_feature_rank_percentile,REACTOME_BILE_ACID_AND_BILE_SALT_METABOLISM,6,NA,mean_expression,23,4,0.49999999999999994,0.9347826086956521,0.43478260869565216,ESTIMATED
unit,truth_target_minus_non_target_feature_rank_percentile,REACTOME_BILE_ACID_AND_BILE_SALT_METABOLISM,6,NA,detection_fraction,23,4,0.4999999999999999,0.9347826086956521,0.4347826086956522,ESTIMATED
unit,truth_target_minus_non_target_feature_rank_percentile,REACTOME_BILE_ACID_AND_BILE_SALT_METABOLISM,6,NA,expression_sd,23,4,0.4999999999999999,0.9347826086956521,0.4347826086956522,ESTIMATED
unit,spearman_masking_delta_vs_feature,REACTOME_BILE_ACID_AND_BILE_SALT_METABOLISM,6,vanilla_scpa,mean_expression,23,4,0.12069125104073536,,,ESTIMATED
unit,spearman_negative_rank_vs_feature,REACTOME_BILE_ACID_AND_BILE_SALT_METABOLISM,6,vanilla_scpa,mean_expression,23,4,0.08302446509946437,,,ESTIMATED
unit,spearman_masking_delta_vs_feature,REACTOME_BILE_ACID_AND_BILE_SALT_METABOLISM,6,vanilla_scpa,detection_fraction,23,4,0.1222238440556916,,,ESTIMATED
unit,spearman_negative_rank_vs_feature,REACTOME_BILE_ACID_AND_BILE_SALT_METABOLISM,6,vanilla_scpa,detection_fraction,23,4,0.08798814718089384,,,ESTIMATED
unit,spearman_masking_delta_vs_feature,REACTOME_BILE_ACID_AND_BILE_SALT_METABOLISM,6,vanilla_scpa,expression_sd,23,4,0.11968966389516908,,,ESTIMATED
unit,spearman_negative_rank_vs_feature,REACTOME_BILE_ACID_AND_BILE_SALT_METABOLISM,6,vanilla_scpa,expression_sd,23,4,0.08203607861018503,,,ESTIMATED
unit,spearman_masking_delta_vs_feature,REACTOME_BILE_ACID_AND_BILE_SALT_METABOLISM,6,genept_scpa,mean_expression,23,4,0.22985555382228634,,,ESTIMATED
unit,spearman_negative_rank_vs_feature,REACTOME_BILE_ACID_AND_BILE_SALT_METABOLISM,6,genept_scpa,mean_expression,23,4,0.20706696950402126,,,ESTIMATED
unit,spearman_masking_delta_vs_feature,REACTOME_BILE_ACID_AND_BILE_SALT_METABOLISM,6,genept_scpa,detection_fraction,23,4,0.22792180203576123,,,ESTIMATED
unit,spearman_negative_rank_vs_feature,REACTOME_BILE_ACID_AND_BILE_SALT_METABOLISM,6,genept_scpa,detection_fraction,23,4,0.2076124821122214,,,ESTIMATED
unit,spearman_masking_delta_vs_feature,REACTOME_BILE_ACID_AND_BILE_SALT_METABOLISM,6,genept_scpa,expression_sd,23,4,0.22338775685326098,,,ESTIMATED
unit,spearman_negative_rank_vs_feature,REACTOME_BILE_ACID_AND_BILE_SALT_METABOLISM,6,genept_scpa,expression_sd,23,4,0.20410181003618325,,,ESTIMATED
unit,truth_target_minus_non_target_feature_rank_percentile,REACTOME_BILE_ACID_AND_BILE_SALT_METABOLISM,7,NA,mean_expression,23,4,0.49999999999999994,0.9347826086956521,0.43478260869565216,ESTIMATED
unit,truth_target_minus_non_target_feature_rank_percentile,REACTOME_BILE_ACID_AND_BILE_SALT_METABOLISM,7,NA,detection_fraction,23,4,0.4999999999999999,0.9347826086956521,0.4347826086956522,ESTIMATED
unit,truth_target_minus_non_target_feature_rank_percentile,REACTOME_BILE_ACID_AND_BILE_SALT_METABOLISM,7,NA,expression_sd,23,4,0.4999999999999999,0.9347826086956521,0.4347826086956522,ESTIMATED
unit,spearman_masking_delta_vs_feature,REACTOME_BILE_ACID_AND_BILE_SALT_METABOLISM,7,vanilla_scpa,mean_expression,23,4,0.12069125104073536,,,ESTIMATED
unit,spearman_negative_rank_vs_feature,REACTOME_BILE_ACID_AND_BILE_SALT_METABOLISM,7,vanilla_scpa,mean_expression,23,4,0.08302446509946437,,,ESTIMATED
unit,spearman_masking_delta_vs_feature,REACTOME_BILE_ACID_AND_BILE_SALT_METABOLISM,7,vanilla_scpa,detection_fraction,23,4,0.1222238440556916,,,ESTIMATED
unit,spearman_negative_rank_vs_feature,REACTOME_BILE_ACID_AND_BILE_SALT_METABOLISM,7,vanilla_scpa,detection_fraction,23,4,0.08798814718089384,,,ESTIMATED
unit,spearman_masking_delta_vs_feature,REACTOME_BILE_ACID_AND_BILE_SALT_METABOLISM,7,vanilla_scpa,expression_sd,23,4,0.11968966389516908,,,ESTIMATED
unit,spearman_negative_rank_vs_feature,REACTOME_BILE_ACID_AND_BILE_SALT_METABOLISM,7,vanilla_scpa,expression_sd,23,4,0.08203607861018503,,,ESTIMATED
unit,spearman_masking_delta_vs_feature,REACTOME_BILE_ACID_AND_BILE_SALT_METABOLISM,7,genept_scpa,mean_expression,23,4,0.22985555382228634,,,ESTIMATED
unit,spearman_negative_rank_vs_feature,REACTOME_BILE_ACID_AND_BILE_SALT_METABOLISM,7,genept_scpa,mean_expression,23,4,0.20706696950402126,,,ESTIMATED
unit,spearman_masking_delta_vs_feature,REACTOME_BILE_ACID_AND_BILE_SALT_METABOLISM,7,genept_scpa,detection_fraction,23,4,0.22792180203576123,,,ESTIMATED
unit,spearman_negative_rank_vs_feature,REACTOME_BILE_ACID_AND_BILE_SALT_METABOLISM,7,genept_scpa,detection_fraction,23,4,0.2076124821122214,,,ESTIMATED
unit,spearman_masking_delta_vs_feature,REACTOME_BILE_ACID_AND_BILE_SALT_METABOLISM,7,genept_scpa,expression_sd,23,4,0.22338775685326098,,,ESTIMATED
unit,spearman_negative_rank_vs_feature,REACTOME_BILE_ACID_AND_BILE_SALT_METABOLISM,7,genept_scpa,expression_sd,23,4,0.20410181003618325,,,ESTIMATED
unit,truth_target_minus_non_target_feature_rank_percentile,REACTOME_BILE_ACID_AND_BILE_SALT_METABOLISM,8,NA,mean_expression,23,4,0.49999999999999994,0.9347826086956521,0.43478260869565216,ESTIMATED
unit,truth_target_minus_non_target_feature_rank_percentile,REACTOME_BILE_ACID_AND_BILE_SALT_METABOLISM,8,NA,detection_fraction,23,4,0.4999999999999999,0.9347826086956521,0.4347826086956522,ESTIMATED
unit,truth_target_minus_non_target_feature_rank_percentile,REACTOME_BILE_ACID_AND_BILE_SALT_METABOLISM,8,NA,expression_sd,23,4,0.4999999999999999,0.9347826086956521,0.4347826086956522,ESTIMATED
unit,spearman_masking_delta_vs_feature,REACTOME_BILE_ACID_AND_BILE_SALT_METABOLISM,8,vanilla_scpa,mean_expression,23,4,0.12069125104073536,,,ESTIMATED
unit,spearman_negative_rank_vs_feature,REACTOME_BILE_ACID_AND_BILE_SALT_METABOLISM,8,vanilla_scpa,mean_expression,23,4,0.08302446509946437,,,ESTIMATED
unit,spearman_masking_delta_vs_feature,REACTOME_BILE_ACID_AND_BILE_SALT_METABOLISM,8,vanilla_scpa,detection_fraction,23,4,0.1222238440556916,,,ESTIMATED
unit,spearman_negative_rank_vs_feature,REACTOME_BILE_ACID_AND_BILE_SALT_METABOLISM,8,vanilla_scpa,detection_fraction,23,4,0.08798814718089384,,,ESTIMATED
unit,spearman_masking_delta_vs_feature,REACTOME_BILE_ACID_AND_BILE_SALT_METABOLISM,8,vanilla_scpa,expression_sd,23,4,0.11968966389516908,,,ESTIMATED
unit,spearman_negative_rank_vs_feature,REACTOME_BILE_ACID_AND_BILE_SALT_METABOLISM,8,vanilla_scpa,expression_sd,23,4,0.08203607861018503,,,ESTIMATED
unit,spearman_masking_delta_vs_feature,REACTOME_BILE_ACID_AND_BILE_SALT_METABOLISM,8,genept_scpa,mean_expression,23,4,0.22985555382228634,,,ESTIMATED
unit,spearman_negative_rank_vs_feature,REACTOME_BILE_ACID_AND_BILE_SALT_METABOLISM,8,genept_scpa,mean_expression,23,4,0.20706696950402126,,,ESTIMATED
unit,spearman_masking_delta_vs_feature,REACTOME_BILE_ACID_AND_BILE_SALT_METABOLISM,8,genept_scpa,detection_fraction,23,4,0.22792180203576123,,,ESTIMATED
unit,spearman_negative_rank_vs_feature,REACTOME_BILE_ACID_AND_BILE_SALT_METABOLISM,8,genept_scpa,detection_fraction,23,4,0.2076124821122214,,,ESTIMATED
unit,spearman_masking_delta_vs_feature,REACTOME_BILE_ACID_AND_BILE_SALT_METABOLISM,8,genept_scpa,expression_sd,23,4,0.22338775685326098,,,ESTIMATED
unit,spearman_negative_rank_vs_feature,REACTOME_BILE_ACID_AND_BILE_SALT_METABOLISM,8,genept_scpa,expression_sd,23,4,0.20410181003618325,,,ESTIMATED
unit,truth_target_minus_non_target_feature_rank_percentile,REACTOME_BILE_ACID_AND_BILE_SALT_METABOLISM,9,NA,mean_expression,23,4,0.49999999999999994,0.9347826086956521,0.43478260869565216,ESTIMATED
unit,truth_target_minus_non_target_feature_rank_percentile,REACTOME_BILE_ACID_AND_BILE_SALT_METABOLISM,9,NA,detection_fraction,23,4,0.4999999999999999,0.9347826086956521,0.4347826086956522,ESTIMATED
unit,truth_target_minus_non_target_feature_rank_percentile,REACTOME_BILE_ACID_AND_BILE_SALT_METABOLISM,9,NA,expression_sd,23,4,0.4999999999999999,0.9347826086956521,0.4347826086956522,ESTIMATED
unit,spearman_masking_delta_vs_feature,REACTOME_BILE_ACID_AND_BILE_SALT_METABOLISM,9,vanilla_scpa,mean_expression,23,4,0.12069125104073536,,,ESTIMATED
unit,spearman_negative_rank_vs_feature,REACTOME_BILE_ACID_AND_BILE_SALT_METABOLISM,9,vanilla_scpa,mean_expression,23,4,0.08302446509946437,,,ESTIMATED
unit,spearman_masking_delta_vs_feature,REACTOME_BILE_ACID_AND_BILE_SALT_METABOLISM,9,vanilla_scpa,detection_fraction,23,4,0.1222238440556916,,,ESTIMATED
unit,spearman_negative_rank_vs_feature,REACTOME_BILE_ACID_AND_BILE_SALT_METABOLISM,9,vanilla_scpa,detection_fraction,23,4,0.08798814718089384,,,ESTIMATED
unit,spearman_masking_delta_vs_feature,REACTOME_BILE_ACID_AND_BILE_SALT_METABOLISM,9,vanilla_scpa,expression_sd,23,4,0.11968966389516908,,,ESTIMATED
unit,spearman_negative_rank_vs_feature,REACTOME_BILE_ACID_AND_BILE_SALT_METABOLISM,9,vanilla_scpa,expression_sd,23,4,0.08203607861018503,,,ESTIMATED
unit,spearman_masking_delta_vs_feature,REACTOME_BILE_ACID_AND_BILE_SALT_METABOLISM,9,genept_scpa,mean_expression,23,4,0.22985555382228634,,,ESTIMATED
unit,spearman_negative_rank_vs_feature,REACTOME_BILE_ACID_AND_BILE_SALT_METABOLISM,9,genept_scpa,mean_expression,23,4,0.20706696950402126,,,ESTIMATED
unit,spearman_masking_delta_vs_feature,REACTOME_BILE_ACID_AND_BILE_SALT_METABOLISM,9,genept_scpa,detection_fraction,23,4,0.22792180203576123,,,ESTIMATED
unit,spearman_negative_rank_vs_feature,REACTOME_BILE_ACID_AND_BILE_SALT_METABOLISM,9,genept_scpa,detection_fraction,23,4,0.2076124821122214,,,ESTIMATED
unit,spearman_masking_delta_vs_feature,REACTOME_BILE_ACID_AND_BILE_SALT_METABOLISM,9,genept_scpa,expression_sd,23,4,0.22338775685326098,,,ESTIMATED
unit,spearman_negative_rank_vs_feature,REACTOME_BILE_ACID_AND_BILE_SALT_METABOLISM,9,genept_scpa,expression_sd,23,4,0.20410181003618325,,,ESTIMATED
unit,truth_target_minus_non_target_feature_rank_percentile,REACTOME_BILE_ACID_AND_BILE_SALT_METABOLISM,10,NA,mean_expression,23,4,0.49999999999999994,0.9347826086956521,0.43478260869565216,ESTIMATED
unit,truth_target_minus_non_target_feature_rank_percentile,REACTOME_BILE_ACID_AND_BILE_SALT_METABOLISM,10,NA,detection_fraction,23,4,0.4999999999999999,0.9347826086956521,0.4347826086956522,ESTIMATED
unit,truth_target_minus_non_target_feature_rank_percentile,REACTOME_BILE_ACID_AND_BILE_SALT_METABOLISM,10,NA,expression_sd,23,4,0.4999999999999999,0.9347826086956521,0.4347826086956522,ESTIMATED
unit,spearman_masking_delta_vs_feature,REACTOME_BILE_ACID_AND_BILE_SALT_METABOLISM,10,vanilla_scpa,mean_expression,23,4,0.12069125104073536,,,ESTIMATED
unit,spearman_negative_rank_vs_feature,REACTOME_BILE_ACID_AND_BILE_SALT_METABOLISM,10,vanilla_scpa,mean_expression,23,4,0.08302446509946437,,,ESTIMATED
unit,spearman_masking_delta_vs_feature,REACTOME_BILE_ACID_AND_BILE_SALT_METABOLISM,10,vanilla_scpa,detection_fraction,23,4,0.1222238440556916,,,ESTIMATED
unit,spearman_negative_rank_vs_feature,REACTOME_BILE_ACID_AND_BILE_SALT_METABOLISM,10,vanilla_scpa,detection_fraction,23,4,0.08798814718089384,,,ESTIMATED
unit,spearman_masking_delta_vs_feature,REACTOME_BILE_ACID_AND_BILE_SALT_METABOLISM,10,vanilla_scpa,expression_sd,23,4,0.11968966389516908,,,ESTIMATED
unit,spearman_negative_rank_vs_feature,REACTOME_BILE_ACID_AND_BILE_SALT_METABOLISM,10,vanilla_scpa,expression_sd,23,4,0.08203607861018503,,,ESTIMATED
unit,spearman_masking_delta_vs_feature,REACTOME_BILE_ACID_AND_BILE_SALT_METABOLISM,10,genept_scpa,mean_expression,23,4,0.22985555382228634,,,ESTIMATED
unit,spearman_negative_rank_vs_feature,REACTOME_BILE_ACID_AND_BILE_SALT_METABOLISM,10,genept_scpa,mean_expression,23,4,0.20706696950402126,,,ESTIMATED
unit,spearman_masking_delta_vs_feature,REACTOME_BILE_ACID_AND_BILE_SALT_METABOLISM,10,genept_scpa,detection_fraction,23,4,0.22792180203576123,,,ESTIMATED
unit,spearman_negative_rank_vs_feature,REACTOME_BILE_ACID_AND_BILE_SALT_METABOLISM,10,genept_scpa,detection_fraction,23,4,0.2076124821122214,,,ESTIMATED
unit,spearman_masking_delta_vs_feature,REACTOME_BILE_ACID_AND_BILE_SALT_METABOLISM,10,genept_scpa,expression_sd,23,4,0.22338775685326098,,,ESTIMATED
unit,spearman_negative_rank_vs_feature,REACTOME_BILE_ACID_AND_BILE_SALT_METABOLISM,10,genept_scpa,expression_sd,23,4,0.20410181003618325,,,ESTIMATED
unit,truth_target_minus_non_target_feature_rank_percentile,REACTOME_BILE_ACID_AND_BILE_SALT_METABOLISM,11,NA,mean_expression,23,4,0.49999999999999994,0.9347826086956521,0.43478260869565216,ESTIMATED
unit,truth_target_minus_non_target_feature_rank_percentile,REACTOME_BILE_ACID_AND_BILE_SALT_METABOLISM,11,NA,detection_fraction,23,4,0.4999999999999999,0.9347826086956521,0.4347826086956522,ESTIMATED
unit,truth_target_minus_non_target_feature_rank_percentile,REACTOME_BILE_ACID_AND_BILE_SALT_METABOLISM,11,NA,expression_sd,23,4,0.4999999999999999,0.9347826086956521,0.4347826086956522,ESTIMATED
unit,spearman_masking_delta_vs_feature,REACTOME_BILE_ACID_AND_BILE_SALT_METABOLISM,11,vanilla_scpa,mean_expression,23,4,0.12069125104073536,,,ESTIMATED
unit,spearman_negative_rank_vs_feature,REACTOME_BILE_ACID_AND_BILE_SALT_METABOLISM,11,vanilla_scpa,mean_expression,23,4,0.08302446509946437,,,ESTIMATED
unit,spearman_masking_delta_vs_feature,REACTOME_BILE_ACID_AND_BILE_SALT_METABOLISM,11,vanilla_scpa,detection_fraction,23,4,0.1222238440556916,,,ESTIMATED
unit,spearman_negative_rank_vs_feature,REACTOME_BILE_ACID_AND_BILE_SALT_METABOLISM,11,vanilla_scpa,detection_fraction,23,4,0.08798814718089384,,,ESTIMATED
unit,spearman_masking_delta_vs_feature,REACTOME_BILE_ACID_AND_BILE_SALT_METABOLISM,11,vanilla_scpa,expression_sd,23,4,0.11968966389516908,,,ESTIMATED
unit,spearman_negative_rank_vs_feature,REACTOME_BILE_ACID_AND_BILE_SALT_METABOLISM,11,vanilla_scpa,expression_sd,23,4,0.08203607861018503,,,ESTIMATED
unit,spearman_masking_delta_vs_feature,REACTOME_BILE_ACID_AND_BILE_SALT_METABOLISM,11,genept_scpa,mean_expression,23,4,0.22985555382228634,,,ESTIMATED
unit,spearman_negative_rank_vs_feature,REACTOME_BILE_ACID_AND_BILE_SALT_METABOLISM,11,genept_scpa,mean_expression,23,4,0.20706696950402126,,,ESTIMATED
unit,spearman_masking_delta_vs_feature,REACTOME_BILE_ACID_AND_BILE_SALT_METABOLISM,11,genept_scpa,detection_fraction,23,4,0.22792180203576123,,,ESTIMATED
unit,spearman_negative_rank_vs_feature,REACTOME_BILE_ACID_AND_BILE_SALT_METABOLISM,11,genept_scpa,detection_fraction,23,4,0.2076124821122214,,,ESTIMATED
unit,spearman_masking_delta_vs_feature,REACTOME_BILE_ACID_AND_BILE_SALT_METABOLISM,11,genept_scpa,expression_sd,23,4,0.22338775685326098,,,ESTIMATED
unit,spearman_negative_rank_vs_feature,REACTOME_BILE_ACID_AND_BILE_SALT_METABOLISM,11,genept_scpa,expression_sd,23,4,0.20410181003618325,,,ESTIMATED
unit,truth_target_minus_non_target_feature_rank_percentile,REACTOME_BILE_ACID_AND_BILE_SALT_METABOLISM,12,NA,mean_expression,23,4,0.49999999999999994,0.9347826086956521,0.43478260869565216,ESTIMATED
unit,truth_target_minus_non_target_feature_rank_percentile,REACTOME_BILE_ACID_AND_BILE_SALT_METABOLISM,12,NA,detection_fraction,23,4,0.4999999999999999,0.9347826086956521,0.4347826086956522,ESTIMATED
unit,truth_target_minus_non_target_feature_rank_percentile,REACTOME_BILE_ACID_AND_BILE_SALT_METABOLISM,12,NA,expression_sd,23,4,0.4999999999999999,0.9347826086956521,0.4347826086956522,ESTIMATED
unit,spearman_masking_delta_vs_feature,REACTOME_BILE_ACID_AND_BILE_SALT_METABOLISM,12,vanilla_scpa,mean_expression,23,4,0.12069125104073536,,,ESTIMATED
unit,spearman_negative_rank_vs_feature,REACTOME_BILE_ACID_AND_BILE_SALT_METABOLISM,12,vanilla_scpa,mean_expression,23,4,0.08302446509946437,,,ESTIMATED
unit,spearman_masking_delta_vs_feature,REACTOME_BILE_ACID_AND_BILE_SALT_METABOLISM,12,vanilla_scpa,detection_fraction,23,4,0.1222238440556916,,,ESTIMATED
unit,spearman_negative_rank_vs_feature,REACTOME_BILE_ACID_AND_BILE_SALT_METABOLISM,12,vanilla_scpa,detection_fraction,23,4,0.08798814718089384,,,ESTIMATED
unit,spearman_masking_delta_vs_feature,REACTOME_BILE_ACID_AND_BILE_SALT_METABOLISM,12,vanilla_scpa,expression_sd,23,4,0.11968966389516908,,,ESTIMATED
unit,spearman_negative_rank_vs_feature,REACTOME_BILE_ACID_AND_BILE_SALT_METABOLISM,12,vanilla_scpa,expression_sd,23,4,0.08203607861018503,,,ESTIMATED
unit,spearman_masking_delta_vs_feature,REACTOME_BILE_ACID_AND_BILE_SALT_METABOLISM,12,genept_scpa,mean_expression,23,4,0.22985555382228634,,,ESTIMATED
unit,spearman_negative_rank_vs_feature,REACTOME_BILE_ACID_AND_BILE_SALT_METABOLISM,12,genept_scpa,mean_expression,23,4,0.20706696950402126,,,ESTIMATED
unit,spearman_masking_delta_vs_feature,REACTOME_BILE_ACID_AND_BILE_SALT_METABOLISM,12,genept_scpa,detection_fraction,23,4,0.22792180203576123,,,ESTIMATED
unit,spearman_negative_rank_vs_feature,REACTOME_BILE_ACID_AND_BILE_SALT_METABOLISM,12,genept_scpa,detection_fraction,23,4,0.2076124821122214,,,ESTIMATED
unit,spearman_masking_delta_vs_feature,REACTOME_BILE_ACID_AND_BILE_SALT_METABOLISM,12,genept_scpa,expression_sd,23,4,0.22338775685326098,,,ESTIMATED
unit,spearman_negative_rank_vs_feature,REACTOME_BILE_ACID_AND_BILE_SALT_METABOLISM,12,genept_scpa,expression_sd,23,4,0.20410181003618325,,,ESTIMATED
unit,truth_target_minus_non_target_feature_rank_percentile,REACTOME_BILE_ACID_AND_BILE_SALT_METABOLISM,13,NA,mean_expression,23,4,0.49999999999999994,0.9347826086956521,0.43478260869565216,ESTIMATED
unit,truth_target_minus_non_target_feature_rank_percentile,REACTOME_BILE_ACID_AND_BILE_SALT_METABOLISM,13,NA,detection_fraction,23,4,0.4999999999999999,0.9347826086956521,0.4347826086956522,ESTIMATED
unit,truth_target_minus_non_target_feature_rank_percentile,REACTOME_BILE_ACID_AND_BILE_SALT_METABOLISM,13,NA,expression_sd,23,4,0.4999999999999999,0.9347826086956521,0.4347826086956522,ESTIMATED
unit,spearman_masking_delta_vs_feature,REACTOME_BILE_ACID_AND_BILE_SALT_METABOLISM,13,vanilla_scpa,mean_expression,23,4,0.12069125104073536,,,ESTIMATED
unit,spearman_negative_rank_vs_feature,REACTOME_BILE_ACID_AND_BILE_SALT_METABOLISM,13,vanilla_scpa,mean_expression,23,4,0.08302446509946437,,,ESTIMATED
unit,spearman_masking_delta_vs_feature,REACTOME_BILE_ACID_AND_BILE_SALT_METABOLISM,13,vanilla_scpa,detection_fraction,23,4,0.1222238440556916,,,ESTIMATED
unit,spearman_negative_rank_vs_feature,REACTOME_BILE_ACID_AND_BILE_SALT_METABOLISM,13,vanilla_scpa,detection_fraction,23,4,0.08798814718089384,,,ESTIMATED
unit,spearman_masking_delta_vs_feature,REACTOME_BILE_ACID_AND_BILE_SALT_METABOLISM,13,vanilla_scpa,expression_sd,23,4,0.11968966389516908,,,ESTIMATED
unit,spearman_negative_rank_vs_feature,REACTOME_BILE_ACID_AND_BILE_SALT_METABOLISM,13,vanilla_scpa,expression_sd,23,4,0.08203607861018503,,,ESTIMATED
unit,spearman_masking_delta_vs_feature,REACTOME_BILE_ACID_AND_BILE_SALT_METABOLISM,13,genept_scpa,mean_expression,23,4,0.22985555382228634,,,ESTIMATED
unit,spearman_negative_rank_vs_feature,REACTOME_BILE_ACID_AND_BILE_SALT_METABOLISM,13,genept_scpa,mean_expression,23,4,0.20706696950402126,,,ESTIMATED
unit,spearman_masking_delta_vs_feature,REACTOME_BILE_ACID_AND_BILE_SALT_METABOLISM,13,genept_scpa,detection_fraction,23,4,0.22792180203576123,,,ESTIMATED
unit,spearman_negative_rank_vs_feature,REACTOME_BILE_ACID_AND_BILE_SALT_METABOLISM,13,genept_scpa,detection_fraction,23,4,0.2076124821122214,,,ESTIMATED
unit,spearman_masking_delta_vs_feature,REACTOME_BILE_ACID_AND_BILE_SALT_METABOLISM,13,genept_scpa,expression_sd,23,4,0.22338775685326098,,,ESTIMATED
unit,spearman_negative_rank_vs_feature,REACTOME_BILE_ACID_AND_BILE_SALT_METABOLISM,13,genept_scpa,expression_sd,23,4,0.20410181003618325,,,ESTIMATED
unit,truth_target_minus_non_target_feature_rank_percentile,REACTOME_BILE_ACID_AND_BILE_SALT_METABOLISM,14,NA,mean_expression,23,4,0.49999999999999994,0.9347826086956521,0.43478260869565216,ESTIMATED
unit,truth_target_minus_non_target_feature_rank_percentile,REACTOME_BILE_ACID_AND_BILE_SALT_METABOLISM,14,NA,detection_fraction,23,4,0.4999999999999999,0.9347826086956521,0.4347826086956522,ESTIMATED
unit,truth_target_minus_non_target_feature_rank_percentile,REACTOME_BILE_ACID_AND_BILE_SALT_METABOLISM,14,NA,expression_sd,23,4,0.4999999999999999,0.9347826086956521,0.4347826086956522,ESTIMATED
unit,spearman_masking_delta_vs_feature,REACTOME_BILE_ACID_AND_BILE_SALT_METABOLISM,14,vanilla_scpa,mean_expression,23,4,0.12069125104073536,,,ESTIMATED
unit,spearman_negative_rank_vs_feature,REACTOME_BILE_ACID_AND_BILE_SALT_METABOLISM,14,vanilla_scpa,mean_expression,23,4,0.08302446509946437,,,ESTIMATED
unit,spearman_masking_delta_vs_feature,REACTOME_BILE_ACID_AND_BILE_SALT_METABOLISM,14,vanilla_scpa,detection_fraction,23,4,0.1222238440556916,,,ESTIMATED
unit,spearman_negative_rank_vs_feature,REACTOME_BILE_ACID_AND_BILE_SALT_METABOLISM,14,vanilla_scpa,detection_fraction,23,4,0.08798814718089384,,,ESTIMATED
unit,spearman_masking_delta_vs_feature,REACTOME_BILE_ACID_AND_BILE_SALT_METABOLISM,14,vanilla_scpa,expression_sd,23,4,0.11968966389516908,,,ESTIMATED
unit,spearman_negative_rank_vs_feature,REACTOME_BILE_ACID_AND_BILE_SALT_METABOLISM,14,vanilla_scpa,expression_sd,23,4,0.08203607861018503,,,ESTIMATED
unit,spearman_masking_delta_vs_feature,REACTOME_BILE_ACID_AND_BILE_SALT_METABOLISM,14,genept_scpa,mean_expression,23,4,0.22985555382228634,,,ESTIMATED
unit,spearman_negative_rank_vs_feature,REACTOME_BILE_ACID_AND_BILE_SALT_METABOLISM,14,genept_scpa,mean_expression,23,4,0.20706696950402126,,,ESTIMATED
unit,spearman_masking_delta_vs_feature,REACTOME_BILE_ACID_AND_BILE_SALT_METABOLISM,14,genept_scpa,detection_fraction,23,4,0.22792180203576123,,,ESTIMATED
unit,spearman_negative_rank_vs_feature,REACTOME_BILE_ACID_AND_BILE_SALT_METABOLISM,14,genept_scpa,detection_fraction,23,4,0.2076124821122214,,,ESTIMATED
unit,spearman_masking_delta_vs_feature,REACTOME_BILE_ACID_AND_BILE_SALT_METABOLISM,14,genept_scpa,expression_sd,23,4,0.22338775685326098,,,ESTIMATED
unit,spearman_negative_rank_vs_feature,REACTOME_BILE_ACID_AND_BILE_SALT_METABOLISM,14,genept_scpa,expression_sd,23,4,0.20410181003618325,,,ESTIMATED
unit,truth_target_minus_non_target_feature_rank_percentile,REACTOME_BILE_ACID_AND_BILE_SALT_METABOLISM,15,NA,mean_expression,23,4,0.49999999999999994,0.9347826086956521,0.43478260869565216,ESTIMATED
unit,truth_target_minus_non_target_feature_rank_percentile,REACTOME_BILE_ACID_AND_BILE_SALT_METABOLISM,15,NA,detection_fraction,23,4,0.4999999999999999,0.9347826086956521,0.4347826086956522,ESTIMATED
unit,truth_target_minus_non_target_feature_rank_percentile,REACTOME_BILE_ACID_AND_BILE_SALT_METABOLISM,15,NA,expression_sd,23,4,0.4999999999999999,0.9347826086956521,0.4347826086956522,ESTIMATED
unit,spearman_masking_delta_vs_feature,REACTOME_BILE_ACID_AND_BILE_SALT_METABOLISM,15,vanilla_scpa,mean_expression,23,4,0.12069125104073536,,,ESTIMATED
unit,spearman_negative_rank_vs_feature,REACTOME_BILE_ACID_AND_BILE_SALT_METABOLISM,15,vanilla_scpa,mean_expression,23,4,0.08302446509946437,,,ESTIMATED
unit,spearman_masking_delta_vs_feature,REACTOME_BILE_ACID_AND_BILE_SALT_METABOLISM,15,vanilla_scpa,detection_fraction,23,4,0.1222238440556916,,,ESTIMATED
unit,spearman_negative_rank_vs_feature,REACTOME_BILE_ACID_AND_BILE_SALT_METABOLISM,15,vanilla_scpa,detection_fraction,23,4,0.08798814718089384,,,ESTIMATED
unit,spearman_masking_delta_vs_feature,REACTOME_BILE_ACID_AND_BILE_SALT_METABOLISM,15,vanilla_scpa,expression_sd,23,4,0.11968966389516908,,,ESTIMATED
unit,spearman_negative_rank_vs_feature,REACTOME_BILE_ACID_AND_BILE_SALT_METABOLISM,15,vanilla_scpa,expression_sd,23,4,0.08203607861018503,,,ESTIMATED
unit,spearman_masking_delta_vs_feature,REACTOME_BILE_ACID_AND_BILE_SALT_METABOLISM,15,genept_scpa,mean_expression,23,4,0.22985555382228634,,,ESTIMATED
unit,spearman_negative_rank_vs_feature,REACTOME_BILE_ACID_AND_BILE_SALT_METABOLISM,15,genept_scpa,mean_expression,23,4,0.20706696950402126,,,ESTIMATED
unit,spearman_masking_delta_vs_feature,REACTOME_BILE_ACID_AND_BILE_SALT_METABOLISM,15,genept_scpa,detection_fraction,23,4,0.22792180203576123,,,ESTIMATED
unit,spearman_negative_rank_vs_feature,REACTOME_BILE_ACID_AND_BILE_SALT_METABOLISM,15,genept_scpa,detection_fraction,23,4,0.2076124821122214,,,ESTIMATED
unit,spearman_masking_delta_vs_feature,REACTOME_BILE_ACID_AND_BILE_SALT_METABOLISM,15,genept_scpa,expression_sd,23,4,0.22338775685326098,,,ESTIMATED
unit,spearman_negative_rank_vs_feature,REACTOME_BILE_ACID_AND_BILE_SALT_METABOLISM,15,genept_scpa,expression_sd,23,4,0.20410181003618325,,,ESTIMATED
unit,truth_target_minus_non_target_feature_rank_percentile,REACTOME_BILE_ACID_AND_BILE_SALT_METABOLISM,16,NA,mean_expression,23,4,0.49999999999999994,0.9347826086956521,0.43478260869565216,ESTIMATED
unit,truth_target_minus_non_target_feature_rank_percentile,REACTOME_BILE_ACID_AND_BILE_SALT_METABOLISM,16,NA,detection_fraction,23,4,0.4999999999999999,0.9347826086956521,0.4347826086956522,ESTIMATED
unit,truth_target_minus_non_target_feature_rank_percentile,REACTOME_BILE_ACID_AND_BILE_SALT_METABOLISM,16,NA,expression_sd,23,4,0.4999999999999999,0.9347826086956521,0.4347826086956522,ESTIMATED
unit,spearman_masking_delta_vs_feature,REACTOME_BILE_ACID_AND_BILE_SALT_METABOLISM,16,vanilla_scpa,mean_expression,23,4,0.12069125104073536,,,ESTIMATED
unit,spearman_negative_rank_vs_feature,REACTOME_BILE_ACID_AND_BILE_SALT_METABOLISM,16,vanilla_scpa,mean_expression,23,4,0.08302446509946437,,,ESTIMATED
unit,spearman_masking_delta_vs_feature,REACTOME_BILE_ACID_AND_BILE_SALT_METABOLISM,16,vanilla_scpa,detection_fraction,23,4,0.1222238440556916,,,ESTIMATED
unit,spearman_negative_rank_vs_feature,REACTOME_BILE_ACID_AND_BILE_SALT_METABOLISM,16,vanilla_scpa,detection_fraction,23,4,0.08798814718089384,,,ESTIMATED
unit,spearman_masking_delta_vs_feature,REACTOME_BILE_ACID_AND_BILE_SALT_METABOLISM,16,vanilla_scpa,expression_sd,23,4,0.11968966389516908,,,ESTIMATED
unit,spearman_negative_rank_vs_feature,REACTOME_BILE_ACID_AND_BILE_SALT_METABOLISM,16,vanilla_scpa,expression_sd,23,4,0.08203607861018503,,,ESTIMATED
unit,spearman_masking_delta_vs_feature,REACTOME_BILE_ACID_AND_BILE_SALT_METABOLISM,16,genept_scpa,mean_expression,23,4,0.22985555382228634,,,ESTIMATED
unit,spearman_negative_rank_vs_feature,REACTOME_BILE_ACID_AND_BILE_SALT_METABOLISM,16,genept_scpa,mean_expression,23,4,0.20706696950402126,,,ESTIMATED
unit,spearman_masking_delta_vs_feature,REACTOME_BILE_ACID_AND_BILE_SALT_METABOLISM,16,genept_scpa,detection_fraction,23,4,0.22792180203576123,,,ESTIMATED
unit,spearman_negative_rank_vs_feature,REACTOME_BILE_ACID_AND_BILE_SALT_METABOLISM,16,genept_scpa,detection_fraction,23,4,0.2076124821122214,,,ESTIMATED
unit,spearman_masking_delta_vs_feature,REACTOME_BILE_ACID_AND_BILE_SALT_METABOLISM,16,genept_scpa,expression_sd,23,4,0.22338775685326098,,,ESTIMATED
unit,spearman_negative_rank_vs_feature,REACTOME_BILE_ACID_AND_BILE_SALT_METABOLISM,16,genept_scpa,expression_sd,23,4,0.20410181003618325,,,ESTIMATED
unit,truth_target_minus_non_target_feature_rank_percentile,REACTOME_BILE_ACID_AND_BILE_SALT_METABOLISM,17,NA,mean_expression,23,4,0.49999999999999994,0.9347826086956521,0.43478260869565216,ESTIMATED
unit,truth_target_minus_non_target_feature_rank_percentile,REACTOME_BILE_ACID_AND_BILE_SALT_METABOLISM,17,NA,detection_fraction,23,4,0.4999999999999999,0.9347826086956521,0.4347826086956522,ESTIMATED
unit,truth_target_minus_non_target_feature_rank_percentile,REACTOME_BILE_ACID_AND_BILE_SALT_METABOLISM,17,NA,expression_sd,23,4,0.4999999999999999,0.9347826086956521,0.4347826086956522,ESTIMATED
unit,spearman_masking_delta_vs_feature,REACTOME_BILE_ACID_AND_BILE_SALT_METABOLISM,17,vanilla_scpa,mean_expression,23,4,0.12069125104073536,,,ESTIMATED
unit,spearman_negative_rank_vs_feature,REACTOME_BILE_ACID_AND_BILE_SALT_METABOLISM,17,vanilla_scpa,mean_expression,23,4,0.08302446509946437,,,ESTIMATED
unit,spearman_masking_delta_vs_feature,REACTOME_BILE_ACID_AND_BILE_SALT_METABOLISM,17,vanilla_scpa,detection_fraction,23,4,0.1222238440556916,,,ESTIMATED
unit,spearman_negative_rank_vs_feature,REACTOME_BILE_ACID_AND_BILE_SALT_METABOLISM,17,vanilla_scpa,detection_fraction,23,4,0.08798814718089384,,,ESTIMATED
unit,spearman_masking_delta_vs_feature,REACTOME_BILE_ACID_AND_BILE_SALT_METABOLISM,17,vanilla_scpa,expression_sd,23,4,0.11968966389516908,,,ESTIMATED
unit,spearman_negative_rank_vs_feature,REACTOME_BILE_ACID_AND_BILE_SALT_METABOLISM,17,vanilla_scpa,expression_sd,23,4,0.08203607861018503,,,ESTIMATED
unit,spearman_masking_delta_vs_feature,REACTOME_BILE_ACID_AND_BILE_SALT_METABOLISM,17,genept_scpa,mean_expression,23,4,0.22985555382228634,,,ESTIMATED
unit,spearman_negative_rank_vs_feature,REACTOME_BILE_ACID_AND_BILE_SALT_METABOLISM,17,genept_scpa,mean_expression,23,4,0.20706696950402126,,,ESTIMATED
unit,spearman_masking_delta_vs_feature,REACTOME_BILE_ACID_AND_BILE_SALT_METABOLISM,17,genept_scpa,detection_fraction,23,4,0.22792180203576123,,,ESTIMATED
unit,spearman_negative_rank_vs_feature,REACTOME_BILE_ACID_AND_BILE_SALT_METABOLISM,17,genept_scpa,detection_fraction,23,4,0.2076124821122214,,,ESTIMATED
unit,spearman_masking_delta_vs_feature,REACTOME_BILE_ACID_AND_BILE_SALT_METABOLISM,17,genept_scpa,expression_sd,23,4,0.22338775685326098,,,ESTIMATED
unit,spearman_negative_rank_vs_feature,REACTOME_BILE_ACID_AND_BILE_SALT_METABOLISM,17,genept_scpa,expression_sd,23,4,0.20410181003618325,,,ESTIMATED
unit,truth_target_minus_non_target_feature_rank_percentile,REACTOME_BILE_ACID_AND_BILE_SALT_METABOLISM,18,NA,mean_expression,23,4,0.49999999999999994,0.9347826086956521,0.43478260869565216,ESTIMATED
unit,truth_target_minus_non_target_feature_rank_percentile,REACTOME_BILE_ACID_AND_BILE_SALT_METABOLISM,18,NA,detection_fraction,23,4,0.4999999999999999,0.9347826086956521,0.4347826086956522,ESTIMATED
unit,truth_target_minus_non_target_feature_rank_percentile,REACTOME_BILE_ACID_AND_BILE_SALT_METABOLISM,18,NA,expression_sd,23,4,0.4999999999999999,0.9347826086956521,0.4347826086956522,ESTIMATED
unit,spearman_masking_delta_vs_feature,REACTOME_BILE_ACID_AND_BILE_SALT_METABOLISM,18,vanilla_scpa,mean_expression,23,4,0.12069125104073536,,,ESTIMATED
unit,spearman_negative_rank_vs_feature,REACTOME_BILE_ACID_AND_BILE_SALT_METABOLISM,18,vanilla_scpa,mean_expression,23,4,0.08302446509946437,,,ESTIMATED
unit,spearman_masking_delta_vs_feature,REACTOME_BILE_ACID_AND_BILE_SALT_METABOLISM,18,vanilla_scpa,detection_fraction,23,4,0.1222238440556916,,,ESTIMATED
unit,spearman_negative_rank_vs_feature,REACTOME_BILE_ACID_AND_BILE_SALT_METABOLISM,18,vanilla_scpa,detection_fraction,23,4,0.08798814718089384,,,ESTIMATED
unit,spearman_masking_delta_vs_feature,REACTOME_BILE_ACID_AND_BILE_SALT_METABOLISM,18,vanilla_scpa,expression_sd,23,4,0.11968966389516908,,,ESTIMATED
unit,spearman_negative_rank_vs_feature,REACTOME_BILE_ACID_AND_BILE_SALT_METABOLISM,18,vanilla_scpa,expression_sd,23,4,0.08203607861018503,,,ESTIMATED
unit,spearman_masking_delta_vs_feature,REACTOME_BILE_ACID_AND_BILE_SALT_METABOLISM,18,genept_scpa,mean_expression,23,4,0.22985555382228634,,,ESTIMATED
unit,spearman_negative_rank_vs_feature,REACTOME_BILE_ACID_AND_BILE_SALT_METABOLISM,18,genept_scpa,mean_expression,23,4,0.20706696950402126,,,ESTIMATED
unit,spearman_masking_delta_vs_feature,REACTOME_BILE_ACID_AND_BILE_SALT_METABOLISM,18,genept_scpa,detection_fraction,23,4,0.22792180203576123,,,ESTIMATED
unit,spearman_negative_rank_vs_feature,REACTOME_BILE_ACID_AND_BILE_SALT_METABOLISM,18,genept_scpa,detection_fraction,23,4,0.2076124821122214,,,ESTIMATED
unit,spearman_masking_delta_vs_feature,REACTOME_BILE_ACID_AND_BILE_SALT_METABOLISM,18,genept_scpa,expression_sd,23,4,0.22338775685326098,,,ESTIMATED
unit,spearman_negative_rank_vs_feature,REACTOME_BILE_ACID_AND_BILE_SALT_METABOLISM,18,genept_scpa,expression_sd,23,4,0.20410181003618325,,,ESTIMATED
unit,truth_target_minus_non_target_feature_rank_percentile,REACTOME_BILE_ACID_AND_BILE_SALT_METABOLISM,19,NA,mean_expression,23,4,0.49999999999999994,0.9347826086956521,0.43478260869565216,ESTIMATED
unit,truth_target_minus_non_target_feature_rank_percentile,REACTOME_BILE_ACID_AND_BILE_SALT_METABOLISM,19,NA,detection_fraction,23,4,0.4999999999999999,0.9347826086956521,0.4347826086956522,ESTIMATED
unit,truth_target_minus_non_target_feature_rank_percentile,REACTOME_BILE_ACID_AND_BILE_SALT_METABOLISM,19,NA,expression_sd,23,4,0.4999999999999999,0.9347826086956521,0.4347826086956522,ESTIMATED
unit,spearman_masking_delta_vs_feature,REACTOME_BILE_ACID_AND_BILE_SALT_METABOLISM,19,vanilla_scpa,mean_expression,23,4,0.12069125104073536,,,ESTIMATED
unit,spearman_negative_rank_vs_feature,REACTOME_BILE_ACID_AND_BILE_SALT_METABOLISM,19,vanilla_scpa,mean_expression,23,4,0.08302446509946437,,,ESTIMATED
unit,spearman_masking_delta_vs_feature,REACTOME_BILE_ACID_AND_BILE_SALT_METABOLISM,19,vanilla_scpa,detection_fraction,23,4,0.1222238440556916,,,ESTIMATED
unit,spearman_negative_rank_vs_feature,REACTOME_BILE_ACID_AND_BILE_SALT_METABOLISM,19,vanilla_scpa,detection_fraction,23,4,0.08798814718089384,,,ESTIMATED
unit,spearman_masking_delta_vs_feature,REACTOME_BILE_ACID_AND_BILE_SALT_METABOLISM,19,vanilla_scpa,expression_sd,23,4,0.11968966389516908,,,ESTIMATED
unit,spearman_negative_rank_vs_feature,REACTOME_BILE_ACID_AND_BILE_SALT_METABOLISM,19,vanilla_scpa,expression_sd,23,4,0.08203607861018503,,,ESTIMATED
unit,spearman_masking_delta_vs_feature,REACTOME_BILE_ACID_AND_BILE_SALT_METABOLISM,19,genept_scpa,mean_expression,23,4,0.22985555382228634,,,ESTIMATED
unit,spearman_negative_rank_vs_feature,REACTOME_BILE_ACID_AND_BILE_SALT_METABOLISM,19,genept_scpa,mean_expression,23,4,0.20706696950402126,,,ESTIMATED
unit,spearman_masking_delta_vs_feature,REACTOME_BILE_ACID_AND_BILE_SALT_METABOLISM,19,genept_scpa,detection_fraction,23,4,0.22792180203576123,,,ESTIMATED
unit,spearman_negative_rank_vs_feature,REACTOME_BILE_ACID_AND_BILE_SALT_METABOLISM,19,genept_scpa,detection_fraction,23,4,0.2076124821122214,,,ESTIMATED
unit,spearman_masking_delta_vs_feature,REACTOME_BILE_ACID_AND_BILE_SALT_METABOLISM,19,genept_scpa,expression_sd,23,4,0.22338775685326098,,,ESTIMATED
unit,spearman_negative_rank_vs_feature,REACTOME_BILE_ACID_AND_BILE_SALT_METABOLISM,19,genept_scpa,expression_sd,23,4,0.20410181003618325,,,ESTIMATED
unit,truth_target_minus_non_target_feature_rank_percentile,REACTOME_BILE_ACID_AND_BILE_SALT_METABOLISM,20,NA,mean_expression,23,4,0.49999999999999994,0.9347826086956521,0.43478260869565216,ESTIMATED
unit,truth_target_minus_non_target_feature_rank_percentile,REACTOME_BILE_ACID_AND_BILE_SALT_METABOLISM,20,NA,detection_fraction,23,4,0.4999999999999999,0.9347826086956521,0.4347826086956522,ESTIMATED
unit,truth_target_minus_non_target_feature_rank_percentile,REACTOME_BILE_ACID_AND_BILE_SALT_METABOLISM,20,NA,expression_sd,23,4,0.4999999999999999,0.9347826086956521,0.4347826086956522,ESTIMATED
unit,spearman_masking_delta_vs_feature,REACTOME_BILE_ACID_AND_BILE_SALT_METABOLISM,20,vanilla_scpa,mean_expression,23,4,0.12069125104073536,,,ESTIMATED
unit,spearman_negative_rank_vs_feature,REACTOME_BILE_ACID_AND_BILE_SALT_METABOLISM,20,vanilla_scpa,mean_expression,23,4,0.08302446509946437,,,ESTIMATED
unit,spearman_masking_delta_vs_feature,REACTOME_BILE_ACID_AND_BILE_SALT_METABOLISM,20,vanilla_scpa,detection_fraction,23,4,0.1222238440556916,,,ESTIMATED
unit,spearman_negative_rank_vs_feature,REACTOME_BILE_ACID_AND_BILE_SALT_METABOLISM,20,vanilla_scpa,detection_fraction,23,4,0.08798814718089384,,,ESTIMATED
unit,spearman_masking_delta_vs_feature,REACTOME_BILE_ACID_AND_BILE_SALT_METABOLISM,20,vanilla_scpa,expression_sd,23,4,0.11968966389516908,,,ESTIMATED
unit,spearman_negative_rank_vs_feature,REACTOME_BILE_ACID_AND_BILE_SALT_METABOLISM,20,vanilla_scpa,expression_sd,23,4,0.08203607861018503,,,ESTIMATED
unit,spearman_masking_delta_vs_feature,REACTOME_BILE_ACID_AND_BILE_SALT_METABOLISM,20,genept_scpa,mean_expression,23,4,0.22985555382228634,,,ESTIMATED
unit,spearman_negative_rank_vs_feature,REACTOME_BILE_ACID_AND_BILE_SALT_METABOLISM,20,genept_scpa,mean_expression,23,4,0.20706696950402126,,,ESTIMATED
unit,spearman_masking_delta_vs_feature,REACTOME_BILE_ACID_AND_BILE_SALT_METABOLISM,20,genept_scpa,detection_fraction,23,4,0.22792180203576123,,,ESTIMATED
unit,spearman_negative_rank_vs_feature,REACTOME_BILE_ACID_AND_BILE_SALT_METABOLISM,20,genept_scpa,detection_fraction,23,4,0.2076124821122214,,,ESTIMATED
unit,spearman_masking_delta_vs_feature,REACTOME_BILE_ACID_AND_BILE_SALT_METABOLISM,20,genept_scpa,expression_sd,23,4,0.22338775685326098,,,ESTIMATED
unit,spearman_negative_rank_vs_feature,REACTOME_BILE_ACID_AND_BILE_SALT_METABOLISM,20,genept_scpa,expression_sd,23,4,0.20410181003618325,,,ESTIMATED
unit,truth_target_minus_non_target_feature_rank_percentile,REACTOME_COLLAGEN_BIOSYNTHESIS_AND_MODIFYING_ENZYMES,1,NA,mean_expression,32,5,0.08518518518518525,0.5875,0.5023148148148148,ESTIMATED
unit,truth_target_minus_non_target_feature_rank_percentile,REACTOME_COLLAGEN_BIOSYNTHESIS_AND_MODIFYING_ENZYMES,1,NA,detection_fraction,32,5,0.07777777777777783,0.58125,0.5034722222222222,ESTIMATED
unit,truth_target_minus_non_target_feature_rank_percentile,REACTOME_COLLAGEN_BIOSYNTHESIS_AND_MODIFYING_ENZYMES,1,NA,expression_sd,32,5,0.08518518518518525,0.5875,0.5023148148148148,ESTIMATED
unit,spearman_masking_delta_vs_feature,REACTOME_COLLAGEN_BIOSYNTHESIS_AND_MODIFYING_ENZYMES,1,vanilla_scpa,mean_expression,32,5,0.7113151915454023,,,ESTIMATED
unit,spearman_negative_rank_vs_feature,REACTOME_COLLAGEN_BIOSYNTHESIS_AND_MODIFYING_ENZYMES,1,vanilla_scpa,mean_expression,32,5,0.621239295714851,,,ESTIMATED
unit,spearman_masking_delta_vs_feature,REACTOME_COLLAGEN_BIOSYNTHESIS_AND_MODIFYING_ENZYMES,1,vanilla_scpa,detection_fraction,32,5,0.715344520647321,,,ESTIMATED
unit,spearman_negative_rank_vs_feature,REACTOME_COLLAGEN_BIOSYNTHESIS_AND_MODIFYING_ENZYMES,1,vanilla_scpa,detection_fraction,32,5,0.630733155815241,,,ESTIMATED
unit,spearman_masking_delta_vs_feature,REACTOME_COLLAGEN_BIOSYNTHESIS_AND_MODIFYING_ENZYMES,1,vanilla_scpa,expression_sd,32,5,0.707744730461237,,,ESTIMATED
unit,spearman_negative_rank_vs_feature,REACTOME_COLLAGEN_BIOSYNTHESIS_AND_MODIFYING_ENZYMES,1,vanilla_scpa,expression_sd,32,5,0.6175326173394641,,,ESTIMATED
unit,spearman_masking_delta_vs_feature,REACTOME_COLLAGEN_BIOSYNTHESIS_AND_MODIFYING_ENZYMES,1,genept_scpa,mean_expression,32,5,0.5241337702898483,,,ESTIMATED
unit,spearman_negative_rank_vs_feature,REACTOME_COLLAGEN_BIOSYNTHESIS_AND_MODIFYING_ENZYMES,1,genept_scpa,mean_expression,32,5,0.47927351393753126,,,ESTIMATED
unit,spearman_masking_delta_vs_feature,REACTOME_COLLAGEN_BIOSYNTHESIS_AND_MODIFYING_ENZYMES,1,genept_scpa,detection_fraction,32,5,0.5405806996517618,,,ESTIMATED
unit,spearman_negative_rank_vs_feature,REACTOME_COLLAGEN_BIOSYNTHESIS_AND_MODIFYING_ENZYMES,1,genept_scpa,detection_fraction,32,5,0.49582892987425603,,,ESTIMATED
unit,spearman_masking_delta_vs_feature,REACTOME_COLLAGEN_BIOSYNTHESIS_AND_MODIFYING_ENZYMES,1,genept_scpa,expression_sd,32,5,0.5235611551001652,,,ESTIMATED
unit,spearman_negative_rank_vs_feature,REACTOME_COLLAGEN_BIOSYNTHESIS_AND_MODIFYING_ENZYMES,1,genept_scpa,expression_sd,32,5,0.4789028460999926,,,ESTIMATED
unit,truth_target_minus_non_target_feature_rank_percentile,REACTOME_COLLAGEN_BIOSYNTHESIS_AND_MODIFYING_ENZYMES,2,NA,mean_expression,32,5,0.22592592592592597,0.70625,0.48032407407407407,ESTIMATED
unit,truth_target_minus_non_target_feature_rank_percentile,REACTOME_COLLAGEN_BIOSYNTHESIS_AND_MODIFYING_ENZYMES,2,NA,detection_fraction,32,5,0.22962962962962963,0.709375,0.47974537037037035,ESTIMATED
unit,truth_target_minus_non_target_feature_rank_percentile,REACTOME_COLLAGEN_BIOSYNTHESIS_AND_MODIFYING_ENZYMES,2,NA,expression_sd,32,5,0.22592592592592597,0.70625,0.48032407407407407,ESTIMATED
unit,spearman_masking_delta_vs_feature,REACTOME_COLLAGEN_BIOSYNTHESIS_AND_MODIFYING_ENZYMES,2,vanilla_scpa,mean_expression,32,5,0.7113151915454023,,,ESTIMATED
unit,spearman_negative_rank_vs_feature,REACTOME_COLLAGEN_BIOSYNTHESIS_AND_MODIFYING_ENZYMES,2,vanilla_scpa,mean_expression,32,5,0.621239295714851,,,ESTIMATED
unit,spearman_masking_delta_vs_feature,REACTOME_COLLAGEN_BIOSYNTHESIS_AND_MODIFYING_ENZYMES,2,vanilla_scpa,detection_fraction,32,5,0.715344520647321,,,ESTIMATED
unit,spearman_negative_rank_vs_feature,REACTOME_COLLAGEN_BIOSYNTHESIS_AND_MODIFYING_ENZYMES,2,vanilla_scpa,detection_fraction,32,5,0.630733155815241,,,ESTIMATED
unit,spearman_masking_delta_vs_feature,REACTOME_COLLAGEN_BIOSYNTHESIS_AND_MODIFYING_ENZYMES,2,vanilla_scpa,expression_sd,32,5,0.707744730461237,,,ESTIMATED
unit,spearman_negative_rank_vs_feature,REACTOME_COLLAGEN_BIOSYNTHESIS_AND_MODIFYING_ENZYMES,2,vanilla_scpa,expression_sd,32,5,0.6175326173394641,,,ESTIMATED
unit,spearman_masking_delta_vs_feature,REACTOME_COLLAGEN_BIOSYNTHESIS_AND_MODIFYING_ENZYMES,2,genept_scpa,mean_expression,32,5,0.5241337702898483,,,ESTIMATED
unit,spearman_negative_rank_vs_feature,REACTOME_COLLAGEN_BIOSYNTHESIS_AND_MODIFYING_ENZYMES,2,genept_scpa,mean_expression,32,5,0.47927351393753126,,,ESTIMATED
unit,spearman_masking_delta_vs_feature,REACTOME_COLLAGEN_BIOSYNTHESIS_AND_MODIFYING_ENZYMES,2,genept_scpa,detection_fraction,32,5,0.5405806996517618,,,ESTIMATED
unit,spearman_negative_rank_vs_feature,REACTOME_COLLAGEN_BIOSYNTHESIS_AND_MODIFYING_ENZYMES,2,genept_scpa,detection_fraction,32,5,0.49582892987425603,,,ESTIMATED
unit,spearman_masking_delta_vs_feature,REACTOME_COLLAGEN_BIOSYNTHESIS_AND_MODIFYING_ENZYMES,2,genept_scpa,expression_sd,32,5,0.5235611551001652,,,ESTIMATED
unit,spearman_negative_rank_vs_feature,REACTOME_COLLAGEN_BIOSYNTHESIS_AND_MODIFYING_ENZYMES,2,genept_scpa,expression_sd,32,5,0.4789028460999926,,,ESTIMATED
unit,truth_target_minus_non_target_feature_rank_percentile,REACTOME_COLLAGEN_BIOSYNTHESIS_AND_MODIFYING_ENZYMES,3,NA,mean_expression,32,5,0.15925925925925927,0.65,0.49074074074074076,ESTIMATED
unit,truth_target_minus_non_target_feature_rank_percentile,REACTOME_COLLAGEN_BIOSYNTHESIS_AND_MODIFYING_ENZYMES,3,NA,detection_fraction,32,5,0.15925925925925927,0.65,0.49074074074074076,ESTIMATED
unit,truth_target_minus_non_target_feature_rank_percentile,REACTOME_COLLAGEN_BIOSYNTHESIS_AND_MODIFYING_ENZYMES,3,NA,expression_sd,32,5,0.16666666666666669,0.65625,0.4895833333333333,ESTIMATED
unit,spearman_masking_delta_vs_feature,REACTOME_COLLAGEN_BIOSYNTHESIS_AND_MODIFYING_ENZYMES,3,vanilla_scpa,mean_expression,32,5,0.7113151915454023,,,ESTIMATED
unit,spearman_negative_rank_vs_feature,REACTOME_COLLAGEN_BIOSYNTHESIS_AND_MODIFYING_ENZYMES,3,vanilla_scpa,mean_expression,32,5,0.621239295714851,,,ESTIMATED
unit,spearman_masking_delta_vs_feature,REACTOME_COLLAGEN_BIOSYNTHESIS_AND_MODIFYING_ENZYMES,3,vanilla_scpa,detection_fraction,32,5,0.715344520647321,,,ESTIMATED
unit,spearman_negative_rank_vs_feature,REACTOME_COLLAGEN_BIOSYNTHESIS_AND_MODIFYING_ENZYMES,3,vanilla_scpa,detection_fraction,32,5,0.630733155815241,,,ESTIMATED
unit,spearman_masking_delta_vs_feature,REACTOME_COLLAGEN_BIOSYNTHESIS_AND_MODIFYING_ENZYMES,3,vanilla_scpa,expression_sd,32,5,0.707744730461237,,,ESTIMATED
unit,spearman_negative_rank_vs_feature,REACTOME_COLLAGEN_BIOSYNTHESIS_AND_MODIFYING_ENZYMES,3,vanilla_scpa,expression_sd,32,5,0.6175326173394641,,,ESTIMATED
unit,spearman_masking_delta_vs_feature,REACTOME_COLLAGEN_BIOSYNTHESIS_AND_MODIFYING_ENZYMES,3,genept_scpa,mean_expression,32,5,0.5241337702898483,,,ESTIMATED
unit,spearman_negative_rank_vs_feature,REACTOME_COLLAGEN_BIOSYNTHESIS_AND_MODIFYING_ENZYMES,3,genept_scpa,mean_expression,32,5,0.47927351393753126,,,ESTIMATED
unit,spearman_masking_delta_vs_feature,REACTOME_COLLAGEN_BIOSYNTHESIS_AND_MODIFYING_ENZYMES,3,genept_scpa,detection_fraction,32,5,0.5405806996517618,,,ESTIMATED
unit,spearman_negative_rank_vs_feature,REACTOME_COLLAGEN_BIOSYNTHESIS_AND_MODIFYING_ENZYMES,3,genept_scpa,detection_fraction,32,5,0.49582892987425603,,,ESTIMATED
unit,spearman_masking_delta_vs_feature,REACTOME_COLLAGEN_BIOSYNTHESIS_AND_MODIFYING_ENZYMES,3,genept_scpa,expression_sd,32,5,0.5235611551001652,,,ESTIMATED
unit,spearman_negative_rank_vs_feature,REACTOME_COLLAGEN_BIOSYNTHESIS_AND_MODIFYING_ENZYMES,3,genept_scpa,expression_sd,32,5,0.4789028460999926,,,ESTIMATED
unit,truth_target_minus_non_target_feature_rank_percentile,REACTOME_COLLAGEN_BIOSYNTHESIS_AND_MODIFYING_ENZYMES,4,NA,mean_expression,32,5,-0.13703703703703707,0.4,0.5370370370370371,ESTIMATED
unit,truth_target_minus_non_target_feature_rank_percentile,REACTOME_COLLAGEN_BIOSYNTHESIS_AND_MODIFYING_ENZYMES,4,NA,detection_fraction,32,5,-0.12222222222222223,0.4125,0.5347222222222222,ESTIMATED
unit,truth_target_minus_non_target_feature_rank_percentile,REACTOME_COLLAGEN_BIOSYNTHESIS_AND_MODIFYING_ENZYMES,4,NA,expression_sd,32,5,-0.13703703703703707,0.4,0.5370370370370371,ESTIMATED
unit,spearman_masking_delta_vs_feature,REACTOME_COLLAGEN_BIOSYNTHESIS_AND_MODIFYING_ENZYMES,4,vanilla_scpa,mean_expression,32,5,0.7113151915454023,,,ESTIMATED
unit,spearman_negative_rank_vs_feature,REACTOME_COLLAGEN_BIOSYNTHESIS_AND_MODIFYING_ENZYMES,4,vanilla_scpa,mean_expression,32,5,0.621239295714851,,,ESTIMATED
unit,spearman_masking_delta_vs_feature,REACTOME_COLLAGEN_BIOSYNTHESIS_AND_MODIFYING_ENZYMES,4,vanilla_scpa,detection_fraction,32,5,0.715344520647321,,,ESTIMATED
unit,spearman_negative_rank_vs_feature,REACTOME_COLLAGEN_BIOSYNTHESIS_AND_MODIFYING_ENZYMES,4,vanilla_scpa,detection_fraction,32,5,0.630733155815241,,,ESTIMATED
unit,spearman_masking_delta_vs_feature,REACTOME_COLLAGEN_BIOSYNTHESIS_AND_MODIFYING_ENZYMES,4,vanilla_scpa,expression_sd,32,5,0.707744730461237,,,ESTIMATED
unit,spearman_negative_rank_vs_feature,REACTOME_COLLAGEN_BIOSYNTHESIS_AND_MODIFYING_ENZYMES,4,vanilla_scpa,expression_sd,32,5,0.6175326173394641,,,ESTIMATED
unit,spearman_masking_delta_vs_feature,REACTOME_COLLAGEN_BIOSYNTHESIS_AND_MODIFYING_ENZYMES,4,genept_scpa,mean_expression,32,5,0.5241337702898483,,,ESTIMATED
unit,spearman_negative_rank_vs_feature,REACTOME_COLLAGEN_BIOSYNTHESIS_AND_MODIFYING_ENZYMES,4,genept_scpa,mean_expression,32,5,0.47927351393753126,,,ESTIMATED
unit,spearman_masking_delta_vs_feature,REACTOME_COLLAGEN_BIOSYNTHESIS_AND_MODIFYING_ENZYMES,4,genept_scpa,detection_fraction,32,5,0.5405806996517618,,,ESTIMATED
unit,spearman_negative_rank_vs_feature,REACTOME_COLLAGEN_BIOSYNTHESIS_AND_MODIFYING_ENZYMES,4,genept_scpa,detection_fraction,32,5,0.49582892987425603,,,ESTIMATED
unit,spearman_masking_delta_vs_feature,REACTOME_COLLAGEN_BIOSYNTHESIS_AND_MODIFYING_ENZYMES,4,genept_scpa,expression_sd,32,5,0.5235611551001652,,,ESTIMATED
unit,spearman_negative_rank_vs_feature,REACTOME_COLLAGEN_BIOSYNTHESIS_AND_MODIFYING_ENZYMES,4,genept_scpa,expression_sd,32,5,0.4789028460999926,,,ESTIMATED
unit,truth_target_minus_non_target_feature_rank_percentile,REACTOME_COLLAGEN_BIOSYNTHESIS_AND_MODIFYING_ENZYMES,5,NA,mean_expression,32,5,-0.3222222222222222,0.24375,0.5659722222222222,ESTIMATED
unit,truth_target_minus_non_target_feature_rank_percentile,REACTOME_COLLAGEN_BIOSYNTHESIS_AND_MODIFYING_ENZYMES,5,NA,detection_fraction,32,5,-0.30740740740740746,0.25625,0.5636574074074074,ESTIMATED
unit,truth_target_minus_non_target_feature_rank_percentile,REACTOME_COLLAGEN_BIOSYNTHESIS_AND_MODIFYING_ENZYMES,5,NA,expression_sd,32,5,-0.3222222222222222,0.24375,0.5659722222222222,ESTIMATED
unit,spearman_masking_delta_vs_feature,REACTOME_COLLAGEN_BIOSYNTHESIS_AND_MODIFYING_ENZYMES,5,vanilla_scpa,mean_expression,32,5,0.7113151915454023,,,ESTIMATED
unit,spearman_negative_rank_vs_feature,REACTOME_COLLAGEN_BIOSYNTHESIS_AND_MODIFYING_ENZYMES,5,vanilla_scpa,mean_expression,32,5,0.621239295714851,,,ESTIMATED
unit,spearman_masking_delta_vs_feature,REACTOME_COLLAGEN_BIOSYNTHESIS_AND_MODIFYING_ENZYMES,5,vanilla_scpa,detection_fraction,32,5,0.715344520647321,,,ESTIMATED
unit,spearman_negative_rank_vs_feature,REACTOME_COLLAGEN_BIOSYNTHESIS_AND_MODIFYING_ENZYMES,5,vanilla_scpa,detection_fraction,32,5,0.630733155815241,,,ESTIMATED
unit,spearman_masking_delta_vs_feature,REACTOME_COLLAGEN_BIOSYNTHESIS_AND_MODIFYING_ENZYMES,5,vanilla_scpa,expression_sd,32,5,0.707744730461237,,,ESTIMATED
unit,spearman_negative_rank_vs_feature,REACTOME_COLLAGEN_BIOSYNTHESIS_AND_MODIFYING_ENZYMES,5,vanilla_scpa,expression_sd,32,5,0.6175326173394641,,,ESTIMATED
unit,spearman_masking_delta_vs_feature,REACTOME_COLLAGEN_BIOSYNTHESIS_AND_MODIFYING_ENZYMES,5,genept_scpa,mean_expression,32,5,0.5241337702898483,,,ESTIMATED
unit,spearman_negative_rank_vs_feature,REACTOME_COLLAGEN_BIOSYNTHESIS_AND_MODIFYING_ENZYMES,5,genept_scpa,mean_expression,32,5,0.47927351393753126,,,ESTIMATED
unit,spearman_masking_delta_vs_feature,REACTOME_COLLAGEN_BIOSYNTHESIS_AND_MODIFYING_ENZYMES,5,genept_scpa,detection_fraction,32,5,0.5405806996517618,,,ESTIMATED
unit,spearman_negative_rank_vs_feature,REACTOME_COLLAGEN_BIOSYNTHESIS_AND_MODIFYING_ENZYMES,5,genept_scpa,detection_fraction,32,5,0.49582892987425603,,,ESTIMATED
unit,spearman_masking_delta_vs_feature,REACTOME_COLLAGEN_BIOSYNTHESIS_AND_MODIFYING_ENZYMES,5,genept_scpa,expression_sd,32,5,0.5235611551001652,,,ESTIMATED
unit,spearman_negative_rank_vs_feature,REACTOME_COLLAGEN_BIOSYNTHESIS_AND_MODIFYING_ENZYMES,5,genept_scpa,expression_sd,32,5,0.4789028460999926,,,ESTIMATED
unit,truth_target_minus_non_target_feature_rank_percentile,REACTOME_COLLAGEN_BIOSYNTHESIS_AND_MODIFYING_ENZYMES,6,NA,mean_expression,32,5,0.09259259259259256,0.59375,0.5011574074074074,ESTIMATED
unit,truth_target_minus_non_target_feature_rank_percentile,REACTOME_COLLAGEN_BIOSYNTHESIS_AND_MODIFYING_ENZYMES,6,NA,detection_fraction,32,5,0.0888888888888888,0.590625,0.5017361111111112,ESTIMATED
unit,truth_target_minus_non_target_feature_rank_percentile,REACTOME_COLLAGEN_BIOSYNTHESIS_AND_MODIFYING_ENZYMES,6,NA,expression_sd,32,5,0.09259259259259256,0.59375,0.5011574074074074,ESTIMATED
unit,spearman_masking_delta_vs_feature,REACTOME_COLLAGEN_BIOSYNTHESIS_AND_MODIFYING_ENZYMES,6,vanilla_scpa,mean_expression,32,5,0.7113151915454023,,,ESTIMATED
unit,spearman_negative_rank_vs_feature,REACTOME_COLLAGEN_BIOSYNTHESIS_AND_MODIFYING_ENZYMES,6,vanilla_scpa,mean_expression,32,5,0.621239295714851,,,ESTIMATED
unit,spearman_masking_delta_vs_feature,REACTOME_COLLAGEN_BIOSYNTHESIS_AND_MODIFYING_ENZYMES,6,vanilla_scpa,detection_fraction,32,5,0.715344520647321,,,ESTIMATED
unit,spearman_negative_rank_vs_feature,REACTOME_COLLAGEN_BIOSYNTHESIS_AND_MODIFYING_ENZYMES,6,vanilla_scpa,detection_fraction,32,5,0.630733155815241,,,ESTIMATED
unit,spearman_masking_delta_vs_feature,REACTOME_COLLAGEN_BIOSYNTHESIS_AND_MODIFYING_ENZYMES,6,vanilla_scpa,expression_sd,32,5,0.707744730461237,,,ESTIMATED
unit,spearman_negative_rank_vs_feature,REACTOME_COLLAGEN_BIOSYNTHESIS_AND_MODIFYING_ENZYMES,6,vanilla_scpa,expression_sd,32,5,0.6175326173394641,,,ESTIMATED
unit,spearman_masking_delta_vs_feature,REACTOME_COLLAGEN_BIOSYNTHESIS_AND_MODIFYING_ENZYMES,6,genept_scpa,mean_expression,32,5,0.5241337702898483,,,ESTIMATED
unit,spearman_negative_rank_vs_feature,REACTOME_COLLAGEN_BIOSYNTHESIS_AND_MODIFYING_ENZYMES,6,genept_scpa,mean_expression,32,5,0.47927351393753126,,,ESTIMATED
unit,spearman_masking_delta_vs_feature,REACTOME_COLLAGEN_BIOSYNTHESIS_AND_MODIFYING_ENZYMES,6,genept_scpa,detection_fraction,32,5,0.5405806996517618,,,ESTIMATED
unit,spearman_negative_rank_vs_feature,REACTOME_COLLAGEN_BIOSYNTHESIS_AND_MODIFYING_ENZYMES,6,genept_scpa,detection_fraction,32,5,0.49582892987425603,,,ESTIMATED
unit,spearman_masking_delta_vs_feature,REACTOME_COLLAGEN_BIOSYNTHESIS_AND_MODIFYING_ENZYMES,6,genept_scpa,expression_sd,32,5,0.5235611551001652,,,ESTIMATED
unit,spearman_negative_rank_vs_feature,REACTOME_COLLAGEN_BIOSYNTHESIS_AND_MODIFYING_ENZYMES,6,genept_scpa,expression_sd,32,5,0.4789028460999926,,,ESTIMATED
unit,truth_target_minus_non_target_feature_rank_percentile,REACTOME_COLLAGEN_BIOSYNTHESIS_AND_MODIFYING_ENZYMES,7,NA,mean_expression,32,5,0.01851851851851849,0.53125,0.5127314814814815,ESTIMATED
unit,truth_target_minus_non_target_feature_rank_percentile,REACTOME_COLLAGEN_BIOSYNTHESIS_AND_MODIFYING_ENZYMES,7,NA,detection_fraction,32,5,0.01851851851851849,0.53125,0.5127314814814815,ESTIMATED
unit,truth_target_minus_non_target_feature_rank_percentile,REACTOME_COLLAGEN_BIOSYNTHESIS_AND_MODIFYING_ENZYMES,7,NA,expression_sd,32,5,0.025925925925925908,0.5375,0.5115740740740741,ESTIMATED
unit,spearman_masking_delta_vs_feature,REACTOME_COLLAGEN_BIOSYNTHESIS_AND_MODIFYING_ENZYMES,7,vanilla_scpa,mean_expression,32,5,0.7113151915454023,,,ESTIMATED
unit,spearman_negative_rank_vs_feature,REACTOME_COLLAGEN_BIOSYNTHESIS_AND_MODIFYING_ENZYMES,7,vanilla_scpa,mean_expression,32,5,0.621239295714851,,,ESTIMATED
unit,spearman_masking_delta_vs_feature,REACTOME_COLLAGEN_BIOSYNTHESIS_AND_MODIFYING_ENZYMES,7,vanilla_scpa,detection_fraction,32,5,0.715344520647321,,,ESTIMATED
unit,spearman_negative_rank_vs_feature,REACTOME_COLLAGEN_BIOSYNTHESIS_AND_MODIFYING_ENZYMES,7,vanilla_scpa,detection_fraction,32,5,0.630733155815241,,,ESTIMATED
unit,spearman_masking_delta_vs_feature,REACTOME_COLLAGEN_BIOSYNTHESIS_AND_MODIFYING_ENZYMES,7,vanilla_scpa,expression_sd,32,5,0.707744730461237,,,ESTIMATED
unit,spearman_negative_rank_vs_feature,REACTOME_COLLAGEN_BIOSYNTHESIS_AND_MODIFYING_ENZYMES,7,vanilla_scpa,expression_sd,32,5,0.6175326173394641,,,ESTIMATED
unit,spearman_masking_delta_vs_feature,REACTOME_COLLAGEN_BIOSYNTHESIS_AND_MODIFYING_ENZYMES,7,genept_scpa,mean_expression,32,5,0.5241337702898483,,,ESTIMATED
unit,spearman_negative_rank_vs_feature,REACTOME_COLLAGEN_BIOSYNTHESIS_AND_MODIFYING_ENZYMES,7,genept_scpa,mean_expression,32,5,0.47927351393753126,,,ESTIMATED
unit,spearman_masking_delta_vs_feature,REACTOME_COLLAGEN_BIOSYNTHESIS_AND_MODIFYING_ENZYMES,7,genept_scpa,detection_fraction,32,5,0.5405806996517618,,,ESTIMATED
unit,spearman_negative_rank_vs_feature,REACTOME_COLLAGEN_BIOSYNTHESIS_AND_MODIFYING_ENZYMES,7,genept_scpa,detection_fraction,32,5,0.49582892987425603,,,ESTIMATED
unit,spearman_masking_delta_vs_feature,REACTOME_COLLAGEN_BIOSYNTHESIS_AND_MODIFYING_ENZYMES,7,genept_scpa,expression_sd,32,5,0.5235611551001652,,,ESTIMATED
unit,spearman_negative_rank_vs_feature,REACTOME_COLLAGEN_BIOSYNTHESIS_AND_MODIFYING_ENZYMES,7,genept_scpa,expression_sd,32,5,0.4789028460999926,,,ESTIMATED
unit,truth_target_minus_non_target_feature_rank_percentile,REACTOME_COLLAGEN_BIOSYNTHESIS_AND_MODIFYING_ENZYMES,8,NA,mean_expression,32,5,-0.12222222222222223,0.4125,0.5347222222222222,ESTIMATED
unit,truth_target_minus_non_target_feature_rank_percentile,REACTOME_COLLAGEN_BIOSYNTHESIS_AND_MODIFYING_ENZYMES,8,NA,detection_fraction,32,5,-0.09999999999999998,0.43125,0.53125,ESTIMATED
unit,truth_target_minus_non_target_feature_rank_percentile,REACTOME_COLLAGEN_BIOSYNTHESIS_AND_MODIFYING_ENZYMES,8,NA,expression_sd,32,5,-0.12222222222222223,0.4125,0.5347222222222222,ESTIMATED
unit,spearman_masking_delta_vs_feature,REACTOME_COLLAGEN_BIOSYNTHESIS_AND_MODIFYING_ENZYMES,8,vanilla_scpa,mean_expression,32,5,0.7113151915454023,,,ESTIMATED
unit,spearman_negative_rank_vs_feature,REACTOME_COLLAGEN_BIOSYNTHESIS_AND_MODIFYING_ENZYMES,8,vanilla_scpa,mean_expression,32,5,0.621239295714851,,,ESTIMATED
unit,spearman_masking_delta_vs_feature,REACTOME_COLLAGEN_BIOSYNTHESIS_AND_MODIFYING_ENZYMES,8,vanilla_scpa,detection_fraction,32,5,0.715344520647321,,,ESTIMATED
unit,spearman_negative_rank_vs_feature,REACTOME_COLLAGEN_BIOSYNTHESIS_AND_MODIFYING_ENZYMES,8,vanilla_scpa,detection_fraction,32,5,0.630733155815241,,,ESTIMATED
unit,spearman_masking_delta_vs_feature,REACTOME_COLLAGEN_BIOSYNTHESIS_AND_MODIFYING_ENZYMES,8,vanilla_scpa,expression_sd,32,5,0.707744730461237,,,ESTIMATED
unit,spearman_negative_rank_vs_feature,REACTOME_COLLAGEN_BIOSYNTHESIS_AND_MODIFYING_ENZYMES,8,vanilla_scpa,expression_sd,32,5,0.6175326173394641,,,ESTIMATED
unit,spearman_masking_delta_vs_feature,REACTOME_COLLAGEN_BIOSYNTHESIS_AND_MODIFYING_ENZYMES,8,genept_scpa,mean_expression,32,5,0.5241337702898483,,,ESTIMATED
unit,spearman_negative_rank_vs_feature,REACTOME_COLLAGEN_BIOSYNTHESIS_AND_MODIFYING_ENZYMES,8,genept_scpa,mean_expression,32,5,0.47927351393753126,,,ESTIMATED
unit,spearman_masking_delta_vs_feature,REACTOME_COLLAGEN_BIOSYNTHESIS_AND_MODIFYING_ENZYMES,8,genept_scpa,detection_fraction,32,5,0.5405806996517618,,,ESTIMATED
unit,spearman_negative_rank_vs_feature,REACTOME_COLLAGEN_BIOSYNTHESIS_AND_MODIFYING_ENZYMES,8,genept_scpa,detection_fraction,32,5,0.49582892987425603,,,ESTIMATED
unit,spearman_masking_delta_vs_feature,REACTOME_COLLAGEN_BIOSYNTHESIS_AND_MODIFYING_ENZYMES,8,genept_scpa,expression_sd,32,5,0.5235611551001652,,,ESTIMATED
unit,spearman_negative_rank_vs_feature,REACTOME_COLLAGEN_BIOSYNTHESIS_AND_MODIFYING_ENZYMES,8,genept_scpa,expression_sd,32,5,0.4789028460999926,,,ESTIMATED
unit,truth_target_minus_non_target_feature_rank_percentile,REACTOME_COLLAGEN_BIOSYNTHESIS_AND_MODIFYING_ENZYMES,9,NA,mean_expression,32,5,0.3888888888888889,0.84375,0.4548611111111111,ESTIMATED
unit,truth_target_minus_non_target_feature_rank_percentile,REACTOME_COLLAGEN_BIOSYNTHESIS_AND_MODIFYING_ENZYMES,9,NA,detection_fraction,32,5,0.3888888888888889,0.84375,0.4548611111111111,ESTIMATED
unit,truth_target_minus_non_target_feature_rank_percentile,REACTOME_COLLAGEN_BIOSYNTHESIS_AND_MODIFYING_ENZYMES,9,NA,expression_sd,32,5,0.39629629629629626,0.85,0.4537037037037037,ESTIMATED
unit,spearman_masking_delta_vs_feature,REACTOME_COLLAGEN_BIOSYNTHESIS_AND_MODIFYING_ENZYMES,9,vanilla_scpa,mean_expression,32,5,0.7113151915454023,,,ESTIMATED
unit,spearman_negative_rank_vs_feature,REACTOME_COLLAGEN_BIOSYNTHESIS_AND_MODIFYING_ENZYMES,9,vanilla_scpa,mean_expression,32,5,0.621239295714851,,,ESTIMATED
unit,spearman_masking_delta_vs_feature,REACTOME_COLLAGEN_BIOSYNTHESIS_AND_MODIFYING_ENZYMES,9,vanilla_scpa,detection_fraction,32,5,0.715344520647321,,,ESTIMATED
unit,spearman_negative_rank_vs_feature,REACTOME_COLLAGEN_BIOSYNTHESIS_AND_MODIFYING_ENZYMES,9,vanilla_scpa,detection_fraction,32,5,0.630733155815241,,,ESTIMATED
unit,spearman_masking_delta_vs_feature,REACTOME_COLLAGEN_BIOSYNTHESIS_AND_MODIFYING_ENZYMES,9,vanilla_scpa,expression_sd,32,5,0.707744730461237,,,ESTIMATED
unit,spearman_negative_rank_vs_feature,REACTOME_COLLAGEN_BIOSYNTHESIS_AND_MODIFYING_ENZYMES,9,vanilla_scpa,expression_sd,32,5,0.6175326173394641,,,ESTIMATED
unit,spearman_masking_delta_vs_feature,REACTOME_COLLAGEN_BIOSYNTHESIS_AND_MODIFYING_ENZYMES,9,genept_scpa,mean_expression,32,5,0.5241337702898483,,,ESTIMATED
unit,spearman_negative_rank_vs_feature,REACTOME_COLLAGEN_BIOSYNTHESIS_AND_MODIFYING_ENZYMES,9,genept_scpa,mean_expression,32,5,0.47927351393753126,,,ESTIMATED
unit,spearman_masking_delta_vs_feature,REACTOME_COLLAGEN_BIOSYNTHESIS_AND_MODIFYING_ENZYMES,9,genept_scpa,detection_fraction,32,5,0.5405806996517618,,,ESTIMATED
unit,spearman_negative_rank_vs_feature,REACTOME_COLLAGEN_BIOSYNTHESIS_AND_MODIFYING_ENZYMES,9,genept_scpa,detection_fraction,32,5,0.49582892987425603,,,ESTIMATED
unit,spearman_masking_delta_vs_feature,REACTOME_COLLAGEN_BIOSYNTHESIS_AND_MODIFYING_ENZYMES,9,genept_scpa,expression_sd,32,5,0.5235611551001652,,,ESTIMATED
unit,spearman_negative_rank_vs_feature,REACTOME_COLLAGEN_BIOSYNTHESIS_AND_MODIFYING_ENZYMES,9,genept_scpa,expression_sd,32,5,0.4789028460999926,,,ESTIMATED
unit,truth_target_minus_non_target_feature_rank_percentile,REACTOME_COLLAGEN_BIOSYNTHESIS_AND_MODIFYING_ENZYMES,10,NA,mean_expression,32,5,-0.011111111111111183,0.50625,0.5173611111111112,ESTIMATED
unit,truth_target_minus_non_target_feature_rank_percentile,REACTOME_COLLAGEN_BIOSYNTHESIS_AND_MODIFYING_ENZYMES,10,NA,detection_fraction,32,5,-0.011111111111111183,0.50625,0.5173611111111112,ESTIMATED
unit,truth_target_minus_non_target_feature_rank_percentile,REACTOME_COLLAGEN_BIOSYNTHESIS_AND_MODIFYING_ENZYMES,10,NA,expression_sd,32,5,-0.01851851851851849,0.5,0.5185185185185185,ESTIMATED
unit,spearman_masking_delta_vs_feature,REACTOME_COLLAGEN_BIOSYNTHESIS_AND_MODIFYING_ENZYMES,10,vanilla_scpa,mean_expression,32,5,0.7113151915454023,,,ESTIMATED
unit,spearman_negative_rank_vs_feature,REACTOME_COLLAGEN_BIOSYNTHESIS_AND_MODIFYING_ENZYMES,10,vanilla_scpa,mean_expression,32,5,0.621239295714851,,,ESTIMATED
unit,spearman_masking_delta_vs_feature,REACTOME_COLLAGEN_BIOSYNTHESIS_AND_MODIFYING_ENZYMES,10,vanilla_scpa,detection_fraction,32,5,0.715344520647321,,,ESTIMATED
unit,spearman_negative_rank_vs_feature,REACTOME_COLLAGEN_BIOSYNTHESIS_AND_MODIFYING_ENZYMES,10,vanilla_scpa,detection_fraction,32,5,0.630733155815241,,,ESTIMATED
unit,spearman_masking_delta_vs_feature,REACTOME_COLLAGEN_BIOSYNTHESIS_AND_MODIFYING_ENZYMES,10,vanilla_scpa,expression_sd,32,5,0.707744730461237,,,ESTIMATED
unit,spearman_negative_rank_vs_feature,REACTOME_COLLAGEN_BIOSYNTHESIS_AND_MODIFYING_ENZYMES,10,vanilla_scpa,expression_sd,32,5,0.6175326173394641,,,ESTIMATED
unit,spearman_masking_delta_vs_feature,REACTOME_COLLAGEN_BIOSYNTHESIS_AND_MODIFYING_ENZYMES,10,genept_scpa,mean_expression,32,5,0.5241337702898483,,,ESTIMATED
unit,spearman_negative_rank_vs_feature,REACTOME_COLLAGEN_BIOSYNTHESIS_AND_MODIFYING_ENZYMES,10,genept_scpa,mean_expression,32,5,0.47927351393753126,,,ESTIMATED
unit,spearman_masking_delta_vs_feature,REACTOME_COLLAGEN_BIOSYNTHESIS_AND_MODIFYING_ENZYMES,10,genept_scpa,detection_fraction,32,5,0.5405806996517618,,,ESTIMATED
unit,spearman_negative_rank_vs_feature,REACTOME_COLLAGEN_BIOSYNTHESIS_AND_MODIFYING_ENZYMES,10,genept_scpa,detection_fraction,32,5,0.49582892987425603,,,ESTIMATED
unit,spearman_masking_delta_vs_feature,REACTOME_COLLAGEN_BIOSYNTHESIS_AND_MODIFYING_ENZYMES,10,genept_scpa,expression_sd,32,5,0.5235611551001652,,,ESTIMATED
unit,spearman_negative_rank_vs_feature,REACTOME_COLLAGEN_BIOSYNTHESIS_AND_MODIFYING_ENZYMES,10,genept_scpa,expression_sd,32,5,0.4789028460999926,,,ESTIMATED
unit,truth_target_minus_non_target_feature_rank_percentile,REACTOME_COLLAGEN_BIOSYNTHESIS_AND_MODIFYING_ENZYMES,11,NA,mean_expression,32,5,-0.16666666666666663,0.375,0.5416666666666666,ESTIMATED
unit,truth_target_minus_non_target_feature_rank_percentile,REACTOME_COLLAGEN_BIOSYNTHESIS_AND_MODIFYING_ENZYMES,11,NA,detection_fraction,32,5,-0.15925925925925932,0.38125,0.5405092592592593,ESTIMATED
unit,truth_target_minus_non_target_feature_rank_percentile,REACTOME_COLLAGEN_BIOSYNTHESIS_AND_MODIFYING_ENZYMES,11,NA,expression_sd,32,5,-0.16666666666666663,0.375,0.5416666666666666,ESTIMATED
unit,spearman_masking_delta_vs_feature,REACTOME_COLLAGEN_BIOSYNTHESIS_AND_MODIFYING_ENZYMES,11,vanilla_scpa,mean_expression,32,5,0.7113151915454023,,,ESTIMATED
unit,spearman_negative_rank_vs_feature,REACTOME_COLLAGEN_BIOSYNTHESIS_AND_MODIFYING_ENZYMES,11,vanilla_scpa,mean_expression,32,5,0.621239295714851,,,ESTIMATED
unit,spearman_masking_delta_vs_feature,REACTOME_COLLAGEN_BIOSYNTHESIS_AND_MODIFYING_ENZYMES,11,vanilla_scpa,detection_fraction,32,5,0.715344520647321,,,ESTIMATED
unit,spearman_negative_rank_vs_feature,REACTOME_COLLAGEN_BIOSYNTHESIS_AND_MODIFYING_ENZYMES,11,vanilla_scpa,detection_fraction,32,5,0.630733155815241,,,ESTIMATED
unit,spearman_masking_delta_vs_feature,REACTOME_COLLAGEN_BIOSYNTHESIS_AND_MODIFYING_ENZYMES,11,vanilla_scpa,expression_sd,32,5,0.707744730461237,,,ESTIMATED
unit,spearman_negative_rank_vs_feature,REACTOME_COLLAGEN_BIOSYNTHESIS_AND_MODIFYING_ENZYMES,11,vanilla_scpa,expression_sd,32,5,0.6175326173394641,,,ESTIMATED
unit,spearman_masking_delta_vs_feature,REACTOME_COLLAGEN_BIOSYNTHESIS_AND_MODIFYING_ENZYMES,11,genept_scpa,mean_expression,32,5,0.5241337702898483,,,ESTIMATED
unit,spearman_negative_rank_vs_feature,REACTOME_COLLAGEN_BIOSYNTHESIS_AND_MODIFYING_ENZYMES,11,genept_scpa,mean_expression,32,5,0.47927351393753126,,,ESTIMATED
unit,spearman_masking_delta_vs_feature,REACTOME_COLLAGEN_BIOSYNTHESIS_AND_MODIFYING_ENZYMES,11,genept_scpa,detection_fraction,32,5,0.5405806996517618,,,ESTIMATED
unit,spearman_negative_rank_vs_feature,REACTOME_COLLAGEN_BIOSYNTHESIS_AND_MODIFYING_ENZYMES,11,genept_scpa,detection_fraction,32,5,0.49582892987425603,,,ESTIMATED
unit,spearman_masking_delta_vs_feature,REACTOME_COLLAGEN_BIOSYNTHESIS_AND_MODIFYING_ENZYMES,11,genept_scpa,expression_sd,32,5,0.5235611551001652,,,ESTIMATED
unit,spearman_negative_rank_vs_feature,REACTOME_COLLAGEN_BIOSYNTHESIS_AND_MODIFYING_ENZYMES,11,genept_scpa,expression_sd,32,5,0.4789028460999926,,,ESTIMATED
unit,truth_target_minus_non_target_feature_rank_percentile,REACTOME_COLLAGEN_BIOSYNTHESIS_AND_MODIFYING_ENZYMES,12,NA,mean_expression,32,5,-0.06296296296296289,0.4625,0.5254629629629629,ESTIMATED
unit,truth_target_minus_non_target_feature_rank_percentile,REACTOME_COLLAGEN_BIOSYNTHESIS_AND_MODIFYING_ENZYMES,12,NA,detection_fraction,32,5,-0.05925925925925929,0.465625,0.5248842592592593,ESTIMATED
unit,truth_target_minus_non_target_feature_rank_percentile,REACTOME_COLLAGEN_BIOSYNTHESIS_AND_MODIFYING_ENZYMES,12,NA,expression_sd,32,5,-0.06296296296296289,0.4625,0.5254629629629629,ESTIMATED
unit,spearman_masking_delta_vs_feature,REACTOME_COLLAGEN_BIOSYNTHESIS_AND_MODIFYING_ENZYMES,12,vanilla_scpa,mean_expression,32,5,0.7113151915454023,,,ESTIMATED
unit,spearman_negative_rank_vs_feature,REACTOME_COLLAGEN_BIOSYNTHESIS_AND_MODIFYING_ENZYMES,12,vanilla_scpa,mean_expression,32,5,0.621239295714851,,,ESTIMATED
unit,spearman_masking_delta_vs_feature,REACTOME_COLLAGEN_BIOSYNTHESIS_AND_MODIFYING_ENZYMES,12,vanilla_scpa,detection_fraction,32,5,0.715344520647321,,,ESTIMATED
unit,spearman_negative_rank_vs_feature,REACTOME_COLLAGEN_BIOSYNTHESIS_AND_MODIFYING_ENZYMES,12,vanilla_scpa,detection_fraction,32,5,0.630733155815241,,,ESTIMATED
unit,spearman_masking_delta_vs_feature,REACTOME_COLLAGEN_BIOSYNTHESIS_AND_MODIFYING_ENZYMES,12,vanilla_scpa,expression_sd,32,5,0.707744730461237,,,ESTIMATED
unit,spearman_negative_rank_vs_feature,REACTOME_COLLAGEN_BIOSYNTHESIS_AND_MODIFYING_ENZYMES,12,vanilla_scpa,expression_sd,32,5,0.6175326173394641,,,ESTIMATED
unit,spearman_masking_delta_vs_feature,REACTOME_COLLAGEN_BIOSYNTHESIS_AND_MODIFYING_ENZYMES,12,genept_scpa,mean_expression,32,5,0.5241337702898483,,,ESTIMATED
unit,spearman_negative_rank_vs_feature,REACTOME_COLLAGEN_BIOSYNTHESIS_AND_MODIFYING_ENZYMES,12,genept_scpa,mean_expression,32,5,0.47927351393753126,,,ESTIMATED
unit,spearman_masking_delta_vs_feature,REACTOME_COLLAGEN_BIOSYNTHESIS_AND_MODIFYING_ENZYMES,12,genept_scpa,detection_fraction,32,5,0.5405806996517618,,,ESTIMATED
unit,spearman_negative_rank_vs_feature,REACTOME_COLLAGEN_BIOSYNTHESIS_AND_MODIFYING_ENZYMES,12,genept_scpa,detection_fraction,32,5,0.49582892987425603,,,ESTIMATED
unit,spearman_masking_delta_vs_feature,REACTOME_COLLAGEN_BIOSYNTHESIS_AND_MODIFYING_ENZYMES,12,genept_scpa,expression_sd,32,5,0.5235611551001652,,,ESTIMATED
unit,spearman_negative_rank_vs_feature,REACTOME_COLLAGEN_BIOSYNTHESIS_AND_MODIFYING_ENZYMES,12,genept_scpa,expression_sd,32,5,0.4789028460999926,,,ESTIMATED
unit,truth_target_minus_non_target_feature_rank_percentile,REACTOME_COLLAGEN_BIOSYNTHESIS_AND_MODIFYING_ENZYMES,13,NA,mean_expression,32,5,0.040740740740740744,0.55,0.5092592592592593,ESTIMATED
unit,truth_target_minus_non_target_feature_rank_percentile,REACTOME_COLLAGEN_BIOSYNTHESIS_AND_MODIFYING_ENZYMES,13,NA,detection_fraction,32,5,0.0703703703703703,0.575,0.5046296296296297,ESTIMATED
unit,truth_target_minus_non_target_feature_rank_percentile,REACTOME_COLLAGEN_BIOSYNTHESIS_AND_MODIFYING_ENZYMES,13,NA,expression_sd,32,5,0.04814814814814816,0.55625,0.5081018518518519,ESTIMATED
unit,spearman_masking_delta_vs_feature,REACTOME_COLLAGEN_BIOSYNTHESIS_AND_MODIFYING_ENZYMES,13,vanilla_scpa,mean_expression,32,5,0.7113151915454023,,,ESTIMATED
unit,spearman_negative_rank_vs_feature,REACTOME_COLLAGEN_BIOSYNTHESIS_AND_MODIFYING_ENZYMES,13,vanilla_scpa,mean_expression,32,5,0.621239295714851,,,ESTIMATED
unit,spearman_masking_delta_vs_feature,REACTOME_COLLAGEN_BIOSYNTHESIS_AND_MODIFYING_ENZYMES,13,vanilla_scpa,detection_fraction,32,5,0.715344520647321,,,ESTIMATED
unit,spearman_negative_rank_vs_feature,REACTOME_COLLAGEN_BIOSYNTHESIS_AND_MODIFYING_ENZYMES,13,vanilla_scpa,detection_fraction,32,5,0.630733155815241,,,ESTIMATED
unit,spearman_masking_delta_vs_feature,REACTOME_COLLAGEN_BIOSYNTHESIS_AND_MODIFYING_ENZYMES,13,vanilla_scpa,expression_sd,32,5,0.707744730461237,,,ESTIMATED
unit,spearman_negative_rank_vs_feature,REACTOME_COLLAGEN_BIOSYNTHESIS_AND_MODIFYING_ENZYMES,13,vanilla_scpa,expression_sd,32,5,0.6175326173394641,,,ESTIMATED
unit,spearman_masking_delta_vs_feature,REACTOME_COLLAGEN_BIOSYNTHESIS_AND_MODIFYING_ENZYMES,13,genept_scpa,mean_expression,32,5,0.5241337702898483,,,ESTIMATED
unit,spearman_negative_rank_vs_feature,REACTOME_COLLAGEN_BIOSYNTHESIS_AND_MODIFYING_ENZYMES,13,genept_scpa,mean_expression,32,5,0.47927351393753126,,,ESTIMATED
unit,spearman_masking_delta_vs_feature,REACTOME_COLLAGEN_BIOSYNTHESIS_AND_MODIFYING_ENZYMES,13,genept_scpa,detection_fraction,32,5,0.5405806996517618,,,ESTIMATED
unit,spearman_negative_rank_vs_feature,REACTOME_COLLAGEN_BIOSYNTHESIS_AND_MODIFYING_ENZYMES,13,genept_scpa,detection_fraction,32,5,0.49582892987425603,,,ESTIMATED
unit,spearman_masking_delta_vs_feature,REACTOME_COLLAGEN_BIOSYNTHESIS_AND_MODIFYING_ENZYMES,13,genept_scpa,expression_sd,32,5,0.5235611551001652,,,ESTIMATED
unit,spearman_negative_rank_vs_feature,REACTOME_COLLAGEN_BIOSYNTHESIS_AND_MODIFYING_ENZYMES,13,genept_scpa,expression_sd,32,5,0.4789028460999926,,,ESTIMATED
unit,truth_target_minus_non_target_feature_rank_percentile,REACTOME_COLLAGEN_BIOSYNTHESIS_AND_MODIFYING_ENZYMES,14,NA,mean_expression,32,5,-0.05555555555555558,0.46875,0.5243055555555556,ESTIMATED
unit,truth_target_minus_non_target_feature_rank_percentile,REACTOME_COLLAGEN_BIOSYNTHESIS_AND_MODIFYING_ENZYMES,14,NA,detection_fraction,32,5,-0.05185185185185187,0.471875,0.5237268518518519,ESTIMATED
unit,truth_target_minus_non_target_feature_rank_percentile,REACTOME_COLLAGEN_BIOSYNTHESIS_AND_MODIFYING_ENZYMES,14,NA,expression_sd,32,5,-0.04814814814814816,0.475,0.5231481481481481,ESTIMATED
unit,spearman_masking_delta_vs_feature,REACTOME_COLLAGEN_BIOSYNTHESIS_AND_MODIFYING_ENZYMES,14,vanilla_scpa,mean_expression,32,5,0.7113151915454023,,,ESTIMATED
unit,spearman_negative_rank_vs_feature,REACTOME_COLLAGEN_BIOSYNTHESIS_AND_MODIFYING_ENZYMES,14,vanilla_scpa,mean_expression,32,5,0.621239295714851,,,ESTIMATED
unit,spearman_masking_delta_vs_feature,REACTOME_COLLAGEN_BIOSYNTHESIS_AND_MODIFYING_ENZYMES,14,vanilla_scpa,detection_fraction,32,5,0.715344520647321,,,ESTIMATED
unit,spearman_negative_rank_vs_feature,REACTOME_COLLAGEN_BIOSYNTHESIS_AND_MODIFYING_ENZYMES,14,vanilla_scpa,detection_fraction,32,5,0.630733155815241,,,ESTIMATED
unit,spearman_masking_delta_vs_feature,REACTOME_COLLAGEN_BIOSYNTHESIS_AND_MODIFYING_ENZYMES,14,vanilla_scpa,expression_sd,32,5,0.707744730461237,,,ESTIMATED
unit,spearman_negative_rank_vs_feature,REACTOME_COLLAGEN_BIOSYNTHESIS_AND_MODIFYING_ENZYMES,14,vanilla_scpa,expression_sd,32,5,0.6175326173394641,,,ESTIMATED
unit,spearman_masking_delta_vs_feature,REACTOME_COLLAGEN_BIOSYNTHESIS_AND_MODIFYING_ENZYMES,14,genept_scpa,mean_expression,32,5,0.5241337702898483,,,ESTIMATED
unit,spearman_negative_rank_vs_feature,REACTOME_COLLAGEN_BIOSYNTHESIS_AND_MODIFYING_ENZYMES,14,genept_scpa,mean_expression,32,5,0.47927351393753126,,,ESTIMATED
unit,spearman_masking_delta_vs_feature,REACTOME_COLLAGEN_BIOSYNTHESIS_AND_MODIFYING_ENZYMES,14,genept_scpa,detection_fraction,32,5,0.5405806996517618,,,ESTIMATED
unit,spearman_negative_rank_vs_feature,REACTOME_COLLAGEN_BIOSYNTHESIS_AND_MODIFYING_ENZYMES,14,genept_scpa,detection_fraction,32,5,0.49582892987425603,,,ESTIMATED
unit,spearman_masking_delta_vs_feature,REACTOME_COLLAGEN_BIOSYNTHESIS_AND_MODIFYING_ENZYMES,14,genept_scpa,expression_sd,32,5,0.5235611551001652,,,ESTIMATED
unit,spearman_negative_rank_vs_feature,REACTOME_COLLAGEN_BIOSYNTHESIS_AND_MODIFYING_ENZYMES,14,genept_scpa,expression_sd,32,5,0.4789028460999926,,,ESTIMATED
unit,truth_target_minus_non_target_feature_rank_percentile,REACTOME_COLLAGEN_BIOSYNTHESIS_AND_MODIFYING_ENZYMES,15,NA,mean_expression,32,5,-0.03333333333333338,0.4875,0.5208333333333334,ESTIMATED
unit,truth_target_minus_non_target_feature_rank_percentile,REACTOME_COLLAGEN_BIOSYNTHESIS_AND_MODIFYING_ENZYMES,15,NA,detection_fraction,32,5,-0.04814814814814816,0.475,0.5231481481481481,ESTIMATED
unit,truth_target_minus_non_target_feature_rank_percentile,REACTOME_COLLAGEN_BIOSYNTHESIS_AND_MODIFYING_ENZYMES,15,NA,expression_sd,32,5,-0.03333333333333338,0.4875,0.5208333333333334,ESTIMATED
unit,spearman_masking_delta_vs_feature,REACTOME_COLLAGEN_BIOSYNTHESIS_AND_MODIFYING_ENZYMES,15,vanilla_scpa,mean_expression,32,5,0.7113151915454023,,,ESTIMATED
unit,spearman_negative_rank_vs_feature,REACTOME_COLLAGEN_BIOSYNTHESIS_AND_MODIFYING_ENZYMES,15,vanilla_scpa,mean_expression,32,5,0.621239295714851,,,ESTIMATED
unit,spearman_masking_delta_vs_feature,REACTOME_COLLAGEN_BIOSYNTHESIS_AND_MODIFYING_ENZYMES,15,vanilla_scpa,detection_fraction,32,5,0.715344520647321,,,ESTIMATED
unit,spearman_negative_rank_vs_feature,REACTOME_COLLAGEN_BIOSYNTHESIS_AND_MODIFYING_ENZYMES,15,vanilla_scpa,detection_fraction,32,5,0.630733155815241,,,ESTIMATED
unit,spearman_masking_delta_vs_feature,REACTOME_COLLAGEN_BIOSYNTHESIS_AND_MODIFYING_ENZYMES,15,vanilla_scpa,expression_sd,32,5,0.707744730461237,,,ESTIMATED
unit,spearman_negative_rank_vs_feature,REACTOME_COLLAGEN_BIOSYNTHESIS_AND_MODIFYING_ENZYMES,15,vanilla_scpa,expression_sd,32,5,0.6175326173394641,,,ESTIMATED
unit,spearman_masking_delta_vs_feature,REACTOME_COLLAGEN_BIOSYNTHESIS_AND_MODIFYING_ENZYMES,15,genept_scpa,mean_expression,32,5,0.5241337702898483,,,ESTIMATED
unit,spearman_negative_rank_vs_feature,REACTOME_COLLAGEN_BIOSYNTHESIS_AND_MODIFYING_ENZYMES,15,genept_scpa,mean_expression,32,5,0.47927351393753126,,,ESTIMATED
unit,spearman_masking_delta_vs_feature,REACTOME_COLLAGEN_BIOSYNTHESIS_AND_MODIFYING_ENZYMES,15,genept_scpa,detection_fraction,32,5,0.5405806996517618,,,ESTIMATED
unit,spearman_negative_rank_vs_feature,REACTOME_COLLAGEN_BIOSYNTHESIS_AND_MODIFYING_ENZYMES,15,genept_scpa,detection_fraction,32,5,0.49582892987425603,,,ESTIMATED
unit,spearman_masking_delta_vs_feature,REACTOME_COLLAGEN_BIOSYNTHESIS_AND_MODIFYING_ENZYMES,15,genept_scpa,expression_sd,32,5,0.5235611551001652,,,ESTIMATED
unit,spearman_negative_rank_vs_feature,REACTOME_COLLAGEN_BIOSYNTHESIS_AND_MODIFYING_ENZYMES,15,genept_scpa,expression_sd,32,5,0.4789028460999926,,,ESTIMATED
unit,truth_target_minus_non_target_feature_rank_percentile,REACTOME_COLLAGEN_BIOSYNTHESIS_AND_MODIFYING_ENZYMES,16,NA,mean_expression,32,5,0.15925925925925927,0.65,0.49074074074074076,ESTIMATED
unit,truth_target_minus_non_target_feature_rank_percentile,REACTOME_COLLAGEN_BIOSYNTHESIS_AND_MODIFYING_ENZYMES,16,NA,detection_fraction,32,5,0.15925925925925927,0.65,0.49074074074074076,ESTIMATED
unit,truth_target_minus_non_target_feature_rank_percentile,REACTOME_COLLAGEN_BIOSYNTHESIS_AND_MODIFYING_ENZYMES,16,NA,expression_sd,32,5,0.1518518518518519,0.64375,0.49189814814814814,ESTIMATED
unit,spearman_masking_delta_vs_feature,REACTOME_COLLAGEN_BIOSYNTHESIS_AND_MODIFYING_ENZYMES,16,vanilla_scpa,mean_expression,32,5,0.7113151915454023,,,ESTIMATED
unit,spearman_negative_rank_vs_feature,REACTOME_COLLAGEN_BIOSYNTHESIS_AND_MODIFYING_ENZYMES,16,vanilla_scpa,mean_expression,32,5,0.621239295714851,,,ESTIMATED
unit,spearman_masking_delta_vs_feature,REACTOME_COLLAGEN_BIOSYNTHESIS_AND_MODIFYING_ENZYMES,16,vanilla_scpa,detection_fraction,32,5,0.715344520647321,,,ESTIMATED
unit,spearman_negative_rank_vs_feature,REACTOME_COLLAGEN_BIOSYNTHESIS_AND_MODIFYING_ENZYMES,16,vanilla_scpa,detection_fraction,32,5,0.630733155815241,,,ESTIMATED
unit,spearman_masking_delta_vs_feature,REACTOME_COLLAGEN_BIOSYNTHESIS_AND_MODIFYING_ENZYMES,16,vanilla_scpa,expression_sd,32,5,0.707744730461237,,,ESTIMATED
unit,spearman_negative_rank_vs_feature,REACTOME_COLLAGEN_BIOSYNTHESIS_AND_MODIFYING_ENZYMES,16,vanilla_scpa,expression_sd,32,5,0.6175326173394641,,,ESTIMATED
unit,spearman_masking_delta_vs_feature,REACTOME_COLLAGEN_BIOSYNTHESIS_AND_MODIFYING_ENZYMES,16,genept_scpa,mean_expression,32,5,0.5241337702898483,,,ESTIMATED
unit,spearman_negative_rank_vs_feature,REACTOME_COLLAGEN_BIOSYNTHESIS_AND_MODIFYING_ENZYMES,16,genept_scpa,mean_expression,32,5,0.47927351393753126,,,ESTIMATED
unit,spearman_masking_delta_vs_feature,REACTOME_COLLAGEN_BIOSYNTHESIS_AND_MODIFYING_ENZYMES,16,genept_scpa,detection_fraction,32,5,0.5405806996517618,,,ESTIMATED
unit,spearman_negative_rank_vs_feature,REACTOME_COLLAGEN_BIOSYNTHESIS_AND_MODIFYING_ENZYMES,16,genept_scpa,detection_fraction,32,5,0.49582892987425603,,,ESTIMATED
unit,spearman_masking_delta_vs_feature,REACTOME_COLLAGEN_BIOSYNTHESIS_AND_MODIFYING_ENZYMES,16,genept_scpa,expression_sd,32,5,0.5235611551001652,,,ESTIMATED
unit,spearman_negative_rank_vs_feature,REACTOME_COLLAGEN_BIOSYNTHESIS_AND_MODIFYING_ENZYMES,16,genept_scpa,expression_sd,32,5,0.4789028460999926,,,ESTIMATED
unit,truth_target_minus_non_target_feature_rank_percentile,REACTOME_COLLAGEN_BIOSYNTHESIS_AND_MODIFYING_ENZYMES,17,NA,mean_expression,32,5,0.3296296296296296,0.79375,0.46412037037037035,ESTIMATED
unit,truth_target_minus_non_target_feature_rank_percentile,REACTOME_COLLAGEN_BIOSYNTHESIS_AND_MODIFYING_ENZYMES,17,NA,detection_fraction,32,5,0.3296296296296296,0.79375,0.46412037037037035,ESTIMATED
unit,truth_target_minus_non_target_feature_rank_percentile,REACTOME_COLLAGEN_BIOSYNTHESIS_AND_MODIFYING_ENZYMES,17,NA,expression_sd,32,5,0.3296296296296296,0.79375,0.46412037037037035,ESTIMATED
unit,spearman_masking_delta_vs_feature,REACTOME_COLLAGEN_BIOSYNTHESIS_AND_MODIFYING_ENZYMES,17,vanilla_scpa,mean_expression,32,5,0.7113151915454023,,,ESTIMATED
unit,spearman_negative_rank_vs_feature,REACTOME_COLLAGEN_BIOSYNTHESIS_AND_MODIFYING_ENZYMES,17,vanilla_scpa,mean_expression,32,5,0.621239295714851,,,ESTIMATED
unit,spearman_masking_delta_vs_feature,REACTOME_COLLAGEN_BIOSYNTHESIS_AND_MODIFYING_ENZYMES,17,vanilla_scpa,detection_fraction,32,5,0.715344520647321,,,ESTIMATED
unit,spearman_negative_rank_vs_feature,REACTOME_COLLAGEN_BIOSYNTHESIS_AND_MODIFYING_ENZYMES,17,vanilla_scpa,detection_fraction,32,5,0.630733155815241,,,ESTIMATED
unit,spearman_masking_delta_vs_feature,REACTOME_COLLAGEN_BIOSYNTHESIS_AND_MODIFYING_ENZYMES,17,vanilla_scpa,expression_sd,32,5,0.707744730461237,,,ESTIMATED
unit,spearman_negative_rank_vs_feature,REACTOME_COLLAGEN_BIOSYNTHESIS_AND_MODIFYING_ENZYMES,17,vanilla_scpa,expression_sd,32,5,0.6175326173394641,,,ESTIMATED
unit,spearman_masking_delta_vs_feature,REACTOME_COLLAGEN_BIOSYNTHESIS_AND_MODIFYING_ENZYMES,17,genept_scpa,mean_expression,32,5,0.5241337702898483,,,ESTIMATED
unit,spearman_negative_rank_vs_feature,REACTOME_COLLAGEN_BIOSYNTHESIS_AND_MODIFYING_ENZYMES,17,genept_scpa,mean_expression,32,5,0.47927351393753126,,,ESTIMATED
unit,spearman_masking_delta_vs_feature,REACTOME_COLLAGEN_BIOSYNTHESIS_AND_MODIFYING_ENZYMES,17,genept_scpa,detection_fraction,32,5,0.5405806996517618,,,ESTIMATED
unit,spearman_negative_rank_vs_feature,REACTOME_COLLAGEN_BIOSYNTHESIS_AND_MODIFYING_ENZYMES,17,genept_scpa,detection_fraction,32,5,0.49582892987425603,,,ESTIMATED
unit,spearman_masking_delta_vs_feature,REACTOME_COLLAGEN_BIOSYNTHESIS_AND_MODIFYING_ENZYMES,17,genept_scpa,expression_sd,32,5,0.5235611551001652,,,ESTIMATED
unit,spearman_negative_rank_vs_feature,REACTOME_COLLAGEN_BIOSYNTHESIS_AND_MODIFYING_ENZYMES,17,genept_scpa,expression_sd,32,5,0.4789028460999926,,,ESTIMATED
unit,truth_target_minus_non_target_feature_rank_percentile,REACTOME_COLLAGEN_BIOSYNTHESIS_AND_MODIFYING_ENZYMES,18,NA,mean_expression,32,5,-0.05555555555555558,0.46875,0.5243055555555556,ESTIMATED
unit,truth_target_minus_non_target_feature_rank_percentile,REACTOME_COLLAGEN_BIOSYNTHESIS_AND_MODIFYING_ENZYMES,18,NA,detection_fraction,32,5,-0.03333333333333338,0.4875,0.5208333333333334,ESTIMATED
unit,truth_target_minus_non_target_feature_rank_percentile,REACTOME_COLLAGEN_BIOSYNTHESIS_AND_MODIFYING_ENZYMES,18,NA,expression_sd,32,5,-0.04814814814814816,0.475,0.5231481481481481,ESTIMATED
unit,spearman_masking_delta_vs_feature,REACTOME_COLLAGEN_BIOSYNTHESIS_AND_MODIFYING_ENZYMES,18,vanilla_scpa,mean_expression,32,5,0.7113151915454023,,,ESTIMATED
unit,spearman_negative_rank_vs_feature,REACTOME_COLLAGEN_BIOSYNTHESIS_AND_MODIFYING_ENZYMES,18,vanilla_scpa,mean_expression,32,5,0.621239295714851,,,ESTIMATED
unit,spearman_masking_delta_vs_feature,REACTOME_COLLAGEN_BIOSYNTHESIS_AND_MODIFYING_ENZYMES,18,vanilla_scpa,detection_fraction,32,5,0.715344520647321,,,ESTIMATED
unit,spearman_negative_rank_vs_feature,REACTOME_COLLAGEN_BIOSYNTHESIS_AND_MODIFYING_ENZYMES,18,vanilla_scpa,detection_fraction,32,5,0.630733155815241,,,ESTIMATED
unit,spearman_masking_delta_vs_feature,REACTOME_COLLAGEN_BIOSYNTHESIS_AND_MODIFYING_ENZYMES,18,vanilla_scpa,expression_sd,32,5,0.707744730461237,,,ESTIMATED
unit,spearman_negative_rank_vs_feature,REACTOME_COLLAGEN_BIOSYNTHESIS_AND_MODIFYING_ENZYMES,18,vanilla_scpa,expression_sd,32,5,0.6175326173394641,,,ESTIMATED
unit,spearman_masking_delta_vs_feature,REACTOME_COLLAGEN_BIOSYNTHESIS_AND_MODIFYING_ENZYMES,18,genept_scpa,mean_expression,32,5,0.5241337702898483,,,ESTIMATED
unit,spearman_negative_rank_vs_feature,REACTOME_COLLAGEN_BIOSYNTHESIS_AND_MODIFYING_ENZYMES,18,genept_scpa,mean_expression,32,5,0.47927351393753126,,,ESTIMATED
unit,spearman_masking_delta_vs_feature,REACTOME_COLLAGEN_BIOSYNTHESIS_AND_MODIFYING_ENZYMES,18,genept_scpa,detection_fraction,32,5,0.5405806996517618,,,ESTIMATED
unit,spearman_negative_rank_vs_feature,REACTOME_COLLAGEN_BIOSYNTHESIS_AND_MODIFYING_ENZYMES,18,genept_scpa,detection_fraction,32,5,0.49582892987425603,,,ESTIMATED
unit,spearman_masking_delta_vs_feature,REACTOME_COLLAGEN_BIOSYNTHESIS_AND_MODIFYING_ENZYMES,18,genept_scpa,expression_sd,32,5,0.5235611551001652,,,ESTIMATED
unit,spearman_negative_rank_vs_feature,REACTOME_COLLAGEN_BIOSYNTHESIS_AND_MODIFYING_ENZYMES,18,genept_scpa,expression_sd,32,5,0.4789028460999926,,,ESTIMATED
unit,truth_target_minus_non_target_feature_rank_percentile,REACTOME_COLLAGEN_BIOSYNTHESIS_AND_MODIFYING_ENZYMES,19,NA,mean_expression,32,5,-0.20370370370370372,0.34375,0.5474537037037037,ESTIMATED
unit,truth_target_minus_non_target_feature_rank_percentile,REACTOME_COLLAGEN_BIOSYNTHESIS_AND_MODIFYING_ENZYMES,19,NA,detection_fraction,32,5,-0.20740740740740743,0.340625,0.5480324074074074,ESTIMATED
unit,truth_target_minus_non_target_feature_rank_percentile,REACTOME_COLLAGEN_BIOSYNTHESIS_AND_MODIFYING_ENZYMES,19,NA,expression_sd,32,5,-0.20370370370370372,0.34375,0.5474537037037037,ESTIMATED
unit,spearman_masking_delta_vs_feature,REACTOME_COLLAGEN_BIOSYNTHESIS_AND_MODIFYING_ENZYMES,19,vanilla_scpa,mean_expression,32,5,0.7113151915454023,,,ESTIMATED
unit,spearman_negative_rank_vs_feature,REACTOME_COLLAGEN_BIOSYNTHESIS_AND_MODIFYING_ENZYMES,19,vanilla_scpa,mean_expression,32,5,0.621239295714851,,,ESTIMATED
unit,spearman_masking_delta_vs_feature,REACTOME_COLLAGEN_BIOSYNTHESIS_AND_MODIFYING_ENZYMES,19,vanilla_scpa,detection_fraction,32,5,0.715344520647321,,,ESTIMATED
unit,spearman_negative_rank_vs_feature,REACTOME_COLLAGEN_BIOSYNTHESIS_AND_MODIFYING_ENZYMES,19,vanilla_scpa,detection_fraction,32,5,0.630733155815241,,,ESTIMATED
unit,spearman_masking_delta_vs_feature,REACTOME_COLLAGEN_BIOSYNTHESIS_AND_MODIFYING_ENZYMES,19,vanilla_scpa,expression_sd,32,5,0.707744730461237,,,ESTIMATED
unit,spearman_negative_rank_vs_feature,REACTOME_COLLAGEN_BIOSYNTHESIS_AND_MODIFYING_ENZYMES,19,vanilla_scpa,expression_sd,32,5,0.6175326173394641,,,ESTIMATED
unit,spearman_masking_delta_vs_feature,REACTOME_COLLAGEN_BIOSYNTHESIS_AND_MODIFYING_ENZYMES,19,genept_scpa,mean_expression,32,5,0.5241337702898483,,,ESTIMATED
unit,spearman_negative_rank_vs_feature,REACTOME_COLLAGEN_BIOSYNTHESIS_AND_MODIFYING_ENZYMES,19,genept_scpa,mean_expression,32,5,0.47927351393753126,,,ESTIMATED
unit,spearman_masking_delta_vs_feature,REACTOME_COLLAGEN_BIOSYNTHESIS_AND_MODIFYING_ENZYMES,19,genept_scpa,detection_fraction,32,5,0.5405806996517618,,,ESTIMATED
unit,spearman_negative_rank_vs_feature,REACTOME_COLLAGEN_BIOSYNTHESIS_AND_MODIFYING_ENZYMES,19,genept_scpa,detection_fraction,32,5,0.49582892987425603,,,ESTIMATED
unit,spearman_masking_delta_vs_feature,REACTOME_COLLAGEN_BIOSYNTHESIS_AND_MODIFYING_ENZYMES,19,genept_scpa,expression_sd,32,5,0.5235611551001652,,,ESTIMATED
unit,spearman_negative_rank_vs_feature,REACTOME_COLLAGEN_BIOSYNTHESIS_AND_MODIFYING_ENZYMES,19,genept_scpa,expression_sd,32,5,0.4789028460999926,,,ESTIMATED
unit,truth_target_minus_non_target_feature_rank_percentile,REACTOME_COLLAGEN_BIOSYNTHESIS_AND_MODIFYING_ENZYMES,20,NA,mean_expression,32,5,0.040740740740740744,0.55,0.5092592592592593,ESTIMATED
unit,truth_target_minus_non_target_feature_rank_percentile,REACTOME_COLLAGEN_BIOSYNTHESIS_AND_MODIFYING_ENZYMES,20,NA,detection_fraction,32,5,0.059259259259259345,0.565625,0.5063657407407407,ESTIMATED
unit,truth_target_minus_non_target_feature_rank_percentile,REACTOME_COLLAGEN_BIOSYNTHESIS_AND_MODIFYING_ENZYMES,20,NA,expression_sd,32,5,0.040740740740740744,0.55,0.5092592592592593,ESTIMATED
unit,spearman_masking_delta_vs_feature,REACTOME_COLLAGEN_BIOSYNTHESIS_AND_MODIFYING_ENZYMES,20,vanilla_scpa,mean_expression,32,5,0.7113151915454023,,,ESTIMATED
unit,spearman_negative_rank_vs_feature,REACTOME_COLLAGEN_BIOSYNTHESIS_AND_MODIFYING_ENZYMES,20,vanilla_scpa,mean_expression,32,5,0.621239295714851,,,ESTIMATED
unit,spearman_masking_delta_vs_feature,REACTOME_COLLAGEN_BIOSYNTHESIS_AND_MODIFYING_ENZYMES,20,vanilla_scpa,detection_fraction,32,5,0.715344520647321,,,ESTIMATED
unit,spearman_negative_rank_vs_feature,REACTOME_COLLAGEN_BIOSYNTHESIS_AND_MODIFYING_ENZYMES,20,vanilla_scpa,detection_fraction,32,5,0.630733155815241,,,ESTIMATED
unit,spearman_masking_delta_vs_feature,REACTOME_COLLAGEN_BIOSYNTHESIS_AND_MODIFYING_ENZYMES,20,vanilla_scpa,expression_sd,32,5,0.707744730461237,,,ESTIMATED
unit,spearman_negative_rank_vs_feature,REACTOME_COLLAGEN_BIOSYNTHESIS_AND_MODIFYING_ENZYMES,20,vanilla_scpa,expression_sd,32,5,0.6175326173394641,,,ESTIMATED
unit,spearman_masking_delta_vs_feature,REACTOME_COLLAGEN_BIOSYNTHESIS_AND_MODIFYING_ENZYMES,20,genept_scpa,mean_expression,32,5,0.5241337702898483,,,ESTIMATED
unit,spearman_negative_rank_vs_feature,REACTOME_COLLAGEN_BIOSYNTHESIS_AND_MODIFYING_ENZYMES,20,genept_scpa,mean_expression,32,5,0.47927351393753126,,,ESTIMATED
unit,spearman_masking_delta_vs_feature,REACTOME_COLLAGEN_BIOSYNTHESIS_AND_MODIFYING_ENZYMES,20,genept_scpa,detection_fraction,32,5,0.5405806996517618,,,ESTIMATED
unit,spearman_negative_rank_vs_feature,REACTOME_COLLAGEN_BIOSYNTHESIS_AND_MODIFYING_ENZYMES,20,genept_scpa,detection_fraction,32,5,0.49582892987425603,,,ESTIMATED
unit,spearman_masking_delta_vs_feature,REACTOME_COLLAGEN_BIOSYNTHESIS_AND_MODIFYING_ENZYMES,20,genept_scpa,expression_sd,32,5,0.5235611551001652,,,ESTIMATED
unit,spearman_negative_rank_vs_feature,REACTOME_COLLAGEN_BIOSYNTHESIS_AND_MODIFYING_ENZYMES,20,genept_scpa,expression_sd,32,5,0.4789028460999926,,,ESTIMATED
unit,truth_target_minus_non_target_feature_rank_percentile,REACTOME_METABOLISM_OF_POLYAMINES,1,NA,mean_expression,58,9,0.1417233560090702,0.6283524904214559,0.4866291344123857,ESTIMATED
unit,truth_target_minus_non_target_feature_rank_percentile,REACTOME_METABOLISM_OF_POLYAMINES,1,NA,detection_fraction,58,9,0.14172335600907027,0.6283524904214559,0.48662913441238564,ESTIMATED
unit,truth_target_minus_non_target_feature_rank_percentile,REACTOME_METABOLISM_OF_POLYAMINES,1,NA,expression_sd,58,9,0.13718820861678005,0.6245210727969349,0.48733286418015487,ESTIMATED
unit,spearman_masking_delta_vs_feature,REACTOME_METABOLISM_OF_POLYAMINES,1,vanilla_scpa,mean_expression,58,9,-0.07677793486691138,,,ESTIMATED
unit,spearman_negative_rank_vs_feature,REACTOME_METABOLISM_OF_POLYAMINES,1,vanilla_scpa,mean_expression,58,9,-0.0818862759067587,,,ESTIMATED
unit,spearman_masking_delta_vs_feature,REACTOME_METABOLISM_OF_POLYAMINES,1,vanilla_scpa,detection_fraction,58,9,-0.07652323611322248,,,ESTIMATED
unit,spearman_negative_rank_vs_feature,REACTOME_METABOLISM_OF_POLYAMINES,1,vanilla_scpa,detection_fraction,58,9,-0.08134133271864027,,,ESTIMATED
unit,spearman_masking_delta_vs_feature,REACTOME_METABOLISM_OF_POLYAMINES,1,vanilla_scpa,expression_sd,58,9,-0.07402481794380297,,,ESTIMATED
unit,spearman_negative_rank_vs_feature,REACTOME_METABOLISM_OF_POLYAMINES,1,vanilla_scpa,expression_sd,58,9,-0.07868711261062689,,,ESTIMATED
unit,spearman_masking_delta_vs_feature,REACTOME_METABOLISM_OF_POLYAMINES,1,genept_scpa,mean_expression,58,9,0.10497465268279692,,,ESTIMATED
unit,spearman_negative_rank_vs_feature,REACTOME_METABOLISM_OF_POLYAMINES,1,genept_scpa,mean_expression,58,9,0.11129396928273966,,,ESTIMATED
unit,spearman_masking_delta_vs_feature,REACTOME_METABOLISM_OF_POLYAMINES,1,genept_scpa,detection_fraction,58,9,0.10725617375767033,,,ESTIMATED
unit,spearman_negative_rank_vs_feature,REACTOME_METABOLISM_OF_POLYAMINES,1,genept_scpa,detection_fraction,58,9,0.11312105915523461,,,ESTIMATED
unit,spearman_masking_delta_vs_feature,REACTOME_METABOLISM_OF_POLYAMINES,1,genept_scpa,expression_sd,58,9,0.10991608970228722,,,ESTIMATED
unit,spearman_negative_rank_vs_feature,REACTOME_METABOLISM_OF_POLYAMINES,1,genept_scpa,expression_sd,58,9,0.11590814711369903,,,ESTIMATED
unit,truth_target_minus_non_target_feature_rank_percentile,REACTOME_METABOLISM_OF_POLYAMINES,2,NA,mean_expression,58,9,0.2142857142857144,0.6896551724137931,0.47536945812807874,ESTIMATED
unit,truth_target_minus_non_target_feature_rank_percentile,REACTOME_METABOLISM_OF_POLYAMINES,2,NA,detection_fraction,58,9,0.2142857142857144,0.6896551724137931,0.47536945812807874,ESTIMATED
unit,truth_target_minus_non_target_feature_rank_percentile,REACTOME_METABOLISM_OF_POLYAMINES,2,NA,expression_sd,58,9,0.21428571428571425,0.689655172413793,0.4753694581280788,ESTIMATED
unit,spearman_masking_delta_vs_feature,REACTOME_METABOLISM_OF_POLYAMINES,2,vanilla_scpa,mean_expression,58,9,-0.07677793486691138,,,ESTIMATED
unit,spearman_negative_rank_vs_feature,REACTOME_METABOLISM_OF_POLYAMINES,2,vanilla_scpa,mean_expression,58,9,-0.0818862759067587,,,ESTIMATED
unit,spearman_masking_delta_vs_feature,REACTOME_METABOLISM_OF_POLYAMINES,2,vanilla_scpa,detection_fraction,58,9,-0.07652323611322248,,,ESTIMATED
unit,spearman_negative_rank_vs_feature,REACTOME_METABOLISM_OF_POLYAMINES,2,vanilla_scpa,detection_fraction,58,9,-0.08134133271864027,,,ESTIMATED
unit,spearman_masking_delta_vs_feature,REACTOME_METABOLISM_OF_POLYAMINES,2,vanilla_scpa,expression_sd,58,9,-0.07402481794380297,,,ESTIMATED
unit,spearman_negative_rank_vs_feature,REACTOME_METABOLISM_OF_POLYAMINES,2,vanilla_scpa,expression_sd,58,9,-0.07868711261062689,,,ESTIMATED
unit,spearman_masking_delta_vs_feature,REACTOME_METABOLISM_OF_POLYAMINES,2,genept_scpa,mean_expression,58,9,0.10497465268279692,,,ESTIMATED
unit,spearman_negative_rank_vs_feature,REACTOME_METABOLISM_OF_POLYAMINES,2,genept_scpa,mean_expression,58,9,0.11129396928273966,,,ESTIMATED
unit,spearman_masking_delta_vs_feature,REACTOME_METABOLISM_OF_POLYAMINES,2,genept_scpa,detection_fraction,58,9,0.10725617375767033,,,ESTIMATED
unit,spearman_negative_rank_vs_feature,REACTOME_METABOLISM_OF_POLYAMINES,2,genept_scpa,detection_fraction,58,9,0.11312105915523461,,,ESTIMATED
unit,spearman_masking_delta_vs_feature,REACTOME_METABOLISM_OF_POLYAMINES,2,genept_scpa,expression_sd,58,9,0.10991608970228722,,,ESTIMATED
unit,spearman_negative_rank_vs_feature,REACTOME_METABOLISM_OF_POLYAMINES,2,genept_scpa,expression_sd,58,9,0.11590814711369903,,,ESTIMATED
unit,truth_target_minus_non_target_feature_rank_percentile,REACTOME_METABOLISM_OF_POLYAMINES,3,NA,mean_expression,58,9,0.15532879818594114,0.6398467432950192,0.4845179451090781,ESTIMATED
unit,truth_target_minus_non_target_feature_rank_percentile,REACTOME_METABOLISM_OF_POLYAMINES,3,NA,detection_fraction,58,9,0.1541950113378685,0.6388888888888888,0.48469387755102034,ESTIMATED
unit,truth_target_minus_non_target_feature_rank_percentile,REACTOME_METABOLISM_OF_POLYAMINES,3,NA,expression_sd,58,9,0.15079365079365087,0.6360153256704981,0.48522167487684725,ESTIMATED
unit,spearman_masking_delta_vs_feature,REACTOME_METABOLISM_OF_POLYAMINES,3,vanilla_scpa,mean_expression,58,9,-0.07677793486691138,,,ESTIMATED
unit,spearman_negative_rank_vs_feature,REACTOME_METABOLISM_OF_POLYAMINES,3,vanilla_scpa,mean_expression,58,9,-0.0818862759067587,,,ESTIMATED
unit,spearman_masking_delta_vs_feature,REACTOME_METABOLISM_OF_POLYAMINES,3,vanilla_scpa,detection_fraction,58,9,-0.07652323611322248,,,ESTIMATED
unit,spearman_negative_rank_vs_feature,REACTOME_METABOLISM_OF_POLYAMINES,3,vanilla_scpa,detection_fraction,58,9,-0.08134133271864027,,,ESTIMATED
unit,spearman_masking_delta_vs_feature,REACTOME_METABOLISM_OF_POLYAMINES,3,vanilla_scpa,expression_sd,58,9,-0.07402481794380297,,,ESTIMATED
unit,spearman_negative_rank_vs_feature,REACTOME_METABOLISM_OF_POLYAMINES,3,vanilla_scpa,expression_sd,58,9,-0.07868711261062689,,,ESTIMATED
unit,spearman_masking_delta_vs_feature,REACTOME_METABOLISM_OF_POLYAMINES,3,genept_scpa,mean_expression,58,9,0.10497465268279692,,,ESTIMATED
unit,spearman_negative_rank_vs_feature,REACTOME_METABOLISM_OF_POLYAMINES,3,genept_scpa,mean_expression,58,9,0.11129396928273966,,,ESTIMATED
unit,spearman_masking_delta_vs_feature,REACTOME_METABOLISM_OF_POLYAMINES,3,genept_scpa,detection_fraction,58,9,0.10725617375767033,,,ESTIMATED
unit,spearman_negative_rank_vs_feature,REACTOME_METABOLISM_OF_POLYAMINES,3,genept_scpa,detection_fraction,58,9,0.11312105915523461,,,ESTIMATED
unit,spearman_masking_delta_vs_feature,REACTOME_METABOLISM_OF_POLYAMINES,3,genept_scpa,expression_sd,58,9,0.10991608970228722,,,ESTIMATED
unit,spearman_negative_rank_vs_feature,REACTOME_METABOLISM_OF_POLYAMINES,3,genept_scpa,expression_sd,58,9,0.11590814711369903,,,ESTIMATED
unit,truth_target_minus_non_target_feature_rank_percentile,REACTOME_METABOLISM_OF_POLYAMINES,4,NA,mean_expression,58,9,0.1394557823129251,0.6264367816091954,0.48698099929627026,ESTIMATED
unit,truth_target_minus_non_target_feature_rank_percentile,REACTOME_METABOLISM_OF_POLYAMINES,4,NA,detection_fraction,58,9,0.14172335600907032,0.6283524904214559,0.4866291344123856,ESTIMATED
unit,truth_target_minus_non_target_feature_rank_percentile,REACTOME_METABOLISM_OF_POLYAMINES,4,NA,expression_sd,58,9,0.14172335600907027,0.6283524904214559,0.48662913441238564,ESTIMATED
unit,spearman_masking_delta_vs_feature,REACTOME_METABOLISM_OF_POLYAMINES,4,vanilla_scpa,mean_expression,58,9,-0.07677793486691138,,,ESTIMATED
unit,spearman_negative_rank_vs_feature,REACTOME_METABOLISM_OF_POLYAMINES,4,vanilla_scpa,mean_expression,58,9,-0.0818862759067587,,,ESTIMATED
unit,spearman_masking_delta_vs_feature,REACTOME_METABOLISM_OF_POLYAMINES,4,vanilla_scpa,detection_fraction,58,9,-0.07652323611322248,,,ESTIMATED
unit,spearman_negative_rank_vs_feature,REACTOME_METABOLISM_OF_POLYAMINES,4,vanilla_scpa,detection_fraction,58,9,-0.08134133271864027,,,ESTIMATED
unit,spearman_masking_delta_vs_feature,REACTOME_METABOLISM_OF_POLYAMINES,4,vanilla_scpa,expression_sd,58,9,-0.07402481794380297,,,ESTIMATED
unit,spearman_negative_rank_vs_feature,REACTOME_METABOLISM_OF_POLYAMINES,4,vanilla_scpa,expression_sd,58,9,-0.07868711261062689,,,ESTIMATED
unit,spearman_masking_delta_vs_feature,REACTOME_METABOLISM_OF_POLYAMINES,4,genept_scpa,mean_expression,58,9,0.10497465268279692,,,ESTIMATED
unit,spearman_negative_rank_vs_feature,REACTOME_METABOLISM_OF_POLYAMINES,4,genept_scpa,mean_expression,58,9,0.11129396928273966,,,ESTIMATED
unit,spearman_masking_delta_vs_feature,REACTOME_METABOLISM_OF_POLYAMINES,4,genept_scpa,detection_fraction,58,9,0.10725617375767033,,,ESTIMATED
unit,spearman_negative_rank_vs_feature,REACTOME_METABOLISM_OF_POLYAMINES,4,genept_scpa,detection_fraction,58,9,0.11312105915523461,,,ESTIMATED
unit,spearman_masking_delta_vs_feature,REACTOME_METABOLISM_OF_POLYAMINES,4,genept_scpa,expression_sd,58,9,0.10991608970228722,,,ESTIMATED
unit,spearman_negative_rank_vs_feature,REACTOME_METABOLISM_OF_POLYAMINES,4,genept_scpa,expression_sd,58,9,0.11590814711369903,,,ESTIMATED
unit,truth_target_minus_non_target_feature_rank_percentile,REACTOME_METABOLISM_OF_POLYAMINES,5,NA,mean_expression,58,9,0.041950113378684706,0.5440613026819923,0.5021111893033076,ESTIMATED
unit,truth_target_minus_non_target_feature_rank_percentile,REACTOME_METABOLISM_OF_POLYAMINES,5,NA,detection_fraction,58,9,0.038548752834467126,0.5411877394636015,0.5026389866291344,ESTIMATED
unit,truth_target_minus_non_target_feature_rank_percentile,REACTOME_METABOLISM_OF_POLYAMINES,5,NA,expression_sd,58,9,0.04195011337868482,0.5440613026819924,0.5021111893033076,ESTIMATED
unit,spearman_masking_delta_vs_feature,REACTOME_METABOLISM_OF_POLYAMINES,5,vanilla_scpa,mean_expression,58,9,-0.07677793486691138,,,ESTIMATED
unit,spearman_negative_rank_vs_feature,REACTOME_METABOLISM_OF_POLYAMINES,5,vanilla_scpa,mean_expression,58,9,-0.0818862759067587,,,ESTIMATED
unit,spearman_masking_delta_vs_feature,REACTOME_METABOLISM_OF_POLYAMINES,5,vanilla_scpa,detection_fraction,58,9,-0.07652323611322248,,,ESTIMATED
unit,spearman_negative_rank_vs_feature,REACTOME_METABOLISM_OF_POLYAMINES,5,vanilla_scpa,detection_fraction,58,9,-0.08134133271864027,,,ESTIMATED
unit,spearman_masking_delta_vs_feature,REACTOME_METABOLISM_OF_POLYAMINES,5,vanilla_scpa,expression_sd,58,9,-0.07402481794380297,,,ESTIMATED
unit,spearman_negative_rank_vs_feature,REACTOME_METABOLISM_OF_POLYAMINES,5,vanilla_scpa,expression_sd,58,9,-0.07868711261062689,,,ESTIMATED
unit,spearman_masking_delta_vs_feature,REACTOME_METABOLISM_OF_POLYAMINES,5,genept_scpa,mean_expression,58,9,0.10497465268279692,,,ESTIMATED
unit,spearman_negative_rank_vs_feature,REACTOME_METABOLISM_OF_POLYAMINES,5,genept_scpa,mean_expression,58,9,0.11129396928273966,,,ESTIMATED
unit,spearman_masking_delta_vs_feature,REACTOME_METABOLISM_OF_POLYAMINES,5,genept_scpa,detection_fraction,58,9,0.10725617375767033,,,ESTIMATED
unit,spearman_negative_rank_vs_feature,REACTOME_METABOLISM_OF_POLYAMINES,5,genept_scpa,detection_fraction,58,9,0.11312105915523461,,,ESTIMATED
unit,spearman_masking_delta_vs_feature,REACTOME_METABOLISM_OF_POLYAMINES,5,genept_scpa,expression_sd,58,9,0.10991608970228722,,,ESTIMATED
unit,spearman_negative_rank_vs_feature,REACTOME_METABOLISM_OF_POLYAMINES,5,genept_scpa,expression_sd,58,9,0.11590814711369903,,,ESTIMATED
unit,truth_target_minus_non_target_feature_rank_percentile,REACTOME_METABOLISM_OF_POLYAMINES,6,NA,mean_expression,58,9,0.08276643990929716,0.578544061302682,0.4957776213933848,ESTIMATED
unit,truth_target_minus_non_target_feature_rank_percentile,REACTOME_METABOLISM_OF_POLYAMINES,6,NA,detection_fraction,58,9,0.08163265306122452,0.5775862068965517,0.4959535538353272,ESTIMATED
unit,truth_target_minus_non_target_feature_rank_percentile,REACTOME_METABOLISM_OF_POLYAMINES,6,NA,expression_sd,58,9,0.08276643990929705,0.578544061302682,0.49577762139338494,ESTIMATED
unit,spearman_masking_delta_vs_feature,REACTOME_METABOLISM_OF_POLYAMINES,6,vanilla_scpa,mean_expression,58,9,-0.07677793486691138,,,ESTIMATED
unit,spearman_negative_rank_vs_feature,REACTOME_METABOLISM_OF_POLYAMINES,6,vanilla_scpa,mean_expression,58,9,-0.0818862759067587,,,ESTIMATED
unit,spearman_masking_delta_vs_feature,REACTOME_METABOLISM_OF_POLYAMINES,6,vanilla_scpa,detection_fraction,58,9,-0.07652323611322248,,,ESTIMATED
unit,spearman_negative_rank_vs_feature,REACTOME_METABOLISM_OF_POLYAMINES,6,vanilla_scpa,detection_fraction,58,9,-0.08134133271864027,,,ESTIMATED
unit,spearman_masking_delta_vs_feature,REACTOME_METABOLISM_OF_POLYAMINES,6,vanilla_scpa,expression_sd,58,9,-0.07402481794380297,,,ESTIMATED
unit,spearman_negative_rank_vs_feature,REACTOME_METABOLISM_OF_POLYAMINES,6,vanilla_scpa,expression_sd,58,9,-0.07868711261062689,,,ESTIMATED
unit,spearman_masking_delta_vs_feature,REACTOME_METABOLISM_OF_POLYAMINES,6,genept_scpa,mean_expression,58,9,0.10497465268279692,,,ESTIMATED
unit,spearman_negative_rank_vs_feature,REACTOME_METABOLISM_OF_POLYAMINES,6,genept_scpa,mean_expression,58,9,0.11129396928273966,,,ESTIMATED
unit,spearman_masking_delta_vs_feature,REACTOME_METABOLISM_OF_POLYAMINES,6,genept_scpa,detection_fraction,58,9,0.10725617375767033,,,ESTIMATED
unit,spearman_negative_rank_vs_feature,REACTOME_METABOLISM_OF_POLYAMINES,6,genept_scpa,detection_fraction,58,9,0.11312105915523461,,,ESTIMATED
unit,spearman_masking_delta_vs_feature,REACTOME_METABOLISM_OF_POLYAMINES,6,genept_scpa,expression_sd,58,9,0.10991608970228722,,,ESTIMATED
unit,spearman_negative_rank_vs_feature,REACTOME_METABOLISM_OF_POLYAMINES,6,genept_scpa,expression_sd,58,9,0.11590814711369903,,,ESTIMATED
unit,truth_target_minus_non_target_feature_rank_percentile,REACTOME_METABOLISM_OF_POLYAMINES,7,NA,mean_expression,58,9,0.18480725623582756,0.6647509578544061,0.4799437016185785,ESTIMATED
unit,truth_target_minus_non_target_feature_rank_percentile,REACTOME_METABOLISM_OF_POLYAMINES,7,NA,detection_fraction,58,9,0.18253968253968245,0.6628352490421455,0.4802955665024631,ESTIMATED
unit,truth_target_minus_non_target_feature_rank_percentile,REACTOME_METABOLISM_OF_POLYAMINES,7,NA,expression_sd,58,9,0.19614512471655315,0.6743295019157087,0.4781843771991556,ESTIMATED
unit,spearman_masking_delta_vs_feature,REACTOME_METABOLISM_OF_POLYAMINES,7,vanilla_scpa,mean_expression,58,9,-0.07677793486691138,,,ESTIMATED
unit,spearman_negative_rank_vs_feature,REACTOME_METABOLISM_OF_POLYAMINES,7,vanilla_scpa,mean_expression,58,9,-0.0818862759067587,,,ESTIMATED
unit,spearman_masking_delta_vs_feature,REACTOME_METABOLISM_OF_POLYAMINES,7,vanilla_scpa,detection_fraction,58,9,-0.07652323611322248,,,ESTIMATED
unit,spearman_negative_rank_vs_feature,REACTOME_METABOLISM_OF_POLYAMINES,7,vanilla_scpa,detection_fraction,58,9,-0.08134133271864027,,,ESTIMATED
unit,spearman_masking_delta_vs_feature,REACTOME_METABOLISM_OF_POLYAMINES,7,vanilla_scpa,expression_sd,58,9,-0.07402481794380297,,,ESTIMATED
unit,spearman_negative_rank_vs_feature,REACTOME_METABOLISM_OF_POLYAMINES,7,vanilla_scpa,expression_sd,58,9,-0.07868711261062689,,,ESTIMATED
unit,spearman_masking_delta_vs_feature,REACTOME_METABOLISM_OF_POLYAMINES,7,genept_scpa,mean_expression,58,9,0.10497465268279692,,,ESTIMATED
unit,spearman_negative_rank_vs_feature,REACTOME_METABOLISM_OF_POLYAMINES,7,genept_scpa,mean_expression,58,9,0.11129396928273966,,,ESTIMATED
unit,spearman_masking_delta_vs_feature,REACTOME_METABOLISM_OF_POLYAMINES,7,genept_scpa,detection_fraction,58,9,0.10725617375767033,,,ESTIMATED
unit,spearman_negative_rank_vs_feature,REACTOME_METABOLISM_OF_POLYAMINES,7,genept_scpa,detection_fraction,58,9,0.11312105915523461,,,ESTIMATED
unit,spearman_masking_delta_vs_feature,REACTOME_METABOLISM_OF_POLYAMINES,7,genept_scpa,expression_sd,58,9,0.10991608970228722,,,ESTIMATED
unit,spearman_negative_rank_vs_feature,REACTOME_METABOLISM_OF_POLYAMINES,7,genept_scpa,expression_sd,58,9,0.11590814711369903,,,ESTIMATED
unit,truth_target_minus_non_target_feature_rank_percentile,REACTOME_METABOLISM_OF_POLYAMINES,8,NA,mean_expression,58,9,0.28458049886621317,0.7490421455938697,0.46446164672765655,ESTIMATED
unit,truth_target_minus_non_target_feature_rank_percentile,REACTOME_METABOLISM_OF_POLYAMINES,8,NA,detection_fraction,58,9,0.282312925170068,0.7471264367816092,0.46481351161154116,ESTIMATED
unit,truth_target_minus_non_target_feature_rank_percentile,REACTOME_METABOLISM_OF_POLYAMINES,8,NA,expression_sd,58,9,0.2845804988662131,0.7490421455938697,0.4644616467276566,ESTIMATED
unit,spearman_masking_delta_vs_feature,REACTOME_METABOLISM_OF_POLYAMINES,8,vanilla_scpa,mean_expression,58,9,-0.07677793486691138,,,ESTIMATED
unit,spearman_negative_rank_vs_feature,REACTOME_METABOLISM_OF_POLYAMINES,8,vanilla_scpa,mean_expression,58,9,-0.0818862759067587,,,ESTIMATED
unit,spearman_masking_delta_vs_feature,REACTOME_METABOLISM_OF_POLYAMINES,8,vanilla_scpa,detection_fraction,58,9,-0.07652323611322248,,,ESTIMATED
unit,spearman_negative_rank_vs_feature,REACTOME_METABOLISM_OF_POLYAMINES,8,vanilla_scpa,detection_fraction,58,9,-0.08134133271864027,,,ESTIMATED
unit,spearman_masking_delta_vs_feature,REACTOME_METABOLISM_OF_POLYAMINES,8,vanilla_scpa,expression_sd,58,9,-0.07402481794380297,,,ESTIMATED
unit,spearman_negative_rank_vs_feature,REACTOME_METABOLISM_OF_POLYAMINES,8,vanilla_scpa,expression_sd,58,9,-0.07868711261062689,,,ESTIMATED
unit,spearman_masking_delta_vs_feature,REACTOME_METABOLISM_OF_POLYAMINES,8,genept_scpa,mean_expression,58,9,0.10497465268279692,,,ESTIMATED
unit,spearman_negative_rank_vs_feature,REACTOME_METABOLISM_OF_POLYAMINES,8,genept_scpa,mean_expression,58,9,0.11129396928273966,,,ESTIMATED
unit,spearman_masking_delta_vs_feature,REACTOME_METABOLISM_OF_POLYAMINES,8,genept_scpa,detection_fraction,58,9,0.10725617375767033,,,ESTIMATED
unit,spearman_negative_rank_vs_feature,REACTOME_METABOLISM_OF_POLYAMINES,8,genept_scpa,detection_fraction,58,9,0.11312105915523461,,,ESTIMATED
unit,spearman_masking_delta_vs_feature,REACTOME_METABOLISM_OF_POLYAMINES,8,genept_scpa,expression_sd,58,9,0.10991608970228722,,,ESTIMATED
unit,spearman_negative_rank_vs_feature,REACTOME_METABOLISM_OF_POLYAMINES,8,genept_scpa,expression_sd,58,9,0.11590814711369903,,,ESTIMATED
unit,truth_target_minus_non_target_feature_rank_percentile,REACTOME_METABOLISM_OF_POLYAMINES,9,NA,mean_expression,58,9,0.13265306122448978,0.6206896551724138,0.48803659394792404,ESTIMATED
unit,truth_target_minus_non_target_feature_rank_percentile,REACTOME_METABOLISM_OF_POLYAMINES,9,NA,detection_fraction,58,9,0.13265306122448983,0.6206896551724138,0.488036593947924,ESTIMATED
unit,truth_target_minus_non_target_feature_rank_percentile,REACTOME_METABOLISM_OF_POLYAMINES,9,NA,expression_sd,58,9,0.13265306122448983,0.6206896551724138,0.488036593947924,ESTIMATED
unit,spearman_masking_delta_vs_feature,REACTOME_METABOLISM_OF_POLYAMINES,9,vanilla_scpa,mean_expression,58,9,-0.07677793486691138,,,ESTIMATED
unit,spearman_negative_rank_vs_feature,REACTOME_METABOLISM_OF_POLYAMINES,9,vanilla_scpa,mean_expression,58,9,-0.0818862759067587,,,ESTIMATED
unit,spearman_masking_delta_vs_feature,REACTOME_METABOLISM_OF_POLYAMINES,9,vanilla_scpa,detection_fraction,58,9,-0.07652323611322248,,,ESTIMATED
unit,spearman_negative_rank_vs_feature,REACTOME_METABOLISM_OF_POLYAMINES,9,vanilla_scpa,detection_fraction,58,9,-0.08134133271864027,,,ESTIMATED
unit,spearman_masking_delta_vs_feature,REACTOME_METABOLISM_OF_POLYAMINES,9,vanilla_scpa,expression_sd,58,9,-0.07402481794380297,,,ESTIMATED
unit,spearman_negative_rank_vs_feature,REACTOME_METABOLISM_OF_POLYAMINES,9,vanilla_scpa,expression_sd,58,9,-0.07868711261062689,,,ESTIMATED
unit,spearman_masking_delta_vs_feature,REACTOME_METABOLISM_OF_POLYAMINES,9,genept_scpa,mean_expression,58,9,0.10497465268279692,,,ESTIMATED
unit,spearman_negative_rank_vs_feature,REACTOME_METABOLISM_OF_POLYAMINES,9,genept_scpa,mean_expression,58,9,0.11129396928273966,,,ESTIMATED
unit,spearman_masking_delta_vs_feature,REACTOME_METABOLISM_OF_POLYAMINES,9,genept_scpa,detection_fraction,58,9,0.10725617375767033,,,ESTIMATED
unit,spearman_negative_rank_vs_feature,REACTOME_METABOLISM_OF_POLYAMINES,9,genept_scpa,detection_fraction,58,9,0.11312105915523461,,,ESTIMATED
unit,spearman_masking_delta_vs_feature,REACTOME_METABOLISM_OF_POLYAMINES,9,genept_scpa,expression_sd,58,9,0.10991608970228722,,,ESTIMATED
unit,spearman_negative_rank_vs_feature,REACTOME_METABOLISM_OF_POLYAMINES,9,genept_scpa,expression_sd,58,9,0.11590814711369903,,,ESTIMATED
unit,truth_target_minus_non_target_feature_rank_percentile,REACTOME_METABOLISM_OF_POLYAMINES,10,NA,mean_expression,58,9,0.2755102040816328,0.7413793103448276,0.46586910626319483,ESTIMATED
unit,truth_target_minus_non_target_feature_rank_percentile,REACTOME_METABOLISM_OF_POLYAMINES,10,NA,detection_fraction,58,9,0.2789115646258503,0.7442528735632183,0.465341308937368,ESTIMATED
unit,truth_target_minus_non_target_feature_rank_percentile,REACTOME_METABOLISM_OF_POLYAMINES,10,NA,expression_sd,58,9,0.2755102040816327,0.7413793103448276,0.46586910626319494,ESTIMATED
unit,spearman_masking_delta_vs_feature,REACTOME_METABOLISM_OF_POLYAMINES,10,vanilla_scpa,mean_expression,58,9,-0.07677793486691138,,,ESTIMATED
unit,spearman_negative_rank_vs_feature,REACTOME_METABOLISM_OF_POLYAMINES,10,vanilla_scpa,mean_expression,58,9,-0.0818862759067587,,,ESTIMATED
unit,spearman_masking_delta_vs_feature,REACTOME_METABOLISM_OF_POLYAMINES,10,vanilla_scpa,detection_fraction,58,9,-0.07652323611322248,,,ESTIMATED
unit,spearman_negative_rank_vs_feature,REACTOME_METABOLISM_OF_POLYAMINES,10,vanilla_scpa,detection_fraction,58,9,-0.08134133271864027,,,ESTIMATED
unit,spearman_masking_delta_vs_feature,REACTOME_METABOLISM_OF_POLYAMINES,10,vanilla_scpa,expression_sd,58,9,-0.07402481794380297,,,ESTIMATED
unit,spearman_negative_rank_vs_feature,REACTOME_METABOLISM_OF_POLYAMINES,10,vanilla_scpa,expression_sd,58,9,-0.07868711261062689,,,ESTIMATED
unit,spearman_masking_delta_vs_feature,REACTOME_METABOLISM_OF_POLYAMINES,10,genept_scpa,mean_expression,58,9,0.10497465268279692,,,ESTIMATED
unit,spearman_negative_rank_vs_feature,REACTOME_METABOLISM_OF_POLYAMINES,10,genept_scpa,mean_expression,58,9,0.11129396928273966,,,ESTIMATED
unit,spearman_masking_delta_vs_feature,REACTOME_METABOLISM_OF_POLYAMINES,10,genept_scpa,detection_fraction,58,9,0.10725617375767033,,,ESTIMATED
unit,spearman_negative_rank_vs_feature,REACTOME_METABOLISM_OF_POLYAMINES,10,genept_scpa,detection_fraction,58,9,0.11312105915523461,,,ESTIMATED
unit,spearman_masking_delta_vs_feature,REACTOME_METABOLISM_OF_POLYAMINES,10,genept_scpa,expression_sd,58,9,0.10991608970228722,,,ESTIMATED
unit,spearman_negative_rank_vs_feature,REACTOME_METABOLISM_OF_POLYAMINES,10,genept_scpa,expression_sd,58,9,0.11590814711369903,,,ESTIMATED
unit,truth_target_minus_non_target_feature_rank_percentile,REACTOME_METABOLISM_OF_POLYAMINES,11,NA,mean_expression,58,9,0.0941043083900227,0.5881226053639846,0.49401829697396193,ESTIMATED
unit,truth_target_minus_non_target_feature_rank_percentile,REACTOME_METABOLISM_OF_POLYAMINES,11,NA,detection_fraction,58,9,0.09637188208616787,0.5900383141762453,0.49366643209007743,ESTIMATED
unit,truth_target_minus_non_target_feature_rank_percentile,REACTOME_METABOLISM_OF_POLYAMINES,11,NA,expression_sd,58,9,0.09183673469387765,0.5862068965517242,0.49437016185784655,ESTIMATED
unit,spearman_masking_delta_vs_feature,REACTOME_METABOLISM_OF_POLYAMINES,11,vanilla_scpa,mean_expression,58,9,-0.07677793486691138,,,ESTIMATED
unit,spearman_negative_rank_vs_feature,REACTOME_METABOLISM_OF_POLYAMINES,11,vanilla_scpa,mean_expression,58,9,-0.0818862759067587,,,ESTIMATED
unit,spearman_masking_delta_vs_feature,REACTOME_METABOLISM_OF_POLYAMINES,11,vanilla_scpa,detection_fraction,58,9,-0.07652323611322248,,,ESTIMATED
unit,spearman_negative_rank_vs_feature,REACTOME_METABOLISM_OF_POLYAMINES,11,vanilla_scpa,detection_fraction,58,9,-0.08134133271864027,,,ESTIMATED
unit,spearman_masking_delta_vs_feature,REACTOME_METABOLISM_OF_POLYAMINES,11,vanilla_scpa,expression_sd,58,9,-0.07402481794380297,,,ESTIMATED
unit,spearman_negative_rank_vs_feature,REACTOME_METABOLISM_OF_POLYAMINES,11,vanilla_scpa,expression_sd,58,9,-0.07868711261062689,,,ESTIMATED
unit,spearman_masking_delta_vs_feature,REACTOME_METABOLISM_OF_POLYAMINES,11,genept_scpa,mean_expression,58,9,0.10497465268279692,,,ESTIMATED
unit,spearman_negative_rank_vs_feature,REACTOME_METABOLISM_OF_POLYAMINES,11,genept_scpa,mean_expression,58,9,0.11129396928273966,,,ESTIMATED
unit,spearman_masking_delta_vs_feature,REACTOME_METABOLISM_OF_POLYAMINES,11,genept_scpa,detection_fraction,58,9,0.10725617375767033,,,ESTIMATED
unit,spearman_negative_rank_vs_feature,REACTOME_METABOLISM_OF_POLYAMINES,11,genept_scpa,detection_fraction,58,9,0.11312105915523461,,,ESTIMATED
unit,spearman_masking_delta_vs_feature,REACTOME_METABOLISM_OF_POLYAMINES,11,genept_scpa,expression_sd,58,9,0.10991608970228722,,,ESTIMATED
unit,spearman_negative_rank_vs_feature,REACTOME_METABOLISM_OF_POLYAMINES,11,genept_scpa,expression_sd,58,9,0.11590814711369903,,,ESTIMATED
unit,truth_target_minus_non_target_feature_rank_percentile,REACTOME_METABOLISM_OF_POLYAMINES,12,NA,mean_expression,58,9,0.1485260770975057,0.6340996168582376,0.48557353976073186,ESTIMATED
unit,truth_target_minus_non_target_feature_rank_percentile,REACTOME_METABOLISM_OF_POLYAMINES,12,NA,detection_fraction,58,9,0.15306122448979587,0.6379310344827586,0.4848698099929627,ESTIMATED
unit,truth_target_minus_non_target_feature_rank_percentile,REACTOME_METABOLISM_OF_POLYAMINES,12,NA,expression_sd,58,9,0.14625850340136054,0.632183908045977,0.4859254046446165,ESTIMATED
unit,spearman_masking_delta_vs_feature,REACTOME_METABOLISM_OF_POLYAMINES,12,vanilla_scpa,mean_expression,58,9,-0.07677793486691138,,,ESTIMATED
unit,spearman_negative_rank_vs_feature,REACTOME_METABOLISM_OF_POLYAMINES,12,vanilla_scpa,mean_expression,58,9,-0.0818862759067587,,,ESTIMATED
unit,spearman_masking_delta_vs_feature,REACTOME_METABOLISM_OF_POLYAMINES,12,vanilla_scpa,detection_fraction,58,9,-0.07652323611322248,,,ESTIMATED
unit,spearman_negative_rank_vs_feature,REACTOME_METABOLISM_OF_POLYAMINES,12,vanilla_scpa,detection_fraction,58,9,-0.08134133271864027,,,ESTIMATED
unit,spearman_masking_delta_vs_feature,REACTOME_METABOLISM_OF_POLYAMINES,12,vanilla_scpa,expression_sd,58,9,-0.07402481794380297,,,ESTIMATED
unit,spearman_negative_rank_vs_feature,REACTOME_METABOLISM_OF_POLYAMINES,12,vanilla_scpa,expression_sd,58,9,-0.07868711261062689,,,ESTIMATED
unit,spearman_masking_delta_vs_feature,REACTOME_METABOLISM_OF_POLYAMINES,12,genept_scpa,mean_expression,58,9,0.10497465268279692,,,ESTIMATED
unit,spearman_negative_rank_vs_feature,REACTOME_METABOLISM_OF_POLYAMINES,12,genept_scpa,mean_expression,58,9,0.11129396928273966,,,ESTIMATED
unit,spearman_masking_delta_vs_feature,REACTOME_METABOLISM_OF_POLYAMINES,12,genept_scpa,detection_fraction,58,9,0.10725617375767033,,,ESTIMATED
unit,spearman_negative_rank_vs_feature,REACTOME_METABOLISM_OF_POLYAMINES,12,genept_scpa,detection_fraction,58,9,0.11312105915523461,,,ESTIMATED
unit,spearman_masking_delta_vs_feature,REACTOME_METABOLISM_OF_POLYAMINES,12,genept_scpa,expression_sd,58,9,0.10991608970228722,,,ESTIMATED
unit,spearman_negative_rank_vs_feature,REACTOME_METABOLISM_OF_POLYAMINES,12,genept_scpa,expression_sd,58,9,0.11590814711369903,,,ESTIMATED
unit,truth_target_minus_non_target_feature_rank_percentile,REACTOME_METABOLISM_OF_POLYAMINES,13,NA,mean_expression,58,9,0.13718820861677994,0.6245210727969348,0.48733286418015487,ESTIMATED
unit,truth_target_minus_non_target_feature_rank_percentile,REACTOME_METABOLISM_OF_POLYAMINES,13,NA,detection_fraction,58,9,0.13265306122448978,0.6206896551724138,0.48803659394792404,ESTIMATED
unit,truth_target_minus_non_target_feature_rank_percentile,REACTOME_METABOLISM_OF_POLYAMINES,13,NA,expression_sd,58,9,0.14625850340136054,0.632183908045977,0.4859254046446165,ESTIMATED
unit,spearman_masking_delta_vs_feature,REACTOME_METABOLISM_OF_POLYAMINES,13,vanilla_scpa,mean_expression,58,9,-0.07677793486691138,,,ESTIMATED
unit,spearman_negative_rank_vs_feature,REACTOME_METABOLISM_OF_POLYAMINES,13,vanilla_scpa,mean_expression,58,9,-0.0818862759067587,,,ESTIMATED
unit,spearman_masking_delta_vs_feature,REACTOME_METABOLISM_OF_POLYAMINES,13,vanilla_scpa,detection_fraction,58,9,-0.07652323611322248,,,ESTIMATED
unit,spearman_negative_rank_vs_feature,REACTOME_METABOLISM_OF_POLYAMINES,13,vanilla_scpa,detection_fraction,58,9,-0.08134133271864027,,,ESTIMATED
unit,spearman_masking_delta_vs_feature,REACTOME_METABOLISM_OF_POLYAMINES,13,vanilla_scpa,expression_sd,58,9,-0.07402481794380297,,,ESTIMATED
unit,spearman_negative_rank_vs_feature,REACTOME_METABOLISM_OF_POLYAMINES,13,vanilla_scpa,expression_sd,58,9,-0.07868711261062689,,,ESTIMATED
unit,spearman_masking_delta_vs_feature,REACTOME_METABOLISM_OF_POLYAMINES,13,genept_scpa,mean_expression,58,9,0.10497465268279692,,,ESTIMATED
unit,spearman_negative_rank_vs_feature,REACTOME_METABOLISM_OF_POLYAMINES,13,genept_scpa,mean_expression,58,9,0.11129396928273966,,,ESTIMATED
unit,spearman_masking_delta_vs_feature,REACTOME_METABOLISM_OF_POLYAMINES,13,genept_scpa,detection_fraction,58,9,0.10725617375767033,,,ESTIMATED
unit,spearman_negative_rank_vs_feature,REACTOME_METABOLISM_OF_POLYAMINES,13,genept_scpa,detection_fraction,58,9,0.11312105915523461,,,ESTIMATED
unit,spearman_masking_delta_vs_feature,REACTOME_METABOLISM_OF_POLYAMINES,13,genept_scpa,expression_sd,58,9,0.10991608970228722,,,ESTIMATED
unit,spearman_negative_rank_vs_feature,REACTOME_METABOLISM_OF_POLYAMINES,13,genept_scpa,expression_sd,58,9,0.11590814711369903,,,ESTIMATED
unit,truth_target_minus_non_target_feature_rank_percentile,REACTOME_METABOLISM_OF_POLYAMINES,14,NA,mean_expression,58,9,0.1394557823129252,0.6264367816091955,0.48698099929627026,ESTIMATED
unit,truth_target_minus_non_target_feature_rank_percentile,REACTOME_METABOLISM_OF_POLYAMINES,14,NA,detection_fraction,58,9,0.14399092970521543,0.6302681992337165,0.48627726952850103,ESTIMATED
unit,truth_target_minus_non_target_feature_rank_percentile,REACTOME_METABOLISM_OF_POLYAMINES,14,NA,expression_sd,58,9,0.1394557823129251,0.6264367816091954,0.48698099929627026,ESTIMATED
unit,spearman_masking_delta_vs_feature,REACTOME_METABOLISM_OF_POLYAMINES,14,vanilla_scpa,mean_expression,58,9,-0.07677793486691138,,,ESTIMATED
unit,spearman_negative_rank_vs_feature,REACTOME_METABOLISM_OF_POLYAMINES,14,vanilla_scpa,mean_expression,58,9,-0.0818862759067587,,,ESTIMATED
unit,spearman_masking_delta_vs_feature,REACTOME_METABOLISM_OF_POLYAMINES,14,vanilla_scpa,detection_fraction,58,9,-0.07652323611322248,,,ESTIMATED
unit,spearman_negative_rank_vs_feature,REACTOME_METABOLISM_OF_POLYAMINES,14,vanilla_scpa,detection_fraction,58,9,-0.08134133271864027,,,ESTIMATED
unit,spearman_masking_delta_vs_feature,REACTOME_METABOLISM_OF_POLYAMINES,14,vanilla_scpa,expression_sd,58,9,-0.07402481794380297,,,ESTIMATED
unit,spearman_negative_rank_vs_feature,REACTOME_METABOLISM_OF_POLYAMINES,14,vanilla_scpa,expression_sd,58,9,-0.07868711261062689,,,ESTIMATED
unit,spearman_masking_delta_vs_feature,REACTOME_METABOLISM_OF_POLYAMINES,14,genept_scpa,mean_expression,58,9,0.10497465268279692,,,ESTIMATED
unit,spearman_negative_rank_vs_feature,REACTOME_METABOLISM_OF_POLYAMINES,14,genept_scpa,mean_expression,58,9,0.11129396928273966,,,ESTIMATED
unit,spearman_masking_delta_vs_feature,REACTOME_METABOLISM_OF_POLYAMINES,14,genept_scpa,detection_fraction,58,9,0.10725617375767033,,,ESTIMATED
unit,spearman_negative_rank_vs_feature,REACTOME_METABOLISM_OF_POLYAMINES,14,genept_scpa,detection_fraction,58,9,0.11312105915523461,,,ESTIMATED
unit,spearman_masking_delta_vs_feature,REACTOME_METABOLISM_OF_POLYAMINES,14,genept_scpa,expression_sd,58,9,0.10991608970228722,,,ESTIMATED
unit,spearman_negative_rank_vs_feature,REACTOME_METABOLISM_OF_POLYAMINES,14,genept_scpa,expression_sd,58,9,0.11590814711369903,,,ESTIMATED
unit,truth_target_minus_non_target_feature_rank_percentile,REACTOME_METABOLISM_OF_POLYAMINES,15,NA,mean_expression,58,9,0.10770975056689347,0.5996168582375478,0.4919071076706544,ESTIMATED
unit,truth_target_minus_non_target_feature_rank_percentile,REACTOME_METABOLISM_OF_POLYAMINES,15,NA,detection_fraction,58,9,0.10657596371882089,0.5986590038314176,0.4920830401125967,ESTIMATED
unit,truth_target_minus_non_target_feature_rank_percentile,REACTOME_METABOLISM_OF_POLYAMINES,15,NA,expression_sd,58,9,0.10997732426303847,0.6015325670498084,0.49155524278676993,ESTIMATED
unit,spearman_masking_delta_vs_feature,REACTOME_METABOLISM_OF_POLYAMINES,15,vanilla_scpa,mean_expression,58,9,-0.07677793486691138,,,ESTIMATED
unit,spearman_negative_rank_vs_feature,REACTOME_METABOLISM_OF_POLYAMINES,15,vanilla_scpa,mean_expression,58,9,-0.0818862759067587,,,ESTIMATED
unit,spearman_masking_delta_vs_feature,REACTOME_METABOLISM_OF_POLYAMINES,15,vanilla_scpa,detection_fraction,58,9,-0.07652323611322248,,,ESTIMATED
unit,spearman_negative_rank_vs_feature,REACTOME_METABOLISM_OF_POLYAMINES,15,vanilla_scpa,detection_fraction,58,9,-0.08134133271864027,,,ESTIMATED
unit,spearman_masking_delta_vs_feature,REACTOME_METABOLISM_OF_POLYAMINES,15,vanilla_scpa,expression_sd,58,9,-0.07402481794380297,,,ESTIMATED
unit,spearman_negative_rank_vs_feature,REACTOME_METABOLISM_OF_POLYAMINES,15,vanilla_scpa,expression_sd,58,9,-0.07868711261062689,,,ESTIMATED
unit,spearman_masking_delta_vs_feature,REACTOME_METABOLISM_OF_POLYAMINES,15,genept_scpa,mean_expression,58,9,0.10497465268279692,,,ESTIMATED
unit,spearman_negative_rank_vs_feature,REACTOME_METABOLISM_OF_POLYAMINES,15,genept_scpa,mean_expression,58,9,0.11129396928273966,,,ESTIMATED
unit,spearman_masking_delta_vs_feature,REACTOME_METABOLISM_OF_POLYAMINES,15,genept_scpa,detection_fraction,58,9,0.10725617375767033,,,ESTIMATED
unit,spearman_negative_rank_vs_feature,REACTOME_METABOLISM_OF_POLYAMINES,15,genept_scpa,detection_fraction,58,9,0.11312105915523461,,,ESTIMATED
unit,spearman_masking_delta_vs_feature,REACTOME_METABOLISM_OF_POLYAMINES,15,genept_scpa,expression_sd,58,9,0.10991608970228722,,,ESTIMATED
unit,spearman_negative_rank_vs_feature,REACTOME_METABOLISM_OF_POLYAMINES,15,genept_scpa,expression_sd,58,9,0.11590814711369903,,,ESTIMATED
unit,truth_target_minus_non_target_feature_rank_percentile,REACTOME_METABOLISM_OF_POLYAMINES,16,NA,mean_expression,58,9,0.24829931972789127,0.7183908045977012,0.47009148486980995,ESTIMATED
unit,truth_target_minus_non_target_feature_rank_percentile,REACTOME_METABOLISM_OF_POLYAMINES,16,NA,detection_fraction,58,9,0.25056689342403643,0.7203065134099618,0.46973961998592534,ESTIMATED
unit,truth_target_minus_non_target_feature_rank_percentile,REACTOME_METABOLISM_OF_POLYAMINES,16,NA,expression_sd,58,9,0.24149659863945577,0.7126436781609196,0.4711470795214638,ESTIMATED
unit,spearman_masking_delta_vs_feature,REACTOME_METABOLISM_OF_POLYAMINES,16,vanilla_scpa,mean_expression,58,9,-0.07677793486691138,,,ESTIMATED
unit,spearman_negative_rank_vs_feature,REACTOME_METABOLISM_OF_POLYAMINES,16,vanilla_scpa,mean_expression,58,9,-0.0818862759067587,,,ESTIMATED
unit,spearman_masking_delta_vs_feature,REACTOME_METABOLISM_OF_POLYAMINES,16,vanilla_scpa,detection_fraction,58,9,-0.07652323611322248,,,ESTIMATED
unit,spearman_negative_rank_vs_feature,REACTOME_METABOLISM_OF_POLYAMINES,16,vanilla_scpa,detection_fraction,58,9,-0.08134133271864027,,,ESTIMATED
unit,spearman_masking_delta_vs_feature,REACTOME_METABOLISM_OF_POLYAMINES,16,vanilla_scpa,expression_sd,58,9,-0.07402481794380297,,,ESTIMATED
unit,spearman_negative_rank_vs_feature,REACTOME_METABOLISM_OF_POLYAMINES,16,vanilla_scpa,expression_sd,58,9,-0.07868711261062689,,,ESTIMATED
unit,spearman_masking_delta_vs_feature,REACTOME_METABOLISM_OF_POLYAMINES,16,genept_scpa,mean_expression,58,9,0.10497465268279692,,,ESTIMATED
unit,spearman_negative_rank_vs_feature,REACTOME_METABOLISM_OF_POLYAMINES,16,genept_scpa,mean_expression,58,9,0.11129396928273966,,,ESTIMATED
unit,spearman_masking_delta_vs_feature,REACTOME_METABOLISM_OF_POLYAMINES,16,genept_scpa,detection_fraction,58,9,0.10725617375767033,,,ESTIMATED
unit,spearman_negative_rank_vs_feature,REACTOME_METABOLISM_OF_POLYAMINES,16,genept_scpa,detection_fraction,58,9,0.11312105915523461,,,ESTIMATED
unit,spearman_masking_delta_vs_feature,REACTOME_METABOLISM_OF_POLYAMINES,16,genept_scpa,expression_sd,58,9,0.10991608970228722,,,ESTIMATED
unit,spearman_negative_rank_vs_feature,REACTOME_METABOLISM_OF_POLYAMINES,16,genept_scpa,expression_sd,58,9,0.11590814711369903,,,ESTIMATED
unit,truth_target_minus_non_target_feature_rank_percentile,REACTOME_METABOLISM_OF_POLYAMINES,17,NA,mean_expression,58,9,0.035147392290249324,0.5383141762452106,0.5031667839549613,ESTIMATED
unit,truth_target_minus_non_target_feature_rank_percentile,REACTOME_METABOLISM_OF_POLYAMINES,17,NA,detection_fraction,58,9,0.039682539682539764,0.5421455938697318,0.5024630541871921,ESTIMATED
unit,truth_target_minus_non_target_feature_rank_percentile,REACTOME_METABOLISM_OF_POLYAMINES,17,NA,expression_sd,58,9,0.030612244897959107,0.5344827586206896,0.5038705137227305,ESTIMATED
unit,spearman_masking_delta_vs_feature,REACTOME_METABOLISM_OF_POLYAMINES,17,vanilla_scpa,mean_expression,58,9,-0.07677793486691138,,,ESTIMATED
unit,spearman_negative_rank_vs_feature,REACTOME_METABOLISM_OF_POLYAMINES,17,vanilla_scpa,mean_expression,58,9,-0.0818862759067587,,,ESTIMATED
unit,spearman_masking_delta_vs_feature,REACTOME_METABOLISM_OF_POLYAMINES,17,vanilla_scpa,detection_fraction,58,9,-0.07652323611322248,,,ESTIMATED
unit,spearman_negative_rank_vs_feature,REACTOME_METABOLISM_OF_POLYAMINES,17,vanilla_scpa,detection_fraction,58,9,-0.08134133271864027,,,ESTIMATED
unit,spearman_masking_delta_vs_feature,REACTOME_METABOLISM_OF_POLYAMINES,17,vanilla_scpa,expression_sd,58,9,-0.07402481794380297,,,ESTIMATED
unit,spearman_negative_rank_vs_feature,REACTOME_METABOLISM_OF_POLYAMINES,17,vanilla_scpa,expression_sd,58,9,-0.07868711261062689,,,ESTIMATED
unit,spearman_masking_delta_vs_feature,REACTOME_METABOLISM_OF_POLYAMINES,17,genept_scpa,mean_expression,58,9,0.10497465268279692,,,ESTIMATED
unit,spearman_negative_rank_vs_feature,REACTOME_METABOLISM_OF_POLYAMINES,17,genept_scpa,mean_expression,58,9,0.11129396928273966,,,ESTIMATED
unit,spearman_masking_delta_vs_feature,REACTOME_METABOLISM_OF_POLYAMINES,17,genept_scpa,detection_fraction,58,9,0.10725617375767033,,,ESTIMATED
unit,spearman_negative_rank_vs_feature,REACTOME_METABOLISM_OF_POLYAMINES,17,genept_scpa,detection_fraction,58,9,0.11312105915523461,,,ESTIMATED
unit,spearman_masking_delta_vs_feature,REACTOME_METABOLISM_OF_POLYAMINES,17,genept_scpa,expression_sd,58,9,0.10991608970228722,,,ESTIMATED
unit,spearman_negative_rank_vs_feature,REACTOME_METABOLISM_OF_POLYAMINES,17,genept_scpa,expression_sd,58,9,0.11590814711369903,,,ESTIMATED
unit,truth_target_minus_non_target_feature_rank_percentile,REACTOME_METABOLISM_OF_POLYAMINES,18,NA,mean_expression,58,9,0.09637188208616776,0.5900383141762452,0.49366643209007743,ESTIMATED
unit,truth_target_minus_non_target_feature_rank_percentile,REACTOME_METABOLISM_OF_POLYAMINES,18,NA,detection_fraction,58,9,0.10430839002267583,0.5967432950191571,0.4924349049964813,ESTIMATED
unit,truth_target_minus_non_target_feature_rank_percentile,REACTOME_METABOLISM_OF_POLYAMINES,18,NA,expression_sd,58,9,0.08956916099773243,0.5842911877394636,0.4947220267417312,ESTIMATED
unit,spearman_masking_delta_vs_feature,REACTOME_METABOLISM_OF_POLYAMINES,18,vanilla_scpa,mean_expression,58,9,-0.07677793486691138,,,ESTIMATED
unit,spearman_negative_rank_vs_feature,REACTOME_METABOLISM_OF_POLYAMINES,18,vanilla_scpa,mean_expression,58,9,-0.0818862759067587,,,ESTIMATED
unit,spearman_masking_delta_vs_feature,REACTOME_METABOLISM_OF_POLYAMINES,18,vanilla_scpa,detection_fraction,58,9,-0.07652323611322248,,,ESTIMATED
unit,spearman_negative_rank_vs_feature,REACTOME_METABOLISM_OF_POLYAMINES,18,vanilla_scpa,detection_fraction,58,9,-0.08134133271864027,,,ESTIMATED
unit,spearman_masking_delta_vs_feature,REACTOME_METABOLISM_OF_POLYAMINES,18,vanilla_scpa,expression_sd,58,9,-0.07402481794380297,,,ESTIMATED
unit,spearman_negative_rank_vs_feature,REACTOME_METABOLISM_OF_POLYAMINES,18,vanilla_scpa,expression_sd,58,9,-0.07868711261062689,,,ESTIMATED
unit,spearman_masking_delta_vs_feature,REACTOME_METABOLISM_OF_POLYAMINES,18,genept_scpa,mean_expression,58,9,0.10497465268279692,,,ESTIMATED
unit,spearman_negative_rank_vs_feature,REACTOME_METABOLISM_OF_POLYAMINES,18,genept_scpa,mean_expression,58,9,0.11129396928273966,,,ESTIMATED
unit,spearman_masking_delta_vs_feature,REACTOME_METABOLISM_OF_POLYAMINES,18,genept_scpa,detection_fraction,58,9,0.10725617375767033,,,ESTIMATED
unit,spearman_negative_rank_vs_feature,REACTOME_METABOLISM_OF_POLYAMINES,18,genept_scpa,detection_fraction,58,9,0.11312105915523461,,,ESTIMATED
unit,spearman_masking_delta_vs_feature,REACTOME_METABOLISM_OF_POLYAMINES,18,genept_scpa,expression_sd,58,9,0.10991608970228722,,,ESTIMATED
unit,spearman_negative_rank_vs_feature,REACTOME_METABOLISM_OF_POLYAMINES,18,genept_scpa,expression_sd,58,9,0.11590814711369903,,,ESTIMATED
unit,truth_target_minus_non_target_feature_rank_percentile,REACTOME_METABOLISM_OF_POLYAMINES,19,NA,mean_expression,58,9,0.005668934240362744,0.5134099616858238,0.507741027445461,ESTIMATED
unit,truth_target_minus_non_target_feature_rank_percentile,REACTOME_METABOLISM_OF_POLYAMINES,19,NA,detection_fraction,58,9,0.006802721088435382,0.514367816091954,0.5075650950035187,ESTIMATED
unit,truth_target_minus_non_target_feature_rank_percentile,REACTOME_METABOLISM_OF_POLYAMINES,19,NA,expression_sd,58,9,0.005668934240362744,0.5134099616858238,0.507741027445461,ESTIMATED
unit,spearman_masking_delta_vs_feature,REACTOME_METABOLISM_OF_POLYAMINES,19,vanilla_scpa,mean_expression,58,9,-0.07677793486691138,,,ESTIMATED
unit,spearman_negative_rank_vs_feature,REACTOME_METABOLISM_OF_POLYAMINES,19,vanilla_scpa,mean_expression,58,9,-0.0818862759067587,,,ESTIMATED
unit,spearman_masking_delta_vs_feature,REACTOME_METABOLISM_OF_POLYAMINES,19,vanilla_scpa,detection_fraction,58,9,-0.07652323611322248,,,ESTIMATED
unit,spearman_negative_rank_vs_feature,REACTOME_METABOLISM_OF_POLYAMINES,19,vanilla_scpa,detection_fraction,58,9,-0.08134133271864027,,,ESTIMATED
unit,spearman_masking_delta_vs_feature,REACTOME_METABOLISM_OF_POLYAMINES,19,vanilla_scpa,expression_sd,58,9,-0.07402481794380297,,,ESTIMATED
unit,spearman_negative_rank_vs_feature,REACTOME_METABOLISM_OF_POLYAMINES,19,vanilla_scpa,expression_sd,58,9,-0.07868711261062689,,,ESTIMATED
unit,spearman_masking_delta_vs_feature,REACTOME_METABOLISM_OF_POLYAMINES,19,genept_scpa,mean_expression,58,9,0.10497465268279692,,,ESTIMATED
unit,spearman_negative_rank_vs_feature,REACTOME_METABOLISM_OF_POLYAMINES,19,genept_scpa,mean_expression,58,9,0.11129396928273966,,,ESTIMATED
unit,spearman_masking_delta_vs_feature,REACTOME_METABOLISM_OF_POLYAMINES,19,genept_scpa,detection_fraction,58,9,0.10725617375767033,,,ESTIMATED
unit,spearman_negative_rank_vs_feature,REACTOME_METABOLISM_OF_POLYAMINES,19,genept_scpa,detection_fraction,58,9,0.11312105915523461,,,ESTIMATED
unit,spearman_masking_delta_vs_feature,REACTOME_METABOLISM_OF_POLYAMINES,19,genept_scpa,expression_sd,58,9,0.10991608970228722,,,ESTIMATED
unit,spearman_negative_rank_vs_feature,REACTOME_METABOLISM_OF_POLYAMINES,19,genept_scpa,expression_sd,58,9,0.11590814711369903,,,ESTIMATED
unit,truth_target_minus_non_target_feature_rank_percentile,REACTOME_METABOLISM_OF_POLYAMINES,20,NA,mean_expression,58,9,-0.003401360544217691,0.5057471264367815,0.5091484869809992,ESTIMATED
unit,truth_target_minus_non_target_feature_rank_percentile,REACTOME_METABOLISM_OF_POLYAMINES,20,NA,detection_fraction,58,9,-0.003401360544217691,0.5057471264367815,0.5091484869809992,ESTIMATED
unit,truth_target_minus_non_target_feature_rank_percentile,REACTOME_METABOLISM_OF_POLYAMINES,20,NA,expression_sd,58,9,-0.003401360544217691,0.5057471264367815,0.5091484869809992,ESTIMATED
unit,spearman_masking_delta_vs_feature,REACTOME_METABOLISM_OF_POLYAMINES,20,vanilla_scpa,mean_expression,58,9,-0.07677793486691138,,,ESTIMATED
unit,spearman_negative_rank_vs_feature,REACTOME_METABOLISM_OF_POLYAMINES,20,vanilla_scpa,mean_expression,58,9,-0.0818862759067587,,,ESTIMATED
unit,spearman_masking_delta_vs_feature,REACTOME_METABOLISM_OF_POLYAMINES,20,vanilla_scpa,detection_fraction,58,9,-0.07652323611322248,,,ESTIMATED
unit,spearman_negative_rank_vs_feature,REACTOME_METABOLISM_OF_POLYAMINES,20,vanilla_scpa,detection_fraction,58,9,-0.08134133271864027,,,ESTIMATED
unit,spearman_masking_delta_vs_feature,REACTOME_METABOLISM_OF_POLYAMINES,20,vanilla_scpa,expression_sd,58,9,-0.07402481794380297,,,ESTIMATED
unit,spearman_negative_rank_vs_feature,REACTOME_METABOLISM_OF_POLYAMINES,20,vanilla_scpa,expression_sd,58,9,-0.07868711261062689,,,ESTIMATED
unit,spearman_masking_delta_vs_feature,REACTOME_METABOLISM_OF_POLYAMINES,20,genept_scpa,mean_expression,58,9,0.10497465268279692,,,ESTIMATED
unit,spearman_negative_rank_vs_feature,REACTOME_METABOLISM_OF_POLYAMINES,20,genept_scpa,mean_expression,58,9,0.11129396928273966,,,ESTIMATED
unit,spearman_masking_delta_vs_feature,REACTOME_METABOLISM_OF_POLYAMINES,20,genept_scpa,detection_fraction,58,9,0.10725617375767033,,,ESTIMATED
unit,spearman_negative_rank_vs_feature,REACTOME_METABOLISM_OF_POLYAMINES,20,genept_scpa,detection_fraction,58,9,0.11312105915523461,,,ESTIMATED
unit,spearman_masking_delta_vs_feature,REACTOME_METABOLISM_OF_POLYAMINES,20,genept_scpa,expression_sd,58,9,0.10991608970228722,,,ESTIMATED
unit,spearman_negative_rank_vs_feature,REACTOME_METABOLISM_OF_POLYAMINES,20,genept_scpa,expression_sd,58,9,0.11590814711369903,,,ESTIMATED
unit,truth_target_minus_non_target_feature_rank_percentile,REACTOME_MITOCHONDRIAL_FATTY_ACID_BETA_OXIDATION,1,NA,mean_expression,31,5,0.39999999999999997,0.8516129032258064,0.45161290322580644,ESTIMATED
unit,truth_target_minus_non_target_feature_rank_percentile,REACTOME_MITOCHONDRIAL_FATTY_ACID_BETA_OXIDATION,1,NA,detection_fraction,31,5,0.4115384615384616,0.8612903225806452,0.4497518610421836,ESTIMATED
unit,truth_target_minus_non_target_feature_rank_percentile,REACTOME_MITOCHONDRIAL_FATTY_ACID_BETA_OXIDATION,1,NA,expression_sd,31,5,0.4,0.8516129032258064,0.4516129032258064,ESTIMATED
unit,spearman_masking_delta_vs_feature,REACTOME_MITOCHONDRIAL_FATTY_ACID_BETA_OXIDATION,1,vanilla_scpa,mean_expression,31,5,-0.22796290938614933,,,ESTIMATED
unit,spearman_negative_rank_vs_feature,REACTOME_MITOCHONDRIAL_FATTY_ACID_BETA_OXIDATION,1,vanilla_scpa,mean_expression,31,5,-0.2717741935483871,,,ESTIMATED
unit,spearman_masking_delta_vs_feature,REACTOME_MITOCHONDRIAL_FATTY_ACID_BETA_OXIDATION,1,vanilla_scpa,detection_fraction,31,5,-0.2212234425544355,,,ESTIMATED
unit,spearman_negative_rank_vs_feature,REACTOME_MITOCHONDRIAL_FATTY_ACID_BETA_OXIDATION,1,vanilla_scpa,detection_fraction,31,5,-0.26560452964831877,,,ESTIMATED
unit,spearman_masking_delta_vs_feature,REACTOME_MITOCHONDRIAL_FATTY_ACID_BETA_OXIDATION,1,vanilla_scpa,expression_sd,31,5,-0.23019783987032724,,,ESTIMATED
unit,spearman_negative_rank_vs_feature,REACTOME_MITOCHONDRIAL_FATTY_ACID_BETA_OXIDATION,1,vanilla_scpa,expression_sd,31,5,-0.2745967741935484,,,ESTIMATED
unit,spearman_masking_delta_vs_feature,REACTOME_MITOCHONDRIAL_FATTY_ACID_BETA_OXIDATION,1,genept_scpa,mean_expression,31,5,0.12862325908292596,,,ESTIMATED
unit,spearman_negative_rank_vs_feature,REACTOME_MITOCHONDRIAL_FATTY_ACID_BETA_OXIDATION,1,genept_scpa,mean_expression,31,5,0.15120967741935487,,,ESTIMATED
unit,spearman_masking_delta_vs_feature,REACTOME_MITOCHONDRIAL_FATTY_ACID_BETA_OXIDATION,1,genept_scpa,detection_fraction,31,5,0.11290969693057716,,,ESTIMATED
unit,spearman_negative_rank_vs_feature,REACTOME_MITOCHONDRIAL_FATTY_ACID_BETA_OXIDATION,1,genept_scpa,detection_fraction,31,5,0.13451649299576965,,,ESTIMATED
unit,spearman_masking_delta_vs_feature,REACTOME_MITOCHONDRIAL_FATTY_ACID_BETA_OXIDATION,1,genept_scpa,expression_sd,31,5,0.12577851085676328,,,ESTIMATED
unit,spearman_negative_rank_vs_feature,REACTOME_MITOCHONDRIAL_FATTY_ACID_BETA_OXIDATION,1,genept_scpa,expression_sd,31,5,0.14798387096774193,,,ESTIMATED
unit,truth_target_minus_non_target_feature_rank_percentile,REACTOME_MITOCHONDRIAL_FATTY_ACID_BETA_OXIDATION,2,NA,mean_expression,31,5,0.3846153846153845,0.8387096774193548,0.45409429280397023,ESTIMATED
unit,truth_target_minus_non_target_feature_rank_percentile,REACTOME_MITOCHONDRIAL_FATTY_ACID_BETA_OXIDATION,2,NA,detection_fraction,31,5,0.3884615384615386,0.8419354838709678,0.45347394540942926,ESTIMATED
unit,truth_target_minus_non_target_feature_rank_percentile,REACTOME_MITOCHONDRIAL_FATTY_ACID_BETA_OXIDATION,2,NA,expression_sd,31,5,0.3846153846153845,0.8387096774193548,0.45409429280397023,ESTIMATED
unit,spearman_masking_delta_vs_feature,REACTOME_MITOCHONDRIAL_FATTY_ACID_BETA_OXIDATION,2,vanilla_scpa,mean_expression,31,5,-0.22796290938614933,,,ESTIMATED
unit,spearman_negative_rank_vs_feature,REACTOME_MITOCHONDRIAL_FATTY_ACID_BETA_OXIDATION,2,vanilla_scpa,mean_expression,31,5,-0.2717741935483871,,,ESTIMATED
unit,spearman_masking_delta_vs_feature,REACTOME_MITOCHONDRIAL_FATTY_ACID_BETA_OXIDATION,2,vanilla_scpa,detection_fraction,31,5,-0.2212234425544355,,,ESTIMATED
unit,spearman_negative_rank_vs_feature,REACTOME_MITOCHONDRIAL_FATTY_ACID_BETA_OXIDATION,2,vanilla_scpa,detection_fraction,31,5,-0.26560452964831877,,,ESTIMATED
unit,spearman_masking_delta_vs_feature,REACTOME_MITOCHONDRIAL_FATTY_ACID_BETA_OXIDATION,2,vanilla_scpa,expression_sd,31,5,-0.23019783987032724,,,ESTIMATED
unit,spearman_negative_rank_vs_feature,REACTOME_MITOCHONDRIAL_FATTY_ACID_BETA_OXIDATION,2,vanilla_scpa,expression_sd,31,5,-0.2745967741935484,,,ESTIMATED
unit,spearman_masking_delta_vs_feature,REACTOME_MITOCHONDRIAL_FATTY_ACID_BETA_OXIDATION,2,genept_scpa,mean_expression,31,5,0.12862325908292596,,,ESTIMATED
unit,spearman_negative_rank_vs_feature,REACTOME_MITOCHONDRIAL_FATTY_ACID_BETA_OXIDATION,2,genept_scpa,mean_expression,31,5,0.15120967741935487,,,ESTIMATED
unit,spearman_masking_delta_vs_feature,REACTOME_MITOCHONDRIAL_FATTY_ACID_BETA_OXIDATION,2,genept_scpa,detection_fraction,31,5,0.11290969693057716,,,ESTIMATED
unit,spearman_negative_rank_vs_feature,REACTOME_MITOCHONDRIAL_FATTY_ACID_BETA_OXIDATION,2,genept_scpa,detection_fraction,31,5,0.13451649299576965,,,ESTIMATED
unit,spearman_masking_delta_vs_feature,REACTOME_MITOCHONDRIAL_FATTY_ACID_BETA_OXIDATION,2,genept_scpa,expression_sd,31,5,0.12577851085676328,,,ESTIMATED
unit,spearman_negative_rank_vs_feature,REACTOME_MITOCHONDRIAL_FATTY_ACID_BETA_OXIDATION,2,genept_scpa,expression_sd,31,5,0.14798387096774193,,,ESTIMATED
unit,truth_target_minus_non_target_feature_rank_percentile,REACTOME_MITOCHONDRIAL_FATTY_ACID_BETA_OXIDATION,3,NA,mean_expression,31,5,0.34615384615384615,0.8064516129032258,0.4602977667493796,ESTIMATED
unit,truth_target_minus_non_target_feature_rank_percentile,REACTOME_MITOCHONDRIAL_FATTY_ACID_BETA_OXIDATION,3,NA,detection_fraction,31,5,0.3423076923076925,0.803225806451613,0.46091811414392053,ESTIMATED
unit,truth_target_minus_non_target_feature_rank_percentile,REACTOME_MITOCHONDRIAL_FATTY_ACID_BETA_OXIDATION,3,NA,expression_sd,31,5,0.34615384615384615,0.8064516129032258,0.4602977667493796,ESTIMATED
unit,spearman_masking_delta_vs_feature,REACTOME_MITOCHONDRIAL_FATTY_ACID_BETA_OXIDATION,3,vanilla_scpa,mean_expression,31,5,-0.22796290938614933,,,ESTIMATED
unit,spearman_negative_rank_vs_feature,REACTOME_MITOCHONDRIAL_FATTY_ACID_BETA_OXIDATION,3,vanilla_scpa,mean_expression,31,5,-0.2717741935483871,,,ESTIMATED
unit,spearman_masking_delta_vs_feature,REACTOME_MITOCHONDRIAL_FATTY_ACID_BETA_OXIDATION,3,vanilla_scpa,detection_fraction,31,5,-0.2212234425544355,,,ESTIMATED
unit,spearman_negative_rank_vs_feature,REACTOME_MITOCHONDRIAL_FATTY_ACID_BETA_OXIDATION,3,vanilla_scpa,detection_fraction,31,5,-0.26560452964831877,,,ESTIMATED
unit,spearman_masking_delta_vs_feature,REACTOME_MITOCHONDRIAL_FATTY_ACID_BETA_OXIDATION,3,vanilla_scpa,expression_sd,31,5,-0.23019783987032724,,,ESTIMATED
unit,spearman_negative_rank_vs_feature,REACTOME_MITOCHONDRIAL_FATTY_ACID_BETA_OXIDATION,3,vanilla_scpa,expression_sd,31,5,-0.2745967741935484,,,ESTIMATED
unit,spearman_masking_delta_vs_feature,REACTOME_MITOCHONDRIAL_FATTY_ACID_BETA_OXIDATION,3,genept_scpa,mean_expression,31,5,0.12862325908292596,,,ESTIMATED
unit,spearman_negative_rank_vs_feature,REACTOME_MITOCHONDRIAL_FATTY_ACID_BETA_OXIDATION,3,genept_scpa,mean_expression,31,5,0.15120967741935487,,,ESTIMATED
unit,spearman_masking_delta_vs_feature,REACTOME_MITOCHONDRIAL_FATTY_ACID_BETA_OXIDATION,3,genept_scpa,detection_fraction,31,5,0.11290969693057716,,,ESTIMATED
unit,spearman_negative_rank_vs_feature,REACTOME_MITOCHONDRIAL_FATTY_ACID_BETA_OXIDATION,3,genept_scpa,detection_fraction,31,5,0.13451649299576965,,,ESTIMATED
unit,spearman_masking_delta_vs_feature,REACTOME_MITOCHONDRIAL_FATTY_ACID_BETA_OXIDATION,3,genept_scpa,expression_sd,31,5,0.12577851085676328,,,ESTIMATED
unit,spearman_negative_rank_vs_feature,REACTOME_MITOCHONDRIAL_FATTY_ACID_BETA_OXIDATION,3,genept_scpa,expression_sd,31,5,0.14798387096774193,,,ESTIMATED
unit,truth_target_minus_non_target_feature_rank_percentile,REACTOME_MITOCHONDRIAL_FATTY_ACID_BETA_OXIDATION,4,NA,mean_expression,31,5,0.3846153846153845,0.8387096774193548,0.45409429280397023,ESTIMATED
unit,truth_target_minus_non_target_feature_rank_percentile,REACTOME_MITOCHONDRIAL_FATTY_ACID_BETA_OXIDATION,4,NA,detection_fraction,31,5,0.3846153846153845,0.8387096774193548,0.45409429280397023,ESTIMATED
unit,truth_target_minus_non_target_feature_rank_percentile,REACTOME_MITOCHONDRIAL_FATTY_ACID_BETA_OXIDATION,4,NA,expression_sd,31,5,0.3846153846153845,0.8387096774193548,0.45409429280397023,ESTIMATED
unit,spearman_masking_delta_vs_feature,REACTOME_MITOCHONDRIAL_FATTY_ACID_BETA_OXIDATION,4,vanilla_scpa,mean_expression,31,5,-0.22796290938614933,,,ESTIMATED
unit,spearman_negative_rank_vs_feature,REACTOME_MITOCHONDRIAL_FATTY_ACID_BETA_OXIDATION,4,vanilla_scpa,mean_expression,31,5,-0.2717741935483871,,,ESTIMATED
unit,spearman_masking_delta_vs_feature,REACTOME_MITOCHONDRIAL_FATTY_ACID_BETA_OXIDATION,4,vanilla_scpa,detection_fraction,31,5,-0.2212234425544355,,,ESTIMATED
unit,spearman_negative_rank_vs_feature,REACTOME_MITOCHONDRIAL_FATTY_ACID_BETA_OXIDATION,4,vanilla_scpa,detection_fraction,31,5,-0.26560452964831877,,,ESTIMATED
unit,spearman_masking_delta_vs_feature,REACTOME_MITOCHONDRIAL_FATTY_ACID_BETA_OXIDATION,4,vanilla_scpa,expression_sd,31,5,-0.23019783987032724,,,ESTIMATED
unit,spearman_negative_rank_vs_feature,REACTOME_MITOCHONDRIAL_FATTY_ACID_BETA_OXIDATION,4,vanilla_scpa,expression_sd,31,5,-0.2745967741935484,,,ESTIMATED
unit,spearman_masking_delta_vs_feature,REACTOME_MITOCHONDRIAL_FATTY_ACID_BETA_OXIDATION,4,genept_scpa,mean_expression,31,5,0.12862325908292596,,,ESTIMATED
unit,spearman_negative_rank_vs_feature,REACTOME_MITOCHONDRIAL_FATTY_ACID_BETA_OXIDATION,4,genept_scpa,mean_expression,31,5,0.15120967741935487,,,ESTIMATED
unit,spearman_masking_delta_vs_feature,REACTOME_MITOCHONDRIAL_FATTY_ACID_BETA_OXIDATION,4,genept_scpa,detection_fraction,31,5,0.11290969693057716,,,ESTIMATED
unit,spearman_negative_rank_vs_feature,REACTOME_MITOCHONDRIAL_FATTY_ACID_BETA_OXIDATION,4,genept_scpa,detection_fraction,31,5,0.13451649299576965,,,ESTIMATED
unit,spearman_masking_delta_vs_feature,REACTOME_MITOCHONDRIAL_FATTY_ACID_BETA_OXIDATION,4,genept_scpa,expression_sd,31,5,0.12577851085676328,,,ESTIMATED
unit,spearman_negative_rank_vs_feature,REACTOME_MITOCHONDRIAL_FATTY_ACID_BETA_OXIDATION,4,genept_scpa,expression_sd,31,5,0.14798387096774193,,,ESTIMATED
unit,truth_target_minus_non_target_feature_rank_percentile,REACTOME_MITOCHONDRIAL_FATTY_ACID_BETA_OXIDATION,5,NA,mean_expression,31,5,0.4461538461538462,0.8903225806451613,0.44416873449131516,ESTIMATED
unit,truth_target_minus_non_target_feature_rank_percentile,REACTOME_MITOCHONDRIAL_FATTY_ACID_BETA_OXIDATION,5,NA,detection_fraction,31,5,0.44615384615384607,0.8903225806451612,0.44416873449131516,ESTIMATED
unit,truth_target_minus_non_target_feature_rank_percentile,REACTOME_MITOCHONDRIAL_FATTY_ACID_BETA_OXIDATION,5,NA,expression_sd,31,5,0.4461538461538462,0.8903225806451613,0.44416873449131516,ESTIMATED
unit,spearman_masking_delta_vs_feature,REACTOME_MITOCHONDRIAL_FATTY_ACID_BETA_OXIDATION,5,vanilla_scpa,mean_expression,31,5,-0.22796290938614933,,,ESTIMATED
unit,spearman_negative_rank_vs_feature,REACTOME_MITOCHONDRIAL_FATTY_ACID_BETA_OXIDATION,5,vanilla_scpa,mean_expression,31,5,-0.2717741935483871,,,ESTIMATED
unit,spearman_masking_delta_vs_feature,REACTOME_MITOCHONDRIAL_FATTY_ACID_BETA_OXIDATION,5,vanilla_scpa,detection_fraction,31,5,-0.2212234425544355,,,ESTIMATED
unit,spearman_negative_rank_vs_feature,REACTOME_MITOCHONDRIAL_FATTY_ACID_BETA_OXIDATION,5,vanilla_scpa,detection_fraction,31,5,-0.26560452964831877,,,ESTIMATED
unit,spearman_masking_delta_vs_feature,REACTOME_MITOCHONDRIAL_FATTY_ACID_BETA_OXIDATION,5,vanilla_scpa,expression_sd,31,5,-0.23019783987032724,,,ESTIMATED
unit,spearman_negative_rank_vs_feature,REACTOME_MITOCHONDRIAL_FATTY_ACID_BETA_OXIDATION,5,vanilla_scpa,expression_sd,31,5,-0.2745967741935484,,,ESTIMATED
unit,spearman_masking_delta_vs_feature,REACTOME_MITOCHONDRIAL_FATTY_ACID_BETA_OXIDATION,5,genept_scpa,mean_expression,31,5,0.12862325908292596,,,ESTIMATED
unit,spearman_negative_rank_vs_feature,REACTOME_MITOCHONDRIAL_FATTY_ACID_BETA_OXIDATION,5,genept_scpa,mean_expression,31,5,0.15120967741935487,,,ESTIMATED
unit,spearman_masking_delta_vs_feature,REACTOME_MITOCHONDRIAL_FATTY_ACID_BETA_OXIDATION,5,genept_scpa,detection_fraction,31,5,0.11290969693057716,,,ESTIMATED
unit,spearman_negative_rank_vs_feature,REACTOME_MITOCHONDRIAL_FATTY_ACID_BETA_OXIDATION,5,genept_scpa,detection_fraction,31,5,0.13451649299576965,,,ESTIMATED
unit,spearman_masking_delta_vs_feature,REACTOME_MITOCHONDRIAL_FATTY_ACID_BETA_OXIDATION,5,genept_scpa,expression_sd,31,5,0.12577851085676328,,,ESTIMATED
unit,spearman_negative_rank_vs_feature,REACTOME_MITOCHONDRIAL_FATTY_ACID_BETA_OXIDATION,5,genept_scpa,expression_sd,31,5,0.14798387096774193,,,ESTIMATED
unit,truth_target_minus_non_target_feature_rank_percentile,REACTOME_MITOCHONDRIAL_FATTY_ACID_BETA_OXIDATION,6,NA,mean_expression,31,5,0.36923076923076925,0.8258064516129032,0.456575682382134,ESTIMATED
unit,truth_target_minus_non_target_feature_rank_percentile,REACTOME_MITOCHONDRIAL_FATTY_ACID_BETA_OXIDATION,6,NA,detection_fraction,31,5,0.3653846153846154,0.8225806451612904,0.45719602977667495,ESTIMATED
unit,truth_target_minus_non_target_feature_rank_percentile,REACTOME_MITOCHONDRIAL_FATTY_ACID_BETA_OXIDATION,6,NA,expression_sd,31,5,0.36923076923076925,0.8258064516129032,0.456575682382134,ESTIMATED
unit,spearman_masking_delta_vs_feature,REACTOME_MITOCHONDRIAL_FATTY_ACID_BETA_OXIDATION,6,vanilla_scpa,mean_expression,31,5,-0.22796290938614933,,,ESTIMATED
unit,spearman_negative_rank_vs_feature,REACTOME_MITOCHONDRIAL_FATTY_ACID_BETA_OXIDATION,6,vanilla_scpa,mean_expression,31,5,-0.2717741935483871,,,ESTIMATED
unit,spearman_masking_delta_vs_feature,REACTOME_MITOCHONDRIAL_FATTY_ACID_BETA_OXIDATION,6,vanilla_scpa,detection_fraction,31,5,-0.2212234425544355,,,ESTIMATED
unit,spearman_negative_rank_vs_feature,REACTOME_MITOCHONDRIAL_FATTY_ACID_BETA_OXIDATION,6,vanilla_scpa,detection_fraction,31,5,-0.26560452964831877,,,ESTIMATED
unit,spearman_masking_delta_vs_feature,REACTOME_MITOCHONDRIAL_FATTY_ACID_BETA_OXIDATION,6,vanilla_scpa,expression_sd,31,5,-0.23019783987032724,,,ESTIMATED
unit,spearman_negative_rank_vs_feature,REACTOME_MITOCHONDRIAL_FATTY_ACID_BETA_OXIDATION,6,vanilla_scpa,expression_sd,31,5,-0.2745967741935484,,,ESTIMATED
unit,spearman_masking_delta_vs_feature,REACTOME_MITOCHONDRIAL_FATTY_ACID_BETA_OXIDATION,6,genept_scpa,mean_expression,31,5,0.12862325908292596,,,ESTIMATED
unit,spearman_negative_rank_vs_feature,REACTOME_MITOCHONDRIAL_FATTY_ACID_BETA_OXIDATION,6,genept_scpa,mean_expression,31,5,0.15120967741935487,,,ESTIMATED
unit,spearman_masking_delta_vs_feature,REACTOME_MITOCHONDRIAL_FATTY_ACID_BETA_OXIDATION,6,genept_scpa,detection_fraction,31,5,0.11290969693057716,,,ESTIMATED
unit,spearman_negative_rank_vs_feature,REACTOME_MITOCHONDRIAL_FATTY_ACID_BETA_OXIDATION,6,genept_scpa,detection_fraction,31,5,0.13451649299576965,,,ESTIMATED
unit,spearman_masking_delta_vs_feature,REACTOME_MITOCHONDRIAL_FATTY_ACID_BETA_OXIDATION,6,genept_scpa,expression_sd,31,5,0.12577851085676328,,,ESTIMATED
unit,spearman_negative_rank_vs_feature,REACTOME_MITOCHONDRIAL_FATTY_ACID_BETA_OXIDATION,6,genept_scpa,expression_sd,31,5,0.14798387096774193,,,ESTIMATED
unit,truth_target_minus_non_target_feature_rank_percentile,REACTOME_MITOCHONDRIAL_FATTY_ACID_BETA_OXIDATION,7,NA,mean_expression,31,5,0.4307692307692307,0.8774193548387096,0.4466501240694789,ESTIMATED
unit,truth_target_minus_non_target_feature_rank_percentile,REACTOME_MITOCHONDRIAL_FATTY_ACID_BETA_OXIDATION,7,NA,detection_fraction,31,5,0.44230769230769224,0.8870967741935484,0.44478908188585614,ESTIMATED
unit,truth_target_minus_non_target_feature_rank_percentile,REACTOME_MITOCHONDRIAL_FATTY_ACID_BETA_OXIDATION,7,NA,expression_sd,31,5,0.4307692307692307,0.8774193548387096,0.4466501240694789,ESTIMATED
unit,spearman_masking_delta_vs_feature,REACTOME_MITOCHONDRIAL_FATTY_ACID_BETA_OXIDATION,7,vanilla_scpa,mean_expression,31,5,-0.22796290938614933,,,ESTIMATED
unit,spearman_negative_rank_vs_feature,REACTOME_MITOCHONDRIAL_FATTY_ACID_BETA_OXIDATION,7,vanilla_scpa,mean_expression,31,5,-0.2717741935483871,,,ESTIMATED
unit,spearman_masking_delta_vs_feature,REACTOME_MITOCHONDRIAL_FATTY_ACID_BETA_OXIDATION,7,vanilla_scpa,detection_fraction,31,5,-0.2212234425544355,,,ESTIMATED
unit,spearman_negative_rank_vs_feature,REACTOME_MITOCHONDRIAL_FATTY_ACID_BETA_OXIDATION,7,vanilla_scpa,detection_fraction,31,5,-0.26560452964831877,,,ESTIMATED
unit,spearman_masking_delta_vs_feature,REACTOME_MITOCHONDRIAL_FATTY_ACID_BETA_OXIDATION,7,vanilla_scpa,expression_sd,31,5,-0.23019783987032724,,,ESTIMATED
unit,spearman_negative_rank_vs_feature,REACTOME_MITOCHONDRIAL_FATTY_ACID_BETA_OXIDATION,7,vanilla_scpa,expression_sd,31,5,-0.2745967741935484,,,ESTIMATED
unit,spearman_masking_delta_vs_feature,REACTOME_MITOCHONDRIAL_FATTY_ACID_BETA_OXIDATION,7,genept_scpa,mean_expression,31,5,0.12862325908292596,,,ESTIMATED
unit,spearman_negative_rank_vs_feature,REACTOME_MITOCHONDRIAL_FATTY_ACID_BETA_OXIDATION,7,genept_scpa,mean_expression,31,5,0.15120967741935487,,,ESTIMATED
unit,spearman_masking_delta_vs_feature,REACTOME_MITOCHONDRIAL_FATTY_ACID_BETA_OXIDATION,7,genept_scpa,detection_fraction,31,5,0.11290969693057716,,,ESTIMATED
unit,spearman_negative_rank_vs_feature,REACTOME_MITOCHONDRIAL_FATTY_ACID_BETA_OXIDATION,7,genept_scpa,detection_fraction,31,5,0.13451649299576965,,,ESTIMATED
unit,spearman_masking_delta_vs_feature,REACTOME_MITOCHONDRIAL_FATTY_ACID_BETA_OXIDATION,7,genept_scpa,expression_sd,31,5,0.12577851085676328,,,ESTIMATED
unit,spearman_negative_rank_vs_feature,REACTOME_MITOCHONDRIAL_FATTY_ACID_BETA_OXIDATION,7,genept_scpa,expression_sd,31,5,0.14798387096774193,,,ESTIMATED
unit,truth_target_minus_non_target_feature_rank_percentile,REACTOME_MITOCHONDRIAL_FATTY_ACID_BETA_OXIDATION,8,NA,mean_expression,31,5,0.3692307692307693,0.8258064516129032,0.4565756823821339,ESTIMATED
unit,truth_target_minus_non_target_feature_rank_percentile,REACTOME_MITOCHONDRIAL_FATTY_ACID_BETA_OXIDATION,8,NA,detection_fraction,31,5,0.3615384615384615,0.8193548387096774,0.4578163771712159,ESTIMATED
unit,truth_target_minus_non_target_feature_rank_percentile,REACTOME_MITOCHONDRIAL_FATTY_ACID_BETA_OXIDATION,8,NA,expression_sd,31,5,0.3692307692307693,0.8258064516129032,0.4565756823821339,ESTIMATED
unit,spearman_masking_delta_vs_feature,REACTOME_MITOCHONDRIAL_FATTY_ACID_BETA_OXIDATION,8,vanilla_scpa,mean_expression,31,5,-0.22796290938614933,,,ESTIMATED
unit,spearman_negative_rank_vs_feature,REACTOME_MITOCHONDRIAL_FATTY_ACID_BETA_OXIDATION,8,vanilla_scpa,mean_expression,31,5,-0.2717741935483871,,,ESTIMATED
unit,spearman_masking_delta_vs_feature,REACTOME_MITOCHONDRIAL_FATTY_ACID_BETA_OXIDATION,8,vanilla_scpa,detection_fraction,31,5,-0.2212234425544355,,,ESTIMATED
unit,spearman_negative_rank_vs_feature,REACTOME_MITOCHONDRIAL_FATTY_ACID_BETA_OXIDATION,8,vanilla_scpa,detection_fraction,31,5,-0.26560452964831877,,,ESTIMATED
unit,spearman_masking_delta_vs_feature,REACTOME_MITOCHONDRIAL_FATTY_ACID_BETA_OXIDATION,8,vanilla_scpa,expression_sd,31,5,-0.23019783987032724,,,ESTIMATED
unit,spearman_negative_rank_vs_feature,REACTOME_MITOCHONDRIAL_FATTY_ACID_BETA_OXIDATION,8,vanilla_scpa,expression_sd,31,5,-0.2745967741935484,,,ESTIMATED
unit,spearman_masking_delta_vs_feature,REACTOME_MITOCHONDRIAL_FATTY_ACID_BETA_OXIDATION,8,genept_scpa,mean_expression,31,5,0.12862325908292596,,,ESTIMATED
unit,spearman_negative_rank_vs_feature,REACTOME_MITOCHONDRIAL_FATTY_ACID_BETA_OXIDATION,8,genept_scpa,mean_expression,31,5,0.15120967741935487,,,ESTIMATED
unit,spearman_masking_delta_vs_feature,REACTOME_MITOCHONDRIAL_FATTY_ACID_BETA_OXIDATION,8,genept_scpa,detection_fraction,31,5,0.11290969693057716,,,ESTIMATED
unit,spearman_negative_rank_vs_feature,REACTOME_MITOCHONDRIAL_FATTY_ACID_BETA_OXIDATION,8,genept_scpa,detection_fraction,31,5,0.13451649299576965,,,ESTIMATED
unit,spearman_masking_delta_vs_feature,REACTOME_MITOCHONDRIAL_FATTY_ACID_BETA_OXIDATION,8,genept_scpa,expression_sd,31,5,0.12577851085676328,,,ESTIMATED
unit,spearman_negative_rank_vs_feature,REACTOME_MITOCHONDRIAL_FATTY_ACID_BETA_OXIDATION,8,genept_scpa,expression_sd,31,5,0.14798387096774193,,,ESTIMATED
unit,truth_target_minus_non_target_feature_rank_percentile,REACTOME_MITOCHONDRIAL_FATTY_ACID_BETA_OXIDATION,9,NA,mean_expression,31,5,0.45384615384615395,0.8967741935483872,0.4429280397022332,ESTIMATED
unit,truth_target_minus_non_target_feature_rank_percentile,REACTOME_MITOCHONDRIAL_FATTY_ACID_BETA_OXIDATION,9,NA,detection_fraction,31,5,0.4423076923076923,0.8870967741935484,0.4447890818858561,ESTIMATED
unit,truth_target_minus_non_target_feature_rank_percentile,REACTOME_MITOCHONDRIAL_FATTY_ACID_BETA_OXIDATION,9,NA,expression_sd,31,5,0.45384615384615395,0.8967741935483872,0.4429280397022332,ESTIMATED
unit,spearman_masking_delta_vs_feature,REACTOME_MITOCHONDRIAL_FATTY_ACID_BETA_OXIDATION,9,vanilla_scpa,mean_expression,31,5,-0.22796290938614933,,,ESTIMATED
unit,spearman_negative_rank_vs_feature,REACTOME_MITOCHONDRIAL_FATTY_ACID_BETA_OXIDATION,9,vanilla_scpa,mean_expression,31,5,-0.2717741935483871,,,ESTIMATED
unit,spearman_masking_delta_vs_feature,REACTOME_MITOCHONDRIAL_FATTY_ACID_BETA_OXIDATION,9,vanilla_scpa,detection_fraction,31,5,-0.2212234425544355,,,ESTIMATED
unit,spearman_negative_rank_vs_feature,REACTOME_MITOCHONDRIAL_FATTY_ACID_BETA_OXIDATION,9,vanilla_scpa,detection_fraction,31,5,-0.26560452964831877,,,ESTIMATED
unit,spearman_masking_delta_vs_feature,REACTOME_MITOCHONDRIAL_FATTY_ACID_BETA_OXIDATION,9,vanilla_scpa,expression_sd,31,5,-0.23019783987032724,,,ESTIMATED
unit,spearman_negative_rank_vs_feature,REACTOME_MITOCHONDRIAL_FATTY_ACID_BETA_OXIDATION,9,vanilla_scpa,expression_sd,31,5,-0.2745967741935484,,,ESTIMATED
unit,spearman_masking_delta_vs_feature,REACTOME_MITOCHONDRIAL_FATTY_ACID_BETA_OXIDATION,9,genept_scpa,mean_expression,31,5,0.12862325908292596,,,ESTIMATED
unit,spearman_negative_rank_vs_feature,REACTOME_MITOCHONDRIAL_FATTY_ACID_BETA_OXIDATION,9,genept_scpa,mean_expression,31,5,0.15120967741935487,,,ESTIMATED
unit,spearman_masking_delta_vs_feature,REACTOME_MITOCHONDRIAL_FATTY_ACID_BETA_OXIDATION,9,genept_scpa,detection_fraction,31,5,0.11290969693057716,,,ESTIMATED
unit,spearman_negative_rank_vs_feature,REACTOME_MITOCHONDRIAL_FATTY_ACID_BETA_OXIDATION,9,genept_scpa,detection_fraction,31,5,0.13451649299576965,,,ESTIMATED
unit,spearman_masking_delta_vs_feature,REACTOME_MITOCHONDRIAL_FATTY_ACID_BETA_OXIDATION,9,genept_scpa,expression_sd,31,5,0.12577851085676328,,,ESTIMATED
unit,spearman_negative_rank_vs_feature,REACTOME_MITOCHONDRIAL_FATTY_ACID_BETA_OXIDATION,9,genept_scpa,expression_sd,31,5,0.14798387096774193,,,ESTIMATED
unit,truth_target_minus_non_target_feature_rank_percentile,REACTOME_MITOCHONDRIAL_FATTY_ACID_BETA_OXIDATION,10,NA,mean_expression,31,5,0.35384615384615375,0.8129032258064516,0.4590570719602978,ESTIMATED
unit,truth_target_minus_non_target_feature_rank_percentile,REACTOME_MITOCHONDRIAL_FATTY_ACID_BETA_OXIDATION,10,NA,detection_fraction,31,5,0.3576923076923077,0.8161290322580645,0.45843672456575685,ESTIMATED
unit,truth_target_minus_non_target_feature_rank_percentile,REACTOME_MITOCHONDRIAL_FATTY_ACID_BETA_OXIDATION,10,NA,expression_sd,31,5,0.35384615384615375,0.8129032258064516,0.4590570719602978,ESTIMATED
unit,spearman_masking_delta_vs_feature,REACTOME_MITOCHONDRIAL_FATTY_ACID_BETA_OXIDATION,10,vanilla_scpa,mean_expression,31,5,-0.22796290938614933,,,ESTIMATED
unit,spearman_negative_rank_vs_feature,REACTOME_MITOCHONDRIAL_FATTY_ACID_BETA_OXIDATION,10,vanilla_scpa,mean_expression,31,5,-0.2717741935483871,,,ESTIMATED
unit,spearman_masking_delta_vs_feature,REACTOME_MITOCHONDRIAL_FATTY_ACID_BETA_OXIDATION,10,vanilla_scpa,detection_fraction,31,5,-0.2212234425544355,,,ESTIMATED
unit,spearman_negative_rank_vs_feature,REACTOME_MITOCHONDRIAL_FATTY_ACID_BETA_OXIDATION,10,vanilla_scpa,detection_fraction,31,5,-0.26560452964831877,,,ESTIMATED
unit,spearman_masking_delta_vs_feature,REACTOME_MITOCHONDRIAL_FATTY_ACID_BETA_OXIDATION,10,vanilla_scpa,expression_sd,31,5,-0.23019783987032724,,,ESTIMATED
unit,spearman_negative_rank_vs_feature,REACTOME_MITOCHONDRIAL_FATTY_ACID_BETA_OXIDATION,10,vanilla_scpa,expression_sd,31,5,-0.2745967741935484,,,ESTIMATED
unit,spearman_masking_delta_vs_feature,REACTOME_MITOCHONDRIAL_FATTY_ACID_BETA_OXIDATION,10,genept_scpa,mean_expression,31,5,0.12862325908292596,,,ESTIMATED
unit,spearman_negative_rank_vs_feature,REACTOME_MITOCHONDRIAL_FATTY_ACID_BETA_OXIDATION,10,genept_scpa,mean_expression,31,5,0.15120967741935487,,,ESTIMATED
unit,spearman_masking_delta_vs_feature,REACTOME_MITOCHONDRIAL_FATTY_ACID_BETA_OXIDATION,10,genept_scpa,detection_fraction,31,5,0.11290969693057716,,,ESTIMATED
unit,spearman_negative_rank_vs_feature,REACTOME_MITOCHONDRIAL_FATTY_ACID_BETA_OXIDATION,10,genept_scpa,detection_fraction,31,5,0.13451649299576965,,,ESTIMATED
unit,spearman_masking_delta_vs_feature,REACTOME_MITOCHONDRIAL_FATTY_ACID_BETA_OXIDATION,10,genept_scpa,expression_sd,31,5,0.12577851085676328,,,ESTIMATED
unit,spearman_negative_rank_vs_feature,REACTOME_MITOCHONDRIAL_FATTY_ACID_BETA_OXIDATION,10,genept_scpa,expression_sd,31,5,0.14798387096774193,,,ESTIMATED
unit,truth_target_minus_non_target_feature_rank_percentile,REACTOME_MITOCHONDRIAL_FATTY_ACID_BETA_OXIDATION,11,NA,mean_expression,31,5,0.4307692307692307,0.8774193548387096,0.4466501240694789,ESTIMATED
unit,truth_target_minus_non_target_feature_rank_percentile,REACTOME_MITOCHONDRIAL_FATTY_ACID_BETA_OXIDATION,11,NA,detection_fraction,31,5,0.43461538461538457,0.8806451612903226,0.446029776674938,ESTIMATED
unit,truth_target_minus_non_target_feature_rank_percentile,REACTOME_MITOCHONDRIAL_FATTY_ACID_BETA_OXIDATION,11,NA,expression_sd,31,5,0.4307692307692307,0.8774193548387096,0.4466501240694789,ESTIMATED
unit,spearman_masking_delta_vs_feature,REACTOME_MITOCHONDRIAL_FATTY_ACID_BETA_OXIDATION,11,vanilla_scpa,mean_expression,31,5,-0.22796290938614933,,,ESTIMATED
unit,spearman_negative_rank_vs_feature,REACTOME_MITOCHONDRIAL_FATTY_ACID_BETA_OXIDATION,11,vanilla_scpa,mean_expression,31,5,-0.2717741935483871,,,ESTIMATED
unit,spearman_masking_delta_vs_feature,REACTOME_MITOCHONDRIAL_FATTY_ACID_BETA_OXIDATION,11,vanilla_scpa,detection_fraction,31,5,-0.2212234425544355,,,ESTIMATED
unit,spearman_negative_rank_vs_feature,REACTOME_MITOCHONDRIAL_FATTY_ACID_BETA_OXIDATION,11,vanilla_scpa,detection_fraction,31,5,-0.26560452964831877,,,ESTIMATED
unit,spearman_masking_delta_vs_feature,REACTOME_MITOCHONDRIAL_FATTY_ACID_BETA_OXIDATION,11,vanilla_scpa,expression_sd,31,5,-0.23019783987032724,,,ESTIMATED
unit,spearman_negative_rank_vs_feature,REACTOME_MITOCHONDRIAL_FATTY_ACID_BETA_OXIDATION,11,vanilla_scpa,expression_sd,31,5,-0.2745967741935484,,,ESTIMATED
unit,spearman_masking_delta_vs_feature,REACTOME_MITOCHONDRIAL_FATTY_ACID_BETA_OXIDATION,11,genept_scpa,mean_expression,31,5,0.12862325908292596,,,ESTIMATED
unit,spearman_negative_rank_vs_feature,REACTOME_MITOCHONDRIAL_FATTY_ACID_BETA_OXIDATION,11,genept_scpa,mean_expression,31,5,0.15120967741935487,,,ESTIMATED
unit,spearman_masking_delta_vs_feature,REACTOME_MITOCHONDRIAL_FATTY_ACID_BETA_OXIDATION,11,genept_scpa,detection_fraction,31,5,0.11290969693057716,,,ESTIMATED
unit,spearman_negative_rank_vs_feature,REACTOME_MITOCHONDRIAL_FATTY_ACID_BETA_OXIDATION,11,genept_scpa,detection_fraction,31,5,0.13451649299576965,,,ESTIMATED
unit,spearman_masking_delta_vs_feature,REACTOME_MITOCHONDRIAL_FATTY_ACID_BETA_OXIDATION,11,genept_scpa,expression_sd,31,5,0.12577851085676328,,,ESTIMATED
unit,spearman_negative_rank_vs_feature,REACTOME_MITOCHONDRIAL_FATTY_ACID_BETA_OXIDATION,11,genept_scpa,expression_sd,31,5,0.14798387096774193,,,ESTIMATED
unit,truth_target_minus_non_target_feature_rank_percentile,REACTOME_MITOCHONDRIAL_FATTY_ACID_BETA_OXIDATION,12,NA,mean_expression,31,5,0.46923076923076934,0.9096774193548388,0.44044665012406947,ESTIMATED
unit,truth_target_minus_non_target_feature_rank_percentile,REACTOME_MITOCHONDRIAL_FATTY_ACID_BETA_OXIDATION,12,NA,detection_fraction,31,5,0.4615384615384614,0.9032258064516128,0.44168734491315137,ESTIMATED
unit,truth_target_minus_non_target_feature_rank_percentile,REACTOME_MITOCHONDRIAL_FATTY_ACID_BETA_OXIDATION,12,NA,expression_sd,31,5,0.4692307692307693,0.9096774193548388,0.4404466501240695,ESTIMATED
unit,spearman_masking_delta_vs_feature,REACTOME_MITOCHONDRIAL_FATTY_ACID_BETA_OXIDATION,12,vanilla_scpa,mean_expression,31,5,-0.22796290938614933,,,ESTIMATED
unit,spearman_negative_rank_vs_feature,REACTOME_MITOCHONDRIAL_FATTY_ACID_BETA_OXIDATION,12,vanilla_scpa,mean_expression,31,5,-0.2717741935483871,,,ESTIMATED
unit,spearman_masking_delta_vs_feature,REACTOME_MITOCHONDRIAL_FATTY_ACID_BETA_OXIDATION,12,vanilla_scpa,detection_fraction,31,5,-0.2212234425544355,,,ESTIMATED
unit,spearman_negative_rank_vs_feature,REACTOME_MITOCHONDRIAL_FATTY_ACID_BETA_OXIDATION,12,vanilla_scpa,detection_fraction,31,5,-0.26560452964831877,,,ESTIMATED
unit,spearman_masking_delta_vs_feature,REACTOME_MITOCHONDRIAL_FATTY_ACID_BETA_OXIDATION,12,vanilla_scpa,expression_sd,31,5,-0.23019783987032724,,,ESTIMATED
unit,spearman_negative_rank_vs_feature,REACTOME_MITOCHONDRIAL_FATTY_ACID_BETA_OXIDATION,12,vanilla_scpa,expression_sd,31,5,-0.2745967741935484,,,ESTIMATED
unit,spearman_masking_delta_vs_feature,REACTOME_MITOCHONDRIAL_FATTY_ACID_BETA_OXIDATION,12,genept_scpa,mean_expression,31,5,0.12862325908292596,,,ESTIMATED
unit,spearman_negative_rank_vs_feature,REACTOME_MITOCHONDRIAL_FATTY_ACID_BETA_OXIDATION,12,genept_scpa,mean_expression,31,5,0.15120967741935487,,,ESTIMATED
unit,spearman_masking_delta_vs_feature,REACTOME_MITOCHONDRIAL_FATTY_ACID_BETA_OXIDATION,12,genept_scpa,detection_fraction,31,5,0.11290969693057716,,,ESTIMATED
unit,spearman_negative_rank_vs_feature,REACTOME_MITOCHONDRIAL_FATTY_ACID_BETA_OXIDATION,12,genept_scpa,detection_fraction,31,5,0.13451649299576965,,,ESTIMATED
unit,spearman_masking_delta_vs_feature,REACTOME_MITOCHONDRIAL_FATTY_ACID_BETA_OXIDATION,12,genept_scpa,expression_sd,31,5,0.12577851085676328,,,ESTIMATED
unit,spearman_negative_rank_vs_feature,REACTOME_MITOCHONDRIAL_FATTY_ACID_BETA_OXIDATION,12,genept_scpa,expression_sd,31,5,0.14798387096774193,,,ESTIMATED
unit,truth_target_minus_non_target_feature_rank_percentile,REACTOME_MITOCHONDRIAL_FATTY_ACID_BETA_OXIDATION,13,NA,mean_expression,31,5,0.37692307692307697,0.832258064516129,0.4553349875930521,ESTIMATED
unit,truth_target_minus_non_target_feature_rank_percentile,REACTOME_MITOCHONDRIAL_FATTY_ACID_BETA_OXIDATION,13,NA,detection_fraction,31,5,0.3846153846153845,0.8387096774193548,0.45409429280397023,ESTIMATED
unit,truth_target_minus_non_target_feature_rank_percentile,REACTOME_MITOCHONDRIAL_FATTY_ACID_BETA_OXIDATION,13,NA,expression_sd,31,5,0.37692307692307697,0.832258064516129,0.4553349875930521,ESTIMATED
unit,spearman_masking_delta_vs_feature,REACTOME_MITOCHONDRIAL_FATTY_ACID_BETA_OXIDATION,13,vanilla_scpa,mean_expression,31,5,-0.22796290938614933,,,ESTIMATED
unit,spearman_negative_rank_vs_feature,REACTOME_MITOCHONDRIAL_FATTY_ACID_BETA_OXIDATION,13,vanilla_scpa,mean_expression,31,5,-0.2717741935483871,,,ESTIMATED
unit,spearman_masking_delta_vs_feature,REACTOME_MITOCHONDRIAL_FATTY_ACID_BETA_OXIDATION,13,vanilla_scpa,detection_fraction,31,5,-0.2212234425544355,,,ESTIMATED
unit,spearman_negative_rank_vs_feature,REACTOME_MITOCHONDRIAL_FATTY_ACID_BETA_OXIDATION,13,vanilla_scpa,detection_fraction,31,5,-0.26560452964831877,,,ESTIMATED
unit,spearman_masking_delta_vs_feature,REACTOME_MITOCHONDRIAL_FATTY_ACID_BETA_OXIDATION,13,vanilla_scpa,expression_sd,31,5,-0.23019783987032724,,,ESTIMATED
unit,spearman_negative_rank_vs_feature,REACTOME_MITOCHONDRIAL_FATTY_ACID_BETA_OXIDATION,13,vanilla_scpa,expression_sd,31,5,-0.2745967741935484,,,ESTIMATED
unit,spearman_masking_delta_vs_feature,REACTOME_MITOCHONDRIAL_FATTY_ACID_BETA_OXIDATION,13,genept_scpa,mean_expression,31,5,0.12862325908292596,,,ESTIMATED
unit,spearman_negative_rank_vs_feature,REACTOME_MITOCHONDRIAL_FATTY_ACID_BETA_OXIDATION,13,genept_scpa,mean_expression,31,5,0.15120967741935487,,,ESTIMATED
unit,spearman_masking_delta_vs_feature,REACTOME_MITOCHONDRIAL_FATTY_ACID_BETA_OXIDATION,13,genept_scpa,detection_fraction,31,5,0.11290969693057716,,,ESTIMATED
unit,spearman_negative_rank_vs_feature,REACTOME_MITOCHONDRIAL_FATTY_ACID_BETA_OXIDATION,13,genept_scpa,detection_fraction,31,5,0.13451649299576965,,,ESTIMATED
unit,spearman_masking_delta_vs_feature,REACTOME_MITOCHONDRIAL_FATTY_ACID_BETA_OXIDATION,13,genept_scpa,expression_sd,31,5,0.12577851085676328,,,ESTIMATED
unit,spearman_negative_rank_vs_feature,REACTOME_MITOCHONDRIAL_FATTY_ACID_BETA_OXIDATION,13,genept_scpa,expression_sd,31,5,0.14798387096774193,,,ESTIMATED
unit,truth_target_minus_non_target_feature_rank_percentile,REACTOME_MITOCHONDRIAL_FATTY_ACID_BETA_OXIDATION,14,NA,mean_expression,31,5,0.45384615384615395,0.8967741935483872,0.4429280397022332,ESTIMATED
unit,truth_target_minus_non_target_feature_rank_percentile,REACTOME_MITOCHONDRIAL_FATTY_ACID_BETA_OXIDATION,14,NA,detection_fraction,31,5,0.45384615384615384,0.8967741935483872,0.4429280397022333,ESTIMATED
unit,truth_target_minus_non_target_feature_rank_percentile,REACTOME_MITOCHONDRIAL_FATTY_ACID_BETA_OXIDATION,14,NA,expression_sd,31,5,0.45384615384615395,0.8967741935483872,0.4429280397022332,ESTIMATED
unit,spearman_masking_delta_vs_feature,REACTOME_MITOCHONDRIAL_FATTY_ACID_BETA_OXIDATION,14,vanilla_scpa,mean_expression,31,5,-0.22796290938614933,,,ESTIMATED
unit,spearman_negative_rank_vs_feature,REACTOME_MITOCHONDRIAL_FATTY_ACID_BETA_OXIDATION,14,vanilla_scpa,mean_expression,31,5,-0.2717741935483871,,,ESTIMATED
unit,spearman_masking_delta_vs_feature,REACTOME_MITOCHONDRIAL_FATTY_ACID_BETA_OXIDATION,14,vanilla_scpa,detection_fraction,31,5,-0.2212234425544355,,,ESTIMATED
unit,spearman_negative_rank_vs_feature,REACTOME_MITOCHONDRIAL_FATTY_ACID_BETA_OXIDATION,14,vanilla_scpa,detection_fraction,31,5,-0.26560452964831877,,,ESTIMATED
unit,spearman_masking_delta_vs_feature,REACTOME_MITOCHONDRIAL_FATTY_ACID_BETA_OXIDATION,14,vanilla_scpa,expression_sd,31,5,-0.23019783987032724,,,ESTIMATED
unit,spearman_negative_rank_vs_feature,REACTOME_MITOCHONDRIAL_FATTY_ACID_BETA_OXIDATION,14,vanilla_scpa,expression_sd,31,5,-0.2745967741935484,,,ESTIMATED
unit,spearman_masking_delta_vs_feature,REACTOME_MITOCHONDRIAL_FATTY_ACID_BETA_OXIDATION,14,genept_scpa,mean_expression,31,5,0.12862325908292596,,,ESTIMATED
unit,spearman_negative_rank_vs_feature,REACTOME_MITOCHONDRIAL_FATTY_ACID_BETA_OXIDATION,14,genept_scpa,mean_expression,31,5,0.15120967741935487,,,ESTIMATED
unit,spearman_masking_delta_vs_feature,REACTOME_MITOCHONDRIAL_FATTY_ACID_BETA_OXIDATION,14,genept_scpa,detection_fraction,31,5,0.11290969693057716,,,ESTIMATED
unit,spearman_negative_rank_vs_feature,REACTOME_MITOCHONDRIAL_FATTY_ACID_BETA_OXIDATION,14,genept_scpa,detection_fraction,31,5,0.13451649299576965,,,ESTIMATED
unit,spearman_masking_delta_vs_feature,REACTOME_MITOCHONDRIAL_FATTY_ACID_BETA_OXIDATION,14,genept_scpa,expression_sd,31,5,0.12577851085676328,,,ESTIMATED
unit,spearman_negative_rank_vs_feature,REACTOME_MITOCHONDRIAL_FATTY_ACID_BETA_OXIDATION,14,genept_scpa,expression_sd,31,5,0.14798387096774193,,,ESTIMATED
unit,truth_target_minus_non_target_feature_rank_percentile,REACTOME_MITOCHONDRIAL_FATTY_ACID_BETA_OXIDATION,15,NA,mean_expression,31,5,0.423076923076923,0.8709677419354838,0.44789081885856075,ESTIMATED
unit,truth_target_minus_non_target_feature_rank_percentile,REACTOME_MITOCHONDRIAL_FATTY_ACID_BETA_OXIDATION,15,NA,detection_fraction,31,5,0.423076923076923,0.8709677419354838,0.44789081885856075,ESTIMATED
unit,truth_target_minus_non_target_feature_rank_percentile,REACTOME_MITOCHONDRIAL_FATTY_ACID_BETA_OXIDATION,15,NA,expression_sd,31,5,0.423076923076923,0.8709677419354838,0.44789081885856075,ESTIMATED
unit,spearman_masking_delta_vs_feature,REACTOME_MITOCHONDRIAL_FATTY_ACID_BETA_OXIDATION,15,vanilla_scpa,mean_expression,31,5,-0.22796290938614933,,,ESTIMATED
unit,spearman_negative_rank_vs_feature,REACTOME_MITOCHONDRIAL_FATTY_ACID_BETA_OXIDATION,15,vanilla_scpa,mean_expression,31,5,-0.2717741935483871,,,ESTIMATED
unit,spearman_masking_delta_vs_feature,REACTOME_MITOCHONDRIAL_FATTY_ACID_BETA_OXIDATION,15,vanilla_scpa,detection_fraction,31,5,-0.2212234425544355,,,ESTIMATED
unit,spearman_negative_rank_vs_feature,REACTOME_MITOCHONDRIAL_FATTY_ACID_BETA_OXIDATION,15,vanilla_scpa,detection_fraction,31,5,-0.26560452964831877,,,ESTIMATED
unit,spearman_masking_delta_vs_feature,REACTOME_MITOCHONDRIAL_FATTY_ACID_BETA_OXIDATION,15,vanilla_scpa,expression_sd,31,5,-0.23019783987032724,,,ESTIMATED
unit,spearman_negative_rank_vs_feature,REACTOME_MITOCHONDRIAL_FATTY_ACID_BETA_OXIDATION,15,vanilla_scpa,expression_sd,31,5,-0.2745967741935484,,,ESTIMATED
unit,spearman_masking_delta_vs_feature,REACTOME_MITOCHONDRIAL_FATTY_ACID_BETA_OXIDATION,15,genept_scpa,mean_expression,31,5,0.12862325908292596,,,ESTIMATED
unit,spearman_negative_rank_vs_feature,REACTOME_MITOCHONDRIAL_FATTY_ACID_BETA_OXIDATION,15,genept_scpa,mean_expression,31,5,0.15120967741935487,,,ESTIMATED
unit,spearman_masking_delta_vs_feature,REACTOME_MITOCHONDRIAL_FATTY_ACID_BETA_OXIDATION,15,genept_scpa,detection_fraction,31,5,0.11290969693057716,,,ESTIMATED
unit,spearman_negative_rank_vs_feature,REACTOME_MITOCHONDRIAL_FATTY_ACID_BETA_OXIDATION,15,genept_scpa,detection_fraction,31,5,0.13451649299576965,,,ESTIMATED
unit,spearman_masking_delta_vs_feature,REACTOME_MITOCHONDRIAL_FATTY_ACID_BETA_OXIDATION,15,genept_scpa,expression_sd,31,5,0.12577851085676328,,,ESTIMATED
unit,spearman_negative_rank_vs_feature,REACTOME_MITOCHONDRIAL_FATTY_ACID_BETA_OXIDATION,15,genept_scpa,expression_sd,31,5,0.14798387096774193,,,ESTIMATED
unit,truth_target_minus_non_target_feature_rank_percentile,REACTOME_MITOCHONDRIAL_FATTY_ACID_BETA_OXIDATION,16,NA,mean_expression,31,5,0.3538461538461538,0.8129032258064516,0.45905707196029777,ESTIMATED
unit,truth_target_minus_non_target_feature_rank_percentile,REACTOME_MITOCHONDRIAL_FATTY_ACID_BETA_OXIDATION,16,NA,detection_fraction,31,5,0.3576923076923077,0.8161290322580645,0.45843672456575685,ESTIMATED
unit,truth_target_minus_non_target_feature_rank_percentile,REACTOME_MITOCHONDRIAL_FATTY_ACID_BETA_OXIDATION,16,NA,expression_sd,31,5,0.3538461538461538,0.8129032258064516,0.45905707196029777,ESTIMATED
unit,spearman_masking_delta_vs_feature,REACTOME_MITOCHONDRIAL_FATTY_ACID_BETA_OXIDATION,16,vanilla_scpa,mean_expression,31,5,-0.22796290938614933,,,ESTIMATED
unit,spearman_negative_rank_vs_feature,REACTOME_MITOCHONDRIAL_FATTY_ACID_BETA_OXIDATION,16,vanilla_scpa,mean_expression,31,5,-0.2717741935483871,,,ESTIMATED
unit,spearman_masking_delta_vs_feature,REACTOME_MITOCHONDRIAL_FATTY_ACID_BETA_OXIDATION,16,vanilla_scpa,detection_fraction,31,5,-0.2212234425544355,,,ESTIMATED
unit,spearman_negative_rank_vs_feature,REACTOME_MITOCHONDRIAL_FATTY_ACID_BETA_OXIDATION,16,vanilla_scpa,detection_fraction,31,5,-0.26560452964831877,,,ESTIMATED
unit,spearman_masking_delta_vs_feature,REACTOME_MITOCHONDRIAL_FATTY_ACID_BETA_OXIDATION,16,vanilla_scpa,expression_sd,31,5,-0.23019783987032724,,,ESTIMATED
unit,spearman_negative_rank_vs_feature,REACTOME_MITOCHONDRIAL_FATTY_ACID_BETA_OXIDATION,16,vanilla_scpa,expression_sd,31,5,-0.2745967741935484,,,ESTIMATED
unit,spearman_masking_delta_vs_feature,REACTOME_MITOCHONDRIAL_FATTY_ACID_BETA_OXIDATION,16,genept_scpa,mean_expression,31,5,0.12862325908292596,,,ESTIMATED
unit,spearman_negative_rank_vs_feature,REACTOME_MITOCHONDRIAL_FATTY_ACID_BETA_OXIDATION,16,genept_scpa,mean_expression,31,5,0.15120967741935487,,,ESTIMATED
unit,spearman_masking_delta_vs_feature,REACTOME_MITOCHONDRIAL_FATTY_ACID_BETA_OXIDATION,16,genept_scpa,detection_fraction,31,5,0.11290969693057716,,,ESTIMATED
unit,spearman_negative_rank_vs_feature,REACTOME_MITOCHONDRIAL_FATTY_ACID_BETA_OXIDATION,16,genept_scpa,detection_fraction,31,5,0.13451649299576965,,,ESTIMATED
unit,spearman_masking_delta_vs_feature,REACTOME_MITOCHONDRIAL_FATTY_ACID_BETA_OXIDATION,16,genept_scpa,expression_sd,31,5,0.12577851085676328,,,ESTIMATED
unit,spearman_negative_rank_vs_feature,REACTOME_MITOCHONDRIAL_FATTY_ACID_BETA_OXIDATION,16,genept_scpa,expression_sd,31,5,0.14798387096774193,,,ESTIMATED
unit,truth_target_minus_non_target_feature_rank_percentile,REACTOME_MITOCHONDRIAL_FATTY_ACID_BETA_OXIDATION,17,NA,mean_expression,31,5,0.3769230769230769,0.832258064516129,0.45533498759305213,ESTIMATED
unit,truth_target_minus_non_target_feature_rank_percentile,REACTOME_MITOCHONDRIAL_FATTY_ACID_BETA_OXIDATION,17,NA,detection_fraction,31,5,0.3769230769230769,0.832258064516129,0.45533498759305213,ESTIMATED
unit,truth_target_minus_non_target_feature_rank_percentile,REACTOME_MITOCHONDRIAL_FATTY_ACID_BETA_OXIDATION,17,NA,expression_sd,31,5,0.3769230769230769,0.832258064516129,0.45533498759305213,ESTIMATED
unit,spearman_masking_delta_vs_feature,REACTOME_MITOCHONDRIAL_FATTY_ACID_BETA_OXIDATION,17,vanilla_scpa,mean_expression,31,5,-0.22796290938614933,,,ESTIMATED
unit,spearman_negative_rank_vs_feature,REACTOME_MITOCHONDRIAL_FATTY_ACID_BETA_OXIDATION,17,vanilla_scpa,mean_expression,31,5,-0.2717741935483871,,,ESTIMATED
unit,spearman_masking_delta_vs_feature,REACTOME_MITOCHONDRIAL_FATTY_ACID_BETA_OXIDATION,17,vanilla_scpa,detection_fraction,31,5,-0.2212234425544355,,,ESTIMATED
unit,spearman_negative_rank_vs_feature,REACTOME_MITOCHONDRIAL_FATTY_ACID_BETA_OXIDATION,17,vanilla_scpa,detection_fraction,31,5,-0.26560452964831877,,,ESTIMATED
unit,spearman_masking_delta_vs_feature,REACTOME_MITOCHONDRIAL_FATTY_ACID_BETA_OXIDATION,17,vanilla_scpa,expression_sd,31,5,-0.23019783987032724,,,ESTIMATED
unit,spearman_negative_rank_vs_feature,REACTOME_MITOCHONDRIAL_FATTY_ACID_BETA_OXIDATION,17,vanilla_scpa,expression_sd,31,5,-0.2745967741935484,,,ESTIMATED
unit,spearman_masking_delta_vs_feature,REACTOME_MITOCHONDRIAL_FATTY_ACID_BETA_OXIDATION,17,genept_scpa,mean_expression,31,5,0.12862325908292596,,,ESTIMATED
unit,spearman_negative_rank_vs_feature,REACTOME_MITOCHONDRIAL_FATTY_ACID_BETA_OXIDATION,17,genept_scpa,mean_expression,31,5,0.15120967741935487,,,ESTIMATED
unit,spearman_masking_delta_vs_feature,REACTOME_MITOCHONDRIAL_FATTY_ACID_BETA_OXIDATION,17,genept_scpa,detection_fraction,31,5,0.11290969693057716,,,ESTIMATED
unit,spearman_negative_rank_vs_feature,REACTOME_MITOCHONDRIAL_FATTY_ACID_BETA_OXIDATION,17,genept_scpa,detection_fraction,31,5,0.13451649299576965,,,ESTIMATED
unit,spearman_masking_delta_vs_feature,REACTOME_MITOCHONDRIAL_FATTY_ACID_BETA_OXIDATION,17,genept_scpa,expression_sd,31,5,0.12577851085676328,,,ESTIMATED
unit,spearman_negative_rank_vs_feature,REACTOME_MITOCHONDRIAL_FATTY_ACID_BETA_OXIDATION,17,genept_scpa,expression_sd,31,5,0.14798387096774193,,,ESTIMATED
unit,truth_target_minus_non_target_feature_rank_percentile,REACTOME_MITOCHONDRIAL_FATTY_ACID_BETA_OXIDATION,18,NA,mean_expression,31,5,0.36923076923076925,0.8258064516129032,0.456575682382134,ESTIMATED
unit,truth_target_minus_non_target_feature_rank_percentile,REACTOME_MITOCHONDRIAL_FATTY_ACID_BETA_OXIDATION,18,NA,detection_fraction,31,5,0.3653846153846154,0.8225806451612904,0.45719602977667495,ESTIMATED
unit,truth_target_minus_non_target_feature_rank_percentile,REACTOME_MITOCHONDRIAL_FATTY_ACID_BETA_OXIDATION,18,NA,expression_sd,31,5,0.36923076923076925,0.8258064516129032,0.456575682382134,ESTIMATED
unit,spearman_masking_delta_vs_feature,REACTOME_MITOCHONDRIAL_FATTY_ACID_BETA_OXIDATION,18,vanilla_scpa,mean_expression,31,5,-0.22796290938614933,,,ESTIMATED
unit,spearman_negative_rank_vs_feature,REACTOME_MITOCHONDRIAL_FATTY_ACID_BETA_OXIDATION,18,vanilla_scpa,mean_expression,31,5,-0.2717741935483871,,,ESTIMATED
unit,spearman_masking_delta_vs_feature,REACTOME_MITOCHONDRIAL_FATTY_ACID_BETA_OXIDATION,18,vanilla_scpa,detection_fraction,31,5,-0.2212234425544355,,,ESTIMATED
unit,spearman_negative_rank_vs_feature,REACTOME_MITOCHONDRIAL_FATTY_ACID_BETA_OXIDATION,18,vanilla_scpa,detection_fraction,31,5,-0.26560452964831877,,,ESTIMATED
unit,spearman_masking_delta_vs_feature,REACTOME_MITOCHONDRIAL_FATTY_ACID_BETA_OXIDATION,18,vanilla_scpa,expression_sd,31,5,-0.23019783987032724,,,ESTIMATED
unit,spearman_negative_rank_vs_feature,REACTOME_MITOCHONDRIAL_FATTY_ACID_BETA_OXIDATION,18,vanilla_scpa,expression_sd,31,5,-0.2745967741935484,,,ESTIMATED
unit,spearman_masking_delta_vs_feature,REACTOME_MITOCHONDRIAL_FATTY_ACID_BETA_OXIDATION,18,genept_scpa,mean_expression,31,5,0.12862325908292596,,,ESTIMATED
unit,spearman_negative_rank_vs_feature,REACTOME_MITOCHONDRIAL_FATTY_ACID_BETA_OXIDATION,18,genept_scpa,mean_expression,31,5,0.15120967741935487,,,ESTIMATED
unit,spearman_masking_delta_vs_feature,REACTOME_MITOCHONDRIAL_FATTY_ACID_BETA_OXIDATION,18,genept_scpa,detection_fraction,31,5,0.11290969693057716,,,ESTIMATED
unit,spearman_negative_rank_vs_feature,REACTOME_MITOCHONDRIAL_FATTY_ACID_BETA_OXIDATION,18,genept_scpa,detection_fraction,31,5,0.13451649299576965,,,ESTIMATED
unit,spearman_masking_delta_vs_feature,REACTOME_MITOCHONDRIAL_FATTY_ACID_BETA_OXIDATION,18,genept_scpa,expression_sd,31,5,0.12577851085676328,,,ESTIMATED
unit,spearman_negative_rank_vs_feature,REACTOME_MITOCHONDRIAL_FATTY_ACID_BETA_OXIDATION,18,genept_scpa,expression_sd,31,5,0.14798387096774193,,,ESTIMATED
unit,truth_target_minus_non_target_feature_rank_percentile,REACTOME_MITOCHONDRIAL_FATTY_ACID_BETA_OXIDATION,19,NA,mean_expression,31,5,0.3769230769230769,0.832258064516129,0.45533498759305213,ESTIMATED
unit,truth_target_minus_non_target_feature_rank_percentile,REACTOME_MITOCHONDRIAL_FATTY_ACID_BETA_OXIDATION,19,NA,detection_fraction,31,5,0.3884615384615386,0.8419354838709678,0.45347394540942926,ESTIMATED
unit,truth_target_minus_non_target_feature_rank_percentile,REACTOME_MITOCHONDRIAL_FATTY_ACID_BETA_OXIDATION,19,NA,expression_sd,31,5,0.3769230769230769,0.832258064516129,0.45533498759305213,ESTIMATED
unit,spearman_masking_delta_vs_feature,REACTOME_MITOCHONDRIAL_FATTY_ACID_BETA_OXIDATION,19,vanilla_scpa,mean_expression,31,5,-0.22796290938614933,,,ESTIMATED
unit,spearman_negative_rank_vs_feature,REACTOME_MITOCHONDRIAL_FATTY_ACID_BETA_OXIDATION,19,vanilla_scpa,mean_expression,31,5,-0.2717741935483871,,,ESTIMATED
unit,spearman_masking_delta_vs_feature,REACTOME_MITOCHONDRIAL_FATTY_ACID_BETA_OXIDATION,19,vanilla_scpa,detection_fraction,31,5,-0.2212234425544355,,,ESTIMATED
unit,spearman_negative_rank_vs_feature,REACTOME_MITOCHONDRIAL_FATTY_ACID_BETA_OXIDATION,19,vanilla_scpa,detection_fraction,31,5,-0.26560452964831877,,,ESTIMATED
unit,spearman_masking_delta_vs_feature,REACTOME_MITOCHONDRIAL_FATTY_ACID_BETA_OXIDATION,19,vanilla_scpa,expression_sd,31,5,-0.23019783987032724,,,ESTIMATED
unit,spearman_negative_rank_vs_feature,REACTOME_MITOCHONDRIAL_FATTY_ACID_BETA_OXIDATION,19,vanilla_scpa,expression_sd,31,5,-0.2745967741935484,,,ESTIMATED
unit,spearman_masking_delta_vs_feature,REACTOME_MITOCHONDRIAL_FATTY_ACID_BETA_OXIDATION,19,genept_scpa,mean_expression,31,5,0.12862325908292596,,,ESTIMATED
unit,spearman_negative_rank_vs_feature,REACTOME_MITOCHONDRIAL_FATTY_ACID_BETA_OXIDATION,19,genept_scpa,mean_expression,31,5,0.15120967741935487,,,ESTIMATED
unit,spearman_masking_delta_vs_feature,REACTOME_MITOCHONDRIAL_FATTY_ACID_BETA_OXIDATION,19,genept_scpa,detection_fraction,31,5,0.11290969693057716,,,ESTIMATED
unit,spearman_negative_rank_vs_feature,REACTOME_MITOCHONDRIAL_FATTY_ACID_BETA_OXIDATION,19,genept_scpa,detection_fraction,31,5,0.13451649299576965,,,ESTIMATED
unit,spearman_masking_delta_vs_feature,REACTOME_MITOCHONDRIAL_FATTY_ACID_BETA_OXIDATION,19,genept_scpa,expression_sd,31,5,0.12577851085676328,,,ESTIMATED
unit,spearman_negative_rank_vs_feature,REACTOME_MITOCHONDRIAL_FATTY_ACID_BETA_OXIDATION,19,genept_scpa,expression_sd,31,5,0.14798387096774193,,,ESTIMATED
unit,truth_target_minus_non_target_feature_rank_percentile,REACTOME_MITOCHONDRIAL_FATTY_ACID_BETA_OXIDATION,20,NA,mean_expression,31,5,0.4076923076923077,0.8580645161290322,0.45037220843672454,ESTIMATED
unit,truth_target_minus_non_target_feature_rank_percentile,REACTOME_MITOCHONDRIAL_FATTY_ACID_BETA_OXIDATION,20,NA,detection_fraction,31,5,0.4038461538461539,0.8548387096774194,0.45099255583126546,ESTIMATED
unit,truth_target_minus_non_target_feature_rank_percentile,REACTOME_MITOCHONDRIAL_FATTY_ACID_BETA_OXIDATION,20,NA,expression_sd,31,5,0.4076923076923077,0.8580645161290322,0.45037220843672454,ESTIMATED
unit,spearman_masking_delta_vs_feature,REACTOME_MITOCHONDRIAL_FATTY_ACID_BETA_OXIDATION,20,vanilla_scpa,mean_expression,31,5,-0.22796290938614933,,,ESTIMATED
unit,spearman_negative_rank_vs_feature,REACTOME_MITOCHONDRIAL_FATTY_ACID_BETA_OXIDATION,20,vanilla_scpa,mean_expression,31,5,-0.2717741935483871,,,ESTIMATED
unit,spearman_masking_delta_vs_feature,REACTOME_MITOCHONDRIAL_FATTY_ACID_BETA_OXIDATION,20,vanilla_scpa,detection_fraction,31,5,-0.2212234425544355,,,ESTIMATED
unit,spearman_negative_rank_vs_feature,REACTOME_MITOCHONDRIAL_FATTY_ACID_BETA_OXIDATION,20,vanilla_scpa,detection_fraction,31,5,-0.26560452964831877,,,ESTIMATED
unit,spearman_masking_delta_vs_feature,REACTOME_MITOCHONDRIAL_FATTY_ACID_BETA_OXIDATION,20,vanilla_scpa,expression_sd,31,5,-0.23019783987032724,,,ESTIMATED
unit,spearman_negative_rank_vs_feature,REACTOME_MITOCHONDRIAL_FATTY_ACID_BETA_OXIDATION,20,vanilla_scpa,expression_sd,31,5,-0.2745967741935484,,,ESTIMATED
unit,spearman_masking_delta_vs_feature,REACTOME_MITOCHONDRIAL_FATTY_ACID_BETA_OXIDATION,20,genept_scpa,mean_expression,31,5,0.12862325908292596,,,ESTIMATED
unit,spearman_negative_rank_vs_feature,REACTOME_MITOCHONDRIAL_FATTY_ACID_BETA_OXIDATION,20,genept_scpa,mean_expression,31,5,0.15120967741935487,,,ESTIMATED
unit,spearman_masking_delta_vs_feature,REACTOME_MITOCHONDRIAL_FATTY_ACID_BETA_OXIDATION,20,genept_scpa,detection_fraction,31,5,0.11290969693057716,,,ESTIMATED
unit,spearman_negative_rank_vs_feature,REACTOME_MITOCHONDRIAL_FATTY_ACID_BETA_OXIDATION,20,genept_scpa,detection_fraction,31,5,0.13451649299576965,,,ESTIMATED
unit,spearman_masking_delta_vs_feature,REACTOME_MITOCHONDRIAL_FATTY_ACID_BETA_OXIDATION,20,genept_scpa,expression_sd,31,5,0.12577851085676328,,,ESTIMATED
unit,spearman_negative_rank_vs_feature,REACTOME_MITOCHONDRIAL_FATTY_ACID_BETA_OXIDATION,20,genept_scpa,expression_sd,31,5,0.14798387096774193,,,ESTIMATED
unit,truth_target_minus_non_target_feature_rank_percentile,REACTOME_SYNTHESIS_OF_GLYCOSYLPHOSPHATIDYLINOSITOL_GPI,1,NA,mean_expression,17,3,0.380952380952381,0.8431372549019608,0.4621848739495798,ESTIMATED
unit,truth_target_minus_non_target_feature_rank_percentile,REACTOME_SYNTHESIS_OF_GLYCOSYLPHOSPHATIDYLINOSITOL_GPI,1,NA,detection_fraction,17,3,0.4047619047619047,0.8627450980392156,0.4579831932773109,ESTIMATED
unit,truth_target_minus_non_target_feature_rank_percentile,REACTOME_SYNTHESIS_OF_GLYCOSYLPHOSPHATIDYLINOSITOL_GPI,1,NA,expression_sd,17,3,0.35714285714285726,0.823529411764706,0.4663865546218487,ESTIMATED
unit,spearman_masking_delta_vs_feature,REACTOME_SYNTHESIS_OF_GLYCOSYLPHOSPHATIDYLINOSITOL_GPI,1,vanilla_scpa,mean_expression,17,3,0.6559816170544819,,,ESTIMATED
unit,spearman_negative_rank_vs_feature,REACTOME_SYNTHESIS_OF_GLYCOSYLPHOSPHATIDYLINOSITOL_GPI,1,vanilla_scpa,mean_expression,17,3,0.6372549019607844,,,ESTIMATED
unit,spearman_masking_delta_vs_feature,REACTOME_SYNTHESIS_OF_GLYCOSYLPHOSPHATIDYLINOSITOL_GPI,1,vanilla_scpa,detection_fraction,17,3,0.6559816170544819,,,ESTIMATED
unit,spearman_negative_rank_vs_feature,REACTOME_SYNTHESIS_OF_GLYCOSYLPHOSPHATIDYLINOSITOL_GPI,1,vanilla_scpa,detection_fraction,17,3,0.6397058823529412,,,ESTIMATED
unit,spearman_masking_delta_vs_feature,REACTOME_SYNTHESIS_OF_GLYCOSYLPHOSPHATIDYLINOSITOL_GPI,1,vanilla_scpa,expression_sd,17,3,0.6633938387161145,,,ESTIMATED
unit,spearman_negative_rank_vs_feature,REACTOME_SYNTHESIS_OF_GLYCOSYLPHOSPHATIDYLINOSITOL_GPI,1,vanilla_scpa,expression_sd,17,3,0.6446078431372549,,,ESTIMATED
unit,spearman_masking_delta_vs_feature,REACTOME_SYNTHESIS_OF_GLYCOSYLPHOSPHATIDYLINOSITOL_GPI,1,genept_scpa,mean_expression,17,3,0.32301152441579867,,,ESTIMATED
unit,spearman_negative_rank_vs_feature,REACTOME_SYNTHESIS_OF_GLYCOSYLPHOSPHATIDYLINOSITOL_GPI,1,genept_scpa,mean_expression,17,3,0.36764705882352944,,,ESTIMATED
unit,spearman_masking_delta_vs_feature,REACTOME_SYNTHESIS_OF_GLYCOSYLPHOSPHATIDYLINOSITOL_GPI,1,genept_scpa,detection_fraction,17,3,0.35531267685737855,,,ESTIMATED
unit,spearman_negative_rank_vs_feature,REACTOME_SYNTHESIS_OF_GLYCOSYLPHOSPHATIDYLINOSITOL_GPI,1,genept_scpa,detection_fraction,17,3,0.40196078431372556,,,ESTIMATED
unit,spearman_masking_delta_vs_feature,REACTOME_SYNTHESIS_OF_GLYCOSYLPHOSPHATIDYLINOSITOL_GPI,1,genept_scpa,expression_sd,17,3,0.3118303562629441,,,ESTIMATED
unit,spearman_negative_rank_vs_feature,REACTOME_SYNTHESIS_OF_GLYCOSYLPHOSPHATIDYLINOSITOL_GPI,1,genept_scpa,expression_sd,17,3,0.35294117647058826,,,ESTIMATED
unit,truth_target_minus_non_target_feature_rank_percentile,REACTOME_SYNTHESIS_OF_GLYCOSYLPHOSPHATIDYLINOSITOL_GPI,2,NA,mean_expression,17,3,0.4761904761904762,0.9215686274509803,0.4453781512605041,ESTIMATED
unit,truth_target_minus_non_target_feature_rank_percentile,REACTOME_SYNTHESIS_OF_GLYCOSYLPHOSPHATIDYLINOSITOL_GPI,2,NA,detection_fraction,17,3,0.4761904761904762,0.9215686274509803,0.4453781512605041,ESTIMATED
unit,truth_target_minus_non_target_feature_rank_percentile,REACTOME_SYNTHESIS_OF_GLYCOSYLPHOSPHATIDYLINOSITOL_GPI,2,NA,expression_sd,17,3,0.4761904761904762,0.9215686274509803,0.4453781512605041,ESTIMATED
unit,spearman_masking_delta_vs_feature,REACTOME_SYNTHESIS_OF_GLYCOSYLPHOSPHATIDYLINOSITOL_GPI,2,vanilla_scpa,mean_expression,17,3,0.6559816170544819,,,ESTIMATED
unit,spearman_negative_rank_vs_feature,REACTOME_SYNTHESIS_OF_GLYCOSYLPHOSPHATIDYLINOSITOL_GPI,2,vanilla_scpa,mean_expression,17,3,0.6372549019607844,,,ESTIMATED
unit,spearman_masking_delta_vs_feature,REACTOME_SYNTHESIS_OF_GLYCOSYLPHOSPHATIDYLINOSITOL_GPI,2,vanilla_scpa,detection_fraction,17,3,0.6559816170544819,,,ESTIMATED
unit,spearman_negative_rank_vs_feature,REACTOME_SYNTHESIS_OF_GLYCOSYLPHOSPHATIDYLINOSITOL_GPI,2,vanilla_scpa,detection_fraction,17,3,0.6397058823529412,,,ESTIMATED
unit,spearman_masking_delta_vs_feature,REACTOME_SYNTHESIS_OF_GLYCOSYLPHOSPHATIDYLINOSITOL_GPI,2,vanilla_scpa,expression_sd,17,3,0.6633938387161145,,,ESTIMATED
unit,spearman_negative_rank_vs_feature,REACTOME_SYNTHESIS_OF_GLYCOSYLPHOSPHATIDYLINOSITOL_GPI,2,vanilla_scpa,expression_sd,17,3,0.6446078431372549,,,ESTIMATED
unit,spearman_masking_delta_vs_feature,REACTOME_SYNTHESIS_OF_GLYCOSYLPHOSPHATIDYLINOSITOL_GPI,2,genept_scpa,mean_expression,17,3,0.32301152441579867,,,ESTIMATED
unit,spearman_negative_rank_vs_feature,REACTOME_SYNTHESIS_OF_GLYCOSYLPHOSPHATIDYLINOSITOL_GPI,2,genept_scpa,mean_expression,17,3,0.36764705882352944,,,ESTIMATED
unit,spearman_masking_delta_vs_feature,REACTOME_SYNTHESIS_OF_GLYCOSYLPHOSPHATIDYLINOSITOL_GPI,2,genept_scpa,detection_fraction,17,3,0.35531267685737855,,,ESTIMATED
unit,spearman_negative_rank_vs_feature,REACTOME_SYNTHESIS_OF_GLYCOSYLPHOSPHATIDYLINOSITOL_GPI,2,genept_scpa,detection_fraction,17,3,0.40196078431372556,,,ESTIMATED
unit,spearman_masking_delta_vs_feature,REACTOME_SYNTHESIS_OF_GLYCOSYLPHOSPHATIDYLINOSITOL_GPI,2,genept_scpa,expression_sd,17,3,0.3118303562629441,,,ESTIMATED
unit,spearman_negative_rank_vs_feature,REACTOME_SYNTHESIS_OF_GLYCOSYLPHOSPHATIDYLINOSITOL_GPI,2,genept_scpa,expression_sd,17,3,0.35294117647058826,,,ESTIMATED
unit,truth_target_minus_non_target_feature_rank_percentile,REACTOME_SYNTHESIS_OF_GLYCOSYLPHOSPHATIDYLINOSITOL_GPI,3,NA,mean_expression,17,3,0.4523809523809524,0.9019607843137255,0.4495798319327731,ESTIMATED
unit,truth_target_minus_non_target_feature_rank_percentile,REACTOME_SYNTHESIS_OF_GLYCOSYLPHOSPHATIDYLINOSITOL_GPI,3,NA,detection_fraction,17,3,0.4523809523809524,0.9019607843137255,0.4495798319327731,ESTIMATED
unit,truth_target_minus_non_target_feature_rank_percentile,REACTOME_SYNTHESIS_OF_GLYCOSYLPHOSPHATIDYLINOSITOL_GPI,3,NA,expression_sd,17,3,0.42857142857142855,0.8823529411764706,0.453781512605042,ESTIMATED
unit,spearman_masking_delta_vs_feature,REACTOME_SYNTHESIS_OF_GLYCOSYLPHOSPHATIDYLINOSITOL_GPI,3,vanilla_scpa,mean_expression,17,3,0.6559816170544819,,,ESTIMATED
unit,spearman_negative_rank_vs_feature,REACTOME_SYNTHESIS_OF_GLYCOSYLPHOSPHATIDYLINOSITOL_GPI,3,vanilla_scpa,mean_expression,17,3,0.6372549019607844,,,ESTIMATED
unit,spearman_masking_delta_vs_feature,REACTOME_SYNTHESIS_OF_GLYCOSYLPHOSPHATIDYLINOSITOL_GPI,3,vanilla_scpa,detection_fraction,17,3,0.6559816170544819,,,ESTIMATED
unit,spearman_negative_rank_vs_feature,REACTOME_SYNTHESIS_OF_GLYCOSYLPHOSPHATIDYLINOSITOL_GPI,3,vanilla_scpa,detection_fraction,17,3,0.6397058823529412,,,ESTIMATED
unit,spearman_masking_delta_vs_feature,REACTOME_SYNTHESIS_OF_GLYCOSYLPHOSPHATIDYLINOSITOL_GPI,3,vanilla_scpa,expression_sd,17,3,0.6633938387161145,,,ESTIMATED
unit,spearman_negative_rank_vs_feature,REACTOME_SYNTHESIS_OF_GLYCOSYLPHOSPHATIDYLINOSITOL_GPI,3,vanilla_scpa,expression_sd,17,3,0.6446078431372549,,,ESTIMATED
unit,spearman_masking_delta_vs_feature,REACTOME_SYNTHESIS_OF_GLYCOSYLPHOSPHATIDYLINOSITOL_GPI,3,genept_scpa,mean_expression,17,3,0.32301152441579867,,,ESTIMATED
unit,spearman_negative_rank_vs_feature,REACTOME_SYNTHESIS_OF_GLYCOSYLPHOSPHATIDYLINOSITOL_GPI,3,genept_scpa,mean_expression,17,3,0.36764705882352944,,,ESTIMATED
unit,spearman_masking_delta_vs_feature,REACTOME_SYNTHESIS_OF_GLYCOSYLPHOSPHATIDYLINOSITOL_GPI,3,genept_scpa,detection_fraction,17,3,0.35531267685737855,,,ESTIMATED
unit,spearman_negative_rank_vs_feature,REACTOME_SYNTHESIS_OF_GLYCOSYLPHOSPHATIDYLINOSITOL_GPI,3,genept_scpa,detection_fraction,17,3,0.40196078431372556,,,ESTIMATED
unit,spearman_masking_delta_vs_feature,REACTOME_SYNTHESIS_OF_GLYCOSYLPHOSPHATIDYLINOSITOL_GPI,3,genept_scpa,expression_sd,17,3,0.3118303562629441,,,ESTIMATED
unit,spearman_negative_rank_vs_feature,REACTOME_SYNTHESIS_OF_GLYCOSYLPHOSPHATIDYLINOSITOL_GPI,3,genept_scpa,expression_sd,17,3,0.35294117647058826,,,ESTIMATED
unit,truth_target_minus_non_target_feature_rank_percentile,REACTOME_SYNTHESIS_OF_GLYCOSYLPHOSPHATIDYLINOSITOL_GPI,4,NA,mean_expression,17,3,0.3571428571428572,0.823529411764706,0.46638655462184875,ESTIMATED
unit,truth_target_minus_non_target_feature_rank_percentile,REACTOME_SYNTHESIS_OF_GLYCOSYLPHOSPHATIDYLINOSITOL_GPI,4,NA,detection_fraction,17,3,0.38095238095238093,0.8431372549019608,0.46218487394957986,ESTIMATED
unit,truth_target_minus_non_target_feature_rank_percentile,REACTOME_SYNTHESIS_OF_GLYCOSYLPHOSPHATIDYLINOSITOL_GPI,4,NA,expression_sd,17,3,0.38095238095238093,0.8431372549019608,0.46218487394957986,ESTIMATED
unit,spearman_masking_delta_vs_feature,REACTOME_SYNTHESIS_OF_GLYCOSYLPHOSPHATIDYLINOSITOL_GPI,4,vanilla_scpa,mean_expression,17,3,0.6559816170544819,,,ESTIMATED
unit,spearman_negative_rank_vs_feature,REACTOME_SYNTHESIS_OF_GLYCOSYLPHOSPHATIDYLINOSITOL_GPI,4,vanilla_scpa,mean_expression,17,3,0.6372549019607844,,,ESTIMATED
unit,spearman_masking_delta_vs_feature,REACTOME_SYNTHESIS_OF_GLYCOSYLPHOSPHATIDYLINOSITOL_GPI,4,vanilla_scpa,detection_fraction,17,3,0.6559816170544819,,,ESTIMATED
unit,spearman_negative_rank_vs_feature,REACTOME_SYNTHESIS_OF_GLYCOSYLPHOSPHATIDYLINOSITOL_GPI,4,vanilla_scpa,detection_fraction,17,3,0.6397058823529412,,,ESTIMATED
unit,spearman_masking_delta_vs_feature,REACTOME_SYNTHESIS_OF_GLYCOSYLPHOSPHATIDYLINOSITOL_GPI,4,vanilla_scpa,expression_sd,17,3,0.6633938387161145,,,ESTIMATED
unit,spearman_negative_rank_vs_feature,REACTOME_SYNTHESIS_OF_GLYCOSYLPHOSPHATIDYLINOSITOL_GPI,4,vanilla_scpa,expression_sd,17,3,0.6446078431372549,,,ESTIMATED
unit,spearman_masking_delta_vs_feature,REACTOME_SYNTHESIS_OF_GLYCOSYLPHOSPHATIDYLINOSITOL_GPI,4,genept_scpa,mean_expression,17,3,0.32301152441579867,,,ESTIMATED
unit,spearman_negative_rank_vs_feature,REACTOME_SYNTHESIS_OF_GLYCOSYLPHOSPHATIDYLINOSITOL_GPI,4,genept_scpa,mean_expression,17,3,0.36764705882352944,,,ESTIMATED
unit,spearman_masking_delta_vs_feature,REACTOME_SYNTHESIS_OF_GLYCOSYLPHOSPHATIDYLINOSITOL_GPI,4,genept_scpa,detection_fraction,17,3,0.35531267685737855,,,ESTIMATED
unit,spearman_negative_rank_vs_feature,REACTOME_SYNTHESIS_OF_GLYCOSYLPHOSPHATIDYLINOSITOL_GPI,4,genept_scpa,detection_fraction,17,3,0.40196078431372556,,,ESTIMATED
unit,spearman_masking_delta_vs_feature,REACTOME_SYNTHESIS_OF_GLYCOSYLPHOSPHATIDYLINOSITOL_GPI,4,genept_scpa,expression_sd,17,3,0.3118303562629441,,,ESTIMATED
unit,spearman_negative_rank_vs_feature,REACTOME_SYNTHESIS_OF_GLYCOSYLPHOSPHATIDYLINOSITOL_GPI,4,genept_scpa,expression_sd,17,3,0.35294117647058826,,,ESTIMATED
unit,truth_target_minus_non_target_feature_rank_percentile,REACTOME_SYNTHESIS_OF_GLYCOSYLPHOSPHATIDYLINOSITOL_GPI,5,NA,mean_expression,17,3,0.3333333333333335,0.8039215686274511,0.47058823529411764,ESTIMATED
unit,truth_target_minus_non_target_feature_rank_percentile,REACTOME_SYNTHESIS_OF_GLYCOSYLPHOSPHATIDYLINOSITOL_GPI,5,NA,detection_fraction,17,3,0.3571428571428572,0.823529411764706,0.46638655462184875,ESTIMATED
unit,truth_target_minus_non_target_feature_rank_percentile,REACTOME_SYNTHESIS_OF_GLYCOSYLPHOSPHATIDYLINOSITOL_GPI,5,NA,expression_sd,17,3,0.3333333333333335,0.8039215686274511,0.47058823529411764,ESTIMATED
unit,spearman_masking_delta_vs_feature,REACTOME_SYNTHESIS_OF_GLYCOSYLPHOSPHATIDYLINOSITOL_GPI,5,vanilla_scpa,mean_expression,17,3,0.6559816170544819,,,ESTIMATED
unit,spearman_negative_rank_vs_feature,REACTOME_SYNTHESIS_OF_GLYCOSYLPHOSPHATIDYLINOSITOL_GPI,5,vanilla_scpa,mean_expression,17,3,0.6372549019607844,,,ESTIMATED
unit,spearman_masking_delta_vs_feature,REACTOME_SYNTHESIS_OF_GLYCOSYLPHOSPHATIDYLINOSITOL_GPI,5,vanilla_scpa,detection_fraction,17,3,0.6559816170544819,,,ESTIMATED
unit,spearman_negative_rank_vs_feature,REACTOME_SYNTHESIS_OF_GLYCOSYLPHOSPHATIDYLINOSITOL_GPI,5,vanilla_scpa,detection_fraction,17,3,0.6397058823529412,,,ESTIMATED
unit,spearman_masking_delta_vs_feature,REACTOME_SYNTHESIS_OF_GLYCOSYLPHOSPHATIDYLINOSITOL_GPI,5,vanilla_scpa,expression_sd,17,3,0.6633938387161145,,,ESTIMATED
unit,spearman_negative_rank_vs_feature,REACTOME_SYNTHESIS_OF_GLYCOSYLPHOSPHATIDYLINOSITOL_GPI,5,vanilla_scpa,expression_sd,17,3,0.6446078431372549,,,ESTIMATED
unit,spearman_masking_delta_vs_feature,REACTOME_SYNTHESIS_OF_GLYCOSYLPHOSPHATIDYLINOSITOL_GPI,5,genept_scpa,mean_expression,17,3,0.32301152441579867,,,ESTIMATED
unit,spearman_negative_rank_vs_feature,REACTOME_SYNTHESIS_OF_GLYCOSYLPHOSPHATIDYLINOSITOL_GPI,5,genept_scpa,mean_expression,17,3,0.36764705882352944,,,ESTIMATED
unit,spearman_masking_delta_vs_feature,REACTOME_SYNTHESIS_OF_GLYCOSYLPHOSPHATIDYLINOSITOL_GPI,5,genept_scpa,detection_fraction,17,3,0.35531267685737855,,,ESTIMATED
unit,spearman_negative_rank_vs_feature,REACTOME_SYNTHESIS_OF_GLYCOSYLPHOSPHATIDYLINOSITOL_GPI,5,genept_scpa,detection_fraction,17,3,0.40196078431372556,,,ESTIMATED
unit,spearman_masking_delta_vs_feature,REACTOME_SYNTHESIS_OF_GLYCOSYLPHOSPHATIDYLINOSITOL_GPI,5,genept_scpa,expression_sd,17,3,0.3118303562629441,,,ESTIMATED
unit,spearman_negative_rank_vs_feature,REACTOME_SYNTHESIS_OF_GLYCOSYLPHOSPHATIDYLINOSITOL_GPI,5,genept_scpa,expression_sd,17,3,0.35294117647058826,,,ESTIMATED
unit,truth_target_minus_non_target_feature_rank_percentile,REACTOME_SYNTHESIS_OF_GLYCOSYLPHOSPHATIDYLINOSITOL_GPI,6,NA,mean_expression,17,3,0.4047619047619048,0.8627450980392157,0.4579831932773109,ESTIMATED
unit,truth_target_minus_non_target_feature_rank_percentile,REACTOME_SYNTHESIS_OF_GLYCOSYLPHOSPHATIDYLINOSITOL_GPI,6,NA,detection_fraction,17,3,0.42857142857142855,0.8823529411764706,0.453781512605042,ESTIMATED
unit,truth_target_minus_non_target_feature_rank_percentile,REACTOME_SYNTHESIS_OF_GLYCOSYLPHOSPHATIDYLINOSITOL_GPI,6,NA,expression_sd,17,3,0.380952380952381,0.8431372549019608,0.4621848739495798,ESTIMATED
unit,spearman_masking_delta_vs_feature,REACTOME_SYNTHESIS_OF_GLYCOSYLPHOSPHATIDYLINOSITOL_GPI,6,vanilla_scpa,mean_expression,17,3,0.6559816170544819,,,ESTIMATED
unit,spearman_negative_rank_vs_feature,REACTOME_SYNTHESIS_OF_GLYCOSYLPHOSPHATIDYLINOSITOL_GPI,6,vanilla_scpa,mean_expression,17,3,0.6372549019607844,,,ESTIMATED
unit,spearman_masking_delta_vs_feature,REACTOME_SYNTHESIS_OF_GLYCOSYLPHOSPHATIDYLINOSITOL_GPI,6,vanilla_scpa,detection_fraction,17,3,0.6559816170544819,,,ESTIMATED
unit,spearman_negative_rank_vs_feature,REACTOME_SYNTHESIS_OF_GLYCOSYLPHOSPHATIDYLINOSITOL_GPI,6,vanilla_scpa,detection_fraction,17,3,0.6397058823529412,,,ESTIMATED
unit,spearman_masking_delta_vs_feature,REACTOME_SYNTHESIS_OF_GLYCOSYLPHOSPHATIDYLINOSITOL_GPI,6,vanilla_scpa,expression_sd,17,3,0.6633938387161145,,,ESTIMATED
unit,spearman_negative_rank_vs_feature,REACTOME_SYNTHESIS_OF_GLYCOSYLPHOSPHATIDYLINOSITOL_GPI,6,vanilla_scpa,expression_sd,17,3,0.6446078431372549,,,ESTIMATED
unit,spearman_masking_delta_vs_feature,REACTOME_SYNTHESIS_OF_GLYCOSYLPHOSPHATIDYLINOSITOL_GPI,6,genept_scpa,mean_expression,17,3,0.32301152441579867,,,ESTIMATED
unit,spearman_negative_rank_vs_feature,REACTOME_SYNTHESIS_OF_GLYCOSYLPHOSPHATIDYLINOSITOL_GPI,6,genept_scpa,mean_expression,17,3,0.36764705882352944,,,ESTIMATED
unit,spearman_masking_delta_vs_feature,REACTOME_SYNTHESIS_OF_GLYCOSYLPHOSPHATIDYLINOSITOL_GPI,6,genept_scpa,detection_fraction,17,3,0.35531267685737855,,,ESTIMATED
unit,spearman_negative_rank_vs_feature,REACTOME_SYNTHESIS_OF_GLYCOSYLPHOSPHATIDYLINOSITOL_GPI,6,genept_scpa,detection_fraction,17,3,0.40196078431372556,,,ESTIMATED
unit,spearman_masking_delta_vs_feature,REACTOME_SYNTHESIS_OF_GLYCOSYLPHOSPHATIDYLINOSITOL_GPI,6,genept_scpa,expression_sd,17,3,0.3118303562629441,,,ESTIMATED
unit,spearman_negative_rank_vs_feature,REACTOME_SYNTHESIS_OF_GLYCOSYLPHOSPHATIDYLINOSITOL_GPI,6,genept_scpa,expression_sd,17,3,0.35294117647058826,,,ESTIMATED
unit,truth_target_minus_non_target_feature_rank_percentile,REACTOME_SYNTHESIS_OF_GLYCOSYLPHOSPHATIDYLINOSITOL_GPI,7,NA,mean_expression,17,3,0.4047619047619048,0.8627450980392157,0.4579831932773109,ESTIMATED
unit,truth_target_minus_non_target_feature_rank_percentile,REACTOME_SYNTHESIS_OF_GLYCOSYLPHOSPHATIDYLINOSITOL_GPI,7,NA,detection_fraction,17,3,0.42857142857142855,0.8823529411764706,0.453781512605042,ESTIMATED
unit,truth_target_minus_non_target_feature_rank_percentile,REACTOME_SYNTHESIS_OF_GLYCOSYLPHOSPHATIDYLINOSITOL_GPI,7,NA,expression_sd,17,3,0.380952380952381,0.8431372549019608,0.4621848739495798,ESTIMATED
unit,spearman_masking_delta_vs_feature,REACTOME_SYNTHESIS_OF_GLYCOSYLPHOSPHATIDYLINOSITOL_GPI,7,vanilla_scpa,mean_expression,17,3,0.6559816170544819,,,ESTIMATED
unit,spearman_negative_rank_vs_feature,REACTOME_SYNTHESIS_OF_GLYCOSYLPHOSPHATIDYLINOSITOL_GPI,7,vanilla_scpa,mean_expression,17,3,0.6372549019607844,,,ESTIMATED
unit,spearman_masking_delta_vs_feature,REACTOME_SYNTHESIS_OF_GLYCOSYLPHOSPHATIDYLINOSITOL_GPI,7,vanilla_scpa,detection_fraction,17,3,0.6559816170544819,,,ESTIMATED
unit,spearman_negative_rank_vs_feature,REACTOME_SYNTHESIS_OF_GLYCOSYLPHOSPHATIDYLINOSITOL_GPI,7,vanilla_scpa,detection_fraction,17,3,0.6397058823529412,,,ESTIMATED
unit,spearman_masking_delta_vs_feature,REACTOME_SYNTHESIS_OF_GLYCOSYLPHOSPHATIDYLINOSITOL_GPI,7,vanilla_scpa,expression_sd,17,3,0.6633938387161145,,,ESTIMATED
unit,spearman_negative_rank_vs_feature,REACTOME_SYNTHESIS_OF_GLYCOSYLPHOSPHATIDYLINOSITOL_GPI,7,vanilla_scpa,expression_sd,17,3,0.6446078431372549,,,ESTIMATED
unit,spearman_masking_delta_vs_feature,REACTOME_SYNTHESIS_OF_GLYCOSYLPHOSPHATIDYLINOSITOL_GPI,7,genept_scpa,mean_expression,17,3,0.32301152441579867,,,ESTIMATED
unit,spearman_negative_rank_vs_feature,REACTOME_SYNTHESIS_OF_GLYCOSYLPHOSPHATIDYLINOSITOL_GPI,7,genept_scpa,mean_expression,17,3,0.36764705882352944,,,ESTIMATED
unit,spearman_masking_delta_vs_feature,REACTOME_SYNTHESIS_OF_GLYCOSYLPHOSPHATIDYLINOSITOL_GPI,7,genept_scpa,detection_fraction,17,3,0.35531267685737855,,,ESTIMATED
unit,spearman_negative_rank_vs_feature,REACTOME_SYNTHESIS_OF_GLYCOSYLPHOSPHATIDYLINOSITOL_GPI,7,genept_scpa,detection_fraction,17,3,0.40196078431372556,,,ESTIMATED
unit,spearman_masking_delta_vs_feature,REACTOME_SYNTHESIS_OF_GLYCOSYLPHOSPHATIDYLINOSITOL_GPI,7,genept_scpa,expression_sd,17,3,0.3118303562629441,,,ESTIMATED
unit,spearman_negative_rank_vs_feature,REACTOME_SYNTHESIS_OF_GLYCOSYLPHOSPHATIDYLINOSITOL_GPI,7,genept_scpa,expression_sd,17,3,0.35294117647058826,,,ESTIMATED
unit,truth_target_minus_non_target_feature_rank_percentile,REACTOME_SYNTHESIS_OF_GLYCOSYLPHOSPHATIDYLINOSITOL_GPI,8,NA,mean_expression,17,3,0.380952380952381,0.8431372549019608,0.4621848739495798,ESTIMATED
unit,truth_target_minus_non_target_feature_rank_percentile,REACTOME_SYNTHESIS_OF_GLYCOSYLPHOSPHATIDYLINOSITOL_GPI,8,NA,detection_fraction,17,3,0.4047619047619047,0.8627450980392156,0.4579831932773109,ESTIMATED
unit,truth_target_minus_non_target_feature_rank_percentile,REACTOME_SYNTHESIS_OF_GLYCOSYLPHOSPHATIDYLINOSITOL_GPI,8,NA,expression_sd,17,3,0.35714285714285726,0.823529411764706,0.4663865546218487,ESTIMATED
unit,spearman_masking_delta_vs_feature,REACTOME_SYNTHESIS_OF_GLYCOSYLPHOSPHATIDYLINOSITOL_GPI,8,vanilla_scpa,mean_expression,17,3,0.6559816170544819,,,ESTIMATED
unit,spearman_negative_rank_vs_feature,REACTOME_SYNTHESIS_OF_GLYCOSYLPHOSPHATIDYLINOSITOL_GPI,8,vanilla_scpa,mean_expression,17,3,0.6372549019607844,,,ESTIMATED
unit,spearman_masking_delta_vs_feature,REACTOME_SYNTHESIS_OF_GLYCOSYLPHOSPHATIDYLINOSITOL_GPI,8,vanilla_scpa,detection_fraction,17,3,0.6559816170544819,,,ESTIMATED
unit,spearman_negative_rank_vs_feature,REACTOME_SYNTHESIS_OF_GLYCOSYLPHOSPHATIDYLINOSITOL_GPI,8,vanilla_scpa,detection_fraction,17,3,0.6397058823529412,,,ESTIMATED
unit,spearman_masking_delta_vs_feature,REACTOME_SYNTHESIS_OF_GLYCOSYLPHOSPHATIDYLINOSITOL_GPI,8,vanilla_scpa,expression_sd,17,3,0.6633938387161145,,,ESTIMATED
unit,spearman_negative_rank_vs_feature,REACTOME_SYNTHESIS_OF_GLYCOSYLPHOSPHATIDYLINOSITOL_GPI,8,vanilla_scpa,expression_sd,17,3,0.6446078431372549,,,ESTIMATED
unit,spearman_masking_delta_vs_feature,REACTOME_SYNTHESIS_OF_GLYCOSYLPHOSPHATIDYLINOSITOL_GPI,8,genept_scpa,mean_expression,17,3,0.32301152441579867,,,ESTIMATED
unit,spearman_negative_rank_vs_feature,REACTOME_SYNTHESIS_OF_GLYCOSYLPHOSPHATIDYLINOSITOL_GPI,8,genept_scpa,mean_expression,17,3,0.36764705882352944,,,ESTIMATED
unit,spearman_masking_delta_vs_feature,REACTOME_SYNTHESIS_OF_GLYCOSYLPHOSPHATIDYLINOSITOL_GPI,8,genept_scpa,detection_fraction,17,3,0.35531267685737855,,,ESTIMATED
unit,spearman_negative_rank_vs_feature,REACTOME_SYNTHESIS_OF_GLYCOSYLPHOSPHATIDYLINOSITOL_GPI,8,genept_scpa,detection_fraction,17,3,0.40196078431372556,,,ESTIMATED
unit,spearman_masking_delta_vs_feature,REACTOME_SYNTHESIS_OF_GLYCOSYLPHOSPHATIDYLINOSITOL_GPI,8,genept_scpa,expression_sd,17,3,0.3118303562629441,,,ESTIMATED
unit,spearman_negative_rank_vs_feature,REACTOME_SYNTHESIS_OF_GLYCOSYLPHOSPHATIDYLINOSITOL_GPI,8,genept_scpa,expression_sd,17,3,0.35294117647058826,,,ESTIMATED
unit,truth_target_minus_non_target_feature_rank_percentile,REACTOME_SYNTHESIS_OF_GLYCOSYLPHOSPHATIDYLINOSITOL_GPI,9,NA,mean_expression,17,3,0.3571428571428572,0.823529411764706,0.46638655462184875,ESTIMATED
unit,truth_target_minus_non_target_feature_rank_percentile,REACTOME_SYNTHESIS_OF_GLYCOSYLPHOSPHATIDYLINOSITOL_GPI,9,NA,detection_fraction,17,3,0.38095238095238093,0.8431372549019608,0.46218487394957986,ESTIMATED
unit,truth_target_minus_non_target_feature_rank_percentile,REACTOME_SYNTHESIS_OF_GLYCOSYLPHOSPHATIDYLINOSITOL_GPI,9,NA,expression_sd,17,3,0.38095238095238093,0.8431372549019608,0.46218487394957986,ESTIMATED
unit,spearman_masking_delta_vs_feature,REACTOME_SYNTHESIS_OF_GLYCOSYLPHOSPHATIDYLINOSITOL_GPI,9,vanilla_scpa,mean_expression,17,3,0.6559816170544819,,,ESTIMATED
unit,spearman_negative_rank_vs_feature,REACTOME_SYNTHESIS_OF_GLYCOSYLPHOSPHATIDYLINOSITOL_GPI,9,vanilla_scpa,mean_expression,17,3,0.6372549019607844,,,ESTIMATED
unit,spearman_masking_delta_vs_feature,REACTOME_SYNTHESIS_OF_GLYCOSYLPHOSPHATIDYLINOSITOL_GPI,9,vanilla_scpa,detection_fraction,17,3,0.6559816170544819,,,ESTIMATED
unit,spearman_negative_rank_vs_feature,REACTOME_SYNTHESIS_OF_GLYCOSYLPHOSPHATIDYLINOSITOL_GPI,9,vanilla_scpa,detection_fraction,17,3,0.6397058823529412,,,ESTIMATED
unit,spearman_masking_delta_vs_feature,REACTOME_SYNTHESIS_OF_GLYCOSYLPHOSPHATIDYLINOSITOL_GPI,9,vanilla_scpa,expression_sd,17,3,0.6633938387161145,,,ESTIMATED
unit,spearman_negative_rank_vs_feature,REACTOME_SYNTHESIS_OF_GLYCOSYLPHOSPHATIDYLINOSITOL_GPI,9,vanilla_scpa,expression_sd,17,3,0.6446078431372549,,,ESTIMATED
unit,spearman_masking_delta_vs_feature,REACTOME_SYNTHESIS_OF_GLYCOSYLPHOSPHATIDYLINOSITOL_GPI,9,genept_scpa,mean_expression,17,3,0.32301152441579867,,,ESTIMATED
unit,spearman_negative_rank_vs_feature,REACTOME_SYNTHESIS_OF_GLYCOSYLPHOSPHATIDYLINOSITOL_GPI,9,genept_scpa,mean_expression,17,3,0.36764705882352944,,,ESTIMATED
unit,spearman_masking_delta_vs_feature,REACTOME_SYNTHESIS_OF_GLYCOSYLPHOSPHATIDYLINOSITOL_GPI,9,genept_scpa,detection_fraction,17,3,0.35531267685737855,,,ESTIMATED
unit,spearman_negative_rank_vs_feature,REACTOME_SYNTHESIS_OF_GLYCOSYLPHOSPHATIDYLINOSITOL_GPI,9,genept_scpa,detection_fraction,17,3,0.40196078431372556,,,ESTIMATED
unit,spearman_masking_delta_vs_feature,REACTOME_SYNTHESIS_OF_GLYCOSYLPHOSPHATIDYLINOSITOL_GPI,9,genept_scpa,expression_sd,17,3,0.3118303562629441,,,ESTIMATED
unit,spearman_negative_rank_vs_feature,REACTOME_SYNTHESIS_OF_GLYCOSYLPHOSPHATIDYLINOSITOL_GPI,9,genept_scpa,expression_sd,17,3,0.35294117647058826,,,ESTIMATED
unit,truth_target_minus_non_target_feature_rank_percentile,REACTOME_SYNTHESIS_OF_GLYCOSYLPHOSPHATIDYLINOSITOL_GPI,10,NA,mean_expression,17,3,0.4523809523809524,0.9019607843137255,0.4495798319327731,ESTIMATED
unit,truth_target_minus_non_target_feature_rank_percentile,REACTOME_SYNTHESIS_OF_GLYCOSYLPHOSPHATIDYLINOSITOL_GPI,10,NA,detection_fraction,17,3,0.4523809523809524,0.9019607843137255,0.4495798319327731,ESTIMATED
unit,truth_target_minus_non_target_feature_rank_percentile,REACTOME_SYNTHESIS_OF_GLYCOSYLPHOSPHATIDYLINOSITOL_GPI,10,NA,expression_sd,17,3,0.42857142857142855,0.8823529411764706,0.453781512605042,ESTIMATED
unit,spearman_masking_delta_vs_feature,REACTOME_SYNTHESIS_OF_GLYCOSYLPHOSPHATIDYLINOSITOL_GPI,10,vanilla_scpa,mean_expression,17,3,0.6559816170544819,,,ESTIMATED
unit,spearman_negative_rank_vs_feature,REACTOME_SYNTHESIS_OF_GLYCOSYLPHOSPHATIDYLINOSITOL_GPI,10,vanilla_scpa,mean_expression,17,3,0.6372549019607844,,,ESTIMATED
unit,spearman_masking_delta_vs_feature,REACTOME_SYNTHESIS_OF_GLYCOSYLPHOSPHATIDYLINOSITOL_GPI,10,vanilla_scpa,detection_fraction,17,3,0.6559816170544819,,,ESTIMATED
unit,spearman_negative_rank_vs_feature,REACTOME_SYNTHESIS_OF_GLYCOSYLPHOSPHATIDYLINOSITOL_GPI,10,vanilla_scpa,detection_fraction,17,3,0.6397058823529412,,,ESTIMATED
unit,spearman_masking_delta_vs_feature,REACTOME_SYNTHESIS_OF_GLYCOSYLPHOSPHATIDYLINOSITOL_GPI,10,vanilla_scpa,expression_sd,17,3,0.6633938387161145,,,ESTIMATED
unit,spearman_negative_rank_vs_feature,REACTOME_SYNTHESIS_OF_GLYCOSYLPHOSPHATIDYLINOSITOL_GPI,10,vanilla_scpa,expression_sd,17,3,0.6446078431372549,,,ESTIMATED
unit,spearman_masking_delta_vs_feature,REACTOME_SYNTHESIS_OF_GLYCOSYLPHOSPHATIDYLINOSITOL_GPI,10,genept_scpa,mean_expression,17,3,0.32301152441579867,,,ESTIMATED
unit,spearman_negative_rank_vs_feature,REACTOME_SYNTHESIS_OF_GLYCOSYLPHOSPHATIDYLINOSITOL_GPI,10,genept_scpa,mean_expression,17,3,0.36764705882352944,,,ESTIMATED
unit,spearman_masking_delta_vs_feature,REACTOME_SYNTHESIS_OF_GLYCOSYLPHOSPHATIDYLINOSITOL_GPI,10,genept_scpa,detection_fraction,17,3,0.35531267685737855,,,ESTIMATED
unit,spearman_negative_rank_vs_feature,REACTOME_SYNTHESIS_OF_GLYCOSYLPHOSPHATIDYLINOSITOL_GPI,10,genept_scpa,detection_fraction,17,3,0.40196078431372556,,,ESTIMATED
unit,spearman_masking_delta_vs_feature,REACTOME_SYNTHESIS_OF_GLYCOSYLPHOSPHATIDYLINOSITOL_GPI,10,genept_scpa,expression_sd,17,3,0.3118303562629441,,,ESTIMATED
unit,spearman_negative_rank_vs_feature,REACTOME_SYNTHESIS_OF_GLYCOSYLPHOSPHATIDYLINOSITOL_GPI,10,genept_scpa,expression_sd,17,3,0.35294117647058826,,,ESTIMATED
unit,truth_target_minus_non_target_feature_rank_percentile,REACTOME_SYNTHESIS_OF_GLYCOSYLPHOSPHATIDYLINOSITOL_GPI,11,NA,mean_expression,17,3,0.380952380952381,0.8431372549019608,0.4621848739495798,ESTIMATED
unit,truth_target_minus_non_target_feature_rank_percentile,REACTOME_SYNTHESIS_OF_GLYCOSYLPHOSPHATIDYLINOSITOL_GPI,11,NA,detection_fraction,17,3,0.4047619047619047,0.8627450980392156,0.4579831932773109,ESTIMATED
unit,truth_target_minus_non_target_feature_rank_percentile,REACTOME_SYNTHESIS_OF_GLYCOSYLPHOSPHATIDYLINOSITOL_GPI,11,NA,expression_sd,17,3,0.35714285714285726,0.823529411764706,0.4663865546218487,ESTIMATED
unit,spearman_masking_delta_vs_feature,REACTOME_SYNTHESIS_OF_GLYCOSYLPHOSPHATIDYLINOSITOL_GPI,11,vanilla_scpa,mean_expression,17,3,0.6559816170544819,,,ESTIMATED
unit,spearman_negative_rank_vs_feature,REACTOME_SYNTHESIS_OF_GLYCOSYLPHOSPHATIDYLINOSITOL_GPI,11,vanilla_scpa,mean_expression,17,3,0.6372549019607844,,,ESTIMATED
unit,spearman_masking_delta_vs_feature,REACTOME_SYNTHESIS_OF_GLYCOSYLPHOSPHATIDYLINOSITOL_GPI,11,vanilla_scpa,detection_fraction,17,3,0.6559816170544819,,,ESTIMATED
unit,spearman_negative_rank_vs_feature,REACTOME_SYNTHESIS_OF_GLYCOSYLPHOSPHATIDYLINOSITOL_GPI,11,vanilla_scpa,detection_fraction,17,3,0.6397058823529412,,,ESTIMATED
unit,spearman_masking_delta_vs_feature,REACTOME_SYNTHESIS_OF_GLYCOSYLPHOSPHATIDYLINOSITOL_GPI,11,vanilla_scpa,expression_sd,17,3,0.6633938387161145,,,ESTIMATED
unit,spearman_negative_rank_vs_feature,REACTOME_SYNTHESIS_OF_GLYCOSYLPHOSPHATIDYLINOSITOL_GPI,11,vanilla_scpa,expression_sd,17,3,0.6446078431372549,,,ESTIMATED
unit,spearman_masking_delta_vs_feature,REACTOME_SYNTHESIS_OF_GLYCOSYLPHOSPHATIDYLINOSITOL_GPI,11,genept_scpa,mean_expression,17,3,0.32301152441579867,,,ESTIMATED
unit,spearman_negative_rank_vs_feature,REACTOME_SYNTHESIS_OF_GLYCOSYLPHOSPHATIDYLINOSITOL_GPI,11,genept_scpa,mean_expression,17,3,0.36764705882352944,,,ESTIMATED
unit,spearman_masking_delta_vs_feature,REACTOME_SYNTHESIS_OF_GLYCOSYLPHOSPHATIDYLINOSITOL_GPI,11,genept_scpa,detection_fraction,17,3,0.35531267685737855,,,ESTIMATED
unit,spearman_negative_rank_vs_feature,REACTOME_SYNTHESIS_OF_GLYCOSYLPHOSPHATIDYLINOSITOL_GPI,11,genept_scpa,detection_fraction,17,3,0.40196078431372556,,,ESTIMATED
unit,spearman_masking_delta_vs_feature,REACTOME_SYNTHESIS_OF_GLYCOSYLPHOSPHATIDYLINOSITOL_GPI,11,genept_scpa,expression_sd,17,3,0.3118303562629441,,,ESTIMATED
unit,spearman_negative_rank_vs_feature,REACTOME_SYNTHESIS_OF_GLYCOSYLPHOSPHATIDYLINOSITOL_GPI,11,genept_scpa,expression_sd,17,3,0.35294117647058826,,,ESTIMATED
unit,truth_target_minus_non_target_feature_rank_percentile,REACTOME_SYNTHESIS_OF_GLYCOSYLPHOSPHATIDYLINOSITOL_GPI,12,NA,mean_expression,17,3,0.3333333333333335,0.8039215686274511,0.47058823529411764,ESTIMATED
unit,truth_target_minus_non_target_feature_rank_percentile,REACTOME_SYNTHESIS_OF_GLYCOSYLPHOSPHATIDYLINOSITOL_GPI,12,NA,detection_fraction,17,3,0.3571428571428572,0.823529411764706,0.46638655462184875,ESTIMATED
unit,truth_target_minus_non_target_feature_rank_percentile,REACTOME_SYNTHESIS_OF_GLYCOSYLPHOSPHATIDYLINOSITOL_GPI,12,NA,expression_sd,17,3,0.3333333333333335,0.8039215686274511,0.47058823529411764,ESTIMATED
unit,spearman_masking_delta_vs_feature,REACTOME_SYNTHESIS_OF_GLYCOSYLPHOSPHATIDYLINOSITOL_GPI,12,vanilla_scpa,mean_expression,17,3,0.6559816170544819,,,ESTIMATED
unit,spearman_negative_rank_vs_feature,REACTOME_SYNTHESIS_OF_GLYCOSYLPHOSPHATIDYLINOSITOL_GPI,12,vanilla_scpa,mean_expression,17,3,0.6372549019607844,,,ESTIMATED
unit,spearman_masking_delta_vs_feature,REACTOME_SYNTHESIS_OF_GLYCOSYLPHOSPHATIDYLINOSITOL_GPI,12,vanilla_scpa,detection_fraction,17,3,0.6559816170544819,,,ESTIMATED
unit,spearman_negative_rank_vs_feature,REACTOME_SYNTHESIS_OF_GLYCOSYLPHOSPHATIDYLINOSITOL_GPI,12,vanilla_scpa,detection_fraction,17,3,0.6397058823529412,,,ESTIMATED
unit,spearman_masking_delta_vs_feature,REACTOME_SYNTHESIS_OF_GLYCOSYLPHOSPHATIDYLINOSITOL_GPI,12,vanilla_scpa,expression_sd,17,3,0.6633938387161145,,,ESTIMATED
unit,spearman_negative_rank_vs_feature,REACTOME_SYNTHESIS_OF_GLYCOSYLPHOSPHATIDYLINOSITOL_GPI,12,vanilla_scpa,expression_sd,17,3,0.6446078431372549,,,ESTIMATED
unit,spearman_masking_delta_vs_feature,REACTOME_SYNTHESIS_OF_GLYCOSYLPHOSPHATIDYLINOSITOL_GPI,12,genept_scpa,mean_expression,17,3,0.32301152441579867,,,ESTIMATED
unit,spearman_negative_rank_vs_feature,REACTOME_SYNTHESIS_OF_GLYCOSYLPHOSPHATIDYLINOSITOL_GPI,12,genept_scpa,mean_expression,17,3,0.36764705882352944,,,ESTIMATED
unit,spearman_masking_delta_vs_feature,REACTOME_SYNTHESIS_OF_GLYCOSYLPHOSPHATIDYLINOSITOL_GPI,12,genept_scpa,detection_fraction,17,3,0.35531267685737855,,,ESTIMATED
unit,spearman_negative_rank_vs_feature,REACTOME_SYNTHESIS_OF_GLYCOSYLPHOSPHATIDYLINOSITOL_GPI,12,genept_scpa,detection_fraction,17,3,0.40196078431372556,,,ESTIMATED
unit,spearman_masking_delta_vs_feature,REACTOME_SYNTHESIS_OF_GLYCOSYLPHOSPHATIDYLINOSITOL_GPI,12,genept_scpa,expression_sd,17,3,0.3118303562629441,,,ESTIMATED
unit,spearman_negative_rank_vs_feature,REACTOME_SYNTHESIS_OF_GLYCOSYLPHOSPHATIDYLINOSITOL_GPI,12,genept_scpa,expression_sd,17,3,0.35294117647058826,,,ESTIMATED
unit,truth_target_minus_non_target_feature_rank_percentile,REACTOME_SYNTHESIS_OF_GLYCOSYLPHOSPHATIDYLINOSITOL_GPI,13,NA,mean_expression,17,3,0.4523809523809524,0.9019607843137255,0.4495798319327731,ESTIMATED
unit,truth_target_minus_non_target_feature_rank_percentile,REACTOME_SYNTHESIS_OF_GLYCOSYLPHOSPHATIDYLINOSITOL_GPI,13,NA,detection_fraction,17,3,0.4523809523809524,0.9019607843137255,0.4495798319327731,ESTIMATED
unit,truth_target_minus_non_target_feature_rank_percentile,REACTOME_SYNTHESIS_OF_GLYCOSYLPHOSPHATIDYLINOSITOL_GPI,13,NA,expression_sd,17,3,0.42857142857142855,0.8823529411764706,0.453781512605042,ESTIMATED
unit,spearman_masking_delta_vs_feature,REACTOME_SYNTHESIS_OF_GLYCOSYLPHOSPHATIDYLINOSITOL_GPI,13,vanilla_scpa,mean_expression,17,3,0.6559816170544819,,,ESTIMATED
unit,spearman_negative_rank_vs_feature,REACTOME_SYNTHESIS_OF_GLYCOSYLPHOSPHATIDYLINOSITOL_GPI,13,vanilla_scpa,mean_expression,17,3,0.6372549019607844,,,ESTIMATED
unit,spearman_masking_delta_vs_feature,REACTOME_SYNTHESIS_OF_GLYCOSYLPHOSPHATIDYLINOSITOL_GPI,13,vanilla_scpa,detection_fraction,17,3,0.6559816170544819,,,ESTIMATED
unit,spearman_negative_rank_vs_feature,REACTOME_SYNTHESIS_OF_GLYCOSYLPHOSPHATIDYLINOSITOL_GPI,13,vanilla_scpa,detection_fraction,17,3,0.6397058823529412,,,ESTIMATED
unit,spearman_masking_delta_vs_feature,REACTOME_SYNTHESIS_OF_GLYCOSYLPHOSPHATIDYLINOSITOL_GPI,13,vanilla_scpa,expression_sd,17,3,0.6633938387161145,,,ESTIMATED
unit,spearman_negative_rank_vs_feature,REACTOME_SYNTHESIS_OF_GLYCOSYLPHOSPHATIDYLINOSITOL_GPI,13,vanilla_scpa,expression_sd,17,3,0.6446078431372549,,,ESTIMATED
unit,spearman_masking_delta_vs_feature,REACTOME_SYNTHESIS_OF_GLYCOSYLPHOSPHATIDYLINOSITOL_GPI,13,genept_scpa,mean_expression,17,3,0.32301152441579867,,,ESTIMATED
unit,spearman_negative_rank_vs_feature,REACTOME_SYNTHESIS_OF_GLYCOSYLPHOSPHATIDYLINOSITOL_GPI,13,genept_scpa,mean_expression,17,3,0.36764705882352944,,,ESTIMATED
unit,spearman_masking_delta_vs_feature,REACTOME_SYNTHESIS_OF_GLYCOSYLPHOSPHATIDYLINOSITOL_GPI,13,genept_scpa,detection_fraction,17,3,0.35531267685737855,,,ESTIMATED
unit,spearman_negative_rank_vs_feature,REACTOME_SYNTHESIS_OF_GLYCOSYLPHOSPHATIDYLINOSITOL_GPI,13,genept_scpa,detection_fraction,17,3,0.40196078431372556,,,ESTIMATED
unit,spearman_masking_delta_vs_feature,REACTOME_SYNTHESIS_OF_GLYCOSYLPHOSPHATIDYLINOSITOL_GPI,13,genept_scpa,expression_sd,17,3,0.3118303562629441,,,ESTIMATED
unit,spearman_negative_rank_vs_feature,REACTOME_SYNTHESIS_OF_GLYCOSYLPHOSPHATIDYLINOSITOL_GPI,13,genept_scpa,expression_sd,17,3,0.35294117647058826,,,ESTIMATED
unit,truth_target_minus_non_target_feature_rank_percentile,REACTOME_SYNTHESIS_OF_GLYCOSYLPHOSPHATIDYLINOSITOL_GPI,14,NA,mean_expression,17,3,0.4047619047619048,0.8627450980392157,0.4579831932773109,ESTIMATED
unit,truth_target_minus_non_target_feature_rank_percentile,REACTOME_SYNTHESIS_OF_GLYCOSYLPHOSPHATIDYLINOSITOL_GPI,14,NA,detection_fraction,17,3,0.42857142857142855,0.8823529411764706,0.453781512605042,ESTIMATED
unit,truth_target_minus_non_target_feature_rank_percentile,REACTOME_SYNTHESIS_OF_GLYCOSYLPHOSPHATIDYLINOSITOL_GPI,14,NA,expression_sd,17,3,0.380952380952381,0.8431372549019608,0.4621848739495798,ESTIMATED
unit,spearman_masking_delta_vs_feature,REACTOME_SYNTHESIS_OF_GLYCOSYLPHOSPHATIDYLINOSITOL_GPI,14,vanilla_scpa,mean_expression,17,3,0.6559816170544819,,,ESTIMATED
unit,spearman_negative_rank_vs_feature,REACTOME_SYNTHESIS_OF_GLYCOSYLPHOSPHATIDYLINOSITOL_GPI,14,vanilla_scpa,mean_expression,17,3,0.6372549019607844,,,ESTIMATED
unit,spearman_masking_delta_vs_feature,REACTOME_SYNTHESIS_OF_GLYCOSYLPHOSPHATIDYLINOSITOL_GPI,14,vanilla_scpa,detection_fraction,17,3,0.6559816170544819,,,ESTIMATED
unit,spearman_negative_rank_vs_feature,REACTOME_SYNTHESIS_OF_GLYCOSYLPHOSPHATIDYLINOSITOL_GPI,14,vanilla_scpa,detection_fraction,17,3,0.6397058823529412,,,ESTIMATED
unit,spearman_masking_delta_vs_feature,REACTOME_SYNTHESIS_OF_GLYCOSYLPHOSPHATIDYLINOSITOL_GPI,14,vanilla_scpa,expression_sd,17,3,0.6633938387161145,,,ESTIMATED
unit,spearman_negative_rank_vs_feature,REACTOME_SYNTHESIS_OF_GLYCOSYLPHOSPHATIDYLINOSITOL_GPI,14,vanilla_scpa,expression_sd,17,3,0.6446078431372549,,,ESTIMATED
unit,spearman_masking_delta_vs_feature,REACTOME_SYNTHESIS_OF_GLYCOSYLPHOSPHATIDYLINOSITOL_GPI,14,genept_scpa,mean_expression,17,3,0.32301152441579867,,,ESTIMATED
unit,spearman_negative_rank_vs_feature,REACTOME_SYNTHESIS_OF_GLYCOSYLPHOSPHATIDYLINOSITOL_GPI,14,genept_scpa,mean_expression,17,3,0.36764705882352944,,,ESTIMATED
unit,spearman_masking_delta_vs_feature,REACTOME_SYNTHESIS_OF_GLYCOSYLPHOSPHATIDYLINOSITOL_GPI,14,genept_scpa,detection_fraction,17,3,0.35531267685737855,,,ESTIMATED
unit,spearman_negative_rank_vs_feature,REACTOME_SYNTHESIS_OF_GLYCOSYLPHOSPHATIDYLINOSITOL_GPI,14,genept_scpa,detection_fraction,17,3,0.40196078431372556,,,ESTIMATED
unit,spearman_masking_delta_vs_feature,REACTOME_SYNTHESIS_OF_GLYCOSYLPHOSPHATIDYLINOSITOL_GPI,14,genept_scpa,expression_sd,17,3,0.3118303562629441,,,ESTIMATED
unit,spearman_negative_rank_vs_feature,REACTOME_SYNTHESIS_OF_GLYCOSYLPHOSPHATIDYLINOSITOL_GPI,14,genept_scpa,expression_sd,17,3,0.35294117647058826,,,ESTIMATED
unit,truth_target_minus_non_target_feature_rank_percentile,REACTOME_SYNTHESIS_OF_GLYCOSYLPHOSPHATIDYLINOSITOL_GPI,15,NA,mean_expression,17,3,0.3571428571428572,0.823529411764706,0.46638655462184875,ESTIMATED
unit,truth_target_minus_non_target_feature_rank_percentile,REACTOME_SYNTHESIS_OF_GLYCOSYLPHOSPHATIDYLINOSITOL_GPI,15,NA,detection_fraction,17,3,0.38095238095238093,0.8431372549019608,0.46218487394957986,ESTIMATED
unit,truth_target_minus_non_target_feature_rank_percentile,REACTOME_SYNTHESIS_OF_GLYCOSYLPHOSPHATIDYLINOSITOL_GPI,15,NA,expression_sd,17,3,0.38095238095238093,0.8431372549019608,0.46218487394957986,ESTIMATED
unit,spearman_masking_delta_vs_feature,REACTOME_SYNTHESIS_OF_GLYCOSYLPHOSPHATIDYLINOSITOL_GPI,15,vanilla_scpa,mean_expression,17,3,0.6559816170544819,,,ESTIMATED
unit,spearman_negative_rank_vs_feature,REACTOME_SYNTHESIS_OF_GLYCOSYLPHOSPHATIDYLINOSITOL_GPI,15,vanilla_scpa,mean_expression,17,3,0.6372549019607844,,,ESTIMATED
unit,spearman_masking_delta_vs_feature,REACTOME_SYNTHESIS_OF_GLYCOSYLPHOSPHATIDYLINOSITOL_GPI,15,vanilla_scpa,detection_fraction,17,3,0.6559816170544819,,,ESTIMATED
unit,spearman_negative_rank_vs_feature,REACTOME_SYNTHESIS_OF_GLYCOSYLPHOSPHATIDYLINOSITOL_GPI,15,vanilla_scpa,detection_fraction,17,3,0.6397058823529412,,,ESTIMATED
unit,spearman_masking_delta_vs_feature,REACTOME_SYNTHESIS_OF_GLYCOSYLPHOSPHATIDYLINOSITOL_GPI,15,vanilla_scpa,expression_sd,17,3,0.6633938387161145,,,ESTIMATED
unit,spearman_negative_rank_vs_feature,REACTOME_SYNTHESIS_OF_GLYCOSYLPHOSPHATIDYLINOSITOL_GPI,15,vanilla_scpa,expression_sd,17,3,0.6446078431372549,,,ESTIMATED
unit,spearman_masking_delta_vs_feature,REACTOME_SYNTHESIS_OF_GLYCOSYLPHOSPHATIDYLINOSITOL_GPI,15,genept_scpa,mean_expression,17,3,0.32301152441579867,,,ESTIMATED
unit,spearman_negative_rank_vs_feature,REACTOME_SYNTHESIS_OF_GLYCOSYLPHOSPHATIDYLINOSITOL_GPI,15,genept_scpa,mean_expression,17,3,0.36764705882352944,,,ESTIMATED
unit,spearman_masking_delta_vs_feature,REACTOME_SYNTHESIS_OF_GLYCOSYLPHOSPHATIDYLINOSITOL_GPI,15,genept_scpa,detection_fraction,17,3,0.35531267685737855,,,ESTIMATED
unit,spearman_negative_rank_vs_feature,REACTOME_SYNTHESIS_OF_GLYCOSYLPHOSPHATIDYLINOSITOL_GPI,15,genept_scpa,detection_fraction,17,3,0.40196078431372556,,,ESTIMATED
unit,spearman_masking_delta_vs_feature,REACTOME_SYNTHESIS_OF_GLYCOSYLPHOSPHATIDYLINOSITOL_GPI,15,genept_scpa,expression_sd,17,3,0.3118303562629441,,,ESTIMATED
unit,spearman_negative_rank_vs_feature,REACTOME_SYNTHESIS_OF_GLYCOSYLPHOSPHATIDYLINOSITOL_GPI,15,genept_scpa,expression_sd,17,3,0.35294117647058826,,,ESTIMATED
unit,truth_target_minus_non_target_feature_rank_percentile,REACTOME_SYNTHESIS_OF_GLYCOSYLPHOSPHATIDYLINOSITOL_GPI,16,NA,mean_expression,17,3,0.380952380952381,0.8431372549019608,0.4621848739495798,ESTIMATED
unit,truth_target_minus_non_target_feature_rank_percentile,REACTOME_SYNTHESIS_OF_GLYCOSYLPHOSPHATIDYLINOSITOL_GPI,16,NA,detection_fraction,17,3,0.4047619047619047,0.8627450980392156,0.4579831932773109,ESTIMATED
unit,truth_target_minus_non_target_feature_rank_percentile,REACTOME_SYNTHESIS_OF_GLYCOSYLPHOSPHATIDYLINOSITOL_GPI,16,NA,expression_sd,17,3,0.35714285714285726,0.823529411764706,0.4663865546218487,ESTIMATED
unit,spearman_masking_delta_vs_feature,REACTOME_SYNTHESIS_OF_GLYCOSYLPHOSPHATIDYLINOSITOL_GPI,16,vanilla_scpa,mean_expression,17,3,0.6559816170544819,,,ESTIMATED
unit,spearman_negative_rank_vs_feature,REACTOME_SYNTHESIS_OF_GLYCOSYLPHOSPHATIDYLINOSITOL_GPI,16,vanilla_scpa,mean_expression,17,3,0.6372549019607844,,,ESTIMATED
unit,spearman_masking_delta_vs_feature,REACTOME_SYNTHESIS_OF_GLYCOSYLPHOSPHATIDYLINOSITOL_GPI,16,vanilla_scpa,detection_fraction,17,3,0.6559816170544819,,,ESTIMATED
unit,spearman_negative_rank_vs_feature,REACTOME_SYNTHESIS_OF_GLYCOSYLPHOSPHATIDYLINOSITOL_GPI,16,vanilla_scpa,detection_fraction,17,3,0.6397058823529412,,,ESTIMATED
unit,spearman_masking_delta_vs_feature,REACTOME_SYNTHESIS_OF_GLYCOSYLPHOSPHATIDYLINOSITOL_GPI,16,vanilla_scpa,expression_sd,17,3,0.6633938387161145,,,ESTIMATED
unit,spearman_negative_rank_vs_feature,REACTOME_SYNTHESIS_OF_GLYCOSYLPHOSPHATIDYLINOSITOL_GPI,16,vanilla_scpa,expression_sd,17,3,0.6446078431372549,,,ESTIMATED
unit,spearman_masking_delta_vs_feature,REACTOME_SYNTHESIS_OF_GLYCOSYLPHOSPHATIDYLINOSITOL_GPI,16,genept_scpa,mean_expression,17,3,0.32301152441579867,,,ESTIMATED
unit,spearman_negative_rank_vs_feature,REACTOME_SYNTHESIS_OF_GLYCOSYLPHOSPHATIDYLINOSITOL_GPI,16,genept_scpa,mean_expression,17,3,0.36764705882352944,,,ESTIMATED
unit,spearman_masking_delta_vs_feature,REACTOME_SYNTHESIS_OF_GLYCOSYLPHOSPHATIDYLINOSITOL_GPI,16,genept_scpa,detection_fraction,17,3,0.35531267685737855,,,ESTIMATED
unit,spearman_negative_rank_vs_feature,REACTOME_SYNTHESIS_OF_GLYCOSYLPHOSPHATIDYLINOSITOL_GPI,16,genept_scpa,detection_fraction,17,3,0.40196078431372556,,,ESTIMATED
unit,spearman_masking_delta_vs_feature,REACTOME_SYNTHESIS_OF_GLYCOSYLPHOSPHATIDYLINOSITOL_GPI,16,genept_scpa,expression_sd,17,3,0.3118303562629441,,,ESTIMATED
unit,spearman_negative_rank_vs_feature,REACTOME_SYNTHESIS_OF_GLYCOSYLPHOSPHATIDYLINOSITOL_GPI,16,genept_scpa,expression_sd,17,3,0.35294117647058826,,,ESTIMATED
unit,truth_target_minus_non_target_feature_rank_percentile,REACTOME_SYNTHESIS_OF_GLYCOSYLPHOSPHATIDYLINOSITOL_GPI,17,NA,mean_expression,17,3,0.380952380952381,0.8431372549019608,0.4621848739495798,ESTIMATED
unit,truth_target_minus_non_target_feature_rank_percentile,REACTOME_SYNTHESIS_OF_GLYCOSYLPHOSPHATIDYLINOSITOL_GPI,17,NA,detection_fraction,17,3,0.4047619047619047,0.8627450980392156,0.4579831932773109,ESTIMATED
unit,truth_target_minus_non_target_feature_rank_percentile,REACTOME_SYNTHESIS_OF_GLYCOSYLPHOSPHATIDYLINOSITOL_GPI,17,NA,expression_sd,17,3,0.35714285714285726,0.823529411764706,0.4663865546218487,ESTIMATED
unit,spearman_masking_delta_vs_feature,REACTOME_SYNTHESIS_OF_GLYCOSYLPHOSPHATIDYLINOSITOL_GPI,17,vanilla_scpa,mean_expression,17,3,0.6559816170544819,,,ESTIMATED
unit,spearman_negative_rank_vs_feature,REACTOME_SYNTHESIS_OF_GLYCOSYLPHOSPHATIDYLINOSITOL_GPI,17,vanilla_scpa,mean_expression,17,3,0.6372549019607844,,,ESTIMATED
unit,spearman_masking_delta_vs_feature,REACTOME_SYNTHESIS_OF_GLYCOSYLPHOSPHATIDYLINOSITOL_GPI,17,vanilla_scpa,detection_fraction,17,3,0.6559816170544819,,,ESTIMATED
unit,spearman_negative_rank_vs_feature,REACTOME_SYNTHESIS_OF_GLYCOSYLPHOSPHATIDYLINOSITOL_GPI,17,vanilla_scpa,detection_fraction,17,3,0.6397058823529412,,,ESTIMATED
unit,spearman_masking_delta_vs_feature,REACTOME_SYNTHESIS_OF_GLYCOSYLPHOSPHATIDYLINOSITOL_GPI,17,vanilla_scpa,expression_sd,17,3,0.6633938387161145,,,ESTIMATED
unit,spearman_negative_rank_vs_feature,REACTOME_SYNTHESIS_OF_GLYCOSYLPHOSPHATIDYLINOSITOL_GPI,17,vanilla_scpa,expression_sd,17,3,0.6446078431372549,,,ESTIMATED
unit,spearman_masking_delta_vs_feature,REACTOME_SYNTHESIS_OF_GLYCOSYLPHOSPHATIDYLINOSITOL_GPI,17,genept_scpa,mean_expression,17,3,0.32301152441579867,,,ESTIMATED
unit,spearman_negative_rank_vs_feature,REACTOME_SYNTHESIS_OF_GLYCOSYLPHOSPHATIDYLINOSITOL_GPI,17,genept_scpa,mean_expression,17,3,0.36764705882352944,,,ESTIMATED
unit,spearman_masking_delta_vs_feature,REACTOME_SYNTHESIS_OF_GLYCOSYLPHOSPHATIDYLINOSITOL_GPI,17,genept_scpa,detection_fraction,17,3,0.35531267685737855,,,ESTIMATED
unit,spearman_negative_rank_vs_feature,REACTOME_SYNTHESIS_OF_GLYCOSYLPHOSPHATIDYLINOSITOL_GPI,17,genept_scpa,detection_fraction,17,3,0.40196078431372556,,,ESTIMATED
unit,spearman_masking_delta_vs_feature,REACTOME_SYNTHESIS_OF_GLYCOSYLPHOSPHATIDYLINOSITOL_GPI,17,genept_scpa,expression_sd,17,3,0.3118303562629441,,,ESTIMATED
unit,spearman_negative_rank_vs_feature,REACTOME_SYNTHESIS_OF_GLYCOSYLPHOSPHATIDYLINOSITOL_GPI,17,genept_scpa,expression_sd,17,3,0.35294117647058826,,,ESTIMATED
unit,truth_target_minus_non_target_feature_rank_percentile,REACTOME_SYNTHESIS_OF_GLYCOSYLPHOSPHATIDYLINOSITOL_GPI,18,NA,mean_expression,17,3,0.380952380952381,0.8431372549019608,0.4621848739495798,ESTIMATED
unit,truth_target_minus_non_target_feature_rank_percentile,REACTOME_SYNTHESIS_OF_GLYCOSYLPHOSPHATIDYLINOSITOL_GPI,18,NA,detection_fraction,17,3,0.4047619047619047,0.8627450980392156,0.4579831932773109,ESTIMATED
unit,truth_target_minus_non_target_feature_rank_percentile,REACTOME_SYNTHESIS_OF_GLYCOSYLPHOSPHATIDYLINOSITOL_GPI,18,NA,expression_sd,17,3,0.35714285714285726,0.823529411764706,0.4663865546218487,ESTIMATED
unit,spearman_masking_delta_vs_feature,REACTOME_SYNTHESIS_OF_GLYCOSYLPHOSPHATIDYLINOSITOL_GPI,18,vanilla_scpa,mean_expression,17,3,0.6559816170544819,,,ESTIMATED
unit,spearman_negative_rank_vs_feature,REACTOME_SYNTHESIS_OF_GLYCOSYLPHOSPHATIDYLINOSITOL_GPI,18,vanilla_scpa,mean_expression,17,3,0.6372549019607844,,,ESTIMATED
unit,spearman_masking_delta_vs_feature,REACTOME_SYNTHESIS_OF_GLYCOSYLPHOSPHATIDYLINOSITOL_GPI,18,vanilla_scpa,detection_fraction,17,3,0.6559816170544819,,,ESTIMATED
unit,spearman_negative_rank_vs_feature,REACTOME_SYNTHESIS_OF_GLYCOSYLPHOSPHATIDYLINOSITOL_GPI,18,vanilla_scpa,detection_fraction,17,3,0.6397058823529412,,,ESTIMATED
unit,spearman_masking_delta_vs_feature,REACTOME_SYNTHESIS_OF_GLYCOSYLPHOSPHATIDYLINOSITOL_GPI,18,vanilla_scpa,expression_sd,17,3,0.6633938387161145,,,ESTIMATED
unit,spearman_negative_rank_vs_feature,REACTOME_SYNTHESIS_OF_GLYCOSYLPHOSPHATIDYLINOSITOL_GPI,18,vanilla_scpa,expression_sd,17,3,0.6446078431372549,,,ESTIMATED
unit,spearman_masking_delta_vs_feature,REACTOME_SYNTHESIS_OF_GLYCOSYLPHOSPHATIDYLINOSITOL_GPI,18,genept_scpa,mean_expression,17,3,0.32301152441579867,,,ESTIMATED
unit,spearman_negative_rank_vs_feature,REACTOME_SYNTHESIS_OF_GLYCOSYLPHOSPHATIDYLINOSITOL_GPI,18,genept_scpa,mean_expression,17,3,0.36764705882352944,,,ESTIMATED
unit,spearman_masking_delta_vs_feature,REACTOME_SYNTHESIS_OF_GLYCOSYLPHOSPHATIDYLINOSITOL_GPI,18,genept_scpa,detection_fraction,17,3,0.35531267685737855,,,ESTIMATED
unit,spearman_negative_rank_vs_feature,REACTOME_SYNTHESIS_OF_GLYCOSYLPHOSPHATIDYLINOSITOL_GPI,18,genept_scpa,detection_fraction,17,3,0.40196078431372556,,,ESTIMATED
unit,spearman_masking_delta_vs_feature,REACTOME_SYNTHESIS_OF_GLYCOSYLPHOSPHATIDYLINOSITOL_GPI,18,genept_scpa,expression_sd,17,3,0.3118303562629441,,,ESTIMATED
unit,spearman_negative_rank_vs_feature,REACTOME_SYNTHESIS_OF_GLYCOSYLPHOSPHATIDYLINOSITOL_GPI,18,genept_scpa,expression_sd,17,3,0.35294117647058826,,,ESTIMATED
unit,truth_target_minus_non_target_feature_rank_percentile,REACTOME_SYNTHESIS_OF_GLYCOSYLPHOSPHATIDYLINOSITOL_GPI,19,NA,mean_expression,17,3,0.4761904761904762,0.9215686274509803,0.4453781512605041,ESTIMATED
unit,truth_target_minus_non_target_feature_rank_percentile,REACTOME_SYNTHESIS_OF_GLYCOSYLPHOSPHATIDYLINOSITOL_GPI,19,NA,detection_fraction,17,3,0.4761904761904762,0.9215686274509803,0.4453781512605041,ESTIMATED
unit,truth_target_minus_non_target_feature_rank_percentile,REACTOME_SYNTHESIS_OF_GLYCOSYLPHOSPHATIDYLINOSITOL_GPI,19,NA,expression_sd,17,3,0.4761904761904762,0.9215686274509803,0.4453781512605041,ESTIMATED
unit,spearman_masking_delta_vs_feature,REACTOME_SYNTHESIS_OF_GLYCOSYLPHOSPHATIDYLINOSITOL_GPI,19,vanilla_scpa,mean_expression,17,3,0.6559816170544819,,,ESTIMATED
unit,spearman_negative_rank_vs_feature,REACTOME_SYNTHESIS_OF_GLYCOSYLPHOSPHATIDYLINOSITOL_GPI,19,vanilla_scpa,mean_expression,17,3,0.6372549019607844,,,ESTIMATED
unit,spearman_masking_delta_vs_feature,REACTOME_SYNTHESIS_OF_GLYCOSYLPHOSPHATIDYLINOSITOL_GPI,19,vanilla_scpa,detection_fraction,17,3,0.6559816170544819,,,ESTIMATED
unit,spearman_negative_rank_vs_feature,REACTOME_SYNTHESIS_OF_GLYCOSYLPHOSPHATIDYLINOSITOL_GPI,19,vanilla_scpa,detection_fraction,17,3,0.6397058823529412,,,ESTIMATED
unit,spearman_masking_delta_vs_feature,REACTOME_SYNTHESIS_OF_GLYCOSYLPHOSPHATIDYLINOSITOL_GPI,19,vanilla_scpa,expression_sd,17,3,0.6633938387161145,,,ESTIMATED
unit,spearman_negative_rank_vs_feature,REACTOME_SYNTHESIS_OF_GLYCOSYLPHOSPHATIDYLINOSITOL_GPI,19,vanilla_scpa,expression_sd,17,3,0.6446078431372549,,,ESTIMATED
unit,spearman_masking_delta_vs_feature,REACTOME_SYNTHESIS_OF_GLYCOSYLPHOSPHATIDYLINOSITOL_GPI,19,genept_scpa,mean_expression,17,3,0.32301152441579867,,,ESTIMATED
unit,spearman_negative_rank_vs_feature,REACTOME_SYNTHESIS_OF_GLYCOSYLPHOSPHATIDYLINOSITOL_GPI,19,genept_scpa,mean_expression,17,3,0.36764705882352944,,,ESTIMATED
unit,spearman_masking_delta_vs_feature,REACTOME_SYNTHESIS_OF_GLYCOSYLPHOSPHATIDYLINOSITOL_GPI,19,genept_scpa,detection_fraction,17,3,0.35531267685737855,,,ESTIMATED
unit,spearman_negative_rank_vs_feature,REACTOME_SYNTHESIS_OF_GLYCOSYLPHOSPHATIDYLINOSITOL_GPI,19,genept_scpa,detection_fraction,17,3,0.40196078431372556,,,ESTIMATED
unit,spearman_masking_delta_vs_feature,REACTOME_SYNTHESIS_OF_GLYCOSYLPHOSPHATIDYLINOSITOL_GPI,19,genept_scpa,expression_sd,17,3,0.3118303562629441,,,ESTIMATED
unit,spearman_negative_rank_vs_feature,REACTOME_SYNTHESIS_OF_GLYCOSYLPHOSPHATIDYLINOSITOL_GPI,19,genept_scpa,expression_sd,17,3,0.35294117647058826,,,ESTIMATED
unit,truth_target_minus_non_target_feature_rank_percentile,REACTOME_SYNTHESIS_OF_GLYCOSYLPHOSPHATIDYLINOSITOL_GPI,20,NA,mean_expression,17,3,0.3333333333333335,0.8039215686274511,0.47058823529411764,ESTIMATED
unit,truth_target_minus_non_target_feature_rank_percentile,REACTOME_SYNTHESIS_OF_GLYCOSYLPHOSPHATIDYLINOSITOL_GPI,20,NA,detection_fraction,17,3,0.3571428571428572,0.823529411764706,0.46638655462184875,ESTIMATED
unit,truth_target_minus_non_target_feature_rank_percentile,REACTOME_SYNTHESIS_OF_GLYCOSYLPHOSPHATIDYLINOSITOL_GPI,20,NA,expression_sd,17,3,0.3333333333333335,0.8039215686274511,0.47058823529411764,ESTIMATED
unit,spearman_masking_delta_vs_feature,REACTOME_SYNTHESIS_OF_GLYCOSYLPHOSPHATIDYLINOSITOL_GPI,20,vanilla_scpa,mean_expression,17,3,0.6559816170544819,,,ESTIMATED
unit,spearman_negative_rank_vs_feature,REACTOME_SYNTHESIS_OF_GLYCOSYLPHOSPHATIDYLINOSITOL_GPI,20,vanilla_scpa,mean_expression,17,3,0.6372549019607844,,,ESTIMATED
unit,spearman_masking_delta_vs_feature,REACTOME_SYNTHESIS_OF_GLYCOSYLPHOSPHATIDYLINOSITOL_GPI,20,vanilla_scpa,detection_fraction,17,3,0.6559816170544819,,,ESTIMATED
unit,spearman_negative_rank_vs_feature,REACTOME_SYNTHESIS_OF_GLYCOSYLPHOSPHATIDYLINOSITOL_GPI,20,vanilla_scpa,detection_fraction,17,3,0.6397058823529412,,,ESTIMATED
unit,spearman_masking_delta_vs_feature,REACTOME_SYNTHESIS_OF_GLYCOSYLPHOSPHATIDYLINOSITOL_GPI,20,vanilla_scpa,expression_sd,17,3,0.6633938387161145,,,ESTIMATED
unit,spearman_negative_rank_vs_feature,REACTOME_SYNTHESIS_OF_GLYCOSYLPHOSPHATIDYLINOSITOL_GPI,20,vanilla_scpa,expression_sd,17,3,0.6446078431372549,,,ESTIMATED
unit,spearman_masking_delta_vs_feature,REACTOME_SYNTHESIS_OF_GLYCOSYLPHOSPHATIDYLINOSITOL_GPI,20,genept_scpa,mean_expression,17,3,0.32301152441579867,,,ESTIMATED
unit,spearman_negative_rank_vs_feature,REACTOME_SYNTHESIS_OF_GLYCOSYLPHOSPHATIDYLINOSITOL_GPI,20,genept_scpa,mean_expression,17,3,0.36764705882352944,,,ESTIMATED
unit,spearman_masking_delta_vs_feature,REACTOME_SYNTHESIS_OF_GLYCOSYLPHOSPHATIDYLINOSITOL_GPI,20,genept_scpa,detection_fraction,17,3,0.35531267685737855,,,ESTIMATED
unit,spearman_negative_rank_vs_feature,REACTOME_SYNTHESIS_OF_GLYCOSYLPHOSPHATIDYLINOSITOL_GPI,20,genept_scpa,detection_fraction,17,3,0.40196078431372556,,,ESTIMATED
unit,spearman_masking_delta_vs_feature,REACTOME_SYNTHESIS_OF_GLYCOSYLPHOSPHATIDYLINOSITOL_GPI,20,genept_scpa,expression_sd,17,3,0.3118303562629441,,,ESTIMATED
unit,spearman_negative_rank_vs_feature,REACTOME_SYNTHESIS_OF_GLYCOSYLPHOSPHATIDYLINOSITOL_GPI,20,genept_scpa,expression_sd,17,3,0.35294117647058826,,,ESTIMATED
aggregate,spearman_masking_delta_vs_feature,ALL_11,,genept_scpa,detection_fraction,,,0.18038417663643058,,,ESTIMATED
aggregate,spearman_masking_delta_vs_feature,ALL_11,,genept_scpa,expression_sd,,,0.16416154432720861,,,ESTIMATED
aggregate,spearman_masking_delta_vs_feature,ALL_11,,genept_scpa,mean_expression,,,0.17342713050144065,,,ESTIMATED
aggregate,spearman_masking_delta_vs_feature,ALL_11,,vanilla_scpa,detection_fraction,,,0.14092623621874076,,,ESTIMATED
aggregate,spearman_masking_delta_vs_feature,ALL_11,,vanilla_scpa,expression_sd,,,0.13956629121839254,,,ESTIMATED
aggregate,spearman_masking_delta_vs_feature,ALL_11,,vanilla_scpa,mean_expression,,,0.1403138883800935,,,ESTIMATED
aggregate,spearman_negative_rank_vs_feature,ALL_11,,genept_scpa,detection_fraction,,,0.16081913212675636,,,ESTIMATED
aggregate,spearman_negative_rank_vs_feature,ALL_11,,genept_scpa,expression_sd,,,0.14197342510208477,,,ESTIMATED
aggregate,spearman_negative_rank_vs_feature,ALL_11,,genept_scpa,mean_expression,,,0.1544189704806694,,,ESTIMATED
aggregate,spearman_negative_rank_vs_feature,ALL_11,,vanilla_scpa,detection_fraction,,,0.10716510103334796,,,ESTIMATED
aggregate,spearman_negative_rank_vs_feature,ALL_11,,vanilla_scpa,expression_sd,,,0.10249847860459568,,,ESTIMATED
aggregate,spearman_negative_rank_vs_feature,ALL_11,,vanilla_scpa,mean_expression,,,0.10576825349747145,,,ESTIMATED
aggregate,truth_target_minus_non_target_feature_rank_percentile,ALL_11,,NA,detection_fraction,,,0.3213913698034571,,,ESTIMATED
aggregate,truth_target_minus_non_target_feature_rank_percentile,ALL_11,,NA,expression_sd,,,0.319069158885467,,,ESTIMATED
aggregate,truth_target_minus_non_target_feature_rank_percentile,ALL_11,,NA,mean_expression,,,0.31936364284066526,,,ESTIMATED
