resample_id,target_index,comparison,pathway,representation,seed,mapping_changed_fraction,norm_max_difference,raw_p,adjusted_p,qval,score,significant,canonical_true_score,resampled_true_score,true_minus_control_score
1.0,1.0,cd4_0h_vs_12h,KEGG_NITROGEN_METABOLISM,permuted,20461813.0,1.0,0.0,0.0233436169134307,1.0,0.0,1.63183185249604,False,4.418772941503782,2.70578194299357,1.0739500904975299
1.0,1.0,cd4_0h_vs_12h,KEGG_NITROGEN_METABOLISM,random,20471813.0,1.0,1.11022302462516e-16,0.00577645522630862,0.71050399283596,0.385270654364906,2.23833858855416,False,4.418772941503782,2.70578194299357,0.4674433544394101
1.0,1.0,cd4_0h_vs_12h,KEGG_NITROGEN_METABOLISM,true,,0.0,0.0,0.00196887460329715,0.242171576205549,0.784778205325666,2.70578194299357,False,4.418772941503782,2.70578194299357,0.0
1.0,2.0,cd4_0h_vs_12h,KEGG_PENTOSE_PHOSPHATE_PATHWAY,permuted,20462813.0,0.909090909090909,0.0,6.1774102028672e-07,7.59821454952666e-05,2.02960302707371,6.20919355894615,True,2.7057819429935717,5.09498781691362,-1.1142057420325298
1.0,2.0,cd4_0h_vs_12h,KEGG_PENTOSE_PHOSPHATE_PATHWAY,random,20472813.0,1.0,1.11022302462516e-16,1.58410791482518e-09,1.94845273523497e-07,2.59042662985857,8.80021523611983,True,2.7057819429935717,5.09498781691362,-3.705227419206209
1.0,2.0,cd4_0h_vs_12h,KEGG_PENTOSE_PHOSPHATE_PATHWAY,true,,0.0,0.0,8.03548663493119e-06,0.000988364856096536,1.73351743731473,5.09498781691362,True,2.7057819429935717,5.09498781691362,0.0
1.0,3.0,cd4_0h_vs_12h,KEGG_PORPHYRIN_AND_CHLOROPHYLL_METABOLISM,permuted,20463813.0,1.0,0.0,0.00577645522630862,0.71050399283596,0.385270654364906,2.23833858855416,False,3.2246170096791245,4.75024666314563,2.51190807459147
1.0,3.0,cd4_0h_vs_12h,KEGG_PORPHYRIN_AND_CHLOROPHYLL_METABOLISM,random,20473813.0,1.0,1.11022302462516e-16,8.03548663493119e-06,0.000988364856096536,1.73351743731473,5.09498781691362,True,3.2246170096791245,4.75024666314563,-0.3447411537679903
1.0,3.0,cd4_0h_vs_12h,KEGG_PORPHYRIN_AND_CHLOROPHYLL_METABOLISM,true,,0.0,0.0,1.77726970010602e-05,0.0021860417311304,1.63105534906276,4.75024666314563,True,3.2246170096791245,4.75024666314563,0.0
1.0,4.0,cd4_0h_vs_12h,REACTOME_BRANCHED_CHAIN_AMINO_ACID_CATABOLISM,permuted,20464813.0,0.904761904761905,0.0,1.77726970010602e-05,0.0021860417311304,1.63105534906276,4.75024666314563,True,2.7057819429935717,3.79545011009365,-0.9547965530519797
1.0,4.0,cd4_0h_vs_12h,REACTOME_BRANCHED_CHAIN_AMINO_ACID_CATABOLISM,random,20474813.0,1.0,1.11022302462516e-16,3.81265104892234e-05,0.00468956079017448,1.52606285259303,4.41877294150378,True,2.7057819429935717,3.79545011009365,-0.6233228314101305
1.0,4.0,cd4_0h_vs_12h,REACTOME_BRANCHED_CHAIN_AMINO_ACID_CATABOLISM,true,,0.0,0.0,0.000160158462101912,0.0196994908385352,1.30596515981639,3.79545011009365,True,2.7057819429935717,3.79545011009365,0.0
1.0,5.0,cd4_0h_vs_12h,REACTOME_DISEASES_ASSOCIATED_WITH_GLYCOSYLATION_PRECURSOR_BIOSYNTHESIS,permuted,20465813.0,0.944444444444444,0.0,0.0034223189265975,0.420945227971492,0.613004412282997,2.46567952091782,False,3.2246170096791245,2.46567952091782,0.0
1.0,5.0,cd4_0h_vs_12h,REACTOME_DISEASES_ASSOCIATED_WITH_GLYCOSYLATION_PRECURSOR_BIOSYNTHESIS,random,20475813.0,1.0,2.22044604925031e-16,0.000313688994347936,0.0385837463047961,1.18894726823464,3.503500718082,True,3.2246170096791245,2.46567952091782,-1.0378211971641798
1.0,5.0,cd4_0h_vs_12h,REACTOME_DISEASES_ASSOCIATED_WITH_GLYCOSYLATION_PRECURSOR_BIOSYNTHESIS,true,,0.0,0.0,0.0034223189265975,0.420945227971492,0.613004412282997,2.46567952091782,False,3.2246170096791245,2.46567952091782,0.0
1.0,6.0,cd4_0h_vs_12h,REACTOME_GLYCOSPHINGOLIPID_METABOLISM,permuted,20466813.0,0.972222222222222,0.0,0.0034223189265975,0.420945227971492,0.613004412282997,2.46567952091782,False,3.2246170096791245,4.75024666314563,2.2845671422278095
1.0,6.0,cd4_0h_vs_12h,REACTOME_GLYCOSPHINGOLIPID_METABOLISM,random,20476813.0,1.0,2.22044604925031e-16,1.77726970010602e-05,0.0021860417311304,1.63105534906276,4.75024666314563,True,3.2246170096791245,4.75024666314563,0.0
1.0,6.0,cd4_0h_vs_12h,REACTOME_GLYCOSPHINGOLIPID_METABOLISM,true,,0.0,0.0,1.77726970010602e-05,0.0021860417311304,1.63105534906276,4.75024666314563,True,3.2246170096791245,4.75024666314563,0.0
1.0,7.0,cd4_0h_vs_12h,REACTOME_GLYOXYLATE_METABOLISM_AND_GLYCINE_DEGRADATION,permuted,20467813.0,0.956521739130435,0.0,6.1774102028672e-07,7.59821454952666e-05,2.02960302707371,6.20919355894615,True,2.238338588554161,6.20919355894615,0.0
1.0,7.0,cd4_0h_vs_12h,REACTOME_GLYOXYLATE_METABOLISM_AND_GLYCINE_DEGRADATION,random,20477813.0,1.0,2.22044604925031e-16,5.25612166428945e-10,6.46502964707602e-08,2.68131114927169,9.27933459064804,True,2.238338588554161,6.20919355894615,-3.0701410317018896
1.0,7.0,cd4_0h_vs_12h,REACTOME_GLYOXYLATE_METABOLISM_AND_GLYCINE_DEGRADATION,true,,0.0,0.0,6.1774102028672e-07,7.59821454952666e-05,2.02960302707371,6.20919355894615,True,2.238338588554161,6.20919355894615,0.0
1.0,8.0,cd4_0h_vs_12h,REACTOME_INOSITOL_PHOSPHATE_METABOLISM,permuted,20468813.0,0.976190476190476,0.0,3.52341775794401e-06,0.000433380384227113,1.83388406114409,5.45303586115776,True,3.2246170096791245,2.23833858855416,-3.2146972726036003
1.0,8.0,cd4_0h_vs_12h,REACTOME_INOSITOL_PHOSPHATE_METABOLISM,random,20478813.0,1.0,1.11022302462516e-16,3.81265104892234e-05,0.00468956079017448,1.52606285259303,4.41877294150378,True,3.2246170096791245,2.23833858855416,-2.1804343529496206
1.0,8.0,cd4_0h_vs_12h,REACTOME_INOSITOL_PHOSPHATE_METABOLISM,true,,0.0,0.0,0.00577645522630862,0.71050399283596,0.385270654364906,2.23833858855416,False,3.2246170096791245,2.23833858855416,0.0
1.0,9.0,cd4_0h_vs_12h,REACTOME_METABOLISM_OF_STEROID_HORMONES,permuted,20469813.0,1.0,0.0,0.000313688994347936,0.0385837463047961,1.18894726823464,3.503500718082,True,2.958734584976284,3.22461700967912,-0.2788837084028799
1.0,9.0,cd4_0h_vs_12h,REACTOME_METABOLISM_OF_STEROID_HORMONES,random,20479813.0,1.0,1.11022302462516e-16,0.000313688994347936,0.0385837463047961,1.18894726823464,3.503500718082,True,2.958734584976284,3.22461700967912,-0.2788837084028799
1.0,9.0,cd4_0h_vs_12h,REACTOME_METABOLISM_OF_STEROID_HORMONES,true,,0.0,0.0,0.00059618767048381,0.0733310834695086,1.06522856619588,3.22461700967912,False,2.958734584976284,3.22461700967912,0.0
1.0,10.0,cd4_0h_vs_12h,REACTOME_REGULATION_OF_LIPID_METABOLISM_BY_PPARALPHA,permuted,20470813.0,1.0,0.0,2.46964030878651e-07,3.03765757980741e-05,2.12543199928726,6.60736629503362,True,3.2246170096791245,10.2782691676256,3.670902872591981
1.0,10.0,cd4_0h_vs_12h,REACTOME_REGULATION_OF_LIPID_METABOLISM_BY_PPARALPHA,random,20480813.0,1.0,2.22044604925031e-16,8.03548663493119e-06,0.000988364856096536,1.73351743731473,5.09498781691362,True,3.2246170096791245,10.2782691676256,5.18328135071198
1.0,10.0,cd4_0h_vs_12h,REACTOME_REGULATION_OF_LIPID_METABOLISM_BY_PPARALPHA,true,,0.0,0.0,5.26903195422322e-11,6.48090930369456e-09,2.8615317674606,10.2782691676256,True,3.2246170096791245,10.2782691676256,0.0
1.0,11.0,cd4_0h_vs_12h,REACTOME_SPHINGOLIPID_METABOLISM,permuted,20471813.0,1.0,0.0,0.00059618767048381,0.0733310834695086,1.06522856619588,3.22461700967912,False,1.1357967857740106,3.503500718082,0.2788837084028799
1.0,11.0,cd4_0h_vs_12h,REACTOME_SPHINGOLIPID_METABOLISM,random,20481813.0,1.0,2.22044604925031e-16,8.03548663493119e-06,0.000988364856096536,1.73351743731473,5.09498781691362,True,1.1357967857740106,3.503500718082,-1.59148709883162
1.0,11.0,cd4_0h_vs_12h,REACTOME_SPHINGOLIPID_METABOLISM,true,,0.0,0.0,0.000313688994347936,0.0385837463047961,1.18894726823464,3.503500718082,True,1.1357967857740106,3.503500718082,0.0
1.0,12.0,cd4_12h_vs_24h,KEGG_DRUG_METABOLISM_CYTOCHROME_P450,permuted,20472813.0,0.952380952380952,0.0,0.230392335941705,1.0,0.0,0.63753197192238,False,5.094987816913624,1.28913185531754,0.65159988339516
1.0,12.0,cd4_12h_vs_24h,KEGG_DRUG_METABOLISM_CYTOCHROME_P450,random,20482813.0,1.0,2.22044604925031e-16,0.0034223189265975,0.420945227971492,0.613004412282997,2.46567952091782,False,5.094987816913624,1.28913185531754,-1.1765476656002802
1.0,12.0,cd4_12h_vs_24h,KEGG_DRUG_METABOLISM_CYTOCHROME_P450,true,,0.0,0.0,0.0513887607461245,1.0,0.0,1.28913185531754,False,5.094987816913624,1.28913185531754,0.0
1.0,13.0,cd4_12h_vs_24h,KEGG_PYRIMIDINE_METABOLISM,permuted,20473813.0,0.988888888888889,0.0,3.81265104892234e-05,0.00468956079017448,1.52606285259303,4.41877294150378,True,2.958734584976284,9.27933459064804,4.860561649144259
1.0,13.0,cd4_12h_vs_24h,KEGG_PYRIMIDINE_METABOLISM,random,20483813.0,1.0,2.22044604925031e-16,6.1774102028672e-07,7.59821454952666e-05,2.02960302707371,6.20919355894615,True,2.958734584976284,9.27933459064804,3.0701410317018896
1.0,13.0,cd4_12h_vs_24h,KEGG_PYRIMIDINE_METABOLISM,true,,0.0,0.0,5.25612166428945e-10,6.46502964707602e-08,2.68131114927169,9.27933459064804,True,2.958734584976284,9.27933459064804,0.0
1.0,14.0,cd4_12h_vs_24h,REACTOME_GLYCEROPHOSPHOLIPID_BIOSYNTHESIS,permuted,20474813.0,0.979166666666667,0.0,0.136726085875245,1.0,0.0,0.864148618783426,False,3.503500718082003,1.45441754412943,0.5902689253460041
1.0,14.0,cd4_12h_vs_24h,REACTOME_GLYCEROPHOSPHOLIPID_BIOSYNTHESIS,random,20484813.0,1.0,2.22044604925031e-16,0.00577645522630862,0.71050399283596,0.385270654364906,2.23833858855416,False,3.503500718082003,1.45441754412943,-0.7839210444247298
1.0,14.0,cd4_12h_vs_24h,REACTOME_GLYCEROPHOSPHOLIPID_BIOSYNTHESIS,true,,0.0,0.0,0.0351222601892017,1.0,0.0,1.45441754412943,False,3.503500718082003,1.45441754412943,0.0
1.0,15.0,cd4_12h_vs_24h,REACTOME_NUCLEOBASE_CATABOLISM,permuted,20475813.0,0.962962962962963,0.0,0.00059618767048381,0.0733310834695086,1.06522856619588,3.22461700967912,False,3.2246170096791245,3.503500718082,0.2788837084028799
1.0,15.0,cd4_12h_vs_24h,REACTOME_NUCLEOBASE_CATABOLISM,random,20485813.0,1.0,2.22044604925031e-16,0.00059618767048381,0.0733310834695086,1.06522856619588,3.22461700967912,False,3.2246170096791245,3.503500718082,0.2788837084028799
1.0,15.0,cd4_12h_vs_24h,REACTOME_NUCLEOBASE_CATABOLISM,true,,0.0,0.0,0.000313688994347936,0.0385837463047961,1.18894726823464,3.503500718082,True,3.2246170096791245,3.503500718082,0.0
1.0,16.0,cd4_12h_vs_24h,REACTOME_PHOSPHOLIPID_METABOLISM,permuted,20476813.0,0.982352941176471,0.0,0.0034223189265975,0.420945227971492,0.613004412282997,2.46567952091782,False,1.2891318553175355,4.41877294150378,1.9530934205859602
1.0,16.0,cd4_12h_vs_24h,REACTOME_PHOSPHOLIPID_METABOLISM,random,20486813.0,1.0,2.22044604925031e-16,1.49821174952854e-06,0.00018428004519201,1.93249105817205,5.82442680135432,True,1.2891318553175355,4.41877294150378,-1.4056538598505393
1.0,16.0,cd4_12h_vs_24h,REACTOME_PHOSPHOLIPID_METABOLISM,true,,0.0,0.0,3.81265104892234e-05,0.00468956079017448,1.52606285259303,4.41877294150378,True,1.2891318553175355,4.41877294150378,0.0
1.0,17.0,cd4_12h_vs_24h,REACTOME_PYRUVATE_METABOLISM,permuted,20477813.0,0.961538461538462,0.0,0.000160158462101912,0.0196994908385352,1.30596515981639,3.79545011009365,True,3.503500718082003,3.79545011009365,0.0
1.0,17.0,cd4_12h_vs_24h,REACTOME_PYRUVATE_METABOLISM,random,20487813.0,1.0,2.22044604925031e-16,0.00946978291842922,1.0,0.0,2.02365997647813,False,3.503500718082003,3.79545011009365,1.7717901336155202
1.0,17.0,cd4_12h_vs_24h,REACTOME_PYRUVATE_METABOLISM,true,,0.0,0.0,0.000160158462101912,0.0196994908385352,1.30596515981639,3.79545011009365,True,3.503500718082003,3.79545011009365,0.0
1.0,18.0,cd4_12h_vs_24h,REACTOME_SULFUR_AMINO_ACID_METABOLISM,permuted,20478813.0,0.956521739130435,0.0,0.00196887460329715,0.242171576205549,0.784778205325666,2.70578194299357,False,4.1005233197136,2.95873458497628,0.25295264198271017
1.0,18.0,cd4_12h_vs_24h,REACTOME_SULFUR_AMINO_ACID_METABOLISM,random,20488813.0,1.0,1.11022302462516e-16,0.000313688994347936,0.0385837463047961,1.18894726823464,3.503500718082,True,4.1005233197136,2.95873458497628,-0.5447661331057199
1.0,18.0,cd4_12h_vs_24h,REACTOME_SULFUR_AMINO_ACID_METABOLISM,true,,0.0,0.0,0.0010996776918826,0.13526035610156,0.932110226066041,2.95873458497628,False,4.1005233197136,2.95873458497628,0.0
1.0,19.0,cd4_12h_vs_24h,REACTOME_SYNTHESIS_OF_SUBSTRATES_IN_N_GLYCAN_BIOSYTHESIS,permuted,20479813.0,0.942307692307692,0.0,0.00196887460329715,0.242171576205549,0.784778205325666,2.70578194299357,False,4.1005233197136,0.994211379196843,-1.711570563796727
1.0,19.0,cd4_12h_vs_24h,REACTOME_SYNTHESIS_OF_SUBSTRATES_IN_N_GLYCAN_BIOSYTHESIS,random,20489813.0,1.0,2.22044604925031e-16,0.0150822934297104,1.0,0.0,1.82153261416016,False,4.1005233197136,0.994211379196843,-0.827321234963317
1.0,19.0,cd4_12h_vs_24h,REACTOME_SYNTHESIS_OF_SUBSTRATES_IN_N_GLYCAN_BIOSYTHESIS,true,,0.0,0.0,0.101341801629482,1.0,0.0,0.994211379196843,False,4.1005233197136,0.994211379196843,0.0
1.0,20.0,cd4_12h_vs_24h,REACTOME_TRIGLYCERIDE_METABOLISM,permuted,20480813.0,1.0,0.0,0.00196887460329715,0.242171576205549,0.784778205325666,2.70578194299357,False,2.958734584976284,5.82442680135432,3.11864485836075
1.0,20.0,cd4_12h_vs_24h,REACTOME_TRIGLYCERIDE_METABOLISM,random,20490813.0,1.0,2.22044604925031e-16,0.000313688994347936,0.0385837463047961,1.18894726823464,3.503500718082,True,2.958734584976284,5.82442680135432,2.3209260832723198
1.0,20.0,cd4_12h_vs_24h,REACTOME_TRIGLYCERIDE_METABOLISM,true,,0.0,0.0,1.49821174952854e-06,0.00018428004519201,1.93249105817205,5.82442680135432,True,2.958734584976284,5.82442680135432,0.0
1.0,21.0,cd4_0h_vs_24h,KEGG_ETHER_LIPID_METABOLISM,permuted,20481813.0,1.0,0.0,0.000313688994347936,0.0385837463047961,1.18894726823464,3.503500718082,True,3.2246170096791245,3.503500718082,0.0
1.0,21.0,cd4_0h_vs_24h,KEGG_ETHER_LIPID_METABOLISM,random,20491813.0,1.0,2.22044604925031e-16,0.000160158462101912,0.0196994908385352,1.30596515981639,3.79545011009365,True,3.2246170096791245,3.503500718082,-0.29194939201165004
1.0,21.0,cd4_0h_vs_24h,KEGG_ETHER_LIPID_METABOLISM,true,,0.0,0.0,0.000313688994347936,0.0385837463047961,1.18894726823464,3.503500718082,True,3.2246170096791245,3.503500718082,0.0
1.0,22.0,cd4_0h_vs_24h,KEGG_GLYCOSAMINOGLYCAN_BIOSYNTHESIS_CHONDROITIN_SULFATE,permuted,20482813.0,1.0,0.0,0.000313688994347936,0.0385837463047961,1.18894726823464,3.503500718082,True,2.958734584976284,2.23833858855416,-1.2651621295278401
1.0,22.0,cd4_0h_vs_24h,KEGG_GLYCOSAMINOGLYCAN_BIOSYNTHESIS_CHONDROITIN_SULFATE,random,20492813.0,1.0,2.22044604925031e-16,0.0034223189265975,0.420945227971492,0.613004412282997,2.46567952091782,False,2.958734584976284,2.23833858855416,-0.22734093236366038
1.0,22.0,cd4_0h_vs_24h,KEGG_GLYCOSAMINOGLYCAN_BIOSYNTHESIS_CHONDROITIN_SULFATE,true,,0.0,0.0,0.00577645522630862,0.71050399283596,0.385270654364906,2.23833858855416,False,2.958734584976284,2.23833858855416,0.0
1.0,23.0,cd4_0h_vs_24h,KEGG_RETINOL_METABOLISM,permuted,20483813.0,0.941176470588235,0.0,0.0731481276708723,1.0,0.0,1.13579678577401,False,1.6318318524960433,0.994211379196843,-0.14158540657716712
1.0,23.0,cd4_0h_vs_24h,KEGG_RETINOL_METABOLISM,random,20493813.0,1.0,2.22044604925031e-16,0.0034223189265975,0.420945227971492,0.613004412282997,2.46567952091782,False,1.6318318524960433,0.994211379196843,-1.4714681417209772
1.0,23.0,cd4_0h_vs_24h,KEGG_RETINOL_METABOLISM,true,,0.0,0.0,0.101341801629482,1.0,0.0,0.994211379196843,False,1.6318318524960433,0.994211379196843,0.0
1.0,24.0,cd4_0h_vs_24h,REACTOME_BILE_ACID_AND_BILE_SALT_METABOLISM,permuted,20484813.0,1.0,0.0,0.00577645522630862,0.71050399283596,0.385270654364906,2.23833858855416,False,2.958734584976284,2.70578194299357,0.4674433544394101
1.0,24.0,cd4_0h_vs_24h,REACTOME_BILE_ACID_AND_BILE_SALT_METABOLISM,random,20494813.0,1.0,1.11022302462516e-16,0.00577645522630862,0.71050399283596,0.385270654364906,2.23833858855416,False,2.958734584976284,2.70578194299357,0.4674433544394101
1.0,24.0,cd4_0h_vs_24h,REACTOME_BILE_ACID_AND_BILE_SALT_METABOLISM,true,,0.0,0.0,0.00196887460329715,0.242171576205549,0.784778205325666,2.70578194299357,False,2.958734584976284,2.70578194299357,0.0
1.0,25.0,cd4_0h_vs_24h,REACTOME_FATTY_ACYL_COA_BIOSYNTHESIS,permuted,20485813.0,0.935483870967742,0.0,1.49821174952854e-06,0.00018428004519201,1.93249105817205,5.82442680135432,True,2.238338588554161,8.80021523611983,2.9757884347655095
1.0,25.0,cd4_0h_vs_24h,REACTOME_FATTY_ACYL_COA_BIOSYNTHESIS,random,20495813.0,1.0,1.11022302462516e-16,1.59178638580836e-11,1.95789725454428e-09,2.95096765529579,10.7981152140414,True,2.238338588554161,8.80021523611983,-1.9978999779215716
1.0,25.0,cd4_0h_vs_24h,REACTOME_FATTY_ACYL_COA_BIOSYNTHESIS,true,,0.0,0.0,1.58410791482518e-09,1.94845273523497e-07,2.59042662985857,8.80021523611983,True,2.238338588554161,8.80021523611983,0.0
1.0,26.0,cd4_0h_vs_24h,REACTOME_KERATAN_SULFATE_KERATIN_METABOLISM,permuted,20486813.0,1.0,0.0,6.1774102028672e-07,7.59821454952666e-05,2.02960302707371,6.20919355894615,True,2.958734584976284,4.41877294150378,-1.7904206174423694
1.0,26.0,cd4_0h_vs_24h,REACTOME_KERATAN_SULFATE_KERATIN_METABOLISM,random,20496813.0,1.0,2.22044604925031e-16,3.52341775794401e-06,0.000433380384227113,1.83388406114409,5.45303586115776,True,2.958734584976284,4.41877294150378,-1.0342629196539797
1.0,26.0,cd4_0h_vs_24h,REACTOME_KERATAN_SULFATE_KERATIN_METABOLISM,true,,0.0,0.0,3.81265104892234e-05,0.00468956079017448,1.52606285259303,4.41877294150378,True,2.958734584976284,4.41877294150378,0.0
1.0,27.0,cd4_0h_vs_24h,REACTOME_METABOLISM_OF_FAT_SOLUBLE_VITAMINS,permuted,20487813.0,0.961538461538462,0.0,0.00577645522630862,0.71050399283596,0.385270654364906,2.23833858855416,False,2.958734584976284,2.70578194299357,0.4674433544394101
1.0,27.0,cd4_0h_vs_24h,REACTOME_METABOLISM_OF_FAT_SOLUBLE_VITAMINS,random,20497813.0,1.0,2.22044604925031e-16,0.00059618767048381,0.0733310834695086,1.06522856619588,3.22461700967912,False,2.958734584976284,2.70578194299357,-0.5188350666855501
1.0,27.0,cd4_0h_vs_24h,REACTOME_METABOLISM_OF_FAT_SOLUBLE_VITAMINS,true,,0.0,0.0,0.00196887460329715,0.242171576205549,0.784778205325666,2.70578194299357,False,2.958734584976284,2.70578194299357,0.0
1.0,28.0,cd4_0h_vs_24h,REACTOME_SYNTHESIS_OF_BILE_ACIDS_AND_BILE_SALTS,permuted,20488813.0,0.909090909090909,0.0,0.0233436169134307,1.0,0.0,1.63183185249604,False,3.2246170096791245,2.70578194299357,1.0739500904975299
1.0,28.0,cd4_0h_vs_24h,REACTOME_SYNTHESIS_OF_BILE_ACIDS_AND_BILE_SALTS,random,20498813.0,1.0,2.22044604925031e-16,0.0150822934297104,1.0,0.0,1.82153261416016,False,3.2246170096791245,2.70578194299357,0.8842493288334099
1.0,28.0,cd4_0h_vs_24h,REACTOME_SYNTHESIS_OF_BILE_ACIDS_AND_BILE_SALTS,true,,0.0,0.0,0.00196887460329715,0.242171576205549,0.784778205325666,2.70578194299357,False,3.2246170096791245,2.70578194299357,0.0
1.0,29.0,cd4_0h_vs_24h,REACTOME_SYNTHESIS_OF_GLYCOSYLPHOSPHATIDYLINOSITOL_GPI,permuted,20489813.0,1.0,0.0,1.77726970010602e-05,0.0021860417311304,1.63105534906276,4.75024666314563,True,3.2246170096791245,5.82442680135432,1.07418013820869
1.0,29.0,cd4_0h_vs_24h,REACTOME_SYNTHESIS_OF_GLYCOSYLPHOSPHATIDYLINOSITOL_GPI,random,20499813.0,1.0,2.22044604925031e-16,3.52341775794401e-06,0.000433380384227113,1.83388406114409,5.45303586115776,True,3.2246170096791245,5.82442680135432,0.3713909401965596
1.0,29.0,cd4_0h_vs_24h,REACTOME_SYNTHESIS_OF_GLYCOSYLPHOSPHATIDYLINOSITOL_GPI,true,,0.0,0.0,1.49821174952854e-06,0.00018428004519201,1.93249105817205,5.82442680135432,True,3.2246170096791245,5.82442680135432,0.0
1.0,30.0,cd4_0h_vs_24h,REACTOME_SYNTHESIS_OF_VERY_LONG_CHAIN_FATTY_ACYL_COAS,permuted,20490813.0,1.0,0.0,3.52341775794401e-06,0.000433380384227113,1.83388406114409,5.45303586115776,True,4.418772941503782,4.75024666314563,-0.7027891980121304
1.0,30.0,cd4_0h_vs_24h,REACTOME_SYNTHESIS_OF_VERY_LONG_CHAIN_FATTY_ACYL_COAS,random,20500813.0,1.0,1.11022302462516e-16,1.77726970010602e-05,0.0021860417311304,1.63105534906276,4.75024666314563,True,4.418772941503782,4.75024666314563,0.0
1.0,30.0,cd4_0h_vs_24h,REACTOME_SYNTHESIS_OF_VERY_LONG_CHAIN_FATTY_ACYL_COAS,true,,0.0,0.0,1.77726970010602e-05,0.0021860417311304,1.63105534906276,4.75024666314563,True,4.418772941503782,4.75024666314563,0.0
2.0,1.0,cd4_0h_vs_12h,KEGG_NITROGEN_METABOLISM,permuted,20461814.0,0.941176470588235,0.0,0.0034223189265975,0.420945227971492,0.613004412282997,2.46567952091782,False,4.418772941503782,3.79545011009365,1.3297705891758298
2.0,1.0,cd4_0h_vs_12h,KEGG_NITROGEN_METABOLISM,random,20471814.0,1.0,1.11022302462516e-16,0.0010996776918826,0.13526035610156,0.932110226066041,2.95873458497628,False,4.418772941503782,3.79545011009365,0.8367155251173699
2.0,1.0,cd4_0h_vs_12h,KEGG_NITROGEN_METABOLISM,true,,0.0,0.0,0.000160158462101912,0.0196994908385352,1.30596515981639,3.79545011009365,True,4.418772941503782,3.79545011009365,0.0
2.0,2.0,cd4_0h_vs_12h,KEGG_PENTOSE_PHOSPHATE_PATHWAY,permuted,20462814.0,1.0,0.0,3.52341775794401e-06,0.000433380384227113,1.83388406114409,5.45303586115776,True,2.7057819429935717,4.41877294150378,-1.0342629196539797
2.0,2.0,cd4_0h_vs_12h,KEGG_PENTOSE_PHOSPHATE_PATHWAY,random,20472814.0,1.0,2.22044604925031e-16,1.49821174952854e-06,0.00018428004519201,1.93249105817205,5.82442680135432,True,2.7057819429935717,4.41877294150378,-1.4056538598505393
2.0,2.0,cd4_0h_vs_12h,KEGG_PENTOSE_PHOSPHATE_PATHWAY,true,,0.0,0.0,3.81265104892234e-05,0.00468956079017448,1.52606285259303,4.41877294150378,True,2.7057819429935717,4.41877294150378,0.0
2.0,3.0,cd4_0h_vs_12h,KEGG_PORPHYRIN_AND_CHLOROPHYLL_METABOLISM,permuted,20463814.0,0.95,0.0,0.00946978291842922,1.0,0.0,2.02365997647813,False,3.2246170096791245,3.79545011009365,1.7717901336155202
2.0,3.0,cd4_0h_vs_12h,KEGG_PORPHYRIN_AND_CHLOROPHYLL_METABOLISM,random,20473814.0,1.0,2.22044604925031e-16,0.0150822934297104,1.0,0.0,1.82153261416016,False,3.2246170096791245,3.79545011009365,1.97391749593349
2.0,3.0,cd4_0h_vs_12h,KEGG_PORPHYRIN_AND_CHLOROPHYLL_METABOLISM,true,,0.0,0.0,0.000160158462101912,0.0196994908385352,1.30596515981639,3.79545011009365,True,3.2246170096791245,3.79545011009365,0.0
2.0,4.0,cd4_0h_vs_12h,REACTOME_BRANCHED_CHAIN_AMINO_ACID_CATABOLISM,permuted,20464814.0,0.952380952380952,0.0,3.52341775794401e-06,0.000433380384227113,1.83388406114409,5.45303586115776,True,2.7057819429935717,6.20919355894615,0.7561576977883897
2.0,4.0,cd4_0h_vs_12h,REACTOME_BRANCHED_CHAIN_AMINO_ACID_CATABOLISM,random,20474814.0,1.0,2.22044604925031e-16,0.000160158462101912,0.0196994908385352,1.30596515981639,3.79545011009365,True,2.7057819429935717,6.20919355894615,2.4137434488525
2.0,4.0,cd4_0h_vs_12h,REACTOME_BRANCHED_CHAIN_AMINO_ACID_CATABOLISM,true,,0.0,0.0,6.1774102028672e-07,7.59821454952666e-05,2.02960302707371,6.20919355894615,True,2.7057819429935717,6.20919355894615,0.0
2.0,5.0,cd4_0h_vs_12h,REACTOME_DISEASES_ASSOCIATED_WITH_GLYCOSYLATION_PRECURSOR_BIOSYNTHESIS,permuted,20465814.0,0.944444444444444,0.0,1.77726970010602e-05,0.0021860417311304,1.63105534906276,4.75024666314563,True,3.2246170096791245,3.79545011009365,-0.9547965530519797
2.0,5.0,cd4_0h_vs_12h,REACTOME_DISEASES_ASSOCIATED_WITH_GLYCOSYLATION_PRECURSOR_BIOSYNTHESIS,random,20475814.0,1.0,2.22044604925031e-16,0.00196887460329715,0.242171576205549,0.784778205325666,2.70578194299357,False,3.2246170096791245,3.79545011009365,1.08966816710008
2.0,5.0,cd4_0h_vs_12h,REACTOME_DISEASES_ASSOCIATED_WITH_GLYCOSYLATION_PRECURSOR_BIOSYNTHESIS,true,,0.0,0.0,0.000160158462101912,0.0196994908385352,1.30596515981639,3.79545011009365,True,3.2246170096791245,3.79545011009365,0.0
2.0,6.0,cd4_0h_vs_12h,REACTOME_GLYCOSPHINGOLIPID_METABOLISM,permuted,20466814.0,0.972222222222222,0.0,7.93371655046569e-05,0.0097584713570728,1.417962696362,4.1005233197136,True,3.2246170096791245,4.1005233197136,0.0
2.0,6.0,cd4_0h_vs_12h,REACTOME_GLYCOSPHINGOLIPID_METABOLISM,random,20476814.0,1.0,2.22044604925031e-16,2.46964030878651e-07,3.03765757980741e-05,2.12543199928726,6.60736629503362,True,3.2246170096791245,4.1005233197136,-2.506842975320019
2.0,6.0,cd4_0h_vs_12h,REACTOME_GLYCOSPHINGOLIPID_METABOLISM,true,,0.0,0.0,7.93371655046569e-05,0.0097584713570728,1.417962696362,4.1005233197136,True,3.2246170096791245,4.1005233197136,0.0
2.0,7.0,cd4_0h_vs_12h,REACTOME_GLYOXYLATE_METABOLISM_AND_GLYCINE_DEGRADATION,permuted,20467814.0,0.91304347826087,0.0,6.1774102028672e-07,7.59821454952666e-05,2.02960302707371,6.20919355894615,True,2.238338588554161,7.44403821911369,1.23484466016754
2.0,7.0,cd4_0h_vs_12h,REACTOME_GLYOXYLATE_METABOLISM_AND_GLYCINE_DEGRADATION,random,20477814.0,1.0,2.22044604925031e-16,3.59717677613814e-08,4.42452743464991e-06,2.31389997788891,7.44403821911369,True,2.238338588554161,7.44403821911369,0.0
2.0,7.0,cd4_0h_vs_12h,REACTOME_GLYOXYLATE_METABOLISM_AND_GLYCINE_DEGRADATION,true,,0.0,0.0,3.59717677613814e-08,4.42452743464991e-06,2.31389997788891,7.44403821911369,True,2.238338588554161,7.44403821911369,0.0
2.0,8.0,cd4_0h_vs_12h,REACTOME_INOSITOL_PHOSPHATE_METABOLISM,permuted,20468814.0,0.976190476190476,0.0,1.77726970010602e-05,0.0021860417311304,1.63105534906276,4.75024666314563,True,3.2246170096791245,2.70578194299357,-2.04446472015206
2.0,8.0,cd4_0h_vs_12h,REACTOME_INOSITOL_PHOSPHATE_METABOLISM,random,20478814.0,1.0,2.22044604925031e-16,1.58410791482518e-09,1.94845273523497e-07,2.59042662985857,8.80021523611983,True,3.2246170096791245,2.70578194299357,-6.09443329312626
2.0,8.0,cd4_0h_vs_12h,REACTOME_INOSITOL_PHOSPHATE_METABOLISM,true,,0.0,0.0,0.00196887460329715,0.242171576205549,0.784778205325666,2.70578194299357,False,3.2246170096791245,2.70578194299357,0.0
2.0,9.0,cd4_0h_vs_12h,REACTOME_METABOLISM_OF_STEROID_HORMONES,permuted,20469814.0,0.904761904761905,0.0,1.69038678268048e-10,2.07917574269699e-08,2.77166173987722,9.77201391173862,True,2.958734584976284,7.44403821911369,-2.32797569262493
2.0,9.0,cd4_0h_vs_12h,REACTOME_METABOLISM_OF_STEROID_HORMONES,random,20479814.0,1.0,2.22044604925031e-16,9.6901238729472e-14,1.19188523637251e-11,3.30511203436503,13.0136706711439,True,2.958734584976284,7.44403821911369,-5.569632452030211
2.0,9.0,cd4_0h_vs_12h,REACTOME_METABOLISM_OF_STEROID_HORMONES,true,,0.0,0.0,3.59717677613814e-08,4.42452743464991e-06,2.31389997788891,7.44403821911369,True,2.958734584976284,7.44403821911369,0.0
2.0,10.0,cd4_0h_vs_12h,REACTOME_REGULATION_OF_LIPID_METABOLISM_BY_PPARALPHA,permuted,20470814.0,1.0,0.0,0.0010996776918826,0.13526035610156,0.932110226066041,2.95873458497628,False,3.2246170096791245,4.75024666314563,1.7915120781693497
2.0,10.0,cd4_0h_vs_12h,REACTOME_REGULATION_OF_LIPID_METABOLISM_BY_PPARALPHA,random,20480814.0,1.0,2.22044604925031e-16,3.52341775794401e-06,0.000433380384227113,1.83388406114409,5.45303586115776,True,3.2246170096791245,4.75024666314563,-0.7027891980121304
2.0,10.0,cd4_0h_vs_12h,REACTOME_REGULATION_OF_LIPID_METABOLISM_BY_PPARALPHA,true,,0.0,0.0,1.77726970010602e-05,0.0021860417311304,1.63105534906276,4.75024666314563,True,3.2246170096791245,4.75024666314563,0.0
2.0,11.0,cd4_0h_vs_12h,REACTOME_SPHINGOLIPID_METABOLISM,permuted,20471814.0,1.0,0.0,0.0150822934297104,1.0,0.0,1.82153261416016,False,1.1357967857740106,3.22461700967912,1.40308439551896
2.0,11.0,cd4_0h_vs_12h,REACTOME_SPHINGOLIPID_METABOLISM,random,20481814.0,1.0,2.22044604925031e-16,1.77726970010602e-05,0.0021860417311304,1.63105534906276,4.75024666314563,True,1.1357967857740106,3.22461700967912,-1.5256296534665097
2.0,11.0,cd4_0h_vs_12h,REACTOME_SPHINGOLIPID_METABOLISM,true,,0.0,0.0,0.00059618767048381,0.0733310834695086,1.06522856619588,3.22461700967912,False,1.1357967857740106,3.22461700967912,0.0
2.0,12.0,cd4_12h_vs_24h,KEGG_DRUG_METABOLISM_CYTOCHROME_P450,permuted,20472814.0,0.952380952380952,0.0,8.03548663493119e-06,0.000988364856096536,1.73351743731473,5.09498781691362,True,5.094987816913624,4.41877294150378,-0.6762148754098396
2.0,12.0,cd4_12h_vs_24h,KEGG_DRUG_METABOLISM_CYTOCHROME_P450,random,20482814.0,1.0,2.22044604925031e-16,3.81265104892234e-05,0.00468956079017448,1.52606285259303,4.41877294150378,True,5.094987816913624,4.41877294150378,0.0
2.0,12.0,cd4_12h_vs_24h,KEGG_DRUG_METABOLISM_CYTOCHROME_P450,true,,0.0,0.0,3.81265104892234e-05,0.00468956079017448,1.52606285259303,4.41877294150378,True,5.094987816913624,4.41877294150378,0.0
2.0,13.0,cd4_12h_vs_24h,KEGG_PYRIMIDINE_METABOLISM,permuted,20473814.0,0.955555555555556,0.0,2.46964030878651e-07,3.03765757980741e-05,2.12543199928726,6.60736629503362,True,2.958734584976284,7.44403821911369,0.8366719240800702
2.0,13.0,cd4_12h_vs_24h,KEGG_PYRIMIDINE_METABOLISM,random,20483814.0,1.0,2.22044604925031e-16,2.46964030878651e-07,3.03765757980741e-05,2.12543199928726,6.60736629503362,True,2.958734584976284,7.44403821911369,0.8366719240800702
2.0,13.0,cd4_12h_vs_24h,KEGG_PYRIMIDINE_METABOLISM,true,,0.0,0.0,3.59717677613814e-08,4.42452743464991e-06,2.31389997788891,7.44403821911369,True,2.958734584976284,7.44403821911369,0.0
2.0,14.0,cd4_12h_vs_24h,REACTOME_GLYCEROPHOSPHOLIPID_BIOSYNTHESIS,permuted,20474814.0,0.989583333333333,0.0,0.000160158462101912,0.0196994908385352,1.30596515981639,3.79545011009365,True,3.503500718082003,4.41877294150378,0.6233228314101305
2.0,14.0,cd4_12h_vs_24h,REACTOME_GLYCEROPHOSPHOLIPID_BIOSYNTHESIS,random,20484814.0,1.0,2.22044604925031e-16,0.00577645522630862,0.71050399283596,0.385270654364906,2.23833858855416,False,3.503500718082003,4.41877294150378,2.1804343529496206
2.0,14.0,cd4_12h_vs_24h,REACTOME_GLYCEROPHOSPHOLIPID_BIOSYNTHESIS,true,,0.0,0.0,3.81265104892234e-05,0.00468956079017448,1.52606285259303,4.41877294150378,True,3.503500718082003,4.41877294150378,0.0
2.0,15.0,cd4_12h_vs_24h,REACTOME_NUCLEOBASE_CATABOLISM,permuted,20475814.0,1.0,0.0,7.93371655046569e-05,0.0097584713570728,1.417962696362,4.1005233197136,True,3.2246170096791245,3.22461700967912,-0.8759063100344804
2.0,15.0,cd4_12h_vs_24h,REACTOME_NUCLEOBASE_CATABOLISM,random,20485814.0,1.0,2.22044604925031e-16,1.49821174952854e-06,0.00018428004519201,1.93249105817205,5.82442680135432,True,3.2246170096791245,3.22461700967912,-2.5998097916751997
2.0,15.0,cd4_12h_vs_24h,REACTOME_NUCLEOBASE_CATABOLISM,true,,0.0,0.0,0.00059618767048381,0.0733310834695086,1.06522856619588,3.22461700967912,False,3.2246170096791245,3.22461700967912,0.0
2.0,16.0,cd4_12h_vs_24h,REACTOME_PHOSPHOLIPID_METABOLISM,permuted,20476814.0,1.0,0.0,1.77726970010602e-05,0.0021860417311304,1.63105534906276,4.75024666314563,True,1.2891318553175355,3.22461700967912,-1.5256296534665097
2.0,16.0,cd4_12h_vs_24h,REACTOME_PHOSPHOLIPID_METABOLISM,random,20486814.0,1.0,2.22044604925031e-16,1.31042954439412e-08,1.61182833960477e-06,2.40679895558663,7.8825863240523,True,1.2891318553175355,3.22461700967912,-4.65796931437318
2.0,16.0,cd4_12h_vs_24h,REACTOME_PHOSPHOLIPID_METABOLISM,true,,0.0,0.0,0.00059618767048381,0.0733310834695086,1.06522856619588,3.22461700967912,False,1.2891318553175355,3.22461700967912,0.0
2.0,17.0,cd4_12h_vs_24h,REACTOME_PYRUVATE_METABOLISM,permuted,20477814.0,0.923076923076923,0.0,0.0010996776918826,0.13526035610156,0.932110226066041,2.95873458497628,False,3.503500718082003,2.23833858855416,-0.7203959964221203
2.0,17.0,cd4_12h_vs_24h,REACTOME_PYRUVATE_METABOLISM,random,20487814.0,1.0,2.22044604925031e-16,0.0034223189265975,0.420945227971492,0.613004412282997,2.46567952091782,False,3.503500718082003,2.23833858855416,-0.22734093236366038
2.0,17.0,cd4_12h_vs_24h,REACTOME_PYRUVATE_METABOLISM,true,,0.0,0.0,0.00577645522630862,0.71050399283596,0.385270654364906,2.23833858855416,False,3.503500718082003,2.23833858855416,0.0
2.0,18.0,cd4_12h_vs_24h,REACTOME_SULFUR_AMINO_ACID_METABOLISM,permuted,20478814.0,0.956521739130435,0.0,8.03548663493119e-06,0.000988364856096536,1.73351743731473,5.09498781691362,True,4.1005233197136,3.22461700967912,-1.8703708072345
2.0,18.0,cd4_12h_vs_24h,REACTOME_SULFUR_AMINO_ACID_METABOLISM,random,20488814.0,1.0,2.22044604925031e-16,1.77726970010602e-05,0.0021860417311304,1.63105534906276,4.75024666314563,True,4.1005233197136,3.22461700967912,-1.5256296534665097
2.0,18.0,cd4_12h_vs_24h,REACTOME_SULFUR_AMINO_ACID_METABOLISM,true,,0.0,0.0,0.00059618767048381,0.0733310834695086,1.06522856619588,3.22461700967912,False,4.1005233197136,3.22461700967912,0.0
2.0,19.0,cd4_12h_vs_24h,REACTOME_SYNTHESIS_OF_SUBSTRATES_IN_N_GLYCAN_BIOSYTHESIS,permuted,20479814.0,0.942307692307692,0.0,0.0731481276708723,1.0,0.0,1.13579678577401,False,4.1005233197136,0.864148618783426,-0.27164816699058414
2.0,19.0,cd4_12h_vs_24h,REACTOME_SYNTHESIS_OF_SUBSTRATES_IN_N_GLYCAN_BIOSYTHESIS,random,20489814.0,1.0,2.22044604925031e-16,0.230392335941705,1.0,0.0,0.63753197192238,False,4.1005233197136,0.864148618783426,0.226616646861046
2.0,19.0,cd4_12h_vs_24h,REACTOME_SYNTHESIS_OF_SUBSTRATES_IN_N_GLYCAN_BIOSYTHESIS,true,,0.0,0.0,0.136726085875245,1.0,0.0,0.864148618783426,False,4.1005233197136,0.864148618783426,0.0
2.0,20.0,cd4_12h_vs_24h,REACTOME_TRIGLYCERIDE_METABOLISM,permuted,20480814.0,0.91304347826087,0.0,0.00059618767048381,0.0733310834695086,1.06522856619588,3.22461700967912,False,2.958734584976284,2.46567952091782,-0.7589374887612998
2.0,20.0,cd4_12h_vs_24h,REACTOME_TRIGLYCERIDE_METABOLISM,random,20490814.0,1.0,1.11022302462516e-16,0.0034223189265975,0.420945227971492,0.613004412282997,2.46567952091782,False,2.958734584976284,2.46567952091782,0.0
2.0,20.0,cd4_12h_vs_24h,REACTOME_TRIGLYCERIDE_METABOLISM,true,,0.0,0.0,0.0034223189265975,0.420945227971492,0.613004412282997,2.46567952091782,False,2.958734584976284,2.46567952091782,0.0
2.0,21.0,cd4_0h_vs_24h,KEGG_ETHER_LIPID_METABOLISM,permuted,20481814.0,1.0,0.0,3.81265104892234e-05,0.00468956079017448,1.52606285259303,4.41877294150378,True,3.2246170096791245,3.79545011009365,-0.6233228314101305
2.0,21.0,cd4_0h_vs_24h,KEGG_ETHER_LIPID_METABOLISM,random,20491814.0,1.0,2.22044604925031e-16,1.49821174952854e-06,0.00018428004519201,1.93249105817205,5.82442680135432,True,3.2246170096791245,3.79545011009365,-2.0289766912606697
2.0,21.0,cd4_0h_vs_24h,KEGG_ETHER_LIPID_METABOLISM,true,,0.0,0.0,0.000160158462101912,0.0196994908385352,1.30596515981639,3.79545011009365,True,3.2246170096791245,3.79545011009365,0.0
2.0,22.0,cd4_0h_vs_24h,KEGG_GLYCOSAMINOGLYCAN_BIOSYNTHESIS_CHONDROITIN_SULFATE,permuted,20482814.0,1.0,0.0,0.0351222601892017,1.0,0.0,1.45441754412943,False,2.958734584976284,1.28913185531754,-0.1652856888118901
2.0,22.0,cd4_0h_vs_24h,KEGG_GLYCOSAMINOGLYCAN_BIOSYNTHESIS_CHONDROITIN_SULFATE,random,20492814.0,1.0,2.22044604925031e-16,0.0351222601892017,1.0,0.0,1.45441754412943,False,2.958734584976284,1.28913185531754,-0.1652856888118901
2.0,22.0,cd4_0h_vs_24h,KEGG_GLYCOSAMINOGLYCAN_BIOSYNTHESIS_CHONDROITIN_SULFATE,true,,0.0,0.0,0.0513887607461245,1.0,0.0,1.28913185531754,False,2.958734584976284,1.28913185531754,0.0
2.0,23.0,cd4_0h_vs_24h,KEGG_RETINOL_METABOLISM,permuted,20483814.0,0.941176470588235,0.0,3.52341775794401e-06,0.000433380384227113,1.83388406114409,5.45303586115776,True,1.6318318524960433,5.45303586115776,0.0
2.0,23.0,cd4_0h_vs_24h,KEGG_RETINOL_METABOLISM,random,20493814.0,1.0,2.22044604925031e-16,1.77726970010602e-05,0.0021860417311304,1.63105534906276,4.75024666314563,True,1.6318318524960433,5.45303586115776,0.7027891980121304
2.0,23.0,cd4_0h_vs_24h,KEGG_RETINOL_METABOLISM,true,,0.0,0.0,3.52341775794401e-06,0.000433380384227113,1.83388406114409,5.45303586115776,True,1.6318318524960433,5.45303586115776,0.0
2.0,24.0,cd4_0h_vs_24h,REACTOME_BILE_ACID_AND_BILE_SALT_METABOLISM,permuted,20484814.0,0.956521739130435,0.0,7.93371655046569e-05,0.0097584713570728,1.417962696362,4.1005233197136,True,2.958734584976284,3.22461700967912,-0.8759063100344804
2.0,24.0,cd4_0h_vs_24h,REACTOME_BILE_ACID_AND_BILE_SALT_METABOLISM,random,20494814.0,1.0,2.22044604925031e-16,7.93371655046569e-05,0.0097584713570728,1.417962696362,4.1005233197136,True,2.958734584976284,3.22461700967912,-0.8759063100344804
2.0,24.0,cd4_0h_vs_24h,REACTOME_BILE_ACID_AND_BILE_SALT_METABOLISM,true,,0.0,0.0,0.00059618767048381,0.0733310834695086,1.06522856619588,3.22461700967912,False,2.958734584976284,3.22461700967912,0.0
2.0,25.0,cd4_0h_vs_24h,REACTOME_FATTY_ACYL_COA_BIOSYNTHESIS,permuted,20485814.0,0.967741935483871,0.0,4.66051712619044e-12,5.73243606521424e-10,3.04000999674796,11.3315658917669,True,2.238338588554161,10.7981152140414,-0.533450677725499
2.0,25.0,cd4_0h_vs_24h,REACTOME_FATTY_ACYL_COA_BIOSYNTHESIS,random,20495814.0,1.0,2.22044604925031e-16,1.32240927298422e-12,1.62656340577059e-10,3.12869445657952,11.8786341140708,True,2.238338588554161,10.7981152140414,-1.0805189000294
2.0,25.0,cd4_0h_vs_24h,REACTOME_FATTY_ACYL_COA_BIOSYNTHESIS,true,,0.0,0.0,1.59178638580836e-11,1.95789725454428e-09,2.95096765529579,10.7981152140414,True,2.238338588554161,10.7981152140414,0.0
2.0,26.0,cd4_0h_vs_24h,REACTOME_KERATAN_SULFATE_KERATIN_METABOLISM,permuted,20486814.0,0.96,0.0,1.49821174952854e-06,0.00018428004519201,1.93249105817205,5.82442680135432,True,2.958734584976284,5.45303586115776,-0.3713909401965596
2.0,26.0,cd4_0h_vs_24h,REACTOME_KERATAN_SULFATE_KERATIN_METABOLISM,random,20496814.0,1.0,1.11022302462516e-16,1.77726970010602e-05,0.0021860417311304,1.63105534906276,4.75024666314563,True,2.958734584976284,5.45303586115776,0.7027891980121304
2.0,26.0,cd4_0h_vs_24h,REACTOME_KERATAN_SULFATE_KERATIN_METABOLISM,true,,0.0,0.0,3.52341775794401e-06,0.000433380384227113,1.83388406114409,5.45303586115776,True,2.958734584976284,5.45303586115776,0.0
2.0,27.0,cd4_0h_vs_24h,REACTOME_METABOLISM_OF_FAT_SOLUBLE_VITAMINS,permuted,20487814.0,0.961538461538462,0.0,0.00946978291842922,1.0,0.0,2.02365997647813,False,2.958734584976284,2.02365997647813,0.0
2.0,27.0,cd4_0h_vs_24h,REACTOME_METABOLISM_OF_FAT_SOLUBLE_VITAMINS,random,20497814.0,1.0,2.22044604925031e-16,0.0010996776918826,0.13526035610156,0.932110226066041,2.95873458497628,False,2.958734584976284,2.02365997647813,-0.9350746084981503
2.0,27.0,cd4_0h_vs_24h,REACTOME_METABOLISM_OF_FAT_SOLUBLE_VITAMINS,true,,0.0,0.0,0.00946978291842922,1.0,0.0,2.02365997647813,False,2.958734584976284,2.02365997647813,0.0
2.0,28.0,cd4_0h_vs_24h,REACTOME_SYNTHESIS_OF_BILE_ACIDS_AND_BILE_SALTS,permuted,20488814.0,0.954545454545455,0.0,0.00196887460329715,0.242171576205549,0.784778205325666,2.70578194299357,False,3.2246170096791245,3.79545011009365,1.08966816710008
2.0,28.0,cd4_0h_vs_24h,REACTOME_SYNTHESIS_OF_BILE_ACIDS_AND_BILE_SALTS,random,20498814.0,1.0,1.11022302462516e-16,0.0010996776918826,0.13526035610156,0.932110226066041,2.95873458497628,False,3.2246170096791245,3.79545011009365,0.8367155251173699
2.0,28.0,cd4_0h_vs_24h,REACTOME_SYNTHESIS_OF_BILE_ACIDS_AND_BILE_SALTS,true,,0.0,0.0,0.000160158462101912,0.0196994908385352,1.30596515981639,3.79545011009365,True,3.2246170096791245,3.79545011009365,0.0
2.0,29.0,cd4_0h_vs_24h,REACTOME_SYNTHESIS_OF_GLYCOSYLPHOSPHATIDYLINOSITOL_GPI,permuted,20489814.0,0.941176470588235,0.0,0.00059618767048381,0.0733310834695086,1.06522856619588,3.22461700967912,False,3.2246170096791245,4.41877294150378,1.1941559318246604
2.0,29.0,cd4_0h_vs_24h,REACTOME_SYNTHESIS_OF_GLYCOSYLPHOSPHATIDYLINOSITOL_GPI,random,20499814.0,1.0,2.22044604925031e-16,3.81265104892234e-05,0.00468956079017448,1.52606285259303,4.41877294150378,True,3.2246170096791245,4.41877294150378,0.0
2.0,29.0,cd4_0h_vs_24h,REACTOME_SYNTHESIS_OF_GLYCOSYLPHOSPHATIDYLINOSITOL_GPI,true,,0.0,0.0,3.81265104892234e-05,0.00468956079017448,1.52606285259303,4.41877294150378,True,3.2246170096791245,4.41877294150378,0.0
2.0,30.0,cd4_0h_vs_24h,REACTOME_SYNTHESIS_OF_VERY_LONG_CHAIN_FATTY_ACYL_COAS,permuted,20490814.0,0.944444444444444,0.0,3.59717677613814e-08,4.42452743464991e-06,2.31389997788891,7.44403821911369,True,4.418772941503782,8.33463865838632,0.8906004392726299
2.0,30.0,cd4_0h_vs_24h,REACTOME_SYNTHESIS_OF_VERY_LONG_CHAIN_FATTY_ACYL_COAS,random,20500814.0,1.0,1.11022302462516e-16,1.58410791482518e-09,1.94845273523497e-07,2.59042662985857,8.80021523611983,True,4.418772941503782,8.33463865838632,-0.46557657773350947
2.0,30.0,cd4_0h_vs_24h,REACTOME_SYNTHESIS_OF_VERY_LONG_CHAIN_FATTY_ACYL_COAS,true,,0.0,0.0,4.62765891657924e-09,5.69202046739247e-07,2.49894648741163,8.33463865838632,True,4.418772941503782,8.33463865838632,0.0
3.0,1.0,cd4_0h_vs_12h,KEGG_NITROGEN_METABOLISM,permuted,20461815.0,1.0,0.0,0.00946978291842922,1.0,0.0,2.02365997647813,False,4.418772941503782,2.95873458497628,0.9350746084981503
3.0,1.0,cd4_0h_vs_12h,KEGG_NITROGEN_METABOLISM,random,20471815.0,1.0,1.11022302462516e-16,0.0150822934297104,1.0,0.0,1.82153261416016,False,4.418772941503782,2.95873458497628,1.13720197081612
3.0,1.0,cd4_0h_vs_12h,KEGG_NITROGEN_METABOLISM,true,,0.0,0.0,0.0010996776918826,0.13526035610156,0.932110226066041,2.95873458497628,False,4.418772941503782,2.95873458497628,0.0
3.0,2.0,cd4_0h_vs_12h,KEGG_PENTOSE_PHOSPHATE_PATHWAY,permuted,20462815.0,0.954545454545455,0.0,0.000160158462101912,0.0196994908385352,1.30596515981639,3.79545011009365,True,2.7057819429935717,3.22461700967912,-0.57083310041453
3.0,2.0,cd4_0h_vs_12h,KEGG_PENTOSE_PHOSPHATE_PATHWAY,random,20472815.0,1.0,2.22044604925031e-16,3.81265104892234e-05,0.00468956079017448,1.52606285259303,4.41877294150378,True,2.7057819429935717,3.22461700967912,-1.1941559318246604
3.0,2.0,cd4_0h_vs_12h,KEGG_PENTOSE_PHOSPHATE_PATHWAY,true,,0.0,0.0,0.00059618767048381,0.0733310834695086,1.06522856619588,3.22461700967912,False,2.7057819429935717,3.22461700967912,0.0
3.0,3.0,cd4_0h_vs_12h,KEGG_PORPHYRIN_AND_CHLOROPHYLL_METABOLISM,permuted,20463815.0,0.95,0.0,8.03548663493119e-06,0.000988364856096536,1.73351743731473,5.09498781691362,True,3.2246170096791245,4.41877294150378,-0.6762148754098396
3.0,3.0,cd4_0h_vs_12h,KEGG_PORPHYRIN_AND_CHLOROPHYLL_METABOLISM,random,20473815.0,1.0,1.11022302462516e-16,0.0010996776918826,0.13526035610156,0.932110226066041,2.95873458497628,False,3.2246170096791245,4.41877294150378,1.4600383565275004
3.0,3.0,cd4_0h_vs_12h,KEGG_PORPHYRIN_AND_CHLOROPHYLL_METABOLISM,true,,0.0,0.0,3.81265104892234e-05,0.00468956079017448,1.52606285259303,4.41877294150378,True,3.2246170096791245,4.41877294150378,0.0
3.0,4.0,cd4_0h_vs_12h,REACTOME_BRANCHED_CHAIN_AMINO_ACID_CATABOLISM,permuted,20464815.0,0.952380952380952,0.0,0.0010996776918826,0.13526035610156,0.932110226066041,2.95873458497628,False,2.7057819429935717,4.41877294150378,1.4600383565275004
3.0,4.0,cd4_0h_vs_12h,REACTOME_BRANCHED_CHAIN_AMINO_ACID_CATABOLISM,random,20474815.0,1.0,2.22044604925031e-16,0.00946978291842922,1.0,0.0,2.02365997647813,False,2.7057819429935717,4.41877294150378,2.3951129650256506
3.0,4.0,cd4_0h_vs_12h,REACTOME_BRANCHED_CHAIN_AMINO_ACID_CATABOLISM,true,,0.0,0.0,3.81265104892234e-05,0.00468956079017448,1.52606285259303,4.41877294150378,True,2.7057819429935717,4.41877294150378,0.0
3.0,5.0,cd4_0h_vs_12h,REACTOME_DISEASES_ASSOCIATED_WITH_GLYCOSYLATION_PRECURSOR_BIOSYNTHESIS,permuted,20465815.0,0.944444444444444,0.0,0.00577645522630862,0.71050399283596,0.385270654364906,2.23833858855416,False,3.2246170096791245,2.02365997647813,-0.21467861207603
3.0,5.0,cd4_0h_vs_12h,REACTOME_DISEASES_ASSOCIATED_WITH_GLYCOSYLATION_PRECURSOR_BIOSYNTHESIS,random,20475815.0,1.0,1.11022302462516e-16,0.00946978291842922,1.0,0.0,2.02365997647813,False,3.2246170096791245,2.02365997647813,0.0
3.0,5.0,cd4_0h_vs_12h,REACTOME_DISEASES_ASSOCIATED_WITH_GLYCOSYLATION_PRECURSOR_BIOSYNTHESIS,true,,0.0,0.0,0.00946978291842922,1.0,0.0,2.02365997647813,False,3.2246170096791245,2.02365997647813,0.0
3.0,6.0,cd4_0h_vs_12h,REACTOME_GLYCOSPHINGOLIPID_METABOLISM,permuted,20466815.0,0.944444444444444,0.0,0.00059618767048381,0.0733310834695086,1.06522856619588,3.22461700967912,False,3.2246170096791245,2.70578194299357,-0.5188350666855501
3.0,6.0,cd4_0h_vs_12h,REACTOME_GLYCOSPHINGOLIPID_METABOLISM,random,20476815.0,1.0,2.22044604925031e-16,0.0513887607461245,1.0,0.0,1.28913185531754,False,3.2246170096791245,2.70578194299357,1.41665008767603
3.0,6.0,cd4_0h_vs_12h,REACTOME_GLYCOSPHINGOLIPID_METABOLISM,true,,0.0,0.0,0.00196887460329715,0.242171576205549,0.784778205325666,2.70578194299357,False,3.2246170096791245,2.70578194299357,0.0
3.0,7.0,cd4_0h_vs_12h,REACTOME_GLYOXYLATE_METABOLISM_AND_GLYCINE_DEGRADATION,permuted,20467815.0,1.0,0.0,6.1774102028672e-07,7.59821454952666e-05,2.02960302707371,6.20919355894615,True,2.238338588554161,9.27933459064804,3.0701410317018896
3.0,7.0,cd4_0h_vs_12h,REACTOME_GLYOXYLATE_METABOLISM_AND_GLYCINE_DEGRADATION,random,20477815.0,1.0,1.11022302462516e-16,6.1774102028672e-07,7.59821454952666e-05,2.02960302707371,6.20919355894615,True,2.238338588554161,9.27933459064804,3.0701410317018896
3.0,7.0,cd4_0h_vs_12h,REACTOME_GLYOXYLATE_METABOLISM_AND_GLYCINE_DEGRADATION,true,,0.0,0.0,5.25612166428945e-10,6.46502964707602e-08,2.68131114927169,9.27933459064804,True,2.238338588554161,9.27933459064804,0.0
3.0,8.0,cd4_0h_vs_12h,REACTOME_INOSITOL_PHOSPHATE_METABOLISM,permuted,20468815.0,1.0,0.0,8.03548663493119e-06,0.000988364856096536,1.73351743731473,5.09498781691362,True,3.2246170096791245,4.75024666314563,-0.3447411537679903
3.0,8.0,cd4_0h_vs_12h,REACTOME_INOSITOL_PHOSPHATE_METABOLISM,random,20478815.0,1.0,2.22044604925031e-16,7.93371655046569e-05,0.0097584713570728,1.417962696362,4.1005233197136,True,3.2246170096791245,4.75024666314563,0.6497233434320293
3.0,8.0,cd4_0h_vs_12h,REACTOME_INOSITOL_PHOSPHATE_METABOLISM,true,,0.0,0.0,1.77726970010602e-05,0.0021860417311304,1.63105534906276,4.75024666314563,True,3.2246170096791245,4.75024666314563,0.0
3.0,9.0,cd4_0h_vs_12h,REACTOME_METABOLISM_OF_STEROID_HORMONES,permuted,20469815.0,0.904761904761905,0.0,8.03548663493119e-06,0.000988364856096536,1.73351743731473,5.09498781691362,True,2.958734584976284,2.95873458497628,-2.13625323193734
3.0,9.0,cd4_0h_vs_12h,REACTOME_METABOLISM_OF_STEROID_HORMONES,random,20479815.0,1.0,1.11022302462516e-16,0.0010996776918826,0.13526035610156,0.932110226066041,2.95873458497628,False,2.958734584976284,2.95873458497628,0.0
3.0,9.0,cd4_0h_vs_12h,REACTOME_METABOLISM_OF_STEROID_HORMONES,true,,0.0,0.0,0.0010996776918826,0.13526035610156,0.932110226066041,2.95873458497628,False,2.958734584976284,2.95873458497628,0.0
3.0,10.0,cd4_0h_vs_12h,REACTOME_REGULATION_OF_LIPID_METABOLISM_BY_PPARALPHA,permuted,20470815.0,0.98989898989899,0.0,0.00059618767048381,0.0733310834695086,1.06522856619588,3.22461700967912,False,3.2246170096791245,4.1005233197136,0.8759063100344804
3.0,10.0,cd4_0h_vs_12h,REACTOME_REGULATION_OF_LIPID_METABOLISM_BY_PPARALPHA,random,20480815.0,1.0,2.22044604925031e-16,9.5725425402497e-08,1.17742273245071e-05,2.2201503515613,7.01897269497718,True,3.2246170096791245,4.1005233197136,-2.918449375263579
3.0,10.0,cd4_0h_vs_12h,REACTOME_REGULATION_OF_LIPID_METABOLISM_BY_PPARALPHA,true,,0.0,0.0,7.93371655046569e-05,0.0097584713570728,1.417962696362,4.1005233197136,True,3.2246170096791245,4.1005233197136,0.0
3.0,11.0,cd4_0h_vs_12h,REACTOME_SPHINGOLIPID_METABOLISM,permuted,20471815.0,0.986111111111111,0.0,0.00059618767048381,0.0733310834695086,1.06522856619588,3.22461700967912,False,1.1357967857740106,2.95873458497628,-0.26588242470283996
3.0,11.0,cd4_0h_vs_12h,REACTOME_SPHINGOLIPID_METABOLISM,random,20481815.0,1.0,2.22044604925031e-16,0.0010996776918826,0.13526035610156,0.932110226066041,2.95873458497628,False,1.1357967857740106,2.95873458497628,0.0
3.0,11.0,cd4_0h_vs_12h,REACTOME_SPHINGOLIPID_METABOLISM,true,,0.0,0.0,0.0010996776918826,0.13526035610156,0.932110226066041,2.95873458497628,False,1.1357967857740106,2.95873458497628,0.0
3.0,12.0,cd4_12h_vs_24h,KEGG_DRUG_METABOLISM_CYTOCHROME_P450,permuted,20472815.0,0.952380952380952,0.0,0.000160158462101912,0.0196994908385352,1.30596515981639,3.79545011009365,True,5.094987816913624,4.1005233197136,0.30507320961995044
3.0,12.0,cd4_12h_vs_24h,KEGG_DRUG_METABOLISM_CYTOCHROME_P450,random,20482815.0,1.0,2.22044604925031e-16,0.0034223189265975,0.420945227971492,0.613004412282997,2.46567952091782,False,5.094987816913624,4.1005233197136,1.6348437987957802
3.0,12.0,cd4_12h_vs_24h,KEGG_DRUG_METABOLISM_CYTOCHROME_P450,true,,0.0,0.0,7.93371655046569e-05,0.0097584713570728,1.417962696362,4.1005233197136,True,5.094987816913624,4.1005233197136,0.0
3.0,13.0,cd4_12h_vs_24h,KEGG_PYRIMIDINE_METABOLISM,permuted,20473815.0,0.977777777777778,0.0,1.77726970010602e-05,0.0021860417311304,1.63105534906276,4.75024666314563,True,2.958734584976284,6.20919355894615,1.45894689580052
3.0,13.0,cd4_12h_vs_24h,KEGG_PYRIMIDINE_METABOLISM,random,20483815.0,1.0,2.22044604925031e-16,1.51832696460245e-15,1.86754216646101e-13,3.56773451697946,14.818634695086,True,2.958734584976284,6.20919355894615,-8.60944113613985
3.0,13.0,cd4_12h_vs_24h,KEGG_PYRIMIDINE_METABOLISM,true,,0.0,0.0,6.1774102028672e-07,7.59821454952666e-05,2.02960302707371,6.20919355894615,True,2.958734584976284,6.20919355894615,0.0
3.0,14.0,cd4_12h_vs_24h,REACTOME_GLYCEROPHOSPHOLIPID_BIOSYNTHESIS,permuted,20474815.0,0.989583333333333,0.0,0.0150822934297104,1.0,0.0,1.82153261416016,False,3.503500718082003,1.28913185531754,-0.5324007588426201
3.0,14.0,cd4_12h_vs_24h,REACTOME_GLYCEROPHOSPHOLIPID_BIOSYNTHESIS,random,20484815.0,1.0,2.22044604925031e-16,0.00059618767048381,0.0733310834695086,1.06522856619588,3.22461700967912,False,3.503500718082003,1.28913185531754,-1.93548515436158
3.0,14.0,cd4_12h_vs_24h,REACTOME_GLYCEROPHOSPHOLIPID_BIOSYNTHESIS,true,,0.0,0.0,0.0513887607461245,1.0,0.0,1.28913185531754,False,3.503500718082003,1.28913185531754,0.0
3.0,15.0,cd4_12h_vs_24h,REACTOME_NUCLEOBASE_CATABOLISM,permuted,20475815.0,0.962962962962963,0.0,3.81265104892234e-05,0.00468956079017448,1.52606285259303,4.41877294150378,True,3.2246170096791245,7.44403821911369,3.0252652776099094
3.0,15.0,cd4_12h_vs_24h,REACTOME_NUCLEOBASE_CATABOLISM,random,20485815.0,1.0,2.22044604925031e-16,9.5725425402497e-08,1.17742273245071e-05,2.2201503515613,7.01897269497718,True,3.2246170096791245,7.44403821911369,0.4250655241365102
3.0,15.0,cd4_12h_vs_24h,REACTOME_NUCLEOBASE_CATABOLISM,true,,0.0,0.0,3.59717677613814e-08,4.42452743464991e-06,2.31389997788891,7.44403821911369,True,3.2246170096791245,7.44403821911369,0.0
3.0,16.0,cd4_12h_vs_24h,REACTOME_PHOSPHOLIPID_METABOLISM,permuted,20476815.0,1.0,0.0,0.0351222601892017,1.0,0.0,1.45441754412943,False,1.2891318553175355,1.82153261416016,0.36711507003072996
3.0,16.0,cd4_12h_vs_24h,REACTOME_PHOSPHOLIPID_METABOLISM,random,20486815.0,1.0,2.22044604925031e-16,3.59717677613814e-08,4.42452743464991e-06,2.31389997788891,7.44403821911369,True,1.2891318553175355,1.82153261416016,-5.622505604953529
3.0,16.0,cd4_12h_vs_24h,REACTOME_PHOSPHOLIPID_METABOLISM,true,,0.0,0.0,0.0150822934297104,1.0,0.0,1.82153261416016,False,1.2891318553175355,1.82153261416016,0.0
3.0,17.0,cd4_12h_vs_24h,REACTOME_PYRUVATE_METABOLISM,permuted,20477815.0,1.0,0.0,0.0034223189265975,0.420945227971492,0.613004412282997,2.46567952091782,False,3.503500718082003,4.41877294150378,1.9530934205859602
3.0,17.0,cd4_12h_vs_24h,REACTOME_PYRUVATE_METABOLISM,random,20487815.0,1.0,1.11022302462516e-16,0.00196887460329715,0.242171576205549,0.784778205325666,2.70578194299357,False,3.503500718082003,4.41877294150378,1.7129909985102105
3.0,17.0,cd4_12h_vs_24h,REACTOME_PYRUVATE_METABOLISM,true,,0.0,0.0,3.81265104892234e-05,0.00468956079017448,1.52606285259303,4.41877294150378,True,3.503500718082003,4.41877294150378,0.0
3.0,18.0,cd4_12h_vs_24h,REACTOME_SULFUR_AMINO_ACID_METABOLISM,permuted,20478815.0,1.0,0.0,0.230392335941705,1.0,0.0,0.63753197192238,False,4.1005233197136,1.63183185249604,0.99429988057366
3.0,18.0,cd4_12h_vs_24h,REACTOME_SULFUR_AMINO_ACID_METABOLISM,random,20488815.0,1.0,2.22044604925031e-16,0.00946978291842922,1.0,0.0,2.02365997647813,False,4.1005233197136,1.63183185249604,-0.39182812398208977
3.0,18.0,cd4_12h_vs_24h,REACTOME_SULFUR_AMINO_ACID_METABOLISM,true,,0.0,0.0,0.0233436169134307,1.0,0.0,1.63183185249604,False,4.1005233197136,1.63183185249604,0.0
3.0,19.0,cd4_12h_vs_24h,REACTOME_SYNTHESIS_OF_SUBSTRATES_IN_N_GLYCAN_BIOSYTHESIS,permuted,20479815.0,1.0,0.0,0.0150822934297104,1.0,0.0,1.82153261416016,False,4.1005233197136,0.308851586850884,-1.512681027309276
3.0,19.0,cd4_12h_vs_24h,REACTOME_SYNTHESIS_OF_SUBSTRATES_IN_N_GLYCAN_BIOSYTHESIS,random,20489815.0,1.0,2.22044604925031e-16,0.000313688994347936,0.0385837463047961,1.18894726823464,3.503500718082,True,4.1005233197136,0.308851586850884,-3.194649131231116
3.0,19.0,cd4_12h_vs_24h,REACTOME_SYNTHESIS_OF_SUBSTRATES_IN_N_GLYCAN_BIOSYTHESIS,true,,0.0,0.0,0.49107566468588,1.0,0.0,0.308851586850884,False,4.1005233197136,0.308851586850884,0.0
3.0,20.0,cd4_12h_vs_24h,REACTOME_TRIGLYCERIDE_METABOLISM,permuted,20480815.0,0.91304347826087,0.0,0.00196887460329715,0.242171576205549,0.784778205325666,2.70578194299357,False,2.958734584976284,2.70578194299357,0.0
3.0,20.0,cd4_12h_vs_24h,REACTOME_TRIGLYCERIDE_METABOLISM,random,20490815.0,1.0,1.11022302462516e-16,0.0034223189265975,0.420945227971492,0.613004412282997,2.46567952091782,False,2.958734584976284,2.70578194299357,0.24010242207574972
3.0,20.0,cd4_12h_vs_24h,REACTOME_TRIGLYCERIDE_METABOLISM,true,,0.0,0.0,0.00196887460329715,0.242171576205549,0.784778205325666,2.70578194299357,False,2.958734584976284,2.70578194299357,0.0
3.0,21.0,cd4_0h_vs_24h,KEGG_ETHER_LIPID_METABOLISM,permuted,20481815.0,1.0,0.0,3.52341775794401e-06,0.000433380384227113,1.83388406114409,5.45303586115776,True,3.2246170096791245,7.01897269497718,1.5659368338194195
3.0,21.0,cd4_0h_vs_24h,KEGG_ETHER_LIPID_METABOLISM,random,20491815.0,1.0,1.11022302462516e-16,1.49821174952854e-06,0.00018428004519201,1.93249105817205,5.82442680135432,True,3.2246170096791245,7.01897269497718,1.19454589362286
3.0,21.0,cd4_0h_vs_24h,KEGG_ETHER_LIPID_METABOLISM,true,,0.0,0.0,9.5725425402497e-08,1.17742273245071e-05,2.2201503515613,7.01897269497718,True,3.2246170096791245,7.01897269497718,0.0
3.0,22.0,cd4_0h_vs_24h,KEGG_GLYCOSAMINOGLYCAN_BIOSYNTHESIS_CHONDROITIN_SULFATE,permuted,20482815.0,0.944444444444444,0.0,0.00946978291842922,1.0,0.0,2.02365997647813,False,2.958734584976284,3.503500718082,1.4798407416038701
3.0,22.0,cd4_0h_vs_24h,KEGG_GLYCOSAMINOGLYCAN_BIOSYNTHESIS_CHONDROITIN_SULFATE,random,20492815.0,1.0,2.22044604925031e-16,0.00059618767048381,0.0733310834695086,1.06522856619588,3.22461700967912,False,2.958734584976284,3.503500718082,0.2788837084028799
3.0,22.0,cd4_0h_vs_24h,KEGG_GLYCOSAMINOGLYCAN_BIOSYNTHESIS_CHONDROITIN_SULFATE,true,,0.0,0.0,0.000313688994347936,0.0385837463047961,1.18894726823464,3.503500718082,True,2.958734584976284,3.503500718082,0.0
3.0,23.0,cd4_0h_vs_24h,KEGG_RETINOL_METABOLISM,permuted,20483815.0,1.0,0.0,0.00577645522630862,0.71050399283596,0.385270654364906,2.23833858855416,False,1.6318318524960433,2.23833858855416,0.0
3.0,23.0,cd4_0h_vs_24h,KEGG_RETINOL_METABOLISM,random,20493815.0,1.0,1.11022302462516e-16,7.93371655046569e-05,0.0097584713570728,1.417962696362,4.1005233197136,True,1.6318318524960433,2.23833858855416,-1.8621847311594406
3.0,23.0,cd4_0h_vs_24h,KEGG_RETINOL_METABOLISM,true,,0.0,0.0,0.00577645522630862,0.71050399283596,0.385270654364906,2.23833858855416,False,1.6318318524960433,2.23833858855416,0.0
3.0,24.0,cd4_0h_vs_24h,REACTOME_BILE_ACID_AND_BILE_SALT_METABOLISM,permuted,20484815.0,0.956521739130435,0.0,0.0150822934297104,1.0,0.0,1.82153261416016,False,2.958734584976284,2.02365997647813,0.2021273623179698
3.0,24.0,cd4_0h_vs_24h,REACTOME_BILE_ACID_AND_BILE_SALT_METABOLISM,random,20494815.0,1.0,2.22044604925031e-16,0.0150822934297104,1.0,0.0,1.82153261416016,False,2.958734584976284,2.02365997647813,0.2021273623179698
3.0,24.0,cd4_0h_vs_24h,REACTOME_BILE_ACID_AND_BILE_SALT_METABOLISM,true,,0.0,0.0,0.00946978291842922,1.0,0.0,2.02365997647813,False,2.958734584976284,2.02365997647813,0.0
3.0,25.0,cd4_0h_vs_24h,REACTOME_FATTY_ACYL_COA_BIOSYNTHESIS,permuted,20485815.0,1.0,0.0,1.69038678268048e-10,2.07917574269699e-08,2.77166173987722,9.77201391173862,True,2.238338588554161,6.60736629503362,-3.1646476167050004
3.0,25.0,cd4_0h_vs_24h,REACTOME_FATTY_ACYL_COA_BIOSYNTHESIS,random,20495815.0,1.0,1.11022302462516e-16,1.31042954439412e-08,1.61182833960477e-06,2.40679895558663,7.8825863240523,True,2.238338588554161,6.60736629503362,-1.2752200290186808
3.0,25.0,cd4_0h_vs_24h,REACTOME_FATTY_ACYL_COA_BIOSYNTHESIS,true,,0.0,0.0,2.46964030878651e-07,3.03765757980741e-05,2.12543199928726,6.60736629503362,True,2.238338588554161,6.60736629503362,0.0
3.0,26.0,cd4_0h_vs_24h,REACTOME_KERATAN_SULFATE_KERATIN_METABOLISM,permuted,20486815.0,1.0,0.0,3.52341775794401e-06,0.000433380384227113,1.83388406114409,5.45303586115776,True,2.958734584976284,6.20919355894615,0.7561576977883897
3.0,26.0,cd4_0h_vs_24h,REACTOME_KERATAN_SULFATE_KERATIN_METABOLISM,random,20496815.0,1.0,2.22044604925031e-16,6.1774102028672e-07,7.59821454952666e-05,2.02960302707371,6.20919355894615,True,2.958734584976284,6.20919355894615,0.0
3.0,26.0,cd4_0h_vs_24h,REACTOME_KERATAN_SULFATE_KERATIN_METABOLISM,true,,0.0,0.0,6.1774102028672e-07,7.59821454952666e-05,2.02960302707371,6.20919355894615,True,2.958734584976284,6.20919355894615,0.0
3.0,27.0,cd4_0h_vs_24h,REACTOME_METABOLISM_OF_FAT_SOLUBLE_VITAMINS,permuted,20487815.0,1.0,0.0,3.81265104892234e-05,0.00468956079017448,1.52606285259303,4.41877294150378,True,2.958734584976284,2.95873458497628,-1.4600383565275004
3.0,27.0,cd4_0h_vs_24h,REACTOME_METABOLISM_OF_FAT_SOLUBLE_VITAMINS,random,20497815.0,1.0,1.11022302462516e-16,1.77726970010602e-05,0.0021860417311304,1.63105534906276,4.75024666314563,True,2.958734584976284,2.95873458497628,-1.7915120781693497
3.0,27.0,cd4_0h_vs_24h,REACTOME_METABOLISM_OF_FAT_SOLUBLE_VITAMINS,true,,0.0,0.0,0.0010996776918826,0.13526035610156,0.932110226066041,2.95873458497628,False,2.958734584976284,2.95873458497628,0.0
3.0,28.0,cd4_0h_vs_24h,REACTOME_SYNTHESIS_OF_BILE_ACIDS_AND_BILE_SALTS,permuted,20488815.0,0.954545454545455,0.0,0.00946978291842922,1.0,0.0,2.02365997647813,False,3.2246170096791245,2.23833858855416,0.21467861207603
3.0,28.0,cd4_0h_vs_24h,REACTOME_SYNTHESIS_OF_BILE_ACIDS_AND_BILE_SALTS,random,20498815.0,1.0,2.22044604925031e-16,0.0233436169134307,1.0,0.0,1.63183185249604,False,3.2246170096791245,2.23833858855416,0.6065067360581198
3.0,28.0,cd4_0h_vs_24h,REACTOME_SYNTHESIS_OF_BILE_ACIDS_AND_BILE_SALTS,true,,0.0,0.0,0.00577645522630862,0.71050399283596,0.385270654364906,2.23833858855416,False,3.2246170096791245,2.23833858855416,0.0
3.0,29.0,cd4_0h_vs_24h,REACTOME_SYNTHESIS_OF_GLYCOSYLPHOSPHATIDYLINOSITOL_GPI,permuted,20489815.0,1.0,0.0,1.77726970010602e-05,0.0021860417311304,1.63105534906276,4.75024666314563,True,3.2246170096791245,3.503500718082,-1.2467459450636298
3.0,29.0,cd4_0h_vs_24h,REACTOME_SYNTHESIS_OF_GLYCOSYLPHOSPHATIDYLINOSITOL_GPI,random,20499815.0,1.0,2.22044604925031e-16,3.52341775794401e-06,0.000433380384227113,1.83388406114409,5.45303586115776,True,3.2246170096791245,3.503500718082,-1.9495351430757601
3.0,29.0,cd4_0h_vs_24h,REACTOME_SYNTHESIS_OF_GLYCOSYLPHOSPHATIDYLINOSITOL_GPI,true,,0.0,0.0,0.000313688994347936,0.0385837463047961,1.18894726823464,3.503500718082,True,3.2246170096791245,3.503500718082,0.0
3.0,30.0,cd4_0h_vs_24h,REACTOME_SYNTHESIS_OF_VERY_LONG_CHAIN_FATTY_ACYL_COAS,permuted,20490815.0,0.944444444444444,0.0,8.03548663493119e-06,0.000988364856096536,1.73351743731473,5.09498781691362,True,4.418772941503782,5.45303586115776,0.35804804424414005
3.0,30.0,cd4_0h_vs_24h,REACTOME_SYNTHESIS_OF_VERY_LONG_CHAIN_FATTY_ACYL_COAS,random,20500815.0,1.0,1.11022302462516e-16,3.52341775794401e-06,0.000433380384227113,1.83388406114409,5.45303586115776,True,4.418772941503782,5.45303586115776,0.0
3.0,30.0,cd4_0h_vs_24h,REACTOME_SYNTHESIS_OF_VERY_LONG_CHAIN_FATTY_ACYL_COAS,true,,0.0,0.0,3.52341775794401e-06,0.000433380384227113,1.83388406114409,5.45303586115776,True,4.418772941503782,5.45303586115776,0.0
4.0,1.0,cd4_0h_vs_12h,KEGG_NITROGEN_METABOLISM,permuted,20461816.0,1.0,0.0,7.93371655046569e-05,0.0097584713570728,1.417962696362,4.1005233197136,True,4.418772941503782,3.79545011009365,-0.30507320961995044
4.0,1.0,cd4_0h_vs_12h,KEGG_NITROGEN_METABOLISM,random,20471816.0,1.0,2.22044604925031e-16,8.03548663493119e-06,0.000988364856096536,1.73351743731473,5.09498781691362,True,4.418772941503782,3.79545011009365,-1.29953770681997
4.0,1.0,cd4_0h_vs_12h,KEGG_NITROGEN_METABOLISM,true,,0.0,0.0,0.000160158462101912,0.0196994908385352,1.30596515981639,3.79545011009365,True,4.418772941503782,3.79545011009365,0.0
4.0,2.0,cd4_0h_vs_12h,KEGG_PENTOSE_PHOSPHATE_PATHWAY,permuted,20462816.0,0.954545454545455,0.0,9.5725425402497e-08,1.17742273245071e-05,2.2201503515613,7.01897269497718,True,2.7057819429935717,7.44403821911369,0.4250655241365102
4.0,2.0,cd4_0h_vs_12h,KEGG_PENTOSE_PHOSPHATE_PATHWAY,random,20472816.0,1.0,2.22044604925031e-16,3.59717677613814e-08,4.42452743464991e-06,2.31389997788891,7.44403821911369,True,2.7057819429935717,7.44403821911369,0.0
4.0,2.0,cd4_0h_vs_12h,KEGG_PENTOSE_PHOSPHATE_PATHWAY,true,,0.0,0.0,3.59717677613814e-08,4.42452743464991e-06,2.31389997788891,7.44403821911369,True,2.7057819429935717,7.44403821911369,0.0
4.0,3.0,cd4_0h_vs_12h,KEGG_PORPHYRIN_AND_CHLOROPHYLL_METABOLISM,permuted,20463816.0,1.0,0.0,0.00577645522630862,0.71050399283596,0.385270654364906,2.23833858855416,False,3.2246170096791245,3.22461700967912,0.9862784211249602
4.0,3.0,cd4_0h_vs_12h,KEGG_PORPHYRIN_AND_CHLOROPHYLL_METABOLISM,random,20473816.0,1.0,1.11022302462516e-16,0.000160158462101912,0.0196994908385352,1.30596515981639,3.79545011009365,True,3.2246170096791245,3.22461700967912,-0.57083310041453
4.0,3.0,cd4_0h_vs_12h,KEGG_PORPHYRIN_AND_CHLOROPHYLL_METABOLISM,true,,0.0,0.0,0.00059618767048381,0.0733310834695086,1.06522856619588,3.22461700967912,False,3.2246170096791245,3.22461700967912,0.0
4.0,4.0,cd4_0h_vs_12h,REACTOME_BRANCHED_CHAIN_AMINO_ACID_CATABOLISM,permuted,20464816.0,0.952380952380952,0.0,3.81265104892234e-05,0.00468956079017448,1.52606285259303,4.41877294150378,True,2.7057819429935717,3.79545011009365,-0.6233228314101305
4.0,4.0,cd4_0h_vs_12h,REACTOME_BRANCHED_CHAIN_AMINO_ACID_CATABOLISM,random,20474816.0,1.0,1.11022302462516e-16,1.49821174952854e-06,0.00018428004519201,1.93249105817205,5.82442680135432,True,2.7057819429935717,3.79545011009365,-2.0289766912606697
4.0,4.0,cd4_0h_vs_12h,REACTOME_BRANCHED_CHAIN_AMINO_ACID_CATABOLISM,true,,0.0,0.0,0.000160158462101912,0.0196994908385352,1.30596515981639,3.79545011009365,True,2.7057819429935717,3.79545011009365,0.0
4.0,5.0,cd4_0h_vs_12h,REACTOME_DISEASES_ASSOCIATED_WITH_GLYCOSYLATION_PRECURSOR_BIOSYNTHESIS,permuted,20465816.0,0.944444444444444,0.0,0.00059618767048381,0.0733310834695086,1.06522856619588,3.22461700967912,False,3.2246170096791245,5.09498781691362,1.8703708072345
4.0,5.0,cd4_0h_vs_12h,REACTOME_DISEASES_ASSOCIATED_WITH_GLYCOSYLATION_PRECURSOR_BIOSYNTHESIS,random,20475816.0,1.0,2.22044604925031e-16,3.81265104892234e-05,0.00468956079017448,1.52606285259303,4.41877294150378,True,3.2246170096791245,5.09498781691362,0.6762148754098396
4.0,5.0,cd4_0h_vs_12h,REACTOME_DISEASES_ASSOCIATED_WITH_GLYCOSYLATION_PRECURSOR_BIOSYNTHESIS,true,,0.0,0.0,8.03548663493119e-06,0.000988364856096536,1.73351743731473,5.09498781691362,True,3.2246170096791245,5.09498781691362,0.0
4.0,6.0,cd4_0h_vs_12h,REACTOME_GLYCOSPHINGOLIPID_METABOLISM,permuted,20466816.0,1.0,0.0,2.46964030878651e-07,3.03765757980741e-05,2.12543199928726,6.60736629503362,True,3.2246170096791245,5.82442680135432,-0.7829394936792999
4.0,6.0,cd4_0h_vs_12h,REACTOME_GLYCOSPHINGOLIPID_METABOLISM,random,20476816.0,1.0,2.22044604925031e-16,3.52341775794401e-06,0.000433380384227113,1.83388406114409,5.45303586115776,True,3.2246170096791245,5.82442680135432,0.3713909401965596
4.0,6.0,cd4_0h_vs_12h,REACTOME_GLYCOSPHINGOLIPID_METABOLISM,true,,0.0,0.0,1.49821174952854e-06,0.00018428004519201,1.93249105817205,5.82442680135432,True,3.2246170096791245,5.82442680135432,0.0
4.0,7.0,cd4_0h_vs_12h,REACTOME_GLYOXYLATE_METABOLISM_AND_GLYCINE_DEGRADATION,permuted,20467816.0,0.956521739130435,0.0,6.1774102028672e-07,7.59821454952666e-05,2.02960302707371,6.20919355894615,True,2.238338588554161,7.44403821911369,1.23484466016754
4.0,7.0,cd4_0h_vs_12h,REACTOME_GLYOXYLATE_METABOLISM_AND_GLYCINE_DEGRADATION,random,20477816.0,1.0,2.22044604925031e-16,6.1774102028672e-07,7.59821454952666e-05,2.02960302707371,6.20919355894615,True,2.238338588554161,7.44403821911369,1.23484466016754
4.0,7.0,cd4_0h_vs_12h,REACTOME_GLYOXYLATE_METABOLISM_AND_GLYCINE_DEGRADATION,true,,0.0,0.0,3.59717677613814e-08,4.42452743464991e-06,2.31389997788891,7.44403821911369,True,2.238338588554161,7.44403821911369,0.0
4.0,8.0,cd4_0h_vs_12h,REACTOME_INOSITOL_PHOSPHATE_METABOLISM,permuted,20468816.0,0.928571428571429,0.0,0.00059618767048381,0.0733310834695086,1.06522856619588,3.22461700967912,False,3.2246170096791245,2.46567952091782,-0.7589374887612998
4.0,8.0,cd4_0h_vs_12h,REACTOME_INOSITOL_PHOSPHATE_METABOLISM,random,20478816.0,1.0,2.22044604925031e-16,1.49821174952854e-06,0.00018428004519201,1.93249105817205,5.82442680135432,True,3.2246170096791245,2.46567952091782,-3.3587472804364995
4.0,8.0,cd4_0h_vs_12h,REACTOME_INOSITOL_PHOSPHATE_METABOLISM,true,,0.0,0.0,0.0034223189265975,0.420945227971492,0.613004412282997,2.46567952091782,False,3.2246170096791245,2.46567952091782,0.0
4.0,9.0,cd4_0h_vs_12h,REACTOME_METABOLISM_OF_STEROID_HORMONES,permuted,20469816.0,0.952380952380952,0.0,0.000313688994347936,0.0385837463047961,1.18894726823464,3.503500718082,True,2.958734584976284,2.70578194299357,-0.79771877508843
4.0,9.0,cd4_0h_vs_12h,REACTOME_METABOLISM_OF_STEROID_HORMONES,random,20479816.0,1.0,2.22044604925031e-16,1.77726970010602e-05,0.0021860417311304,1.63105534906276,4.75024666314563,True,2.958734584976284,2.70578194299357,-2.04446472015206
4.0,9.0,cd4_0h_vs_12h,REACTOME_METABOLISM_OF_STEROID_HORMONES,true,,0.0,0.0,0.00196887460329715,0.242171576205549,0.784778205325666,2.70578194299357,False,2.958734584976284,2.70578194299357,0.0
4.0,10.0,cd4_0h_vs_12h,REACTOME_REGULATION_OF_LIPID_METABOLISM_BY_PPARALPHA,permuted,20470816.0,0.98989898989899,0.0,8.03548663493119e-06,0.000988364856096536,1.73351743731473,5.09498781691362,True,3.2246170096791245,4.41877294150378,-0.6762148754098396
4.0,10.0,cd4_0h_vs_12h,REACTOME_REGULATION_OF_LIPID_METABOLISM_BY_PPARALPHA,random,20480816.0,1.0,2.22044604925031e-16,1.31042954439412e-08,1.61182833960477e-06,2.40679895558663,7.8825863240523,True,3.2246170096791245,4.41877294150378,-3.46381338254852
4.0,10.0,cd4_0h_vs_12h,REACTOME_REGULATION_OF_LIPID_METABOLISM_BY_PPARALPHA,true,,0.0,0.0,3.81265104892234e-05,0.00468956079017448,1.52606285259303,4.41877294150378,True,3.2246170096791245,4.41877294150378,0.0
4.0,11.0,cd4_0h_vs_12h,REACTOME_SPHINGOLIPID_METABOLISM,permuted,20471816.0,0.986111111111111,0.0,7.93371655046569e-05,0.0097584713570728,1.417962696362,4.1005233197136,True,1.1357967857740106,4.41877294150378,0.31824962179018
4.0,11.0,cd4_0h_vs_12h,REACTOME_SPHINGOLIPID_METABOLISM,random,20481816.0,1.0,2.22044604925031e-16,2.46964030878651e-07,3.03765757980741e-05,2.12543199928726,6.60736629503362,True,1.1357967857740106,4.41877294150378,-2.188593353529839
4.0,11.0,cd4_0h_vs_12h,REACTOME_SPHINGOLIPID_METABOLISM,true,,0.0,0.0,3.81265104892234e-05,0.00468956079017448,1.52606285259303,4.41877294150378,True,1.1357967857740106,4.41877294150378,0.0
4.0,12.0,cd4_12h_vs_24h,KEGG_DRUG_METABOLISM_CYTOCHROME_P450,permuted,20472816.0,0.904761904761905,0.0,4.62765891657924e-09,5.69202046739247e-07,2.49894648741163,8.33463865838632,True,5.094987816913624,8.33463865838632,0.0
4.0,12.0,cd4_12h_vs_24h,KEGG_DRUG_METABOLISM_CYTOCHROME_P450,random,20482816.0,1.0,2.22044604925031e-16,2.46964030878651e-07,3.03765757980741e-05,2.12543199928726,6.60736629503362,True,5.094987816913624,8.33463865838632,1.7272723633527
4.0,12.0,cd4_12h_vs_24h,KEGG_DRUG_METABOLISM_CYTOCHROME_P450,true,,0.0,0.0,4.62765891657924e-09,5.69202046739247e-07,2.49894648741163,8.33463865838632,True,5.094987816913624,8.33463865838632,0.0
4.0,13.0,cd4_12h_vs_24h,KEGG_PYRIMIDINE_METABOLISM,permuted,20473816.0,1.0,0.0,3.63636990445739e-13,4.47273498248259e-11,3.21705250715417,12.4393319452263,True,2.958734584976284,8.33463865838632,-4.10469328683998
4.0,13.0,cd4_12h_vs_24h,KEGG_PYRIMIDINE_METABOLISM,random,20483816.0,1.0,2.22044604925031e-16,9.6901238729472e-14,1.19188523637251e-11,3.30511203436503,13.0136706711439,True,2.958734584976284,8.33463865838632,-4.679032012757581
4.0,13.0,cd4_12h_vs_24h,KEGG_PYRIMIDINE_METABOLISM,true,,0.0,0.0,4.62765891657924e-09,5.69202046739247e-07,2.49894648741163,8.33463865838632,True,2.958734584976284,8.33463865838632,0.0
4.0,14.0,cd4_12h_vs_24h,REACTOME_GLYCEROPHOSPHOLIPID_BIOSYNTHESIS,permuted,20474816.0,1.0,0.0,2.46964030878651e-07,3.03765757980741e-05,2.12543199928726,6.60736629503362,True,3.503500718082003,2.46567952091782,-4.141686774115799
4.0,14.0,cd4_12h_vs_24h,REACTOME_GLYCEROPHOSPHOLIPID_BIOSYNTHESIS,random,20484816.0,1.0,2.22044604925031e-16,1.69038678268048e-10,2.07917574269699e-08,2.77166173987722,9.77201391173862,True,3.503500718082003,2.46567952091782,-7.306334390820799
4.0,14.0,cd4_12h_vs_24h,REACTOME_GLYCEROPHOSPHOLIPID_BIOSYNTHESIS,true,,0.0,0.0,0.0034223189265975,0.420945227971492,0.613004412282997,2.46567952091782,False,3.503500718082003,2.46567952091782,0.0
4.0,15.0,cd4_12h_vs_24h,REACTOME_NUCLEOBASE_CATABOLISM,permuted,20475816.0,0.962962962962963,0.0,0.00059618767048381,0.0733310834695086,1.06522856619588,3.22461700967912,False,3.2246170096791245,4.1005233197136,0.8759063100344804
4.0,15.0,cd4_12h_vs_24h,REACTOME_NUCLEOBASE_CATABOLISM,random,20485816.0,1.0,2.22044604925031e-16,1.77726970010602e-05,0.0021860417311304,1.63105534906276,4.75024666314563,True,3.2246170096791245,4.1005233197136,-0.6497233434320293
4.0,15.0,cd4_12h_vs_24h,REACTOME_NUCLEOBASE_CATABOLISM,true,,0.0,0.0,7.93371655046569e-05,0.0097584713570728,1.417962696362,4.1005233197136,True,3.2246170096791245,4.1005233197136,0.0
4.0,16.0,cd4_12h_vs_24h,REACTOME_PHOSPHOLIPID_METABOLISM,permuted,20476816.0,1.0,0.0,1.77726970010602e-05,0.0021860417311304,1.63105534906276,4.75024666314563,True,1.2891318553175355,5.45303586115776,0.7027891980121304
4.0,16.0,cd4_12h_vs_24h,REACTOME_PHOSPHOLIPID_METABOLISM,random,20486816.0,1.0,2.22044604925031e-16,9.5725425402497e-08,1.17742273245071e-05,2.2201503515613,7.01897269497718,True,1.2891318553175355,5.45303586115776,-1.5659368338194195
4.0,16.0,cd4_12h_vs_24h,REACTOME_PHOSPHOLIPID_METABOLISM,true,,0.0,0.0,3.52341775794401e-06,0.000433380384227113,1.83388406114409,5.45303586115776,True,1.2891318553175355,5.45303586115776,0.0
4.0,17.0,cd4_12h_vs_24h,REACTOME_PYRUVATE_METABOLISM,permuted,20477816.0,0.961538461538462,0.0,0.0034223189265975,0.420945227971492,0.613004412282997,2.46567952091782,False,3.503500718082003,1.63183185249604,-0.8338476684217802
4.0,17.0,cd4_12h_vs_24h,REACTOME_PYRUVATE_METABOLISM,random,20487816.0,1.0,2.22044604925031e-16,0.00577645522630862,0.71050399283596,0.385270654364906,2.23833858855416,False,3.503500718082003,1.63183185249604,-0.6065067360581198
4.0,17.0,cd4_12h_vs_24h,REACTOME_PYRUVATE_METABOLISM,true,,0.0,0.0,0.0233436169134307,1.0,0.0,1.63183185249604,False,3.503500718082003,1.63183185249604,0.0
4.0,18.0,cd4_12h_vs_24h,REACTOME_SULFUR_AMINO_ACID_METABOLISM,permuted,20478816.0,0.956521739130435,0.0,6.1774102028672e-07,7.59821454952666e-05,2.02960302707371,6.20919355894615,True,4.1005233197136,4.75024666314563,-1.45894689580052
4.0,18.0,cd4_12h_vs_24h,REACTOME_SULFUR_AMINO_ACID_METABOLISM,random,20488816.0,1.0,1.11022302462516e-16,2.46964030878651e-07,3.03765757980741e-05,2.12543199928726,6.60736629503362,True,4.1005233197136,4.75024666314563,-1.85711963188799
4.0,18.0,cd4_12h_vs_24h,REACTOME_SULFUR_AMINO_ACID_METABOLISM,true,,0.0,0.0,1.77726970010602e-05,0.0021860417311304,1.63105534906276,4.75024666314563,True,4.1005233197136,4.75024666314563,0.0
4.0,19.0,cd4_12h_vs_24h,REACTOME_SYNTHESIS_OF_SUBSTRATES_IN_N_GLYCAN_BIOSYTHESIS,permuted,20479816.0,0.961538461538462,0.0,0.0034223189265975,0.420945227971492,0.613004412282997,2.46567952091782,False,4.1005233197136,0.864148618783426,-1.6015309021343942
4.0,19.0,cd4_12h_vs_24h,REACTOME_SYNTHESIS_OF_SUBSTRATES_IN_N_GLYCAN_BIOSYTHESIS,random,20489816.0,1.0,2.22044604925031e-16,3.52341775794401e-06,0.000433380384227113,1.83388406114409,5.45303586115776,True,4.1005233197136,0.864148618783426,-4.588887242374334
4.0,19.0,cd4_12h_vs_24h,REACTOME_SYNTHESIS_OF_SUBSTRATES_IN_N_GLYCAN_BIOSYTHESIS,true,,0.0,0.0,0.136726085875245,1.0,0.0,0.864148618783426,False,4.1005233197136,0.864148618783426,0.0
4.0,20.0,cd4_12h_vs_24h,REACTOME_TRIGLYCERIDE_METABOLISM,permuted,20480816.0,0.91304347826087,0.0,3.52341775794401e-06,0.000433380384227113,1.83388406114409,5.45303586115776,True,2.958734584976284,3.503500718082,-1.9495351430757601
4.0,20.0,cd4_12h_vs_24h,REACTOME_TRIGLYCERIDE_METABOLISM,random,20490816.0,1.0,2.22044604925031e-16,5.26903195422322e-11,6.48090930369456e-09,2.8615317674606,10.2782691676256,True,2.958734584976284,3.503500718082,-6.7747684495436005
4.0,20.0,cd4_12h_vs_24h,REACTOME_TRIGLYCERIDE_METABOLISM,true,,0.0,0.0,0.000313688994347936,0.0385837463047961,1.18894726823464,3.503500718082,True,2.958734584976284,3.503500718082,0.0
4.0,21.0,cd4_0h_vs_24h,KEGG_ETHER_LIPID_METABOLISM,permuted,20481816.0,1.0,0.0,8.03548663493119e-06,0.000988364856096536,1.73351743731473,5.09498781691362,True,3.2246170096791245,4.75024666314563,-0.3447411537679903
4.0,21.0,cd4_0h_vs_24h,KEGG_ETHER_LIPID_METABOLISM,random,20491816.0,1.0,2.22044604925031e-16,9.5725425402497e-08,1.17742273245071e-05,2.2201503515613,7.01897269497718,True,3.2246170096791245,4.75024666314563,-2.26872603183155
4.0,21.0,cd4_0h_vs_24h,KEGG_ETHER_LIPID_METABOLISM,true,,0.0,0.0,1.77726970010602e-05,0.0021860417311304,1.63105534906276,4.75024666314563,True,3.2246170096791245,4.75024666314563,0.0
4.0,22.0,cd4_0h_vs_24h,KEGG_GLYCOSAMINOGLYCAN_BIOSYNTHESIS_CHONDROITIN_SULFATE,permuted,20482816.0,1.0,0.0,9.5725425402497e-08,1.17742273245071e-05,2.2201503515613,7.01897269497718,True,2.958734584976284,6.20919355894615,-0.8097791360310298
4.0,22.0,cd4_0h_vs_24h,KEGG_GLYCOSAMINOGLYCAN_BIOSYNTHESIS_CHONDROITIN_SULFATE,random,20492816.0,1.0,2.22044604925031e-16,8.03548663493119e-06,0.000988364856096536,1.73351743731473,5.09498781691362,True,2.958734584976284,6.20919355894615,1.1142057420325298
4.0,22.0,cd4_0h_vs_24h,KEGG_GLYCOSAMINOGLYCAN_BIOSYNTHESIS_CHONDROITIN_SULFATE,true,,0.0,0.0,6.1774102028672e-07,7.59821454952666e-05,2.02960302707371,6.20919355894615,True,2.958734584976284,6.20919355894615,0.0
4.0,23.0,cd4_0h_vs_24h,KEGG_RETINOL_METABOLISM,permuted,20483816.0,0.941176470588235,0.0,1.49821174952854e-06,0.00018428004519201,1.93249105817205,5.82442680135432,True,1.6318318524960433,4.1005233197136,-1.7239034816407193
4.0,23.0,cd4_0h_vs_24h,KEGG_RETINOL_METABOLISM,random,20493816.0,1.0,2.22044604925031e-16,6.1774102028672e-07,7.59821454952666e-05,2.02960302707371,6.20919355894615,True,1.6318318524960433,4.1005233197136,-2.1086702392325494
4.0,23.0,cd4_0h_vs_24h,KEGG_RETINOL_METABOLISM,true,,0.0,0.0,7.93371655046569e-05,0.0097584713570728,1.417962696362,4.1005233197136,True,1.6318318524960433,4.1005233197136,0.0
4.0,24.0,cd4_0h_vs_24h,REACTOME_BILE_ACID_AND_BILE_SALT_METABOLISM,permuted,20484816.0,1.0,0.0,3.81265104892234e-05,0.00468956079017448,1.52606285259303,4.41877294150378,True,2.958734584976284,4.41877294150378,0.0
4.0,24.0,cd4_0h_vs_24h,REACTOME_BILE_ACID_AND_BILE_SALT_METABOLISM,random,20494816.0,1.0,2.22044604925031e-16,0.000160158462101912,0.0196994908385352,1.30596515981639,3.79545011009365,True,2.958734584976284,4.41877294150378,0.6233228314101305
4.0,24.0,cd4_0h_vs_24h,REACTOME_BILE_ACID_AND_BILE_SALT_METABOLISM,true,,0.0,0.0,3.81265104892234e-05,0.00468956079017448,1.52606285259303,4.41877294150378,True,2.958734584976284,4.41877294150378,0.0
4.0,25.0,cd4_0h_vs_24h,REACTOME_FATTY_ACYL_COA_BIOSYNTHESIS,permuted,20485816.0,1.0,0.0,8.12221035323039e-17,9.99031873447338e-15,3.74171359883095,16.0903257671158,True,2.238338588554161,11.8786341140708,-4.2116916530449995
4.0,25.0,cd4_0h_vs_24h,REACTOME_FATTY_ACYL_COA_BIOSYNTHESIS,random,20495816.0,1.0,1.11022302462516e-16,2.5022986233163e-14,3.07782730667905e-12,3.39289783983849,13.6016608630201,True,2.238338588554161,11.8786341140708,-1.7230267489492999
4.0,25.0,cd4_0h_vs_24h,REACTOME_FATTY_ACYL_COA_BIOSYNTHESIS,true,,0.0,0.0,1.32240927298422e-12,1.62656340577059e-10,3.12869445657952,11.8786341140708,True,2.238338588554161,11.8786341140708,0.0
4.0,26.0,cd4_0h_vs_24h,REACTOME_KERATAN_SULFATE_KERATIN_METABOLISM,permuted,20486816.0,0.96,0.0,6.1774102028672e-07,7.59821454952666e-05,2.02960302707371,6.20919355894615,True,2.958734584976284,6.60736629503362,0.39817273608746984
4.0,26.0,cd4_0h_vs_24h,REACTOME_KERATAN_SULFATE_KERATIN_METABOLISM,random,20496816.0,1.0,2.22044604925031e-16,4.62765891657924e-09,5.69202046739247e-07,2.49894648741163,8.33463865838632,True,2.958734584976284,6.60736629503362,-1.7272723633527
4.0,26.0,cd4_0h_vs_24h,REACTOME_KERATAN_SULFATE_KERATIN_METABOLISM,true,,0.0,0.0,2.46964030878651e-07,3.03765757980741e-05,2.12543199928726,6.60736629503362,True,2.958734584976284,6.60736629503362,0.0
4.0,27.0,cd4_0h_vs_24h,REACTOME_METABOLISM_OF_FAT_SOLUBLE_VITAMINS,permuted,20487816.0,1.0,0.0,1.49821174952854e-06,0.00018428004519201,1.93249105817205,5.82442680135432,True,2.958734584976284,4.75024666314563,-1.07418013820869
4.0,27.0,cd4_0h_vs_24h,REACTOME_METABOLISM_OF_FAT_SOLUBLE_VITAMINS,random,20497816.0,1.0,2.22044604925031e-16,2.46964030878651e-07,3.03765757980741e-05,2.12543199928726,6.60736629503362,True,2.958734584976284,4.75024666314563,-1.85711963188799
4.0,27.0,cd4_0h_vs_24h,REACTOME_METABOLISM_OF_FAT_SOLUBLE_VITAMINS,true,,0.0,0.0,1.77726970010602e-05,0.0021860417311304,1.63105534906276,4.75024666314563,True,2.958734584976284,4.75024666314563,0.0
4.0,28.0,cd4_0h_vs_24h,REACTOME_SYNTHESIS_OF_BILE_ACIDS_AND_BILE_SALTS,permuted,20488816.0,1.0,0.0,8.03548663493119e-06,0.000988364856096536,1.73351743731473,5.09498781691362,True,3.2246170096791245,3.79545011009365,-1.29953770681997
4.0,28.0,cd4_0h_vs_24h,REACTOME_SYNTHESIS_OF_BILE_ACIDS_AND_BILE_SALTS,random,20498816.0,1.0,2.22044604925031e-16,0.000160158462101912,0.0196994908385352,1.30596515981639,3.79545011009365,True,3.2246170096791245,3.79545011009365,0.0
4.0,28.0,cd4_0h_vs_24h,REACTOME_SYNTHESIS_OF_BILE_ACIDS_AND_BILE_SALTS,true,,0.0,0.0,0.000160158462101912,0.0196994908385352,1.30596515981639,3.79545011009365,True,3.2246170096791245,3.79545011009365,0.0
4.0,29.0,cd4_0h_vs_24h,REACTOME_SYNTHESIS_OF_GLYCOSYLPHOSPHATIDYLINOSITOL_GPI,permuted,20489816.0,1.0,0.0,1.69038678268048e-10,2.07917574269699e-08,2.77166173987722,9.77201391173862,True,3.2246170096791245,10.7981152140414,1.0261013023027807
4.0,29.0,cd4_0h_vs_24h,REACTOME_SYNTHESIS_OF_GLYCOSYLPHOSPHATIDYLINOSITOL_GPI,random,20499816.0,1.0,2.22044604925031e-16,1.59178638580836e-11,1.95789725454428e-09,2.95096765529579,10.7981152140414,True,3.2246170096791245,10.7981152140414,0.0
4.0,29.0,cd4_0h_vs_24h,REACTOME_SYNTHESIS_OF_GLYCOSYLPHOSPHATIDYLINOSITOL_GPI,true,,0.0,0.0,1.59178638580836e-11,1.95789725454428e-09,2.95096765529579,10.7981152140414,True,3.2246170096791245,10.7981152140414,0.0
4.0,30.0,cd4_0h_vs_24h,REACTOME_SYNTHESIS_OF_VERY_LONG_CHAIN_FATTY_ACYL_COAS,permuted,20490816.0,0.944444444444444,0.0,1.31042954439412e-08,1.61182833960477e-06,2.40679895558663,7.8825863240523,True,4.418772941503782,5.82442680135432,-2.0581595226979807
4.0,30.0,cd4_0h_vs_24h,REACTOME_SYNTHESIS_OF_VERY_LONG_CHAIN_FATTY_ACYL_COAS,random,20500816.0,1.0,2.22044604925031e-16,1.69038678268048e-10,2.07917574269699e-08,2.77166173987722,9.77201391173862,True,4.418772941503782,5.82442680135432,-3.9475871103843003
4.0,30.0,cd4_0h_vs_24h,REACTOME_SYNTHESIS_OF_VERY_LONG_CHAIN_FATTY_ACYL_COAS,true,,0.0,0.0,1.49821174952854e-06,0.00018428004519201,1.93249105817205,5.82442680135432,True,4.418772941503782,5.82442680135432,0.0
5.0,1.0,cd4_0h_vs_12h,KEGG_NITROGEN_METABOLISM,permuted,20461817.0,0.941176470588235,0.0,8.03548663493119e-06,0.000988364856096536,1.73351743731473,5.09498781691362,True,4.418772941503782,5.45303586115776,0.35804804424414005
5.0,1.0,cd4_0h_vs_12h,KEGG_NITROGEN_METABOLISM,random,20471817.0,1.0,2.22044604925031e-16,1.77726970010602e-05,0.0021860417311304,1.63105534906276,4.75024666314563,True,4.418772941503782,5.45303586115776,0.7027891980121304
5.0,1.0,cd4_0h_vs_12h,KEGG_NITROGEN_METABOLISM,true,,0.0,0.0,3.52341775794401e-06,0.000433380384227113,1.83388406114409,5.45303586115776,True,4.418772941503782,5.45303586115776,0.0
5.0,2.0,cd4_0h_vs_12h,KEGG_PENTOSE_PHOSPHATE_PATHWAY,permuted,20462817.0,0.954545454545455,0.0,3.52341775794401e-06,0.000433380384227113,1.83388406114409,5.45303586115776,True,2.7057819429935717,6.60736629503362,1.1543304338758595
5.0,2.0,cd4_0h_vs_12h,KEGG_PENTOSE_PHOSPHATE_PATHWAY,random,20472817.0,1.0,2.22044604925031e-16,3.59717677613814e-08,4.42452743464991e-06,2.31389997788891,7.44403821911369,True,2.7057819429935717,6.60736629503362,-0.8366719240800702
5.0,2.0,cd4_0h_vs_12h,KEGG_PENTOSE_PHOSPHATE_PATHWAY,true,,0.0,0.0,2.46964030878651e-07,3.03765757980741e-05,2.12543199928726,6.60736629503362,True,2.7057819429935717,6.60736629503362,0.0
5.0,3.0,cd4_0h_vs_12h,KEGG_PORPHYRIN_AND_CHLOROPHYLL_METABOLISM,permuted,20463817.0,1.0,0.0,0.00059618767048381,0.0733310834695086,1.06522856619588,3.22461700967912,False,3.2246170096791245,3.22461700967912,0.0
5.0,3.0,cd4_0h_vs_12h,KEGG_PORPHYRIN_AND_CHLOROPHYLL_METABOLISM,random,20473817.0,1.0,2.22044604925031e-16,7.93371655046569e-05,0.0097584713570728,1.417962696362,4.1005233197136,True,3.2246170096791245,3.22461700967912,-0.8759063100344804
5.0,3.0,cd4_0h_vs_12h,KEGG_PORPHYRIN_AND_CHLOROPHYLL_METABOLISM,true,,0.0,0.0,0.00059618767048381,0.0733310834695086,1.06522856619588,3.22461700967912,False,3.2246170096791245,3.22461700967912,0.0
5.0,4.0,cd4_0h_vs_12h,REACTOME_BRANCHED_CHAIN_AMINO_ACID_CATABOLISM,permuted,20464817.0,1.0,0.0,0.00059618767048381,0.0733310834695086,1.06522856619588,3.22461700967912,False,2.7057819429935717,3.79545011009365,0.57083310041453
5.0,4.0,cd4_0h_vs_12h,REACTOME_BRANCHED_CHAIN_AMINO_ACID_CATABOLISM,random,20474817.0,1.0,1.11022302462516e-16,7.93371655046569e-05,0.0097584713570728,1.417962696362,4.1005233197136,True,2.7057819429935717,3.79545011009365,-0.30507320961995044
5.0,4.0,cd4_0h_vs_12h,REACTOME_BRANCHED_CHAIN_AMINO_ACID_CATABOLISM,true,,0.0,0.0,0.000160158462101912,0.0196994908385352,1.30596515981639,3.79545011009365,True,2.7057819429935717,3.79545011009365,0.0
5.0,5.0,cd4_0h_vs_12h,REACTOME_DISEASES_ASSOCIATED_WITH_GLYCOSYLATION_PRECURSOR_BIOSYNTHESIS,permuted,20465817.0,0.944444444444444,0.0,0.00059618767048381,0.0733310834695086,1.06522856619588,3.22461700967912,False,3.2246170096791245,3.79545011009365,0.57083310041453
5.0,5.0,cd4_0h_vs_12h,REACTOME_DISEASES_ASSOCIATED_WITH_GLYCOSYLATION_PRECURSOR_BIOSYNTHESIS,random,20475817.0,1.0,1.11022302462516e-16,8.03548663493119e-06,0.000988364856096536,1.73351743731473,5.09498781691362,True,3.2246170096791245,3.79545011009365,-1.29953770681997
5.0,5.0,cd4_0h_vs_12h,REACTOME_DISEASES_ASSOCIATED_WITH_GLYCOSYLATION_PRECURSOR_BIOSYNTHESIS,true,,0.0,0.0,0.000160158462101912,0.0196994908385352,1.30596515981639,3.79545011009365,True,3.2246170096791245,3.79545011009365,0.0
5.0,6.0,cd4_0h_vs_12h,REACTOME_GLYCOSPHINGOLIPID_METABOLISM,permuted,20466817.0,1.0,0.0,0.0010996776918826,0.13526035610156,0.932110226066041,2.95873458497628,False,3.2246170096791245,3.503500718082,0.5447661331057199
5.0,6.0,cd4_0h_vs_12h,REACTOME_GLYCOSPHINGOLIPID_METABOLISM,random,20476817.0,1.0,2.22044604925031e-16,0.00946978291842922,1.0,0.0,2.02365997647813,False,3.2246170096791245,3.503500718082,1.4798407416038701
5.0,6.0,cd4_0h_vs_12h,REACTOME_GLYCOSPHINGOLIPID_METABOLISM,true,,0.0,0.0,0.000313688994347936,0.0385837463047961,1.18894726823464,3.503500718082,True,3.2246170096791245,3.503500718082,0.0
5.0,7.0,cd4_0h_vs_12h,REACTOME_GLYOXYLATE_METABOLISM_AND_GLYCINE_DEGRADATION,permuted,20467817.0,1.0,0.0,6.1774102028672e-07,7.59821454952666e-05,2.02960302707371,6.20919355894615,True,2.238338588554161,9.27933459064804,3.0701410317018896
5.0,7.0,cd4_0h_vs_12h,REACTOME_GLYOXYLATE_METABOLISM_AND_GLYCINE_DEGRADATION,random,20477817.0,1.0,2.22044604925031e-16,3.59717677613814e-08,4.42452743464991e-06,2.31389997788891,7.44403821911369,True,2.238338588554161,9.27933459064804,1.8352963715343495
5.0,7.0,cd4_0h_vs_12h,REACTOME_GLYOXYLATE_METABOLISM_AND_GLYCINE_DEGRADATION,true,,0.0,0.0,5.25612166428945e-10,6.46502964707602e-08,2.68131114927169,9.27933459064804,True,2.238338588554161,9.27933459064804,0.0
5.0,8.0,cd4_0h_vs_12h,REACTOME_INOSITOL_PHOSPHATE_METABOLISM,permuted,20468817.0,1.0,0.0,0.00196887460329715,0.242171576205549,0.784778205325666,2.70578194299357,False,3.2246170096791245,2.46567952091782,-0.24010242207574972
5.0,8.0,cd4_0h_vs_12h,REACTOME_INOSITOL_PHOSPHATE_METABOLISM,random,20478817.0,1.0,2.22044604925031e-16,1.31042954439412e-08,1.61182833960477e-06,2.40679895558663,7.8825863240523,True,3.2246170096791245,2.46567952091782,-5.416906803134481
5.0,8.0,cd4_0h_vs_12h,REACTOME_INOSITOL_PHOSPHATE_METABOLISM,true,,0.0,0.0,0.0034223189265975,0.420945227971492,0.613004412282997,2.46567952091782,False,3.2246170096791245,2.46567952091782,0.0
5.0,9.0,cd4_0h_vs_12h,REACTOME_METABOLISM_OF_STEROID_HORMONES,permuted,20469817.0,0.952380952380952,0.0,1.77726970010602e-05,0.0021860417311304,1.63105534906276,4.75024666314563,True,2.958734584976284,4.1005233197136,-0.6497233434320293
5.0,9.0,cd4_0h_vs_12h,REACTOME_METABOLISM_OF_STEROID_HORMONES,random,20479817.0,1.0,2.22044604925031e-16,3.52341775794401e-06,0.000433380384227113,1.83388406114409,5.45303586115776,True,2.958734584976284,4.1005233197136,-1.3525125414441597
5.0,9.0,cd4_0h_vs_12h,REACTOME_METABOLISM_OF_STEROID_HORMONES,true,,0.0,0.0,7.93371655046569e-05,0.0097584713570728,1.417962696362,4.1005233197136,True,2.958734584976284,4.1005233197136,0.0
5.0,10.0,cd4_0h_vs_12h,REACTOME_REGULATION_OF_LIPID_METABOLISM_BY_PPARALPHA,permuted,20470817.0,1.0,0.0,0.00059618767048381,0.0733310834695086,1.06522856619588,3.22461700967912,False,3.2246170096791245,4.75024666314563,1.5256296534665097
5.0,10.0,cd4_0h_vs_12h,REACTOME_REGULATION_OF_LIPID_METABOLISM_BY_PPARALPHA,random,20480817.0,1.0,2.22044604925031e-16,6.1774102028672e-07,7.59821454952666e-05,2.02960302707371,6.20919355894615,True,3.2246170096791245,4.75024666314563,-1.45894689580052
5.0,10.0,cd4_0h_vs_12h,REACTOME_REGULATION_OF_LIPID_METABOLISM_BY_PPARALPHA,true,,0.0,0.0,1.77726970010602e-05,0.0021860417311304,1.63105534906276,4.75024666314563,True,3.2246170096791245,4.75024666314563,0.0
5.0,11.0,cd4_0h_vs_12h,REACTOME_SPHINGOLIPID_METABOLISM,permuted,20471817.0,1.0,0.0,0.00577645522630862,0.71050399283596,0.385270654364906,2.23833858855416,False,1.1357967857740106,3.79545011009365,1.5571115215394902
5.0,11.0,cd4_0h_vs_12h,REACTOME_SPHINGOLIPID_METABOLISM,random,20481817.0,1.0,2.22044604925031e-16,1.49821174952854e-06,0.00018428004519201,1.93249105817205,5.82442680135432,True,1.1357967857740106,3.79545011009365,-2.0289766912606697
5.0,11.0,cd4_0h_vs_12h,REACTOME_SPHINGOLIPID_METABOLISM,true,,0.0,0.0,0.000160158462101912,0.0196994908385352,1.30596515981639,3.79545011009365,True,1.1357967857740106,3.79545011009365,0.0
5.0,12.0,cd4_12h_vs_24h,KEGG_DRUG_METABOLISM_CYTOCHROME_P450,permuted,20472817.0,1.0,0.0,0.00196887460329715,0.242171576205549,0.784778205325666,2.70578194299357,False,5.094987816913624,3.79545011009365,1.08966816710008
5.0,12.0,cd4_12h_vs_24h,KEGG_DRUG_METABOLISM_CYTOCHROME_P450,random,20482817.0,1.0,2.22044604925031e-16,7.93371655046569e-05,0.0097584713570728,1.417962696362,4.1005233197136,True,5.094987816913624,3.79545011009365,-0.30507320961995044
5.0,12.0,cd4_12h_vs_24h,KEGG_DRUG_METABOLISM_CYTOCHROME_P450,true,,0.0,0.0,0.000160158462101912,0.0196994908385352,1.30596515981639,3.79545011009365,True,5.094987816913624,3.79545011009365,0.0
5.0,13.0,cd4_12h_vs_24h,KEGG_PYRIMIDINE_METABOLISM,permuted,20473817.0,0.988888888888889,0.0,6.1774102028672e-07,7.59821454952666e-05,2.02960302707371,6.20919355894615,True,2.958734584976284,5.82442680135432,-0.3847667575918301
5.0,13.0,cd4_12h_vs_24h,KEGG_PYRIMIDINE_METABOLISM,random,20483817.0,1.0,2.22044604925031e-16,4.62765891657924e-09,5.69202046739247e-07,2.49894648741163,8.33463865838632,True,2.958734584976284,5.82442680135432,-2.510211857032
5.0,13.0,cd4_12h_vs_24h,KEGG_PYRIMIDINE_METABOLISM,true,,0.0,0.0,1.49821174952854e-06,0.00018428004519201,1.93249105817205,5.82442680135432,True,2.958734584976284,5.82442680135432,0.0
5.0,14.0,cd4_12h_vs_24h,REACTOME_GLYCEROPHOSPHOLIPID_BIOSYNTHESIS,permuted,20474817.0,1.0,0.0,0.0351222601892017,1.0,0.0,1.45441754412943,False,3.503500718082003,2.70578194299357,1.2513643988641399
5.0,14.0,cd4_12h_vs_24h,REACTOME_GLYCEROPHOSPHOLIPID_BIOSYNTHESIS,random,20484817.0,1.0,2.22044604925031e-16,0.00577645522630862,0.71050399283596,0.385270654364906,2.23833858855416,False,3.503500718082003,2.70578194299357,0.4674433544394101
5.0,14.0,cd4_12h_vs_24h,REACTOME_GLYCEROPHOSPHOLIPID_BIOSYNTHESIS,true,,0.0,0.0,0.00196887460329715,0.242171576205549,0.784778205325666,2.70578194299357,False,3.503500718082003,2.70578194299357,0.0
5.0,15.0,cd4_12h_vs_24h,REACTOME_NUCLEOBASE_CATABOLISM,permuted,20475817.0,0.962962962962963,0.0,7.93371655046569e-05,0.0097584713570728,1.417962696362,4.1005233197136,True,3.2246170096791245,5.45303586115776,1.3525125414441597
5.0,15.0,cd4_12h_vs_24h,REACTOME_NUCLEOBASE_CATABOLISM,random,20485817.0,1.0,2.22044604925031e-16,3.81265104892234e-05,0.00468956079017448,1.52606285259303,4.41877294150378,True,3.2246170096791245,5.45303586115776,1.0342629196539797
5.0,15.0,cd4_12h_vs_24h,REACTOME_NUCLEOBASE_CATABOLISM,true,,0.0,0.0,3.52341775794401e-06,0.000433380384227113,1.83388406114409,5.45303586115776,True,3.2246170096791245,5.45303586115776,0.0
5.0,16.0,cd4_12h_vs_24h,REACTOME_PHOSPHOLIPID_METABOLISM,permuted,20476817.0,1.0,0.0,0.0010996776918826,0.13526035610156,0.932110226066041,2.95873458497628,False,1.2891318553175355,2.70578194299357,-0.25295264198271017
5.0,16.0,cd4_12h_vs_24h,REACTOME_PHOSPHOLIPID_METABOLISM,random,20486817.0,1.0,2.22044604925031e-16,3.81265104892234e-05,0.00468956079017448,1.52606285259303,4.41877294150378,True,1.2891318553175355,2.70578194299357,-1.7129909985102105
5.0,16.0,cd4_12h_vs_24h,REACTOME_PHOSPHOLIPID_METABOLISM,true,,0.0,0.0,0.00196887460329715,0.242171576205549,0.784778205325666,2.70578194299357,False,1.2891318553175355,2.70578194299357,0.0
5.0,17.0,cd4_12h_vs_24h,REACTOME_PYRUVATE_METABOLISM,permuted,20477817.0,1.0,0.0,0.000313688994347936,0.0385837463047961,1.18894726823464,3.503500718082,True,3.503500718082003,1.82153261416016,-1.68196810392184
5.0,17.0,cd4_12h_vs_24h,REACTOME_PYRUVATE_METABOLISM,random,20487817.0,1.0,2.22044604925031e-16,0.101341801629482,1.0,0.0,0.994211379196843,False,3.503500718082003,1.82153261416016,0.827321234963317
5.0,17.0,cd4_12h_vs_24h,REACTOME_PYRUVATE_METABOLISM,true,,0.0,0.0,0.0150822934297104,1.0,0.0,1.82153261416016,False,3.503500718082003,1.82153261416016,0.0
5.0,18.0,cd4_12h_vs_24h,REACTOME_SULFUR_AMINO_ACID_METABOLISM,permuted,20478817.0,1.0,0.0,0.00577645522630862,0.71050399283596,0.385270654364906,2.23833858855416,False,4.1005233197136,2.02365997647813,-0.21467861207603
5.0,18.0,cd4_12h_vs_24h,REACTOME_SULFUR_AMINO_ACID_METABOLISM,random,20488817.0,1.0,2.22044604925031e-16,1.77726970010602e-05,0.0021860417311304,1.63105534906276,4.75024666314563,True,4.1005233197136,2.02365997647813,-2.7265866866675
5.0,18.0,cd4_12h_vs_24h,REACTOME_SULFUR_AMINO_ACID_METABOLISM,true,,0.0,0.0,0.00946978291842922,1.0,0.0,2.02365997647813,False,4.1005233197136,2.02365997647813,0.0
5.0,19.0,cd4_12h_vs_24h,REACTOME_SYNTHESIS_OF_SUBSTRATES_IN_N_GLYCAN_BIOSYTHESIS,permuted,20479817.0,0.961538461538462,0.0,0.00946978291842922,1.0,0.0,2.02365997647813,False,4.1005233197136,3.22461700967912,1.2009570332009902
5.0,19.0,cd4_12h_vs_24h,REACTOME_SYNTHESIS_OF_SUBSTRATES_IN_N_GLYCAN_BIOSYTHESIS,random,20489817.0,1.0,2.22044604925031e-16,0.0731481276708723,1.0,0.0,1.13579678577401,False,4.1005233197136,3.22461700967912,2.0888202239051097
5.0,19.0,cd4_12h_vs_24h,REACTOME_SYNTHESIS_OF_SUBSTRATES_IN_N_GLYCAN_BIOSYTHESIS,true,,0.0,0.0,0.00059618767048381,0.0733310834695086,1.06522856619588,3.22461700967912,False,4.1005233197136,3.22461700967912,0.0
5.0,20.0,cd4_12h_vs_24h,REACTOME_TRIGLYCERIDE_METABOLISM,permuted,20480817.0,0.956521739130435,0.0,7.93371655046569e-05,0.0097584713570728,1.417962696362,4.1005233197136,True,2.958734584976284,2.70578194299357,-1.3947413767200305
5.0,20.0,cd4_12h_vs_24h,REACTOME_TRIGLYCERIDE_METABOLISM,random,20490817.0,1.0,1.11022302462516e-16,1.49821174952854e-06,0.00018428004519201,1.93249105817205,5.82442680135432,True,2.958734584976284,2.70578194299357,-3.11864485836075
5.0,20.0,cd4_12h_vs_24h,REACTOME_TRIGLYCERIDE_METABOLISM,true,,0.0,0.0,0.00196887460329715,0.242171576205549,0.784778205325666,2.70578194299357,False,2.958734584976284,2.70578194299357,0.0
5.0,21.0,cd4_0h_vs_24h,KEGG_ETHER_LIPID_METABOLISM,permuted,20481817.0,1.0,0.0,0.00059618767048381,0.0733310834695086,1.06522856619588,3.22461700967912,False,3.2246170096791245,2.46567952091782,-0.7589374887612998
5.0,21.0,cd4_0h_vs_24h,KEGG_ETHER_LIPID_METABOLISM,random,20491817.0,1.0,2.22044604925031e-16,0.000160158462101912,0.0196994908385352,1.30596515981639,3.79545011009365,True,3.2246170096791245,2.46567952091782,-1.3297705891758298
5.0,21.0,cd4_0h_vs_24h,KEGG_ETHER_LIPID_METABOLISM,true,,0.0,0.0,0.0034223189265975,0.420945227971492,0.613004412282997,2.46567952091782,False,3.2246170096791245,2.46567952091782,0.0
5.0,22.0,cd4_0h_vs_24h,KEGG_GLYCOSAMINOGLYCAN_BIOSYNTHESIS_CHONDROITIN_SULFATE,permuted,20482817.0,1.0,0.0,0.0233436169134307,1.0,0.0,1.63183185249604,False,2.958734584976284,2.95873458497628,1.32690273248024
5.0,22.0,cd4_0h_vs_24h,KEGG_GLYCOSAMINOGLYCAN_BIOSYNTHESIS_CHONDROITIN_SULFATE,random,20492817.0,1.0,1.11022302462516e-16,0.0010996776918826,0.13526035610156,0.932110226066041,2.95873458497628,False,2.958734584976284,2.95873458497628,0.0
5.0,22.0,cd4_0h_vs_24h,KEGG_GLYCOSAMINOGLYCAN_BIOSYNTHESIS_CHONDROITIN_SULFATE,true,,0.0,0.0,0.0010996776918826,0.13526035610156,0.932110226066041,2.95873458497628,False,2.958734584976284,2.95873458497628,0.0
5.0,23.0,cd4_0h_vs_24h,KEGG_RETINOL_METABOLISM,permuted,20483817.0,0.941176470588235,0.0,0.00577645522630862,0.71050399283596,0.385270654364906,2.23833858855416,False,1.6318318524960433,1.63183185249604,-0.6065067360581198
5.0,23.0,cd4_0h_vs_24h,KEGG_RETINOL_METABOLISM,random,20493817.0,1.0,2.22044604925031e-16,0.0010996776918826,0.13526035610156,0.932110226066041,2.95873458497628,False,1.6318318524960433,1.63183185249604,-1.32690273248024
5.0,23.0,cd4_0h_vs_24h,KEGG_RETINOL_METABOLISM,true,,0.0,0.0,0.0233436169134307,1.0,0.0,1.63183185249604,False,1.6318318524960433,1.63183185249604,0.0
5.0,24.0,cd4_0h_vs_24h,REACTOME_BILE_ACID_AND_BILE_SALT_METABOLISM,permuted,20484817.0,1.0,0.0,3.52341775794401e-06,0.000433380384227113,1.83388406114409,5.45303586115776,True,2.958734584976284,5.45303586115776,0.0
5.0,24.0,cd4_0h_vs_24h,REACTOME_BILE_ACID_AND_BILE_SALT_METABOLISM,random,20494817.0,1.0,2.22044604925031e-16,0.00059618767048381,0.0733310834695086,1.06522856619588,3.22461700967912,False,2.958734584976284,5.45303586115776,2.22841885147864
5.0,24.0,cd4_0h_vs_24h,REACTOME_BILE_ACID_AND_BILE_SALT_METABOLISM,true,,0.0,0.0,3.52341775794401e-06,0.000433380384227113,1.83388406114409,5.45303586115776,True,2.958734584976284,5.45303586115776,0.0
5.0,25.0,cd4_0h_vs_24h,REACTOME_FATTY_ACYL_COA_BIOSYNTHESIS,permuted,20485817.0,1.0,0.0,9.5725425402497e-08,1.17742273245071e-05,2.2201503515613,7.01897269497718,True,2.238338588554161,7.8825863240523,0.8636136290751208
5.0,25.0,cd4_0h_vs_24h,REACTOME_FATTY_ACYL_COA_BIOSYNTHESIS,random,20495817.0,1.0,2.22044604925031e-16,1.69038678268048e-10,2.07917574269699e-08,2.77166173987722,9.77201391173862,True,2.238338588554161,7.8825863240523,-1.8894275876863196
5.0,25.0,cd4_0h_vs_24h,REACTOME_FATTY_ACYL_COA_BIOSYNTHESIS,true,,0.0,0.0,1.31042954439412e-08,1.61182833960477e-06,2.40679895558663,7.8825863240523,True,2.238338588554161,7.8825863240523,0.0
5.0,26.0,cd4_0h_vs_24h,REACTOME_KERATAN_SULFATE_KERATIN_METABOLISM,permuted,20486817.0,0.96,0.0,0.0010996776918826,0.13526035610156,0.932110226066041,2.95873458497628,False,2.958734584976284,4.41877294150378,1.4600383565275004
5.0,26.0,cd4_0h_vs_24h,REACTOME_KERATAN_SULFATE_KERATIN_METABOLISM,random,20496817.0,1.0,2.22044604925031e-16,0.000160158462101912,0.0196994908385352,1.30596515981639,3.79545011009365,True,2.958734584976284,4.41877294150378,0.6233228314101305
5.0,26.0,cd4_0h_vs_24h,REACTOME_KERATAN_SULFATE_KERATIN_METABOLISM,true,,0.0,0.0,3.81265104892234e-05,0.00468956079017448,1.52606285259303,4.41877294150378,True,2.958734584976284,4.41877294150378,0.0
5.0,27.0,cd4_0h_vs_24h,REACTOME_METABOLISM_OF_FAT_SOLUBLE_VITAMINS,permuted,20487817.0,0.961538461538462,0.0,0.0351222601892017,1.0,0.0,1.45441754412943,False,2.958734584976284,1.45441754412943,0.0
5.0,27.0,cd4_0h_vs_24h,REACTOME_METABOLISM_OF_FAT_SOLUBLE_VITAMINS,random,20497817.0,1.0,1.11022302462516e-16,0.00946978291842922,1.0,0.0,2.02365997647813,False,2.958734584976284,1.45441754412943,-0.5692424323486998
5.0,27.0,cd4_0h_vs_24h,REACTOME_METABOLISM_OF_FAT_SOLUBLE_VITAMINS,true,,0.0,0.0,0.0351222601892017,1.0,0.0,1.45441754412943,False,2.958734584976284,1.45441754412943,0.0
5.0,28.0,cd4_0h_vs_24h,REACTOME_SYNTHESIS_OF_BILE_ACIDS_AND_BILE_SALTS,permuted,20488817.0,1.0,0.0,0.00059618767048381,0.0733310834695086,1.06522856619588,3.22461700967912,False,3.2246170096791245,4.75024666314563,1.5256296534665097
5.0,28.0,cd4_0h_vs_24h,REACTOME_SYNTHESIS_OF_BILE_ACIDS_AND_BILE_SALTS,random,20498817.0,1.0,1.11022302462516e-16,0.00196887460329715,0.242171576205549,0.784778205325666,2.70578194299357,False,3.2246170096791245,4.75024666314563,2.04446472015206
5.0,28.0,cd4_0h_vs_24h,REACTOME_SYNTHESIS_OF_BILE_ACIDS_AND_BILE_SALTS,true,,0.0,0.0,1.77726970010602e-05,0.0021860417311304,1.63105534906276,4.75024666314563,True,3.2246170096791245,4.75024666314563,0.0
5.0,29.0,cd4_0h_vs_24h,REACTOME_SYNTHESIS_OF_GLYCOSYLPHOSPHATIDYLINOSITOL_GPI,permuted,20489817.0,1.0,0.0,0.000160158462101912,0.0196994908385352,1.30596515981639,3.79545011009365,True,3.2246170096791245,5.45303586115776,1.65758575106411
5.0,29.0,cd4_0h_vs_24h,REACTOME_SYNTHESIS_OF_GLYCOSYLPHOSPHATIDYLINOSITOL_GPI,random,20499817.0,1.0,1.11022302462516e-16,8.03548663493119e-06,0.000988364856096536,1.73351743731473,5.09498781691362,True,3.2246170096791245,5.45303586115776,0.35804804424414005
5.0,29.0,cd4_0h_vs_24h,REACTOME_SYNTHESIS_OF_GLYCOSYLPHOSPHATIDYLINOSITOL_GPI,true,,0.0,0.0,3.52341775794401e-06,0.000433380384227113,1.83388406114409,5.45303586115776,True,3.2246170096791245,5.45303586115776,0.0
5.0,30.0,cd4_0h_vs_24h,REACTOME_SYNTHESIS_OF_VERY_LONG_CHAIN_FATTY_ACYL_COAS,permuted,20490817.0,0.944444444444444,0.0,6.1774102028672e-07,7.59821454952666e-05,2.02960302707371,6.20919355894615,True,4.418772941503782,5.09498781691362,-1.1142057420325298
5.0,30.0,cd4_0h_vs_24h,REACTOME_SYNTHESIS_OF_VERY_LONG_CHAIN_FATTY_ACYL_COAS,random,20500817.0,1.0,1.11022302462516e-16,9.5725425402497e-08,1.17742273245071e-05,2.2201503515613,7.01897269497718,True,4.418772941503782,5.09498781691362,-1.9239848780635596
5.0,30.0,cd4_0h_vs_24h,REACTOME_SYNTHESIS_OF_VERY_LONG_CHAIN_FATTY_ACYL_COAS,true,,0.0,0.0,8.03548663493119e-06,0.000988364856096536,1.73351743731473,5.09498781691362,True,4.418772941503782,5.09498781691362,0.0
6.0,1.0,cd4_0h_vs_12h,KEGG_NITROGEN_METABOLISM,permuted,20461818.0,0.941176470588235,0.0,0.0010996776918826,0.13526035610156,0.932110226066041,2.95873458497628,False,4.418772941503782,2.02365997647813,-0.9350746084981503
6.0,1.0,cd4_0h_vs_12h,KEGG_NITROGEN_METABOLISM,random,20471818.0,1.0,2.22044604925031e-16,0.00196887460329715,0.242171576205549,0.784778205325666,2.70578194299357,False,4.418772941503782,2.02365997647813,-0.6821219665154401
6.0,1.0,cd4_0h_vs_12h,KEGG_NITROGEN_METABOLISM,true,,0.0,0.0,0.00946978291842922,1.0,0.0,2.02365997647813,False,4.418772941503782,2.02365997647813,0.0
6.0,2.0,cd4_0h_vs_12h,KEGG_PENTOSE_PHOSPHATE_PATHWAY,permuted,20462818.0,0.954545454545455,0.0,1.49821174952854e-06,0.00018428004519201,1.93249105817205,5.82442680135432,True,2.7057819429935717,7.8825863240523,2.0581595226979807
6.0,2.0,cd4_0h_vs_12h,KEGG_PENTOSE_PHOSPHATE_PATHWAY,random,20472818.0,1.0,2.22044604925031e-16,1.69038678268048e-10,2.07917574269699e-08,2.77166173987722,9.77201391173862,True,2.7057819429935717,7.8825863240523,-1.8894275876863196
6.0,2.0,cd4_0h_vs_12h,KEGG_PENTOSE_PHOSPHATE_PATHWAY,true,,0.0,0.0,1.31042954439412e-08,1.61182833960477e-06,2.40679895558663,7.8825863240523,True,2.7057819429935717,7.8825863240523,0.0
6.0,3.0,cd4_0h_vs_12h,KEGG_PORPHYRIN_AND_CHLOROPHYLL_METABOLISM,permuted,20463818.0,0.95,0.0,3.81265104892234e-05,0.00468956079017448,1.52606285259303,4.41877294150378,True,3.2246170096791245,6.60736629503362,2.188593353529839
6.0,3.0,cd4_0h_vs_12h,KEGG_PORPHYRIN_AND_CHLOROPHYLL_METABOLISM,random,20473818.0,1.0,2.22044604925031e-16,1.31042954439412e-08,1.61182833960477e-06,2.40679895558663,7.8825863240523,True,3.2246170096791245,6.60736629503362,-1.2752200290186808
6.0,3.0,cd4_0h_vs_12h,KEGG_PORPHYRIN_AND_CHLOROPHYLL_METABOLISM,true,,0.0,0.0,2.46964030878651e-07,3.03765757980741e-05,2.12543199928726,6.60736629503362,True,3.2246170096791245,6.60736629503362,0.0
6.0,4.0,cd4_0h_vs_12h,REACTOME_BRANCHED_CHAIN_AMINO_ACID_CATABOLISM,permuted,20464818.0,1.0,0.0,0.00577645522630862,0.71050399283596,0.385270654364906,2.23833858855416,False,2.7057819429935717,2.02365997647813,-0.21467861207603
6.0,4.0,cd4_0h_vs_12h,REACTOME_BRANCHED_CHAIN_AMINO_ACID_CATABOLISM,random,20474818.0,1.0,2.22044604925031e-16,1.77726970010602e-05,0.0021860417311304,1.63105534906276,4.75024666314563,True,2.7057819429935717,2.02365997647813,-2.7265866866675
6.0,4.0,cd4_0h_vs_12h,REACTOME_BRANCHED_CHAIN_AMINO_ACID_CATABOLISM,true,,0.0,0.0,0.00946978291842922,1.0,0.0,2.02365997647813,False,2.7057819429935717,2.02365997647813,0.0
6.0,5.0,cd4_0h_vs_12h,REACTOME_DISEASES_ASSOCIATED_WITH_GLYCOSYLATION_PRECURSOR_BIOSYNTHESIS,permuted,20465818.0,0.944444444444444,0.0,0.0010996776918826,0.13526035610156,0.932110226066041,2.95873458497628,False,3.2246170096791245,3.503500718082,0.5447661331057199
6.0,5.0,cd4_0h_vs_12h,REACTOME_DISEASES_ASSOCIATED_WITH_GLYCOSYLATION_PRECURSOR_BIOSYNTHESIS,random,20475818.0,1.0,1.11022302462516e-16,0.000160158462101912,0.0196994908385352,1.30596515981639,3.79545011009365,True,3.2246170096791245,3.503500718082,-0.29194939201165004
6.0,5.0,cd4_0h_vs_12h,REACTOME_DISEASES_ASSOCIATED_WITH_GLYCOSYLATION_PRECURSOR_BIOSYNTHESIS,true,,0.0,0.0,0.000313688994347936,0.0385837463047961,1.18894726823464,3.503500718082,True,3.2246170096791245,3.503500718082,0.0
6.0,6.0,cd4_0h_vs_12h,REACTOME_GLYCOSPHINGOLIPID_METABOLISM,permuted,20466818.0,1.0,0.0,3.81265104892234e-05,0.00468956079017448,1.52606285259303,4.41877294150378,True,3.2246170096791245,4.1005233197136,-0.31824962179018
6.0,6.0,cd4_0h_vs_12h,REACTOME_GLYCOSPHINGOLIPID_METABOLISM,random,20476818.0,1.0,2.22044604925031e-16,9.5725425402497e-08,1.17742273245071e-05,2.2201503515613,7.01897269497718,True,3.2246170096791245,4.1005233197136,-2.918449375263579
6.0,6.0,cd4_0h_vs_12h,REACTOME_GLYCOSPHINGOLIPID_METABOLISM,true,,0.0,0.0,7.93371655046569e-05,0.0097584713570728,1.417962696362,4.1005233197136,True,3.2246170096791245,4.1005233197136,0.0
6.0,7.0,cd4_0h_vs_12h,REACTOME_GLYOXYLATE_METABOLISM_AND_GLYCINE_DEGRADATION,permuted,20467818.0,0.956521739130435,0.0,6.1774102028672e-07,7.59821454952666e-05,2.02960302707371,6.20919355894615,True,2.238338588554161,7.01897269497718,0.8097791360310298
6.0,7.0,cd4_0h_vs_12h,REACTOME_GLYOXYLATE_METABOLISM_AND_GLYCINE_DEGRADATION,random,20477818.0,1.0,2.22044604925031e-16,3.59717677613814e-08,4.42452743464991e-06,2.31389997788891,7.44403821911369,True,2.238338588554161,7.01897269497718,-0.4250655241365102
6.0,7.0,cd4_0h_vs_12h,REACTOME_GLYOXYLATE_METABOLISM_AND_GLYCINE_DEGRADATION,true,,0.0,0.0,9.5725425402497e-08,1.17742273245071e-05,2.2201503515613,7.01897269497718,True,2.238338588554161,7.01897269497718,0.0
6.0,8.0,cd4_0h_vs_12h,REACTOME_INOSITOL_PHOSPHATE_METABOLISM,permuted,20468818.0,0.952380952380952,0.0,0.000160158462101912,0.0196994908385352,1.30596515981639,3.79545011009365,True,3.2246170096791245,3.79545011009365,0.0
6.0,8.0,cd4_0h_vs_12h,REACTOME_INOSITOL_PHOSPHATE_METABOLISM,random,20478818.0,1.0,2.22044604925031e-16,8.03548663493119e-06,0.000988364856096536,1.73351743731473,5.09498781691362,True,3.2246170096791245,3.79545011009365,-1.29953770681997
6.0,8.0,cd4_0h_vs_12h,REACTOME_INOSITOL_PHOSPHATE_METABOLISM,true,,0.0,0.0,0.000160158462101912,0.0196994908385352,1.30596515981639,3.79545011009365,True,3.2246170096791245,3.79545011009365,0.0
6.0,9.0,cd4_0h_vs_12h,REACTOME_METABOLISM_OF_STEROID_HORMONES,permuted,20469818.0,0.904761904761905,0.0,0.0034223189265975,0.420945227971492,0.613004412282997,2.46567952091782,False,2.958734584976284,2.23833858855416,-0.22734093236366038
6.0,9.0,cd4_0h_vs_12h,REACTOME_METABOLISM_OF_STEROID_HORMONES,random,20479818.0,1.0,2.22044604925031e-16,1.77726970010602e-05,0.0021860417311304,1.63105534906276,4.75024666314563,True,2.958734584976284,2.23833858855416,-2.51190807459147
6.0,9.0,cd4_0h_vs_12h,REACTOME_METABOLISM_OF_STEROID_HORMONES,true,,0.0,0.0,0.00577645522630862,0.71050399283596,0.385270654364906,2.23833858855416,False,2.958734584976284,2.23833858855416,0.0
6.0,10.0,cd4_0h_vs_12h,REACTOME_REGULATION_OF_LIPID_METABOLISM_BY_PPARALPHA,permuted,20470818.0,0.98989898989899,0.0,3.59717677613814e-08,4.42452743464991e-06,2.31389997788891,7.44403821911369,True,3.2246170096791245,4.1005233197136,-3.3435148994000894
6.0,10.0,cd4_0h_vs_12h,REACTOME_REGULATION_OF_LIPID_METABOLISM_BY_PPARALPHA,random,20480818.0,1.0,2.22044604925031e-16,1.79179957151977e-17,2.20391347296932e-15,3.8284207527596,16.7467105715998,True,3.2246170096791245,4.1005233197136,-12.646187251886198
6.0,10.0,cd4_0h_vs_12h,REACTOME_REGULATION_OF_LIPID_METABOLISM_BY_PPARALPHA,true,,0.0,0.0,7.93371655046569e-05,0.0097584713570728,1.417962696362,4.1005233197136,True,3.2246170096791245,4.1005233197136,0.0
6.0,11.0,cd4_0h_vs_12h,REACTOME_SPHINGOLIPID_METABOLISM,permuted,20471818.0,0.986111111111111,0.0,0.00946978291842922,1.0,0.0,2.02365997647813,False,1.1357967857740106,1.28913185531754,-0.7345281211605899
6.0,11.0,cd4_0h_vs_12h,REACTOME_SPHINGOLIPID_METABOLISM,random,20481818.0,1.0,2.22044604925031e-16,3.81265104892234e-05,0.00468956079017448,1.52606285259303,4.41877294150378,True,1.1357967857740106,1.28913185531754,-3.1296410861862407
6.0,11.0,cd4_0h_vs_12h,REACTOME_SPHINGOLIPID_METABOLISM,true,,0.0,0.0,0.0513887607461245,1.0,0.0,1.28913185531754,False,1.1357967857740106,1.28913185531754,0.0
6.0,12.0,cd4_12h_vs_24h,KEGG_DRUG_METABOLISM_CYTOCHROME_P450,permuted,20472818.0,1.0,0.0,0.000160158462101912,0.0196994908385352,1.30596515981639,3.79545011009365,True,5.094987816913624,4.41877294150378,0.6233228314101305
6.0,12.0,cd4_12h_vs_24h,KEGG_DRUG_METABOLISM_CYTOCHROME_P450,random,20482818.0,1.0,1.11022302462516e-16,2.46964030878651e-07,3.03765757980741e-05,2.12543199928726,6.60736629503362,True,5.094987816913624,4.41877294150378,-2.188593353529839
6.0,12.0,cd4_12h_vs_24h,KEGG_DRUG_METABOLISM_CYTOCHROME_P450,true,,0.0,0.0,3.81265104892234e-05,0.00468956079017448,1.52606285259303,4.41877294150378,True,5.094987816913624,4.41877294150378,0.0
6.0,13.0,cd4_12h_vs_24h,KEGG_PYRIMIDINE_METABOLISM,permuted,20473818.0,1.0,0.0,1.49821174952854e-06,0.00018428004519201,1.93249105817205,5.82442680135432,True,2.958734584976284,8.33463865838632,2.510211857032
6.0,13.0,cd4_12h_vs_24h,KEGG_PYRIMIDINE_METABOLISM,random,20483818.0,1.0,2.22044604925031e-16,9.6901238729472e-14,1.19188523637251e-11,3.30511203436503,13.0136706711439,True,2.958734584976284,8.33463865838632,-4.679032012757581
6.0,13.0,cd4_12h_vs_24h,KEGG_PYRIMIDINE_METABOLISM,true,,0.0,0.0,4.62765891657924e-09,5.69202046739247e-07,2.49894648741163,8.33463865838632,True,2.958734584976284,8.33463865838632,0.0
6.0,14.0,cd4_12h_vs_24h,REACTOME_GLYCEROPHOSPHOLIPID_BIOSYNTHESIS,permuted,20474818.0,0.989583333333333,0.0,0.00196887460329715,0.242171576205549,0.784778205325666,2.70578194299357,False,3.503500718082003,1.63183185249604,-1.0739500904975299
6.0,14.0,cd4_12h_vs_24h,REACTOME_GLYCEROPHOSPHOLIPID_BIOSYNTHESIS,random,20484818.0,1.0,2.22044604925031e-16,0.00059618767048381,0.0733310834695086,1.06522856619588,3.22461700967912,False,3.503500718082003,1.63183185249604,-1.59278515718308
6.0,14.0,cd4_12h_vs_24h,REACTOME_GLYCEROPHOSPHOLIPID_BIOSYNTHESIS,true,,0.0,0.0,0.0233436169134307,1.0,0.0,1.63183185249604,False,3.503500718082003,1.63183185249604,0.0
6.0,15.0,cd4_12h_vs_24h,REACTOME_NUCLEOBASE_CATABOLISM,permuted,20475818.0,0.962962962962963,0.0,3.52341775794401e-06,0.000433380384227113,1.83388406114409,5.45303586115776,True,3.2246170096791245,3.79545011009365,-1.65758575106411
6.0,15.0,cd4_12h_vs_24h,REACTOME_NUCLEOBASE_CATABOLISM,random,20485818.0,1.0,2.22044604925031e-16,9.5725425402497e-08,1.17742273245071e-05,2.2201503515613,7.01897269497718,True,3.2246170096791245,3.79545011009365,-3.2235225848835296
6.0,15.0,cd4_12h_vs_24h,REACTOME_NUCLEOBASE_CATABOLISM,true,,0.0,0.0,0.000160158462101912,0.0196994908385352,1.30596515981639,3.79545011009365,True,3.2246170096791245,3.79545011009365,0.0
6.0,16.0,cd4_12h_vs_24h,REACTOME_PHOSPHOLIPID_METABOLISM,permuted,20476818.0,0.982352941176471,0.0,0.0010996776918826,0.13526035610156,0.932110226066041,2.95873458497628,False,1.2891318553175355,3.22461700967912,0.26588242470283996
6.0,16.0,cd4_12h_vs_24h,REACTOME_PHOSPHOLIPID_METABOLISM,random,20486818.0,1.0,2.22044604925031e-16,3.52341775794401e-06,0.000433380384227113,1.83388406114409,5.45303586115776,True,1.2891318553175355,3.22461700967912,-2.22841885147864
6.0,16.0,cd4_12h_vs_24h,REACTOME_PHOSPHOLIPID_METABOLISM,true,,0.0,0.0,0.00059618767048381,0.0733310834695086,1.06522856619588,3.22461700967912,False,1.2891318553175355,3.22461700967912,0.0
6.0,17.0,cd4_12h_vs_24h,REACTOME_PYRUVATE_METABOLISM,permuted,20477818.0,0.961538461538462,0.0,0.0513887607461245,1.0,0.0,1.28913185531754,False,3.503500718082003,2.70578194299357,1.41665008767603
6.0,17.0,cd4_12h_vs_24h,REACTOME_PYRUVATE_METABOLISM,random,20487818.0,1.0,2.22044604925031e-16,0.0034223189265975,0.420945227971492,0.613004412282997,2.46567952091782,False,3.503500718082003,2.70578194299357,0.24010242207574972
6.0,17.0,cd4_12h_vs_24h,REACTOME_PYRUVATE_METABOLISM,true,,0.0,0.0,0.00196887460329715,0.242171576205549,0.784778205325666,2.70578194299357,False,3.503500718082003,2.70578194299357,0.0
6.0,18.0,cd4_12h_vs_24h,REACTOME_SULFUR_AMINO_ACID_METABOLISM,permuted,20478818.0,0.956521739130435,0.0,0.0010996776918826,0.13526035610156,0.932110226066041,2.95873458497628,False,4.1005233197136,4.1005233197136,1.1417887347373203
6.0,18.0,cd4_12h_vs_24h,REACTOME_SULFUR_AMINO_ACID_METABOLISM,random,20488818.0,1.0,1.11022302462516e-16,2.46964030878651e-07,3.03765757980741e-05,2.12543199928726,6.60736629503362,True,4.1005233197136,4.1005233197136,-2.506842975320019
6.0,18.0,cd4_12h_vs_24h,REACTOME_SULFUR_AMINO_ACID_METABOLISM,true,,0.0,0.0,7.93371655046569e-05,0.0097584713570728,1.417962696362,4.1005233197136,True,4.1005233197136,4.1005233197136,0.0
6.0,19.0,cd4_12h_vs_24h,REACTOME_SYNTHESIS_OF_SUBSTRATES_IN_N_GLYCAN_BIOSYTHESIS,permuted,20479818.0,1.0,0.0,0.101341801629482,1.0,0.0,0.994211379196843,False,4.1005233197136,2.23833858855416,1.2441272093573168
6.0,19.0,cd4_12h_vs_24h,REACTOME_SYNTHESIS_OF_SUBSTRATES_IN_N_GLYCAN_BIOSYTHESIS,random,20489818.0,1.0,2.22044604925031e-16,0.0233436169134307,1.0,0.0,1.63183185249604,False,4.1005233197136,2.23833858855416,0.6065067360581198
6.0,19.0,cd4_12h_vs_24h,REACTOME_SYNTHESIS_OF_SUBSTRATES_IN_N_GLYCAN_BIOSYTHESIS,true,,0.0,0.0,0.00577645522630862,0.71050399283596,0.385270654364906,2.23833858855416,False,4.1005233197136,2.23833858855416,0.0
6.0,20.0,cd4_12h_vs_24h,REACTOME_TRIGLYCERIDE_METABOLISM,permuted,20480818.0,0.91304347826087,0.0,9.5725425402497e-08,1.17742273245071e-05,2.2201503515613,7.01897269497718,True,2.958734584976284,4.41877294150378,-2.600199753473399
6.0,20.0,cd4_12h_vs_24h,REACTOME_TRIGLYCERIDE_METABOLISM,random,20490818.0,1.0,2.22044604925031e-16,1.49821174952854e-06,0.00018428004519201,1.93249105817205,5.82442680135432,True,2.958734584976284,4.41877294150378,-1.4056538598505393
6.0,20.0,cd4_12h_vs_24h,REACTOME_TRIGLYCERIDE_METABOLISM,true,,0.0,0.0,3.81265104892234e-05,0.00468956079017448,1.52606285259303,4.41877294150378,True,2.958734584976284,4.41877294150378,0.0
6.0,21.0,cd4_0h_vs_24h,KEGG_ETHER_LIPID_METABOLISM,permuted,20481818.0,0.947368421052632,0.0,3.81265104892234e-05,0.00468956079017448,1.52606285259303,4.41877294150378,True,3.2246170096791245,4.75024666314563,0.3314737216418493
6.0,21.0,cd4_0h_vs_24h,KEGG_ETHER_LIPID_METABOLISM,random,20491818.0,1.0,1.11022302462516e-16,1.31042954439412e-08,1.61182833960477e-06,2.40679895558663,7.8825863240523,True,3.2246170096791245,4.75024666314563,-3.1323396609066707
6.0,21.0,cd4_0h_vs_24h,KEGG_ETHER_LIPID_METABOLISM,true,,0.0,0.0,1.77726970010602e-05,0.0021860417311304,1.63105534906276,4.75024666314563,True,3.2246170096791245,4.75024666314563,0.0
6.0,22.0,cd4_0h_vs_24h,KEGG_GLYCOSAMINOGLYCAN_BIOSYNTHESIS_CHONDROITIN_SULFATE,permuted,20482818.0,1.0,0.0,8.03548663493119e-06,0.000988364856096536,1.73351743731473,5.09498781691362,True,2.958734584976284,5.09498781691362,0.0
6.0,22.0,cd4_0h_vs_24h,KEGG_GLYCOSAMINOGLYCAN_BIOSYNTHESIS_CHONDROITIN_SULFATE,random,20492818.0,1.0,2.22044604925031e-16,9.5725425402497e-08,1.17742273245071e-05,2.2201503515613,7.01897269497718,True,2.958734584976284,5.09498781691362,-1.9239848780635596
6.0,22.0,cd4_0h_vs_24h,KEGG_GLYCOSAMINOGLYCAN_BIOSYNTHESIS_CHONDROITIN_SULFATE,true,,0.0,0.0,8.03548663493119e-06,0.000988364856096536,1.73351743731473,5.09498781691362,True,2.958734584976284,5.09498781691362,0.0
6.0,23.0,cd4_0h_vs_24h,KEGG_RETINOL_METABOLISM,permuted,20483818.0,0.941176470588235,0.0,0.0034223189265975,0.420945227971492,0.613004412282997,2.46567952091782,False,1.6318318524960433,2.46567952091782,0.0
6.0,23.0,cd4_0h_vs_24h,KEGG_RETINOL_METABOLISM,random,20493818.0,1.0,1.11022302462516e-16,7.93371655046569e-05,0.0097584713570728,1.417962696362,4.1005233197136,True,1.6318318524960433,2.46567952091782,-1.6348437987957802
6.0,23.0,cd4_0h_vs_24h,KEGG_RETINOL_METABOLISM,true,,0.0,0.0,0.0034223189265975,0.420945227971492,0.613004412282997,2.46567952091782,False,1.6318318524960433,2.46567952091782,0.0
6.0,24.0,cd4_0h_vs_24h,REACTOME_BILE_ACID_AND_BILE_SALT_METABOLISM,permuted,20484818.0,0.956521739130435,0.0,1.77726970010602e-05,0.0021860417311304,1.63105534906276,4.75024666314563,True,2.958734584976284,7.44403821911369,2.69379155596806
6.0,24.0,cd4_0h_vs_24h,REACTOME_BILE_ACID_AND_BILE_SALT_METABOLISM,random,20494818.0,1.0,2.22044604925031e-16,1.49821174952854e-06,0.00018428004519201,1.93249105817205,5.82442680135432,True,2.958734584976284,7.44403821911369,1.6196114177593701
6.0,24.0,cd4_0h_vs_24h,REACTOME_BILE_ACID_AND_BILE_SALT_METABOLISM,true,,0.0,0.0,3.59717677613814e-08,4.42452743464991e-06,2.31389997788891,7.44403821911369,True,2.958734584976284,7.44403821911369,0.0
6.0,25.0,cd4_0h_vs_24h,REACTOME_FATTY_ACYL_COA_BIOSYNTHESIS,permuted,20485818.0,0.967741935483871,0.0,2.46964030878651e-07,3.03765757980741e-05,2.12543199928726,6.60736629503362,True,2.238338588554161,3.79545011009365,-2.8119161849399696
6.0,25.0,cd4_0h_vs_24h,REACTOME_FATTY_ACYL_COA_BIOSYNTHESIS,random,20495818.0,1.0,1.11022302462516e-16,5.25612166428945e-10,6.46502964707602e-08,2.68131114927169,9.27933459064804,True,2.238338588554161,3.79545011009365,-5.483884480554389
6.0,25.0,cd4_0h_vs_24h,REACTOME_FATTY_ACYL_COA_BIOSYNTHESIS,true,,0.0,0.0,0.000160158462101912,0.0196994908385352,1.30596515981639,3.79545011009365,True,2.238338588554161,3.79545011009365,0.0
6.0,26.0,cd4_0h_vs_24h,REACTOME_KERATAN_SULFATE_KERATIN_METABOLISM,permuted,20486818.0,0.92,0.0,6.1774102028672e-07,7.59821454952666e-05,2.02960302707371,6.20919355894615,True,2.958734584976284,5.09498781691362,-1.1142057420325298
6.0,26.0,cd4_0h_vs_24h,REACTOME_KERATAN_SULFATE_KERATIN_METABOLISM,random,20496818.0,1.0,1.11022302462516e-16,9.5725425402497e-08,1.17742273245071e-05,2.2201503515613,7.01897269497718,True,2.958734584976284,5.09498781691362,-1.9239848780635596
6.0,26.0,cd4_0h_vs_24h,REACTOME_KERATAN_SULFATE_KERATIN_METABOLISM,true,,0.0,0.0,8.03548663493119e-06,0.000988364856096536,1.73351743731473,5.09498781691362,True,2.958734584976284,5.09498781691362,0.0
6.0,27.0,cd4_0h_vs_24h,REACTOME_METABOLISM_OF_FAT_SOLUBLE_VITAMINS,permuted,20487818.0,1.0,0.0,9.5725425402497e-08,1.17742273245071e-05,2.2201503515613,7.01897269497718,True,2.958734584976284,5.45303586115776,-1.5659368338194195
6.0,27.0,cd4_0h_vs_24h,REACTOME_METABOLISM_OF_FAT_SOLUBLE_VITAMINS,random,20497818.0,1.0,2.22044604925031e-16,2.46964030878651e-07,3.03765757980741e-05,2.12543199928726,6.60736629503362,True,2.958734584976284,5.45303586115776,-1.1543304338758595
6.0,27.0,cd4_0h_vs_24h,REACTOME_METABOLISM_OF_FAT_SOLUBLE_VITAMINS,true,,0.0,0.0,3.52341775794401e-06,0.000433380384227113,1.83388406114409,5.45303586115776,True,2.958734584976284,5.45303586115776,0.0
6.0,28.0,cd4_0h_vs_24h,REACTOME_SYNTHESIS_OF_BILE_ACIDS_AND_BILE_SALTS,permuted,20488818.0,1.0,0.0,6.1774102028672e-07,7.59821454952666e-05,2.02960302707371,6.20919355894615,True,3.2246170096791245,5.82442680135432,-0.3847667575918301
6.0,28.0,cd4_0h_vs_24h,REACTOME_SYNTHESIS_OF_BILE_ACIDS_AND_BILE_SALTS,random,20498818.0,1.0,2.22044604925031e-16,2.46964030878651e-07,3.03765757980741e-05,2.12543199928726,6.60736629503362,True,3.2246170096791245,5.82442680135432,-0.7829394936792999
6.0,28.0,cd4_0h_vs_24h,REACTOME_SYNTHESIS_OF_BILE_ACIDS_AND_BILE_SALTS,true,,0.0,0.0,1.49821174952854e-06,0.00018428004519201,1.93249105817205,5.82442680135432,True,3.2246170096791245,5.82442680135432,0.0
6.0,29.0,cd4_0h_vs_24h,REACTOME_SYNTHESIS_OF_GLYCOSYLPHOSPHATIDYLINOSITOL_GPI,permuted,20489818.0,1.0,0.0,1.69038678268048e-10,2.07917574269699e-08,2.77166173987722,9.77201391173862,True,3.2246170096791245,9.77201391173862,0.0
6.0,29.0,cd4_0h_vs_24h,REACTOME_SYNTHESIS_OF_GLYCOSYLPHOSPHATIDYLINOSITOL_GPI,random,20499818.0,1.0,2.22044604925031e-16,5.26903195422322e-11,6.48090930369456e-09,2.8615317674606,10.2782691676256,True,3.2246170096791245,9.77201391173862,-0.5062552558869804
6.0,29.0,cd4_0h_vs_24h,REACTOME_SYNTHESIS_OF_GLYCOSYLPHOSPHATIDYLINOSITOL_GPI,true,,0.0,0.0,1.69038678268048e-10,2.07917574269699e-08,2.77166173987722,9.77201391173862,True,3.2246170096791245,9.77201391173862,0.0
6.0,30.0,cd4_0h_vs_24h,REACTOME_SYNTHESIS_OF_VERY_LONG_CHAIN_FATTY_ACYL_COAS,permuted,20490818.0,1.0,0.0,1.77726970010602e-05,0.0021860417311304,1.63105534906276,4.75024666314563,True,4.418772941503782,4.1005233197136,-0.6497233434320293
6.0,30.0,cd4_0h_vs_24h,REACTOME_SYNTHESIS_OF_VERY_LONG_CHAIN_FATTY_ACYL_COAS,random,20500818.0,1.0,2.22044604925031e-16,4.62765891657924e-09,5.69202046739247e-07,2.49894648741163,8.33463865838632,True,4.418772941503782,4.1005233197136,-4.234115338672719
6.0,30.0,cd4_0h_vs_24h,REACTOME_SYNTHESIS_OF_VERY_LONG_CHAIN_FATTY_ACYL_COAS,true,,0.0,0.0,7.93371655046569e-05,0.0097584713570728,1.417962696362,4.1005233197136,True,4.418772941503782,4.1005233197136,0.0
7.0,1.0,cd4_0h_vs_12h,KEGG_NITROGEN_METABOLISM,permuted,20461819.0,0.941176470588235,0.0,0.00059618767048381,0.0733310834695086,1.06522856619588,3.22461700967912,False,4.418772941503782,3.503500718082,0.2788837084028799
7.0,1.0,cd4_0h_vs_12h,KEGG_NITROGEN_METABOLISM,random,20471819.0,1.0,1.11022302462516e-16,0.00196887460329715,0.242171576205549,0.784778205325666,2.70578194299357,False,4.418772941503782,3.503500718082,0.79771877508843
7.0,1.0,cd4_0h_vs_12h,KEGG_NITROGEN_METABOLISM,true,,0.0,0.0,0.000313688994347936,0.0385837463047961,1.18894726823464,3.503500718082,True,4.418772941503782,3.503500718082,0.0
7.0,2.0,cd4_0h_vs_12h,KEGG_PENTOSE_PHOSPHATE_PATHWAY,permuted,20462819.0,1.0,0.0,7.93371655046569e-05,0.0097584713570728,1.417962696362,4.1005233197136,True,2.7057819429935717,4.75024666314563,0.6497233434320293
7.0,2.0,cd4_0h_vs_12h,KEGG_PENTOSE_PHOSPHATE_PATHWAY,random,20472819.0,1.0,1.11022302462516e-16,7.93371655046569e-05,0.0097584713570728,1.417962696362,4.1005233197136,True,2.7057819429935717,4.75024666314563,0.6497233434320293
7.0,2.0,cd4_0h_vs_12h,KEGG_PENTOSE_PHOSPHATE_PATHWAY,true,,0.0,0.0,1.77726970010602e-05,0.0021860417311304,1.63105534906276,4.75024666314563,True,2.7057819429935717,4.75024666314563,0.0
7.0,3.0,cd4_0h_vs_12h,KEGG_PORPHYRIN_AND_CHLOROPHYLL_METABOLISM,permuted,20463819.0,1.0,0.0,1.77726970010602e-05,0.0021860417311304,1.63105534906276,4.75024666314563,True,3.2246170096791245,5.09498781691362,0.3447411537679903
7.0,3.0,cd4_0h_vs_12h,KEGG_PORPHYRIN_AND_CHLOROPHYLL_METABOLISM,random,20473819.0,1.0,2.22044604925031e-16,9.5725425402497e-08,1.17742273245071e-05,2.2201503515613,7.01897269497718,True,3.2246170096791245,5.09498781691362,-1.9239848780635596
7.0,3.0,cd4_0h_vs_12h,KEGG_PORPHYRIN_AND_CHLOROPHYLL_METABOLISM,true,,0.0,0.0,8.03548663493119e-06,0.000988364856096536,1.73351743731473,5.09498781691362,True,3.2246170096791245,5.09498781691362,0.0
7.0,4.0,cd4_0h_vs_12h,REACTOME_BRANCHED_CHAIN_AMINO_ACID_CATABOLISM,permuted,20464819.0,0.952380952380952,0.0,7.93371655046569e-05,0.0097584713570728,1.417962696362,4.1005233197136,True,2.7057819429935717,3.79545011009365,-0.30507320961995044
7.0,4.0,cd4_0h_vs_12h,REACTOME_BRANCHED_CHAIN_AMINO_ACID_CATABOLISM,random,20474819.0,1.0,1.11022302462516e-16,3.81265104892234e-05,0.00468956079017448,1.52606285259303,4.41877294150378,True,2.7057819429935717,3.79545011009365,-0.6233228314101305
7.0,4.0,cd4_0h_vs_12h,REACTOME_BRANCHED_CHAIN_AMINO_ACID_CATABOLISM,true,,0.0,0.0,0.000160158462101912,0.0196994908385352,1.30596515981639,3.79545011009365,True,2.7057819429935717,3.79545011009365,0.0
7.0,5.0,cd4_0h_vs_12h,REACTOME_DISEASES_ASSOCIATED_WITH_GLYCOSYLATION_PRECURSOR_BIOSYNTHESIS,permuted,20465819.0,0.944444444444444,0.0,0.0150822934297104,1.0,0.0,1.82153261416016,False,3.2246170096791245,0.994211379196843,-0.827321234963317
7.0,5.0,cd4_0h_vs_12h,REACTOME_DISEASES_ASSOCIATED_WITH_GLYCOSYLATION_PRECURSOR_BIOSYNTHESIS,random,20475819.0,1.0,1.11022302462516e-16,0.0034223189265975,0.420945227971492,0.613004412282997,2.46567952091782,False,3.2246170096791245,0.994211379196843,-1.4714681417209772
7.0,5.0,cd4_0h_vs_12h,REACTOME_DISEASES_ASSOCIATED_WITH_GLYCOSYLATION_PRECURSOR_BIOSYNTHESIS,true,,0.0,0.0,0.101341801629482,1.0,0.0,0.994211379196843,False,3.2246170096791245,0.994211379196843,0.0
7.0,6.0,cd4_0h_vs_12h,REACTOME_GLYCOSPHINGOLIPID_METABOLISM,permuted,20466819.0,0.916666666666667,0.0,0.0351222601892017,1.0,0.0,1.45441754412943,False,3.2246170096791245,2.02365997647813,0.5692424323486998
7.0,6.0,cd4_0h_vs_12h,REACTOME_GLYCOSPHINGOLIPID_METABOLISM,random,20476819.0,1.0,2.22044604925031e-16,0.00196887460329715,0.242171576205549,0.784778205325666,2.70578194299357,False,3.2246170096791245,2.02365997647813,-0.6821219665154401
7.0,6.0,cd4_0h_vs_12h,REACTOME_GLYCOSPHINGOLIPID_METABOLISM,true,,0.0,0.0,0.00946978291842922,1.0,0.0,2.02365997647813,False,3.2246170096791245,2.02365997647813,0.0
7.0,7.0,cd4_0h_vs_12h,REACTOME_GLYOXYLATE_METABOLISM_AND_GLYCINE_DEGRADATION,permuted,20467819.0,1.0,0.0,9.5725425402497e-08,1.17742273245071e-05,2.2201503515613,7.01897269497718,True,2.238338588554161,6.60736629503362,-0.41160639994355996
7.0,7.0,cd4_0h_vs_12h,REACTOME_GLYOXYLATE_METABOLISM_AND_GLYCINE_DEGRADATION,random,20477819.0,1.0,2.22044604925031e-16,1.49821174952854e-06,0.00018428004519201,1.93249105817205,5.82442680135432,True,2.238338588554161,6.60736629503362,0.7829394936792999
7.0,7.0,cd4_0h_vs_12h,REACTOME_GLYOXYLATE_METABOLISM_AND_GLYCINE_DEGRADATION,true,,0.0,0.0,2.46964030878651e-07,3.03765757980741e-05,2.12543199928726,6.60736629503362,True,2.238338588554161,6.60736629503362,0.0
7.0,8.0,cd4_0h_vs_12h,REACTOME_INOSITOL_PHOSPHATE_METABOLISM,permuted,20468819.0,0.976190476190476,0.0,3.81265104892234e-05,0.00468956079017448,1.52606285259303,4.41877294150378,True,3.2246170096791245,3.79545011009365,-0.6233228314101305
7.0,8.0,cd4_0h_vs_12h,REACTOME_INOSITOL_PHOSPHATE_METABOLISM,random,20478819.0,1.0,2.22044604925031e-16,1.69038678268048e-10,2.07917574269699e-08,2.77166173987722,9.77201391173862,True,3.2246170096791245,3.79545011009365,-5.97656380164497
7.0,8.0,cd4_0h_vs_12h,REACTOME_INOSITOL_PHOSPHATE_METABOLISM,true,,0.0,0.0,0.000160158462101912,0.0196994908385352,1.30596515981639,3.79545011009365,True,3.2246170096791245,3.79545011009365,0.0
7.0,9.0,cd4_0h_vs_12h,REACTOME_METABOLISM_OF_STEROID_HORMONES,permuted,20469819.0,0.952380952380952,0.0,8.03548663493119e-06,0.000988364856096536,1.73351743731473,5.09498781691362,True,2.958734584976284,5.82442680135432,0.7294389844406997
7.0,9.0,cd4_0h_vs_12h,REACTOME_METABOLISM_OF_STEROID_HORMONES,random,20479819.0,1.0,1.11022302462516e-16,3.52341775794401e-06,0.000433380384227113,1.83388406114409,5.45303586115776,True,2.958734584976284,5.82442680135432,0.3713909401965596
7.0,9.0,cd4_0h_vs_12h,REACTOME_METABOLISM_OF_STEROID_HORMONES,true,,0.0,0.0,1.49821174952854e-06,0.00018428004519201,1.93249105817205,5.82442680135432,True,2.958734584976284,5.82442680135432,0.0
7.0,10.0,cd4_0h_vs_12h,REACTOME_REGULATION_OF_LIPID_METABOLISM_BY_PPARALPHA,permuted,20470819.0,0.97979797979798,0.0,0.000313688994347936,0.0385837463047961,1.18894726823464,3.503500718082,True,3.2246170096791245,6.60736629503362,3.1038655769516197
7.0,10.0,cd4_0h_vs_12h,REACTOME_REGULATION_OF_LIPID_METABOLISM_BY_PPARALPHA,random,20480819.0,1.0,2.22044604925031e-16,1.59178638580836e-11,1.95789725454428e-09,2.95096765529579,10.7981152140414,True,3.2246170096791245,6.60736629503362,-4.190748919007781
7.0,10.0,cd4_0h_vs_12h,REACTOME_REGULATION_OF_LIPID_METABOLISM_BY_PPARALPHA,true,,0.0,0.0,2.46964030878651e-07,3.03765757980741e-05,2.12543199928726,6.60736629503362,True,3.2246170096791245,6.60736629503362,0.0
7.0,11.0,cd4_0h_vs_12h,REACTOME_SPHINGOLIPID_METABOLISM,permuted,20471819.0,0.986111111111111,0.0,0.00946978291842922,1.0,0.0,2.02365997647813,False,1.1357967857740106,5.09498781691362,3.0713278404354902
7.0,11.0,cd4_0h_vs_12h,REACTOME_SPHINGOLIPID_METABOLISM,random,20481819.0,1.0,2.22044604925031e-16,3.81265104892234e-05,0.00468956079017448,1.52606285259303,4.41877294150378,True,1.1357967857740106,5.09498781691362,0.6762148754098396
7.0,11.0,cd4_0h_vs_12h,REACTOME_SPHINGOLIPID_METABOLISM,true,,0.0,0.0,8.03548663493119e-06,0.000988364856096536,1.73351743731473,5.09498781691362,True,1.1357967857740106,5.09498781691362,0.0
7.0,12.0,cd4_12h_vs_24h,KEGG_DRUG_METABOLISM_CYTOCHROME_P450,permuted,20472819.0,0.952380952380952,0.0,0.0351222601892017,1.0,0.0,1.45441754412943,False,5.094987816913624,3.79545011009365,2.3410325659642197
7.0,12.0,cd4_12h_vs_24h,KEGG_DRUG_METABOLISM_CYTOCHROME_P450,random,20482819.0,1.0,2.22044604925031e-16,7.93371655046569e-05,0.0097584713570728,1.417962696362,4.1005233197136,True,5.094987816913624,3.79545011009365,-0.30507320961995044
7.0,12.0,cd4_12h_vs_24h,KEGG_DRUG_METABOLISM_CYTOCHROME_P450,true,,0.0,0.0,0.000160158462101912,0.0196994908385352,1.30596515981639,3.79545011009365,True,5.094987816913624,3.79545011009365,0.0
7.0,13.0,cd4_12h_vs_24h,KEGG_PYRIMIDINE_METABOLISM,permuted,20473819.0,1.0,0.0,6.1774102028672e-07,7.59821454952666e-05,2.02960302707371,6.20919355894615,True,2.958734584976284,5.09498781691362,-1.1142057420325298
7.0,13.0,cd4_12h_vs_24h,KEGG_PYRIMIDINE_METABOLISM,random,20483819.0,1.0,2.22044604925031e-16,1.69038678268048e-10,2.07917574269699e-08,2.77166173987722,9.77201391173862,True,2.958734584976284,5.09498781691362,-4.677026094825
7.0,13.0,cd4_12h_vs_24h,KEGG_PYRIMIDINE_METABOLISM,true,,0.0,0.0,8.03548663493119e-06,0.000988364856096536,1.73351743731473,5.09498781691362,True,2.958734584976284,5.09498781691362,0.0
7.0,14.0,cd4_12h_vs_24h,REACTOME_GLYCEROPHOSPHOLIPID_BIOSYNTHESIS,permuted,20474819.0,0.947916666666667,0.0,0.0010996776918826,0.13526035610156,0.932110226066041,2.95873458497628,False,3.503500718082003,0.745352021196044,-2.213382563780236
7.0,14.0,cd4_12h_vs_24h,REACTOME_GLYCEROPHOSPHOLIPID_BIOSYNTHESIS,random,20484819.0,1.0,2.22044604925031e-16,2.46964030878651e-07,3.03765757980741e-05,2.12543199928726,6.60736629503362,True,3.503500718082003,0.745352021196044,-5.862014273837575
7.0,14.0,cd4_12h_vs_24h,REACTOME_GLYCEROPHOSPHOLIPID_BIOSYNTHESIS,true,,0.0,0.0,0.179741341532766,1.0,0.0,0.745352021196044,False,3.503500718082003,0.745352021196044,0.0
7.0,15.0,cd4_12h_vs_24h,REACTOME_NUCLEOBASE_CATABOLISM,permuted,20475819.0,0.925925925925926,0.0,7.93371655046569e-05,0.0097584713570728,1.417962696362,4.1005233197136,True,3.2246170096791245,3.79545011009365,-0.30507320961995044
7.0,15.0,cd4_12h_vs_24h,REACTOME_NUCLEOBASE_CATABOLISM,random,20485819.0,1.0,2.22044604925031e-16,0.000160158462101912,0.0196994908385352,1.30596515981639,3.79545011009365,True,3.2246170096791245,3.79545011009365,0.0
7.0,15.0,cd4_12h_vs_24h,REACTOME_NUCLEOBASE_CATABOLISM,true,,0.0,0.0,0.000160158462101912,0.0196994908385352,1.30596515981639,3.79545011009365,True,3.2246170096791245,3.79545011009365,0.0
7.0,16.0,cd4_12h_vs_24h,REACTOME_PHOSPHOLIPID_METABOLISM,permuted,20476819.0,0.988235294117647,0.0,0.00059618767048381,0.0733310834695086,1.06522856619588,3.22461700967912,False,1.2891318553175355,2.46567952091782,-0.7589374887612998
7.0,16.0,cd4_12h_vs_24h,REACTOME_PHOSPHOLIPID_METABOLISM,random,20486819.0,1.0,2.22044604925031e-16,0.00946978291842922,1.0,0.0,2.02365997647813,False,1.2891318553175355,2.46567952091782,0.4420195444396904
7.0,16.0,cd4_12h_vs_24h,REACTOME_PHOSPHOLIPID_METABOLISM,true,,0.0,0.0,0.0034223189265975,0.420945227971492,0.613004412282997,2.46567952091782,False,1.2891318553175355,2.46567952091782,0.0
7.0,17.0,cd4_12h_vs_24h,REACTOME_PYRUVATE_METABOLISM,permuted,20477819.0,0.961538461538462,0.0,3.59717677613814e-08,4.42452743464991e-06,2.31389997788891,7.44403821911369,True,3.503500718082003,6.20919355894615,-1.23484466016754
7.0,17.0,cd4_12h_vs_24h,REACTOME_PYRUVATE_METABOLISM,random,20487819.0,1.0,2.22044604925031e-16,0.0150822934297104,1.0,0.0,1.82153261416016,False,3.503500718082003,6.20919355894615,4.38766094478599
7.0,17.0,cd4_12h_vs_24h,REACTOME_PYRUVATE_METABOLISM,true,,0.0,0.0,6.1774102028672e-07,7.59821454952666e-05,2.02960302707371,6.20919355894615,True,3.503500718082003,6.20919355894615,0.0
7.0,18.0,cd4_12h_vs_24h,REACTOME_SULFUR_AMINO_ACID_METABOLISM,permuted,20478819.0,0.956521739130435,0.0,0.0351222601892017,1.0,0.0,1.45441754412943,False,4.1005233197136,2.95873458497628,1.50431704084685
7.0,18.0,cd4_12h_vs_24h,REACTOME_SULFUR_AMINO_ACID_METABOLISM,random,20488819.0,1.0,2.22044604925031e-16,0.0150822934297104,1.0,0.0,1.82153261416016,False,4.1005233197136,2.95873458497628,1.13720197081612
7.0,18.0,cd4_12h_vs_24h,REACTOME_SULFUR_AMINO_ACID_METABOLISM,true,,0.0,0.0,0.0010996776918826,0.13526035610156,0.932110226066041,2.95873458497628,False,4.1005233197136,2.95873458497628,0.0
7.0,19.0,cd4_12h_vs_24h,REACTOME_SYNTHESIS_OF_SUBSTRATES_IN_N_GLYCAN_BIOSYTHESIS,permuted,20479819.0,0.961538461538462,0.0,0.288162930520753,1.0,0.0,0.540361887872263,False,4.1005233197136,0.994211379196843,0.45384949132457997
7.0,19.0,cd4_12h_vs_24h,REACTOME_SYNTHESIS_OF_SUBSTRATES_IN_N_GLYCAN_BIOSYTHESIS,random,20489819.0,1.0,2.22044604925031e-16,0.00059618767048381,0.0733310834695086,1.06522856619588,3.22461700967912,False,4.1005233197136,0.994211379196843,-2.2304056304822772
7.0,19.0,cd4_12h_vs_24h,REACTOME_SYNTHESIS_OF_SUBSTRATES_IN_N_GLYCAN_BIOSYTHESIS,true,,0.0,0.0,0.101341801629482,1.0,0.0,0.994211379196843,False,4.1005233197136,0.994211379196843,0.0
7.0,20.0,cd4_12h_vs_24h,REACTOME_TRIGLYCERIDE_METABOLISM,permuted,20480819.0,1.0,0.0,0.000160158462101912,0.0196994908385352,1.30596515981639,3.79545011009365,True,2.958734584976284,3.79545011009365,0.0
7.0,20.0,cd4_12h_vs_24h,REACTOME_TRIGLYCERIDE_METABOLISM,random,20490819.0,1.0,2.22044604925031e-16,7.93371655046569e-05,0.0097584713570728,1.417962696362,4.1005233197136,True,2.958734584976284,3.79545011009365,-0.30507320961995044
7.0,20.0,cd4_12h_vs_24h,REACTOME_TRIGLYCERIDE_METABOLISM,true,,0.0,0.0,0.000160158462101912,0.0196994908385352,1.30596515981639,3.79545011009365,True,2.958734584976284,3.79545011009365,0.0
7.0,21.0,cd4_0h_vs_24h,KEGG_ETHER_LIPID_METABOLISM,permuted,20481819.0,0.947368421052632,0.0,7.93371655046569e-05,0.0097584713570728,1.417962696362,4.1005233197136,True,3.2246170096791245,2.95873458497628,-1.1417887347373203
7.0,21.0,cd4_0h_vs_24h,KEGG_ETHER_LIPID_METABOLISM,random,20491819.0,1.0,1.11022302462516e-16,0.000160158462101912,0.0196994908385352,1.30596515981639,3.79545011009365,True,3.2246170096791245,2.95873458497628,-0.8367155251173699
7.0,21.0,cd4_0h_vs_24h,KEGG_ETHER_LIPID_METABOLISM,true,,0.0,0.0,0.0010996776918826,0.13526035610156,0.932110226066041,2.95873458497628,False,3.2246170096791245,2.95873458497628,0.0
7.0,22.0,cd4_0h_vs_24h,KEGG_GLYCOSAMINOGLYCAN_BIOSYNTHESIS_CHONDROITIN_SULFATE,permuted,20482819.0,0.944444444444444,0.0,1.77726970010602e-05,0.0021860417311304,1.63105534906276,4.75024666314563,True,2.958734584976284,5.45303586115776,0.7027891980121304
7.0,22.0,cd4_0h_vs_24h,KEGG_GLYCOSAMINOGLYCAN_BIOSYNTHESIS_CHONDROITIN_SULFATE,random,20492819.0,1.0,1.11022302462516e-16,6.1774102028672e-07,7.59821454952666e-05,2.02960302707371,6.20919355894615,True,2.958734584976284,5.45303586115776,-0.7561576977883897
7.0,22.0,cd4_0h_vs_24h,KEGG_GLYCOSAMINOGLYCAN_BIOSYNTHESIS_CHONDROITIN_SULFATE,true,,0.0,0.0,3.52341775794401e-06,0.000433380384227113,1.83388406114409,5.45303586115776,True,2.958734584976284,5.45303586115776,0.0
7.0,23.0,cd4_0h_vs_24h,KEGG_RETINOL_METABOLISM,permuted,20483819.0,1.0,0.0,7.93371655046569e-05,0.0097584713570728,1.417962696362,4.1005233197136,True,1.6318318524960433,2.95873458497628,-1.1417887347373203
7.0,23.0,cd4_0h_vs_24h,KEGG_RETINOL_METABOLISM,random,20493819.0,1.0,2.22044604925031e-16,3.81265104892234e-05,0.00468956079017448,1.52606285259303,4.41877294150378,True,1.6318318524960433,2.95873458497628,-1.4600383565275004
7.0,23.0,cd4_0h_vs_24h,KEGG_RETINOL_METABOLISM,true,,0.0,0.0,0.0010996776918826,0.13526035610156,0.932110226066041,2.95873458497628,False,1.6318318524960433,2.95873458497628,0.0
7.0,24.0,cd4_0h_vs_24h,REACTOME_BILE_ACID_AND_BILE_SALT_METABOLISM,permuted,20484819.0,0.956521739130435,0.0,6.1774102028672e-07,7.59821454952666e-05,2.02960302707371,6.20919355894615,True,2.958734584976284,5.82442680135432,-0.3847667575918301
7.0,24.0,cd4_0h_vs_24h,REACTOME_BILE_ACID_AND_BILE_SALT_METABOLISM,random,20494819.0,1.0,2.22044604925031e-16,1.49821174952854e-06,0.00018428004519201,1.93249105817205,5.82442680135432,True,2.958734584976284,5.82442680135432,0.0
7.0,24.0,cd4_0h_vs_24h,REACTOME_BILE_ACID_AND_BILE_SALT_METABOLISM,true,,0.0,0.0,1.49821174952854e-06,0.00018428004519201,1.93249105817205,5.82442680135432,True,2.958734584976284,5.82442680135432,0.0
7.0,25.0,cd4_0h_vs_24h,REACTOME_FATTY_ACYL_COA_BIOSYNTHESIS,permuted,20485819.0,1.0,0.0,1.69038678268048e-10,2.07917574269699e-08,2.77166173987722,9.77201391173862,True,2.238338588554161,7.01897269497718,-2.7530412167614404
7.0,25.0,cd4_0h_vs_24h,REACTOME_FATTY_ACYL_COA_BIOSYNTHESIS,random,20495819.0,1.0,2.22044604925031e-16,1.59178638580836e-11,1.95789725454428e-09,2.95096765529579,10.7981152140414,True,2.238338588554161,7.01897269497718,-3.779142519064221
7.0,25.0,cd4_0h_vs_24h,REACTOME_FATTY_ACYL_COA_BIOSYNTHESIS,true,,0.0,0.0,9.5725425402497e-08,1.17742273245071e-05,2.2201503515613,7.01897269497718,True,2.238338588554161,7.01897269497718,0.0
7.0,26.0,cd4_0h_vs_24h,REACTOME_KERATAN_SULFATE_KERATIN_METABOLISM,permuted,20486819.0,1.0,0.0,3.52341775794401e-06,0.000433380384227113,1.83388406114409,5.45303586115776,True,2.958734584976284,3.503500718082,-1.9495351430757601
7.0,26.0,cd4_0h_vs_24h,REACTOME_KERATAN_SULFATE_KERATIN_METABOLISM,random,20496819.0,1.0,2.22044604925031e-16,3.52341775794401e-06,0.000433380384227113,1.83388406114409,5.45303586115776,True,2.958734584976284,3.503500718082,-1.9495351430757601
7.0,26.0,cd4_0h_vs_24h,REACTOME_KERATAN_SULFATE_KERATIN_METABOLISM,true,,0.0,0.0,0.000313688994347936,0.0385837463047961,1.18894726823464,3.503500718082,True,2.958734584976284,3.503500718082,0.0
7.0,27.0,cd4_0h_vs_24h,REACTOME_METABOLISM_OF_FAT_SOLUBLE_VITAMINS,permuted,20487819.0,1.0,0.0,7.93371655046569e-05,0.0097584713570728,1.417962696362,4.1005233197136,True,2.958734584976284,4.41877294150378,0.31824962179018
7.0,27.0,cd4_0h_vs_24h,REACTOME_METABOLISM_OF_FAT_SOLUBLE_VITAMINS,random,20497819.0,1.0,2.22044604925031e-16,3.52341775794401e-06,0.000433380384227113,1.83388406114409,5.45303586115776,True,2.958734584976284,4.41877294150378,-1.0342629196539797
7.0,27.0,cd4_0h_vs_24h,REACTOME_METABOLISM_OF_FAT_SOLUBLE_VITAMINS,true,,0.0,0.0,3.81265104892234e-05,0.00468956079017448,1.52606285259303,4.41877294150378,True,2.958734584976284,4.41877294150378,0.0
7.0,28.0,cd4_0h_vs_24h,REACTOME_SYNTHESIS_OF_BILE_ACIDS_AND_BILE_SALTS,permuted,20488819.0,0.954545454545455,0.0,1.49821174952854e-06,0.00018428004519201,1.93249105817205,5.82442680135432,True,3.2246170096791245,4.75024666314563,-1.07418013820869
7.0,28.0,cd4_0h_vs_24h,REACTOME_SYNTHESIS_OF_BILE_ACIDS_AND_BILE_SALTS,random,20498819.0,1.0,2.22044604925031e-16,3.52341775794401e-06,0.000433380384227113,1.83388406114409,5.45303586115776,True,3.2246170096791245,4.75024666314563,-0.7027891980121304
7.0,28.0,cd4_0h_vs_24h,REACTOME_SYNTHESIS_OF_BILE_ACIDS_AND_BILE_SALTS,true,,0.0,0.0,1.77726970010602e-05,0.0021860417311304,1.63105534906276,4.75024666314563,True,3.2246170096791245,4.75024666314563,0.0
7.0,29.0,cd4_0h_vs_24h,REACTOME_SYNTHESIS_OF_GLYCOSYLPHOSPHATIDYLINOSITOL_GPI,permuted,20489819.0,1.0,0.0,3.81265104892234e-05,0.00468956079017448,1.52606285259303,4.41877294150378,True,3.2246170096791245,5.82442680135432,1.4056538598505393
7.0,29.0,cd4_0h_vs_24h,REACTOME_SYNTHESIS_OF_GLYCOSYLPHOSPHATIDYLINOSITOL_GPI,random,20499819.0,1.0,2.22044604925031e-16,3.52341775794401e-06,0.000433380384227113,1.83388406114409,5.45303586115776,True,3.2246170096791245,5.82442680135432,0.3713909401965596
7.0,29.0,cd4_0h_vs_24h,REACTOME_SYNTHESIS_OF_GLYCOSYLPHOSPHATIDYLINOSITOL_GPI,true,,0.0,0.0,1.49821174952854e-06,0.00018428004519201,1.93249105817205,5.82442680135432,True,3.2246170096791245,5.82442680135432,0.0
7.0,30.0,cd4_0h_vs_24h,REACTOME_SYNTHESIS_OF_VERY_LONG_CHAIN_FATTY_ACYL_COAS,permuted,20490819.0,1.0,0.0,0.000313688994347936,0.0385837463047961,1.18894726823464,3.503500718082,True,4.418772941503782,4.75024666314563,1.2467459450636298
7.0,30.0,cd4_0h_vs_24h,REACTOME_SYNTHESIS_OF_VERY_LONG_CHAIN_FATTY_ACYL_COAS,random,20500819.0,1.0,1.11022302462516e-16,0.000160158462101912,0.0196994908385352,1.30596515981639,3.79545011009365,True,4.418772941503782,4.75024666314563,0.9547965530519797
7.0,30.0,cd4_0h_vs_24h,REACTOME_SYNTHESIS_OF_VERY_LONG_CHAIN_FATTY_ACYL_COAS,true,,0.0,0.0,1.77726970010602e-05,0.0021860417311304,1.63105534906276,4.75024666314563,True,4.418772941503782,4.75024666314563,0.0
8.0,1.0,cd4_0h_vs_12h,KEGG_NITROGEN_METABOLISM,permuted,20461820.0,1.0,0.0,0.00059618767048381,0.0733310834695086,1.06522856619588,3.22461700967912,False,4.418772941503782,2.95873458497628,-0.26588242470283996
8.0,1.0,cd4_0h_vs_12h,KEGG_NITROGEN_METABOLISM,random,20471820.0,1.0,2.22044604925031e-16,0.000160158462101912,0.0196994908385352,1.30596515981639,3.79545011009365,True,4.418772941503782,2.95873458497628,-0.8367155251173699
8.0,1.0,cd4_0h_vs_12h,KEGG_NITROGEN_METABOLISM,true,,0.0,0.0,0.0010996776918826,0.13526035610156,0.932110226066041,2.95873458497628,False,4.418772941503782,2.95873458497628,0.0
8.0,2.0,cd4_0h_vs_12h,KEGG_PENTOSE_PHOSPHATE_PATHWAY,permuted,20462820.0,1.0,0.0,9.5725425402497e-08,1.17742273245071e-05,2.2201503515613,7.01897269497718,True,2.7057819429935717,6.20919355894615,-0.8097791360310298
8.0,2.0,cd4_0h_vs_12h,KEGG_PENTOSE_PHOSPHATE_PATHWAY,random,20472820.0,1.0,1.11022302462516e-16,6.1774102028672e-07,7.59821454952666e-05,2.02960302707371,6.20919355894615,True,2.7057819429935717,6.20919355894615,0.0
8.0,2.0,cd4_0h_vs_12h,KEGG_PENTOSE_PHOSPHATE_PATHWAY,true,,0.0,0.0,6.1774102028672e-07,7.59821454952666e-05,2.02960302707371,6.20919355894615,True,2.7057819429935717,6.20919355894615,0.0
8.0,3.0,cd4_0h_vs_12h,KEGG_PORPHYRIN_AND_CHLOROPHYLL_METABOLISM,permuted,20463820.0,1.0,0.0,1.69038678268048e-10,2.07917574269699e-08,2.77166173987722,9.77201391173862,True,3.2246170096791245,6.60736629503362,-3.1646476167050004
8.0,3.0,cd4_0h_vs_12h,KEGG_PORPHYRIN_AND_CHLOROPHYLL_METABOLISM,random,20473820.0,1.0,1.11022302462516e-16,9.5725425402497e-08,1.17742273245071e-05,2.2201503515613,7.01897269497718,True,3.2246170096791245,6.60736629503362,-0.41160639994355996
8.0,3.0,cd4_0h_vs_12h,KEGG_PORPHYRIN_AND_CHLOROPHYLL_METABOLISM,true,,0.0,0.0,2.46964030878651e-07,3.03765757980741e-05,2.12543199928726,6.60736629503362,True,3.2246170096791245,6.60736629503362,0.0
8.0,4.0,cd4_0h_vs_12h,REACTOME_BRANCHED_CHAIN_AMINO_ACID_CATABOLISM,permuted,20464820.0,1.0,0.0,0.0233436169134307,1.0,0.0,1.63183185249604,False,2.7057819429935717,2.95873458497628,1.32690273248024
8.0,4.0,cd4_0h_vs_12h,REACTOME_BRANCHED_CHAIN_AMINO_ACID_CATABOLISM,random,20474820.0,1.0,2.22044604925031e-16,0.00059618767048381,0.0733310834695086,1.06522856619588,3.22461700967912,False,2.7057819429935717,2.95873458497628,-0.26588242470283996
8.0,4.0,cd4_0h_vs_12h,REACTOME_BRANCHED_CHAIN_AMINO_ACID_CATABOLISM,true,,0.0,0.0,0.0010996776918826,0.13526035610156,0.932110226066041,2.95873458497628,False,2.7057819429935717,2.95873458497628,0.0
8.0,5.0,cd4_0h_vs_12h,REACTOME_DISEASES_ASSOCIATED_WITH_GLYCOSYLATION_PRECURSOR_BIOSYNTHESIS,permuted,20465820.0,0.944444444444444,0.0,1.77726970010602e-05,0.0021860417311304,1.63105534906276,4.75024666314563,True,3.2246170096791245,4.1005233197136,-0.6497233434320293
8.0,5.0,cd4_0h_vs_12h,REACTOME_DISEASES_ASSOCIATED_WITH_GLYCOSYLATION_PRECURSOR_BIOSYNTHESIS,random,20475820.0,1.0,1.11022302462516e-16,3.81265104892234e-05,0.00468956079017448,1.52606285259303,4.41877294150378,True,3.2246170096791245,4.1005233197136,-0.31824962179018
8.0,5.0,cd4_0h_vs_12h,REACTOME_DISEASES_ASSOCIATED_WITH_GLYCOSYLATION_PRECURSOR_BIOSYNTHESIS,true,,0.0,0.0,7.93371655046569e-05,0.0097584713570728,1.417962696362,4.1005233197136,True,3.2246170096791245,4.1005233197136,0.0
8.0,6.0,cd4_0h_vs_12h,REACTOME_GLYCOSPHINGOLIPID_METABOLISM,permuted,20466820.0,1.0,0.0,0.00577645522630862,0.71050399283596,0.385270654364906,2.23833858855416,False,3.2246170096791245,5.09498781691362,2.8566492283594602
8.0,6.0,cd4_0h_vs_12h,REACTOME_GLYCOSPHINGOLIPID_METABOLISM,random,20476820.0,1.0,2.22044604925031e-16,0.00577645522630862,0.71050399283596,0.385270654364906,2.23833858855416,False,3.2246170096791245,5.09498781691362,2.8566492283594602
8.0,6.0,cd4_0h_vs_12h,REACTOME_GLYCOSPHINGOLIPID_METABOLISM,true,,0.0,0.0,8.03548663493119e-06,0.000988364856096536,1.73351743731473,5.09498781691362,True,3.2246170096791245,5.09498781691362,0.0
8.0,7.0,cd4_0h_vs_12h,REACTOME_GLYOXYLATE_METABOLISM_AND_GLYCINE_DEGRADATION,permuted,20467820.0,1.0,0.0,9.5725425402497e-08,1.17742273245071e-05,2.2201503515613,7.01897269497718,True,2.238338588554161,10.2782691676256,3.259296472648421
8.0,7.0,cd4_0h_vs_12h,REACTOME_GLYOXYLATE_METABOLISM_AND_GLYCINE_DEGRADATION,random,20477820.0,1.0,2.22044604925031e-16,1.31042954439412e-08,1.61182833960477e-06,2.40679895558663,7.8825863240523,True,2.238338588554161,10.2782691676256,2.3956828435733
8.0,7.0,cd4_0h_vs_12h,REACTOME_GLYOXYLATE_METABOLISM_AND_GLYCINE_DEGRADATION,true,,0.0,0.0,5.26903195422322e-11,6.48090930369456e-09,2.8615317674606,10.2782691676256,True,2.238338588554161,10.2782691676256,0.0
8.0,8.0,cd4_0h_vs_12h,REACTOME_INOSITOL_PHOSPHATE_METABOLISM,permuted,20468820.0,1.0,0.0,1.49821174952854e-06,0.00018428004519201,1.93249105817205,5.82442680135432,True,3.2246170096791245,3.22461700967912,-2.5998097916751997
8.0,8.0,cd4_0h_vs_12h,REACTOME_INOSITOL_PHOSPHATE_METABOLISM,random,20478820.0,1.0,2.22044604925031e-16,6.1774102028672e-07,7.59821454952666e-05,2.02960302707371,6.20919355894615,True,3.2246170096791245,3.22461700967912,-2.9845765492670298
8.0,8.0,cd4_0h_vs_12h,REACTOME_INOSITOL_PHOSPHATE_METABOLISM,true,,0.0,0.0,0.00059618767048381,0.0733310834695086,1.06522856619588,3.22461700967912,False,3.2246170096791245,3.22461700967912,0.0
8.0,9.0,cd4_0h_vs_12h,REACTOME_METABOLISM_OF_STEROID_HORMONES,permuted,20469820.0,1.0,0.0,8.03548663493119e-06,0.000988364856096536,1.73351743731473,5.09498781691362,True,2.958734584976284,7.8825863240523,2.7875985071386804
8.0,9.0,cd4_0h_vs_12h,REACTOME_METABOLISM_OF_STEROID_HORMONES,random,20479820.0,1.0,1.11022302462516e-16,1.58410791482518e-09,1.94845273523497e-07,2.59042662985857,8.80021523611983,True,2.958734584976284,7.8825863240523,-0.9176289120675287
8.0,9.0,cd4_0h_vs_12h,REACTOME_METABOLISM_OF_STEROID_HORMONES,true,,0.0,0.0,1.31042954439412e-08,1.61182833960477e-06,2.40679895558663,7.8825863240523,True,2.958734584976284,7.8825863240523,0.0
8.0,10.0,cd4_0h_vs_12h,REACTOME_REGULATION_OF_LIPID_METABOLISM_BY_PPARALPHA,permuted,20470820.0,1.0,0.0,9.5725425402497e-08,1.17742273245071e-05,2.2201503515613,7.01897269497718,True,3.2246170096791245,5.45303586115776,-1.5659368338194195
8.0,10.0,cd4_0h_vs_12h,REACTOME_REGULATION_OF_LIPID_METABOLISM_BY_PPARALPHA,random,20480820.0,1.0,2.22044604925031e-16,1.59178638580836e-11,1.95789725454428e-09,2.95096765529579,10.7981152140414,True,3.2246170096791245,5.45303586115776,-5.345079352883641
8.0,10.0,cd4_0h_vs_12h,REACTOME_REGULATION_OF_LIPID_METABOLISM_BY_PPARALPHA,true,,0.0,0.0,3.52341775794401e-06,0.000433380384227113,1.83388406114409,5.45303586115776,True,3.2246170096791245,5.45303586115776,0.0
8.0,11.0,cd4_0h_vs_12h,REACTOME_SPHINGOLIPID_METABOLISM,permuted,20471820.0,0.986111111111111,0.0,0.0513887607461245,1.0,0.0,1.28913185531754,False,1.1357967857740106,1.45441754412943,0.1652856888118901
8.0,11.0,cd4_0h_vs_12h,REACTOME_SPHINGOLIPID_METABOLISM,random,20481820.0,1.0,2.22044604925031e-16,0.0150822934297104,1.0,0.0,1.82153261416016,False,1.1357967857740106,1.45441754412943,-0.36711507003072996
8.0,11.0,cd4_0h_vs_12h,REACTOME_SPHINGOLIPID_METABOLISM,true,,0.0,0.0,0.0351222601892017,1.0,0.0,1.45441754412943,False,1.1357967857740106,1.45441754412943,0.0
8.0,12.0,cd4_12h_vs_24h,KEGG_DRUG_METABOLISM_CYTOCHROME_P450,permuted,20472820.0,1.0,0.0,3.81265104892234e-05,0.00468956079017448,1.52606285259303,4.41877294150378,True,5.094987816913624,6.60736629503362,2.188593353529839
8.0,12.0,cd4_12h_vs_24h,KEGG_DRUG_METABOLISM_CYTOCHROME_P450,random,20482820.0,1.0,1.11022302462516e-16,9.5725425402497e-08,1.17742273245071e-05,2.2201503515613,7.01897269497718,True,5.094987816913624,6.60736629503362,-0.41160639994355996
8.0,12.0,cd4_12h_vs_24h,KEGG_DRUG_METABOLISM_CYTOCHROME_P450,true,,0.0,0.0,2.46964030878651e-07,3.03765757980741e-05,2.12543199928726,6.60736629503362,True,5.094987816913624,6.60736629503362,0.0
8.0,13.0,cd4_12h_vs_24h,KEGG_PYRIMIDINE_METABOLISM,permuted,20473820.0,0.988888888888889,0.0,3.52341775794401e-06,0.000433380384227113,1.83388406114409,5.45303586115776,True,2.958734584976284,9.27933459064804,3.8262987294902793
8.0,13.0,cd4_12h_vs_24h,KEGG_PYRIMIDINE_METABOLISM,random,20483820.0,1.0,1.11022302462516e-16,3.63636990445739e-13,4.47273498248259e-11,3.21705250715417,12.4393319452263,True,2.958734584976284,9.27933459064804,-3.1599973545782607
8.0,13.0,cd4_12h_vs_24h,KEGG_PYRIMIDINE_METABOLISM,true,,0.0,0.0,5.25612166428945e-10,6.46502964707602e-08,2.68131114927169,9.27933459064804,True,2.958734584976284,9.27933459064804,0.0
8.0,14.0,cd4_12h_vs_24h,REACTOME_GLYCEROPHOSPHOLIPID_BIOSYNTHESIS,permuted,20474820.0,1.0,0.0,0.00577645522630862,0.71050399283596,0.385270654364906,2.23833858855416,False,3.503500718082003,3.22461700967912,0.9862784211249602
8.0,14.0,cd4_12h_vs_24h,REACTOME_GLYCEROPHOSPHOLIPID_BIOSYNTHESIS,random,20484820.0,1.0,2.22044604925031e-16,0.000313688994347936,0.0385837463047961,1.18894726823464,3.503500718082,True,3.503500718082003,3.22461700967912,-0.2788837084028799
8.0,14.0,cd4_12h_vs_24h,REACTOME_GLYCEROPHOSPHOLIPID_BIOSYNTHESIS,true,,0.0,0.0,0.00059618767048381,0.0733310834695086,1.06522856619588,3.22461700967912,False,3.503500718082003,3.22461700967912,0.0
8.0,15.0,cd4_12h_vs_24h,REACTOME_NUCLEOBASE_CATABOLISM,permuted,20475820.0,0.925925925925926,0.0,0.00196887460329715,0.242171576205549,0.784778205325666,2.70578194299357,False,3.2246170096791245,2.02365997647813,-0.6821219665154401
8.0,15.0,cd4_12h_vs_24h,REACTOME_NUCLEOBASE_CATABOLISM,random,20485820.0,1.0,2.22044604925031e-16,0.000313688994347936,0.0385837463047961,1.18894726823464,3.503500718082,True,3.2246170096791245,2.02365997647813,-1.4798407416038701
8.0,15.0,cd4_12h_vs_24h,REACTOME_NUCLEOBASE_CATABOLISM,true,,0.0,0.0,0.00946978291842922,1.0,0.0,2.02365997647813,False,3.2246170096791245,2.02365997647813,0.0
8.0,16.0,cd4_12h_vs_24h,REACTOME_PHOSPHOLIPID_METABOLISM,permuted,20476820.0,1.0,0.0,0.00059618767048381,0.0733310834695086,1.06522856619588,3.22461700967912,False,1.2891318553175355,3.79545011009365,0.57083310041453
8.0,16.0,cd4_12h_vs_24h,REACTOME_PHOSPHOLIPID_METABOLISM,random,20486820.0,1.0,2.22044604925031e-16,2.46964030878651e-07,3.03765757980741e-05,2.12543199928726,6.60736629503362,True,1.2891318553175355,3.79545011009365,-2.8119161849399696
8.0,16.0,cd4_12h_vs_24h,REACTOME_PHOSPHOLIPID_METABOLISM,true,,0.0,0.0,0.000160158462101912,0.0196994908385352,1.30596515981639,3.79545011009365,True,1.2891318553175355,3.79545011009365,0.0
8.0,17.0,cd4_12h_vs_24h,REACTOME_PYRUVATE_METABOLISM,permuted,20477820.0,1.0,0.0,0.101341801629482,1.0,0.0,0.994211379196843,False,3.503500718082003,4.41877294150378,3.4245615623069376
8.0,17.0,cd4_12h_vs_24h,REACTOME_PYRUVATE_METABOLISM,random,20487820.0,1.0,1.11022302462516e-16,0.0233436169134307,1.0,0.0,1.63183185249604,False,3.503500718082003,4.41877294150378,2.7869410890077404
8.0,17.0,cd4_12h_vs_24h,REACTOME_PYRUVATE_METABOLISM,true,,0.0,0.0,3.81265104892234e-05,0.00468956079017448,1.52606285259303,4.41877294150378,True,3.503500718082003,4.41877294150378,0.0
8.0,18.0,cd4_12h_vs_24h,REACTOME_SULFUR_AMINO_ACID_METABOLISM,permuted,20478820.0,0.956521739130435,0.0,8.03548663493119e-06,0.000988364856096536,1.73351743731473,5.09498781691362,True,4.1005233197136,4.1005233197136,-0.9944644972000196
8.0,18.0,cd4_12h_vs_24h,REACTOME_SULFUR_AMINO_ACID_METABOLISM,random,20488820.0,1.0,2.22044604925031e-16,0.0034223189265975,0.420945227971492,0.613004412282997,2.46567952091782,False,4.1005233197136,4.1005233197136,1.6348437987957802
8.0,18.0,cd4_12h_vs_24h,REACTOME_SULFUR_AMINO_ACID_METABOLISM,true,,0.0,0.0,7.93371655046569e-05,0.0097584713570728,1.417962696362,4.1005233197136,True,4.1005233197136,4.1005233197136,0.0
8.0,19.0,cd4_12h_vs_24h,REACTOME_SYNTHESIS_OF_SUBSTRATES_IN_N_GLYCAN_BIOSYTHESIS,permuted,20479820.0,0.961538461538462,0.0,0.0233436169134307,1.0,0.0,1.63183185249604,False,4.1005233197136,4.1005233197136,2.4686914672175604
8.0,19.0,cd4_12h_vs_24h,REACTOME_SYNTHESIS_OF_SUBSTRATES_IN_N_GLYCAN_BIOSYTHESIS,random,20489820.0,1.0,2.22044604925031e-16,0.00946978291842922,1.0,0.0,2.02365997647813,False,4.1005233197136,4.1005233197136,2.0768633432354706
8.0,19.0,cd4_12h_vs_24h,REACTOME_SYNTHESIS_OF_SUBSTRATES_IN_N_GLYCAN_BIOSYTHESIS,true,,0.0,0.0,7.93371655046569e-05,0.0097584713570728,1.417962696362,4.1005233197136,True,4.1005233197136,4.1005233197136,0.0
8.0,20.0,cd4_12h_vs_24h,REACTOME_TRIGLYCERIDE_METABOLISM,permuted,20480820.0,0.956521739130435,0.0,1.77726970010602e-05,0.0021860417311304,1.63105534906276,4.75024666314563,True,2.958734584976284,6.60736629503362,1.85711963188799
8.0,20.0,cd4_12h_vs_24h,REACTOME_TRIGLYCERIDE_METABOLISM,random,20490820.0,1.0,2.22044604925031e-16,3.59717677613814e-08,4.42452743464991e-06,2.31389997788891,7.44403821911369,True,2.958734584976284,6.60736629503362,-0.8366719240800702
8.0,20.0,cd4_12h_vs_24h,REACTOME_TRIGLYCERIDE_METABOLISM,true,,0.0,0.0,2.46964030878651e-07,3.03765757980741e-05,2.12543199928726,6.60736629503362,True,2.958734584976284,6.60736629503362,0.0
8.0,21.0,cd4_0h_vs_24h,KEGG_ETHER_LIPID_METABOLISM,permuted,20481820.0,0.947368421052632,0.0,7.93371655046569e-05,0.0097584713570728,1.417962696362,4.1005233197136,True,3.2246170096791245,4.1005233197136,0.0
8.0,21.0,cd4_0h_vs_24h,KEGG_ETHER_LIPID_METABOLISM,random,20491820.0,1.0,1.11022302462516e-16,8.03548663493119e-06,0.000988364856096536,1.73351743731473,5.09498781691362,True,3.2246170096791245,4.1005233197136,-0.9944644972000196
8.0,21.0,cd4_0h_vs_24h,KEGG_ETHER_LIPID_METABOLISM,true,,0.0,0.0,7.93371655046569e-05,0.0097584713570728,1.417962696362,4.1005233197136,True,3.2246170096791245,4.1005233197136,0.0
8.0,22.0,cd4_0h_vs_24h,KEGG_GLYCOSAMINOGLYCAN_BIOSYNTHESIS_CHONDROITIN_SULFATE,permuted,20482820.0,0.944444444444444,0.0,1.77726970010602e-05,0.0021860417311304,1.63105534906276,4.75024666314563,True,2.958734584976284,4.1005233197136,-0.6497233434320293
8.0,22.0,cd4_0h_vs_24h,KEGG_GLYCOSAMINOGLYCAN_BIOSYNTHESIS_CHONDROITIN_SULFATE,random,20492820.0,1.0,2.22044604925031e-16,7.93371655046569e-05,0.0097584713570728,1.417962696362,4.1005233197136,True,2.958734584976284,4.1005233197136,0.0
8.0,22.0,cd4_0h_vs_24h,KEGG_GLYCOSAMINOGLYCAN_BIOSYNTHESIS_CHONDROITIN_SULFATE,true,,0.0,0.0,7.93371655046569e-05,0.0097584713570728,1.417962696362,4.1005233197136,True,2.958734584976284,4.1005233197136,0.0
8.0,23.0,cd4_0h_vs_24h,KEGG_RETINOL_METABOLISM,permuted,20483820.0,0.941176470588235,0.0,2.46964030878651e-07,3.03765757980741e-05,2.12543199928726,6.60736629503362,True,1.6318318524960433,5.45303586115776,-1.1543304338758595
8.0,23.0,cd4_0h_vs_24h,KEGG_RETINOL_METABOLISM,random,20493820.0,1.0,2.22044604925031e-16,3.52341775794401e-06,0.000433380384227113,1.83388406114409,5.45303586115776,True,1.6318318524960433,5.45303586115776,0.0
8.0,23.0,cd4_0h_vs_24h,KEGG_RETINOL_METABOLISM,true,,0.0,0.0,3.52341775794401e-06,0.000433380384227113,1.83388406114409,5.45303586115776,True,1.6318318524960433,5.45303586115776,0.0
8.0,24.0,cd4_0h_vs_24h,REACTOME_BILE_ACID_AND_BILE_SALT_METABOLISM,permuted,20484820.0,0.956521739130435,0.0,3.52341775794401e-06,0.000433380384227113,1.83388406114409,5.45303586115776,True,2.958734584976284,7.01897269497718,1.5659368338194195
8.0,24.0,cd4_0h_vs_24h,REACTOME_BILE_ACID_AND_BILE_SALT_METABOLISM,random,20494820.0,1.0,1.11022302462516e-16,6.1774102028672e-07,7.59821454952666e-05,2.02960302707371,6.20919355894615,True,2.958734584976284,7.01897269497718,0.8097791360310298
8.0,24.0,cd4_0h_vs_24h,REACTOME_BILE_ACID_AND_BILE_SALT_METABOLISM,true,,0.0,0.0,9.5725425402497e-08,1.17742273245071e-05,2.2201503515613,7.01897269497718,True,2.958734584976284,7.01897269497718,0.0
8.0,25.0,cd4_0h_vs_24h,REACTOME_FATTY_ACYL_COA_BIOSYNTHESIS,permuted,20485820.0,1.0,0.0,1.69038678268048e-10,2.07917574269699e-08,2.77166173987722,9.77201391173862,True,2.238338588554161,10.7981152140414,1.0261013023027807
8.0,25.0,cd4_0h_vs_24h,REACTOME_FATTY_ACYL_COA_BIOSYNTHESIS,random,20495820.0,1.0,2.22044604925031e-16,2.5022986233163e-14,3.07782730667905e-12,3.39289783983849,13.6016608630201,True,2.238338588554161,10.7981152140414,-2.8035456489787
8.0,25.0,cd4_0h_vs_24h,REACTOME_FATTY_ACYL_COA_BIOSYNTHESIS,true,,0.0,0.0,1.59178638580836e-11,1.95789725454428e-09,2.95096765529579,10.7981152140414,True,2.238338588554161,10.7981152140414,0.0
8.0,26.0,cd4_0h_vs_24h,REACTOME_KERATAN_SULFATE_KERATIN_METABOLISM,permuted,20486820.0,1.0,0.0,7.93371655046569e-05,0.0097584713570728,1.417962696362,4.1005233197136,True,2.958734584976284,5.45303586115776,1.3525125414441597
8.0,26.0,cd4_0h_vs_24h,REACTOME_KERATAN_SULFATE_KERATIN_METABOLISM,random,20496820.0,1.0,2.22044604925031e-16,2.46964030878651e-07,3.03765757980741e-05,2.12543199928726,6.60736629503362,True,2.958734584976284,5.45303586115776,-1.1543304338758595
8.0,26.0,cd4_0h_vs_24h,REACTOME_KERATAN_SULFATE_KERATIN_METABOLISM,true,,0.0,0.0,3.52341775794401e-06,0.000433380384227113,1.83388406114409,5.45303586115776,True,2.958734584976284,5.45303586115776,0.0
8.0,27.0,cd4_0h_vs_24h,REACTOME_METABOLISM_OF_FAT_SOLUBLE_VITAMINS,permuted,20487820.0,0.961538461538462,0.0,1.49821174952854e-06,0.00018428004519201,1.93249105817205,5.82442680135432,True,2.958734584976284,6.20919355894615,0.3847667575918301
8.0,27.0,cd4_0h_vs_24h,REACTOME_METABOLISM_OF_FAT_SOLUBLE_VITAMINS,random,20497820.0,1.0,2.22044604925031e-16,1.31042954439412e-08,1.61182833960477e-06,2.40679895558663,7.8825863240523,True,2.958734584976284,6.20919355894615,-1.6733927651061506
8.0,27.0,cd4_0h_vs_24h,REACTOME_METABOLISM_OF_FAT_SOLUBLE_VITAMINS,true,,0.0,0.0,6.1774102028672e-07,7.59821454952666e-05,2.02960302707371,6.20919355894615,True,2.958734584976284,6.20919355894615,0.0
8.0,28.0,cd4_0h_vs_24h,REACTOME_SYNTHESIS_OF_BILE_ACIDS_AND_BILE_SALTS,permuted,20488820.0,0.954545454545455,0.0,2.46964030878651e-07,3.03765757980741e-05,2.12543199928726,6.60736629503362,True,3.2246170096791245,5.82442680135432,-0.7829394936792999
8.0,28.0,cd4_0h_vs_24h,REACTOME_SYNTHESIS_OF_BILE_ACIDS_AND_BILE_SALTS,random,20498820.0,1.0,1.11022302462516e-16,6.1774102028672e-07,7.59821454952666e-05,2.02960302707371,6.20919355894615,True,3.2246170096791245,5.82442680135432,-0.3847667575918301
8.0,28.0,cd4_0h_vs_24h,REACTOME_SYNTHESIS_OF_BILE_ACIDS_AND_BILE_SALTS,true,,0.0,0.0,1.49821174952854e-06,0.00018428004519201,1.93249105817205,5.82442680135432,True,3.2246170096791245,5.82442680135432,0.0
8.0,29.0,cd4_0h_vs_24h,REACTOME_SYNTHESIS_OF_GLYCOSYLPHOSPHATIDYLINOSITOL_GPI,permuted,20489820.0,0.941176470588235,0.0,3.59717677613814e-08,4.42452743464991e-06,2.31389997788891,7.44403821911369,True,3.2246170096791245,8.80021523611983,1.3561770170061394
8.0,29.0,cd4_0h_vs_24h,REACTOME_SYNTHESIS_OF_GLYCOSYLPHOSPHATIDYLINOSITOL_GPI,random,20499820.0,1.0,1.11022302462516e-16,1.31042954439412e-08,1.61182833960477e-06,2.40679895558663,7.8825863240523,True,3.2246170096791245,8.80021523611983,0.9176289120675287
8.0,29.0,cd4_0h_vs_24h,REACTOME_SYNTHESIS_OF_GLYCOSYLPHOSPHATIDYLINOSITOL_GPI,true,,0.0,0.0,1.58410791482518e-09,1.94845273523497e-07,2.59042662985857,8.80021523611983,True,3.2246170096791245,8.80021523611983,0.0
8.0,30.0,cd4_0h_vs_24h,REACTOME_SYNTHESIS_OF_VERY_LONG_CHAIN_FATTY_ACYL_COAS,permuted,20490820.0,0.944444444444444,0.0,5.26903195422322e-11,6.48090930369456e-09,2.8615317674606,10.2782691676256,True,4.418772941503782,11.8786341140708,1.6003649464452003
8.0,30.0,cd4_0h_vs_24h,REACTOME_SYNTHESIS_OF_VERY_LONG_CHAIN_FATTY_ACYL_COAS,random,20500820.0,1.0,1.11022302462516e-16,1.32240927298422e-12,1.62656340577059e-10,3.12869445657952,11.8786341140708,True,4.418772941503782,11.8786341140708,0.0
8.0,30.0,cd4_0h_vs_24h,REACTOME_SYNTHESIS_OF_VERY_LONG_CHAIN_FATTY_ACYL_COAS,true,,0.0,0.0,1.32240927298422e-12,1.62656340577059e-10,3.12869445657952,11.8786341140708,True,4.418772941503782,11.8786341140708,0.0
9.0,1.0,cd4_0h_vs_12h,KEGG_NITROGEN_METABOLISM,permuted,20461821.0,0.941176470588235,0.0,0.0731481276708723,1.0,0.0,1.13579678577401,False,4.418772941503782,1.28913185531754,0.15333506954352982
9.0,1.0,cd4_0h_vs_12h,KEGG_NITROGEN_METABOLISM,random,20471821.0,1.0,1.11022302462516e-16,0.0150822934297104,1.0,0.0,1.82153261416016,False,4.418772941503782,1.28913185531754,-0.5324007588426201
9.0,1.0,cd4_0h_vs_12h,KEGG_NITROGEN_METABOLISM,true,,0.0,0.0,0.0513887607461245,1.0,0.0,1.28913185531754,False,4.418772941503782,1.28913185531754,0.0
9.0,2.0,cd4_0h_vs_12h,KEGG_PENTOSE_PHOSPHATE_PATHWAY,permuted,20462821.0,1.0,0.0,0.0351222601892017,1.0,0.0,1.45441754412943,False,2.7057819429935717,2.70578194299357,1.2513643988641399
9.0,2.0,cd4_0h_vs_12h,KEGG_PENTOSE_PHOSPHATE_PATHWAY,random,20472821.0,1.0,1.11022302462516e-16,3.81265104892234e-05,0.00468956079017448,1.52606285259303,4.41877294150378,True,2.7057819429935717,2.70578194299357,-1.7129909985102105
9.0,2.0,cd4_0h_vs_12h,KEGG_PENTOSE_PHOSPHATE_PATHWAY,true,,0.0,0.0,0.00196887460329715,0.242171576205549,0.784778205325666,2.70578194299357,False,2.7057819429935717,2.70578194299357,0.0
9.0,3.0,cd4_0h_vs_12h,KEGG_PORPHYRIN_AND_CHLOROPHYLL_METABOLISM,permuted,20463821.0,1.0,0.0,3.81265104892234e-05,0.00468956079017448,1.52606285259303,4.41877294150378,True,3.2246170096791245,4.1005233197136,-0.31824962179018
9.0,3.0,cd4_0h_vs_12h,KEGG_PORPHYRIN_AND_CHLOROPHYLL_METABOLISM,random,20473821.0,1.0,2.22044604925031e-16,3.59717677613814e-08,4.42452743464991e-06,2.31389997788891,7.44403821911369,True,3.2246170096791245,4.1005233197136,-3.3435148994000894
9.0,3.0,cd4_0h_vs_12h,KEGG_PORPHYRIN_AND_CHLOROPHYLL_METABOLISM,true,,0.0,0.0,7.93371655046569e-05,0.0097584713570728,1.417962696362,4.1005233197136,True,3.2246170096791245,4.1005233197136,0.0
9.0,4.0,cd4_0h_vs_12h,REACTOME_BRANCHED_CHAIN_AMINO_ACID_CATABOLISM,permuted,20464821.0,1.0,0.0,0.000160158462101912,0.0196994908385352,1.30596515981639,3.79545011009365,True,2.7057819429935717,2.70578194299357,-1.08966816710008
9.0,4.0,cd4_0h_vs_12h,REACTOME_BRANCHED_CHAIN_AMINO_ACID_CATABOLISM,random,20474821.0,1.0,1.11022302462516e-16,1.77726970010602e-05,0.0021860417311304,1.63105534906276,4.75024666314563,True,2.7057819429935717,2.70578194299357,-2.04446472015206
9.0,4.0,cd4_0h_vs_12h,REACTOME_BRANCHED_CHAIN_AMINO_ACID_CATABOLISM,true,,0.0,0.0,0.00196887460329715,0.242171576205549,0.784778205325666,2.70578194299357,False,2.7057819429935717,2.70578194299357,0.0
9.0,5.0,cd4_0h_vs_12h,REACTOME_DISEASES_ASSOCIATED_WITH_GLYCOSYLATION_PRECURSOR_BIOSYNTHESIS,permuted,20465821.0,0.944444444444444,0.0,0.00577645522630862,0.71050399283596,0.385270654364906,2.23833858855416,False,3.2246170096791245,2.02365997647813,-0.21467861207603
9.0,5.0,cd4_0h_vs_12h,REACTOME_DISEASES_ASSOCIATED_WITH_GLYCOSYLATION_PRECURSOR_BIOSYNTHESIS,random,20475821.0,1.0,2.22044604925031e-16,3.81265104892234e-05,0.00468956079017448,1.52606285259303,4.41877294150378,True,3.2246170096791245,2.02365997647813,-2.3951129650256506
9.0,5.0,cd4_0h_vs_12h,REACTOME_DISEASES_ASSOCIATED_WITH_GLYCOSYLATION_PRECURSOR_BIOSYNTHESIS,true,,0.0,0.0,0.00946978291842922,1.0,0.0,2.02365997647813,False,3.2246170096791245,2.02365997647813,0.0
9.0,6.0,cd4_0h_vs_12h,REACTOME_GLYCOSPHINGOLIPID_METABOLISM,permuted,20466821.0,1.0,0.0,7.93371655046569e-05,0.0097584713570728,1.417962696362,4.1005233197136,True,3.2246170096791245,1.45441754412943,-2.6461057755841706
9.0,6.0,cd4_0h_vs_12h,REACTOME_GLYCOSPHINGOLIPID_METABOLISM,random,20476821.0,1.0,2.22044604925031e-16,0.0351222601892017,1.0,0.0,1.45441754412943,False,3.2246170096791245,1.45441754412943,0.0
9.0,6.0,cd4_0h_vs_12h,REACTOME_GLYCOSPHINGOLIPID_METABOLISM,true,,0.0,0.0,0.0351222601892017,1.0,0.0,1.45441754412943,False,3.2246170096791245,1.45441754412943,0.0
9.0,7.0,cd4_0h_vs_12h,REACTOME_GLYOXYLATE_METABOLISM_AND_GLYCINE_DEGRADATION,permuted,20467821.0,1.0,0.0,3.52341775794401e-06,0.000433380384227113,1.83388406114409,5.45303586115776,True,2.238338588554161,7.01897269497718,1.5659368338194195
9.0,7.0,cd4_0h_vs_12h,REACTOME_GLYOXYLATE_METABOLISM_AND_GLYCINE_DEGRADATION,random,20477821.0,1.0,2.22044604925031e-16,3.59717677613814e-08,4.42452743464991e-06,2.31389997788891,7.44403821911369,True,2.238338588554161,7.01897269497718,-0.4250655241365102
9.0,7.0,cd4_0h_vs_12h,REACTOME_GLYOXYLATE_METABOLISM_AND_GLYCINE_DEGRADATION,true,,0.0,0.0,9.5725425402497e-08,1.17742273245071e-05,2.2201503515613,7.01897269497718,True,2.238338588554161,7.01897269497718,0.0
9.0,8.0,cd4_0h_vs_12h,REACTOME_INOSITOL_PHOSPHATE_METABOLISM,permuted,20468821.0,0.928571428571429,0.0,0.0233436169134307,1.0,0.0,1.63183185249604,False,3.2246170096791245,4.75024666314563,3.1184148106495897
9.0,8.0,cd4_0h_vs_12h,REACTOME_INOSITOL_PHOSPHATE_METABOLISM,random,20478821.0,1.0,2.22044604925031e-16,2.46964030878651e-07,3.03765757980741e-05,2.12543199928726,6.60736629503362,True,3.2246170096791245,4.75024666314563,-1.85711963188799
9.0,8.0,cd4_0h_vs_12h,REACTOME_INOSITOL_PHOSPHATE_METABOLISM,true,,0.0,0.0,1.77726970010602e-05,0.0021860417311304,1.63105534906276,4.75024666314563,True,3.2246170096791245,4.75024666314563,0.0
9.0,9.0,cd4_0h_vs_12h,REACTOME_METABOLISM_OF_STEROID_HORMONES,permuted,20469821.0,1.0,0.0,3.52341775794401e-06,0.000433380384227113,1.83388406114409,5.45303586115776,True,2.958734584976284,4.1005233197136,-1.3525125414441597
9.0,9.0,cd4_0h_vs_12h,REACTOME_METABOLISM_OF_STEROID_HORMONES,random,20479821.0,1.0,1.11022302462516e-16,8.03548663493119e-06,0.000988364856096536,1.73351743731473,5.09498781691362,True,2.958734584976284,4.1005233197136,-0.9944644972000196
9.0,9.0,cd4_0h_vs_12h,REACTOME_METABOLISM_OF_STEROID_HORMONES,true,,0.0,0.0,7.93371655046569e-05,0.0097584713570728,1.417962696362,4.1005233197136,True,2.958734584976284,4.1005233197136,0.0
9.0,10.0,cd4_0h_vs_12h,REACTOME_REGULATION_OF_LIPID_METABOLISM_BY_PPARALPHA,permuted,20470821.0,1.0,0.0,4.62765891657924e-09,5.69202046739247e-07,2.49894648741163,8.33463865838632,True,3.2246170096791245,8.80021523611983,0.46557657773350947
9.0,10.0,cd4_0h_vs_12h,REACTOME_REGULATION_OF_LIPID_METABOLISM_BY_PPARALPHA,random,20480821.0,1.0,2.22044604925031e-16,5.25612166428945e-10,6.46502964707602e-08,2.68131114927169,9.27933459064804,True,3.2246170096791245,8.80021523611983,-0.4791193545282102
9.0,10.0,cd4_0h_vs_12h,REACTOME_REGULATION_OF_LIPID_METABOLISM_BY_PPARALPHA,true,,0.0,0.0,1.58410791482518e-09,1.94845273523497e-07,2.59042662985857,8.80021523611983,True,3.2246170096791245,8.80021523611983,0.0
9.0,11.0,cd4_0h_vs_12h,REACTOME_SPHINGOLIPID_METABOLISM,permuted,20471821.0,0.944444444444444,0.0,0.00946978291842922,1.0,0.0,2.02365997647813,False,1.1357967857740106,5.45303586115776,3.4293758846796303
9.0,11.0,cd4_0h_vs_12h,REACTOME_SPHINGOLIPID_METABOLISM,random,20481821.0,1.0,2.22044604925031e-16,7.93371655046569e-05,0.0097584713570728,1.417962696362,4.1005233197136,True,1.1357967857740106,5.45303586115776,1.3525125414441597
9.0,11.0,cd4_0h_vs_12h,REACTOME_SPHINGOLIPID_METABOLISM,true,,0.0,0.0,3.52341775794401e-06,0.000433380384227113,1.83388406114409,5.45303586115776,True,1.1357967857740106,5.45303586115776,0.0
9.0,12.0,cd4_12h_vs_24h,KEGG_DRUG_METABOLISM_CYTOCHROME_P450,permuted,20472821.0,0.952380952380952,0.0,0.000160158462101912,0.0196994908385352,1.30596515981639,3.79545011009365,True,5.094987816913624,6.20919355894615,2.4137434488525
9.0,12.0,cd4_12h_vs_24h,KEGG_DRUG_METABOLISM_CYTOCHROME_P450,random,20482821.0,1.0,1.11022302462516e-16,1.77726970010602e-05,0.0021860417311304,1.63105534906276,4.75024666314563,True,5.094987816913624,6.20919355894615,1.45894689580052
9.0,12.0,cd4_12h_vs_24h,KEGG_DRUG_METABOLISM_CYTOCHROME_P450,true,,0.0,0.0,6.1774102028672e-07,7.59821454952666e-05,2.02960302707371,6.20919355894615,True,5.094987816913624,6.20919355894615,0.0
9.0,13.0,cd4_12h_vs_24h,KEGG_PYRIMIDINE_METABOLISM,permuted,20473821.0,1.0,0.0,0.000160158462101912,0.0196994908385352,1.30596515981639,3.79545011009365,True,2.958734584976284,4.75024666314563,0.9547965530519797
9.0,13.0,cd4_12h_vs_24h,KEGG_PYRIMIDINE_METABOLISM,random,20483821.0,1.0,2.22044604925031e-16,1.69038678268048e-10,2.07917574269699e-08,2.77166173987722,9.77201391173862,True,2.958734584976284,4.75024666314563,-5.02176724859299
9.0,13.0,cd4_12h_vs_24h,KEGG_PYRIMIDINE_METABOLISM,true,,0.0,0.0,1.77726970010602e-05,0.0021860417311304,1.63105534906276,4.75024666314563,True,2.958734584976284,4.75024666314563,0.0
9.0,14.0,cd4_12h_vs_24h,REACTOME_GLYCEROPHOSPHOLIPID_BIOSYNTHESIS,permuted,20474821.0,1.0,0.0,0.00946978291842922,1.0,0.0,2.02365997647813,False,3.503500718082003,3.22461700967912,1.2009570332009902
9.0,14.0,cd4_12h_vs_24h,REACTOME_GLYCEROPHOSPHOLIPID_BIOSYNTHESIS,random,20484821.0,1.0,2.22044604925031e-16,0.000160158462101912,0.0196994908385352,1.30596515981639,3.79545011009365,True,3.503500718082003,3.22461700967912,-0.57083310041453
9.0,14.0,cd4_12h_vs_24h,REACTOME_GLYCEROPHOSPHOLIPID_BIOSYNTHESIS,true,,0.0,0.0,0.00059618767048381,0.0733310834695086,1.06522856619588,3.22461700967912,False,3.503500718082003,3.22461700967912,0.0
9.0,15.0,cd4_12h_vs_24h,REACTOME_NUCLEOBASE_CATABOLISM,permuted,20475821.0,0.925925925925926,0.0,0.0233436169134307,1.0,0.0,1.63183185249604,False,3.2246170096791245,4.75024666314563,3.1184148106495897
9.0,15.0,cd4_12h_vs_24h,REACTOME_NUCLEOBASE_CATABOLISM,random,20485821.0,1.0,1.11022302462516e-16,0.000313688994347936,0.0385837463047961,1.18894726823464,3.503500718082,True,3.2246170096791245,4.75024666314563,1.2467459450636298
9.0,15.0,cd4_12h_vs_24h,REACTOME_NUCLEOBASE_CATABOLISM,true,,0.0,0.0,1.77726970010602e-05,0.0021860417311304,1.63105534906276,4.75024666314563,True,3.2246170096791245,4.75024666314563,0.0
9.0,16.0,cd4_12h_vs_24h,REACTOME_PHOSPHOLIPID_METABOLISM,permuted,20476821.0,1.0,0.0,0.000313688994347936,0.0385837463047961,1.18894726823464,3.503500718082,True,1.2891318553175355,3.22461700967912,-0.2788837084028799
9.0,16.0,cd4_12h_vs_24h,REACTOME_PHOSPHOLIPID_METABOLISM,random,20486821.0,1.0,2.22044604925031e-16,6.1774102028672e-07,7.59821454952666e-05,2.02960302707371,6.20919355894615,True,1.2891318553175355,3.22461700967912,-2.9845765492670298
9.0,16.0,cd4_12h_vs_24h,REACTOME_PHOSPHOLIPID_METABOLISM,true,,0.0,0.0,0.00059618767048381,0.0733310834695086,1.06522856619588,3.22461700967912,False,1.2891318553175355,3.22461700967912,0.0
9.0,17.0,cd4_12h_vs_24h,REACTOME_PYRUVATE_METABOLISM,permuted,20477821.0,0.923076923076923,0.0,0.00946978291842922,1.0,0.0,2.02365997647813,False,3.503500718082003,0.864148618783426,-1.1595113576947038
9.0,17.0,cd4_12h_vs_24h,REACTOME_PYRUVATE_METABOLISM,random,20487821.0,1.0,2.22044604925031e-16,0.0351222601892017,1.0,0.0,1.45441754412943,False,3.503500718082003,0.864148618783426,-0.5902689253460041
9.0,17.0,cd4_12h_vs_24h,REACTOME_PYRUVATE_METABOLISM,true,,0.0,0.0,0.136726085875245,1.0,0.0,0.864148618783426,False,3.503500718082003,0.864148618783426,0.0
9.0,18.0,cd4_12h_vs_24h,REACTOME_SULFUR_AMINO_ACID_METABOLISM,permuted,20478821.0,0.91304347826087,0.0,0.0351222601892017,1.0,0.0,1.45441754412943,False,4.1005233197136,0.994211379196843,-0.46020616493258704
9.0,18.0,cd4_12h_vs_24h,REACTOME_SULFUR_AMINO_ACID_METABOLISM,random,20488821.0,1.0,2.22044604925031e-16,7.93371655046569e-05,0.0097584713570728,1.417962696362,4.1005233197136,True,4.1005233197136,0.994211379196843,-3.1063119405167576
9.0,18.0,cd4_12h_vs_24h,REACTOME_SULFUR_AMINO_ACID_METABOLISM,true,,0.0,0.0,0.101341801629482,1.0,0.0,0.994211379196843,False,4.1005233197136,0.994211379196843,0.0
9.0,19.0,cd4_12h_vs_24h,REACTOME_SYNTHESIS_OF_SUBSTRATES_IN_N_GLYCAN_BIOSYTHESIS,permuted,20479821.0,0.980769230769231,0.0,0.000160158462101912,0.0196994908385352,1.30596515981639,3.79545011009365,True,4.1005233197136,2.46567952091782,-1.3297705891758298
9.0,19.0,cd4_12h_vs_24h,REACTOME_SYNTHESIS_OF_SUBSTRATES_IN_N_GLYCAN_BIOSYTHESIS,random,20489821.0,1.0,2.22044604925031e-16,0.0034223189265975,0.420945227971492,0.613004412282997,2.46567952091782,False,4.1005233197136,2.46567952091782,0.0
9.0,19.0,cd4_12h_vs_24h,REACTOME_SYNTHESIS_OF_SUBSTRATES_IN_N_GLYCAN_BIOSYTHESIS,true,,0.0,0.0,0.0034223189265975,0.420945227971492,0.613004412282997,2.46567952091782,False,4.1005233197136,2.46567952091782,0.0
9.0,20.0,cd4_12h_vs_24h,REACTOME_TRIGLYCERIDE_METABOLISM,permuted,20480821.0,0.91304347826087,0.0,3.52341775794401e-06,0.000433380384227113,1.83388406114409,5.45303586115776,True,2.958734584976284,5.82442680135432,0.3713909401965596
9.0,20.0,cd4_12h_vs_24h,REACTOME_TRIGLYCERIDE_METABOLISM,random,20490821.0,1.0,2.22044604925031e-16,3.52341775794401e-06,0.000433380384227113,1.83388406114409,5.45303586115776,True,2.958734584976284,5.82442680135432,0.3713909401965596
9.0,20.0,cd4_12h_vs_24h,REACTOME_TRIGLYCERIDE_METABOLISM,true,,0.0,0.0,1.49821174952854e-06,0.00018428004519201,1.93249105817205,5.82442680135432,True,2.958734584976284,5.82442680135432,0.0
9.0,21.0,cd4_0h_vs_24h,KEGG_ETHER_LIPID_METABOLISM,permuted,20481821.0,1.0,0.0,0.00196887460329715,0.242171576205549,0.784778205325666,2.70578194299357,False,3.2246170096791245,2.95873458497628,0.25295264198271017
9.0,21.0,cd4_0h_vs_24h,KEGG_ETHER_LIPID_METABOLISM,random,20491821.0,1.0,2.22044604925031e-16,0.0034223189265975,0.420945227971492,0.613004412282997,2.46567952091782,False,3.2246170096791245,2.95873458497628,0.4930550640584599
9.0,21.0,cd4_0h_vs_24h,KEGG_ETHER_LIPID_METABOLISM,true,,0.0,0.0,0.0010996776918826,0.13526035610156,0.932110226066041,2.95873458497628,False,3.2246170096791245,2.95873458497628,0.0
9.0,22.0,cd4_0h_vs_24h,KEGG_GLYCOSAMINOGLYCAN_BIOSYNTHESIS_CHONDROITIN_SULFATE,permuted,20482821.0,0.944444444444444,0.0,0.0513887607461245,1.0,0.0,1.28913185531754,False,2.958734584976284,2.02365997647813,0.7345281211605899
9.0,22.0,cd4_0h_vs_24h,KEGG_GLYCOSAMINOGLYCAN_BIOSYNTHESIS_CHONDROITIN_SULFATE,random,20492821.0,1.0,2.22044604925031e-16,0.00946978291842922,1.0,0.0,2.02365997647813,False,2.958734584976284,2.02365997647813,0.0
9.0,22.0,cd4_0h_vs_24h,KEGG_GLYCOSAMINOGLYCAN_BIOSYNTHESIS_CHONDROITIN_SULFATE,true,,0.0,0.0,0.00946978291842922,1.0,0.0,2.02365997647813,False,2.958734584976284,2.02365997647813,0.0
9.0,23.0,cd4_0h_vs_24h,KEGG_RETINOL_METABOLISM,permuted,20483821.0,1.0,0.0,1.77726970010602e-05,0.0021860417311304,1.63105534906276,4.75024666314563,True,1.6318318524960433,7.44403821911369,2.69379155596806
9.0,23.0,cd4_0h_vs_24h,KEGG_RETINOL_METABOLISM,random,20493821.0,1.0,2.22044604925031e-16,7.93371655046569e-05,0.0097584713570728,1.417962696362,4.1005233197136,True,1.6318318524960433,7.44403821911369,3.3435148994000894
9.0,23.0,cd4_0h_vs_24h,KEGG_RETINOL_METABOLISM,true,,0.0,0.0,3.59717677613814e-08,4.42452743464991e-06,2.31389997788891,7.44403821911369,True,1.6318318524960433,7.44403821911369,0.0
9.0,24.0,cd4_0h_vs_24h,REACTOME_BILE_ACID_AND_BILE_SALT_METABOLISM,permuted,20484821.0,1.0,0.0,0.00059618767048381,0.0733310834695086,1.06522856619588,3.22461700967912,False,2.958734584976284,2.70578194299357,-0.5188350666855501
9.0,24.0,cd4_0h_vs_24h,REACTOME_BILE_ACID_AND_BILE_SALT_METABOLISM,random,20494821.0,1.0,2.22044604925031e-16,3.81265104892234e-05,0.00468956079017448,1.52606285259303,4.41877294150378,True,2.958734584976284,2.70578194299357,-1.7129909985102105
9.0,24.0,cd4_0h_vs_24h,REACTOME_BILE_ACID_AND_BILE_SALT_METABOLISM,true,,0.0,0.0,0.00196887460329715,0.242171576205549,0.784778205325666,2.70578194299357,False,2.958734584976284,2.70578194299357,0.0
9.0,25.0,cd4_0h_vs_24h,REACTOME_FATTY_ACYL_COA_BIOSYNTHESIS,permuted,20485821.0,0.967741935483871,0.0,3.52341775794401e-06,0.000433380384227113,1.83388406114409,5.45303586115776,True,2.238338588554161,7.01897269497718,1.5659368338194195
9.0,25.0,cd4_0h_vs_24h,REACTOME_FATTY_ACYL_COA_BIOSYNTHESIS,random,20495821.0,1.0,1.11022302462516e-16,5.25612166428945e-10,6.46502964707602e-08,2.68131114927169,9.27933459064804,True,2.238338588554161,7.01897269497718,-2.2603618956708598
9.0,25.0,cd4_0h_vs_24h,REACTOME_FATTY_ACYL_COA_BIOSYNTHESIS,true,,0.0,0.0,9.5725425402497e-08,1.17742273245071e-05,2.2201503515613,7.01897269497718,True,2.238338588554161,7.01897269497718,0.0
9.0,26.0,cd4_0h_vs_24h,REACTOME_KERATAN_SULFATE_KERATIN_METABOLISM,permuted,20486821.0,1.0,0.0,3.52341775794401e-06,0.000433380384227113,1.83388406114409,5.45303586115776,True,2.958734584976284,7.44403821911369,1.9910023579559297
9.0,26.0,cd4_0h_vs_24h,REACTOME_KERATAN_SULFATE_KERATIN_METABOLISM,random,20496821.0,1.0,1.11022302462516e-16,5.25612166428945e-10,6.46502964707602e-08,2.68131114927169,9.27933459064804,True,2.958734584976284,7.44403821911369,-1.8352963715343495
9.0,26.0,cd4_0h_vs_24h,REACTOME_KERATAN_SULFATE_KERATIN_METABOLISM,true,,0.0,0.0,3.59717677613814e-08,4.42452743464991e-06,2.31389997788891,7.44403821911369,True,2.958734584976284,7.44403821911369,0.0
9.0,27.0,cd4_0h_vs_24h,REACTOME_METABOLISM_OF_FAT_SOLUBLE_VITAMINS,permuted,20487821.0,0.961538461538462,0.0,0.0034223189265975,0.420945227971492,0.613004412282997,2.46567952091782,False,2.958734584976284,2.23833858855416,-0.22734093236366038
9.0,27.0,cd4_0h_vs_24h,REACTOME_METABOLISM_OF_FAT_SOLUBLE_VITAMINS,random,20497821.0,1.0,2.22044604925031e-16,0.00946978291842922,1.0,0.0,2.02365997647813,False,2.958734584976284,2.23833858855416,0.21467861207603
9.0,27.0,cd4_0h_vs_24h,REACTOME_METABOLISM_OF_FAT_SOLUBLE_VITAMINS,true,,0.0,0.0,0.00577645522630862,0.71050399283596,0.385270654364906,2.23833858855416,False,2.958734584976284,2.23833858855416,0.0
9.0,28.0,cd4_0h_vs_24h,REACTOME_SYNTHESIS_OF_BILE_ACIDS_AND_BILE_SALTS,permuted,20488821.0,0.909090909090909,0.0,0.00577645522630862,0.71050399283596,0.385270654364906,2.23833858855416,False,3.2246170096791245,3.22461700967912,0.9862784211249602
9.0,28.0,cd4_0h_vs_24h,REACTOME_SYNTHESIS_OF_BILE_ACIDS_AND_BILE_SALTS,random,20498821.0,1.0,2.22044604925031e-16,1.77726970010602e-05,0.0021860417311304,1.63105534906276,4.75024666314563,True,3.2246170096791245,3.22461700967912,-1.5256296534665097
9.0,28.0,cd4_0h_vs_24h,REACTOME_SYNTHESIS_OF_BILE_ACIDS_AND_BILE_SALTS,true,,0.0,0.0,0.00059618767048381,0.0733310834695086,1.06522856619588,3.22461700967912,False,3.2246170096791245,3.22461700967912,0.0
9.0,29.0,cd4_0h_vs_24h,REACTOME_SYNTHESIS_OF_GLYCOSYLPHOSPHATIDYLINOSITOL_GPI,permuted,20489821.0,1.0,0.0,2.46964030878651e-07,3.03765757980741e-05,2.12543199928726,6.60736629503362,True,3.2246170096791245,7.44403821911369,0.8366719240800702
9.0,29.0,cd4_0h_vs_24h,REACTOME_SYNTHESIS_OF_GLYCOSYLPHOSPHATIDYLINOSITOL_GPI,random,20499821.0,1.0,1.11022302462516e-16,5.25612166428945e-10,6.46502964707602e-08,2.68131114927169,9.27933459064804,True,3.2246170096791245,7.44403821911369,-1.8352963715343495
9.0,29.0,cd4_0h_vs_24h,REACTOME_SYNTHESIS_OF_GLYCOSYLPHOSPHATIDYLINOSITOL_GPI,true,,0.0,0.0,3.59717677613814e-08,4.42452743464991e-06,2.31389997788891,7.44403821911369,True,3.2246170096791245,7.44403821911369,0.0
9.0,30.0,cd4_0h_vs_24h,REACTOME_SYNTHESIS_OF_VERY_LONG_CHAIN_FATTY_ACYL_COAS,permuted,20490821.0,1.0,0.0,1.77726970010602e-05,0.0021860417311304,1.63105534906276,4.75024666314563,True,4.418772941503782,7.01897269497718,2.26872603183155
9.0,30.0,cd4_0h_vs_24h,REACTOME_SYNTHESIS_OF_VERY_LONG_CHAIN_FATTY_ACYL_COAS,random,20500821.0,1.0,1.11022302462516e-16,4.62765891657924e-09,5.69202046739247e-07,2.49894648741163,8.33463865838632,True,4.418772941503782,7.01897269497718,-1.31566596340914
9.0,30.0,cd4_0h_vs_24h,REACTOME_SYNTHESIS_OF_VERY_LONG_CHAIN_FATTY_ACYL_COAS,true,,0.0,0.0,9.5725425402497e-08,1.17742273245071e-05,2.2201503515613,7.01897269497718,True,4.418772941503782,7.01897269497718,0.0
10.0,1.0,cd4_0h_vs_12h,KEGG_NITROGEN_METABOLISM,permuted,20461822.0,0.941176470588235,0.0,0.0010996776918826,0.13526035610156,0.932110226066041,2.95873458497628,False,4.418772941503782,5.09498781691362,2.13625323193734
10.0,1.0,cd4_0h_vs_12h,KEGG_NITROGEN_METABOLISM,random,20471822.0,1.0,2.22044604925031e-16,3.81265104892234e-05,0.00468956079017448,1.52606285259303,4.41877294150378,True,4.418772941503782,5.09498781691362,0.6762148754098396
10.0,1.0,cd4_0h_vs_12h,KEGG_NITROGEN_METABOLISM,true,,0.0,0.0,8.03548663493119e-06,0.000988364856096536,1.73351743731473,5.09498781691362,True,4.418772941503782,5.09498781691362,0.0
10.0,2.0,cd4_0h_vs_12h,KEGG_PENTOSE_PHOSPHATE_PATHWAY,permuted,20462822.0,0.954545454545455,0.0,6.1774102028672e-07,7.59821454952666e-05,2.02960302707371,6.20919355894615,True,2.7057819429935717,5.82442680135432,-0.3847667575918301
10.0,2.0,cd4_0h_vs_12h,KEGG_PENTOSE_PHOSPHATE_PATHWAY,random,20472822.0,1.0,1.11022302462516e-16,3.52341775794401e-06,0.000433380384227113,1.83388406114409,5.45303586115776,True,2.7057819429935717,5.82442680135432,0.3713909401965596
10.0,2.0,cd4_0h_vs_12h,KEGG_PENTOSE_PHOSPHATE_PATHWAY,true,,0.0,0.0,1.49821174952854e-06,0.00018428004519201,1.93249105817205,5.82442680135432,True,2.7057819429935717,5.82442680135432,0.0
10.0,3.0,cd4_0h_vs_12h,KEGG_PORPHYRIN_AND_CHLOROPHYLL_METABOLISM,permuted,20463822.0,1.0,0.0,0.000313688994347936,0.0385837463047961,1.18894726823464,3.503500718082,True,3.2246170096791245,2.95873458497628,-0.5447661331057199
10.0,3.0,cd4_0h_vs_12h,KEGG_PORPHYRIN_AND_CHLOROPHYLL_METABOLISM,random,20473822.0,1.0,1.11022302462516e-16,9.5725425402497e-08,1.17742273245071e-05,2.2201503515613,7.01897269497718,True,3.2246170096791245,2.95873458497628,-4.060238110000899
10.0,3.0,cd4_0h_vs_12h,KEGG_PORPHYRIN_AND_CHLOROPHYLL_METABOLISM,true,,0.0,0.0,0.0010996776918826,0.13526035610156,0.932110226066041,2.95873458497628,False,3.2246170096791245,2.95873458497628,0.0
10.0,4.0,cd4_0h_vs_12h,REACTOME_BRANCHED_CHAIN_AMINO_ACID_CATABOLISM,permuted,20464822.0,0.952380952380952,0.0,0.00196887460329715,0.242171576205549,0.784778205325666,2.70578194299357,False,2.7057819429935717,3.22461700967912,0.5188350666855501
10.0,4.0,cd4_0h_vs_12h,REACTOME_BRANCHED_CHAIN_AMINO_ACID_CATABOLISM,random,20474822.0,1.0,2.22044604925031e-16,8.03548663493119e-06,0.000988364856096536,1.73351743731473,5.09498781691362,True,2.7057819429935717,3.22461700967912,-1.8703708072345
10.0,4.0,cd4_0h_vs_12h,REACTOME_BRANCHED_CHAIN_AMINO_ACID_CATABOLISM,true,,0.0,0.0,0.00059618767048381,0.0733310834695086,1.06522856619588,3.22461700967912,False,2.7057819429935717,3.22461700967912,0.0
10.0,5.0,cd4_0h_vs_12h,REACTOME_DISEASES_ASSOCIATED_WITH_GLYCOSYLATION_PRECURSOR_BIOSYNTHESIS,permuted,20465822.0,1.0,0.0,0.000313688994347936,0.0385837463047961,1.18894726823464,3.503500718082,True,3.2246170096791245,3.79545011009365,0.29194939201165004
10.0,5.0,cd4_0h_vs_12h,REACTOME_DISEASES_ASSOCIATED_WITH_GLYCOSYLATION_PRECURSOR_BIOSYNTHESIS,random,20475822.0,1.0,2.22044604925031e-16,0.000160158462101912,0.0196994908385352,1.30596515981639,3.79545011009365,True,3.2246170096791245,3.79545011009365,0.0
10.0,5.0,cd4_0h_vs_12h,REACTOME_DISEASES_ASSOCIATED_WITH_GLYCOSYLATION_PRECURSOR_BIOSYNTHESIS,true,,0.0,0.0,0.000160158462101912,0.0196994908385352,1.30596515981639,3.79545011009365,True,3.2246170096791245,3.79545011009365,0.0
10.0,6.0,cd4_0h_vs_12h,REACTOME_GLYCOSPHINGOLIPID_METABOLISM,permuted,20466822.0,0.944444444444444,0.0,0.00059618767048381,0.0733310834695086,1.06522856619588,3.22461700967912,False,3.2246170096791245,4.1005233197136,0.8759063100344804
10.0,6.0,cd4_0h_vs_12h,REACTOME_GLYCOSPHINGOLIPID_METABOLISM,random,20476822.0,1.0,2.22044604925031e-16,0.0010996776918826,0.13526035610156,0.932110226066041,2.95873458497628,False,3.2246170096791245,4.1005233197136,1.1417887347373203
10.0,6.0,cd4_0h_vs_12h,REACTOME_GLYCOSPHINGOLIPID_METABOLISM,true,,0.0,0.0,7.93371655046569e-05,0.0097584713570728,1.417962696362,4.1005233197136,True,3.2246170096791245,4.1005233197136,0.0
10.0,7.0,cd4_0h_vs_12h,REACTOME_GLYOXYLATE_METABOLISM_AND_GLYCINE_DEGRADATION,permuted,20467822.0,0.956521739130435,0.0,9.5725425402497e-08,1.17742273245071e-05,2.2201503515613,7.01897269497718,True,2.238338588554161,7.44403821911369,0.4250655241365102
10.0,7.0,cd4_0h_vs_12h,REACTOME_GLYOXYLATE_METABOLISM_AND_GLYCINE_DEGRADATION,random,20477822.0,1.0,2.22044604925031e-16,1.69038678268048e-10,2.07917574269699e-08,2.77166173987722,9.77201391173862,True,2.238338588554161,7.44403821911369,-2.32797569262493
10.0,7.0,cd4_0h_vs_12h,REACTOME_GLYOXYLATE_METABOLISM_AND_GLYCINE_DEGRADATION,true,,0.0,0.0,3.59717677613814e-08,4.42452743464991e-06,2.31389997788891,7.44403821911369,True,2.238338588554161,7.44403821911369,0.0
10.0,8.0,cd4_0h_vs_12h,REACTOME_INOSITOL_PHOSPHATE_METABOLISM,permuted,20468822.0,0.952380952380952,0.0,0.0010996776918826,0.13526035610156,0.932110226066041,2.95873458497628,False,3.2246170096791245,2.95873458497628,0.0
10.0,8.0,cd4_0h_vs_12h,REACTOME_INOSITOL_PHOSPHATE_METABOLISM,random,20478822.0,1.0,2.22044604925031e-16,1.77726970010602e-05,0.0021860417311304,1.63105534906276,4.75024666314563,True,3.2246170096791245,2.95873458497628,-1.7915120781693497
10.0,8.0,cd4_0h_vs_12h,REACTOME_INOSITOL_PHOSPHATE_METABOLISM,true,,0.0,0.0,0.0010996776918826,0.13526035610156,0.932110226066041,2.95873458497628,False,3.2246170096791245,2.95873458497628,0.0
10.0,9.0,cd4_0h_vs_12h,REACTOME_METABOLISM_OF_STEROID_HORMONES,permuted,20469822.0,1.0,0.0,6.1774102028672e-07,7.59821454952666e-05,2.02960302707371,6.20919355894615,True,2.958734584976284,3.503500718082,-2.70569284086415
10.0,9.0,cd4_0h_vs_12h,REACTOME_METABOLISM_OF_STEROID_HORMONES,random,20479822.0,1.0,2.22044604925031e-16,6.1774102028672e-07,7.59821454952666e-05,2.02960302707371,6.20919355894615,True,2.958734584976284,3.503500718082,-2.70569284086415
10.0,9.0,cd4_0h_vs_12h,REACTOME_METABOLISM_OF_STEROID_HORMONES,true,,0.0,0.0,0.000313688994347936,0.0385837463047961,1.18894726823464,3.503500718082,True,2.958734584976284,3.503500718082,0.0
10.0,10.0,cd4_0h_vs_12h,REACTOME_REGULATION_OF_LIPID_METABOLISM_BY_PPARALPHA,permuted,20470822.0,0.97979797979798,0.0,2.46964030878651e-07,3.03765757980741e-05,2.12543199928726,6.60736629503362,True,3.2246170096791245,7.44403821911369,0.8366719240800702
10.0,10.0,cd4_0h_vs_12h,REACTOME_REGULATION_OF_LIPID_METABOLISM_BY_PPARALPHA,random,20480822.0,1.0,2.22044604925031e-16,4.62765891657924e-09,5.69202046739247e-07,2.49894648741163,8.33463865838632,True,3.2246170096791245,7.44403821911369,-0.8906004392726299
10.0,10.0,cd4_0h_vs_12h,REACTOME_REGULATION_OF_LIPID_METABOLISM_BY_PPARALPHA,true,,0.0,0.0,3.59717677613814e-08,4.42452743464991e-06,2.31389997788891,7.44403821911369,True,3.2246170096791245,7.44403821911369,0.0
10.0,11.0,cd4_0h_vs_12h,REACTOME_SPHINGOLIPID_METABOLISM,permuted,20471822.0,1.0,0.0,0.0233436169134307,1.0,0.0,1.63183185249604,False,1.1357967857740106,4.41877294150378,2.7869410890077404
10.0,11.0,cd4_0h_vs_12h,REACTOME_SPHINGOLIPID_METABOLISM,random,20481822.0,1.0,2.22044604925031e-16,3.81265104892234e-05,0.00468956079017448,1.52606285259303,4.41877294150378,True,1.1357967857740106,4.41877294150378,0.0
10.0,11.0,cd4_0h_vs_12h,REACTOME_SPHINGOLIPID_METABOLISM,true,,0.0,0.0,3.81265104892234e-05,0.00468956079017448,1.52606285259303,4.41877294150378,True,1.1357967857740106,4.41877294150378,0.0
10.0,12.0,cd4_12h_vs_24h,KEGG_DRUG_METABOLISM_CYTOCHROME_P450,permuted,20472822.0,1.0,0.0,0.0233436169134307,1.0,0.0,1.63183185249604,False,5.094987816913624,2.70578194299357,1.0739500904975299
10.0,12.0,cd4_12h_vs_24h,KEGG_DRUG_METABOLISM_CYTOCHROME_P450,random,20482822.0,1.0,2.22044604925031e-16,0.00196887460329715,0.242171576205549,0.784778205325666,2.70578194299357,False,5.094987816913624,2.70578194299357,0.0
10.0,12.0,cd4_12h_vs_24h,KEGG_DRUG_METABOLISM_CYTOCHROME_P450,true,,0.0,0.0,0.00196887460329715,0.242171576205549,0.784778205325666,2.70578194299357,False,5.094987816913624,2.70578194299357,0.0
10.0,13.0,cd4_12h_vs_24h,KEGG_PYRIMIDINE_METABOLISM,permuted,20473822.0,0.988888888888889,0.0,9.5725425402497e-08,1.17742273245071e-05,2.2201503515613,7.01897269497718,True,2.958734584976284,6.60736629503362,-0.41160639994355996
10.0,13.0,cd4_12h_vs_24h,KEGG_PYRIMIDINE_METABOLISM,random,20483822.0,1.0,2.22044604925031e-16,1.32240927298422e-12,1.62656340577059e-10,3.12869445657952,11.8786341140708,True,2.958734584976284,6.60736629503362,-5.271267819037181
10.0,13.0,cd4_12h_vs_24h,KEGG_PYRIMIDINE_METABOLISM,true,,0.0,0.0,2.46964030878651e-07,3.03765757980741e-05,2.12543199928726,6.60736629503362,True,2.958734584976284,6.60736629503362,0.0
10.0,14.0,cd4_12h_vs_24h,REACTOME_GLYCEROPHOSPHOLIPID_BIOSYNTHESIS,permuted,20474822.0,0.989583333333333,0.0,0.000313688994347936,0.0385837463047961,1.18894726823464,3.503500718082,True,3.503500718082003,2.23833858855416,-1.2651621295278401
10.0,14.0,cd4_12h_vs_24h,REACTOME_GLYCEROPHOSPHOLIPID_BIOSYNTHESIS,random,20484822.0,1.0,2.22044604925031e-16,3.81265104892234e-05,0.00468956079017448,1.52606285259303,4.41877294150378,True,3.503500718082003,2.23833858855416,-2.1804343529496206
10.0,14.0,cd4_12h_vs_24h,REACTOME_GLYCEROPHOSPHOLIPID_BIOSYNTHESIS,true,,0.0,0.0,0.00577645522630862,0.71050399283596,0.385270654364906,2.23833858855416,False,3.503500718082003,2.23833858855416,0.0
10.0,15.0,cd4_12h_vs_24h,REACTOME_NUCLEOBASE_CATABOLISM,permuted,20475822.0,1.0,0.0,0.00059618767048381,0.0733310834695086,1.06522856619588,3.22461700967912,False,3.2246170096791245,3.503500718082,0.2788837084028799
10.0,15.0,cd4_12h_vs_24h,REACTOME_NUCLEOBASE_CATABOLISM,random,20485822.0,1.0,1.11022302462516e-16,7.93371655046569e-05,0.0097584713570728,1.417962696362,4.1005233197136,True,3.2246170096791245,3.503500718082,-0.5970226016316005
10.0,15.0,cd4_12h_vs_24h,REACTOME_NUCLEOBASE_CATABOLISM,true,,0.0,0.0,0.000313688994347936,0.0385837463047961,1.18894726823464,3.503500718082,True,3.2246170096791245,3.503500718082,0.0
10.0,16.0,cd4_12h_vs_24h,REACTOME_PHOSPHOLIPID_METABOLISM,permuted,20476822.0,0.988235294117647,0.0,0.351986208769717,1.0,0.0,0.453474352352965,False,1.2891318553175355,1.28913185531754,0.835657502964575
10.0,16.0,cd4_12h_vs_24h,REACTOME_PHOSPHOLIPID_METABOLISM,random,20486822.0,1.0,2.22044604925031e-16,3.52341775794401e-06,0.000433380384227113,1.83388406114409,5.45303586115776,True,1.2891318553175355,1.28913185531754,-4.16390400584022
10.0,16.0,cd4_12h_vs_24h,REACTOME_PHOSPHOLIPID_METABOLISM,true,,0.0,0.0,0.0513887607461245,1.0,0.0,1.28913185531754,False,1.2891318553175355,1.28913185531754,0.0
10.0,17.0,cd4_12h_vs_24h,REACTOME_PYRUVATE_METABOLISM,permuted,20477822.0,0.961538461538462,0.0,0.00196887460329715,0.242171576205549,0.784778205325666,2.70578194299357,False,3.503500718082003,2.02365997647813,-0.6821219665154401
10.0,17.0,cd4_12h_vs_24h,REACTOME_PYRUVATE_METABOLISM,random,20487822.0,1.0,1.11022302462516e-16,0.000160158462101912,0.0196994908385352,1.30596515981639,3.79545011009365,True,3.503500718082003,2.02365997647813,-1.7717901336155202
10.0,17.0,cd4_12h_vs_24h,REACTOME_PYRUVATE_METABOLISM,true,,0.0,0.0,0.00946978291842922,1.0,0.0,2.02365997647813,False,3.503500718082003,2.02365997647813,0.0
10.0,18.0,cd4_12h_vs_24h,REACTOME_SULFUR_AMINO_ACID_METABOLISM,permuted,20478822.0,0.91304347826087,0.0,0.0150822934297104,1.0,0.0,1.82153261416016,False,4.1005233197136,2.46567952091782,0.6441469067576602
10.0,18.0,cd4_12h_vs_24h,REACTOME_SULFUR_AMINO_ACID_METABOLISM,random,20488822.0,1.0,1.11022302462516e-16,0.0034223189265975,0.420945227971492,0.613004412282997,2.46567952091782,False,4.1005233197136,2.46567952091782,0.0
10.0,18.0,cd4_12h_vs_24h,REACTOME_SULFUR_AMINO_ACID_METABOLISM,true,,0.0,0.0,0.0034223189265975,0.420945227971492,0.613004412282997,2.46567952091782,False,4.1005233197136,2.46567952091782,0.0
10.0,19.0,cd4_12h_vs_24h,REACTOME_SYNTHESIS_OF_SUBSTRATES_IN_N_GLYCAN_BIOSYTHESIS,permuted,20479822.0,1.0,0.0,0.0731481276708723,1.0,0.0,1.13579678577401,False,4.1005233197136,0.745352021196044,-0.39044476457796606
10.0,19.0,cd4_12h_vs_24h,REACTOME_SYNTHESIS_OF_SUBSTRATES_IN_N_GLYCAN_BIOSYTHESIS,random,20489822.0,1.0,1.11022302462516e-16,0.101341801629482,1.0,0.0,0.994211379196843,False,4.1005233197136,0.745352021196044,-0.24885935800079895
10.0,19.0,cd4_12h_vs_24h,REACTOME_SYNTHESIS_OF_SUBSTRATES_IN_N_GLYCAN_BIOSYTHESIS,true,,0.0,0.0,0.179741341532766,1.0,0.0,0.745352021196044,False,4.1005233197136,0.745352021196044,0.0
10.0,20.0,cd4_12h_vs_24h,REACTOME_TRIGLYCERIDE_METABOLISM,permuted,20480822.0,0.956521739130435,0.0,0.00059618767048381,0.0733310834695086,1.06522856619588,3.22461700967912,False,2.958734584976284,2.23833858855416,-0.9862784211249602
10.0,20.0,cd4_12h_vs_24h,REACTOME_TRIGLYCERIDE_METABOLISM,random,20490822.0,1.0,1.11022302462516e-16,0.000313688994347936,0.0385837463047961,1.18894726823464,3.503500718082,True,2.958734584976284,2.23833858855416,-1.2651621295278401
10.0,20.0,cd4_12h_vs_24h,REACTOME_TRIGLYCERIDE_METABOLISM,true,,0.0,0.0,0.00577645522630862,0.71050399283596,0.385270654364906,2.23833858855416,False,2.958734584976284,2.23833858855416,0.0
10.0,21.0,cd4_0h_vs_24h,KEGG_ETHER_LIPID_METABOLISM,permuted,20481822.0,1.0,0.0,3.81265104892234e-05,0.00468956079017448,1.52606285259303,4.41877294150378,True,3.2246170096791245,3.22461700967912,-1.1941559318246604
10.0,21.0,cd4_0h_vs_24h,KEGG_ETHER_LIPID_METABOLISM,random,20491822.0,1.0,2.22044604925031e-16,0.000160158462101912,0.0196994908385352,1.30596515981639,3.79545011009365,True,3.2246170096791245,3.22461700967912,-0.57083310041453
10.0,21.0,cd4_0h_vs_24h,KEGG_ETHER_LIPID_METABOLISM,true,,0.0,0.0,0.00059618767048381,0.0733310834695086,1.06522856619588,3.22461700967912,False,3.2246170096791245,3.22461700967912,0.0
10.0,22.0,cd4_0h_vs_24h,KEGG_GLYCOSAMINOGLYCAN_BIOSYNTHESIS_CHONDROITIN_SULFATE,permuted,20482822.0,1.0,0.0,0.000160158462101912,0.0196994908385352,1.30596515981639,3.79545011009365,True,2.958734584976284,4.1005233197136,0.30507320961995044
10.0,22.0,cd4_0h_vs_24h,KEGG_GLYCOSAMINOGLYCAN_BIOSYNTHESIS_CHONDROITIN_SULFATE,random,20492822.0,1.0,1.11022302462516e-16,8.03548663493119e-06,0.000988364856096536,1.73351743731473,5.09498781691362,True,2.958734584976284,4.1005233197136,-0.9944644972000196
10.0,22.0,cd4_0h_vs_24h,KEGG_GLYCOSAMINOGLYCAN_BIOSYNTHESIS_CHONDROITIN_SULFATE,true,,0.0,0.0,7.93371655046569e-05,0.0097584713570728,1.417962696362,4.1005233197136,True,2.958734584976284,4.1005233197136,0.0
10.0,23.0,cd4_0h_vs_24h,KEGG_RETINOL_METABOLISM,permuted,20483822.0,1.0,0.0,0.00059618767048381,0.0733310834695086,1.06522856619588,3.22461700967912,False,1.6318318524960433,2.95873458497628,-0.26588242470283996
10.0,23.0,cd4_0h_vs_24h,KEGG_RETINOL_METABOLISM,random,20493822.0,1.0,2.22044604925031e-16,0.00059618767048381,0.0733310834695086,1.06522856619588,3.22461700967912,False,1.6318318524960433,2.95873458497628,-0.26588242470283996
10.0,23.0,cd4_0h_vs_24h,KEGG_RETINOL_METABOLISM,true,,0.0,0.0,0.0010996776918826,0.13526035610156,0.932110226066041,2.95873458497628,False,1.6318318524960433,2.95873458497628,0.0
10.0,24.0,cd4_0h_vs_24h,REACTOME_BILE_ACID_AND_BILE_SALT_METABOLISM,permuted,20484822.0,1.0,0.0,0.101341801629482,1.0,0.0,0.994211379196843,False,2.958734584976284,2.02365997647813,1.0294485972812868
10.0,24.0,cd4_0h_vs_24h,REACTOME_BILE_ACID_AND_BILE_SALT_METABOLISM,random,20494822.0,1.0,2.22044604925031e-16,0.00946978291842922,1.0,0.0,2.02365997647813,False,2.958734584976284,2.02365997647813,0.0
10.0,24.0,cd4_0h_vs_24h,REACTOME_BILE_ACID_AND_BILE_SALT_METABOLISM,true,,0.0,0.0,0.00946978291842922,1.0,0.0,2.02365997647813,False,2.958734584976284,2.02365997647813,0.0
10.0,25.0,cd4_0h_vs_24h,REACTOME_FATTY_ACYL_COA_BIOSYNTHESIS,permuted,20485822.0,1.0,0.0,3.59717677613814e-08,4.42452743464991e-06,2.31389997788891,7.44403821911369,True,2.238338588554161,8.33463865838632,0.8906004392726299
10.0,25.0,cd4_0h_vs_24h,REACTOME_FATTY_ACYL_COA_BIOSYNTHESIS,random,20495822.0,1.0,2.22044604925031e-16,9.6901238729472e-14,1.19188523637251e-11,3.30511203436503,13.0136706711439,True,2.238338588554161,8.33463865838632,-4.679032012757581
10.0,25.0,cd4_0h_vs_24h,REACTOME_FATTY_ACYL_COA_BIOSYNTHESIS,true,,0.0,0.0,4.62765891657924e-09,5.69202046739247e-07,2.49894648741163,8.33463865838632,True,2.238338588554161,8.33463865838632,0.0
10.0,26.0,cd4_0h_vs_24h,REACTOME_KERATAN_SULFATE_KERATIN_METABOLISM,permuted,20486822.0,0.96,0.0,3.81265104892234e-05,0.00468956079017448,1.52606285259303,4.41877294150378,True,2.958734584976284,4.41877294150378,0.0
10.0,26.0,cd4_0h_vs_24h,REACTOME_KERATAN_SULFATE_KERATIN_METABOLISM,random,20496822.0,1.0,1.11022302462516e-16,8.03548663493119e-06,0.000988364856096536,1.73351743731473,5.09498781691362,True,2.958734584976284,4.41877294150378,-0.6762148754098396
10.0,26.0,cd4_0h_vs_24h,REACTOME_KERATAN_SULFATE_KERATIN_METABOLISM,true,,0.0,0.0,3.81265104892234e-05,0.00468956079017448,1.52606285259303,4.41877294150378,True,2.958734584976284,4.41877294150378,0.0
10.0,27.0,cd4_0h_vs_24h,REACTOME_METABOLISM_OF_FAT_SOLUBLE_VITAMINS,permuted,20487822.0,0.961538461538462,0.0,0.000160158462101912,0.0196994908385352,1.30596515981639,3.79545011009365,True,2.958734584976284,2.95873458497628,-0.8367155251173699
10.0,27.0,cd4_0h_vs_24h,REACTOME_METABOLISM_OF_FAT_SOLUBLE_VITAMINS,random,20497822.0,1.0,2.22044604925031e-16,0.0010996776918826,0.13526035610156,0.932110226066041,2.95873458497628,False,2.958734584976284,2.95873458497628,0.0
10.0,27.0,cd4_0h_vs_24h,REACTOME_METABOLISM_OF_FAT_SOLUBLE_VITAMINS,true,,0.0,0.0,0.0010996776918826,0.13526035610156,0.932110226066041,2.95873458497628,False,2.958734584976284,2.95873458497628,0.0
10.0,28.0,cd4_0h_vs_24h,REACTOME_SYNTHESIS_OF_BILE_ACIDS_AND_BILE_SALTS,permuted,20488822.0,1.0,0.0,0.0731481276708723,1.0,0.0,1.13579678577401,False,3.2246170096791245,2.23833858855416,1.1025418027801497
10.0,28.0,cd4_0h_vs_24h,REACTOME_SYNTHESIS_OF_BILE_ACIDS_AND_BILE_SALTS,random,20498822.0,1.0,2.22044604925031e-16,0.00577645522630862,0.71050399283596,0.385270654364906,2.23833858855416,False,3.2246170096791245,2.23833858855416,0.0
10.0,28.0,cd4_0h_vs_24h,REACTOME_SYNTHESIS_OF_BILE_ACIDS_AND_BILE_SALTS,true,,0.0,0.0,0.00577645522630862,0.71050399283596,0.385270654364906,2.23833858855416,False,3.2246170096791245,2.23833858855416,0.0
10.0,29.0,cd4_0h_vs_24h,REACTOME_SYNTHESIS_OF_GLYCOSYLPHOSPHATIDYLINOSITOL_GPI,permuted,20489822.0,0.941176470588235,0.0,3.81265104892234e-05,0.00468956079017448,1.52606285259303,4.41877294150378,True,3.2246170096791245,5.82442680135432,1.4056538598505393
10.0,29.0,cd4_0h_vs_24h,REACTOME_SYNTHESIS_OF_GLYCOSYLPHOSPHATIDYLINOSITOL_GPI,random,20499822.0,1.0,1.11022302462516e-16,0.00196887460329715,0.242171576205549,0.784778205325666,2.70578194299357,False,3.2246170096791245,5.82442680135432,3.11864485836075
10.0,29.0,cd4_0h_vs_24h,REACTOME_SYNTHESIS_OF_GLYCOSYLPHOSPHATIDYLINOSITOL_GPI,true,,0.0,0.0,1.49821174952854e-06,0.00018428004519201,1.93249105817205,5.82442680135432,True,3.2246170096791245,5.82442680135432,0.0
10.0,30.0,cd4_0h_vs_24h,REACTOME_SYNTHESIS_OF_VERY_LONG_CHAIN_FATTY_ACYL_COAS,permuted,20490822.0,0.944444444444444,0.0,1.59178638580836e-11,1.95789725454428e-09,2.95096765529579,10.7981152140414,True,4.418772941503782,9.27933459064804,-1.5187806233933614
10.0,30.0,cd4_0h_vs_24h,REACTOME_SYNTHESIS_OF_VERY_LONG_CHAIN_FATTY_ACYL_COAS,random,20500822.0,1.0,2.22044604925031e-16,3.59717677613814e-08,4.42452743464991e-06,2.31389997788891,7.44403821911369,True,4.418772941503782,9.27933459064804,1.8352963715343495
10.0,30.0,cd4_0h_vs_24h,REACTOME_SYNTHESIS_OF_VERY_LONG_CHAIN_FATTY_ACYL_COAS,true,,0.0,0.0,5.25612166428945e-10,6.46502964707602e-08,2.68131114927169,9.27933459064804,True,4.418772941503782,9.27933459064804,0.0
