"cell_id","Hour","Cell_Type"
"AAACCCAGTCAGCGTC-1_1",0,"Resting"
"AAACCCAGTGATACCT-1_1",0,"Resting"
"AAACCCATCATTTCGT-1_1",0,"Resting"
"AAACCCATCGAAACAA-1_1",0,"Resting"
"AAACCCATCTGTGCAA-1_1",0,"Resting"
"AAACGAAAGGTAGCCA-1_1",0,"Resting"
"AAACGAACACATTGTG-1_1",0,"Resting"
"AAACGAAGTGAGTAAT-1_1",0,"Resting"
"AAACGAAGTGGAGGTT-1_1",0,"Treg"
"AAACGCTCAACCGTAT-1_1",0,"Resting"
"AAACGCTCATACCAGT-1_1",0,"Resting"
"AAACGCTGTCGGCTAC-1_1",0,"Resting"
"AAACGCTGTGAATTGA-1_1",0,"Resting"
"AAACGCTGTTGCTCAA-1_1",0,"Resting"
"AAACGCTTCGCCTTTG-1_1",0,"Resting"
"AAAGAACAGTAGTCAA-1_1",0,"Resting"
"AAAGAACCAATGGCAG-1_1",0,"Resting"
"AAAGAACCATGACAAA-1_1",0,"Resting"
"AAAGAACCATTGTACG-1_1",0,"Resting"
"AAAGAACGTTGCTCGG-1_1",0,"Resting"
"AAAGGATAGCCTAACT-1_1",0,"Resting"
"AAAGGATCAATGAGCG-1_1",0,"Resting"
"AAAGGATGTGGCCACT-1_1",0,"Resting"
"AAAGGATTCCCAGCGA-1_1",0,"Resting"
"AAAGGATTCGTGCGAC-1_1",0,"Resting"
"AAAGGGCCAACACGAG-1_1",0,"Resting"
"AAAGGGCTCCAAACCA-1_1",0,"Resting"
"AAAGGGCTCCATAGAC-1_1",0,"Resting"
"AAAGGGCTCGTAGGGA-1_1",0,"Resting"
"AAAGGTAAGCTGTCCG-1_1",0,"Resting"
"AAAGGTAAGTTCATGC-1_1",0,"Resting"
"AAAGGTACAATGAAAC-1_1",0,"Resting"
"AAAGGTACACGCTGCA-1_1",0,"Resting"
"AAAGGTACATTATGCG-1_1",0,"Resting"
"AAAGGTAGTTCTATCT-1_1",0,"Resting"
"AAAGGTATCCAAGCTA-1_1",0,"Resting"
"AAAGGTATCCGTACGG-1_1",0,"Resting"
"AAAGGTATCGTCTAAG-1_1",0,"Resting"
"AAAGTCCAGCTCCACG-1_1",0,"Resting"
"AAAGTCCCAAGTGGCA-1_1",0,"Resting"
"AAAGTCCCAATCCAGT-1_1",0,"Resting"
"AAAGTCCCAGAACGCA-1_1",0,"Resting"
"AAAGTCCGTACCTAGT-1_1",0,"Resting"
"AAAGTCCGTACGACTT-1_1",0,"Resting"
"AAAGTCCTCCGTAGTA-1_1",0,"Resting"
"AAAGTCCTCGTGGGAA-1_1",0,"Resting"
"AAAGTGAAGATCCCGC-1_1",0,"Resting"
"AAAGTGAAGTAGGTTA-1_1",0,"Resting"
"AAAGTGACACGGCGTT-1_1",0,"Resting"
"AAAGTGAGTTTACACG-1_1",0,"Resting"
"AAAGTGATCCGATCTC-1_1",0,"Resting"
"AAAGTGATCGCCACTT-1_1",0,"Resting"
"AAATGGAAGCCGCTTG-1_1",0,"Resting"
"AAATGGAAGGCCTTCG-1_1",0,"Resting"
"AAATGGACACCATTCC-1_1",0,"Resting"
"AACAAAGAGAACCGCA-1_1",0,"Resting"
"AACAAAGAGTAGATCA-1_1",0,"Resting"
"AACAAAGCAGCAATTC-1_1",0,"Resting"
"AACAAAGGTAGATTAG-1_1",0,"Resting"
"AACAAAGGTGTCCCTT-1_1",0,"Resting"
"AACAACCAGCCAAGGT-1_1",0,"Resting"
"AACAACCAGCGATGAC-1_1",0,"Resting"
"AACAACCCAAGAGCTG-1_1",0,"Resting"
"AACAACCGTCCGAAAG-1_1",0,"Resting"
"AACAACCTCTTAGCAG-1_1",0,"Resting"
"AACAAGAGTCAAAGCG-1_1",0,"Resting"
"AACAAGAGTTGTGTTG-1_1",0,"Resting"
"AACAAGATCGCCGAGT-1_1",0,"Resting"
"AACACACCAACGTTAC-1_1",0,"Resting"
"AACACACGTACAGTCT-1_1",0,"Resting"
"AACACACGTCATCGCG-1_1",0,"Resting"
"AACAGGGAGGACAAGA-1_1",0,"Resting"
"AACAGGGAGGTCTTTG-1_1",0,"Resting"
"AACAGGGCATCGCCTT-1_1",0,"Resting"
"AACAGGGCATCTCGTC-1_1",0,"Resting"
"AACAGGGGTGGAAATT-1_1",0,"Resting"
"AACAGGGTCCCGGTAG-1_1",0,"Resting"
"AACCAACCAAGACAAT-1_1",0,"Resting"
"AACCAACGTAATCAGA-1_1",0,"Resting"
"AACCAACGTGACACAG-1_1",0,"Resting"
"AACCAACTCGAGAAAT-1_1",0,"Resting"
"AACCACACATGACGTT-1_1",0,"Resting"
"AACCACAGTAACGATA-1_1",0,"Resting"
"AACCACATCATTTCCA-1_1",0,"Resting"
"AACCACATCCTTCTTC-1_1",0,"Resting"
"AACCACATCGTAGCCG-1_1",0,"Resting"
"AACCACATCTGAGGCC-1_1",0,"Treg"
"AACCATGTCACACGAT-1_1",0,"Resting"
"AACCCAAAGAGGATCC-1_1",0,"Resting"
"AACCCAACAATACAGA-1_1",0,"Resting"
"AACCCAAGTAACAGTA-1_1",0,"Resting"
"AACCCAAGTGCAACGA-1_1",0,"Resting"
"AACCCAAGTTTGATCG-1_1",0,"Resting"
"AACCTGAAGCACGGAT-1_1",0,"Resting"
"AACCTGAAGTTAGAAC-1_1",0,"Resting"
"AACCTGACAAGCACCC-1_1",0,"Resting"
"AACCTGACATACTGAC-1_1",0,"Resting"
"AACCTGAGTGTGAATA-1_1",0,"Resting"
"AACCTGATCAAGGCTT-1_1",0,"Resting"
"AACCTGATCCTCACTG-1_1",0,"Resting"
"AACCTTTGTACCCACG-1_1",0,"Resting"
"AACCTTTTCCTCACCA-1_1",0,"Resting"
"AACCTTTTCGGCTGTG-1_1",0,"Resting"
"AACGAAAAGACATCAA-1_1",0,"Resting"
"AACGAAAAGGCATGCA-1_1",0,"Resting"
"AACGAAAGTACCCGCA-1_1",0,"Resting"
"AACGAAAGTCACTAGT-1_1",0,"Resting"
"AACGAAATCTGACAGT-1_1",0,"Resting"
"AACGGGAAGGAACTCG-1_1",0,"Resting"
"AACGGGAAGTCATCCA-1_1",0,"Resting"
"AACGGGAAGTTTCGAC-1_1",0,"Resting"
"AACGGGACACTTCTCG-1_1",0,"Resting"
"AACGGGAGTGAATGAT-1_1",0,"Resting"
"AACGGGAGTTACGATC-1_1",0,"Resting"
"AACGGGATCAGCTGAT-1_1",0,"Resting"
"AACGTCACAGAACTAA-1_1",0,"Resting"
"AACTTCTGTCCATACA-1_1",0,"Resting"
"AAGAACACACGCGTGT-1_1",0,"Resting"
"AAGAACACACTAGTAC-1_1",0,"Resting"
"AAGAACAGTGTGTCGC-1_1",0,"Resting"
"AAGAACAGTTGAATCC-1_1",0,"Resting"
"AAGAACATCCTCACCA-1_1",0,"Resting"
"AAGAACATCTATCCAT-1_1",0,"Resting"
"AAGACTCCAAAGACGC-1_1",0,"Resting"
"AAGACTCCAGACGGAT-1_1",0,"Resting"
"AAGACTCCATCCGTTC-1_1",0,"Resting"
"AAGACTCGTGAATGTA-1_1",0,"Resting"
"AAGACTCGTTCTTAGG-1_1",0,"Resting"
"AAGACTCTCTAGCCAA-1_1",0,"Resting"
"AAGATAGCATCTCAAG-1_1",0,"Resting"
"AAGATAGGTATCTCTT-1_1",0,"Resting"
"AAGATAGGTCCCTCAT-1_1",0,"Resting"
"AAGCATCGTCTAGTGT-1_1",0,"Resting"
"AAGCATCTCAACCCGG-1_1",0,"Resting"
"AAGCATCTCAGACATC-1_1",0,"Resting"
"AAGCATCTCCTCTCGA-1_1",0,"Resting"
"AAGCCATGTGAATGAT-1_1",0,"Resting"
"AAGCCATTCCCGTTCA-1_1",0,"Resting"
"AAGCGAGAGGCATCAG-1_1",0,"Resting"
"AAGCGAGAGGGCCAAT-1_1",0,"Resting"
"AAGCGAGCAATACCTG-1_1",0,"Resting"
"AAGCGAGCAGAGCCCT-1_1",0,"Resting"
"AAGCGAGCATGCAGCC-1_1",0,"Resting"
"AAGCGTTAGCGATGGT-1_1",0,"Resting"
"AAGCGTTCACTTTATC-1_1",0,"Resting"
"AAGCGTTGTGTGTGGA-1_1",0,"Resting"
"AAGCGTTGTTAAAGTG-1_1",0,"Resting"
"AAGGAATAGGTAGACC-1_1",0,"Resting"
"AAGGAATAGGTCATAA-1_1",0,"Resting"
"AAGGAATCAACACGAG-1_1",0,"Resting"
"AAGGAATGTGAAAGTT-1_1",0,"Resting"
"AAGGAATTCAATGTCG-1_1",0,"Resting"
"AAGGTAAAGAAGCCTG-1_1",0,"Resting"
"AAGGTAACATCGTGGC-1_1",0,"Resting"
"AAGGTAAGTAGGTACG-1_1",0,"Resting"
"AAGGTAAGTGGACCAA-1_1",0,"Resting"
"AAGGTAAGTTCGGTCG-1_1",0,"Resting"
"AAGGTAATCATCTATC-1_1",0,"Resting"
"AAGGTAATCTGGGATT-1_1",0,"Resting"
"AAGTACCAGTGCTCGC-1_1",0,"Resting"
"AAGTACCGTACCAATC-1_1",0,"Resting"
"AAGTACCGTATCGCTA-1_1",0,"Resting"
"AAGTACCGTGAAGCTG-1_1",0,"Resting"
"AAGTACCTCTGTGTGA-1_1",0,"Resting"
"AAGTCGTAGAGTACCG-1_1",0,"Resting"
"AAGTCGTAGGGTAATT-1_1",0,"Resting"
"AAGTCGTCAAAGTATG-1_1",0,"Resting"
"AAGTCGTCAAGTTCCA-1_1",0,"Resting"
"AAGTCGTTCGCTGCGA-1_1",0,"Resting"
"AAGTGAAAGACGCCCT-1_1",0,"Resting"
"AAGTGAAAGCGCCTTG-1_1",0,"Resting"
"AAGTGAACAAGAGTTA-1_1",0,"Resting"
"AAGTGAACACCCTTGT-1_1",0,"Resting"
"AAGTGAAGTAGATCCT-1_1",0,"Resting"
"AAGTGAAGTTGGTAGG-1_1",0,"Resting"
"AAGTTCGGTACACTCA-1_1",0,"Resting"
"AATAGAGAGCTTTCCC-1_1",0,"Resting"
"AATAGAGGTTCTATCT-1_1",0,"Resting"
"AATCACGCATACCATG-1_1",0,"Resting"
"AATCACGGTTGCAACT-1_1",0,"Resting"
"AATCACGGTTTCACTT-1_1",0,"Resting"
"AATCACGTCGACCTAA-1_1",0,"Resting"
"AATCACGTCTCGCGTT-1_1",0,"Resting"
"AATCGACCACGCTGCA-1_1",0,"Resting"
"AATCGACCACTGCACG-1_1",0,"Resting"
"AATCGACGTTTGAAAG-1_1",0,"Resting"
"AATCGACTCCGCTTAC-1_1",0,"Resting"
"AATCGACTCCTAGCCT-1_1",0,"Resting"
"AATCGTGAGAAGGCTC-1_1",0,"Resting"
"AATCGTGAGCTAGAGC-1_1",0,"Resting"
"AATCGTGAGCTCCATA-1_1",0,"Resting"
"AATCGTGTCACCCTTG-1_1",0,"Resting"
"AATCGTGTCATTTCCA-1_1",0,"Resting"
"AATCGTGTCGTGCTCT-1_1",0,"Resting"
"AATGAAGAGTAGGAAG-1_1",0,"Resting"
"AATGAAGCAGTTGTTG-1_1",0,"Resting"
"AATGAAGGTAGGAGTC-1_1",0,"Resting"
"AATGAAGGTGGTCTGC-1_1",0,"Resting"
"AATGAAGTCATCGGGC-1_1",0,"Resting"
"AATGACCAGGGAACAA-1_1",0,"Resting"
"AATGCCAAGCATGATA-1_1",0,"Resting"
"AATGCCAAGCGTGCTC-1_1",0,"Resting"
"AATGCCAAGGACGCAT-1_1",0,"Resting"
"AATGCCAAGTATAGGT-1_1",0,"Resting"
"AATGCCACAACGCATT-1_1",0,"Resting"
"AATGCCAGTTACGGAG-1_1",0,"Resting"
"AATGGAAAGAGGTGCT-1_1",0,"Resting"
"AATGGAAGTATGAAAC-1_1",0,"Resting"
"AATGGAAGTGATACTC-1_1",0,"Resting"
"AATGGAAGTTGATGTC-1_1",0,"Resting"
"AATGGAATCATGCGGC-1_1",0,"Resting"
"AATGGCTAGACAAGCC-1_1",0,"Resting"
"AATGGCTAGGTTACAA-1_1",0,"Resting"
"AATGGCTCACAGGATG-1_1",0,"Treg"
"AATTCCTCAGGGCTTC-1_1",0,"Resting"
"AATTCCTCATTGAGGG-1_1",0,"Resting"
"AATTCCTGTCGAGCAA-1_1",0,"Resting"
"AATTCCTTCGTTGCCT-1_1",0,"Resting"
"AATTTCCCAAGGGTCA-1_1",0,"Resting"
"AATTTCCGTCACTAGT-1_1",0,"Resting"
"AATTTCCTCCCACAGG-1_1",0,"Resting"
"ACAAAGAAGACGGTTG-1_1",0,"Resting"
"ACAAAGAAGGAGACCT-1_1",0,"Resting"
"ACAAAGACATCTAGAC-1_1",0,"Resting"
"ACAAAGAGTAGTGATA-1_1",0,"Resting"
"ACAAAGAGTTCTTCAT-1_1",0,"Resting"
"ACAAAGATCACTGAAC-1_1",0,"Resting"
"ACAAAGATCTCTCAAT-1_1",0,"Resting"
"ACAACCAAGAAACCAT-1_1",0,"Resting"
"ACAACCAAGGCCCGTT-1_1",0,"Resting"
"ACAACCAAGTCCCGAC-1_1",0,"Resting"
"ACAACCAGTCATCGGC-1_1",0,"Resting"
"ACAACCATCCTTTGAT-1_1",0,"Resting"
"ACAAGCTAGCCTCACG-1_1",0,"Resting"
"ACAAGCTAGGTTCATC-1_1",0,"Resting"
"ACAAGCTCACTGTTCC-1_1",0,"Resting"
"ACAAGCTCAGCAGTAG-1_1",0,"Resting"
"ACAAGCTCATTCAGGT-1_1",0,"Resting"
"ACAAGCTGTTTGCCGG-1_1",0,"Resting"
"ACAAGCTTCACATCAG-1_1",0,"Resting"
"ACAAGCTTCCTAGCGG-1_1",0,"Resting"
"ACACAGTCATTCTGTT-1_1",0,"Resting"
"ACACAGTGTCGGTGTC-1_1",0,"Resting"
"ACACAGTTCAAACCCA-1_1",0,"Resting"
"ACACAGTTCTCAACGA-1_1",0,"Resting"
"ACACCAACAAAGACGC-1_1",0,"Resting"
"ACACCAATCCAAGCCG-1_1",0,"Resting"
"ACACCAATCGATTGAC-1_1",0,"Resting"
"ACACGCGCATTGTACG-1_1",0,"Resting"
"ACACGCGGTGTAGGAC-1_1",0,"Resting"
"ACACTGAAGGGTGAAA-1_1",0,"Resting"
"ACACTGACACCGCTAG-1_1",0,"Resting"
"ACACTGACACCGGTCA-1_1",0,"Resting"
"ACACTGATCATCTACT-1_1",0,"Resting"
"ACACTGATCCCTCTTT-1_1",0,"Resting"
"ACAGAAAAGAGTCAGC-1_1",0,"Resting"
"ACAGAAATCAGTGATC-1_1",0,"Resting"
"ACAGCCGAGATCGACG-1_1",0,"Resting"
"ACAGCCGAGATGCTTC-1_1",0,"Resting"
"ACAGCCGAGCTGTACT-1_1",0,"Activated"
"ACAGCCGCAAGGAGTC-1_1",0,"Resting"
"ACAGCCGCAGAGAAAG-1_1",0,"Resting"
"ACAGCCGGTAACAGGC-1_1",0,"Resting"
"ACAGGGAAGCACCGAA-1_1",0,"Resting"
"ACAGGGAAGTAAAGCT-1_1",0,"Resting"
"ACAGGGACAAATCGGG-1_1",0,"Resting"
"ACAGGGACATCCTTGC-1_1",0,"Resting"
"ACAGGGAGTCCTATAG-1_1",0,"Resting"
"ACAGGGATCCCGTAAA-1_1",0,"Resting"
"ACAGGGATCTCCTGCA-1_1",0,"Treg"
"ACAGGGATCTTCCTAA-1_1",0,"Resting"
"ACATCCCAGGTGCTTT-1_1",0,"Resting"
"ACATCCCGTATAGGAT-1_1",0,"Resting"
"ACATCCCGTCGCCTAG-1_1",0,"Resting"
"ACATCCCTCTGCCCTA-1_1",0,"Resting"
"ACATCGAAGCAGAAAG-1_1",0,"Resting"
"ACATCGACAAGCCATT-1_1",0,"Resting"
"ACATCGACACCTGTCT-1_1",0,"Resting"
"ACATCGAGTAAGTCAA-1_1",0,"Resting"
"ACATCGAGTGAAGCGT-1_1",0,"Resting"
"ACATCGATCCGCGGAT-1_1",0,"Resting"
"ACATGCACATGGCTGC-1_1",0,"Resting"
"ACATTTCAGACGTCCC-1_1",0,"Resting"
"ACATTTCAGATGTTCC-1_1",0,"Resting"
"ACATTTCGTCGCGTTG-1_1",0,"Resting"
"ACATTTCTCCATCAGA-1_1",0,"Resting"
"ACATTTCTCCTTATAC-1_1",0,"Resting"
"ACATTTCTCTCAATCT-1_1",0,"Resting"
"ACCAAACAGATTACCC-1_1",0,"Resting"
"ACCAAACCACGAGAAC-1_1",0,"Resting"
"ACCAACAAGCCTGAAG-1_1",0,"Resting"
"ACCAACAAGCTAAACA-1_1",0,"Resting"
"ACCAACAGTACCCGAC-1_1",0,"Resting"
"ACCAACAGTCCGGCAT-1_1",0,"Resting"
"ACCAACAGTCCTCAGG-1_1",0,"Resting"
"ACCAACAGTCCTCATC-1_1",0,"Resting"
"ACCAACAGTGAGATCG-1_1",0,"Resting"
"ACCAACATCCTAGCGG-1_1",0,"Resting"
"ACCACAAAGAACCCGA-1_1",0,"Resting"
"ACCACAAAGACATCCT-1_1",0,"Resting"
"ACCACAACATAAGCAA-1_1",0,"Activated"
"ACCACAATCGTCGATA-1_1",0,"Resting"
"ACCATTTCAATACAGA-1_1",0,"Resting"
"ACCATTTCACTTTAGG-1_1",0,"Resting"
"ACCATTTCAGACCTGC-1_1",0,"Resting"
"ACCATTTGTGGTCCCA-1_1",0,"Resting"
"ACCATTTGTGTAGTGG-1_1",0,"Resting"
"ACCATTTTCGATGCTA-1_1",0,"Resting"
"ACCCAAAAGAGTGTGC-1_1",0,"Resting"
"ACCCAAAAGGACTAAT-1_1",0,"Resting"
"ACCCAAACAATACCCA-1_1",0,"Resting"
"ACCCTCAAGATGCTAA-1_1",0,"Resting"
"ACCCTCACAGTAGAGC-1_1",0,"Resting"
"ACCCTCAGTAATGCTC-1_1",0,"Resting"
"ACCCTCATCTGTAACG-1_1",0,"Resting"
"ACCCTTGAGATTGATG-1_1",0,"Resting"
"ACCCTTGCATATCGGT-1_1",0,"Resting"
"ACCCTTGCATGAGTAA-1_1",0,"Resting"
"ACCCTTGGTCTTCATT-1_1",0,"Resting"
"ACCCTTGGTTAGAAAC-1_1",0,"Resting"
"ACCGTTCAGAAGGATG-1_1",0,"Resting"
"ACCGTTCAGTCTCGTA-1_1",0,"Resting"
"ACCGTTCCAACTCGTA-1_1",0,"Resting"
"ACCGTTCCAATCGCAT-1_1",0,"Resting"
"ACCGTTCCATACATCG-1_1",0,"Resting"
"ACCGTTCCATATGCGT-1_1",0,"Resting"
"ACCTACCAGCGAAACC-1_1",0,"Resting"
"ACCTACCAGCTCCATA-1_1",0,"Resting"
"ACCTACCAGGGACCAT-1_1",0,"Resting"
"ACCTACCGTTCGGGTC-1_1",0,"Resting"
"ACCTACCTCCTGTACC-1_1",0,"Resting"
"ACCTGAAAGCGCCGTT-1_1",0,"Resting"
"ACCTGAATCAAGTAAG-1_1",0,"Resting"
"ACCTGAATCATGCGGC-1_1",0,"Resting"
"ACCTGAATCCCAGGCA-1_1",0,"Resting"
"ACCTGTCAGTACAGAT-1_1",0,"Resting"
"ACCTGTCAGTCACTGT-1_1",0,"Resting"
"ACCTGTCAGTTACGAA-1_1",0,"Resting"
"ACCTGTCCACAATCTG-1_1",0,"Resting"
"ACCTGTCCAGACTCTA-1_1",0,"Resting"
"ACCTGTCCATAGCTGT-1_1",0,"Resting"
"ACCTGTCGTGAGTTTC-1_1",0,"Resting"
"ACCTGTCTCTCTCTAA-1_1",0,"Resting"
"ACGATCAAGACTCAAA-1_1",0,"Resting"
"ACGATCAAGTATCCTG-1_1",0,"Resting"
"ACGATCACACGATAGG-1_1",0,"Resting"
"ACGATCAGTAGTCTTG-1_1",0,"Resting"
"ACGATCAGTGTACGCC-1_1",0,"Resting"
"ACGATCAGTGTCTAAC-1_1",0,"Resting"
"ACGATCAGTTTACTTC-1_1",0,"Resting"
"ACGATCATCAGGGTAG-1_1",0,"Resting"
"ACGATCATCCAACACA-1_1",0,"Resting"
"ACGATGTAGCACGTCC-1_1",0,"Resting"
"ACGATGTCAGTATGAA-1_1",0,"Resting"
"ACGATGTCATTCTTCA-1_1",0,"Resting"
"ACGATGTGTTATAGAG-1_1",0,"Resting"
"ACGCACGAGCGCATCC-1_1",0,"Resting"
"ACGCACGAGTTGGGAC-1_1",0,"Resting"
"ACGCACGAGTTTCTTC-1_1",0,"Resting"
"ACGCACGCAGAACTAA-1_1",0,"Resting"
"ACGCACGCAGCAGAAC-1_1",0,"Resting"
"ACGCACGCAGGTCAAG-1_1",0,"Resting"
"ACGCACGGTACGACTT-1_1",0,"Resting"
"ACGCACGTCATGAGAA-1_1",0,"Resting"
"ACGCACGTCGCTCATC-1_1",0,"Resting"
"ACGGAAGAGTAGCAAT-1_1",0,"Resting"
"ACGGAAGAGTTCCGGC-1_1",0,"Resting"
"ACGGAAGTCCAAGCCG-1_1",0,"Resting"
"ACGGGTCCAGACACCC-1_1",0,"Resting"
"ACGGGTCGTGAAGCGT-1_1",0,"Resting"
"ACGGGTCTCATGCCAA-1_1",0,"Resting"
"ACGGTCGCACGCCACA-1_1",0,"Resting"
"ACGGTCGCACTACCGG-1_1",0,"Resting"
"ACGGTCGCATTGGGAG-1_1",0,"Resting"
"ACGGTCGGTCGACTGC-1_1",0,"Resting"
"ACGGTCGGTCGGTGTC-1_1",0,"Resting"
"ACGGTCGGTTAAACAG-1_1",0,"Resting"
"ACGGTCGGTTTGAACC-1_1",0,"Resting"
"ACGGTCGTCAAGTGGG-1_1",0,"Resting"
"ACGGTTAAGCCTGAAG-1_1",0,"Resting"
"ACGGTTACAAGAGTTA-1_1",0,"Resting"
"ACGGTTACACTGAGTT-1_1",0,"Resting"
"ACGGTTAGTGGTTCTA-1_1",0,"Resting"
"ACGTAACAGTGGACGT-1_1",0,"Resting"
"ACGTAACAGTTCCATG-1_1",0,"Resting"
"ACGTAACCAAACTCGT-1_1",0,"Resting"
"ACGTAACGTAGCTCGC-1_1",0,"Resting"
"ACGTAACGTCTTCGAA-1_1",0,"Resting"
"ACGTAACTCGTTGCCT-1_1",0,"Resting"
"ACGTACAGTACGTACT-1_1",0,"Resting"
"ACGTACAGTCGCAGTC-1_1",0,"Resting"
"ACGTACAGTGAGTTGG-1_1",0,"Resting"
"ACGTACAGTTGCTCAA-1_1",0,"Resting"
"ACGTACATCGTTCCCA-1_1",0,"Resting"
"ACGTAGTAGCTCATAC-1_1",0,"Resting"
"ACGTAGTTCGATGGAG-1_1",0,"Resting"
"ACGTCCTAGAAGCGAA-1_1",0,"Resting"
"ACGTCCTCACTTCAAG-1_1",0,"Resting"
"ACGTCCTTCAAGAGGC-1_1",0,"Resting"
"ACGTTCCAGATTGTGA-1_1",0,"Resting"
"ACGTTCCAGTAACCGG-1_1",0,"Resting"
"ACGTTCCCACGCAAAG-1_1",0,"Resting"
"ACGTTCCCATCGATCA-1_1",0,"Resting"
"ACTACGAAGTAGTCAA-1_1",0,"Resting"
"ACTACGACAACAAAGT-1_1",0,"Resting"
"ACTACGACACGTAACT-1_1",0,"Resting"
"ACTACGACATCTCATT-1_1",0,"Resting"
"ACTACGATCTAGTGTG-1_1",0,"Resting"
"ACTATCTCAACACTAC-1_1",0,"Resting"
"ACTATCTCAGTTAAAG-1_1",0,"Resting"
"ACTATCTGTCGTACTA-1_1",0,"Resting"
"ACTATCTGTGTCTTGA-1_1",0,"Resting"
"ACTATCTTCACCGGGT-1_1",0,"Resting"
"ACTATGGCACTAGGTT-1_1",0,"Resting"
"ACTATGGGTGGGCTCT-1_1",0,"Resting"
"ACTATGGGTTAATCGC-1_1",0,"Resting"
"ACTATTCAGGGTACAC-1_1",0,"Resting"
"ACTATTCCACTGTCGG-1_1",0,"Resting"
"ACTATTCCAGCTACCG-1_1",0,"Resting"
"ACTATTCCAGGGTCTC-1_1",0,"Resting"
"ACTATTCGTCTTGAAC-1_1",0,"Resting"
"ACTATTCGTTTGGGAG-1_1",0,"Resting"
"ACTCCCAAGCACTCCG-1_1",0,"Resting"
"ACTCCCAAGGCCTTGC-1_1",0,"Resting"
"ACTCCCAAGGGTATAT-1_1",0,"Resting"
"ACTCTCGCATGTGCTA-1_1",0,"Resting"
"ACTCTCGGTGACTCGC-1_1",0,"Resting"
"ACTCTCGGTTGGCCGT-1_1",0,"Resting"
"ACTGATGAGCTCAGAG-1_1",0,"Resting"
"ACTGATGAGTGCTCAT-1_1",0,"Resting"
"ACTGATGCAAACTAAG-1_1",0,"Resting"
"ACTGATGCAACTCGAT-1_1",0,"Resting"
"ACTGATGCACCACATA-1_1",0,"Resting"
"ACTGATGGTCGCGTTG-1_1",0,"Resting"
"ACTGATGTCACGACTA-1_1",0,"Resting"
"ACTGCAAGTCGAGCAA-1_1",0,"Resting"
"ACTGCAATCAACCCGG-1_1",0,"Resting"
"ACTGTCCAGTACTGGG-1_1",0,"Resting"
"ACTGTCCCACAAGTTC-1_1",0,"Resting"
"ACTGTCCGTGAGATAT-1_1",0,"Resting"
"ACTGTCCTCAGAGTTC-1_1",0,"Resting"
"ACTGTCCTCATTCACT-1_1",0,"Resting"
"ACTGTCCTCATTTGTC-1_1",0,"Resting"
"ACTGTCCTCCACCCTA-1_1",0,"Resting"
"ACTGTCCTCTCGGCTT-1_1",0,"Resting"
"ACTGTGACACATGACT-1_1",0,"Resting"
"ACTGTGACATGTAACC-1_1",0,"Resting"
"ACTGTGAGTCTAACTG-1_1",0,"Resting"
"ACTGTGATCACTGTCC-1_1",0,"Resting"
"ACTTAGGAGCATGCAG-1_1",0,"Resting"
"ACTTAGGCAAGTATCC-1_1",0,"Resting"
"ACTTAGGCATGACACT-1_1",0,"Resting"
"ACTTAGGGTGGTCTCG-1_1",0,"Resting"
"ACTTAGGTCCGCACTT-1_1",0,"Resting"
"ACTTATCAGCTATCCA-1_1",0,"Resting"
"ACTTATCGTAACGTTC-1_1",0,"Resting"
"ACTTCCGAGCCTCAGC-1_1",0,"Resting"
"ACTTCCGAGGACTATA-1_1",0,"Resting"
"ACTTCCGAGTCATACC-1_1",0,"Resting"
"ACTTCCGCATCCCGTT-1_1",0,"Resting"
"ACTTCCGGTACAGAGC-1_1",0,"Resting"
"ACTTCCGGTCCAGCCA-1_1",0,"Resting"
"ACTTCCGGTGAAAGTT-1_1",0,"Resting"
"ACTTCCGGTTAAACCC-1_1",0,"Resting"
"ACTTCGCAGAGTCTTC-1_1",0,"Resting"
"ACTTCGCAGCCGCTTG-1_1",0,"Resting"
"ACTTCGCAGGACGCTA-1_1",0,"Resting"
"ACTTCGCTCATCCTGC-1_1",0,"Resting"
"ACTTCGCTCGCCTATC-1_1",0,"Resting"
"ACTTCGCTCTAATTCC-1_1",0,"Resting"
"ACTTTCAAGACAGCGT-1_1",0,"Resting"
"ACTTTCAGTGTAAATG-1_1",0,"Resting"
"ACTTTCATCAAGAGTA-1_1",0,"Resting"
"ACTTTCATCCACACCT-1_1",0,"Resting"
"ACTTTCATCCGGACGT-1_1",0,"Resting"
"ACTTTGTAGATCCCGC-1_1",0,"Resting"
"AGAAATGGTAGTCTTG-1_1",0,"Resting"
"AGAACAAAGCACCCAC-1_1",0,"Resting"
"AGAACAAAGCCTTCTC-1_1",0,"Resting"
"AGAACAAAGGCTCCCA-1_1",0,"Resting"
"AGAACAAGTGTTCAGT-1_1",0,"Resting"
"AGAACCTAGCGAGGAG-1_1",0,"Resting"
"AGAACCTCATCCGAAT-1_1",0,"Resting"
"AGAACCTGTACTAACC-1_1",0,"Resting"
"AGAACCTGTCTTCTAT-1_1",0,"Resting"
"AGAACCTGTGGGTCAA-1_1",0,"Resting"
"AGAACCTTCTCCCAAC-1_1",0,"Resting"
"AGAAGCGAGGGAGGGT-1_1",0,"Resting"
"AGAAGCGGTATGGAAT-1_1",0,"Resting"
"AGAAGCGTCCGAGTGC-1_1",0,"Resting"
"AGAAGTAAGTGCGACA-1_1",0,"Resting"
"AGAAGTACAACAGCCC-1_1",0,"Resting"
"AGAAGTACATTATGCG-1_1",0,"Resting"
"AGAAGTATCCGCAGTG-1_1",0,"Resting"
"AGAAGTATCCTACTGC-1_1",0,"Resting"
"AGAAGTATCTTTCCAA-1_1",0,"Resting"
"AGACAAAAGTGAGCCA-1_1",0,"Resting"
"AGACAAAAGTGCTACT-1_1",0,"Resting"
"AGACAAACAAGAATAC-1_1",0,"Resting"
"AGACAAACACTAGGCC-1_1",0,"Resting"
"AGACAAACATTAGGCT-1_1",0,"Resting"
"AGACAAAGTTTCACAG-1_1",0,"Resting"
"AGACAAATCGATTGGT-1_1",0,"Resting"
"AGACACTAGGAAGTCC-1_1",0,"Resting"
"AGACACTTCCGCAACG-1_1",0,"Resting"
"AGACCATAGCAAGTGC-1_1",0,"Resting"
"AGACCATAGGCTTCCG-1_1",0,"Resting"
"AGACCATAGGGCGAGA-1_1",0,"Resting"
"AGACCATAGTGAGTTA-1_1",0,"Resting"
"AGACCATAGTTTCAGC-1_1",0,"Resting"
"AGACCATCACTCAAGT-1_1",0,"Resting"
"AGACCATCACTTGGCG-1_1",0,"Resting"
"AGACCATCATAGTCGT-1_1",0,"Resting"
"AGACCATGTCGTGGAA-1_1",0,"Resting"
"AGACCATTCACGACTA-1_1",0,"Resting"
"AGACCCGAGTAGCCAG-1_1",0,"Resting"
"AGACCCGCACATATCG-1_1",0,"Resting"
"AGACCCGCAGTCCCGA-1_1",0,"Resting"
"AGACCCGTCGCCAGTG-1_1",0,"Resting"
"AGACTCACATCGGAGA-1_1",0,"Resting"
"AGACTCACATTGCTGA-1_1",0,"Resting"
"AGACTCAGTCTCTCAC-1_1",0,"Resting"
"AGACTCAGTTGCACGC-1_1",0,"Resting"
"AGACTCAGTTTAGACC-1_1",0,"Resting"
"AGACTCATCGCTATTT-1_1",0,"Resting"
"AGAGAATAGTCACACT-1_1",0,"Resting"
"AGAGAATAGTTATGGA-1_1",0,"Resting"
"AGAGAATCAAGCGAGT-1_1",0,"Resting"
"AGAGAATCAGCTATAC-1_1",0,"Resting"
"AGAGAATGTTCCCAAA-1_1",0,"Resting"
"AGAGAATGTTGGTACT-1_1",0,"Resting"
"AGAGAGCAGGCTGGAT-1_1",0,"Resting"
"AGAGAGCAGTCATCCA-1_1",0,"Resting"
"AGAGAGCCACAACGTT-1_1",0,"Resting"
"AGAGAGCGTATTGACC-1_1",0,"Resting"
"AGAGCAGCAAGACCTT-1_1",0,"Resting"
"AGAGCAGCACACCTTC-1_1",0,"Resting"
"AGAGCAGCATAGGAGC-1_1",0,"Resting"
"AGAGCAGCATGGCGCT-1_1",0,"Resting"
"AGAGCAGGTAACACCT-1_1",0,"Resting"
"AGAGCAGGTTCCGTTC-1_1",0,"Resting"
"AGAGCAGTCAAGGCTT-1_1",0,"Resting"
"AGAGCAGTCATAGCAC-1_1",0,"Resting"
"AGAGCCCAGGAGCTGT-1_1",0,"Resting"
"AGAGCCCCAAGGTCAG-1_1",0,"Resting"
"AGAGCCCCACCGAATT-1_1",0,"Resting"
"AGAGCCCCACGTAACT-1_1",0,"Resting"
"AGAGCCCCACTAACGT-1_1",0,"Resting"
"AGAGCCCTCATTGTGG-1_1",0,"Resting"
"AGATAGAAGAAGATCT-1_1",0,"Resting"
"AGATAGACAACACGAG-1_1",0,"Resting"
"AGATAGACAGTTAGAA-1_1",0,"Resting"
"AGATAGACATTGGCAT-1_1",0,"Resting"
"AGATAGAGTAGGTCAG-1_1",0,"Resting"
"AGATAGATCTCATTTG-1_1",0,"Resting"
"AGATAGATCTCGTGAA-1_1",0,"Resting"
"AGATAGATCTGCGGGT-1_1",0,"Resting"
"AGATCCAAGCAATAAC-1_1",0,"Resting"
"AGATCCATCTAGTGTG-1_1",0,"Resting"
"AGATCCATCTCGGGAC-1_1",0,"Resting"
"AGATCCATCTGTGCGG-1_1",0,"Resting"
"AGATCGTCACGGCGTT-1_1",0,"Resting"
"AGATCGTCACGTCTCT-1_1",0,"Resting"
"AGATCGTGTACAGCGA-1_1",0,"Resting"
"AGATCGTGTCCTGAAT-1_1",0,"Resting"
"AGATCGTTCGCTGTCT-1_1",0,"Resting"
"AGATCGTTCGTTCCTG-1_1",0,"Resting"
"AGATGAAAGACGACTG-1_1",0,"Resting"
"AGATGAAAGATTAGAC-1_1",0,"Resting"
"AGATGAAAGTGACACG-1_1",0,"Resting"
"AGATGAACAGGTACGA-1_1",0,"Resting"
"AGATGAAGTCGAACGA-1_1",0,"Resting"
"AGATGAAGTCGTATTG-1_1",0,"Resting"
"AGATGAAGTTCGAGCC-1_1",0,"Resting"
"AGATGAAGTTCGTTCC-1_1",0,"Resting"
"AGATGAATCAAGAGTA-1_1",0,"Resting"
"AGATGCTAGAGTGTGC-1_1",0,"Resting"
"AGATGCTAGGAGACCT-1_1",0,"Resting"
"AGATGCTCAGGCACTC-1_1",0,"Resting"
"AGATGCTCAGTTCTAG-1_1",0,"Resting"
"AGATGCTGTATTGGCT-1_1",0,"Resting"
"AGATGCTGTCGCTGCA-1_1",0,"Resting"
"AGATGCTGTTGACTGT-1_1",0,"Resting"
"AGATGCTTCCCGAATA-1_1",0,"Resting"
"AGATGCTTCCGTGACG-1_1",0,"Resting"
"AGCATCAAGAATAGTC-1_1",0,"Resting"
"AGCATCAAGTTGTCGT-1_1",0,"Resting"
"AGCATCACAATGTTGC-1_1",0,"Resting"
"AGCATCACAGGTAGTG-1_1",0,"Resting"
"AGCATCAGTGCAACGA-1_1",0,"Resting"
"AGCATCATCAAGAGGC-1_1",0,"Resting"
"AGCATCATCTGAGATC-1_1",0,"Resting"
"AGCCAATAGCGAACTG-1_1",0,"Resting"
"AGCCAATAGGTGCTTT-1_1",0,"Resting"
"AGCCAATAGTTGCCCG-1_1",0,"Resting"
"AGCCAATCATGTGGTT-1_1",0,"Resting"
"AGCCAATGTCTTGTCC-1_1",0,"Treg"
"AGCCAATTCAGAGCGA-1_1",0,"Resting"
"AGCCAATTCTTGTGCC-1_1",0,"Resting"
"AGCCACGAGCGGACAT-1_1",0,"Resting"
"AGCCACGAGTAAGACT-1_1",0,"Resting"
"AGCCACGCAGTCGGAA-1_1",0,"Resting"
"AGCCACGGTACCGTGC-1_1",0,"Resting"
"AGCCACGGTGTTGACT-1_1",0,"Resting"
"AGCCACGGTTCAGTAC-1_1",0,"Resting"
"AGCCAGCAGGTTCAGG-1_1",0,"Resting"
"AGCCAGCCAGATCCTA-1_1",0,"Resting"
"AGCCAGCGTGACACGA-1_1",0,"Resting"
"AGCCAGCTCAAGCCTA-1_1",0,"Resting"
"AGCCAGCTCATGGGAG-1_1",0,"Resting"
"AGCCAGCTCCATAAGC-1_1",0,"Resting"
"AGCCAGCTCGAACCTA-1_1",0,"Resting"
"AGCCAGCTCGTGTGGC-1_1",0,"Resting"
"AGCGATTTCGAGCCTG-1_1",0,"Resting"
"AGCGCCAGTTGGGTAG-1_1",0,"Resting"
"AGCGCCATCGCTTGCT-1_1",0,"Resting"
"AGCGCTGCAAGAAATC-1_1",0,"Resting"
"AGCGCTGGTGCTCGTG-1_1",0,"Resting"
"AGCGCTGGTTGCGTAT-1_1",0,"Resting"
"AGCGTATAGAATCTAG-1_1",0,"Resting"
"AGCGTATAGCCAACCC-1_1",0,"Resting"
"AGCGTATCAAATTGCC-1_1",0,"Resting"
"AGCGTATCATCTGGGC-1_1",0,"Treg"
"AGCGTATGTAACAAGT-1_1",0,"Resting"
"AGCGTATGTTGTAAAG-1_1",0,"Resting"
"AGCGTATTCACTCTTA-1_1",0,"Resting"
"AGCTACAAGAGATCGC-1_1",0,"Resting"
"AGCTACAAGCCATTGT-1_1",0,"Resting"
"AGCTACAAGCTGGCTC-1_1",0,"Resting"
"AGCTACAAGGGCAGAG-1_1",0,"Resting"
"AGCTACAAGGGTAATT-1_1",0,"Resting"
"AGCTACAAGTGCAGCA-1_1",0,"Resting"
"AGCTACACAACCAATC-1_1",0,"Resting"
"AGCTACACAAGGCTTT-1_1",0,"Resting"
"AGCTACAGTTTCCAAG-1_1",0,"Resting"
"AGCTCAAAGATTAGAC-1_1",0,"Resting"
"AGCTCAACACGACGCT-1_1",0,"Resting"
"AGCTCAAGTTTCCATT-1_1",0,"Resting"
"AGCTCAATCAAAGGTA-1_1",0,"Treg"
"AGCTCAATCCGCAACG-1_1",0,"Resting"
"AGCTCAATCTTTCTAG-1_1",0,"Resting"
"AGCTTCCAGGCAGTCA-1_1",0,"Resting"
"AGCTTCCAGTAGAGTT-1_1",0,"Resting"
"AGCTTCCTCTCCTACG-1_1",0,"Resting"
"AGGAAATAGACTCATC-1_1",0,"Resting"
"AGGAAATAGCCGCTTG-1_1",0,"Resting"
"AGGAAATAGTTGCTGT-1_1",0,"Resting"
"AGGAAATCACTCCTGT-1_1",0,"Resting"
"AGGAAATTCAGTCCGG-1_1",0,"Resting"
"AGGAAATTCATTACGG-1_1",0,"Resting"
"AGGAATAAGCAATAAC-1_1",0,"Resting"
"AGGAATAAGGGACAGG-1_1",0,"Resting"
"AGGAATAAGTGGAATT-1_1",0,"Resting"
"AGGAATAAGTTTCGAC-1_1",0,"Resting"
"AGGAATATCTCGCCTA-1_1",0,"Resting"
"AGGACGAAGCTACAAA-1_1",0,"Resting"
"AGGACGACAATCGCGC-1_1",0,"Resting"
"AGGACGACAGTTTGGT-1_1",0,"Resting"
"AGGACGAGTAATGCGG-1_1",0,"Resting"
"AGGACGAGTACTGCGC-1_1",0,"Resting"
"AGGACGAGTGAGACCA-1_1",0,"Resting"
"AGGACGAGTGCATTTG-1_1",0,"Resting"
"AGGACGATCGCGGTAC-1_1",0,"Resting"
"AGGACTTAGGCTTAGG-1_1",0,"Resting"
"AGGACTTAGTCCCGGT-1_1",0,"Resting"
"AGGACTTCACACACTA-1_1",0,"Resting"
"AGGACTTTCTCTCTAA-1_1",0,"Resting"
"AGGAGGTAGCAGCAGT-1_1",0,"Resting"
"AGGAGGTCAAGTTCGT-1_1",0,"Resting"
"AGGAGGTCATCAACCA-1_1",0,"Resting"
"AGGATAAAGCAGATAT-1_1",0,"Resting"
"AGGATAATCAGTGTGT-1_1",0,"Resting"
"AGGATAATCGCCGAAC-1_1",0,"Resting"
"AGGATCTAGACTCTAC-1_1",0,"Resting"
"AGGATCTCAAGAGATT-1_1",0,"Resting"
"AGGATCTCAATGCAGG-1_1",0,"Resting"
"AGGATCTGTCCACTTC-1_1",0,"Resting"
"AGGATCTGTGTACATC-1_1",0,"Resting"
"AGGCATTCAAGTGGTG-1_1",0,"Resting"
"AGGCATTCACCTCTAC-1_1",0,"Resting"
"AGGCATTCACGTAACT-1_1",0,"Resting"
"AGGCATTTCAGTCAGT-1_1",0,"Resting"
"AGGCCACAGCGACTAG-1_1",0,"Resting"
"AGGCCACAGGCCACCT-1_1",0,"Resting"
"AGGCCACAGTTGTAGA-1_1",0,"Resting"
"AGGCCACCAAATACGA-1_1",0,"Resting"
"AGGCCACGTCTGTGGC-1_1",0,"Resting"
"AGGCCACGTTAGGCCC-1_1",0,"Resting"
"AGGCCACTCTACTTCA-1_1",0,"Resting"
"AGGCCACTCTAGACCA-1_1",0,"Resting"
"AGGCCACTCTCGGGAC-1_1",0,"Resting"
"AGGCTGCCACCCTAAA-1_1",0,"Resting"
"AGGCTGCCAGAGTTCT-1_1",0,"Resting"
"AGGCTGCCATTCGGGC-1_1",0,"Resting"
"AGGCTGCTCACAAGGG-1_1",0,"Resting"
"AGGGAGTAGGTGCATG-1_1",0,"Resting"
"AGGGAGTCACGTCTCT-1_1",0,"Resting"
"AGGGAGTGTAGTCTGT-1_1",0,"Resting"
"AGGGAGTGTTGGGACA-1_1",0,"Resting"
"AGGGAGTTCTTCTGGC-1_1",0,"Resting"
"AGGGCCTAGTTAGTAG-1_1",0,"Resting"
"AGGGCCTCAACTTCTT-1_1",0,"Resting"
"AGGGCCTGTACTCGTA-1_1",0,"Resting"
"AGGGCCTGTATAGGAT-1_1",0,"Resting"
"AGGGCCTTCAATCAGC-1_1",0,"Resting"
"AGGGCCTTCACAGAGG-1_1",0,"Resting"
"AGGGCCTTCTCCCATG-1_1",0,"Resting"
"AGGGCTCAGGGCCCTT-1_1",0,"Resting"
"AGGGCTCAGGTTCAGG-1_1",0,"Resting"
"AGGGCTCCAAGTTGGG-1_1",0,"Resting"
"AGGGCTCGTGTCCAAT-1_1",0,"Resting"
"AGGGCTCGTTACCCAA-1_1",0,"Resting"
"AGGGCTCTCAGTGTTG-1_1",0,"Resting"
"AGGGCTCTCCCTCTAG-1_1",0,"Resting"
"AGGGCTCTCCGATCTC-1_1",0,"Resting"
"AGGGCTCTCTGTGCTC-1_1",0,"Resting"
"AGGGCTCTCTGTTGGA-1_1",0,"Resting"
"AGGGTCCAGCGATGGT-1_1",0,"Resting"
"AGGGTCCAGGGAGTGG-1_1",0,"Resting"
"AGGGTCCCAATGACCT-1_1",0,"Resting"
"AGGGTCCGTAGGCTCC-1_1",0,"Resting"
"AGGGTCCTCGCATGAT-1_1",0,"Resting"
"AGGGTGAAGTAGGTTA-1_1",0,"Resting"
"AGGGTGAAGTTCACTG-1_1",0,"Resting"
"AGGGTGACAAATACGA-1_1",0,"Resting"
"AGGGTGAGTACCGTGC-1_1",0,"Resting"
"AGGGTGAGTCAACCAT-1_1",0,"Resting"
"AGGGTGATCGGAGTAG-1_1",0,"Resting"
"AGGGTTTAGGGAGGCA-1_1",0,"Resting"
"AGGGTTTCAGCACACC-1_1",0,"Resting"
"AGGGTTTTCGCGTCGA-1_1",0,"Resting"
"AGGTAGGAGAAACACT-1_1",0,"Resting"
"AGGTAGGAGGTAACTA-1_1",0,"Resting"
"AGGTAGGAGTCATGCT-1_1",0,"Resting"
"AGGTAGGAGTTCTCTT-1_1",0,"Resting"
"AGGTAGGCACGTACAT-1_1",0,"Resting"
"AGGTAGGCAGCTATTG-1_1",0,"Resting"
"AGGTAGGCATAACGGG-1_1",0,"Resting"
"AGGTAGGTCACCATAG-1_1",0,"Intermediate"
"AGGTAGGTCAGACTGT-1_1",0,"Resting"
"AGGTAGGTCCAAAGGG-1_1",0,"Resting"
"AGGTCATAGGTTGGTG-1_1",0,"Resting"
"AGGTCATGTGTGTGTT-1_1",0,"Resting"
"AGGTCATTCAACTCTT-1_1",0,"Resting"
"AGGTCATTCCAGCCTT-1_1",0,"Resting"
"AGGTCATTCCCTCATG-1_1",0,"Resting"
"AGGTCATTCGTAGAGG-1_1",0,"Resting"
"AGGTCTAGTGAGGAAA-1_1",0,"Resting"
"AGGTGTTAGAAACTGT-1_1",0,"Resting"
"AGGTGTTCACAAATCC-1_1",0,"Resting"
"AGGTGTTTCGTTGTGA-1_1",0,"Resting"
"AGGTTACCAGTAGAAT-1_1",0,"Resting"
"AGGTTACGTTCTTAGG-1_1",0,"Resting"
"AGGTTGTAGAAGTGTT-1_1",0,"Resting"
"AGGTTGTCATGGGTTT-1_1",0,"Resting"
"AGGTTGTTCCAGTGTA-1_1",0,"Resting"
"AGGTTGTTCTTAGTTC-1_1",0,"Resting"
"AGGTTGTTCTTGCAGA-1_1",0,"Resting"
"AGGTTGTTCTTTACAC-1_1",0,"Resting"
"AGTAACCGTCCACATA-1_1",0,"Resting"
"AGTAACCTCATTACCT-1_1",0,"Resting"
"AGTAACCTCCACTGAA-1_1",0,"Resting"
"AGTAACCTCTCATTAC-1_1",0,"Resting"
"AGTAACCTCTCCAAGA-1_1",0,"Resting"
"AGTACCACAAGCCCAC-1_1",0,"Resting"
"AGTACCACATCGCCTT-1_1",0,"Resting"
"AGTACCAGTCAGACTT-1_1",0,"Resting"
"AGTACCATCCGGTAGC-1_1",0,"Resting"
"AGTACTGAGTCTACCA-1_1",0,"Resting"
"AGTACTGTCGACATCA-1_1",0,"Resting"
"AGTAGCTGTCTCTCAC-1_1",0,"Resting"
"AGTAGTCCACCGTGCA-1_1",0,"Resting"
"AGTAGTCCATAAGCGG-1_1",0,"Resting"
"AGTAGTCTCGCGTGAC-1_1",0,"Resting"
"AGTAGTCTCGGTGTAT-1_1",0,"Resting"
"AGTCAACAGCCGAATG-1_1",0,"Resting"
"AGTCAACAGGCATTTC-1_1",0,"Resting"
"AGTCAACCACAGTGTT-1_1",0,"Resting"
"AGTCAACGTAGTATAG-1_1",0,"Resting"
"AGTCAACTCGCACTCT-1_1",0,"Resting"
"AGTCACAAGATGCCGA-1_1",0,"Resting"
"AGTCACACAGGCGTTC-1_1",0,"Resting"
"AGTCACAGTCTCGGAC-1_1",0,"Resting"
"AGTCACATCAATCCAG-1_1",0,"Resting"
"AGTCACATCGCTACGG-1_1",0,"Resting"
"AGTCACATCGTACACA-1_1",0,"Resting"
"AGTCATGAGTGGATTA-1_1",0,"Resting"
"AGTCATGCAGGTCTCG-1_1",0,"Resting"
"AGTCATGGTTCTTGCC-1_1",0,"Resting"
"AGTCTCCAGACGGATC-1_1",0,"Resting"
"AGTGACTAGCATGCGA-1_1",0,"Resting"
"AGTGACTAGTAAGCAT-1_1",0,"Resting"
"AGTGACTCAGTAACGG-1_1",0,"Resting"
"AGTGACTGTGTATCCA-1_1",0,"Resting"
"AGTGACTGTGTGTCCG-1_1",0,"Resting"
"AGTGATCAGGACAGCT-1_1",0,"Resting"
"AGTGATCAGGCTGAAC-1_1",0,"Resting"
"AGTGATCCACAAATCC-1_1",0,"Resting"
"AGTGATCCACTCCGAG-1_1",0,"Resting"
"AGTGATCCAGGCTTGC-1_1",0,"Resting"
"AGTGATCGTTGCTTGA-1_1",0,"Resting"
"AGTGATCGTTTCAGAC-1_1",0,"Resting"
"AGTGCCGAGAAGTGTT-1_1",0,"Resting"
"AGTGCCGAGTAAGCAT-1_1",0,"Resting"
"AGTGCCGAGTCCCGGT-1_1",0,"Resting"
"AGTGCCGGTAGTTAGA-1_1",0,"Resting"
"AGTGTTGAGCCGATTT-1_1",0,"Resting"
"AGTGTTGAGGAACTCG-1_1",0,"Resting"
"AGTGTTGCAACCAACT-1_1",0,"Resting"
"AGTGTTGCACGCACCA-1_1",0,"Resting"
"AGTGTTGTCAAGGAGC-1_1",0,"Resting"
"AGTGTTGTCGTGAGAG-1_1",0,"Resting"
"AGTTAGCCATGTCAGT-1_1",0,"Resting"
"AGTTAGCGTCATATGC-1_1",0,"Resting"
"AGTTAGCGTGGACCAA-1_1",0,"Resting"
"AGTTCCCCAATGGGTG-1_1",0,"Resting"
"AGTTCCCCATTGCCTC-1_1",0,"Resting"
"AGTTCCCGTACCGGAA-1_1",0,"Intermediate"
"AGTTCCCGTATGAGCG-1_1",0,"Resting"
"AGTTCCCGTCTGTGCG-1_1",0,"Resting"
"AGTTCCCGTTGAGAGC-1_1",0,"Resting"
"AGTTCCCGTTGCACGC-1_1",0,"Resting"
"AGTTCCCTCGAGTGAG-1_1",0,"Resting"
"AGTTCCCTCGGCATAT-1_1",0,"Resting"
"AGTTCCCTCTTGTGCC-1_1",0,"Resting"
"AGTTCGACACTACTTT-1_1",0,"Resting"
"AGTTCGACACTATGTG-1_1",0,"Resting"
"AGTTCGAGTAGTCCTA-1_1",0,"Resting"
"AGTTCGAGTGTGTCGC-1_1",0,"Resting"
"AGTTCGATCAGCAATC-1_1",0,"Resting"
"AGTTCGATCTTGGAAC-1_1",0,"Resting"
"ATACCGAAGGCTCTAT-1_1",0,"Resting"
"ATACCGACACCTATCC-1_1",0,"Resting"
"ATACCGACAGCTGTCG-1_1",0,"Resting"
"ATACCGATCATCGCAA-1_1",0,"Resting"
"ATACCTTCATAGAGGC-1_1",0,"Resting"
"ATACTTCAGACTCCGC-1_1",0,"Resting"
"ATACTTCAGGTGCTAG-1_1",0,"Resting"
"ATACTTCGTGCCGTAC-1_1",0,"Resting"
"ATACTTCTCCCTTTGG-1_1",0,"Resting"
"ATACTTCTCTTTACAC-1_1",0,"Resting"
"ATAGACCAGCTCAGAG-1_1",0,"Resting"
"ATAGACCGTTCGGTTA-1_1",0,"Resting"
"ATAGACCGTTTGTGGT-1_1",0,"Resting"
"ATAGACCTCCGGGACT-1_1",0,"Resting"
"ATAGACCTCTCATGCC-1_1",0,"Resting"
"ATAGAGACAAGGCGTA-1_1",0,"Resting"
"ATAGAGAGTGAATGAT-1_1",0,"Resting"
"ATAGAGATCCGCACGA-1_1",0,"Resting"
"ATAGGCTCAGCTGCCA-1_1",0,"Resting"
"ATAGGCTGTAGCTGTT-1_1",0,"Resting"
"ATATCCTAGTATTAGG-1_1",0,"Resting"
"ATATCCTGTAAGTTAG-1_1",0,"Resting"
"ATATCCTGTAGGACCA-1_1",0,"Resting"
"ATATCCTTCCAGCCTT-1_1",0,"Resting"
"ATATCCTTCGCAACAT-1_1",0,"Resting"
"ATATCCTTCTCAGAAC-1_1",0,"Resting"
"ATCACAGGTAACTAAG-1_1",0,"Resting"
"ATCACGAAGGCGTTGA-1_1",0,"Resting"
"ATCACGACAGATCCAT-1_1",0,"Resting"
"ATCACTTAGGCTGTAG-1_1",0,"Resting"
"ATCACTTCAATTCTTC-1_1",0,"Resting"
"ATCACTTGTAAGGCCA-1_1",0,"Resting"
"ATCACTTGTTCTCCTG-1_1",0,"Resting"
"ATCAGGTCACCTGCAG-1_1",0,"Resting"
"ATCAGGTGTGGCACTC-1_1",0,"Resting"
"ATCAGGTTCACTCTTA-1_1",0,"Resting"
"ATCATTCCAAACACCT-1_1",0,"Resting"
"ATCATTCCAATTTCCT-1_1",0,"Resting"
"ATCATTCCACTTGTGA-1_1",0,"Resting"
"ATCATTCGTAGAATAC-1_1",0,"Resting"
"ATCATTCGTCGTCGGT-1_1",0,"Resting"
"ATCATTCGTGTGGACA-1_1",0,"Resting"
"ATCATTCTCGTGTGAT-1_1",0,"Resting"
"ATCCACCAGCAACAGC-1_1",0,"Resting"
"ATCCACCAGGCCTGAA-1_1",0,"Resting"
"ATCCACCTCCTCTCTT-1_1",0,"Resting"
"ATCCATTAGTCAGGGT-1_1",0,"Resting"
"ATCCATTCAGTGTACT-1_1",0,"Resting"
"ATCCATTGTGAATGTA-1_1",0,"Resting"
"ATCCATTGTGCAACGA-1_1",0,"Resting"
"ATCCCTGAGATGGTAT-1_1",0,"Resting"
"ATCCCTGAGGGTGAAA-1_1",0,"Resting"
"ATCCCTGCAACTTGCA-1_1",0,"Resting"
"ATCCCTGGTTCGGCTG-1_1",0,"Resting"
"ATCCCTGTCGACCATA-1_1",0,"Resting"
"ATCCGTCGTTGATGTC-1_1",0,"Resting"
"ATCCTATCAAATCAAG-1_1",0,"Resting"
"ATCCTATGTCGTTCAA-1_1",0,"Resting"
"ATCCTATTCAAGCCCG-1_1",0,"Resting"
"ATCCTATTCCTACTGC-1_1",0,"Resting"
"ATCCTATTCCTGGGTG-1_1",0,"Resting"
"ATCGATGCAGGTTCCG-1_1",0,"Resting"
"ATCGATGGTGCATGAG-1_1",0,"Resting"
"ATCGATGTCGACATTG-1_1",0,"Resting"
"ATCGATGTCTAGAGCT-1_1",0,"Resting"
"ATCGCCTCAATTAGGA-1_1",0,"Resting"
"ATCGCCTCATCATTGG-1_1",0,"Resting"
"ATCGCCTGTAGGTACG-1_1",0,"Resting"
"ATCGCCTGTCTCCTGT-1_1",0,"Resting"
"ATCGCCTTCTGCCTGT-1_1",0,"Resting"
"ATCGGATAGCATCCCG-1_1",0,"Resting"
"ATCGGATAGGGAACAA-1_1",0,"Resting"
"ATCGGATAGGGCAAGG-1_1",0,"Resting"
"ATCGGATAGGTTTACC-1_1",0,"Resting"
"ATCGGATAGTTTGTCG-1_1",0,"Resting"
"ATCGGATCATCTGTTT-1_1",0,"Resting"
"ATCGGATGTGATTCAC-1_1",0,"Resting"
"ATCGGATGTGCCTGAC-1_1",0,"Resting"
"ATCGGATTCGGCTTGG-1_1",0,"Resting"
"ATCGGCGCATAAGATG-1_1",0,"Resting"
"ATCGGCGGTCCGGTCA-1_1",0,"Resting"
"ATCGTAGAGTTCTACG-1_1",0,"Resting"
"ATCGTAGCAACACAAA-1_1",0,"Resting"
"ATCGTAGCAGAACCGA-1_1",0,"Resting"
"ATCGTAGGTCGGTGTC-1_1",0,"Resting"
"ATCGTCCCATTGAAAG-1_1",0,"Resting"
"ATCGTCCTCTTTCGAT-1_1",0,"Resting"
"ATCGTGAAGGTTATAG-1_1",0,"Resting"
"ATCGTGAAGTCACACT-1_1",0,"Resting"
"ATCGTGAAGTTTCAGC-1_1",0,"Resting"
"ATCTCTAAGGAGAATG-1_1",0,"Resting"
"ATCTCTACAGGTGTGA-1_1",0,"Resting"
"ATCTCTAGTATCACCA-1_1",0,"Resting"
"ATCTCTATCCCTTGTG-1_1",0,"Resting"
"ATCTCTATCCCTTTGG-1_1",0,"Resting"
"ATCTCTATCTTCCAGC-1_1",0,"Resting"
"ATCTTCAAGCCATTTG-1_1",0,"Resting"
"ATCTTCAAGCCGATAG-1_1",0,"Resting"
"ATCTTCACATCGGAAG-1_1",0,"Resting"
"ATCTTCATCGAAATCC-1_1",0,"Resting"
"ATGAAAGAGTTCATCG-1_1",0,"Resting"
"ATGAAAGCAAAGCACG-1_1",0,"Resting"
"ATGAAAGTCTTAGCAG-1_1",0,"Resting"
"ATGACCACACAGCCTG-1_1",0,"Resting"
"ATGACCACATAGAATG-1_1",0,"Resting"
"ATGAGGGAGAGTACCG-1_1",0,"Resting"
"ATGAGGGAGGCGTTGA-1_1",0,"Resting"
"ATGAGGGAGTCTCGTA-1_1",0,"Resting"
"ATGAGGGCAAAGGGTC-1_1",0,"Resting"
"ATGAGGGCATTGACTG-1_1",0,"Resting"
"ATGAGGGGTAGACGTG-1_1",0,"Resting"
"ATGAGGGGTCACCGAC-1_1",0,"Resting"
"ATGAGGGTCACCTCGT-1_1",0,"Resting"
"ATGAGTCCACGAAAGC-1_1",0,"Resting"
"ATGAGTCCAGGCATTT-1_1",0,"Resting"
"ATGAGTCGTATCGTTG-1_1",0,"Resting"
"ATGAGTCGTATGTCAC-1_1",0,"Resting"
"ATGAGTCGTCGCGTCA-1_1",0,"Resting"
"ATGAGTCGTGCCTGCA-1_1",0,"Resting"
"ATGAGTCTCGCTGCGA-1_1",0,"Resting"
"ATGATCGGTGTAAACA-1_1",0,"Resting"
"ATGATCGTCTCTTAAC-1_1",0,"Resting"
"ATGCATGCACAGTGAG-1_1",0,"Resting"
"ATGCATGCACGACTAT-1_1",0,"Resting"
"ATGCATGGTCTACAAC-1_1",0,"Resting"
"ATGCATGTCCTCAGGG-1_1",0,"Resting"
"ATGCCTCAGTACTGGG-1_1",0,"Resting"
"ATGCCTCAGTTCCGTA-1_1",0,"Resting"
"ATGCGATCATCCGGCA-1_1",0,"Resting"
"ATGCGATGTAAGGAGA-1_1",0,"Resting"
"ATGGAGGAGACTACCT-1_1",0,"Resting"
"ATGGAGGAGCAACAAT-1_1",0,"Resting"
"ATGGAGGGTATTCTCT-1_1",0,"Resting"
"ATGGATCCAACCAATC-1_1",0,"Resting"
"ATGGATCCAAGGTTGG-1_1",0,"Resting"
"ATGGATCCATACCGTA-1_1",0,"Resting"
"ATGGATCTCGCTCTAC-1_1",0,"Resting"
"ATGGATCTCTCGCCTA-1_1",0,"Resting"
"ATGGGAGCAGAGAGGG-1_1",0,"Resting"
"ATGGGTTAGACTTGTC-1_1",0,"Resting"
"ATGGGTTCAACCAATC-1_1",0,"Resting"
"ATGGGTTGTCTAGGTT-1_1",0,"Resting"
"ATGGGTTGTTCCCAAA-1_1",0,"Resting"
"ATGGTTGAGGCTCACC-1_1",0,"Resting"
"ATGGTTGAGTGGCCTC-1_1",0,"Resting"
"ATGGTTGCACCTCTAC-1_1",0,"Resting"
"ATGGTTGGTAATCAGA-1_1",0,"Resting"
"ATGGTTGGTCCAATCA-1_1",0,"Resting"
"ATGGTTGGTCGGATTT-1_1",0,"Resting"
"ATGTCCCAGGCAGGTT-1_1",0,"Resting"
"ATGTCCCCACCTGAAT-1_1",0,"Resting"
"ATGTCCCCATAGGTTC-1_1",0,"Resting"
"ATGTCCCGTCCGGTGT-1_1",0,"Resting"
"ATGTCTTAGAATAGTC-1_1",0,"Resting"
"ATGTCTTAGTCTGGTT-1_1",0,"Resting"
"ATGTCTTAGTGATTCC-1_1",0,"Resting"
"ATTACCTCAGTAGTGG-1_1",0,"Resting"
"ATTACCTGTGCGACAA-1_1",0,"Resting"
"ATTACCTTCAACTCTT-1_1",0,"Resting"
"ATTACTCAGGTAAGTT-1_1",0,"Resting"
"ATTACTCAGTCCTGTA-1_1",0,"Resting"
"ATTACTCAGTGGATTA-1_1",0,"Resting"
"ATTATCCAGCTAAGTA-1_1",0,"Intermediate"
"ATTATCCCAGCATGCC-1_1",0,"Resting"
"ATTATCCCATGTGCCG-1_1",0,"Resting"
"ATTATCCTCATGCCCT-1_1",0,"Resting"
"ATTCACTAGAGAGAAC-1_1",0,"Resting"
"ATTCACTAGTATAGAC-1_1",0,"Resting"
"ATTCACTCACACTTAG-1_1",0,"Resting"
"ATTCACTCATGGGTTT-1_1",0,"Resting"
"ATTCACTGTCATCGCG-1_1",0,"Resting"
"ATTCACTGTCGCTTGG-1_1",0,"Resting"
"ATTCAGGGTTCAGGTT-1_1",0,"Resting"
"ATTCAGGTCAGCGGAA-1_1",0,"Resting"
"ATTCAGGTCAGGTGTT-1_1",0,"Resting"
"ATTCAGGTCGGTTGTA-1_1",0,"Resting"
"ATTCATCAGATAGTGT-1_1",0,"Resting"
"ATTCATCAGGAACGCT-1_1",0,"Resting"
"ATTCATCAGTTCTCTT-1_1",0,"Intermediate"
"ATTCATCTCCTAAACG-1_1",0,"Resting"
"ATTCATCTCTGATGGT-1_1",0,"Resting"
"ATTCCATTCAAACTGC-1_1",0,"Resting"
"ATTCCCGAGGCCTGAA-1_1",0,"Resting"
"ATTCCCGAGTCGGCAA-1_1",0,"Resting"
"ATTCCCGCAATTTCTC-1_1",0,"Resting"
"ATTCCCGCATGGAGAC-1_1",0,"Resting"
"ATTCCCGGTGACCGAA-1_1",0,"Resting"
"ATTCCTAAGGTTGCCC-1_1",0,"Resting"
"ATTCCTAAGTAGACAT-1_1",0,"Resting"
"ATTCCTACACCCATAA-1_1",0,"Resting"
"ATTCCTATCTACTTCA-1_1",0,"Resting"
"ATTCGTTAGCAATAAC-1_1",0,"Resting"
"ATTCGTTAGGGTATAT-1_1",0,"Resting"
"ATTCGTTCAACTGGTT-1_1",0,"Resting"
"ATTCGTTTCTCAACCC-1_1",0,"Resting"
"ATTCGTTTCTGTTGGA-1_1",0,"Resting"
"ATTCTACAGAAACTGT-1_1",0,"Resting"
"ATTCTACAGAATACAC-1_1",0,"Resting"
"ATTCTACAGGAATCGC-1_1",0,"Resting"
"ATTCTACAGTAGACCG-1_1",0,"Resting"
"ATTCTACCATGCCGGT-1_1",0,"Resting"
"ATTCTACTCACAAGGG-1_1",0,"Resting"
"ATTCTACTCACTTTGT-1_1",0,"Resting"
"ATTCTACTCGATCCAA-1_1",0,"Resting"
"ATTCTTGAGCCTCATA-1_1",0,"Resting"
"ATTCTTGGTCTTCATT-1_1",0,"Resting"
"ATTCTTGGTTATGGTC-1_1",0,"Resting"
"ATTCTTGTCACTCGAA-1_1",0,"Treg"
"ATTCTTGTCCTTGAAG-1_1",0,"Resting"
"ATTGGGTAGACTTCCA-1_1",0,"Resting"
"ATTGGGTAGAGTCTTC-1_1",0,"Resting"
"ATTGGGTTCCCTTGGT-1_1",0,"Resting"
"ATTGTTCAGAGGGTGG-1_1",0,"Resting"
"ATTGTTCCAATCTCTT-1_1",0,"Resting"
"ATTGTTCCACCTTCCA-1_1",0,"Resting"
"ATTGTTCGTACTAGCT-1_1",0,"Resting"
"ATTGTTCGTGACATCT-1_1",0,"Resting"
"ATTGTTCTCTTCCACG-1_1",0,"Resting"
"ATTTACCCACCAGCGT-1_1",0,"Treg"
"ATTTACCCATGACGGA-1_1",0,"Resting"
"ATTTACCCATTGTACG-1_1",0,"Resting"
"ATTTACCGTACTTGTG-1_1",0,"Resting"
"ATTTACCTCAGAGCAG-1_1",0,"Resting"
"ATTTACCTCCAATGCA-1_1",0,"Resting"
"ATTTCACAGTCGTCTA-1_1",0,"Resting"
"ATTTCACGTACTCCGG-1_1",0,"Resting"
"ATTTCTGCACAACGCC-1_1",0,"Resting"
"ATTTCTGGTCTACGTA-1_1",0,"Resting"
"ATTTCTGTCTTACGGA-1_1",0,"Resting"
"CAAAGAACAAACACCT-1_1",0,"Resting"
"CAAAGAACAACATACC-1_1",0,"Resting"
"CAAAGAACAGGAATAT-1_1",0,"Resting"
"CAAAGAACAGTTTCAG-1_1",0,"Resting"
"CAAAGAAGTGGACAGT-1_1",0,"Resting"
"CAAAGAATCTAGGAAA-1_1",0,"Resting"
"CAACAACAGACCATTC-1_1",0,"Resting"
"CAACAACGTGATTGGG-1_1",0,"Resting"
"CAACAACGTTGTGGAG-1_1",0,"Resting"
"CAACAGTAGGACTATA-1_1",0,"Resting"
"CAACAGTTCAAGAGTA-1_1",0,"Resting"
"CAACAGTTCATCACCC-1_1",0,"Resting"
"CAACAGTTCTTCACAT-1_1",0,"Resting"
"CAACCAAAGAGCCCAA-1_1",0,"Resting"
"CAACCAAAGGAACGTC-1_1",0,"Resting"
"CAACCAAAGGAGGTTC-1_1",0,"Resting"
"CAACCAAGTAGTGATA-1_1",0,"Resting"
"CAACCAATCAGACCTA-1_1",0,"Resting"
"CAACCTCAGCCATTGT-1_1",0,"Resting"
"CAACCTCCACAAATAG-1_1",0,"Resting"
"CAACCTCCATTGGATC-1_1",0,"Resting"
"CAACCTCGTATGAAGT-1_1",0,"Resting"
"CAACCTCGTTCTCAGA-1_1",0,"Resting"
"CAACCTCGTTGGGAAC-1_1",0,"Resting"
"CAACCTCTCCTGGGTG-1_1",0,"Resting"
"CAACGATAGATACATG-1_1",0,"Resting"
"CAACGATAGCTAATCC-1_1",0,"Resting"
"CAACGATCAGCTGTTA-1_1",0,"Resting"
"CAACGATGTGCAACAG-1_1",0,"Resting"
"CAACGATGTGCATTAC-1_1",0,"Resting"
"CAACGATGTTGCCTAA-1_1",0,"Resting"
"CAACGGCAGGTTCATC-1_1",0,"Resting"
"CAACGGCCAAATGCGG-1_1",0,"Resting"
"CAACGGCCAACAAGAT-1_1",0,"Resting"
"CAACGGCTCGAGCCTG-1_1",0,"Resting"
"CAACGGCTCTGGCTGG-1_1",0,"Resting"
"CAAGACTCAGCTTCGG-1_1",0,"Resting"
"CAAGACTGTATGGGAC-1_1",0,"Resting"
"CAAGACTGTTCTCACC-1_1",0,"Resting"
"CAAGACTTCTCCTGTG-1_1",0,"Resting"
"CAAGAGGAGGGACCAT-1_1",0,"Resting"
"CAAGAGGCAGGGACTA-1_1",0,"Resting"
"CAAGAGGGTCAAGGCA-1_1",0,"Resting"
"CAAGAGGTCGCTTACC-1_1",0,"Resting"
"CAAGAGGTCTTCTCAA-1_1",0,"Resting"
"CAAGCTAGTACAACGG-1_1",0,"Resting"
"CAAGCTAGTACAGGTG-1_1",0,"Resting"
"CAAGCTAGTCTGCGCA-1_1",0,"Resting"
"CAAGCTAGTTACCCTC-1_1",0,"Resting"
"CAAGGGAAGAGTCGAC-1_1",0,"Resting"
"CAAGGGAGTGTAAATG-1_1",0,"Resting"
"CAAGGGAGTTGCCGCA-1_1",0,"Resting"
"CAAGGGATCGCTCTAC-1_1",0,"Resting"
"CAATACGAGATAGCTA-1_1",0,"Resting"
"CAATACGCAGTAACGG-1_1",0,"Resting"
"CAATACGTCCGAAATC-1_1",0,"Resting"
"CAATCGAAGCCACAAG-1_1",0,"Resting"
"CAATCGAGTCGAAACG-1_1",0,"Resting"
"CAATCGATCTAAGCGT-1_1",0,"Resting"
"CAATGACCAAATGCGG-1_1",0,"Resting"
"CAATGACCAGACCATT-1_1",0,"Resting"
"CAATGACGTCCACATA-1_1",0,"Resting"
"CAATTTCCAACAAAGT-1_1",0,"Resting"
"CAATTTCCAAGCACAG-1_1",0,"Resting"
"CAATTTCTCCTCACTG-1_1",0,"Resting"
"CAATTTCTCTGCTTAT-1_1",0,"Resting"
"CACAACAAGCAGTCTT-1_1",0,"Resting"
"CACAACAAGCGAAACC-1_1",0,"Resting"
"CACAACAAGGCGTTAG-1_1",0,"Resting"
"CACAACAGTATTTCTC-1_1",0,"Resting"
"CACAACATCAGTAGGG-1_1",0,"Resting"
"CACACAAAGCAAGCCA-1_1",0,"Resting"
"CACACAAAGCATCCCG-1_1",0,"Resting"
"CACACAACAGATTTCG-1_1",0,"Resting"
"CACACAACAGTAACCT-1_1",0,"Resting"
"CACACAAGTTAGCGGA-1_1",0,"Resting"
"CACACAAGTTGGCCGT-1_1",0,"Resting"
"CACACAATCCATTGGA-1_1",0,"Resting"
"CACAGATAGACGCAGT-1_1",0,"Resting"
"CACAGATAGCAGTAAT-1_1",0,"Resting"
"CACAGATAGTAACGTA-1_1",0,"Resting"
"CACAGATAGTGAACAT-1_1",0,"Resting"
"CACAGATCAACGAGGT-1_1",0,"Resting"
"CACAGATCAGTTAGAA-1_1",0,"Resting"
"CACAGATTCACCCATC-1_1",0,"Resting"
"CACAGGCAGAGCCATG-1_1",0,"Resting"
"CACAGGCAGCATGATA-1_1",0,"Resting"
"CACAGGCGTCCGGCAT-1_1",0,"Resting"
"CACAGGCGTTAAACCC-1_1",0,"Resting"
"CACATGATCATTCGTT-1_1",0,"Resting"
"CACCAAACAAGCGAAC-1_1",0,"Resting"
"CACCAAACAGCAAGAC-1_1",0,"Resting"
"CACCAAACAGTACTAC-1_1",0,"Resting"
"CACCAAATCAAGGTGG-1_1",0,"Resting"
"CACCGTTCATTAGGAA-1_1",0,"Resting"
"CACCGTTTCCGCGATG-1_1",0,"Resting"
"CACCGTTTCTAGCCTC-1_1",0,"Resting"
"CACCGTTTCTATTCGT-1_1",0,"Resting"
"CACGAATAGATTACCC-1_1",0,"Resting"
"CACGAATCAAGACGAC-1_1",0,"Resting"
"CACGAATGTCGCATCG-1_1",0,"Resting"
"CACGAATGTCGCCACA-1_1",0,"Resting"
"CACGAATTCATCGACA-1_1",0,"Treg"
"CACGAATTCGTGGACC-1_1",0,"Resting"
"CACGGGTAGGTGCTTT-1_1",0,"Resting"
"CACGGGTTCAAGCCTA-1_1",0,"Resting"
"CACGGGTTCCATTCGC-1_1",0,"Resting"
"CACGGGTTCGCCAGAC-1_1",0,"Resting"
"CACGGGTTCTACGCGG-1_1",0,"Resting"
"CACGTGGAGAGTACCG-1_1",0,"Resting"
"CACGTGGGTATCGGTT-1_1",0,"Resting"
"CACGTGGTCCACCTCA-1_1",0,"Resting"
"CACGTTCAGGTTCTTG-1_1",0,"Resting"
"CACGTTCAGTAGGATT-1_1",0,"Resting"
"CACGTTCCAACACGTT-1_1",0,"Resting"
"CACGTTCGTCGCGGTT-1_1",0,"Resting"
"CACGTTCGTTTCACAG-1_1",0,"Resting"
"CACGTTCTCACTTATC-1_1",0,"Resting"
"CACGTTCTCTCTGAGA-1_1",0,"Resting"
"CACTAAGCAAGTGGGT-1_1",0,"Resting"
"CACTAAGCACGTGAGA-1_1",0,"Resting"
"CACTAAGCAGGCGAAT-1_1",0,"Resting"
"CACTAAGCATCTTAGG-1_1",0,"Resting"
"CACTAAGGTGATAGTA-1_1",0,"Resting"
"CACTAAGTCCTTATGT-1_1",0,"Resting"
"CACTGAAGTAGTCCTA-1_1",0,"Resting"
"CACTGAATCGCTTAAG-1_1",0,"Resting"
"CACTGGGAGCACCCAC-1_1",0,"Resting"
"CACTGGGAGCCTCACG-1_1",0,"Resting"
"CACTGGGCAATCTAGC-1_1",0,"Resting"
"CACTGGGCACTCCTGT-1_1",0,"Resting"
"CACTGGGGTCGTGCCA-1_1",0,"Resting"
"CACTGGGGTGGGCTTC-1_1",0,"Resting"
"CACTGTCAGGTGCGAT-1_1",0,"Resting"
"CACTGTCGTTATAGCC-1_1",0,"Resting"
"CACTTCGAGCTGAAGC-1_1",0,"Resting"
"CACTTCGAGGAGAGGC-1_1",0,"Resting"
"CACTTCGCACTTGTCC-1_1",0,"Resting"
"CACTTCGCAGCTACCG-1_1",0,"Resting"
"CACTTCGGTACATACC-1_1",0,"Resting"
"CACTTCGTCGCGTGAC-1_1",0,"Resting"
"CAGAGCCCAACAAGTA-1_1",0,"Resting"
"CAGAGCCCAGTTTCAG-1_1",0,"Resting"
"CAGAGCCCATCTCGTC-1_1",0,"Resting"
"CAGAGCCTCCCTCTCC-1_1",0,"Resting"
"CAGAGCCTCGCATAGT-1_1",0,"Resting"
"CAGATACAGCGCCTCA-1_1",0,"Resting"
"CAGATACAGGACATCG-1_1",0,"Resting"
"CAGATACAGGCCTAGA-1_1",0,"Resting"
"CAGATACAGGTAGACC-1_1",0,"Resting"
"CAGATACCAATCTGCA-1_1",0,"Resting"
"CAGATACTCGGCTTGG-1_1",0,"Resting"
"CAGATCACATGTCTAG-1_1",0,"Resting"
"CAGATCAGTATCTCTT-1_1",0,"Resting"
"CAGATCAGTTATAGAG-1_1",0,"Resting"
"CAGATCAGTTGTGTTG-1_1",0,"Resting"
"CAGATCATCGACACTA-1_1",0,"Resting"
"CAGATCATCGCTACGG-1_1",0,"Resting"
"CAGATCATCGCTTTAT-1_1",0,"Resting"
"CAGATTGCACGGCTAC-1_1",0,"Resting"
"CAGATTGTCAAATAGG-1_1",0,"Resting"
"CAGATTGTCAGTGTGT-1_1",0,"Resting"
"CAGATTGTCGCACGAC-1_1",0,"Resting"
"CAGCAATCACCATATG-1_1",0,"Resting"
"CAGCAATCAGTAACAA-1_1",0,"Resting"
"CAGCAATCAGTAGAGC-1_1",0,"Resting"
"CAGCAATGTCTAATCG-1_1",0,"Treg"
"CAGCACGAGTGCACTT-1_1",0,"Resting"
"CAGCACGCAGCTGTGC-1_1",0,"Resting"
"CAGCACGTCATTGGTG-1_1",0,"Resting"
"CAGCACGTCGTAGAGG-1_1",0,"Resting"
"CAGCACGTCTAACACG-1_1",0,"Resting"
"CAGCAGCAGCATGGGT-1_1",0,"Resting"
"CAGCAGCAGTATGGCG-1_1",0,"Resting"
"CAGCAGCCAACTCGTA-1_1",0,"Resting"
"CAGCAGCCAAGCGAAC-1_1",0,"Resting"
"CAGCAGCGTATGGTAA-1_1",0,"Resting"
"CAGCAGCGTTCAGCGC-1_1",0,"Resting"
"CAGCAGCTCCGCACTT-1_1",0,"Resting"
"CAGCCAGAGCAAGGAA-1_1",0,"Resting"
"CAGCCAGGTAACTTCG-1_1",0,"Resting"
"CAGCCAGGTAGGTGCA-1_1",0,"Resting"
"CAGCCAGGTGTCCATA-1_1",0,"Resting"
"CAGCCAGGTGTTCCTC-1_1",0,"Resting"
"CAGCCAGTCTCGCTCA-1_1",0,"Resting"
"CAGCGTGAGCCGTAAG-1_1",0,"Resting"
"CAGCGTGCATCGTTCC-1_1",0,"Resting"
"CAGCGTGGTTCGAACT-1_1",0,"Resting"
"CAGCGTGTCGGACGTC-1_1",0,"Resting"
"CAGGCCAAGCCTCTCT-1_1",0,"Resting"
"CAGGCCACACGCCAGT-1_1",0,"Resting"
"CAGGCCACAGAGGCAT-1_1",0,"Resting"
"CAGGCCACATGTCAGT-1_1",0,"Resting"
"CAGGGCTAGATAGCAT-1_1",0,"Resting"
"CAGGGCTGTCCATAGT-1_1",0,"Resting"
"CAGGGCTTCCTCTTTC-1_1",0,"Resting"
"CAGGGCTTCCTGTACC-1_1",0,"Resting"
"CAGGTATAGATGAACT-1_1",0,"Resting"
"CAGGTATAGTCTGCAT-1_1",0,"Resting"
"CAGGTATCAATTGCGT-1_1",0,"Resting"
"CAGGTATGTCTAGATC-1_1",0,"Resting"
"CAGGTATTCTCCATAT-1_1",0,"Resting"
"CAGTGCGAGGAACGTC-1_1",0,"Resting"
"CAGTGCGAGGCCTAAG-1_1",0,"Resting"
"CAGTGCGCACTATCCC-1_1",0,"Resting"
"CAGTGCGGTCAGGTAG-1_1",0,"Treg"
"CAGTGCGGTTAACCTG-1_1",0,"Resting"
"CAGTTAGAGGATGTTA-1_1",0,"Resting"
"CAGTTAGGTGGCCTCA-1_1",0,"Resting"
"CAGTTAGTCACCGCTT-1_1",0,"Resting"
"CAGTTAGTCGAGCCTG-1_1",0,"Resting"
"CAGTTCCAGGCACCAA-1_1",0,"Resting"
"CAGTTCCAGGGCTAAC-1_1",0,"Resting"
"CAGTTCCAGGTAGACC-1_1",0,"Resting"
"CAGTTCCCATCTTAGG-1_1",0,"Resting"
"CAGTTCCGTAGTACGG-1_1",0,"Resting"
"CAGTTCCGTTACCGTA-1_1",0,"Treg"
"CAGTTCCTCCAAATGC-1_1",0,"Resting"
"CAGTTCCTCCCTCGTA-1_1",0,"Resting"
"CAGTTCCTCTCCAATT-1_1",0,"Resting"
"CATAAGCAGTATTAGG-1_1",0,"Resting"
"CATAAGCAGTCTCGTA-1_1",0,"Resting"
"CATAAGCGTCCTGAAT-1_1",0,"Resting"
"CATAAGCTCTCTATAC-1_1",0,"Resting"
"CATACAGAGTATGCAA-1_1",0,"Resting"
"CATACAGGTACCTAAC-1_1",0,"Resting"
"CATACAGGTTCCATTT-1_1",0,"Resting"
"CATACAGGTTTGCAGT-1_1",0,"Resting"
"CATACCCAGCAAGTGC-1_1",0,"Resting"
"CATACCCGTAACGCGA-1_1",0,"Resting"
"CATACCCGTTTGCAGT-1_1",0,"Resting"
"CATACCCTCAGCAATC-1_1",0,"Resting"
"CATACCCTCCCATTCG-1_1",0,"Resting"
"CATACCCTCGTTCCTG-1_1",0,"Resting"
"CATACTTAGAGGGCGA-1_1",0,"Resting"
"CATACTTCACGACAGA-1_1",0,"Resting"
"CATACTTGTGACATCT-1_1",0,"Resting"
"CATACTTGTTGTGCAT-1_1",0,"Resting"
"CATACTTTCGCTACAA-1_1",0,"Resting"
"CATAGACAGGATTTAG-1_1",0,"Resting"
"CATAGACCACCTGCAG-1_1",0,"Resting"
"CATAGACGTTGCATTG-1_1",0,"Resting"
"CATAGACTCAATCCGA-1_1",0,"Resting"
"CATAGACTCCTCTCTT-1_1",0,"Resting"
"CATAGACTCGCAGAGA-1_1",0,"Resting"
"CATAGACTCGGCCAAC-1_1",0,"Resting"
"CATCAAGAGTGAATAC-1_1",0,"Resting"
"CATCAAGCACTGGCGT-1_1",0,"Resting"
"CATCAAGGTATCACCA-1_1",0,"Resting"
"CATCAAGGTCACCACG-1_1",0,"Resting"
"CATCAAGGTTAAAGTG-1_1",0,"Resting"
"CATCAAGTCATGGCCG-1_1",0,"Resting"
"CATCAAGTCCGATAAC-1_1",0,"Resting"
"CATCAAGTCGCTGACG-1_1",0,"Resting"
"CATCCACCAACTTGCA-1_1",0,"Resting"
"CATCCACCAGTAACCT-1_1",0,"Resting"
"CATCCACGTTATGGTC-1_1",0,"Resting"
"CATCCACGTTCATCTT-1_1",0,"Resting"
"CATCCCAAGAAGTGTT-1_1",0,"Resting"
"CATCCCACACAGCTTA-1_1",0,"Resting"
"CATCCCACAGGCCTGT-1_1",0,"Resting"
"CATCCCAGTCGAACAG-1_1",0,"Resting"
"CATCCGTCATAATGAG-1_1",0,"Resting"
"CATCCGTTCATTACGG-1_1",0,"Resting"
"CATCGCTAGCAACCAG-1_1",0,"Resting"
"CATCGCTTCCACACCT-1_1",0,"Resting"
"CATCGGGAGGAGAGTA-1_1",0,"Resting"
"CATCGGGAGTTGCCTA-1_1",0,"Resting"
"CATCGGGCAGCAATTC-1_1",0,"Resting"
"CATCGGGCAGCTCCTT-1_1",0,"Resting"
"CATCGGGGTAGCTAAA-1_1",0,"Resting"
"CATCGGGTCTACCTTA-1_1",0,"Resting"
"CATCGTCTCGAGCACC-1_1",0,"Resting"
"CATGAGTTCCATGATG-1_1",0,"Resting"
"CATGCAACACTCTAGA-1_1",0,"Resting"
"CATGCAAGTACCTGTA-1_1",0,"Resting"
"CATGCAAGTAGAGACC-1_1",0,"Resting"
"CATGCCTCAGACGGAT-1_1",0,"Resting"
"CATGCCTCATAGATCC-1_1",0,"Resting"
"CATGCCTGTCCTCCAT-1_1",0,"Resting"
"CATGCCTTCTGGGTCG-1_1",0,"Resting"
"CATGCGGAGTTGCGCC-1_1",0,"Resting"
"CATGCGGCATCCGCGA-1_1",0,"Resting"
"CATGCGGGTCAAAGAT-1_1",0,"Resting"
"CATGCGGTCGGTCGGT-1_1",0,"Resting"
"CATGCGGTCTCACCCA-1_1",0,"Treg"
"CATGCTCAGACATACA-1_1",0,"Resting"
"CATGCTCAGCTAGAGC-1_1",0,"Resting"
"CATGCTCCAAACGAGC-1_1",0,"Resting"
"CATGCTCCACCATAAC-1_1",0,"Treg"
"CATGCTCCAGGTCCGT-1_1",0,"Activated"
"CATGGATCAATTAGGA-1_1",0,"Resting"
"CATGGATCAGGGTTGA-1_1",0,"Resting"
"CATGGATGTACCACGC-1_1",0,"Resting"
"CATGGATGTTCGGTCG-1_1",0,"Resting"
"CATGGTAGTAAGCTCT-1_1",0,"Resting"
"CATGGTATCAGACCTA-1_1",0,"Activated"
"CATGGTATCAGATGCT-1_1",0,"Resting"
"CATGGTATCGTTCTCG-1_1",0,"Resting"
"CATTCATAGGGCAGGA-1_1",0,"Resting"
"CATTCATAGGTAGGCT-1_1",0,"Resting"
"CATTCATAGTCGTCTA-1_1",0,"Resting"
"CATTCATGTAGGTAGC-1_1",0,"Resting"
"CATTCATGTCGTGATT-1_1",0,"Resting"
"CATTCCGAGAAGATCT-1_1",0,"Resting"
"CATTCCGAGTCGAAAT-1_1",0,"Resting"
"CATTCCGCAACCTATG-1_1",0,"Resting"
"CATTCCGCAGTTGTCA-1_1",0,"Resting"
"CATTCCGGTCCCGTGA-1_1",0,"Resting"
"CATTCCGGTGATACAA-1_1",0,"Resting"
"CATTCCGTCGAACACT-1_1",0,"Resting"
"CATTCTAAGGAGGCAG-1_1",0,"Resting"
"CATTCTAAGTGGACTG-1_1",0,"Resting"
"CATTGAGAGCATGGGT-1_1",0,"Resting"
"CATTGAGGTAAGCTCT-1_1",0,"Resting"
"CATTGAGTCAAGATAG-1_1",0,"Resting"
"CATTGAGTCACGGAGA-1_1",0,"Resting"
"CATTGCCAGCTAGAGC-1_1",0,"Resting"
"CATTGCCCAGGCGAAT-1_1",0,"Resting"
"CATTGTTTCCATCACC-1_1",0,"Resting"
"CATTGTTTCTCCGCAT-1_1",0,"Resting"
"CATTTCAAGGCGATAC-1_1",0,"Resting"
"CATTTCAAGGCGTTGA-1_1",0,"Resting"
"CATTTCAAGTATGGAT-1_1",0,"Resting"
"CATTTCACACTCAGAT-1_1",0,"Resting"
"CCAAGCGAGCATCCCG-1_1",0,"Resting"
"CCAAGCGCACGCAAAG-1_1",0,"Resting"
"CCAAGCGGTACTAAGA-1_1",0,"Resting"
"CCAAGCGTCCACTGGG-1_1",0,"Resting"
"CCAAGCGTCTCGTGGG-1_1",0,"Resting"
"CCAATGAAGCTGACTT-1_1",0,"Resting"
"CCAATGACAATACAGA-1_1",0,"Resting"
"CCAATGACATGGATCT-1_1",0,"Resting"
"CCAATTTAGCGACTAG-1_1",0,"Resting"
"CCAATTTAGGAACTAT-1_1",0,"Resting"
"CCAATTTCAGCGTGAA-1_1",0,"Resting"
"CCAATTTGTAGACTGG-1_1",0,"Resting"
"CCAATTTTCTTTACAC-1_1",0,"Resting"
"CCACAAATCCGTATAG-1_1",0,"Resting"
"CCACAAATCGTAACTG-1_1",0,"Resting"
"CCACAAATCTGACAGT-1_1",0,"Resting"
"CCACAAATCTGCTTAT-1_1",0,"Resting"
"CCACACTAGAGGTTTA-1_1",0,"Resting"
"CCACACTAGTCTGCAT-1_1",0,"Resting"
"CCACACTCACCATATG-1_1",0,"Resting"
"CCACACTGTTGAAGTA-1_1",0,"Resting"
"CCACCATCAAACTAAG-1_1",0,"Resting"
"CCACCATGTAGACTGG-1_1",0,"Resting"
"CCACGAGAGCCGATCC-1_1",0,"Resting"
"CCACGAGCAGAGTCAG-1_1",0,"Resting"
"CCACGAGCATGACTCA-1_1",0,"Resting"
"CCACGTTCACCTGCAG-1_1",0,"Resting"
"CCACGTTCAGCAGATG-1_1",0,"Resting"
"CCACGTTGTATTCCTT-1_1",0,"Resting"
"CCACGTTTCAAATGCC-1_1",0,"Resting"
"CCACGTTTCACGGAGA-1_1",0,"Resting"
"CCACGTTTCCTAAACG-1_1",0,"Resting"
"CCACTTGCACTGCATA-1_1",0,"Resting"
"CCACTTGTCGACGAGA-1_1",0,"Resting"
"CCACTTGTCGTTCGCT-1_1",0,"Resting"
"CCACTTGTCTATGCCC-1_1",0,"Resting"
"CCATAAGAGAGTTGTA-1_1",0,"Resting"
"CCATAAGAGCACTCCG-1_1",0,"Resting"
"CCATAAGAGGTATCTC-1_1",0,"Resting"
"CCATAAGCACGACGAA-1_1",0,"Resting"
"CCATAAGGTCACGTGC-1_1",0,"Resting"
"CCATAAGTCGCAGTTA-1_1",0,"Resting"
"CCATAAGTCTAGACCA-1_1",0,"Resting"
"CCATCACAGCAGTAAT-1_1",0,"Resting"
"CCATCACAGCCTGACC-1_1",0,"Resting"
"CCATCACAGTTGTAGA-1_1",0,"Resting"
"CCATCACCAAGCGCAA-1_1",0,"Resting"
"CCATCACGTAAGCAAT-1_1",0,"Resting"
"CCATCACGTTCCTTGC-1_1",0,"Resting"
"CCATCACTCTACACTT-1_1",0,"Resting"
"CCCAACTAGACCTTTG-1_1",0,"Resting"
"CCCAACTAGTCCCGGT-1_1",0,"Resting"
"CCCAACTGTACAAAGT-1_1",0,"Resting"
"CCCAACTGTCGCGGTT-1_1",0,"Resting"
"CCCAACTTCGGTAAGG-1_1",0,"Resting"
"CCCATTGAGGACTAAT-1_1",0,"Resting"
"CCCGAAGAGACTAGAT-1_1",0,"Resting"
"CCCGAAGAGTTCTACG-1_1",0,"Resting"
"CCCGAAGCAAGCAGGT-1_1",0,"Resting"
"CCCGAAGGTAGTGGCA-1_1",0,"Resting"
"CCCGAAGGTGACATCT-1_1",0,"Resting"
"CCCGAAGGTGTTACAC-1_1",0,"Resting"
"CCCGAAGTCGCAGTCG-1_1",0,"Resting"
"CCCGAAGTCGCTACAA-1_1",0,"Resting"
"CCCGGAAAGACAACAT-1_1",0,"Resting"
"CCCGGAAGTCCCTCAT-1_1",0,"Resting"
"CCCGGAATCACCTGGG-1_1",0,"Resting"
"CCCTAACAGTCTTCCC-1_1",0,"Resting"
"CCCTAACCACCTGAAT-1_1",0,"Resting"
"CCCTAACCAGTTACCA-1_1",0,"Resting"
"CCCTAACGTAAGTTGA-1_1",0,"Resting"
"CCCTCAAAGACATCCT-1_1",0,"Resting"
"CCCTCAAAGAGTATAC-1_1",0,"Resting"
"CCCTCAACACTACCCT-1_1",0,"Resting"
"CCCTCAACAGTGTACT-1_1",0,"Resting"
"CCCTCAACATCGAACT-1_1",0,"Resting"
"CCCTCAATCACTCGAA-1_1",0,"Resting"
"CCCTCAATCCGCAACG-1_1",0,"Resting"
"CCCTCAATCGCTCTAC-1_1",0,"Resting"
"CCCTCAATCTGAGATC-1_1",0,"Resting"
"CCCTCTCAGGAGGCAG-1_1",0,"Resting"
"CCCTCTCAGTCTTGGT-1_1",0,"Resting"
"CCCTCTCCACGTATAC-1_1",0,"Resting"
"CCCTCTCCAGAGCTAG-1_1",0,"Resting"
"CCCTCTCTCACTAGCA-1_1",0,"Resting"
"CCCTGATCAATACGCT-1_1",0,"Resting"
"CCCTGATGTGAATGTA-1_1",0,"Resting"
"CCCTGATTCCAAACCA-1_1",0,"Resting"
"CCCTTAGAGACATAAC-1_1",0,"Resting"
"CCCTTAGAGAGTGTTA-1_1",0,"Resting"
"CCCTTAGCACAAATAG-1_1",0,"Resting"
"CCCTTAGTCCCGTTGT-1_1",0,"Resting"
"CCCTTAGTCCTACCGT-1_1",0,"Resting"
"CCGAACGAGTGCGCTC-1_1",0,"Resting"
"CCGAACGGTATCGCTA-1_1",0,"Resting"
"CCGAACGGTGCAACGA-1_1",0,"Resting"
"CCGATCTGTGAGCTCC-1_1",0,"Resting"
"CCGATGGCACACGGAA-1_1",0,"Resting"
"CCGATGGGTGATTAGA-1_1",0,"Resting"
"CCGATGGGTTGGACCC-1_1",0,"Resting"
"CCGATGGTCGTGCACG-1_1",0,"Resting"
"CCGCAAGAGAGCAACC-1_1",0,"Resting"
"CCGCAAGTCGATTGGT-1_1",0,"Resting"
"CCGGACAAGACCAAAT-1_1",0,"Resting"
"CCGGACAAGGCCCAAA-1_1",0,"Resting"
"CCGGACAAGTGCAGGT-1_1",0,"Resting"
"CCGGACACACTGTTCC-1_1",0,"Resting"
"CCGGACACAGAGCGTA-1_1",0,"Resting"
"CCGGACACAGCTATTG-1_1",0,"Resting"
"CCGGACAGTACTGCCG-1_1",0,"Resting"
"CCGGACAGTTAACCTG-1_1",0,"Resting"
"CCGGGTACATGAGGGT-1_1",0,"Resting"
"CCGGGTAGTGAGATTA-1_1",0,"Resting"
"CCGGGTATCACCTCAC-1_1",0,"Resting"
"CCGGGTATCCATATGG-1_1",0,"Resting"
"CCGGGTATCCATCACC-1_1",0,"Resting"
"CCGGGTATCTCCAATT-1_1",0,"Resting"
"CCGGTAGCACTACCGG-1_1",0,"Resting"
"CCGGTAGGTCGAGTTT-1_1",0,"Resting"
"CCGGTAGTCCTCACTG-1_1",0,"Resting"
"CCGGTGAAGACTCGAG-1_1",0,"Resting"
"CCGGTGAAGATCCCAT-1_1",0,"Resting"
"CCGGTGAGTGAGTAGC-1_1",0,"Resting"
"CCGTAGGAGCACACCC-1_1",0,"Resting"
"CCGTAGGCAAGGGCAT-1_1",0,"Resting"
"CCGTAGGTCATGTCAG-1_1",0,"Resting"
"CCGTAGGTCTGTGCGG-1_1",0,"Resting"
"CCGTGAGCATGTACGT-1_1",0,"Resting"
"CCGTGAGGTGGTCTAT-1_1",0,"Resting"
"CCGTGAGTCGCGTAGC-1_1",0,"Resting"
"CCGTTCAAGCTGAGCA-1_1",0,"Resting"
"CCGTTCACAAACCGGA-1_1",0,"Resting"
"CCGTTCACAGGTCAAG-1_1",0,"Resting"
"CCGTTCAGTACGATGG-1_1",0,"Resting"
"CCGTTCAGTATAGGGC-1_1",0,"Resting"
"CCGTTCATCCGAAGGA-1_1",0,"Resting"
"CCTAACCAGAAATGGG-1_1",0,"Treg"
"CCTAACCCATAAGCAA-1_1",0,"Resting"
"CCTAACCGTGGGTTGA-1_1",0,"Resting"
"CCTAACCTCCATAGGT-1_1",0,"Resting"
"CCTAAGAAGGTACCTT-1_1",0,"Resting"
"CCTAAGAGTACTGAGG-1_1",0,"Resting"
"CCTAAGAGTGTGACCC-1_1",0,"Resting"
"CCTAAGATCTCTGACC-1_1",0,"Resting"
"CCTACGTAGGTGCTGA-1_1",0,"Resting"
"CCTATCGAGAGCCCAA-1_1",0,"Resting"
"CCTATCGAGCATCCTA-1_1",0,"Resting"
"CCTATCGCAAGTGGGT-1_1",0,"Resting"
"CCTATCGCACACTGGC-1_1",0,"Resting"
"CCTATCGCACGGTGCT-1_1",0,"Resting"
"CCTATCGGTCTGCCTT-1_1",0,"Resting"
"CCTATCGGTCTTCTAT-1_1",0,"Resting"
"CCTATCGTCTGGAGAG-1_1",0,"Resting"
"CCTCAACAGCAGTAAT-1_1",0,"Resting"
"CCTCAACCAGACCCGT-1_1",0,"Resting"
"CCTCAACGTCGACTGC-1_1",0,"Resting"
"CCTCAACTCTTAGCCC-1_1",0,"Resting"
"CCTCACAAGACGCTCC-1_1",0,"Resting"
"CCTCACAAGGCTCACC-1_1",0,"Resting"
"CCTCACACACCCGTAG-1_1",0,"Resting"
"CCTCACAGTTATAGAG-1_1",0,"Resting"
"CCTCACATCGCGTGAC-1_1",0,"Resting"
"CCTCAGTAGAGTTCGG-1_1",0,"Resting"
"CCTCAGTGTCAGTCCG-1_1",0,"Resting"
"CCTCAGTGTCTCTCAC-1_1",0,"Resting"
"CCTCATGAGTGCGACA-1_1",0,"Resting"
"CCTCATGGTCAAGCGA-1_1",0,"Resting"
"CCTCATGGTGCTCCGA-1_1",0,"Resting"
"CCTCCAAAGATCGCCC-1_1",0,"Resting"
"CCTCCAAAGGTCGTCC-1_1",0,"Resting"
"CCTCCAACATAGCTGT-1_1",0,"Resting"
"CCTCCAAGTAAGGAGA-1_1",0,"Resting"
"CCTCCAAGTAGCACAG-1_1",0,"Resting"
"CCTCCAATCATTCATC-1_1",0,"Resting"
"CCTCCAATCCACCTCA-1_1",0,"Resting"
"CCTCCTCAGAAGAGCA-1_1",0,"Resting"
"CCTCCTCAGAAGATCT-1_1",0,"Resting"
"CCTCCTCAGCCATCCG-1_1",0,"Resting"
"CCTCCTCAGGATACGC-1_1",0,"Resting"
"CCTCCTCAGGGAGGGT-1_1",0,"Resting"
"CCTCCTCCAACCGATT-1_1",0,"Resting"
"CCTCCTCCACCTGCGA-1_1",0,"Resting"
"CCTCCTCGTACGTAGG-1_1",0,"Resting"
"CCTCCTCGTACTGTTG-1_1",0,"Resting"
"CCTCCTCGTGGCCACT-1_1",0,"Resting"
"CCTCCTCTCAAAGCCT-1_1",0,"Resting"
"CCTCCTCTCACTGTTT-1_1",0,"Resting"
"CCTCCTCTCTGTTGGA-1_1",0,"Resting"
"CCTCTAGCAAGGTTGG-1_1",0,"Resting"
"CCTCTAGCACTCAAGT-1_1",0,"Resting"
"CCTCTAGGTATCGTGT-1_1",0,"Resting"
"CCTCTAGTCGACACTA-1_1",0,"Resting"
"CCTCTCCAGCACTCCG-1_1",0,"Resting"
"CCTCTCCAGGTAGGCT-1_1",0,"Resting"
"CCTCTCCAGGTCATCT-1_1",0,"Resting"
"CCTCTCCAGGTGCAGT-1_1",0,"Resting"
"CCTCTCCAGTAAACTG-1_1",0,"Resting"
"CCTCTCCAGTATGGCG-1_1",0,"Resting"
"CCTCTCCCACGGAAGT-1_1",0,"Resting"
"CCTCTCCCAGCTATTG-1_1",0,"Resting"
"CCTCTCCGTCGCGTTG-1_1",0,"Resting"
"CCTCTCCTCAACGCTA-1_1",0,"Resting"
"CCTCTCCTCTGTCGCT-1_1",0,"Resting"
"CCTGCATCAGATACCT-1_1",0,"Resting"
"CCTGCATGTGTTGACT-1_1",0,"Resting"
"CCTGCATGTTAAGGAT-1_1",0,"Resting"
"CCTGCATTCGATGCAT-1_1",0,"Resting"
"CCTGCATTCGGTCGAC-1_1",0,"Resting"
"CCTGTTGAGAAGTGTT-1_1",0,"Resting"
"CCTGTTGCACTCACTC-1_1",0,"Resting"
"CCTGTTGCATCGAACT-1_1",0,"Resting"
"CCTGTTGGTCTAGTGT-1_1",0,"Resting"
"CCTGTTGGTGTCTTGA-1_1",0,"Resting"
"CCTGTTGGTGTTAACC-1_1",0,"Resting"
"CCTGTTGTCCGAAGGA-1_1",0,"Resting"
"CCTTCAGCAAACAGGC-1_1",0,"Resting"
"CCTTCAGTCAGGGATG-1_1",0,"Resting"
"CCTTCAGTCCCTATTA-1_1",0,"Resting"
"CCTTCAGTCCGATCTC-1_1",0,"Resting"
"CCTTCAGTCGCGCCAA-1_1",0,"Resting"
"CCTTGTGCATTATGCG-1_1",0,"Resting"
"CCTTGTGTCAAGGCTT-1_1",0,"Resting"
"CCTTGTGTCCAGCTCT-1_1",0,"Resting"
"CCTTGTGTCCCATGGG-1_1",0,"Resting"
"CCTTTGGAGACATATG-1_1",0,"Resting"
"CCTTTGGGTAGAGGAA-1_1",0,"Resting"
"CCTTTGGTCGTGGTAT-1_1",0,"Resting"
"CGAAGGAAGAAGCGCT-1_1",0,"Resting"
"CGAAGGACAGTCTACA-1_1",0,"Resting"
"CGAAGGACATTCGGGC-1_1",0,"Resting"
"CGAAGGAGTCAGGAGT-1_1",0,"Resting"
"CGAAGGATCTTCTGGC-1_1",0,"Resting"
"CGAAGTTAGTAAGGGA-1_1",0,"Resting"
"CGAAGTTGTAACACCT-1_1",0,"Resting"
"CGAAGTTGTATGAGGC-1_1",0,"Resting"
"CGAATTGAGCACAAAT-1_1",0,"Resting"
"CGAATTGCAACCGATT-1_1",0,"Resting"
"CGAATTGCATACAGCT-1_1",0,"Resting"
"CGAATTGCATCTAGAC-1_1",0,"Resting"
"CGACAGCCAACGGCTC-1_1",0,"Resting"
"CGACAGCCACAGAGAC-1_1",0,"Resting"
"CGACAGCCAGAGGGTT-1_1",0,"Resting"
"CGACAGCGTAGAGTTA-1_1",0,"Resting"
"CGACAGCTCACTGAAC-1_1",0,"Resting"
"CGACAGCTCGAACGCC-1_1",0,"Resting"
"CGAGAAGCAGTTGCGC-1_1",0,"Resting"
"CGAGAAGGTAGGGAGG-1_1",0,"Resting"
"CGAGAAGGTCAGTCCG-1_1",0,"Resting"
"CGAGAAGTCGAGTCTA-1_1",0,"Resting"
"CGAGGAAAGCGATGGT-1_1",0,"Resting"
"CGAGGAAAGGAATGTT-1_1",0,"Resting"
"CGAGGAACACTAAACC-1_1",0,"Resting"
"CGAGGAAGTCATCCCT-1_1",0,"Resting"
"CGAGGAAGTGACTGTT-1_1",0,"Resting"
"CGAGGAATCATTCGTT-1_1",0,"Resting"
"CGAGGAATCGTTCTGC-1_1",0,"Resting"
"CGAGGCTAGAATGTTG-1_1",0,"Resting"
"CGAGGCTAGCCGAACA-1_1",0,"Resting"
"CGAGGCTAGCGCCCAT-1_1",0,"Resting"
"CGAGGCTGTATGCTTG-1_1",0,"Resting"
"CGAGGCTGTGCCTAAT-1_1",0,"Resting"
"CGAGGCTGTGGGCTTC-1_1",0,"Resting"
"CGAGGCTTCTACTCAT-1_1",0,"Resting"
"CGAGTGCAGCATGCGA-1_1",0,"Resting"
"CGAGTGCCAATGGCCC-1_1",0,"Resting"
"CGAGTGCGTAATGCGG-1_1",0,"Resting"
"CGAGTGCGTACATTGC-1_1",0,"Resting"
"CGAGTTAAGCAATAAC-1_1",0,"Resting"
"CGAGTTAAGCTCATAC-1_1",0,"Resting"
"CGAGTTACAGTATTCG-1_1",0,"Resting"
"CGAGTTATCACTTATC-1_1",0,"Resting"
"CGAGTTATCGGCATAT-1_1",0,"Resting"
"CGATCGGGTAAGGCCA-1_1",0,"Resting"
"CGATCGGTCGTGGAAG-1_1",0,"Resting"
"CGATCGGTCTCTAAGG-1_1",0,"Resting"
"CGATGCGAGCACGGAT-1_1",0,"Resting"
"CGATGCGAGGGAGGGT-1_1",0,"Resting"
"CGATGCGCACCTCAGG-1_1",0,"Resting"
"CGATGGCCACCTCTAC-1_1",0,"Resting"
"CGATGGCGTAACACGG-1_1",0,"Treg"
"CGATGGCGTACGACTT-1_1",0,"Resting"
"CGATGGCTCACACCGG-1_1",0,"Resting"
"CGCAGGTAGTTCCGGC-1_1",0,"Resting"
"CGCAGGTCAAGAAATC-1_1",0,"Resting"
"CGCAGGTTCCAACTGA-1_1",0,"Resting"
"CGCAGGTTCCGACAGC-1_1",0,"Resting"
"CGCAGGTTCCGTGGGT-1_1",0,"Resting"
"CGCAGGTTCTGGCCTT-1_1",0,"Resting"
"CGCATAAAGCGTTCCG-1_1",0,"Resting"
"CGCATAACATATTCGG-1_1",0,"Resting"
"CGCATAAGTACGAAAT-1_1",0,"Resting"
"CGCATAAGTGGTCCGT-1_1",0,"Resting"
"CGCATAATCGGAATTC-1_1",0,"Resting"
"CGCATGGCAAATGCGG-1_1",0,"Resting"
"CGCATGGCACGGGTAA-1_1",0,"Resting"
"CGCATGGCACTTGGCG-1_1",0,"Resting"
"CGCATGGGTAAGATAC-1_1",0,"Resting"
"CGCATGGGTAGGAGGG-1_1",0,"Resting"
"CGCATGGGTATGGGAC-1_1",0,"Resting"
"CGCATGGGTGTTATCG-1_1",0,"Resting"
"CGCATGGGTTTACCAG-1_1",0,"Resting"
"CGCATGGTCACTTATC-1_1",0,"Resting"
"CGCATGGTCTCCTGCA-1_1",0,"Resting"
"CGCCAGAAGAGGCTGT-1_1",0,"Resting"
"CGCCAGAAGGCTCACC-1_1",0,"Resting"
"CGCCAGACAATACAGA-1_1",0,"Resting"
"CGCCAGACACGCGTGT-1_1",0,"Resting"
"CGCCAGAGTGTCTAAC-1_1",0,"Resting"
"CGCCATTCACGGAAGT-1_1",0,"Resting"
"CGCCATTGTCGAACGA-1_1",0,"Resting"
"CGCCATTTCCAGCAAT-1_1",0,"Resting"
"CGCCATTTCCCTCTAG-1_1",0,"Resting"
"CGCGTGAAGAAGAGCA-1_1",0,"Resting"
"CGCGTGAAGTAACGTA-1_1",0,"Resting"
"CGCGTGAGTCACTCTC-1_1",0,"Resting"
"CGCGTGATCCATGCAA-1_1",0,"Resting"
"CGGAACCCAAACGTGG-1_1",0,"Resting"
"CGGAACCTCCCGAATA-1_1",0,"Resting"
"CGGAATTAGGCGTTGA-1_1",0,"Resting"
"CGGAATTTCAAGGTGG-1_1",0,"Resting"
"CGGAATTTCAGCAGAG-1_1",0,"Resting"
"CGGACACCAGGACTTT-1_1",0,"Resting"
"CGGACACCATTGCAAC-1_1",0,"Resting"
"CGGACACTCGTGCACG-1_1",0,"Resting"
"CGGAGAACAGGGAGAG-1_1",0,"Resting"
"CGGAGAAGTGCTTATG-1_1",0,"Resting"
"CGGCAGTAGCGGTAAC-1_1",0,"Resting"
"CGGCAGTCACCCTAGG-1_1",0,"Resting"
"CGGCAGTCAGGGATAC-1_1",0,"Resting"
"CGGCAGTGTAATGCGG-1_1",0,"Resting"
"CGGCAGTTCACGGTCG-1_1",0,"Resting"
"CGGCAGTTCCCAGGCA-1_1",0,"Resting"
"CGGCAGTTCTGAGCAT-1_1",0,"Resting"
"CGGGACTCAACCACAT-1_1",0,"Resting"
"CGGGACTCAGCTACCG-1_1",0,"Resting"
"CGGGACTTCCATCCGT-1_1",0,"Resting"
"CGGGACTTCCGACAGC-1_1",0,"Resting"
"CGGGCATCACGTTGGC-1_1",0,"Resting"
"CGGGCATCATCAGTCA-1_1",0,"Resting"
"CGGGCATCATTGTCGA-1_1",0,"Resting"
"CGGGCATGTACGTGTT-1_1",0,"Resting"
"CGGGCATGTATTCCTT-1_1",0,"Resting"
"CGGGCATGTGAGAGGG-1_1",0,"Resting"
"CGGGCATTCTGGCCGA-1_1",0,"Resting"
"CGGGTCAAGAGTGACC-1_1",0,"Resting"
"CGGGTCAAGTTCCAGT-1_1",0,"Resting"
"CGGGTCAGTGTATTGC-1_1",0,"Resting"
"CGGGTGTCATTCGGGC-1_1",0,"Resting"
"CGGTCAGCACGGCCAT-1_1",0,"Resting"
"CGGTCAGCACGTCGTG-1_1",0,"Resting"
"CGGTCAGCACTGCATA-1_1",0,"Resting"
"CGGTCAGCAGCAGAAC-1_1",0,"Resting"
"CGGTCAGGTCGCGTCA-1_1",0,"Resting"
"CGTAAGTAGTATAACG-1_1",0,"Resting"
"CGTAAGTCAAGCGGAT-1_1",0,"Resting"
"CGTAAGTCAGCTCGGT-1_1",0,"Resting"
"CGTAAGTCATTGAGGG-1_1",0,"Resting"
"CGTAAGTGTGGAAGTC-1_1",0,"Resting"
"CGTAAGTGTGGTCTAT-1_1",0,"Resting"
"CGTAAGTGTTTGACAC-1_1",0,"Resting"
"CGTAAGTTCTGGGATT-1_1",0,"Resting"
"CGTAATGAGACTTCGT-1_1",0,"Resting"
"CGTAATGCAGAGATGC-1_1",0,"Resting"
"CGTAATGGTAACCCGC-1_1",0,"Resting"
"CGTAATGGTAGGAGTC-1_1",0,"Resting"
"CGTAATGGTTCTATCT-1_1",0,"Resting"
"CGTAGTAAGCCTGTCG-1_1",0,"Resting"
"CGTAGTACAGGTTCAT-1_1",0,"Resting"
"CGTAGTACATACCATG-1_1",0,"Resting"
"CGTAGTATCACACGAT-1_1",0,"Resting"
"CGTAGTATCACTGGGC-1_1",0,"Resting"
"CGTCAAAAGATGCCGA-1_1",0,"Resting"
"CGTCAAACAGCCGTCA-1_1",0,"Resting"
"CGTCAAACATAATGCC-1_1",0,"Resting"
"CGTCAAACATATACCG-1_1",0,"Resting"
"CGTCAAACATGAGAAT-1_1",0,"Resting"
"CGTCAAAGTGTTCATG-1_1",0,"Resting"
"CGTCAAAGTTCTCCAC-1_1",0,"Resting"
"CGTCAAATCCATTTCA-1_1",0,"Resting"
"CGTCCATAGACTGGGT-1_1",0,"Resting"
"CGTCCATAGATTAGAC-1_1",0,"Resting"
"CGTCCATAGCACGATG-1_1",0,"Resting"
"CGTCCATGTGAGACGT-1_1",0,"Resting"
"CGTGAATAGCAGAAAG-1_1",0,"Resting"
"CGTGAATCACTAGTAC-1_1",0,"Resting"
"CGTGAATGTCTACAGT-1_1",0,"Resting"
"CGTGAATTCGCGTGAC-1_1",0,"Resting"
"CGTGAATTCTATACGG-1_1",0,"Resting"
"CGTGATACAAGAGGCT-1_1",0,"Resting"
"CGTGATATCCTGTAAG-1_1",0,"Resting"
"CGTGCTTAGCGTTCCG-1_1",0,"Resting"
"CGTGCTTAGGCTTAAA-1_1",0,"Resting"
"CGTGCTTAGGGAGAAT-1_1",0,"Resting"
"CGTGCTTAGTAGACCG-1_1",0,"Resting"
"CGTGCTTCACATGTTG-1_1",0,"Resting"
"CGTGCTTCAGCCTACG-1_1",0,"Resting"
"CGTGCTTCAGCTGCCA-1_1",0,"Resting"
"CGTGCTTTCAGAGTGG-1_1",0,"Resting"
"CGTGCTTTCCATCTCG-1_1",0,"Resting"
"CGTGTCTCACAATGAA-1_1",0,"Resting"
"CGTGTCTCACGCTGTG-1_1",0,"Treg"
"CGTGTCTTCCCATTCG-1_1",0,"Resting"
"CGTGTCTTCTACTGCC-1_1",0,"Resting"
"CGTTAGAAGGATATGT-1_1",0,"Resting"
"CGTTAGACACAACGCC-1_1",0,"Resting"
"CGTTAGACAGGCCTGT-1_1",0,"Resting"
"CGTTCTGCACCAGCTG-1_1",0,"Resting"
"CGTTGGGCACCATAAC-1_1",0,"Resting"
"CTAACCCAGTACCGGA-1_1",0,"Resting"
"CTAACCCCAATGAAAC-1_1",0,"Resting"
"CTAACCCCATCTAGAC-1_1",0,"Resting"
"CTAACCCGTACCGCGT-1_1",0,"Resting"
"CTAACCCTCCGCCTAT-1_1",0,"Resting"
"CTAACTTAGTCACACT-1_1",0,"Treg"
"CTAACTTAGTGTTGTC-1_1",0,"Resting"
"CTAACTTCACGGTGTC-1_1",0,"Resting"
"CTAACTTGTTATGTCG-1_1",0,"Resting"
"CTAACTTGTTTCCAAG-1_1",0,"Resting"
"CTAACTTGTTTGGGAG-1_1",0,"Resting"
"CTAACTTTCAAGCCTA-1_1",0,"Resting"
"CTAACTTTCATTTGGG-1_1",0,"Resting"
"CTAAGTGGTCCGGTCA-1_1",0,"Resting"
"CTAAGTGTCCATAAGC-1_1",0,"Resting"
"CTAAGTGTCCGCGGAT-1_1",0,"Resting"
"CTAAGTGTCTACCACC-1_1",0,"Resting"
"CTACAGACATACTGAC-1_1",0,"Resting"
"CTACAGATCCGACAGC-1_1",0,"Resting"
"CTACATTAGGATTCAA-1_1",0,"Resting"
"CTACATTTCGAGAACG-1_1",0,"Resting"
"CTACATTTCTGAGATC-1_1",0,"Resting"
"CTACCCAAGCAAGCCA-1_1",0,"Resting"
"CTACCCAAGGAGCAAA-1_1",0,"Resting"
"CTACCCAAGGGTTGCA-1_1",0,"Resting"
"CTACCCAAGTGTCATC-1_1",0,"Resting"
"CTACCCACACCTGTCT-1_1",0,"Resting"
"CTACCCACATCAGTGT-1_1",0,"Resting"
"CTACCCAGTCTAGGTT-1_1",0,"Resting"
"CTACCCAGTGGAAGTC-1_1",0,"Resting"
"CTACCTGAGTGGTTGG-1_1",0,"Resting"
"CTACCTGCACTCGATA-1_1",0,"Resting"
"CTACCTGGTCAGACGA-1_1",0,"Resting"
"CTACCTGGTCCAACGC-1_1",0,"Resting"
"CTACCTGTCGCCAATA-1_1",0,"Resting"
"CTACCTGTCTATACTC-1_1",0,"Resting"
"CTACGGGAGAGCTTTC-1_1",0,"Resting"
"CTACGGGCAGCGTTTA-1_1",0,"Resting"
"CTACGGGGTTGACTAC-1_1",0,"Resting"
"CTACGGGTCACCCTGT-1_1",0,"Resting"
"CTACTATGTAGCCCTG-1_1",0,"Resting"
"CTACTATTCGATGCTA-1_1",0,"Resting"
"CTAGACAAGTGTTGTC-1_1",0,"Resting"
"CTAGACATCCCAGTGG-1_1",0,"Resting"
"CTAGGTAAGACCTTTG-1_1",0,"Resting"
"CTAGGTAAGATCCCGC-1_1",0,"Resting"
"CTAGGTAAGATGCAGC-1_1",0,"Resting"
"CTAGGTAAGTTAGTAG-1_1",0,"Resting"
"CTAGGTAGTGAGAACC-1_1",0,"Resting"
"CTATAGGAGACTCCGC-1_1",0,"Resting"
"CTATAGGAGCGCCATC-1_1",0,"Resting"
"CTATAGGCACTACCCT-1_1",0,"Resting"
"CTATAGGGTATGGTTC-1_1",0,"Resting"
"CTATAGGGTGGATGAC-1_1",0,"Resting"
"CTATCCGCACTGCGAC-1_1",0,"Resting"
"CTATCCGCACTGCGTG-1_1",0,"Resting"
"CTATCCGGTGAGTAGC-1_1",0,"Resting"
"CTATCCGGTGCATCTA-1_1",0,"Resting"
"CTATCCGTCGTCTAAG-1_1",0,"Resting"
"CTATCTAGTTCGGCCA-1_1",0,"Resting"
"CTATCTATCTCAGTCC-1_1",0,"Resting"
"CTCAACCCAGTCTGGC-1_1",0,"Resting"
"CTCAACCCAGTGGGTA-1_1",0,"Resting"
"CTCAACCCATGACACT-1_1",0,"Resting"
"CTCAACCTCTTTGGAG-1_1",0,"Resting"
"CTCAAGAAGCTCTATG-1_1",0,"Resting"
"CTCAAGACACAAGCTT-1_1",0,"Treg"
"CTCAAGAGTTCTTAGG-1_1",0,"Resting"
"CTCAAGATCATGAGTC-1_1",0,"Resting"
"CTCAATTGTAAGGTCG-1_1",0,"Resting"
"CTCAATTGTACTGGGA-1_1",0,"Resting"
"CTCAATTGTGACTGTT-1_1",0,"Resting"
"CTCAATTGTGTGCCTG-1_1",0,"Resting"
"CTCAATTGTTCCGCAG-1_1",0,"Resting"
"CTCAATTGTTTAGACC-1_1",0,"Resting"
"CTCAATTTCGACATAC-1_1",0,"Resting"
"CTCAATTTCGTCGGGT-1_1",0,"Resting"
"CTCACTGAGAATCGAT-1_1",0,"Resting"
"CTCACTGAGTTGGGAC-1_1",0,"Resting"
"CTCACTGCAAATCGGG-1_1",0,"Resting"
"CTCACTGGTCCTCAGG-1_1",0,"Resting"
"CTCACTGTCGCCTAGG-1_1",0,"Resting"
"CTCACTGTCTAAGGAA-1_1",0,"Resting"
"CTCACTGTCTGTGCAA-1_1",0,"Resting"
"CTCAGAAAGACAAGCC-1_1",0,"Resting"
"CTCAGAAAGATGCAGC-1_1",0,"Resting"
"CTCAGAACATTGCTTT-1_1",0,"Resting"
"CTCAGAATCAACACCA-1_1",0,"Resting"
"CTCAGAATCCCGAGAC-1_1",0,"Resting"
"CTCAGGGCATAGAAAC-1_1",0,"Resting"
"CTCAGGGGTCTGTCAA-1_1",0,"Resting"
"CTCAGTCCAAGAGGTC-1_1",0,"Resting"
"CTCAGTCGTCTCGGAC-1_1",0,"Resting"
"CTCAGTCTCCTAGCCT-1_1",0,"Resting"
"CTCAGTCTCTTTCTAG-1_1",0,"Resting"
"CTCATCGAGAACGCGT-1_1",0,"Resting"
"CTCATCGAGTATAGAC-1_1",0,"Resting"
"CTCATCGGTCTAGGTT-1_1",0,"Resting"
"CTCATCGGTCTTGAGT-1_1",0,"Resting"
"CTCATCGTCCCTCTAG-1_1",0,"Resting"
"CTCATCGTCGGAACTT-1_1",0,"Resting"
"CTCATGCAGAGAAGGT-1_1",0,"Resting"
"CTCATGCTCATCGCAA-1_1",0,"Resting"
"CTCATGCTCGGTCACG-1_1",0,"Resting"
"CTCATGCTCTACTATC-1_1",0,"Resting"
"CTCATTAAGCGATGCA-1_1",0,"Resting"
"CTCATTAGTGATGTAA-1_1",0,"Resting"
"CTCATTATCCTTATCA-1_1",0,"Resting"
"CTCATTATCGAAGTGG-1_1",0,"Resting"
"CTCCAACAGAGAGAAC-1_1",0,"Resting"
"CTCCAACAGTGAGTGC-1_1",0,"Resting"
"CTCCAACCAACTGTGT-1_1",0,"Resting"
"CTCCAACCAAGTACCT-1_1",0,"Resting"
"CTCCAACCATGTCGTA-1_1",0,"Resting"
"CTCCAACGTATCAGGG-1_1",0,"Resting"
"CTCCAACTCACAGTGT-1_1",0,"Resting"
"CTCCACAAGTAAGACT-1_1",0,"Resting"
"CTCCACAAGTTAACGA-1_1",0,"Resting"
"CTCCACACATGTTCAG-1_1",0,"Resting"
"CTCCACATCCGCATAA-1_1",0,"Resting"
"CTCCATGGTACGGCAA-1_1",0,"Resting"
"CTCCATGGTATCGTAC-1_1",0,"Resting"
"CTCCATGGTCTCGACG-1_1",0,"Resting"
"CTCCATGGTTCGTGCG-1_1",0,"Resting"
"CTCCATGTCCCAGGAC-1_1",0,"Resting"
"CTCCCAAAGGTTAAAC-1_1",0,"Resting"
"CTCCCAAAGTTCGGTT-1_1",0,"Resting"
"CTCCCAAGTCTCCTGT-1_1",0,"Resting"
"CTCCCAAGTGCAATAA-1_1",0,"Resting"
"CTCCCAATCAGCCTCT-1_1",0,"Resting"
"CTCCCAATCTAATTCC-1_1",0,"Resting"
"CTCCCAATCTGTAACG-1_1",0,"Resting"
"CTCCCTCAGGGAGTGG-1_1",0,"Resting"
"CTCCCTCCACGCGCTA-1_1",0,"Resting"
"CTCCCTCCACTTCATT-1_1",0,"Resting"
"CTCCCTCCAGTAACAA-1_1",0,"Resting"
"CTCCCTCGTACCTAGT-1_1",0,"Resting"
"CTCCCTCGTACGTTCA-1_1",0,"Resting"
"CTCCGATAGACTACGG-1_1",0,"Resting"
"CTCCGATAGATTACCC-1_1",0,"Resting"
"CTCCGATAGGTGAGAA-1_1",0,"Resting"
"CTCCGATGTTCAAACC-1_1",0,"Resting"
"CTCCTCCAGACCAAGC-1_1",0,"Resting"
"CTCCTCCCAGGAATCG-1_1",0,"Resting"
"CTCCTCCGTAGACTGG-1_1",0,"Resting"
"CTCCTCCGTCTGCCTT-1_1",0,"Resting"
"CTCCTCCTCCTGGCTT-1_1",0,"Resting"
"CTCCTTTTCCAAGCTA-1_1",0,"Resting"
"CTCCTTTTCCACAAGT-1_1",0,"Resting"
"CTCCTTTTCGTTCATT-1_1",0,"Resting"
"CTCGAGGCAACGCCCA-1_1",0,"Resting"
"CTCGAGGGTCATCGGC-1_1",0,"Resting"
"CTCGAGGGTCGTACAT-1_1",0,"Resting"
"CTCGAGGTCCGTGTCT-1_1",0,"Resting"
"CTCTCAGAGCTTGTGT-1_1",0,"Resting"
"CTCTCAGCAGACCCGT-1_1",0,"Resting"
"CTCTCAGTCAAGATAG-1_1",0,"Resting"
"CTCTCAGTCGTTATCT-1_1",0,"Resting"
"CTCTCGAAGCTTTCTT-1_1",0,"Resting"
"CTCTCGACAAGCGGAT-1_1",0,"Resting"
"CTCTCGACACGGCACT-1_1",0,"Resting"
"CTCTCGAGTAATGCGG-1_1",0,"Resting"
"CTCTCGATCGCACGAC-1_1",0,"Resting"
"CTCTGGTCAGTTTGGT-1_1",0,"Resting"
"CTCTGGTCATTGTCGA-1_1",0,"Resting"
"CTCTGGTGTAGCTTGT-1_1",0,"Resting"
"CTCTGGTTCGCATAGT-1_1",0,"Resting"
"CTCTGGTTCTCCTACG-1_1",0,"Resting"
"CTGAATGAGACAAGCC-1_1",0,"Resting"
"CTGAATGCACTGCTTC-1_1",0,"Resting"
"CTGAGCGCAACTTGCA-1_1",0,"Resting"
"CTGAGCGCAGGCTCTG-1_1",0,"Resting"
"CTGAGCGGTCGAAACG-1_1",0,"Resting"
"CTGAGGCAGTTCCGGC-1_1",0,"Resting"
"CTGAGGCCAAACTAAG-1_1",0,"Resting"
"CTGAGGCCAAATGATG-1_1",0,"Resting"
"CTGAGGCCAGGTGAGT-1_1",0,"Resting"
"CTGAGGCGTACGACTT-1_1",0,"Resting"
"CTGATCCAGTCATGGG-1_1",0,"Resting"
"CTGCAGGAGTCAGAGC-1_1",0,"Resting"
"CTGCAGGCAACCAATC-1_1",0,"Resting"
"CTGCAGGCATCAGCAT-1_1",0,"Resting"
"CTGCAGGGTCGAACAG-1_1",0,"Resting"
"CTGCATCAGCGGCTCT-1_1",0,"Resting"
"CTGCATCCAGCATGCC-1_1",0,"Resting"
"CTGCATCGTCGCATTA-1_1",0,"Resting"
"CTGCCATCAAAGCGTG-1_1",0,"Resting"
"CTGCCATCAGCAGTGA-1_1",0,"Resting"
"CTGCCATGTCCTCCAT-1_1",0,"Resting"
"CTGCCATTCCATCGTC-1_1",0,"Resting"
"CTGCCATTCCCGATCT-1_1",0,"Resting"
"CTGCCTAAGCAGCCTC-1_1",0,"Resting"
"CTGCCTAAGCATCTTG-1_1",0,"Resting"
"CTGCCTAAGTTGTCAC-1_1",0,"Resting"
"CTGCCTACAGCACAAG-1_1",0,"Resting"
"CTGCCTAGTAGGACCA-1_1",0,"Resting"
"CTGCCTAGTAGGTACG-1_1",0,"Resting"
"CTGCCTAGTCACGCTG-1_1",0,"Resting"
"CTGCCTAGTCGGCTAC-1_1",0,"Resting"
"CTGCCTAGTGCATCTA-1_1",0,"Resting"
"CTGCGAGGTCGAGATG-1_1",0,"Resting"
"CTGCTCAAGTCCGCGT-1_1",0,"Resting"
"CTGCTCACACTAACGT-1_1",0,"Resting"
"CTGCTCACACTAGAGG-1_1",0,"Resting"
"CTGCTCACAGACTGCC-1_1",0,"Resting"
"CTGCTCACAGGCATTT-1_1",0,"Resting"
"CTGGACGAGATACATG-1_1",0,"Resting"
"CTGGACGCACTTGAGT-1_1",0,"Resting"
"CTGGCAGAGTGCAGGT-1_1",0,"Resting"
"CTGGCAGTCGCTGCGA-1_1",0,"Treg"
"CTGGTCTAGAGAGCGG-1_1",0,"Resting"
"CTGGTCTAGATACTGA-1_1",0,"Resting"
"CTGGTCTCAGAGGACT-1_1",0,"Treg"
"CTGGTCTCATGAGTAA-1_1",0,"Resting"
"CTGGTCTGTGGTCTAT-1_1",0,"Resting"
"CTGGTCTGTTAGAGTA-1_1",0,"Resting"
"CTGGTCTTCGAATCCA-1_1",0,"Resting"
"CTGTACCAGCGAGGAG-1_1",0,"Resting"
"CTGTACCCAAATACGA-1_1",0,"Resting"
"CTGTACCCAAGTAGTA-1_1",0,"Resting"
"CTGTACCCACGAGGAT-1_1",0,"Resting"
"CTGTACCCACTCAGAT-1_1",0,"Resting"
"CTGTAGAAGTAGACAT-1_1",0,"Resting"
"CTGTAGAAGTTGGAGC-1_1",0,"Resting"
"CTGTAGACAAATCGTC-1_1",0,"Resting"
"CTGTAGACAACACTAC-1_1",0,"Resting"
"CTGTAGACAAGTGGTG-1_1",0,"Resting"
"CTGTAGACACATGACT-1_1",0,"Resting"
"CTGTAGAGTTTGCAGT-1_1",0,"Resting"
"CTGTATTAGGAACGAA-1_1",0,"Resting"
"CTGTATTAGGCACTCC-1_1",0,"Treg"
"CTGTATTCACAACGTT-1_1",0,"Resting"
"CTGTATTCAGCGTATT-1_1",0,"Resting"
"CTGTATTCATGCGGTC-1_1",0,"Resting"
"CTGTATTTCGAGATAA-1_1",0,"Resting"
"CTGTCGTCACTTCCTG-1_1",0,"Resting"
"CTGTGAAAGCCGAACA-1_1",0,"Treg"
"CTGTGAAAGCCTGTGC-1_1",0,"Resting"
"CTGTGAAAGGCCTAAG-1_1",0,"Resting"
"CTGTGAAAGTCGGCCT-1_1",0,"Resting"
"CTGTGAACAACACACT-1_1",0,"Resting"
"CTGTGAACAAGGAGTC-1_1",0,"Resting"
"CTGTGAAGTCAGTCCG-1_1",0,"Treg"
"CTGTGGGAGATTTGCC-1_1",0,"Resting"
"CTGTGGGAGTACAACA-1_1",0,"Resting"
"CTGTGGGAGTCATGGG-1_1",0,"Resting"
"CTGTGGGCATGGCTGC-1_1",0,"Resting"
"CTGTGGGTCATGCCAA-1_1",0,"Resting"
"CTGTGGGTCGCTATTT-1_1",0,"Resting"
"CTTACCGAGATCCGAG-1_1",0,"Resting"
"CTTACCGAGGAGAGGC-1_1",0,"Resting"
"CTTACCGCAGCTACAT-1_1",0,"Resting"
"CTTACCGGTATCGTAC-1_1",0,"Resting"
"CTTACCGTCACCACAA-1_1",0,"Resting"
"CTTACCGTCCAACCAA-1_1",0,"Resting"
"CTTAGGAAGCGCTTCG-1_1",0,"Resting"
"CTTAGGACACTCACTC-1_1",0,"Resting"
"CTTAGGAGTCTAGATC-1_1",0,"Resting"
"CTTCAATGTGCTAGCC-1_1",0,"Resting"
"CTTCAATGTGGCTGCT-1_1",0,"Resting"
"CTTCAATTCCTTATAC-1_1",0,"Resting"
"CTTCCGAAGCCTTCTC-1_1",0,"Resting"
"CTTCCGATCGCTGACG-1_1",0,"Resting"
"CTTCCTTCATATACCG-1_1",0,"Resting"
"CTTCCTTGTATGAAAC-1_1",0,"Resting"
"CTTCCTTGTCGTACTA-1_1",0,"Resting"
"CTTCCTTGTGGATACG-1_1",0,"Resting"
"CTTCGGTAGGATACAT-1_1",0,"Resting"
"CTTCGGTAGGTACCTT-1_1",0,"Resting"
"CTTCGGTAGTCACTGT-1_1",0,"Resting"
"CTTCGGTGTTCGGGTC-1_1",0,"Resting"
"CTTCGGTTCTATCGGA-1_1",0,"Resting"
"CTTCGGTTCTGGTGGC-1_1",0,"Resting"
"CTTCTAAAGACCAAAT-1_1",0,"Resting"
"CTTCTAAAGTGCAGGT-1_1",0,"Resting"
"CTTCTAAGTTGTGCAT-1_1",0,"Resting"
"CTTCTAATCGAGATAA-1_1",0,"Resting"
"CTTCTCTAGACTTCGT-1_1",0,"Resting"
"CTTCTCTGTTGGACCC-1_1",0,"Resting"
"CTTCTCTTCGACGTCG-1_1",0,"Resting"
"CTTGAGACACCAGCCA-1_1",0,"Treg"
"CTTGAGACACGACGTC-1_1",0,"Resting"
"CTTGAGACACTTGGGC-1_1",0,"Resting"
"CTTGAGAGTTGATCGT-1_1",0,"Resting"
"CTTGAGATCAGTGTTG-1_1",0,"Treg"
"CTTGAGATCGTTATCT-1_1",0,"Resting"
"CTTGATTAGCCGTTAT-1_1",0,"Resting"
"CTTTCAAAGGTGCCAA-1_1",0,"Resting"
"CTTTCAACATGACTAC-1_1",0,"Resting"
"CTTTCAAGTGGTCCCA-1_1",0,"Resting"
"CTTTCAATCTCGGTCT-1_1",0,"Resting"
"CTTTCGGGTCGTACAT-1_1",0,"Resting"
"CTTTCGGGTGTGTGGA-1_1",0,"Resting"
"GAAACCTAGCGTACAG-1_1",0,"Resting"
"GAAACCTGTAACATGA-1_1",0,"Resting"
"GAAACCTGTAGGCAAC-1_1",0,"Resting"
"GAAACCTGTCAGCGTC-1_1",0,"Resting"
"GAAACCTGTGAGCCAA-1_1",0,"Resting"
"GAAACCTTCTGATGGT-1_1",0,"Resting"
"GAAATGAAGCTGGAGT-1_1",0,"Resting"
"GAAATGACAAAGGGCT-1_1",0,"Resting"
"GAAATGACAATGCTCA-1_1",0,"Treg"
"GAAATGACACAATGCT-1_1",0,"Resting"
"GAAATGAGTCAAAGTA-1_1",0,"Resting"
"GAAATGATCCATGATG-1_1",0,"Resting"
"GAACACTAGCGTGTTT-1_1",0,"Resting"
"GAACACTAGGCTATCT-1_1",0,"Resting"
"GAACACTCAGATTTCG-1_1",0,"Resting"
"GAACACTGTCACGCTG-1_1",0,"Resting"
"GAACACTTCCTGCCAT-1_1",0,"Resting"
"GAACGTTCAGTTGAAA-1_1",0,"Resting"
"GAACGTTGTCATCACA-1_1",0,"Resting"
"GAACGTTTCACCCTCA-1_1",0,"Resting"
"GAACGTTTCACTCACC-1_1",0,"Treg"
"GAACGTTTCTTCGGTC-1_1",0,"Resting"
"GAACTGTAGCCTTGAT-1_1",0,"Resting"
"GAACTGTAGGTAAACT-1_1",0,"Resting"
"GAACTGTAGTATGAGT-1_1",0,"Resting"
"GAACTGTCAATACAGA-1_1",0,"Resting"
"GAACTGTCAATCAAGA-1_1",0,"Resting"
"GAACTGTGTAACTGCT-1_1",0,"Resting"
"GAACTGTTCCAAACCA-1_1",0,"Resting"
"GAACTGTTCGGCATAT-1_1",0,"Resting"
"GAAGAATGTCTGGTTA-1_1",0,"Resting"
"GAAGAATTCTCCTACG-1_1",0,"Resting"
"GAAGCCCGTACGATTC-1_1",0,"Resting"
"GAAGCGAAGAGCTGCA-1_1",0,"Resting"
"GAAGCGAAGTATCTGC-1_1",0,"Resting"
"GAAGCGACACGAAAGC-1_1",0,"Resting"
"GAAGCGAGTACGACAG-1_1",0,"Resting"
"GAAGCGATCTCGCTCA-1_1",0,"Resting"
"GAAGGACTCAGCGGAA-1_1",0,"Resting"
"GAAGGACTCCGCATAA-1_1",0,"Resting"
"GAAGGACTCCTGCTAC-1_1",0,"Resting"
"GAAGGGTAGACAGTCG-1_1",0,"Resting"
"GAAGGGTAGGGATCAC-1_1",0,"Resting"
"GAAGGGTAGTGGTTAA-1_1",0,"Resting"
"GAAGGGTAGTGTTGTC-1_1",0,"Resting"
"GAAGGGTCACAGCTGC-1_1",0,"Resting"
"GAAGGGTCACGTATAC-1_1",0,"Resting"
"GAAGGGTGTGACTGAG-1_1",0,"Resting"
"GAAGGGTTCATGAGTC-1_1",0,"Resting"
"GAAGGGTTCCTCCACA-1_1",0,"Resting"
"GAAGTAAAGGGAGAAT-1_1",0,"Resting"
"GAAGTAAAGGTCTACT-1_1",0,"Resting"
"GAAGTAACAGTGTGCC-1_1",0,"Resting"
"GAAGTAAGTCCTATAG-1_1",0,"Resting"
"GAAGTAATCGGTTCAA-1_1",0,"Resting"
"GAAGTAATCTGTCGTC-1_1",0,"Resting"
"GAATAGACAGTGGTGA-1_1",0,"Resting"
"GAATAGAGTAGGCTGA-1_1",0,"Resting"
"GAATAGAGTGATCATC-1_1",0,"Resting"
"GAATAGAGTTGGAGGT-1_1",0,"Resting"
"GAATCACAGATAGCAT-1_1",0,"Resting"
"GAATCACAGATAGGGA-1_1",0,"Resting"
"GAATCACCAGACATCT-1_1",0,"Resting"
"GAATCACCATCAGTCA-1_1",0,"Resting"
"GAATCACCATGGTGGA-1_1",0,"Resting"
"GAATCGTAGCACTAGG-1_1",0,"Resting"
"GAATCGTAGTGTTCCA-1_1",0,"Resting"
"GAATCGTCAATTGTGC-1_1",0,"Resting"
"GAATCGTCATCAACCA-1_1",0,"Resting"
"GACACGCAGGAAGTCC-1_1",0,"Resting"
"GACACGCCAACGACTT-1_1",0,"Treg"
"GACACGCCAGCATTGT-1_1",0,"Resting"
"GACACGCTCCCATAGA-1_1",0,"Resting"
"GACAGCCAGACAGTCG-1_1",0,"Resting"
"GACAGCCAGACATAAC-1_1",0,"Resting"
"GACAGCCAGCTTCGTA-1_1",0,"Resting"
"GACAGCCGTATCGGTT-1_1",0,"Resting"
"GACAGCCTCGCTACGG-1_1",0,"Resting"
"GACATCAAGGTGCTTT-1_1",0,"Resting"
"GACATCAAGTACTGTC-1_1",0,"Resting"
"GACATCACATTCTTCA-1_1",0,"Resting"
"GACCAATAGAGCATTA-1_1",0,"Resting"
"GACCAATCAGAGGAAA-1_1",0,"Resting"
"GACCAATCAGGGACTA-1_1",0,"Resting"
"GACCAATTCCGATCTC-1_1",0,"Resting"
"GACCCAGCAGGATGAC-1_1",0,"Resting"
"GACCCAGGTCCGGACT-1_1",0,"Resting"
"GACCCAGGTGCACGCT-1_1",0,"Resting"
"GACCCAGGTTGCTCGG-1_1",0,"Resting"
"GACCCAGGTTGGTAGG-1_1",0,"Resting"
"GACCCTTAGCAAGTGC-1_1",0,"Resting"
"GACCCTTCAGAACATA-1_1",0,"Treg"
"GACCCTTCAGCGATTT-1_1",0,"Resting"
"GACCCTTCATGGACAG-1_1",0,"Resting"
"GACCGTGAGACGAAGA-1_1",0,"Resting"
"GACCGTGCAATCAGCT-1_1",0,"Resting"
"GACCGTGGTGAATATG-1_1",0,"Resting"
"GACCGTGTCTTGCAGA-1_1",0,"Resting"
"GACCTTCAGTGGTCAG-1_1",0,"Resting"
"GACCTTCCACGACGCT-1_1",0,"Resting"
"GACGCTGCACAAATAG-1_1",0,"Resting"
"GACGCTGCAGCATCTA-1_1",0,"Resting"
"GACGCTGCATACTTTC-1_1",0,"Resting"
"GACGCTGGTGAGGAAA-1_1",0,"Resting"
"GACGCTGGTGGCCACT-1_1",0,"Resting"
"GACGCTGGTTTGCCGG-1_1",0,"Resting"
"GACGCTGTCCACAGCG-1_1",0,"Resting"
"GACGTTAAGCGGGTTA-1_1",0,"Resting"
"GACGTTACAGAAGTGC-1_1",0,"Resting"
"GACGTTACATATGAAG-1_1",0,"Resting"
"GACGTTAGTTGGACCC-1_1",0,"Resting"
"GACGTTAGTTTGAAAG-1_1",0,"Resting"
"GACTATGAGGGTATAT-1_1",0,"Resting"
"GACTATGCAAACTCTG-1_1",0,"Resting"
"GACTATGCACAAATCC-1_1",0,"Resting"
"GACTATGCATGACACT-1_1",0,"Resting"
"GACTATGGTTGCCATA-1_1",0,"Resting"
"GACTATGTCCTGGTCT-1_1",0,"Resting"
"GACTCAAAGAGAGCGG-1_1",0,"Resting"
"GACTCAACAACCTAAC-1_1",0,"Resting"
"GACTCAACAGGAGACT-1_1",0,"Resting"
"GACTCAATCTATCGCC-1_1",0,"Resting"
"GACTCTCAGCATAGGC-1_1",0,"Resting"
"GACTCTCAGCATGAAT-1_1",0,"Resting"
"GACTCTCAGTGGAAAG-1_1",0,"Resting"
"GACTCTCCAAATACAG-1_1",0,"Resting"
"GACTCTCCACGTCTCT-1_1",0,"Resting"
"GACTCTCCACTAGAGG-1_1",0,"Resting"
"GACTCTCGTTCCAAAC-1_1",0,"Resting"
"GACTCTCTCCATATGG-1_1",0,"Resting"
"GACTCTCTCTTCTTCC-1_1",0,"Resting"
"GACTGATAGACGATAT-1_1",0,"Resting"
"GACTGATAGACGCATG-1_1",0,"Resting"
"GACTTCCCATTCTCCG-1_1",0,"Resting"
"GACTTCCTCCGGCAAC-1_1",0,"Resting"
"GACTTCCTCGACGTCG-1_1",0,"Resting"
"GAGAAATAGATGTAGT-1_1",0,"Resting"
"GAGAAATAGCTAATCC-1_1",0,"Resting"
"GAGAAATCAACAGTGG-1_1",0,"Resting"
"GAGAAATCAGTCGCTG-1_1",0,"Resting"
"GAGAAATGTCTTTATC-1_1",0,"Resting"
"GAGACCCCACCCTATC-1_1",0,"Resting"
"GAGACCCCACTGTGTA-1_1",0,"Resting"
"GAGACCCCATGCCATA-1_1",0,"Resting"
"GAGACCCGTCTTGAGT-1_1",0,"Resting"
"GAGACTTCAGCACAGA-1_1",0,"Resting"
"GAGACTTCAGTCGCAC-1_1",0,"Resting"
"GAGACTTGTCTCAAGT-1_1",0,"Resting"
"GAGACTTGTGGCGTAA-1_1",0,"Resting"
"GAGAGGTAGACTCTAC-1_1",0,"Resting"
"GAGAGGTCAGTATGAA-1_1",0,"Resting"
"GAGAGGTGTGGCGTAA-1_1",0,"Resting"
"GAGAGGTTCAACTTTC-1_1",0,"Resting"
"GAGAGGTTCGCCTTTG-1_1",0,"Resting"
"GAGATGGCAGCGTTGC-1_1",0,"Resting"
"GAGATGGTCCGAGGCT-1_1",0,"Resting"
"GAGCCTGAGCGAGTAC-1_1",0,"Resting"
"GAGCCTGCAACACTAC-1_1",0,"Resting"
"GAGCCTGGTTACGCCG-1_1",0,"Resting"
"GAGCCTGTCTGGCCGA-1_1",0,"Resting"
"GAGCTGCAGGTACCTT-1_1",0,"Resting"
"GAGCTGCAGTAGTCTC-1_1",0,"Resting"
"GAGCTGCCAGATACCT-1_1",0,"Resting"
"GAGGCAAAGCAGGGAG-1_1",0,"Resting"
"GAGGCAAAGCGAACTG-1_1",0,"Resting"
"GAGGCAAAGGGTCTTT-1_1",0,"Resting"
"GAGGCAAAGGGTGGGA-1_1",0,"Resting"
"GAGGCAATCTTACACT-1_1",0,"Resting"
"GAGGCCTAGCTGTTCA-1_1",0,"Resting"
"GAGGCCTAGTACTGGG-1_1",0,"Resting"
"GAGGCCTAGTCAACAA-1_1",0,"Resting"
"GAGGCCTCATACTTTC-1_1",0,"Resting"
"GAGGCCTCATCGAGCC-1_1",0,"Resting"
"GAGGCCTTCAAGAATG-1_1",0,"Resting"
"GAGGCCTTCGTCTAAG-1_1",0,"Resting"
"GAGGGATCATTCTCTA-1_1",0,"Resting"
"GAGGGATGTGGCCTCA-1_1",0,"Resting"
"GAGGGATGTGGGTATG-1_1",0,"Resting"
"GAGGGATGTGTTCAGT-1_1",0,"Resting"
"GAGGGATGTTACCGTA-1_1",0,"Resting"
"GAGGGTACACGCACCA-1_1",0,"Resting"
"GAGGGTACAGCCTACG-1_1",0,"Treg"
"GAGGGTACAGCTGAAG-1_1",0,"Resting"
"GAGGGTACAGGCCTGT-1_1",0,"Resting"
"GAGGGTAGTGCTGTCG-1_1",0,"Resting"
"GAGTCATAGCTATCCA-1_1",0,"Resting"
"GAGTCATCATCGGTTA-1_1",0,"Resting"
"GAGTCATGTATGAAGT-1_1",0,"Resting"
"GAGTCATGTCATTGCA-1_1",0,"Resting"
"GAGTCATGTGCCCAGT-1_1",0,"Resting"
"GAGTCATGTTAAGCAA-1_1",0,"Resting"
"GAGTCTACAATAGAGT-1_1",0,"Resting"
"GAGTCTACATCTGGGC-1_1",0,"Resting"
"GAGTCTACATGTACGT-1_1",0,"Resting"
"GAGTCTAGTGTAAACA-1_1",0,"Resting"
"GAGTGAGAGCGCCTTG-1_1",0,"Resting"
"GAGTGAGCAGCACACC-1_1",0,"Resting"
"GAGTGAGCAGCCGTTG-1_1",0,"Resting"
"GAGTGAGGTGCATGAG-1_1",0,"Resting"
"GAGTGAGGTTAGTCGT-1_1",0,"Resting"
"GAGTGAGTCTTAGTTC-1_1",0,"Resting"
"GAGTGTTAGCCTCACG-1_1",0,"Resting"
"GAGTGTTCAAGCTACT-1_1",0,"Resting"
"GAGTGTTCAATGAACA-1_1",0,"Resting"
"GAGTGTTCATAGGAGC-1_1",0,"Resting"
"GAGTGTTCATGCGGTC-1_1",0,"Resting"
"GAGTGTTGTAGCCAGA-1_1",0,"Resting"
"GAGTGTTTCATTGAGC-1_1",0,"Resting"
"GAGTTACAGCATGCGA-1_1",0,"Resting"
"GAGTTACTCGAGAATA-1_1",0,"Resting"
"GAGTTACTCGCTCTAC-1_1",0,"Resting"
"GAGTTGTAGTACCGGA-1_1",0,"Resting"
"GAGTTGTGTTTAGAGA-1_1",0,"Resting"
"GAGTTGTTCAATGCAC-1_1",0,"Resting"
"GAGTTGTTCGGCTTGG-1_1",0,"Resting"
"GAGTTTGAGATGGCGT-1_1",0,"Resting"
"GAGTTTGAGATTAGTG-1_1",0,"Resting"
"GAGTTTGAGGTGTGAC-1_1",0,"Resting"
"GAGTTTGTCGTGCATA-1_1",0,"Resting"
"GATAGAAAGCAAGCCA-1_1",0,"Resting"
"GATAGAATCGATGCAT-1_1",0,"Resting"
"GATAGAATCTTCTGTA-1_1",0,"Resting"
"GATAGCTAGTAGTGCG-1_1",0,"Resting"
"GATAGCTCAAAGGGTC-1_1",0,"Resting"
"GATAGCTCAGCTATTG-1_1",0,"Resting"
"GATAGCTCATATAGCC-1_1",0,"Resting"
"GATAGCTGTACAGTTC-1_1",0,"Resting"
"GATAGCTGTTCTTGTT-1_1",0,"Resting"
"GATAGCTTCGCAGTCG-1_1",0,"Resting"
"GATCACAAGAGCAACC-1_1",0,"Resting"
"GATCACAGTCCACTCT-1_1",0,"Resting"
"GATCACAGTCTAGTGT-1_1",0,"Resting"
"GATCACAGTTGGCCTG-1_1",0,"Resting"
"GATCAGTAGGAAAGGT-1_1",0,"Resting"
"GATCAGTAGGGTAGCT-1_1",0,"Resting"
"GATCAGTCAAGTCCAT-1_1",0,"Resting"
"GATCATGAGGACAAGA-1_1",0,"Resting"
"GATCATGAGTTGGCGA-1_1",0,"Resting"
"GATCATGCATGCCGGT-1_1",0,"Resting"
"GATCATGCATTCATCT-1_1",0,"Resting"
"GATCATGGTCAGTCTA-1_1",0,"Resting"
"GATCATGGTGAGATTA-1_1",0,"Resting"
"GATCATGTCCCTTGGT-1_1",0,"Resting"
"GATCCCTAGCGTGAGT-1_1",0,"Resting"
"GATCCCTCACACCTTC-1_1",0,"Resting"
"GATCCCTGTGATATAG-1_1",0,"Resting"
"GATCCCTTCCGCTTAC-1_1",0,"Resting"
"GATCGTAAGACATCCT-1_1",0,"Resting"
"GATCGTAAGCGCCATC-1_1",0,"Resting"
"GATCGTACACGCTGTG-1_1",0,"Resting"
"GATCGTAGTGAGCTCC-1_1",0,"Resting"
"GATCGTATCCCTGGTT-1_1",0,"Resting"
"GATCGTATCTGCATAG-1_1",0,"Resting"
"GATGACTAGATGCAGC-1_1",0,"Resting"
"GATGACTAGGGTACAC-1_1",0,"Resting"
"GATGACTCAGTAGATA-1_1",0,"Resting"
"GATGACTGTACGAGCA-1_1",0,"Resting"
"GATGACTGTCATAGTC-1_1",0,"Resting"
"GATGAGGAGGTCCCTG-1_1",0,"Resting"
"GATGAGGAGTCTAGCT-1_1",0,"Resting"
"GATGAGGCAGGACATG-1_1",0,"Resting"
"GATGAGGTCCACCCTA-1_1",0,"Resting"
"GATGAGGTCCCGAACG-1_1",0,"Resting"
"GATGAGGTCCGCATAA-1_1",0,"Resting"
"GATGATCAGCGGGTTA-1_1",0,"Resting"
"GATGATCAGTAGACAT-1_1",0,"Resting"
"GATGATCAGTCGGCAA-1_1",0,"Resting"
"GATGATCCACAGAGAC-1_1",0,"Resting"
"GATGATCCAGGAACCA-1_1",0,"Resting"
"GATGATCCAGTTCACA-1_1",0,"Resting"
"GATGCTAAGAGCAGTC-1_1",0,"Resting"
"GATGCTAAGTATGGCG-1_1",0,"Resting"
"GATGCTAAGTTATGGA-1_1",0,"Resting"
"GATGCTACAGGTGACA-1_1",0,"Resting"
"GATGGAGAGTTCCGTA-1_1",0,"Resting"
"GATGGAGCATGGCCCA-1_1",0,"Resting"
"GATGGAGGTCAAGCCC-1_1",0,"Resting"
"GATGGAGTCAAACGAA-1_1",0,"Resting"
"GATGGAGTCGTAACTG-1_1",0,"Resting"
"GATGGAGTCTGTCGTC-1_1",0,"Resting"
"GATGTTGAGCTCGTGC-1_1",0,"Resting"
"GATGTTGGTAAGACCG-1_1",0,"Resting"
"GATGTTGTCATCCTGC-1_1",0,"Resting"
"GATTCGAAGCGTCTCG-1_1",0,"Resting"
"GATTCTTAGCAAATCA-1_1",0,"Resting"
"GATTCTTAGCGATGGT-1_1",0,"Resting"
"GATTCTTCATCCGAGC-1_1",0,"Resting"
"GATTCTTCATGACTGT-1_1",0,"Resting"
"GATTGGTTCCTCGATC-1_1",0,"Resting"
"GATTGGTTCGCCAGTG-1_1",0,"Resting"
"GATTTCTCACACGCCA-1_1",0,"Resting"
"GATTTCTGTTTCGTAG-1_1",0,"Resting"
"GATTTCTTCTTCGCTG-1_1",0,"Resting"
"GCAACATAGGCTCCCA-1_1",0,"Resting"
"GCAACATAGTTGAAGT-1_1",0,"Resting"
"GCAACATCATGATCTG-1_1",0,"Treg"
"GCAACATGTCAAATCC-1_1",0,"Resting"
"GCAACATGTGTCTCCT-1_1",0,"Resting"
"GCAACATTCCTGTTAT-1_1",0,"Resting"
"GCAACCGAGAAGCTCG-1_1",0,"Resting"
"GCAACCGCACCGTCGA-1_1",0,"Resting"
"GCAACCGCACTTCCTG-1_1",0,"Resting"
"GCAACCGCAGAAACCG-1_1",0,"Resting"
"GCAACCGGTGTTCCAA-1_1",0,"Resting"
"GCAACCGGTTGGGTTT-1_1",0,"Resting"
"GCAACCGTCACCTGGG-1_1",0,"Resting"
"GCAACCGTCCGGACGT-1_1",0,"Resting"
"GCACATAAGTCCCGAC-1_1",0,"Resting"
"GCACATAAGTGCCTCG-1_1",0,"Resting"
"GCACATACAAAGCGTG-1_1",0,"Resting"
"GCACATACAAGCGAAC-1_1",0,"Resting"
"GCACATACAATGGCAG-1_1",0,"Resting"
"GCACATACATGAATCC-1_1",0,"Resting"
"GCACATACATGGCACC-1_1",0,"Resting"
"GCACATAGTAAGCAAT-1_1",0,"Resting"
"GCACATAGTGAGATTA-1_1",0,"Resting"
"GCACATAGTGGGATTG-1_1",0,"Resting"
"GCACATATCTGAATCG-1_1",0,"Resting"
"GCACGGTGTCCAGCGT-1_1",0,"Resting"
"GCACGGTGTGCGAACA-1_1",0,"Resting"
"GCACGGTTCCAGCTCT-1_1",0,"Resting"
"GCACGGTTCTACTGCC-1_1",0,"Resting"
"GCACGTGAGCCGTTAT-1_1",0,"Resting"
"GCACGTGCAACCACGC-1_1",0,"Treg"
"GCACGTGCAGACCTAT-1_1",0,"Resting"
"GCACGTGGTACTAACC-1_1",0,"Resting"
"GCACGTGGTGGCCACT-1_1",0,"Resting"
"GCACTAAAGCCTGAGA-1_1",0,"Resting"
"GCACTAACACACGGTC-1_1",0,"Resting"
"GCACTAACAGCGCGTT-1_1",0,"Resting"
"GCACTAATCTAGTTCT-1_1",0,"Resting"
"GCACTAATCTCATTGT-1_1",0,"Resting"
"GCAGCCAAGCAATTAG-1_1",0,"Resting"
"GCAGCCAAGTGCACTT-1_1",0,"Resting"
"GCAGCCAGTAGACGGT-1_1",0,"Resting"
"GCAGCCATCACAATGC-1_1",0,"Resting"
"GCAGCCATCCCATGGG-1_1",0,"Resting"
"GCAGCCATCGGTGTAT-1_1",0,"Resting"
"GCAGCTGAGGGCGAAG-1_1",0,"Resting"
"GCAGCTGAGGGTTAAT-1_1",0,"Treg"
"GCAGCTGCACCTCGTT-1_1",0,"Resting"
"GCAGCTGCAGTCAACT-1_1",0,"Resting"
"GCAGCTGCATGTAACC-1_1",0,"Treg"
"GCAGCTGGTACGCTAT-1_1",0,"Resting"
"GCAGCTGGTGTGTCCG-1_1",0,"Resting"
"GCAGGCTAGAGATGCC-1_1",0,"Resting"
"GCAGGCTAGTCCGCCA-1_1",0,"Resting"
"GCAGGCTCAACACAAA-1_1",0,"Resting"
"GCAGGCTCATACTGTG-1_1",0,"Resting"
"GCAGTTAAGGCATTTC-1_1",0,"Resting"
"GCATCGGAGGGTTTCT-1_1",0,"Resting"
"GCATCGGGTGAATGTA-1_1",0,"Resting"
"GCATCGGGTGAATTGA-1_1",0,"Resting"
"GCATCGGTCGCGATCG-1_1",0,"Resting"
"GCATCGGTCTTCGTAT-1_1",0,"Resting"
"GCATCTCCATAACTCG-1_1",0,"Resting"
"GCATCTCGTAAGCAAT-1_1",0,"Resting"
"GCATCTCTCCCGTTGT-1_1",0,"Resting"
"GCATCTCTCGTGTCAA-1_1",0,"Resting"
"GCATGATAGCAGCACA-1_1",0,"Resting"
"GCATGATCAACCGCCA-1_1",0,"Resting"
"GCATGATCACGACGCT-1_1",0,"Resting"
"GCATGATCAGGGATAC-1_1",0,"Resting"
"GCATGATCATCAGCGC-1_1",0,"Resting"
"GCATGATGTGTGTCGC-1_1",0,"Resting"
"GCATGATTCCTCACGT-1_1",0,"Resting"
"GCATTAGCAACCGTAT-1_1",0,"Resting"
"GCATTAGGTGCATCTA-1_1",0,"Resting"
"GCATTAGTCCGGCAAC-1_1",0,"Resting"
"GCCAACGAGCCGATAG-1_1",0,"Intermediate"
"GCCAACGAGTCCGTCG-1_1",0,"Resting"
"GCCAACGGTTCCTACC-1_1",0,"Resting"
"GCCAACGGTTTCCAAG-1_1",0,"Resting"
"GCCAGCAAGAAACCAT-1_1",0,"Resting"
"GCCAGCAAGACGTCGA-1_1",0,"Resting"
"GCCAGCAAGCGAGAAA-1_1",0,"Resting"
"GCCAGCAAGTCTAGCT-1_1",0,"Resting"
"GCCAGCACAACCCTCT-1_1",0,"Resting"
"GCCAGCACATAGACTC-1_1",0,"Resting"
"GCCAGCAGTAACAAGT-1_1",0,"Resting"
"GCCAGCAGTACACGTT-1_1",0,"Resting"
"GCCAGCAGTCAAGGCA-1_1",0,"Resting"
"GCCAGCAGTCGTATTG-1_1",0,"Resting"
"GCCAGCATCCACGGGT-1_1",0,"Resting"
"GCCAGCATCTCAGGCG-1_1",0,"Resting"
"GCCAGCATCTTAGCCC-1_1",0,"Resting"
"GCCAGGTAGCGCTTCG-1_1",0,"Resting"
"GCCAGGTAGGGAGGTG-1_1",0,"Resting"
"GCCAGTGAGACTCTTG-1_1",0,"Resting"
"GCCAGTGAGATCCAAA-1_1",0,"Resting"
"GCCAGTGAGGAACTAT-1_1",0,"Resting"
"GCCAGTGGTCATCCCT-1_1",0,"Resting"
"GCCAGTGGTTTAGACC-1_1",0,"Resting"
"GCCAGTGTCCACAAGT-1_1",0,"Resting"
"GCCAGTGTCGACACCG-1_1",0,"Resting"
"GCCAGTGTCTGAATCG-1_1",0,"Resting"
"GCCATGGAGACGAGCT-1_1",0,"Resting"
"GCCATGGAGATTCGCT-1_1",0,"Resting"
"GCCATGGAGCCGAACA-1_1",0,"Resting"
"GCCATGGAGGTGCTAG-1_1",0,"Resting"
"GCCATGGCAAACGTGG-1_1",0,"Resting"
"GCCATGGGTACGAAAT-1_1",0,"Resting"
"GCCATGGGTTCCTAAG-1_1",0,"Resting"
"GCCATTCAGCACCCAC-1_1",0,"Resting"
"GCCATTCAGCGTGTTT-1_1",0,"Resting"
"GCCATTCCACATAGCT-1_1",0,"Resting"
"GCCATTCCACGACAGA-1_1",0,"Resting"
"GCCATTCCAGAGTCTT-1_1",0,"Resting"
"GCCATTCGTACACTCA-1_1",0,"Resting"
"GCCATTCGTGCCCTTT-1_1",0,"Resting"
"GCCATTCTCCGTCACT-1_1",0,"Resting"
"GCCATTCTCTGGCCAG-1_1",0,"Resting"
"GCCATTCTCTGTCCCA-1_1",0,"Resting"
"GCCCAGAAGAGCCGAT-1_1",0,"Resting"
"GCCCAGACACCGGTCA-1_1",0,"Resting"
"GCCCAGACACTTACAG-1_1",0,"Resting"
"GCCCAGACAGCAGTGA-1_1",0,"Resting"
"GCCCAGACATAGAAAC-1_1",0,"Resting"
"GCCCAGAGTAGAGGAA-1_1",0,"Resting"
"GCCCAGAGTAGGCAAC-1_1",0,"Resting"
"GCCCAGATCAAACCCA-1_1",0,"Resting"
"GCCCAGATCGGTATGT-1_1",0,"Resting"
"GCCCAGATCTTAAGGC-1_1",0,"Resting"
"GCCCGAAGTGAATAAC-1_1",0,"Resting"
"GCCCGAAGTTCCGTTC-1_1",0,"Resting"
"GCCCGAATCACATACG-1_1",0,"Resting"
"GCCCGAATCTGCGTCT-1_1",0,"Resting"
"GCCGATGAGAATCCCT-1_1",0,"Resting"
"GCCGATGAGACGCCCT-1_1",0,"Resting"
"GCCGATGAGGCACAAC-1_1",0,"Resting"
"GCCGATGCAGAATGTA-1_1",0,"Resting"
"GCCGTGAAGCATGGGT-1_1",0,"Resting"
"GCCGTGACACGTCGGT-1_1",0,"Resting"
"GCCGTGACAGAATCGG-1_1",0,"Resting"
"GCCTGTTAGACCATGG-1_1",0,"Resting"
"GCCTGTTAGTGTTGTC-1_1",0,"Resting"
"GCCTGTTTCAGCAGAG-1_1",0,"Resting"
"GCCTGTTTCCAAGAGG-1_1",0,"Resting"
"GCCTGTTTCGGTCAGC-1_1",0,"Resting"
"GCCTGTTTCTCGCAGG-1_1",0,"Treg"
"GCGAGAATCCGGTAGC-1_1",0,"Resting"
"GCGATCGAGGGCATGT-1_1",0,"Resting"
"GCGATCGCATCTTCGC-1_1",0,"Resting"
"GCGATCGTCCTGGGTG-1_1",0,"Resting"
"GCGGAAAAGTAGTCTC-1_1",0,"Resting"
"GCGGAAAGTATGTCCA-1_1",0,"Resting"
"GCGGAAAGTCGAGATG-1_1",0,"Resting"
"GCGGAAAGTCTAGATC-1_1",0,"Resting"
"GCGGATCCAACGCCCA-1_1",0,"Resting"
"GCGGATCGTAACTAAG-1_1",0,"Resting"
"GCGTGCAAGGCTCACC-1_1",0,"Resting"
"GCGTGCACACTAGTAC-1_1",0,"Resting"
"GCGTGCACAGAGACTG-1_1",0,"Resting"
"GCGTGCAGTTCAGCTA-1_1",0,"Resting"
"GCGTGCATCAGTCACA-1_1",0,"Resting"
"GCGTGCATCCGGTAAT-1_1",0,"Resting"
"GCGTTTCCACTTTATC-1_1",0,"Resting"
"GCGTTTCCATCACGGC-1_1",0,"Resting"
"GCGTTTCCATTGAAAG-1_1",0,"Resting"
"GCGTTTCGTCTTACAG-1_1",0,"Resting"
"GCGTTTCGTTGTCAGT-1_1",0,"Resting"
"GCTACAAAGACTGAGC-1_1",0,"Resting"
"GCTACAAAGCTAGTTC-1_1",0,"Resting"
"GCTACAAAGGCTTTCA-1_1",0,"Resting"
"GCTACAACACGAGGTA-1_1",0,"Resting"
"GCTACAACAGTTCCAA-1_1",0,"Resting"
"GCTACAAGTGACCTGC-1_1",0,"Resting"
"GCTACAATCGAACTCA-1_1",0,"Resting"
"GCTACCTAGACTCAAA-1_1",0,"Resting"
"GCTACCTAGCGTCGAA-1_1",0,"Resting"
"GCTACCTAGTACCGGA-1_1",0,"Resting"
"GCTACCTAGTCACTAC-1_1",0,"Resting"
"GCTACCTCAATACCTG-1_1",0,"Resting"
"GCTACCTGTCCGACGT-1_1",0,"Resting"
"GCTACCTGTGGAACAC-1_1",0,"Resting"
"GCTACCTTCCGTGGCA-1_1",0,"Resting"
"GCTCAAAAGTGTTGAA-1_1",0,"Resting"
"GCTCAAATCGAGAAGC-1_1",0,"Resting"
"GCTGAATCAGAGTTCT-1_1",0,"Resting"
"GCTGAATGTCCAAAGG-1_1",0,"Resting"
"GCTGAATTCCTCAGGG-1_1",0,"Resting"
"GCTGAATTCTTAGTTC-1_1",0,"Resting"
"GCTGAATTCTTCGATT-1_1",0,"Resting"
"GCTGCAGCAGCTTCCT-1_1",0,"Resting"
"GCTGCAGCATTACGGT-1_1",0,"Resting"
"GCTGCAGTCATCTGTT-1_1",0,"Treg"
"GCTGCAGTCCGCACGA-1_1",0,"Resting"
"GCTGGGTAGTCCGTCG-1_1",0,"Resting"
"GCTGGGTAGTGCTCAT-1_1",0,"Resting"
"GCTGGGTCACATATGC-1_1",0,"Resting"
"GCTGGGTCAGCTACTA-1_1",0,"Resting"
"GCTGGGTTCCAGCCTT-1_1",0,"Resting"
"GCTGGGTTCGTGGTAT-1_1",0,"Resting"
"GCTGGGTTCTTAGCCC-1_1",0,"Resting"
"GCTTCACAGATTAGTG-1_1",0,"Resting"
"GCTTCACCACGCGTGT-1_1",0,"Resting"
"GCTTCACGTAACCCGC-1_1",0,"Resting"
"GCTTCACGTAGAATAC-1_1",0,"Resting"
"GCTTCACGTTTGTTCT-1_1",0,"Resting"
"GCTTCACTCTGTGCTC-1_1",0,"Resting"
"GCTTGGGAGAGAATCT-1_1",0,"Resting"
"GCTTGGGCACAAGCAG-1_1",0,"Resting"
"GCTTGGGTCTCCGATC-1_1",0,"Resting"
"GCTTTCGAGGCTTTCA-1_1",0,"Resting"
"GCTTTCGAGGGCGAAG-1_1",0,"Resting"
"GCTTTCGTCATAGACC-1_1",0,"Resting"
"GCTTTCGTCTTCTCAA-1_1",0,"Resting"
"GGAACCCAGAGAGCCT-1_1",0,"Resting"
"GGAACCCCACATACTG-1_1",0,"Resting"
"GGAACCCGTGCCCACA-1_1",0,"Resting"
"GGAACCCTCAACCGAT-1_1",0,"Resting"
"GGAAGTGAGGGCAGGA-1_1",0,"Resting"
"GGAAGTGGTCTTTATC-1_1",0,"Resting"
"GGAAGTGGTGTTCCAA-1_1",0,"Resting"
"GGAATCTGTTTCCCAC-1_1",0,"Resting"
"GGAATCTTCTATCGGA-1_1",0,"Resting"
"GGAATGGCAACCCGCA-1_1",0,"Resting"
"GGAATGGCATCGGAGA-1_1",0,"Resting"
"GGAATGGCATTCCTAT-1_1",0,"Resting"
"GGAATGGGTGATCATC-1_1",0,"Resting"
"GGAATGGGTGCTTATG-1_1",0,"Resting"
"GGACGTCAGACACACG-1_1",0,"Resting"
"GGACGTCAGGCTGAAC-1_1",0,"Resting"
"GGACGTCGTACGGGAT-1_1",0,"Resting"
"GGACGTCTCCGCTTAC-1_1",0,"Resting"
"GGAGAACAGCTGACTT-1_1",0,"Resting"
"GGAGAACAGTACCGGA-1_1",0,"Resting"
"GGAGAACCACTACTTT-1_1",0,"Resting"
"GGAGAACGTATGATCC-1_1",0,"Resting"
"GGAGATGAGCACACCC-1_1",0,"Resting"
"GGAGATGAGCAGCCTC-1_1",0,"Resting"
"GGAGATGAGCATGATA-1_1",0,"Resting"
"GGAGATGAGCATTTGC-1_1",0,"Resting"
"GGAGATGCACTAGGCC-1_1",0,"Resting"
"GGAGATGCATCTCCCA-1_1",0,"Resting"
"GGAGATGCATTCCTCG-1_1",0,"Resting"
"GGAGATGGTAGTCGTT-1_1",0,"Resting"
"GGAGATGTCTGCTGAA-1_1",0,"Resting"
"GGAGCAAAGCAAGGAA-1_1",0,"Resting"
"GGAGCAAGTAATGATG-1_1",0,"Resting"
"GGAGCAATCTTGGAAC-1_1",0,"Resting"
"GGAGGATAGGACATCG-1_1",0,"Resting"
"GGAGGATGTAAGTAGT-1_1",0,"Resting"
"GGAGGATGTCATCGCG-1_1",0,"Resting"
"GGAGGATGTTGCCATA-1_1",0,"Resting"
"GGAGGATTCGTTCCTG-1_1",0,"Resting"
"GGAGGATTCTTCCGTG-1_1",0,"Resting"
"GGAGGTACATCCGGTG-1_1",0,"Resting"
"GGAGGTACATGTTCGA-1_1",0,"Resting"
"GGAGGTACATTGCTTT-1_1",0,"Resting"
"GGAGGTAGTCCTGGTG-1_1",0,"Resting"
"GGAGGTAGTTCGTAAC-1_1",0,"Resting"
"GGAGGTATCCACACCT-1_1",0,"Resting"
"GGAGGTATCGGCTATA-1_1",0,"Resting"
"GGATCTACAGCAGTGA-1_1",0,"Resting"
"GGATCTAGTCGATTTG-1_1",0,"Resting"
"GGATGTTCAAGAGTGC-1_1",0,"Resting"
"GGATGTTCACCCATAA-1_1",0,"Resting"
"GGATGTTGTACGGGAT-1_1",0,"Resting"
"GGATGTTTCTTTGCAT-1_1",0,"Resting"
"GGCACGTAGTCATGGG-1_1",0,"Resting"
"GGCACGTGTGAGTGAC-1_1",0,"Resting"
"GGCACGTGTGGATGAC-1_1",0,"Resting"
"GGCACGTGTTAAACCC-1_1",0,"Resting"
"GGCAGTCCACCCTATC-1_1",0,"Resting"
"GGCAGTCCATAGGTTC-1_1",0,"Resting"
"GGCAGTCGTGTGATGG-1_1",0,"Resting"
"GGCAGTCTCGAGAAAT-1_1",0,"Resting"
"GGCGTCAAGGTAAGAG-1_1",0,"Resting"
"GGCGTCACACTGGCGT-1_1",0,"Resting"
"GGCGTCAGTACCATAC-1_1",0,"Resting"
"GGCGTCAGTACGGTTT-1_1",0,"Resting"
"GGCGTCAGTCCAACGC-1_1",0,"Resting"
"GGCGTCAGTCCTATAG-1_1",0,"Resting"
"GGCGTCAGTCGTACTA-1_1",0,"Resting"
"GGCGTCAGTGACAGCA-1_1",0,"Resting"
"GGCGTCATCGAGCCAC-1_1",0,"Resting"
"GGCTGTGCAGGCATTT-1_1",0,"Resting"
"GGCTGTGGTAACAGTA-1_1",0,"Resting"
"GGCTGTGGTCGCTGCA-1_1",0,"Resting"
"GGCTGTGGTCGGTAAG-1_1",0,"Resting"
"GGCTGTGGTTGTTGAC-1_1",0,"Resting"
"GGCTTGGCATAGAGGC-1_1",0,"Resting"
"GGCTTGGCATCGTGGC-1_1",0,"Treg"
"GGCTTGGGTGGAGAAA-1_1",0,"Resting"
"GGCTTGGGTGGCCACT-1_1",0,"Resting"
"GGCTTGGGTTAGAAGT-1_1",0,"Resting"
"GGCTTGGGTTTGTTGG-1_1",0,"Resting"
"GGCTTTCAGTTGTAGA-1_1",0,"Resting"
"GGGAAGTAGTAAACTG-1_1",0,"Resting"
"GGGAAGTGTGAGATTA-1_1",0,"Resting"
"GGGAAGTTCATTCGGA-1_1",0,"Resting"
"GGGAAGTTCCCTTGTG-1_1",0,"Resting"
"GGGACAAAGGCACTCC-1_1",0,"Resting"
"GGGACAAAGTAAGGGA-1_1",0,"Treg"
"GGGACAAAGTTGGCGA-1_1",0,"Resting"
"GGGACAACACGCGCAT-1_1",0,"Resting"
"GGGACAACAGCGTTTA-1_1",0,"Resting"
"GGGACAACAGGTGAGT-1_1",0,"Resting"
"GGGACAAGTTCAGTAC-1_1",0,"Resting"
"GGGACAATCTTACTGT-1_1",0,"Resting"
"GGGACCTGTGATACTC-1_1",0,"Resting"
"GGGACCTGTTGTGTTG-1_1",0,"Resting"
"GGGACCTTCATTGTTC-1_1",0,"Resting"
"GGGACCTTCCGGCAAC-1_1",0,"Resting"
"GGGACTCCACTAGTAC-1_1",0,"Resting"
"GGGAGATAGATCACTC-1_1",0,"Resting"
"GGGAGATAGTATAACG-1_1",0,"Resting"
"GGGAGATCAAATTGGA-1_1",0,"Resting"
"GGGAGATCATGGATCT-1_1",0,"Resting"
"GGGAGATCATTGAGGG-1_1",0,"Resting"
"GGGAGATGTGCGGTAA-1_1",0,"Resting"
"GGGAGATGTTTGTGGT-1_1",0,"Resting"
"GGGAGATTCTGCCCTA-1_1",0,"Resting"
"GGGAGTAAGCTCACTA-1_1",0,"Resting"
"GGGAGTACACGCTTAA-1_1",0,"Resting"
"GGGAGTACATTGAAGA-1_1",0,"Resting"
"GGGAGTAGTGATTGGG-1_1",0,"Resting"
"GGGAGTATCCACGTAA-1_1",0,"Resting"
"GGGATCCAGCCTATTG-1_1",0,"Resting"
"GGGATCCAGTCTGTAC-1_1",0,"Resting"
"GGGATGAAGGTATTGA-1_1",0,"Resting"
"GGGATGACAGCTGTCG-1_1",0,"Resting"
"GGGATGAGTGTGTCGC-1_1",0,"Resting"
"GGGCCATAGGACTAAT-1_1",0,"Resting"
"GGGCCATAGTTTCTTC-1_1",0,"Resting"
"GGGCCATCACCCAACG-1_1",0,"Resting"
"GGGCCATCAGGTCAAG-1_1",0,"Resting"
"GGGCCATGTGAGTCAG-1_1",0,"Resting"
"GGGCGTTAGTTGCATC-1_1",0,"Resting"
"GGGCGTTCACTCGATA-1_1",0,"Resting"
"GGGCTACCAGACACCC-1_1",0,"Resting"
"GGGCTACCAGGAACCA-1_1",0,"Resting"
"GGGCTACGTTATTCTC-1_1",0,"Resting"
"GGGCTCAAGTCCCGAC-1_1",0,"Resting"
"GGGCTCAGTCACATTG-1_1",0,"Resting"
"GGGCTCATCGTCAACA-1_1",0,"Resting"
"GGGTAGAAGAATCCCT-1_1",0,"Resting"
"GGGTAGAAGACTAGAT-1_1",0,"Resting"
"GGGTAGAAGCCTCCAG-1_1",0,"Resting"
"GGGTAGAAGGCCTGCT-1_1",0,"Resting"
"GGGTAGATCCATGATG-1_1",0,"Resting"
"GGGTATTAGATCCCAT-1_1",0,"Resting"
"GGGTATTCACAGTATC-1_1",0,"Resting"
"GGGTATTGTTAGTTCG-1_1",0,"Resting"
"GGGTATTTCGCTATTT-1_1",0,"Resting"
"GGGTATTTCTACTATC-1_1",0,"Resting"
"GGGTCACAGAGGACTC-1_1",0,"Resting"
"GGGTCACAGCCATGCC-1_1",0,"Resting"
"GGGTCACCACGTACTA-1_1",0,"Resting"
"GGGTCACCAGCTATTG-1_1",0,"Resting"
"GGGTCACCATGAAGCG-1_1",0,"Resting"
"GGGTCACGTAGCGAGT-1_1",0,"Resting"
"GGGTCACTCGCCTATC-1_1",0,"Resting"
"GGGTCACTCTCAATCT-1_1",0,"Resting"
"GGGTCTGAGAGGATGA-1_1",0,"Resting"
"GGGTCTGAGTCGCGAA-1_1",0,"Resting"
"GGGTCTGGTAGAATAC-1_1",0,"Resting"
"GGGTCTGGTCCGAAAG-1_1",0,"Resting"
"GGGTCTGGTGAGTCAG-1_1",0,"Resting"
"GGGTGAATCAGCTAGT-1_1",0,"Resting"
"GGGTGTCAGGTGCATG-1_1",0,"Resting"
"GGGTGTCAGTACCGGA-1_1",0,"Resting"
"GGGTGTCAGTCTGCAT-1_1",0,"Resting"
"GGGTGTCTCCGCGAGT-1_1",0,"Resting"
"GGGTTATAGACTTCGT-1_1",0,"Resting"
"GGGTTATAGCACACAG-1_1",0,"Resting"
"GGGTTATAGGCCTTCG-1_1",0,"Treg"
"GGGTTATCATCGCTCT-1_1",0,"Resting"
"GGGTTATTCGACTCCT-1_1",0,"Resting"
"GGGTTATTCGGTGTTA-1_1",0,"Resting"
"GGGTTATTCTTGGCTC-1_1",0,"Resting"
"GGGTTTAGTTCGGGTC-1_1",0,"Resting"
"GGGTTTATCTCGCTTG-1_1",0,"Resting"
"GGTAACTCAACTGCCG-1_1",0,"Resting"
"GGTAACTCAGACGGAT-1_1",0,"Resting"
"GGTAACTTCCTGCCAT-1_1",0,"Resting"
"GGTAATCAGCGTCAAG-1_1",0,"Resting"
"GGTAATCAGGGAGTTC-1_1",0,"Resting"
"GGTAATCGTAAGGCTG-1_1",0,"Resting"
"GGTAATCGTCCCGGTA-1_1",0,"Resting"
"GGTAATCTCGGAAGGT-1_1",0,"Resting"
"GGTAATCTCTCCTGCA-1_1",0,"Resting"
"GGTAGAGAGTTGGAAT-1_1",0,"Resting"
"GGTAGAGCAGAAGCGT-1_1",0,"Resting"
"GGTAGAGCATCATGAC-1_1",0,"Resting"
"GGTAGAGGTGCGAGTA-1_1",0,"Resting"
"GGTAGAGGTTCGAACT-1_1",0,"Resting"
"GGTAGAGTCGGAACTT-1_1",0,"Resting"
"GGTCACGAGATGGCAC-1_1",0,"Resting"
"GGTCACGCAATCTGCA-1_1",0,"Resting"
"GGTCACGGTATGATCC-1_1",0,"Resting"
"GGTCACGTCAGCCTTC-1_1",0,"Resting"
"GGTCTGGAGCACTCTA-1_1",0,"Resting"
"GGTCTGGAGGACAGCT-1_1",0,"Resting"
"GGTCTGGGTAACGCGA-1_1",0,"Resting"
"GGTCTGGGTAGAGGAA-1_1",0,"Resting"
"GGTCTGGGTCACTGAT-1_1",0,"Resting"
"GGTGAAGAGAAGATCT-1_1",0,"Resting"
"GGTGAAGAGGTCACTT-1_1",0,"Resting"
"GGTGAAGCAGCTTCCT-1_1",0,"Resting"
"GGTGATTAGTGCTACT-1_1",0,"Resting"
"GGTGATTGTAGCGCCT-1_1",0,"Resting"
"GGTGATTGTGTAGTGG-1_1",0,"Resting"
"GGTGGCTCAATCGAAA-1_1",0,"Resting"
"GGTGTCGAGCAATTCC-1_1",0,"Resting"
"GGTGTCGAGGACGCTA-1_1",0,"Resting"
"GGTGTCGGTGTACATC-1_1",0,"Resting"
"GGTGTTAAGAGAGAAC-1_1",0,"Resting"
"GGTGTTAAGATGAAGG-1_1",0,"Resting"
"GGTGTTACATCATGAC-1_1",0,"Resting"
"GGTGTTACATGTCGTA-1_1",0,"Resting"
"GGTGTTATCGTAGTCA-1_1",0,"Resting"
"GGTGTTATCTATTTCG-1_1",0,"Resting"
"GGTTAACAGGCTTCCG-1_1",0,"Resting"
"GGTTAACCAAAGGAGA-1_1",0,"Resting"
"GGTTAACCAAATGGCG-1_1",0,"Resting"
"GGTTAACCAACCTAAC-1_1",0,"Resting"
"GGTTAACCAAGCCCAC-1_1",0,"Resting"
"GGTTAACGTACTAAGA-1_1",0,"Resting"
"GGTTAACGTGTTCGTA-1_1",0,"Resting"
"GGTTAACTCAGCTCTC-1_1",0,"Resting"
"GGTTAACTCCATTTAC-1_1",0,"Resting"
"GGTTCTCAGACGCTCC-1_1",0,"Resting"
"GGTTCTCCACTTACAG-1_1",0,"Resting"
"GGTTCTCGTCCAAAGG-1_1",0,"Resting"
"GGTTCTCTCGACGCGT-1_1",0,"Resting"
"GGTTGTAAGGCGCTCT-1_1",0,"Resting"
"GGTTGTACACAAATAG-1_1",0,"Resting"
"GGTTGTACAGAGGTAC-1_1",0,"Resting"
"GGTTGTACAGCAGAAC-1_1",0,"Resting"
"GTAACACAGACCAAGC-1_1",0,"Resting"
"GTAACACAGTGGCGAT-1_1",0,"Resting"
"GTAACACCAACACAAA-1_1",0,"Resting"
"GTAACACCACCGGAAA-1_1",0,"Resting"
"GTAACCAAGAATAGTC-1_1",0,"Resting"
"GTAACCAAGACCTCAT-1_1",0,"Resting"
"GTAACCAAGGCAGCTA-1_1",0,"Resting"
"GTAACCACACCAGTAT-1_1",0,"Resting"
"GTAACCACACCTAAAC-1_1",0,"Resting"
"GTAACCATCCGGCAGT-1_1",0,"Resting"
"GTAACCATCTCTATAC-1_1",0,"Resting"
"GTAAGTCAGACCCTTA-1_1",0,"Treg"
"GTAAGTCCAAACACGG-1_1",0,"Resting"
"GTAATCGCAAGCGAGT-1_1",0,"Resting"
"GTAATCGGTTTCACAG-1_1",0,"Resting"
"GTAATCGTCTCCTACG-1_1",0,"Resting"
"GTAATGCAGACTCATC-1_1",0,"Resting"
"GTAATGCCAAACACCT-1_1",0,"Resting"
"GTAATGCGTAATCAAG-1_1",0,"Resting"
"GTAATGCTCCGTTGGG-1_1",0,"Resting"
"GTACAACAGTCACGAG-1_1",0,"Resting"
"GTACAACCACTGATTG-1_1",0,"Resting"
"GTACAACGTATCTCTT-1_1",0,"Resting"
"GTACAACGTGGGTTGA-1_1",0,"Resting"
"GTACAACTCGCCGAAC-1_1",0,"Resting"
"GTACAGTAGCGACAGT-1_1",0,"Resting"
"GTACAGTAGCTTAAGA-1_1",0,"Resting"
"GTACAGTCATGGATCT-1_1",0,"Resting"
"GTACAGTGTACTGCGC-1_1",0,"Resting"
"GTACAGTTCTTTGCAT-1_1",0,"Resting"
"GTAGAAAAGTAAAGCT-1_1",0,"Resting"
"GTAGAAATCATGCTAG-1_1",0,"Resting"
"GTAGAGGAGCGTCAAG-1_1",0,"Resting"
"GTAGAGGCAGAGAAAG-1_1",0,"Resting"
"GTAGATCAGATGGGCT-1_1",0,"Resting"
"GTAGATCAGATTCGAA-1_1",0,"Resting"
"GTAGATCGTGGAGAAA-1_1",0,"Resting"
"GTAGATCTCTCTCTAA-1_1",0,"Resting"
"GTAGATCTCTGCTTTA-1_1",0,"Resting"
"GTAGCTAAGGTGCATG-1_1",0,"Resting"
"GTAGGAGAGATGTTAG-1_1",0,"Resting"
"GTAGGAGAGCTAGAGC-1_1",0,"Resting"
"GTAGGAGAGTTCCTGA-1_1",0,"Resting"
"GTAGGAGCAGTCTACA-1_1",0,"Resting"
"GTAGGAGGTACCACGC-1_1",0,"Resting"
"GTAGGAGGTAGTGCGA-1_1",0,"Resting"
"GTAGGAGGTCCACTTC-1_1",0,"Resting"
"GTAGGAGGTGTTCATG-1_1",0,"Resting"
"GTAGGAGGTTACGTAC-1_1",0,"Resting"
"GTAGGAGTCAAGCCCG-1_1",0,"Resting"
"GTAGGTTAGGGATCTG-1_1",0,"Resting"
"GTAGGTTCACTTCCTG-1_1",0,"Resting"
"GTAGGTTGTCTAACTG-1_1",0,"Resting"
"GTAGGTTGTCTTGGTA-1_1",0,"Treg"
"GTAGTACAGGTGCCTC-1_1",0,"Resting"
"GTAGTACCATGGCCCA-1_1",0,"Resting"
"GTAGTACTCCTAACAG-1_1",0,"Resting"
"GTAGTACTCGGTTAGT-1_1",0,"Resting"
"GTATTGGGTTCGTGCG-1_1",0,"Resting"
"GTATTGGTCCTCAGGG-1_1",0,"Resting"
"GTATTGGTCGCAGATT-1_1",0,"Resting"
"GTATTTCCACACAGAG-1_1",0,"Resting"
"GTATTTCCACAGTCAT-1_1",0,"Resting"
"GTATTTCCACCACATA-1_1",0,"Resting"
"GTATTTCTCGAAGTGG-1_1",0,"Resting"
"GTCAAACAGAAGCTGC-1_1",0,"Resting"
"GTCAAACAGCAATTAG-1_1",0,"Resting"
"GTCAAACAGCTGAGCA-1_1",0,"Resting"
"GTCAAACAGTTCTCTT-1_1",0,"Resting"
"GTCAAACCAGACCCGT-1_1",0,"Resting"
"GTCAAGTAGACCATGG-1_1",0,"Resting"
"GTCAAGTAGAGTCTGG-1_1",0,"Resting"
"GTCAAGTAGCTGAGTG-1_1",0,"Resting"
"GTCAAGTCACTAAACC-1_1",0,"Resting"
"GTCAAGTCATACAGCT-1_1",0,"Resting"
"GTCAAGTGTCCCGGTA-1_1",0,"Resting"
"GTCAAGTTCACGGACC-1_1",0,"Resting"
"GTCACGGCAAAGGATT-1_1",0,"Resting"
"GTCACGGCACCTGAAT-1_1",0,"Resting"
"GTCACGGCATGGAAGC-1_1",0,"Resting"
"GTCACGGGTCGGTACC-1_1",0,"Resting"
"GTCACGGGTCTTACAG-1_1",0,"Resting"
"GTCACGGGTTACACTG-1_1",0,"Resting"
"GTCACTCAGCGACCCT-1_1",0,"Resting"
"GTCACTCCAGGAATAT-1_1",0,"Resting"
"GTCACTCGTCTTTATC-1_1",0,"Resting"
"GTCACTCGTGACCGTC-1_1",0,"Resting"
"GTCACTCTCTCAGGCG-1_1",0,"Resting"
"GTCAGCGAGAACAGGA-1_1",0,"Resting"
"GTCAGCGCATAACAGA-1_1",0,"Resting"
"GTCAGCGGTACTCGCG-1_1",0,"Resting"
"GTCAGCGTCTATTTCG-1_1",0,"Resting"
"GTCAGCGTCTCGAACA-1_1",0,"Resting"
"GTCATCCAGACATATG-1_1",0,"Resting"
"GTCATCCCAGGGATAC-1_1",0,"Resting"
"GTCATCCGTGACTAAA-1_1",0,"Resting"
"GTCATCCTCTCTCGCA-1_1",0,"Resting"
"GTCATGAAGTGCCTCG-1_1",0,"Resting"
"GTCATGAGTACATACC-1_1",0,"Resting"
"GTCATGATCAACCTTT-1_1",0,"Resting"
"GTCATGATCAGTCTTT-1_1",0,"Resting"
"GTCATTTCACAACGCC-1_1",0,"Resting"
"GTCATTTGTGCTGATT-1_1",0,"Resting"
"GTCCACTAGCTAAACA-1_1",0,"Resting"
"GTCCACTAGCTAATCC-1_1",0,"Resting"
"GTCCACTCACCCGTAG-1_1",0,"Resting"
"GTCCACTGTGCCCACA-1_1",0,"Resting"
"GTCCCATAGACTCCGC-1_1",0,"Resting"
"GTCCCATCACTCTAGA-1_1",0,"Resting"
"GTCCCATGTGAGCGAT-1_1",0,"Resting"
"GTCCCATGTTCTGACA-1_1",0,"Resting"
"GTCCCATTCGGCATTA-1_1",0,"Resting"
"GTCCTCAAGCACCGTC-1_1",0,"Resting"
"GTCCTCAAGCATGGGT-1_1",0,"Resting"
"GTCCTCACAATAGTGA-1_1",0,"Resting"
"GTCCTCAGTATACAGA-1_1",0,"Resting"
"GTCCTCAGTCTACTGA-1_1",0,"Resting"
"GTCCTCAGTTGCCAAT-1_1",0,"Resting"
"GTCGAATAGAACGCGT-1_1",0,"Resting"
"GTCGAATGTGGATCAG-1_1",0,"Resting"
"GTCGAATTCGAGCCTG-1_1",0,"Resting"
"GTCGAATTCTGCGGAC-1_1",0,"Resting"
"GTCGCGACAACCTATG-1_1",0,"Resting"
"GTCGCGAGTCACAATC-1_1",0,"Resting"
"GTCGCGATCCCGTAAA-1_1",0,"Resting"
"GTCGTAAAGTTCCAGT-1_1",0,"Resting"
"GTCGTAAAGTTGCTCA-1_1",0,"Resting"
"GTCGTAACAAATGCGG-1_1",0,"Resting"
"GTCGTAAGTACCTATG-1_1",0,"Resting"
"GTCGTAAGTCATCGGC-1_1",0,"Resting"
"GTCGTTCAGGGCAATC-1_1",0,"Resting"
"GTCGTTCAGGGTGGGA-1_1",0,"Resting"
"GTCGTTCCAAGCCCAC-1_1",0,"Resting"
"GTCGTTCCATTGGCAT-1_1",0,"Resting"
"GTCGTTCGTCAAGCCC-1_1",0,"Treg"
"GTCGTTCTCGGCTTGG-1_1",0,"Resting"
"GTCGTTCTCGTACCTC-1_1",0,"Resting"
"GTCGTTCTCTCGCCTA-1_1",0,"Resting"
"GTCTACCAGTATGACA-1_1",0,"Resting"
"GTCTACCAGTCCTGCG-1_1",0,"Resting"
"GTCTACCCAAGCCCAC-1_1",0,"Resting"
"GTCTACCTCAAAGGTA-1_1",0,"Resting"
"GTCTAGAAGATCCTAC-1_1",0,"Resting"
"GTCTAGAAGGATTTGA-1_1",0,"Resting"
"GTCTAGACAAAGCAAT-1_1",0,"Resting"
"GTCTAGACAATTCTCT-1_1",0,"Resting"
"GTCTAGACACACCTTC-1_1",0,"Resting"
"GTCTAGACATCGGAGA-1_1",0,"Resting"
"GTCTAGAGTAAGGAGA-1_1",0,"Resting"
"GTCTAGAGTCCCGGTA-1_1",0,"Resting"
"GTCTAGATCGATACTG-1_1",0,"Resting"
"GTCTCACAGATGCTGG-1_1",0,"Resting"
"GTCTCACAGTTGGCGA-1_1",0,"Treg"
"GTCTCACGTACGACAG-1_1",0,"Resting"
"GTCTCACTCTAAGGAA-1_1",0,"Resting"
"GTCTGTCAGCTCTGTA-1_1",0,"Resting"
"GTCTGTCAGTATCCTG-1_1",0,"Resting"
"GTCTGTCCATCCGGCA-1_1",0,"Resting"
"GTCTGTCGTAACACCT-1_1",0,"Resting"
"GTCTGTCTCCGATAGT-1_1",0,"Resting"
"GTCTGTCTCGGCATTA-1_1",0,"Resting"
"GTCTTTAAGAAAGTCT-1_1",0,"Resting"
"GTCTTTAAGCCGAACA-1_1",0,"Resting"
"GTCTTTAAGTAGCATA-1_1",0,"Resting"
"GTCTTTACAACAAGAT-1_1",0,"Resting"
"GTCTTTACACATTCGA-1_1",0,"Resting"
"GTCTTTACATGAGATA-1_1",0,"Resting"
"GTCTTTACATGGTACT-1_1",0,"Resting"
"GTCTTTATCCACCTGT-1_1",0,"Resting"
"GTCTTTATCCTCGCAT-1_1",0,"Resting"
"GTCTTTATCGGACAAG-1_1",0,"Resting"
"GTGACGCAGCTCGCAC-1_1",0,"Resting"
"GTGAGCCAGATGGTAT-1_1",0,"Resting"
"GTGAGGAAGTACCGGA-1_1",0,"Resting"
"GTGAGGACAAGCTACT-1_1",0,"Resting"
"GTGAGTTAGCCTCTTC-1_1",0,"Resting"
"GTGAGTTAGGTGGCTA-1_1",0,"Resting"
"GTGAGTTAGTGAGGCT-1_1",0,"Resting"
"GTGAGTTGTAACGTTC-1_1",0,"Resting"
"GTGAGTTTCCGATGCG-1_1",0,"Resting"
"GTGATGTAGATTGAGT-1_1",0,"Resting"
"GTGATGTAGGCAATGC-1_1",0,"Resting"
"GTGATGTCACCAGCTG-1_1",0,"Resting"
"GTGATGTGTGAATATG-1_1",0,"Resting"
"GTGATGTGTGGCAGAT-1_1",0,"Resting"
"GTGATGTGTTAAGACA-1_1",0,"Resting"
"GTGCACGCACAGTCCG-1_1",0,"Resting"
"GTGCACGGTGCTCCGA-1_1",0,"Resting"
"GTGCAGCAGGAACGAA-1_1",0,"Resting"
"GTGCAGCAGTCATGAA-1_1",0,"Resting"
"GTGCAGCCACTCCTTG-1_1",0,"Resting"
"GTGCAGCGTACGGATG-1_1",0,"Resting"
"GTGCGTGCAACAGTGG-1_1",0,"Resting"
"GTGCGTGCAAGTCCCG-1_1",0,"Resting"
"GTGCGTGCACCAAAGG-1_1",0,"Resting"
"GTGCGTGGTCGCACGT-1_1",0,"Resting"
"GTGCGTGTCCACAAGT-1_1",0,"Resting"
"GTGCTGGCAGGAATAT-1_1",0,"Resting"
"GTGCTGGGTCCACTTC-1_1",0,"Resting"
"GTGCTGGGTGTTGACT-1_1",0,"Resting"
"GTGCTGGTCCCTCTAG-1_1",0,"Resting"
"GTGCTGGTCGCTAATG-1_1",0,"Resting"
"GTGCTGGTCTCTCGCA-1_1",0,"Resting"
"GTGCTTCAGTTAGAAC-1_1",0,"Resting"
"GTGCTTCGTCTTCTAT-1_1",0,"Resting"
"GTGCTTCGTTAGGCTT-1_1",0,"Resting"
"GTGCTTCTCAGACAAA-1_1",0,"Resting"
"GTGCTTCTCGTAACCA-1_1",0,"Resting"
"GTGGAAGAGGCACGAT-1_1",0,"Resting"
"GTGGAAGCATACATCG-1_1",0,"Resting"
"GTGGAAGGTCCCGGTA-1_1",0,"Resting"
"GTGGAGACAGGGTTGA-1_1",0,"Resting"
"GTGGAGAGTTCATCGA-1_1",0,"Resting"
"GTGGCGTAGATGAATC-1_1",0,"Resting"
"GTGGCGTAGCTGCCTG-1_1",0,"Resting"
"GTGGCGTCATCATTGG-1_1",0,"Resting"
"GTGGCGTGTAACTTCG-1_1",0,"Resting"
"GTGGCGTGTATAGGAT-1_1",0,"Resting"
"GTGGCGTTCGATAACC-1_1",0,"Resting"
"GTGGCGTTCTAAACGC-1_1",0,"Resting"
"GTGGGAAAGTGAGTGC-1_1",0,"Resting"
"GTGGTTAAGATTCGAA-1_1",0,"Resting"
"GTGGTTAAGTAAGAGG-1_1",0,"Resting"
"GTGGTTACAGTTAAAG-1_1",0,"Resting"
"GTGGTTATCTCCCAAC-1_1",0,"Resting"
"GTGTAACAGAAATCCA-1_1",0,"Resting"
"GTGTAACAGCGCTGCT-1_1",0,"Resting"
"GTGTAACCACAGTGAG-1_1",0,"Resting"
"GTGTAACCATCGTCCT-1_1",0,"Resting"
"GTGTAACGTGTCTAAC-1_1",0,"Resting"
"GTGTAACGTTCTCGTC-1_1",0,"Resting"
"GTGTCCTAGCTCCGAC-1_1",0,"Resting"
"GTGTCCTAGGAGAGGC-1_1",0,"Resting"
"GTGTCCTAGGTCTGGA-1_1",0,"Resting"
"GTGTCCTAGTGCAGCA-1_1",0,"Resting"
"GTGTCCTCAACTACGT-1_1",0,"Resting"
"GTGTCCTGTACCCGCA-1_1",0,"Resting"
"GTGTGATAGTGTTCCA-1_1",0,"Resting"
"GTGTGATTCCTCAGAA-1_1",0,"Resting"
"GTGTGGCCAGCACACC-1_1",0,"Resting"
"GTGTTAGAGCATTTGC-1_1",0,"Resting"
"GTGTTAGCAGAGTGTG-1_1",0,"Resting"
"GTGTTAGGTGCCCTTT-1_1",0,"Resting"
"GTGTTAGGTTGGGATG-1_1",0,"Resting"
"GTGTTAGTCTCATTGT-1_1",0,"Resting"
"GTGTTCCAGATTCGAA-1_1",0,"Resting"
"GTGTTCCAGTCTGCAT-1_1",0,"Resting"
"GTGTTCCGTGAGTGAC-1_1",0,"Resting"
"GTTACAGAGATAACAC-1_1",0,"Resting"
"GTTACAGAGTACGAGC-1_1",0,"Resting"
"GTTACAGCAGTCCGTG-1_1",0,"Resting"
"GTTACAGGTCAGTCCG-1_1",0,"Resting"
"GTTACAGGTCGTCAGC-1_1",0,"Resting"
"GTTACAGTCGTGCAGC-1_1",0,"Resting"
"GTTACCCAGGCTTCCG-1_1",0,"Resting"
"GTTACCCAGGGCCCTT-1_1",0,"Resting"
"GTTACCCAGTCTGGAG-1_1",0,"Resting"
"GTTACCCGTAAGTTAG-1_1",0,"Resting"
"GTTACCCTCCGTATGA-1_1",0,"Resting"
"GTTACCCTCTTAGCCC-1_1",0,"Resting"
"GTTACGAAGCTTGTTG-1_1",0,"Resting"
"GTTACGACAAGGTCAG-1_1",0,"Resting"
"GTTACGACAAGTCGTT-1_1",0,"Resting"
"GTTACGAGTAGCGCCT-1_1",0,"Resting"
"GTTACGATCCGTTGAA-1_1",0,"Resting"
"GTTACGATCTGAGTCA-1_1",0,"Resting"
"GTTAGACAGATAGCAT-1_1",0,"Resting"
"GTTAGACAGCTAAATG-1_1",0,"Resting"
"GTTAGTGAGAAGTGTT-1_1",0,"Resting"
"GTTAGTGAGCACGGAT-1_1",0,"Resting"
"GTTAGTGAGGGACCAT-1_1",0,"Resting"
"GTTAGTGAGGTCACTT-1_1",0,"Resting"
"GTTAGTGGTCACTGAT-1_1",0,"Resting"
"GTTAGTGGTCGTGTTA-1_1",0,"Resting"
"GTTAGTGGTGGTTTAC-1_1",0,"Resting"
"GTTAGTGTCAATCTTC-1_1",0,"Resting"
"GTTATGGCAGCTGAAG-1_1",0,"Resting"
"GTTATGGTCAAGCCGC-1_1",0,"Resting"
"GTTATGGTCGACCATA-1_1",0,"Resting"
"GTTCATTCACACCTTC-1_1",0,"Resting"
"GTTCATTGTAACGGTG-1_1",0,"Resting"
"GTTCCGTAGATAGTCA-1_1",0,"Resting"
"GTTCCGTCAAACCATC-1_1",0,"Resting"
"GTTCCGTGTCCCGCAA-1_1",0,"Resting"
"GTTCCGTGTGCTCCGA-1_1",0,"Resting"
"GTTCCGTGTGTGTCCG-1_1",0,"Resting"
"GTTCCGTTCATCACAG-1_1",0,"Resting"
"GTTCCGTTCTGTCTCG-1_1",0,"Resting"
"GTTCCGTTCTTCCGTG-1_1",0,"Resting"
"GTTCGCTAGGTTCCAT-1_1",0,"Resting"
"GTTCGCTGTAGACACG-1_1",0,"Resting"
"GTTCGCTGTCCTGGGT-1_1",0,"Resting"
"GTTCGCTGTGGTTCTA-1_1",0,"Resting"
"GTTCGCTTCATCGACA-1_1",0,"Resting"
"GTTCGCTTCATTTCGT-1_1",0,"Resting"
"GTTCGCTTCCATCAGA-1_1",0,"Resting"
"GTTCTATAGACTCCGC-1_1",0,"Resting"
"GTTCTATCATCTGGGC-1_1",0,"Resting"
"GTTCTATCATGGCGCT-1_1",0,"Resting"
"GTTCTATGTCGTATGT-1_1",0,"Resting"
"GTTCTATTCCATCTGC-1_1",0,"Resting"
"GTTGAACAGCGCCTCA-1_1",0,"Resting"
"GTTGAACGTGAAGCGT-1_1",0,"Resting"
"GTTGAACGTTAGCGGA-1_1",0,"Resting"
"GTTGCGGAGAGGCTGT-1_1",0,"Resting"
"GTTGCGGCATCCGTGG-1_1",0,"Resting"
"GTTGCGGGTACGACTT-1_1",0,"Resting"
"GTTGCGGGTAGACACG-1_1",0,"Resting"
"GTTGCGGGTTACGGAG-1_1",0,"Resting"
"GTTGCTCGTCTAGGCC-1_1",0,"Resting"
"GTTGTAGCATCACCAA-1_1",0,"Resting"
"GTTGTAGGTGGCCTCA-1_1",0,"Resting"
"GTTGTCCCACCATAAC-1_1",0,"Resting"
"GTTGTCCCACTCCGGA-1_1",0,"Resting"
"GTTGTCCGTATTCTCT-1_1",0,"Resting"
"GTTGTCCGTTTGTGGT-1_1",0,"Resting"
"GTTGTGAAGCAAACAT-1_1",0,"Resting"
"GTTGTGAAGGTAGCAC-1_1",0,"Resting"
"GTTGTGAAGGTCCTGC-1_1",0,"Resting"
"GTTGTGAGTAACAGTA-1_1",0,"Resting"
"GTTGTGAGTGCTGCAC-1_1",0,"Resting"
"GTTTACTAGCTCTTCC-1_1",0,"Resting"
"GTTTACTCAAAGCACG-1_1",0,"Resting"
"GTTTACTCACCCAATA-1_1",0,"Resting"
"GTTTACTGTACAGTTC-1_1",0,"Resting"
"GTTTGGAAGAAATCCA-1_1",0,"Resting"
"GTTTGGAAGAGTTGCG-1_1",0,"Resting"
"GTTTGGAAGGCTAACG-1_1",0,"Resting"
"GTTTGGAAGTATGTAG-1_1",0,"Resting"
"GTTTGGACAGCAGGAT-1_1",0,"Resting"
"GTTTGGACATTCTCTA-1_1",0,"Resting"
"GTTTGGAGTTCCACGG-1_1",0,"Resting"
"GTTTGGATCGACATCA-1_1",0,"Resting"
"TAACACGAGATTGTGA-1_1",0,"Resting"
"TAACACGAGCCATGCC-1_1",0,"Resting"
"TAACACGCAGATACCT-1_1",0,"Resting"
"TAACACGGTATTCCTT-1_1",0,"Resting"
"TAACCAGCACACCGAC-1_1",0,"Resting"
"TAACCAGGTGAATAAC-1_1",0,"Resting"
"TAACCAGGTGTTTACG-1_1",0,"Resting"
"TAACCAGTCTCTAAGG-1_1",0,"Resting"
"TAACGACCAACCGATT-1_1",0,"Resting"
"TAACGACCAGAAATCA-1_1",0,"Resting"
"TAACGACCATAGGTAA-1_1",0,"Resting"
"TAACGACTCCGGACGT-1_1",0,"Resting"
"TAACTTCAGCCGCACT-1_1",0,"Resting"
"TAACTTCCACTAGGTT-1_1",0,"Resting"
"TAACTTCGTATGTCAC-1_1",0,"Resting"
"TAACTTCGTTATCTGG-1_1",0,"Resting"
"TAACTTCTCCGGTTCT-1_1",0,"Resting"
"TAACTTCTCTAGTTCT-1_1",0,"Resting"
"TAAGCACCAAACTCTG-1_1",0,"Resting"
"TAAGCACCAATGCAGG-1_1",0,"Resting"
"TAAGCACCAGCAATTC-1_1",0,"Resting"
"TAAGCACGTGGTAATA-1_1",0,"Resting"
"TAAGCACGTTAGCTAC-1_1",0,"Resting"
"TAAGCACTCCTACTGC-1_1",0,"Resting"
"TAAGCCAAGGATTCAA-1_1",0,"Resting"
"TAAGCCAAGTGAGTGC-1_1",0,"Resting"
"TAAGCCAAGTGGCGAT-1_1",0,"Resting"
"TAAGCCAGTCTTCATT-1_1",0,"Resting"
"TAAGCGTAGACGGAAA-1_1",0,"Resting"
"TAAGCGTCATGTACGT-1_1",0,"Resting"
"TAAGCGTGTCAAATCC-1_1",0,"Resting"
"TAAGTCGCAAGTGACG-1_1",0,"Resting"
"TAAGTCGCATAATCGC-1_1",0,"Resting"
"TAAGTCGGTTCTATCT-1_1",0,"Resting"
"TAAGTCGGTTTAGAGA-1_1",0,"Resting"
"TAAGTCGTCATGCCAA-1_1",0,"Resting"
"TAAGTCGTCCTCTTTC-1_1",0,"Resting"
"TAAGTCGTCGAGCCTG-1_1",0,"Resting"
"TAATCTCCACAGGATG-1_1",0,"Resting"
"TAATCTCCAGGATTCT-1_1",0,"Resting"
"TAATCTCCAGGCTTGC-1_1",0,"Resting"
"TAATCTCGTGCATGAG-1_1",0,"Resting"
"TAATCTCGTTCAAGGG-1_1",0,"Resting"
"TAATTCCAGTTGCGCC-1_1",0,"Resting"
"TAATTCCCAAAGCTCT-1_1",0,"Resting"
"TAATTCCCAATCGAAA-1_1",0,"Resting"
"TAATTCCCAATGAACA-1_1",0,"Resting"
"TAATTCCCATATGGCT-1_1",0,"Resting"
"TAATTCCGTACCGGCT-1_1",0,"Resting"
"TAATTCCGTGAATATG-1_1",0,"Resting"
"TAATTCCTCCGAACGC-1_1",0,"Resting"
"TACAACGAGGAGTATT-1_1",0,"Resting"
"TACAACGAGTCGCGAA-1_1",0,"Resting"
"TACAACGCAAATACGA-1_1",0,"Resting"
"TACAACGCACGCTGCA-1_1",0,"Resting"
"TACAACGCATGACAAA-1_1",0,"Resting"
"TACACCCAGCAATAGT-1_1",0,"Resting"
"TACACCCAGTATGAGT-1_1",0,"Resting"
"TACACCCAGTTACGAA-1_1",0,"Resting"
"TACACCCCACATTCTT-1_1",0,"Resting"
"TACACCCGTCCCGTGA-1_1",0,"Resting"
"TACACCCGTCTCGGGT-1_1",0,"Resting"
"TACACCCGTGCCGTTG-1_1",0,"Resting"
"TACACCCTCAATCCGA-1_1",0,"Resting"
"TACAGGTAGCTAGATA-1_1",0,"Resting"
"TACAGGTAGTTAGTGA-1_1",0,"Resting"
"TACAGGTGTAATCAAG-1_1",0,"Resting"
"TACAGGTGTACAATAG-1_1",0,"Resting"
"TACAGGTTCAGCTTCC-1_1",0,"Resting"
"TACAGGTTCCTACAAG-1_1",0,"Resting"
"TACATTCAGTCCCGGT-1_1",0,"Resting"
"TACATTCCAACACAAA-1_1",0,"Resting"
"TACATTCCAAGCCCAC-1_1",0,"Resting"
"TACATTCGTGTAAATG-1_1",0,"Resting"
"TACATTCGTTCTCTAT-1_1",0,"Resting"
"TACATTCTCGTCAAAC-1_1",0,"Resting"
"TACCCACAGGCATTTC-1_1",0,"Resting"
"TACCCACCACACCTTC-1_1",0,"Resting"
"TACCCACCAGACCCGT-1_1",0,"Resting"
"TACCCACCATGGGTTT-1_1",0,"Resting"
"TACCCACGTCCTCCAT-1_1",0,"Resting"
"TACCCACTCGATTGGT-1_1",0,"Resting"
"TACCCACTCGGACTGC-1_1",0,"Resting"
"TACCCACTCGGCTATA-1_1",0,"Resting"
"TACCCACTCTCGAGTA-1_1",0,"Resting"
"TACCCGTAGACCATAA-1_1",0,"Resting"
"TACCCGTCAGAACGCA-1_1",0,"Treg"
"TACCCGTCAGGACTAG-1_1",0,"Resting"
"TACCGAAAGGAAGAAC-1_1",0,"Resting"
"TACCGAAAGGGCTAAC-1_1",0,"Resting"
"TACCGAACAGAGCTAG-1_1",0,"Resting"
"TACCGAAGTGACACGA-1_1",0,"Resting"
"TACCGAAGTGCCGGTT-1_1",0,"Resting"
"TACCGAATCTGGTTGA-1_1",0,"Resting"
"TACCGGGAGAGCAGAA-1_1",0,"Resting"
"TACCGGGAGCCTTTGA-1_1",0,"Resting"
"TACCGGGTCATAGAGA-1_1",0,"Resting"
"TACCTCGAGTAAACTG-1_1",0,"Resting"
"TACCTCGCAGCTGGTC-1_1",0,"Resting"
"TACCTGCAGGAATGTT-1_1",0,"Resting"
"TACCTGCCATGACCCG-1_1",0,"Resting"
"TACCTGCGTTGTGTAC-1_1",0,"Resting"
"TACCTGCTCGCAATTG-1_1",0,"Resting"
"TACCTGCTCTAAACGC-1_1",0,"Resting"
"TACGCTCGTGACAACG-1_1",0,"Resting"
"TACGCTCGTTGTGTAC-1_1",0,"Resting"
"TACGGGCAGCTCCGAC-1_1",0,"Resting"
"TACGGGCAGGTATTGA-1_1",0,"Resting"
"TACGGGCCACGACAGA-1_1",0,"Resting"
"TACGGGCCAGAGGACT-1_1",0,"Resting"
"TACGGGCGTCTAATCG-1_1",0,"Resting"
"TACGGTACAGAGGGTT-1_1",0,"Resting"
"TACGGTATCTTAGTTC-1_1",0,"Resting"
"TACGTCCAGTACAGCG-1_1",0,"Resting"
"TACGTCCCAATAGGGC-1_1",0,"Resting"
"TACGTCCGTAATGCGG-1_1",0,"Resting"
"TACGTCCTCGGTTAGT-1_1",0,"Resting"
"TACGTCCTCGTTAGTG-1_1",0,"Resting"
"TACTGCCAGAGATTCA-1_1",0,"Resting"
"TACTGCCAGCAGATAT-1_1",0,"Resting"
"TACTGCCAGGATCATA-1_1",0,"Resting"
"TACTGCCCACATGACT-1_1",0,"Resting"
"TACTGCCGTTGTGGCC-1_1",0,"Resting"
"TACTGCCTCACGATAC-1_1",0,"Resting"
"TACTGCCTCGAATGCT-1_1",0,"Resting"
"TACTTACAGAAACTCA-1_1",0,"Resting"
"TACTTACAGTGATGGC-1_1",0,"Resting"
"TACTTACCAATCGAAA-1_1",0,"Resting"
"TACTTACCACAGTCCG-1_1",0,"Resting"
"TACTTACGTTTACTGG-1_1",0,"Resting"
"TACTTCAGTAGGTAGC-1_1",0,"Resting"
"TACTTCAGTATAGCTC-1_1",0,"Resting"
"TACTTCATCTTCGATT-1_1",0,"Resting"
"TACTTGTAGACTCGAG-1_1",0,"Resting"
"TACTTGTAGTAAGCAT-1_1",0,"Resting"
"TACTTGTCAGCTCCTT-1_1",0,"Resting"
"TACTTGTGTACTAACC-1_1",0,"Resting"
"TACTTGTGTCCACACG-1_1",0,"Resting"
"TACTTGTGTTTCACAG-1_1",0,"Resting"
"TACTTGTTCGAAGTGG-1_1",0,"Resting"
"TAGACCAAGTTCTCTT-1_1",0,"Resting"
"TAGACCACAGCAGTAG-1_1",0,"Resting"
"TAGACCAGTTAAACAG-1_1",0,"Resting"
"TAGACCATCAACACGT-1_1",0,"Resting"
"TAGACCATCGGCTCTT-1_1",0,"Resting"
"TAGACTGAGAGCCATG-1_1",0,"Resting"
"TAGACTGAGTCAGAGC-1_1",0,"Resting"
"TAGACTGCAAAGCTCT-1_1",0,"Resting"
"TAGACTGCATCGTTCC-1_1",0,"Resting"
"TAGACTGCATGTTCGA-1_1",0,"Resting"
"TAGACTGGTTGTTGAC-1_1",0,"Resting"
"TAGACTGTCTCCCATG-1_1",0,"Resting"
"TAGAGTCAGCAGGCAT-1_1",0,"Resting"
"TAGAGTCAGTGTTGAA-1_1",0,"Resting"
"TAGAGTCAGTTTAGGA-1_1",0,"Resting"
"TAGAGTCGTAACATCC-1_1",0,"Resting"
"TAGAGTCGTAGACACG-1_1",0,"Resting"
"TAGAGTCTCATGGATC-1_1",0,"Resting"
"TAGAGTCTCCATAGGT-1_1",0,"Resting"
"TAGATCGAGAGTCTGG-1_1",0,"Resting"
"TAGATCGCAAACGGCA-1_1",0,"Resting"
"TAGATCGCATTCGGGC-1_1",0,"Resting"
"TAGATCGGTCTCTCCA-1_1",0,"Resting"
"TAGCACACACGACGTC-1_1",0,"Resting"
"TAGCACACATTATGCG-1_1",0,"Resting"
"TAGCACAGTAGATTGA-1_1",0,"Resting"
"TAGCACAGTAGGAGGG-1_1",0,"Resting"
"TAGCACAGTTCGGTTA-1_1",0,"Resting"
"TAGCACAGTTGTGGCC-1_1",0,"Resting"
"TAGCACATCACTGAAC-1_1",0,"Resting"
"TAGGAGGAGCAATAAC-1_1",0,"Resting"
"TAGGAGGCACGACGCT-1_1",0,"Resting"
"TAGGAGGGTGACAGGT-1_1",0,"Resting"
"TAGGGTTAGCATGATA-1_1",0,"Resting"
"TAGGGTTAGGTGCGAT-1_1",0,"Resting"
"TAGGGTTCAGACAAGC-1_1",0,"Resting"
"TAGGGTTGTAAGCGGT-1_1",0,"Resting"
"TAGGGTTGTTCCTTGC-1_1",0,"Resting"
"TAGGGTTGTTTAGAGA-1_1",0,"Resting"
"TAGGGTTTCCCTTTGG-1_1",0,"Resting"
"TAGGGTTTCGGTAACT-1_1",0,"Resting"
"TAGGTACAGTGCCTCG-1_1",0,"Resting"
"TAGGTACGTAAGTAGT-1_1",0,"Resting"
"TAGGTACGTCCTGTTC-1_1",0,"Resting"
"TAGGTACGTGCTTATG-1_1",0,"Resting"
"TAGGTACGTTCAGCGC-1_1",0,"Resting"
"TAGGTTGAGAGCCCAA-1_1",0,"Resting"
"TAGGTTGAGCATTTGC-1_1",0,"Resting"
"TAGGTTGTCACGTAGT-1_1",0,"Resting"
"TAGTGCACAACAGCCC-1_1",0,"Resting"
"TAGTGCACAGAAGCTG-1_1",0,"Resting"
"TAGTGCAGTGACATCT-1_1",0,"Resting"
"TAGTGCATCGACCCAG-1_1",0,"Resting"
"TAGTGCATCGATACGT-1_1",0,"Resting"
"TATACCTAGCTAAATG-1_1",0,"Resting"
"TATACCTAGTCTACCA-1_1",0,"Resting"
"TATACCTCAGACCATT-1_1",0,"Resting"
"TATACCTGTGAAAGTT-1_1",0,"Resting"
"TATACCTGTTGCATCA-1_1",0,"Resting"
"TATATCCCAATCTGCA-1_1",0,"Resting"
"TATATCCGTACACGCC-1_1",0,"Resting"
"TATATCCGTCCGTTTC-1_1",0,"Resting"
"TATATCCGTTCGGGTC-1_1",0,"Resting"
"TATATCCTCGGTAAGG-1_1",0,"Resting"
"TATATCCTCTAGCATG-1_1",0,"Resting"
"TATATCCTCTGATTCT-1_1",0,"Resting"
"TATCAGGCAGACGGAT-1_1",0,"Resting"
"TATCAGGGTACTCGCG-1_1",0,"Resting"
"TATCAGGTCCTACCAC-1_1",0,"Resting"
"TATCCTACAAAGAACT-1_1",0,"Resting"
"TATCCTACAATTGCTG-1_1",0,"Resting"
"TATCCTACAGCGTGAA-1_1",0,"Resting"
"TATCCTATCTGATTCT-1_1",0,"Resting"
"TATCGCCAGCCATCCG-1_1",0,"Resting"
"TATCGCCCATGTTTGG-1_1",0,"Resting"
"TATCGCCGTCTAGATC-1_1",0,"Resting"
"TATCGCCGTGTCTCCT-1_1",0,"Resting"
"TATCGCCTCGACCAAT-1_1",0,"Resting"
"TATCGCCTCTCGTTTA-1_1",0,"Resting"
"TATCTGTGTTGTCCCT-1_1",0,"Resting"
"TATCTGTTCGATACAC-1_1",0,"Resting"
"TATCTTGGTCAAGCCC-1_1",0,"Resting"
"TATCTTGTCGAAGCAG-1_1",0,"Resting"
"TATCTTGTCGGTCACG-1_1",0,"Resting"
"TATCTTGTCGTAGTGT-1_1",0,"Resting"
"TATGTTCAGGAGGGTG-1_1",0,"Resting"
"TATGTTCCATGTCGTA-1_1",0,"Resting"
"TATGTTCGTTGTCATG-1_1",0,"Resting"
"TATGTTCTCATTTGCT-1_1",0,"Resting"
"TATGTTCTCGCTCATC-1_1",0,"Resting"
"TATTCCAAGACGCATG-1_1",0,"Resting"
"TATTCCAAGTTAGAAC-1_1",0,"Resting"
"TATTCCACAGCAGATG-1_1",0,"Resting"
"TATTCCACAGCGTTGC-1_1",0,"Resting"
"TATTCCAGTAGGGTAC-1_1",0,"Resting"
"TATTGCTAGGGCAAGG-1_1",0,"Resting"
"TATTGCTCACACGCCA-1_1",0,"Resting"
"TATTGCTCATCGTCCT-1_1",0,"Resting"
"TATTGCTTCGGACGTC-1_1",0,"Resting"
"TATTGGGAGTAGGAAG-1_1",0,"Resting"
"TATTGGGCAGCTGTAT-1_1",0,"Resting"
"TATTGGGGTTCTCACC-1_1",0,"Resting"
"TATTGGGTCATTGCTT-1_1",0,"Resting"
"TATTGGGTCTGAATCG-1_1",0,"Resting"
"TATTTCGAGATGTAGT-1_1",0,"Resting"
"TATTTCGAGGTCTTTG-1_1",0,"Resting"
"TATTTCGCAACTCGAT-1_1",0,"Resting"
"TATTTCGGTCCCGCAA-1_1",0,"Resting"
"TATTTCGGTCGCTCGA-1_1",0,"Resting"
"TATTTCGTCACGTCCT-1_1",0,"Resting"
"TATTTCGTCAGAGCGA-1_1",0,"Resting"
"TCAAGACAGTACAGCG-1_1",0,"Resting"
"TCAAGACAGTAGTCAA-1_1",0,"Resting"
"TCAAGACCAAGAATGT-1_1",0,"Resting"
"TCAAGACGTGTTCCTC-1_1",0,"Resting"
"TCAAGACTCATTTCCA-1_1",0,"Resting"
"TCAAGCACAACCGACC-1_1",0,"Resting"
"TCAAGCACACCTAAAC-1_1",0,"Resting"
"TCAAGCACAGATCCTA-1_1",0,"Resting"
"TCAAGCACATACATCG-1_1",0,"Resting"
"TCAAGTGCAGTATACC-1_1",0,"Resting"
"TCAAGTGGTCTTGCGG-1_1",0,"Resting"
"TCAATCTAGCATCCCG-1_1",0,"Resting"
"TCAATCTAGGTGGCTA-1_1",0,"Resting"
"TCAATCTAGTGCAACG-1_1",0,"Resting"
"TCAATCTTCATAGAGA-1_1",0,"Resting"
"TCAATCTTCGTAGGAG-1_1",0,"Resting"
"TCAATCTTCTACGGGC-1_1",0,"Resting"
"TCAATCTTCTAGATCG-1_1",0,"Resting"
"TCAATTCAGTGTTGAA-1_1",0,"Resting"
"TCAATTCCAAGTACCT-1_1",0,"Resting"
"TCAATTCTCACCCATC-1_1",0,"Resting"
"TCACAAGAGAATCCCT-1_1",0,"Resting"
"TCACAAGAGACTTGTC-1_1",0,"Resting"
"TCACAAGAGGTCACCC-1_1",0,"Resting"
"TCACAAGCAAGGACAC-1_1",0,"Resting"
"TCACAAGCAGGACTTT-1_1",0,"Resting"
"TCACAAGCATGACTGT-1_1",0,"Resting"
"TCACAAGGTTTAAGGA-1_1",0,"Resting"
"TCACACCAGCGATCGA-1_1",0,"Resting"
"TCACACCAGGTAAGTT-1_1",0,"Resting"
"TCACACCCATGCCATA-1_1",0,"Resting"
"TCACACCGTTCTCTCG-1_1",0,"Resting"
"TCACACCTCACCTTGC-1_1",0,"Resting"
"TCACACCTCCGAAGGA-1_1",0,"Resting"
"TCACATTCACGGTGTC-1_1",0,"Resting"
"TCACATTCAGAGGTAC-1_1",0,"Resting"
"TCACATTGTCGTATTG-1_1",0,"Resting"
"TCACATTTCATCGTAG-1_1",0,"Resting"
"TCACGCTAGCCAAGGT-1_1",0,"Treg"
"TCACGCTGTGGACAGT-1_1",0,"Resting"
"TCACGCTGTTGCTGAT-1_1",0,"Resting"
"TCACGGGAGATAGTCA-1_1",0,"Resting"
"TCACGGGGTAATGATG-1_1",0,"Resting"
"TCACGGGGTGTGGTCC-1_1",0,"Resting"
"TCACTATAGACCAACG-1_1",0,"Resting"
"TCACTATAGGATTTCC-1_1",0,"Resting"
"TCACTATAGTATTAGG-1_1",0,"Intermediate"
"TCACTATCAGCGTGCT-1_1",0,"Resting"
"TCACTATGTTGTGGCC-1_1",0,"Resting"
"TCACTATTCGAAGAAT-1_1",0,"Resting"
"TCACTCGAGAGGCGGA-1_1",0,"Resting"
"TCACTCGAGGCTTCCG-1_1",0,"Resting"
"TCACTCGAGTACCGGA-1_1",0,"Resting"
"TCACTCGTCTTGGCTC-1_1",0,"Resting"
"TCAGCAAAGATTGCGG-1_1",0,"Treg"
"TCAGCAAAGCTGCCAC-1_1",0,"Resting"
"TCAGCAAGTATCAAGA-1_1",0,"Resting"
"TCAGCAAGTTCGTAAC-1_1",0,"Resting"
"TCAGCAAGTTGCCGAC-1_1",0,"Resting"
"TCAGCCTAGCCATTGT-1_1",0,"Resting"
"TCAGCCTCACTTGGCG-1_1",0,"Resting"
"TCAGCCTCAGTATACC-1_1",0,"Resting"
"TCAGCCTTCATATGGC-1_1",0,"Resting"
"TCAGGGCAGGTCCTGC-1_1",0,"Resting"
"TCAGGGCGTGTATTGC-1_1",0,"Resting"
"TCAGGTATCATTCGGA-1_1",0,"Resting"
"TCAGTCCCAACGTTAC-1_1",0,"Resting"
"TCAGTCCGTTTAGTCG-1_1",0,"Resting"
"TCAGTCCTCTGGTGGC-1_1",0,"Resting"
"TCAGTGACAGCACACC-1_1",0,"Resting"
"TCAGTGAGTGCTATTG-1_1",0,"Resting"
"TCAGTGAGTGCTGCAC-1_1",0,"Resting"
"TCAGTGAGTTGATGTC-1_1",0,"Resting"
"TCAGTGATCGAGAACG-1_1",0,"Resting"
"TCAGTTTCATGGATCT-1_1",0,"Resting"
"TCAGTTTGTCGCCTAG-1_1",0,"Resting"
"TCAGTTTTCAGTGTGT-1_1",0,"Resting"
"TCATACTGTCCTACGG-1_1",0,"Resting"
"TCATACTGTGTATTGC-1_1",0,"Resting"
"TCATACTTCGACACTA-1_1",0,"Resting"
"TCATACTTCGACATAC-1_1",0,"Resting"
"TCATACTTCGAGAGAC-1_1",0,"Resting"
"TCATACTTCGCGCTGA-1_1",0,"Resting"
"TCATACTTCGTAACCA-1_1",0,"Resting"
"TCATACTTCTCGACCT-1_1",0,"Resting"
"TCATATCGTGGCGTAA-1_1",0,"Resting"
"TCATATCTCATCTACT-1_1",0,"Resting"
"TCATCATCAGAACTCT-1_1",0,"Resting"
"TCATCATGTAGTTAGA-1_1",0,"Resting"
"TCATCATTCGAGTTGT-1_1",0,"Resting"
"TCATCATTCTAAGAAG-1_1",0,"Resting"
"TCATCCGAGAATGTTG-1_1",0,"Resting"
"TCATCCGAGGACTTCT-1_1",0,"Resting"
"TCATCCGCATCCGAAT-1_1",0,"Resting"
"TCATCCGGTGATTAGA-1_1",0,"Resting"
"TCATCCGTCAGTCTTT-1_1",0,"Resting"
"TCATCCGTCTCCGTGT-1_1",0,"Resting"
"TCATGAGCACGTACTA-1_1",0,"Resting"
"TCATGAGCAGCACCCA-1_1",0,"Resting"
"TCATGCCAGCAGTACG-1_1",0,"Resting"
"TCATGCCAGGCTAGCA-1_1",0,"Resting"
"TCATGCCAGGGCTAAC-1_1",0,"Resting"
"TCATGCCCAGATCCAT-1_1",0,"Resting"
"TCATGCCGTCCGTTTC-1_1",0,"Resting"
"TCATGCCTCTCCTGCA-1_1",0,"Resting"
"TCATGGAAGTCGGCAA-1_1",0,"Resting"
"TCATGGACAATCAGCT-1_1",0,"Treg"
"TCATGGAGTACCTAGT-1_1",0,"Resting"
"TCATGTTCAACTCGAT-1_1",0,"Treg"
"TCATGTTCAAGATGGC-1_1",0,"Resting"
"TCATGTTCACTACAGT-1_1",0,"Resting"
"TCATGTTCAGACGATG-1_1",0,"Resting"
"TCATGTTGTAGCTGAG-1_1",0,"Resting"
"TCATGTTGTATCAAGA-1_1",0,"Resting"
"TCATGTTGTCGGCTAC-1_1",0,"Resting"
"TCATGTTTCCTTGACC-1_1",0,"Resting"
"TCATTACAGACGACGT-1_1",0,"Resting"
"TCATTACAGCAACAGC-1_1",0,"Resting"
"TCATTACAGTTACGGG-1_1",0,"Resting"
"TCATTACCAAGAGATT-1_1",0,"Resting"
"TCATTACCAGAACCGA-1_1",0,"Resting"
"TCATTACGTCGCGGTT-1_1",0,"Resting"
"TCATTCAAGGTTCATC-1_1",0,"Resting"
"TCATTCAGTCTGGTTA-1_1",0,"Resting"
"TCATTGTAGAGGCTGT-1_1",0,"Resting"
"TCATTGTAGTATGAGT-1_1",0,"Resting"
"TCATTGTCATGGAATA-1_1",0,"Resting"
"TCATTGTGTCATCGGC-1_1",0,"Resting"
"TCATTGTTCACCTCTG-1_1",0,"Resting"
"TCATTGTTCAGAGTTC-1_1",0,"Resting"
"TCATTGTTCAGCTCTC-1_1",0,"Resting"
"TCATTGTTCGGTTGTA-1_1",0,"Resting"
"TCATTTGAGGCAGCTA-1_1",0,"Resting"
"TCATTTGTCATGGTAC-1_1",0,"Resting"
"TCATTTGTCCATTTCA-1_1",0,"Resting"
"TCATTTGTCCCATTCG-1_1",0,"Resting"
"TCATTTGTCGCTAATG-1_1",0,"Resting"
"TCCACCAGTCGAGCAA-1_1",0,"Resting"
"TCCACGTAGCACTAGG-1_1",0,"Resting"
"TCCACGTCATAGGTAA-1_1",0,"Resting"
"TCCACGTGTCATAACC-1_1",0,"Resting"
"TCCACGTTCGTCACCT-1_1",0,"Resting"
"TCCACGTTCTCTATGT-1_1",0,"Resting"
"TCCAGAAGTAGGTACG-1_1",0,"Resting"
"TCCAGAATCCGTGGCA-1_1",0,"Resting"
"TCCATCGCATTACGGT-1_1",0,"Resting"
"TCCATCGGTAGAATGT-1_1",0,"Resting"
"TCCATCGGTATGATCC-1_1",0,"Resting"
"TCCATCGGTCCACTTC-1_1",0,"Resting"
"TCCATCGTCAGTAGGG-1_1",0,"Resting"
"TCCATCGTCTTGCAAG-1_1",0,"Resting"
"TCCATGCGTATCAAGA-1_1",0,"Resting"
"TCCCACACAGACAAGC-1_1",0,"Resting"
"TCCCACAGTTTGATCG-1_1",0,"Resting"
"TCCCACATCGCATTGA-1_1",0,"Resting"
"TCCCACATCTCATAGG-1_1",0,"Resting"
"TCCCAGTAGCAATAGT-1_1",0,"Resting"
"TCCCAGTCATGAAAGT-1_1",0,"Resting"
"TCCCATGCACCTTCGT-1_1",0,"Resting"
"TCCCATGCAGGCACAA-1_1",0,"Resting"
"TCCCATGGTATACCCA-1_1",0,"Resting"
"TCCCATGTCATCGCTC-1_1",0,"Resting"
"TCCGAAAAGATACAGT-1_1",0,"Resting"
"TCCGAAAAGGCCTAAG-1_1",0,"Resting"
"TCCGAAAGTAAGATCA-1_1",0,"Resting"
"TCCGAAAGTAGGACCA-1_1",0,"Resting"
"TCCGAAAGTCGGTGTC-1_1",0,"Resting"
"TCCGAAATCGGAATGG-1_1",0,"Resting"
"TCCGAAATCTGAGGTT-1_1",0,"Resting"
"TCCGATCGTAGGACTG-1_1",0,"Resting"
"TCCGATCGTTTCTATC-1_1",0,"Resting"
"TCCGATCTCATACGGT-1_1",0,"Resting"
"TCCGATCTCATTCTTG-1_1",0,"Resting"
"TCCGATCTCCGAACGC-1_1",0,"Resting"
"TCCGGGAAGGCTAGCA-1_1",0,"Resting"
"TCCGGGACAACGACTT-1_1",0,"Treg"
"TCCGGGAGTGCCCTTT-1_1",0,"Resting"
"TCCGGGAGTGTCCATA-1_1",0,"Resting"
"TCCGGGATCACTCTTA-1_1",0,"Resting"
"TCCGGGATCCTTACCG-1_1",0,"Resting"
"TCCGTGTCATGTTTGG-1_1",0,"Resting"
"TCCTAATCAGCACGAA-1_1",0,"Resting"
"TCCTAATGTAGGTTTC-1_1",0,"Resting"
"TCCTCCCAGCGCAATG-1_1",0,"Resting"
"TCCTCCCCACAAATAG-1_1",0,"Resting"
"TCCTCCCCATTGAGGG-1_1",0,"Resting"
"TCCTCCCGTCTGCCTT-1_1",0,"Resting"
"TCCTCCCGTGGTCTAT-1_1",0,"Resting"
"TCCTCCCTCACCTGGG-1_1",0,"Resting"
"TCCTCCCTCGCAGATT-1_1",0,"Resting"
"TCCTCGAAGTCAATCC-1_1",0,"Resting"
"TCCTCGACACTTTAGG-1_1",0,"Resting"
"TCCTCGACATGAGAAT-1_1",0,"Resting"
"TCCTCGACATGGGTCC-1_1",0,"Resting"
"TCCTCTTAGGGAGGAC-1_1",0,"Resting"
"TCCTCTTCATCTGCGG-1_1",0,"Resting"
"TCCTCTTGTACCCGAC-1_1",0,"Resting"
"TCCTCTTGTCTTCTAT-1_1",0,"Resting"
"TCCTCTTGTTAAGGGC-1_1",0,"Resting"
"TCCTCTTTCTCTGCCA-1_1",0,"Resting"
"TCCTGCAAGCATTTCG-1_1",0,"Resting"
"TCCTGCAAGGGCAAGG-1_1",0,"Resting"
"TCCTGCAAGGTTCACT-1_1",0,"Resting"
"TCCTGCAGTATCTCTT-1_1",0,"Activated"
"TCCTGCAGTTTCAGAC-1_1",0,"Resting"
"TCCTGCATCATCTGTT-1_1",0,"Resting"
"TCCTTCTAGAAGCCTG-1_1",0,"Resting"
"TCCTTCTGTTCAAGGG-1_1",0,"Resting"
"TCCTTTCAGCATTGTC-1_1",0,"Resting"
"TCCTTTCCAACTTGGT-1_1",0,"Resting"
"TCCTTTCCAATGGGTG-1_1",0,"Resting"
"TCCTTTCCACAATGAA-1_1",0,"Resting"
"TCCTTTCCATAGCACT-1_1",0,"Resting"
"TCCTTTCCATAGGCGA-1_1",0,"Resting"
"TCCTTTCGTACCACGC-1_1",0,"Resting"
"TCCTTTCTCCGATCTC-1_1",0,"Resting"
"TCCTTTCTCTGGTGGC-1_1",0,"Resting"
"TCGAACAAGGGACAGG-1_1",0,"Resting"
"TCGAACACAAGCGAGT-1_1",0,"Resting"
"TCGAACAGTAGTGCGA-1_1",0,"Resting"
"TCGAACAGTATGGTTC-1_1",0,"Resting"
"TCGAACATCACACCCT-1_1",0,"Resting"
"TCGAACATCGTCAAAC-1_1",0,"Resting"
"TCGAAGTCATTGACAC-1_1",0,"Resting"
"TCGACCTAGGCTGTAG-1_1",0,"Resting"
"TCGACCTCAATACAGA-1_1",0,"Resting"
"TCGACCTGTTGCATGT-1_1",0,"Resting"
"TCGACCTTCTCTCTTC-1_1",0,"Resting"
"TCGACGGAGTTGCCCG-1_1",0,"Resting"
"TCGACGGCAAAGGGCT-1_1",0,"Resting"
"TCGACGGCATGGAGAC-1_1",0,"Resting"
"TCGACGGGTAGATCCT-1_1",0,"Resting"
"TCGACGGTCGCCAACG-1_1",0,"Resting"
"TCGATTTAGGCAGCTA-1_1",0,"Resting"
"TCGATTTAGTACGAGC-1_1",0,"Resting"
"TCGATTTAGTGATTCC-1_1",0,"Resting"
"TCGATTTGTTAAGTCC-1_1",0,"Resting"
"TCGATTTTCTACCCAC-1_1",0,"Resting"
"TCGCACTGTCGCCACA-1_1",0,"Resting"
"TCGCACTGTCGTAATC-1_1",0,"Resting"
"TCGCACTGTGACGTCC-1_1",0,"Resting"
"TCGCACTGTTCAGCGC-1_1",0,"Resting"
"TCGCACTTCCGTGCGA-1_1",0,"Resting"
"TCGCAGGAGAATTGCA-1_1",0,"Resting"
"TCGCAGGTCCAACTGA-1_1",0,"Treg"
"TCGCTCAAGAGGGTCT-1_1",0,"Resting"
"TCGCTCAAGCCTGGAA-1_1",0,"Resting"
"TCGCTCAGTTGCATCA-1_1",0,"Resting"
"TCGCTCATCATAGAGA-1_1",0,"Resting"
"TCGCTCATCCATCTAT-1_1",0,"Resting"
"TCGCTTGCATCAGCAT-1_1",0,"Resting"
"TCGCTTGGTCACGCTG-1_1",0,"Resting"
"TCGCTTGGTCATACCA-1_1",0,"Resting"
"TCGGATAAGAGTGTTA-1_1",0,"Resting"
"TCGGGACCAAGGTCTT-1_1",0,"Resting"
"TCGGGACCACATTCTT-1_1",0,"Resting"
"TCGGGACCAGTCTCTC-1_1",0,"Resting"
"TCGGGACCATAAGCAA-1_1",0,"Treg"
"TCGGGACGTCACAGTT-1_1",0,"Resting"
"TCGGGACGTTTCGGCG-1_1",0,"Resting"
"TCGGGACTCTGTCCCA-1_1",0,"Resting"
"TCGGGCATCATACGAC-1_1",0,"Treg"
"TCGGGTGAGTGCCCGT-1_1",0,"Resting"
"TCGGGTGGTAGGACCA-1_1",0,"Resting"
"TCGGGTGGTGACGTCC-1_1",0,"Resting"
"TCGGGTGTCATGGTAC-1_1",0,"Resting"
"TCGGTCTCACAAGCCC-1_1",0,"Resting"
"TCGGTCTGTGTTGAGG-1_1",0,"Resting"
"TCGGTCTGTTAAAGTG-1_1",0,"Resting"
"TCGGTCTTCAGATGCT-1_1",0,"Resting"
"TCGGTCTTCCTCTCGA-1_1",0,"Resting"
"TCGGTCTTCTTAGCCC-1_1",0,"Resting"
"TCGTAGAGTTGCAACT-1_1",0,"Resting"
"TCGTAGATCCATCAGA-1_1",0,"Resting"
"TCGTCCACAAGGACAC-1_1",0,"Resting"
"TCGTCCATCGCCGTGA-1_1",0,"Resting"
"TCGTCCATCTACACAG-1_1",0,"Treg"
"TCGTGCTAGATGGTCG-1_1",0,"Treg"
"TCGTGCTGTTACGTAC-1_1",0,"Resting"
"TCGTGCTTCCCAACTC-1_1",0,"Resting"
"TCGTGCTTCTCGAGTA-1_1",0,"Resting"
"TCGTGGGAGCAATAAC-1_1",0,"Resting"
"TCGTGGGAGCGTGCTC-1_1",0,"Resting"
"TCGTGGGAGGTGCCTC-1_1",0,"Resting"
"TCGTGGGCACTGGATT-1_1",0,"Resting"
"TCGTGGGTCGGTGCAC-1_1",0,"Resting"
"TCTAACTAGAGTCTTC-1_1",0,"Resting"
"TCTAACTAGCGAACTG-1_1",0,"Resting"
"TCTAACTAGGATAATC-1_1",0,"Resting"
"TCTAACTAGGCACTCC-1_1",0,"Treg"
"TCTACATAGGCACTCC-1_1",0,"Resting"
"TCTACATAGGTACAGC-1_1",0,"Resting"
"TCTACATCACCGCTGA-1_1",0,"Resting"
"TCTACATGTCATACCA-1_1",0,"Resting"
"TCTACATTCTATGTGG-1_1",0,"Resting"
"TCTACATTCTTCGTAT-1_1",0,"Resting"
"TCTACCGAGGCCCAAA-1_1",0,"Resting"
"TCTACCGCATATCGGT-1_1",0,"Resting"
"TCTACCGGTATGGAGC-1_1",0,"Resting"
"TCTACCGGTCGATTAC-1_1",0,"Resting"
"TCTACCGTCCACCTGT-1_1",0,"Resting"
"TCTATACAGGATCATA-1_1",0,"Resting"
"TCTATACTCACTCGAA-1_1",0,"Resting"
"TCTATACTCCCAGGAC-1_1",0,"Resting"
"TCTATCAAGGTCATCT-1_1",0,"Resting"
"TCTATCACAAGCTGCC-1_1",0,"Resting"
"TCTATCAGTGCCTAAT-1_1",0,"Resting"
"TCTCACGAGAGAACCC-1_1",0,"Resting"
"TCTCACGCACGCGTCA-1_1",0,"Resting"
"TCTCACGGTATCTCTT-1_1",0,"Resting"
"TCTCACGTCCACGTAA-1_1",0,"Resting"
"TCTCAGCAGAGGATGA-1_1",0,"Resting"
"TCTCAGCAGCACCGAA-1_1",0,"Resting"
"TCTCAGCCAACACAGG-1_1",0,"Resting"
"TCTCAGCCAACCAATC-1_1",0,"Resting"
"TCTCAGCTCATGCAGT-1_1",0,"Resting"
"TCTCAGCTCGAATCCA-1_1",0,"Resting"
"TCTCAGCTCGGTAGGA-1_1",0,"Resting"
"TCTCAGCTCTGTCTCG-1_1",0,"Resting"
"TCTCCGAAGTATGATG-1_1",0,"Resting"
"TCTCCGACACAAAGTA-1_1",0,"Resting"
"TCTCCGACATAACTCG-1_1",0,"Resting"
"TCTCTGGAGAACTTCC-1_1",0,"Resting"
"TCTCTGGAGGACAACC-1_1",0,"Resting"
"TCTCTGGAGTAACAGT-1_1",0,"Resting"
"TCTCTGGCAAATGGTA-1_1",0,"Resting"
"TCTCTGGCATAGGTTC-1_1",0,"Resting"
"TCTCTGGGTACCCAGC-1_1",0,"Resting"
"TCTCTGGGTCCTGGGT-1_1",0,"Resting"
"TCTCTGGGTGCAACAG-1_1",0,"Resting"
"TCTCTGGGTTCGTGCG-1_1",0,"Resting"
"TCTCTGGTCTACTTCA-1_1",0,"Resting"
"TCTGCCAAGAGGTATT-1_1",0,"Resting"
"TCTGCCAAGTTTAGGA-1_1",0,"Resting"
"TCTGCCACACGCTGCA-1_1",0,"Resting"
"TCTGCCAGTCTTACTT-1_1",0,"Resting"
"TCTGCCATCAAAGCCT-1_1",0,"Resting"
"TCTGCCATCAAGCCCG-1_1",0,"Resting"
"TCTGCCATCCATCACC-1_1",0,"Resting"
"TCTGCCATCCCTCGAT-1_1",0,"Resting"
"TCTGCCATCTGCCTCA-1_1",0,"Resting"
"TCTGGCTAGCCTATCA-1_1",0,"Resting"
"TCTGGCTAGGACTAAT-1_1",0,"Resting"
"TCTGGCTCACCCAATA-1_1",0,"Resting"
"TCTGGCTCAGACACCC-1_1",0,"Resting"
"TCTGGCTCATCGCTGG-1_1",0,"Resting"
"TCTGGCTGTGTATCCA-1_1",0,"Resting"
"TCTGGCTTCAGCTTGA-1_1",0,"Resting"
"TCTGTCGGTGCAATGG-1_1",0,"Resting"
"TCTGTCGGTGGATGAC-1_1",0,"Resting"
"TCTGTCGTCTCTCTTC-1_1",0,"Resting"
"TCTTAGTAGATTGAGT-1_1",0,"Resting"
"TCTTAGTGTACTCGAT-1_1",0,"Resting"
"TCTTAGTGTGGACAGT-1_1",0,"Resting"
"TCTTCCTAGAACCGCA-1_1",0,"Resting"
"TCTTCCTAGCACTAAA-1_1",0,"Resting"
"TCTTCCTAGCTTGTTG-1_1",0,"Resting"
"TCTTCCTCAAATAAGC-1_1",0,"Resting"
"TCTTCCTCAAGTGGTG-1_1",0,"Resting"
"TCTTGCGAGCTTAGTC-1_1",0,"Resting"
"TCTTGCGCACATAGCT-1_1",0,"Resting"
"TCTTGCGCATTGACAC-1_1",0,"Resting"
"TCTTGCGGTATCGAGG-1_1",0,"Resting"
"TCTTGCGGTCCACTTC-1_1",0,"Resting"
"TCTTGCGTCATTCGGA-1_1",0,"Resting"
"TCTTGCGTCTTGAGCA-1_1",0,"Resting"
"TCTTTGACACTCACTC-1_1",0,"Resting"
"TCTTTGACAGTATTCG-1_1",0,"Resting"
"TCTTTGAGTCACGTGC-1_1",0,"Resting"
"TCTTTGATCTGAGAGG-1_1",0,"Resting"
"TGAACGTCAACCCTAA-1_1",0,"Resting"
"TGAACGTCAAGCTACT-1_1",0,"Resting"
"TGAACGTCAGCAGGAT-1_1",0,"Resting"
"TGAACGTGTCATCGGC-1_1",0,"Resting"
"TGAACGTTCCTACACC-1_1",0,"Treg"
"TGAATCGCAGCCTATA-1_1",0,"Resting"
"TGAATCGCATAGAAAC-1_1",0,"Resting"
"TGAATCGCATTGTGCA-1_1",0,"Resting"
"TGAATGCAGCGTATAA-1_1",0,"Resting"
"TGAATGCAGGGCAGGA-1_1",0,"Resting"
"TGACAGTAGAAACACT-1_1",0,"Resting"
"TGACAGTAGACCAGAC-1_1",0,"Resting"
"TGACAGTAGACTCCGC-1_1",0,"Resting"
"TGACAGTAGTAGACCG-1_1",0,"Resting"
"TGACAGTCAATCAGCT-1_1",0,"Resting"
"TGACAGTCACTTGTCC-1_1",0,"Resting"
"TGACAGTGTAACCAGG-1_1",0,"Resting"
"TGACAGTGTGGATCGA-1_1",0,"Resting"
"TGACAGTTCCGATCGG-1_1",0,"Resting"
"TGACCCTAGAGAACCC-1_1",0,"Resting"
"TGACCCTAGTCTGGTT-1_1",0,"Resting"
"TGACCCTCAAATGCTC-1_1",0,"Resting"
"TGACCCTCAATGCTCA-1_1",0,"Resting"
"TGACCCTCACGGTGTC-1_1",0,"Resting"
"TGACCCTGTGGTAATA-1_1",0,"Resting"
"TGACCCTTCAACGTGT-1_1",0,"Resting"
"TGACCCTTCCCTTTGG-1_1",0,"Resting"
"TGACCCTTCCGCGGAT-1_1",0,"Resting"
"TGACCCTTCGTGGACC-1_1",0,"Resting"
"TGACGCGAGGAGGTTC-1_1",0,"Resting"
"TGACGCGTCCCAACTC-1_1",0,"Resting"
"TGACTCCAGAGGGTAA-1_1",0,"Resting"
"TGACTCCAGATGCCGA-1_1",0,"Resting"
"TGACTCCTCACTCGAA-1_1",0,"Resting"
"TGACTCCTCCCGTAAA-1_1",0,"Resting"
"TGACTCCTCGGCTGAC-1_1",0,"Resting"
"TGAGACTCAGGACAGT-1_1",0,"Resting"
"TGAGACTGTAAGGCCA-1_1",0,"Resting"
"TGAGACTGTAGCCCTG-1_1",0,"Resting"
"TGAGACTTCCTTCTTC-1_1",0,"Resting"
"TGAGCATAGACTTGTC-1_1",0,"Resting"
"TGAGCATAGAGCTTTC-1_1",0,"Resting"
"TGAGCATAGCCTATCA-1_1",0,"Resting"
"TGAGCATAGCGTATGG-1_1",0,"Resting"
"TGAGCATAGTGGTTGG-1_1",0,"Resting"
"TGAGCATGTGGCTACC-1_1",0,"Resting"
"TGAGCATTCAGACATC-1_1",0,"Resting"
"TGAGCGCTCTGCACCT-1_1",0,"Treg"
"TGAGCGCTCTTGGCTC-1_1",0,"Resting"
"TGAGGAGAGTCCTGTA-1_1",0,"Resting"
"TGAGGAGCAAATCGTC-1_1",0,"Resting"
"TGAGGAGGTCAACCAT-1_1",0,"Resting"
"TGAGGAGGTCTTCTAT-1_1",0,"Resting"
"TGAGGGAAGCTGGCTC-1_1",0,"Resting"
"TGAGGGAAGTCCCTAA-1_1",0,"Resting"
"TGAGGGACAGGTCAGA-1_1",0,"Resting"
"TGAGGGACATGAAAGT-1_1",0,"Resting"
"TGAGGGAGTATCCCTC-1_1",0,"Resting"
"TGAGGTTAGTACCCTA-1_1",0,"Resting"
"TGAGGTTCAACGGCCT-1_1",0,"Treg"
"TGAGGTTCATAGGTTC-1_1",0,"Resting"
"TGAGGTTTCATCGCTC-1_1",0,"Resting"
"TGAGGTTTCGCGGACT-1_1",0,"Resting"
"TGAGTCAAGGACTTCT-1_1",0,"Resting"
"TGAGTCACAACTAGAA-1_1",0,"Resting"
"TGAGTCACAAGGATGC-1_1",0,"Resting"
"TGAGTCATCCGCACTT-1_1",0,"Resting"
"TGAGTCATCCTACGGG-1_1",0,"Resting"
"TGATCAGAGCGCCTAC-1_1",0,"Resting"
"TGATCAGAGCGTGAGT-1_1",0,"Resting"
"TGATCAGCACTAGGCC-1_1",0,"Resting"
"TGATCAGGTTACCTGA-1_1",0,"Resting"
"TGATCTTAGCACTAAA-1_1",0,"Resting"
"TGATCTTAGCGCCGTT-1_1",0,"Resting"
"TGATCTTCACACCAGC-1_1",0,"Resting"
"TGATCTTTCTATACGG-1_1",0,"Resting"
"TGATGCAAGCATATGA-1_1",0,"Resting"
"TGATGCACAGCGTTGC-1_1",0,"Resting"
"TGATGCACATAGAATG-1_1",0,"Resting"
"TGATGCAGTGGTATGG-1_1",0,"Resting"
"TGATGCATCGCCGATG-1_1",0,"Resting"
"TGATGCATCTGGCCAG-1_1",0,"Resting"
"TGATGGTAGAGCTGAC-1_1",0,"Resting"
"TGATGGTTCAATCGGT-1_1",0,"Resting"
"TGATTCTAGACGGTCA-1_1",0,"Resting"
"TGATTCTCACATGTTG-1_1",0,"Resting"
"TGATTCTGTGTGCCTG-1_1",0,"Resting"
"TGATTCTGTTAAACCC-1_1",0,"Resting"
"TGATTTCAGCTTTCCC-1_1",0,"Resting"
"TGATTTCTCATGGAGG-1_1",0,"Resting"
"TGATTTCTCTGCTAGA-1_1",0,"Resting"
"TGCACGGAGCGACTAG-1_1",0,"Resting"
"TGCACGGTCATCGTAG-1_1",0,"Resting"
"TGCAGATAGAGCCGTA-1_1",0,"Resting"
"TGCAGATAGTCGGCCT-1_1",0,"Resting"
"TGCAGATCAGAGTAAT-1_1",0,"Resting"
"TGCAGATCATCTAGAC-1_1",0,"Resting"
"TGCAGATGTAAGACCG-1_1",0,"Resting"
"TGCAGATGTACAGCGA-1_1",0,"Resting"
"TGCAGATGTGTTCGAT-1_1",0,"Resting"
"TGCAGATTCCAAAGGG-1_1",0,"Resting"
"TGCAGGCAGCACTCCG-1_1",0,"Resting"
"TGCAGGCCACACCGCA-1_1",0,"Resting"
"TGCAGGCGTAGCGTAG-1_1",0,"Resting"
"TGCAGGCGTCGGAAAC-1_1",0,"Resting"
"TGCAGGCTCCTAACAG-1_1",0,"Resting"
"TGCAGGCTCTTTCCAA-1_1",0,"Treg"
"TGCAGTAAGAGTTCGG-1_1",0,"Resting"
"TGCAGTAAGTTTCTTC-1_1",0,"Resting"
"TGCAGTACATAACTCG-1_1",0,"Resting"
"TGCAGTAGTCATACCA-1_1",0,"Resting"
"TGCAGTAGTCGTTATG-1_1",0,"Resting"
"TGCAGTATCTGAATCG-1_1",0,"Resting"
"TGCAGTATCTGAATGC-1_1",0,"Resting"
"TGCATCCAGGTAGTCG-1_1",0,"Resting"
"TGCATCCGTAGAATAC-1_1",0,"Resting"
"TGCATCCGTCCGCAGT-1_1",0,"Resting"
"TGCATCCTCACAAGAA-1_1",0,"Resting"
"TGCATCCTCATGCGGC-1_1",0,"Resting"
"TGCATCCTCTCATTAC-1_1",0,"Resting"
"TGCATGAAGAGTGAAG-1_1",0,"Resting"
"TGCATGAGTACCTAGT-1_1",0,"Resting"
"TGCATGATCCGCGGAT-1_1",0,"Resting"
"TGCATGATCCTGATAG-1_1",0,"Resting"
"TGCCGAGGTTCGAAGG-1_1",0,"Resting"
"TGCCGAGTCCAATCTT-1_1",0,"Resting"
"TGCCGAGTCCTTGAAG-1_1",0,"Resting"
"TGCCGAGTCTGCTAGA-1_1",0,"Resting"
"TGCGACGAGGCTCAAG-1_1",0,"Resting"
"TGCGACGAGGTGGCTA-1_1",0,"Resting"
"TGCGACGGTCAAATCC-1_1",0,"Resting"
"TGCGACGGTCAAGGCA-1_1",0,"Resting"
"TGCGACGTCAAGCTTG-1_1",0,"Resting"
"TGCGACGTCCTAGCGG-1_1",0,"Resting"
"TGCGATAAGCTCGGCT-1_1",0,"Resting"
"TGCGATAGTAAGCTCT-1_1",0,"Resting"
"TGCGATAGTACTTGTG-1_1",0,"Resting"
"TGCGGGTAGCATGAAT-1_1",0,"Resting"
"TGCGGGTAGTTGGACG-1_1",0,"Resting"
"TGCGGGTCAGAGTTGG-1_1",0,"Resting"
"TGCGGGTCATGCGGTC-1_1",0,"Resting"
"TGCGGGTGTCTCAGAT-1_1",0,"Resting"
"TGCTCCAAGAGAGAAC-1_1",0,"Resting"
"TGCTCCAAGATTACCC-1_1",0,"Resting"
"TGCTCCAAGCGTCAAG-1_1",0,"Resting"
"TGCTCCAAGGTACAAT-1_1",0,"Resting"
"TGCTCCACACGCGTGT-1_1",0,"Resting"
"TGCTCCAGTCCGATCG-1_1",0,"Resting"
"TGCTCCAGTTGTAAAG-1_1",0,"Resting"
"TGCTCCATCGAGCCAC-1_1",0,"Resting"
"TGCTCCATCGCCTATC-1_1",0,"Resting"
"TGCTCGTAGAAGTCTA-1_1",0,"Resting"
"TGCTCGTAGCTTCTAG-1_1",0,"Resting"
"TGCTCGTAGTATGGAT-1_1",0,"Resting"
"TGCTCGTCACTAGTAC-1_1",0,"Resting"
"TGCTCGTGTAACCCTA-1_1",0,"Resting"
"TGCTCGTGTCAGATTC-1_1",0,"Resting"
"TGCTCGTGTTGGCCGT-1_1",0,"Resting"
"TGCTGAACAAACACCT-1_1",0,"Resting"
"TGCTGAAGTACGAGCA-1_1",0,"Resting"
"TGCTGAAGTTCGGCGT-1_1",0,"Resting"
"TGCTGAATCCACACCT-1_1",0,"Resting"
"TGCTTCGGTGCAGGAT-1_1",0,"Resting"
"TGCTTCGTCGCCAGTG-1_1",0,"Resting"
"TGCTTGCAGCTATCCA-1_1",0,"Resting"
"TGCTTGCTCACCTGGG-1_1",0,"Resting"
"TGCTTGCTCATTGTGG-1_1",0,"Resting"
"TGCTTGCTCGCCGAAC-1_1",0,"Resting"
"TGCTTGCTCGGTCAGC-1_1",0,"Resting"
"TGGAACTAGATGCTGG-1_1",0,"Resting"
"TGGAACTGTAATTAGG-1_1",0,"Resting"
"TGGAACTGTGTTACTG-1_1",0,"Resting"
"TGGAGAGAGTAAATGC-1_1",0,"Resting"
"TGGAGAGCAAATGAAC-1_1",0,"Resting"
"TGGAGAGTCCACGAAT-1_1",0,"Resting"
"TGGATCAAGACTACCT-1_1",0,"Resting"
"TGGATCAGTACGTAGG-1_1",0,"Resting"
"TGGATCAGTTATCTTC-1_1",0,"Resting"
"TGGATCATCCTATGGA-1_1",0,"Resting"
"TGGATGTAGCCTAACT-1_1",0,"Resting"
"TGGATGTCAGGACTTT-1_1",0,"Resting"
"TGGATGTGTCTTGTCC-1_1",0,"Resting"
"TGGATGTTCAGGAAGC-1_1",0,"Resting"
"TGGATGTTCGGCTGAC-1_1",0,"Resting"
"TGGCGTGAGTACCCTA-1_1",0,"Resting"
"TGGCGTGGTACGTAGG-1_1",0,"Resting"
"TGGCGTGTCACTTATC-1_1",0,"Resting"
"TGGCGTGTCCCTTTGG-1_1",0,"Resting"
"TGGCGTGTCGAGCTGC-1_1",0,"Treg"
"TGGGAAGAGGATGAGA-1_1",0,"Resting"
"TGGGAAGAGGTGCGAT-1_1",0,"Resting"
"TGGGAAGGTCTGTCAA-1_1",0,"Resting"
"TGGGAAGTCCGCACGA-1_1",0,"Resting"
"TGGGAAGTCGATTTCT-1_1",0,"Resting"
"TGGGAAGTCTGTCCCA-1_1",0,"Resting"
"TGGGAGAAGCTGAAGC-1_1",0,"Resting"
"TGGGAGAAGGGTGAAA-1_1",0,"Resting"
"TGGGAGACAGATAAAC-1_1",0,"Resting"
"TGGGAGATCGGTCTGG-1_1",0,"Resting"
"TGGGATTAGCCTAACT-1_1",0,"Resting"
"TGGGATTAGGAACTCG-1_1",0,"Resting"
"TGGGATTAGTTTCGAC-1_1",0,"Resting"
"TGGGATTCACTGTCGG-1_1",0,"Resting"
"TGGGATTGTACCACGC-1_1",0,"Resting"
"TGGGATTGTGACGTCC-1_1",0,"Resting"
"TGGGCGTAGGTTTACC-1_1",0,"Resting"
"TGGGCGTAGTCGCCAC-1_1",0,"Resting"
"TGGGCGTAGTCTGTAC-1_1",0,"Resting"
"TGGGCGTCATTGTCGA-1_1",0,"Resting"
"TGGGCGTGTAAGGCCA-1_1",0,"Resting"
"TGGGCGTTCGTAGAGG-1_1",0,"Resting"
"TGGGCTGAGCCTCATA-1_1",0,"Resting"
"TGGGCTGAGGAGGTTC-1_1",0,"Resting"
"TGGGCTGAGTGCACAG-1_1",0,"Resting"
"TGGGCTGCATCATCTT-1_1",0,"Resting"
"TGGGCTGTCAATCAGC-1_1",0,"Resting"
"TGGGCTGTCGACGCGT-1_1",0,"Resting"
"TGGGCTGTCGAGTACT-1_1",0,"Resting"
"TGGGCTGTCGTGGCGT-1_1",0,"Resting"
"TGGGTTAAGGGTACGT-1_1",0,"Resting"
"TGGGTTAGTAACCAGG-1_1",0,"Resting"
"TGGGTTAGTTAATCGC-1_1",0,"Resting"
"TGGGTTATCCCGAACG-1_1",0,"Resting"
"TGGTACAAGTCAGAGC-1_1",0,"Resting"
"TGGTACAGTCCACACG-1_1",0,"Resting"
"TGGTACAGTGGTTCTA-1_1",0,"Resting"
"TGGTACAGTTGCCGAC-1_1",0,"Resting"
"TGGTACAGTTTGGAAA-1_1",0,"Resting"
"TGGTAGTAGACTACGG-1_1",0,"Resting"
"TGGTAGTGTCATAACC-1_1",0,"Treg"
"TGGTAGTGTTATAGCC-1_1",0,"Resting"
"TGGTAGTTCATCTCTA-1_1",0,"Resting"
"TGGTAGTTCGCAGATT-1_1",0,"Resting"
"TGGTGATAGTTCGGTT-1_1",0,"Resting"
"TGGTGATCACAAGTGG-1_1",0,"Resting"
"TGGTGATCAGCAGTGA-1_1",0,"Resting"
"TGGTGATGTAATGCGG-1_1",0,"Resting"
"TGGTGATGTCGAATTC-1_1",0,"Resting"
"TGGTGATGTGAACCGA-1_1",0,"Resting"
"TGGTGATTCTATTCGT-1_1",0,"Resting"
"TGGTTAGGTAGTGGCA-1_1",0,"Resting"
"TGGTTAGGTGAAGCTG-1_1",0,"Resting"
"TGGTTAGGTTGGACTT-1_1",0,"Resting"
"TGGTTAGTCGACGACC-1_1",0,"Resting"
"TGGTTAGTCGTGCATA-1_1",0,"Resting"
"TGTAACGAGGGCAACT-1_1",0,"Resting"
"TGTAACGCAAGGCCTC-1_1",0,"Resting"
"TGTAACGCATCGTCCT-1_1",0,"Treg"
"TGTAACGGTATGCAAA-1_1",0,"Resting"
"TGTAACGGTCAACCTA-1_1",0,"Resting"
"TGTAACGGTCTAGATC-1_1",0,"Resting"
"TGTAACGTCTTCGACC-1_1",0,"Resting"
"TGTAAGCAGGGTACAC-1_1",0,"Resting"
"TGTAAGCCAGTTACCA-1_1",0,"Resting"
"TGTAAGCTCCCGGTAG-1_1",0,"Resting"
"TGTAAGCTCTTGGGCG-1_1",0,"Resting"
"TGTACAGAGCGTGTCC-1_1",0,"Resting"
"TGTACAGGTATACCCA-1_1",0,"Resting"
"TGTACAGGTTGCATTG-1_1",0,"Resting"
"TGTAGACCAGTCAGCC-1_1",0,"Resting"
"TGTAGACCATCTCAAG-1_1",0,"Resting"
"TGTAGACTCACCTTAT-1_1",0,"Resting"
"TGTAGACTCGCCGATG-1_1",0,"Resting"
"TGTAGACTCTGCTTTA-1_1",0,"Resting"
"TGTCAGACAGTTGGTT-1_1",0,"Resting"
"TGTCAGAGTAACACGG-1_1",0,"Resting"
"TGTCAGAGTCTTCAAG-1_1",0,"Resting"
"TGTCAGAGTGAACCGA-1_1",0,"Resting"
"TGTCAGAGTGGGCTTC-1_1",0,"Resting"
"TGTCAGAGTTCTAACG-1_1",0,"Resting"
"TGTCAGATCAAGTCTG-1_1",0,"Resting"
"TGTCAGATCACGGTCG-1_1",0,"Resting"
"TGTCCACAGATTACCC-1_1",0,"Resting"
"TGTCCACCAGATCCAT-1_1",0,"Resting"
"TGTCCACCAGGTCCCA-1_1",0,"Resting"
"TGTCCACGTATCGCTA-1_1",0,"Resting"
"TGTCCCAAGACGAAGA-1_1",0,"Resting"
"TGTCCCAAGCAACTCT-1_1",0,"Resting"
"TGTCCCAAGCCGGAAT-1_1",0,"Resting"
"TGTCCCAGTGGTGATG-1_1",0,"Resting"
"TGTCCTGAGAGTGGCT-1_1",0,"Resting"
"TGTCCTGAGCACTCCG-1_1",0,"Resting"
"TGTCCTGTCAGTGTTG-1_1",0,"Resting"
"TGTCCTGTCGAAGAAT-1_1",0,"Resting"
"TGTCCTGTCGGATACT-1_1",0,"Resting"
"TGTCCTGTCTGATGGT-1_1",0,"Resting"
"TGTGAGTCAAGTGGAC-1_1",0,"Resting"
"TGTGAGTCATCGTGGC-1_1",0,"Resting"
"TGTGAGTTCTTCACAT-1_1",0,"Resting"
"TGTGATGAGGTAAGTT-1_1",0,"Resting"
"TGTGATGAGTTTCGAC-1_1",0,"Resting"
"TGTGATGCACAGGATG-1_1",0,"Resting"
"TGTGATGCAGCCGTTG-1_1",0,"Resting"
"TGTGATGGTGCAGTGA-1_1",0,"Resting"
"TGTGATGTCAGAGTGG-1_1",0,"Resting"
"TGTGATGTCTTCGGAA-1_1",0,"Resting"
"TGTGCGGAGACTCTTG-1_1",0,"Resting"
"TGTGCGGAGGGTGGGA-1_1",0,"Resting"
"TGTGCGGCATGACAAA-1_1",0,"Resting"
"TGTGCGGGTAGCACGA-1_1",0,"Resting"
"TGTGGCGGTCGAAGCA-1_1",0,"Resting"
"TGTGTGACACAGCTGC-1_1",0,"Resting"
"TGTGTGAGTACTGACT-1_1",0,"Resting"
"TGTGTGAGTTCCTTGC-1_1",0,"Resting"
"TGTGTGATCGGACAAG-1_1",0,"Resting"
"TGTTACTAGACGAGCT-1_1",0,"Resting"
"TGTTACTCAGAGTGTG-1_1",0,"Resting"
"TGTTACTTCCATCACC-1_1",0,"Resting"
"TGTTCATAGATTGGGC-1_1",0,"Resting"
"TGTTCATCATGACTCA-1_1",0,"Resting"
"TGTTCATGTGCAACGA-1_1",0,"Resting"
"TGTTCATTCATTGCGA-1_1",0,"Resting"
"TGTTCCGAGGGCCTCT-1_1",0,"Resting"
"TGTTCCGAGTCTCCTC-1_1",0,"Resting"
"TGTTCCGCAACACGTT-1_1",0,"Resting"
"TGTTCCGGTAGGAAAG-1_1",0,"Resting"
"TGTTCCGGTATCGCGC-1_1",0,"Resting"
"TGTTCCGTCCTTGGAA-1_1",0,"Resting"
"TGTTCCGTCTTAGGAC-1_1",0,"Resting"
"TGTTCTAAGAAGCTGC-1_1",0,"Resting"
"TGTTCTAAGTCATAGA-1_1",0,"Resting"
"TGTTCTACATCGAAGG-1_1",0,"Resting"
"TGTTCTATCACGAACT-1_1",0,"Resting"
"TGTTGAGAGTGCCGAA-1_1",0,"Resting"
"TGTTGAGCATACTGTG-1_1",0,"Resting"
"TGTTGAGGTATCCTTT-1_1",0,"Resting"
"TGTTGAGGTGGCTAGA-1_1",0,"Resting"
"TGTTGGAAGATCGCTT-1_1",0,"Resting"
"TGTTGGAGTAGAGTTA-1_1",0,"Resting"
"TGTTGGATCGTGTTCC-1_1",0,"Resting"
"TGTTTGTAGAGGTTAT-1_1",0,"Resting"
"TGTTTGTCACCTGAAT-1_1",0,"Resting"
"TGTTTGTGTGTTCAGT-1_1",0,"Resting"
"TGTTTGTTCAGCTTCC-1_1",0,"Resting"
"TTAATCCAGAGGGTGG-1_1",0,"Resting"
"TTAATCCGTCGAACAG-1_1",0,"Treg"
"TTACAGGAGACGACGT-1_1",0,"Resting"
"TTACAGGAGAGCTTTC-1_1",0,"Resting"
"TTACAGGCAGCATTGT-1_1",0,"Resting"
"TTACAGGTCGGCCAAC-1_1",0,"Resting"
"TTACAGGTCTCCACTG-1_1",0,"Resting"
"TTACCATAGCGATCGA-1_1",0,"Resting"
"TTACCATAGGTATAGT-1_1",0,"Resting"
"TTACCATCAGCACAGA-1_1",0,"Resting"
"TTACCATCAGGTGGAT-1_1",0,"Resting"
"TTACCATGTTCGGTCG-1_1",0,"Resting"
"TTACCGCCAACGATTC-1_1",0,"Resting"
"TTACCGCGTTCGTTCC-1_1",0,"Resting"
"TTACCGCGTTTAGTCG-1_1",0,"Resting"
"TTACCGCTCAGCCCAG-1_1",0,"Resting"
"TTACGCCCAAGATCCT-1_1",0,"Resting"
"TTACGCCCACAAGCTT-1_1",0,"Resting"
"TTACGCCCACTGAATC-1_1",0,"Resting"
"TTACGCCTCGAGTCCG-1_1",0,"Resting"
"TTACGTTAGCATCTTG-1_1",0,"Resting"
"TTACGTTAGGATAATC-1_1",0,"Resting"
"TTACGTTCAAACTAGA-1_1",0,"Resting"
"TTACGTTCAATTGAGA-1_1",0,"Treg"
"TTACGTTCACGCGTGT-1_1",0,"Resting"
"TTACGTTGTATCTTCT-1_1",0,"Resting"
"TTACGTTTCTGCGAGC-1_1",0,"Resting"
"TTACTGTCACAAGGTG-1_1",0,"Resting"
"TTAGGCAAGCGTCTGC-1_1",0,"Resting"
"TTAGGCACAAGTATCC-1_1",0,"Resting"
"TTAGGCACAGGAACCA-1_1",0,"Resting"
"TTAGGCAGTAGCTCGC-1_1",0,"Resting"
"TTAGGGTAGCCTATCA-1_1",0,"Resting"
"TTAGGGTAGCGAACTG-1_1",0,"Resting"
"TTAGGGTGTAAGACCG-1_1",0,"Resting"
"TTAGGGTGTAGACAGC-1_1",0,"Resting"
"TTAGGGTGTGCTGATT-1_1",0,"Resting"
"TTAGGGTTCCCGTGAG-1_1",0,"Resting"
"TTATTGCCAATAGGGC-1_1",0,"Resting"
"TTATTGCGTCACTCAA-1_1",0,"Resting"
"TTCAATCAGACAAGCC-1_1",0,"Resting"
"TTCAATCAGGGTACGT-1_1",0,"Resting"
"TTCAATCCACAACATC-1_1",0,"Resting"
"TTCAATCGTCAAGGCA-1_1",0,"Resting"
"TTCAATCGTCAGCGTC-1_1",0,"Treg"
"TTCAATCGTCCAAAGG-1_1",0,"Resting"
"TTCAATCGTGCGGATA-1_1",0,"Resting"
"TTCAATCTCTCGCAGG-1_1",0,"Resting"
"TTCACCGCACGTCTCT-1_1",0,"Resting"
"TTCACCGCAGCAGGAT-1_1",0,"Resting"
"TTCACCGCAGTAGTGG-1_1",0,"Resting"
"TTCACCGGTACAGTAA-1_1",0,"Resting"
"TTCACCGTCATGCCGG-1_1",0,"Resting"
"TTCACCGTCGGTCATA-1_1",0,"Resting"
"TTCACCGTCTATTCGT-1_1",0,"Resting"
"TTCACGCCACGCGGTT-1_1",0,"Resting"
"TTCACGCGTCATGACT-1_1",0,"Resting"
"TTCACGCTCCAATCCC-1_1",0,"Resting"
"TTCACGCTCGTCGACG-1_1",0,"Resting"
"TTCAGGACAATTTCTC-1_1",0,"Resting"
"TTCAGGATCACATCAG-1_1",0,"Resting"
"TTCATGTAGACCTCAT-1_1",0,"Resting"
"TTCATGTAGTATGCAA-1_1",0,"Resting"
"TTCATGTAGTGCTCAT-1_1",0,"Resting"
"TTCATGTCAAATAAGC-1_1",0,"Resting"
"TTCATGTCACAGTATC-1_1",0,"Resting"
"TTCATGTCACCCTGTT-1_1",0,"Resting"
"TTCATGTCACCTCAGG-1_1",0,"Treg"
"TTCATTGAGTCTGCAT-1_1",0,"Resting"
"TTCATTGTCCGTAGGC-1_1",0,"Resting"
"TTCCAATTCCACGGAC-1_1",0,"Resting"
"TTCCACGCAGTTAAAG-1_1",0,"Resting"
"TTCCACGGTCATCACA-1_1",0,"Activated"
"TTCCGGTAGATCCTAC-1_1",0,"Resting"
"TTCCGGTAGCAACAGC-1_1",0,"Resting"
"TTCCGGTAGGGATCAC-1_1",0,"Resting"
"TTCCGGTCATAGCTGT-1_1",0,"Resting"
"TTCCGGTCATAGTCAC-1_1",0,"Resting"
"TTCCGGTGTGGGATTG-1_1",0,"Resting"
"TTCCGGTTCGCCGAGT-1_1",0,"Resting"
"TTCCGGTTCTGTGCAA-1_1",0,"Resting"
"TTCCGTGAGCTATCTG-1_1",0,"Resting"
"TTCCGTGAGTGATAAC-1_1",0,"Resting"
"TTCCGTGCAGGAGACT-1_1",0,"Resting"
"TTCCGTGGTAATGCTC-1_1",0,"Resting"
"TTCCTAAAGCGCCTAC-1_1",0,"Resting"
"TTCCTAAAGGACGCAT-1_1",0,"Resting"
"TTCCTAACACGTATAC-1_1",0,"Resting"
"TTCCTAAGTTCTCGTC-1_1",0,"Resting"
"TTCCTAATCAGGCGAA-1_1",0,"Resting"
"TTCCTCTCATTGACTG-1_1",0,"Resting"
"TTCCTCTGTGAATAAC-1_1",0,"Resting"
"TTCCTCTTCCCGTGAG-1_1",0,"Resting"
"TTCCTCTTCGTTCAGA-1_1",0,"Resting"
"TTCCTTCAGAAACCAT-1_1",0,"Resting"
"TTCCTTCAGTTCCAGT-1_1",0,"Resting"
"TTCCTTCCACCAGACC-1_1",0,"Resting"
"TTCCTTCGTGGATACG-1_1",0,"Resting"
"TTCCTTCTCCATTGGA-1_1",0,"Resting"
"TTCGATTAGCCGTAAG-1_1",0,"Resting"
"TTCGATTAGGTGCTGA-1_1",0,"Resting"
"TTCGATTCAAAGACTA-1_1",0,"Resting"
"TTCGATTCACAGAAGC-1_1",0,"Resting"
"TTCGATTCAGTTGTCA-1_1",0,"Resting"
"TTCGATTCATCAACCA-1_1",0,"Resting"
"TTCGATTGTCTCACAA-1_1",0,"Resting"
"TTCGATTTCGCCAACG-1_1",0,"Resting"
"TTCGATTTCGCCAGTG-1_1",0,"Resting"
"TTCGCTGCACAAATCC-1_1",0,"Resting"
"TTCGCTGGTCGGTAAG-1_1",0,"Resting"
"TTCGCTGGTGACTCTA-1_1",0,"Resting"
"TTCGCTGGTGCCTTCT-1_1",0,"Resting"
"TTCGCTGTCCATACAG-1_1",0,"Resting"
"TTCGCTGTCGATACTG-1_1",0,"Resting"
"TTCGGTCAGGGACTGT-1_1",0,"Resting"
"TTCGGTCCAGAACGCA-1_1",0,"Resting"
"TTCGGTCTCTCATAGG-1_1",0,"Resting"
"TTCTAACAGATACGAT-1_1",0,"Resting"
"TTCTAACAGCCGCACT-1_1",0,"Resting"
"TTCTAACAGCGCACAA-1_1",0,"Resting"
"TTCTAACAGCTAATGA-1_1",0,"Resting"
"TTCTAACCACAGAAGC-1_1",0,"Resting"
"TTCTAACTCACTTATC-1_1",0,"Resting"
"TTCTAGTAGATCCAAA-1_1",0,"Resting"
"TTCTAGTCAAATTGGA-1_1",0,"Resting"
"TTCTAGTGTACCCAGC-1_1",0,"Resting"
"TTCTAGTGTATGCTTG-1_1",0,"Resting"
"TTCTAGTTCACAAGAA-1_1",0,"Resting"
"TTCTCTCGTGTTGATC-1_1",0,"Resting"
"TTCTCTCTCATAGACC-1_1",0,"Resting"
"TTCTCTCTCTATACTC-1_1",0,"Resting"
"TTCTGTAAGAGACAAG-1_1",0,"Resting"
"TTCTGTAAGCAGGGAG-1_1",0,"Resting"
"TTCTGTAAGGCTCAAG-1_1",0,"Resting"
"TTCTGTAAGTTTGCTG-1_1",0,"Resting"
"TTCTGTACACTGAATC-1_1",0,"Resting"
"TTCTGTACATCCTAAG-1_1",0,"Resting"
"TTCTGTAGTCAGCGTC-1_1",0,"Treg"
"TTCTGTAGTTTAGTCG-1_1",0,"Resting"
"TTCTTCCAGGATTCAA-1_1",0,"Resting"
"TTCTTCCCACTGTGTA-1_1",0,"Resting"
"TTCTTCCCACTGTTCC-1_1",0,"Resting"
"TTCTTCCTCAAATGCC-1_1",0,"Resting"
"TTCTTCCTCATGGCCG-1_1",0,"Resting"
"TTCTTGAAGGTTACAA-1_1",0,"Resting"
"TTCTTGAAGTAAGCAT-1_1",0,"Resting"
"TTCTTGACATGTGCCG-1_1",0,"Resting"
"TTCTTGAGTAGCGTTT-1_1",0,"Resting"
"TTCTTGAGTTCCTAGA-1_1",0,"Treg"
"TTGAACGAGCGCCTTG-1_1",0,"Resting"
"TTGAACGCACGGTGAA-1_1",0,"Resting"
"TTGAACGCATCTATCT-1_1",0,"Resting"
"TTGAACGCATTAGGAA-1_1",0,"Resting"
"TTGAACGGTACCCAGC-1_1",0,"Resting"
"TTGAACGGTATAGCTC-1_1",0,"Resting"
"TTGAACGGTTAGGCTT-1_1",0,"Resting"
"TTGAACGTCCGCACTT-1_1",0,"Resting"
"TTGAACGTCCGGTTCT-1_1",0,"Resting"
"TTGAACGTCTACGCAA-1_1",0,"Resting"
"TTGACCCAGACGGTCA-1_1",0,"Resting"
"TTGACCCCACTTTAGG-1_1",0,"Resting"
"TTGACCCGTACGGGAT-1_1",0,"Resting"
"TTGACCCTCAGGTGTT-1_1",0,"Resting"
"TTGACCCTCTCCGAAA-1_1",0,"Resting"
"TTGACCCTCTGTAACG-1_1",0,"Resting"
"TTGAGTGCACATACGT-1_1",0,"Resting"
"TTGAGTGCAGAGTGTG-1_1",0,"Resting"
"TTGAGTGCAGTCCCGA-1_1",0,"Resting"
"TTGAGTGCATCGTGGC-1_1",0,"Resting"
"TTGAGTGGTGTTGCCG-1_1",0,"Resting"
"TTGAGTGTCTTCTTCC-1_1",0,"Resting"
"TTGATGGCAAAGCTAA-1_1",0,"Resting"
"TTGATGGCAAATAAGC-1_1",0,"Resting"
"TTGATGGCAAGTGGCA-1_1",0,"Resting"
"TTGATGGCATATGGCT-1_1",0,"Resting"
"TTGATGGTCTGCTCTG-1_1",0,"Resting"
"TTGCATTAGCGCTTCG-1_1",0,"Resting"
"TTGCATTAGGCATGCA-1_1",0,"Resting"
"TTGCATTAGGTCCCGT-1_1",0,"Resting"
"TTGCATTGTAGGACCA-1_1",0,"Resting"
"TTGCATTTCGTTCATT-1_1",0,"Resting"
"TTGCCTGAGACGCTCC-1_1",0,"Resting"
"TTGCCTGAGTCCGTCG-1_1",0,"Resting"
"TTGCCTGCAACAGTGG-1_1",0,"Resting"
"TTGCCTGCACGCTGTG-1_1",0,"Resting"
"TTGCCTGGTACGTACT-1_1",0,"Resting"
"TTGCGTCAGGTGCCAA-1_1",0,"Resting"
"TTGCGTCAGTGTTGAA-1_1",0,"Resting"
"TTGCGTCCAGTGTGGA-1_1",0,"Resting"
"TTGCGTCTCGGACTTA-1_1",0,"Resting"
"TTGCTGCAGAAAGTCT-1_1",0,"Resting"
"TTGCTGCAGACGATAT-1_1",0,"Resting"
"TTGCTGCAGGTGTGAC-1_1",0,"Resting"
"TTGCTGCCACGACTAT-1_1",0,"Resting"
"TTGCTGCGTCGATTCA-1_1",0,"Resting"
"TTGCTGCGTCTGTAGT-1_1",0,"Resting"
"TTGCTGCGTGCACATT-1_1",0,"Resting"
"TTGCTGCTCACTGCTC-1_1",0,"Resting"
"TTGGATGAGCTAGAAT-1_1",0,"Resting"
"TTGGATGAGGCTTTCA-1_1",0,"Resting"
"TTGGATGAGTGCTAGG-1_1",0,"Resting"
"TTGGATGCAGTCGGTC-1_1",0,"Resting"
"TTGGATGGTTGGGCCT-1_1",0,"Resting"
"TTGGATGTCAACGTGT-1_1",0,"Resting"
"TTGGGATAGAATACAC-1_1",0,"Resting"
"TTGGGATAGCCATTGT-1_1",0,"Resting"
"TTGGGATAGTAACGTA-1_1",0,"Resting"
"TTGGGATCAACTACGT-1_1",0,"Resting"
"TTGGGATGTCTTGCTC-1_1",0,"Resting"
"TTGGGATTCCTACCGT-1_1",0,"Resting"
"TTGGGCGAGTTAGTGA-1_1",0,"Resting"
"TTGGGCGGTCGGCCTA-1_1",0,"Resting"
"TTGGGCGGTTCTGAGT-1_1",0,"Resting"
"TTGGGCGTCGACGAGA-1_1",0,"Resting"
"TTGGGCGTCTGTCCGT-1_1",0,"Activated"
"TTGGGTACAATGAGCG-1_1",0,"Resting"
"TTGGGTACATCCGCGA-1_1",0,"Resting"
"TTGGGTAGTATCGAGG-1_1",0,"Resting"
"TTGGGTAGTGAATAAC-1_1",0,"Resting"
"TTGGGTAGTTGCTAGT-1_1",0,"Resting"
"TTGGTTTCAATTGCGT-1_1",0,"Resting"
"TTGGTTTCACAGCTTA-1_1",0,"Resting"
"TTGGTTTGTCCTGTCT-1_1",0,"Resting"
"TTGGTTTTCGGACTGC-1_1",0,"Resting"
"TTGTGGAAGAAAGTCT-1_1",0,"Resting"
"TTGTGGAAGACGGAAA-1_1",0,"Resting"
"TTGTGGACACCACATA-1_1",0,"Resting"
"TTGTGGACAGCTGCCA-1_1",0,"Resting"
"TTGTGGAGTGAATTAG-1_1",0,"Resting"
"TTGTGGATCCCAAGCG-1_1",0,"Resting"
"TTGTGTTAGTCATGCT-1_1",0,"Resting"
"TTGTGTTCAGCTGTTA-1_1",0,"Resting"
"TTGTGTTGTGTCTTCC-1_1",0,"Treg"
"TTGTGTTTCAACGAGG-1_1",0,"Resting"
"TTGTTCACAGCTAACT-1_1",0,"Resting"
"TTGTTCAGTTAGGGAC-1_1",0,"Resting"
"TTGTTCAGTTCCTACC-1_1",0,"Treg"
"TTGTTCATCTCTAAGG-1_1",0,"Treg"
"TTGTTGTAGCTGCCAC-1_1",0,"Resting"
"TTGTTGTGTCTTGCGG-1_1",0,"Resting"
"TTGTTGTGTTCTTAGG-1_1",0,"Resting"
"TTGTTGTTCGAGATGG-1_1",0,"Resting"
"TTGTTTGAGCATCCCG-1_1",0,"Resting"
"TTGTTTGAGGCGATAC-1_1",0,"Resting"
"TTGTTTGGTTGCATAC-1_1",0,"Resting"
"TTTACCAAGACGAAGA-1_1",0,"Resting"
"TTTACCATCGTGGCGT-1_1",0,"Resting"
"TTTACGTAGCTAGTTC-1_1",0,"Resting"
"TTTACGTAGCTCGAAG-1_1",0,"Resting"
"TTTACGTAGTGAGGTC-1_1",0,"Resting"
"TTTACGTCAGAGACTG-1_1",0,"Resting"
"TTTACGTCAGCTTCGG-1_1",0,"Resting"
"TTTACGTGTAACACGG-1_1",0,"Resting"
"TTTACTGCAAAGGCGT-1_1",0,"Resting"
"TTTACTGCAATCGCGC-1_1",0,"Resting"
"TTTACTGCACGACGTC-1_1",0,"Resting"
"TTTAGTCAGCACTCAT-1_1",0,"Resting"
"TTTAGTCCAGTTGTTG-1_1",0,"Resting"
"TTTAGTCGTGCGAGTA-1_1",0,"Resting"
"TTTAGTCGTGGGCTCT-1_1",0,"Resting"
"TTTAGTCGTTGCTCCT-1_1",0,"Resting"
"TTTAGTCTCAGTCTTT-1_1",0,"Resting"
"TTTAGTCTCGCAGATT-1_1",0,"Resting"
"TTTAGTCTCGTCGCTT-1_1",0,"Resting"
"TTTATGCAGACAAGCC-1_1",0,"Resting"
"TTTATGCAGGGAGTTC-1_1",0,"Resting"
"TTTATGCAGTTGGAAT-1_1",0,"Resting"
"TTTATGCTCATAGGCT-1_1",0,"Resting"
"TTTCACACAGAGTGTG-1_1",0,"Resting"
"TTTCACAGTCATCCGG-1_1",0,"Resting"
"TTTCACAGTGACTGTT-1_1",0,"Resting"
"TTTCACAGTGAGCAGT-1_1",0,"Resting"
"TTTCACAGTTGGCTAT-1_1",0,"Resting"
"TTTCACATCACCGGGT-1_1",0,"Resting"
"TTTCAGTCACTTGTGA-1_1",0,"Resting"
"TTTCAGTTCCGGTAGC-1_1",0,"Resting"
"TTTCAGTTCTATGCCC-1_1",0,"Resting"
"TTTCATGAGTCCTACA-1_1",0,"Resting"
"TTTCATGCAGAACATA-1_1",0,"Resting"
"TTTCATGCATATACCG-1_1",0,"Resting"
"TTTCATGGTCATCACA-1_1",0,"Resting"
"TTTCATGGTTAAGGGC-1_1",0,"Resting"
"TTTCATGTCATGCTAG-1_1",0,"Resting"
"TTTCATGTCCGCACTT-1_1",0,"Resting"
"TTTCCTCGTCCTGGTG-1_1",0,"Resting"
"TTTCGATCAGGTCAAG-1_1",0,"Resting"
"TTTCGATGTAACACCT-1_1",0,"Resting"
"TTTCGATGTTAAAGTG-1_1",0,"Resting"
"TTTGACTAGTCCCTAA-1_1",0,"Resting"
"TTTGACTCACAATCTG-1_1",0,"Resting"
"TTTGACTCAGGCCCTA-1_1",0,"Resting"
"TTTGACTGTCATATGC-1_1",0,"Resting"
"TTTGACTGTCCGTTTC-1_1",0,"Resting"
"TTTGACTGTCGACTGC-1_1",0,"Resting"
"TTTGACTGTGGTTCTA-1_1",0,"Resting"
"TTTGACTGTGTATTCG-1_1",0,"Resting"
"TTTGACTTCAGCTGAT-1_1",0,"Resting"
"TTTGACTTCCTACACC-1_1",0,"Resting"
"TTTGACTTCGGAGATG-1_1",0,"Resting"
"TTTGATCAGTCATGGG-1_1",0,"Resting"
"TTTGATCCAAATACGA-1_1",0,"Treg"
"TTTGATCCAATGGGTG-1_1",0,"Resting"
"TTTGATCCACCAGCTG-1_1",0,"Resting"
"TTTGATCCAGGATGAC-1_1",0,"Resting"
"TTTGATCGTATTGCCA-1_1",0,"Resting"
"TTTGATCGTCGATGCC-1_1",0,"Resting"
"TTTGATCGTGAGATTA-1_1",0,"Resting"
"TTTGATCTCGTTCGCT-1_1",0,"Resting"
"TTTGATCTCTGCTTTA-1_1",0,"Resting"
"TTTGGAGAGTGGAAAG-1_1",0,"Resting"
"TTTGGAGGTCTTTCTA-1_1",0,"Resting"
"TTTGGTTAGGAAGTAG-1_1",0,"Resting"
"TTTGGTTCATCGGAAG-1_1",0,"Resting"
"TTTGGTTGTGGACTGA-1_1",0,"Resting"
"TTTGGTTGTTCGGCGT-1_1",0,"Resting"
"TTTGGTTTCGCTGATA-1_1",0,"Resting"
"TTTGGTTTCGCTTGCT-1_1",0,"Resting"
"TTTGGTTTCTTTGCGC-1_1",0,"Resting"
"TTTGTTGCACGGATCC-1_1",0,"Resting"
"TTTGTTGGTAAGATCA-1_1",0,"Resting"
"TTTGTTGGTCCAGTTA-1_1",0,"Resting"
"TTTGTTGTCATTGCCC-1_1",0,"Resting"
"TTTGTTGTCGATAACC-1_1",0,"Resting"
"AAACCCAAGGTTAGTA-1_2",12,"Activated"
"AAACCCACACCCGTAG-1_2",12,"Resting"
"AAACCCAGTCGTCATA-1_2",12,"Intermediate"
"AAACGAAAGAAACCCG-1_2",12,"Intermediate"
"AAACGAAAGACTCCGC-1_2",12,"Resting"
"AAACGAAAGAGCATCG-1_2",12,"Activated"
"AAACGAAAGGGCAGGA-1_2",12,"Intermediate"
"AAACGAACAGACCCGT-1_2",12,"Intermediate"
"AAACGAAGTACTCAAC-1_2",12,"Intermediate"
"AAACGAAGTGTCCATA-1_2",12,"Resting"
"AAACGAATCCCGGTAG-1_2",12,"Resting"
"AAACGAATCTAGCCTC-1_2",12,"Resting"
"AAACGAATCTCTAAGG-1_2",12,"Intermediate"
"AAACGCTAGACAACTA-1_2",12,"Activated"
"AAACGCTAGATGGGCT-1_2",12,"Activated"
"AAACGCTAGGATTTAG-1_2",12,"Activated"
"AAACGCTCAGCAGTGA-1_2",12,"Activated"
"AAACGCTGTATTTCGG-1_2",12,"Resting"
"AAACGCTTCACAACCA-1_2",12,"Resting"
"AAACGCTTCCACCTCA-1_2",12,"Resting"
"AAACGCTTCTGGGCAC-1_2",12,"Intermediate"
"AAAGAACGTAGTTAGA-1_2",12,"Resting"
"AAAGAACGTCATTGCA-1_2",12,"Intermediate"
"AAAGAACGTCCTTAAG-1_2",12,"Intermediate"
"AAAGAACGTCGTCGGT-1_2",12,"Activated"
"AAAGGATAGGAGGGTG-1_2",12,"Intermediate"
"AAAGGGCAGCCTATCA-1_2",12,"Activated"
"AAAGGGCAGCTGACCC-1_2",12,"Intermediate"
"AAAGGGCAGGGACTGT-1_2",12,"Intermediate"
"AAAGGGCGTAACTGCT-1_2",12,"Activated"
"AAAGGGCGTTATAGCC-1_2",12,"Resting"
"AAAGGGCGTTTGGGAG-1_2",12,"Activated"
"AAAGGTAAGGTTCAGG-1_2",12,"Activated"
"AAAGGTAAGTCCGCGT-1_2",12,"Intermediate"
"AAAGGTACAGTGGCTC-1_2",12,"Activated"
"AAAGTCCAGCTGGAGT-1_2",12,"Activated"
"AAAGTCCCAAGTGCAG-1_2",12,"Resting"
"AAAGTCCGTCTGTCCT-1_2",12,"Intermediate"
"AAAGTCCTCCCAGGCA-1_2",12,"Activated"
"AAAGTCCTCTGTCGCT-1_2",12,"Intermediate"
"AAAGTGAAGAGCAACC-1_2",12,"Activated"
"AAAGTGAGTCGAAGCA-1_2",12,"Activated"
"AAAGTGATCCTTCTTC-1_2",12,"Resting"
"AAAGTGATCGTCCTCA-1_2",12,"Activated"
"AAATGGAAGGAACGCT-1_2",12,"Resting"
"AAATGGAGTATCACGT-1_2",12,"Resting"
"AAATGGAGTCAAGCCC-1_2",12,"Activated"
"AAATGGAGTTGTAGCT-1_2",12,"Activated"
"AACAAAGAGCGTATAA-1_2",12,"Intermediate"
"AACAAAGAGGTGCAGT-1_2",12,"Resting"
"AACAAAGAGGTTAGTA-1_2",12,"Activated"
"AACAAAGAGTATCCTG-1_2",12,"Intermediate"
"AACAAAGCAGCCGTCA-1_2",12,"Activated"
"AACAAAGGTCGCACGT-1_2",12,"Activated"
"AACAAAGGTGCACATT-1_2",12,"Activated"
"AACAAAGTCACTGGTA-1_2",12,"Intermediate"
"AACAAAGTCCACGAAT-1_2",12,"Activated"
"AACAAAGTCGAAACAA-1_2",12,"Intermediate"
"AACAACCGTAACGGTG-1_2",12,"Resting"
"AACAACCGTCCAGGTC-1_2",12,"Activated"
"AACAACCGTCCGTTTC-1_2",12,"Resting"
"AACAACCTCGGACTTA-1_2",12,"Intermediate"
"AACAAGAAGTCTACCA-1_2",12,"Intermediate"
"AACAAGACAGAGTCTT-1_2",12,"Activated"
"AACACACTCTTGAACG-1_2",12,"Activated"
"AACAGGGAGGAGCTGT-1_2",12,"Activated"
"AACAGGGAGGTGCGAT-1_2",12,"Intermediate"
"AACAGGGCAAACACCT-1_2",12,"Resting"
"AACAGGGCACGAAAGC-1_2",12,"Resting"
"AACAGGGCAGTCTGGC-1_2",12,"Activated"
"AACAGGGGTTGCCTAA-1_2",12,"Resting"
"AACCAACGTGGCACTC-1_2",12,"Activated"
"AACCAACTCAACCTCC-1_2",12,"Activated"
"AACCAACTCCTGGGAC-1_2",12,"Intermediate"
"AACCAACTCTTTCCGG-1_2",12,"Resting"
"AACCACACAAATCAAG-1_2",12,"Intermediate"
"AACCACACAACGTAAA-1_2",12,"Activated"
"AACCACAGTCTGTGCG-1_2",12,"Intermediate"
"AACCACATCGAGTTGT-1_2",12,"Resting"
"AACCATGAGCGGTAAC-1_2",12,"Activated"
"AACCATGCATATAGCC-1_2",12,"Activated"
"AACCATGCATGCGGTC-1_2",12,"Intermediate"
"AACCATGGTAGACAAT-1_2",12,"Resting"
"AACCATGGTCCCTGTT-1_2",12,"Intermediate"
"AACCCAAAGGTCCTGC-1_2",12,"Activated"
"AACCCAATCGTCAACA-1_2",12,"Intermediate"
"AACCTGAGTTAGGGAC-1_2",12,"Intermediate"
"AACCTGATCGAGATAA-1_2",12,"Resting"
"AACCTTTAGCCTCCAG-1_2",12,"Intermediate"
"AACCTTTAGCCTTTGA-1_2",12,"Activated"
"AACCTTTAGTTCATGC-1_2",12,"Treg"
"AACCTTTCAGCAGACA-1_2",12,"Intermediate"
"AACCTTTCATTGTCGA-1_2",12,"Intermediate"
"AACGAAAAGACTGGGT-1_2",12,"Activated"
"AACGAAAAGGTAAGGA-1_2",12,"Intermediate"
"AACGAAACAATACGAA-1_2",12,"Resting"
"AACGAAACAATTGAGA-1_2",12,"Intermediate"
"AACGAAACAGGTCCCA-1_2",12,"Resting"
"AACGAAAGTATCCTCC-1_2",12,"Intermediate"
"AACGAAATCTGCCCTA-1_2",12,"Intermediate"
"AACGGGAAGCCTCAAT-1_2",12,"Intermediate"
"AACGGGAAGGCCTAAG-1_2",12,"Resting"
"AACGGGAGTTTCGACA-1_2",12,"Resting"
"AACGGGATCTGGACCG-1_2",12,"Intermediate"
"AACGTCAAGAACAAGG-1_2",12,"Activated"
"AACGTCACAAGTATCC-1_2",12,"Activated"
"AACGTCACATGACGTT-1_2",12,"Activated"
"AACGTCAGTCGGCTAC-1_2",12,"Resting"
"AACGTCAGTGGTAACG-1_2",12,"Activated"
"AACGTCATCCACCCTA-1_2",12,"Resting"
"AACGTCATCCTGTACC-1_2",12,"Activated"
"AACTTCTAGCTCTATG-1_2",12,"Resting"
"AACTTCTAGGCACAAC-1_2",12,"Resting"
"AACTTCTCATCGTTCC-1_2",12,"Activated"
"AAGAACAAGACCAGCA-1_2",12,"Resting"
"AAGAACAAGGTCATCT-1_2",12,"Intermediate"
"AAGAACAAGTCACAGG-1_2",12,"Intermediate"
"AAGAACACACTGCGAC-1_2",12,"Resting"
"AAGAACACACTGCTTC-1_2",12,"Activated"
"AAGAACATCTCACCCA-1_2",12,"Intermediate"
"AAGACAAAGACACACG-1_2",12,"Intermediate"
"AAGACAAGTCACAGTT-1_2",12,"Intermediate"
"AAGACAATCAAGCCAT-1_2",12,"Resting"
"AAGACAATCCCTTGGT-1_2",12,"Intermediate"
"AAGACAATCCGATTAG-1_2",12,"Resting"
"AAGACAATCCTGCTAC-1_2",12,"Activated"
"AAGACAATCGGAGATG-1_2",12,"Resting"
"AAGACTCGTAACGCGA-1_2",12,"Activated"
"AAGATAGAGCGGTAAC-1_2",12,"Activated"
"AAGATAGGTCTAATCG-1_2",12,"Activated"
"AAGATAGGTCTTGAGT-1_2",12,"Intermediate"
"AAGATAGGTTCCAAAC-1_2",12,"Intermediate"
"AAGATAGTCGCCATAA-1_2",12,"Intermediate"
"AAGATAGTCTAGTGTG-1_2",12,"Activated"
"AAGCATCAGAACTTCC-1_2",12,"Intermediate"
"AAGCATCCACCCGTAG-1_2",12,"Activated"
"AAGCCATGTTCAGCGC-1_2",12,"Intermediate"
"AAGCCATTCTAAGCGT-1_2",12,"Intermediate"
"AAGCGAGCAAGTGATA-1_2",12,"Resting"
"AAGCGAGCAATCTAGC-1_2",12,"Intermediate"
"AAGCGAGCAGAACATA-1_2",12,"Activated"
"AAGCGAGGTTGCTGAT-1_2",12,"Intermediate"
"AAGCGAGGTTTACTTC-1_2",12,"Activated"
"AAGCGAGTCTGGCTGG-1_2",12,"Intermediate"
"AAGCGTTAGATGTAGT-1_2",12,"Intermediate"
"AAGCGTTAGCCTGCCA-1_2",12,"Activated"
"AAGCGTTTCATACGGT-1_2",12,"Resting"
"AAGGAATGTACCGTCG-1_2",12,"Intermediate"
"AAGGAATGTCCTATAG-1_2",12,"Intermediate"
"AAGGAATTCACTGTTT-1_2",12,"Intermediate"
"AAGGAATTCATGCCAA-1_2",12,"Activated"
"AAGGTAAAGATAACGT-1_2",12,"Intermediate"
"AAGGTAAAGGCGACAT-1_2",12,"Treg"
"AAGGTAACATCGCTGG-1_2",12,"Intermediate"
"AAGGTAAGTTAGAAGT-1_2",12,"Intermediate"
"AAGGTAATCAACCGAT-1_2",12,"Resting"
"AAGTACCAGCGATGCA-1_2",12,"Activated"
"AAGTACCCACTCTAGA-1_2",12,"Activated"
"AAGTACCCAGTCGCTG-1_2",12,"Activated"
"AAGTACCGTACAGAGC-1_2",12,"Activated"
"AAGTACCGTCAGGCAA-1_2",12,"Activated"
"AAGTACCTCCGCACTT-1_2",12,"Intermediate"
"AAGTCGTAGCAGGCAT-1_2",12,"Intermediate"
"AAGTCGTAGCCAAGGT-1_2",12,"Intermediate"
"AAGTCGTCAAGTGGGT-1_2",12,"Activated"
"AAGTCGTTCAAGAATG-1_2",12,"Activated"
"AAGTCGTTCCACTGAA-1_2",12,"Activated"
"AAGTCGTTCGGCTGGT-1_2",12,"Intermediate"
"AAGTGAAAGCACCTGC-1_2",12,"Activated"
"AAGTGAAAGGTGCAGT-1_2",12,"Resting"
"AAGTGAACAAGCTACT-1_2",12,"Intermediate"
"AAGTGAATCCCGTTGT-1_2",12,"Intermediate"
"AAGTGAATCTTGTTAC-1_2",12,"Resting"
"AAGTTCGAGAGGATCC-1_2",12,"Activated"
"AAGTTCGAGCGACTTT-1_2",12,"Resting"
"AAGTTCGAGTTGCTGT-1_2",12,"Activated"
"AAGTTCGTCCGTGTAA-1_2",12,"Intermediate"
"AAGTTCGTCGGCACTG-1_2",12,"Intermediate"
"AAGTTCGTCGTGAGAG-1_2",12,"Intermediate"
"AATAGAGAGAGTATAC-1_2",12,"Treg"
"AATAGAGAGCAGGGAG-1_2",12,"Resting"
"AATAGAGAGCGCTGCT-1_2",12,"Activated"
"AATAGAGCACGAGGAT-1_2",12,"Intermediate"
"AATAGAGCAGTTCACA-1_2",12,"Resting"
"AATAGAGCATAAGCGG-1_2",12,"Intermediate"
"AATAGAGGTTCAAACC-1_2",12,"Intermediate"
"AATAGAGTCCTTTAGT-1_2",12,"Intermediate"
"AATCACGAGCAAACAT-1_2",12,"Activated"
"AATCACGTCCTCATAT-1_2",12,"Activated"
"AATCGACAGTGGCGAT-1_2",12,"Resting"
"AATCGACCACCCAAGC-1_2",12,"Activated"
"AATCGACCATGCAGGA-1_2",12,"Resting"
"AATCGACGTACCGTCG-1_2",12,"Resting"
"AATCGACGTATCACGT-1_2",12,"Intermediate"
"AATCGTGCAACACACT-1_2",12,"Intermediate"
"AATCGTGCAGCAGTGA-1_2",12,"Resting"
"AATCGTGTCCTATTGT-1_2",12,"Activated"
"AATCGTGTCTCGTCAC-1_2",12,"Activated"
"AATCGTGTCTGCGGAC-1_2",12,"Resting"
"AATCGTGTCTTCCGTG-1_2",12,"Resting"
"AATGAAGGTATCAAGA-1_2",12,"Intermediate"
"AATGACCAGAGTCAAT-1_2",12,"Activated"
"AATGACCCACGACTAT-1_2",12,"Resting"
"AATGACCCAGCGAGTA-1_2",12,"Intermediate"
"AATGACCTCCGGCAAC-1_2",12,"Intermediate"
"AATGACCTCGTTTACT-1_2",12,"Activated"
"AATGACCTCTTAGCCC-1_2",12,"Activated"
"AATGCCAAGAACCCGA-1_2",12,"Intermediate"
"AATGCCAAGAGTCAGC-1_2",12,"Activated"
"AATGCCAAGATCCTAC-1_2",12,"Intermediate"
"AATGCCAAGGTATAGT-1_2",12,"Intermediate"
"AATGCCAGTACCGTCG-1_2",12,"Activated"
"AATGCCAGTCTTGAAC-1_2",12,"Intermediate"
"AATGCCAGTTTCTATC-1_2",12,"Intermediate"
"AATGCCATCTGGGAGA-1_2",12,"Activated"
"AATGGAAAGATTTGCC-1_2",12,"Activated"
"AATGGAATCGGAACTT-1_2",12,"Resting"
"AATGGCTAGGTTAAAC-1_2",12,"Activated"
"AATGGCTCAAGTATAG-1_2",12,"Activated"
"AATGGCTCACATAACC-1_2",12,"Activated"
"AATGGCTCATCCAACA-1_2",12,"Activated"
"AATGGCTCATCGTGGC-1_2",12,"Activated"
"AATGGCTTCCATTCAT-1_2",12,"Resting"
"AATGGCTTCTGACGCG-1_2",12,"Resting"
"AATTCCTAGGAGATAG-1_2",12,"Intermediate"
"AATTCCTCAGGAATCG-1_2",12,"Activated"
"AATTTCCCAACTCGAT-1_2",12,"Intermediate"
"AATTTCCCAAGCCTGC-1_2",12,"Activated"
"ACAAAGAAGAGCAGCT-1_2",12,"Activated"
"ACAAAGAAGAGGACTC-1_2",12,"Activated"
"ACAAAGACAGAACATA-1_2",12,"Intermediate"
"ACAAAGACATCCGTGG-1_2",12,"Intermediate"
"ACAAAGAGTTACGCCG-1_2",12,"Resting"
"ACAAAGAGTTGGTGTT-1_2",12,"Intermediate"
"ACAAAGATCAGGACAG-1_2",12,"Activated"
"ACAACCAAGAATCCCT-1_2",12,"Resting"
"ACAACCAAGATACTGA-1_2",12,"Resting"
"ACAACCAAGCGGGTAT-1_2",12,"Intermediate"
"ACAACCAGTAGCGTCC-1_2",12,"Intermediate"
"ACAACCATCAGCGGAA-1_2",12,"Intermediate"
"ACAACCATCGACGCTG-1_2",12,"Activated"
"ACAACCATCGCGTGAC-1_2",12,"Intermediate"
"ACAAGCTAGCATGAAT-1_2",12,"Intermediate"
"ACAAGCTCACTCTGCT-1_2",12,"Resting"
"ACACAGTAGCCTGCCA-1_2",12,"Intermediate"
"ACACAGTAGCTACTGT-1_2",12,"Activated"
"ACACAGTAGGAATCGC-1_2",12,"Intermediate"
"ACACAGTAGGGCAGAG-1_2",12,"Intermediate"
"ACACAGTAGTCTTGGT-1_2",12,"Resting"
"ACACAGTCAGAGTTCT-1_2",12,"Activated"
"ACACAGTGTCCAAAGG-1_2",12,"Activated"
"ACACAGTGTCCGGATC-1_2",12,"Resting"
"ACACAGTGTTAGGCCC-1_2",12,"Activated"
"ACACAGTGTTTACTGG-1_2",12,"Treg"
"ACACAGTTCAAGAGGC-1_2",12,"Activated"
"ACACCAAAGAGCCCAA-1_2",12,"Resting"
"ACACCAACAAGGTACG-1_2",12,"Activated"
"ACACCAACAGGGACTA-1_2",12,"Intermediate"
"ACACGCGCAAGATTGA-1_2",12,"Activated"
"ACACGCGCAGTCTGGC-1_2",12,"Intermediate"
"ACACGCGGTCTTGTCC-1_2",12,"Intermediate"
"ACACGCGGTTCCTACC-1_2",12,"Activated"
"ACACGCGTCACCGGTG-1_2",12,"Activated"
"ACACGCGTCCGTATGA-1_2",12,"Activated"
"ACACTGAAGGAGTATT-1_2",12,"Activated"
"ACACTGACACACCGCA-1_2",12,"Activated"
"ACACTGAGTTCTCCCA-1_2",12,"Intermediate"
"ACACTGATCACTCACC-1_2",12,"Activated"
"ACAGAAAAGATGAAGG-1_2",12,"Activated"
"ACAGAAACACTCATAG-1_2",12,"Resting"
"ACAGAAACAGTAGAGC-1_2",12,"Resting"
"ACAGAAATCAAGAGGC-1_2",12,"Resting"
"ACAGCCGAGGTTACCT-1_2",12,"Activated"
"ACAGCCGCACGAGGAT-1_2",12,"Intermediate"
"ACAGCCGCAGACATCT-1_2",12,"Activated"
"ACAGCCGCATCCGATA-1_2",12,"Activated"
"ACAGCCGCATGGAACG-1_2",12,"Resting"
"ACAGCCGGTATCGAAA-1_2",12,"Resting"
"ACAGCCGGTGTTGACT-1_2",12,"Intermediate"
"ACAGGGAGTATGTCCA-1_2",12,"Activated"
"ACAGGGATCCGTCCTA-1_2",12,"Activated"
"ACAGGGATCGCAGTTA-1_2",12,"Intermediate"
"ACATCCCAGGGATCTG-1_2",12,"Intermediate"
"ACATCCCCAGCGTACC-1_2",12,"Intermediate"
"ACATCCCGTGAGTAAT-1_2",12,"Activated"
"ACATCCCGTGGTAATA-1_2",12,"Intermediate"
"ACATCGAAGACGGAAA-1_2",12,"Intermediate"
"ACATCGAAGCGATCGA-1_2",12,"Intermediate"
"ACATCGAAGTAGGAAG-1_2",12,"Resting"
"ACATCGAAGTTGGGAC-1_2",12,"Intermediate"
"ACATCGACAGAGAAAG-1_2",12,"Intermediate"
"ACATCGAGTCATCACA-1_2",12,"Activated"
"ACATCGATCAAATGAG-1_2",12,"Activated"
"ACATCGATCATCCCGT-1_2",12,"Activated"
"ACATCGATCGTCTACC-1_2",12,"Activated"
"ACATGCACACTTCATT-1_2",12,"Intermediate"
"ACATGCAGTAGAGTTA-1_2",12,"Resting"
"ACATGCAGTCTGTTAG-1_2",12,"Activated"
"ACATGCAGTTGCAACT-1_2",12,"Intermediate"
"ACATGCATCCCAACTC-1_2",12,"Activated"
"ACATGCATCTGGCTGG-1_2",12,"Resting"
"ACATTTCAGAGTCAGC-1_2",12,"Intermediate"
"ACATTTCAGCGATGAC-1_2",12,"Intermediate"
"ACATTTCAGTGCGCTC-1_2",12,"Activated"
"ACATTTCCAACCAGAG-1_2",12,"Activated"
"ACATTTCCACACACTA-1_2",12,"Activated"
"ACATTTCCAGTATACC-1_2",12,"Intermediate"
"ACATTTCGTCACTCGG-1_2",12,"Activated"
"ACATTTCGTCCCGTGA-1_2",12,"Activated"
"ACATTTCTCCGAGTGC-1_2",12,"Intermediate"
"ACCAAACCATATACCG-1_2",12,"Resting"
"ACCAACAAGGAGACCT-1_2",12,"Resting"
"ACCAACAGTATCAGCT-1_2",12,"Intermediate"
"ACCAACATCTCTCTTC-1_2",12,"Resting"
"ACCAACATCTGTGTGA-1_2",12,"Activated"
"ACCACAAAGACCTCCG-1_2",12,"Intermediate"
"ACCACAACACCGGCTA-1_2",12,"Intermediate"
"ACCACAACAGCTCGGT-1_2",12,"Resting"
"ACCACAATCGTCGCTT-1_2",12,"Intermediate"
"ACCATTTAGCAAGGAA-1_2",12,"Intermediate"
"ACCATTTAGGCCCACT-1_2",12,"Intermediate"
"ACCATTTCAAGCTCTA-1_2",12,"Intermediate"
"ACCATTTGTACAGAGC-1_2",12,"Treg"
"ACCCAAAAGCTGGCCT-1_2",12,"Resting"
"ACCCAAACAAGGACAC-1_2",12,"Activated"
"ACCCAAACATAGGTAA-1_2",12,"Resting"
"ACCCAAATCGTAGAGG-1_2",12,"Intermediate"
"ACCCTCACAGTTTCAG-1_2",12,"Resting"
"ACCCTCACATGCCGAC-1_2",12,"Activated"
"ACCCTCAGTCAGTCTA-1_2",12,"Resting"
"ACCCTCAGTGGCGCTT-1_2",12,"Intermediate"
"ACCCTCATCTTGCAAG-1_2",12,"Treg"
"ACCCTTGCACGTCGTG-1_2",12,"Activated"
"ACCCTTGGTTGTCAGT-1_2",12,"Activated"
"ACCGTTCAGCGATTCT-1_2",12,"Activated"
"ACCGTTCTCGAAGAAT-1_2",12,"Activated"
"ACCTACCAGCTGAAAT-1_2",12,"Activated"
"ACCTACCGTGACCTGC-1_2",12,"Intermediate"
"ACCTACCGTTGATGTC-1_2",12,"Resting"
"ACCTGAAAGGTTTGAA-1_2",12,"Resting"
"ACCTGAAGTGCAAGAC-1_2",12,"Resting"
"ACCTGAAGTGGACCAA-1_2",12,"Resting"
"ACCTGTCAGAATCCCT-1_2",12,"Activated"
"ACCTGTCAGACGCAGT-1_2",12,"Activated"
"ACCTGTCAGGCATCGA-1_2",12,"Resting"
"ACCTGTCAGGTCTACT-1_2",12,"Intermediate"
"ACCTGTCCATGAAGCG-1_2",12,"Intermediate"
"ACCTGTCGTGGCCACT-1_2",12,"Activated"
"ACCTGTCGTTCAAGGG-1_2",12,"Resting"
"ACGATCAAGGAACTAT-1_2",12,"Intermediate"
"ACGATCACACAGTCAT-1_2",12,"Activated"
"ACGATCAGTGTATACC-1_2",12,"Activated"
"ACGATCATCGCTTGCT-1_2",12,"Activated"
"ACGATGTAGGTACTGG-1_2",12,"Activated"
"ACGATGTCAACACGTT-1_2",12,"Intermediate"
"ACGATGTCAGTGGGTA-1_2",12,"Activated"
"ACGATGTGTAACGGTG-1_2",12,"Activated"
"ACGATGTGTAGCACAG-1_2",12,"Intermediate"
"ACGATGTGTCCAAATC-1_2",12,"Activated"
"ACGATGTGTCTACGTA-1_2",12,"Activated"
"ACGATGTGTGGGACAT-1_2",12,"Resting"
"ACGCACGCACACAGCC-1_2",12,"Intermediate"
"ACGCACGCATACCATG-1_2",12,"Intermediate"
"ACGCACGTCCCTCATG-1_2",12,"Treg"
"ACGGAAGAGGTTGTTC-1_2",12,"Intermediate"
"ACGGAAGCACCCTTGT-1_2",12,"Intermediate"
"ACGGAAGGTTGGAGAC-1_2",12,"Activated"
"ACGGAAGGTTTCTTAC-1_2",12,"Intermediate"
"ACGGGTCCATCCAATG-1_2",12,"Resting"
"ACGGGTCGTCATCCGG-1_2",12,"Intermediate"
"ACGGGTCGTGAGAACC-1_2",12,"Activated"
"ACGGGTCTCCCGAATA-1_2",12,"Intermediate"
"ACGGTCGCACAGCTGC-1_2",12,"Resting"
"ACGGTCGGTCATGCAT-1_2",12,"Activated"
"ACGGTCGGTTAAGCAA-1_2",12,"Intermediate"
"ACGGTCGTCGGTCTGG-1_2",12,"Intermediate"
"ACGGTTACATGACGGA-1_2",12,"Intermediate"
"ACGGTTAGTACACGCC-1_2",12,"Resting"
"ACGGTTATCCATTCAT-1_2",12,"Resting"
"ACGGTTATCGGTAAGG-1_2",12,"Intermediate"
"ACGTAACAGTGAGCCA-1_2",12,"Resting"
"ACGTAACCACGGTGCT-1_2",12,"Resting"
"ACGTAACGTGTCCATA-1_2",12,"Resting"
"ACGTACAAGACTGTTC-1_2",12,"Activated"
"ACGTACAAGTGTACCT-1_2",12,"Activated"
"ACGTACAAGTTTCTTC-1_2",12,"Intermediate"
"ACGTACACAGGTACGA-1_2",12,"Intermediate"
"ACGTACAGTGCTGCAC-1_2",12,"Activated"
"ACGTACAGTTGCTAGT-1_2",12,"Activated"
"ACGTACAGTTGGAGAC-1_2",12,"Activated"
"ACGTACATCCGCATAA-1_2",12,"Intermediate"
"ACGTACATCGCCTTTG-1_2",12,"Activated"
"ACGTAGTGTATAATGG-1_2",12,"Activated"
"ACGTAGTGTCAGATTC-1_2",12,"Resting"
"ACGTAGTTCAACCCGG-1_2",12,"Activated"
"ACGTCCTAGCGCATCC-1_2",12,"Activated"
"ACGTCCTGTATCGTGT-1_2",12,"Intermediate"
"ACGTCCTTCACATACG-1_2",12,"Intermediate"
"ACGTTCCAGGTCCTGC-1_2",12,"Activated"
"ACGTTCCCAAACGAGC-1_2",12,"Activated"
"ACGTTCCCATTGGATC-1_2",12,"Resting"
"ACGTTCCTCATAGAGA-1_2",12,"Intermediate"
"ACGTTCCTCATCTATC-1_2",12,"Intermediate"
"ACGTTCCTCCATTTGT-1_2",12,"Activated"
"ACGTTCCTCCGGACGT-1_2",12,"Intermediate"
"ACGTTCCTCTAGTGTG-1_2",12,"Intermediate"
"ACTACGAAGAAATGGG-1_2",12,"Intermediate"
"ACTACGAAGATGTTAG-1_2",12,"Resting"
"ACTACGAGTTCGGTCG-1_2",12,"Resting"
"ACTACGATCACCATCC-1_2",12,"Intermediate"
"ACTACGATCCGTGCGA-1_2",12,"Intermediate"
"ACTACGATCGCCTTTG-1_2",12,"Intermediate"
"ACTACGATCTGTCCCA-1_2",12,"Treg"
"ACTATCTAGACATGCG-1_2",12,"Resting"
"ACTATGGCACATACGT-1_2",12,"Resting"
"ACTATGGCATCGTGCG-1_2",12,"Activated"
"ACTATGGGTGGCTTAT-1_2",12,"Intermediate"
"ACTATTCAGGCAGGGA-1_2",12,"Activated"
"ACTATTCAGTGTTGAA-1_2",12,"Resting"
"ACTATTCTCCCTCTTT-1_2",12,"Resting"
"ACTATTCTCGAATCCA-1_2",12,"Resting"
"ACTCCCAAGAGACAAG-1_2",12,"Activated"
"ACTCCCAGTTAGGGTG-1_2",12,"Intermediate"
"ACTCCCAGTTGAATCC-1_2",12,"Intermediate"
"ACTCTCGCAGATTCGT-1_2",12,"Activated"
"ACTCTCGGTAGCCAGA-1_2",12,"Activated"
"ACTCTCGTCGCTAGCG-1_2",12,"Activated"
"ACTCTCGTCTCGTTTA-1_2",12,"Resting"
"ACTGATGAGGACGCAT-1_2",12,"Resting"
"ACTGATGTCGCGAAGA-1_2",12,"Intermediate"
"ACTGATGTCGCTACAA-1_2",12,"Resting"
"ACTGCAAAGCACCCAC-1_2",12,"Resting"
"ACTGCAAAGCCGGATA-1_2",12,"Intermediate"
"ACTGCAACAATCCTTT-1_2",12,"Activated"
"ACTGCAACAGAATGTA-1_2",12,"Resting"
"ACTGCAATCTCACGAA-1_2",12,"Resting"
"ACTGTCCAGCACCGAA-1_2",12,"Intermediate"
"ACTGTCCAGGGTAATT-1_2",12,"Resting"
"ACTGTCCCAACACAAA-1_2",12,"Activated"
"ACTGTCCCACATATCG-1_2",12,"Activated"
"ACTGTCCCATATGCGT-1_2",12,"Activated"
"ACTGTCCGTGGGTTGA-1_2",12,"Intermediate"
"ACTGTCCTCAGCGTCG-1_2",12,"Activated"
"ACTGTCCTCCCTGTTG-1_2",12,"Resting"
"ACTGTCCTCGTTCGCT-1_2",12,"Intermediate"
"ACTGTGAAGGCTTAGG-1_2",12,"Intermediate"
"ACTGTGACATGGAGAC-1_2",12,"Intermediate"
"ACTGTGAGTCATACCA-1_2",12,"Activated"
"ACTGTGAGTGGGACAT-1_2",12,"Activated"
"ACTGTGAGTTGGCTAT-1_2",12,"Resting"
"ACTGTGAGTTGTCAGT-1_2",12,"Activated"
"ACTTAGGAGCTCTATG-1_2",12,"Intermediate"
"ACTTAGGGTCCTACAA-1_2",12,"Intermediate"
"ACTTAGGTCCTGCCAT-1_2",12,"Activated"
"ACTTATCAGCAGATAT-1_2",12,"Activated"
"ACTTATCCAAAGCTCT-1_2",12,"Resting"
"ACTTATCGTACGAGTG-1_2",12,"Activated"
"ACTTATCGTCATCCGG-1_2",12,"Activated"
"ACTTATCGTCTAGATC-1_2",12,"Intermediate"
"ACTTATCTCGTCAAAC-1_2",12,"Activated"
"ACTTCCGAGACTCCGC-1_2",12,"Activated"
"ACTTCCGAGGCTTAAA-1_2",12,"Resting"
"ACTTCCGAGTCGGCCT-1_2",12,"Activated"
"ACTTCCGTCTACGGGC-1_2",12,"Activated"
"ACTTCCGTCTTCACGC-1_2",12,"Activated"
"ACTTCGCGTTGGTAGG-1_2",12,"Resting"
"ACTTTCAGTTAGGACG-1_2",12,"Treg"
"ACTTTGTCACTTGACA-1_2",12,"Intermediate"
"ACTTTGTGTGTGAGCA-1_2",12,"Resting"
"ACTTTGTGTTGCGGCT-1_2",12,"Intermediate"
"AGAAATGAGATTGACA-1_2",12,"Intermediate"
"AGAAATGCAAGGTCAG-1_2",12,"Intermediate"
"AGAAATGCAAGTAGTA-1_2",12,"Resting"
"AGAAATGGTAGCTCGC-1_2",12,"Activated"
"AGAAATGTCTTACCGC-1_2",12,"Resting"
"AGAACAAAGATCGGTG-1_2",12,"Intermediate"
"AGAACAAAGCGAATGC-1_2",12,"Activated"
"AGAACAAGTGGATCGA-1_2",12,"Activated"
"AGAACAAGTTCGAACT-1_2",12,"Activated"
"AGAACAATCCTACGGG-1_2",12,"Resting"
"AGAACAATCTTCGGTC-1_2",12,"Resting"
"AGAACCTAGATGTTGA-1_2",12,"Resting"
"AGAACCTGTATCGATC-1_2",12,"Activated"
"AGAAGCGTCACCGGTG-1_2",12,"Intermediate"
"AGAAGTACAAACCATC-1_2",12,"Intermediate"
"AGAAGTATCCACTAGA-1_2",12,"Activated"
"AGAAGTATCTTTGCTA-1_2",12,"Activated"
"AGACAAAAGGCTTCCG-1_2",12,"Activated"
"AGACAAACAGAACTTC-1_2",12,"Resting"
"AGACAAATCGAGATGG-1_2",12,"Activated"
"AGACACTAGGTCTTTG-1_2",12,"Resting"
"AGACACTCAGCAATTC-1_2",12,"Resting"
"AGACACTCAGTCAACT-1_2",12,"Intermediate"
"AGACACTGTGACAGCA-1_2",12,"Intermediate"
"AGACACTGTTCGGTTA-1_2",12,"Resting"
"AGACACTGTTCTAAGC-1_2",12,"Intermediate"
"AGACAGGAGGTCATCT-1_2",12,"Resting"
"AGACAGGAGGTGGGTT-1_2",12,"Activated"
"AGACAGGAGTTGTAGA-1_2",12,"Activated"
"AGACAGGTCAGGGATG-1_2",12,"Intermediate"
"AGACCATAGAGATGCC-1_2",12,"Resting"
"AGACCATAGCTTAAGA-1_2",12,"Intermediate"
"AGACCATCAATCCAGT-1_2",12,"Intermediate"
"AGACCCGAGAGAGTTT-1_2",12,"Intermediate"
"AGACCCGAGCTCGACC-1_2",12,"Resting"
"AGACCCGTCTACTATC-1_2",12,"Resting"
"AGACTCACAGAGTGTG-1_2",12,"Intermediate"
"AGACTCACAGCATACT-1_2",12,"Resting"
"AGACTCACAGCCGTTG-1_2",12,"Intermediate"
"AGACTCATCAAGCGTT-1_2",12,"Resting"
"AGAGAATAGTCATAGA-1_2",12,"Activated"
"AGAGAATCAACTGCTA-1_2",12,"Resting"
"AGAGAATGTACACGCC-1_2",12,"Resting"
"AGAGAATGTATTTCGG-1_2",12,"Intermediate"
"AGAGAATGTCGACTGC-1_2",12,"Intermediate"
"AGAGAATGTGAGGAAA-1_2",12,"Activated"
"AGAGAGCCACACACGC-1_2",12,"Resting"
"AGAGAGCCAGCACCCA-1_2",12,"Intermediate"
"AGAGAGCTCGCATTAG-1_2",12,"Intermediate"
"AGAGCAGCAAATGCGG-1_2",12,"Resting"
"AGAGCAGCATCGCTCT-1_2",12,"Resting"
"AGAGCAGTCCGTGTGG-1_2",12,"Activated"
"AGAGCAGTCGCATTAG-1_2",12,"Resting"
"AGAGCCCAGGTATAGT-1_2",12,"Activated"
"AGAGCCCCAATTGCCA-1_2",12,"Activated"
"AGAGCCCGTCCCTGTT-1_2",12,"Intermediate"
"AGAGCCCTCTGCCCTA-1_2",12,"Activated"
"AGATAGAAGTAACGAT-1_2",12,"Resting"
"AGATAGAAGTTGGACG-1_2",12,"Resting"
"AGATAGACATGTGCTA-1_2",12,"Intermediate"
"AGATAGATCCTGGTCT-1_2",12,"Intermediate"
"AGATCCAAGACTAGAT-1_2",12,"Resting"
"AGATCCAAGATTGCGG-1_2",12,"Resting"
"AGATCCAAGCCAAGGT-1_2",12,"Activated"
"AGATCCACACTCCGGA-1_2",12,"Resting"
"AGATCCATCGCGTGCA-1_2",12,"Activated"
"AGATCCATCTCATTTG-1_2",12,"Intermediate"
"AGATCCATCTCGGTAA-1_2",12,"Intermediate"
"AGATCGTAGGTATAGT-1_2",12,"Intermediate"
"AGATCGTCACGGTGTC-1_2",12,"Intermediate"
"AGATCGTGTACGTGAG-1_2",12,"Intermediate"
"AGATCGTTCATGTCAG-1_2",12,"Activated"
"AGATGAAAGTAACCTC-1_2",12,"Activated"
"AGATGAAAGTTCCGTA-1_2",12,"Activated"
"AGATGAAGTTACTCAG-1_2",12,"Activated"
"AGATGAAGTTGCATCA-1_2",12,"Resting"
"AGATGAAGTTTAAGGA-1_2",12,"Activated"
"AGATGAATCATAGACC-1_2",12,"Resting"
"AGATGCTGTACGGATG-1_2",12,"Resting"
"AGATGCTGTCTGCAAT-1_2",12,"Activated"
"AGATGCTGTGAGACGT-1_2",12,"Resting"
"AGATGCTGTGCTGCAC-1_2",12,"Intermediate"
"AGCATCAAGCCAGTAG-1_2",12,"Intermediate"
"AGCATCACAGCTGTTA-1_2",12,"Intermediate"
"AGCATCACAGTCACGC-1_2",12,"Intermediate"
"AGCATCAGTCAACCAT-1_2",12,"Activated"
"AGCATCAGTCGCGTCA-1_2",12,"Resting"
"AGCATCAGTGGGTTGA-1_2",12,"Activated"
"AGCATCATCTACCCAC-1_2",12,"Activated"
"AGCATCATCTGCGATA-1_2",12,"Intermediate"
"AGCCAATAGCTGAGCA-1_2",12,"Activated"
"AGCCAATCAGCATTGT-1_2",12,"Resting"
"AGCCAATGTAGACACG-1_2",12,"Resting"
"AGCCACGAGCCTCTCT-1_2",12,"Resting"
"AGCCACGAGCCTGCCA-1_2",12,"Intermediate"
"AGCCACGTCTGGGCAC-1_2",12,"Intermediate"
"AGCCACGTCTTTGCAT-1_2",12,"Resting"
"AGCCAGCGTAGGATAT-1_2",12,"Resting"
"AGCCAGCGTTATCTTC-1_2",12,"Intermediate"
"AGCCAGCTCATCGGGC-1_2",12,"Resting"
"AGCCAGCTCTGATTCT-1_2",12,"Activated"
"AGCGATTAGACTGAGC-1_2",12,"Intermediate"
"AGCGATTAGCTCACTA-1_2",12,"Activated"
"AGCGATTCAAGTCGTT-1_2",12,"Activated"
"AGCGATTCACTAGGTT-1_2",12,"Activated"
"AGCGATTGTGGCTTAT-1_2",12,"Intermediate"
"AGCGATTTCTAGTGAC-1_2",12,"Activated"
"AGCGATTTCTCTGGTC-1_2",12,"Activated"
"AGCGATTTCTTTACAC-1_2",12,"Resting"
"AGCGCCACAACCTAAC-1_2",12,"Activated"
"AGCGCCACAAGGAGTC-1_2",12,"Resting"
"AGCGCCACACCATATG-1_2",12,"Activated"
"AGCGCCACAGAACCGA-1_2",12,"Activated"
"AGCGCCAGTACGTACT-1_2",12,"Resting"
"AGCGCCATCAAATGAG-1_2",12,"Activated"
"AGCGCCATCGGTCGAC-1_2",12,"Resting"
"AGCGCTGAGCGCACAA-1_2",12,"Resting"
"AGCGCTGGTACAAGCG-1_2",12,"Intermediate"
"AGCGCTGGTCTAATCG-1_2",12,"Resting"
"AGCGTATAGCCTTTGA-1_2",12,"Activated"
"AGCGTATAGGCATCGA-1_2",12,"Intermediate"
"AGCGTATCAGGATTCT-1_2",12,"Resting"
"AGCGTATTCGCCACTT-1_2",12,"Treg"
"AGCGTATTCTTGCGCT-1_2",12,"Activated"
"AGCGTCGAGCTAGATA-1_2",12,"Activated"
"AGCGTCGCAATCCTAG-1_2",12,"Resting"
"AGCTACAAGGTCTACT-1_2",12,"Intermediate"
"AGCTACAGTACTCGCG-1_2",12,"Activated"
"AGCTACAGTCGTGGAA-1_2",12,"Activated"
"AGCTACAGTTGCCGAC-1_2",12,"Intermediate"
"AGCTACATCAGTGGGA-1_2",12,"Resting"
"AGCTACATCCCGAAAT-1_2",12,"Activated"
"AGCTCAATCGGAATGG-1_2",12,"Activated"
"AGCTTCCAGCACAAAT-1_2",12,"Activated"
"AGCTTCCAGCCATGCC-1_2",12,"Activated"
"AGCTTCCCAAGCTGCC-1_2",12,"Activated"
"AGCTTCCTCCGAAATC-1_2",12,"Intermediate"
"AGCTTCCTCCTTCGAC-1_2",12,"Treg"
"AGCTTCCTCTAATTCC-1_2",12,"Activated"
"AGGAAATAGATTGCGG-1_2",12,"Activated"
"AGGAAATCACTGCGAC-1_2",12,"Intermediate"
"AGGAAATCACTTCCTG-1_2",12,"Intermediate"
"AGGAAATCAGACACCC-1_2",12,"Activated"
"AGGAAATGTCGCGGTT-1_2",12,"Resting"
"AGGAAATTCAAATAGG-1_2",12,"Resting"
"AGGAAATTCAGTCATG-1_2",12,"Activated"
"AGGAATAAGCCTCAGC-1_2",12,"Intermediate"
"AGGAATAAGTTTGCTG-1_2",12,"Intermediate"
"AGGAATAGTACAGCGA-1_2",12,"Activated"
"AGGAATAGTTGCTTGA-1_2",12,"Activated"
"AGGACGAAGGAACTCG-1_2",12,"Activated"
"AGGACGACAGTCGCTG-1_2",12,"Activated"
"AGGACGAGTAGGAGGG-1_2",12,"Resting"
"AGGACGATCAATGCAC-1_2",12,"Resting"
"AGGACTTCAGCAGATG-1_2",12,"Activated"
"AGGACTTTCCTTTAGT-1_2",12,"Activated"
"AGGACTTTCTTACGGA-1_2",12,"Activated"
"AGGAGGTAGTCAATCC-1_2",12,"Activated"
"AGGAGGTCAACAAAGT-1_2",12,"Resting"
"AGGAGGTCATATCTGG-1_2",12,"Activated"
"AGGAGGTCATTAAGCC-1_2",12,"Intermediate"
"AGGATAACAACGTATC-1_2",12,"Activated"
"AGGATAAGTTAAACAG-1_2",12,"Intermediate"
"AGGATAAGTTGGAGAC-1_2",12,"Intermediate"
"AGGATCTCAATTTCTC-1_2",12,"Intermediate"
"AGGATCTGTCCTTAAG-1_2",12,"Resting"
"AGGATCTGTGTTTACG-1_2",12,"Activated"
"AGGATCTGTTCTCGTC-1_2",12,"Intermediate"
"AGGATCTTCAATGCAC-1_2",12,"Intermediate"
"AGGATCTTCTGCTCTG-1_2",12,"Activated"
"AGGCATTAGGTTCACT-1_2",12,"Resting"
"AGGCATTGTCGAGTGA-1_2",12,"Intermediate"
"AGGCATTGTTATTCTC-1_2",12,"Resting"
"AGGCCACCATACTGTG-1_2",12,"Treg"
"AGGCCACGTGGCCCAT-1_2",12,"Intermediate"
"AGGCCACTCACCCTTG-1_2",12,"Resting"
"AGGCTGCAGGTAAGGA-1_2",12,"Activated"
"AGGCTGCAGTCAACAA-1_2",12,"Activated"
"AGGCTGCCATATCTCT-1_2",12,"Intermediate"
"AGGCTGCCATCAGCGC-1_2",12,"Resting"
"AGGCTGCTCCTCAGGG-1_2",12,"Intermediate"
"AGGGAGTAGCTAGCCC-1_2",12,"Activated"
"AGGGAGTAGGAGTATT-1_2",12,"Intermediate"
"AGGGAGTCAGGCTATT-1_2",12,"Activated"
"AGGGAGTGTATCGCTA-1_2",12,"Resting"
"AGGGAGTTCACCCTCA-1_2",12,"Activated"
"AGGGAGTTCACCGGTG-1_2",12,"Intermediate"
"AGGGCCTAGCTTAAGA-1_2",12,"Intermediate"
"AGGGCCTAGGCCCACT-1_2",12,"Intermediate"
"AGGGCCTGTTGGGTTT-1_2",12,"Activated"
"AGGGCCTTCCACGTGG-1_2",12,"Resting"
"AGGGCTCAGCGGGTAT-1_2",12,"Resting"
"AGGGCTCTCATCTATC-1_2",12,"Intermediate"
"AGGGTCCAGTAACGTA-1_2",12,"Resting"
"AGGGTCCAGTCATACC-1_2",12,"Activated"
"AGGGTCCCAAAGGCAC-1_2",12,"Activated"
"AGGGTCCTCCTCTTTC-1_2",12,"Resting"
"AGGGTGACATAGAGGC-1_2",12,"Activated"
"AGGGTTTAGAAACTGT-1_2",12,"Activated"
"AGGGTTTAGGGCCTCT-1_2",12,"Activated"
"AGGGTTTCAGCCGTTG-1_2",12,"Intermediate"
"AGGTAGGAGCTACTAC-1_2",12,"Intermediate"
"AGGTAGGAGGCGAAGG-1_2",12,"Activated"
"AGGTAGGAGTGACCTT-1_2",12,"Intermediate"
"AGGTAGGCAGAGTTCT-1_2",12,"Intermediate"
"AGGTAGGCATTCTTCA-1_2",12,"Activated"
"AGGTAGGGTAAGCAAT-1_2",12,"Activated"
"AGGTAGGGTCCTCATC-1_2",12,"Activated"
"AGGTAGGGTGGTCCCA-1_2",12,"Activated"
"AGGTCATAGATGACAT-1_2",12,"Activated"
"AGGTCATCATAGGTAA-1_2",12,"Intermediate"
"AGGTCATGTCATCAGT-1_2",12,"Intermediate"
"AGGTCTAAGGTCGTGA-1_2",12,"Resting"
"AGGTCTACAGTACTAC-1_2",12,"Intermediate"
"AGGTCTACAGTGTACT-1_2",12,"Resting"
"AGGTCTAGTGAGAGGG-1_2",12,"Resting"
"AGGTCTATCAGTGCGC-1_2",12,"Activated"
"AGGTCTATCATGCAGT-1_2",12,"Intermediate"
"AGGTCTATCCCGTGTT-1_2",12,"Intermediate"
"AGGTGTTAGGATTCAA-1_2",12,"Resting"
"AGGTGTTCAAATAAGC-1_2",12,"Treg"
"AGGTGTTCAGTCGTTA-1_2",12,"Intermediate"
"AGGTGTTCATCTCGTC-1_2",12,"Resting"
"AGGTGTTGTGTGTGGA-1_2",12,"Resting"
"AGGTTACCAGAGTCAG-1_2",12,"Activated"
"AGGTTACGTAACGATA-1_2",12,"Activated"
"AGGTTGTAGGGTATAT-1_2",12,"Intermediate"
"AGGTTGTCACGTATAC-1_2",12,"Intermediate"
"AGGTTGTGTCCCAAAT-1_2",12,"Intermediate"
"AGGTTGTGTTGCTCCT-1_2",12,"Intermediate"
"AGGTTGTTCAGGGATG-1_2",12,"Intermediate"
"AGGTTGTTCCATAGAC-1_2",12,"Resting"
"AGTAACCGTACACGCC-1_2",12,"Resting"
"AGTAACCGTTCTTGTT-1_2",12,"Intermediate"
"AGTAACCTCCCATTCG-1_2",12,"Activated"
"AGTAACCTCTCGCGTT-1_2",12,"Resting"
"AGTACCAAGTGCACAG-1_2",12,"Intermediate"
"AGTACCACATGACCCG-1_2",12,"Activated"
"AGTACCAGTTCCGCAG-1_2",12,"Intermediate"
"AGTACCATCCGGTAGC-1_2",12,"Resting"
"AGTACCATCGTGGCGT-1_2",12,"Intermediate"
"AGTACCATCTGAACGT-1_2",12,"Intermediate"
"AGTACTGAGCATCCCG-1_2",12,"Intermediate"
"AGTACTGAGGAAGTGA-1_2",12,"Resting"
"AGTACTGAGGACTAAT-1_2",12,"Activated"
"AGTACTGAGGATATAC-1_2",12,"Activated"
"AGTACTGCATTCAGGT-1_2",12,"Resting"
"AGTACTGGTCACCACG-1_2",12,"Resting"
"AGTACTGTCAGTGTTG-1_2",12,"Activated"
"AGTACTGTCCCGAGTG-1_2",12,"Activated"
"AGTACTGTCGTAGCTA-1_2",12,"Treg"
"AGTAGCTAGAGCCATG-1_2",12,"Intermediate"
"AGTAGCTCACATATCG-1_2",12,"Intermediate"
"AGTAGCTGTGCGGATA-1_2",12,"Activated"
"AGTAGCTTCGTTAGAC-1_2",12,"Intermediate"
"AGTAGCTTCTTCGGTC-1_2",12,"Activated"
"AGTAGTCAGCTCTATG-1_2",12,"Intermediate"
"AGTAGTCAGTAAAGCT-1_2",12,"Activated"
"AGTAGTCGTCCTTAAG-1_2",12,"Activated"
"AGTAGTCGTCTAGATC-1_2",12,"Activated"
"AGTCAACAGGGCAATC-1_2",12,"Resting"
"AGTCAACCAAGCTCTA-1_2",12,"Activated"
"AGTCAACGTATTCTCT-1_2",12,"Intermediate"
"AGTCAACTCGCGCCAA-1_2",12,"Resting"
"AGTCAACTCGTAATGC-1_2",12,"Resting"
"AGTCAACTCTGGTGGC-1_2",12,"Intermediate"
"AGTCAACTCTTACGTT-1_2",12,"Intermediate"
"AGTCACAAGCATCAAA-1_2",12,"Activated"
"AGTCACAGTCGCGTTG-1_2",12,"Activated"
"AGTCACATCCTTATGT-1_2",12,"Activated"
"AGTCACATCGTGGGTC-1_2",12,"Treg"
"AGTCATGGTCCTGTTC-1_2",12,"Resting"
"AGTCTCCAGACGAGCT-1_2",12,"Activated"
"AGTCTCCAGATGTTAG-1_2",12,"Intermediate"
"AGTCTCCCACTGCTTC-1_2",12,"Intermediate"
"AGTCTCCGTCTTAGTG-1_2",12,"Activated"
"AGTCTCCTCATGTCAG-1_2",12,"Intermediate"
"AGTGACTAGAAACCAT-1_2",12,"Intermediate"
"AGTGACTAGAGCTGAC-1_2",12,"Intermediate"
"AGTGACTAGCCAAGCA-1_2",12,"Treg"
"AGTGACTGTATGTGTC-1_2",12,"Activated"
"AGTGACTGTCCATCTC-1_2",12,"Activated"
"AGTGACTTCGTACCTC-1_2",12,"Intermediate"
"AGTGATCCAACCGTAT-1_2",12,"Activated"
"AGTGATCGTGGAACCA-1_2",12,"Activated"
"AGTGATCGTTAACAGA-1_2",12,"Activated"
"AGTGCCGAGAACTCCT-1_2",12,"Activated"
"AGTGCCGCACGTAGTT-1_2",12,"Activated"
"AGTGCCGCATAGGAGC-1_2",12,"Activated"
"AGTGCCGGTAGATTAG-1_2",12,"Resting"
"AGTGCCGGTATGAGGC-1_2",12,"Activated"
"AGTGCCGGTGATACTC-1_2",12,"Activated"
"AGTGCCGGTGTCTTCC-1_2",12,"Resting"
"AGTGCCGGTTGGCCGT-1_2",12,"Resting"
"AGTGTTGCAGACGCTC-1_2",12,"Intermediate"
"AGTGTTGCAGAGGTTG-1_2",12,"Activated"
"AGTGTTGCATCCAATG-1_2",12,"Intermediate"
"AGTGTTGGTACAGTTC-1_2",12,"Intermediate"
"AGTGTTGGTGCCCGTA-1_2",12,"Resting"
"AGTGTTGTCATGCTAG-1_2",12,"Activated"
"AGTTAGCAGGGCAATC-1_2",12,"Resting"
"AGTTAGCAGGTCGTCC-1_2",12,"Activated"
"AGTTAGCCATGTGCTA-1_2",12,"Intermediate"
"AGTTCCCAGTCAGGGT-1_2",12,"Activated"
"AGTTCCCCAGAGTTCT-1_2",12,"Resting"
"AGTTCCCGTGAATTGA-1_2",12,"Activated"
"AGTTCCCGTGGGTCAA-1_2",12,"Intermediate"
"AGTTCCCTCCAGCACG-1_2",12,"Intermediate"
"AGTTCCCTCTCTGAGA-1_2",12,"Activated"
"AGTTCGAAGAAGCCAC-1_2",12,"Intermediate"
"AGTTCGAAGCGGGTTA-1_2",12,"Resting"
"AGTTCGACACACGTGC-1_2",12,"Resting"
"AGTTCGACACTAACCA-1_2",12,"Resting"
"AGTTCGACAGGAAGTC-1_2",12,"Activated"
"AGTTCGACATATGCGT-1_2",12,"Resting"
"AGTTCGATCAATGCAC-1_2",12,"Activated"
"AGTTCGATCTACGCAA-1_2",12,"Resting"
"ATACCGAAGACATGCG-1_2",12,"Resting"
"ATACCGAAGTGCAGGT-1_2",12,"Intermediate"
"ATACCGACAATGTCAC-1_2",12,"Intermediate"
"ATACCGACAGAGGTTG-1_2",12,"Resting"
"ATACCGACAGCGACCT-1_2",12,"Resting"
"ATACCGAGTAAGTAGT-1_2",12,"Activated"
"ATACCGAGTACGGCAA-1_2",12,"Activated"
"ATACCGAGTAGATTAG-1_2",12,"Resting"
"ATACCGAGTCTCGGGT-1_2",12,"Activated"
"ATACCGAGTTAGGACG-1_2",12,"Resting"
"ATACCGATCGAGTACT-1_2",12,"Intermediate"
"ATACCGATCTGAACGT-1_2",12,"Activated"
"ATACCTTCAGCACCCA-1_2",12,"Activated"
"ATACTTCAGCGTATGG-1_2",12,"Resting"
"ATACTTCCATTGCAAC-1_2",12,"Intermediate"
"ATACTTCGTACCCGAC-1_2",12,"Resting"
"ATACTTCGTACTAAGA-1_2",12,"Resting"
"ATACTTCTCCGGCAAC-1_2",12,"Treg"
"ATAGACCAGCGCCATC-1_2",12,"Resting"
"ATAGACCCACGACGCT-1_2",12,"Intermediate"
"ATAGACCGTGGCTGAA-1_2",12,"Intermediate"
"ATAGACCTCGGTCGAC-1_2",12,"Resting"
"ATAGAGAAGCCTCACG-1_2",12,"Activated"
"ATAGAGAGTCGAAGCA-1_2",12,"Intermediate"
"ATAGAGAGTCTCGGGT-1_2",12,"Activated"
"ATAGAGATCCGAGAAG-1_2",12,"Activated"
"ATAGAGATCCGTGGCA-1_2",12,"Intermediate"
"ATAGAGATCCTACGAA-1_2",12,"Intermediate"
"ATAGGCTCATTCCTCG-1_2",12,"Resting"
"ATAGGCTGTCAACCTA-1_2",12,"Resting"
"ATAGGCTTCCGCACGA-1_2",12,"Intermediate"
"ATAGGCTTCCTTTAGT-1_2",12,"Resting"
"ATAGGCTTCGACCCAG-1_2",12,"Intermediate"
"ATAGGCTTCGAGAAAT-1_2",12,"Resting"
"ATATCCTGTAGCTCGC-1_2",12,"Resting"
"ATATCCTGTCTTCCGT-1_2",12,"Activated"
"ATATCCTGTTGGAGGT-1_2",12,"Activated"
"ATATCCTTCGATACTG-1_2",12,"Resting"
"ATCACAGGTTAGGGAC-1_2",12,"Resting"
"ATCACGAAGCTAGATA-1_2",12,"Intermediate"
"ATCACGAAGGCCACCT-1_2",12,"Intermediate"
"ATCACGACAATTGGTC-1_2",12,"Activated"
"ATCACGACATTAAGCC-1_2",12,"Intermediate"
"ATCACGAGTTGCGAAG-1_2",12,"Resting"
"ATCACTTAGATGCTAA-1_2",12,"Resting"
"ATCACTTAGCGGGTAT-1_2",12,"Activated"
"ATCACTTCAACAGTGG-1_2",12,"Intermediate"
"ATCACTTCATGCAGGA-1_2",12,"Resting"
"ATCACTTGTACTGCGC-1_2",12,"Activated"
"ATCACTTTCTGGCCGA-1_2",12,"Activated"
"ATCAGGTAGATAGTCA-1_2",12,"Activated"
"ATCATTCAGCGGTAAC-1_2",12,"Activated"
"ATCATTCAGGCTTCCG-1_2",12,"Activated"
"ATCATTCCAGCAGGAT-1_2",12,"Resting"
"ATCATTCCAGCGCTTG-1_2",12,"Activated"
"ATCATTCGTAGGCTGA-1_2",12,"Activated"
"ATCATTCGTTCAAGTC-1_2",12,"Intermediate"
"ATCATTCTCTTGGGCG-1_2",12,"Intermediate"
"ATCCACCAGATTCGCT-1_2",12,"Resting"
"ATCCACCGTACATACC-1_2",12,"Intermediate"
"ATCCACCGTAGACAAT-1_2",12,"Activated"
"ATCCACCTCATAAGGA-1_2",12,"Resting"
"ATCCACCTCTCGCTTG-1_2",12,"Intermediate"
"ATCCATTAGCAGGGAG-1_2",12,"Resting"
"ATCCATTAGCGAGGAG-1_2",12,"Resting"
"ATCCATTCAAACGTGG-1_2",12,"Activated"
"ATCCATTCAGGACAGT-1_2",12,"Activated"
"ATCCATTCAGTCAGAG-1_2",12,"Activated"
"ATCCATTCATGAAGCG-1_2",12,"Resting"
"ATCCATTGTCTCGGAC-1_2",12,"Activated"
"ATCCATTGTGAACGGT-1_2",12,"Resting"
"ATCCATTGTTGAAGTA-1_2",12,"Activated"
"ATCCATTTCGATACAC-1_2",12,"Resting"
"ATCCATTTCTAAGCGT-1_2",12,"Intermediate"
"ATCCCTGAGAAGCTCG-1_2",12,"Resting"
"ATCCCTGAGAGTTGCG-1_2",12,"Intermediate"
"ATCCCTGCAACGTTAC-1_2",12,"Activated"
"ATCCCTGCACACGGAA-1_2",12,"Activated"
"ATCCCTGCACGGCTAC-1_2",12,"Intermediate"
"ATCCCTGGTTCGAAGG-1_2",12,"Activated"
"ATCCCTGTCTAGACCA-1_2",12,"Resting"
"ATCCGTCAGAGTCCGA-1_2",12,"Resting"
"ATCCGTCAGCTCCCTT-1_2",12,"Resting"
"ATCCGTCAGGTCCGAA-1_2",12,"Resting"
"ATCCGTCTCCAACCGG-1_2",12,"Resting"
"ATCCTATGTCTTACAG-1_2",12,"Intermediate"
"ATCCTATTCAATCAGC-1_2",12,"Intermediate"
"ATCGATGAGTAATACG-1_2",12,"Activated"
"ATCGATGAGTTCTCTT-1_2",12,"Resting"
"ATCGATGCACGACGCT-1_2",12,"Activated"
"ATCGATGGTATCCTTT-1_2",12,"Activated"
"ATCGATGTCTCCGCAT-1_2",12,"Activated"
"ATCGCCTAGTCCCGGT-1_2",12,"Activated"
"ATCGGATAGAGAGCCT-1_2",12,"Intermediate"
"ATCGGATAGATTCGCT-1_2",12,"Resting"
"ATCGGATGTCCATAGT-1_2",12,"Intermediate"
"ATCGGATTCGCAGTGC-1_2",12,"Intermediate"
"ATCGGCGAGTATAGAC-1_2",12,"Activated"
"ATCGGCGCAGGATGAC-1_2",12,"Intermediate"
"ATCGGCGGTCGGCACT-1_2",12,"Resting"
"ATCGGCGGTTGCCGAC-1_2",12,"Intermediate"
"ATCGGCGTCTAACGCA-1_2",12,"Intermediate"
"ATCGTAGAGCGTTCAT-1_2",12,"Intermediate"
"ATCGTAGCAACCCGCA-1_2",12,"Activated"
"ATCGTAGCACTGTCGG-1_2",12,"Activated"
"ATCGTAGTCCTGGTCT-1_2",12,"Resting"
"ATCGTAGTCTAAGCCA-1_2",12,"Intermediate"
"ATCGTCCAGAGAGTTT-1_2",12,"Activated"
"ATCGTCCAGCCACAAG-1_2",12,"Activated"
"ATCGTCCAGGCTAGCA-1_2",12,"Resting"
"ATCGTCCCAGAGACTG-1_2",12,"Activated"
"ATCGTCCGTAGTCACT-1_2",12,"Activated"
"ATCGTCCTCGTCTACC-1_2",12,"Resting"
"ATCGTGACACGCCAGT-1_2",12,"Intermediate"
"ATCGTGACAGGTCAGA-1_2",12,"Activated"
"ATCGTGAGTCCGGACT-1_2",12,"Activated"
"ATCGTGAGTTCGGTAT-1_2",12,"Resting"
"ATCTCTAAGCGTTACT-1_2",12,"Intermediate"
"ATCTCTAAGGGCTTCC-1_2",12,"Intermediate"
"ATCTCTAGTTCCGCAG-1_2",12,"Activated"
"ATCTTCAAGGAATTAC-1_2",12,"Intermediate"
"ATCTTCACAAAGAACT-1_2",12,"Intermediate"
"ATCTTCATCATGCGGC-1_2",12,"Activated"
"ATCTTCATCGACCACG-1_2",12,"Activated"
"ATCTTCATCTAACGCA-1_2",12,"Resting"
"ATCTTCATCTGCCTCA-1_2",12,"Intermediate"
"ATGACCAAGTCCCAGC-1_2",12,"Resting"
"ATGACCACAAAGCGTG-1_2",12,"Activated"
"ATGACCAGTTGAGTCT-1_2",12,"Activated"
"ATGAGGGCAAGTGACG-1_2",12,"Resting"
"ATGAGGGCACCAAAGG-1_2",12,"Intermediate"
"ATGAGGGCATATGAAG-1_2",12,"Activated"
"ATGAGGGCATGACTTG-1_2",12,"Activated"
"ATGAGGGTCTCCAATT-1_2",12,"Activated"
"ATGAGTCAGCGCCTAC-1_2",12,"Intermediate"
"ATGAGTCAGGGAGGTG-1_2",12,"Activated"
"ATGAGTCCATCGGCCA-1_2",12,"Intermediate"
"ATGAGTCGTCTGTCCT-1_2",12,"Intermediate"
"ATGAGTCTCGCACGGT-1_2",12,"Activated"
"ATGATCGAGCGCCCAT-1_2",12,"Intermediate"
"ATGATCGCAAGTCCCG-1_2",12,"Intermediate"
"ATGATCGCACGTAGTT-1_2",12,"Activated"
"ATGATCGGTGCTGTCG-1_2",12,"Resting"
"ATGATCGTCAAGCCAT-1_2",12,"Intermediate"
"ATGATCGTCTGACAGT-1_2",12,"Resting"
"ATGCATGAGGCTTCCG-1_2",12,"Activated"
"ATGCATGTCTCGGTAA-1_2",12,"Intermediate"
"ATGCCTCAGACTGAGC-1_2",12,"Activated"
"ATGCCTCAGGTTGACG-1_2",12,"Intermediate"
"ATGCCTCTCTGTCCCA-1_2",12,"Resting"
"ATGCGATAGCTAGATA-1_2",12,"Intermediate"
"ATGCGATAGTAGGAAG-1_2",12,"Intermediate"
"ATGCGATAGTGATAAC-1_2",12,"Activated"
"ATGCGATCACACACGC-1_2",12,"Activated"
"ATGCGATGTACCGTCG-1_2",12,"Intermediate"
"ATGCGATGTGACTCTA-1_2",12,"Activated"
"ATGCGATGTTCCATTT-1_2",12,"Intermediate"
"ATGCGATGTTCTCGCT-1_2",12,"Intermediate"
"ATGCGATTCCTCTAGC-1_2",12,"Activated"
"ATGCGATTCTGCGGCA-1_2",12,"Resting"
"ATGGAGGAGGGACAGG-1_2",12,"Activated"
"ATGGAGGCAAGCAATA-1_2",12,"Resting"
"ATGGATCAGTGGTGGT-1_2",12,"Intermediate"
"ATGGATCCAGGCACAA-1_2",12,"Activated"
"ATGGATCGTTTCCATT-1_2",12,"Activated"
"ATGGGAGAGCCACTCG-1_2",12,"Resting"
"ATGGGAGCAAGTCCAT-1_2",12,"Activated"
"ATGGGAGTCACCGACG-1_2",12,"Intermediate"
"ATGGGAGTCTGTTCAT-1_2",12,"Activated"
"ATGGGTTAGCCTCTCT-1_2",12,"Intermediate"
"ATGGGTTAGTCGTCTA-1_2",12,"Activated"
"ATGGGTTCACGGCACT-1_2",12,"Intermediate"
"ATGGGTTCATTAAGCC-1_2",12,"Intermediate"
"ATGGGTTGTTCGGCGT-1_2",12,"Activated"
"ATGGGTTTCGCAGTTA-1_2",12,"Intermediate"
"ATGGGTTTCTATCGCC-1_2",12,"Intermediate"
"ATGGTTGCACCGCTGA-1_2",12,"Intermediate"
"ATGGTTGGTACTGTTG-1_2",12,"Activated"
"ATGGTTGGTATACCCA-1_2",12,"Resting"
"ATGGTTGTCTTCGGTC-1_2",12,"Intermediate"
"ATGTCCCAGGCCACTC-1_2",12,"Intermediate"
"ATGTCCCCAAACTCGT-1_2",12,"Activated"
"ATGTCCCCAGCATTGT-1_2",12,"Treg"
"ATGTCCCGTGATAGTA-1_2",12,"Intermediate"
"ATGTCCCGTTAGGAGC-1_2",12,"Activated"
"ATGTCCCTCGGTCGGT-1_2",12,"Resting"
"ATGTCTTCAGGCCTGT-1_2",12,"Resting"
"ATTACCTAGGCTCTAT-1_2",12,"Resting"
"ATTACCTCAGAAATTG-1_2",12,"Activated"
"ATTACCTCAGCCCAGT-1_2",12,"Resting"
"ATTACTCAGACATATG-1_2",12,"Resting"
"ATTACTCAGAGCAGCT-1_2",12,"Activated"
"ATTACTCAGCAACCAG-1_2",12,"Intermediate"
"ATTACTCGTGATTAGA-1_2",12,"Activated"
"ATTACTCGTTAGTTCG-1_2",12,"Activated"
"ATTACTCTCTTCGGTC-1_2",12,"Resting"
"ATTATCCAGGGAGGGT-1_2",12,"Activated"
"ATTATCCCACGACGCT-1_2",12,"Activated"
"ATTATCCGTGAGTAAT-1_2",12,"Intermediate"
"ATTATCCGTGGGCTTC-1_2",12,"Intermediate"
"ATTATCCTCGGTCATA-1_2",12,"Intermediate"
"ATTATCCTCTGCGAGC-1_2",12,"Resting"
"ATTCACTAGACCAACG-1_2",12,"Resting"
"ATTCACTAGGGCGAGA-1_2",12,"Intermediate"
"ATTCACTAGTCACGCC-1_2",12,"Activated"
"ATTCACTCAACTTGCA-1_2",12,"Resting"
"ATTCACTGTCGATTTG-1_2",12,"Activated"
"ATTCACTTCCGGGACT-1_2",12,"Activated"
"ATTCACTTCGCTTAAG-1_2",12,"Activated"
"ATTCAGGAGAAGTGTT-1_2",12,"Activated"
"ATTCAGGCAGTCGGTC-1_2",12,"Resting"
"ATTCAGGGTAAGCTCT-1_2",12,"Resting"
"ATTCAGGTCGTCGGGT-1_2",12,"Activated"
"ATTCATCAGAGAAGGT-1_2",12,"Intermediate"
"ATTCATCCATGTTCAG-1_2",12,"Activated"
"ATTCATCGTCGCATCG-1_2",12,"Intermediate"
"ATTCATCGTGTTTCTT-1_2",12,"Activated"
"ATTCATCTCTCAGAAC-1_2",12,"Intermediate"
"ATTCCATAGCAGGCAT-1_2",12,"Activated"
"ATTCCATAGCCTGGAA-1_2",12,"Activated"
"ATTCCATAGGCATCGA-1_2",12,"Resting"
"ATTCCATTCTGTGCAA-1_2",12,"Intermediate"
"ATTCCCGAGACTGAGC-1_2",12,"Resting"
"ATTCCCGCAATTGCTG-1_2",12,"Resting"
"ATTCCCGCACACACTA-1_2",12,"Resting"
"ATTCCCGCACGCGCAT-1_2",12,"Treg"
"ATTCCCGCACTGGAAG-1_2",12,"Resting"
"ATTCCCGTCCATTGCC-1_2",12,"Resting"
"ATTCCCGTCCGTCAAA-1_2",12,"Activated"
"ATTCCCGTCGTAGTGT-1_2",12,"Intermediate"
"ATTCCTAAGAACAAGG-1_2",12,"Treg"
"ATTCCTAAGAATCGAT-1_2",12,"Resting"
"ATTCCTAAGCGTTGTT-1_2",12,"Resting"
"ATTCCTATCACCATAG-1_2",12,"Activated"
"ATTCCTATCGATTCCC-1_2",12,"Activated"
"ATTCGTTCAACCGCCA-1_2",12,"Activated"
"ATTCGTTCAGATCACT-1_2",12,"Activated"
"ATTCGTTGTAAGCGGT-1_2",12,"Intermediate"
"ATTCGTTGTAAGGAGA-1_2",12,"Intermediate"
"ATTCGTTGTTGTGCAT-1_2",12,"Intermediate"
"ATTCGTTTCCACATAG-1_2",12,"Activated"
"ATTCGTTTCCCGTTGT-1_2",12,"Resting"
"ATTCGTTTCCTCTCTT-1_2",12,"Intermediate"
"ATTCGTTTCTGGGATT-1_2",12,"Intermediate"
"ATTCTACAGCGACTTT-1_2",12,"Activated"
"ATTCTACCATAGATCC-1_2",12,"Activated"
"ATTCTACCATCGCTGG-1_2",12,"Activated"
"ATTCTACGTAATTAGG-1_2",12,"Activated"
"ATTCTACGTAGTCTGT-1_2",12,"Intermediate"
"ATTCTACGTCTAACGT-1_2",12,"Resting"
"ATTCTACGTGCATCTA-1_2",12,"Intermediate"
"ATTCTACGTTGCACGC-1_2",12,"Resting"
"ATTCTACTCGGATAAA-1_2",12,"Activated"
"ATTCTTGAGCGTGTTT-1_2",12,"Activated"
"ATTCTTGCACCCTTAC-1_2",12,"Activated"
"ATTCTTGCACTAGTAC-1_2",12,"Intermediate"
"ATTCTTGCATTGACCA-1_2",12,"Intermediate"
"ATTCTTGGTTGACTGT-1_2",12,"Intermediate"
"ATTCTTGTCCTATTTG-1_2",12,"Resting"
"ATTGGGTCAGAACCGA-1_2",12,"Activated"
"ATTGGGTCAGAACTAA-1_2",12,"Resting"
"ATTGGGTGTCACATTG-1_2",12,"Intermediate"
"ATTGGGTGTTTAGAGA-1_2",12,"Intermediate"
"ATTGGGTTCGAGCCTG-1_2",12,"Activated"
"ATTGGGTTCGGCAGTC-1_2",12,"Resting"
"ATTGGGTTCGTGCACG-1_2",12,"Intermediate"
"ATTGTTCAGGGTTTCT-1_2",12,"Intermediate"
"ATTGTTCCAAAGGAGA-1_2",12,"Intermediate"
"ATTGTTCCAACAACAA-1_2",12,"Resting"
"ATTGTTCCACTCCGGA-1_2",12,"Resting"
"ATTTACCCAAATACAG-1_2",12,"Resting"
"ATTTACCCAACCCTCT-1_2",12,"Activated"
"ATTTACCGTAAGTTGA-1_2",12,"Intermediate"
"ATTTACCTCGAGTCTA-1_2",12,"Activated"
"ATTTCACCATTCTGTT-1_2",12,"Activated"
"ATTTCACGTAACGCGA-1_2",12,"Activated"
"ATTTCACGTATGGTAA-1_2",12,"Activated"
"ATTTCACGTGAGATTA-1_2",12,"Activated"
"ATTTCTGCAAGGCAAC-1_2",12,"Intermediate"
"ATTTCTGCACTCAGAT-1_2",12,"Activated"
"ATTTCTGGTAATGCTC-1_2",12,"Activated"
"ATTTCTGGTTGCCGCA-1_2",12,"Resting"
"CAAAGAATCAAGTGTC-1_2",12,"Resting"
"CAAAGAATCCCAGGCA-1_2",12,"Activated"
"CAAAGAATCGAACACT-1_2",12,"Activated"
"CAAAGAATCGATTGGT-1_2",12,"Activated"
"CAACAACCAGTGTGCC-1_2",12,"Intermediate"
"CAACAACGTGGGACAT-1_2",12,"Resting"
"CAACAACGTTATGGTC-1_2",12,"Activated"
"CAACAGTAGCACCAGA-1_2",12,"Activated"
"CAACAGTCAAGAGCTG-1_2",12,"Resting"
"CAACAGTCACTACCGG-1_2",12,"Intermediate"
"CAACAGTCATAGACTC-1_2",12,"Intermediate"
"CAACAGTCATCCGTTC-1_2",12,"Activated"
"CAACAGTGTGGATACG-1_2",12,"Intermediate"
"CAACAGTTCCGATTAG-1_2",12,"Resting"
"CAACAGTTCTGCGAGC-1_2",12,"Resting"
"CAACCAACATAATGAG-1_2",12,"Activated"
"CAACCAACATGGCTAT-1_2",12,"Resting"
"CAACCAAGTCCCACGA-1_2",12,"Resting"
"CAACCAAGTGAACGGT-1_2",12,"Activated"
"CAACCTCAGGGAGTGG-1_2",12,"Treg"
"CAACCTCCAATCCTAG-1_2",12,"Intermediate"
"CAACGATAGAGTCCGA-1_2",12,"Activated"
"CAACGATAGCACCCAC-1_2",12,"Resting"
"CAACGATCAAGCTCTA-1_2",12,"Activated"
"CAACGATCATTGACTG-1_2",12,"Resting"
"CAACGATGTAATTAGG-1_2",12,"Intermediate"
"CAACGATTCACTGTCC-1_2",12,"Intermediate"
"CAACGATTCCATAAGC-1_2",12,"Intermediate"
"CAACGATTCCTCGCAT-1_2",12,"Resting"
"CAACGGCCAAATGAGT-1_2",12,"Activated"
"CAACGGCCAACACGTT-1_2",12,"Activated"
"CAACGGCCACGTCATA-1_2",12,"Activated"
"CAACGGCCAGCAGTTT-1_2",12,"Resting"
"CAACGGCTCACTACTT-1_2",12,"Resting"
"CAACGGCTCATGCATG-1_2",12,"Intermediate"
"CAAGACTAGTGCGCTC-1_2",12,"Activated"
"CAAGACTTCGGTAAGG-1_2",12,"Resting"
"CAAGAGGTCACTACGA-1_2",12,"Intermediate"
"CAAGAGGTCCATAGAC-1_2",12,"Activated"
"CAAGCTACAGCATCTA-1_2",12,"Activated"
"CAAGCTATCCCTCAAC-1_2",12,"Resting"
"CAAGCTATCGAGATGG-1_2",12,"Activated"
"CAAGGGACAACCACGC-1_2",12,"Intermediate"
"CAAGGGAGTGCCTATA-1_2",12,"Intermediate"
"CAAGGGAGTGTCGCTG-1_2",12,"Activated"
"CAAGGGAGTTCTTGCC-1_2",12,"Intermediate"
"CAATACGAGCAGCCCT-1_2",12,"Treg"
"CAATACGAGCATACTC-1_2",12,"Intermediate"
"CAATACGAGGGTTGCA-1_2",12,"Activated"
"CAATACGGTACATACC-1_2",12,"Resting"
"CAATACGTCTACTTCA-1_2",12,"Resting"
"CAATCGAAGCGCACAA-1_2",12,"Activated"
"CAATCGACATCGGATT-1_2",12,"Resting"
"CAATCGAGTGTCCACG-1_2",12,"Activated"
"CAATGACAGATTGAGT-1_2",12,"Intermediate"
"CAATGACCAATCGCCG-1_2",12,"Resting"
"CAATGACGTAGGGTAC-1_2",12,"Activated"
"CAATGACGTCGCCTAG-1_2",12,"Intermediate"
"CAATGACGTCTTCAAG-1_2",12,"Intermediate"
"CAATGACTCACCTGGG-1_2",12,"Activated"
"CAATGACTCATGGTAC-1_2",12,"Resting"
"CAATGACTCGAACTCA-1_2",12,"Intermediate"
"CAATTTCAGATGCCGA-1_2",12,"Intermediate"
"CAATTTCAGTCCCTAA-1_2",12,"Resting"
"CAATTTCCAGAAATTG-1_2",12,"Activated"
"CAATTTCCATGAATAG-1_2",12,"Resting"
"CAATTTCGTTCTAACG-1_2",12,"Activated"
"CACAACACAGATTTCG-1_2",12,"Resting"
"CACACAAAGGATGCGT-1_2",12,"Intermediate"
"CACACAAGTAACTAAG-1_2",12,"Activated"
"CACACAAGTATGGGAC-1_2",12,"Intermediate"
"CACACAATCATGGAGG-1_2",12,"Resting"
"CACAGATAGGGTACAC-1_2",12,"Activated"
"CACAGATAGTCACGCC-1_2",12,"Activated"
"CACAGATAGTCTACCA-1_2",12,"Activated"
"CACAGATCACGCGTCA-1_2",12,"Intermediate"
"CACAGATCAGCTACCG-1_2",12,"Intermediate"
"CACAGATCATCAACCA-1_2",12,"Intermediate"
"CACAGATGTATTAAGG-1_2",12,"Activated"
"CACAGATGTGTTCATG-1_2",12,"Activated"
"CACATGATCATTACGG-1_2",12,"Activated"
"CACCAAAAGCTGCCAC-1_2",12,"Resting"
"CACCAAACACTACTTT-1_2",12,"Activated"
"CACCGTTAGACGTCGA-1_2",12,"Activated"
"CACCGTTAGTACCATC-1_2",12,"Resting"
"CACCGTTCAAGGTCGA-1_2",12,"Activated"
"CACGAATAGACTCTAC-1_2",12,"Intermediate"
"CACGAATGTCACCGCA-1_2",12,"Intermediate"
"CACGAATGTCGTTGCG-1_2",12,"Intermediate"
"CACGAATTCGTCTAAG-1_2",12,"Activated"
"CACGGGTAGGCACGAT-1_2",12,"Intermediate"
"CACGGGTAGGCTGGAT-1_2",12,"Intermediate"
"CACGGGTCACATGACT-1_2",12,"Resting"
"CACGGGTGTGCATACT-1_2",12,"Resting"
"CACGGGTGTTCCTAAG-1_2",12,"Treg"
"CACGGGTTCACTTGTT-1_2",12,"Activated"
"CACGGGTTCGTGTTCC-1_2",12,"Resting"
"CACGTGGAGACGACGT-1_2",12,"Resting"
"CACGTGGAGATGACCG-1_2",12,"Intermediate"
"CACGTGGAGTGCAGGT-1_2",12,"Intermediate"
"CACGTGGGTCCCGGTA-1_2",12,"Intermediate"
"CACGTGGTCAACCTTT-1_2",12,"Activated"
"CACGTGGTCAAGCTGT-1_2",12,"Activated"
"CACGTGGTCATTTGCT-1_2",12,"Resting"
"CACGTTCCAATGGGTG-1_2",12,"Resting"
"CACGTTCCAGTGCGCT-1_2",12,"Activated"
"CACGTTCGTGGCTTAT-1_2",12,"Activated"
"CACGTTCTCACCTCAC-1_2",12,"Activated"
"CACGTTCTCTCATTGT-1_2",12,"Intermediate"
"CACGTTCTCTCGCAGG-1_2",12,"Intermediate"
"CACTAAGAGTGCAACG-1_2",12,"Intermediate"
"CACTAAGAGTGCCAGA-1_2",12,"Activated"
"CACTGAAAGCACTGGA-1_2",12,"Intermediate"
"CACTGAAAGGGAGAAT-1_2",12,"Activated"
"CACTGAATCCAACTAG-1_2",12,"Treg"
"CACTGAATCGGTCGGT-1_2",12,"Intermediate"
"CACTGAATCTCTGACC-1_2",12,"Activated"
"CACTGGGTCCTAGCGG-1_2",12,"Intermediate"
"CACTGGGTCTCGTTTA-1_2",12,"Activated"
"CACTGTCAGACACACG-1_2",12,"Resting"
"CACTGTCCAGAGGACT-1_2",12,"Intermediate"
"CACTGTCGTGTACAGG-1_2",12,"Intermediate"
"CACTGTCTCGTGGGAA-1_2",12,"Activated"
"CACTTCGAGCCACCGT-1_2",12,"Intermediate"
"CACTTCGGTACGAGCA-1_2",12,"Activated"
"CACTTCGTCAGCGCAC-1_2",12,"Activated"
"CACTTCGTCCTATGGA-1_2",12,"Resting"
"CACTTCGTCCTTACCG-1_2",12,"Resting"
"CAGAGCCCAACGTAAA-1_2",12,"Resting"
"CAGAGCCGTGCATGTT-1_2",12,"Activated"
"CAGATACAGCGACAGT-1_2",12,"Resting"
"CAGATACTCTGGCCAG-1_2",12,"Resting"
"CAGATCAAGAGGCGTT-1_2",12,"Activated"
"CAGATCAAGCGGGTAT-1_2",12,"Activated"
"CAGATCAAGCTACAAA-1_2",12,"Activated"
"CAGATCACAAGCCATT-1_2",12,"Intermediate"
"CAGATCACATCCTAAG-1_2",12,"Resting"
"CAGATCAGTGCCTGAC-1_2",12,"Intermediate"
"CAGATCAGTTGCATGT-1_2",12,"Intermediate"
"CAGATCATCCACGTAA-1_2",12,"Activated"
"CAGATTGGTTAAGCAA-1_2",12,"Intermediate"
"CAGATTGGTTAAGGAT-1_2",12,"Intermediate"
"CAGCAATGTCCAAAGG-1_2",12,"Activated"
"CAGCAATGTTCTCGTC-1_2",12,"Intermediate"
"CAGCACGAGACCTCCG-1_2",12,"Activated"
"CAGCACGAGCCACCGT-1_2",12,"Intermediate"
"CAGCACGAGGCATGCA-1_2",12,"Activated"
"CAGCACGAGGCTTAAA-1_2",12,"Treg"
"CAGCACGAGTATGAAC-1_2",12,"Intermediate"
"CAGCACGCAATCTGCA-1_2",12,"Activated"
"CAGCACGTCAGCGCAC-1_2",12,"Activated"
"CAGCACGTCTGCTTAT-1_2",12,"Intermediate"
"CAGCAGCCACCATTCC-1_2",12,"Resting"
"CAGCCAGAGTGTAGAT-1_2",12,"Resting"
"CAGCCAGCAACCTAAC-1_2",12,"Intermediate"
"CAGCCAGCACTGGCCA-1_2",12,"Intermediate"
"CAGCCAGTCGAATCCA-1_2",12,"Intermediate"
"CAGCCAGTCTTAAGGC-1_2",12,"Activated"
"CAGCCAGTCTTCCACG-1_2",12,"Resting"
"CAGCGTGAGTGCGCTC-1_2",12,"Resting"
"CAGCGTGCAGTCGAGA-1_2",12,"Activated"
"CAGGCCAAGAGTGGCT-1_2",12,"Intermediate"
"CAGGCCAAGTGTAGAT-1_2",12,"Resting"
"CAGGCCACACCTCGTT-1_2",12,"Resting"
"CAGGCCAGTACCGTGC-1_2",12,"Intermediate"
"CAGGCCAGTACGGATG-1_2",12,"Intermediate"
"CAGGGCTCAAGAAACT-1_2",12,"Activated"
"CAGGGCTCACCATAAC-1_2",12,"Activated"
"CAGGGCTCACCTGCAG-1_2",12,"Intermediate"
"CAGGGCTCATTGAGCT-1_2",12,"Intermediate"
"CAGGGCTGTAACTTCG-1_2",12,"Intermediate"
"CAGGGCTTCATACAGC-1_2",12,"Activated"
"CAGGTATAGCGAAACC-1_2",12,"Intermediate"
"CAGGTATAGTGGTTAA-1_2",12,"Resting"
"CAGGTATCAAGTGTCT-1_2",12,"Intermediate"
"CAGGTATCATGTCGTA-1_2",12,"Activated"
"CAGGTATTCTTCCTAA-1_2",12,"Resting"
"CAGTGCGAGAGTACCG-1_2",12,"Intermediate"
"CAGTGCGAGATGCTGG-1_2",12,"Activated"
"CAGTGCGAGCCACAAG-1_2",12,"Activated"
"CAGTGCGAGTCGCCCA-1_2",12,"Resting"
"CAGTGCGAGTGGATAT-1_2",12,"Intermediate"
"CAGTGCGTCCTTCACG-1_2",12,"Activated"
"CAGTGCGTCTCCGCAT-1_2",12,"Activated"
"CAGTTAGAGCCTAACT-1_2",12,"Intermediate"
"CAGTTAGCATGGAACG-1_2",12,"Resting"
"CAGTTAGTCCTACACC-1_2",12,"Resting"
"CAGTTCCAGACTACCT-1_2",12,"Resting"
"CAGTTCCCAAGCGAGT-1_2",12,"Activated"
"CAGTTCCCATGTCGTA-1_2",12,"Intermediate"
"CAGTTCCGTGTGTCGC-1_2",12,"Intermediate"
"CATAAGCAGCACTCCG-1_2",12,"Resting"
"CATAAGCAGGTGCAGT-1_2",12,"Activated"
"CATAAGCCATGTCTAG-1_2",12,"Intermediate"
"CATAAGCTCAAGAGTA-1_2",12,"Resting"
"CATACAGAGTAGGCCA-1_2",12,"Activated"
"CATACAGCAATGCTCA-1_2",12,"Resting"
"CATACAGGTTTACTGG-1_2",12,"Intermediate"
"CATACAGGTTTCACAG-1_2",12,"Activated"
"CATACCCGTACGTGTT-1_2",12,"Intermediate"
"CATACCCTCCGCTGTT-1_2",12,"Activated"
"CATACCCTCGTTGCCT-1_2",12,"Intermediate"
"CATACTTCAGTTGGTT-1_2",12,"Activated"
"CATACTTGTAGCGATG-1_2",12,"Activated"
"CATACTTTCTCACGAA-1_2",12,"Activated"
"CATACTTTCTCGAACA-1_2",12,"Intermediate"
"CATAGACCAAGCTCTA-1_2",12,"Activated"
"CATAGACTCAGAATAG-1_2",12,"Intermediate"
"CATCAAGGTGAGCTCC-1_2",12,"Activated"
"CATCAAGTCAACACGT-1_2",12,"Intermediate"
"CATCAAGTCTTGAGCA-1_2",12,"Activated"
"CATCCACTCTACGCAA-1_2",12,"Intermediate"
"CATCCCAAGTTCATGC-1_2",12,"Resting"
"CATCCCAGTAGCGTTT-1_2",12,"Intermediate"
"CATCCCAGTGGAGGTT-1_2",12,"Activated"
"CATCCGTCACAGCCTG-1_2",12,"Resting"
"CATCCGTGTACAACGG-1_2",12,"Intermediate"
"CATCCGTGTCCATAGT-1_2",12,"Activated"
"CATCCGTGTGGTATGG-1_2",12,"Intermediate"
"CATCCGTGTTGTTGAC-1_2",12,"Resting"
"CATCCGTTCAGGGATG-1_2",12,"Activated"
"CATCCGTTCTTACCGC-1_2",12,"Resting"
"CATCGCTAGGTTGGAC-1_2",12,"Resting"
"CATCGCTGTAGTATAG-1_2",12,"Resting"
"CATCGCTGTCGTACTA-1_2",12,"Activated"
"CATCGCTGTGTAAATG-1_2",12,"Activated"
"CATCGCTGTTCGGTTA-1_2",12,"Activated"
"CATCGCTGTTGGGAAC-1_2",12,"Activated"
"CATCGCTTCACCGGTG-1_2",12,"Resting"
"CATCGGGAGTAAGCAT-1_2",12,"Activated"
"CATCGGGAGTAGAGTT-1_2",12,"Resting"
"CATCGGGGTACTGCGC-1_2",12,"Intermediate"
"CATCGTCGTCCGTACG-1_2",12,"Treg"
"CATCGTCGTCGAACGA-1_2",12,"Intermediate"
"CATCGTCTCACTACGA-1_2",12,"Intermediate"
"CATCGTCTCATGCCAA-1_2",12,"Activated"
"CATCGTCTCCGCACTT-1_2",12,"Activated"
"CATCGTCTCTAGGAAA-1_2",12,"Intermediate"
"CATGAGTCAAACGGCA-1_2",12,"Activated"
"CATGCAAAGACTCGAG-1_2",12,"Activated"
"CATGCAAAGTGGACGT-1_2",12,"Resting"
"CATGCAAGTGAGTTGG-1_2",12,"Resting"
"CATGCAAGTTCTGACA-1_2",12,"Resting"
"CATGCAATCGTAGGGA-1_2",12,"Intermediate"
"CATGCCTAGTACTGTC-1_2",12,"Resting"
"CATGCCTCAAATGGAT-1_2",12,"Resting"
"CATGCCTCACAATTCG-1_2",12,"Intermediate"
"CATGCCTCATCGGTTA-1_2",12,"Intermediate"
"CATGCCTTCAGGAAGC-1_2",12,"Activated"
"CATGCGGAGTGGTTGG-1_2",12,"Resting"
"CATGCGGGTTCCTACC-1_2",12,"Activated"
"CATGCGGTCAGTCCGG-1_2",12,"Intermediate"
"CATGCGGTCCTGTACC-1_2",12,"Intermediate"
"CATGCTCAGATGCTTC-1_2",12,"Resting"
"CATGCTCGTAACACCT-1_2",12,"Intermediate"
"CATGCTCGTACCAGAG-1_2",12,"Intermediate"
"CATGGATAGCACACAG-1_2",12,"Resting"
"CATGGATAGTGGAAGA-1_2",12,"Resting"
"CATGGATCAGGTGTGA-1_2",12,"Intermediate"
"CATGGATCATGTGACT-1_2",12,"Intermediate"
"CATGGATGTAACCCGC-1_2",12,"Intermediate"
"CATGGATTCACGGGAA-1_2",12,"Resting"
"CATGGTAAGAGAAGGT-1_2",12,"Activated"
"CATGGTAAGCACCAGA-1_2",12,"Intermediate"
"CATGGTAAGTTATGGA-1_2",12,"Activated"
"CATGGTACAAGCCTGC-1_2",12,"Intermediate"
"CATGGTACAATACAGA-1_2",12,"Activated"
"CATGGTACAATGGCCC-1_2",12,"Activated"
"CATGGTACATGGGTTT-1_2",12,"Intermediate"
"CATGGTAGTTTATGCG-1_2",12,"Intermediate"
"CATTCATAGACCTCCG-1_2",12,"Intermediate"
"CATTCATGTACTGAGG-1_2",12,"Activated"
"CATTCATGTAGCTCGC-1_2",12,"Activated"
"CATTCATGTATCCCTC-1_2",12,"Intermediate"
"CATTCATGTTAATCGC-1_2",12,"Resting"
"CATTCATTCAAGCTTG-1_2",12,"Activated"
"CATTCATTCCGTTGAA-1_2",12,"Resting"
"CATTCATTCGAGATAA-1_2",12,"Activated"
"CATTCCGCAACCGCTG-1_2",12,"Activated"
"CATTCCGCATAGCACT-1_2",12,"Activated"
"CATTCCGGTCCGTACG-1_2",12,"Activated"
"CATTCCGTCCATCCGT-1_2",12,"Intermediate"
"CATTCCGTCCCTAGGG-1_2",12,"Intermediate"
"CATTCTACATCGGAAG-1_2",12,"Activated"
"CATTCTACATGACACT-1_2",12,"Resting"
"CATTCTAGTATTCCGA-1_2",12,"Resting"
"CATTCTAGTCTACGTA-1_2",12,"Activated"
"CATTCTATCAGATGCT-1_2",12,"Resting"
"CATTGAGAGGAGGGTG-1_2",12,"Resting"
"CATTGAGCAACGGCCT-1_2",12,"Activated"
"CATTGAGCAAGACTGG-1_2",12,"Activated"
"CATTGAGTCATGGATC-1_2",12,"Resting"
"CATTGCCAGTAAACAC-1_2",12,"Intermediate"
"CATTGCCCATACTTTC-1_2",12,"Intermediate"
"CATTGCCTCACGAGGA-1_2",12,"Resting"
"CATTGCCTCATACGGT-1_2",12,"Intermediate"
"CATTGTTAGACTCTAC-1_2",12,"Activated"
"CATTGTTAGCGAGAAA-1_2",12,"Activated"
"CATTTCAAGGGTTTCT-1_2",12,"Intermediate"
"CATTTCAAGTTTCGAC-1_2",12,"Resting"
"CATTTCACACCGCTGA-1_2",12,"Intermediate"
"CATTTCATCGATGCTA-1_2",12,"Activated"
"CCAAGCGAGGAAGTGA-1_2",12,"Intermediate"
"CCAAGCGAGGTACAGC-1_2",12,"Intermediate"
"CCAAGCGCAGGTTCGC-1_2",12,"Treg"
"CCAAGCGGTTGCATAC-1_2",12,"Intermediate"
"CCAATGAAGCTTGTGT-1_2",12,"Intermediate"
"CCAATGACAATCTCTT-1_2",12,"Intermediate"
"CCAATGAGTGTTACAC-1_2",12,"Activated"
"CCAATGATCACTCCGT-1_2",12,"Activated"
"CCAATGATCTACGGTA-1_2",12,"Resting"
"CCAATTTAGAGGACTC-1_2",12,"Intermediate"
"CCAATTTAGATCGACG-1_2",12,"Intermediate"
"CCAATTTCACGGCCAT-1_2",12,"Activated"
"CCAATTTTCGTGTGGC-1_2",12,"Treg"
"CCACAAAAGCTGCCTG-1_2",12,"Activated"
"CCACAAAAGGATTTGA-1_2",12,"Intermediate"
"CCACAAAAGGTCCGAA-1_2",12,"Activated"
"CCACAAATCAGGACAG-1_2",12,"Activated"
"CCACACTAGAAGATCT-1_2",12,"Activated"
"CCACACTAGTTGCCCG-1_2",12,"Resting"
"CCACACTTCAGTCACA-1_2",12,"Activated"
"CCACCATAGCTGGCTC-1_2",12,"Intermediate"
"CCACCATTCAGTCCGG-1_2",12,"Resting"
"CCACCATTCCATTCGC-1_2",12,"Intermediate"
"CCACCATTCCTGGTCT-1_2",12,"Intermediate"
"CCACCATTCGGAATTC-1_2",12,"Activated"
"CCACCATTCGTGTGAT-1_2",12,"Activated"
"CCACGAGAGACATAAC-1_2",12,"Activated"
"CCACGAGGTGCTTCAA-1_2",12,"Intermediate"
"CCACGAGGTGGGACAT-1_2",12,"Resting"
"CCACGAGTCTTCCAGC-1_2",12,"Activated"
"CCACGTTAGGGTGAAA-1_2",12,"Activated"
"CCACGTTCAACACAGG-1_2",12,"Intermediate"
"CCACGTTCAGGGTCTC-1_2",12,"Resting"
"CCACGTTCATTAAGCC-1_2",12,"Resting"
"CCACGTTGTAATGCTC-1_2",12,"Activated"
"CCACGTTGTGGTAACG-1_2",12,"Activated"
"CCACTTGAGACGTCGA-1_2",12,"Intermediate"
"CCACTTGAGCAAACAT-1_2",12,"Intermediate"
"CCACTTGAGTAACCGG-1_2",12,"Activated"
"CCACTTGCATGAATAG-1_2",12,"Resting"
"CCACTTGCATGACCCG-1_2",12,"Intermediate"
"CCACTTGGTAGGCAAC-1_2",12,"Resting"
"CCACTTGTCAGGACGA-1_2",12,"Resting"
"CCATAAGAGCTCGGCT-1_2",12,"Intermediate"
"CCATAAGGTACGTACT-1_2",12,"Intermediate"
"CCATAAGTCCCTGTTG-1_2",12,"Intermediate"
"CCATAAGTCGCGGTAC-1_2",12,"Activated"
"CCATCACAGCACTCCG-1_2",12,"Intermediate"
"CCATCACAGGCTTCCG-1_2",12,"Intermediate"
"CCATCACCAGATACTC-1_2",12,"Resting"
"CCATCACCAGGATTCT-1_2",12,"Intermediate"
"CCATCACGTTCGGGTC-1_2",12,"Activated"
"CCATCACTCAGAGTTC-1_2",12,"Intermediate"
"CCATCACTCATGTCTT-1_2",12,"Resting"
"CCATCACTCTCCGAAA-1_2",12,"Intermediate"
"CCCAACTAGCTCCCTT-1_2",12,"Activated"
"CCCAACTAGTCAATCC-1_2",12,"Resting"
"CCCAACTCACTGTTCC-1_2",12,"Intermediate"
"CCCATTGAGAATCGCG-1_2",12,"Activated"
"CCCATTGAGATGTTCC-1_2",12,"Resting"
"CCCATTGAGTACGTCT-1_2",12,"Intermediate"
"CCCGAAGCAATAGGAT-1_2",12,"Resting"
"CCCGAAGCAATGACCT-1_2",12,"Resting"
"CCCGAAGCACATATCG-1_2",12,"Activated"
"CCCGAAGCACTCAAGT-1_2",12,"Intermediate"
"CCCGAAGCATAATCGC-1_2",12,"Resting"
"CCCGAAGGTCTCCCTA-1_2",12,"Resting"
"CCCGGAAGTAACCCGC-1_2",12,"Intermediate"
"CCCGGAAGTGCTCTCT-1_2",12,"Activated"
"CCCGGAAGTTCTCGTC-1_2",12,"Resting"
"CCCTAACAGCATCCCG-1_2",12,"Intermediate"
"CCCTAACAGCTTGTTG-1_2",12,"Activated"
"CCCTAACAGTAGCATA-1_2",12,"Activated"
"CCCTAACCACAAAGTA-1_2",12,"Resting"
"CCCTAACCACTTCAGA-1_2",12,"Intermediate"
"CCCTAACCATATCTCT-1_2",12,"Resting"
"CCCTAACGTATGTGTC-1_2",12,"Activated"
"CCCTAACGTCACCTTC-1_2",12,"Activated"
"CCCTCAAAGACCTCCG-1_2",12,"Resting"
"CCCTCAACAACACAGG-1_2",12,"Resting"
"CCCTCAACAAGGCGTA-1_2",12,"Resting"
"CCCTCAACACCAGACC-1_2",12,"Activated"
"CCCTCAACATGGCCCA-1_2",12,"Resting"
"CCCTCAAGTATAATGG-1_2",12,"Activated"
"CCCTCAAGTCGCTCGA-1_2",12,"Resting"
"CCCTCAAGTGCAATGG-1_2",12,"Resting"
"CCCTCAAGTGCTCCGA-1_2",12,"Intermediate"
"CCCTCAATCATGCCGG-1_2",12,"Intermediate"
"CCCTCAATCGCGGACT-1_2",12,"Resting"
"CCCTCTCTCACTGATG-1_2",12,"Resting"
"CCCTCTCTCTCGCGTT-1_2",12,"Intermediate"
"CCCTGATCAACGTAAA-1_2",12,"Intermediate"
"CCCTGATCAAGATCCT-1_2",12,"Activated"
"CCCTGATCACCTGCGA-1_2",12,"Activated"
"CCCTGATGTTGCATTG-1_2",12,"Resting"
"CCCTGATTCCCGTTGT-1_2",12,"Resting"
"CCCTGATTCTTAGCTT-1_2",12,"Resting"
"CCCTTAGTCGAAGAAT-1_2",12,"Resting"
"CCGAACGGTTGCAACT-1_2",12,"Intermediate"
"CCGAACGTCAGCGCGT-1_2",12,"Activated"
"CCGATCTCAACATACC-1_2",12,"Intermediate"
"CCGATCTGTCTGATCA-1_2",12,"Intermediate"
"CCGATCTGTTCCGCAG-1_2",12,"Resting"
"CCGATGGAGACTTCGT-1_2",12,"Intermediate"
"CCGATGGAGTACAACA-1_2",12,"Resting"
"CCGATGGCAACAAGTA-1_2",12,"Intermediate"
"CCGATGGCACTAGTAC-1_2",12,"Resting"
"CCGATGGCAGATCCTA-1_2",12,"Intermediate"
"CCGATGGGTCGAGATG-1_2",12,"Resting"
"CCGATGGGTTCACCGG-1_2",12,"Activated"
"CCGATGGTCAGTAGGG-1_2",12,"Resting"
"CCGATGGTCGACACTA-1_2",12,"Intermediate"
"CCGCAAGAGACAACAT-1_2",12,"Activated"
"CCGCAAGAGGAGAATG-1_2",12,"Resting"
"CCGCAAGAGGAGTATT-1_2",12,"Resting"
"CCGCAAGAGGCTAAAT-1_2",12,"Resting"
"CCGCAAGCACAAATCC-1_2",12,"Intermediate"
"CCGCAAGGTATTGAGA-1_2",12,"Activated"
"CCGCAAGGTCAGGTGA-1_2",12,"Activated"
"CCGCAAGGTCATCCCT-1_2",12,"Resting"
"CCGCAAGGTCCGGCAT-1_2",12,"Intermediate"
"CCGCAAGGTGGTCTTA-1_2",12,"Intermediate"
"CCGCAAGTCACTTGGA-1_2",12,"Activated"
"CCGGACAAGATGCGAC-1_2",12,"Resting"
"CCGGACAAGCGTCAAG-1_2",12,"Activated"
"CCGGACACAAGAATAC-1_2",12,"Resting"
"CCGGACACAGAACTCT-1_2",12,"Resting"
"CCGGACACAGGGATAC-1_2",12,"Activated"
"CCGGACATCCATACTT-1_2",12,"Intermediate"
"CCGGACATCCCTCTAG-1_2",12,"Intermediate"
"CCGGGTAAGGACAGCT-1_2",12,"Intermediate"
"CCGGGTACAAGACGGT-1_2",12,"Activated"
"CCGGGTACACATTCTT-1_2",12,"Resting"
"CCGGTAGCAACACAAA-1_2",12,"Activated"
"CCGGTAGGTTCTTGTT-1_2",12,"Intermediate"
"CCGGTAGTCAAGGCTT-1_2",12,"Resting"
"CCGGTGATCCGGCAGT-1_2",12,"Activated"
"CCGTAGGAGCCGATCC-1_2",12,"Resting"
"CCGTAGGCAGCCGTTG-1_2",12,"Intermediate"
"CCGTAGGCAGGTTCCG-1_2",12,"Intermediate"
"CCGTAGGCATAAGATG-1_2",12,"Activated"
"CCGTAGGGTCTACAAC-1_2",12,"Resting"
"CCGTAGGTCCCATAGA-1_2",12,"Activated"
"CCGTGAGAGCCGTTGC-1_2",12,"Activated"
"CCGTGAGAGGCATTTC-1_2",12,"Intermediate"
"CCGTGAGCACTACTTT-1_2",12,"Resting"
"CCGTGAGCATCGATGT-1_2",12,"Intermediate"
"CCGTGAGGTCAACCAT-1_2",12,"Activated"
"CCGTGAGGTTAGGGTG-1_2",12,"Activated"
"CCGTGAGTCACGAACT-1_2",12,"Resting"
"CCGTGAGTCTACCAGA-1_2",12,"Intermediate"
"CCGTGAGTCTATGTGG-1_2",12,"Resting"
"CCGTGAGTCTCCTGAC-1_2",12,"Activated"
"CCGTGAGTCTTCGACC-1_2",12,"Activated"
"CCGTTCAAGCTCCATA-1_2",12,"Resting"
"CCGTTCACAAGATCCT-1_2",12,"Intermediate"
"CCGTTCACAGGTACGA-1_2",12,"Resting"
"CCGTTCAGTTGGGTAG-1_2",12,"Intermediate"
"CCGTTCAGTTTACACG-1_2",12,"Activated"
"CCGTTCATCCACGTAA-1_2",12,"Intermediate"
"CCTAACCAGACTACCT-1_2",12,"Resting"
"CCTAACCAGTGGCAGT-1_2",12,"Resting"
"CCTAACCGTACATTGC-1_2",12,"Activated"
"CCTAACCGTCGTGGAA-1_2",12,"Resting"
"CCTAACCGTGCAACGA-1_2",12,"Activated"
"CCTAACCGTTGGACTT-1_2",12,"Intermediate"
"CCTAACCTCCGGACTG-1_2",12,"Resting"
"CCTAACCTCCGGCAAC-1_2",12,"Activated"
"CCTAAGAAGTTGCTGT-1_2",12,"Resting"
"CCTAAGACAGCAGGAT-1_2",12,"Resting"
"CCTAAGACATTGGGAG-1_2",12,"Intermediate"
"CCTAAGAGTCACTAGT-1_2",12,"Resting"
"CCTAAGAGTTACCTGA-1_2",12,"Resting"
"CCTACGTAGAGATTCA-1_2",12,"Activated"
"CCTACGTAGATCCGAG-1_2",12,"Resting"
"CCTACGTAGGTCGCCT-1_2",12,"Intermediate"
"CCTACGTAGTATAGAC-1_2",12,"Intermediate"
"CCTACGTTCAAACCCA-1_2",12,"Resting"
"CCTACGTTCCCACAGG-1_2",12,"Resting"
"CCTACGTTCCTCATAT-1_2",12,"Resting"
"CCTATCGAGTGAATAC-1_2",12,"Intermediate"
"CCTATCGCACAGCTGC-1_2",12,"Intermediate"
"CCTATCGCATGACAGG-1_2",12,"Intermediate"
"CCTATCGGTGGATACG-1_2",12,"Activated"
"CCTATCGGTTGGGTTT-1_2",12,"Resting"
"CCTATCGTCGCTGATA-1_2",12,"Intermediate"
"CCTCAACAGCCTCTGG-1_2",12,"Activated"
"CCTCAACGTACTCGCG-1_2",12,"Activated"
"CCTCAACGTTCGTGCG-1_2",12,"Resting"
"CCTCAACTCAAATAGG-1_2",12,"Activated"
"CCTCAACTCGATTGGT-1_2",12,"Activated"
"CCTCAACTCGTAGGGA-1_2",12,"Intermediate"
"CCTCAACTCTTCGCTG-1_2",12,"Intermediate"
"CCTCACAAGTGGTTAA-1_2",12,"Activated"
"CCTCACAAGTTAACGA-1_2",12,"Intermediate"
"CCTCACACAATTGGTC-1_2",12,"Activated"
"CCTCACACACCAGTTA-1_2",12,"Resting"
"CCTCACACACGGAAGT-1_2",12,"Intermediate"
"CCTCACACAGGAAGTC-1_2",12,"Resting"
"CCTCACACATAACCCA-1_2",12,"Resting"
"CCTCACAGTCAAGGCA-1_2",12,"Intermediate"
"CCTCACAGTCTTGAAC-1_2",12,"Intermediate"
"CCTCACATCACCTTGC-1_2",12,"Activated"
"CCTCACATCCCGGTAG-1_2",12,"Activated"
"CCTCAGTAGATTGTGA-1_2",12,"Resting"
"CCTCAGTAGCATGCGA-1_2",12,"Intermediate"
"CCTCAGTAGTCACTGT-1_2",12,"Resting"
"CCTCAGTGTCCAATCA-1_2",12,"Intermediate"
"CCTCAGTGTGCATTTG-1_2",12,"Activated"
"CCTCAGTGTGCTTATG-1_2",12,"Activated"
"CCTCAGTGTGGCTAGA-1_2",12,"Intermediate"
"CCTCAGTGTTGGCTAT-1_2",12,"Resting"
"CCTCATGAGAGAGCAA-1_2",12,"Activated"
"CCTCATGCACAAATAG-1_2",12,"Intermediate"
"CCTCATGCAGCCTATA-1_2",12,"Intermediate"
"CCTCATGGTCCAGGTC-1_2",12,"Intermediate"
"CCTCATGTCACCGACG-1_2",12,"Resting"
"CCTCCAAAGACTTGTC-1_2",12,"Activated"
"CCTCCAAAGATGCAGC-1_2",12,"Intermediate"
"CCTCCAATCTAGACCA-1_2",12,"Intermediate"
"CCTCCAATCTGACGCG-1_2",12,"Resting"
"CCTCCTCAGTCTAGAA-1_2",12,"Intermediate"
"CCTCCTCCATACACCA-1_2",12,"Resting"
"CCTCCTCCATATGGCT-1_2",12,"Activated"
"CCTCCTCCATCGAGCC-1_2",12,"Activated"
"CCTCCTCCATGCGGTC-1_2",12,"Intermediate"
"CCTCCTCTCTCTAGGA-1_2",12,"Activated"
"CCTCTAGCAAGGACAC-1_2",12,"Activated"
"CCTCTAGCATCGATGT-1_2",12,"Resting"
"CCTCTAGGTACCTTCC-1_2",12,"Resting"
"CCTCTAGTCATTTCGT-1_2",12,"Resting"
"CCTCTAGTCCACGTAA-1_2",12,"Intermediate"
"CCTCTAGTCTGGGATT-1_2",12,"Resting"
"CCTCTCCCACAGAAGC-1_2",12,"Intermediate"
"CCTCTCCCATTAAAGG-1_2",12,"Resting"
"CCTCTCCGTACGTGAG-1_2",12,"Resting"
"CCTCTCCGTCCCGTGA-1_2",12,"Intermediate"
"CCTCTCCGTGACGTCC-1_2",12,"Intermediate"
"CCTCTCCGTTAACCTG-1_2",12,"Activated"
"CCTCTCCGTTGCGGCT-1_2",12,"Activated"
"CCTCTCCTCAGGACAG-1_2",12,"Intermediate"
"CCTGCATAGCCTATCA-1_2",12,"Resting"
"CCTGCATAGGCATCAG-1_2",12,"Treg"
"CCTGCATCAAACAGGC-1_2",12,"Activated"
"CCTGCATCAGAGTTCT-1_2",12,"Resting"
"CCTGCATCATGTCGTA-1_2",12,"Activated"
"CCTGCATTCATTATCC-1_2",12,"Resting"
"CCTGTTGCACTCCACT-1_2",12,"Intermediate"
"CCTTCAGAGACCAGAC-1_2",12,"Resting"
"CCTTCAGCACTGGCGT-1_2",12,"Intermediate"
"CCTTCAGGTGGGACAT-1_2",12,"Activated"
"CCTTCAGGTTGGCTAT-1_2",12,"Intermediate"
"CCTTGTGGTAATACCC-1_2",12,"Resting"
"CCTTGTGGTAGCTTAC-1_2",12,"Resting"
"CCTTGTGGTAGTATAG-1_2",12,"Activated"
"CCTTGTGGTAGTTAGA-1_2",12,"Resting"
"CCTTGTGTCGAGTTGT-1_2",12,"Resting"
"CCTTGTGTCGTGTGAT-1_2",12,"Intermediate"
"CCTTTGGAGCAATTAG-1_2",12,"Intermediate"
"CCTTTGGGTAGTCCTA-1_2",12,"Intermediate"
"CCTTTGGTCTCTCTAA-1_2",12,"Intermediate"
"CGAAGGAAGGCCTGCT-1_2",12,"Resting"
"CGAAGGAAGTGGAAAG-1_2",12,"Activated"
"CGAAGGACACTCCTGT-1_2",12,"Resting"
"CGAAGGAGTGGGTATG-1_2",12,"Resting"
"CGAAGGAGTTCAGGTT-1_2",12,"Activated"
"CGAAGGATCTGGCCTT-1_2",12,"Activated"
"CGAAGTTAGCAAGTGC-1_2",12,"Activated"
"CGAAGTTGTAACTTCG-1_2",12,"Intermediate"
"CGAAGTTGTACTGTTG-1_2",12,"Activated"
"CGAAGTTGTAGCTGAG-1_2",12,"Activated"
"CGAAGTTGTGGCTGCT-1_2",12,"Activated"
"CGAAGTTTCTTGCAGA-1_2",12,"Intermediate"
"CGAATTGAGCTAATCC-1_2",12,"Treg"
"CGAATTGAGGTTCAGG-1_2",12,"Activated"
"CGAATTGAGGTTCCAT-1_2",12,"Resting"
"CGAATTGAGTATAGAC-1_2",12,"Intermediate"
"CGAATTGCAGAACTCT-1_2",12,"Resting"
"CGAATTGCAGGCATGA-1_2",12,"Activated"
"CGAATTGTCATCACAG-1_2",12,"Resting"
"CGAATTGTCGATACGT-1_2",12,"Activated"
"CGACAGCCACGGCGTT-1_2",12,"Intermediate"
"CGACAGCGTTCAATCG-1_2",12,"Activated"
"CGACAGCTCAACGAGG-1_2",12,"Activated"
"CGACAGCTCTACACTT-1_2",12,"Resting"
"CGAGAAGGTAAGTAGT-1_2",12,"Activated"
"CGAGAAGGTATTTCTC-1_2",12,"Intermediate"
"CGAGAAGTCGTGCTCT-1_2",12,"Activated"
"CGAGAAGTCTCGCAGG-1_2",12,"Activated"
"CGAGGAACAAGTGTCT-1_2",12,"Resting"
"CGAGGAACACGGAAGT-1_2",12,"Intermediate"
"CGAGGAACAGGCATGA-1_2",12,"Intermediate"
"CGAGGAATCATCGCTC-1_2",12,"Intermediate"
"CGAGGCTAGATGCTTC-1_2",12,"Resting"
"CGAGGCTAGATTCGCT-1_2",12,"Activated"
"CGAGGCTCAGGGATAC-1_2",12,"Activated"
"CGAGGCTGTCAGCTTA-1_2",12,"Activated"
"CGAGGCTGTGTGTTTG-1_2",12,"Activated"
"CGAGTGCAGGGTATAT-1_2",12,"Resting"
"CGAGTTAAGACGCTCC-1_2",12,"Intermediate"
"CGAGTTAAGAGTCAAT-1_2",12,"Activated"
"CGAGTTAAGGGACCAT-1_2",12,"Activated"
"CGAGTTACAGGACATG-1_2",12,"Intermediate"
"CGAGTTAGTCGGTACC-1_2",12,"Resting"
"CGAGTTAGTCTGCCTT-1_2",12,"Resting"
"CGAGTTAGTTCAAACC-1_2",12,"Activated"
"CGAGTTAGTTCCCAAA-1_2",12,"Resting"
"CGAGTTAGTTCTCAGA-1_2",12,"Intermediate"
"CGAGTTAGTTGGACCC-1_2",12,"Activated"
"CGAGTTATCTCTTCAA-1_2",12,"Resting"
"CGATCGGAGAGCTGCA-1_2",12,"Intermediate"
"CGATGCGCAGAGTGAC-1_2",12,"Activated"
"CGATGCGGTTGCGTAT-1_2",12,"Activated"
"CGATGCGTCGACACTA-1_2",12,"Activated"
"CGATGCGTCTTTCCAA-1_2",12,"Activated"
"CGATGGCAGCGAGTCA-1_2",12,"Activated"
"CGATGGCCAGTCGCAC-1_2",12,"Resting"
"CGATGGCGTCATCCCT-1_2",12,"Activated"
"CGATGGCGTTTCTTAC-1_2",12,"Activated"
"CGCAGGTCAACATACC-1_2",12,"Intermediate"
"CGCAGGTCACAGCATT-1_2",12,"Activated"
"CGCATAACACTGTGAT-1_2",12,"Resting"
"CGCATAAGTAGACACG-1_2",12,"Resting"
"CGCATAATCCGTGTAA-1_2",12,"Resting"
"CGCATGGTCTCGACGG-1_2",12,"Intermediate"
"CGCCAGAAGACTCAAA-1_2",12,"Activated"
"CGCCAGAAGATACCAA-1_2",12,"Resting"
"CGCCAGAAGCATCCCG-1_2",12,"Intermediate"
"CGCCAGAAGCTCCGAC-1_2",12,"Activated"
"CGCCAGAAGCTGAGCA-1_2",12,"Activated"
"CGCCAGACAGAGTCAG-1_2",12,"Activated"
"CGCCAGACAGTTCTAG-1_2",12,"Activated"
"CGCCAGAGTTGACTGT-1_2",12,"Resting"
"CGCCAGATCAACTTTC-1_2",12,"Resting"
"CGCCATTAGTAGCAAT-1_2",12,"Resting"
"CGCCATTAGTCGTCTA-1_2",12,"Activated"
"CGCCATTCAGTTTCAG-1_2",12,"Resting"
"CGCCATTGTATGTCCA-1_2",12,"Intermediate"
"CGCGTGAAGACAGCGT-1_2",12,"Activated"
"CGCGTGAAGTACTGTC-1_2",12,"Activated"
"CGCGTGACAAGACGGT-1_2",12,"Intermediate"
"CGCGTGAGTACAAGCG-1_2",12,"Intermediate"
"CGCGTGAGTGGGCTCT-1_2",12,"Resting"
"CGCGTGATCAACCCGG-1_2",12,"Activated"
"CGCGTGATCCCTCAAC-1_2",12,"Intermediate"
"CGCGTGATCGTCTAAG-1_2",12,"Intermediate"
"CGGAACCAGTCTCGTA-1_2",12,"Resting"
"CGGAACCAGTGCAGCA-1_2",12,"Intermediate"
"CGGAACCCAAACAGGC-1_2",12,"Intermediate"
"CGGAACCTCGATAACC-1_2",12,"Treg"
"CGGAACCTCTGATGGT-1_2",12,"Resting"
"CGGAATTAGGGTTAAT-1_2",12,"Intermediate"
"CGGAATTGTTCCTTGC-1_2",12,"Intermediate"
"CGGACACCACACGCCA-1_2",12,"Activated"
"CGGACACCAGTATACC-1_2",12,"Activated"
"CGGACACCATCTCATT-1_2",12,"Activated"
"CGGACACGTCGAATGG-1_2",12,"Activated"
"CGGACACTCCCTCTAG-1_2",12,"Resting"
"CGGACACTCTGAGTCA-1_2",12,"Resting"
"CGGAGAAAGAGCCGTA-1_2",12,"Resting"
"CGGAGAAAGGTGGTTG-1_2",12,"Intermediate"
"CGGAGAACAATTGAAG-1_2",12,"Intermediate"
"CGGAGAACACTAGAGG-1_2",12,"Activated"
"CGGAGAACAGTAGAAT-1_2",12,"Intermediate"
"CGGAGAACATGTCTAG-1_2",12,"Activated"
"CGGAGAATCGTGCATA-1_2",12,"Activated"
"CGGCAGTAGCGTTACT-1_2",12,"Intermediate"
"CGGCAGTCACAGAGCA-1_2",12,"Resting"
"CGGCAGTCATAGCTGT-1_2",12,"Activated"
"CGGCAGTGTGACCGTC-1_2",12,"Resting"
"CGGCAGTGTGTTATCG-1_2",12,"Resting"
"CGGCAGTTCCACGGGT-1_2",12,"Activated"
"CGGCAGTTCCCAGCGA-1_2",12,"Activated"
"CGGCAGTTCCCTCTAG-1_2",12,"Intermediate"
"CGGGACTAGCTGGTGA-1_2",12,"Intermediate"
"CGGGACTAGGATATAC-1_2",12,"Resting"
"CGGGACTGTGACCGAA-1_2",12,"Resting"
"CGGGCATGTAGGGTAC-1_2",12,"Intermediate"
"CGGGCATGTGCCGGTT-1_2",12,"Activated"
"CGGGCATTCGATACTG-1_2",12,"Activated"
"CGGGCATTCGCGCTGA-1_2",12,"Resting"
"CGGGCATTCTAGCATG-1_2",12,"Intermediate"
"CGGGTCAGTGCCCACA-1_2",12,"Activated"
"CGGGTCAGTGCGAGTA-1_2",12,"Intermediate"
"CGGGTCATCTGTCGTC-1_2",12,"Intermediate"
"CGGGTGTAGAAGGGAT-1_2",12,"Intermediate"
"CGGGTGTAGACATAGT-1_2",12,"Activated"
"CGGGTGTGTCGCATGC-1_2",12,"Activated"
"CGGTCAGAGTATGGCG-1_2",12,"Resting"
"CGGTCAGCACTGAGGA-1_2",12,"Activated"
"CGGTCAGCAGTATTCG-1_2",12,"Activated"
"CGGTCAGCATCTCCCA-1_2",12,"Activated"
"CGGTCAGCATCTTCGC-1_2",12,"Resting"
"CGGTCAGCATGCTGCG-1_2",12,"Resting"
"CGGTCAGCATTGCCTC-1_2",12,"Resting"
"CGGTCAGTCTCAGAAC-1_2",12,"Intermediate"
"CGTAAGTCACACTTAG-1_2",12,"Activated"
"CGTAAGTGTAGCACGA-1_2",12,"Intermediate"
"CGTAAGTGTCGCCACA-1_2",12,"Intermediate"
"CGTAAGTTCAGGGATG-1_2",12,"Intermediate"
"CGTAATGAGAATCTAG-1_2",12,"Resting"
"CGTAATGCAAGTGGGT-1_2",12,"Activated"
"CGTAATGCACGTCGTG-1_2",12,"Activated"
"CGTAATGCAGAACTCT-1_2",12,"Activated"
"CGTAATGGTGACTGTT-1_2",12,"Activated"
"CGTAATGGTGCACATT-1_2",12,"Intermediate"
"CGTAATGTCAAAGGAT-1_2",12,"Activated"
"CGTAGTAAGCTTTCTT-1_2",12,"Activated"
"CGTAGTAAGGATTTGA-1_2",12,"Intermediate"
"CGTAGTAAGTTCGCAT-1_2",12,"Activated"
"CGTAGTAGTAGGTCAG-1_2",12,"Resting"
"CGTCAAACACTTTATC-1_2",12,"Intermediate"
"CGTCAAAGTATTCTCT-1_2",12,"Resting"
"CGTCAAAGTTAACAGA-1_2",12,"Resting"
"CGTCAAAGTTCAAGGG-1_2",12,"Resting"
"CGTCAAATCTATTGTC-1_2",12,"Intermediate"
"CGTCCATAGACCAAAT-1_2",12,"Activated"
"CGTCCATAGCCGATTT-1_2",12,"Intermediate"
"CGTCCATGTCACTACA-1_2",12,"Intermediate"
"CGTCCATGTGGAAGTC-1_2",12,"Activated"
"CGTGAATAGGCGCTTC-1_2",12,"Intermediate"
"CGTGAATAGTGCGTCC-1_2",12,"Resting"
"CGTGAATCAGGAGACT-1_2",12,"Resting"
"CGTGAATTCCTATTTG-1_2",12,"Resting"
"CGTGATAAGCGAGTAC-1_2",12,"Activated"
"CGTGATAAGTAAATGC-1_2",12,"Intermediate"
"CGTGATATCACTACTT-1_2",12,"Resting"
"CGTGATATCCCGATCT-1_2",12,"Intermediate"
"CGTGCTTAGAGAAGGT-1_2",12,"Resting"
"CGTGCTTAGGAGGCAG-1_2",12,"Treg"
"CGTGCTTCAGCTTTGA-1_2",12,"Activated"
"CGTGCTTGTTCTAAGC-1_2",12,"Intermediate"
"CGTGCTTGTTCTTCAT-1_2",12,"Resting"
"CGTGCTTTCATCTATC-1_2",12,"Treg"
"CGTGCTTTCCAACCGG-1_2",12,"Intermediate"
"CGTGCTTTCGCCTTGT-1_2",12,"Activated"
"CGTGTCTCACAAGTTC-1_2",12,"Resting"
"CGTGTCTCACCGGTCA-1_2",12,"Intermediate"
"CGTGTCTCATCTGCGG-1_2",12,"Activated"
"CGTGTCTTCCGTTGAA-1_2",12,"Activated"
"CGTTAGAGTAGGACCA-1_2",12,"Activated"
"CGTTAGATCGATACTG-1_2",12,"Resting"
"CGTTCTGAGAGCTTTC-1_2",12,"Activated"
"CGTTCTGAGGAACGAA-1_2",12,"Intermediate"
"CGTTCTGAGTGACACG-1_2",12,"Activated"
"CGTTCTGCACAGCCAC-1_2",12,"Activated"
"CGTTCTGCAGACTGCC-1_2",12,"Activated"
"CGTTCTGGTTCTCCTG-1_2",12,"Intermediate"
"CGTTCTGTCAGGGATG-1_2",12,"Treg"
"CGTTGGGCAGGACATG-1_2",12,"Intermediate"
"CGTTGGGCATGACACT-1_2",12,"Resting"
"CGTTGGGTCGCTGTTC-1_2",12,"Intermediate"
"CTAACCCAGTAGAGTT-1_2",12,"Resting"
"CTAACCCCAGCCGTTG-1_2",12,"Activated"
"CTAACCCTCAGGTAAA-1_2",12,"Resting"
"CTAACCCTCGCCGAAC-1_2",12,"Intermediate"
"CTAACCCTCGTGACTA-1_2",12,"Resting"
"CTAACTTGTAACGCGA-1_2",12,"Activated"
"CTAACTTGTACGTTCA-1_2",12,"Activated"
"CTAACTTTCAACCTTT-1_2",12,"Intermediate"
"CTAAGTGAGATCCGAG-1_2",12,"Resting"
"CTAAGTGCATATCGGT-1_2",12,"Activated"
"CTAAGTGGTCTCTCTG-1_2",12,"Intermediate"
"CTACAGAAGTGGTGAC-1_2",12,"Activated"
"CTACAGACAGGCTTGC-1_2",12,"Resting"
"CTACAGAGTAACAGGC-1_2",12,"Activated"
"CTACAGATCAGACCGC-1_2",12,"Intermediate"
"CTACAGATCATGCATG-1_2",12,"Resting"
"CTACAGATCCGTAGTA-1_2",12,"Activated"
"CTACATTAGAAATTGC-1_2",12,"Activated"
"CTACATTGTAGACAAT-1_2",12,"Activated"
"CTACATTGTGAATGTA-1_2",12,"Intermediate"
"CTACATTGTTATCTTC-1_2",12,"Resting"
"CTACATTTCCACCCTA-1_2",12,"Resting"
"CTACCCACAATCAAGA-1_2",12,"Activated"
"CTACCCACACCCTCTA-1_2",12,"Intermediate"
"CTACCCACAGCTCGGT-1_2",12,"Intermediate"
"CTACCCACAGGTATGG-1_2",12,"Intermediate"
"CTACCCACATGCCGCA-1_2",12,"Intermediate"
"CTACCCATCAGCCCAG-1_2",12,"Resting"
"CTACCCATCATTGTGG-1_2",12,"Activated"
"CTACCCATCCAAGGGA-1_2",12,"Intermediate"
"CTACCCATCGACATTG-1_2",12,"Intermediate"
"CTACCTGAGACGACGT-1_2",12,"Intermediate"
"CTACCTGAGATTGGGC-1_2",12,"Resting"
"CTACCTGAGCACTCGC-1_2",12,"Resting"
"CTACCTGAGTGGTCAG-1_2",12,"Intermediate"
"CTACCTGCAGGTATGG-1_2",12,"Activated"
"CTACCTGGTAGTTCCA-1_2",12,"Intermediate"
"CTACCTGTCATCTCTA-1_2",12,"Activated"
"CTACCTGTCATGCGGC-1_2",12,"Activated"
"CTACCTGTCGCAATTG-1_2",12,"Intermediate"
"CTACGGGAGATCCAAA-1_2",12,"Intermediate"
"CTACGGGCAGCAGTTT-1_2",12,"Intermediate"
"CTACGGGGTAACGATA-1_2",12,"Activated"
"CTACTATAGGGCGAGA-1_2",12,"Intermediate"
"CTACTATCAGGTTACT-1_2",12,"Intermediate"
"CTAGACAAGGGCCTCT-1_2",12,"Intermediate"
"CTAGACACACATCCCT-1_2",12,"Intermediate"
"CTAGACACAGCGGTCT-1_2",12,"Resting"
"CTAGACACAGGTTCCG-1_2",12,"Intermediate"
"CTAGACACATGACGTT-1_2",12,"Intermediate"
"CTAGACATCGGTCACG-1_2",12,"Activated"
"CTAGACATCTTTGGAG-1_2",12,"Activated"
"CTAGGTAAGAATTTGG-1_2",12,"Activated"
"CTAGGTAGTAGCGCCT-1_2",12,"Intermediate"
"CTAGGTAGTGCCTGCA-1_2",12,"Resting"
"CTAGGTAGTGGAAATT-1_2",12,"Activated"
"CTAGGTAGTGGGCTTC-1_2",12,"Resting"
"CTAGGTATCTGTTGGA-1_2",12,"Treg"
"CTATAGGAGCTAAGTA-1_2",12,"Intermediate"
"CTATAGGGTCAAATCC-1_2",12,"Resting"
"CTATAGGGTGCCGTTG-1_2",12,"Activated"
"CTATAGGGTGTTTCTT-1_2",12,"Activated"
"CTATAGGTCCGGTAGC-1_2",12,"Intermediate"
"CTATAGGTCTTGTTAC-1_2",12,"Resting"
"CTATCCGCAACTGCTA-1_2",12,"Activated"
"CTATCCGCATTCATCT-1_2",12,"Intermediate"
"CTATCCGGTCGGATTT-1_2",12,"Intermediate"
"CTATCTACAATTGGTC-1_2",12,"Resting"
"CTATCTACAGGGTCTC-1_2",12,"Treg"
"CTATCTAGTCAACCAT-1_2",12,"Resting"
"CTATCTATCAAGTGTC-1_2",12,"Resting"
"CTCAACCAGAATCGCG-1_2",12,"Activated"
"CTCAACCAGACCATGG-1_2",12,"Activated"
"CTCAACCAGGCCTGAA-1_2",12,"Intermediate"
"CTCAACCCAGTAACAA-1_2",12,"Intermediate"
"CTCAACCGTAGTAAGT-1_2",12,"Resting"
"CTCAACCGTATCCTTT-1_2",12,"Intermediate"
"CTCAACCTCCCAGGAC-1_2",12,"Intermediate"
"CTCAAGAGTGCGCTCA-1_2",12,"Intermediate"
"CTCAAGAGTGGCTACC-1_2",12,"Intermediate"
"CTCAATTAGTTCTACG-1_2",12,"Resting"
"CTCAATTCAGTAGTTC-1_2",12,"Resting"
"CTCAATTTCTACCAGA-1_2",12,"Intermediate"
"CTCACTGAGAGGATCC-1_2",12,"Intermediate"
"CTCACTGAGTAGACCG-1_2",12,"Resting"
"CTCACTGCAAGATGGC-1_2",12,"Intermediate"
"CTCACTGCAAGTGGAC-1_2",12,"Intermediate"
"CTCACTGCACCAATTG-1_2",12,"Intermediate"
"CTCACTGGTAGACGGT-1_2",12,"Resting"
"CTCACTGTCTGGGATT-1_2",12,"Activated"
"CTCAGGGAGGCCACCT-1_2",12,"Resting"
"CTCAGGGCACGCCACA-1_2",12,"Intermediate"
"CTCAGGGCAGAAGTTA-1_2",12,"Activated"
"CTCAGGGCATTCACCC-1_2",12,"Resting"
"CTCAGGGGTCCTGAAT-1_2",12,"Intermediate"
"CTCAGGGGTGAATTAG-1_2",12,"Activated"
"CTCAGGGGTTACGGAG-1_2",12,"Resting"
"CTCAGGGGTTTGCAGT-1_2",12,"Resting"
"CTCAGGGTCTCGGCTT-1_2",12,"Intermediate"
"CTCAGGGTCTGGTCAA-1_2",12,"Intermediate"
"CTCAGTCAGCTCACTA-1_2",12,"Activated"
"CTCAGTCCAGTAGAAT-1_2",12,"Intermediate"
"CTCAGTCGTCATCTAG-1_2",12,"Activated"
"CTCAGTCGTGGAATGC-1_2",12,"Resting"
"CTCAGTCTCCTAGCGG-1_2",12,"Activated"
"CTCAGTCTCGATACTG-1_2",12,"Activated"
"CTCATCGAGGCGAACT-1_2",12,"Intermediate"
"CTCATCGCAATCTCGA-1_2",12,"Intermediate"
"CTCATCGCACATTGTG-1_2",12,"Intermediate"
"CTCATCGGTCCATAGT-1_2",12,"Activated"
"CTCATCGGTCGACTTA-1_2",12,"Resting"
"CTCATCGGTGTAGCAG-1_2",12,"Intermediate"
"CTCATCGTCGCGCTGA-1_2",12,"Intermediate"
"CTCATGCCAAACTAGA-1_2",12,"Treg"
"CTCATGCCAGAACTTC-1_2",12,"Intermediate"
"CTCATGCCAGCACACC-1_2",12,"Intermediate"
"CTCATGCGTGAATGAT-1_2",12,"Intermediate"
"CTCATGCTCATGCCGG-1_2",12,"Activated"
"CTCATTAAGGCGATAC-1_2",12,"Resting"
"CTCATTAAGTGATAAC-1_2",12,"Resting"
"CTCATTACAACATACC-1_2",12,"Intermediate"
"CTCATTACACAGTCCG-1_2",12,"Intermediate"
"CTCATTACAGATTTCG-1_2",12,"Intermediate"
"CTCATTAGTCCTCCAT-1_2",12,"Resting"
"CTCATTAGTTCTCCCA-1_2",12,"Activated"
"CTCATTATCATAGGCT-1_2",12,"Activated"
"CTCCAACTCATTTGGG-1_2",12,"Activated"
"CTCCACAAGGTAACTA-1_2",12,"Intermediate"
"CTCCACAAGTAACGTA-1_2",12,"Intermediate"
"CTCCACAAGTATTAGG-1_2",12,"Intermediate"
"CTCCACACAGTTCTAG-1_2",12,"Intermediate"
"CTCCACACATACACCA-1_2",12,"Treg"
"CTCCACAGTCACCGAC-1_2",12,"Activated"
"CTCCACAGTCCCAAAT-1_2",12,"Activated"
"CTCCACATCATTCTTG-1_2",12,"Activated"
"CTCCACATCTCGAGTA-1_2",12,"Resting"
"CTCCATGAGAACTCCT-1_2",12,"Intermediate"
"CTCCATGAGTAGCCAG-1_2",12,"Activated"
"CTCCATGGTGGATCAG-1_2",12,"Intermediate"
"CTCCATGTCGCAACAT-1_2",12,"Activated"
"CTCCATGTCGTTCATT-1_2",12,"Intermediate"
"CTCCATGTCTCAACGA-1_2",12,"Intermediate"
"CTCCCAACAACACACT-1_2",12,"Activated"
"CTCCCAACACAGTATC-1_2",12,"Resting"
"CTCCCAAGTGTATTCG-1_2",12,"Activated"
"CTCCCAATCAAGAGTA-1_2",12,"Resting"
"CTCCCAATCCGCTTAC-1_2",12,"Intermediate"
"CTCCCAATCGCAGAGA-1_2",12,"Resting"
"CTCCCTCAGCGAATGC-1_2",12,"Intermediate"
"CTCCCTCAGTCCTGTA-1_2",12,"Resting"
"CTCCCTCAGTTGAAGT-1_2",12,"Activated"
"CTCCCTCCACTGAGTT-1_2",12,"Resting"
"CTCCCTCGTGTACGCC-1_2",12,"Intermediate"
"CTCCCTCTCCTACTGC-1_2",12,"Resting"
"CTCCGATAGACTTGTC-1_2",12,"Activated"
"CTCCGATAGCTAGAGC-1_2",12,"Intermediate"
"CTCCGATCATACACCA-1_2",12,"Intermediate"
"CTCCGATGTTATGACC-1_2",12,"Intermediate"
"CTCCGATGTTGTTGAC-1_2",12,"Intermediate"
"CTCCTCCAGAAGCGCT-1_2",12,"Resting"
"CTCCTCCAGAGCAGCT-1_2",12,"Resting"
"CTCCTCCAGCCGAATG-1_2",12,"Intermediate"
"CTCCTCCCATCGATGT-1_2",12,"Resting"
"CTCCTCCGTAGGTACG-1_2",12,"Intermediate"
"CTCCTCCGTCCGATCG-1_2",12,"Activated"
"CTCCTCCGTGGAGAAA-1_2",12,"Resting"
"CTCCTCCTCCCAGGAC-1_2",12,"Resting"
"CTCCTTTAGAAACCAT-1_2",12,"Activated"
"CTCCTTTAGTGCAGCA-1_2",12,"Intermediate"
"CTCCTTTAGTTGGAAT-1_2",12,"Activated"
"CTCCTTTCACACACGC-1_2",12,"Intermediate"
"CTCCTTTCACTGGATT-1_2",12,"Intermediate"
"CTCCTTTCAGGCAATG-1_2",12,"Treg"
"CTCCTTTGTGAGTGAC-1_2",12,"Resting"
"CTCCTTTTCAATCAGC-1_2",12,"Activated"
"CTCCTTTTCTCATGCC-1_2",12,"Activated"
"CTCGAGGCACGGGTAA-1_2",12,"Activated"
"CTCGAGGCACTGGACC-1_2",12,"Intermediate"
"CTCGAGGCAGAGCCCT-1_2",12,"Activated"
"CTCGAGGTCGATCCAA-1_2",12,"Intermediate"
"CTCGAGGTCGGACGTC-1_2",12,"Intermediate"
"CTCGAGGTCGGCTTCT-1_2",12,"Activated"
"CTCTCAGAGGTTCCGC-1_2",12,"Intermediate"
"CTCTCAGCAACCTAAC-1_2",12,"Intermediate"
"CTCTCAGCACTCCGGA-1_2",12,"Intermediate"
"CTCTCAGCATTCACCC-1_2",12,"Intermediate"
"CTCTCAGGTCTGTCAA-1_2",12,"Intermediate"
"CTCTCAGGTGTAACGG-1_2",12,"Activated"
"CTCTCAGTCATCGCAA-1_2",12,"Intermediate"
"CTCTCAGTCGACTCCT-1_2",12,"Resting"
"CTCTCAGTCTGAATCG-1_2",12,"Intermediate"
"CTCTCGACAAACACGG-1_2",12,"Resting"
"CTCTCGACACTACCGG-1_2",12,"Intermediate"
"CTCTCGACAGGCTACC-1_2",12,"Activated"
"CTCTCGACATCTCGTC-1_2",12,"Activated"
"CTCTCGATCCTGGGAC-1_2",12,"Intermediate"
"CTCTGGTAGCACTCCG-1_2",12,"Resting"
"CTCTGGTAGTGGCGAT-1_2",12,"Resting"
"CTCTGGTGTGTCCAAT-1_2",12,"Intermediate"
"CTCTGGTTCGCATAGT-1_2",12,"Intermediate"
"CTCTGGTTCGTTCCTG-1_2",12,"Intermediate"
"CTGAATGAGCACTCCG-1_2",12,"Activated"
"CTGAATGAGGGCCAAT-1_2",12,"Resting"
"CTGAATGAGTCAGGGT-1_2",12,"Resting"
"CTGAATGGTTAGGGTG-1_2",12,"Resting"
"CTGAATGTCCGCAACG-1_2",12,"Activated"
"CTGAGCGAGCCGAATG-1_2",12,"Activated"
"CTGAGCGGTAGCTGAG-1_2",12,"Resting"
"CTGAGGCAGAGTAACT-1_2",12,"Treg"
"CTGAGGCAGGAGGCAG-1_2",12,"Intermediate"
"CTGAGGCCACAAGCAG-1_2",12,"Resting"
"CTGAGGCCAGCACGAA-1_2",12,"Resting"
"CTGAGGCGTAGCGTTT-1_2",12,"Resting"
"CTGAGGCGTCGGAAAC-1_2",12,"Resting"
"CTGAGGCGTTTACTGG-1_2",12,"Intermediate"
"CTGAGGCTCAAATAGG-1_2",12,"Intermediate"
"CTGATCCAGGCTCAAG-1_2",12,"Resting"
"CTGATCCCAACCGTAT-1_2",12,"Intermediate"
"CTGATCCTCATTTGCT-1_2",12,"Activated"
"CTGATCCTCCCTATTA-1_2",12,"Activated"
"CTGATCCTCGATTGGT-1_2",12,"Activated"
"CTGATCCTCGTCGATA-1_2",12,"Activated"
"CTGATCCTCTGTGTGA-1_2",12,"Intermediate"
"CTGCAGGAGGCTAGCA-1_2",12,"Activated"
"CTGCAGGAGTAGAATC-1_2",12,"Activated"
"CTGCAGGCACGACCTG-1_2",12,"Activated"
"CTGCATCAGAGGATGA-1_2",12,"Intermediate"
"CTGCATCCATGGGTTT-1_2",12,"Intermediate"
"CTGCCATAGCCTGTCG-1_2",12,"Resting"
"CTGCCATAGGTCCGAA-1_2",12,"Intermediate"
"CTGCCATAGTCTGCGC-1_2",12,"Activated"
"CTGCCATCAACCGTGC-1_2",12,"Resting"
"CTGCCATCACGGTGAA-1_2",12,"Activated"
"CTGCCATGTATGAAGT-1_2",12,"Activated"
"CTGCCATGTCCCTAAA-1_2",12,"Treg"
"CTGCCATTCCTAGCGG-1_2",12,"Resting"
"CTGCCATTCGTTCGCT-1_2",12,"Intermediate"
"CTGCCTAGTGCAGTGA-1_2",12,"Resting"
"CTGCGAGTCCACTGGG-1_2",12,"Resting"
"CTGCTCACAAGACGAC-1_2",12,"Intermediate"
"CTGCTCACATCCTAAG-1_2",12,"Activated"
"CTGGACGAGAGCTGCA-1_2",12,"Activated"
"CTGGACGAGCCTCAAT-1_2",12,"Intermediate"
"CTGGACGAGGCACTCC-1_2",12,"Activated"
"CTGGACGAGTGCCAGA-1_2",12,"Resting"
"CTGGACGCACGACTAT-1_2",12,"Resting"
"CTGGACGCATGCAGGA-1_2",12,"Activated"
"CTGGACGGTCTTACTT-1_2",12,"Intermediate"
"CTGGACGTCCCAGCGA-1_2",12,"Resting"
"CTGGCAGGTACAGGTG-1_2",12,"Activated"
"CTGGCAGGTACATTGC-1_2",12,"Activated"
"CTGGCAGGTTTACCAG-1_2",12,"Activated"
"CTGGTCTAGATGAAGG-1_2",12,"Activated"
"CTGGTCTAGTAGCATA-1_2",12,"Intermediate"
"CTGGTCTTCACGGGCT-1_2",12,"Activated"
"CTGTACCAGGTCACAG-1_2",12,"Intermediate"
"CTGTACCTCACAAGAA-1_2",12,"Resting"
"CTGTACCTCACCTCGT-1_2",12,"Resting"
"CTGTACCTCCGTACGG-1_2",12,"Activated"
"CTGTAGAAGGTACCTT-1_2",12,"Resting"
"CTGTAGACATACGCAT-1_2",12,"Resting"
"CTGTAGACATCGATAC-1_2",12,"Activated"
"CTGTAGAGTACGTAGG-1_2",12,"Intermediate"
"CTGTAGATCAACGTGT-1_2",12,"Activated"
"CTGTAGATCCGGACGT-1_2",12,"Intermediate"
"CTGTAGATCCGTAATG-1_2",12,"Activated"
"CTGTATTAGAACGCGT-1_2",12,"Intermediate"
"CTGTATTAGAACTCCT-1_2",12,"Treg"
"CTGTATTCAGACCAAG-1_2",12,"Intermediate"
"CTGTATTTCCGATGCG-1_2",12,"Activated"
"CTGTCGTAGATACATG-1_2",12,"Intermediate"
"CTGTCGTAGATGTTCC-1_2",12,"Intermediate"
"CTGTCGTCAACGGGTA-1_2",12,"Resting"
"CTGTCGTCATAGAATG-1_2",12,"Resting"
"CTGTCGTGTACAAGCG-1_2",12,"Intermediate"
"CTGTCGTTCATCTGTT-1_2",12,"Activated"
"CTGTCGTTCTAGGCCG-1_2",12,"Intermediate"
"CTGTGGGAGCATAGGC-1_2",12,"Resting"
"CTGTGGGCAATAGTGA-1_2",12,"Intermediate"
"CTGTGGGTCAAGGCTT-1_2",12,"Intermediate"
"CTGTGGGTCCTACGAA-1_2",12,"Treg"
"CTGTGGGTCGCAGATT-1_2",12,"Intermediate"
"CTTACCGAGCGGGTTA-1_2",12,"Intermediate"
"CTTACCGAGCTACAAA-1_2",12,"Resting"
"CTTACCGAGGCTCTAT-1_2",12,"Intermediate"
"CTTACCGAGTGAGTTA-1_2",12,"Activated"
"CTTACCGCATAAGCAA-1_2",12,"Resting"
"CTTACCGTCAAAGGAT-1_2",12,"Intermediate"
"CTTAGGAAGAACGCGT-1_2",12,"Intermediate"
"CTTAGGAAGCGCTGAA-1_2",12,"Activated"
"CTTAGGACATGCAGCC-1_2",12,"Intermediate"
"CTTCAATTCCCGATCT-1_2",12,"Resting"
"CTTCAATTCTCATAGG-1_2",12,"Resting"
"CTTCCGAAGCGATGAC-1_2",12,"Treg"
"CTTCCGACAAAGGCAC-1_2",12,"Intermediate"
"CTTCCGACAACCCTAA-1_2",12,"Resting"
"CTTCCGACACACCTAA-1_2",12,"Activated"
"CTTCCTTAGAGTCGAC-1_2",12,"Intermediate"
"CTTCCTTCACAATGTC-1_2",12,"Intermediate"
"CTTCCTTCAGCGACAA-1_2",12,"Intermediate"
"CTTCCTTGTGGGCTCT-1_2",12,"Intermediate"
"CTTCCTTGTGTCATGT-1_2",12,"Activated"
"CTTCCTTTCCAAATGC-1_2",12,"Intermediate"
"CTTCGGTCAACCTAAC-1_2",12,"Resting"
"CTTCGGTCATTACGGT-1_2",12,"Resting"
"CTTCGGTGTACGAAAT-1_2",12,"Intermediate"
"CTTCTAAAGCTCTATG-1_2",12,"Intermediate"
"CTTCTAACACGGAAGT-1_2",12,"Activated"
"CTTCTAACATATTCGG-1_2",12,"Activated"
"CTTCTAATCTAGAGCT-1_2",12,"Intermediate"
"CTTCTCTAGCCAGAGT-1_2",12,"Intermediate"
"CTTCTCTAGCCGATAG-1_2",12,"Resting"
"CTTCTCTAGGTCGTAG-1_2",12,"Intermediate"
"CTTCTCTAGTTGAATG-1_2",12,"Activated"
"CTTCTCTCAGTCACGC-1_2",12,"Resting"
"CTTCTCTTCAAGTCTG-1_2",12,"Activated"
"CTTCTCTTCGCTGTTC-1_2",12,"Intermediate"
"CTTCTCTTCGTAGTGT-1_2",12,"Activated"
"CTTGAGAAGTTGCGCC-1_2",12,"Activated"
"CTTGAGAGTTGCCAAT-1_2",12,"Intermediate"
"CTTGAGATCAATCGGT-1_2",12,"Treg"
"CTTGAGATCAGTGTGT-1_2",12,"Activated"
"CTTGAGATCGAGCCAC-1_2",12,"Intermediate"
"CTTGATTAGCGTCTGC-1_2",12,"Activated"
"CTTGATTCACACCTAA-1_2",12,"Intermediate"
"CTTGATTTCATTCGGA-1_2",12,"Resting"
"CTTTCAAAGCGAATGC-1_2",12,"Activated"
"CTTTCAATCCCAATAG-1_2",12,"Intermediate"
"CTTTCAATCCTTCTTC-1_2",12,"Intermediate"
"CTTTCGGCACAGCTTA-1_2",12,"Resting"
"CTTTCGGCATATAGCC-1_2",12,"Resting"
"CTTTCGGTCACCTGTC-1_2",12,"Activated"
"CTTTCGGTCCGGTTCT-1_2",12,"Resting"
"GAAACCTAGTCCCAGC-1_2",12,"Activated"
"GAAACCTCAGCTAACT-1_2",12,"Activated"
"GAAACCTGTCTAACTG-1_2",12,"Activated"
"GAAACCTGTGTCCAAT-1_2",12,"Intermediate"
"GAAACCTGTTAACCTG-1_2",12,"Resting"
"GAAATGAAGATCGACG-1_2",12,"Intermediate"
"GAAATGAAGGTTAGTA-1_2",12,"Intermediate"
"GAAATGACAAGTACCT-1_2",12,"Activated"
"GAAATGAGTAACTGCT-1_2",12,"Intermediate"
"GAAATGAGTACCGGCT-1_2",12,"Activated"
"GAACACTAGGATACAT-1_2",12,"Resting"
"GAACACTAGTGGCCTC-1_2",12,"Activated"
"GAACACTCAGGCTCTG-1_2",12,"Activated"
"GAACACTCAGTAACCT-1_2",12,"Intermediate"
"GAACACTTCATTACCT-1_2",12,"Resting"
"GAACACTTCGATGCAT-1_2",12,"Resting"
"GAACGTTAGTGCCCGT-1_2",12,"Resting"
"GAACGTTCATAGCACT-1_2",12,"Activated"
"GAACGTTGTACAATAG-1_2",12,"Intermediate"
"GAACGTTGTCGGCACT-1_2",12,"Intermediate"
"GAACGTTTCACCGGTG-1_2",12,"Resting"
"GAACTGTCAATGAACA-1_2",12,"Resting"
"GAACTGTCACATCCCT-1_2",12,"Activated"
"GAAGAATAGACGGTTG-1_2",12,"Intermediate"
"GAAGAATCACCTGCAG-1_2",12,"Intermediate"
"GAAGAATCAGAAGCTG-1_2",12,"Intermediate"
"GAAGAATGTCCCTGTT-1_2",12,"Intermediate"
"GAAGAATGTCCTTAAG-1_2",12,"Intermediate"
"GAAGAATGTCTGATCA-1_2",12,"Activated"
"GAAGAATTCGAACGGA-1_2",12,"Resting"
"GAAGCCCAGGTTACAA-1_2",12,"Intermediate"
"GAAGCCCCAAGTAGTA-1_2",12,"Activated"
"GAAGCCCCACTACTTT-1_2",12,"Intermediate"
"GAAGCCCGTGCCTACG-1_2",12,"Resting"
"GAAGCCCGTGGCGCTT-1_2",12,"Resting"
"GAAGCGAAGAAAGTCT-1_2",12,"Activated"
"GAAGCGAAGACTGGGT-1_2",12,"Activated"
"GAAGCGACATGAATAG-1_2",12,"Resting"
"GAAGCGAGTCCTCAGG-1_2",12,"Intermediate"
"GAAGCGATCGAGTGAG-1_2",12,"Activated"
"GAAGCGATCTGTCGTC-1_2",12,"Intermediate"
"GAAGGACCACTTGTGA-1_2",12,"Activated"
"GAAGGACTCAGTGGGA-1_2",12,"Resting"
"GAAGGGTCAGCCTATA-1_2",12,"Activated"
"GAAGGGTGTATCAGGG-1_2",12,"Intermediate"
"GAAGGGTGTTGTGTTG-1_2",12,"Activated"
"GAAGTAAAGACCTCCG-1_2",12,"Resting"
"GAAGTAATCGAACCTA-1_2",12,"Activated"
"GAAGTAATCTAACACG-1_2",12,"Resting"
"GAATAGAAGACGGTCA-1_2",12,"Intermediate"
"GAATAGAAGTTGCGCC-1_2",12,"Resting"
"GAATAGAGTCTTGCGG-1_2",12,"Activated"
"GAATAGAGTGGCCTCA-1_2",12,"Treg"
"GAATCACAGATAGCAT-1_2",12,"Resting"
"GAATCACAGCGTCGAA-1_2",12,"Intermediate"
"GAATCACAGGCGATAC-1_2",12,"Intermediate"
"GAATCACCACAGCTGC-1_2",12,"Intermediate"
"GAATCACCATGGCCAC-1_2",12,"Resting"
"GAATCACGTACCAATC-1_2",12,"Activated"
"GAATCACGTATCCTCC-1_2",12,"Resting"
"GAATCACTCTCAGGCG-1_2",12,"Resting"
"GAATCGTAGAAACTAC-1_2",12,"Intermediate"
"GAATCGTCAATCCTTT-1_2",12,"Resting"
"GAATCGTTCGGCTCTT-1_2",12,"Treg"
"GACACGCAGCCAACCC-1_2",12,"Intermediate"
"GACACGCGTAAGGCTG-1_2",12,"Resting"
"GACACGCTCCATGATG-1_2",12,"Activated"
"GACAGCCGTACCAGAG-1_2",12,"Intermediate"
"GACAGCCGTACGGTTT-1_2",12,"Intermediate"
"GACAGCCTCATCCTAT-1_2",12,"Treg"
"GACATCATCCGTCAAA-1_2",12,"Resting"
"GACCAATCAAACTAGA-1_2",12,"Intermediate"
"GACCAATCAACGATTC-1_2",12,"Treg"
"GACCAATGTAGTGCGA-1_2",12,"Resting"
"GACCAATTCAGCCTCT-1_2",12,"Activated"
"GACCAATTCCGGTAAT-1_2",12,"Activated"
"GACCAATTCCTACGAA-1_2",12,"Activated"
"GACCAATTCTATGCCC-1_2",12,"Activated"
"GACCAATTCTTCGGAA-1_2",12,"Intermediate"
"GACCCAGAGCCTGTGC-1_2",12,"Intermediate"
"GACCCAGAGGATGGCT-1_2",12,"Activated"
"GACCCAGAGGCATGCA-1_2",12,"Intermediate"
"GACCCAGCAGAGACTG-1_2",12,"Resting"
"GACCCAGCAGCAGGAT-1_2",12,"Activated"
"GACCCAGCAGCGCTTG-1_2",12,"Activated"
"GACCCAGCATCCGATA-1_2",12,"Resting"
"GACCCAGGTAGCGAGT-1_2",12,"Resting"
"GACCCTTAGTCCTACA-1_2",12,"Intermediate"
"GACCCTTGTGAACGGT-1_2",12,"Intermediate"
"GACCCTTGTTCAGGTT-1_2",12,"Activated"
"GACCCTTTCGAACGGA-1_2",12,"Activated"
"GACCCTTTCGTCGGGT-1_2",12,"Resting"
"GACCGTGAGCGACTTT-1_2",12,"Resting"
"GACCGTGAGCGTGCTC-1_2",12,"Activated"
"GACCGTGAGGAACATT-1_2",12,"Resting"
"GACCGTGAGTGCTCGC-1_2",12,"Activated"
"GACCGTGCATGCAGCC-1_2",12,"Activated"
"GACCGTGGTGTTTACG-1_2",12,"Intermediate"
"GACCGTGTCCTTCGAC-1_2",12,"Resting"
"GACCGTGTCGAGTGGA-1_2",12,"Intermediate"
"GACCTTCAGAGGTATT-1_2",12,"Resting"
"GACCTTCAGCCTGTCG-1_2",12,"Resting"
"GACCTTCCAAATACGA-1_2",12,"Intermediate"
"GACCTTCCACGTCTCT-1_2",12,"Activated"
"GACCTTCCACTGCACG-1_2",12,"Treg"
"GACCTTCCAGCAGAAC-1_2",12,"Intermediate"
"GACGCTGCAATGGGTG-1_2",12,"Intermediate"
"GACGCTGCACACACGC-1_2",12,"Activated"
"GACGCTGCACTGTCCT-1_2",12,"Resting"
"GACGCTGCAGATACTC-1_2",12,"Intermediate"
"GACGCTGGTGGCAACA-1_2",12,"Resting"
"GACGCTGGTGGCTAGA-1_2",12,"Activated"
"GACGCTGTCCAGGACC-1_2",12,"Resting"
"GACGTTACACGAGGAT-1_2",12,"Resting"
"GACGTTACATAAGCAA-1_2",12,"Activated"
"GACGTTAGTATTGCCA-1_2",12,"Activated"
"GACTATGAGGACAACC-1_2",12,"Resting"
"GACTATGCAGTCAACT-1_2",12,"Activated"
"GACTATGTCCTGATAG-1_2",12,"Intermediate"
"GACTCAAAGTAGAGTT-1_2",12,"Resting"
"GACTCAAAGTAGGTTA-1_2",12,"Activated"
"GACTCAACACGACGCT-1_2",12,"Activated"
"GACTCAAGTCACCACG-1_2",12,"Activated"
"GACTCAAGTTGAAGTA-1_2",12,"Intermediate"
"GACTCAATCCAATCCC-1_2",12,"Resting"
"GACTCTCCAAACAGGC-1_2",12,"Resting"
"GACTCTCCACATTACG-1_2",12,"Intermediate"
"GACTGATAGTGCGTCC-1_2",12,"Resting"
"GACTGATCAACTGTGT-1_2",12,"Activated"
"GACTGATCATCGTTCC-1_2",12,"Activated"
"GACTGATTCTTCGTGC-1_2",12,"Activated"
"GACTTCCAGCATCCCG-1_2",12,"Intermediate"
"GACTTCCAGCTCACTA-1_2",12,"Activated"
"GACTTCCAGGTCACAG-1_2",12,"Intermediate"
"GACTTCCAGTAGCTCT-1_2",12,"Intermediate"
"GACTTCCCATATGGCT-1_2",12,"Activated"
"GACTTCCGTTCTATCT-1_2",12,"Intermediate"
"GACTTCCTCTGGACTA-1_2",12,"Activated"
"GAGAAATAGAGTTGAT-1_2",12,"Activated"
"GAGAAATAGCTCCCTT-1_2",12,"Resting"
"GAGAAATCATACCATG-1_2",12,"Intermediate"
"GAGAAATGTATCGGTT-1_2",12,"Intermediate"
"GAGAAATGTCGGAAAC-1_2",12,"Activated"
"GAGAAATTCTTCCTAA-1_2",12,"Activated"
"GAGACCCAGACAACTA-1_2",12,"Resting"
"GAGACCCCAGAACTTC-1_2",12,"Activated"
"GAGACCCCAGGTGTTT-1_2",12,"Activated"
"GAGACCCTCCTCGATC-1_2",12,"Activated"
"GAGACTTAGCAGTCTT-1_2",12,"Activated"
"GAGACTTAGGCCGCTT-1_2",12,"Resting"
"GAGACTTAGGGCTTCC-1_2",12,"Activated"
"GAGACTTCAAGATGTA-1_2",12,"Intermediate"
"GAGACTTGTATCAAGA-1_2",12,"Intermediate"
"GAGAGGTAGAAGTCCG-1_2",12,"Activated"
"GAGAGGTAGGATTACA-1_2",12,"Resting"
"GAGAGGTAGGATTTGA-1_2",12,"Intermediate"
"GAGAGGTCATAGAAAC-1_2",12,"Intermediate"
"GAGAGGTGTCCATAGT-1_2",12,"Activated"
"GAGAGGTTCTACTGAG-1_2",12,"Activated"
"GAGATGGAGGATTTCC-1_2",12,"Intermediate"
"GAGATGGGTATGACAA-1_2",12,"Activated"
"GAGATGGTCAATCAGC-1_2",12,"Activated"
"GAGCCTGAGTAGGATT-1_2",12,"Activated"
"GAGCCTGAGTCCCAGC-1_2",12,"Activated"
"GAGCCTGAGTGACACG-1_2",12,"Intermediate"
"GAGCCTGCAGAAGCTG-1_2",12,"Activated"
"GAGCCTGTCCCATAGA-1_2",12,"Activated"
"GAGCTGCAGAGCATTA-1_2",12,"Resting"
"GAGCTGCCAAACAGGC-1_2",12,"Activated"
"GAGCTGCCATCTTCGC-1_2",12,"Resting"
"GAGCTGCGTCTACTGA-1_2",12,"Resting"
"GAGCTGCTCCCATTTA-1_2",12,"Resting"
"GAGCTGCTCTTGTTAC-1_2",12,"Activated"
"GAGGCAAAGAAATTCG-1_2",12,"Resting"
"GAGGCAAGTACGATCT-1_2",12,"Intermediate"
"GAGGCAATCCAACTGA-1_2",12,"Activated"
"GAGGCCTCATTAAGCC-1_2",12,"Intermediate"
"GAGGCCTGTCTCCCTA-1_2",12,"Resting"
"GAGGGATAGGTATTGA-1_2",12,"Activated"
"GAGGGATCATCTTCGC-1_2",12,"Intermediate"
"GAGGGATGTCAAAGAT-1_2",12,"Activated"
"GAGGGATTCCCAAGTA-1_2",12,"Treg"
"GAGGGATTCGACATCA-1_2",12,"Intermediate"
"GAGGGTACATGGCTGC-1_2",12,"Resting"
"GAGGGTAGTACTGGGA-1_2",12,"Resting"
"GAGGGTAGTAGACAGC-1_2",12,"Intermediate"
"GAGGGTAGTCCAGCAC-1_2",12,"Intermediate"
"GAGGGTAGTTGGGTTT-1_2",12,"Intermediate"
"GAGGGTATCTGTCGTC-1_2",12,"Intermediate"
"GAGTCATAGGTGTGAC-1_2",12,"Intermediate"
"GAGTCATCAACGGTAG-1_2",12,"Resting"
"GAGTCATCAAGGTCGA-1_2",12,"Activated"
"GAGTCATCACGCGCAT-1_2",12,"Activated"
"GAGTCATTCATTGCTT-1_2",12,"Activated"
"GAGTCTAAGACGTCCC-1_2",12,"Intermediate"
"GAGTCTAAGGGATCGT-1_2",12,"Activated"
"GAGTCTATCGGCATAT-1_2",12,"Resting"
"GAGTGAGAGAATCTAG-1_2",12,"Resting"
"GAGTGAGAGTTACGAA-1_2",12,"Resting"
"GAGTGAGCAGTTTGGT-1_2",12,"Intermediate"
"GAGTGAGGTGAATGTA-1_2",12,"Intermediate"
"GAGTGAGTCTTGGCTC-1_2",12,"Intermediate"
"GAGTGTTAGTGGAATT-1_2",12,"Activated"
"GAGTGTTCACGTCGTG-1_2",12,"Intermediate"
"GAGTGTTGTCCACACG-1_2",12,"Resting"
"GAGTGTTGTCCAGTTA-1_2",12,"Activated"
"GAGTGTTTCCATTTGT-1_2",12,"Resting"
"GAGTTACGTTGACTGT-1_2",12,"Intermediate"
"GAGTTACTCCTGTTAT-1_2",12,"Resting"
"GAGTTACTCGTTGTTT-1_2",12,"Intermediate"
"GAGTTGTAGGTCGAGT-1_2",12,"Intermediate"
"GAGTTGTCAAGGACAC-1_2",12,"Treg"
"GAGTTGTCAGAGTCTT-1_2",12,"Intermediate"
"GAGTTGTGTACTGCGC-1_2",12,"Resting"
"GAGTTGTGTAGCTTTG-1_2",12,"Intermediate"
"GAGTTGTTCGGCTGGT-1_2",12,"Intermediate"
"GAGTTTGCAAACTGCT-1_2",12,"Activated"
"GAGTTTGGTGCGAACA-1_2",12,"Activated"
"GATAGAAAGAATGTTG-1_2",12,"Intermediate"
"GATAGAAAGCCTCAAT-1_2",12,"Activated"
"GATAGAAAGTTTCTTC-1_2",12,"Resting"
"GATAGAACACCTATCC-1_2",12,"Activated"
"GATAGAAGTGCTGCAC-1_2",12,"Activated"
"GATAGAAGTTAGAGTA-1_2",12,"Intermediate"
"GATAGAATCCGAAGGA-1_2",12,"Resting"
"GATAGAATCTGCCCTA-1_2",12,"Intermediate"
"GATAGCTAGGCATCAG-1_2",12,"Activated"
"GATAGCTGTACGGCAA-1_2",12,"Activated"
"GATAGCTGTATCTCGA-1_2",12,"Intermediate"
"GATCACACAAAGACTA-1_2",12,"Activated"
"GATCACAGTCTCGACG-1_2",12,"Intermediate"
"GATCAGTAGGCTCACC-1_2",12,"Resting"
"GATCAGTCACTAAACC-1_2",12,"Activated"
"GATCAGTGTATCGAGG-1_2",12,"Activated"
"GATCAGTGTGGCGTAA-1_2",12,"Intermediate"
"GATCAGTGTTGTGGCC-1_2",12,"Resting"
"GATCAGTTCGGCTGTG-1_2",12,"Intermediate"
"GATCAGTTCTTAATCC-1_2",12,"Activated"
"GATCATGAGCGCAATG-1_2",12,"Intermediate"
"GATCATGAGTCGCCAC-1_2",12,"Resting"
"GATCATGCAGTGGTGA-1_2",12,"Activated"
"GATCATGGTGGTACAG-1_2",12,"Resting"
"GATCATGTCAACGTGT-1_2",12,"Intermediate"
"GATCCCTAGCCGGAAT-1_2",12,"Activated"
"GATCCCTAGCTTCTAG-1_2",12,"Activated"
"GATCCCTAGGCATTTC-1_2",12,"Resting"
"GATCCCTAGGCTTCCG-1_2",12,"Resting"
"GATCCCTGTAATGCGG-1_2",12,"Intermediate"
"GATCCCTGTCACCTTC-1_2",12,"Intermediate"
"GATCCCTGTCTGTGTA-1_2",12,"Intermediate"
"GATCCCTTCGGAACTT-1_2",12,"Activated"
"GATCGTACACAGTCCG-1_2",12,"Activated"
"GATCGTACATAACTCG-1_2",12,"Resting"
"GATCGTAGTATACCTG-1_2",12,"Intermediate"
"GATCGTAGTTGGGACA-1_2",12,"Intermediate"
"GATCGTATCAGCCCAG-1_2",12,"Activated"
"GATCGTATCGTGTGGC-1_2",12,"Activated"
"GATGACTAGAACTGAT-1_2",12,"Resting"
"GATGACTAGTATTAGG-1_2",12,"Intermediate"
"GATGACTAGTCCCAGC-1_2",12,"Activated"
"GATGACTCATAACGGG-1_2",12,"Resting"
"GATGACTGTGGCTTGC-1_2",12,"Activated"
"GATGACTGTTTCGATG-1_2",12,"Intermediate"
"GATGACTTCCGAACGC-1_2",12,"Intermediate"
"GATGAGGAGGCTTAAA-1_2",12,"Activated"
"GATGAGGCACACTTAG-1_2",12,"Resting"
"GATGAGGCACGACCTG-1_2",12,"Intermediate"
"GATGAGGGTAGATCGG-1_2",12,"Activated"
"GATGAGGGTAGGAGGG-1_2",12,"Intermediate"
"GATGATCAGGCAGGGA-1_2",12,"Intermediate"
"GATGATCGTCGGATTT-1_2",12,"Intermediate"
"GATGATCGTTGGGACA-1_2",12,"Resting"
"GATGATCTCTGTGCTC-1_2",12,"Resting"
"GATGCTAAGATAGTCA-1_2",12,"Intermediate"
"GATGCTACAAGTGGTG-1_2",12,"Resting"
"GATGCTACAGCATACT-1_2",12,"Activated"
"GATGCTAGTAGCTGCC-1_2",12,"Activated"
"GATGCTAGTCGCTGCA-1_2",12,"Activated"
"GATGCTAGTGTAGGAC-1_2",12,"Intermediate"
"GATGCTATCGTCACCT-1_2",12,"Resting"
"GATGCTATCTCGACGG-1_2",12,"Intermediate"
"GATGCTATCTCGAGTA-1_2",12,"Intermediate"
"GATGGAGAGAATTTGG-1_2",12,"Intermediate"
"GATGGAGCACGAGGAT-1_2",12,"Intermediate"
"GATGGAGCACTTACAG-1_2",12,"Intermediate"
"GATGGAGGTCATATGC-1_2",12,"Activated"
"GATGGAGGTCGGCACT-1_2",12,"Activated"
"GATGGAGGTTCTCTAT-1_2",12,"Resting"
"GATGGAGTCGTACCTC-1_2",12,"Activated"
"GATGGAGTCTCCTACG-1_2",12,"Intermediate"
"GATGTTGCATCGCCTT-1_2",12,"Intermediate"
"GATGTTGGTAACTAAG-1_2",12,"Intermediate"
"GATGTTGGTTACGTAC-1_2",12,"Resting"
"GATGTTGTCACCCTGT-1_2",12,"Activated"
"GATGTTGTCATGAGGG-1_2",12,"Activated"
"GATGTTGTCATTGCTT-1_2",12,"Intermediate"
"GATGTTGTCGAAGCAG-1_2",12,"Activated"
"GATTCGAAGGGCCAAT-1_2",12,"Resting"
"GATTCGACACAGAGCA-1_2",12,"Intermediate"
"GATTCGATCCATTGTT-1_2",12,"Activated"
"GATTCTTCAAGGTACG-1_2",12,"Intermediate"
"GATTCTTCACAAGCCC-1_2",12,"Intermediate"
"GATTCTTCACTTTATC-1_2",12,"Activated"
"GATTCTTCAGCGTTGC-1_2",12,"Activated"
"GATTCTTGTGGATGAC-1_2",12,"Resting"
"GATTCTTTCATGCAGT-1_2",12,"Resting"
"GATTCTTTCGGACTTA-1_2",12,"Activated"
"GATTCTTTCTATGCCC-1_2",12,"Activated"
"GATTCTTTCTCCACTG-1_2",12,"Intermediate"
"GATTCTTTCTTGCAGA-1_2",12,"Resting"
"GATTGGTAGAGCAGAA-1_2",12,"Activated"
"GATTGGTAGCCACAAG-1_2",12,"Treg"
"GATTGGTCAGCGAGTA-1_2",12,"Resting"
"GATTGGTCAGCGTTGC-1_2",12,"Intermediate"
"GATTGGTCATCCGAAT-1_2",12,"Intermediate"
"GATTGGTGTATGAAGT-1_2",12,"Activated"
"GATTGGTTCCTCACGT-1_2",12,"Resting"
"GATTTCTGTACATTGC-1_2",12,"Intermediate"
"GATTTCTGTCATAAAG-1_2",12,"Resting"
"GATTTCTGTCTGTGCG-1_2",12,"Intermediate"
"GATTTCTTCCCTCTCC-1_2",12,"Resting"
"GATTTCTTCCCTTCCC-1_2",12,"Resting"
"GATTTCTTCCGACATA-1_2",12,"Activated"
"GATTTCTTCTAGGAAA-1_2",12,"Activated"
"GCAACATGTCCGCAGT-1_2",12,"Activated"
"GCAACATGTTGTCTAG-1_2",12,"Resting"
"GCAACCGCAAACAGGC-1_2",12,"Activated"
"GCAACCGGTAGGACTG-1_2",12,"Intermediate"
"GCAACCGTCGACGCGT-1_2",12,"Intermediate"
"GCACATAAGGTCTACT-1_2",12,"Resting"
"GCACATACACGCGCAT-1_2",12,"Resting"
"GCACATATCTACGCAA-1_2",12,"Activated"
"GCACGGTAGTATCCTG-1_2",12,"Activated"
"GCACGGTAGTGTCATC-1_2",12,"Activated"
"GCACGGTCAAGACCTT-1_2",12,"Intermediate"
"GCACGGTCACCGTCTT-1_2",12,"Intermediate"
"GCACGGTCAGAGGAAA-1_2",12,"Resting"
"GCACGGTGTCAAACGG-1_2",12,"Activated"
"GCACGGTGTGGAACAC-1_2",12,"Activated"
"GCACGGTGTTTAAGGA-1_2",12,"Activated"
"GCACGGTTCTGACGCG-1_2",12,"Intermediate"
"GCACGTGGTATATGGA-1_2",12,"Activated"
"GCACGTGTCAAACCTG-1_2",12,"Resting"
"GCACGTGTCGTAGTCA-1_2",12,"Activated"
"GCACGTGTCTCGTGAA-1_2",12,"Intermediate"
"GCACTAAAGGGCCCTT-1_2",12,"Intermediate"
"GCACTAAAGTCATAGA-1_2",12,"Activated"
"GCACTAACAAGCACAG-1_2",12,"Activated"
"GCACTAACATAACGGG-1_2",12,"Intermediate"
"GCACTAAGTTGAGGAC-1_2",12,"Resting"
"GCAGCCAAGGCATCGA-1_2",12,"Resting"
"GCAGCCAAGGCCTAGA-1_2",12,"Activated"
"GCAGCCATCACTGCTC-1_2",12,"Resting"
"GCAGCCATCAGCAATC-1_2",12,"Resting"
"GCAGCTGAGAATCGAT-1_2",12,"Intermediate"
"GCAGCTGCATTGAAGA-1_2",12,"Resting"
"GCAGGCTCAAACGGCA-1_2",12,"Intermediate"
"GCAGGCTTCGCGTTTC-1_2",12,"Resting"
"GCAGTTAAGCGATTCT-1_2",12,"Resting"
"GCAGTTACAACTTCTT-1_2",12,"Intermediate"
"GCAGTTACAATCGCCG-1_2",12,"Intermediate"
"GCAGTTAGTGGCGTAA-1_2",12,"Intermediate"
"GCAGTTATCGCCGAGT-1_2",12,"Resting"
"GCATCGGAGATGCTGG-1_2",12,"Intermediate"
"GCATCGGGTATCAGCT-1_2",12,"Intermediate"
"GCATCGGTCACTCCGT-1_2",12,"Resting"
"GCATCGGTCGCATTAG-1_2",12,"Activated"
"GCATCGGTCTCCGAGG-1_2",12,"Activated"
"GCATCTCCAATTCTCT-1_2",12,"Resting"
"GCATCTCCACTCACTC-1_2",12,"Resting"
"GCATCTCCAGTGGGTA-1_2",12,"Resting"
"GCATCTCCATTGACAC-1_2",12,"Intermediate"
"GCATCTCTCAAATGAG-1_2",12,"Activated"
"GCATCTCTCACGACTA-1_2",12,"Activated"
"GCATGATAGCAGCCCT-1_2",12,"Resting"
"GCATGATAGGAACGAA-1_2",12,"Intermediate"
"GCATGATCACACTGGC-1_2",12,"Intermediate"
"GCATGATGTAACGTTC-1_2",12,"Resting"
"GCATGATTCGAACTCA-1_2",12,"Activated"
"GCATGATTCGTTCGCT-1_2",12,"Activated"
"GCATTAGCAGATACCT-1_2",12,"Resting"
"GCATTAGGTGATATAG-1_2",12,"Activated"
"GCATTAGTCACCACAA-1_2",12,"Intermediate"
"GCATTAGTCGATCCCT-1_2",12,"Intermediate"
"GCCAACGAGACAACTA-1_2",12,"Intermediate"
"GCCAACGCAAGAGTGC-1_2",12,"Intermediate"
"GCCAACGCAGAGGTAC-1_2",12,"Resting"
"GCCAACGGTCAGGCAA-1_2",12,"Intermediate"
"GCCAACGGTCGTCGGT-1_2",12,"Activated"
"GCCAACGGTGCTGATT-1_2",12,"Intermediate"
"GCCAACGTCTGATTCT-1_2",12,"Resting"
"GCCAGCAAGGTAGTAT-1_2",12,"Resting"
"GCCAGCAAGTGCTACT-1_2",12,"Resting"
"GCCAGCACATAAGCGG-1_2",12,"Activated"
"GCCAGCAGTACCGCGT-1_2",12,"Intermediate"
"GCCAGCAGTTACCCAA-1_2",12,"Resting"
"GCCAGCATCTGCACCT-1_2",12,"Activated"
"GCCAGGTAGTGGAATT-1_2",12,"Intermediate"
"GCCAGGTGTATAGGGC-1_2",12,"Activated"
"GCCAGTGAGTAGAGTT-1_2",12,"Resting"
"GCCAGTGCATGCTGCG-1_2",12,"Resting"
"GCCAGTGGTTACCGTA-1_2",12,"Intermediate"
"GCCAGTGTCTGAGTCA-1_2",12,"Intermediate"
"GCCATGGCACTAGAGG-1_2",12,"Activated"
"GCCATGGGTGGACTGA-1_2",12,"Activated"
"GCCATGGGTTCCGCAG-1_2",12,"Intermediate"
"GCCATTCAGCAGGGAG-1_2",12,"Intermediate"
"GCCATTCCAGAACGCA-1_2",12,"Resting"
"GCCATTCCAGCGTGAA-1_2",12,"Intermediate"
"GCCATTCCATCGTTCC-1_2",12,"Resting"
"GCCATTCGTTCAGCTA-1_2",12,"Intermediate"
"GCCATTCTCATCTGTT-1_2",12,"Resting"
"GCCATTCTCGAGAAGC-1_2",12,"Intermediate"
"GCCATTCTCGTAGCCG-1_2",12,"Resting"
"GCCATTCTCTAGCCTC-1_2",12,"Activated"
"GCCATTCTCTTCCACG-1_2",12,"Resting"
"GCCCAGAAGACCCGCT-1_2",12,"Resting"
"GCCCAGAAGCGACAGT-1_2",12,"Intermediate"
"GCCCAGAAGGCCGCTT-1_2",12,"Resting"
"GCCCAGACACCCTAGG-1_2",12,"Activated"
"GCCCAGAGTGACAGCA-1_2",12,"Activated"
"GCCCAGATCGGCTTCT-1_2",12,"Activated"
"GCCCGAACAATGCAAA-1_2",12,"Intermediate"
"GCCCGAAGTATGCAAA-1_2",12,"Activated"
"GCCCGAATCACCTGTC-1_2",12,"Resting"
"GCCGATGCAAAGAACT-1_2",12,"Resting"
"GCCGATGGTAATGCGG-1_2",12,"Activated"
"GCCGATGGTCAACCAT-1_2",12,"Activated"
"GCCGTGAAGCCTTCTC-1_2",12,"Activated"
"GCCGTGAAGTTGCGAG-1_2",12,"Intermediate"
"GCCGTGACACAAATGA-1_2",12,"Intermediate"
"GCCGTGAGTATCTTCT-1_2",12,"Activated"
"GCCGTGATCAACTACG-1_2",12,"Intermediate"
"GCCGTGATCCCTTCCC-1_2",12,"Activated"
"GCCGTGATCCGTGTAA-1_2",12,"Intermediate"
"GCCTGTTAGAGGGTGG-1_2",12,"Intermediate"
"GCCTGTTCAAACACCT-1_2",12,"Activated"
"GCCTGTTCAACAAGTA-1_2",12,"Intermediate"
"GCCTGTTCAAGAGGCT-1_2",12,"Activated"
"GCCTGTTCAGTACTAC-1_2",12,"Activated"
"GCCTGTTTCAGGAAAT-1_2",12,"Activated"
"GCGAGAACAAAGCACG-1_2",12,"Intermediate"
"GCGAGAAGTCTACTGA-1_2",12,"Resting"
"GCGAGAAGTTGACTGT-1_2",12,"Intermediate"
"GCGATCGTCCGACATA-1_2",12,"Resting"
"GCGGAAAAGTTTCGAC-1_2",12,"Resting"
"GCGGAAACAACGCATT-1_2",12,"Resting"
"GCGGAAACAGAGGAAA-1_2",12,"Intermediate"
"GCGGAAAGTGCACATT-1_2",12,"Intermediate"
"GCGGAAAGTTGTTGTG-1_2",12,"Resting"
"GCGGAAATCATAAGGA-1_2",12,"Activated"
"GCGGATCAGATAGTCA-1_2",12,"Activated"
"GCGGATCAGCCGTAAG-1_2",12,"Resting"
"GCGGATCAGCTGTACT-1_2",12,"Intermediate"
"GCGGATCGTTATCTTC-1_2",12,"Intermediate"
"GCGGATCTCAATGCAC-1_2",12,"Intermediate"
"GCGTGCACAAATAAGC-1_2",12,"Intermediate"
"GCGTGCAGTTACCCAA-1_2",12,"Intermediate"
"GCGTTTCAGACATATG-1_2",12,"Resting"
"GCGTTTCAGTGGTGGT-1_2",12,"Intermediate"
"GCGTTTCGTCTGATCA-1_2",12,"Activated"
"GCGTTTCTCGCATAGT-1_2",12,"Intermediate"
"GCGTTTCTCTCCATAT-1_2",12,"Intermediate"
"GCTACAAAGAAACTGT-1_2",12,"Activated"
"GCTACAAAGTAGTCTC-1_2",12,"Activated"
"GCTACAACACTCATAG-1_2",12,"Intermediate"
"GCTACAAGTGGTAACG-1_2",12,"Activated"
"GCTACAAGTGTTAAAG-1_2",12,"Resting"
"GCTACAATCAGAGCGA-1_2",12,"Activated"
"GCTACAATCCTTGAAG-1_2",12,"Resting"
"GCTACAATCGTAGAGG-1_2",12,"Resting"
"GCTACCTAGGGAGTTC-1_2",12,"Activated"
"GCTACCTAGGTGCATG-1_2",12,"Activated"
"GCTACCTGTATCATGC-1_2",12,"Intermediate"
"GCTACCTGTGTTCGTA-1_2",12,"Treg"
"GCTACCTGTTCGGTAT-1_2",12,"Treg"
"GCTACCTTCGCTAATG-1_2",12,"Intermediate"
"GCTACCTTCTGGCCTT-1_2",12,"Intermediate"
"GCTCAAAAGGTCATCT-1_2",12,"Intermediate"
"GCTCAAAAGTAAAGCT-1_2",12,"Activated"
"GCTCAAACAATTCGTG-1_2",12,"Intermediate"
"GCTCAAACACGCTGTG-1_2",12,"Resting"
"GCTCAAACAGCATCTA-1_2",12,"Activated"
"GCTCAAAGTGTGAATA-1_2",12,"Activated"
"GCTCAAAGTTAAGCAA-1_2",12,"Intermediate"
"GCTGAATAGTGCGCTC-1_2",12,"Resting"
"GCTGAATCACGTAGAG-1_2",12,"Intermediate"
"GCTGAATCATCAGCGC-1_2",12,"Activated"
"GCTGAATGTGCGCTCA-1_2",12,"Activated"
"GCTGAATGTTCCATTT-1_2",12,"Resting"
"GCTGCAGAGTGACACG-1_2",12,"Activated"
"GCTGCAGAGTTAGTGA-1_2",12,"Resting"
"GCTGCAGCACGCGGTT-1_2",12,"Resting"
"GCTGCAGCAGGATCTT-1_2",12,"Resting"
"GCTGCAGTCAAGAAAC-1_2",12,"Activated"
"GCTGCAGTCAATGCAC-1_2",12,"Activated"
"GCTGCAGTCCCGTGTT-1_2",12,"Intermediate"
"GCTGCAGTCGCCTTTG-1_2",12,"Resting"
"GCTGGGTAGCTTCATG-1_2",12,"Activated"
"GCTGGGTCACATAACC-1_2",12,"Intermediate"
"GCTGGGTCAGCTTCGG-1_2",12,"Resting"
"GCTGGGTGTCCGGACT-1_2",12,"Intermediate"
"GCTGGGTTCAAGATAG-1_2",12,"Activated"
"GCTTCACAGCGACATG-1_2",12,"Activated"
"GCTTCACTCCAACCAA-1_2",12,"Resting"
"GCTTCACTCGTAGTGT-1_2",12,"Activated"
"GCTTGGGAGTTGCATC-1_2",12,"Resting"
"GCTTGGGCAATCTGCA-1_2",12,"Intermediate"
"GCTTGGGCAATTGCTG-1_2",12,"Intermediate"
"GCTTGGGTCCATTTGT-1_2",12,"Resting"
"GCTTTCGCAAATGGAT-1_2",12,"Resting"
"GCTTTCGCACATTCGA-1_2",12,"Intermediate"
"GCTTTCGGTCATGACT-1_2",12,"Intermediate"
"GCTTTCGTCCCAGTGG-1_2",12,"Resting"
"GCTTTCGTCGCCATAA-1_2",12,"Resting"
"GGAACCCCAGCTATAC-1_2",12,"Activated"
"GGAACCCGTCTCGACG-1_2",12,"Intermediate"
"GGAACCCTCTGGCCTT-1_2",12,"Activated"
"GGAAGTGAGACTCGAG-1_2",12,"Activated"
"GGAAGTGAGGCGCTTC-1_2",12,"Intermediate"
"GGAAGTGCAGAGTTGG-1_2",12,"Activated"
"GGAAGTGGTCTGCCTT-1_2",12,"Intermediate"
"GGAAGTGGTGTTGAGG-1_2",12,"Intermediate"
"GGAATCTAGCAAATGT-1_2",12,"Intermediate"
"GGAATCTAGGATACGC-1_2",12,"Resting"
"GGAATCTAGTAGGCCA-1_2",12,"Intermediate"
"GGAATCTCACAGGATG-1_2",12,"Intermediate"
"GGAATCTCATCATTTC-1_2",12,"Resting"
"GGAATCTGTTGGTACT-1_2",12,"Resting"
"GGAATCTGTTGTTGTG-1_2",12,"Activated"
"GGAATCTTCATTACTC-1_2",12,"Resting"
"GGAATGGTCAAATGAG-1_2",12,"Activated"
"GGAATGGTCCCTCTCC-1_2",12,"Intermediate"
"GGACGTCAGGCTAAAT-1_2",12,"Intermediate"
"GGACGTCAGTTGGAGC-1_2",12,"Activated"
"GGACGTCGTATTGGCT-1_2",12,"Resting"
"GGACGTCTCACCATGA-1_2",12,"Intermediate"
"GGAGAACCAGCATACT-1_2",12,"Activated"
"GGAGAACCAGTCTTCC-1_2",12,"Treg"
"GGAGAACTCCGATCGG-1_2",12,"Intermediate"
"GGAGAACTCGTTGTTT-1_2",12,"Activated"
"GGAGATGAGATTGTGA-1_2",12,"Intermediate"
"GGAGATGAGGGCTTCC-1_2",12,"Activated"
"GGAGATGAGTCATCCA-1_2",12,"Intermediate"
"GGAGATGCAGCGTTGC-1_2",12,"Intermediate"
"GGAGATGGTCAAATCC-1_2",12,"Resting"
"GGAGATGGTGCTCCGA-1_2",12,"Activated"
"GGAGCAAAGCTGGCTC-1_2",12,"Resting"
"GGAGCAAAGTCATAGA-1_2",12,"Activated"
"GGAGCAAAGTTTGGCT-1_2",12,"Activated"
"GGAGCAACATCGAACT-1_2",12,"Activated"
"GGAGGTAAGGAGAGTA-1_2",12,"Intermediate"
"GGAGGTAAGTTGGCTT-1_2",12,"Intermediate"
"GGAGGTACAACAGATA-1_2",12,"Intermediate"
"GGAGGTACAGGATCTT-1_2",12,"Intermediate"
"GGAGGTACAGGCAATG-1_2",12,"Activated"
"GGAGGTACAGGTCAGA-1_2",12,"Intermediate"
"GGAGGTAGTGGTCAAG-1_2",12,"Activated"
"GGATCTAAGCCTGTGC-1_2",12,"Activated"
"GGATCTACAACGTTAC-1_2",12,"Intermediate"
"GGATCTACAGGAGGAG-1_2",12,"Activated"
"GGATCTAGTAGAATAC-1_2",12,"Intermediate"
"GGATCTAGTAGCCCTG-1_2",12,"Resting"
"GGATCTAGTGCACATT-1_2",12,"Activated"
"GGATCTAGTTGCTTGA-1_2",12,"Resting"
"GGATCTATCCTTCGAC-1_2",12,"Resting"
"GGATCTATCGTGACTA-1_2",12,"Intermediate"
"GGATCTATCGTGGGAA-1_2",12,"Intermediate"
"GGATCTATCTGTGCAA-1_2",12,"Activated"
"GGATGTTAGAGTCTGG-1_2",12,"Intermediate"
"GGATGTTAGCTGGAGT-1_2",12,"Intermediate"
"GGATGTTAGCTGGCCT-1_2",12,"Treg"
"GGATGTTCAGCGTAGA-1_2",12,"Intermediate"
"GGATGTTGTGGCATCC-1_2",12,"Activated"
"GGCACGTAGGCCATAG-1_2",12,"Activated"
"GGCACGTAGTGCGCTC-1_2",12,"Treg"
"GGCACGTAGTGGCAGT-1_2",12,"Resting"
"GGCACGTCAAGGATGC-1_2",12,"Activated"
"GGCACGTTCGAAATCC-1_2",12,"Activated"
"GGCGTCAAGGCATTTC-1_2",12,"Activated"
"GGCGTCACACGCGTGT-1_2",12,"Intermediate"
"GGCGTCACATACCAGT-1_2",12,"Activated"
"GGCGTCAGTATAATGG-1_2",12,"Intermediate"
"GGCGTCAGTGGAGGTT-1_2",12,"Resting"
"GGCGTCATCATCTATC-1_2",12,"Intermediate"
"GGCGTCATCGGTCGGT-1_2",12,"Activated"
"GGCTGTGTCATGCCGG-1_2",12,"Activated"
"GGCTTGGAGGGCGAGA-1_2",12,"Activated"
"GGCTTGGCAGCCGTCA-1_2",12,"Intermediate"
"GGCTTGGGTAATCAGA-1_2",12,"Intermediate"
"GGCTTGGGTCCCAAAT-1_2",12,"Intermediate"
"GGCTTGGTCAGCTGTA-1_2",12,"Resting"
"GGCTTTCAGAGAGTGA-1_2",12,"Activated"
"GGCTTTCAGCCGTAAG-1_2",12,"Resting"
"GGCTTTCAGCCTGCCA-1_2",12,"Resting"
"GGCTTTCAGTCCGTCG-1_2",12,"Resting"
"GGGAAGTAGAAATTCG-1_2",12,"Activated"
"GGGAAGTCATTCGATG-1_2",12,"Activated"
"GGGAAGTTCATGCCAA-1_2",12,"Resting"
"GGGAAGTTCTATTGTC-1_2",12,"Activated"
"GGGACAAAGAACCCGA-1_2",12,"Intermediate"
"GGGACAAAGGTATTGA-1_2",12,"Resting"
"GGGACAAAGGTTGCCC-1_2",12,"Resting"
"GGGACAACACCGAATT-1_2",12,"Resting"
"GGGACAACAGATTTCG-1_2",12,"Resting"
"GGGACAACAGGCATTT-1_2",12,"Resting"
"GGGACAACATCCGTTC-1_2",12,"Activated"
"GGGACAAGTAGTCGTT-1_2",12,"Intermediate"
"GGGACAAGTGTTGATC-1_2",12,"Intermediate"
"GGGACAATCAGGACAG-1_2",12,"Intermediate"
"GGGACAATCCGATAGT-1_2",12,"Intermediate"
"GGGACCTCAGTGTGCC-1_2",12,"Activated"
"GGGACCTGTCCCAAAT-1_2",12,"Activated"
"GGGACTCAGCCATTTG-1_2",12,"Activated"
"GGGACTCAGTTCCATG-1_2",12,"Resting"
"GGGACTCCATGAATAG-1_2",12,"Intermediate"
"GGGACTCCATGCCGAC-1_2",12,"Activated"
"GGGACTCGTCGAACAG-1_2",12,"Resting"
"GGGACTCGTGCTGCAC-1_2",12,"Intermediate"
"GGGACTCGTTCCTTGC-1_2",12,"Activated"
"GGGACTCTCCGTGGCA-1_2",12,"Activated"
"GGGACTCTCTGTGCTC-1_2",12,"Activated"
"GGGAGATGTGGTTTGT-1_2",12,"Intermediate"
"GGGAGATTCCTAGAGT-1_2",12,"Activated"
"GGGAGATTCGGCATTA-1_2",12,"Resting"
"GGGAGTAAGCGCTGCT-1_2",12,"Activated"
"GGGAGTAAGCGTCTCG-1_2",12,"Resting"
"GGGAGTACAGCTTCGG-1_2",12,"Activated"
"GGGAGTACATCTCATT-1_2",12,"Activated"
"GGGAGTAGTAGAGATT-1_2",12,"Intermediate"
"GGGAGTAGTTTGCAGT-1_2",12,"Activated"
"GGGAGTATCGTCGGGT-1_2",12,"Activated"
"GGGATCCAGCGGATCA-1_2",12,"Intermediate"
"GGGATCCAGCTGGTGA-1_2",12,"Activated"
"GGGATCCAGGAATGTT-1_2",12,"Activated"
"GGGATCCAGGGTGAGG-1_2",12,"Activated"
"GGGATCCCACAATGCT-1_2",12,"Resting"
"GGGATCCCATACTTTC-1_2",12,"Intermediate"
"GGGATGAAGCGCCTCA-1_2",12,"Activated"
"GGGATGACATACTGTG-1_2",12,"Activated"
"GGGCCATCACTAACGT-1_2",12,"Resting"
"GGGCCATGTCCACATA-1_2",12,"Intermediate"
"GGGCCATGTGGACCAA-1_2",12,"Resting"
"GGGCCATTCTAGTTCT-1_2",12,"Activated"
"GGGCGTTAGGAACATT-1_2",12,"Intermediate"
"GGGCGTTCAAGCAGGT-1_2",12,"Intermediate"
"GGGCGTTCAAGTGGAC-1_2",12,"Activated"
"GGGCGTTCACATGACT-1_2",12,"Resting"
"GGGCGTTTCATTTCCA-1_2",12,"Activated"
"GGGCGTTTCGTGCAGC-1_2",12,"Intermediate"
"GGGCTACAGCTACAAA-1_2",12,"Resting"
"GGGCTACCAGAGTCAG-1_2",12,"Intermediate"
"GGGCTACCATCGTGCG-1_2",12,"Activated"
"GGGCTACGTCAATCTG-1_2",12,"Activated"
"GGGCTACTCATTTGGG-1_2",12,"Resting"
"GGGCTACTCTCTATGT-1_2",12,"Resting"
"GGGCTCAAGAACGCGT-1_2",12,"Resting"
"GGGCTCAAGCACGTCC-1_2",12,"Intermediate"
"GGGCTCACAAGCGCTC-1_2",12,"Intermediate"
"GGGCTCAGTTCCATTT-1_2",12,"Intermediate"
"GGGCTCAGTTTAGAGA-1_2",12,"Resting"
"GGGCTCATCCATCACC-1_2",12,"Intermediate"
"GGGCTCATCCTCTGCA-1_2",12,"Intermediate"
"GGGTAGACAGACAAGC-1_2",12,"Intermediate"
"GGGTAGACAGAGGCAT-1_2",12,"Intermediate"
"GGGTAGACATTAAGCC-1_2",12,"Activated"
"GGGTAGAGTCACTCGG-1_2",12,"Resting"
"GGGTATTAGCAATAAC-1_2",12,"Intermediate"
"GGGTATTCAATAGTCC-1_2",12,"Treg"
"GGGTATTTCAGATGCT-1_2",12,"Intermediate"
"GGGTATTTCAGTCAGT-1_2",12,"Intermediate"
"GGGTCACAGTCTTGGT-1_2",12,"Intermediate"
"GGGTCACCACGCACCA-1_2",12,"Activated"
"GGGTCACCAGCCGTCA-1_2",12,"Intermediate"
"GGGTCACGTGTTCCTC-1_2",12,"Resting"
"GGGTCACTCTTGGCTC-1_2",12,"Intermediate"
"GGGTCTGAGACACACG-1_2",12,"Intermediate"
"GGGTCTGAGACTCAAA-1_2",12,"Activated"
"GGGTCTGAGTATCTGC-1_2",12,"Intermediate"
"GGGTCTGCATGCGGTC-1_2",12,"Intermediate"
"GGGTCTGGTTAAGGGC-1_2",12,"Activated"
"GGGTGAAAGTATTAGG-1_2",12,"Resting"
"GGGTGAACAGAAATCA-1_2",12,"Intermediate"
"GGGTGAAGTATATGGA-1_2",12,"Resting"
"GGGTGAAGTGGAATGC-1_2",12,"Intermediate"
"GGGTGAATCAGTGTTG-1_2",12,"Activated"
"GGGTGAATCCTATTGT-1_2",12,"Resting"
"GGGTGAATCCTCACCA-1_2",12,"Intermediate"
"GGGTGAATCGCGTAGC-1_2",12,"Activated"
"GGGTGTCAGGGCCTCT-1_2",12,"Intermediate"
"GGGTGTCAGGTCTACT-1_2",12,"Activated"
"GGGTGTCCAATCCTTT-1_2",12,"Intermediate"
"GGGTGTCGTCTGCAAT-1_2",12,"Intermediate"
"GGGTGTCGTGTGAATA-1_2",12,"Resting"
"GGGTGTCTCGGCATTA-1_2",12,"Activated"
"GGGTGTCTCTACGGTA-1_2",12,"Resting"
"GGGTTATAGTGATAAC-1_2",12,"Activated"
"GGGTTTACAAGAGTAT-1_2",12,"Activated"
"GGGTTTACAAGCTCTA-1_2",12,"Resting"
"GGGTTTAGTCACATTG-1_2",12,"Resting"
"GGGTTTAGTTCCTTGC-1_2",12,"Activated"
"GGGTTTAGTTGCAACT-1_2",12,"Intermediate"
"GGTAACTCAGCGTAGA-1_2",12,"Intermediate"
"GGTAACTGTAACAGTA-1_2",12,"Intermediate"
"GGTAACTGTCCTGTTC-1_2",12,"Activated"
"GGTAACTGTGTAACGG-1_2",12,"Activated"
"GGTAACTTCTTAGCTT-1_2",12,"Intermediate"
"GGTAATCAGAGCGACT-1_2",12,"Activated"
"GGTAATCAGAGTCACG-1_2",12,"Activated"
"GGTAATCAGATTGACA-1_2",12,"Intermediate"
"GGTAATCAGTAAACTG-1_2",12,"Activated"
"GGTAGAGAGGATGAGA-1_2",12,"Activated"
"GGTAGAGCAAACTGCT-1_2",12,"Activated"
"GGTAGAGCAGACAAAT-1_2",12,"Intermediate"
"GGTAGAGCAGCGTGAA-1_2",12,"Intermediate"
"GGTCACGAGGGCATGT-1_2",12,"Resting"
"GGTCACGCAGAGGCTA-1_2",12,"Resting"
"GGTCACGTCCATCCGT-1_2",12,"Resting"
"GGTCTGGCATACCAGT-1_2",12,"Resting"
"GGTGAAGAGCATGGGT-1_2",12,"Resting"
"GGTGAAGTCATTGCTT-1_2",12,"Activated"
"GGTGATTAGGCGTTAG-1_2",12,"Intermediate"
"GGTGATTAGGGTATAT-1_2",12,"Intermediate"
"GGTGATTCAGATCACT-1_2",12,"Activated"
"GGTGGCTCACATTCGA-1_2",12,"Activated"
"GGTGGCTGTGTTCGAT-1_2",12,"Intermediate"
"GGTGGCTTCTAGTACG-1_2",12,"Intermediate"
"GGTGTCGGTAAGTTAG-1_2",12,"Intermediate"
"GGTGTCGGTGGCACTC-1_2",12,"Resting"
"GGTGTTAAGTACCGGA-1_2",12,"Resting"
"GGTGTTACACGAAAGC-1_2",12,"Intermediate"
"GGTGTTACACGGCCAT-1_2",12,"Resting"
"GGTGTTACATGAGATA-1_2",12,"Activated"
"GGTGTTAGTAAGACCG-1_2",12,"Activated"
"GGTGTTAGTCATCCCT-1_2",12,"Resting"
"GGTGTTAGTCTATGAC-1_2",12,"Activated"
"GGTGTTAGTGCTCCGA-1_2",12,"Intermediate"
"GGTGTTAGTGGACTAG-1_2",12,"Resting"
"GGTGTTATCCACGTGG-1_2",12,"Intermediate"
"GGTGTTATCTGAGGCC-1_2",12,"Intermediate"
"GGTTAACAGGCCCGTT-1_2",12,"Intermediate"
"GGTTAACAGTGAGGTC-1_2",12,"Intermediate"
"GGTTAACGTCTTCGAA-1_2",12,"Resting"
"GGTTAACGTGTAGGAC-1_2",12,"Activated"
"GGTTAACTCTTCTTCC-1_2",12,"Resting"
"GGTTCTCCAATACGCT-1_2",12,"Activated"
"GGTTCTCCACGTTGGC-1_2",12,"Intermediate"
"GGTTGTACAACGATTC-1_2",12,"Resting"
"GGTTGTACACACGGAA-1_2",12,"Activated"
"GGTTGTAGTTGTAGCT-1_2",12,"Resting"
"GGTTGTATCAACACGT-1_2",12,"Activated"
"GGTTGTATCCCATAAG-1_2",12,"Resting"
"GGTTGTATCTTCACGC-1_2",12,"Intermediate"
"GTAACACAGTACTGTC-1_2",12,"Intermediate"
"GTAACACAGTCGCCAC-1_2",12,"Resting"
"GTAACACTCCGATCGG-1_2",12,"Resting"
"GTAACCAAGACACACG-1_2",12,"Resting"
"GTAACCACACTCTGCT-1_2",12,"Activated"
"GTAACCAGTACTGCGC-1_2",12,"Resting"
"GTAAGTCAGCTTACGT-1_2",12,"Resting"
"GTAAGTCCAATAGGGC-1_2",12,"Intermediate"
"GTAAGTCCACTCTGCT-1_2",12,"Intermediate"
"GTAAGTCGTAGGGAGG-1_2",12,"Intermediate"
"GTAAGTCGTTGACGGA-1_2",12,"Activated"
"GTAAGTCGTTGCATAC-1_2",12,"Activated"
"GTAAGTCTCGAGAAAT-1_2",12,"Resting"
"GTAAGTCTCGGCTTCT-1_2",12,"Intermediate"
"GTAAGTCTCGTCGCTT-1_2",12,"Intermediate"
"GTAATCGCAGAGGAAA-1_2",12,"Activated"
"GTAATCGCATAACTCG-1_2",12,"Intermediate"
"GTAATCGGTTGGGAAC-1_2",12,"Activated"
"GTAATCGTCATCAGTG-1_2",12,"Resting"
"GTAATGCAGGGCTTCC-1_2",12,"Intermediate"
"GTAATGCGTGGTTTAC-1_2",12,"Intermediate"
"GTAATGCGTTGCATAC-1_2",12,"Activated"
"GTACAACAGTAGCAAT-1_2",12,"Intermediate"
"GTACAACGTTTCGGCG-1_2",12,"Activated"
"GTACAACTCGTCGATA-1_2",12,"Activated"
"GTACAGTAGCACACCC-1_2",12,"Resting"
"GTACAGTAGGAATGTT-1_2",12,"Activated"
"GTACAGTAGTAGACAT-1_2",12,"Intermediate"
"GTACAGTCATCGCTAA-1_2",12,"Intermediate"
"GTACAGTGTGACTGAG-1_2",12,"Treg"
"GTACAGTGTGCCTAAT-1_2",12,"Intermediate"
"GTACAGTGTTCTTCAT-1_2",12,"Intermediate"
"GTAGAAAAGAGAATCT-1_2",12,"Activated"
"GTAGAAAAGCTGTTCA-1_2",12,"Intermediate"
"GTAGAAAAGGCAGTCA-1_2",12,"Activated"
"GTAGAAACAACAAGTA-1_2",12,"Intermediate"
"GTAGAAACACTAGGCC-1_2",12,"Resting"
"GTAGAAAGTCACCGAC-1_2",12,"Activated"
"GTAGAAAGTGCAATGG-1_2",12,"Activated"
"GTAGAAATCACCTCTG-1_2",12,"Resting"
"GTAGAGGAGCTCGTGC-1_2",12,"Treg"
"GTAGAGGAGTGCCAGA-1_2",12,"Intermediate"
"GTAGAGGCAAGGGCAT-1_2",12,"Activated"
"GTAGATCAGCGCTGAA-1_2",12,"Resting"
"GTAGATCAGGTGATCG-1_2",12,"Intermediate"
"GTAGATCAGTCAGCCC-1_2",12,"Activated"
"GTAGATCCAAGTGATA-1_2",12,"Intermediate"
"GTAGATCCATTCTTCA-1_2",12,"Intermediate"
"GTAGATCGTGGAGGTT-1_2",12,"Intermediate"
"GTAGCTAAGAAACACT-1_2",12,"Resting"
"GTAGCTAAGAATCGTA-1_2",12,"Activated"
"GTAGCTAAGATCCTAC-1_2",12,"Resting"
"GTAGCTACAGTGAGCA-1_2",12,"Activated"
"GTAGCTACATGGCCAC-1_2",12,"Resting"
"GTAGCTAGTAGGAGTC-1_2",12,"Intermediate"
"GTAGCTAGTGGACAGT-1_2",12,"Resting"
"GTAGCTATCATGAAAG-1_2",12,"Activated"
"GTAGGAGAGTGCCGAA-1_2",12,"Activated"
"GTAGGAGCACTGATTG-1_2",12,"Intermediate"
"GTAGGAGGTCTACAAC-1_2",12,"Activated"
"GTAGGTTCAGAGAGGG-1_2",12,"Activated"
"GTAGTACAGAAGCTGC-1_2",12,"Intermediate"
"GTAGTACAGACTAAGT-1_2",12,"Intermediate"
"GTAGTACAGCTGAGCA-1_2",12,"Activated"
"GTAGTACAGTAAGGGA-1_2",12,"Activated"
"GTAGTACCACAATGCT-1_2",12,"Intermediate"
"GTAGTACCACTAACGT-1_2",12,"Resting"
"GTAGTACCAGCGCTTG-1_2",12,"Intermediate"
"GTAGTACCAGGGATAC-1_2",12,"Resting"
"GTAGTACCAGGTATGG-1_2",12,"Intermediate"
"GTAGTACCATTGCCGG-1_2",12,"Resting"
"GTAGTACGTAGTCTGT-1_2",12,"Intermediate"
"GTAGTACGTATGGTAA-1_2",12,"Intermediate"
"GTAGTACGTTCCGCTT-1_2",12,"Intermediate"
"GTAGTACTCTCAGGCG-1_2",12,"Resting"
"GTATTGGCAGTCCGTG-1_2",12,"Intermediate"
"GTATTGGCATCGCTAA-1_2",12,"Intermediate"
"GTATTGGGTAGGTCAG-1_2",12,"Activated"
"GTATTGGGTTCGGACC-1_2",12,"Activated"
"GTATTGGTCATTGCTT-1_2",12,"Resting"
"GTATTTCAGTACTCGT-1_2",12,"Resting"
"GTATTTCAGTCCCAGC-1_2",12,"Activated"
"GTATTTCGTATCACCA-1_2",12,"Intermediate"
"GTCAAACCAAAGCAAT-1_2",12,"Intermediate"
"GTCAAACCAGTGACCC-1_2",12,"Activated"
"GTCAAACCATTGCTGA-1_2",12,"Intermediate"
"GTCAAACGTCATCTAG-1_2",12,"Activated"
"GTCAAACTCCCATAAG-1_2",12,"Activated"
"GTCAAGTAGATCGGTG-1_2",12,"Activated"
"GTCAAGTAGGTAAGGA-1_2",12,"Activated"
"GTCAAGTAGGTTTGAA-1_2",12,"Intermediate"
"GTCAAGTCATCCGTGG-1_2",12,"Activated"
"GTCAAGTGTACTGTTG-1_2",12,"Activated"
"GTCAAGTGTGACAACG-1_2",12,"Activated"
"GTCACGGCACGTTCGG-1_2",12,"Activated"
"GTCACGGCATGATGCT-1_2",12,"Resting"
"GTCACGGGTCCCTCAT-1_2",12,"Intermediate"
"GTCACGGTCAACGAGG-1_2",12,"Intermediate"
"GTCACGGTCTCATTTG-1_2",12,"Resting"
"GTCACGGTCTGGGATT-1_2",12,"Resting"
"GTCACTCCACCGTGCA-1_2",12,"Intermediate"
"GTCACTCGTCCAAATC-1_2",12,"Activated"
"GTCACTCGTCGTCGGT-1_2",12,"Resting"
"GTCACTCTCAAGGAGC-1_2",12,"Intermediate"
"GTCACTCTCCGGGACT-1_2",12,"Intermediate"
"GTCACTCTCGTAACTG-1_2",12,"Intermediate"
"GTCAGCGAGAACAGGA-1_2",12,"Activated"
"GTCAGCGAGATTGACA-1_2",12,"Intermediate"
"GTCAGCGCATGCCATA-1_2",12,"Intermediate"
"GTCAGCGGTCCACTCT-1_2",12,"Resting"
"GTCATCCCAGAGAATT-1_2",12,"Activated"
"GTCATCCCAGCTGTAT-1_2",12,"Resting"
"GTCATCCGTAAGCAAT-1_2",12,"Resting"
"GTCATCCGTTCAACGT-1_2",12,"Resting"
"GTCATCCTCACTGCTC-1_2",12,"Intermediate"
"GTCATCCTCAGGCGAA-1_2",12,"Intermediate"
"GTCATGACATACCATG-1_2",12,"Resting"
"GTCATGAGTAGTGATA-1_2",12,"Resting"
"GTCATGAGTATTGCCA-1_2",12,"Activated"
"GTCATGAGTCGATTTG-1_2",12,"Activated"
"GTCATGAGTGGGAGAG-1_2",12,"Intermediate"
"GTCATGATCCATTGGA-1_2",12,"Intermediate"
"GTCATGATCGGCCTTT-1_2",12,"Activated"
"GTCATGATCTTTCCAA-1_2",12,"Intermediate"
"GTCATTTCAGCCATTA-1_2",12,"Resting"
"GTCATTTGTATCTCGA-1_2",12,"Resting"
"GTCATTTGTTACCTGA-1_2",12,"Resting"
"GTCATTTTCACTACTT-1_2",12,"Activated"
"GTCATTTTCCTCTTTC-1_2",12,"Activated"
"GTCCACTAGAGTAACT-1_2",12,"Intermediate"
"GTCCACTAGCCGATTT-1_2",12,"Treg"
"GTCCACTAGGCCGCTT-1_2",12,"Resting"
"GTCCACTAGTATCTGC-1_2",12,"Intermediate"
"GTCCACTCAAGGTACG-1_2",12,"Resting"
"GTCCACTCAGCTGAGA-1_2",12,"Activated"
"GTCCACTCATCTTAGG-1_2",12,"Activated"
"GTCCACTGTCCTATAG-1_2",12,"Resting"
"GTCCACTTCTGGAAGG-1_2",12,"Intermediate"
"GTCCCATAGAATCGTA-1_2",12,"Resting"
"GTCCCATGTAGCGTCC-1_2",12,"Intermediate"
"GTCCCATTCCGTGACG-1_2",12,"Intermediate"
"GTCCTCAAGCGTTGTT-1_2",12,"Intermediate"
"GTCCTCAAGTCTGTAC-1_2",12,"Activated"
"GTCCTCAAGTGATAGT-1_2",12,"Activated"
"GTCCTCACAACCACAT-1_2",12,"Intermediate"
"GTCCTCACACTGTCCT-1_2",12,"Intermediate"
"GTCCTCAGTACAACGG-1_2",12,"Intermediate"
"GTCCTCAGTAGGGAGG-1_2",12,"Treg"
"GTCCTCATCGTTGTTT-1_2",12,"Activated"
"GTCCTCATCTATCGTT-1_2",12,"Intermediate"
"GTCGCGAAGAAGCGAA-1_2",12,"Resting"
"GTCGCGAAGGTCGACA-1_2",12,"Resting"
"GTCGTAATCGGACTGC-1_2",12,"Activated"
"GTCGTAATCTAGACAC-1_2",12,"Intermediate"
"GTCGTAATCTATGCCC-1_2",12,"Intermediate"
"GTCGTTCCAAGAGAGA-1_2",12,"Activated"
"GTCGTTCCAAGGTTGG-1_2",12,"Activated"
"GTCGTTCCACCAGCGT-1_2",12,"Intermediate"
"GTCGTTCGTAAGTTAG-1_2",12,"Resting"
"GTCTACCAGAAGAACG-1_2",12,"Resting"
"GTCTACCAGCACCGAA-1_2",12,"Resting"
"GTCTACCAGTCGCTAT-1_2",12,"Intermediate"
"GTCTACCCATCAACCA-1_2",12,"Intermediate"
"GTCTACCGTCCAAAGG-1_2",12,"Activated"
"GTCTACCGTCGTATTG-1_2",12,"Intermediate"
"GTCTACCGTCTCCTGT-1_2",12,"Activated"
"GTCTACCTCACCTTAT-1_2",12,"Activated"
"GTCTAGAAGAGTGTTA-1_2",12,"Resting"
"GTCTAGAGTGGAGAAA-1_2",12,"Activated"
"GTCTAGATCGAAGCCC-1_2",12,"Activated"
"GTCTAGATCGGAGTAG-1_2",12,"Activated"
"GTCTCACAGGTTACCT-1_2",12,"Intermediate"
"GTCTCACCAAGCGAAC-1_2",12,"Intermediate"
"GTCTCACCATATTCGG-1_2",12,"Activated"
"GTCTCACCATGGAACG-1_2",12,"Resting"
"GTCTCACCATGGTACT-1_2",12,"Activated"
"GTCTCACGTTTAGAGA-1_2",12,"Activated"
"GTCTCACTCTCATTGT-1_2",12,"Intermediate"
"GTCTGTCAGTATCTGC-1_2",12,"Activated"
"GTCTGTCCATATTCGG-1_2",12,"Resting"
"GTCTGTCCATCGAACT-1_2",12,"Intermediate"
"GTCTGTCTCCGAAGGA-1_2",12,"Resting"
"GTCTGTCTCCGATGTA-1_2",12,"Intermediate"
"GTCTTTAAGTAGTCTC-1_2",12,"Activated"
"GTCTTTACAATGGGTG-1_2",12,"Resting"
"GTCTTTAGTCCGTACG-1_2",12,"Intermediate"
"GTCTTTATCAACCTTT-1_2",12,"Resting"
"GTGACGCAGCCAGACA-1_2",12,"Intermediate"
"GTGACGCCAACCGCCA-1_2",12,"Activated"
"GTGACGCGTCAGTTTG-1_2",12,"Resting"
"GTGACGCGTTGCTCAA-1_2",12,"Intermediate"
"GTGACGCTCAACCTCC-1_2",12,"Activated"
"GTGAGCCGTACAGCGA-1_2",12,"Activated"
"GTGAGCCTCCTTTGAT-1_2",12,"Activated"
"GTGAGGAAGTCACGAG-1_2",12,"Intermediate"
"GTGAGGAAGTCAGGGT-1_2",12,"Activated"
"GTGAGGACATGCAGGA-1_2",12,"Activated"
"GTGAGGATCATAGACC-1_2",12,"Intermediate"
"GTGAGGATCTAACGCA-1_2",12,"Treg"
"GTGAGGATCTCCTACG-1_2",12,"Activated"
"GTGAGTTAGAGCACTG-1_2",12,"Intermediate"
"GTGAGTTAGAGTTGTA-1_2",12,"Activated"
"GTGAGTTCATTACGGT-1_2",12,"Intermediate"
"GTGAGTTGTACTGAGG-1_2",12,"Intermediate"
"GTGAGTTGTATCCTCC-1_2",12,"Resting"
"GTGAGTTGTCGAGATG-1_2",12,"Resting"
"GTGATGTAGCAAACAT-1_2",12,"Activated"
"GTGATGTCAAAGGAGA-1_2",12,"Activated"
"GTGATGTCAATGGCAG-1_2",12,"Intermediate"
"GTGATGTCAGCGTGCT-1_2",12,"Intermediate"
"GTGATGTGTTTCTATC-1_2",12,"Intermediate"
"GTGATGTTCAAGCCGC-1_2",12,"Resting"
"GTGATGTTCCTCGATC-1_2",12,"Intermediate"
"GTGATGTTCGAGTGGA-1_2",12,"Intermediate"
"GTGCACGCATTGTACG-1_2",12,"Activated"
"GTGCACGGTGTTCCAA-1_2",12,"Activated"
"GTGCAGCGTCGATTTG-1_2",12,"Intermediate"
"GTGCAGCTCCCTCGAT-1_2",12,"Intermediate"
"GTGCGTGAGACCTGGA-1_2",12,"Activated"
"GTGCGTGGTGTCATTG-1_2",12,"Resting"
"GTGCGTGTCGTAGCCG-1_2",12,"Intermediate"
"GTGCGTGTCTTTCAGT-1_2",12,"Intermediate"
"GTGCTGGAGTGATAAC-1_2",12,"Activated"
"GTGCTGGCAAGGAGTC-1_2",12,"Intermediate"
"GTGCTGGGTGCACATT-1_2",12,"Activated"
"GTGCTGGGTTGCATGT-1_2",12,"Intermediate"
"GTGCTTCAGAGCAAGA-1_2",12,"Activated"
"GTGCTTCCACAAAGCG-1_2",12,"Resting"
"GTGCTTCGTCGGAACA-1_2",12,"Activated"
"GTGCTTCTCACCGGGT-1_2",12,"Intermediate"
"GTGCTTCTCATGCCAA-1_2",12,"Treg"
"GTGGAAGCACTGGCGT-1_2",12,"Intermediate"
"GTGGAAGCAGCTGAAG-1_2",12,"Intermediate"
"GTGGAAGGTAGCTGAG-1_2",12,"Treg"
"GTGGAAGGTGCAACAG-1_2",12,"Activated"
"GTGGAAGGTGTACAGG-1_2",12,"Intermediate"
"GTGGAGAAGGCCTTGC-1_2",12,"Intermediate"
"GTGGAGAAGGTACAGC-1_2",12,"Activated"
"GTGGAGACAGGGATAC-1_2",12,"Activated"
"GTGGAGACATGAGGGT-1_2",12,"Resting"
"GTGGCGTAGCGATCGA-1_2",12,"Intermediate"
"GTGGCGTCAATACGCT-1_2",12,"Resting"
"GTGGCGTCATGGCCCA-1_2",12,"Activated"
"GTGGCGTTCCTTTGAT-1_2",12,"Intermediate"
"GTGGCGTTCTATTTCG-1_2",12,"Resting"
"GTGGGAAAGCTGTGCC-1_2",12,"Resting"
"GTGGGAAGTGATTGGG-1_2",12,"Resting"
"GTGGTTAAGTTGAATG-1_2",12,"Resting"
"GTGGTTAGTCTCAAGT-1_2",12,"Resting"
"GTGGTTATCGGTTGTA-1_2",12,"Resting"
"GTGTAACAGGTCTACT-1_2",12,"Resting"
"GTGTAACCAAATTAGG-1_2",12,"Activated"
"GTGTAACCATGTCAGT-1_2",12,"Activated"
"GTGTAACTCATAAGGA-1_2",12,"Intermediate"
"GTGTAACTCATTACGG-1_2",12,"Activated"
"GTGTAACTCGGCATTA-1_2",12,"Intermediate"
"GTGTAACTCTGCGGGT-1_2",12,"Resting"
"GTGTCCTCACGCAAAG-1_2",12,"Resting"
"GTGTCCTTCGCCAGTG-1_2",12,"Intermediate"
"GTGTCCTTCTGGCCTT-1_2",12,"Resting"
"GTGTCCTTCTGGGCGT-1_2",12,"Activated"
"GTGTGATCAATCGCAT-1_2",12,"Resting"
"GTGTGATCACATTGTG-1_2",12,"Intermediate"
"GTGTGATGTAGTCTTG-1_2",12,"Resting"
"GTGTGGCAGGAGACCT-1_2",12,"Intermediate"
"GTGTGGCCATATGGCT-1_2",12,"Intermediate"
"GTGTGGCGTCATACCA-1_2",12,"Activated"
"GTGTGGCTCCATATGG-1_2",12,"Resting"
"GTGTTAGAGAGCACTG-1_2",12,"Activated"
"GTGTTAGAGGTACTGG-1_2",12,"Activated"
"GTGTTAGCAAGCAGGT-1_2",12,"Activated"
"GTGTTAGGTAGCTCGC-1_2",12,"Resting"
"GTGTTAGGTCCACAGC-1_2",12,"Intermediate"
"GTGTTAGGTGCTGATT-1_2",12,"Intermediate"
"GTGTTAGTCTCGCGTT-1_2",12,"Activated"
"GTGTTCCAGGTCCAGA-1_2",12,"Resting"
"GTGTTCCCACCGTGGT-1_2",12,"Activated"
"GTGTTCCCAGAGGTAC-1_2",12,"Activated"
"GTGTTCCGTGCACAAG-1_2",12,"Activated"
"GTTACAGAGAAGGATG-1_2",12,"Activated"
"GTTACAGAGTGCGCTC-1_2",12,"Resting"
"GTTACAGAGTTGTCAC-1_2",12,"Intermediate"
"GTTACAGTCCTTATAC-1_2",12,"Resting"
"GTTACCCGTGTACGCC-1_2",12,"Intermediate"
"GTTACCCTCATAGACC-1_2",12,"Activated"
"GTTACCCTCTACGGGC-1_2",12,"Activated"
"GTTACCCTCTGTGCAA-1_2",12,"Intermediate"
"GTTACGAAGCAAGTGC-1_2",12,"Activated"
"GTTACGACACAGTATC-1_2",12,"Activated"
"GTTACGACACTCATAG-1_2",12,"Resting"
"GTTACGACAGAGAATT-1_2",12,"Resting"
"GTTACGACAGGTCAAG-1_2",12,"Resting"
"GTTACGACAGTTCCAA-1_2",12,"Intermediate"
"GTTACGAGTGAAAGTT-1_2",12,"Resting"
"GTTACGATCACCATCC-1_2",12,"Activated"
"GTTACGATCGTCGACG-1_2",12,"Activated"
"GTTAGACAGAAATCCA-1_2",12,"Resting"
"GTTAGACGTTGTAGCT-1_2",12,"Intermediate"
"GTTAGACTCTCGTCAC-1_2",12,"Activated"
"GTTAGACTCTTCCACG-1_2",12,"Resting"
"GTTAGTGAGCACCCAC-1_2",12,"Resting"
"GTTAGTGAGCTGTCCG-1_2",12,"Treg"
"GTTAGTGCATCCAACA-1_2",12,"Activated"
"GTTAGTGGTATCGAGG-1_2",12,"Resting"
"GTTAGTGGTGACAACG-1_2",12,"Intermediate"
"GTTAGTGGTGGTAACG-1_2",12,"Intermediate"
"GTTAGTGGTTGGTACT-1_2",12,"Activated"
"GTTAGTGTCCAACACA-1_2",12,"Activated"
"GTTATGGAGGCAGGGA-1_2",12,"Activated"
"GTTATGGAGGCTAAAT-1_2",12,"Activated"
"GTTATGGAGTCGAGGT-1_2",12,"Resting"
"GTTCATTAGTAAACTG-1_2",12,"Intermediate"
"GTTCATTCAAACTAGA-1_2",12,"Intermediate"
"GTTCATTCAAAGCACG-1_2",12,"Activated"
"GTTCATTGTAGACAGC-1_2",12,"Activated"
"GTTCATTGTATCGTTG-1_2",12,"Resting"
"GTTCCGTCAATCGCAT-1_2",12,"Intermediate"
"GTTCCGTGTCGAATTC-1_2",12,"Resting"
"GTTCCGTTCAATCAGC-1_2",12,"Intermediate"
"GTTCCGTTCCGCGGAT-1_2",12,"Resting"
"GTTCCGTTCGTTGTGA-1_2",12,"Activated"
"GTTCGCTAGACTTAAG-1_2",12,"Intermediate"
"GTTCGCTAGCAGGCAT-1_2",12,"Resting"
"GTTCGCTCAATTTCGG-1_2",12,"Intermediate"
"GTTCGCTCAGCGTTTA-1_2",12,"Intermediate"
"GTTCGCTTCAAGTGTC-1_2",12,"Intermediate"
"GTTCGCTTCATCTACT-1_2",12,"Resting"
"GTTCGCTTCGCTAGCG-1_2",12,"Intermediate"
"GTTCGCTTCGTAGGAG-1_2",12,"Resting"
"GTTCTATAGAGTCACG-1_2",12,"Intermediate"
"GTTCTATAGTAAACGT-1_2",12,"Resting"
"GTTCTATTCCAAACCA-1_2",12,"Activated"
"GTTCTATTCTCTGAGA-1_2",12,"Resting"
"GTTGCGGAGCCTCAGC-1_2",12,"Activated"
"GTTGCGGGTTAGAGTA-1_2",12,"Intermediate"
"GTTGCTCAGGTCATCT-1_2",12,"Activated"
"GTTGCTCGTTAAGAAC-1_2",12,"Activated"
"GTTGCTCTCGCGATCG-1_2",12,"Resting"
"GTTGTAGCAATAGTCC-1_2",12,"Intermediate"
"GTTGTAGCACCAAATC-1_2",12,"Intermediate"
"GTTGTAGGTGGCTTAT-1_2",12,"Resting"
"GTTGTAGGTTTACGTG-1_2",12,"Activated"
"GTTGTCCAGAATCCCT-1_2",12,"Activated"
"GTTGTCCGTGACAGGT-1_2",12,"Intermediate"
"GTTGTCCTCATCTCTA-1_2",12,"Treg"
"GTTGTCCTCTGATGGT-1_2",12,"Intermediate"
"GTTGTGACACATTCTT-1_2",12,"Resting"
"GTTGTGACAGACCTAT-1_2",12,"Activated"
"GTTGTGAGTACGACAG-1_2",12,"Resting"
"GTTGTGAGTATTGAGA-1_2",12,"Intermediate"
"GTTGTGATCCAACACA-1_2",12,"Intermediate"
"GTTTACTAGGCTCCCA-1_2",12,"Activated"
"GTTTACTCAACCCTAA-1_2",12,"Intermediate"
"GTTTACTCAAGCCCAC-1_2",12,"Activated"
"GTTTACTCACAAGCTT-1_2",12,"Activated"
"GTTTACTCACACACTA-1_2",12,"Activated"
"GTTTACTCACGGGTAA-1_2",12,"Resting"
"GTTTACTCAGCCTATA-1_2",12,"Activated"
"GTTTACTGTGCAGGAT-1_2",12,"Intermediate"
"GTTTGGAAGAAGCTCG-1_2",12,"Intermediate"
"GTTTGGAAGCCTCTTC-1_2",12,"Activated"
"GTTTGGACAAGCCTGC-1_2",12,"Activated"
"GTTTGGACAGCCTACG-1_2",12,"Resting"
"GTTTGGAGTAGACGGT-1_2",12,"Intermediate"
"GTTTGGAGTCTAACGT-1_2",12,"Resting"
"GTTTGGAGTGCTGCAC-1_2",12,"Intermediate"
"GTTTGGAGTTCGGTTA-1_2",12,"Resting"
"GTTTGGATCAGCGGAA-1_2",12,"Activated"
"TAACACGAGAATTGCA-1_2",12,"Activated"
"TAACACGAGACAGCTG-1_2",12,"Resting"
"TAACACGCAAGATTGA-1_2",12,"Activated"
"TAACACGGTATCAGCT-1_2",12,"Resting"
"TAACACGTCAGCAGAG-1_2",12,"Activated"
"TAACACGTCATTACTC-1_2",12,"Resting"
"TAACACGTCCACTTCG-1_2",12,"Intermediate"
"TAACCAGCACCCAAGC-1_2",12,"Resting"
"TAACCAGTCTAGCATG-1_2",12,"Intermediate"
"TAACGACGTTGCACGC-1_2",12,"Resting"
"TAACGACGTTGGGAAC-1_2",12,"Resting"
"TAACTTCAGCGAAACC-1_2",12,"Activated"
"TAACTTCAGCTCGCAC-1_2",12,"Intermediate"
"TAACTTCGTATCAGGG-1_2",12,"Activated"
"TAACTTCGTCAAAGTA-1_2",12,"Activated"
"TAAGCACAGTAGATCA-1_2",12,"Resting"
"TAAGCACAGTGCACTT-1_2",12,"Activated"
"TAAGCACCATATGGCT-1_2",12,"Intermediate"
"TAAGCACCATTCATCT-1_2",12,"Intermediate"
"TAAGCACTCCACACAA-1_2",12,"Intermediate"
"TAAGCCATCAAGCCCG-1_2",12,"Treg"
"TAAGCCATCAAGGCTT-1_2",12,"Intermediate"
"TAAGCCATCCGCATAA-1_2",12,"Intermediate"
"TAAGCGTAGGTGCTAG-1_2",12,"Intermediate"
"TAAGCGTAGTATGACA-1_2",12,"Resting"
"TAAGCGTCATGGTACT-1_2",12,"Resting"
"TAAGCGTGTACGATGG-1_2",12,"Activated"
"TAAGCGTGTAGATTAG-1_2",12,"Intermediate"
"TAAGCGTGTCAGACTT-1_2",12,"Intermediate"
"TAAGCGTGTGAAGCTG-1_2",12,"Activated"
"TAAGCGTTCTAGAACC-1_2",12,"Activated"
"TAAGTCGAGAGCATTA-1_2",12,"Activated"
"TAAGTCGCACGTGAGA-1_2",12,"Resting"
"TAAGTCGGTAACATCC-1_2",12,"Activated"
"TAAGTCGTCCGCTTAC-1_2",12,"Resting"
"TAAGTCGTCTTTCGAT-1_2",12,"Resting"
"TAATCTCTCACGGAGA-1_2",12,"Activated"
"TAATCTCTCATTTGGG-1_2",12,"Intermediate"
"TAATTCCAGCCACTCG-1_2",12,"Intermediate"
"TAATTCCAGTGCGCTC-1_2",12,"Intermediate"
"TAATTCCCACGTACTA-1_2",12,"Intermediate"
"TAATTCCTCGGAATGG-1_2",12,"Intermediate"
"TACAACGAGACATCCT-1_2",12,"Activated"
"TACAACGCATCGATAC-1_2",12,"Activated"
"TACAACGGTATTGGCT-1_2",12,"Intermediate"
"TACAACGTCCACGTGG-1_2",12,"Intermediate"
"TACAACGTCCATTTAC-1_2",12,"Activated"
"TACACCCAGGTTCCAT-1_2",12,"Intermediate"
"TACACCCCACTGCGAC-1_2",12,"Resting"
"TACACCCGTACTCAAC-1_2",12,"Activated"
"TACACCCTCAAAGCCT-1_2",12,"Resting"
"TACACCCTCAACTGGT-1_2",12,"Intermediate"
"TACACCCTCTTCCCAG-1_2",12,"Intermediate"
"TACAGGTAGGCGCTTC-1_2",12,"Intermediate"
"TACAGGTCAACCACGC-1_2",12,"Resting"
"TACAGGTCATAGCTGT-1_2",12,"Resting"
"TACAGGTCATCAGCTA-1_2",12,"Resting"
"TACAGGTCATGTTCGA-1_2",12,"Intermediate"
"TACAGGTGTAACGTTC-1_2",12,"Resting"
"TACAGGTTCCGACATA-1_2",12,"Activated"
"TACAGGTTCGCTCTCA-1_2",12,"Intermediate"
"TACATTCAGCATAGGC-1_2",12,"Activated"
"TACATTCAGCCAGAGT-1_2",12,"Activated"
"TACATTCCAGGTTCCG-1_2",12,"Resting"
"TACATTCCATCCGTGG-1_2",12,"Activated"
"TACATTCGTTAGTCGT-1_2",12,"Resting"
"TACATTCTCAGCCTCT-1_2",12,"Intermediate"
"TACATTCTCGCATTAG-1_2",12,"Activated"
"TACATTCTCGTCTCAC-1_2",12,"Resting"
"TACCCACAGTGCTCGC-1_2",12,"Intermediate"
"TACCCACCATTATGCG-1_2",12,"Activated"
"TACCCACGTACCGTGC-1_2",12,"Intermediate"
"TACCCACTCCCGTAAA-1_2",12,"Resting"
"TACCCGTAGTCGGCAA-1_2",12,"Activated"
"TACCCGTCAACTCGTA-1_2",12,"Resting"
"TACCCGTCAATTGCCA-1_2",12,"Resting"
"TACCCGTCACTACCCT-1_2",12,"Intermediate"
"TACCCGTCAGTCACGC-1_2",12,"Activated"
"TACCCGTCATTCTTCA-1_2",12,"Resting"
"TACCCGTGTAAGGTCG-1_2",12,"Activated"
"TACCCGTGTACCTAGT-1_2",12,"Intermediate"
"TACCCGTGTCAACACT-1_2",12,"Activated"
"TACCCGTTCATGTCAG-1_2",12,"Resting"
"TACCGAAGTATCGAGG-1_2",12,"Activated"
"TACCGAAGTTTGGCTA-1_2",12,"Resting"
"TACCGGGAGATGACAT-1_2",12,"Intermediate"
"TACCGGGAGCACACCC-1_2",12,"Resting"
"TACCGGGAGCGACTAG-1_2",12,"Activated"
"TACCGGGAGGAGAGTA-1_2",12,"Activated"
"TACCGGGCACATTCGA-1_2",12,"Resting"
"TACCGGGCACTGTGAT-1_2",12,"Activated"
"TACCGGGGTAGCACGA-1_2",12,"Intermediate"
"TACCGGGGTCCAGCGT-1_2",12,"Activated"
"TACCGGGGTCTCAAGT-1_2",12,"Resting"
"TACCGGGTCTCACGAA-1_2",12,"Resting"
"TACCTCGGTCATCCGG-1_2",12,"Resting"
"TACCTCGGTCTTGTCC-1_2",12,"Intermediate"
"TACCTGCAGCATCCTA-1_2",12,"Intermediate"
"TACCTGCAGTAGCCAG-1_2",12,"Intermediate"
"TACCTGCGTCCTGAAT-1_2",12,"Intermediate"
"TACCTGCGTCTACGAT-1_2",12,"Activated"
"TACCTGCTCAGACCTA-1_2",12,"Activated"
"TACCTGCTCCTCTCGA-1_2",12,"Intermediate"
"TACGCTCAGATGTTCC-1_2",12,"Intermediate"
"TACGCTCAGGAGAGGC-1_2",12,"Intermediate"
"TACGCTCAGTGTAGTA-1_2",12,"Intermediate"
"TACGCTCCACGGTGCT-1_2",12,"Resting"
"TACGCTCGTAATTAGG-1_2",12,"Intermediate"
"TACGCTCTCCGTCCTA-1_2",12,"Intermediate"
"TACGGGCAGGGCTAAC-1_2",12,"Activated"
"TACGGGCAGTTGGACG-1_2",12,"Intermediate"
"TACGGGCCATGACACT-1_2",12,"Activated"
"TACGGGCGTCGCACAC-1_2",12,"Activated"
"TACGGGCGTTGTCAGT-1_2",12,"Intermediate"
"TACGGGCTCGCCCAGA-1_2",12,"Intermediate"
"TACGGTAAGAGGTGCT-1_2",12,"Intermediate"
"TACGGTAAGTGCCTCG-1_2",12,"Resting"
"TACGGTACATACTTTC-1_2",12,"Activated"
"TACGGTACATCCGAAT-1_2",12,"Resting"
"TACGGTAGTAAGGAGA-1_2",12,"Intermediate"
"TACGGTATCGCATGAT-1_2",12,"Activated"
"TACGTCCCAAGGTACG-1_2",12,"Resting"
"TACGTCCCACTCAGAT-1_2",12,"Intermediate"
"TACGTCCGTATAATGG-1_2",12,"Intermediate"
"TACTGCCCATGAGAAT-1_2",12,"Activated"
"TACTGCCTCACAGTGT-1_2",12,"Activated"
"TACTTACAGCTCGGCT-1_2",12,"Treg"
"TACTTACCAAGTTCCA-1_2",12,"Resting"
"TACTTACCACGTACAT-1_2",12,"Activated"
"TACTTACCATAACTCG-1_2",12,"Activated"
"TACTTACCATTACGGT-1_2",12,"Resting"
"TACTTACGTAAGATTG-1_2",12,"Activated"
"TACTTCAAGACCATTC-1_2",12,"Intermediate"
"TACTTCAAGAGCAGCT-1_2",12,"Intermediate"
"TACTTCACAAACACGG-1_2",12,"Intermediate"
"TACTTCAGTATCAGCT-1_2",12,"Intermediate"
"TACTTCAGTTGTACGT-1_2",12,"Resting"
"TACTTGTAGTCACTCA-1_2",12,"Intermediate"
"TACTTGTAGTCTACCA-1_2",12,"Resting"
"TACTTGTCACACCTAA-1_2",12,"Resting"
"TACTTGTGTAGCTTTG-1_2",12,"Activated"
"TACTTGTGTCAGACTT-1_2",12,"Resting"
"TACTTGTGTCTGCAAT-1_2",12,"Activated"
"TACTTGTGTGGATCGA-1_2",12,"Activated"
"TAGACCAAGCTCGAAG-1_2",12,"Resting"
"TAGACCAAGGAATTAC-1_2",12,"Activated"
"TAGACCAAGGCAGTCA-1_2",12,"Resting"
"TAGACCAAGGTTCTAC-1_2",12,"Resting"
"TAGACCAAGTATGTAG-1_2",12,"Activated"
"TAGACCAAGTCTCCTC-1_2",12,"Resting"
"TAGACCACACCTGCGA-1_2",12,"Intermediate"
"TAGACCACAGAAGTTA-1_2",12,"Intermediate"
"TAGACCATCAGAGCGA-1_2",12,"Activated"
"TAGACTGAGTGAGTGC-1_2",12,"Activated"
"TAGACTGGTGGAACAC-1_2",12,"Activated"
"TAGAGTCAGTTGGCGA-1_2",12,"Activated"
"TAGAGTCCAACTGCTA-1_2",12,"Resting"
"TAGAGTCCAGAGGCTA-1_2",12,"Intermediate"
"TAGAGTCTCCAAAGGG-1_2",12,"Intermediate"
"TAGATCGAGAGGACTC-1_2",12,"Intermediate"
"TAGATCGAGCCTCAAT-1_2",12,"Intermediate"
"TAGATCGAGCTGACCC-1_2",12,"Resting"
"TAGATCGGTCACGACC-1_2",12,"Resting"
"TAGATCGGTTTGAAAG-1_2",12,"Intermediate"
"TAGATCGTCTAGGAAA-1_2",12,"Resting"
"TAGCACAAGGTGCATG-1_2",12,"Intermediate"
"TAGGAGGAGCGTATGG-1_2",12,"Activated"
"TAGGAGGTCTCCGCAT-1_2",12,"Intermediate"
"TAGGGTTGTAACGTTC-1_2",12,"Intermediate"
"TAGGGTTGTTCGGCGT-1_2",12,"Activated"
"TAGGGTTTCCGCGAGT-1_2",12,"Activated"
"TAGGTACAGGGTAATT-1_2",12,"Resting"
"TAGGTACAGGGTATAT-1_2",12,"Intermediate"
"TAGGTACCAGTTGAAA-1_2",12,"Intermediate"
"TAGGTACGTCGTATGT-1_2",12,"Activated"
"TAGGTACTCATACGGT-1_2",12,"Activated"
"TAGGTTGAGCCTCTGG-1_2",12,"Resting"
"TAGGTTGAGTGCAGCA-1_2",12,"Resting"
"TAGGTTGGTCCCGGTA-1_2",12,"Resting"
"TAGGTTGGTGCTAGCC-1_2",12,"Resting"
"TAGGTTGTCGACATCA-1_2",12,"Resting"
"TAGTGCAAGACCTTTG-1_2",12,"Resting"
"TAGTGCACATTGAAGA-1_2",12,"Activated"
"TAGTGCATCATGTCTT-1_2",12,"Intermediate"
"TAGTGCATCCCAAGCG-1_2",12,"Intermediate"
"TAGTGCATCCCATACC-1_2",12,"Activated"
"TAGTGCATCCGAGGCT-1_2",12,"Intermediate"
"TATACCTAGCAAGGAA-1_2",12,"Resting"
"TATACCTAGCCTATTG-1_2",12,"Activated"
"TATACCTGTCCCGCAA-1_2",12,"Intermediate"
"TATACCTGTCCTGTTC-1_2",12,"Intermediate"
"TATACCTGTCTCTCCA-1_2",12,"Resting"
"TATACCTGTTTACCTT-1_2",12,"Activated"
"TATATCCCACACCTAA-1_2",12,"Resting"
"TATATCCTCAAGTGTC-1_2",12,"Activated"
"TATATCCTCACCTGGG-1_2",12,"Activated"
"TATATCCTCTTACCAT-1_2",12,"Resting"
"TATCAGGCACGACAGA-1_2",12,"Resting"
"TATCAGGGTGGTATGG-1_2",12,"Resting"
"TATCAGGTCCACACAA-1_2",12,"Resting"
"TATCAGGTCGGTATGT-1_2",12,"Intermediate"
"TATCCTAAGTCAGAGC-1_2",12,"Activated"
"TATCCTAAGTCGTCTA-1_2",12,"Resting"
"TATCCTAAGTTCTACG-1_2",12,"Intermediate"
"TATCCTATCGCCAACG-1_2",12,"Treg"
"TATCCTATCGCGCCAA-1_2",12,"Activated"
"TATCGCCAGCCATGCC-1_2",12,"Intermediate"
"TATCGCCAGGCTAAAT-1_2",12,"Activated"
"TATCGCCCAGCTATAC-1_2",12,"Intermediate"
"TATCGCCCATAGAGGC-1_2",12,"Resting"
"TATCTGTAGGGTATAT-1_2",12,"Resting"
"TATCTGTGTATCACGT-1_2",12,"Resting"
"TATCTGTGTCTGATAC-1_2",12,"Activated"
"TATCTGTTCAAATGAG-1_2",12,"Activated"
"TATCTTGCAACTCGAT-1_2",12,"Intermediate"
"TATCTTGCATCTGTTT-1_2",12,"Intermediate"
"TATCTTGCATGCCGGT-1_2",12,"Resting"
"TATCTTGGTGTAGGAC-1_2",12,"Activated"
"TATCTTGTCGCCTAGG-1_2",12,"Activated"
"TATGTTCAGCAAATGT-1_2",12,"Intermediate"
"TATGTTCAGCATTTCG-1_2",12,"Intermediate"
"TATGTTCAGCGCGTTC-1_2",12,"Activated"
"TATGTTCAGTGCTCGC-1_2",12,"Activated"
"TATTCCAAGGCCCGTT-1_2",12,"Intermediate"
"TATTCCAAGGTTCTAC-1_2",12,"Resting"
"TATTCCACACTTGAGT-1_2",12,"Resting"
"TATTCCACAGTACTAC-1_2",12,"Resting"
"TATTCCATCAAAGAAC-1_2",12,"Resting"
"TATTGCTAGAGGGCGA-1_2",12,"Resting"
"TATTGCTTCTCAGTCC-1_2",12,"Activated"
"TATTGGGCATGGGTCC-1_2",12,"Activated"
"TATTGGGGTACACGTT-1_2",12,"Intermediate"
"TATTGGGGTATAATGG-1_2",12,"Intermediate"
"TATTTCGCAGCGAGTA-1_2",12,"Resting"
"TCAAGACGTAGCGCTC-1_2",12,"Resting"
"TCAAGACTCCCATTCG-1_2",12,"Activated"
"TCAAGACTCCCTCAAC-1_2",12,"Activated"
"TCAAGCACACGTCTCT-1_2",12,"Intermediate"
"TCAAGCAGTAGGACTG-1_2",12,"Intermediate"
"TCAAGCAGTCCCTGTT-1_2",12,"Resting"
"TCAAGCATCATACAGC-1_2",12,"Intermediate"
"TCAAGTGCACATACGT-1_2",12,"Intermediate"
"TCAAGTGCATTGTACG-1_2",12,"Intermediate"
"TCAAGTGTCCTGTAGA-1_2",12,"Intermediate"
"TCAAGTGTCCTTTGAT-1_2",12,"Activated"
"TCAAGTGTCTGGTTGA-1_2",12,"Activated"
"TCAATCTAGAATCGCG-1_2",12,"Activated"
"TCAATCTAGCTGTCCG-1_2",12,"Activated"
"TCAATCTAGTCCCAAT-1_2",12,"Treg"
"TCAATCTGTAAGACCG-1_2",12,"Activated"
"TCAATCTTCTTGGGCG-1_2",12,"Activated"
"TCAATTCAGCAAGGAA-1_2",12,"Activated"
"TCAATTCAGGCATGGT-1_2",12,"Activated"
"TCAATTCCAGACATCT-1_2",12,"Activated"
"TCAATTCGTAATCAGA-1_2",12,"Activated"
"TCAATTCGTCCAACGC-1_2",12,"Intermediate"
"TCAATTCTCCGTCCTA-1_2",12,"Intermediate"
"TCAATTCTCCTCCACA-1_2",12,"Activated"
"TCACAAGAGACTCTAC-1_2",12,"Activated"
"TCACAAGAGCGTCAAG-1_2",12,"Intermediate"
"TCACAAGAGGATTCCT-1_2",12,"Intermediate"
"TCACAAGCACTGCTTC-1_2",12,"Activated"
"TCACAAGGTCCTCATC-1_2",12,"Resting"
"TCACACCCAAACTCGT-1_2",12,"Activated"
"TCACACCCACGTGAGA-1_2",12,"Resting"
"TCACACCGTTTCCCAC-1_2",12,"Intermediate"
"TCACACCTCGAGCACC-1_2",12,"Intermediate"
"TCACATTCACACGTGC-1_2",12,"Activated"
"TCACATTGTATGGAAT-1_2",12,"Resting"
"TCACATTGTCGCACGT-1_2",12,"Intermediate"
"TCACATTGTTCCTTGC-1_2",12,"Resting"
"TCACATTTCATCCCGT-1_2",12,"Resting"
"TCACATTTCCGTTTCG-1_2",12,"Resting"
"TCACGCTCAGCTCATA-1_2",12,"Intermediate"
"TCACGCTCAGCTGAGA-1_2",12,"Activated"
"TCACGCTGTCGGTACC-1_2",12,"Resting"
"TCACGCTGTTGGATCT-1_2",12,"Resting"
"TCACGGGAGAAGATCT-1_2",12,"Resting"
"TCACTATAGACGCATG-1_2",12,"Intermediate"
"TCACTATAGCTAATGA-1_2",12,"Intermediate"
"TCACTATAGGGCCTCT-1_2",12,"Activated"
"TCACTATTCTTGTGCC-1_2",12,"Intermediate"
"TCACTCGAGACGTCGA-1_2",12,"Activated"
"TCACTCGAGCCACTCG-1_2",12,"Activated"
"TCACTCGCATGTTCAG-1_2",12,"Intermediate"
"TCACTCGGTGACCGTC-1_2",12,"Intermediate"
"TCACTCGGTTCCCAAA-1_2",12,"Intermediate"
"TCAGCAACAACTCGTA-1_2",12,"Activated"
"TCAGCAACACAGCCAC-1_2",12,"Intermediate"
"TCAGCAAGTACAAACA-1_2",12,"Intermediate"
"TCAGCAAGTACTAGCT-1_2",12,"Intermediate"
"TCAGCAAGTGTTAAAG-1_2",12,"Activated"
"TCAGCAAGTTGAGTCT-1_2",12,"Activated"
"TCAGCAATCCATTGCC-1_2",12,"Resting"
"TCAGCCTAGTGGATAT-1_2",12,"Activated"
"TCAGCCTGTAATTAGG-1_2",12,"Activated"
"TCAGCCTGTATCCCAA-1_2",12,"Intermediate"
"TCAGCCTGTCTAGGTT-1_2",12,"Intermediate"
"TCAGGGCAGAACTCCT-1_2",12,"Resting"
"TCAGGGCGTCAGCGTC-1_2",12,"Resting"
"TCAGGGCGTTAAACAG-1_2",12,"Intermediate"
"TCAGGTACAAAGGCTG-1_2",12,"Intermediate"
"TCAGGTACAGTTAAAG-1_2",12,"Resting"
"TCAGTCCAGAGTGAAG-1_2",12,"Activated"
"TCAGTCCCAGTGTGCC-1_2",12,"Resting"
"TCAGTCCGTAACCCGC-1_2",12,"Resting"
"TCAGTCCTCAGGTAAA-1_2",12,"Intermediate"
"TCAGTCCTCTTTGATC-1_2",12,"Activated"
"TCAGTGACAAGAATAC-1_2",12,"Resting"
"TCAGTGACAAGGAGTC-1_2",12,"Activated"
"TCAGTGACAGTGCGCT-1_2",12,"Resting"
"TCAGTTTAGCAGAAAG-1_2",12,"Activated"
"TCAGTTTAGGACTTCT-1_2",12,"Resting"
"TCAGTTTCAACAAGAT-1_2",12,"Activated"
"TCATACTAGAGGATGA-1_2",12,"Activated"
"TCATACTAGATTACCC-1_2",12,"Resting"
"TCATACTAGTCCGCGT-1_2",12,"Activated"
"TCATACTAGTTCCGGC-1_2",12,"Intermediate"
"TCATACTCAGCCCAGT-1_2",12,"Activated"
"TCATACTGTGACTAAA-1_2",12,"Resting"
"TCATACTGTTGTAAAG-1_2",12,"Intermediate"
"TCATACTTCCATTGGA-1_2",12,"Intermediate"
"TCATATCCACATGAAA-1_2",12,"Intermediate"
"TCATATCCACCAGCGT-1_2",12,"Activated"
"TCATATCCACTGATTG-1_2",12,"Activated"
"TCATATCGTCAACATC-1_2",12,"Intermediate"
"TCATATCGTTAGGACG-1_2",12,"Activated"
"TCATATCTCACAACCA-1_2",12,"Activated"
"TCATCATAGTGCCCGT-1_2",12,"Activated"
"TCATCATGTTATGGTC-1_2",12,"Activated"
"TCATCATGTTTGAACC-1_2",12,"Intermediate"
"TCATCATTCTCCTGTG-1_2",12,"Intermediate"
"TCATCCGAGAGTTGTA-1_2",12,"Activated"
"TCATCCGAGCGACTGA-1_2",12,"Activated"
"TCATCCGAGGTCTTTG-1_2",12,"Intermediate"
"TCATCCGCACACCTGG-1_2",12,"Resting"
"TCATCCGGTGGCATCC-1_2",12,"Intermediate"
"TCATCCGTCAGCTCTC-1_2",12,"Intermediate"
"TCATGAGAGAAGCCTG-1_2",12,"Intermediate"
"TCATGAGAGTAGCTCT-1_2",12,"Intermediate"
"TCATGAGAGTTCAACC-1_2",12,"Resting"
"TCATGAGTCCATAGGT-1_2",12,"Resting"
"TCATGAGTCTAGTCAG-1_2",12,"Activated"
"TCATGAGTCTCGAGTA-1_2",12,"Intermediate"
"TCATGCCAGCCATTGT-1_2",12,"Intermediate"
"TCATGCCCACTATGTG-1_2",12,"Intermediate"
"TCATGCCCAGCTGCCA-1_2",12,"Intermediate"
"TCATGCCGTCTCTCTG-1_2",12,"Resting"
"TCATGGACAACGGGTA-1_2",12,"Intermediate"
"TCATGGACAGGCGTTC-1_2",12,"Resting"
"TCATGGAGTGGTAATA-1_2",12,"Activated"
"TCATGGATCGTAGGAG-1_2",12,"Activated"
"TCATGGATCGTGGGTC-1_2",12,"Activated"
"TCATGGATCGTTCATT-1_2",12,"Intermediate"
"TCATGTTAGGCATGGT-1_2",12,"Intermediate"
"TCATGTTCAAGGCTTT-1_2",12,"Activated"
"TCATGTTCACGATTCA-1_2",12,"Resting"
"TCATGTTCACTGATTG-1_2",12,"Activated"
"TCATGTTCATAAGCAA-1_2",12,"Activated"
"TCATGTTTCTGGTTGA-1_2",12,"Intermediate"
"TCATTACAGTTCAACC-1_2",12,"Intermediate"
"TCATTACAGTTCCGGC-1_2",12,"Activated"
"TCATTACCATATACCG-1_2",12,"Intermediate"
"TCATTACGTGTACAGG-1_2",12,"Activated"
"TCATTCAAGGTACAGC-1_2",12,"Intermediate"
"TCATTCACACCGCTAG-1_2",12,"Activated"
"TCATTCACATCAGCTA-1_2",12,"Resting"
"TCATTCAGTCACCTTC-1_2",12,"Intermediate"
"TCATTCATCAGCTGAT-1_2",12,"Intermediate"
"TCATTCATCATCGCCT-1_2",12,"Intermediate"
"TCATTCATCCCACAGG-1_2",12,"Intermediate"
"TCATTCATCTCTAAGG-1_2",12,"Resting"
"TCATTGTAGACTTCGT-1_2",12,"Activated"
"TCATTGTAGATTCGCT-1_2",12,"Intermediate"
"TCATTGTCAACCAATC-1_2",12,"Activated"
"TCATTGTCAAGGCAAC-1_2",12,"Activated"
"TCATTGTGTGTCTCCT-1_2",12,"Resting"
"TCATTGTTCCAACCGG-1_2",12,"Intermediate"
"TCATTGTTCCCAGCGA-1_2",12,"Resting"
"TCATTGTTCCTTGGAA-1_2",12,"Intermediate"
"TCATTTGAGTTCAACC-1_2",12,"Intermediate"
"TCATTTGCAGACGCTC-1_2",12,"Intermediate"
"TCATTTGTCAGCAGAG-1_2",12,"Intermediate"
"TCATTTGTCTACACAG-1_2",12,"Intermediate"
"TCCACCACACATCATG-1_2",12,"Intermediate"
"TCCACCACACGCTGAC-1_2",12,"Resting"
"TCCACCAGTCCCTCAT-1_2",12,"Resting"
"TCCACCAGTTGCCTAA-1_2",12,"Resting"
"TCCACCATCCACGGAC-1_2",12,"Resting"
"TCCACCATCCTAAACG-1_2",12,"Resting"
"TCCACGTAGAGTCACG-1_2",12,"Activated"
"TCCACGTCACTACAGT-1_2",12,"Activated"
"TCCACGTCAGTAGTTC-1_2",12,"Resting"
"TCCACGTGTATCATGC-1_2",12,"Activated"
"TCCACGTGTGCTTCAA-1_2",12,"Activated"
"TCCACGTGTTGCATGT-1_2",12,"Intermediate"
"TCCAGAACAGTAGAAT-1_2",12,"Treg"
"TCCAGAATCATGCGGC-1_2",12,"Activated"
"TCCAGAATCCCATTCG-1_2",12,"Activated"
"TCCATCGTCCACCTGT-1_2",12,"Intermediate"
"TCCATGCGTACAAGCG-1_2",12,"Resting"
"TCCATGCGTTGATGTC-1_2",12,"Treg"
"TCCATGCTCAGTCAGT-1_2",12,"Activated"
"TCCATGCTCTACGGTA-1_2",12,"Activated"
"TCCCACAAGAACTCCT-1_2",12,"Activated"
"TCCCAGTCAAACTCGT-1_2",12,"Activated"
"TCCCAGTGTATCCCTC-1_2",12,"Activated"
"TCCCATGGTGCCGGTT-1_2",12,"Activated"
"TCCCATGTCAGCGTCG-1_2",12,"Activated"
"TCCCATGTCATTTCCA-1_2",12,"Activated"
"TCCCATGTCCCGAAAT-1_2",12,"Activated"
"TCCCATGTCCTTGAAG-1_2",12,"Resting"
"TCCGAAAAGCCTTGAT-1_2",12,"Intermediate"
"TCCGAAACATCGCTCT-1_2",12,"Intermediate"
"TCCGAAAGTTCGTAAC-1_2",12,"Activated"
"TCCGAAATCCCACAGG-1_2",12,"Resting"
"TCCGAAATCCGAAGGA-1_2",12,"Intermediate"
"TCCGAAATCCTACTGC-1_2",12,"Resting"
"TCCGATCCACCCTGAG-1_2",12,"Resting"
"TCCGATCGTATGAAGT-1_2",12,"Resting"
"TCCGATCGTGGACAGT-1_2",12,"Activated"
"TCCGATCTCACTGATG-1_2",12,"Resting"
"TCCGGGAAGATTGTGA-1_2",12,"Resting"
"TCCGGGAAGTATAGGT-1_2",12,"Intermediate"
"TCCGGGACAAAGCGTG-1_2",12,"Resting"
"TCCGGGACAAGCTACT-1_2",12,"Activated"
"TCCGGGACATGCCATA-1_2",12,"Resting"
"TCCGTGTCACGCGTCA-1_2",12,"Resting"
"TCCGTGTGTCCTGGGT-1_2",12,"Treg"
"TCCGTGTTCAGCTCTC-1_2",12,"Resting"
"TCCTAATAGGTCATCT-1_2",12,"Activated"
"TCCTAATAGTATTAGG-1_2",12,"Activated"
"TCCTAATCACATAACC-1_2",12,"Activated"
"TCCTAATGTACCCAGC-1_2",12,"Intermediate"
"TCCTAATTCATTGCCC-1_2",12,"Intermediate"
"TCCTAATTCCCTAGGG-1_2",12,"Intermediate"
"TCCTCCCCAGCCCACA-1_2",12,"Resting"
"TCCTCCCGTTTCACTT-1_2",12,"Intermediate"
"TCCTCCCTCCTACAAG-1_2",12,"Resting"
"TCCTCCCTCTCCTGCA-1_2",12,"Intermediate"
"TCCTCGACAAATAAGC-1_2",12,"Resting"
"TCCTCGACATTCCTCG-1_2",12,"Activated"
"TCCTCGAGTTTCACAG-1_2",12,"Intermediate"
"TCCTCTTGTACTGCGC-1_2",12,"Intermediate"
"TCCTCTTGTCGCGGTT-1_2",12,"Activated"
"TCCTCTTGTTGCTGAT-1_2",12,"Activated"
"TCCTCTTTCACGAACT-1_2",12,"Resting"
"TCCTCTTTCATGCCGG-1_2",12,"Activated"
"TCCTCTTTCTACCACC-1_2",12,"Intermediate"
"TCCTGCACAAGGTACG-1_2",12,"Activated"
"TCCTGCAGTCCCGTGA-1_2",12,"Intermediate"
"TCCTGCAGTCCTATAG-1_2",12,"Intermediate"
"TCCTGCATCCGTAGGC-1_2",12,"Treg"
"TCCTGCATCTCTGCCA-1_2",12,"Activated"
"TCCTTCTGTTCCTTGC-1_2",12,"Activated"
"TCCTTCTTCCGTGCGA-1_2",12,"Intermediate"
"TCCTTCTTCGCTGTTC-1_2",12,"Intermediate"
"TCCTTTCAGATGCCGA-1_2",12,"Intermediate"
"TCCTTTCAGTGGTGAC-1_2",12,"Intermediate"
"TCCTTTCCACCCATAA-1_2",12,"Activated"
"TCCTTTCTCGGCCAAC-1_2",12,"Resting"
"TCCTTTCTCGTCTACC-1_2",12,"Activated"
"TCCTTTCTCTGGCCAG-1_2",12,"Intermediate"
"TCGAACAGTCCTGTTC-1_2",12,"Activated"
"TCGAACAGTGGTCTGC-1_2",12,"Activated"
"TCGAACATCAGCTTCC-1_2",12,"Intermediate"
"TCGAACATCGTAACCA-1_2",12,"Activated"
"TCGAAGTAGCTACTAC-1_2",12,"Intermediate"
"TCGAAGTAGTCCTGTA-1_2",12,"Resting"
"TCGAAGTGTCTTACTT-1_2",12,"Resting"
"TCGAAGTGTGTTAACC-1_2",12,"Activated"
"TCGAAGTTCCCTATTA-1_2",12,"Resting"
"TCGAAGTTCTCAGGCG-1_2",12,"Resting"
"TCGACCTAGAATTGCA-1_2",12,"Resting"
"TCGACCTCACAGAGCA-1_2",12,"Activated"
"TCGACCTGTGGTACAG-1_2",12,"Intermediate"
"TCGACCTTCAGAGTGG-1_2",12,"Resting"
"TCGACCTTCAGCCTTC-1_2",12,"Activated"
"TCGACGGCAACTTGCA-1_2",12,"Intermediate"
"TCGACGGCATCGATAC-1_2",12,"Resting"
"TCGACGGGTTAACAGA-1_2",12,"Intermediate"
"TCGACGGGTTACCCTC-1_2",12,"Intermediate"
"TCGACGGGTTCGATTG-1_2",12,"Activated"
"TCGACGGTCCTACTGC-1_2",12,"Activated"
"TCGACGGTCGGTTAGT-1_2",12,"Activated"
"TCGACGGTCTAGCATG-1_2",12,"Activated"
"TCGATTTAGCGCACAA-1_2",12,"Activated"
"TCGATTTTCCCGAACG-1_2",12,"Intermediate"
"TCGCACTAGAAGCCTG-1_2",12,"Intermediate"
"TCGCACTAGATTGATG-1_2",12,"Activated"
"TCGCACTCATAATCGC-1_2",12,"Intermediate"
"TCGCAGGAGGTACTGG-1_2",12,"Activated"
"TCGCAGGCAGCTATAC-1_2",12,"Activated"
"TCGCAGGGTACGATTC-1_2",12,"Intermediate"
"TCGCAGGGTGTTAACC-1_2",12,"Intermediate"
"TCGCAGGTCCTATGGA-1_2",12,"Intermediate"
"TCGCTCACACAGTGAG-1_2",12,"Activated"
"TCGCTCACACGCTATA-1_2",12,"Resting"
"TCGCTCACATGACGGA-1_2",12,"Activated"
"TCGCTCAGTACCGGCT-1_2",12,"Intermediate"
"TCGCTCAGTTGTAAAG-1_2",12,"Intermediate"
"TCGCTTGAGTCACACT-1_2",12,"Intermediate"
"TCGCTTGCAGCACAAG-1_2",12,"Activated"
"TCGGATAAGTTGTCAC-1_2",12,"Activated"
"TCGGATAGTTACTCAG-1_2",12,"Treg"
"TCGGATATCGCTCATC-1_2",12,"Activated"
"TCGGATATCTACCCAC-1_2",12,"Resting"
"TCGGATATCTCACCCA-1_2",12,"Resting"
"TCGGGACAGGATTTAG-1_2",12,"Intermediate"
"TCGGGACCATACCATG-1_2",12,"Activated"
"TCGGGACCATGGTACT-1_2",12,"Resting"
"TCGGGACGTCGTTGGC-1_2",12,"Resting"
"TCGGGACTCACGAACT-1_2",12,"Activated"
"TCGGGACTCGGTGTAT-1_2",12,"Activated"
"TCGGGCAAGCGTGAAC-1_2",12,"Resting"
"TCGGGCAAGTGACACG-1_2",12,"Intermediate"
"TCGGGCAGTGGATCAG-1_2",12,"Activated"
"TCGGGCAGTTCAATCG-1_2",12,"Intermediate"
"TCGGGCAGTTTGAAAG-1_2",12,"Resting"
"TCGGGCATCCCTCTAG-1_2",12,"Intermediate"
"TCGGGTGGTCAACCTA-1_2",12,"Intermediate"
"TCGGGTGGTGGTCTGC-1_2",12,"Activated"
"TCGGGTGGTTGGAGGT-1_2",12,"Activated"
"TCGGGTGTCCCAAGCG-1_2",12,"Resting"
"TCGGGTGTCTGCTTTA-1_2",12,"Activated"
"TCGGTCTAGTGAGTTA-1_2",12,"Activated"
"TCGGTCTGTGTTCATG-1_2",12,"Activated"
"TCGGTCTGTTCCAAAC-1_2",12,"Activated"
"TCGGTCTTCTCGCTTG-1_2",12,"Activated"
"TCGTAGAAGGTCACAG-1_2",12,"Intermediate"
"TCGTAGAAGTACCCTA-1_2",12,"Intermediate"
"TCGTAGACATGCAGCC-1_2",12,"Resting"
"TCGTAGAGTAGATCCT-1_2",12,"Resting"
"TCGTAGAGTCCGTACG-1_2",12,"Resting"
"TCGTAGATCTCCGATC-1_2",12,"Activated"
"TCGTCCAAGCCATTTG-1_2",12,"Intermediate"
"TCGTCCAAGCGCACAA-1_2",12,"Activated"
"TCGTCCAAGTTCCAGT-1_2",12,"Activated"
"TCGTCCACAACGATTC-1_2",12,"Activated"
"TCGTCCACACCTCGTT-1_2",12,"Intermediate"
"TCGTCCAGTCGTCGGT-1_2",12,"Resting"
"TCGTCCAGTGTGCCTG-1_2",12,"Intermediate"
"TCGTCCAGTTAAGACA-1_2",12,"Activated"
"TCGTCCATCTGGTGCG-1_2",12,"Activated"
"TCGTGCTAGAAACTGT-1_2",12,"Activated"
"TCGTGCTAGAGCATAT-1_2",12,"Activated"
"TCGTGCTAGGCGCTCT-1_2",12,"Activated"
"TCGTGCTCAAGCGGAT-1_2",12,"Intermediate"
"TCGTGCTGTCAGGTGA-1_2",12,"Intermediate"
"TCGTGGGCAACTCGTA-1_2",12,"Activated"
"TCGTGGGGTCGATTCA-1_2",12,"Activated"
"TCGTGGGGTCTAACGT-1_2",12,"Intermediate"
"TCGTGGGGTGTCCTAA-1_2",12,"Resting"
"TCTAACTAGACGACGT-1_2",12,"Intermediate"
"TCTAACTAGACGATAT-1_2",12,"Activated"
"TCTAACTAGGCTTAAA-1_2",12,"Intermediate"
"TCTAACTCACCACTGG-1_2",12,"Resting"
"TCTAACTGTCGTGATT-1_2",12,"Activated"
"TCTAACTTCGGTCATA-1_2",12,"Intermediate"
"TCTACATAGCCGCTTG-1_2",12,"Activated"
"TCTACATAGGTTATAG-1_2",12,"Activated"
"TCTACATCAAGAAATC-1_2",12,"Resting"
"TCTACATCACAGACGA-1_2",12,"Activated"
"TCTACATCACCTATCC-1_2",12,"Activated"
"TCTACATCATGGTGGA-1_2",12,"Activated"
"TCTACATTCAAGTCTG-1_2",12,"Activated"
"TCTACATTCGGTCAGC-1_2",12,"Activated"
"TCTACCGAGATGATTG-1_2",12,"Activated"
"TCTACCGCAATGAGCG-1_2",12,"Activated"
"TCTACCGGTACCTTCC-1_2",12,"Resting"
"TCTACCGTCAGCGGAA-1_2",12,"Intermediate"
"TCTACCGTCGATCCCT-1_2",12,"Activated"
"TCTATACAGGAATGTT-1_2",12,"Resting"
"TCTATACAGGTCGTAG-1_2",12,"Intermediate"
"TCTATACAGTGCACTT-1_2",12,"Activated"
"TCTATACGTCGTACTA-1_2",12,"Resting"
"TCTATACTCCACATAG-1_2",12,"Intermediate"
"TCTATACTCGTTAGAC-1_2",12,"Activated"
"TCTATCAAGGCAGGGA-1_2",12,"Resting"
"TCTATCACAACATCGT-1_2",12,"Intermediate"
"TCTATCACAACTGAAA-1_2",12,"Activated"
"TCTATCACACAGAGCA-1_2",12,"Activated"
"TCTATCAGTCGTATTG-1_2",12,"Activated"
"TCTCACGAGGCTATCT-1_2",12,"Activated"
"TCTCACGAGGGACACT-1_2",12,"Resting"
"TCTCACGCACGTGTGC-1_2",12,"Resting"
"TCTCAGCGTATTGCCA-1_2",12,"Intermediate"
"TCTCAGCGTGCAATGG-1_2",12,"Resting"
"TCTCAGCTCTGGGCCA-1_2",12,"Activated"
"TCTCCGAAGACTCCGC-1_2",12,"Resting"
"TCTCCGACAAAGTGTA-1_2",12,"Intermediate"
"TCTCCGACATCAGTCA-1_2",12,"Activated"
"TCTCCGAGTATACCCA-1_2",12,"Activated"
"TCTCTGGAGGGTCTTT-1_2",12,"Activated"
"TCTGCCACAATCAAGA-1_2",12,"Intermediate"
"TCTGCCAGTCTGATAC-1_2",12,"Intermediate"
"TCTGCCATCATTGTTC-1_2",12,"Intermediate"
"TCTGGCTCACCCAACG-1_2",12,"Resting"
"TCTGGCTTCGTGACTA-1_2",12,"Activated"
"TCTGTCGAGCAACTTC-1_2",12,"Activated"
"TCTGTCGCAAATCAGA-1_2",12,"Resting"
"TCTGTCGCATCTCCCA-1_2",12,"Intermediate"
"TCTGTCGTCGCTAAAC-1_2",12,"Resting"
"TCTTCCTAGCATCTTG-1_2",12,"Resting"
"TCTTCCTCATGGCACC-1_2",12,"Activated"
"TCTTGCGAGACCTCAT-1_2",12,"Activated"
"TCTTGCGTCGCAGAGA-1_2",12,"Intermediate"
"TCTTGCGTCGCTGTTC-1_2",12,"Resting"
"TCTTTGACACCGGAAA-1_2",12,"Activated"
"TCTTTGACATGGATCT-1_2",12,"Treg"
"TCTTTGAGTAGCCCTG-1_2",12,"Resting"
"TCTTTGAGTCCACAGC-1_2",12,"Resting"
"TCTTTGAGTCCTCATC-1_2",12,"Resting"
"TCTTTGAGTTCAAAGA-1_2",12,"Resting"
"TCTTTGAGTTGTCAGT-1_2",12,"Activated"
"TCTTTGATCAGCTGAT-1_2",12,"Activated"
"TGAACGTCAAAGGGCT-1_2",12,"Resting"
"TGAACGTTCTTGCGCT-1_2",12,"Resting"
"TGAATCGAGTTACGAA-1_2",12,"Intermediate"
"TGAATCGTCAACACGT-1_2",12,"Intermediate"
"TGAATGCAGAAACTAC-1_2",12,"Intermediate"
"TGAATGCAGTGCTCAT-1_2",12,"Activated"
"TGAATGCCAGCTGAGA-1_2",12,"Intermediate"
"TGAATGCGTAGCTTGT-1_2",12,"Activated"
"TGAATGCGTCTGTGGC-1_2",12,"Resting"
"TGAATGCGTGGCGTAA-1_2",12,"Resting"
"TGAATGCTCGCTTTAT-1_2",12,"Resting"
"TGACAGTTCCACAAGT-1_2",12,"Activated"
"TGACAGTTCCCAGGAC-1_2",12,"Activated"
"TGACCCTAGAACCCGA-1_2",12,"Intermediate"
"TGACCCTAGCAATTCC-1_2",12,"Activated"
"TGACCCTCAAGAATGT-1_2",12,"Intermediate"
"TGACCCTCATTGCAAC-1_2",12,"Intermediate"
"TGACCCTGTACAGCGA-1_2",12,"Activated"
"TGACCCTGTACGTGAG-1_2",12,"Intermediate"
"TGACCCTGTTCCAAAC-1_2",12,"Resting"
"TGACCCTTCCAAGCTA-1_2",12,"Activated"
"TGACCCTTCCGGTAGC-1_2",12,"Activated"
"TGACGCGCAAATGGAT-1_2",12,"Resting"
"TGACGCGCAAGCGAGT-1_2",12,"Intermediate"
"TGACGCGCAGATGCGA-1_2",12,"Activated"
"TGACGCGGTCCTCATC-1_2",12,"Activated"
"TGACGCGTCCTCAGGG-1_2",12,"Activated"
"TGACGCGTCTTCACAT-1_2",12,"Activated"
"TGACTCCCACTAGGTT-1_2",12,"Activated"
"TGACTCCGTCAAGCCC-1_2",12,"Intermediate"
"TGACTCCGTCGTGATT-1_2",12,"Intermediate"
"TGACTCCGTGTCACAT-1_2",12,"Intermediate"
"TGACTCCTCAAGTTGC-1_2",12,"Activated"
"TGACTCCTCCGTGACG-1_2",12,"Intermediate"
"TGACTCCTCGTGCACG-1_2",12,"Intermediate"
"TGAGACTCATGTTACG-1_2",12,"Activated"
"TGAGACTGTTACGATC-1_2",12,"Intermediate"
"TGAGCATAGTCCCAGC-1_2",12,"Intermediate"
"TGAGCGCCAGCATACT-1_2",12,"Resting"
"TGAGCGCGTTTCCAAG-1_2",12,"Activated"
"TGAGCGCTCGACATTG-1_2",12,"Intermediate"
"TGAGCGCTCGACGTCG-1_2",12,"Intermediate"
"TGAGCGCTCTCGGCTT-1_2",12,"Resting"
"TGAGGAGAGAATCGCG-1_2",12,"Intermediate"
"TGAGGAGAGGAACGCT-1_2",12,"Resting"
"TGAGGAGCATTGCTGA-1_2",12,"Intermediate"
"TGAGGAGTCATAGACC-1_2",12,"Activated"
"TGAGGAGTCCAATGCA-1_2",12,"Resting"
"TGAGGAGTCGCTGATA-1_2",12,"Activated"
"TGAGGAGTCGTAATGC-1_2",12,"Activated"
"TGAGGGAAGCGTCTGC-1_2",12,"Intermediate"
"TGAGGGAGTCCCTGAG-1_2",12,"Intermediate"
"TGAGGGAGTCGCCACA-1_2",12,"Resting"
"TGAGGGAGTCTTGAAC-1_2",12,"Intermediate"
"TGAGGGATCAACTACG-1_2",12,"Resting"
"TGAGGGATCTTTGGAG-1_2",12,"Resting"
"TGAGGTTCAAACTCGT-1_2",12,"Resting"
"TGAGGTTCACATTGTG-1_2",12,"Intermediate"
"TGAGTCACAATAGTCC-1_2",12,"Resting"
"TGAGTCACAATTTCTC-1_2",12,"Activated"
"TGAGTCACAGAGTTCT-1_2",12,"Resting"
"TGAGTCACATCATGAC-1_2",12,"Intermediate"
"TGAGTCAGTGCCTAAT-1_2",12,"Resting"
"TGAGTCAGTGGTGATG-1_2",12,"Activated"
"TGAGTCATCATTACCT-1_2",12,"Activated"
"TGATCAGCACAAATCC-1_2",12,"Intermediate"
"TGATCAGCACACAGCC-1_2",12,"Resting"
"TGATCAGGTAACTAAG-1_2",12,"Activated"
"TGATCAGTCGCATTAG-1_2",12,"Intermediate"
"TGATCTTAGATTAGTG-1_2",12,"Intermediate"
"TGATCTTCAGAGGCTA-1_2",12,"Activated"
"TGATCTTTCCCATGGG-1_2",12,"Treg"
"TGATGCACAAGTGGTG-1_2",12,"Intermediate"
"TGATGCAGTGTGACCC-1_2",12,"Intermediate"
"TGATGCATCATGGCCG-1_2",12,"Treg"
"TGATGCATCCAACACA-1_2",12,"Activated"
"TGATGCATCGCCGTGA-1_2",12,"Resting"
"TGATGCATCTAGAGCT-1_2",12,"Activated"
"TGATGCATCTGGAAGG-1_2",12,"Resting"
"TGATGGTAGAATTTGG-1_2",12,"Activated"
"TGATGGTAGCAGTACG-1_2",12,"Intermediate"
"TGATGGTAGTACCCTA-1_2",12,"Resting"
"TGATGGTCACCCTGTT-1_2",12,"Activated"
"TGATGGTGTCAGGTGA-1_2",12,"Intermediate"
"TGATGGTGTTGCCATA-1_2",12,"Intermediate"
"TGATGGTTCACGGTCG-1_2",12,"Resting"
"TGATTCTAGGCCTGCT-1_2",12,"Resting"
"TGATTCTCAGAGTGAC-1_2",12,"Intermediate"
"TGATTCTGTATCCTCC-1_2",12,"Activated"
"TGATTCTGTTGGGACA-1_2",12,"Resting"
"TGATTCTTCGCCCAGA-1_2",12,"Intermediate"
"TGATTCTTCGGCTATA-1_2",12,"Intermediate"
"TGATTCTTCGTTCTCG-1_2",12,"Activated"
"TGATTTCAGATAGTCA-1_2",12,"Resting"
"TGATTTCAGCCTTTCC-1_2",12,"Resting"
"TGATTTCCACAAAGTA-1_2",12,"Intermediate"
"TGATTTCCATCCGTTC-1_2",12,"Activated"
"TGATTTCTCAAAGGTA-1_2",12,"Intermediate"
"TGATTTCTCTACAGGT-1_2",12,"Activated"
"TGATTTCTCTGCTAGA-1_2",12,"Activated"
"TGCACGGAGGCTGAAC-1_2",12,"Resting"
"TGCACGGGTTTGTTGG-1_2",12,"Intermediate"
"TGCACGGTCTCCGTGT-1_2",12,"Activated"
"TGCAGATAGGCACTAG-1_2",12,"Resting"
"TGCAGATGTTCCGCAG-1_2",12,"Intermediate"
"TGCAGATTCGTTACCC-1_2",12,"Activated"
"TGCAGGCAGCTTAGTC-1_2",12,"Activated"
"TGCAGGCAGGCACTCC-1_2",12,"Activated"
"TGCAGGCCAATTTCTC-1_2",12,"Intermediate"
"TGCAGGCCATCATTGG-1_2",12,"Activated"
"TGCAGTAAGTCGCCCA-1_2",12,"Intermediate"
"TGCAGTACACATAACC-1_2",12,"Intermediate"
"TGCAGTACAGTCAGTT-1_2",12,"Intermediate"
"TGCAGTAGTCGGCCTA-1_2",12,"Activated"
"TGCAGTATCACCCTGT-1_2",12,"Intermediate"
"TGCATCCAGAATTGCA-1_2",12,"Resting"
"TGCATCCCACGTTCGG-1_2",12,"Intermediate"
"TGCATCCGTGGTAACG-1_2",12,"Activated"
"TGCATGAAGGATATAC-1_2",12,"Intermediate"
"TGCATGACACTACGGC-1_2",12,"Activated"
"TGCATGACAGTAACAA-1_2",12,"Intermediate"
"TGCATGATCATAGGCT-1_2",12,"Activated"
"TGCCGAGAGCAAACAT-1_2",12,"Resting"
"TGCCGAGAGCTAATCC-1_2",12,"Resting"
"TGCCGAGCAAGGATGC-1_2",12,"Resting"
"TGCCGAGGTCGTGGAA-1_2",12,"Activated"
"TGCGACGAGGTCACAG-1_2",12,"Activated"
"TGCGACGAGTAACCGG-1_2",12,"Intermediate"
"TGCGACGCACAGTCCG-1_2",12,"Resting"
"TGCGACGGTCAGTTTG-1_2",12,"Resting"
"TGCGACGGTCTTCAAG-1_2",12,"Activated"
"TGCGACGGTGCATCTA-1_2",12,"Intermediate"
"TGCGACGGTTGGGCCT-1_2",12,"Activated"
"TGCGACGTCAGTAGGG-1_2",12,"Activated"
"TGCGACGTCGCAGTTA-1_2",12,"Intermediate"
"TGCGATAAGCCTTCTC-1_2",12,"Resting"
"TGCGATAAGCTAAATG-1_2",12,"Activated"
"TGCGATAAGTGGGAAA-1_2",12,"Intermediate"
"TGCGATAGTCAAGTTC-1_2",12,"Intermediate"
"TGCGATATCACTCACC-1_2",12,"Intermediate"
"TGCGATATCACTCCGT-1_2",12,"Activated"
"TGCGATATCAGCGGAA-1_2",12,"Resting"
"TGCGATATCTGGAAGG-1_2",12,"Resting"
"TGCGGCAAGGCGATAC-1_2",12,"Intermediate"
"TGCGGCACAAGAGTAT-1_2",12,"Resting"
"TGCGGCACAGATCCTA-1_2",12,"Resting"
"TGCGGCACATGTCGTA-1_2",12,"Intermediate"
"TGCGGCAGTACTCGAT-1_2",12,"Intermediate"
"TGCGGCATCGCCTTTG-1_2",12,"Resting"
"TGCGGCATCGGATAAA-1_2",12,"Activated"
"TGCGGGTCACATGAAA-1_2",12,"Activated"
"TGCGGGTCATAATGAG-1_2",12,"Activated"
"TGCGGGTCATCCGTGG-1_2",12,"Resting"
"TGCTCCACAACCGCTG-1_2",12,"Intermediate"
"TGCTCCACAACCGGAA-1_2",12,"Treg"
"TGCTCCACATCTAACG-1_2",12,"Activated"
"TGCTCCAGTACGTACT-1_2",12,"Activated"
"TGCTCCATCAAATGAG-1_2",12,"Resting"
"TGCTCCATCGGCATCG-1_2",12,"Activated"
"TGCTCGTAGGCATTTC-1_2",12,"Intermediate"
"TGCTCGTCAATGAGCG-1_2",12,"Resting"
"TGCTCGTCATCATGAC-1_2",12,"Activated"
"TGCTCGTGTGGAGGTT-1_2",12,"Resting"
"TGCTCGTGTGTGTGTT-1_2",12,"Resting"
"TGCTGAAAGGGTATAT-1_2",12,"Intermediate"
"TGCTGAACAGGCGAAT-1_2",12,"Activated"
"TGCTGAAGTGATAGTA-1_2",12,"Activated"
"TGCTGAATCAACTGGT-1_2",12,"Activated"
"TGCTGAATCAGTGATC-1_2",12,"Activated"
"TGCTGAATCCGCTAGG-1_2",12,"Activated"
"TGCTTCGAGAGTACCG-1_2",12,"Resting"
"TGCTTCGAGATGCCGA-1_2",12,"Activated"
"TGCTTCGAGCAACTTC-1_2",12,"Intermediate"
"TGCTTCGCACAAACGG-1_2",12,"Activated"
"TGCTTCGGTGACAGCA-1_2",12,"Activated"
"TGCTTCGGTGTTAACC-1_2",12,"Activated"
"TGCTTCGTCGATTCCC-1_2",12,"Activated"
"TGCTTGCAGTTGCTGT-1_2",12,"Activated"
"TGCTTGCCAGGGCTTC-1_2",12,"Activated"
"TGCTTGCGTACTCGTA-1_2",12,"Intermediate"
"TGCTTGCGTGTGACCC-1_2",12,"Resting"
"TGCTTGCTCGGCGATC-1_2",12,"Activated"
"TGGAACTAGGTGGGTT-1_2",12,"Activated"
"TGGAACTCAACGGTAG-1_2",12,"Intermediate"
"TGGAACTCAGCGACAA-1_2",12,"Activated"
"TGGAACTGTAAGATTG-1_2",12,"Activated"
"TGGAACTTCAACTGAC-1_2",12,"Activated"
"TGGAACTTCCTTTAGT-1_2",12,"Intermediate"
"TGGAGAGGTAGACGGT-1_2",12,"Resting"
"TGGAGAGTCTCTCGAC-1_2",12,"Resting"
"TGGAGAGTCTTCCCAG-1_2",12,"Intermediate"
"TGGAGGAAGGAACGAA-1_2",12,"Activated"
"TGGAGGACACGCTGCA-1_2",12,"Activated"
"TGGAGGAGTAACTAAG-1_2",12,"Resting"
"TGGAGGAGTGTCGATT-1_2",12,"Activated"
"TGGAGGATCATCGGGC-1_2",12,"Activated"
"TGGATCAAGACTTGTC-1_2",12,"Activated"
"TGGATCACATCCTAAG-1_2",12,"Activated"
"TGGATCAGTACTGGGA-1_2",12,"Activated"
"TGGATCATCAAATGAG-1_2",12,"Activated"
"TGGATCATCGGAGCAA-1_2",12,"Resting"
"TGGATGTGTTGACTGT-1_2",12,"Activated"
"TGGCGTGAGACCCTTA-1_2",12,"Activated"
"TGGCGTGAGATTGATG-1_2",12,"Resting"
"TGGCGTGCACTGAGGA-1_2",12,"Resting"
"TGGCGTGGTCATTCCC-1_2",12,"Resting"
"TGGCGTGTCAAGTTGC-1_2",12,"Intermediate"
"TGGGAAGAGTATGATG-1_2",12,"Activated"
"TGGGAAGGTGGATCAG-1_2",12,"Intermediate"
"TGGGAAGGTTTACTGG-1_2",12,"Activated"
"TGGGAAGTCCAAGGGA-1_2",12,"Activated"
"TGGGAAGTCTACCACC-1_2",12,"Resting"
"TGGGAAGTCTCTGCCA-1_2",12,"Resting"
"TGGGAGACACCCATAA-1_2",12,"Resting"
"TGGGAGACACTGAGGA-1_2",12,"Activated"
"TGGGAGAGTTGCTCAA-1_2",12,"Activated"
"TGGGATTAGCGGATCA-1_2",12,"Activated"
"TGGGATTCACTAGTAC-1_2",12,"Resting"
"TGGGATTCAGTCAGCC-1_2",12,"Resting"
"TGGGATTCATCGTGGC-1_2",12,"Resting"
"TGGGATTTCACCTGTC-1_2",12,"Activated"
"TGGGCGTCATTCTCCG-1_2",12,"Intermediate"
"TGGGCGTGTTAGAGAT-1_2",12,"Activated"
"TGGGCGTTCAACTGAC-1_2",12,"Intermediate"
"TGGGCGTTCTTCTGTA-1_2",12,"Intermediate"
"TGGGCTGAGTGCACTT-1_2",12,"Activated"
"TGGGCTGCATTCACAG-1_2",12,"Resting"
"TGGGTTAAGCACCAGA-1_2",12,"Activated"
"TGGGTTAAGTTCGGTT-1_2",12,"Activated"
"TGGGTTACATTGGCAT-1_2",12,"Activated"
"TGGGTTAGTCTTGAAC-1_2",12,"Resting"
"TGGTACACAATGGCCC-1_2",12,"Intermediate"
"TGGTACACACTCTAGA-1_2",12,"Activated"
"TGGTAGTAGACTTAAG-1_2",12,"Activated"
"TGGTAGTCAAGGTCAG-1_2",12,"Activated"
"TGGTAGTCACTCCTTG-1_2",12,"Activated"
"TGGTAGTCATAGACTC-1_2",12,"Intermediate"
"TGGTAGTTCAGAGTGG-1_2",12,"Intermediate"
"TGGTAGTTCTCCTACG-1_2",12,"Intermediate"
"TGGTGATAGCCATTTG-1_2",12,"Activated"
"TGGTGATCATAATGCC-1_2",12,"Intermediate"
"TGGTGATGTCGTCGGT-1_2",12,"Intermediate"
"TGGTGATGTGCCCACA-1_2",12,"Intermediate"
"TGGTGATGTTATCCAG-1_2",12,"Activated"
"TGGTGATTCACCTCAC-1_2",12,"Intermediate"
"TGGTTAGAGAAACCCG-1_2",12,"Activated"
"TGGTTAGAGTACGTCT-1_2",12,"Intermediate"
"TGGTTAGTCGTGCATA-1_2",12,"Activated"
"TGGTTAGTCGTGGCTG-1_2",12,"Intermediate"
"TGTAACGAGGGCCAAT-1_2",12,"Activated"
"TGTAACGGTACTGGGA-1_2",12,"Activated"
"TGTAACGTCCGATCTC-1_2",12,"Intermediate"
"TGTAAGCAGAGTCGAC-1_2",12,"Resting"
"TGTAAGCGTAGTATAG-1_2",12,"Intermediate"
"TGTAAGCGTGAACTAA-1_2",12,"Intermediate"
"TGTAAGCTCCAACCGG-1_2",12,"Activated"
"TGTACAGAGGTTTGAA-1_2",12,"Intermediate"
"TGTACAGCAACGTAAA-1_2",12,"Resting"
"TGTACAGCAGAAACCG-1_2",12,"Activated"
"TGTACAGCAGTAACGG-1_2",12,"Resting"
"TGTACAGGTCTACGAT-1_2",12,"Activated"
"TGTACAGGTGGCAACA-1_2",12,"Intermediate"
"TGTACAGTCAATCCAG-1_2",12,"Intermediate"
"TGTAGACAGGTTTGAA-1_2",12,"Intermediate"
"TGTAGACCAAACTCTG-1_2",12,"Activated"
"TGTAGACCAAGACGGT-1_2",12,"Activated"
"TGTAGACCACGGGTAA-1_2",12,"Intermediate"
"TGTAGACCATTGCCGG-1_2",12,"Activated"
"TGTAGACCATTGGGAG-1_2",12,"Activated"
"TGTAGACGTTCAACGT-1_2",12,"Resting"
"TGTAGACTCTCTCGAC-1_2",12,"Resting"
"TGTAGACTCTGGGCCA-1_2",12,"Activated"
"TGTCAGAAGACTCTAC-1_2",12,"Intermediate"
"TGTCAGAAGGTGCTTT-1_2",12,"Treg"
"TGTCAGATCAAGGTGG-1_2",12,"Resting"
"TGTCCACAGATGCTAA-1_2",12,"Activated"
"TGTCCACAGTCACACT-1_2",12,"Intermediate"
"TGTCCACTCTGTAAGC-1_2",12,"Resting"
"TGTCCCAAGATGTAGT-1_2",12,"Activated"
"TGTCCCAGTCGAATTC-1_2",12,"Activated"
"TGTCCCAGTCGGCACT-1_2",12,"Activated"
"TGTCCCATCGCTGCGA-1_2",12,"Activated"
"TGTCCTGAGTGCAAAT-1_2",12,"Resting"
"TGTCCTGCAAGAAATC-1_2",12,"Intermediate"
"TGTCCTGGTAGGTAGC-1_2",12,"Intermediate"
"TGTCCTGGTGTCATCA-1_2",12,"Intermediate"
"TGTCCTGTCTCGAGTA-1_2",12,"Activated"
"TGTCCTGTCTTAGCCC-1_2",12,"Intermediate"
"TGTGAGTAGACTTCCA-1_2",12,"Intermediate"
"TGTGAGTAGTTGTCAC-1_2",12,"Intermediate"
"TGTGATGAGCACACCC-1_2",12,"Activated"
"TGTGATGCAGCGACCT-1_2",12,"Resting"
"TGTGATGGTGGAATGC-1_2",12,"Activated"
"TGTGCGGAGCGACTTT-1_2",12,"Activated"
"TGTGCGGCAAATACAG-1_2",12,"Activated"
"TGTGCGGCACTGTGTA-1_2",12,"Intermediate"
"TGTGCGGCAGCTCCTT-1_2",12,"Resting"
"TGTGCGGGTACACGTT-1_2",12,"Intermediate"
"TGTGCGGGTCTTCATT-1_2",12,"Activated"
"TGTGCGGTCTGGGATT-1_2",12,"Intermediate"
"TGTGCGGTCTTACGTT-1_2",12,"Resting"
"TGTGGCGAGACAAGCC-1_2",12,"Resting"
"TGTGGCGCACCATAAC-1_2",12,"Activated"
"TGTGGCGGTAACGCGA-1_2",12,"Activated"
"TGTGGCGGTTAGGACG-1_2",12,"Resting"
"TGTGGCGTCCGTGGTG-1_2",12,"Resting"
"TGTGTGAAGCGAGAAA-1_2",12,"Activated"
"TGTGTGAAGTGAGGCT-1_2",12,"Intermediate"
"TGTGTGACAAATACGA-1_2",12,"Activated"
"TGTGTGAGTCCACGCA-1_2",12,"Resting"
"TGTGTGAGTTCGGTCG-1_2",12,"Resting"
"TGTGTGATCGCGAAGA-1_2",12,"Activated"
"TGTTCATAGCTCCGAC-1_2",12,"Treg"
"TGTTCATCAAATCAAG-1_2",12,"Activated"
"TGTTCATCAATCCTTT-1_2",12,"Resting"
"TGTTCATCATCAGCAT-1_2",12,"Activated"
"TGTTCATGTCGATTCA-1_2",12,"Intermediate"
"TGTTCATGTGAGTAAT-1_2",12,"Intermediate"
"TGTTCCGGTCCAGTTA-1_2",12,"Activated"
"TGTTCCGTCTAAGAAG-1_2",12,"Resting"
"TGTTCTACAGGATCTT-1_2",12,"Activated"
"TGTTCTACATCAGTGT-1_2",12,"Activated"
"TGTTCTAGTCGTGGTC-1_2",12,"Resting"
"TGTTCTAGTTCTTGCC-1_2",12,"Activated"
"TGTTGAGAGCGCTTCG-1_2",12,"Activated"
"TGTTGAGAGTCTGGAG-1_2",12,"Intermediate"
"TGTTGAGAGTTGTAAG-1_2",12,"Activated"
"TGTTGAGTCCGCGAGT-1_2",12,"Resting"
"TGTTGAGTCCGTGGCA-1_2",12,"Activated"
"TGTTGAGTCGCTAAAC-1_2",12,"Activated"
"TGTTGGAAGATCGCTT-1_2",12,"Resting"
"TGTTGGACAATTGAGA-1_2",12,"Intermediate"
"TGTTGGAGTCCCTGTT-1_2",12,"Intermediate"
"TGTTTGTAGGGACACT-1_2",12,"Activated"
"TGTTTGTCAACTCCCT-1_2",12,"Resting"
"TGTTTGTGTATACAGA-1_2",12,"Activated"
"TGTTTGTGTCACCGAC-1_2",12,"Activated"
"TGTTTGTTCGACGTCG-1_2",12,"Intermediate"
"TTAATCCAGCGATGGT-1_2",12,"Resting"
"TTAATCCCACCAACAT-1_2",12,"Activated"
"TTAATCCCAGGTCCGT-1_2",12,"Activated"
"TTACAGGAGTCTTGGT-1_2",12,"Intermediate"
"TTACAGGCATTCACAG-1_2",12,"Resting"
"TTACAGGTCGCATAGT-1_2",12,"Intermediate"
"TTACAGGTCTGTGCGG-1_2",12,"Activated"
"TTACCATAGCAAATCA-1_2",12,"Activated"
"TTACCATAGGCTAAAT-1_2",12,"Activated"
"TTACCATAGTATGGAT-1_2",12,"Activated"
"TTACCATCACGAAAGC-1_2",12,"Activated"
"TTACCATGTAAGCGGT-1_2",12,"Resting"
"TTACCATTCGAAGTGG-1_2",12,"Activated"
"TTACCGCAGTTGCCCG-1_2",12,"Activated"
"TTACCGCAGTTTAGGA-1_2",12,"Resting"
"TTACCGCCAATGGCAG-1_2",12,"Resting"
"TTACCGCGTCACCACG-1_2",12,"Intermediate"
"TTACCGCGTGACGTCC-1_2",12,"Intermediate"
"TTACCGCGTGCAATAA-1_2",12,"Intermediate"
"TTACGCCAGTAGGGTC-1_2",12,"Intermediate"
"TTACGCCGTGAACCGA-1_2",12,"Activated"
"TTACGCCTCCTTCTGG-1_2",12,"Intermediate"
"TTACGTTCAATCGTCA-1_2",12,"Resting"
"TTACGTTCACGCGGTT-1_2",12,"Resting"
"TTACTGTAGCGTGTTT-1_2",12,"Intermediate"
"TTACTGTAGGCAATGC-1_2",12,"Intermediate"
"TTACTGTAGGCCACTC-1_2",12,"Intermediate"
"TTACTGTAGTCCTACA-1_2",12,"Activated"
"TTACTGTGTCGTGGTC-1_2",12,"Treg"
"TTACTGTGTGACAGCA-1_2",12,"Intermediate"
"TTACTGTGTGACGTCC-1_2",12,"Intermediate"
"TTACTGTGTTCCACGG-1_2",12,"Activated"
"TTACTGTTCAGCAATC-1_2",12,"Intermediate"
"TTAGGCACAACGGGTA-1_2",12,"Resting"
"TTAGGCACAATCGCAT-1_2",12,"Resting"
"TTAGGCAGTAACAGTA-1_2",12,"Resting"
"TTAGGCAGTTCATCTT-1_2",12,"Resting"
"TTAGGCATCCCTCTCC-1_2",12,"Activated"
"TTAGGCATCGATTCCC-1_2",12,"Activated"
"TTAGGCATCGGAATTC-1_2",12,"Resting"
"TTAGGGTCACATGGTT-1_2",12,"Activated"
"TTAGGGTCAGACACAG-1_2",12,"Resting"
"TTAGGGTGTAGATTGA-1_2",12,"Resting"
"TTAGGGTGTTGTAGCT-1_2",12,"Intermediate"
"TTAGGGTTCACCTCTG-1_2",12,"Activated"
"TTAGTCTAGACGAAGA-1_2",12,"Intermediate"
"TTAGTCTAGTTGGCTT-1_2",12,"Treg"
"TTAGTCTCAAGCGCTC-1_2",12,"Resting"
"TTAGTCTTCGTAATGC-1_2",12,"Activated"
"TTAGTCTTCTCACGAA-1_2",12,"Activated"
"TTAGTCTTCTTAGCTT-1_2",12,"Intermediate"
"TTATTGCAGACCAAAT-1_2",12,"Resting"
"TTATTGCCAATGACCT-1_2",12,"Intermediate"
"TTATTGCCAGTCGGAA-1_2",12,"Intermediate"
"TTATTGCCAGTTCTAG-1_2",12,"Intermediate"
"TTATTGCCATAGAAAC-1_2",12,"Intermediate"
"TTATTGCTCTGAGATC-1_2",12,"Resting"
"TTCAATCAGTAACGAT-1_2",12,"Activated"
"TTCAATCTCTGACAGT-1_2",12,"Intermediate"
"TTCACCGCAGTCTTCC-1_2",12,"Intermediate"
"TTCACCGCATAGTCAC-1_2",12,"Intermediate"
"TTCACGCGTTAGGACG-1_2",12,"Intermediate"
"TTCACGCGTTTGGCTA-1_2",12,"Activated"
"TTCACGCTCGACGAGA-1_2",12,"Resting"
"TTCAGGACACCAAAGG-1_2",12,"Activated"
"TTCAGGACACCATATG-1_2",12,"Activated"
"TTCATGTAGCGCCTAC-1_2",12,"Intermediate"
"TTCATGTAGGAATCGC-1_2",12,"Activated"
"TTCATGTGTCGTCGGT-1_2",12,"Activated"
"TTCATGTTCATGTCAG-1_2",12,"Intermediate"
"TTCATTGAGACGGATC-1_2",12,"Resting"
"TTCATTGAGGCTGTAG-1_2",12,"Intermediate"
"TTCATTGGTGTGATGG-1_2",12,"Intermediate"
"TTCATTGGTTAGGGTG-1_2",12,"Activated"
"TTCATTGTCACGATAC-1_2",12,"Activated"
"TTCCAATAGTGATTCC-1_2",12,"Activated"
"TTCCAATCAACGGGTA-1_2",12,"Intermediate"
"TTCCAATCAAGTGCAG-1_2",12,"Intermediate"
"TTCCAATCACCTTCGT-1_2",12,"Intermediate"
"TTCCAATCAGATAAAC-1_2",12,"Intermediate"
"TTCCAATCAGCTCCTT-1_2",12,"Resting"
"TTCCAATTCACTGGTA-1_2",12,"Intermediate"
"TTCCACGCAGGTGAGT-1_2",12,"Activated"
"TTCCACGCATTATGCG-1_2",12,"Intermediate"
"TTCCACGGTTAAGCAA-1_2",12,"Resting"
"TTCCACGTCACACGAT-1_2",12,"Resting"
"TTCCGGTGTCGTAATC-1_2",12,"Intermediate"
"TTCCGGTTCACTACTT-1_2",12,"Intermediate"
"TTCCGTGAGCTGCGAA-1_2",12,"Resting"
"TTCCGTGCACAGTCCG-1_2",12,"Treg"
"TTCCGTGGTATCGCAT-1_2",12,"Intermediate"
"TTCCGTGGTGCACAAG-1_2",12,"Resting"
"TTCCGTGGTGCGTGCT-1_2",12,"Resting"
"TTCCGTGTCGCCCAGA-1_2",12,"Activated"
"TTCCTAAAGTGAGTTA-1_2",12,"Activated"
"TTCCTAACAAACGAGC-1_2",12,"Activated"
"TTCCTAAGTTGACTAC-1_2",12,"Intermediate"
"TTCCTCTAGACGAAGA-1_2",12,"Treg"
"TTCCTCTAGAGTGTGC-1_2",12,"Intermediate"
"TTCCTCTAGTCACTCA-1_2",12,"Intermediate"
"TTCCTCTGTGCTATTG-1_2",12,"Resting"
"TTCCTCTGTGGTCAAG-1_2",12,"Intermediate"
"TTCCTCTTCGATGCTA-1_2",12,"Intermediate"
"TTCCTCTTCGTCACCT-1_2",12,"Activated"
"TTCCTTCAGATCGGTG-1_2",12,"Resting"
"TTCCTTCTCAAGTCGT-1_2",12,"Intermediate"
"TTCCTTCTCTAGTGAC-1_2",12,"Resting"
"TTCCTTCTCTAGTTCT-1_2",12,"Activated"
"TTCGATTAGGAACTCG-1_2",12,"Activated"
"TTCGATTAGGGCTAAC-1_2",12,"Intermediate"
"TTCGATTGTCGGATTT-1_2",12,"Resting"
"TTCGATTGTTAAGAAC-1_2",12,"Intermediate"
"TTCGCTGAGATGGTAT-1_2",12,"Activated"
"TTCGCTGCATTCTTCA-1_2",12,"Intermediate"
"TTCGCTGGTTTGGCTA-1_2",12,"Activated"
"TTCGCTGTCATGCCCT-1_2",12,"Intermediate"
"TTCGCTGTCATGTCAG-1_2",12,"Intermediate"
"TTCGCTGTCTGAGGTT-1_2",12,"Activated"
"TTCGCTGTCTTTCGAT-1_2",12,"Activated"
"TTCGGTCAGACATAAC-1_2",12,"Intermediate"
"TTCGGTCAGCAATTCC-1_2",12,"Intermediate"
"TTCGGTCAGTTCTACG-1_2",12,"Activated"
"TTCGGTCTCCAATCTT-1_2",12,"Intermediate"
"TTCGGTCTCTGAGAAA-1_2",12,"Resting"
"TTCTAACAGTCTAGCT-1_2",12,"Resting"
"TTCTAACTCCTCTAGC-1_2",12,"Intermediate"
"TTCTAACTCTCGCTTG-1_2",12,"Activated"
"TTCTAACTCTGTCGTC-1_2",12,"Intermediate"
"TTCTAGTAGGGATGTC-1_2",12,"Resting"
"TTCTAGTAGTGCACCC-1_2",12,"Intermediate"
"TTCTAGTCACACGGAA-1_2",12,"Activated"
"TTCTAGTCAGGAGGAG-1_2",12,"Intermediate"
"TTCTAGTCATACCGTA-1_2",12,"Resting"
"TTCTAGTGTCTCGGGT-1_2",12,"Activated"
"TTCTAGTTCAAGAGGC-1_2",12,"Resting"
"TTCTCTCAGCTACTGT-1_2",12,"Resting"
"TTCTCTCAGGTTGGAC-1_2",12,"Resting"
"TTCTCTCAGTCATGAA-1_2",12,"Intermediate"
"TTCTCTCAGTTGCGCC-1_2",12,"Activated"
"TTCTCTCCAATTCGTG-1_2",12,"Activated"
"TTCTCTCGTACGAAAT-1_2",12,"Activated"
"TTCTCTCGTGATGGCA-1_2",12,"Intermediate"
"TTCTGTAAGCCTCATA-1_2",12,"Activated"
"TTCTGTATCCCGAAAT-1_2",12,"Resting"
"TTCTGTATCCTCACGT-1_2",12,"Resting"
"TTCTGTATCGATCCAA-1_2",12,"Activated"
"TTCTGTATCGCGTGAC-1_2",12,"Intermediate"
"TTCTTCCAGATCCTAC-1_2",12,"Intermediate"
"TTCTTCCAGGAACTCG-1_2",12,"Activated"
"TTCTTCCAGTAAATGC-1_2",12,"Resting"
"TTCTTCCAGTTCCAGT-1_2",12,"Intermediate"
"TTCTTCCCACAAGCCC-1_2",12,"Activated"
"TTCTTCCCATGCTGCG-1_2",12,"Resting"
"TTCTTCCTCAACTGGT-1_2",12,"Activated"
"TTCTTGACAAGTGTCT-1_2",12,"Intermediate"
"TTCTTGACACATGACT-1_2",12,"Activated"
"TTCTTGACAGTGGTGA-1_2",12,"Activated"
"TTCTTGAGTGATCATC-1_2",12,"Resting"
"TTCTTGAGTGCATCTA-1_2",12,"Resting"
"TTGAACGAGACAACTA-1_2",12,"Treg"
"TTGAACGAGTAACAGT-1_2",12,"Resting"
"TTGAACGCATAAGCAA-1_2",12,"Activated"
"TTGAACGGTTCTCGCT-1_2",12,"Activated"
"TTGAACGTCAAGTAAG-1_2",12,"Intermediate"
"TTGACCCAGAGTCCGA-1_2",12,"Activated"
"TTGACCCCAGACAATA-1_2",12,"Intermediate"
"TTGACCCTCATCGGGC-1_2",12,"Activated"
"TTGAGTGCACGTGAGA-1_2",12,"Intermediate"
"TTGAGTGTCAAGTCTG-1_2",12,"Activated"
"TTGAGTGTCTGGCCAG-1_2",12,"Intermediate"
"TTGATGGTCGGTATGT-1_2",12,"Activated"
"TTGATGGTCTCTGACC-1_2",12,"Activated"
"TTGCATTAGCTTCGTA-1_2",12,"Activated"
"TTGCATTAGGTTGAGC-1_2",12,"Resting"
"TTGCATTGTTTGGGAG-1_2",12,"Activated"
"TTGCATTTCAAGGCTT-1_2",12,"Intermediate"
"TTGCCTGCATGCCGGT-1_2",12,"Intermediate"
"TTGCGTCAGAGCAACC-1_2",12,"Activated"
"TTGCGTCAGGTGGTTG-1_2",12,"Intermediate"
"TTGCGTCAGTGATTCC-1_2",12,"Activated"
"TTGCGTCCAAAGTGTA-1_2",12,"Intermediate"
"TTGCGTCGTACGACTT-1_2",12,"Intermediate"
"TTGCGTCTCGCAATTG-1_2",12,"Resting"
"TTGCTGCAGTGGTTGG-1_2",12,"Activated"
"TTGCTGCGTAATGCTC-1_2",12,"Intermediate"
"TTGCTGCGTACACGCC-1_2",12,"Activated"
"TTGCTGCTCTTCGATT-1_2",12,"Intermediate"
"TTGGATGAGCATCAGG-1_2",12,"Intermediate"
"TTGGATGCACACCTTC-1_2",12,"Activated"
"TTGGATGGTCAAGCGA-1_2",12,"Resting"
"TTGGATGGTTCGGTAT-1_2",12,"Resting"
"TTGGGATAGGAGAGTA-1_2",12,"Activated"
"TTGGGATCAAACCGGA-1_2",12,"Resting"
"TTGGGATGTCTATGAC-1_2",12,"Intermediate"
"TTGGGATGTCTGCAAT-1_2",12,"Intermediate"
"TTGGGATGTGTATCCA-1_2",12,"Intermediate"
"TTGGGATTCACCGACG-1_2",12,"Activated"
"TTGGGATTCCATTCGC-1_2",12,"Activated"
"TTGGGATTCGACGTCG-1_2",12,"Intermediate"
"TTGGGCGAGGTAGATT-1_2",12,"Activated"
"TTGGGCGCAAAGTATG-1_2",12,"Resting"
"TTGGGCGGTAGCTCGC-1_2",12,"Intermediate"
"TTGGGCGGTGGTCTAT-1_2",12,"Resting"
"TTGGGCGGTTCTATCT-1_2",12,"Resting"
"TTGGGCGTCTCCATAT-1_2",12,"Resting"
"TTGGGTAAGAAATTCG-1_2",12,"Activated"
"TTGGGTAAGGACTATA-1_2",12,"Intermediate"
"TTGGGTACACTAGAGG-1_2",12,"Intermediate"
"TTGGTTTTCACGGAGA-1_2",12,"Activated"
"TTGGTTTTCAGGCGAA-1_2",12,"Activated"
"TTGTGGACAAATTGGA-1_2",12,"Activated"
"TTGTGGACAACCCTAA-1_2",12,"Intermediate"
"TTGTGGAGTATCTCTT-1_2",12,"Intermediate"
"TTGTGGAGTTCCGCAG-1_2",12,"Intermediate"
"TTGTGGAGTTTACGAC-1_2",12,"Resting"
"TTGTGGATCAACCGAT-1_2",12,"Activated"
"TTGTGTTAGACCCGCT-1_2",12,"Intermediate"
"TTGTGTTAGATACCAA-1_2",12,"Activated"
"TTGTGTTAGGCTCTCG-1_2",12,"Intermediate"
"TTGTGTTCAAGAGCTG-1_2",12,"Activated"
"TTGTGTTCAAGAGGCT-1_2",12,"Intermediate"
"TTGTGTTCATTGGGAG-1_2",12,"Activated"
"TTGTGTTTCAGACCCG-1_2",12,"Resting"
"TTGTTCACAATGTCAC-1_2",12,"Intermediate"
"TTGTTCACACATGAAA-1_2",12,"Intermediate"
"TTGTTCATCATCAGTG-1_2",12,"Intermediate"
"TTGTTCATCTTCCGTG-1_2",12,"Resting"
"TTGTTGTAGCCTGGAA-1_2",12,"Intermediate"
"TTGTTGTCAAGTGCTT-1_2",12,"Intermediate"
"TTGTTGTCAAGTGGTG-1_2",12,"Activated"
"TTGTTGTCAGGAACCA-1_2",12,"Intermediate"
"TTGTTGTGTACCTGTA-1_2",12,"Resting"
"TTGTTTGAGATAGGGA-1_2",12,"Resting"
"TTGTTTGAGATGGGCT-1_2",12,"Treg"
"TTGTTTGCACGATTCA-1_2",12,"Activated"
"TTGTTTGGTGCTTATG-1_2",12,"Intermediate"
"TTGTTTGTCACTGGTA-1_2",12,"Resting"
"TTGTTTGTCGCATTGA-1_2",12,"Resting"
"TTGTTTGTCGCGTCGA-1_2",12,"Resting"
"TTTACCAAGAATCGAT-1_2",12,"Resting"
"TTTACCAAGACGAAGA-1_2",12,"Intermediate"
"TTTACCAAGGAGTATT-1_2",12,"Resting"
"TTTACCAAGGTGGGTT-1_2",12,"Resting"
"TTTACCAGTTGGCCGT-1_2",12,"Intermediate"
"TTTACCAGTTTCGTAG-1_2",12,"Activated"
"TTTACCATCATGAAAG-1_2",12,"Resting"
"TTTACCATCCGCAACG-1_2",12,"Resting"
"TTTACCATCTCGTGGG-1_2",12,"Resting"
"TTTACCATCTTGATTC-1_2",12,"Resting"
"TTTACGTAGAATCGTA-1_2",12,"Resting"
"TTTACGTAGATTTGCC-1_2",12,"Activated"
"TTTACGTAGCGAAACC-1_2",12,"Intermediate"
"TTTACGTAGTGACACG-1_2",12,"Resting"
"TTTACGTCATGGGATG-1_2",12,"Intermediate"
"TTTACTGAGGTTAGTA-1_2",12,"Intermediate"
"TTTACTGCATGACACT-1_2",12,"Activated"
"TTTACTGTCATTCACT-1_2",12,"Resting"
"TTTAGTCAGATCGGTG-1_2",12,"Activated"
"TTTAGTCCATATGGCT-1_2",12,"Resting"
"TTTAGTCGTCTAACTG-1_2",12,"Resting"
"TTTAGTCTCACTCCGT-1_2",12,"Activated"
"TTTAGTCTCGGTAAGG-1_2",12,"Resting"
"TTTATGCAGAATAGTC-1_2",12,"Intermediate"
"TTTATGCAGACATCCT-1_2",12,"Resting"
"TTTATGCAGGTAGATT-1_2",12,"Intermediate"
"TTTATGCCAGCTATTG-1_2",12,"Intermediate"
"TTTATGCGTTGCCGCA-1_2",12,"Resting"
"TTTCACAAGGCGAACT-1_2",12,"Resting"
"TTTCACACACTTCCTG-1_2",12,"Intermediate"
"TTTCACAGTGCAACGA-1_2",12,"Resting"
"TTTCAGTAGACTAAGT-1_2",12,"Activated"
"TTTCAGTAGCTTCGTA-1_2",12,"Intermediate"
"TTTCAGTAGTATGATG-1_2",12,"Intermediate"
"TTTCAGTAGTCTGCGC-1_2",12,"Resting"
"TTTCAGTCAAGAATAC-1_2",12,"Treg"
"TTTCAGTCACGACAGA-1_2",12,"Resting"
"TTTCAGTCACGGTGTC-1_2",12,"Intermediate"
"TTTCAGTCATCGTGCG-1_2",12,"Resting"
"TTTCAGTTCGAGCCAC-1_2",12,"Intermediate"
"TTTCATGAGTATGAAC-1_2",12,"Intermediate"
"TTTCATGGTAGATTAG-1_2",12,"Activated"
"TTTCATGGTGAGATTA-1_2",12,"Activated"
"TTTCCTCAGCAATAAC-1_2",12,"Intermediate"
"TTTCCTCAGCCTCACG-1_2",12,"Resting"
"TTTCCTCCACAATGTC-1_2",12,"Activated"
"TTTCCTCCACGGCGTT-1_2",12,"Activated"
"TTTCCTCGTATGAGGC-1_2",12,"Activated"
"TTTCCTCTCAAACGTC-1_2",12,"Intermediate"
"TTTCGATAGACAGTCG-1_2",12,"Resting"
"TTTCGATAGCTAGCCC-1_2",12,"Intermediate"
"TTTCGATGTAAGACCG-1_2",12,"Activated"
"TTTCGATGTCTCGGGT-1_2",12,"Intermediate"
"TTTCGATTCCATTCGC-1_2",12,"Resting"
"TTTCGATTCTGAGAGG-1_2",12,"Activated"
"TTTGACTCAAACACGG-1_2",12,"Intermediate"
"TTTGACTCACCTGCAG-1_2",12,"Intermediate"
"TTTGACTCACGCAGTC-1_2",12,"Activated"
"TTTGACTTCCAACTAG-1_2",12,"Activated"
"TTTGATCAGTAAACGT-1_2",12,"Intermediate"
"TTTGATCAGTCTCGTA-1_2",12,"Activated"
"TTTGATCGTACTCAAC-1_2",12,"Activated"
"TTTGATCGTTGCATGT-1_2",12,"Resting"
"TTTGATCTCAATCCAG-1_2",12,"Resting"
"TTTGATCTCGCCGAAC-1_2",12,"Activated"
"TTTGATCTCTGGGTCG-1_2",12,"Activated"
"TTTGGAGCACGCCAGT-1_2",12,"Activated"
"TTTGGAGGTGTTTACG-1_2",12,"Intermediate"
"TTTGGTTAGAAGCGGG-1_2",12,"Resting"
"TTTGGTTCAACCGTGC-1_2",12,"Resting"
"TTTGGTTCACCAAAGG-1_2",12,"Resting"
"TTTGGTTGTATAGCTC-1_2",12,"Resting"
"TTTGGTTGTCAAACGG-1_2",12,"Intermediate"
"TTTGGTTGTGTATACC-1_2",12,"Intermediate"
"TTTGTTGAGTAAGACT-1_2",12,"Activated"
"TTTGTTGCACGGAAGT-1_2",12,"Intermediate"
"TTTGTTGTCTACTGCC-1_2",12,"Activated"
"AAACCCAAGCTTCTAG-1_3",24,"Resting"
"AAACCCAAGGTGGGTT-1_3",24,"Intermediate"
"AAACCCACAATCGCGC-1_3",24,"Resting"
"AAACCCACACCTGCTT-1_3",24,"Activated"
"AAACCCACAGCCTATA-1_3",24,"Intermediate"
"AAACCCAGTTTGGAAA-1_3",24,"Intermediate"
"AAACCCATCAAGCTGT-1_3",24,"Intermediate"
"AAACCCATCACCTGGG-1_3",24,"Resting"
"AAACCCATCTGCTTTA-1_3",24,"Intermediate"
"AAACGAAAGAGTGGCT-1_3",24,"Intermediate"
"AAACGAAAGGCTCTCG-1_3",24,"Activated"
"AAACGAACACAGTCGC-1_3",24,"Activated"
"AAACGAAGTGCCCACA-1_3",24,"Intermediate"
"AAACGAATCATTCTTG-1_3",24,"Activated"
"AAACGAATCCCAATAG-1_3",24,"Resting"
"AAACGCTCAAGACGAC-1_3",24,"Resting"
"AAACGCTGTTACACTG-1_3",24,"Treg"
"AAAGAACAGCAGCACA-1_3",24,"Activated"
"AAAGAACTCACCGCTT-1_3",24,"Intermediate"
"AAAGAACTCGATGCTA-1_3",24,"Intermediate"
"AAAGGATAGCTTTGTG-1_3",24,"Intermediate"
"AAAGGATAGGAGTACC-1_3",24,"Intermediate"
"AAAGGATAGTAGAGTT-1_3",24,"Resting"
"AAAGGATGTTCTCCTG-1_3",24,"Intermediate"
"AAAGGATTCCAACTGA-1_3",24,"Intermediate"
"AAAGGATTCCATCCGT-1_3",24,"Intermediate"
"AAAGGGCAGATAGCAT-1_3",24,"Intermediate"
"AAAGGGCAGTCCGCCA-1_3",24,"Activated"
"AAAGGGCGTCTGATAC-1_3",24,"Intermediate"
"AAAGGGCGTTCCACAA-1_3",24,"Intermediate"
"AAAGGGCTCGACGCGT-1_3",24,"Intermediate"
"AAAGGTAAGGACTAAT-1_3",24,"Intermediate"
"AAAGGTACACAGCGCT-1_3",24,"Treg"
"AAAGGTACAGTGCGCT-1_3",24,"Resting"
"AAAGGTACATAGGCGA-1_3",24,"Intermediate"
"AAAGGTAGTCTAGTGT-1_3",24,"Resting"
"AAAGGTATCAAATGCC-1_3",24,"Activated"
"AAAGGTATCATCGACA-1_3",24,"Activated"
"AAAGGTATCGGACTTA-1_3",24,"Intermediate"
"AAAGGTATCTCACGAA-1_3",24,"Intermediate"
"AAAGGTATCTCAGGCG-1_3",24,"Activated"
"AAAGTCCAGAGCTTTC-1_3",24,"Intermediate"
"AAAGTCCAGCCTTGAT-1_3",24,"Treg"
"AAAGTCCCAACCAGAG-1_3",24,"Intermediate"
"AAAGTCCCACAGTATC-1_3",24,"Intermediate"
"AAAGTCCGTCTGTTAG-1_3",24,"Intermediate"
"AAAGTGAAGCACGTCC-1_3",24,"Intermediate"
"AAAGTGAAGGAAACGA-1_3",24,"Intermediate"
"AAAGTGAAGTCGAATA-1_3",24,"Activated"
"AAAGTGACAAGAGCTG-1_3",24,"Resting"
"AAAGTGACAATACCTG-1_3",24,"Resting"
"AAAGTGACAGGTTACT-1_3",24,"Intermediate"
"AAAGTGATCACTCCGT-1_3",24,"Resting"
"AAATGGAAGCCTGAGA-1_3",24,"Intermediate"
"AAATGGAAGGCATCAG-1_3",24,"Activated"
"AAATGGACAATTTCTC-1_3",24,"Intermediate"
"AAATGGACAGTGTATC-1_3",24,"Activated"
"AAATGGACATGACTGT-1_3",24,"Resting"
"AAATGGAGTACGTGTT-1_3",24,"Intermediate"
"AAATGGAGTCGAACAG-1_3",24,"Intermediate"
"AAATGGAGTGGATACG-1_3",24,"Resting"
"AAATGGAGTGGTATGG-1_3",24,"Resting"
"AAATGGAGTTTATGCG-1_3",24,"Activated"
"AAATGGATCCAAATGC-1_3",24,"Activated"
"AACAAAGAGTACTCGT-1_3",24,"Intermediate"
"AACAAAGAGTTGTAGA-1_3",24,"Intermediate"
"AACAAAGCAACAAGTA-1_3",24,"Activated"
"AACAAAGCAAGAGTGC-1_3",24,"Resting"
"AACAAAGCACTCTGCT-1_3",24,"Intermediate"
"AACAACCAGATCGCCC-1_3",24,"Intermediate"
"AACAACCAGCAACAAT-1_3",24,"Activated"
"AACAACCAGCCGTTGC-1_3",24,"Resting"
"AACAACCCATGACACT-1_3",24,"Intermediate"
"AACAACCGTCTATGAC-1_3",24,"Activated"
"AACAACCTCGATCCAA-1_3",24,"Activated"
"AACAAGAAGCAACAGC-1_3",24,"Intermediate"
"AACAAGACAACAGCCC-1_3",24,"Resting"
"AACAAGACACCGTACG-1_3",24,"Activated"
"AACAAGACATCGCTCT-1_3",24,"Intermediate"
"AACAAGAGTAGGATAT-1_3",24,"Intermediate"
"AACAAGAGTCGTATGT-1_3",24,"Intermediate"
"AACAAGAGTGCCTGCA-1_3",24,"Intermediate"
"AACAAGATCTTAAGGC-1_3",24,"Intermediate"
"AACACACAGAGCAGCT-1_3",24,"Intermediate"
"AACACACAGCGTATAA-1_3",24,"Activated"
"AACACACAGTAAACAC-1_3",24,"Activated"
"AACACACAGTCTAACC-1_3",24,"Resting"
"AACACACCAAGGTCTT-1_3",24,"Intermediate"
"AACACACCACCGAATT-1_3",24,"Activated"
"AACACACCAGCGTATT-1_3",24,"Intermediate"
"AACACACGTACCTAGT-1_3",24,"Intermediate"
"AACAGGGAGGAGATAG-1_3",24,"Intermediate"
"AACAGGGCAACCAACT-1_3",24,"Activated"
"AACAGGGCAATCAGCT-1_3",24,"Intermediate"
"AACAGGGCACCGGCTA-1_3",24,"Activated"
"AACAGGGGTAGACGTG-1_3",24,"Resting"
"AACAGGGTCAAGCCGC-1_3",24,"Intermediate"
"AACAGGGTCTCATGCC-1_3",24,"Activated"
"AACCAACAGCGACATG-1_3",24,"Intermediate"
"AACCAACCAGCATGCC-1_3",24,"Resting"
"AACCAACCAGGCTCTG-1_3",24,"Intermediate"
"AACCAACCATTGTGCA-1_3",24,"Intermediate"
"AACCAACGTCACATTG-1_3",24,"Intermediate"
"AACCAACGTGCATTTG-1_3",24,"Intermediate"
"AACCAACGTGGACTAG-1_3",24,"Activated"
"AACCAACTCAACTCTT-1_3",24,"Activated"
"AACCAACTCTAGTGTG-1_3",24,"Intermediate"
"AACCACAAGAGTATAC-1_3",24,"Intermediate"
"AACCACACAAGTGCTT-1_3",24,"Resting"
"AACCACACAATTGCAC-1_3",24,"Intermediate"
"AACCACACAGGCAATG-1_3",24,"Intermediate"
"AACCACACATCTAACG-1_3",24,"Intermediate"
"AACCACAGTATACCTG-1_3",24,"Activated"
"AACCACAGTCAAGCCC-1_3",24,"Activated"
"AACCACATCAGCTAGT-1_3",24,"Intermediate"
"AACCACATCATCCCGT-1_3",24,"Intermediate"
"AACCACATCCCAACTC-1_3",24,"Intermediate"
"AACCACATCCCGGTAG-1_3",24,"Activated"
"AACCATGAGAAGATCT-1_3",24,"Resting"
"AACCATGCATGCGTGC-1_3",24,"Intermediate"
"AACCATGCATTCTTCA-1_3",24,"Resting"
"AACCATGGTACGATGG-1_3",24,"Intermediate"
"AACCATGGTTATTCTC-1_3",24,"Intermediate"
"AACCATGTCATAGAGA-1_3",24,"Intermediate"
"AACCCAAAGACCAAAT-1_3",24,"Intermediate"
"AACCCAAAGGTAAGTT-1_3",24,"Intermediate"
"AACCCAACAAGGATGC-1_3",24,"Activated"
"AACCCAAGTACGGGAT-1_3",24,"Intermediate"
"AACCCAAGTGCAATGG-1_3",24,"Intermediate"
"AACCTGAAGCGGTAAC-1_3",24,"Resting"
"AACCTGAAGGAACTAT-1_3",24,"Intermediate"
"AACCTGAAGGCACAAC-1_3",24,"Resting"
"AACCTGACAAGATGTA-1_3",24,"Intermediate"
"AACCTGACAAGCTGCC-1_3",24,"Intermediate"
"AACCTGACAGACAAAT-1_3",24,"Intermediate"
"AACCTGACATCGTGCG-1_3",24,"Intermediate"
"AACCTGAGTACTCCCT-1_3",24,"Intermediate"
"AACCTGAGTGGATCGA-1_3",24,"Intermediate"
"AACCTGATCTCGTGGG-1_3",24,"Treg"
"AACCTTTCAATAGGAT-1_3",24,"Activated"
"AACCTTTCAATGTTGC-1_3",24,"Intermediate"
"AACCTTTCACACGGAA-1_3",24,"Activated"
"AACCTTTCAGAGCCCT-1_3",24,"Intermediate"
"AACCTTTGTGGAAATT-1_3",24,"Intermediate"
"AACCTTTGTTGACTGT-1_3",24,"Resting"
"AACCTTTTCCGCAGTG-1_3",24,"Intermediate"
"AACGAAAAGACTAAGT-1_3",24,"Resting"
"AACGAAAAGGCAATGC-1_3",24,"Resting"
"AACGAAAAGTTAACAG-1_3",24,"Activated"
"AACGAAACAGATCCTA-1_3",24,"Intermediate"
"AACGAAAGTGGTAACG-1_3",24,"Treg"
"AACGAAATCGCCACTT-1_3",24,"Resting"
"AACGGGAAGCCATTGT-1_3",24,"Activated"
"AACGGGACAACTCGTA-1_3",24,"Intermediate"
"AACGGGACACGCGGTT-1_3",24,"Intermediate"
"AACGGGACAGCCATTA-1_3",24,"Intermediate"
"AACGGGAGTTGCTCGG-1_3",24,"Intermediate"
"AACGTCACACAGTGTT-1_3",24,"Intermediate"
"AACGTCACAGGTCAGA-1_3",24,"Intermediate"
"AACGTCAGTTCGATTG-1_3",24,"Intermediate"
"AACGTCATCCGATAAC-1_3",24,"Activated"
"AACGTCATCTTTGATC-1_3",24,"Intermediate"
"AACTTCTAGCGGTATG-1_3",24,"Activated"
"AACTTCTAGGTTCACT-1_3",24,"Activated"
"AACTTCTCAACCGCTG-1_3",24,"Intermediate"
"AACTTCTGTCAAAGCG-1_3",24,"Resting"
"AACTTCTGTCCAGCCA-1_3",24,"Intermediate"
"AACTTCTTCTGAATCG-1_3",24,"Resting"
"AACTTCTTCTGCATAG-1_3",24,"Activated"
"AAGAACAAGAGACAAG-1_3",24,"Intermediate"
"AAGAACACAGAATGTA-1_3",24,"Resting"
"AAGAACAGTCCAAAGG-1_3",24,"Resting"
"AAGAACATCATTATCC-1_3",24,"Resting"
"AAGACAAAGTCCTGTA-1_3",24,"Activated"
"AAGACAACACCAGTAT-1_3",24,"Intermediate"
"AAGACAACAGATCCTA-1_3",24,"Resting"
"AAGACAATCGACGCGT-1_3",24,"Resting"
"AAGACTCAGGACAGCT-1_3",24,"Resting"
"AAGACTCAGTGCCCGT-1_3",24,"Intermediate"
"AAGACTCCAATTGAGA-1_3",24,"Intermediate"
"AAGACTCCACCCAAGC-1_3",24,"Intermediate"
"AAGACTCCATTACGGT-1_3",24,"Resting"
"AAGACTCGTCCGATCG-1_3",24,"Activated"
"AAGACTCTCTTTACAC-1_3",24,"Intermediate"
"AAGATAGAGAGCCTGA-1_3",24,"Intermediate"
"AAGATAGAGGCCCACT-1_3",24,"Activated"
"AAGATAGAGTTCCAGT-1_3",24,"Intermediate"
"AAGATAGCAAGAGGTC-1_3",24,"Intermediate"
"AAGATAGCATAGAGGC-1_3",24,"Resting"
"AAGATAGGTCGTATTG-1_3",24,"Resting"
"AAGATAGGTTTATGCG-1_3",24,"Intermediate"
"AAGATAGTCAGGAAAT-1_3",24,"Intermediate"
"AAGCATCAGGCCCGTT-1_3",24,"Intermediate"
"AAGCATCCACAATGAA-1_3",24,"Activated"
"AAGCATCCAGATGCGA-1_3",24,"Intermediate"
"AAGCATCCATAATGCC-1_3",24,"Activated"
"AAGCATCCATCATCCC-1_3",24,"Intermediate"
"AAGCATCGTTAAACCC-1_3",24,"Activated"
"AAGCATCTCATGCCCT-1_3",24,"Intermediate"
"AAGCCATCAACTTCTT-1_3",24,"Resting"
"AAGCCATGTACGCTTA-1_3",24,"Treg"
"AAGCCATTCGTGTCAA-1_3",24,"Intermediate"
"AAGCGAGCATCACAGT-1_3",24,"Intermediate"
"AAGCGAGGTTAGCTAC-1_3",24,"Activated"
"AAGCGAGGTTCACCGG-1_3",24,"Activated"
"AAGCGAGTCCCTTCCC-1_3",24,"Resting"
"AAGCGTTAGCGCCCAT-1_3",24,"Intermediate"
"AAGCGTTAGTGAACAT-1_3",24,"Resting"
"AAGCGTTCACGTATAC-1_3",24,"Resting"
"AAGCGTTGTTCTGACA-1_3",24,"Activated"
"AAGCGTTGTTGTCTAG-1_3",24,"Resting"
"AAGCGTTTCCACCCTA-1_3",24,"Intermediate"
"AAGCGTTTCTCTAAGG-1_3",24,"Intermediate"
"AAGGAATCAACACTAC-1_3",24,"Intermediate"
"AAGGAATGTATTGAGA-1_3",24,"Intermediate"
"AAGGAATGTCTCTCTG-1_3",24,"Intermediate"
"AAGGAATTCCTGGGTG-1_3",24,"Activated"
"AAGGAATTCGTCCTTG-1_3",24,"Intermediate"
"AAGGTAAAGAGCAGAA-1_3",24,"Activated"
"AAGGTAAAGCGTTACT-1_3",24,"Intermediate"
"AAGGTAAAGTATAACG-1_3",24,"Intermediate"
"AAGGTAAAGTGTACCT-1_3",24,"Resting"
"AAGGTAACACCAGTAT-1_3",24,"Intermediate"
"AAGGTAACATGAGTAA-1_3",24,"Intermediate"
"AAGGTAAGTGGAAATT-1_3",24,"Intermediate"
"AAGGTAAGTTAACAGA-1_3",24,"Intermediate"
"AAGGTAAGTTAGCTAC-1_3",24,"Intermediate"
"AAGGTAATCCCGAACG-1_3",24,"Activated"
"AAGGTAATCTGCATAG-1_3",24,"Intermediate"
"AAGTACCAGACGATAT-1_3",24,"Intermediate"
"AAGTACCAGCTGAAAT-1_3",24,"Intermediate"
"AAGTACCGTAAGGCTG-1_3",24,"Intermediate"
"AAGTACCGTGTCATTG-1_3",24,"Intermediate"
"AAGTACCGTTATAGAG-1_3",24,"Treg"
"AAGTACCTCTACGGGC-1_3",24,"Intermediate"
"AAGTCGTAGGAACGTC-1_3",24,"Intermediate"
"AAGTCGTCACACCTAA-1_3",24,"Intermediate"
"AAGTCGTCACAGTCAT-1_3",24,"Activated"
"AAGTCGTCACCAGCTG-1_3",24,"Resting"
"AAGTCGTGTTCAAGTC-1_3",24,"Intermediate"
"AAGTCGTTCCGATAAC-1_3",24,"Resting"
"AAGTCGTTCCGCAAAT-1_3",24,"Intermediate"
"AAGTCGTTCGCTCATC-1_3",24,"Intermediate"
"AAGTGAAAGCGCCATC-1_3",24,"Intermediate"
"AAGTGAACACAGCATT-1_3",24,"Intermediate"
"AAGTGAAGTATCCTTT-1_3",24,"Intermediate"
"AAGTGAAGTTGTGCCG-1_3",24,"Intermediate"
"AAGTTCGCAAAGCAAT-1_3",24,"Intermediate"
"AAGTTCGCAAGTGGCA-1_3",24,"Treg"
"AAGTTCGCACGCAGTC-1_3",24,"Intermediate"
"AAGTTCGCAGCTACAT-1_3",24,"Intermediate"
"AAGTTCGCAGCTGTCG-1_3",24,"Intermediate"
"AAGTTCGCATGGCACC-1_3",24,"Resting"
"AAGTTCGGTCGAATGG-1_3",24,"Intermediate"
"AAGTTCGGTGGCTTAT-1_3",24,"Intermediate"
"AAGTTCGTCCCTCGAT-1_3",24,"Intermediate"
"AAGTTCGTCTATCGTT-1_3",24,"Intermediate"
"AATAGAGTCGAGATGG-1_3",24,"Intermediate"
"AATCACGAGACCCGCT-1_3",24,"Intermediate"
"AATCACGAGTGCTCAT-1_3",24,"Activated"
"AATCACGCAACGACAG-1_3",24,"Resting"
"AATCACGGTACTCCCT-1_3",24,"Intermediate"
"AATCACGGTGACAGGT-1_3",24,"Treg"
"AATCACGGTGTCATTG-1_3",24,"Intermediate"
"AATCGACAGCAACCAG-1_3",24,"Intermediate"
"AATCGACCAGATACCT-1_3",24,"Intermediate"
"AATCGACCAGGGACTA-1_3",24,"Intermediate"
"AATCGACGTAGTATAG-1_3",24,"Activated"
"AATCGACGTGAGTAAT-1_3",24,"Intermediate"
"AATCGACTCCGTTGGG-1_3",24,"Intermediate"
"AATCGACTCTCCGAAA-1_3",24,"Intermediate"
"AATCGACTCTTAATCC-1_3",24,"Intermediate"
"AATCGTGGTAAGGCTG-1_3",24,"Intermediate"
"AATCGTGGTACGGATG-1_3",24,"Intermediate"
"AATCGTGGTAGCGAGT-1_3",24,"Activated"
"AATCGTGTCGCTGCGA-1_3",24,"Intermediate"
"AATGAAGAGACCGCCT-1_3",24,"Resting"
"AATGAAGAGAGGTGCT-1_3",24,"Resting"
"AATGAAGAGTCTTCGA-1_3",24,"Intermediate"
"AATGAAGCAAACCGGA-1_3",24,"Intermediate"
"AATGAAGCACCCAAGC-1_3",24,"Resting"
"AATGAAGCATGTGGCC-1_3",24,"Activated"
"AATGAAGGTGAGACGT-1_3",24,"Intermediate"
"AATGACCAGAACGCGT-1_3",24,"Intermediate"
"AATGACCAGATACTGA-1_3",24,"Intermediate"
"AATGACCCAAGGACAC-1_3",24,"Resting"
"AATGACCCATCACCAA-1_3",24,"Resting"
"AATGACCGTAGCGAGT-1_3",24,"Intermediate"
"AATGACCGTAGCTGAG-1_3",24,"Activated"
"AATGACCTCGTCCATC-1_3",24,"Resting"
"AATGCCAAGAACCGCA-1_3",24,"Intermediate"
"AATGCCAAGAAGGATG-1_3",24,"Intermediate"
"AATGCCAAGGGCAGGA-1_3",24,"Activated"
"AATGCCAAGTCGGGAT-1_3",24,"Intermediate"
"AATGCCAAGTGATTCC-1_3",24,"Intermediate"
"AATGCCACAGTCAGTT-1_3",24,"Intermediate"
"AATGCCACATCGCCTT-1_3",24,"Activated"
"AATGCCAGTAACCCGC-1_3",24,"Intermediate"
"AATGCCAGTTGCGGCT-1_3",24,"Resting"
"AATGCCATCACAATGC-1_3",24,"Intermediate"
"AATGGAACACGAAGAC-1_3",24,"Intermediate"
"AATGGAAGTATGACAA-1_3",24,"Resting"
"AATGGAAGTCAGGTGA-1_3",24,"Intermediate"
"AATGGAAGTCTAGGTT-1_3",24,"Intermediate"
"AATGGAAGTGAACTAA-1_3",24,"Resting"
"AATGGAAGTTTGGGAG-1_3",24,"Intermediate"
"AATGGAATCCGAGCTG-1_3",24,"Intermediate"
"AATGGCTAGAGCTGAC-1_3",24,"Activated"
"AATGGCTAGCAATTAG-1_3",24,"Activated"
"AATGGCTAGCCGAATG-1_3",24,"Resting"
"AATGGCTCAGACCGCT-1_3",24,"Activated"
"AATGGCTGTATCGCAT-1_3",24,"Activated"
"AATGGCTGTCATCAGT-1_3",24,"Intermediate"
"AATGGCTTCAACGCTA-1_3",24,"Intermediate"
"AATGGCTTCAGACCGC-1_3",24,"Intermediate"
"AATGGCTTCGATGCAT-1_3",24,"Resting"
"AATGGCTTCTAGTGTG-1_3",24,"Resting"
"AATTCCTTCTCTTGCG-1_3",24,"Intermediate"
"AATTTCCAGACATACA-1_3",24,"Activated"
"AATTTCCAGTCTGGTT-1_3",24,"Activated"
"AATTTCCTCCCATAAG-1_3",24,"Activated"
"AATTTCCTCGAATGCT-1_3",24,"Intermediate"
"AATTTCCTCTCCTGTG-1_3",24,"Intermediate"
"ACAAAGACACTAGGTT-1_3",24,"Activated"
"ACAAAGACAGATAAAC-1_3",24,"Resting"
"ACAAAGAGTTAAGTCC-1_3",24,"Activated"
"ACAAAGAGTTATAGAG-1_3",24,"Activated"
"ACAAAGAGTTTCCAAG-1_3",24,"Activated"
"ACAACCACAGAGTCAG-1_3",24,"Activated"
"ACAACCAGTATTTCGG-1_3",24,"Activated"
"ACAACCAGTTTGGGAG-1_3",24,"Resting"
"ACAACCATCATCTACT-1_3",24,"Resting"
"ACAACCATCATTGCTT-1_3",24,"Activated"
"ACAACCATCGATGGAG-1_3",24,"Activated"
"ACAAGCTAGCATGAAT-1_3",24,"Intermediate"
"ACAAGCTAGGTGGCTA-1_3",24,"Activated"
"ACAAGCTCAAACAGGC-1_3",24,"Activated"
"ACAAGCTGTAGTTCCA-1_3",24,"Activated"
"ACAAGCTTCGTAACTG-1_3",24,"Activated"
"ACAAGCTTCTCTGGTC-1_3",24,"Intermediate"
"ACACAGTAGGATACCG-1_3",24,"Activated"
"ACACAGTGTATACGGG-1_3",24,"Resting"
"ACACAGTTCTTCCGTG-1_3",24,"Intermediate"
"ACACCAAAGCACGATG-1_3",24,"Activated"
"ACACCAAAGCGTTAGG-1_3",24,"Resting"
"ACACCAAAGGAGAGTA-1_3",24,"Intermediate"
"ACACCAACAGAGCTAG-1_3",24,"Resting"
"ACACCAAGTGAAGCGT-1_3",24,"Intermediate"
"ACACGCGAGAAGGCTC-1_3",24,"Intermediate"
"ACACGCGAGTTCCTGA-1_3",24,"Resting"
"ACACGCGGTAAGATAC-1_3",24,"Intermediate"
"ACACGCGTCACTGGGC-1_3",24,"Activated"
"ACACGCGTCTAGACAC-1_3",24,"Intermediate"
"ACACGCGTCTGATTCT-1_3",24,"Intermediate"
"ACACTGACAACAGAGC-1_3",24,"Resting"
"ACACTGACAGAACGCA-1_3",24,"Resting"
"ACACTGACATCGTCCT-1_3",24,"Activated"
"ACACTGAGTACCTTCC-1_3",24,"Intermediate"
"ACAGAAAAGGCATTTC-1_3",24,"Intermediate"
"ACAGAAACATCGCTGG-1_3",24,"Resting"
"ACAGAAATCTGTCGCT-1_3",24,"Treg"
"ACAGAAATCTTACGGA-1_3",24,"Resting"
"ACAGCCGAGACTTCAC-1_3",24,"Activated"
"ACAGCCGAGGTATCTC-1_3",24,"Activated"
"ACAGCCGAGTAAGACT-1_3",24,"Intermediate"
"ACAGCCGCAATTGAAG-1_3",24,"Intermediate"
"ACAGCCGCACCAGTTA-1_3",24,"Intermediate"
"ACAGCCGCAGGAGGTT-1_3",24,"Intermediate"
"ACAGCCGCAGTCTGGC-1_3",24,"Resting"
"ACAGCCGGTATCGTAC-1_3",24,"Intermediate"
"ACAGCCGTCAGCTTGA-1_3",24,"Activated"
"ACAGCCGTCCAGCCTT-1_3",24,"Resting"
"ACAGGGAAGCGAGTAC-1_3",24,"Intermediate"
"ACAGGGACAACAACAA-1_3",24,"Resting"
"ACAGGGAGTTCCGCAG-1_3",24,"Activated"
"ACAGGGATCCCATACC-1_3",24,"Activated"
"ACAGGGATCGGATACT-1_3",24,"Resting"
"ACATCCCCAGACCAGA-1_3",24,"Activated"
"ACATCCCCAGAGTCAG-1_3",24,"Resting"
"ACATCCCGTAGGCAGT-1_3",24,"Intermediate"
"ACATCCCGTTACGCCG-1_3",24,"Activated"
"ACATCCCTCCGTTGGG-1_3",24,"Activated"
"ACATCCCTCTCTTAAC-1_3",24,"Treg"
"ACATCGAAGCGCCTAC-1_3",24,"Resting"
"ACATCGACAAGTGATA-1_3",24,"Activated"
"ACATCGACAAGTTCGT-1_3",24,"Intermediate"
"ACATCGACACGCTATA-1_3",24,"Activated"
"ACATCGACAGTCGGTC-1_3",24,"Activated"
"ACATCGAGTGGAGAAA-1_3",24,"Resting"
"ACATCGATCTGCTAGA-1_3",24,"Activated"
"ACATGCAAGGTTCACT-1_3",24,"Intermediate"
"ACATGCACAATGGCCC-1_3",24,"Intermediate"
"ACATGCACAGCATACT-1_3",24,"Resting"
"ACATGCAGTAGGAGTC-1_3",24,"Treg"
"ACATGCATCCACGTAA-1_3",24,"Resting"
"ACATGCATCGCTTACC-1_3",24,"Intermediate"
"ACATGCATCTACTGCC-1_3",24,"Intermediate"
"ACATTTCAGATCGCTT-1_3",24,"Activated"
"ACATTTCAGATTGGGC-1_3",24,"Resting"
"ACATTTCAGCGAACTG-1_3",24,"Intermediate"
"ACATTTCAGTGCACTT-1_3",24,"Intermediate"
"ACATTTCCACTCCGAG-1_3",24,"Activated"
"ACATTTCCAGAAATCA-1_3",24,"Treg"
"ACATTTCGTAGGAGGG-1_3",24,"Intermediate"
"ACATTTCGTATGTCTG-1_3",24,"Activated"
"ACCAAACAGCCTATTG-1_3",24,"Intermediate"
"ACCAAACAGTAGGAAG-1_3",24,"Intermediate"
"ACCAAACCAATAGTCC-1_3",24,"Intermediate"
"ACCAAACCACGACCTG-1_3",24,"Intermediate"
"ACCAAACGTCCTGTCT-1_3",24,"Intermediate"
"ACCAACACAAACCATC-1_3",24,"Resting"
"ACCAACACAAGCTGCC-1_3",24,"Intermediate"
"ACCAACAGTAAGGTCG-1_3",24,"Intermediate"
"ACCAACAGTCAAGGCA-1_3",24,"Intermediate"
"ACCACAAAGAAGAGCA-1_3",24,"Intermediate"
"ACCACAAAGTGGAAGA-1_3",24,"Activated"
"ACCACAACACCAGGTC-1_3",24,"Intermediate"
"ACCACAACACTGCATA-1_3",24,"Activated"
"ACCACAACAGTACTAC-1_3",24,"Intermediate"
"ACCACAAGTAATGCTC-1_3",24,"Intermediate"
"ACCACAAGTTGAGGAC-1_3",24,"Activated"
"ACCATTTAGAACAGGA-1_3",24,"Intermediate"
"ACCATTTAGGGACAGG-1_3",24,"Intermediate"
"ACCATTTAGTGGCAGT-1_3",24,"Activated"
"ACCATTTCACAACGAG-1_3",24,"Resting"
"ACCATTTCACGAGGTA-1_3",24,"Intermediate"
"ACCATTTTCAAGAATG-1_3",24,"Intermediate"
"ACCCAAAAGAATCGAT-1_3",24,"Intermediate"
"ACCCAAAAGCCTCGTG-1_3",24,"Intermediate"
"ACCCAAAAGCGATCGA-1_3",24,"Resting"
"ACCCAAACAAGAGTAT-1_3",24,"Activated"
"ACCCAAAGTCTGATCA-1_3",24,"Intermediate"
"ACCCAAATCAATCTTC-1_3",24,"Resting"
"ACCCAAATCTTCGTGC-1_3",24,"Activated"
"ACCCTCAAGACATAAC-1_3",24,"Activated"
"ACCCTCAAGATGACCG-1_3",24,"Intermediate"
"ACCCTCAAGCTCTGTA-1_3",24,"Resting"
"ACCCTCACAGAGGGTT-1_3",24,"Intermediate"
"ACCCTCAGTCCCTGTT-1_3",24,"Intermediate"
"ACCCTCAGTCGAACGA-1_3",24,"Resting"
"ACCCTCAGTGAGTTGG-1_3",24,"Intermediate"
"ACCCTTGAGAACTTCC-1_3",24,"Intermediate"
"ACCCTTGAGCCAAGGT-1_3",24,"Intermediate"
"ACCCTTGAGGCTCAAG-1_3",24,"Activated"
"ACCCTTGCAAGTTGGG-1_3",24,"Intermediate"
"ACCCTTGCAGAGCTAG-1_3",24,"Activated"
"ACCCTTGCAGTCACGC-1_3",24,"Intermediate"
"ACCCTTGGTAGACAAT-1_3",24,"Activated"
"ACCCTTGTCAACTTTC-1_3",24,"Resting"
"ACCCTTGTCGACCACG-1_3",24,"Resting"
"ACCGTTCAGAGGCGGA-1_3",24,"Activated"
"ACCGTTCCAATGCAAA-1_3",24,"Intermediate"
"ACCGTTCCACACCAGC-1_3",24,"Activated"
"ACCGTTCCATGCGTGC-1_3",24,"Activated"
"ACCGTTCGTAGACGTG-1_3",24,"Activated"
"ACCGTTCTCTCGCTCA-1_3",24,"Resting"
"ACCTACCAGCCATTCA-1_3",24,"Resting"
"ACCTACCAGGTCTGGA-1_3",24,"Intermediate"
"ACCTACCCACGTATAC-1_3",24,"Intermediate"
"ACCTACCCAGGTTCCG-1_3",24,"Resting"
"ACCTACCTCCCGAACG-1_3",24,"Intermediate"
"ACCTACCTCCCGTGAG-1_3",24,"Resting"
"ACCTGAAAGCAATAAC-1_3",24,"Resting"
"ACCTGAAAGCTAGAAT-1_3",24,"Activated"
"ACCTGAAAGGTGCTTT-1_3",24,"Intermediate"
"ACCTGAACAAAGTATG-1_3",24,"Activated"
"ACCTGAACAAGAGGTC-1_3",24,"Intermediate"
"ACCTGAACAGACCGCT-1_3",24,"Intermediate"
"ACCTGAACATACCACA-1_3",24,"Intermediate"
"ACCTGAAGTGACGCCT-1_3",24,"Resting"
"ACCTGAATCCTAGCTC-1_3",24,"Resting"
"ACCTGAATCTGCGGAC-1_3",24,"Resting"
"ACCTGTCAGAAATTCG-1_3",24,"Intermediate"
"ACCTGTCAGCAGTCTT-1_3",24,"Activated"
"ACCTGTCAGCTAAACA-1_3",24,"Intermediate"
"ACCTGTCCAGGACGAT-1_3",24,"Activated"
"ACCTGTCGTATGAGAT-1_3",24,"Activated"
"ACCTGTCGTGCCGTTG-1_3",24,"Activated"
"ACCTGTCTCGTTGTTT-1_3",24,"Intermediate"
"ACGATCAAGCCTGCCA-1_3",24,"Resting"
"ACGATCAAGGGTAATT-1_3",24,"Intermediate"
"ACGATCACAAAGGGCT-1_3",24,"Activated"
"ACGATCACACTGATTG-1_3",24,"Resting"
"ACGATCACATGAGAAT-1_3",24,"Resting"
"ACGATCAGTGCCTGAC-1_3",24,"Resting"
"ACGATCAGTTAAGAAC-1_3",24,"Treg"
"ACGATCAGTTGTTGAC-1_3",24,"Intermediate"
"ACGATCATCAACTGGT-1_3",24,"Intermediate"
"ACGATCATCACTACTT-1_3",24,"Resting"
"ACGATCATCCAAATGC-1_3",24,"Intermediate"
"ACGATCATCTGAGGTT-1_3",24,"Intermediate"
"ACGATGTAGATGCTGG-1_3",24,"Resting"
"ACGATGTAGCAACCAG-1_3",24,"Intermediate"
"ACGATGTAGCACTTTG-1_3",24,"Intermediate"
"ACGATGTAGCCGAACA-1_3",24,"Intermediate"
"ACGATGTAGCGGGTAT-1_3",24,"Activated"
"ACGATGTAGGGAGGCA-1_3",24,"Activated"
"ACGATGTCACAAATGA-1_3",24,"Intermediate"
"ACGATGTCATCATTTC-1_3",24,"Resting"
"ACGATGTGTACGCTTA-1_3",24,"Intermediate"
"ACGATGTGTGATTGGG-1_3",24,"Activated"
"ACGCACGAGATTGAGT-1_3",24,"Resting"
"ACGCACGAGTAACCGG-1_3",24,"Activated"
"ACGCACGCAATCTCTT-1_3",24,"Activated"
"ACGCACGCAATGGGTG-1_3",24,"Activated"
"ACGCACGGTCCACATA-1_3",24,"Activated"
"ACGGAAGCAAAGCAAT-1_3",24,"Intermediate"
"ACGGAAGCAGGAGGTT-1_3",24,"Intermediate"
"ACGGAAGCAGTTTGGT-1_3",24,"Resting"
"ACGGAAGTCACGAGGA-1_3",24,"Intermediate"
"ACGGGTCCAACAAAGT-1_3",24,"Intermediate"
"ACGGGTCCATCGGAGA-1_3",24,"Resting"
"ACGGGTCGTATTTCTC-1_3",24,"Intermediate"
"ACGGGTCGTGCCTGCA-1_3",24,"Intermediate"
"ACGGGTCTCCAGTGTA-1_3",24,"Activated"
"ACGGGTCTCGAACCTA-1_3",24,"Activated"
"ACGGGTCTCTACACTT-1_3",24,"Intermediate"
"ACGGTCGCACTCCCTA-1_3",24,"Intermediate"
"ACGGTCGCAGTACTAC-1_3",24,"Intermediate"
"ACGGTTAAGCTGACCC-1_3",24,"Intermediate"
"ACGGTTAAGCTTCTAG-1_3",24,"Resting"
"ACGGTTAAGGCCTGAA-1_3",24,"Activated"
"ACGGTTAAGTGGATTA-1_3",24,"Intermediate"
"ACGGTTACAGGAATCG-1_3",24,"Resting"
"ACGGTTACATTGTCGA-1_3",24,"Intermediate"
"ACGGTTAGTGTTATCG-1_3",24,"Activated"
"ACGGTTATCCGGTAGC-1_3",24,"Intermediate"
"ACGGTTATCTCCAATT-1_3",24,"Resting"
"ACGGTTATCTTCTTCC-1_3",24,"Resting"
"ACGTAACCAACCCTCT-1_3",24,"Intermediate"
"ACGTAACCAAGAAACT-1_3",24,"Resting"
"ACGTAACCAAGCGCTC-1_3",24,"Resting"
"ACGTAACTCAGTGTGT-1_3",24,"Intermediate"
"ACGTAACTCATCACAG-1_3",24,"Resting"
"ACGTAACTCGCATAGT-1_3",24,"Intermediate"
"ACGTAACTCTTTCCGG-1_3",24,"Intermediate"
"ACGTACAAGACGTCCC-1_3",24,"Intermediate"
"ACGTACAAGAGCCGTA-1_3",24,"Intermediate"
"ACGTACACAAACGAGC-1_3",24,"Resting"
"ACGTACACATCTCGTC-1_3",24,"Activated"
"ACGTACAGTACAGTCT-1_3",24,"Activated"
"ACGTAGTGTATGGGAC-1_3",24,"Activated"
"ACGTAGTTCTCTGAGA-1_3",24,"Activated"
"ACGTCCTAGAGTGGCT-1_3",24,"Resting"
"ACGTCCTCACCGTCTT-1_3",24,"Intermediate"
"ACGTCCTGTCAAGGCA-1_3",24,"Intermediate"
"ACGTCCTTCTATCCAT-1_3",24,"Intermediate"
"ACGTTCCAGGTAGTAT-1_3",24,"Resting"
"ACGTTCCCAAAGAGTT-1_3",24,"Activated"
"ACGTTCCCAACATCGT-1_3",24,"Intermediate"
"ACGTTCCCAGGCACAA-1_3",24,"Treg"
"ACGTTCCGTACCCAGC-1_3",24,"Resting"
"ACGTTCCGTGAAGCTG-1_3",24,"Resting"
"ACGTTCCGTTGTTGAC-1_3",24,"Intermediate"
"ACGTTCCTCGCACTCT-1_3",24,"Resting"
"ACTACGAAGTAAATGC-1_3",24,"Activated"
"ACTACGAGTATCGTGT-1_3",24,"Activated"
"ACTACGAGTTTGTTGG-1_3",24,"Activated"
"ACTATCTAGATGCTAA-1_3",24,"Activated"
"ACTATCTAGCGGTAAC-1_3",24,"Activated"
"ACTATCTCAACACAGG-1_3",24,"Activated"
"ACTATCTCAAGATTGA-1_3",24,"Intermediate"
"ACTATCTGTCTTCTAT-1_3",24,"Intermediate"
"ACTATCTGTTAACAGA-1_3",24,"Resting"
"ACTATCTTCACTTGGA-1_3",24,"Intermediate"
"ACTATCTTCCGTTTCG-1_3",24,"Intermediate"
"ACTATCTTCGAGCCTG-1_3",24,"Intermediate"
"ACTATGGAGCCAAGGT-1_3",24,"Intermediate"
"ACTATGGAGGTAAACT-1_3",24,"Intermediate"
"ACTATGGAGGTCGAGT-1_3",24,"Intermediate"
"ACTATGGCAAAGACTA-1_3",24,"Intermediate"
"ACTATGGCAATCGTCA-1_3",24,"Intermediate"
"ACTATGGGTAACCCGC-1_3",24,"Activated"
"ACTATGGGTGCTGATT-1_3",24,"Resting"
"ACTATGGGTTAAACAG-1_3",24,"Activated"
"ACTATGGGTTCTCCCA-1_3",24,"Intermediate"
"ACTATGGTCTAACGCA-1_3",24,"Intermediate"
"ACTATTCAGAAGCGGG-1_3",24,"Intermediate"
"ACTATTCAGGGACAGG-1_3",24,"Intermediate"
"ACTATTCAGGGAGGGT-1_3",24,"Intermediate"
"ACTATTCAGTTCGCAT-1_3",24,"Intermediate"
"ACTATTCGTAGATTGA-1_3",24,"Activated"
"ACTATTCGTATAGGAT-1_3",24,"Activated"
"ACTATTCGTATCGATC-1_3",24,"Treg"
"ACTATTCGTATGGAGC-1_3",24,"Activated"
"ACTATTCGTCATACCA-1_3",24,"Resting"
"ACTATTCTCTAAGGAA-1_3",24,"Intermediate"
"ACTCCCAAGATAGCTA-1_3",24,"Treg"
"ACTCCCAAGGGTACAC-1_3",24,"Activated"
"ACTCCCAAGTACTGGG-1_3",24,"Activated"
"ACTCCCAAGTTGCTGT-1_3",24,"Intermediate"
"ACTCCCACATCGCTGG-1_3",24,"Intermediate"
"ACTCCCAGTACAACGG-1_3",24,"Intermediate"
"ACTCCCAGTGCCAAGA-1_3",24,"Activated"
"ACTCCCAGTTGAAGTA-1_3",24,"Activated"
"ACTCTCGCATTCATCT-1_3",24,"Activated"
"ACTCTCGTCAAATGAG-1_3",24,"Intermediate"
"ACTGATGAGAAGGATG-1_3",24,"Intermediate"
"ACTGATGAGATGACAT-1_3",24,"Intermediate"
"ACTGATGAGGCTTTCA-1_3",24,"Activated"
"ACTGATGAGGTCGTGA-1_3",24,"Activated"
"ACTGATGAGTGAACAT-1_3",24,"Activated"
"ACTGATGCAATTGAAG-1_3",24,"Resting"
"ACTGATGCACCCAAGC-1_3",24,"Resting"
"ACTGATGGTCGTAATC-1_3",24,"Intermediate"
"ACTGATGGTGAGTGAC-1_3",24,"Resting"
"ACTGATGTCATGCCCT-1_3",24,"Activated"
"ACTGATGTCCAAACCA-1_3",24,"Intermediate"
"ACTGATGTCGGTCGAC-1_3",24,"Intermediate"
"ACTGCAAAGGCTGTAG-1_3",24,"Resting"
"ACTGCAACAAGAGGTC-1_3",24,"Resting"
"ACTGCAACACTTCTCG-1_3",24,"Resting"
"ACTGCAACAGGTCCCA-1_3",24,"Intermediate"
"ACTGCAACAGTGTATC-1_3",24,"Resting"
"ACTGCAAGTTGTACGT-1_3",24,"Intermediate"
"ACTGCAAGTTTACGTG-1_3",24,"Intermediate"
"ACTGCAATCCCTTTGG-1_3",24,"Activated"
"ACTGTCCAGCCATGCC-1_3",24,"Intermediate"
"ACTGTCCAGGTAATCA-1_3",24,"Resting"
"ACTGTCCCAAGACTGG-1_3",24,"Activated"
"ACTGTCCCACGACGAA-1_3",24,"Activated"
"ACTGTCCGTGGCAGAT-1_3",24,"Activated"
"ACTGTGACAAGAAATC-1_3",24,"Activated"
"ACTGTGACAATCTGCA-1_3",24,"Intermediate"
"ACTGTGACAATTTCCT-1_3",24,"Intermediate"
"ACTGTGACATCGCTAA-1_3",24,"Activated"
"ACTGTGAGTGCCTACG-1_3",24,"Intermediate"
"ACTGTGATCAATCCAG-1_3",24,"Intermediate"
"ACTGTGATCGTCCTTG-1_3",24,"Resting"
"ACTGTGATCGTCGATA-1_3",24,"Intermediate"
"ACTTAGGAGTTGAAGT-1_3",24,"Activated"
"ACTTAGGCAAGGAGTC-1_3",24,"Activated"
"ACTTAGGCATCTATCT-1_3",24,"Intermediate"
"ACTTAGGCATTCTGTT-1_3",24,"Resting"
"ACTTAGGGTCTGTGGC-1_3",24,"Activated"
"ACTTAGGGTTGATGTC-1_3",24,"Activated"
"ACTTATCAGGGCGAGA-1_3",24,"Activated"
"ACTTATCAGGTTCTAC-1_3",24,"Resting"
"ACTTATCCAAGTTCCA-1_3",24,"Resting"
"ACTTATCCAATTGGTC-1_3",24,"Activated"
"ACTTATCTCGTGGGAA-1_3",24,"Intermediate"
"ACTTATCTCTAGAGCT-1_3",24,"Activated"
"ACTTCCGAGCAATTCC-1_3",24,"Resting"
"ACTTCCGAGGTCGTAG-1_3",24,"Resting"
"ACTTCCGCAAACCGGA-1_3",24,"Intermediate"
"ACTTCCGCAACACAGG-1_3",24,"Intermediate"
"ACTTCCGCAATGGCAG-1_3",24,"Intermediate"
"ACTTCCGCACAGGATG-1_3",24,"Resting"
"ACTTCCGCATACTTTC-1_3",24,"Activated"
"ACTTCCGCATCTAACG-1_3",24,"Resting"
"ACTTCCGGTAGGAGGG-1_3",24,"Intermediate"
"ACTTCCGGTTGTGCCG-1_3",24,"Activated"
"ACTTCCGTCCTACGGG-1_3",24,"Intermediate"
"ACTTCGCAGAATTCAG-1_3",24,"Activated"
"ACTTCGCAGATGGTAT-1_3",24,"Intermediate"
"ACTTCGCGTCTGATAC-1_3",24,"Resting"
"ACTTCGCTCCTGGGAC-1_3",24,"Intermediate"
"ACTTCGCTCTACCACC-1_3",24,"Intermediate"
"ACTTTCAAGGTCTTTG-1_3",24,"Intermediate"
"ACTTTCACAAGTACCT-1_3",24,"Activated"
"ACTTTCACAGACCATT-1_3",24,"Intermediate"
"ACTTTCACATGGAATA-1_3",24,"Resting"
"ACTTTCAGTCGAGCAA-1_3",24,"Resting"
"ACTTTCAGTGATTCTG-1_3",24,"Resting"
"ACTTTCAGTTAAGACA-1_3",24,"Activated"
"ACTTTGTAGTCCGCCA-1_3",24,"Intermediate"
"ACTTTGTCAAACCGGA-1_3",24,"Activated"
"ACTTTGTCACAGTGTT-1_3",24,"Activated"
"ACTTTGTGTCGATTCA-1_3",24,"Intermediate"
"ACTTTGTGTGCTGTCG-1_3",24,"Intermediate"
"ACTTTGTGTTGCTTGA-1_3",24,"Activated"
"ACTTTGTTCACTGTTT-1_3",24,"Intermediate"
"ACTTTGTTCCTTGAAG-1_3",24,"Intermediate"
"ACTTTGTTCCTTGACC-1_3",24,"Treg"
"ACTTTGTTCTAAGAAG-1_3",24,"Activated"
"AGAAATGAGAGGTCAC-1_3",24,"Resting"
"AGAAATGAGCACTAGG-1_3",24,"Activated"
"AGAAATGAGCCTCTGG-1_3",24,"Intermediate"
"AGAAATGAGTCATTGC-1_3",24,"Intermediate"
"AGAAATGCACTTGAAC-1_3",24,"Intermediate"
"AGAAATGCAGCAGATG-1_3",24,"Resting"
"AGAAATGGTAGGTAGC-1_3",24,"Activated"
"AGAAATGGTCGGCCTA-1_3",24,"Intermediate"
"AGAAATGGTGAATGTA-1_3",24,"Intermediate"
"AGAACAAAGTCATGGG-1_3",24,"Activated"
"AGAACAATCCCTTGTG-1_3",24,"Activated"
"AGAACAATCGCGTGAC-1_3",24,"Intermediate"
"AGAACAATCTGGTGGC-1_3",24,"Resting"
"AGAACCTAGAGGGCGA-1_3",24,"Activated"
"AGAACCTAGGGTGAGG-1_3",24,"Intermediate"
"AGAACCTCAAGGACAC-1_3",24,"Intermediate"
"AGAACCTCAGAGAAAG-1_3",24,"Intermediate"
"AGAACCTGTGTTCATG-1_3",24,"Intermediate"
"AGAACCTTCCATATGG-1_3",24,"Intermediate"
"AGAACCTTCCTACCGT-1_3",24,"Intermediate"
"AGAACCTTCGTCTCAC-1_3",24,"Activated"
"AGAAGCGAGGTGCGAT-1_3",24,"Activated"
"AGAAGCGCAGCCCAGT-1_3",24,"Resting"
"AGAAGCGGTATCCTTT-1_3",24,"Activated"
"AGAAGTAAGATCCTAC-1_3",24,"Activated"
"AGAAGTAAGTTGTCAC-1_3",24,"Intermediate"
"AGAAGTACAAGCGCTC-1_3",24,"Resting"
"AGAAGTAGTTGAGGAC-1_3",24,"Intermediate"
"AGAAGTATCACAACCA-1_3",24,"Intermediate"
"AGACAAACATCTGTTT-1_3",24,"Resting"
"AGACAAACATTGCTTT-1_3",24,"Resting"
"AGACAAAGTCGGCACT-1_3",24,"Intermediate"
"AGACAAAGTTTCGTTT-1_3",24,"Activated"
"AGACAAATCGTGTGGC-1_3",24,"Treg"
"AGACACTAGAGCAACC-1_3",24,"Activated"
"AGACACTAGATTTGCC-1_3",24,"Intermediate"
"AGACACTTCGGAGCAA-1_3",24,"Activated"
"AGACACTTCTTCTTCC-1_3",24,"Intermediate"
"AGACAGGAGCGACCCT-1_3",24,"Intermediate"
"AGACAGGCAAATAAGC-1_3",24,"Resting"
"AGACAGGCATCGAACT-1_3",24,"Activated"
"AGACAGGGTCTACAGT-1_3",24,"Intermediate"
"AGACAGGGTCTTGCGG-1_3",24,"Intermediate"
"AGACAGGTCCTGCTAC-1_3",24,"Intermediate"
"AGACCATAGAACGCGT-1_3",24,"Activated"
"AGACCATAGGGTCAAC-1_3",24,"Activated"
"AGACCATCAGTCGCTG-1_3",24,"Intermediate"
"AGACCATCAGTTACCA-1_3",24,"Intermediate"
"AGACCATGTGTTCCTC-1_3",24,"Intermediate"
"AGACCATGTTGCATTG-1_3",24,"Intermediate"
"AGACCATTCGCCTTGT-1_3",24,"Intermediate"
"AGACCATTCTCGCTTG-1_3",24,"Resting"
"AGACCCGGTCCACATA-1_3",24,"Activated"
"AGACCCGGTCCAGTTA-1_3",24,"Activated"
"AGACCCGGTCTCGGAC-1_3",24,"Activated"
"AGACCCGTCCTTGGAA-1_3",24,"Intermediate"
"AGACTCACAAAGGCGT-1_3",24,"Activated"
"AGACTCACACTAGGTT-1_3",24,"Activated"
"AGACTCACACTGTGAT-1_3",24,"Activated"
"AGACTCAGTACAGGTG-1_3",24,"Resting"
"AGACTCAGTGGATCAG-1_3",24,"Activated"
"AGACTCAGTTTGGAAA-1_3",24,"Resting"
"AGACTCATCGTTGTTT-1_3",24,"Intermediate"
"AGAGAATCAAACCGGA-1_3",24,"Activated"
"AGAGAATCAAGAGGCT-1_3",24,"Intermediate"
"AGAGAATCAGAACATA-1_3",24,"Intermediate"
"AGAGAATCAGGCCTGT-1_3",24,"Intermediate"
"AGAGAATGTCAAGCCC-1_3",24,"Intermediate"
"AGAGAATTCACGATCA-1_3",24,"Intermediate"
"AGAGAGCGTTCTCCCA-1_3",24,"Resting"
"AGAGCAGAGAGCACTG-1_3",24,"Activated"
"AGAGCAGAGGAAGTAG-1_3",24,"Intermediate"
"AGAGCAGAGGAGTACC-1_3",24,"Intermediate"
"AGAGCAGAGTAGAATC-1_3",24,"Activated"
"AGAGCAGAGTGATCGG-1_3",24,"Resting"
"AGAGCAGCAATACCCA-1_3",24,"Intermediate"
"AGAGCAGCACCCATAA-1_3",24,"Intermediate"
"AGAGCAGTCTGGTGCG-1_3",24,"Intermediate"
"AGAGCCCCAATACCCA-1_3",24,"Activated"
"AGAGCCCGTATCGCTA-1_3",24,"Intermediate"
"AGAGCCCGTCGCAACC-1_3",24,"Activated"
"AGAGCCCGTGGACAGT-1_3",24,"Treg"
"AGAGCCCGTTGCGAAG-1_3",24,"Activated"
"AGAGCCCTCATCGTAG-1_3",24,"Activated"
"AGAGCCCTCCGCCTAT-1_3",24,"Resting"
"AGAGCCCTCGAATGCT-1_3",24,"Intermediate"
"AGATAGAAGCAAATCA-1_3",24,"Intermediate"
"AGATAGATCATTGGTG-1_3",24,"Resting"
"AGATAGATCCGTTTCG-1_3",24,"Intermediate"
"AGATCGTAGAGGGTCT-1_3",24,"Intermediate"
"AGATCGTCAAAGAGTT-1_3",24,"Resting"
"AGATCGTCAAGCGATG-1_3",24,"Intermediate"
"AGATCGTCAGCTACTA-1_3",24,"Intermediate"
"AGATCGTCAGTCTGGC-1_3",24,"Resting"
"AGATCGTGTGAACGGT-1_3",24,"Intermediate"
"AGATCGTTCTTCACGC-1_3",24,"Activated"
"AGATGAAAGAACTCCT-1_3",24,"Resting"
"AGATGAACAGTCTACA-1_3",24,"Resting"
"AGATGAACATGGCGCT-1_3",24,"Intermediate"
"AGATGAAGTCTCACGG-1_3",24,"Resting"
"AGATGAAGTCTCCTGT-1_3",24,"Intermediate"
"AGATGAATCAAACCCA-1_3",24,"Resting"
"AGATGAATCCCGAGGT-1_3",24,"Activated"
"AGATGAATCCTTCACG-1_3",24,"Resting"
"AGATGAATCGCTGACG-1_3",24,"Activated"
"AGATGAATCTACACAG-1_3",24,"Activated"
"AGATGCTAGCACCGTC-1_3",24,"Intermediate"
"AGATGCTCAACCACGC-1_3",24,"Intermediate"
"AGATGCTCACTAGTAC-1_3",24,"Resting"
"AGATGCTCATCCCGTT-1_3",24,"Intermediate"
"AGATGCTTCTCTCGCA-1_3",24,"Intermediate"
"AGCATCAAGGAAGTGA-1_3",24,"Activated"
"AGCATCACACCCTGAG-1_3",24,"Intermediate"
"AGCATCACAGGTCAAG-1_3",24,"Treg"
"AGCATCATCTGCGAGC-1_3",24,"Intermediate"
"AGCCAATAGTACCGGA-1_3",24,"Activated"
"AGCCAATCAACTCCAA-1_3",24,"Intermediate"
"AGCCAATCAAGACAAT-1_3",24,"Resting"
"AGCCAATGTATGATCC-1_3",24,"Resting"
"AGCCAATGTCGAACGA-1_3",24,"Intermediate"
"AGCCAATTCAAGTCTG-1_3",24,"Activated"
"AGCCAATTCGAAATCC-1_3",24,"Intermediate"
"AGCCACGAGATGCTTC-1_3",24,"Activated"
"AGCCACGAGTAGACAT-1_3",24,"Intermediate"
"AGCCACGCATAGATCC-1_3",24,"Activated"
"AGCCACGGTACTGCGC-1_3",24,"Activated"
"AGCCACGGTAGCTCGC-1_3",24,"Activated"
"AGCCACGTCTTGGCTC-1_3",24,"Activated"
"AGCCAGCAGGCTGAAC-1_3",24,"Activated"
"AGCCAGCCACCGTGAC-1_3",24,"Intermediate"
"AGCCAGCCAGCTCCTT-1_3",24,"Intermediate"
"AGCCAGCGTGTTAGCT-1_3",24,"Activated"
"AGCCAGCTCAGTCTTT-1_3",24,"Intermediate"
"AGCCAGCTCCGATAAC-1_3",24,"Resting"
"AGCGATTAGGACACTG-1_3",24,"Activated"
"AGCGATTAGTAGTCTC-1_3",24,"Intermediate"
"AGCGATTCAAAGGCGT-1_3",24,"Intermediate"
"AGCGATTCAAGGCTTT-1_3",24,"Intermediate"
"AGCGATTCATCTTTCA-1_3",24,"Intermediate"
"AGCGATTTCCGGTAGC-1_3",24,"Intermediate"
"AGCGATTTCGAATCCA-1_3",24,"Activated"
"AGCGATTTCGCGGTAC-1_3",24,"Resting"
"AGCGCCAAGCCTTTCC-1_3",24,"Intermediate"
"AGCGCCAAGTAGACCG-1_3",24,"Resting"
"AGCGCCAAGTAGGCCA-1_3",24,"Activated"
"AGCGCCACAAGCTGTT-1_3",24,"Intermediate"
"AGCGCCACATCGCTCT-1_3",24,"Resting"
"AGCGCCACATTGGCAT-1_3",24,"Resting"
"AGCGCCAGTAATCAAG-1_3",24,"Intermediate"
"AGCGCCAGTAGATGTA-1_3",24,"Activated"
"AGCGCCATCTCGTGAA-1_3",24,"Activated"
"AGCGCCATCTTCGCTG-1_3",24,"Intermediate"
"AGCGCTGCAAATAAGC-1_3",24,"Intermediate"
"AGCGCTGCACAAATAG-1_3",24,"Intermediate"
"AGCGCTGCATGACCCG-1_3",24,"Intermediate"
"AGCGCTGGTTCAGTAC-1_3",24,"Resting"
"AGCGCTGTCACCTGGG-1_3",24,"Resting"
"AGCGTATAGAGCAACC-1_3",24,"Activated"
"AGCGTATAGCTTCATG-1_3",24,"Activated"
"AGCGTATAGTGAGGCT-1_3",24,"Activated"
"AGCGTATCACAAGCCC-1_3",24,"Intermediate"
"AGCGTATGTGATACCT-1_3",24,"Resting"
"AGCGTATGTTTCGATG-1_3",24,"Activated"
"AGCGTATTCCATTGTT-1_3",24,"Activated"
"AGCGTATTCGCTTAAG-1_3",24,"Intermediate"
"AGCGTATTCGGTCACG-1_3",24,"Intermediate"
"AGCGTCGCAGCATGCC-1_3",24,"Activated"
"AGCGTCGCATTCTCCG-1_3",24,"Intermediate"
"AGCTACAAGCCTCCAG-1_3",24,"Intermediate"
"AGCTACACACAATGCT-1_3",24,"Resting"
"AGCTACACACCTCAGG-1_3",24,"Activated"
"AGCTACACATGCCGAC-1_3",24,"Intermediate"
"AGCTACAGTCAATCTG-1_3",24,"Activated"
"AGCTACAGTCACTCAA-1_3",24,"Activated"
"AGCTACAGTGCACGCT-1_3",24,"Activated"
"AGCTCAAAGAAACCCG-1_3",24,"Activated"
"AGCTCAAGTCAGATTC-1_3",24,"Intermediate"
"AGCTCAATCACTGGGC-1_3",24,"Intermediate"
"AGCTCAATCCAAAGGG-1_3",24,"Intermediate"
"AGCTTCCAGCCATTCA-1_3",24,"Activated"
"AGGAAATAGACCGCCT-1_3",24,"Activated"
"AGGAAATAGTGAACAT-1_3",24,"Activated"
"AGGAAATCAGAACCGA-1_3",24,"Resting"
"AGGAAATTCAGGCGAA-1_3",24,"Activated"
"AGGAAATTCTGGGTCG-1_3",24,"Resting"
"AGGAATATCCACCCTA-1_3",24,"Activated"
"AGGACGAAGAAGCGCT-1_3",24,"Resting"
"AGGACGAAGAGCTTTC-1_3",24,"Activated"
"AGGACGAAGCCTATTG-1_3",24,"Activated"
"AGGACGAAGCGCCTAC-1_3",24,"Intermediate"
"AGGACGACAGCAGTTT-1_3",24,"Treg"
"AGGACGAGTGGTTTAC-1_3",24,"Resting"
"AGGACTTAGATGCTTC-1_3",24,"Intermediate"
"AGGACTTAGCACCGAA-1_3",24,"Intermediate"
"AGGACTTCAGAAGCTG-1_3",24,"Resting"
"AGGACTTGTCGGAAAC-1_3",24,"Intermediate"
"AGGACTTGTGCCCACA-1_3",24,"Intermediate"
"AGGACTTGTTTGACAC-1_3",24,"Intermediate"
"AGGACTTTCACTTGTT-1_3",24,"Activated"
"AGGACTTTCATGTCAG-1_3",24,"Intermediate"
"AGGACTTTCCACCTCA-1_3",24,"Intermediate"
"AGGACTTTCTCGCGTT-1_3",24,"Resting"
"AGGAGGTAGAGTTCGG-1_3",24,"Activated"
"AGGAGGTCAAGATCCT-1_3",24,"Resting"
"AGGAGGTCACGCGTGT-1_3",24,"Activated"
"AGGAGGTGTGATTGGG-1_3",24,"Resting"
"AGGAGGTGTTAGGAGC-1_3",24,"Activated"
"AGGAGGTTCACACGAT-1_3",24,"Activated"
"AGGAGGTTCCACTTCG-1_3",24,"Intermediate"
"AGGAGGTTCGGTAACT-1_3",24,"Intermediate"
"AGGATAAAGATTTGCC-1_3",24,"Intermediate"
"AGGATAAAGCATCGAG-1_3",24,"Activated"
"AGGATAACACCTGTCT-1_3",24,"Treg"
"AGGATAACACTTCTCG-1_3",24,"Intermediate"
"AGGATAAGTGAATTGA-1_3",24,"Intermediate"
"AGGATAATCAGCAATC-1_3",24,"Activated"
"AGGATAATCTGACCCT-1_3",24,"Intermediate"
"AGGATCTAGCTGACTT-1_3",24,"Intermediate"
"AGGATCTAGGGACTGT-1_3",24,"Intermediate"
"AGGATCTCACATACGT-1_3",24,"Activated"
"AGGATCTCATTGGGAG-1_3",24,"Activated"
"AGGCATTAGCAAGTCG-1_3",24,"Intermediate"
"AGGCATTAGCATCCCG-1_3",24,"Activated"
"AGGCATTAGGATGCGT-1_3",24,"Resting"
"AGGCATTCAATACGCT-1_3",24,"Activated"
"AGGCATTCAGTGTGGA-1_3",24,"Intermediate"
"AGGCATTTCAAGTCGT-1_3",24,"Activated"
"AGGCATTTCTGCTAGA-1_3",24,"Intermediate"
"AGGCCACAGTAGTCTC-1_3",24,"Resting"
"AGGCCACAGTCATAGA-1_3",24,"Intermediate"
"AGGCCACCACAGTCGC-1_3",24,"Intermediate"
"AGGCCACCATGGCCAC-1_3",24,"Resting"
"AGGCCACGTCCGGCAT-1_3",24,"Resting"
"AGGCCACGTCTTTCTA-1_3",24,"Intermediate"
"AGGCCACGTGGCTCTG-1_3",24,"Intermediate"
"AGGCCACTCACTTTGT-1_3",24,"Intermediate"
"AGGCCACTCGCTGTCT-1_3",24,"Activated"
"AGGCTGCAGACTACCT-1_3",24,"Activated"
"AGGCTGCAGGCTCTAT-1_3",24,"Treg"
"AGGCTGCAGGCTTAGG-1_3",24,"Resting"
"AGGCTGCAGGTTATAG-1_3",24,"Intermediate"
"AGGCTGCAGTCCGCCA-1_3",24,"Intermediate"
"AGGCTGCAGTTTGCTG-1_3",24,"Resting"
"AGGCTGCCACAGCGCT-1_3",24,"Activated"
"AGGCTGCGTCGGCACT-1_3",24,"Activated"
"AGGCTGCTCGTCTAAG-1_3",24,"Intermediate"
"AGGGAGTAGCAATTCC-1_3",24,"Intermediate"
"AGGGAGTAGCCTGTCG-1_3",24,"Intermediate"
"AGGGAGTAGCGGACAT-1_3",24,"Intermediate"
"AGGGAGTCATCACAGT-1_3",24,"Activated"
"AGGGAGTGTCCTCATC-1_3",24,"Treg"
"AGGGAGTGTTCTTGCC-1_3",24,"Intermediate"
"AGGGAGTTCAGACAAA-1_3",24,"Intermediate"
"AGGGCCTAGCACCGTC-1_3",24,"Resting"
"AGGGCCTCAGAAGTGC-1_3",24,"Resting"
"AGGGCCTTCGAGAAAT-1_3",24,"Resting"
"AGGGCTCAGACTCGAG-1_3",24,"Resting"
"AGGGCTCCACAAACGG-1_3",24,"Resting"
"AGGGCTCCATTGACCA-1_3",24,"Intermediate"
"AGGGCTCGTGGTATGG-1_3",24,"Intermediate"
"AGGGCTCGTGTCTTGA-1_3",24,"Activated"
"AGGGCTCTCGGTCACG-1_3",24,"Intermediate"
"AGGGTCCAGCGCTGCT-1_3",24,"Intermediate"
"AGGGTCCAGTTTAGGA-1_3",24,"Intermediate"
"AGGGTCCTCCACGTGG-1_3",24,"Intermediate"
"AGGGTCCTCGCTGCGA-1_3",24,"Resting"
"AGGGTGACACATATGC-1_3",24,"Intermediate"
"AGGGTGAGTACTCCGG-1_3",24,"Activated"
"AGGGTGAGTTGACTAC-1_3",24,"Activated"
"AGGGTGAGTTTATGCG-1_3",24,"Treg"
"AGGGTTTAGCTCTATG-1_3",24,"Intermediate"
"AGGGTTTAGCTGAAGC-1_3",24,"Intermediate"
"AGGGTTTCACCATATG-1_3",24,"Intermediate"
"AGGGTTTTCGAGTGGA-1_3",24,"Treg"
"AGGTAGGCAGTTAAAG-1_3",24,"Intermediate"
"AGGTAGGCATCACAGT-1_3",24,"Intermediate"
"AGGTAGGCATGAGAAT-1_3",24,"Activated"
"AGGTAGGGTCTTCAAG-1_3",24,"Intermediate"
"AGGTAGGTCCTCACGT-1_3",24,"Resting"
"AGGTAGGTCGGAGATG-1_3",24,"Intermediate"
"AGGTAGGTCTGGTCAA-1_3",24,"Resting"
"AGGTAGGTCTTCCTAA-1_3",24,"Intermediate"
"AGGTCATAGGGTGGGA-1_3",24,"Intermediate"
"AGGTCATCATGGTGGA-1_3",24,"Intermediate"
"AGGTCATTCCTTCGAC-1_3",24,"Intermediate"
"AGGTCATTCGATCCAA-1_3",24,"Activated"
"AGGTCATTCGGCCCAA-1_3",24,"Resting"
"AGGTCTAAGTCCCGAC-1_3",24,"Intermediate"
"AGGTCTAGTCCTGGGT-1_3",24,"Resting"
"AGGTCTATCGTAGGAG-1_3",24,"Intermediate"
"AGGTCTATCTTCTAAC-1_3",24,"Resting"
"AGGTGTTAGATTCGCT-1_3",24,"Intermediate"
"AGGTGTTAGGATGCGT-1_3",24,"Activated"
"AGGTGTTCAAATACGA-1_3",24,"Resting"
"AGGTGTTCAAGATCCT-1_3",24,"Activated"
"AGGTGTTCAGGCCTGT-1_3",24,"Activated"
"AGGTGTTGTTTGGCTA-1_3",24,"Activated"
"AGGTGTTTCACCATAG-1_3",24,"Intermediate"
"AGGTTACCACTATCGA-1_3",24,"Intermediate"
"AGGTTACCAGCACAGA-1_3",24,"Resting"
"AGGTTACGTACCGTCG-1_3",24,"Intermediate"
"AGGTTACTCGACCATA-1_3",24,"Intermediate"
"AGGTTGTAGAGTCAAT-1_3",24,"Resting"
"AGGTTGTCAGAGGTTG-1_3",24,"Treg"
"AGGTTGTGTTAAGACA-1_3",24,"Activated"
"AGGTTGTTCGATTCCC-1_3",24,"Intermediate"
"AGGTTGTTCTACACAG-1_3",24,"Intermediate"
"AGTAACCAGTTTGCTG-1_3",24,"Intermediate"
"AGTAACCCAAACGTGG-1_3",24,"Activated"
"AGTAACCGTCTTGCTC-1_3",24,"Intermediate"
"AGTAACCGTTGGTACT-1_3",24,"Resting"
"AGTAACCTCCAGCTCT-1_3",24,"Intermediate"
"AGTAACCTCCCAGGCA-1_3",24,"Intermediate"
"AGTAACCTCCGCTTAC-1_3",24,"Activated"
"AGTACCAAGACCATGG-1_3",24,"Activated"
"AGTACCAAGACTACCT-1_3",24,"Intermediate"
"AGTACCAAGTGCCCGT-1_3",24,"Resting"
"AGTACCACAACGGTAG-1_3",24,"Intermediate"
"AGTACCAGTTCTGAGT-1_3",24,"Intermediate"
"AGTACCATCATGAGAA-1_3",24,"Intermediate"
"AGTACCATCCTCACTG-1_3",24,"Intermediate"
"AGTACCATCGTGGGTC-1_3",24,"Intermediate"
"AGTACTGAGTTCAACC-1_3",24,"Resting"
"AGTACTGAGTTGGCTT-1_3",24,"Activated"
"AGTACTGCAATCTCGA-1_3",24,"Intermediate"
"AGTACTGCACCGTACG-1_3",24,"Activated"
"AGTACTGCACCTTCGT-1_3",24,"Activated"
"AGTACTGGTCCGACGT-1_3",24,"Resting"
"AGTACTGGTGAGTTTC-1_3",24,"Intermediate"
"AGTACTGTCAAGCCAT-1_3",24,"Intermediate"
"AGTACTGTCTACTTCA-1_3",24,"Intermediate"
"AGTAGCTAGCCTCCAG-1_3",24,"Resting"
"AGTAGCTAGCTTTGTG-1_3",24,"Intermediate"
"AGTAGCTAGGCCTAAG-1_3",24,"Intermediate"
"AGTAGCTCAAGTACCT-1_3",24,"Intermediate"
"AGTAGCTCACAACGTT-1_3",24,"Activated"
"AGTAGCTGTATCAGGG-1_3",24,"Intermediate"
"AGTAGCTGTTGTTGCA-1_3",24,"Intermediate"
"AGTAGTCAGCGGTATG-1_3",24,"Intermediate"
"AGTAGTCGTCAGATTC-1_3",24,"Activated"
"AGTAGTCGTCGACTGC-1_3",24,"Activated"
"AGTAGTCGTGCCTATA-1_3",24,"Activated"
"AGTAGTCTCACTCACC-1_3",24,"Resting"
"AGTAGTCTCGATTCCC-1_3",24,"Resting"
"AGTCAACAGACTCTAC-1_3",24,"Intermediate"
"AGTCAACCAACGTATC-1_3",24,"Intermediate"
"AGTCAACCACGAGGTA-1_3",24,"Resting"
"AGTCAACGTGTCCAAT-1_3",24,"Intermediate"
"AGTCAACGTTACCCTC-1_3",24,"Intermediate"
"AGTCAACTCCAGTACA-1_3",24,"Intermediate"
"AGTCAACTCTATACTC-1_3",24,"Resting"
"AGTCACACACAAGCCC-1_3",24,"Activated"
"AGTCACACACCATATG-1_3",24,"Intermediate"
"AGTCACACACTATCGA-1_3",24,"Activated"
"AGTCACATCATGGATC-1_3",24,"Activated"
"AGTCATGAGACTTCGT-1_3",24,"Intermediate"
"AGTCATGAGGGCTTCC-1_3",24,"Resting"
"AGTCATGCAGACCAGA-1_3",24,"Treg"
"AGTCATGCATCGATGT-1_3",24,"Activated"
"AGTCATGGTGGGTCAA-1_3",24,"Activated"
"AGTCATGTCAAACTGC-1_3",24,"Activated"
"AGTCTCCAGCGGTAAC-1_3",24,"Resting"
"AGTCTCCCAACCCTCT-1_3",24,"Intermediate"
"AGTCTCCCAATACGCT-1_3",24,"Activated"
"AGTCTCCTCTGTCGCT-1_3",24,"Intermediate"
"AGTGACTAGCTTCATG-1_3",24,"Intermediate"
"AGTGACTAGGAGTACC-1_3",24,"Activated"
"AGTGACTCAATCTGCA-1_3",24,"Activated"
"AGTGACTCACTTCAGA-1_3",24,"Intermediate"
"AGTGACTGTCTAACGT-1_3",24,"Intermediate"
"AGTGACTTCATTGCCC-1_3",24,"Resting"
"AGTGACTTCTCCGCAT-1_3",24,"Intermediate"
"AGTGATCAGCTCACTA-1_3",24,"Resting"
"AGTGATCCAAACTGCT-1_3",24,"Resting"
"AGTGATCGTATATGGA-1_3",24,"Resting"
"AGTGATCGTCGGCTAC-1_3",24,"Activated"
"AGTGATCGTGAAGCTG-1_3",24,"Intermediate"
"AGTGATCGTTCAGGTT-1_3",24,"Activated"
"AGTGATCTCATATGGC-1_3",24,"Intermediate"
"AGTGATCTCCGTCACT-1_3",24,"Resting"
"AGTGATCTCCGTGGGT-1_3",24,"Intermediate"
"AGTGATCTCTACAGGT-1_3",24,"Resting"
"AGTGCCGAGTCTTCGA-1_3",24,"Intermediate"
"AGTGCCGGTCACGCTG-1_3",24,"Intermediate"
"AGTGCCGGTCATCGCG-1_3",24,"Resting"
"AGTGCCGTCTTTGCAT-1_3",24,"Intermediate"
"AGTGTTGTCTCTTAAC-1_3",24,"Activated"
"AGTTAGCAGGGTCTTT-1_3",24,"Intermediate"
"AGTTAGCCAGAGTCAG-1_3",24,"Intermediate"
"AGTTAGCCATGACAGG-1_3",24,"Resting"
"AGTTAGCCATGTCAGT-1_3",24,"Intermediate"
"AGTTCCCAGAGGCCAT-1_3",24,"Intermediate"
"AGTTCCCAGCCTCTCT-1_3",24,"Intermediate"
"AGTTCCCAGTTGGCTT-1_3",24,"Activated"
"AGTTCCCCAAGACGAC-1_3",24,"Activated"
"AGTTCCCCAATTTCTC-1_3",24,"Intermediate"
"AGTTCCCCACTTGTGA-1_3",24,"Resting"
"AGTTCCCTCTCACTCG-1_3",24,"Activated"
"AGTTCCCTCTTACCGC-1_3",24,"Resting"
"AGTTCCCTCTTGATTC-1_3",24,"Resting"
"AGTTCGAAGGACTAAT-1_3",24,"Intermediate"
"AGTTCGAAGGGAGTGG-1_3",24,"Activated"
"AGTTCGACAAGCAGGT-1_3",24,"Intermediate"
"AGTTCGAGTATTGACC-1_3",24,"Activated"
"AGTTCGAGTGATGAAT-1_3",24,"Resting"
"AGTTCGATCTAACGCA-1_3",24,"Intermediate"
"ATACCGAAGCATCTTG-1_3",24,"Intermediate"
"ATACCGAAGGATGGCT-1_3",24,"Intermediate"
"ATACCGACAAACACCT-1_3",24,"Resting"
"ATACCGACAACCTAAC-1_3",24,"Activated"
"ATACCGACAATTCACG-1_3",24,"Intermediate"
"ATACCGAGTACCTGTA-1_3",24,"Intermediate"
"ATACCGATCCGTATGA-1_3",24,"Activated"
"ATACCTTAGACGCCCT-1_3",24,"Resting"
"ATACCTTAGAGGTCGT-1_3",24,"Activated"
"ATACCTTAGTATAGGT-1_3",24,"Resting"
"ATACCTTCAACGACAG-1_3",24,"Activated"
"ATACCTTGTAAGATAC-1_3",24,"Intermediate"
"ATACCTTGTATGGGAC-1_3",24,"Intermediate"
"ATACCTTTCGACGAGA-1_3",24,"Resting"
"ATACCTTTCTAGCCTC-1_3",24,"Intermediate"
"ATACTTCAGATTGATG-1_3",24,"Intermediate"
"ATACTTCAGCTAGCCC-1_3",24,"Intermediate"
"ATACTTCTCGCAGTTA-1_3",24,"Intermediate"
"ATAGACCAGCGCCTTG-1_3",24,"Intermediate"
"ATAGACCAGTCCGCGT-1_3",24,"Intermediate"
"ATAGACCCAACGATCT-1_3",24,"Activated"
"ATAGACCCAATGTCAC-1_3",24,"Intermediate"
"ATAGACCCACAGGATG-1_3",24,"Intermediate"
"ATAGACCGTGGCTACC-1_3",24,"Intermediate"
"ATAGACCTCCATCTGC-1_3",24,"Activated"
"ATAGACCTCGGACTTA-1_3",24,"Intermediate"
"ATAGAGAAGTCTCCTC-1_3",24,"Intermediate"
"ATAGAGACAACACAGG-1_3",24,"Activated"
"ATAGAGATCTACTCAT-1_3",24,"Resting"
"ATAGAGATCTAGTCAG-1_3",24,"Intermediate"
"ATAGGCTAGGTGAGCT-1_3",24,"Intermediate"
"ATAGGCTAGTCTCCTC-1_3",24,"Resting"
"ATAGGCTCACAGCCTG-1_3",24,"Intermediate"
"ATAGGCTCACGCTGTG-1_3",24,"Intermediate"
"ATAGGCTCACTGGCGT-1_3",24,"Activated"
"ATAGGCTGTAGCGATG-1_3",24,"Resting"
"ATAGGCTGTATTTCCT-1_3",24,"Intermediate"
"ATAGGCTGTTACACTG-1_3",24,"Resting"
"ATAGGCTGTTTAAGGA-1_3",24,"Intermediate"
"ATAGGCTTCACTACGA-1_3",24,"Treg"
"ATATCCTCACATACTG-1_3",24,"Activated"
"ATATCCTCACGGGCTT-1_3",24,"Activated"
"ATATCCTGTACCTTCC-1_3",24,"Resting"
"ATATCCTGTTTGTTGG-1_3",24,"Intermediate"
"ATATCCTTCCAGTTCC-1_3",24,"Activated"
"ATCACAGAGCCTGACC-1_3",24,"Activated"
"ATCACAGAGGCCTGAA-1_3",24,"Resting"
"ATCACAGCAATCCAGT-1_3",24,"Activated"
"ATCACAGCAGAAATCA-1_3",24,"Activated"
"ATCACAGCAGTCGTTA-1_3",24,"Intermediate"
"ATCACAGCATTGAAAG-1_3",24,"Activated"
"ATCACAGTCCATAGAC-1_3",24,"Activated"
"ATCACAGTCTCGTGGG-1_3",24,"Treg"
"ATCACAGTCTCTCTAA-1_3",24,"Intermediate"
"ATCACGAAGACGAGCT-1_3",24,"Activated"
"ATCACGAAGACTCGAG-1_3",24,"Intermediate"
"ATCACGACAACTCCAA-1_3",24,"Intermediate"
"ATCACGACACTTCAAG-1_3",24,"Treg"
"ATCACGAGTCACTCAA-1_3",24,"Resting"
"ATCACGATCAACTTTC-1_3",24,"Intermediate"
"ATCACGATCGCGATCG-1_3",24,"Resting"
"ATCACGATCGCTGACG-1_3",24,"Intermediate"
"ATCACTTAGGTGAGCT-1_3",24,"Resting"
"ATCACTTGTACTCGTA-1_3",24,"Activated"
"ATCACTTGTCAGATTC-1_3",24,"Activated"
"ATCACTTGTGTTGCCG-1_3",24,"Activated"
"ATCACTTTCCGTCAAA-1_3",24,"Intermediate"
"ATCAGGTCATGGCTGC-1_3",24,"Intermediate"
"ATCAGGTGTATCGTTG-1_3",24,"Activated"
"ATCAGGTGTCGATTTG-1_3",24,"Activated"
"ATCAGGTGTGCGCTCA-1_3",24,"Activated"
"ATCAGGTGTTTACTTC-1_3",24,"Activated"
"ATCAGGTTCACCTCTG-1_3",24,"Intermediate"
"ATCAGGTTCCATGAGT-1_3",24,"Intermediate"
"ATCATTCCAATGCAAA-1_3",24,"Intermediate"
"ATCATTCCAATGGGTG-1_3",24,"Intermediate"
"ATCATTCCAGGGATAC-1_3",24,"Intermediate"
"ATCATTCCATTCCTCG-1_3",24,"Activated"
"ATCATTCCATTGTGCA-1_3",24,"Intermediate"
"ATCATTCTCGGCACTG-1_3",24,"Resting"
"ATCATTCTCTCAGAAC-1_3",24,"Activated"
"ATCCACCCACAGCCAC-1_3",24,"Intermediate"
"ATCCACCGTCAGGTAG-1_3",24,"Intermediate"
"ATCCACCTCTACTTCA-1_3",24,"Intermediate"
"ATCCATTAGATAGCAT-1_3",24,"Intermediate"
"ATCCATTGTGATTCAC-1_3",24,"Resting"
"ATCCATTGTTCTCGCT-1_3",24,"Intermediate"
"ATCCATTTCAAGCTTG-1_3",24,"Intermediate"
"ATCCATTTCATTGTGG-1_3",24,"Intermediate"
"ATCCATTTCGGTCAGC-1_3",24,"Activated"
"ATCCCTGAGTGCCAGA-1_3",24,"Activated"
"ATCCCTGCACAATGCT-1_3",24,"Treg"
"ATCCCTGCACCTCAGG-1_3",24,"Activated"
"ATCCCTGTCAGGGATG-1_3",24,"Activated"
"ATCCGTCAGACCTCAT-1_3",24,"Intermediate"
"ATCCGTCCAACGAGGT-1_3",24,"Intermediate"
"ATCCGTCCACGACGTC-1_3",24,"Resting"
"ATCCGTCCATGCAGGA-1_3",24,"Intermediate"
"ATCCGTCGTATCCTCC-1_3",24,"Activated"
"ATCCGTCGTATGCAAA-1_3",24,"Intermediate"
"ATCCGTCGTCCTTGTC-1_3",24,"Intermediate"
"ATCCGTCGTGAATGAT-1_3",24,"Activated"
"ATCCGTCGTTGCGGCT-1_3",24,"Intermediate"
"ATCCGTCTCACGAGGA-1_3",24,"Activated"
"ATCCGTCTCGAAATCC-1_3",24,"Intermediate"
"ATCCTATAGACCTCCG-1_3",24,"Activated"
"ATCCTATAGGTAGATT-1_3",24,"Activated"
"ATCCTATCACAGACGA-1_3",24,"Intermediate"
"ATCCTATCACTTGTGA-1_3",24,"Intermediate"
"ATCCTATTCACGACTA-1_3",24,"Resting"
"ATCGATGAGGGCCAAT-1_3",24,"Intermediate"
"ATCGATGCAAGACGAC-1_3",24,"Intermediate"
"ATCGATGCACCGCTAG-1_3",24,"Resting"
"ATCGATGCATTGCTGA-1_3",24,"Activated"
"ATCGATGGTCTGTGTA-1_3",24,"Intermediate"
"ATCGATGGTGTCTTCC-1_3",24,"Activated"
"ATCGATGGTTAGGCTT-1_3",24,"Activated"
"ATCGCCTAGACCTTTG-1_3",24,"Resting"
"ATCGCCTCACGACGTC-1_3",24,"Intermediate"
"ATCGCCTGTAGCGATG-1_3",24,"Activated"
"ATCGCCTGTCAACATC-1_3",24,"Intermediate"
"ATCGCCTTCTCTTCAA-1_3",24,"Intermediate"
"ATCGGATGTCCAACGC-1_3",24,"Intermediate"
"ATCGGATGTCCAAGAG-1_3",24,"Resting"
"ATCGGATGTGTCCATA-1_3",24,"Activated"
"ATCGGATGTTGGTGTT-1_3",24,"Intermediate"
"ATCGGATTCAGTGATC-1_3",24,"Activated"
"ATCGGATTCGGACTTA-1_3",24,"Resting"
"ATCGGCGAGGAGTATT-1_3",24,"Intermediate"
"ATCGGCGCACCGGCTA-1_3",24,"Resting"
"ATCGGCGGTATTGACC-1_3",24,"Activated"
"ATCGGCGGTCAACACT-1_3",24,"Resting"
"ATCGGCGTCCAACCAA-1_3",24,"Activated"
"ATCGTAGAGACAGCTG-1_3",24,"Intermediate"
"ATCGTAGAGACCAGAC-1_3",24,"Intermediate"
"ATCGTAGAGAGAATCT-1_3",24,"Activated"
"ATCGTAGCAGAGGTTG-1_3",24,"Activated"
"ATCGTAGGTCGCATGC-1_3",24,"Resting"
"ATCGTCCAGAGTTGCG-1_3",24,"Intermediate"
"ATCGTCCAGGTCATCT-1_3",24,"Activated"
"ATCGTCCCAGCACACC-1_3",24,"Intermediate"
"ATCGTCCCAGTTGAAA-1_3",24,"Intermediate"
"ATCGTCCCATGGCTGC-1_3",24,"Intermediate"
"ATCGTCCGTAGTGGCA-1_3",24,"Resting"
"ATCGTCCGTCGGAACA-1_3",24,"Activated"
"ATCGTCCTCGAGAAAT-1_3",24,"Activated"
"ATCGTGAAGTACTGGG-1_3",24,"Intermediate"
"ATCGTGAAGTTCCAGT-1_3",24,"Intermediate"
"ATCGTGACACAGCATT-1_3",24,"Resting"
"ATCGTGAGTTCTCAGA-1_3",24,"Activated"
"ATCGTGATCAGCATTG-1_3",24,"Treg"
"ATCGTGATCATTCGGA-1_3",24,"Intermediate"
"ATCTCTAAGACGTCCC-1_3",24,"Activated"
"ATCTCTAAGAGTCAAT-1_3",24,"Resting"
"ATCTCTAAGGGAACAA-1_3",24,"Intermediate"
"ATCTCTAAGTTGAAAC-1_3",24,"Intermediate"
"ATCTCTACAGCTTTCC-1_3",24,"Intermediate"
"ATCTCTACAGGTCCGT-1_3",24,"Resting"
"ATCTCTAGTCATACCA-1_3",24,"Intermediate"
"ATCTCTATCCCATACC-1_3",24,"Intermediate"
"ATCTCTATCCGGTAGC-1_3",24,"Intermediate"
"ATCTCTATCCTTGGAA-1_3",24,"Intermediate"
"ATCTCTATCGATACTG-1_3",24,"Resting"
"ATCTCTATCTTGGAAC-1_3",24,"Activated"
"ATCTTCAAGCATCAGG-1_3",24,"Intermediate"
"ATCTTCAAGGTATCTC-1_3",24,"Activated"
"ATCTTCAAGTCTGCAT-1_3",24,"Resting"
"ATCTTCAAGTGAGGCT-1_3",24,"Resting"
"ATCTTCACAAGTTGGG-1_3",24,"Intermediate"
"ATCTTCACACACCTGG-1_3",24,"Activated"
"ATCTTCACAGTTTCGA-1_3",24,"Treg"
"ATCTTCAGTCACGTGC-1_3",24,"Activated"
"ATCTTCAGTGACACAG-1_3",24,"Resting"
"ATGAAAGGTACGCTAT-1_3",24,"Resting"
"ATGAAAGGTTGCGGCT-1_3",24,"Activated"
"ATGAAAGTCATCACCC-1_3",24,"Intermediate"
"ATGAAAGTCCATCTCG-1_3",24,"Resting"
"ATGAAAGTCGCTTACC-1_3",24,"Activated"
"ATGAAAGTCGGCTCTT-1_3",24,"Intermediate"
"ATGAAAGTCTAGGCAT-1_3",24,"Resting"
"ATGACCAAGAAATGGG-1_3",24,"Activated"
"ATGACCAAGAGAGAAC-1_3",24,"Intermediate"
"ATGACCACACTTGAGT-1_3",24,"Resting"
"ATGACCAGTCACCCTT-1_3",24,"Intermediate"
"ATGACCAGTTAAGAAC-1_3",24,"Activated"
"ATGAGGGGTCCACGCA-1_3",24,"Activated"
"ATGAGTCAGACATATG-1_3",24,"Resting"
"ATGAGTCCACTCACTC-1_3",24,"Intermediate"
"ATGAGTCTCTGTCCGT-1_3",24,"Resting"
"ATGATCGAGTTTCAGC-1_3",24,"Resting"
"ATGATCGCAGTCGAGA-1_3",24,"Intermediate"
"ATGATCGCATCATCCC-1_3",24,"Activated"
"ATGATCGGTGGCTCTG-1_3",24,"Activated"
"ATGATCGGTGGTTCTA-1_3",24,"Resting"
"ATGATCGGTGTAACGG-1_3",24,"Intermediate"
"ATGATCGTCACCATCC-1_3",24,"Activated"
"ATGATCGTCACCCTGT-1_3",24,"Activated"
"ATGATCGTCCATTTGT-1_3",24,"Resting"
"ATGATCGTCTTGTGCC-1_3",24,"Intermediate"
"ATGCATGAGTAATACG-1_3",24,"Activated"
"ATGCATGAGTATAGAC-1_3",24,"Activated"
"ATGCATGAGTTGCCCG-1_3",24,"Intermediate"
"ATGCATGGTATCGCGC-1_3",24,"Intermediate"
"ATGCATGGTGGACTGA-1_3",24,"Resting"
"ATGCCTCAGAAACTCA-1_3",24,"Intermediate"
"ATGCCTCCAATTGGTC-1_3",24,"Resting"
"ATGCCTCGTATGGTAA-1_3",24,"Intermediate"
"ATGCCTCTCAAGCTTG-1_3",24,"Resting"
"ATGCCTCTCACCACAA-1_3",24,"Intermediate"
"ATGCCTCTCCAACTGA-1_3",24,"Activated"
"ATGCCTCTCCGATCTC-1_3",24,"Intermediate"
"ATGCGATAGGTTCATC-1_3",24,"Treg"
"ATGCGATAGTAGGTTA-1_3",24,"Activated"
"ATGCGATCAATTGCTG-1_3",24,"Activated"
"ATGGAGGAGCAAACAT-1_3",24,"Activated"
"ATGGAGGCATGGCTAT-1_3",24,"Resting"
"ATGGAGGTCACTCTTA-1_3",24,"Intermediate"
"ATGGAGGTCCCGTGAG-1_3",24,"Activated"
"ATGGAGGTCGACCATA-1_3",24,"Intermediate"
"ATGGAGGTCTCTCCGA-1_3",24,"Resting"
"ATGGATCAGACCAGCA-1_3",24,"Resting"
"ATGGATCCATCGATCA-1_3",24,"Activated"
"ATGGATCTCGGCTGTG-1_3",24,"Activated"
"ATGGGAGAGAGGCTGT-1_3",24,"Resting"
"ATGGGAGAGAGTCAGC-1_3",24,"Treg"
"ATGGGAGAGCAAATGT-1_3",24,"Intermediate"
"ATGGGAGCACACGCCA-1_3",24,"Intermediate"
"ATGGGAGCACATGAAA-1_3",24,"Resting"
"ATGGGAGCACCGCTGA-1_3",24,"Resting"
"ATGGGAGCACCGGTCA-1_3",24,"Intermediate"
"ATGGGAGCATTCGATG-1_3",24,"Resting"
"ATGGGAGCATTGTACG-1_3",24,"Activated"
"ATGGGAGGTATAATGG-1_3",24,"Intermediate"
"ATGGGAGTCACCTTAT-1_3",24,"Intermediate"
"ATGGGTTAGGCTGTAG-1_3",24,"Intermediate"
"ATGGGTTCAATGCAAA-1_3",24,"Activated"
"ATGGGTTCATACTTTC-1_3",24,"Intermediate"
"ATGGTTGAGGATCACG-1_3",24,"Activated"
"ATGGTTGAGTATGACA-1_3",24,"Resting"
"ATGGTTGGTTCTTGCC-1_3",24,"Intermediate"
"ATGGTTGTCCTCTAGC-1_3",24,"Intermediate"
"ATGGTTGTCGACCACG-1_3",24,"Activated"
"ATGTCCCAGTGAATAC-1_3",24,"Activated"
"ATGTCCCCAGAAGTGC-1_3",24,"Activated"
"ATGTCTTAGGTTGACG-1_3",24,"Resting"
"ATGTCTTGTAGACTGG-1_3",24,"Activated"
"ATGTCTTGTTCAAGGG-1_3",24,"Intermediate"
"ATTACCTAGACGATAT-1_3",24,"Intermediate"
"ATTACCTCAGCGTGCT-1_3",24,"Intermediate"
"ATTACCTGTCGCACGT-1_3",24,"Resting"
"ATTACCTGTGACTCGC-1_3",24,"Activated"
"ATTACCTTCAGAGTGG-1_3",24,"Intermediate"
"ATTACCTTCATCCCGT-1_3",24,"Activated"
"ATTACCTTCTCCATAT-1_3",24,"Intermediate"
"ATTACTCAGCAGCAGT-1_3",24,"Activated"
"ATTACTCCACCCTTAC-1_3",24,"Intermediate"
"ATTACTCGTACACGTT-1_3",24,"Intermediate"
"ATTACTCTCCCGTTCA-1_3",24,"Intermediate"
"ATTATCCCAAAGGGCT-1_3",24,"Activated"
"ATTATCCCAACAGAGC-1_3",24,"Activated"
"ATTATCCCATCACCAA-1_3",24,"Intermediate"
"ATTATCCGTACCGTGC-1_3",24,"Intermediate"
"ATTATCCGTGTAGCAG-1_3",24,"Intermediate"
"ATTATCCTCTTCGTAT-1_3",24,"Resting"
"ATTCACTCATCCGGTG-1_3",24,"Intermediate"
"ATTCAGGAGCCGAATG-1_3",24,"Activated"
"ATTCAGGAGGCGCTTC-1_3",24,"Activated"
"ATTCAGGAGTGGACGT-1_3",24,"Activated"
"ATTCAGGCAACACGAG-1_3",24,"Resting"
"ATTCAGGCAGATTAAG-1_3",24,"Resting"
"ATTCAGGCATTCTCCG-1_3",24,"Activated"
"ATTCAGGGTAGAAACT-1_3",24,"Intermediate"
"ATTCAGGGTATGAGGC-1_3",24,"Intermediate"
"ATTCAGGGTATGTCCA-1_3",24,"Intermediate"
"ATTCATCGTTAACAGA-1_3",24,"Resting"
"ATTCATCGTTATGGTC-1_3",24,"Intermediate"
"ATTCATCTCATCTCTA-1_3",24,"Activated"
"ATTCCATCAGCAAGAC-1_3",24,"Activated"
"ATTCCATTCTCATGCC-1_3",24,"Intermediate"
"ATTCCATTCTGGGCAC-1_3",24,"Activated"
"ATTCCATTCTTTGCAT-1_3",24,"Intermediate"
"ATTCCCGAGCAATAAC-1_3",24,"Intermediate"
"ATTCCCGAGCGCGTTC-1_3",24,"Treg"
"ATTCCCGAGGGAACAA-1_3",24,"Activated"
"ATTCCCGAGTAAAGCT-1_3",24,"Activated"
"ATTCCCGAGTTTGTCG-1_3",24,"Resting"
"ATTCCCGCAGGTCAAG-1_3",24,"Intermediate"
"ATTCCCGCAGTTAGGG-1_3",24,"Intermediate"
"ATTCCCGGTACGTACT-1_3",24,"Activated"
"ATTCCCGGTTCGAACT-1_3",24,"Resting"
"ATTCCCGGTTCTCACC-1_3",24,"Intermediate"
"ATTCCCGGTTTCACAG-1_3",24,"Activated"
"ATTCCTAAGAAGATCT-1_3",24,"Activated"
"ATTCCTAAGAATTGCA-1_3",24,"Intermediate"
"ATTCCTAAGCGTATAA-1_3",24,"Intermediate"
"ATTCCTAAGGCCACTC-1_3",24,"Resting"
"ATTCCTACACCCAAGC-1_3",24,"Intermediate"
"ATTCCTACAGATACCT-1_3",24,"Intermediate"
"ATTCCTACAGCTACCG-1_3",24,"Activated"
"ATTCCTAGTCACCACG-1_3",24,"Intermediate"
"ATTCGTTAGATGTTGA-1_3",24,"Activated"
"ATTCGTTAGGAGATAG-1_3",24,"Resting"
"ATTCGTTAGGTATCTC-1_3",24,"Activated"
"ATTCGTTAGTGATTCC-1_3",24,"Activated"
"ATTCGTTCATTAAAGG-1_3",24,"Activated"
"ATTCGTTGTAGTCCTA-1_3",24,"Activated"
"ATTCTACAGCTCATAC-1_3",24,"Activated"
"ATTCTACAGGTTGACG-1_3",24,"Resting"
"ATTCTACCAACAAGTA-1_3",24,"Resting"
"ATTCTACCAATTTCCT-1_3",24,"Activated"
"ATTCTACCACTACGGC-1_3",24,"Intermediate"
"ATTCTACCAGTCGCTG-1_3",24,"Intermediate"
"ATTCTACGTAGGACTG-1_3",24,"Treg"
"ATTCTACGTTCTCTCG-1_3",24,"Activated"
"ATTCTTGAGGGCCAAT-1_3",24,"Activated"
"ATTCTTGAGTATCTGC-1_3",24,"Intermediate"
"ATTCTTGCAAATACAG-1_3",24,"Intermediate"
"ATTCTTGCATCCAACA-1_3",24,"Resting"
"ATTCTTGGTAGATGTA-1_3",24,"Intermediate"
"ATTCTTGGTAGCCAGA-1_3",24,"Resting"
"ATTCTTGGTTAACCTG-1_3",24,"Intermediate"
"ATTCTTGTCGAACTCA-1_3",24,"Intermediate"
"ATTCTTGTCGGATAAA-1_3",24,"Intermediate"
"ATTCTTGTCTCAACCC-1_3",24,"Intermediate"
"ATTGGGTCAAATAGCA-1_3",24,"Intermediate"
"ATTGGGTCAAGAATGT-1_3",24,"Activated"
"ATTGGGTTCGTCAGAT-1_3",24,"Resting"
"ATTGGGTTCTATACTC-1_3",24,"Activated"
"ATTGTTCCACACCAGC-1_3",24,"Activated"
"ATTGTTCCAGCAGGAT-1_3",24,"Resting"
"ATTGTTCGTAGGCTCC-1_3",24,"Intermediate"
"ATTGTTCGTCATAGTC-1_3",24,"Intermediate"
"ATTGTTCGTGAGATCG-1_3",24,"Activated"
"ATTGTTCGTTTGACAC-1_3",24,"Intermediate"
"ATTGTTCTCCCTCGAT-1_3",24,"Activated"
"ATTGTTCTCTTCCCGA-1_3",24,"Activated"
"ATTTACCCAGTCGGAA-1_3",24,"Intermediate"
"ATTTACCTCACTCCGT-1_3",24,"Resting"
"ATTTCACCAACGTAAA-1_3",24,"Treg"
"ATTTCACGTTGAGAGC-1_3",24,"Resting"
"ATTTCACTCCACTTCG-1_3",24,"Intermediate"
"ATTTCTGAGCAAGGAA-1_3",24,"Intermediate"
"ATTTCTGCACGGTGCT-1_3",24,"Intermediate"
"ATTTCTGCAGCCGGTT-1_3",24,"Intermediate"
"ATTTCTGGTATGAGCG-1_3",24,"Intermediate"
"ATTTCTGGTGGCTAGA-1_3",24,"Intermediate"
"ATTTCTGTCACTGGTA-1_3",24,"Activated"
"CAAAGAAAGGCCCGTT-1_3",24,"Intermediate"
"CAAAGAACAGTAACAA-1_3",24,"Activated"
"CAAAGAACATTCTCTA-1_3",24,"Intermediate"
"CAAAGAAGTCCGGTCA-1_3",24,"Activated"
"CAAAGAAGTGAAAGTT-1_3",24,"Activated"
"CAACAACAGCGTTCCG-1_3",24,"Activated"
"CAACAACAGTAACGAT-1_3",24,"Activated"
"CAACAACCAATGAACA-1_3",24,"Intermediate"
"CAACAACCATCATTTC-1_3",24,"Intermediate"
"CAACAACTCAAGGTGG-1_3",24,"Activated"
"CAACAGTAGCTAGTTC-1_3",24,"Activated"
"CAACAGTAGTAACCGG-1_3",24,"Activated"
"CAACAGTCAATTCGTG-1_3",24,"Intermediate"
"CAACAGTGTGAACGGT-1_3",24,"Intermediate"
"CAACAGTGTGGCTAGA-1_3",24,"Resting"
"CAACAGTGTGGTATGG-1_3",24,"Activated"
"CAACAGTGTGTCCATA-1_3",24,"Activated"
"CAACAGTGTTCTTAGG-1_3",24,"Activated"
"CAACAGTTCTGATGGT-1_3",24,"Intermediate"
"CAACCAAAGATGACAT-1_3",24,"Intermediate"
"CAACCAAAGCTCCCTT-1_3",24,"Intermediate"
"CAACCAAAGTATCTGC-1_3",24,"Resting"
"CAACCAACAAACCGGA-1_3",24,"Intermediate"
"CAACCAAGTAGCGAGT-1_3",24,"Activated"
"CAACCAAGTGAACGGT-1_3",24,"Intermediate"
"CAACCAAGTGTTATCG-1_3",24,"Resting"
"CAACCAATCACGTCCT-1_3",24,"Intermediate"
"CAACCAATCCTGTTGC-1_3",24,"Intermediate"
"CAACCTCAGCTGACAG-1_3",24,"Resting"
"CAACCTCAGGCAGTCA-1_3",24,"Intermediate"
"CAACCTCCACGTAGAG-1_3",24,"Intermediate"
"CAACCTCGTATAGGAT-1_3",24,"Resting"
"CAACCTCGTGTGACCC-1_3",24,"Intermediate"
"CAACCTCTCATCTACT-1_3",24,"Intermediate"
"CAACGATAGAAACACT-1_3",24,"Activated"
"CAACGATCAAAGTGTA-1_3",24,"Activated"
"CAACGATCACCCTGAG-1_3",24,"Activated"
"CAACGATCATCACGGC-1_3",24,"Intermediate"
"CAACGATCATCCTTGC-1_3",24,"Activated"
"CAACGATGTACCTAAC-1_3",24,"Intermediate"
"CAACGATGTAGCGTCC-1_3",24,"Resting"
"CAACGATGTTGTCCCT-1_3",24,"Resting"
"CAACGATTCATACAGC-1_3",24,"Resting"
"CAACGATTCCTTCACG-1_3",24,"Intermediate"
"CAACGGCAGATAGCTA-1_3",24,"Resting"
"CAACGGCAGATTAGAC-1_3",24,"Activated"
"CAACGGCGTATCAGGG-1_3",24,"Intermediate"
"CAACGGCGTCCCTGTT-1_3",24,"Intermediate"
"CAACGGCGTTATGTCG-1_3",24,"Intermediate"
"CAACGGCTCCGGCAAC-1_3",24,"Intermediate"
"CAACGGCTCTACGGTA-1_3",24,"Intermediate"
"CAAGACTAGGCAGGTT-1_3",24,"Activated"
"CAAGACTAGGTTAGTA-1_3",24,"Intermediate"
"CAAGACTAGTTACGTC-1_3",24,"Intermediate"
"CAAGACTCAACTGATC-1_3",24,"Resting"
"CAAGACTCAAGGAGTC-1_3",24,"Intermediate"
"CAAGACTCACATCATG-1_3",24,"Intermediate"
"CAAGACTCACGCTGAC-1_3",24,"Activated"
"CAAGACTGTCTTACAG-1_3",24,"Activated"
"CAAGACTGTTAAGAAC-1_3",24,"Intermediate"
"CAAGACTGTTTACGAC-1_3",24,"Treg"
"CAAGAGGCAATACGCT-1_3",24,"Intermediate"
"CAAGAGGCAGCTGGTC-1_3",24,"Intermediate"
"CAAGAGGGTAGTCACT-1_3",24,"Intermediate"
"CAAGAGGGTTTCCCAC-1_3",24,"Resting"
"CAAGAGGTCGGAAACG-1_3",24,"Activated"
"CAAGAGGTCTGGGTCG-1_3",24,"Resting"
"CAAGCTAAGCCGTTAT-1_3",24,"Resting"
"CAAGCTAAGGTTCCGC-1_3",24,"Treg"
"CAAGCTAGTGATACCT-1_3",24,"Intermediate"
"CAAGCTAGTGCACATT-1_3",24,"Activated"
"CAAGCTAGTTAGCTAC-1_3",24,"Intermediate"
"CAAGCTATCGAGTGAG-1_3",24,"Activated"
"CAAGCTATCTCTGCTG-1_3",24,"Intermediate"
"CAAGGGAAGTATGATG-1_3",24,"Intermediate"
"CAAGGGACAAGACGAC-1_3",24,"Activated"
"CAAGGGACACTGGACC-1_3",24,"Resting"
"CAAGGGAGTCCAAAGG-1_3",24,"Activated"
"CAAGGGAGTCCTTGTC-1_3",24,"Resting"
"CAAGGGATCACTCTTA-1_3",24,"Intermediate"
"CAAGGGATCAGTCATG-1_3",24,"Activated"
"CAATACGAGGCTTAGG-1_3",24,"Activated"
"CAATACGGTAAGTCAA-1_3",24,"Intermediate"
"CAATACGTCGTCAAAC-1_3",24,"Intermediate"
"CAATACGTCTGCACCT-1_3",24,"Intermediate"
"CAATCGAGTACTAAGA-1_3",24,"Activated"
"CAATCGAGTGAGAACC-1_3",24,"Intermediate"
"CAATCGATCAGCCTCT-1_3",24,"Intermediate"
"CAATCGATCATGAGGG-1_3",24,"Intermediate"
"CAATGACAGCCGTTGC-1_3",24,"Intermediate"
"CAATGACCAATGACCT-1_3",24,"Resting"
"CAATGACCAGCGACCT-1_3",24,"Resting"
"CAATGACGTCACTTCC-1_3",24,"Intermediate"
"CAATGACGTGTTAAAG-1_3",24,"Intermediate"
"CAATGACTCAGGGTAG-1_3",24,"Activated"
"CAATGACTCCACGGAC-1_3",24,"Resting"
"CAATGACTCCAGTACA-1_3",24,"Intermediate"
"CAATGACTCGCACGAC-1_3",24,"Resting"
"CAATGACTCTTGGGCG-1_3",24,"Activated"
"CAATTTCCATAAGCAA-1_3",24,"Resting"
"CAATTTCGTTCCCAAA-1_3",24,"Resting"
"CAATTTCTCCCTGTTG-1_3",24,"Intermediate"
"CAATTTCTCCTACGAA-1_3",24,"Intermediate"
"CACAACAAGTAGACCG-1_3",24,"Intermediate"
"CACAACAAGTGCCCGT-1_3",24,"Intermediate"
"CACAACAGTTCTGACA-1_3",24,"Intermediate"
"CACAACATCCATGCAA-1_3",24,"Intermediate"
"CACAACATCCCTGGTT-1_3",24,"Resting"
"CACACAAAGCAGTCTT-1_3",24,"Resting"
"CACACAAAGCGACTTT-1_3",24,"Resting"
"CACACAACAAAGCTAA-1_3",24,"Intermediate"
"CACACAACACCGCTGA-1_3",24,"Activated"
"CACACAAGTACGGCAA-1_3",24,"Activated"
"CACACAAGTCTTGAGT-1_3",24,"Intermediate"
"CACACAAGTGGCTGCT-1_3",24,"Resting"
"CACACAAGTTCGTAAC-1_3",24,"Activated"
"CACACAATCAATCCAG-1_3",24,"Intermediate"
"CACACAATCGCGAAGA-1_3",24,"Intermediate"
"CACACAATCGGCTATA-1_3",24,"Activated"
"CACAGATAGCAGTCTT-1_3",24,"Activated"
"CACAGATCATGCTGCG-1_3",24,"Intermediate"
"CACAGATGTCCAGCCA-1_3",24,"Resting"
"CACAGATGTGTCGCTG-1_3",24,"Intermediate"
"CACAGATGTGTGTGTT-1_3",24,"Intermediate"
"CACAGATTCAATCTTC-1_3",24,"Resting"
"CACAGATTCTTGGTCC-1_3",24,"Activated"
"CACAGGCAGCGACAGT-1_3",24,"Intermediate"
"CACAGGCAGGGAGTTC-1_3",24,"Intermediate"
"CACAGGCGTTGCCAAT-1_3",24,"Intermediate"
"CACAGGCTCGCCTAGG-1_3",24,"Intermediate"
"CACATGAAGCCTCATA-1_3",24,"Activated"
"CACATGAAGCTGTTCA-1_3",24,"Activated"
"CACATGAAGGTACAAT-1_3",24,"Intermediate"
"CACATGACAGGAACCA-1_3",24,"Activated"
"CACATGACATGCGGTC-1_3",24,"Resting"
"CACATGAGTGCATTTG-1_3",24,"Intermediate"
"CACATGATCGCATAGT-1_3",24,"Activated"
"CACATGATCTTAGCCC-1_3",24,"Resting"
"CACCAAAAGCGTGTCC-1_3",24,"Resting"
"CACCAAACATCCGAAT-1_3",24,"Intermediate"
"CACCAAAGTATGGAAT-1_3",24,"Resting"
"CACCAAATCCGTTGAA-1_3",24,"Resting"
"CACCGTTCACCGGCTA-1_3",24,"Activated"
"CACCGTTGTCGCTCGA-1_3",24,"Activated"
"CACCGTTTCTCCCATG-1_3",24,"Activated"
"CACGAATAGACTACCT-1_3",24,"Resting"
"CACGAATCAGAAGTGC-1_3",24,"Activated"
"CACGAATCATGGATCT-1_3",24,"Intermediate"
"CACGAATCATTGACCA-1_3",24,"Activated"
"CACGAATTCAGTCTTT-1_3",24,"Intermediate"
"CACGAATTCATAAGGA-1_3",24,"Resting"
"CACGAATTCATCCTAT-1_3",24,"Intermediate"
"CACGAATTCCTATTGT-1_3",24,"Resting"
"CACGGGTAGTCTGCAT-1_3",24,"Intermediate"
"CACGGGTAGTGCAGGT-1_3",24,"Intermediate"
"CACGGGTAGTGGTCAG-1_3",24,"Activated"
"CACGGGTGTCCGGTGT-1_3",24,"Intermediate"
"CACGGGTGTTCCGTTC-1_3",24,"Intermediate"
"CACGTGGAGGTAGTAT-1_3",24,"Resting"
"CACGTGGCACATTACG-1_3",24,"Intermediate"
"CACGTGGGTCCACATA-1_3",24,"Activated"
"CACGTGGGTTACCCAA-1_3",24,"Activated"
"CACGTGGTCGAGTGGA-1_3",24,"Intermediate"
"CACGTTCAGCGGGTTA-1_3",24,"Resting"
"CACGTTCAGGATAATC-1_3",24,"Activated"
"CACGTTCAGGATTTAG-1_3",24,"Activated"
"CACGTTCAGGTGATCG-1_3",24,"Resting"
"CACGTTCAGTTGAAGT-1_3",24,"Intermediate"
"CACGTTCCATAGACTC-1_3",24,"Activated"
"CACGTTCGTCAAAGAT-1_3",24,"Activated"
"CACGTTCTCGGTGAAG-1_3",24,"Intermediate"
"CACTAAGAGATTGCGG-1_3",24,"Intermediate"
"CACTAAGAGCCAACCC-1_3",24,"Intermediate"
"CACTAAGCATGAATCC-1_3",24,"Activated"
"CACTAAGGTACTGCGC-1_3",24,"Activated"
"CACTAAGGTCCTGTTC-1_3",24,"Intermediate"
"CACTAAGGTCGCGGTT-1_3",24,"Intermediate"
"CACTAAGTCCGTGTCT-1_3",24,"Activated"
"CACTAAGTCTCCCTAG-1_3",24,"Activated"
"CACTAAGTCTGGTGCG-1_3",24,"Intermediate"
"CACTAAGTCTGTGTGA-1_3",24,"Activated"
"CACTGAAAGCTCGCAC-1_3",24,"Intermediate"
"CACTGAAAGGCCTAGA-1_3",24,"Resting"
"CACTGAACAGCTGTGC-1_3",24,"Activated"
"CACTGAAGTGCATCTA-1_3",24,"Resting"
"CACTGAAGTGTAAACA-1_3",24,"Activated"
"CACTGGGAGAAGAGCA-1_3",24,"Intermediate"
"CACTGGGAGGCCTTGC-1_3",24,"Resting"
"CACTGGGAGGTGCTTT-1_3",24,"Activated"
"CACTGGGCAAGATTGA-1_3",24,"Intermediate"
"CACTGGGCACGTATAC-1_3",24,"Resting"
"CACTGGGGTGCCGAAA-1_3",24,"Activated"
"CACTGGGGTTGCGAAG-1_3",24,"Intermediate"
"CACTGGGTCATCCCGT-1_3",24,"Intermediate"
"CACTGGGTCGTGCGAC-1_3",24,"Intermediate"
"CACTGTCAGTTATGGA-1_3",24,"Intermediate"
"CACTGTCGTAACATCC-1_3",24,"Intermediate"
"CACTGTCGTAACGCGA-1_3",24,"Activated"
"CACTGTCGTTATCTTC-1_3",24,"Activated"
"CACTGTCTCGTTCCCA-1_3",24,"Activated"
"CACTTCGAGCTAGTTC-1_3",24,"Intermediate"
"CACTTCGAGTTACGGG-1_3",24,"Activated"
"CACTTCGCAATCGTCA-1_3",24,"Intermediate"
"CACTTCGGTGGCAGAT-1_3",24,"Resting"
"CACTTCGGTTCGATTG-1_3",24,"Intermediate"
"CACTTCGGTTGCGTAT-1_3",24,"Intermediate"
"CACTTCGTCCTATTTG-1_3",24,"Resting"
"CACTTCGTCGCTTAAG-1_3",24,"Activated"
"CACTTCGTCTCTCAAT-1_3",24,"Resting"
"CAGAGCCAGGTGTGAC-1_3",24,"Resting"
"CAGAGCCCATAGTCAC-1_3",24,"Activated"
"CAGAGCCGTACTAGCT-1_3",24,"Intermediate"
"CAGAGCCTCAGCTGTA-1_3",24,"Activated"
"CAGATACAGACCATGG-1_3",24,"Activated"
"CAGATACAGCACTCGC-1_3",24,"Intermediate"
"CAGATACAGTAGTGCG-1_3",24,"Intermediate"
"CAGATACGTAGACGTG-1_3",24,"Intermediate"
"CAGATACGTTTACCAG-1_3",24,"Activated"
"CAGATACTCACCTCTG-1_3",24,"Resting"
"CAGATACTCGGTGTTA-1_3",24,"Intermediate"
"CAGATACTCTAGATCG-1_3",24,"Activated"
"CAGATCACACGCGCTA-1_3",24,"Intermediate"
"CAGATCAGTACCCGAC-1_3",24,"Intermediate"
"CAGATCATCCTGTTAT-1_3",24,"Intermediate"
"CAGATCATCGACATCA-1_3",24,"Resting"
"CAGATCATCGAGAACG-1_3",24,"Intermediate"
"CAGATCATCGAGCTGC-1_3",24,"Resting"
"CAGATCATCTTAGCAG-1_3",24,"Intermediate"
"CAGATTGCAATTGCGT-1_3",24,"Activated"
"CAGATTGCATCACGGC-1_3",24,"Activated"
"CAGATTGCATGGACAG-1_3",24,"Intermediate"
"CAGATTGCATTGACAC-1_3",24,"Resting"
"CAGATTGGTCAATCTG-1_3",24,"Intermediate"
"CAGATTGTCTCAGTCC-1_3",24,"Activated"
"CAGCAATCAATACAGA-1_3",24,"Resting"
"CAGCAATCACTGCACG-1_3",24,"Resting"
"CAGCAATCAGACTGCC-1_3",24,"Intermediate"
"CAGCAATTCCGCGGAT-1_3",24,"Resting"
"CAGCACGAGATTCGCT-1_3",24,"Intermediate"
"CAGCACGAGCGAACTG-1_3",24,"Activated"
"CAGCACGAGTTTCGGT-1_3",24,"Intermediate"
"CAGCACGCAACGACTT-1_3",24,"Resting"
"CAGCACGCACAGTCAT-1_3",24,"Activated"
"CAGCACGCATTCACCC-1_3",24,"Intermediate"
"CAGCACGGTATCTTCT-1_3",24,"Resting"
"CAGCACGGTCCTGAAT-1_3",24,"Activated"
"CAGCACGGTGATTGGG-1_3",24,"Intermediate"
"CAGCACGGTGGCTCTG-1_3",24,"Intermediate"
"CAGCACGGTTGGACCC-1_3",24,"Intermediate"
"CAGCACGTCTCGGGAC-1_3",24,"Resting"
"CAGCAGCAGACCTTTG-1_3",24,"Intermediate"
"CAGCAGCAGAGTATAC-1_3",24,"Intermediate"
"CAGCAGCAGCTTTCCC-1_3",24,"Resting"
"CAGCAGCAGTGGCGAT-1_3",24,"Activated"
"CAGCAGCCAAGGAGTC-1_3",24,"Resting"
"CAGCAGCCAGTGGCTC-1_3",24,"Intermediate"
"CAGCAGCGTGCCTATA-1_3",24,"Activated"
"CAGCAGCGTTTCGCTC-1_3",24,"Intermediate"
"CAGCAGCTCCAAGGGA-1_3",24,"Intermediate"
"CAGCAGCTCCATAGGT-1_3",24,"Activated"
"CAGCCAGAGGCTCAAG-1_3",24,"Resting"
"CAGCCAGCAAGAGATT-1_3",24,"Intermediate"
"CAGCCAGCAATGTTGC-1_3",24,"Activated"
"CAGCCAGCACATAGCT-1_3",24,"Activated"
"CAGCCAGGTGTAGCAG-1_3",24,"Activated"
"CAGCCAGTCGTGGCTG-1_3",24,"Resting"
"CAGCCAGTCTATTTCG-1_3",24,"Resting"
"CAGCGTGAGTCGCCAC-1_3",24,"Resting"
"CAGCGTGAGTTTGTCG-1_3",24,"Resting"
"CAGCGTGGTATCATGC-1_3",24,"Intermediate"
"CAGCGTGGTTGAGAGC-1_3",24,"Activated"
"CAGGCCAAGCCACAAG-1_3",24,"Intermediate"
"CAGGCCAGTCTTAGTG-1_3",24,"Activated"
"CAGGCCAGTGCTGATT-1_3",24,"Resting"
"CAGGCCATCGTAGGGA-1_3",24,"Activated"
"CAGGCCATCTAGGCAT-1_3",24,"Intermediate"
"CAGGGCTAGCATGCAG-1_3",24,"Resting"
"CAGGGCTCACATTCTT-1_3",24,"Activated"
"CAGGGCTGTGCATCTA-1_3",24,"Activated"
"CAGGGCTGTTATTCCT-1_3",24,"Intermediate"
"CAGGGCTTCTGCTGAA-1_3",24,"Intermediate"
"CAGGTATAGATTTGCC-1_3",24,"Intermediate"
"CAGGTATAGCGTTCCG-1_3",24,"Activated"
"CAGGTATAGCTAGCCC-1_3",24,"Activated"
"CAGGTATAGGCCTTGC-1_3",24,"Intermediate"
"CAGGTATGTCAAAGTA-1_3",24,"Intermediate"
"CAGTGCGAGGGTATAT-1_3",24,"Activated"
"CAGTGCGCAGAGTCAG-1_3",24,"Intermediate"
"CAGTGCGCAGGAGACT-1_3",24,"Intermediate"
"CAGTGCGGTAGTGCGA-1_3",24,"Intermediate"
"CAGTGCGTCTCTGAGA-1_3",24,"Activated"
"CAGTTAGAGTTAGTAG-1_3",24,"Resting"
"CAGTTAGGTAGCGAGT-1_3",24,"Activated"
"CAGTTAGGTCATCGCG-1_3",24,"Activated"
"CAGTTAGTCTGACGCG-1_3",24,"Intermediate"
"CAGTTAGTCTTGAACG-1_3",24,"Resting"
"CAGTTCCAGGAGGTTC-1_3",24,"Intermediate"
"CAGTTCCAGGTGGGTT-1_3",24,"Intermediate"
"CAGTTCCAGTGGACTG-1_3",24,"Resting"
"CAGTTCCCACAACATC-1_3",24,"Intermediate"
"CAGTTCCCACGGTGTC-1_3",24,"Intermediate"
"CAGTTCCCAGAGACTG-1_3",24,"Intermediate"
"CATAAGCAGAGAGAAC-1_3",24,"Activated"
"CATAAGCTCGAACCTA-1_3",24,"Intermediate"
"CATACAGCATATGCGT-1_3",24,"Intermediate"
"CATACAGGTAGCTGAG-1_3",24,"Intermediate"
"CATACAGGTCTCAAGT-1_3",24,"Intermediate"
"CATACAGGTTTCGTTT-1_3",24,"Intermediate"
"CATACAGTCGCAGTTA-1_3",24,"Activated"
"CATACAGTCTTCCGTG-1_3",24,"Treg"
"CATACCCAGAATGTTG-1_3",24,"Activated"
"CATACCCAGAGCAGTC-1_3",24,"Resting"
"CATACCCAGGTTTACC-1_3",24,"Intermediate"
"CATACCCAGTCTCTGA-1_3",24,"Intermediate"
"CATACCCGTGTCATCA-1_3",24,"Resting"
"CATACTTAGGATTTGA-1_3",24,"Activated"
"CATACTTAGTAGATCA-1_3",24,"Resting"
"CATACTTAGTGGACTG-1_3",24,"Intermediate"
"CATACTTCATATACCG-1_3",24,"Intermediate"
"CATACTTCATTGCCTC-1_3",24,"Intermediate"
"CATACTTGTTGGAGGT-1_3",24,"Resting"
"CATAGACAGGTTCAGG-1_3",24,"Activated"
"CATAGACCACAGCTGC-1_3",24,"Resting"
"CATAGACGTCACAGTT-1_3",24,"Intermediate"
"CATAGACTCGCTAATG-1_3",24,"Activated"
"CATAGACTCTAAACGC-1_3",24,"Activated"
"CATCAAGTCAGGAACG-1_3",24,"Intermediate"
"CATCAAGTCTCGTGAA-1_3",24,"Intermediate"
"CATCCACGTAGCGCTC-1_3",24,"Resting"
"CATCCCAAGTTATGGA-1_3",24,"Resting"
"CATCCCACAAGTTCCA-1_3",24,"Intermediate"
"CATCCCACAGTCAACT-1_3",24,"Resting"
"CATCCCAGTAGACACG-1_3",24,"Intermediate"
"CATCCCAGTCCAAAGG-1_3",24,"Intermediate"
"CATCCCATCGGTCAGC-1_3",24,"Resting"
"CATCCGTAGAATTCAG-1_3",24,"Intermediate"
"CATCCGTAGTAAGAGG-1_3",24,"Activated"
"CATCCGTCAAAGTGTA-1_3",24,"Activated"
"CATCCGTCAATGGCAG-1_3",24,"Intermediate"
"CATCCGTTCACTACTT-1_3",24,"Resting"
"CATCCGTTCTACGGTA-1_3",24,"Resting"
"CATCGCTAGCTAGAGC-1_3",24,"Activated"
"CATCGCTAGTGGTGAC-1_3",24,"Resting"
"CATCGCTGTAAGCGGT-1_3",24,"Resting"
"CATCGCTGTATGAAGT-1_3",24,"Activated"
"CATCGCTTCTATTTCG-1_3",24,"Intermediate"
"CATCGGGCAAAGGCAC-1_3",24,"Intermediate"
"CATCGGGCAAATTGGA-1_3",24,"Intermediate"
"CATCGGGGTGACATCT-1_3",24,"Intermediate"
"CATCGGGGTGCCTTTC-1_3",24,"Activated"
"CATCGGGGTGGTTTAC-1_3",24,"Activated"
"CATCGTCAGCTTTGTG-1_3",24,"Activated"
"CATCGTCCACGCTGTG-1_3",24,"Intermediate"
"CATCGTCCACTGTGTA-1_3",24,"Activated"
"CATGAGTAGATGGTAT-1_3",24,"Intermediate"
"CATGAGTAGCACCGTC-1_3",24,"Activated"
"CATGAGTAGCTTACGT-1_3",24,"Resting"
"CATGAGTAGGCTCAAG-1_3",24,"Resting"
"CATGAGTCAGCACACC-1_3",24,"Activated"
"CATGAGTCAGTTAAAG-1_3",24,"Intermediate"
"CATGAGTCATTGCCGG-1_3",24,"Resting"
"CATGAGTGTCATCAGT-1_3",24,"Intermediate"
"CATGAGTTCGAGAACG-1_3",24,"Resting"
"CATGCAACACCAGCTG-1_3",24,"Resting"
"CATGCAACACCATTCC-1_3",24,"Resting"
"CATGCAACAGTCGGAA-1_3",24,"Intermediate"
"CATGCAACAGTTGTCA-1_3",24,"Activated"
"CATGCAAGTATCAAGA-1_3",24,"Resting"
"CATGCAAGTCTGTGGC-1_3",24,"Resting"
"CATGCAAGTTCCTACC-1_3",24,"Activated"
"CATGCAATCTCTATAC-1_3",24,"Activated"
"CATGCCTCAATCACGT-1_3",24,"Activated"
"CATGCCTCAGAGGTAC-1_3",24,"Intermediate"
"CATGCCTGTTACGGAG-1_3",24,"Intermediate"
"CATGCCTTCCTTCGAC-1_3",24,"Activated"
"CATGCGGAGAGCCATG-1_3",24,"Resting"
"CATGCGGCACCTGCTT-1_3",24,"Intermediate"
"CATGCGGGTCCAACGC-1_3",24,"Activated"
"CATGCGGGTTAGGACG-1_3",24,"Activated"
"CATGCGGGTTCCACGG-1_3",24,"Activated"
"CATGCGGTCCATTGCC-1_3",24,"Activated"
"CATGCGGTCCTAGCTC-1_3",24,"Resting"
"CATGCTCAGCTGCCAC-1_3",24,"Resting"
"CATGCTCAGTTACGTC-1_3",24,"Intermediate"
"CATGCTCCACGACCTG-1_3",24,"Resting"
"CATGCTCGTGGCACTC-1_3",24,"Activated"
"CATGCTCTCCTGGTCT-1_3",24,"Intermediate"
"CATGCTCTCTAACACG-1_3",24,"Treg"
"CATGGATAGTATGAGT-1_3",24,"Intermediate"
"CATGGATCATCCTAAG-1_3",24,"Activated"
"CATGGATCATGGAGAC-1_3",24,"Intermediate"
"CATGGATGTCCGACGT-1_3",24,"Resting"
"CATGGTAAGCTGAAAT-1_3",24,"Activated"
"CATGGTACAACAAGTA-1_3",24,"Intermediate"
"CATGGTAGTAGCGTAG-1_3",24,"Intermediate"
"CATGGTAGTAGGTTTC-1_3",24,"Intermediate"
"CATGGTAGTCCCGGTA-1_3",24,"Intermediate"
"CATGGTAGTGATACAA-1_3",24,"Activated"
"CATGGTATCAGCAGAG-1_3",24,"Resting"
"CATGGTATCTTTGGAG-1_3",24,"Intermediate"
"CATTCATAGTATGGAT-1_3",24,"Activated"
"CATTCATCAACATCGT-1_3",24,"Intermediate"
"CATTCATCAAGAGTAT-1_3",24,"Intermediate"
"CATTCATCACCCTTGT-1_3",24,"Activated"
"CATTCATCACCTTCGT-1_3",24,"Activated"
"CATTCATCACGACCTG-1_3",24,"Activated"
"CATTCATCAGAGCGTA-1_3",24,"Intermediate"
"CATTCATGTACTGACT-1_3",24,"Intermediate"
"CATTCATTCACCATGA-1_3",24,"Activated"
"CATTCATTCCTATGGA-1_3",24,"Intermediate"
"CATTCATTCTCTAAGG-1_3",24,"Treg"
"CATTCCGAGCACTGGA-1_3",24,"Intermediate"
"CATTCCGCAAGCTGTT-1_3",24,"Activated"
"CATTCCGGTAGGTCAG-1_3",24,"Activated"
"CATTCCGTCACTTTGT-1_3",24,"Resting"
"CATTCCGTCGCGTCGA-1_3",24,"Resting"
"CATTCTAAGATTGCGG-1_3",24,"Resting"
"CATTCTAAGTGTACCT-1_3",24,"Activated"
"CATTCTACAACCCTAA-1_3",24,"Resting"
"CATTCTACACACGTGC-1_3",24,"Resting"
"CATTCTAGTCGGAAAC-1_3",24,"Activated"
"CATTCTATCAAACTGC-1_3",24,"Intermediate"
"CATTCTATCGTCCATC-1_3",24,"Intermediate"
"CATTGAGAGTCTAACC-1_3",24,"Intermediate"
"CATTGAGCAATCTCGA-1_3",24,"Intermediate"
"CATTGAGCAGGCTCTG-1_3",24,"Resting"
"CATTGAGGTGAATTGA-1_3",24,"Intermediate"
"CATTGAGTCATTCCTA-1_3",24,"Activated"
"CATTGAGTCCTTATCA-1_3",24,"Intermediate"
"CATTGCCGTAAGTCAA-1_3",24,"Intermediate"
"CATTGCCGTCAATGGG-1_3",24,"Intermediate"
"CATTGCCGTCACAGAG-1_3",24,"Intermediate"
"CATTGCCGTCGTATGT-1_3",24,"Resting"
"CATTGCCTCTACTATC-1_3",24,"Resting"
"CATTGTTCAAATACAG-1_3",24,"Resting"
"CATTGTTCATCGAGCC-1_3",24,"Resting"
"CATTGTTCATTGAAGA-1_3",24,"Intermediate"
"CATTGTTGTTAAGACA-1_3",24,"Resting"
"CATTGTTTCTTACCGC-1_3",24,"Activated"
"CATTTCACATTGACTG-1_3",24,"Intermediate"
"CATTTCAGTATCTCTT-1_3",24,"Activated"
"CATTTCATCCATTGGA-1_3",24,"Activated"
"CCAAGCGAGAAGCGCT-1_3",24,"Activated"
"CCAAGCGAGTAAATGC-1_3",24,"Activated"
"CCAAGCGAGTTTGGCT-1_3",24,"Resting"
"CCAAGCGGTATCACGT-1_3",24,"Activated"
"CCAAGCGGTGAACGGT-1_3",24,"Treg"
"CCAAGCGGTTAGGCTT-1_3",24,"Resting"
"CCAAGCGTCCTTCTTC-1_3",24,"Intermediate"
"CCAAGCGTCGGTGTTA-1_3",24,"Intermediate"
"CCAATGACACGAAGAC-1_3",24,"Resting"
"CCAATGACATGACGGA-1_3",24,"Intermediate"
"CCAATGAGTCCAATCA-1_3",24,"Activated"
"CCAATGAGTCGCCACA-1_3",24,"Intermediate"
"CCAATGAGTGGTCTGC-1_3",24,"Resting"
"CCAATGATCTGACCCT-1_3",24,"Intermediate"
"CCAATGATCTTGGATG-1_3",24,"Intermediate"
"CCAATTTAGTCGGCAA-1_3",24,"Intermediate"
"CCAATTTCAGGTAGTG-1_3",24,"Resting"
"CCAATTTGTGCATCTA-1_3",24,"Activated"
"CCAATTTTCGATGCTA-1_3",24,"Intermediate"
"CCACAAAAGTAGATCA-1_3",24,"Intermediate"
"CCACAAACAAGAGATT-1_3",24,"Activated"
"CCACAAACAATAGAGT-1_3",24,"Intermediate"
"CCACAAACAATAGTGA-1_3",24,"Resting"
"CCACAAATCGAGCACC-1_3",24,"Activated"
"CCACACTCACGCGTGT-1_3",24,"Resting"
"CCACACTGTACCTAGT-1_3",24,"Intermediate"
"CCACACTGTGAATAAC-1_3",24,"Resting"
"CCACACTTCCACACCT-1_3",24,"Intermediate"
"CCACCATAGGGAGTGG-1_3",24,"Intermediate"
"CCACCATAGTATGGAT-1_3",24,"Intermediate"
"CCACCATCATGGTGGA-1_3",24,"Resting"
"CCACCATGTTTCCAAG-1_3",24,"Activated"
"CCACCATTCAGATGCT-1_3",24,"Intermediate"
"CCACCATTCCATTCGC-1_3",24,"Intermediate"
"CCACCATTCCTTACCG-1_3",24,"Activated"
"CCACGAGAGACATAGT-1_3",24,"Resting"
"CCACGAGAGATCCCAT-1_3",24,"Activated"
"CCACGAGCACCCAATA-1_3",24,"Intermediate"
"CCACGAGGTGGTAATA-1_3",24,"Treg"
"CCACGAGTCTCCCATG-1_3",24,"Intermediate"
"CCACGTTAGAATCTAG-1_3",24,"Resting"
"CCACGTTAGTAGACCG-1_3",24,"Intermediate"
"CCACGTTCACTATCCC-1_3",24,"Activated"
"CCACGTTCAGAAATCA-1_3",24,"Resting"
"CCACGTTGTAGCCCTG-1_3",24,"Treg"
"CCACGTTGTATTGAGA-1_3",24,"Resting"
"CCACTTGAGAGAGTTT-1_3",24,"Intermediate"
"CCACTTGAGGTAGTCG-1_3",24,"Activated"
"CCACTTGCAGTTGGTT-1_3",24,"Activated"
"CCACTTGTCTTCTTCC-1_3",24,"Intermediate"
"CCATAAGCACATAACC-1_3",24,"Resting"
"CCATAAGCACTTGGGC-1_3",24,"Intermediate"
"CCATAAGGTCACTACA-1_3",24,"Activated"
"CCATAAGGTCTCTCCA-1_3",24,"Intermediate"
"CCATAAGTCAGAGCAG-1_3",24,"Intermediate"
"CCATAAGTCGTTACCC-1_3",24,"Intermediate"
"CCATCACAGCCATCCG-1_3",24,"Activated"
"CCATCACCAGCAATTC-1_3",24,"Intermediate"
"CCATCACGTGTTGAGG-1_3",24,"Treg"
"CCCAACTAGCAGATAT-1_3",24,"Intermediate"
"CCCAACTAGCCGTAAG-1_3",24,"Activated"
"CCCAACTAGGTCATAA-1_3",24,"Activated"
"CCCAACTAGTCTAACC-1_3",24,"Activated"
"CCCAACTAGTCTTCCC-1_3",24,"Activated"
"CCCAACTCACCTCTAC-1_3",24,"Activated"
"CCCAACTGTAAGATTG-1_3",24,"Activated"
"CCCAACTGTCACCCTT-1_3",24,"Resting"
"CCCATTGAGAAGCGCT-1_3",24,"Intermediate"
"CCCGAAGCACGTAACT-1_3",24,"Intermediate"
"CCCGAAGCATCGCTAA-1_3",24,"Resting"
"CCCGAAGGTAGCACGA-1_3",24,"Activated"
"CCCGAAGGTCGCTTAA-1_3",24,"Activated"
"CCCGGAAAGTAGTCTC-1_3",24,"Activated"
"CCCGGAAAGTTACTCG-1_3",24,"Intermediate"
"CCCGGAACAGGCGAAT-1_3",24,"Activated"
"CCCGGAAGTCTAGGCC-1_3",24,"Activated"
"CCCGGAAGTCTTCCGT-1_3",24,"Intermediate"
"CCCGGAATCGAACACT-1_3",24,"Resting"
"CCCGGAATCGAGAGAC-1_3",24,"Treg"
"CCCTAACAGGACAACC-1_3",24,"Activated"
"CCCTAACCAAAGACTA-1_3",24,"Activated"
"CCCTAACCACATGGTT-1_3",24,"Resting"
"CCCTAACCAGAAGTGC-1_3",24,"Intermediate"
"CCCTAACCATACACCA-1_3",24,"Intermediate"
"CCCTAACTCTATCACT-1_3",24,"Intermediate"
"CCCTCAAAGAATCGTA-1_3",24,"Activated"
"CCCTCAAAGATCGCTT-1_3",24,"Intermediate"
"CCCTCAAGTATCGCAT-1_3",24,"Intermediate"
"CCCTCAAGTGCTCTTC-1_3",24,"Intermediate"
"CCCTCAATCGATGGAG-1_3",24,"Intermediate"
"CCCTCTCAGCGTTCCG-1_3",24,"Activated"
"CCCTCTCAGTGTGTTC-1_3",24,"Intermediate"
"CCCTCTCCAATAAGGT-1_3",24,"Intermediate"
"CCCTCTCCAGTAGTGG-1_3",24,"Activated"
"CCCTCTCGTCACGCTG-1_3",24,"Intermediate"
"CCCTCTCGTTACACTG-1_3",24,"Activated"
"CCCTCTCGTTCGTTCC-1_3",24,"Intermediate"
"CCCTCTCGTTGACGGA-1_3",24,"Activated"
"CCCTCTCTCAAGAGGC-1_3",24,"Activated"
"CCCTCTCTCAATCGGT-1_3",24,"Intermediate"
"CCCTGATCACTGTCCT-1_3",24,"Intermediate"
"CCCTGATCAGATCCAT-1_3",24,"Activated"
"CCCTGATGTGAGATAT-1_3",24,"Activated"
"CCCTTAGAGTAACCTC-1_3",24,"Resting"
"CCCTTAGCAATCGCGC-1_3",24,"Intermediate"
"CCCTTAGGTTACGTAC-1_3",24,"Resting"
"CCCTTAGTCCTTGACC-1_3",24,"Activated"
"CCGAACGGTATCGCAT-1_3",24,"Activated"
"CCGAACGGTCATCTAG-1_3",24,"Activated"
"CCGAACGGTGGACCAA-1_3",24,"Activated"
"CCGAACGTCATCCTGC-1_3",24,"Activated"
"CCGAACGTCATCGTAG-1_3",24,"Resting"
"CCGAACGTCTGGACTA-1_3",24,"Intermediate"
"CCGATCTAGATGTTAG-1_3",24,"Activated"
"CCGATCTAGCCTGCCA-1_3",24,"Intermediate"
"CCGATCTAGGCATCGA-1_3",24,"Treg"
"CCGATCTAGGTCACTT-1_3",24,"Activated"
"CCGATCTAGTACAGCG-1_3",24,"Activated"
"CCGATCTCAAGACCTT-1_3",24,"Resting"
"CCGATCTCAAGGTTGG-1_3",24,"Intermediate"
"CCGATCTCAGTTAAAG-1_3",24,"Resting"
"CCGATCTGTCTGTGGC-1_3",24,"Intermediate"
"CCGATCTTCAAACCCA-1_3",24,"Intermediate"
"CCGATGGAGGCCCACT-1_3",24,"Activated"
"CCGATGGGTACCTGTA-1_3",24,"Intermediate"
"CCGATGGGTTCAGCGC-1_3",24,"Intermediate"
"CCGATGGGTTGCTGAT-1_3",24,"Activated"
"CCGATGGTCGCTGATA-1_3",24,"Activated"
"CCGCAAGCAATTGAGA-1_3",24,"Activated"
"CCGCAAGCACTTCCTG-1_3",24,"Intermediate"
"CCGCAAGCAGCCCACA-1_3",24,"Intermediate"
"CCGCAAGGTGACTATC-1_3",24,"Intermediate"
"CCGGACATCCCGAACG-1_3",24,"Activated"
"CCGGGTAAGATGACCG-1_3",24,"Resting"
"CCGGGTAAGCTAGAAT-1_3",24,"Activated"
"CCGGGTAAGGACGCAT-1_3",24,"Activated"
"CCGGGTAGTCCATAGT-1_3",24,"Activated"
"CCGGGTAGTCGTGATT-1_3",24,"Intermediate"
"CCGGTAGAGCATTGTC-1_3",24,"Activated"
"CCGGTAGAGTATGATG-1_3",24,"Intermediate"
"CCGGTAGCACCAGTTA-1_3",24,"Resting"
"CCGGTAGGTCACCGCA-1_3",24,"Activated"
"CCGGTAGGTTCTTGCC-1_3",24,"Activated"
"CCGGTGATCTATGTGG-1_3",24,"Intermediate"
"CCGTAGGAGTCACGAG-1_3",24,"Intermediate"
"CCGTAGGGTCATTGCA-1_3",24,"Intermediate"
"CCGTAGGTCACAAGAA-1_3",24,"Resting"
"CCGTAGGTCAGCTTGA-1_3",24,"Resting"
"CCGTGAGAGCGACTAG-1_3",24,"Intermediate"
"CCGTGAGGTGGCACTC-1_3",24,"Activated"
"CCGTGAGTCAGAGCAG-1_3",24,"Resting"
"CCGTGAGTCCGTCAAA-1_3",24,"Activated"
"CCGTGAGTCGCCAACG-1_3",24,"Resting"
"CCGTGAGTCTATTTCG-1_3",24,"Activated"
"CCGTTCAAGGTTAAAC-1_3",24,"Resting"
"CCGTTCACAGACCATT-1_3",24,"Intermediate"
"CCGTTCACAGGTACGA-1_3",24,"Activated"
"CCGTTCACAGTAGAGC-1_3",24,"Activated"
"CCGTTCATCCGTCCTA-1_3",24,"Resting"
"CCTAACCCAGACGCTC-1_3",24,"Resting"
"CCTAACCGTTGGTGTT-1_3",24,"Intermediate"
"CCTAAGAAGTATCTGC-1_3",24,"Intermediate"
"CCTAAGAGTGCCTATA-1_3",24,"Activated"
"CCTAAGATCCTAGCTC-1_3",24,"Resting"
"CCTACGTAGCTATCTG-1_3",24,"Resting"
"CCTACGTAGGTTCCGC-1_3",24,"Intermediate"
"CCTACGTAGTTGGACG-1_3",24,"Intermediate"
"CCTACGTGTCGTAATC-1_3",24,"Resting"
"CCTACGTTCAGCGCGT-1_3",24,"Activated"
"CCTACGTTCTACGGGC-1_3",24,"Intermediate"
"CCTATCGAGTGGTTGG-1_3",24,"Intermediate"
"CCTATCGCAGCTGTCG-1_3",24,"Intermediate"
"CCTATCGGTTTCGTGA-1_3",24,"Resting"
"CCTCAACAGAACGCGT-1_3",24,"Activated"
"CCTCAACCACCGGAAA-1_3",24,"Resting"
"CCTCAACGTTAACCTG-1_3",24,"Intermediate"
"CCTCAACTCTGTCCGT-1_3",24,"Activated"
"CCTCACAAGACGCATG-1_3",24,"Resting"
"CCTCACAAGCCGCTTG-1_3",24,"Activated"
"CCTCACACATCATTTC-1_3",24,"Activated"
"CCTCACAGTGAACTAA-1_3",24,"Intermediate"
"CCTCACATCTACCCAC-1_3",24,"Intermediate"
"CCTCACATCTGCGGGT-1_3",24,"Intermediate"
"CCTCAGTAGTGCTCGC-1_3",24,"Activated"
"CCTCAGTGTAACTTCG-1_3",24,"Resting"
"CCTCAGTGTAAGTAGT-1_3",24,"Activated"
"CCTCAGTGTCCAGCGT-1_3",24,"Intermediate"
"CCTCAGTGTCGACTTA-1_3",24,"Intermediate"
"CCTCAGTGTCTTCATT-1_3",24,"Resting"
"CCTCAGTTCCGTCACT-1_3",24,"Intermediate"
"CCTCAGTTCCTAAACG-1_3",24,"Intermediate"
"CCTCATGAGATGTTAG-1_3",24,"Intermediate"
"CCTCATGAGTTGGCTT-1_3",24,"Activated"
"CCTCATGAGTTGTAGA-1_3",24,"Intermediate"
"CCTCATGGTCTAATCG-1_3",24,"Activated"
"CCTCATGGTGCAATGG-1_3",24,"Activated"
"CCTCATGTCCACTTTA-1_3",24,"Activated"
"CCTCCAAAGAGATGCC-1_3",24,"Resting"
"CCTCCAAAGCCATTCA-1_3",24,"Intermediate"
"CCTCCAACAATAACGA-1_3",24,"Intermediate"
"CCTCCAACACCAGTTA-1_3",24,"Activated"
"CCTCCAACATCTTTCA-1_3",24,"Intermediate"
"CCTCCAAGTAACTAAG-1_3",24,"Intermediate"
"CCTCCAAGTCGTGCCA-1_3",24,"Intermediate"
"CCTCCTCAGCACTTTG-1_3",24,"Activated"
"CCTCCTCAGCGCCATC-1_3",24,"Activated"
"CCTCCTCAGGCAGGTT-1_3",24,"Resting"
"CCTCCTCGTACAGTCT-1_3",24,"Resting"
"CCTCCTCGTATACCCA-1_3",24,"Activated"
"CCTCCTCGTCCTCCAT-1_3",24,"Activated"
"CCTCTAGAGCTCGTGC-1_3",24,"Intermediate"
"CCTCTAGAGGCCTGCT-1_3",24,"Intermediate"
"CCTCTAGCAGATTCGT-1_3",24,"Intermediate"
"CCTCTAGCATCGGATT-1_3",24,"Intermediate"
"CCTCTAGTCGCCACTT-1_3",24,"Intermediate"
"CCTCTAGTCGCTCCTA-1_3",24,"Intermediate"
"CCTCTCCAGTCCTGCG-1_3",24,"Resting"
"CCTCTCCCACATACTG-1_3",24,"Resting"
"CCTCTCCCAGTCTACA-1_3",24,"Intermediate"
"CCTCTCCGTCGTACAT-1_3",24,"Intermediate"
"CCTCTCCTCGGCACTG-1_3",24,"Intermediate"
"CCTCTCCTCGGTGTTA-1_3",24,"Resting"
"CCTGCATAGTTTGCTG-1_3",24,"Resting"
"CCTGCATCAAAGGCTG-1_3",24,"Intermediate"
"CCTGCATCAATTCGTG-1_3",24,"Activated"
"CCTGCATCACAAATGA-1_3",24,"Activated"
"CCTGCATCACCGGAAA-1_3",24,"Intermediate"
"CCTGCATGTAATGCGG-1_3",24,"Intermediate"
"CCTGCATGTAGCTGCC-1_3",24,"Intermediate"
"CCTGCATGTGCATCTA-1_3",24,"Resting"
"CCTGCATGTTTGGGAG-1_3",24,"Intermediate"
"CCTGCATTCCCTTTGG-1_3",24,"Intermediate"
"CCTGCATTCGAAGCCC-1_3",24,"Activated"
"CCTGTTGGTACCTTCC-1_3",24,"Resting"
"CCTGTTGGTAGTCTGT-1_3",24,"Activated"
"CCTGTTGTCAAACGAA-1_3",24,"Intermediate"
"CCTGTTGTCAACTACG-1_3",24,"Intermediate"
"CCTGTTGTCGACACCG-1_3",24,"Intermediate"
"CCTGTTGTCGGCCAAC-1_3",24,"Intermediate"
"CCTGTTGTCTACACTT-1_3",24,"Resting"
"CCTTCAGAGAAACACT-1_3",24,"Intermediate"
"CCTTCAGAGAGCCGTA-1_3",24,"Activated"
"CCTTCAGCAAATGGTA-1_3",24,"Treg"
"CCTTCAGCACAAGCAG-1_3",24,"Intermediate"
"CCTTCAGCACCTTCGT-1_3",24,"Activated"
"CCTTCAGGTTGACTGT-1_3",24,"Intermediate"
"CCTTCAGTCCAATCCC-1_3",24,"Resting"
"CCTTGTGAGACTAGAT-1_3",24,"Resting"
"CCTTGTGAGCTAGTTC-1_3",24,"Intermediate"
"CCTTGTGAGGCCGCTT-1_3",24,"Activated"
"CCTTGTGAGGGAGGCA-1_3",24,"Resting"
"CCTTGTGAGTTGGGAC-1_3",24,"Resting"
"CCTTGTGCACCAGCTG-1_3",24,"Activated"
"CCTTGTGCACTATGTG-1_3",24,"Activated"
"CCTTGTGTCCTACAAG-1_3",24,"Intermediate"
"CCTTTGGCAGTGAGCA-1_3",24,"Intermediate"
"CCTTTGGGTCCCGGTA-1_3",24,"Activated"
"CCTTTGGGTCGTGGTC-1_3",24,"Activated"
"CCTTTGGTCTCCCTAG-1_3",24,"Intermediate"
"CCTTTGGTCTCGACCT-1_3",24,"Intermediate"
"CGAAGGAAGTGGTGAC-1_3",24,"Intermediate"
"CGAAGGAGTACTCAAC-1_3",24,"Activated"
"CGAAGGAGTGACCGTC-1_3",24,"Activated"
"CGAAGGAGTGATTGGG-1_3",24,"Resting"
"CGAAGGAGTGGACCAA-1_3",24,"Resting"
"CGAAGGATCTCAGGCG-1_3",24,"Intermediate"
"CGAAGTTGTAAGATTG-1_3",24,"Activated"
"CGAAGTTGTCATCACA-1_3",24,"Activated"
"CGAAGTTTCACTGGTA-1_3",24,"Resting"
"CGAATTGAGGGCTAAC-1_3",24,"Intermediate"
"CGAATTGCAATTGCGT-1_3",24,"Intermediate"
"CGAATTGGTAAGTCAA-1_3",24,"Intermediate"
"CGAATTGGTCTTCAAG-1_3",24,"Intermediate"
"CGAATTGTCTGCTAGA-1_3",24,"Intermediate"
"CGACAGCAGGTCGTAG-1_3",24,"Intermediate"
"CGACAGCAGTAGGAAG-1_3",24,"Resting"
"CGACAGCAGTTGGCTT-1_3",24,"Resting"
"CGACAGCCACAGTGAG-1_3",24,"Activated"
"CGACAGCCAGATCATC-1_3",24,"Intermediate"
"CGACAGCCATATGGCT-1_3",24,"Activated"
"CGACAGCTCATCGCTC-1_3",24,"Intermediate"
"CGACAGCTCCCAGTGG-1_3",24,"Treg"
"CGAGAAGCAGAAACCG-1_3",24,"Activated"
"CGAGAAGCAGGCTATT-1_3",24,"Resting"
"CGAGAAGGTAATCAAG-1_3",24,"Intermediate"
"CGAGAAGGTCCTCATC-1_3",24,"Intermediate"
"CGAGAAGGTGAATTGA-1_3",24,"Intermediate"
"CGAGAAGGTGTGATGG-1_3",24,"Intermediate"
"CGAGAAGGTTCTCAGA-1_3",24,"Resting"
"CGAGAAGTCATGCATG-1_3",24,"Intermediate"
"CGAGAAGTCCTCACCA-1_3",24,"Intermediate"
"CGAGGAAAGCATGCGA-1_3",24,"Intermediate"
"CGAGGAAAGCGTCAGA-1_3",24,"Intermediate"
"CGAGGAAAGGGACACT-1_3",24,"Activated"
"CGAGGAAAGGTTGTTC-1_3",24,"Intermediate"
"CGAGGAAAGTAAATGC-1_3",24,"Resting"
"CGAGGAAAGTAACAGT-1_3",24,"Intermediate"
"CGAGGAATCGACACCG-1_3",24,"Resting"
"CGAGGAATCGATTTCT-1_3",24,"Resting"
"CGAGGCTAGTTTGTCG-1_3",24,"Activated"
"CGAGGCTCAATACCTG-1_3",24,"Intermediate"
"CGAGGCTCACACAGCC-1_3",24,"Intermediate"
"CGAGGCTCATAGATGA-1_3",24,"Resting"
"CGAGGCTGTGGATACG-1_3",24,"Activated"
"CGAGGCTTCACCGGTG-1_3",24,"Resting"
"CGAGGCTTCGCAGTGC-1_3",24,"Resting"
"CGAGTGCCATGATCTG-1_3",24,"Activated"
"CGAGTGCTCTTCGGTC-1_3",24,"Activated"
"CGAGTTAAGCTGTACT-1_3",24,"Activated"
"CGAGTTAAGGCTCCCA-1_3",24,"Resting"
"CGAGTTAAGGTCCCGT-1_3",24,"Activated"
"CGAGTTACAAACGAGC-1_3",24,"Activated"
"CGAGTTATCCGGCAAC-1_3",24,"Activated"
"CGAGTTATCCTAACAG-1_3",24,"Resting"
"CGAGTTATCTGAGCAT-1_3",24,"Activated"
"CGATCGGAGCCTTTCC-1_3",24,"Activated"
"CGATCGGAGCTTCTAG-1_3",24,"Intermediate"
"CGATCGGAGTTAGTGA-1_3",24,"Intermediate"
"CGATCGGCATCGCTAA-1_3",24,"Intermediate"
"CGATCGGCATGCGTGC-1_3",24,"Intermediate"
"CGATCGGGTAGATTAG-1_3",24,"Intermediate"
"CGATCGGGTGACTCGC-1_3",24,"Intermediate"
"CGATGCGAGAATACAC-1_3",24,"Activated"
"CGATGCGAGATAACAC-1_3",24,"Intermediate"
"CGATGCGCAATGAACA-1_3",24,"Activated"
"CGATGCGCATCAGCGC-1_3",24,"Intermediate"
"CGATGCGGTCCGGACT-1_3",24,"Resting"
"CGATGCGGTCTGGTTA-1_3",24,"Resting"
"CGATGCGTCTTTGATC-1_3",24,"Activated"
"CGATGGCAGATCGCTT-1_3",24,"Activated"
"CGATGGCCACGCGGTT-1_3",24,"Activated"
"CGATGGCCACTTGTGA-1_3",24,"Activated"
"CGATGGCGTAAGGAGA-1_3",24,"Intermediate"
"CGATGGCGTCGAAGCA-1_3",24,"Activated"
"CGATGGCGTTGACTAC-1_3",24,"Intermediate"
"CGATGGCGTTTGAAAG-1_3",24,"Intermediate"
"CGATGGCTCCGTGGTG-1_3",24,"Resting"
"CGATGGCTCTTGAACG-1_3",24,"Intermediate"
"CGCAGGTAGTCACTGT-1_3",24,"Resting"
"CGCAGGTAGTGCAGGT-1_3",24,"Intermediate"
"CGCAGGTCAACTGATC-1_3",24,"Resting"
"CGCAGGTCAGACGCTC-1_3",24,"Intermediate"
"CGCAGGTGTTCGTAAC-1_3",24,"Activated"
"CGCAGGTTCATGCGGC-1_3",24,"Intermediate"
"CGCATAAAGGTCCCGT-1_3",24,"Intermediate"
"CGCATAATCGACCATA-1_3",24,"Intermediate"
"CGCATAATCTAAGGAA-1_3",24,"Intermediate"
"CGCATGGAGAAGTCAT-1_3",24,"Intermediate"
"CGCATGGAGCATCGAG-1_3",24,"Intermediate"
"CGCATGGAGCTTTGTG-1_3",24,"Resting"
"CGCATGGAGGAACGTC-1_3",24,"Intermediate"
"CGCATGGAGGCCTTCG-1_3",24,"Intermediate"
"CGCATGGCACACCAGC-1_3",24,"Activated"
"CGCATGGCACCGTCTT-1_3",24,"Activated"
"CGCATGGGTATCGCGC-1_3",24,"Resting"
"CGCATGGGTATGAGGC-1_3",24,"Activated"
"CGCATGGTCGCCGAGT-1_3",24,"Resting"
"CGCATGGTCGGAGTAG-1_3",24,"Activated"
"CGCCAGAAGTTGCTCA-1_3",24,"Intermediate"
"CGCCAGAGTAGATTGA-1_3",24,"Intermediate"
"CGCCAGAGTTCGGCTG-1_3",24,"Activated"
"CGCCAGAGTTTCTATC-1_3",24,"Intermediate"
"CGCCATTAGCGCCTTG-1_3",24,"Intermediate"
"CGCCATTAGTTGTCGT-1_3",24,"Intermediate"
"CGCCATTCAAGATCCT-1_3",24,"Intermediate"
"CGCCATTCAGATACCT-1_3",24,"Resting"
"CGCCATTCAGCGTAGA-1_3",24,"Activated"
"CGCCATTGTACCCACG-1_3",24,"Resting"
"CGCCATTTCAAGCGTT-1_3",24,"Resting"
"CGCGTGACACGACGTC-1_3",24,"Intermediate"
"CGCGTGACAGCGGTTC-1_3",24,"Activated"
"CGCGTGAGTGGTTTGT-1_3",24,"Intermediate"
"CGCGTGATCACTTGTT-1_3",24,"Intermediate"
"CGCGTGATCGAGAAGC-1_3",24,"Intermediate"
"CGCGTGATCGCAGTGC-1_3",24,"Resting"
"CGCGTGATCTCCCAAC-1_3",24,"Intermediate"
"CGGAACCTCCTCTAAT-1_3",24,"Resting"
"CGGAATTAGCTAGAGC-1_3",24,"Intermediate"
"CGGAATTAGGCTGGAT-1_3",24,"Resting"
"CGGAATTAGTCGCCAC-1_3",24,"Treg"
"CGGAATTCACATAACC-1_3",24,"Intermediate"
"CGGAATTGTCCTGTTC-1_3",24,"Resting"
"CGGAATTGTCGAGCAA-1_3",24,"Intermediate"
"CGGAATTGTCTTCTAT-1_3",24,"Activated"
"CGGAATTGTTGCTCCT-1_3",24,"Activated"
"CGGAATTGTTTGAACC-1_3",24,"Activated"
"CGGACACAGTAACCGG-1_3",24,"Intermediate"
"CGGACACGTATTTCGG-1_3",24,"Intermediate"
"CGGACACGTGGCGTAA-1_3",24,"Intermediate"
"CGGACACTCGCATTGA-1_3",24,"Intermediate"
"CGGACACTCGCCTCTA-1_3",24,"Intermediate"
"CGGAGAAAGTCCCTAA-1_3",24,"Intermediate"
"CGGAGAACAACCCTAA-1_3",24,"Intermediate"
"CGGAGAACAAGACCGA-1_3",24,"Intermediate"
"CGGCAGTCACCGCTGA-1_3",24,"Intermediate"
"CGGCAGTCACCGTGAC-1_3",24,"Intermediate"
"CGGCAGTGTAGAAACT-1_3",24,"Intermediate"
"CGGCAGTGTATGGAGC-1_3",24,"Activated"
"CGGCAGTGTCCGAAGA-1_3",24,"Intermediate"
"CGGCAGTGTGCGAGTA-1_3",24,"Intermediate"
"CGGCAGTGTGGAAATT-1_3",24,"Activated"
"CGGCAGTTCCAGGACC-1_3",24,"Intermediate"
"CGGGACTAGAGAGGGC-1_3",24,"Treg"
"CGGGACTAGCAGGCTA-1_3",24,"Resting"
"CGGGACTAGGCAGGGA-1_3",24,"Activated"
"CGGGACTCACTATCGA-1_3",24,"Activated"
"CGGGACTCAGTTTCAG-1_3",24,"Intermediate"
"CGGGACTGTTGCTGAT-1_3",24,"Treg"
"CGGGACTTCATGAGTC-1_3",24,"Resting"
"CGGGACTTCCTCATAT-1_3",24,"Intermediate"
"CGGGACTTCGAAGTGG-1_3",24,"Intermediate"
"CGGGCATAGATAACAC-1_3",24,"Intermediate"
"CGGGCATAGGCTCTAT-1_3",24,"Activated"
"CGGGCATCACTATCCC-1_3",24,"Intermediate"
"CGGGCATCAGGAGGAG-1_3",24,"Intermediate"
"CGGGCATTCATTACGG-1_3",24,"Activated"
"CGGGCATTCCCATACC-1_3",24,"Intermediate"
"CGGGCATTCGCCACTT-1_3",24,"Resting"
"CGGGCATTCTCTAAGG-1_3",24,"Intermediate"
"CGGGTCACATAACCCA-1_3",24,"Activated"
"CGGGTCACATATGGCT-1_3",24,"Activated"
"CGGGTCAGTCCTATAG-1_3",24,"Intermediate"
"CGGGTCAGTGGACAGT-1_3",24,"Intermediate"
"CGGGTCATCATCGCTC-1_3",24,"Resting"
"CGGGTCATCCACAGGC-1_3",24,"Resting"
"CGGGTCATCGTCGACG-1_3",24,"Resting"
"CGGGTCATCTTCCGTG-1_3",24,"Intermediate"
"CGGGTGTAGCAATAAC-1_3",24,"Activated"
"CGGGTGTAGTTGCCTA-1_3",24,"Intermediate"
"CGGGTGTGTCACTTCC-1_3",24,"Intermediate"
"CGGGTGTGTTAGCTAC-1_3",24,"Intermediate"
"CGGGTGTGTTATCTTC-1_3",24,"Intermediate"
"CGGTCAGAGCACCTGC-1_3",24,"Intermediate"
"CGGTCAGAGTATTCCG-1_3",24,"Intermediate"
"CGGTCAGGTCACCGAC-1_3",24,"Intermediate"
"CGGTCAGGTTTCGACA-1_3",24,"Activated"
"CGGTCAGTCATTGTTC-1_3",24,"Intermediate"
"CGGTCAGTCCGAAATC-1_3",24,"Activated"
"CGGTCAGTCGTTCGCT-1_3",24,"Activated"
"CGTAAGTAGCCTGAGA-1_3",24,"Resting"
"CGTAAGTAGCTCCATA-1_3",24,"Intermediate"
"CGTAAGTCAACTGCCG-1_3",24,"Resting"
"CGTAAGTGTGATACCT-1_3",24,"Resting"
"CGTAAGTTCACCTACC-1_3",24,"Intermediate"
"CGTAATGAGAGCAGCT-1_3",24,"Activated"
"CGTAATGCACGGCTAC-1_3",24,"Intermediate"
"CGTAATGCAGTTGGTT-1_3",24,"Intermediate"
"CGTAATGTCACCCTTG-1_3",24,"Activated"
"CGTAATGTCTTTGCTA-1_3",24,"Activated"
"CGTAGTAAGAGAACCC-1_3",24,"Activated"
"CGTAGTACAGTGTGGA-1_3",24,"Resting"
"CGTAGTACATGATCTG-1_3",24,"Resting"
"CGTAGTAGTGACAGGT-1_3",24,"Intermediate"
"CGTAGTATCGAGTCTA-1_3",24,"Resting"
"CGTCAAAAGAAATTGC-1_3",24,"Intermediate"
"CGTCAAAAGCCTCATA-1_3",24,"Resting"
"CGTCAAAAGGTATTGA-1_3",24,"Activated"
"CGTCAAAGTGGTTCTA-1_3",24,"Intermediate"
"CGTCAAAGTTGCTAGT-1_3",24,"Resting"
"CGTCAAATCACTAGCA-1_3",24,"Activated"
"CGTCAAATCTCTATAC-1_3",24,"Resting"
"CGTCCATAGCCACTCG-1_3",24,"Activated"
"CGTCCATAGTGCACTT-1_3",24,"Intermediate"
"CGTCCATTCTGGGTCG-1_3",24,"Activated"
"CGTGAATAGCGCCTCA-1_3",24,"Resting"
"CGTGAATAGGCAGTCA-1_3",24,"Intermediate"
"CGTGAATAGTGATTCC-1_3",24,"Intermediate"
"CGTGAATCATAACTCG-1_3",24,"Resting"
"CGTGAATCATGAATAG-1_3",24,"Intermediate"
"CGTGAATGTACCTAAC-1_3",24,"Resting"
"CGTGAATGTCTTGGTA-1_3",24,"Intermediate"
"CGTGAATGTTGGGATG-1_3",24,"Intermediate"
"CGTGAATTCTGTCAGA-1_3",24,"Treg"
"CGTGATAAGATAGCTA-1_3",24,"Intermediate"
"CGTGATACAATAGGAT-1_3",24,"Activated"
"CGTGATACATCGATGT-1_3",24,"Activated"
"CGTGATAGTCCAGCAC-1_3",24,"Activated"
"CGTGATAGTCGCATCG-1_3",24,"Intermediate"
"CGTGATAGTGTCACAT-1_3",24,"Resting"
"CGTGATATCGGCTATA-1_3",24,"Resting"
"CGTGCTTAGGCAGTCA-1_3",24,"Intermediate"
"CGTGCTTCAATCGCAT-1_3",24,"Intermediate"
"CGTGTCTAGACTCGAG-1_3",24,"Activated"
"CGTGTCTAGAGTGTTA-1_3",24,"Intermediate"
"CGTGTCTAGCACCGAA-1_3",24,"Intermediate"
"CGTGTCTCAACGACTT-1_3",24,"Intermediate"
"CGTGTCTCAGGTTCCG-1_3",24,"Resting"
"CGTGTCTCATACTGAC-1_3",24,"Activated"
"CGTGTCTGTACCGGAA-1_3",24,"Activated"
"CGTTAGAAGGCAATGC-1_3",24,"Activated"
"CGTTAGACACTTACAG-1_3",24,"Intermediate"
"CGTTAGACAGAGAAAG-1_3",24,"Intermediate"
"CGTTAGAGTCCCAAAT-1_3",24,"Activated"
"CGTTAGAGTGAGTGAC-1_3",24,"Intermediate"
"CGTTAGAGTGCCGTTG-1_3",24,"Intermediate"
"CGTTCTGGTACGTAGG-1_3",24,"Intermediate"
"CGTTCTGGTCGCACAC-1_3",24,"Intermediate"
"CGTTCTGGTGTTTGCA-1_3",24,"Activated"
"CGTTCTGTCTGGCCGA-1_3",24,"Resting"
"CGTTGGGCAAGGTTGG-1_3",24,"Intermediate"
"CGTTGGGCAATAGTCC-1_3",24,"Intermediate"
"CGTTGGGCATACATCG-1_3",24,"Resting"
"CGTTGGGTCATGTCAG-1_3",24,"Resting"
"CGTTGGGTCCTATGGA-1_3",24,"Intermediate"
"CGTTGGGTCGGAGCAA-1_3",24,"Activated"
"CTAACCCCAACCAACT-1_3",24,"Intermediate"
"CTAACCCCAATAGGAT-1_3",24,"Intermediate"
"CTAACCCCATCGGCCA-1_3",24,"Resting"
"CTAACCCTCAACTCTT-1_3",24,"Activated"
"CTAACTTAGACAACAT-1_3",24,"Resting"
"CTAACTTAGCAGTCTT-1_3",24,"Intermediate"
"CTAACTTCAGCAGGAT-1_3",24,"Intermediate"
"CTAACTTGTTGTACGT-1_3",24,"Intermediate"
"CTAAGTGAGGAGTCTG-1_3",24,"Intermediate"
"CTAAGTGAGTCAAGCG-1_3",24,"Activated"
"CTAAGTGAGTTCCAGT-1_3",24,"Activated"
"CTAAGTGGTCTCAGGC-1_3",24,"Treg"
"CTACAGAAGGTAGACC-1_3",24,"Resting"
"CTACAGAGTATACCTG-1_3",24,"Resting"
"CTACATTCAAACGAGC-1_3",24,"Activated"
"CTACATTCACCTGCTT-1_3",24,"Intermediate"
"CTACATTCATCGCTGG-1_3",24,"Activated"
"CTACATTGTACCGTCG-1_3",24,"Treg"
"CTACATTGTCCTTAAG-1_3",24,"Intermediate"
"CTACATTGTGGACTAG-1_3",24,"Resting"
"CTACATTTCCGCACTT-1_3",24,"Intermediate"
"CTACCCAAGCCTGGAA-1_3",24,"Intermediate"
"CTACCCAAGTAAACTG-1_3",24,"Intermediate"
"CTACCCACATGAAGGC-1_3",24,"Resting"
"CTACCCAGTATGCGGA-1_3",24,"Activated"
"CTACCCAGTCGCGTCA-1_3",24,"Activated"
"CTACCCAGTCGTTGCG-1_3",24,"Intermediate"
"CTACCCATCAGAGTGG-1_3",24,"Activated"
"CTACCCATCAGCTGAT-1_3",24,"Activated"
"CTACCCATCATCGCAA-1_3",24,"Intermediate"
"CTACCCATCGGAGCAA-1_3",24,"Intermediate"
"CTACCTGAGATAGCTA-1_3",24,"Activated"
"CTACCTGAGCTCGACC-1_3",24,"Resting"
"CTACCTGAGCTGAGCA-1_3",24,"Intermediate"
"CTACCTGAGCTTTCCC-1_3",24,"Intermediate"
"CTACCTGAGGTAGCCA-1_3",24,"Intermediate"
"CTACCTGAGTTCACTG-1_3",24,"Activated"
"CTACCTGCACCGGTCA-1_3",24,"Intermediate"
"CTACCTGCACGTATAC-1_3",24,"Activated"
"CTACCTGCATACCATG-1_3",24,"Intermediate"
"CTACCTGGTGTTGCCG-1_3",24,"Resting"
"CTACCTGTCAACGTGT-1_3",24,"Resting"
"CTACCTGTCATACAGC-1_3",24,"Resting"
"CTACCTGTCGATACGT-1_3",24,"Activated"
"CTACGGGAGAGGTCAC-1_3",24,"Resting"
"CTACGGGCAACAAGAT-1_3",24,"Intermediate"
"CTACGGGCAACCCGCA-1_3",24,"Resting"
"CTACGGGCAGTTGCGC-1_3",24,"Intermediate"
"CTACGGGGTAGAAACT-1_3",24,"Resting"
"CTACGGGGTCGCCACA-1_3",24,"Intermediate"
"CTACGGGGTGTCCGGT-1_3",24,"Intermediate"
"CTACGGGTCAGCCTCT-1_3",24,"Resting"
"CTACGGGTCAGGCGAA-1_3",24,"Activated"
"CTACGGGTCGTCGATA-1_3",24,"Activated"
"CTACTATAGAACTTCC-1_3",24,"Intermediate"
"CTACTATCACAGAGCA-1_3",24,"Resting"
"CTACTATGTAACGATA-1_3",24,"Intermediate"
"CTACTATGTAAGACCG-1_3",24,"Intermediate"
"CTACTATGTCACAGAG-1_3",24,"Resting"
"CTACTATTCACTCTTA-1_3",24,"Activated"
"CTACTATTCTAAGAAG-1_3",24,"Resting"
"CTAGACAAGGACTATA-1_3",24,"Activated"
"CTAGACAAGGGAGAAT-1_3",24,"Resting"
"CTAGACACACAGAGCA-1_3",24,"Activated"
"CTAGACACAGAGGACT-1_3",24,"Intermediate"
"CTAGACACAGTCGCAC-1_3",24,"Intermediate"
"CTAGACACATGTCTAG-1_3",24,"Intermediate"
"CTAGACAGTAGATCGG-1_3",24,"Intermediate"
"CTAGACATCCCTTGTG-1_3",24,"Activated"
"CTAGACATCTACGCAA-1_3",24,"Activated"
"CTAGACATCTACGGTA-1_3",24,"Resting"
"CTAGACATCTTCGGAA-1_3",24,"Intermediate"
"CTAGGTAAGCATTGTC-1_3",24,"Resting"
"CTAGGTAGTGTGAATA-1_3",24,"Intermediate"
"CTAGGTATCCGAGCTG-1_3",24,"Intermediate"
"CTAGGTATCCTCACCA-1_3",24,"Treg"
"CTATAGGAGCAACAGC-1_3",24,"Activated"
"CTATAGGCACAGTCCG-1_3",24,"Activated"
"CTATAGGCATAGCACT-1_3",24,"Intermediate"
"CTATAGGCATCGAACT-1_3",24,"Activated"
"CTATAGGGTAACGATA-1_3",24,"Resting"
"CTATAGGGTCGTTATG-1_3",24,"Activated"
"CTATAGGTCATGCCCT-1_3",24,"Intermediate"
"CTATAGGTCGGTCAGC-1_3",24,"Intermediate"
"CTATAGGTCTCCGAAA-1_3",24,"Intermediate"
"CTATCCGAGAGGGCGA-1_3",24,"Intermediate"
"CTATCCGAGGAAGTAG-1_3",24,"Intermediate"
"CTATCCGAGGCCCAAA-1_3",24,"Intermediate"
"CTATCCGCAACGACAG-1_3",24,"Intermediate"
"CTATCCGCACTGGCGT-1_3",24,"Activated"
"CTATCCGGTACAGAAT-1_3",24,"Activated"
"CTATCCGGTGATTCAC-1_3",24,"Intermediate"
"CTATCCGGTTACAGCT-1_3",24,"Intermediate"
"CTATCCGTCCCAGTGG-1_3",24,"Intermediate"
"CTATCCGTCGCCGAGT-1_3",24,"Activated"
"CTATCTAAGACTGTTC-1_3",24,"Intermediate"
"CTATCTAAGGCTGAAC-1_3",24,"Resting"
"CTATCTACAGAGATTA-1_3",24,"Activated"
"CTATCTACAGCATCTA-1_3",24,"Activated"
"CTATCTACATGGCACC-1_3",24,"Intermediate"
"CTATCTACATGGCCAC-1_3",24,"Activated"
"CTATCTAGTCGTCATA-1_3",24,"Intermediate"
"CTATCTAGTCGTTGCG-1_3",24,"Intermediate"
"CTCAACCCATCCGAAT-1_3",24,"Resting"
"CTCAACCGTTTCGTTT-1_3",24,"Intermediate"
"CTCAAGAAGTCATAGA-1_3",24,"Resting"
"CTCAAGACAGAATTCC-1_3",24,"Intermediate"
"CTCAATTAGAGCAACC-1_3",24,"Activated"
"CTCAATTAGTTTAGGA-1_3",24,"Activated"
"CTCAATTCAAAGAGTT-1_3",24,"Resting"
"CTCAATTCAATCCAGT-1_3",24,"Intermediate"
"CTCAATTCAATTCTTC-1_3",24,"Intermediate"
"CTCAATTCACGCTTAA-1_3",24,"Intermediate"
"CTCAATTGTATCCCTC-1_3",24,"Intermediate"
"CTCAATTGTCACCGAC-1_3",24,"Activated"
"CTCACTGAGAGGCGTT-1_3",24,"Activated"
"CTCACTGAGGATACAT-1_3",24,"Treg"
"CTCACTGAGGGTAATT-1_3",24,"Activated"
"CTCACTGAGTAATCCC-1_3",24,"Resting"
"CTCACTGCACTGGATT-1_3",24,"Activated"
"CTCACTGGTCTGCCTT-1_3",24,"Intermediate"
"CTCACTGTCTCATAGG-1_3",24,"Resting"
"CTCACTGTCTCGGCTT-1_3",24,"Resting"
"CTCAGAAAGATGAAGG-1_3",24,"Intermediate"
"CTCAGAACACTTGTGA-1_3",24,"Intermediate"
"CTCAGAAGTGTTATCG-1_3",24,"Intermediate"
"CTCAGAATCCGATGCG-1_3",24,"Activated"
"CTCAGGGAGAAATTGC-1_3",24,"Resting"
"CTCAGGGAGCACAAAT-1_3",24,"Intermediate"
"CTCAGGGGTGCAAGAC-1_3",24,"Intermediate"
"CTCAGGGTCACAGAGG-1_3",24,"Intermediate"
"CTCAGTCAGCAACTCT-1_3",24,"Activated"
"CTCAGTCAGCATAGGC-1_3",24,"Resting"
"CTCAGTCCAGCCTACG-1_3",24,"Intermediate"
"CTCAGTCCATGTTTGG-1_3",24,"Intermediate"
"CTCAGTCGTATGCTAC-1_3",24,"Intermediate"
"CTCAGTCGTGCTATTG-1_3",24,"Intermediate"
"CTCAGTCTCATTACGG-1_3",24,"Intermediate"
"CTCATCGAGACTCATC-1_3",24,"Intermediate"
"CTCATCGAGCACGATG-1_3",24,"Intermediate"
"CTCATCGAGCTGTGCC-1_3",24,"Resting"
"CTCATCGAGTCCTACA-1_3",24,"Intermediate"
"CTCATCGCACGTCGGT-1_3",24,"Activated"
"CTCATCGGTAACCCTA-1_3",24,"Resting"
"CTCATGCAGAGTACCG-1_3",24,"Resting"
"CTCATGCAGGTTCATC-1_3",24,"Intermediate"
"CTCATGCAGTCACTCA-1_3",24,"Resting"
"CTCATGCCAAACGGCA-1_3",24,"Intermediate"
"CTCATGCCAGTTTCAG-1_3",24,"Intermediate"
"CTCATGCGTGGCGCTT-1_3",24,"Resting"
"CTCATGCGTTCTTGTT-1_3",24,"Activated"
"CTCATGCTCCTTCACG-1_3",24,"Intermediate"
"CTCATTACAAGTGCAG-1_3",24,"Activated"
"CTCATTATCAAAGGAT-1_3",24,"Activated"
"CTCATTATCCACGGAC-1_3",24,"Intermediate"
"CTCATTATCCTGTAAG-1_3",24,"Intermediate"
"CTCATTATCGTCTACC-1_3",24,"Activated"
"CTCCAACAGAACTTCC-1_3",24,"Intermediate"
"CTCCAACAGACGCAGT-1_3",24,"Treg"
"CTCCAACCACTGTCGG-1_3",24,"Intermediate"
"CTCCAACCAGGTTACT-1_3",24,"Intermediate"
"CTCCAACGTACCCACG-1_3",24,"Intermediate"
"CTCCAACGTACCTAAC-1_3",24,"Intermediate"
"CTCCAACGTCACTGAT-1_3",24,"Resting"
"CTCCAACGTCATGCAT-1_3",24,"Resting"
"CTCCAACTCACCGGTG-1_3",24,"Resting"
"CTCCAACTCATGAGTC-1_3",24,"Activated"
"CTCCACAAGTCGTTAC-1_3",24,"Resting"
"CTCCACACACACTGGC-1_3",24,"Activated"
"CTCCACACAGCAAGAC-1_3",24,"Intermediate"
"CTCCACAGTGAAGCGT-1_3",24,"Intermediate"
"CTCCACATCGCTCTAC-1_3",24,"Resting"
"CTCCATGAGGTAAGTT-1_3",24,"Intermediate"
"CTCCATGAGTTTAGGA-1_3",24,"Activated"
"CTCCATGCAGCGTTGC-1_3",24,"Intermediate"
"CTCCATGCATCGCTAA-1_3",24,"Intermediate"
"CTCCATGGTTACCGTA-1_3",24,"Resting"
"CTCCCAAAGAGTCAAT-1_3",24,"Resting"
"CTCCCAAAGTGGCCTC-1_3",24,"Activated"
"CTCCCAACACCCATAA-1_3",24,"Intermediate"
"CTCCCAACATTCTTCA-1_3",24,"Resting"
"CTCCCAAGTCTGATCA-1_3",24,"Intermediate"
"CTCCCAAGTTTACCTT-1_3",24,"Intermediate"
"CTCCCAATCCTCACCA-1_3",24,"Resting"
"CTCCCAATCGTAGTGT-1_3",24,"Resting"
"CTCCCAATCTCGCGTT-1_3",24,"Activated"
"CTCCCTCAGACCATAA-1_3",24,"Treg"
"CTCCCTCAGATAGGGA-1_3",24,"Intermediate"
"CTCCCTCCAAGAGATT-1_3",24,"Resting"
"CTCCCTCGTGTCATTG-1_3",24,"Intermediate"
"CTCCCTCGTTGTTGCA-1_3",24,"Intermediate"
"CTCCCTCTCGGCGATC-1_3",24,"Resting"
"CTCCGATAGACTTAAG-1_3",24,"Intermediate"
"CTCCGATAGTAGAGTT-1_3",24,"Resting"
"CTCCGATGTTAAGCAA-1_3",24,"Activated"
"CTCCGATTCCATTGTT-1_3",24,"Intermediate"
"CTCCGATTCGGTTAGT-1_3",24,"Intermediate"
"CTCCTCCAGCCTCATA-1_3",24,"Resting"
"CTCCTCCCAAGGCGTA-1_3",24,"Intermediate"
"CTCCTCCGTAGTCTGT-1_3",24,"Treg"
"CTCCTCCTCAAAGGTA-1_3",24,"Treg"
"CTCCTCCTCGGAGCAA-1_3",24,"Intermediate"
"CTCCTTTAGTCTAGAA-1_3",24,"Resting"
"CTCCTTTCACCAGCTG-1_3",24,"Intermediate"
"CTCCTTTGTATTCCGA-1_3",24,"Activated"
"CTCCTTTTCTGAGGCC-1_3",24,"Activated"
"CTCCTTTTCTGCTGAA-1_3",24,"Resting"
"CTCGAGGCAAATTAGG-1_3",24,"Intermediate"
"CTCGAGGCACAAAGCG-1_3",24,"Intermediate"
"CTCGAGGCACATACGT-1_3",24,"Resting"
"CTCGAGGCATGCAGCC-1_3",24,"Intermediate"
"CTCGAGGGTACGTTCA-1_3",24,"Resting"
"CTCGAGGGTGAGCGAT-1_3",24,"Intermediate"
"CTCGAGGTCGAACGGA-1_3",24,"Intermediate"
"CTCGAGGTCGAGTTGT-1_3",24,"Intermediate"
"CTCTCAGAGACGGATC-1_3",24,"Activated"
"CTCTCAGCATTCCTAT-1_3",24,"Intermediate"
"CTCTCAGGTAGAGACC-1_3",24,"Intermediate"
"CTCTCAGTCAGAGCGA-1_3",24,"Intermediate"
"CTCTCAGTCCTGTTAT-1_3",24,"Resting"
"CTCTCAGTCGACGCGT-1_3",24,"Intermediate"
"CTCTCAGTCTTGATTC-1_3",24,"Intermediate"
"CTCTCGAAGCATTGTC-1_3",24,"Intermediate"
"CTCTCGAAGTTGCGAG-1_3",24,"Resting"
"CTCTCGACAATTGCGT-1_3",24,"Intermediate"
"CTCTCGACAGCATGCC-1_3",24,"Activated"
"CTCTCGACAGCGACAA-1_3",24,"Resting"
"CTCTGGTCAAAGCTAA-1_3",24,"Intermediate"
"CTCTGGTGTATGGAAT-1_3",24,"Intermediate"
"CTCTGGTTCCAGTTCC-1_3",24,"Activated"
"CTCTGGTTCGACACTA-1_3",24,"Treg"
"CTCTGGTTCGAGTACT-1_3",24,"Intermediate"
"CTCTGGTTCTCTGAGA-1_3",24,"Intermediate"
"CTCTGGTTCTGCGTCT-1_3",24,"Intermediate"
"CTGAATGAGAAGAGCA-1_3",24,"Intermediate"
"CTGAATGAGTACCCTA-1_3",24,"Intermediate"
"CTGAATGCAAAGGGCT-1_3",24,"Resting"
"CTGAATGCAAGACCGA-1_3",24,"Resting"
"CTGAATGCAGACAAAT-1_3",24,"Intermediate"
"CTGAATGCAGAGGACT-1_3",24,"Intermediate"
"CTGAATGTCACGACTA-1_3",24,"Intermediate"
"CTGAATGTCGTGCGAC-1_3",24,"Intermediate"
"CTGAATGTCTAGAACC-1_3",24,"Activated"
"CTGAATGTCTTTCTAG-1_3",24,"Activated"
"CTGAGCGCAACTAGAA-1_3",24,"Intermediate"
"CTGAGCGCACTGGCCA-1_3",24,"Resting"
"CTGAGCGGTTAGGCTT-1_3",24,"Activated"
"CTGAGCGTCTGACAGT-1_3",24,"Intermediate"
"CTGAGGCAGCTGACTT-1_3",24,"Activated"
"CTGAGGCAGGGCAACT-1_3",24,"Activated"
"CTGAGGCCACGACAGA-1_3",24,"Activated"
"CTGAGGCCACTGTCCT-1_3",24,"Intermediate"
"CTGAGGCGTAGAATAC-1_3",24,"Activated"
"CTGAGGCGTCGTTTCC-1_3",24,"Intermediate"
"CTGAGGCTCACCTCGT-1_3",24,"Intermediate"
"CTGATCCAGTCGCGAA-1_3",24,"Intermediate"
"CTGATCCCAACGGCTC-1_3",24,"Activated"
"CTGATCCCAGCCTATA-1_3",24,"Intermediate"
"CTGATCCTCATGACAC-1_3",24,"Intermediate"
"CTGATCCTCATGGGAG-1_3",24,"Intermediate"
"CTGCAGGAGCACCTGC-1_3",24,"Resting"
"CTGCAGGAGCTATCCA-1_3",24,"Resting"
"CTGCAGGAGGACGCTA-1_3",24,"Intermediate"
"CTGCAGGAGTAATACG-1_3",24,"Activated"
"CTGCAGGCATCCGGCA-1_3",24,"Intermediate"
"CTGCAGGCATGTCAGT-1_3",24,"Resting"
"CTGCAGGGTATCCCAA-1_3",24,"Activated"
"CTGCAGGGTCGCCTAG-1_3",24,"Resting"
"CTGCAGGGTGAATGAT-1_3",24,"Activated"
"CTGCAGGTCATCGACA-1_3",24,"Resting"
"CTGCATCAGAACTGAT-1_3",24,"Intermediate"
"CTGCATCAGAAGCGCT-1_3",24,"Intermediate"
"CTGCATCAGCCTTTGA-1_3",24,"Intermediate"
"CTGCATCAGTGACCTT-1_3",24,"Intermediate"
"CTGCATCCATACAGGG-1_3",24,"Resting"
"CTGCATCGTAACCCTA-1_3",24,"Resting"
"CTGCATCGTTAGTCGT-1_3",24,"Intermediate"
"CTGCATCTCGTCCTCA-1_3",24,"Intermediate"
"CTGCCATAGCAACAGC-1_3",24,"Activated"
"CTGCCATAGGCTTAAA-1_3",24,"Intermediate"
"CTGCCATAGGGACACT-1_3",24,"Intermediate"
"CTGCCATCAGGGCTTC-1_3",24,"Activated"
"CTGCCATCATGTGCCG-1_3",24,"Activated"
"CTGCCATCATTCACCC-1_3",24,"Intermediate"
"CTGCCATGTTTGATCG-1_3",24,"Resting"
"CTGCCATTCATGGCCG-1_3",24,"Resting"
"CTGCCTACACAGGATG-1_3",24,"Activated"
"CTGCCTACACGACAAG-1_3",24,"Intermediate"
"CTGCCTAGTATCTTCT-1_3",24,"Resting"
"CTGCCTAGTGATAGTA-1_3",24,"Activated"
"CTGCGAGAGCACACCC-1_3",24,"Resting"
"CTGCGAGAGCGTTCCG-1_3",24,"Intermediate"
"CTGCGAGAGGCATCGA-1_3",24,"Intermediate"
"CTGCGAGCATATGCGT-1_3",24,"Intermediate"
"CTGCGAGGTCGTGTTA-1_3",24,"Activated"
"CTGCGAGTCTGTTCAT-1_3",24,"Intermediate"
"CTGCTCACACATGGTT-1_3",24,"Intermediate"
"CTGCTCACAGAGTAAT-1_3",24,"Intermediate"
"CTGCTCAGTTAAACCC-1_3",24,"Intermediate"
"CTGCTCATCGACCCAG-1_3",24,"Activated"
"CTGCTCATCGATACAC-1_3",24,"Resting"
"CTGGACGAGCCTTTCC-1_3",24,"Activated"
"CTGGACGAGGTACAGC-1_3",24,"Intermediate"
"CTGGACGAGGTATTGA-1_3",24,"Activated"
"CTGGACGAGTGCACCC-1_3",24,"Intermediate"
"CTGGACGCAAGAGATT-1_3",24,"Intermediate"
"CTGGACGCAGACCCGT-1_3",24,"Activated"
"CTGGACGCAGGCAATG-1_3",24,"Intermediate"
"CTGGACGGTCTACGTA-1_3",24,"Resting"
"CTGGACGGTTCGTTCC-1_3",24,"Resting"
"CTGGACGTCAGTGTGT-1_3",24,"Activated"
"CTGGACGTCTCACGAA-1_3",24,"Intermediate"
"CTGGACGTCTCGCCTA-1_3",24,"Activated"
"CTGGCAGAGCCTCACG-1_3",24,"Resting"
"CTGGCAGAGGAGTCTG-1_3",24,"Intermediate"
"CTGGCAGCAGTAGAAT-1_3",24,"Intermediate"
"CTGGCAGCATCATCCC-1_3",24,"Intermediate"
"CTGGCAGGTAGACACG-1_3",24,"Activated"
"CTGGCAGTCCTAGCGG-1_3",24,"Intermediate"
"CTGGTCTAGAGTCTGG-1_3",24,"Activated"
"CTGGTCTAGATCGGTG-1_3",24,"Activated"
"CTGGTCTCATCATCCC-1_3",24,"Resting"
"CTGGTCTGTTCGGACC-1_3",24,"Intermediate"
"CTGTACCAGAGTCAGC-1_3",24,"Activated"
"CTGTACCCAAACCGGA-1_3",24,"Resting"
"CTGTACCCAAATTGGA-1_3",24,"Intermediate"
"CTGTACCCATCGGTTA-1_3",24,"Resting"
"CTGTACCCATCGTGGC-1_3",24,"Activated"
"CTGTACCCATGAATAG-1_3",24,"Resting"
"CTGTACCTCTCGGTCT-1_3",24,"Intermediate"
"CTGTAGAAGTTGAATG-1_3",24,"Intermediate"
"CTGTAGACAACTGATC-1_3",24,"Activated"
"CTGTAGACACTAACCA-1_3",24,"Intermediate"
"CTGTAGAGTAGTGCGA-1_3",24,"Intermediate"
"CTGTAGATCAGTGTGT-1_3",24,"Activated"
"CTGTAGATCCGATAGT-1_3",24,"Intermediate"
"CTGTAGATCGATGCAT-1_3",24,"Resting"
"CTGTATTAGATTGTGA-1_3",24,"Activated"
"CTGTATTAGGAATGTT-1_3",24,"Intermediate"
"CTGTATTAGTGCGACA-1_3",24,"Activated"
"CTGTATTAGTGTACCT-1_3",24,"Activated"
"CTGTATTCATCCGGCA-1_3",24,"Treg"
"CTGTATTCATGACAGG-1_3",24,"Resting"
"CTGTATTGTACACTCA-1_3",24,"Resting"
"CTGTATTTCCAACACA-1_3",24,"Activated"
"CTGTATTTCGAAGGAC-1_3",24,"Intermediate"
"CTGTCGTAGCCGTTGC-1_3",24,"Intermediate"
"CTGTCGTCACCAGCGT-1_3",24,"Activated"
"CTGTCGTGTAATCAGA-1_3",24,"Intermediate"
"CTGTCGTTCACTGTCC-1_3",24,"Intermediate"
"CTGTCGTTCATTGGTG-1_3",24,"Intermediate"
"CTGTGAAAGAGTGAAG-1_3",24,"Resting"
"CTGTGAAAGCTGACTT-1_3",24,"Activated"
"CTGTGAACACTCCGAG-1_3",24,"Activated"
"CTGTGAAGTAATACCC-1_3",24,"Activated"
"CTGTGAAGTCTGTCCT-1_3",24,"Activated"
"CTGTGAATCTTAGGAC-1_3",24,"Resting"
"CTGTGGGAGCTCTGTA-1_3",24,"Intermediate"
"CTGTGGGAGCTGCGAA-1_3",24,"Intermediate"
"CTGTGGGCAAATGGAT-1_3",24,"Intermediate"
"CTGTGGGCATTGCTTT-1_3",24,"Intermediate"
"CTGTGGGGTCGACTTA-1_3",24,"Activated"
"CTGTGGGGTGAGTTTC-1_3",24,"Intermediate"
"CTGTGGGGTTACCTGA-1_3",24,"Intermediate"
"CTGTGGGTCTCACGAA-1_3",24,"Intermediate"
"CTTACCGAGGCCTTGC-1_3",24,"Activated"
"CTTACCGCACAAGCTT-1_3",24,"Intermediate"
"CTTACCGGTACAAGCG-1_3",24,"Activated"
"CTTACCGGTATGGAAT-1_3",24,"Resting"
"CTTACCGGTGCGTTTA-1_3",24,"Intermediate"
"CTTACCGGTTGCATGT-1_3",24,"Resting"
"CTTACCGTCAGGTAAA-1_3",24,"Intermediate"
"CTTACCGTCTACTTCA-1_3",24,"Resting"
"CTTAGGAAGACGATAT-1_3",24,"Intermediate"
"CTTAGGAAGCCTCAAT-1_3",24,"Activated"
"CTTAGGAAGGACAGCT-1_3",24,"Activated"
"CTTAGGACAATCGCCG-1_3",24,"Intermediate"
"CTTAGGACAGATTTCG-1_3",24,"Activated"
"CTTAGGACAGCTATTG-1_3",24,"Resting"
"CTTAGGAGTGAGGCAT-1_3",24,"Intermediate"
"CTTAGGAGTGCTGCAC-1_3",24,"Intermediate"
"CTTAGGAGTGTTGATC-1_3",24,"Activated"
"CTTAGGATCACACGAT-1_3",24,"Activated"
"CTTAGGATCACTACTT-1_3",24,"Activated"
"CTTAGGATCATGCGGC-1_3",24,"Intermediate"
"CTTAGGATCCCTTGGT-1_3",24,"Intermediate"
"CTTAGGATCGGTAAGG-1_3",24,"Intermediate"
"CTTCAATAGACGACTG-1_3",24,"Intermediate"
"CTTCAATAGCTGACAG-1_3",24,"Intermediate"
"CTTCAATCAGAACTCT-1_3",24,"Resting"
"CTTCAATTCATTGTGG-1_3",24,"Resting"
"CTTCCGAAGCTCGACC-1_3",24,"Resting"
"CTTCCGACAAAGCGTG-1_3",24,"Activated"
"CTTCCGACAACAAAGT-1_3",24,"Intermediate"
"CTTCCGACAAGATGGC-1_3",24,"Intermediate"
"CTTCCGATCCGACGGT-1_3",24,"Resting"
"CTTCCGATCGTGTGAT-1_3",24,"Intermediate"
"CTTCCGATCTGCGGAC-1_3",24,"Intermediate"
"CTTCCTTAGTCTGGTT-1_3",24,"Intermediate"
"CTTCCTTCATATGCGT-1_3",24,"Resting"
"CTTCCTTCATGTGCCG-1_3",24,"Intermediate"
"CTTCCTTGTTGACTAC-1_3",24,"Treg"
"CTTCCTTTCAGCAATC-1_3",24,"Resting"
"CTTCCTTTCCGAAGGA-1_3",24,"Resting"
"CTTCGGTAGACATAAC-1_3",24,"Intermediate"
"CTTCGGTCAACCTATG-1_3",24,"Intermediate"
"CTTCGGTCAATACCTG-1_3",24,"Intermediate"
"CTTCGGTCAATTGAAG-1_3",24,"Intermediate"
"CTTCGGTCACACACGC-1_3",24,"Intermediate"
"CTTCGGTCAGCAGTTT-1_3",24,"Intermediate"
"CTTCGGTCATTGAGCT-1_3",24,"Intermediate"
"CTTCGGTGTCGGAAAC-1_3",24,"Resting"
"CTTCGGTGTGTGTGTT-1_3",24,"Intermediate"
"CTTCTAAAGCAGCACA-1_3",24,"Intermediate"
"CTTCTAAAGGCATCGA-1_3",24,"Resting"
"CTTCTAACAAGATGTA-1_3",24,"Intermediate"
"CTTCTAACAGGATTCT-1_3",24,"Intermediate"
"CTTCTAATCTAGAGCT-1_3",24,"Resting"
"CTTCTCTCACCGTACG-1_3",24,"Intermediate"
"CTTCTCTCACGCGGTT-1_3",24,"Intermediate"
"CTTCTCTCAGCGTATT-1_3",24,"Activated"
"CTTCTCTGTCAAAGTA-1_3",24,"Intermediate"
"CTTCTCTTCAGGTAAA-1_3",24,"Activated"
"CTTCTCTTCTTCGGAA-1_3",24,"Intermediate"
"CTTGAGAAGGACTAAT-1_3",24,"Resting"
"CTTGAGAAGGCCACCT-1_3",24,"Activated"
"CTTGAGACATCCGATA-1_3",24,"Intermediate"
"CTTGAGACATCGAAGG-1_3",24,"Resting"
"CTTGAGAGTGGCTGAA-1_3",24,"Resting"
"CTTGAGATCCAATGCA-1_3",24,"Activated"
"CTTGATTAGGAGAATG-1_3",24,"Intermediate"
"CTTGATTAGGTCACCC-1_3",24,"Activated"
"CTTGATTCAACACAAA-1_3",24,"Activated"
"CTTGATTCACATTCTT-1_3",24,"Intermediate"
"CTTGATTGTCCAGCAC-1_3",24,"Intermediate"
"CTTGATTTCATTCATC-1_3",24,"Resting"
"CTTGATTTCCAACTGA-1_3",24,"Intermediate"
"CTTGATTTCCGTGTGG-1_3",24,"Activated"
"CTTGATTTCGGAAACG-1_3",24,"Intermediate"
"CTTTCAAAGGTGTGAC-1_3",24,"Intermediate"
"CTTTCAACACCATAAC-1_3",24,"Intermediate"
"CTTTCAAGTGCAATAA-1_3",24,"Intermediate"
"CTTTCAAGTGTTTACG-1_3",24,"Activated"
"CTTTCAATCTTCTGTA-1_3",24,"Intermediate"
"CTTTCGGAGCAATAGT-1_3",24,"Intermediate"
"CTTTCGGAGCGTTCAT-1_3",24,"Activated"
"CTTTCGGCACTGGCGT-1_3",24,"Activated"
"CTTTCGGCAGAATTCC-1_3",24,"Intermediate"
"CTTTCGGCAGTTAGAA-1_3",24,"Intermediate"
"CTTTCGGGTGAATTGA-1_3",24,"Intermediate"
"CTTTCGGTCCACACCT-1_3",24,"Intermediate"
"CTTTCGGTCCATTGCC-1_3",24,"Intermediate"
"CTTTCGGTCGGCTGTG-1_3",24,"Intermediate"
"CTTTCGGTCGGTCACG-1_3",24,"Intermediate"
"GAAACCTAGAGCTTTC-1_3",24,"Resting"
"GAAACCTAGCACCGTC-1_3",24,"Resting"
"GAAACCTAGTCGGGAT-1_3",24,"Intermediate"
"GAAACCTCATCTGTTT-1_3",24,"Intermediate"
"GAAACCTGTGTCCATA-1_3",24,"Resting"
"GAAACCTTCCACGGGT-1_3",24,"Intermediate"
"GAAACCTTCGTGGACC-1_3",24,"Treg"
"GAAATGAAGAGCCTGA-1_3",24,"Resting"
"GAAATGAAGTGATAGT-1_3",24,"Activated"
"GAAATGACAGACAATA-1_3",24,"Intermediate"
"GAAATGACATGATAGA-1_3",24,"Intermediate"
"GAAATGAGTCGTGATT-1_3",24,"Intermediate"
"GAAATGAGTGTTGACT-1_3",24,"Intermediate"
"GAAATGATCACTTGTT-1_3",24,"Resting"
"GAAATGATCGCCAACG-1_3",24,"Activated"
"GAAATGATCGGCTGTG-1_3",24,"Activated"
"GAACACTAGGCCTTCG-1_3",24,"Resting"
"GAACACTCACCTAAAC-1_3",24,"Intermediate"
"GAACACTGTATCGTTG-1_3",24,"Resting"
"GAACACTTCATCCCGT-1_3",24,"Resting"
"GAACGTTAGTGATAAC-1_3",24,"Intermediate"
"GAACGTTAGTGCTAGG-1_3",24,"Activated"
"GAACGTTCAGGCATGA-1_3",24,"Intermediate"
"GAACGTTCATCGTGGC-1_3",24,"Intermediate"
"GAACGTTGTTACCCAA-1_3",24,"Activated"
"GAACGTTTCGGTTGTA-1_3",24,"Resting"
"GAACGTTTCTTCTGGC-1_3",24,"Intermediate"
"GAACTGTAGCAGGCAT-1_3",24,"Intermediate"
"GAACTGTGTAGCACGA-1_3",24,"Intermediate"
"GAACTGTTCATGTCAG-1_3",24,"Intermediate"
"GAACTGTTCTTCACAT-1_3",24,"Activated"
"GAAGAATAGCATTGAA-1_3",24,"Resting"
"GAAGAATAGGTTTGAA-1_3",24,"Activated"
"GAAGAATCACCAGCGT-1_3",24,"Intermediate"
"GAAGAATCACTTCAGA-1_3",24,"Intermediate"
"GAAGAATCAGAGCTAG-1_3",24,"Activated"
"GAAGAATCATCCCACT-1_3",24,"Intermediate"
"GAAGAATCATGAGGGT-1_3",24,"Resting"
"GAAGAATGTAACGGTG-1_3",24,"Resting"
"GAAGAATGTAGTATAG-1_3",24,"Activated"
"GAAGAATGTTACCCTC-1_3",24,"Activated"
"GAAGAATTCCCATTCG-1_3",24,"Intermediate"
"GAAGAATTCCTACAAG-1_3",24,"Activated"
"GAAGAATTCTCGGTCT-1_3",24,"Activated"
"GAAGCCCAGGACTAAT-1_3",24,"Resting"
"GAAGCCCCAATCCTTT-1_3",24,"Intermediate"
"GAAGCCCCAATTGCGT-1_3",24,"Resting"
"GAAGCCCCACTTGGGC-1_3",24,"Resting"
"GAAGCCCCAGAGGAAA-1_3",24,"Treg"
"GAAGCCCTCATGCAGT-1_3",24,"Resting"
"GAAGCCCTCGTCGCTT-1_3",24,"Intermediate"
"GAAGCGAAGCAACAAT-1_3",24,"Intermediate"
"GAAGCGACATGTACGT-1_3",24,"Resting"
"GAAGCGAGTTTGTTCT-1_3",24,"Intermediate"
"GAAGCGATCCGAGAAG-1_3",24,"Treg"
"GAAGCGATCTAGTACG-1_3",24,"Intermediate"
"GAAGCGATCTCCCTAG-1_3",24,"Resting"
"GAAGGACAGAGAGTTT-1_3",24,"Activated"
"GAAGGACCAGACTCTA-1_3",24,"Resting"
"GAAGGACTCAACGTGT-1_3",24,"Activated"
"GAAGGACTCCACGTGG-1_3",24,"Intermediate"
"GAAGGACTCCCGTTGT-1_3",24,"Resting"
"GAAGGACTCTGTACAG-1_3",24,"Activated"
"GAAGGGTAGATGGGCT-1_3",24,"Activated"
"GAAGGGTAGTGGGAAA-1_3",24,"Resting"
"GAAGGGTCAGTGTATC-1_3",24,"Resting"
"GAAGGGTGTTTCGTAG-1_3",24,"Intermediate"
"GAAGGGTTCACTCACC-1_3",24,"Intermediate"
"GAAGGGTTCAGCTTGA-1_3",24,"Resting"
"GAAGGGTTCATCGGGC-1_3",24,"Activated"
"GAAGGGTTCTAGGCAT-1_3",24,"Intermediate"
"GAAGTAAAGACAACAT-1_3",24,"Resting"
"GAAGTAAAGAGGTCAC-1_3",24,"Intermediate"
"GAAGTAAAGCCAACCC-1_3",24,"Intermediate"
"GAAGTAACAAATCCCA-1_3",24,"Intermediate"
"GAAGTAACACAGAGAC-1_3",24,"Activated"
"GAAGTAACACTCCGAG-1_3",24,"Intermediate"
"GAAGTAACAGCACCCA-1_3",24,"Intermediate"
"GAAGTAAGTACGCTTA-1_3",24,"Activated"
"GAAGTAAGTGGCTTGC-1_3",24,"Intermediate"
"GAAGTAAGTTACCCTC-1_3",24,"Treg"
"GAAGTAATCACAACCA-1_3",24,"Resting"
"GAAGTAATCCAACTAG-1_3",24,"Intermediate"
"GAAGTAATCTTTCCGG-1_3",24,"Resting"
"GAATAGACAACCAATC-1_3",24,"Intermediate"
"GAATAGACACGAGGAT-1_3",24,"Intermediate"
"GAATAGAGTTCAAAGA-1_3",24,"Intermediate"
"GAATAGATCAACCGAT-1_3",24,"Intermediate"
"GAATAGATCCATCGTC-1_3",24,"Resting"
"GAATCACCAAGCAGGT-1_3",24,"Intermediate"
"GAATCACCACAATGTC-1_3",24,"Intermediate"
"GAATCACCACGGATCC-1_3",24,"Resting"
"GAATCACCAGGGTTGA-1_3",24,"Resting"
"GAATCACCATTGACAC-1_3",24,"Intermediate"
"GAATCACGTCACTACA-1_3",24,"Activated"
"GAATCACTCGCATGAT-1_3",24,"Activated"
"GAATCACTCTCACTCG-1_3",24,"Activated"
"GAATCGTAGCTAATGA-1_3",24,"Activated"
"GAATCGTCACGGCGTT-1_3",24,"Activated"
"GAATCGTCATAGCTGT-1_3",24,"Activated"
"GAATCGTCATCTCGTC-1_3",24,"Intermediate"
"GACACGCAGAATAACC-1_3",24,"Intermediate"
"GACACGCCACCGAATT-1_3",24,"Intermediate"
"GACACGCGTAACTAAG-1_3",24,"Intermediate"
"GACACGCTCCGCAGTG-1_3",24,"Intermediate"
"GACACGCTCCTTCTAA-1_3",24,"Intermediate"
"GACACGCTCTAACGGT-1_3",24,"Intermediate"
"GACACGCTCTAGTGTG-1_3",24,"Intermediate"
"GACAGCCCACTACGGC-1_3",24,"Activated"
"GACAGCCCATCCCACT-1_3",24,"Activated"
"GACAGCCGTCTACGAT-1_3",24,"Treg"
"GACAGCCGTCTCTCCA-1_3",24,"Activated"
"GACAGCCGTTCTTCAT-1_3",24,"Intermediate"
"GACAGCCTCGGCATCG-1_3",24,"Resting"
"GACATCATCACGTAGT-1_3",24,"Intermediate"
"GACATCATCATTCACT-1_3",24,"Intermediate"
"GACATCATCCACACCT-1_3",24,"Intermediate"
"GACATCATCCATGAGT-1_3",24,"Intermediate"
"GACCAATAGACGATAT-1_3",24,"Resting"
"GACCAATCAGGCTTGC-1_3",24,"Intermediate"
"GACCAATCAGTATGAA-1_3",24,"Intermediate"
"GACCAATGTGCCTTCT-1_3",24,"Intermediate"
"GACCAATTCCCACAGG-1_3",24,"Resting"
"GACCAATTCGCTGCGA-1_3",24,"Intermediate"
"GACCCAGAGTCAGCCC-1_3",24,"Intermediate"
"GACCCAGAGTCTCCTC-1_3",24,"Resting"
"GACCCAGCAGAGGCTA-1_3",24,"Intermediate"
"GACCCAGGTCGCTTAA-1_3",24,"Resting"
"GACCCAGTCCCGAATA-1_3",24,"Resting"
"GACCCAGTCGAGAATA-1_3",24,"Resting"
"GACCCAGTCGTCTACC-1_3",24,"Resting"
"GACCCAGTCTCCGCAT-1_3",24,"Activated"
"GACCCTTAGGCCATAG-1_3",24,"Intermediate"
"GACCCTTAGGGTTGCA-1_3",24,"Activated"
"GACCCTTAGTGCCGAA-1_3",24,"Activated"
"GACCCTTCACACGGAA-1_3",24,"Activated"
"GACCCTTGTATGGTTC-1_3",24,"Intermediate"
"GACCCTTGTCTGCCTT-1_3",24,"Intermediate"
"GACCCTTGTTTACACG-1_3",24,"Intermediate"
"GACCGTGCAACTCATG-1_3",24,"Activated"
"GACCGTGCACAATTCG-1_3",24,"Activated"
"GACCGTGCACGCGCTA-1_3",24,"Activated"
"GACCTTCAGAAGGGAT-1_3",24,"Intermediate"
"GACCTTCAGGGTGGGA-1_3",24,"Intermediate"
"GACCTTCAGTCGTTAC-1_3",24,"Intermediate"
"GACCTTCCAAGAGTAT-1_3",24,"Intermediate"
"GACCTTCCAATGCAGG-1_3",24,"Intermediate"
"GACCTTCCATCACGGC-1_3",24,"Resting"
"GACCTTCTCCAACTAG-1_3",24,"Resting"
"GACCTTCTCGTTCCCA-1_3",24,"Activated"
"GACGCTGAGAGGTCAC-1_3",24,"Intermediate"
"GACGCTGAGCCTGACC-1_3",24,"Intermediate"
"GACGCTGAGTCGTCTA-1_3",24,"Activated"
"GACGCTGGTACCCGAC-1_3",24,"Activated"
"GACGCTGGTTCAACGT-1_3",24,"Intermediate"
"GACGCTGTCCACGTCT-1_3",24,"Resting"
"GACGCTGTCGCCGTGA-1_3",24,"Activated"
"GACGTTAAGGAGCAAA-1_3",24,"Intermediate"
"GACGTTAAGTGGTCAG-1_3",24,"Intermediate"
"GACGTTAAGTGGTTAA-1_3",24,"Resting"
"GACGTTACACGCACCA-1_3",24,"Intermediate"
"GACGTTACACGTCGTG-1_3",24,"Resting"
"GACGTTATCAGGAAAT-1_3",24,"Activated"
"GACGTTATCCTTATCA-1_3",24,"Intermediate"
"GACTATGAGGCCTAAG-1_3",24,"Resting"
"GACTATGAGGGCGAGA-1_3",24,"Activated"
"GACTATGTCATTTGGG-1_3",24,"Intermediate"
"GACTATGTCCGAGTGC-1_3",24,"Activated"
"GACTATGTCGCTCTAC-1_3",24,"Activated"
"GACTCAAAGGATGTTA-1_3",24,"Intermediate"
"GACTCAAAGGGAGAAT-1_3",24,"Activated"
"GACTCAATCAACCGAT-1_3",24,"Activated"
"GACTCAATCACGAGGA-1_3",24,"Intermediate"
"GACTCAATCCTATTTG-1_3",24,"Intermediate"
"GACTCTCAGGATACAT-1_3",24,"Resting"
"GACTCTCCAAATTGGA-1_3",24,"Activated"
"GACTCTCCACAAATAG-1_3",24,"Intermediate"
"GACTCTCCACGGCTAC-1_3",24,"Resting"
"GACTCTCGTCTGTGAT-1_3",24,"Intermediate"
"GACTCTCGTTGTACGT-1_3",24,"Resting"
"GACTCTCTCCACTGAA-1_3",24,"Activated"
"GACTGATAGACCACGA-1_3",24,"Intermediate"
"GACTGATAGCATGTTC-1_3",24,"Intermediate"
"GACTGATAGCCAGTAG-1_3",24,"Resting"
"GACTGATAGGATACGC-1_3",24,"Activated"
"GACTGATAGTATGATG-1_3",24,"Activated"
"GACTGATGTAGCGATG-1_3",24,"Intermediate"
"GACTGATTCGCTAAAC-1_3",24,"Intermediate"
"GACTGATTCGGTCTAA-1_3",24,"Intermediate"
"GACTTCCGTGACTCGC-1_3",24,"Intermediate"
"GACTTCCGTGAGTCAG-1_3",24,"Intermediate"
"GACTTCCGTGTCTTAG-1_3",24,"Activated"
"GAGAAATAGGTAATCA-1_3",24,"Activated"
"GAGAAATAGTAGGATT-1_3",24,"Activated"
"GAGAAATGTGCTGCAC-1_3",24,"Intermediate"
"GAGAAATGTGGTCCGT-1_3",24,"Intermediate"
"GAGAAATTCTAGACCA-1_3",24,"Intermediate"
"GAGACCCCACCTGATA-1_3",24,"Resting"
"GAGACCCCAGAACGCA-1_3",24,"Intermediate"
"GAGACCCGTGTTGATC-1_3",24,"Intermediate"
"GAGACCCTCGGAGATG-1_3",24,"Activated"
"GAGACTTAGCTGGAGT-1_3",24,"Resting"
"GAGACTTAGCTTCATG-1_3",24,"Intermediate"
"GAGACTTAGGCCTAAG-1_3",24,"Resting"
"GAGACTTAGTCGAAGC-1_3",24,"Resting"
"GAGACTTCACTTGTGA-1_3",24,"Resting"
"GAGACTTCAGTCAGAG-1_3",24,"Resting"
"GAGACTTGTCCTTAAG-1_3",24,"Intermediate"
"GAGACTTGTTACACTG-1_3",24,"Intermediate"
"GAGAGGTAGGGACTGT-1_3",24,"Intermediate"
"GAGAGGTAGTCATTGC-1_3",24,"Intermediate"
"GAGAGGTAGTCGTTAC-1_3",24,"Activated"
"GAGAGGTCAACAGCCC-1_3",24,"Activated"
"GAGAGGTCACTCTCGT-1_3",24,"Resting"
"GAGAGGTCAGTTAAAG-1_3",24,"Resting"
"GAGAGGTGTCACCGAC-1_3",24,"Activated"
"GAGAGGTGTTGAAGTA-1_3",24,"Activated"
"GAGATGGAGATTCGCT-1_3",24,"Resting"
"GAGATGGAGGGCATGT-1_3",24,"Intermediate"
"GAGATGGCAGCTCTGG-1_3",24,"Activated"
"GAGATGGCAGGTCTCG-1_3",24,"Intermediate"
"GAGATGGCAGTGTATC-1_3",24,"Intermediate"
"GAGATGGGTACCCACG-1_3",24,"Activated"
"GAGATGGTCGTCGGGT-1_3",24,"Intermediate"
"GAGCCTGAGCAACAAT-1_3",24,"Intermediate"
"GAGCCTGAGGTCGTCC-1_3",24,"Intermediate"
"GAGCCTGCAGATCCTA-1_3",24,"Activated"
"GAGCCTGCATCGTGGC-1_3",24,"Resting"
"GAGCCTGGTCCTACGG-1_3",24,"Intermediate"
"GAGCTGCAGCGCCCAT-1_3",24,"Activated"
"GAGCTGCCAAGTCGTT-1_3",24,"Intermediate"
"GAGCTGCCACTATCGA-1_3",24,"Intermediate"
"GAGCTGCGTGCACATT-1_3",24,"Intermediate"
"GAGCTGCGTTATTCTC-1_3",24,"Intermediate"
"GAGCTGCGTTCCTAGA-1_3",24,"Activated"
"GAGGCAAAGACATATG-1_3",24,"Intermediate"
"GAGGCAAAGAGTTCGG-1_3",24,"Intermediate"
"GAGGCAAAGAGTTGAT-1_3",24,"Intermediate"
"GAGGCAAAGCTCGACC-1_3",24,"Intermediate"
"GAGGCAAAGGAAGTGA-1_3",24,"Resting"
"GAGGCAAAGGCCCAAA-1_3",24,"Activated"
"GAGGCAAGTCACAGTT-1_3",24,"Intermediate"
"GAGGCAAGTTTACGAC-1_3",24,"Intermediate"
"GAGGCAATCGCTACGG-1_3",24,"Activated"
"GAGGCCTAGCTGTTAC-1_3",24,"Activated"
"GAGGCCTCATCCGATA-1_3",24,"Intermediate"
"GAGGCCTGTCACTCTC-1_3",24,"Intermediate"
"GAGGCCTGTCGTGATT-1_3",24,"Intermediate"
"GAGGCCTTCAAGCGTT-1_3",24,"Intermediate"
"GAGGCCTTCTCCCAAC-1_3",24,"Intermediate"
"GAGGGATAGACGCTCC-1_3",24,"Resting"
"GAGGGATAGCCTATTG-1_3",24,"Activated"
"GAGGGATAGCGTCAGA-1_3",24,"Intermediate"
"GAGGGATAGGCTCAAG-1_3",24,"Intermediate"
"GAGGGATAGTAACGTA-1_3",24,"Resting"
"GAGGGATAGTCTTCGA-1_3",24,"Intermediate"
"GAGGGATCAAATACAG-1_3",24,"Resting"
"GAGGGATCAATAGTAG-1_3",24,"Resting"
"GAGGGATGTCTCACGG-1_3",24,"Activated"
"GAGGGATGTGGGCTTC-1_3",24,"Resting"
"GAGGGATGTGGTATGG-1_3",24,"Intermediate"
"GAGGGATGTTGGGCCT-1_3",24,"Resting"
"GAGGGATTCATTTCCA-1_3",24,"Intermediate"
"GAGGGATTCTCGCTTG-1_3",24,"Activated"
"GAGGGTACAATTGAGA-1_3",24,"Intermediate"
"GAGGGTAGTAGTAAGT-1_3",24,"Resting"
"GAGGGTATCTTTCAGT-1_3",24,"Activated"
"GAGTCATAGGATACAT-1_3",24,"Intermediate"
"GAGTCATCACTGTCGG-1_3",24,"Intermediate"
"GAGTCATCAGATTCGT-1_3",24,"Intermediate"
"GAGTCATCAGCTGTAT-1_3",24,"Activated"
"GAGTCATTCACCATGA-1_3",24,"Intermediate"
"GAGTCTACACACTGGC-1_3",24,"Resting"
"GAGTCTACACCCTGTT-1_3",24,"Intermediate"
"GAGTCTACAGACTCTA-1_3",24,"Intermediate"
"GAGTCTACATCGCTCT-1_3",24,"Intermediate"
"GAGTCTAGTCGCAGTC-1_3",24,"Activated"
"GAGTCTATCAACTGAC-1_3",24,"Intermediate"
"GAGTGAGAGGATCATA-1_3",24,"Intermediate"
"GAGTGAGAGGCTTAAA-1_3",24,"Intermediate"
"GAGTGAGAGGTCGAGT-1_3",24,"Intermediate"
"GAGTGAGAGGTGCTTT-1_3",24,"Activated"
"GAGTGAGGTGGCAGAT-1_3",24,"Intermediate"
"GAGTGAGTCAGTCATG-1_3",24,"Intermediate"
"GAGTGAGTCCGGACTG-1_3",24,"Intermediate"
"GAGTGTTAGAATCGAT-1_3",24,"Intermediate"
"GAGTGTTAGCGCACAA-1_3",24,"Intermediate"
"GAGTGTTAGGAGAGGC-1_3",24,"Intermediate"
"GAGTGTTAGGATGCGT-1_3",24,"Activated"
"GAGTGTTCATCAGTGT-1_3",24,"Intermediate"
"GAGTGTTCATTCTCCG-1_3",24,"Intermediate"
"GAGTGTTGTTGTATGC-1_3",24,"Resting"
"GAGTGTTTCCACGTAA-1_3",24,"Resting"
"GAGTGTTTCGCCGAAC-1_3",24,"Intermediate"
"GAGTGTTTCTCATAGG-1_3",24,"Intermediate"
"GAGTTACTCATTGCCC-1_3",24,"Intermediate"
"GAGTTACTCCAATCCC-1_3",24,"Activated"
"GAGTTACTCTTAGCAG-1_3",24,"Activated"
"GAGTTGTAGACCTTTG-1_3",24,"Activated"
"GAGTTGTAGATACGAT-1_3",24,"Resting"
"GAGTTGTAGCGACTGA-1_3",24,"Intermediate"
"GAGTTGTCATGTTCGA-1_3",24,"Intermediate"
"GAGTTGTGTGTGTACT-1_3",24,"Intermediate"
"GAGTTGTTCATCTATC-1_3",24,"Intermediate"
"GAGTTGTTCGGTGTAT-1_3",24,"Treg"
"GAGTTTGAGTACGAGC-1_3",24,"Intermediate"
"GAGTTTGCACGACTAT-1_3",24,"Intermediate"
"GAGTTTGCATGGCTGC-1_3",24,"Activated"
"GATAGAAAGACAACTA-1_3",24,"Intermediate"
"GATAGAACAGCAGTAG-1_3",24,"Intermediate"
"GATAGAAGTACCAGAG-1_3",24,"Intermediate"
"GATAGAATCACCCTCA-1_3",24,"Intermediate"
"GATAGAATCAGACCGC-1_3",24,"Activated"
"GATAGAATCTACGCGG-1_3",24,"Activated"
"GATAGCTAGAAGCCTG-1_3",24,"Intermediate"
"GATAGCTAGACTTCGT-1_3",24,"Activated"
"GATAGCTAGCTCTTCC-1_3",24,"Activated"
"GATAGCTGTTGTATGC-1_3",24,"Resting"
"GATAGCTTCACTGTCC-1_3",24,"Intermediate"
"GATAGCTTCGCCGAAC-1_3",24,"Activated"
"GATAGCTTCTAGCAAC-1_3",24,"Intermediate"
"GATCACAAGGTCGTAG-1_3",24,"Intermediate"
"GATCACACAGTCGCAC-1_3",24,"Intermediate"
"GATCACACATTGACTG-1_3",24,"Activated"
"GATCACAGTAATCAGA-1_3",24,"Intermediate"
"GATCACAGTCAAAGTA-1_3",24,"Activated"
"GATCACAGTCCCTAAA-1_3",24,"Activated"
"GATCACATCGTTACCC-1_3",24,"Resting"
"GATCAGTAGGAGAGGC-1_3",24,"Intermediate"
"GATCAGTCACTGTCCT-1_3",24,"Activated"
"GATCAGTCAGGAAGTC-1_3",24,"Intermediate"
"GATCATGCAAAGCTAA-1_3",24,"Intermediate"
"GATCATGCATCAGTCA-1_3",24,"Intermediate"
"GATCATGCATGCCATA-1_3",24,"Resting"
"GATCATGGTAGATGTA-1_3",24,"Activated"
"GATCATGGTGTGTGTT-1_3",24,"Intermediate"
"GATCATGTCCACATAG-1_3",24,"Activated"
"GATCATGTCTTCGTGC-1_3",24,"Resting"
"GATCATGTCTTTCAGT-1_3",24,"Intermediate"
"GATCCCTAGATGTAGT-1_3",24,"Intermediate"
"GATCCCTAGCCTCACG-1_3",24,"Intermediate"
"GATCCCTAGTATTCCG-1_3",24,"Activated"
"GATCCCTAGTCGCTAT-1_3",24,"Intermediate"
"GATCCCTCACTATCGA-1_3",24,"Resting"
"GATCCCTCAGCTTCGG-1_3",24,"Resting"
"GATCCCTCATATTCGG-1_3",24,"Intermediate"
"GATCCCTCATGGAAGC-1_3",24,"Resting"
"GATCCCTGTACAGAAT-1_3",24,"Intermediate"
"GATCCCTGTGGCTAGA-1_3",24,"Activated"
"GATCCCTTCCGCAAAT-1_3",24,"Activated"
"GATCCCTTCGTGCGAC-1_3",24,"Activated"
"GATCGTAAGAAGTCTA-1_3",24,"Activated"
"GATCGTAAGCTGGCTC-1_3",24,"Resting"
"GATCGTAGTGCAGATG-1_3",24,"Activated"
"GATCGTAGTTTACTGG-1_3",24,"Intermediate"
"GATCGTATCCAAGCAT-1_3",24,"Activated"
"GATCGTATCGCTTACC-1_3",24,"Intermediate"
"GATCGTATCGTGCACG-1_3",24,"Resting"
"GATCGTATCTGGGAGA-1_3",24,"Activated"
"GATGACTAGGTCGTAG-1_3",24,"Activated"
"GATGACTAGTGCGACA-1_3",24,"Activated"
"GATGACTCAGATACTC-1_3",24,"Intermediate"
"GATGACTCAGGGTTGA-1_3",24,"Intermediate"
"GATGACTCATCGAACT-1_3",24,"Activated"
"GATGACTGTAGAATAC-1_3",24,"Intermediate"
"GATGACTGTGCGTTTA-1_3",24,"Resting"
"GATGACTGTGGAAATT-1_3",24,"Activated"
"GATGACTTCACCTGGG-1_3",24,"Activated"
"GATGACTTCATGCGGC-1_3",24,"Intermediate"
"GATGACTTCCGAGGCT-1_3",24,"Intermediate"
"GATGACTTCGGAATTC-1_3",24,"Activated"
"GATGAGGGTATGGTTC-1_3",24,"Intermediate"
"GATGAGGGTGAGATAT-1_3",24,"Intermediate"
"GATGAGGGTGCTATTG-1_3",24,"Activated"
"GATGATCAGCAAGTCG-1_3",24,"Intermediate"
"GATGATCCAAAGTGTA-1_3",24,"Intermediate"
"GATGATCCAGCCGGTT-1_3",24,"Activated"
"GATGATCCATCCTGTC-1_3",24,"Resting"
"GATGATCGTACCCGAC-1_3",24,"Intermediate"
"GATGATCTCACCATAG-1_3",24,"Resting"
"GATGCTAAGCTGCCTG-1_3",24,"Intermediate"
"GATGCTAAGTTCATCG-1_3",24,"Intermediate"
"GATGCTACAGACAAAT-1_3",24,"Intermediate"
"GATGCTACAGTAGATA-1_3",24,"Intermediate"
"GATGCTAGTCAAGCCC-1_3",24,"Activated"
"GATGCTAGTGTTATCG-1_3",24,"Intermediate"
"GATGCTATCGTTCAGA-1_3",24,"Intermediate"
"GATGGAGAGTCTGGAG-1_3",24,"Intermediate"
"GATGGAGAGTTCCAGT-1_3",24,"Intermediate"
"GATGGAGCACACCAGC-1_3",24,"Intermediate"
"GATGGAGCACGGCGTT-1_3",24,"Intermediate"
"GATGGAGCAGCGGATA-1_3",24,"Intermediate"
"GATGGAGCAGGCATTT-1_3",24,"Intermediate"
"GATGGAGCATCATTTC-1_3",24,"Intermediate"
"GATGGAGGTACAACGG-1_3",24,"Activated"
"GATGGAGGTGCTCTTC-1_3",24,"Intermediate"
"GATGGAGTCACGATAC-1_3",24,"Activated"
"GATGGAGTCCGCATAA-1_3",24,"Resting"
"GATGTTGAGAGTCAAT-1_3",24,"Intermediate"
"GATGTTGAGCCTCAGC-1_3",24,"Resting"
"GATGTTGAGCTGCCTG-1_3",24,"Intermediate"
"GATGTTGAGGTACATA-1_3",24,"Resting"
"GATGTTGCATGACTGT-1_3",24,"Intermediate"
"GATGTTGGTGTTTCTT-1_3",24,"Intermediate"
"GATGTTGTCAAGCGTT-1_3",24,"Resting"
"GATGTTGTCACGATCA-1_3",24,"Intermediate"
"GATGTTGTCGACCACG-1_3",24,"Intermediate"
"GATGTTGTCGAGCACC-1_3",24,"Resting"
"GATGTTGTCTCAACGA-1_3",24,"Resting"
"GATTCGACACACCTGG-1_3",24,"Intermediate"
"GATTCGACAGAGGTTG-1_3",24,"Resting"
"GATTCGACAGCTATTG-1_3",24,"Intermediate"
"GATTCTTAGCCTCGTG-1_3",24,"Intermediate"
"GATTCTTAGCGTGCTC-1_3",24,"Intermediate"
"GATTCTTCAGTGTGGA-1_3",24,"Activated"
"GATTCTTCAGTTTCAG-1_3",24,"Intermediate"
"GATTCTTCATGGCCCA-1_3",24,"Intermediate"
"GATTCTTGTACGTGTT-1_3",24,"Activated"
"GATTCTTGTCCAGTTA-1_3",24,"Activated"
"GATTCTTTCTTCACGC-1_3",24,"Intermediate"
"GATTGGTAGAAGTCCG-1_3",24,"Resting"
"GATTGGTCAATGTTGC-1_3",24,"Resting"
"GATTGGTCAGCACAAG-1_3",24,"Intermediate"
"GATTGGTGTCGGCCTA-1_3",24,"Intermediate"
"GATTGGTTCTCACTCG-1_3",24,"Intermediate"
"GATTTCTAGAACGCGT-1_3",24,"Resting"
"GATTTCTAGGACTATA-1_3",24,"Activated"
"GATTTCTCAAGACTGG-1_3",24,"Intermediate"
"GATTTCTCATCTCCCA-1_3",24,"Intermediate"
"GATTTCTTCACAAGAA-1_3",24,"Activated"
"GATTTCTTCTCTATGT-1_3",24,"Activated"
"GCAACATAGATGAACT-1_3",24,"Treg"
"GCAACATAGGTGTGAC-1_3",24,"Activated"
"GCAACATAGTATCTGC-1_3",24,"Intermediate"
"GCAACATCACCGTCGA-1_3",24,"Intermediate"
"GCAACATCAGACCCGT-1_3",24,"Intermediate"
"GCAACATTCAATCTCT-1_3",24,"Intermediate"
"GCAACATTCCATGCAA-1_3",24,"Resting"
"GCAACATTCTTGATTC-1_3",24,"Activated"
"GCAACCGCAGCGTTTA-1_3",24,"Intermediate"
"GCAACCGGTCAAAGCG-1_3",24,"Activated"
"GCAACCGGTGCATTAC-1_3",24,"Intermediate"
"GCAACCGGTGTGTACT-1_3",24,"Intermediate"
"GCACATAAGACTCATC-1_3",24,"Intermediate"
"GCACATAAGTCATCGT-1_3",24,"Activated"
"GCACATACACCAATTG-1_3",24,"Activated"
"GCACATACACCGCTAG-1_3",24,"Intermediate"
"GCACATAGTACAGAGC-1_3",24,"Activated"
"GCACATAGTTCGAGCC-1_3",24,"Resting"
"GCACATATCGCGAAGA-1_3",24,"Intermediate"
"GCACATATCGGCTTCT-1_3",24,"Activated"
"GCACGGTCAACTAGAA-1_3",24,"Activated"
"GCACGGTCACATGAAA-1_3",24,"Activated"
"GCACGGTGTCGAAGCA-1_3",24,"Resting"
"GCACGGTGTCTAGTGT-1_3",24,"Activated"
"GCACGGTTCAAGAGTA-1_3",24,"Activated"
"GCACGGTTCAAGTAAG-1_3",24,"Resting"
"GCACGTGAGCTCGGCT-1_3",24,"Intermediate"
"GCACGTGCAACACACT-1_3",24,"Intermediate"
"GCACGTGCACGCGCTA-1_3",24,"Intermediate"
"GCACGTGGTAAGACCG-1_3",24,"Activated"
"GCACGTGGTGTAGTGG-1_3",24,"Intermediate"
"GCACGTGTCCCGAGTG-1_3",24,"Activated"
"GCACTAAAGAAGTCCG-1_3",24,"Intermediate"
"GCACTAAAGGAACGTC-1_3",24,"Resting"
"GCACTAAAGTGGTTGG-1_3",24,"Resting"
"GCACTAAGTTCCACGG-1_3",24,"Activated"
"GCACTAATCAAGCCCG-1_3",24,"Treg"
"GCACTAATCACGGGCT-1_3",24,"Resting"
"GCACTAATCTGTCGTC-1_3",24,"Resting"
"GCAGCCACAAGACCTT-1_3",24,"Resting"
"GCAGCCACACACCTGG-1_3",24,"Intermediate"
"GCAGCCAGTACTCCGG-1_3",24,"Intermediate"
"GCAGCCAGTCTCTCCA-1_3",24,"Intermediate"
"GCAGCCAGTTACGATC-1_3",24,"Intermediate"
"GCAGCCAGTTTACTTC-1_3",24,"Intermediate"
"GCAGCCATCCGTCACT-1_3",24,"Resting"
"GCAGCTGAGAATTTGG-1_3",24,"Activated"
"GCAGCTGAGCATCAAA-1_3",24,"Intermediate"
"GCAGCTGAGTGGTTAA-1_3",24,"Intermediate"
"GCAGCTGGTACCATAC-1_3",24,"Intermediate"
"GCAGCTGGTCCCTGAG-1_3",24,"Activated"
"GCAGCTGTCATAGGCT-1_3",24,"Resting"
"GCAGGCTAGTAGCCAG-1_3",24,"Intermediate"
"GCAGGCTCAGACACAG-1_3",24,"Intermediate"
"GCAGGCTGTCTTCTAT-1_3",24,"Intermediate"
"GCAGGCTGTGGGACAT-1_3",24,"Intermediate"
"GCAGGCTTCCGCGGAT-1_3",24,"Activated"
"GCAGTTAAGATTGAGT-1_3",24,"Intermediate"
"GCAGTTAAGCCACAAG-1_3",24,"Intermediate"
"GCAGTTAAGTTAACGA-1_3",24,"Activated"
"GCAGTTACAAGACAAT-1_3",24,"Intermediate"
"GCAGTTACAGCGATTT-1_3",24,"Intermediate"
"GCAGTTACATTGCCTC-1_3",24,"Resting"
"GCAGTTAGTGACACAG-1_3",24,"Activated"
"GCAGTTAGTGAGTTGG-1_3",24,"Intermediate"
"GCAGTTAGTGTGTCGC-1_3",24,"Resting"
"GCAGTTATCCTCAGGG-1_3",24,"Intermediate"
"GCAGTTATCGTTCGCT-1_3",24,"Resting"
"GCAGTTATCTGCCTGT-1_3",24,"Intermediate"
"GCATCGGAGTAGACAT-1_3",24,"Resting"
"GCATCGGAGTGAGGTC-1_3",24,"Intermediate"
"GCATCGGCAGAGGTTG-1_3",24,"Intermediate"
"GCATCGGGTACGGATG-1_3",24,"Intermediate"
"GCATCGGGTTCTCCTG-1_3",24,"Resting"
"GCATCGGGTTTCGCTC-1_3",24,"Intermediate"
"GCATCGGTCCAGCCTT-1_3",24,"Intermediate"
"GCATCGGTCCTGTTGC-1_3",24,"Resting"
"GCATCTCAGATCCCAT-1_3",24,"Activated"
"GCATCTCCAGCTACAT-1_3",24,"Intermediate"
"GCATCTCTCATCTGTT-1_3",24,"Intermediate"
"GCATCTCTCCGCTAGG-1_3",24,"Resting"
"GCATCTCTCTCTCGAC-1_3",24,"Intermediate"
"GCATGATCATGGAATA-1_3",24,"Intermediate"
"GCATGATGTGTCATGT-1_3",24,"Activated"
"GCATTAGAGGCTTCCG-1_3",24,"Activated"
"GCATTAGCACCATATG-1_3",24,"Intermediate"
"GCATTAGCACGGGCTT-1_3",24,"Resting"
"GCATTAGGTACTCCGG-1_3",24,"Intermediate"
"GCATTAGGTCAACGCC-1_3",24,"Resting"
"GCATTAGTCCGCGGAT-1_3",24,"Resting"
"GCATTAGTCCTGGGTG-1_3",24,"Activated"
"GCATTAGTCGAATCCA-1_3",24,"Intermediate"
"GCATTAGTCGCAACAT-1_3",24,"Activated"
"GCCAACGAGCTTACGT-1_3",24,"Intermediate"
"GCCAACGAGGATAATC-1_3",24,"Activated"
"GCCAACGCAAGTGGCA-1_3",24,"Activated"
"GCCAACGCAATACGCT-1_3",24,"Activated"
"GCCAACGGTATCTCTT-1_3",24,"Intermediate"
"GCCAACGGTCACATTG-1_3",24,"Resting"
"GCCAACGGTCGTGTTA-1_3",24,"Intermediate"
"GCCAACGTCGGACCAC-1_3",24,"Resting"
"GCCAACGTCGGCTGAC-1_3",24,"Activated"
"GCCAGCAAGCTAGTTC-1_3",24,"Activated"
"GCCAGCACAAAGTATG-1_3",24,"Activated"
"GCCAGCACAAATAGCA-1_3",24,"Activated"
"GCCAGCACAAGAGCTG-1_3",24,"Intermediate"
"GCCAGCAGTGCTCCGA-1_3",24,"Resting"
"GCCAGCAGTTCGGCTG-1_3",24,"Intermediate"
"GCCAGCATCCAACACA-1_3",24,"Intermediate"
"GCCAGCATCGATACTG-1_3",24,"Activated"
"GCCAGGTCACCGCTGA-1_3",24,"Treg"
"GCCAGGTGTCCTGTTC-1_3",24,"Resting"
"GCCAGTGAGCCTAACT-1_3",24,"Activated"
"GCCAGTGAGGATGAGA-1_3",24,"Resting"
"GCCAGTGAGGTCCAGA-1_3",24,"Intermediate"
"GCCAGTGCACACTTAG-1_3",24,"Intermediate"
"GCCAGTGTCGGCCTTT-1_3",24,"Intermediate"
"GCCATGGAGACATGCG-1_3",24,"Intermediate"
"GCCATGGAGTCGCGAA-1_3",24,"Intermediate"
"GCCATGGCACGCGGTT-1_3",24,"Intermediate"
"GCCATGGCAGGCGAAT-1_3",24,"Intermediate"
"GCCATGGCATTACTCT-1_3",24,"Intermediate"
"GCCATTCAGAATTTGG-1_3",24,"Treg"
"GCCATTCAGCTACTGT-1_3",24,"Intermediate"
"GCCATTCCATATCGGT-1_3",24,"Resting"
"GCCCAGAAGACTAAGT-1_3",24,"Intermediate"
"GCCCAGAGTATATGGA-1_3",24,"Intermediate"
"GCCCAGAGTTGGTGTT-1_3",24,"Activated"
"GCCCAGATCAATCCGA-1_3",24,"Resting"
"GCCCAGATCAGTGATC-1_3",24,"Intermediate"
"GCCCAGATCATTATCC-1_3",24,"Activated"
"GCCCAGATCCCGTTCA-1_3",24,"Activated"
"GCCCAGATCCTATTTG-1_3",24,"Activated"
"GCCCAGATCTGAGATC-1_3",24,"Activated"
"GCCCAGATCTGTAACG-1_3",24,"Activated"
"GCCCGAACACATAGCT-1_3",24,"Activated"
"GCCCGAACATTGCTGA-1_3",24,"Intermediate"
"GCCCGAAGTGTCATGT-1_3",24,"Resting"
"GCCGATGAGGCACTCC-1_3",24,"Intermediate"
"GCCGATGCAGACCGCT-1_3",24,"Intermediate"
"GCCGATGCATCGGTTA-1_3",24,"Intermediate"
"GCCGATGCATGGCGCT-1_3",24,"Intermediate"
"GCCGATGGTCCAGGTC-1_3",24,"Intermediate"
"GCCGATGTCCAGTACA-1_3",24,"Activated"
"GCCGATGTCTCAAAGC-1_3",24,"Intermediate"
"GCCGATGTCTTGGTCC-1_3",24,"Activated"
"GCCGTGAAGTAGTCTC-1_3",24,"Intermediate"
"GCCGTGAGTTGCGAAG-1_3",24,"Intermediate"
"GCCTGTTGTGAGTGAC-1_3",24,"Activated"
"GCCTGTTTCACTGATG-1_3",24,"Activated"
"GCCTGTTTCGGCACTG-1_3",24,"Activated"
"GCGAGAAAGCCATTTG-1_3",24,"Activated"
"GCGAGAACATGAAGGC-1_3",24,"Intermediate"
"GCGAGAAGTGTTTGCA-1_3",24,"Intermediate"
"GCGAGAATCCGTGCGA-1_3",24,"Intermediate"
"GCGAGAATCTACTTCA-1_3",24,"Resting"
"GCGAGAATCTGAACGT-1_3",24,"Intermediate"
"GCGATCGAGACGGTTG-1_3",24,"Activated"
"GCGATCGAGAGTTGTA-1_3",24,"Intermediate"
"GCGATCGCAGAACTAA-1_3",24,"Activated"
"GCGATCGCAGCCCAGT-1_3",24,"Intermediate"
"GCGATCGGTAGAATGT-1_3",24,"Intermediate"
"GCGATCGGTGTTAACC-1_3",24,"Intermediate"
"GCGATCGTCTCTAAGG-1_3",24,"Resting"
"GCGATCGTCTCTGGTC-1_3",24,"Resting"
"GCGGAAAAGTAAGAGG-1_3",24,"Intermediate"
"GCGGAAAAGTTACTCG-1_3",24,"Intermediate"
"GCGGAAACAGAGCCCT-1_3",24,"Resting"
"GCGGAAACAGCTGCCA-1_3",24,"Intermediate"
"GCGGAAACATCTGTTT-1_3",24,"Intermediate"
"GCGGAAAGTCACGACC-1_3",24,"Intermediate"
"GCGGAAAGTTGTGCCG-1_3",24,"Activated"
"GCGGATCAGACCCGCT-1_3",24,"Intermediate"
"GCGGATCAGTGCAAAT-1_3",24,"Resting"
"GCGGATCTCTACCTTA-1_3",24,"Activated"
"GCGGATCTCTAGCAAC-1_3",24,"Activated"
"GCGTGCAAGAGAGCAA-1_3",24,"Activated"
"GCGTGCAAGGTATAGT-1_3",24,"Intermediate"
"GCGTGCAAGTTAGTGA-1_3",24,"Intermediate"
"GCGTGCACAACGATTC-1_3",24,"Intermediate"
"GCGTGCACAATAGTGA-1_3",24,"Activated"
"GCGTGCACAGCTTCCT-1_3",24,"Intermediate"
"GCGTGCAGTATCTCTT-1_3",24,"Resting"
"GCGTGCATCGGTAACT-1_3",24,"Resting"
"GCGTGCATCTTACCGC-1_3",24,"Intermediate"
"GCGTGCATCTTCCCGA-1_3",24,"Resting"
"GCGTTTCAGACTAGAT-1_3",24,"Activated"
"GCGTTTCAGACTTCAC-1_3",24,"Activated"
"GCGTTTCCACAGTCAT-1_3",24,"Intermediate"
"GCGTTTCGTACATTGC-1_3",24,"Activated"
"GCGTTTCGTACGGTTT-1_3",24,"Activated"
"GCGTTTCTCAAGCTGT-1_3",24,"Activated"
"GCGTTTCTCCCATACC-1_3",24,"Activated"
"GCGTTTCTCGGTAAGG-1_3",24,"Treg"
"GCTACAAAGCGCTTCG-1_3",24,"Activated"
"GCTACAAAGCTTTCCC-1_3",24,"Intermediate"
"GCTACAAAGGGAGGTG-1_3",24,"Resting"
"GCTACAAAGTGGCCTC-1_3",24,"Intermediate"
"GCTACAAGTCTACATG-1_3",24,"Intermediate"
"GCTACAAGTGATGGCA-1_3",24,"Resting"
"GCTACAAGTGCATTAC-1_3",24,"Intermediate"
"GCTACAATCAGACCCG-1_3",24,"Activated"
"GCTACAATCGACATTG-1_3",24,"Activated"
"GCTACCTCAAGACCGA-1_3",24,"Activated"
"GCTACCTGTATCTCGA-1_3",24,"Activated"
"GCTCAAACACGCCAGT-1_3",24,"Intermediate"
"GCTCAAACATAACAGA-1_3",24,"Intermediate"
"GCTCAAAGTAACGGTG-1_3",24,"Intermediate"
"GCTCAAATCTTGGAAC-1_3",24,"Intermediate"
"GCTGAATAGCTTAAGA-1_3",24,"Activated"
"GCTGAATAGGTAAGTT-1_3",24,"Resting"
"GCTGAATAGTCAATCC-1_3",24,"Resting"
"GCTGAATAGTCCCGGT-1_3",24,"Intermediate"
"GCTGAATCATAGGCGA-1_3",24,"Intermediate"
"GCTGAATGTACCGCGT-1_3",24,"Activated"
"GCTGAATGTTCCACAA-1_3",24,"Activated"
"GCTGCAGAGTCATCGT-1_3",24,"Intermediate"
"GCTGCAGCATGACTTG-1_3",24,"Intermediate"
"GCTGGGTAGCTCCATA-1_3",24,"Activated"
"GCTGGGTCAAATCCCA-1_3",24,"Treg"
"GCTGGGTGTTTGCCGG-1_3",24,"Intermediate"
"GCTTCACAGTCATAGA-1_3",24,"Resting"
"GCTTCACCATCCTTGC-1_3",24,"Intermediate"
"GCTTCACCATTGGATC-1_3",24,"Intermediate"
"GCTTCACGTCCTGGTG-1_3",24,"Activated"
"GCTTCACGTGAATTAG-1_3",24,"Activated"
"GCTTCACGTTCCAAAC-1_3",24,"Resting"
"GCTTCACTCAAGAGTA-1_3",24,"Intermediate"
"GCTTCACTCGCAGATT-1_3",24,"Treg"
"GCTTGGGAGCCATTCA-1_3",24,"Intermediate"
"GCTTGGGGTAGAGACC-1_3",24,"Treg"
"GCTTGGGGTTACAGCT-1_3",24,"Activated"
"GCTTGGGTCTGGACTA-1_3",24,"Intermediate"
"GCTTTCGAGAGGCGTT-1_3",24,"Activated"
"GCTTTCGAGCGGGTAT-1_3",24,"Intermediate"
"GCTTTCGAGGCAGCTA-1_3",24,"Intermediate"
"GCTTTCGCATGGGAAC-1_3",24,"Intermediate"
"GCTTTCGGTAGGAAAG-1_3",24,"Intermediate"
"GCTTTCGGTCGTGCCA-1_3",24,"Intermediate"
"GGAACCCCACACACGC-1_3",24,"Intermediate"
"GGAACCCCAGAACTAA-1_3",24,"Activated"
"GGAACCCGTATGCTAC-1_3",24,"Activated"
"GGAACCCGTCACTTCC-1_3",24,"Resting"
"GGAACCCGTGCTTATG-1_3",24,"Resting"
"GGAACCCTCTCCAATT-1_3",24,"Resting"
"GGAAGTGCAAATTAGG-1_3",24,"Intermediate"
"GGAAGTGGTCGTACTA-1_3",24,"Intermediate"
"GGAAGTGTCATCCTAT-1_3",24,"Activated"
"GGAAGTGTCATTACTC-1_3",24,"Activated"
"GGAATCTCAAATACAG-1_3",24,"Intermediate"
"GGAATCTCACCCTGAG-1_3",24,"Intermediate"
"GGAATCTCACTTGGCG-1_3",24,"Resting"
"GGAATCTTCATAGGCT-1_3",24,"Activated"
"GGAATCTTCCGGTAGC-1_3",24,"Activated"
"GGAATGGAGCGCCATC-1_3",24,"Activated"
"GGAATGGAGGCCACCT-1_3",24,"Activated"
"GGAATGGAGGCTAAAT-1_3",24,"Resting"
"GGAATGGTCTGGTTGA-1_3",24,"Intermediate"
"GGACGTCCACCAGCCA-1_3",24,"Resting"
"GGACGTCGTAATGTGA-1_3",24,"Intermediate"
"GGACGTCGTTGGGCCT-1_3",24,"Intermediate"
"GGACGTCTCCATTTCA-1_3",24,"Activated"
"GGAGAACAGAAGCTGC-1_3",24,"Resting"
"GGAGAACAGCTAAATG-1_3",24,"Activated"
"GGAGAACAGCTGTACT-1_3",24,"Activated"
"GGAGAACCAAGGCCTC-1_3",24,"Intermediate"
"GGAGAACCACATACGT-1_3",24,"Intermediate"
"GGAGAACCACGAAAGC-1_3",24,"Activated"
"GGAGAACCAGGGATAC-1_3",24,"Resting"
"GGAGAACCATCGATAC-1_3",24,"Intermediate"
"GGAGAACGTAGGGAGG-1_3",24,"Resting"
"GGAGAACGTCAAAGAT-1_3",24,"Activated"
"GGAGAACGTTAAAGTG-1_3",24,"Activated"
"GGAGATGAGCGGGTTA-1_3",24,"Intermediate"
"GGAGATGAGTCACACT-1_3",24,"Resting"
"GGAGATGCAATCACGT-1_3",24,"Intermediate"
"GGAGATGCACCAGGTC-1_3",24,"Intermediate"
"GGAGATGCAGCTGAAG-1_3",24,"Intermediate"
"GGAGATGCAGTGTGGA-1_3",24,"Resting"
"GGAGATGCATGCGGTC-1_3",24,"Intermediate"
"GGAGATGGTCTGCCTT-1_3",24,"Intermediate"
"GGAGATGTCACCGCTT-1_3",24,"Activated"
"GGAGATGTCCAACACA-1_3",24,"Intermediate"
"GGAGCAAAGAGTCGAC-1_3",24,"Activated"
"GGAGCAAAGCAAACAT-1_3",24,"Intermediate"
"GGAGCAACACGAAAGC-1_3",24,"Activated"
"GGAGCAAGTGAACGGT-1_3",24,"Activated"
"GGAGCAAGTGTTCGAT-1_3",24,"Intermediate"
"GGAGCAATCCATCGTC-1_3",24,"Activated"
"GGAGCAATCTTTGCTA-1_3",24,"Intermediate"
"GGAGGATAGAGGGTGG-1_3",24,"Activated"
"GGAGGATAGCTTTCCC-1_3",24,"Intermediate"
"GGAGGATAGGAACTCG-1_3",24,"Intermediate"
"GGAGGATAGTTCGGTT-1_3",24,"Resting"
"GGAGGATCAGACCGCT-1_3",24,"Intermediate"
"GGAGGATCAGGAGGTT-1_3",24,"Activated"
"GGAGGATCAGTAACCT-1_3",24,"Intermediate"
"GGAGGATCATCAGTGT-1_3",24,"Treg"
"GGAGGATCATCTAGAC-1_3",24,"Intermediate"
"GGAGGATGTCGCAACC-1_3",24,"Intermediate"
"GGAGGTAAGAGTGTTA-1_3",24,"Activated"
"GGAGGTAAGGCCATAG-1_3",24,"Activated"
"GGAGGTACAAGGTCGA-1_3",24,"Intermediate"
"GGAGGTACAGAGTGAC-1_3",24,"Activated"
"GGAGGTAGTCGCTTGG-1_3",24,"Intermediate"
"GGAGGTAGTTCGAAGG-1_3",24,"Resting"
"GGAGGTATCAATCTCT-1_3",24,"Intermediate"
"GGAGGTATCAGCCCAG-1_3",24,"Activated"
"GGAGGTATCGTAGAGG-1_3",24,"Intermediate"
"GGATCTAAGAGACAAG-1_3",24,"Activated"
"GGATCTACAACCAACT-1_3",24,"Resting"
"GGATCTAGTTGGTAGG-1_3",24,"Intermediate"
"GGATCTATCCACAGGC-1_3",24,"Intermediate"
"GGATCTATCGACATAC-1_3",24,"Intermediate"
"GGATGTTAGTTCAACC-1_3",24,"Activated"
"GGATGTTTCTTTCGAT-1_3",24,"Activated"
"GGCACGTAGAGCATAT-1_3",24,"Activated"
"GGCACGTAGTACCCTA-1_3",24,"Intermediate"
"GGCACGTGTATGTGTC-1_3",24,"Activated"
"GGCACGTGTCAGGAGT-1_3",24,"Resting"
"GGCACGTGTCGTATTG-1_3",24,"Intermediate"
"GGCAGTCGTACCGTCG-1_3",24,"Intermediate"
"GGCAGTCGTTATAGAG-1_3",24,"Activated"
"GGCAGTCTCGGTCAGC-1_3",24,"Activated"
"GGCAGTCTCTTACCAT-1_3",24,"Activated"
"GGCGTCAAGACTTGTC-1_3",24,"Intermediate"
"GGCGTCACACTGGAAG-1_3",24,"Intermediate"
"GGCGTCAGTAAGTTGA-1_3",24,"Intermediate"
"GGCGTCAGTAGCTCGC-1_3",24,"Intermediate"
"GGCGTCATCCGCAACG-1_3",24,"Resting"
"GGCTGTGAGCAATTAG-1_3",24,"Intermediate"
"GGCTGTGAGCCTTTGA-1_3",24,"Intermediate"
"GGCTGTGAGCGCTGCT-1_3",24,"Intermediate"
"GGCTGTGAGGCGACAT-1_3",24,"Intermediate"
"GGCTGTGCAAGAGGTC-1_3",24,"Intermediate"
"GGCTGTGCACTCTAGA-1_3",24,"Intermediate"
"GGCTGTGCATGGAGAC-1_3",24,"Activated"
"GGCTTGGAGACTTCCA-1_3",24,"Activated"
"GGCTTGGAGGCAGCTA-1_3",24,"Intermediate"
"GGCTTGGAGTAGGCCA-1_3",24,"Resting"
"GGCTTTCAGAGCAACC-1_3",24,"Activated"
"GGCTTTCAGAGCCGAT-1_3",24,"Resting"
"GGCTTTCAGAGTCCGA-1_3",24,"Intermediate"
"GGCTTTCCAGCAGGAT-1_3",24,"Activated"
"GGCTTTCCATAGAAAC-1_3",24,"Intermediate"
"GGCTTTCGTCACTAGT-1_3",24,"Activated"
"GGCTTTCGTGGCTGCT-1_3",24,"Resting"
"GGCTTTCGTTTACGAC-1_3",24,"Activated"
"GGCTTTCTCACTGGGC-1_3",24,"Intermediate"
"GGCTTTCTCAGAGCAG-1_3",24,"Intermediate"
"GGCTTTCTCAGATTGC-1_3",24,"Activated"
"GGGAAGTAGGTACCTT-1_3",24,"Intermediate"
"GGGAAGTGTATCCCTC-1_3",24,"Intermediate"
"GGGAAGTGTCGCATGC-1_3",24,"Resting"
"GGGAAGTGTGTTCGTA-1_3",24,"Intermediate"
"GGGAAGTTCCAGCACG-1_3",24,"Intermediate"
"GGGAAGTTCGCCGAGT-1_3",24,"Intermediate"
"GGGAAGTTCGGCAGTC-1_3",24,"Intermediate"
"GGGAAGTTCGTCCTCA-1_3",24,"Activated"
"GGGACAAAGCGGACAT-1_3",24,"Activated"
"GGGACAAGTTGCATAC-1_3",24,"Resting"
"GGGACAAGTTTCGACA-1_3",24,"Activated"
"GGGACAATCCAGTGCG-1_3",24,"Activated"
"GGGACAATCCGGTAGC-1_3",24,"Resting"
"GGGACAATCGATTGGT-1_3",24,"Intermediate"
"GGGACAATCTATCGGA-1_3",24,"Resting"
"GGGACAATCTCACTCG-1_3",24,"Activated"
"GGGACAATCTGCACCT-1_3",24,"Intermediate"
"GGGACCTAGTAGAATC-1_3",24,"Intermediate"
"GGGACCTCAACCTAAC-1_3",24,"Intermediate"
"GGGACCTGTCTATGAC-1_3",24,"Intermediate"
"GGGACCTTCCCAGTGG-1_3",24,"Activated"
"GGGACCTTCCTCTCGA-1_3",24,"Intermediate"
"GGGACTCAGCTGGTGA-1_3",24,"Activated"
"GGGACTCAGTGGTTCT-1_3",24,"Activated"
"GGGACTCCAACTACGT-1_3",24,"Activated"
"GGGACTCGTTGCATCA-1_3",24,"Activated"
"GGGACTCTCTCCCTAG-1_3",24,"Intermediate"
"GGGACTCTCTCGACCT-1_3",24,"Intermediate"
"GGGACTCTCTTGTTAC-1_3",24,"Activated"
"GGGAGATAGGGAGTTC-1_3",24,"Intermediate"
"GGGAGATAGTGCTCGC-1_3",24,"Intermediate"
"GGGAGATCATATCTCT-1_3",24,"Intermediate"
"GGGAGATTCGGCTGAC-1_3",24,"Activated"
"GGGAGATTCTACGCGG-1_3",24,"Intermediate"
"GGGAGTACAGTCAACT-1_3",24,"Activated"
"GGGAGTAGTCAGTCTA-1_3",24,"Intermediate"
"GGGAGTAGTCCCGCAA-1_3",24,"Activated"
"GGGAGTAGTCTAACTG-1_3",24,"Intermediate"
"GGGAGTAGTGGTCTGC-1_3",24,"Intermediate"
"GGGAGTAGTTGTATGC-1_3",24,"Intermediate"
"GGGAGTAGTTTCACTT-1_3",24,"Intermediate"
"GGGATCCAGGAATCGC-1_3",24,"Intermediate"
"GGGATCCAGGCACCAA-1_3",24,"Intermediate"
"GGGATCCAGGTCCCTG-1_3",24,"Intermediate"
"GGGATCCCATGTGGCC-1_3",24,"Activated"
"GGGATCCGTATGGAAT-1_3",24,"Intermediate"
"GGGATCCGTATTCTCT-1_3",24,"Intermediate"
"GGGATCCGTGAGACGT-1_3",24,"Intermediate"
"GGGATCCGTTTCTATC-1_3",24,"Treg"
"GGGATCCTCCGAGTGC-1_3",24,"Intermediate"
"GGGATGAAGAGCCGTA-1_3",24,"Resting"
"GGGATGAAGGAAAGTG-1_3",24,"Intermediate"
"GGGATGAAGGTGCTGA-1_3",24,"Intermediate"
"GGGATGACACAAGCCC-1_3",24,"Intermediate"
"GGGATGAGTAAGGCCA-1_3",24,"Resting"
"GGGATGAGTAGCACAG-1_3",24,"Resting"
"GGGATGAGTGTATTCG-1_3",24,"Resting"
"GGGCCATAGGAACGAA-1_3",24,"Treg"
"GGGCCATAGTGAGCCA-1_3",24,"Resting"
"GGGCCATCACGCTGCA-1_3",24,"Intermediate"
"GGGCCATCAGCACACC-1_3",24,"Activated"
"GGGCCATGTATACCCA-1_3",24,"Resting"
"GGGCCATTCAAGCCTA-1_3",24,"Resting"
"GGGCCATTCAAGTAAG-1_3",24,"Resting"
"GGGCCATTCATCTGTT-1_3",24,"Intermediate"
"GGGCGTTCAAGGTCGA-1_3",24,"Activated"
"GGGCGTTGTACAGTCT-1_3",24,"Activated"
"GGGCGTTGTACCGGAA-1_3",24,"Intermediate"
"GGGCGTTTCCATTCAT-1_3",24,"Activated"
"GGGCTACCAATCGCCG-1_3",24,"Intermediate"
"GGGCTACGTCAATCTG-1_3",24,"Resting"
"GGGCTACGTGTAACGG-1_3",24,"Intermediate"
"GGGCTACGTTGGGAAC-1_3",24,"Intermediate"
"GGGCTCAAGACTGAGC-1_3",24,"Resting"
"GGGCTCAAGCAAGGAA-1_3",24,"Resting"
"GGGCTCAAGGCTAAAT-1_3",24,"Intermediate"
"GGGCTCAAGGTCATAA-1_3",24,"Intermediate"
"GGGCTCAGTGCGAGTA-1_3",24,"Intermediate"
"GGGCTCATCTCAGGCG-1_3",24,"Intermediate"
"GGGTAGAAGAAGTCAT-1_3",24,"Intermediate"
"GGGTAGAAGGGCAGAG-1_3",24,"Intermediate"
"GGGTAGAAGTCTGGAG-1_3",24,"Intermediate"
"GGGTAGACACCTGAAT-1_3",24,"Intermediate"
"GGGTAGAGTCTAGTGT-1_3",24,"Intermediate"
"GGGTAGATCGGACTTA-1_3",24,"Activated"
"GGGTATTAGATAACAC-1_3",24,"Intermediate"
"GGGTATTCAGTTGTCA-1_3",24,"Activated"
"GGGTATTCATGACGTT-1_3",24,"Intermediate"
"GGGTATTTCAGGAACG-1_3",24,"Resting"
"GGGTCACAGGTGAGAA-1_3",24,"Intermediate"
"GGGTCACGTTCAAACC-1_3",24,"Activated"
"GGGTCACTCAAATAGG-1_3",24,"Intermediate"
"GGGTCACTCTGTCCCA-1_3",24,"Intermediate"
"GGGTCTGAGGCCACCT-1_3",24,"Resting"
"GGGTCTGAGTTAGAAC-1_3",24,"Activated"
"GGGTCTGCAAAGTATG-1_3",24,"Activated"
"GGGTCTGCAATACCTG-1_3",24,"Resting"
"GGGTCTGCATCTAGAC-1_3",24,"Activated"
"GGGTCTGGTATTAAGG-1_3",24,"Intermediate"
"GGGTCTGGTGCCGAAA-1_3",24,"Intermediate"
"GGGTGAACAAATGCGG-1_3",24,"Intermediate"
"GGGTGAAGTGGATACG-1_3",24,"Activated"
"GGGTGAAGTTCCGTTC-1_3",24,"Intermediate"
"GGGTGAATCATGCAGT-1_3",24,"Intermediate"
"GGGTGAATCCGATCGG-1_3",24,"Activated"
"GGGTGTCAGCGACTAG-1_3",24,"Activated"
"GGGTGTCCAGACCAAG-1_3",24,"Resting"
"GGGTGTCTCGAGTACT-1_3",24,"Intermediate"
"GGGTTATAGAAACTAC-1_3",24,"Activated"
"GGGTTATAGGGCCAAT-1_3",24,"Activated"
"GGGTTATAGGTCGCCT-1_3",24,"Activated"
"GGGTTATGTGATTAGA-1_3",24,"Intermediate"
"GGGTTTAAGAAATTGC-1_3",24,"Resting"
"GGGTTTACAACTACGT-1_3",24,"Intermediate"
"GGGTTTACAATACGCT-1_3",24,"Intermediate"
"GGGTTTACATAGCTGT-1_3",24,"Activated"
"GGGTTTACATGAGGGT-1_3",24,"Resting"
"GGGTTTAGTGAATAAC-1_3",24,"Intermediate"
"GGGTTTATCCCGGTAG-1_3",24,"Activated"
"GGGTTTATCGCGTTTC-1_3",24,"Intermediate"
"GGGTTTATCTGCAGCG-1_3",24,"Intermediate"
"GGTAACTAGTGGTCAG-1_3",24,"Intermediate"
"GGTAACTCAAATACGA-1_3",24,"Intermediate"
"GGTAACTCAAGTCCCG-1_3",24,"Activated"
"GGTAACTCAGCGGTTC-1_3",24,"Activated"
"GGTAACTCATAAGCGG-1_3",24,"Activated"
"GGTAACTTCGCTTGAA-1_3",24,"Intermediate"
"GGTAACTTCGGACTTA-1_3",24,"Activated"
"GGTAACTTCTCGTCGT-1_3",24,"Resting"
"GGTAATCAGAAGATCT-1_3",24,"Activated"
"GGTAATCAGTTGTACC-1_3",24,"Resting"
"GGTAGAGAGGCTCTCG-1_3",24,"Intermediate"
"GGTAGAGAGGTAAACT-1_3",24,"Activated"
"GGTAGAGCACTCTAGA-1_3",24,"Intermediate"
"GGTAGAGTCACCCTGT-1_3",24,"Intermediate"
"GGTAGAGTCTGGGCGT-1_3",24,"Resting"
"GGTCACGAGTTGGAAT-1_3",24,"Activated"
"GGTCACGCAAATGAAC-1_3",24,"Intermediate"
"GGTCACGCAAATGCGG-1_3",24,"Resting"
"GGTCACGCAGTCGTTA-1_3",24,"Activated"
"GGTCACGGTACGAAAT-1_3",24,"Resting"
"GGTCACGGTCCTGTTC-1_3",24,"Activated"
"GGTCACGTCCGTTTCG-1_3",24,"Intermediate"
"GGTCTGGCAAAGTGTA-1_3",24,"Activated"
"GGTCTGGCAAGTGGGT-1_3",24,"Intermediate"
"GGTCTGGCATCCTATT-1_3",24,"Intermediate"
"GGTCTGGGTACCGGAA-1_3",24,"Activated"
"GGTCTGGGTGTGGTCC-1_3",24,"Intermediate"
"GGTCTGGTCGTAGAGG-1_3",24,"Intermediate"
"GGTGAAGAGATCCCAT-1_3",24,"Activated"
"GGTGAAGAGCGATCGA-1_3",24,"Activated"
"GGTGAAGCAGAGATTA-1_3",24,"Treg"
"GGTGAAGCAGTCGCAC-1_3",24,"Activated"
"GGTGAAGCATTAAAGG-1_3",24,"Intermediate"
"GGTGAAGTCATTACGG-1_3",24,"Intermediate"
"GGTGAAGTCCCGTAAA-1_3",24,"Resting"
"GGTGAAGTCCTGGGAC-1_3",24,"Intermediate"
"GGTGAAGTCGTTCGCT-1_3",24,"Intermediate"
"GGTGATTAGGGCATGT-1_3",24,"Intermediate"
"GGTGATTAGTCATGGG-1_3",24,"Intermediate"
"GGTGATTCACCTGTCT-1_3",24,"Intermediate"
"GGTGATTCATTCTTCA-1_3",24,"Resting"
"GGTGATTGTACGTGAG-1_3",24,"Intermediate"
"GGTGATTGTCTAACGT-1_3",24,"Resting"
"GGTGATTTCAAAGACA-1_3",24,"Intermediate"
"GGTGGCTGTATATGGA-1_3",24,"Resting"
"GGTGGCTGTCCAATCA-1_3",24,"Resting"
"GGTGGCTGTGTCATCA-1_3",24,"Intermediate"
"GGTGGCTGTTTCGGCG-1_3",24,"Activated"
"GGTGGCTTCAGCTAGT-1_3",24,"Activated"
"GGTGGCTTCTCACTCG-1_3",24,"Activated"
"GGTGTCGAGTACTGTC-1_3",24,"Resting"
"GGTGTCGAGTCGAAGC-1_3",24,"Intermediate"
"GGTGTCGCAAGCGATG-1_3",24,"Activated"
"GGTGTCGCATGACCCG-1_3",24,"Intermediate"
"GGTGTCGGTGATAGAT-1_3",24,"Resting"
"GGTGTCGTCACGGGAA-1_3",24,"Intermediate"
"GGTGTCGTCTCTCGCA-1_3",24,"Intermediate"
"GGTGTCGTCTTTACAC-1_3",24,"Intermediate"
"GGTGTTAAGACGGAAA-1_3",24,"Intermediate"
"GGTGTTAGTCTTGAGT-1_3",24,"Resting"
"GGTTAACAGACGCTCC-1_3",24,"Resting"
"GGTTAACAGTCAGGGT-1_3",24,"Intermediate"
"GGTTAACCAAGGAGTC-1_3",24,"Resting"
"GGTTAACCAATACGCT-1_3",24,"Intermediate"
"GGTTAACGTACAGGTG-1_3",24,"Intermediate"
"GGTTAACGTACCGCGT-1_3",24,"Intermediate"
"GGTTAACGTTAGGACG-1_3",24,"Resting"
"GGTTAACTCCCAGGCA-1_3",24,"Intermediate"
"GGTTAACTCCGCCTAT-1_3",24,"Activated"
"GGTTAACTCGAACCAT-1_3",24,"Intermediate"
"GGTTAACTCGGTAAGG-1_3",24,"Activated"
"GGTTCTCAGCACCGTC-1_3",24,"Intermediate"
"GGTTCTCAGTATGGAT-1_3",24,"Resting"
"GGTTCTCCATTGACAC-1_3",24,"Resting"
"GGTTCTCGTGCCCACA-1_3",24,"Intermediate"
"GGTTCTCTCGGTGTTA-1_3",24,"Intermediate"
"GGTTCTCTCTGTGCAA-1_3",24,"Activated"
"GGTTGTACAAGACGAC-1_3",24,"Intermediate"
"GGTTGTAGTCTGGTTA-1_3",24,"Intermediate"
"GGTTGTAGTTGCATGT-1_3",24,"Intermediate"
"GGTTGTAGTTGGCTAT-1_3",24,"Activated"
"GGTTGTATCAACTTTC-1_3",24,"Activated"
"GGTTGTATCATCGGGC-1_3",24,"Intermediate"
"GGTTGTATCTCATTAC-1_3",24,"Intermediate"
"GTAACACAGGTCATAA-1_3",24,"Intermediate"
"GTAACACAGTAGCTCT-1_3",24,"Activated"
"GTAACACCACGCGCTA-1_3",24,"Resting"
"GTAACACCAGTCAACT-1_3",24,"Intermediate"
"GTAACACTCACCTTGC-1_3",24,"Intermediate"
"GTAACACTCGCGTTTC-1_3",24,"Resting"
"GTAACACTCTTACGTT-1_3",24,"Activated"
"GTAACCACAGTTAAAG-1_3",24,"Activated"
"GTAACCATCATTGCTT-1_3",24,"Intermediate"
"GTAACCATCGTCAACA-1_3",24,"Intermediate"
"GTAAGTCAGATAGTCA-1_3",24,"Activated"
"GTAAGTCAGGAACGTC-1_3",24,"Resting"
"GTAAGTCAGGTTGTTC-1_3",24,"Intermediate"
"GTAAGTCCAAGGTCAG-1_3",24,"Resting"
"GTAAGTCCAGATCCAT-1_3",24,"Activated"
"GTAAGTCCAGCGAACA-1_3",24,"Activated"
"GTAAGTCCATGTGGCC-1_3",24,"Intermediate"
"GTAAGTCGTACCACGC-1_3",24,"Activated"
"GTAAGTCGTCCAAGAG-1_3",24,"Intermediate"
"GTAAGTCGTTCAGTAC-1_3",24,"Activated"
"GTAAGTCTCATGCCGG-1_3",24,"Activated"
"GTAAGTCTCTCTATGT-1_3",24,"Resting"
"GTAATCGAGACATATG-1_3",24,"Resting"
"GTAATCGCAGATCCAT-1_3",24,"Intermediate"
"GTAATCGGTAGGTACG-1_3",24,"Intermediate"
"GTAATCGGTATCACCA-1_3",24,"Activated"
"GTAATCGGTGTCTTAG-1_3",24,"Resting"
"GTAATCGGTTGGGTTT-1_3",24,"Activated"
"GTAATCGTCCATCTGC-1_3",24,"Resting"
"GTAATGCAGCATTTCG-1_3",24,"Intermediate"
"GTAATGCAGCGTTAGG-1_3",24,"Resting"
"GTAATGCAGGGTACAC-1_3",24,"Intermediate"
"GTAATGCCACACCTGG-1_3",24,"Intermediate"
"GTAATGCCAGAACTTC-1_3",24,"Intermediate"
"GTAATGCCATGATGCT-1_3",24,"Resting"
"GTAATGCTCACCCATC-1_3",24,"Activated"
"GTAATGCTCCAAGCCG-1_3",24,"Intermediate"
"GTACAACAGATCGACG-1_3",24,"Activated"
"GTACAACAGCAAATGT-1_3",24,"Activated"
"GTACAACAGTTCGGTT-1_3",24,"Resting"
"GTACAACGTAACCCGC-1_3",24,"Intermediate"
"GTACAACGTACTCCCT-1_3",24,"Intermediate"
"GTACAACGTATTGAGA-1_3",24,"Intermediate"
"GTACAACTCGACCATA-1_3",24,"Intermediate"
"GTACAGTAGTAATCCC-1_3",24,"Resting"
"GTACAGTAGTTACGGG-1_3",24,"Intermediate"
"GTACAGTCACGGTAGA-1_3",24,"Intermediate"
"GTACAGTGTGAGGATC-1_3",24,"Intermediate"
"GTACAGTGTTAGCGGA-1_3",24,"Activated"
"GTACAGTTCCCGTAAA-1_3",24,"Intermediate"
"GTAGAAAAGACGACGT-1_3",24,"Resting"
"GTAGAAAAGACGAGCT-1_3",24,"Activated"
"GTAGAAAAGCGAGTAC-1_3",24,"Intermediate"
"GTAGAAAAGCGTATGG-1_3",24,"Intermediate"
"GTAGAAAAGTTGCATC-1_3",24,"Intermediate"
"GTAGAAACATGAGTAA-1_3",24,"Resting"
"GTAGAAAGTCTAACTG-1_3",24,"Intermediate"
"GTAGAAAGTTCACGAT-1_3",24,"Activated"
"GTAGAAATCAGGAAAT-1_3",24,"Intermediate"
"GTAGAAATCCTGTAAG-1_3",24,"Resting"
"GTAGAAATCTTGGATG-1_3",24,"Intermediate"
"GTAGAGGAGAAAGTCT-1_3",24,"Intermediate"
"GTAGAGGAGATGAATC-1_3",24,"Activated"
"GTAGAGGCAAATGAAC-1_3",24,"Intermediate"
"GTAGAGGCACACGTGC-1_3",24,"Intermediate"
"GTAGAGGCACTCCGGA-1_3",24,"Activated"
"GTAGAGGCAGTAGAAT-1_3",24,"Intermediate"
"GTAGATCAGATGCTTC-1_3",24,"Intermediate"
"GTAGATCAGCAAATCA-1_3",24,"Intermediate"
"GTAGATCAGGAGATAG-1_3",24,"Intermediate"
"GTAGATCAGGGATCAC-1_3",24,"Activated"
"GTAGATCCACCGTGAC-1_3",24,"Intermediate"
"GTAGATCTCTAGCAAC-1_3",24,"Resting"
"GTAGCTAAGAGTGTGC-1_3",24,"Intermediate"
"GTAGCTAAGGTACAAT-1_3",24,"Resting"
"GTAGCTAAGGTCGTGA-1_3",24,"Activated"
"GTAGCTACAGGTCCCA-1_3",24,"Intermediate"
"GTAGCTAGTAGAGACC-1_3",24,"Treg"
"GTAGCTAGTGACTATC-1_3",24,"Intermediate"
"GTAGGAGAGTGGGAAA-1_3",24,"Intermediate"
"GTAGGAGCACTAACCA-1_3",24,"Intermediate"
"GTAGGAGGTACGCTAT-1_3",24,"Activated"
"GTAGGAGTCAACACCA-1_3",24,"Resting"
"GTAGGAGTCGGACGTC-1_3",24,"Intermediate"
"GTAGGTTCAAGGGCAT-1_3",24,"Activated"
"GTAGGTTCATACTGAC-1_3",24,"Intermediate"
"GTAGGTTGTCCTGGGT-1_3",24,"Activated"
"GTAGTACCATAGCACT-1_3",24,"Intermediate"
"GTAGTACGTTCCTACC-1_3",24,"Intermediate"
"GTAGTACGTTGACGGA-1_3",24,"Activated"
"GTAGTACTCACCATGA-1_3",24,"Activated"
"GTAGTACTCAGGACGA-1_3",24,"Intermediate"
"GTAGTACTCAGTGCGC-1_3",24,"Intermediate"
"GTAGTACTCCGTAGTA-1_3",24,"Intermediate"
"GTATTGGAGAGTCTGG-1_3",24,"Intermediate"
"GTATTGGAGCTCGCAC-1_3",24,"Activated"
"GTATTGGCAAATTGGA-1_3",24,"Treg"
"GTATTGGTCACATTGG-1_3",24,"Resting"
"GTATTGGTCGTGTGAT-1_3",24,"Activated"
"GTATTTCAGATCCGAG-1_3",24,"Activated"
"GTATTTCCAAGCTGCC-1_3",24,"Activated"
"GTATTTCGTGCATCTA-1_3",24,"Resting"
"GTCAAACAGACATCAA-1_3",24,"Activated"
"GTCAAACAGAGGGTCT-1_3",24,"Resting"
"GTCAAACAGCCTTTCC-1_3",24,"Activated"
"GTCAAACAGCTACGTT-1_3",24,"Resting"
"GTCAAACCATAGATCC-1_3",24,"Intermediate"
"GTCAAACTCCAAAGGG-1_3",24,"Intermediate"
"GTCAAACTCGCCGAGT-1_3",24,"Intermediate"
"GTCAAGTAGGGCAGGA-1_3",24,"Resting"
"GTCAAGTCAAGTGACG-1_3",24,"Intermediate"
"GTCAAGTCATAACTCG-1_3",24,"Activated"
"GTCAAGTGTGAGTTTC-1_3",24,"Activated"
"GTCAAGTGTTAATGAG-1_3",24,"Intermediate"
"GTCAAGTTCACCGGTG-1_3",24,"Intermediate"
"GTCACGGAGAGGCCAT-1_3",24,"Resting"
"GTCACGGAGATGTTCC-1_3",24,"Resting"
"GTCACGGCAAACTAGA-1_3",24,"Intermediate"
"GTCACGGCAATTCTTC-1_3",24,"Intermediate"
"GTCACGGCAGTCACGC-1_3",24,"Intermediate"
"GTCACGGCATAGGTAA-1_3",24,"Intermediate"
"GTCACGGGTACTCGAT-1_3",24,"Intermediate"
"GTCACGGGTATAATGG-1_3",24,"Intermediate"
"GTCACGGTCAAACCTG-1_3",24,"Intermediate"
"GTCACGGTCTGTCCCA-1_3",24,"Intermediate"
"GTCACTCAGTGGAATT-1_3",24,"Activated"
"GTCACTCCAGTATGAA-1_3",24,"Resting"
"GTCACTCGTCGAACAG-1_3",24,"Treg"
"GTCACTCTCACATCAG-1_3",24,"Intermediate"
"GTCAGCGCATAGCACT-1_3",24,"Intermediate"
"GTCAGCGTCTATACGG-1_3",24,"Activated"
"GTCATCCAGCCTTCTC-1_3",24,"Intermediate"
"GTCATCCAGCTAGAAT-1_3",24,"Intermediate"
"GTCATCCCACACCTGG-1_3",24,"Intermediate"
"GTCATCCCACGGATCC-1_3",24,"Intermediate"
"GTCATCCCAGCAGACA-1_3",24,"Intermediate"
"GTCATCCGTGTCTTCC-1_3",24,"Intermediate"
"GTCATCCGTTAGTTCG-1_3",24,"Intermediate"
"GTCATCCGTTCTCCAC-1_3",24,"Resting"
"GTCATCCTCGCTTGCT-1_3",24,"Treg"
"GTCATGAAGGACTTCT-1_3",24,"Intermediate"
"GTCATGAAGGTCGCCT-1_3",24,"Intermediate"
"GTCATGACAGGCTATT-1_3",24,"Activated"
"GTCATGACATAAGATG-1_3",24,"Intermediate"
"GTCATGACATTAGGCT-1_3",24,"Activated"
"GTCATGAGTAGCTTAC-1_3",24,"Activated"
"GTCATGAGTCCACACG-1_3",24,"Intermediate"
"GTCATGAGTGGCTTGC-1_3",24,"Intermediate"
"GTCATGAGTTTCTATC-1_3",24,"Activated"
"GTCATGATCTGAGATC-1_3",24,"Intermediate"
"GTCATTTCACCATAAC-1_3",24,"Activated"
"GTCATTTCACGTGAGA-1_3",24,"Intermediate"
"GTCATTTCAGAGTTCT-1_3",24,"Resting"
"GTCATTTGTAGCGTAG-1_3",24,"Resting"
"GTCATTTGTAGTACGG-1_3",24,"Activated"
"GTCATTTGTGCGTCGT-1_3",24,"Intermediate"
"GTCCACTAGCCTCAGC-1_3",24,"Activated"
"GTCCACTCAATCGTCA-1_3",24,"Treg"
"GTCCACTCATGAGAAT-1_3",24,"Intermediate"
"GTCCACTGTCACAGTT-1_3",24,"Activated"
"GTCCACTGTGATGGCA-1_3",24,"Activated"
"GTCCACTGTGTATTCG-1_3",24,"Intermediate"
"GTCCACTTCACACGAT-1_3",24,"Intermediate"
"GTCCACTTCGACATAC-1_3",24,"Intermediate"
"GTCCCATAGATTGCGG-1_3",24,"Activated"
"GTCCCATCAAAGGCTG-1_3",24,"Intermediate"
"GTCCCATGTACGAGCA-1_3",24,"Activated"
"GTCCCATGTGACCGTC-1_3",24,"Resting"
"GTCCCATGTTCTATCT-1_3",24,"Intermediate"
"GTCCCATGTTCTCGCT-1_3",24,"Activated"
"GTCCCATTCGCCTTTG-1_3",24,"Intermediate"
"GTCCCATTCGGCAGTC-1_3",24,"Activated"
"GTCCTCAAGGTAAACT-1_3",24,"Intermediate"
"GTCCTCAAGTTGGAAT-1_3",24,"Activated"
"GTCCTCACAAGGTCTT-1_3",24,"Intermediate"
"GTCCTCACAATTGCCA-1_3",24,"Intermediate"
"GTCCTCACATTGCTGA-1_3",24,"Activated"
"GTCCTCATCCCTAGGG-1_3",24,"Resting"
"GTCGAATAGACTAAGT-1_3",24,"Resting"
"GTCGAATCACTGAGGA-1_3",24,"Intermediate"
"GTCGAATCAGGACTTT-1_3",24,"Resting"
"GTCGAATCATCATCTT-1_3",24,"Intermediate"
"GTCGAATGTCAAGTTC-1_3",24,"Activated"
"GTCGAATGTGTGTACT-1_3",24,"Resting"
"GTCGAATGTTTCGATG-1_3",24,"Intermediate"
"GTCGCGAAGAGGTTTA-1_3",24,"Intermediate"
"GTCGCGAAGGTGCAGT-1_3",24,"Activated"
"GTCGCGACATATGCGT-1_3",24,"Intermediate"
"GTCGCGAGTAACGATA-1_3",24,"Activated"
"GTCGCGAGTAACGCGA-1_3",24,"Intermediate"
"GTCGCGATCACCATGA-1_3",24,"Intermediate"
"GTCGTAAAGACTAAGT-1_3",24,"Resting"
"GTCGTAAAGCTGTTAC-1_3",24,"Resting"
"GTCGTAACACCGTACG-1_3",24,"Intermediate"
"GTCGTAACACGGTAGA-1_3",24,"Intermediate"
"GTCGTAATCCCTCTCC-1_3",24,"Intermediate"
"GTCGTTCAGCTCTATG-1_3",24,"Intermediate"
"GTCGTTCCACGACGCT-1_3",24,"Intermediate"
"GTCGTTCCAGCATGCC-1_3",24,"Resting"
"GTCGTTCGTAGACAAT-1_3",24,"Intermediate"
"GTCGTTCGTCCAAGAG-1_3",24,"Intermediate"
"GTCGTTCTCAGTGTGT-1_3",24,"Intermediate"
"GTCGTTCTCTGTGCGG-1_3",24,"Intermediate"
"GTCTACCCACTACTTT-1_3",24,"Treg"
"GTCTACCCATGCACTA-1_3",24,"Activated"
"GTCTACCGTCCTGGTG-1_3",24,"Resting"
"GTCTACCTCATGAAAG-1_3",24,"Intermediate"
"GTCTACCTCCGTGTAA-1_3",24,"Intermediate"
"GTCTACCTCTCGTCGT-1_3",24,"Intermediate"
"GTCTAGAAGCTGAAGC-1_3",24,"Activated"
"GTCTAGAAGCTGAGCA-1_3",24,"Resting"
"GTCTAGAAGTGCAGCA-1_3",24,"Intermediate"
"GTCTAGAAGTGTTGAA-1_3",24,"Intermediate"
"GTCTAGAGTACGACAG-1_3",24,"Activated"
"GTCTAGAGTCCTACGG-1_3",24,"Activated"
"GTCTAGATCATGTCTT-1_3",24,"Resting"
"GTCTCACAGCCGTTGC-1_3",24,"Activated"
"GTCTCACAGTTACGAA-1_3",24,"Intermediate"
"GTCTCACCAGCCTTCT-1_3",24,"Intermediate"
"GTCTCACGTAATGCTC-1_3",24,"Resting"
"GTCTCACGTTACCCTC-1_3",24,"Intermediate"
"GTCTCACGTTCCGGTG-1_3",24,"Intermediate"
"GTCTCACTCCGTCCTA-1_3",24,"Resting"
"GTCTCACTCTTACTGT-1_3",24,"Resting"
"GTCTGTCAGTCATACC-1_3",24,"Resting"
"GTCTGTCCAGCATTGT-1_3",24,"Resting"
"GTCTGTCCAGCCTATA-1_3",24,"Intermediate"
"GTCTGTCCATCCGAGC-1_3",24,"Intermediate"
"GTCTGTCGTGGCTGCT-1_3",24,"Intermediate"
"GTCTGTCTCCTACGGG-1_3",24,"Intermediate"
"GTCTTTACAAGCGATG-1_3",24,"Intermediate"
"GTCTTTATCCCTAGGG-1_3",24,"Activated"
"GTCTTTATCTGGTGGC-1_3",24,"Activated"
"GTGACGCAGCATCCCG-1_3",24,"Resting"
"GTGACGCAGGGCGAAG-1_3",24,"Activated"
"GTGACGCCATGACTTG-1_3",24,"Intermediate"
"GTGACGCGTGCCGGTT-1_3",24,"Treg"
"GTGACGCGTTGTCATG-1_3",24,"Intermediate"
"GTGACGCTCAGTCACA-1_3",24,"Activated"
"GTGAGCCCAAGACCTT-1_3",24,"Intermediate"
"GTGAGCCTCATTGAGC-1_3",24,"Activated"
"GTGAGTTAGGAAGTCC-1_3",24,"Activated"
"GTGAGTTAGGAATTAC-1_3",24,"Intermediate"
"GTGAGTTCACTGATTG-1_3",24,"Intermediate"
"GTGAGTTCATTACGGT-1_3",24,"Intermediate"
"GTGAGTTGTCGGTGAA-1_3",24,"Intermediate"
"GTGAGTTGTTACGTAC-1_3",24,"Activated"
"GTGAGTTTCTATACTC-1_3",24,"Intermediate"
"GTGATGTAGGCCCACT-1_3",24,"Intermediate"
"GTGATGTAGTAGTCCT-1_3",24,"Intermediate"
"GTGATGTAGTGCCCGT-1_3",24,"Activated"
"GTGATGTGTATTCCTT-1_3",24,"Resting"
"GTGATGTGTTGAATCC-1_3",24,"Intermediate"
"GTGATGTGTTGCGAAG-1_3",24,"Intermediate"
"GTGATGTTCATCGCAA-1_3",24,"Intermediate"
"GTGATGTTCGCGGACT-1_3",24,"Activated"
"GTGATGTTCTTGTGCC-1_3",24,"Activated"
"GTGCACGAGACATCCT-1_3",24,"Intermediate"
"GTGCACGCAACTGCTA-1_3",24,"Resting"
"GTGCACGTCACGACTA-1_3",24,"Intermediate"
"GTGCACGTCATCGTAG-1_3",24,"Resting"
"GTGCACGTCGTTCTGC-1_3",24,"Intermediate"
"GTGCAGCAGGGTTGCA-1_3",24,"Activated"
"GTGCAGCAGTGAGTGC-1_3",24,"Activated"
"GTGCAGCGTAGCACGA-1_3",24,"Intermediate"
"GTGCAGCGTATGGAAT-1_3",24,"Intermediate"
"GTGCAGCGTCCCGTGA-1_3",24,"Activated"
"GTGCAGCTCCAATCTT-1_3",24,"Activated"
"GTGCAGCTCCTGTTAT-1_3",24,"Intermediate"
"GTGCAGCTCTCAGTCC-1_3",24,"Activated"
"GTGCGTGCACAGTCCG-1_3",24,"Intermediate"
"GTGCGTGCATTCAGGT-1_3",24,"Activated"
"GTGCGTGTCCAATGCA-1_3",24,"Intermediate"
"GTGCGTGTCTGACGCG-1_3",24,"Activated"
"GTGCTGGCAAACTCGT-1_3",24,"Activated"
"GTGCTGGCAACCTATG-1_3",24,"Intermediate"
"GTGCTGGCAGGCTACC-1_3",24,"Resting"
"GTGCTGGGTATTTCCT-1_3",24,"Intermediate"
"GTGCTGGGTCTGCGCA-1_3",24,"Activated"
"GTGCTGGGTTATAGAG-1_3",24,"Intermediate"
"GTGCTGGGTTCAGTAC-1_3",24,"Intermediate"
"GTGCTGGTCCAGTGTA-1_3",24,"Intermediate"
"GTGCTGGTCGTTCTCG-1_3",24,"Resting"
"GTGCTGGTCTTGGTGA-1_3",24,"Activated"
"GTGCTTCAGTCATTGC-1_3",24,"Resting"
"GTGCTTCCAAATACGA-1_3",24,"Activated"
"GTGCTTCCACACAGCC-1_3",24,"Activated"
"GTGCTTCCACGCGCAT-1_3",24,"Resting"
"GTGCTTCGTACCGCGT-1_3",24,"Intermediate"
"GTGCTTCGTCGACTGC-1_3",24,"Resting"
"GTGCTTCTCTTCTCAA-1_3",24,"Intermediate"
"GTGGAAGAGAATTCAG-1_3",24,"Activated"
"GTGGAAGAGGTAGCCA-1_3",24,"Intermediate"
"GTGGAAGCAAGTACCT-1_3",24,"Intermediate"
"GTGGAAGCAGAGATTA-1_3",24,"Activated"
"GTGGAAGGTCAAGCGA-1_3",24,"Intermediate"
"GTGGAAGTCGACGCTG-1_3",24,"Intermediate"
"GTGGAGAAGACGTCGA-1_3",24,"Activated"
"GTGGAGAAGGCTCTCG-1_3",24,"Activated"
"GTGGAGACAGGTCAAG-1_3",24,"Resting"
"GTGGAGACATGACGGA-1_3",24,"Intermediate"
"GTGGAGACATGGCTAT-1_3",24,"Resting"
"GTGGAGAGTCCTGGTG-1_3",24,"Intermediate"
"GTGGAGAGTTGGAGAC-1_3",24,"Intermediate"
"GTGGAGATCCGATAGT-1_3",24,"Activated"
"GTGGAGATCGTCAAAC-1_3",24,"Intermediate"
"GTGGCGTAGACAAGCC-1_3",24,"Intermediate"
"GTGGCGTAGCCTGAGA-1_3",24,"Activated"
"GTGGCGTAGTCAATCC-1_3",24,"Activated"
"GTGGCGTAGTGCGCTC-1_3",24,"Activated"
"GTGGCGTCAGAGTGTG-1_3",24,"Treg"
"GTGGCGTCATTGGCAT-1_3",24,"Activated"
"GTGGCGTGTCAGTCGC-1_3",24,"Activated"
"GTGGCGTGTGTATCCA-1_3",24,"Activated"
"GTGGCGTTCAAGTGTC-1_3",24,"Resting"
"GTGGCGTTCCCGGTAG-1_3",24,"Resting"
"GTGGCGTTCCGTACGG-1_3",24,"Intermediate"
"GTGGCGTTCGTCGCTT-1_3",24,"Intermediate"
"GTGGGAAAGGTCACAG-1_3",24,"Intermediate"
"GTGGGAACACTACGGC-1_3",24,"Resting"
"GTGGGAACAGGCAATG-1_3",24,"Treg"
"GTGGGAATCAGTCACA-1_3",24,"Activated"
"GTGGGAATCCATTTAC-1_3",24,"Intermediate"
"GTGGGAATCGCCGAGT-1_3",24,"Intermediate"
"GTGGGAATCTGCTCTG-1_3",24,"Intermediate"
"GTGGTTAAGAACTTCC-1_3",24,"Activated"
"GTGGTTACACAAGTGG-1_3",24,"Intermediate"
"GTGGTTACAGATCACT-1_3",24,"Activated"
"GTGGTTACAGCAATTC-1_3",24,"Intermediate"
"GTGGTTACAGCGAGTA-1_3",24,"Resting"
"GTGGTTAGTGAGTTTC-1_3",24,"Resting"
"GTGGTTATCTTACTGT-1_3",24,"Resting"
"GTGTAACAGCTGGTGA-1_3",24,"Intermediate"
"GTGTAACAGGTTCATC-1_3",24,"Resting"
"GTGTAACAGTAAATGC-1_3",24,"Activated"
"GTGTAACCATTCTCTA-1_3",24,"Intermediate"
"GTGTAACGTGCATTAC-1_3",24,"Activated"
"GTGTAACGTTGTCCCT-1_3",24,"Activated"
"GTGTAACGTTTATGCG-1_3",24,"Activated"
"GTGTAACTCCATAGGT-1_3",24,"Intermediate"
"GTGTAACTCGATGCTA-1_3",24,"Intermediate"
"GTGTCCTCAACCGGAA-1_3",24,"Intermediate"
"GTGTCCTCAATAACCC-1_3",24,"Activated"
"GTGTCCTCAGAGGAAA-1_3",24,"Intermediate"
"GTGTCCTGTACGCGTC-1_3",24,"Intermediate"
"GTGTCCTGTCGTGGTC-1_3",24,"Intermediate"
"GTGTGATAGCTTGTGT-1_3",24,"Activated"
"GTGTGATCAACAAGAT-1_3",24,"Intermediate"
"GTGTGATTCACCATGA-1_3",24,"Intermediate"
"GTGTGATTCAGGCGAA-1_3",24,"Intermediate"
"GTGTGGCTCACCCTGT-1_3",24,"Intermediate"
"GTGTGGCTCTACGGGC-1_3",24,"Activated"
"GTGTTAGAGAGGACTC-1_3",24,"Intermediate"
"GTGTTAGAGCGATGGT-1_3",24,"Intermediate"
"GTGTTAGAGCGCGTTC-1_3",24,"Intermediate"
"GTGTTAGAGTCCTACA-1_3",24,"Intermediate"
"GTGTTAGAGTTGCTCA-1_3",24,"Resting"
"GTGTTAGAGTTTAGGA-1_3",24,"Resting"
"GTGTTAGGTACGGCAA-1_3",24,"Intermediate"
"GTGTTAGGTGACTGTT-1_3",24,"Activated"
"GTGTTAGGTTTACTTC-1_3",24,"Intermediate"
"GTGTTAGTCATTCTTG-1_3",24,"Intermediate"
"GTGTTAGTCTACTCAT-1_3",24,"Intermediate"
"GTGTTCCAGACTTCGT-1_3",24,"Intermediate"
"GTGTTCCAGGGCTGAT-1_3",24,"Intermediate"
"GTGTTCCCAAATCGTC-1_3",24,"Activated"
"GTGTTCCGTCGCCTAG-1_3",24,"Activated"
"GTTACAGAGCCTCTTC-1_3",24,"Resting"
"GTTACAGAGTTAACAG-1_3",24,"Resting"
"GTTACAGTCTCGCGTT-1_3",24,"Activated"
"GTTACAGTCTGTGCGG-1_3",24,"Intermediate"
"GTTACCCCAAGGACAC-1_3",24,"Activated"
"GTTACCCCATAGGAGC-1_3",24,"Resting"
"GTTACCCCATGGTACT-1_3",24,"Intermediate"
"GTTACCCGTAGTTAGA-1_3",24,"Intermediate"
"GTTACCCTCCCAACTC-1_3",24,"Resting"
"GTTACCCTCTGTGTGA-1_3",24,"Resting"
"GTTACGACAAATGGTA-1_3",24,"Resting"
"GTTACGACAATAGAGT-1_3",24,"Resting"
"GTTACGACAGGCCCTA-1_3",24,"Intermediate"
"GTTACGAGTCTTGCGG-1_3",24,"Activated"
"GTTACGAGTGACACGA-1_3",24,"Intermediate"
"GTTACGAGTGCTATTG-1_3",24,"Activated"
"GTTACGAGTTCCCAAA-1_3",24,"Intermediate"
"GTTAGACCACCGGAAA-1_3",24,"Intermediate"
"GTTAGACGTAAGCAAT-1_3",24,"Activated"
"GTTAGACGTTCAGTAC-1_3",24,"Intermediate"
"GTTAGACTCTACACTT-1_3",24,"Intermediate"
"GTTAGTGAGGCCTGAA-1_3",24,"Intermediate"
"GTTAGTGTCATGAGTC-1_3",24,"Intermediate"
"GTTATGGAGAAGCGCT-1_3",24,"Activated"
"GTTATGGCAAACTGCT-1_3",24,"Resting"
"GTTATGGCAACCGCCA-1_3",24,"Resting"
"GTTATGGCAGAGTCAG-1_3",24,"Intermediate"
"GTTATGGGTTCGGACC-1_3",24,"Activated"
"GTTATGGTCAGCTTGA-1_3",24,"Resting"
"GTTATGGTCCATACTT-1_3",24,"Resting"
"GTTATGGTCGAAGTGG-1_3",24,"Activated"
"GTTATGGTCTTCACAT-1_3",24,"Activated"
"GTTCATTCATCCTGTC-1_3",24,"Activated"
"GTTCATTGTGAGATAT-1_3",24,"Intermediate"
"GTTCATTTCAAACTGC-1_3",24,"Intermediate"
"GTTCATTTCTCCAATT-1_3",24,"Intermediate"
"GTTCCGTAGAGAGTTT-1_3",24,"Intermediate"
"GTTCCGTAGGACTGGT-1_3",24,"Activated"
"GTTCCGTAGGTACAAT-1_3",24,"Intermediate"
"GTTCCGTGTACCTAAC-1_3",24,"Intermediate"
"GTTCCGTGTTCAGCGC-1_3",24,"Resting"
"GTTCCGTTCCGACAGC-1_3",24,"Activated"
"GTTCCGTTCTGAGTCA-1_3",24,"Intermediate"
"GTTCGCTAGCTGTTAC-1_3",24,"Intermediate"
"GTTCGCTCAAGCACAG-1_3",24,"Resting"
"GTTCGCTCAGTGTACT-1_3",24,"Intermediate"
"GTTCGCTTCGAGAGCA-1_3",24,"Activated"
"GTTCTATAGACATGCG-1_3",24,"Resting"
"GTTCTATAGCCATCCG-1_3",24,"Intermediate"
"GTTCTATAGGTCATTC-1_3",24,"Intermediate"
"GTTCTATAGTTTGGCT-1_3",24,"Intermediate"
"GTTCTATCAATGTGGG-1_3",24,"Intermediate"
"GTTCTATGTAGACAAT-1_3",24,"Intermediate"
"GTTCTATGTTCACCGG-1_3",24,"Intermediate"
"GTTCTATGTTCCAGGC-1_3",24,"Activated"
"GTTCTATTCTTTACAC-1_3",24,"Activated"
"GTTGAACAGCATCAGG-1_3",24,"Intermediate"
"GTTGAACAGGCCTGCT-1_3",24,"Intermediate"
"GTTGAACAGTTCCATG-1_3",24,"Activated"
"GTTGAACCATGAATCC-1_3",24,"Resting"
"GTTGCGGAGCGTATGG-1_3",24,"Intermediate"
"GTTGCGGCAAAGTATG-1_3",24,"Activated"
"GTTGCGGCAAGAGTTA-1_3",24,"Activated"
"GTTGCGGGTAAGTTAG-1_3",24,"Intermediate"
"GTTGCGGGTATCCTTT-1_3",24,"Resting"
"GTTGCGGGTCGGCCTA-1_3",24,"Intermediate"
"GTTGCGGGTGCAAGAC-1_3",24,"Intermediate"
"GTTGCGGTCATGGTAC-1_3",24,"Activated"
"GTTGCGGTCTCCCATG-1_3",24,"Intermediate"
"GTTGCTCAGTGGCAGT-1_3",24,"Intermediate"
"GTTGCTCCAGGCATGA-1_3",24,"Intermediate"
"GTTGCTCCATTCTCTA-1_3",24,"Resting"
"GTTGCTCGTCCCTCAT-1_3",24,"Activated"
"GTTGCTCTCCCTCATG-1_3",24,"Activated"
"GTTGTAGAGCCTGACC-1_3",24,"Intermediate"
"GTTGTAGGTGGCGCTT-1_3",24,"Resting"
"GTTGTAGTCTGACGCG-1_3",24,"Intermediate"
"GTTGTAGTCTGGCCAG-1_3",24,"Activated"
"GTTGTCCAGTATAGGT-1_3",24,"Resting"
"GTTGTCCCACAAGCAG-1_3",24,"Resting"
"GTTGTCCCACCTTCGT-1_3",24,"Intermediate"
"GTTGTCCCAGAACTAA-1_3",24,"Resting"
"GTTGTCCGTATGTCTG-1_3",24,"Intermediate"
"GTTGTCCTCACATACG-1_3",24,"Resting"
"GTTGTCCTCGCCAACG-1_3",24,"Activated"
"GTTGTCCTCTCACTCG-1_3",24,"Intermediate"
"GTTGTGAAGTCCTGTA-1_3",24,"Intermediate"
"GTTGTGACAAGCACCC-1_3",24,"Activated"
"GTTGTGAGTCTCCCTA-1_3",24,"Resting"
"GTTGTGATCTAGTGTG-1_3",24,"Activated"
"GTTTACTAGAGGCCAT-1_3",24,"Activated"
"GTTTACTAGGGCAAGG-1_3",24,"Resting"
"GTTTACTGTAATGATG-1_3",24,"Resting"
"GTTTACTTCATAAGGA-1_3",24,"Intermediate"
"GTTTACTTCCTATTTG-1_3",24,"Resting"
"GTTTACTTCTTGGGCG-1_3",24,"Activated"
"GTTTGGAAGACAACAT-1_3",24,"Activated"
"GTTTGGAAGATGGTAT-1_3",24,"Intermediate"
"GTTTGGAAGCGTGTTT-1_3",24,"Activated"
"GTTTGGACACATACTG-1_3",24,"Resting"
"GTTTGGAGTATGGAAT-1_3",24,"Activated"
"GTTTGGAGTGTTACAC-1_3",24,"Activated"
"GTTTGGATCCGCACGA-1_3",24,"Intermediate"
"TAACACGAGCTGACTT-1_3",24,"Resting"
"TAACACGCATGGAGAC-1_3",24,"Intermediate"
"TAACACGCATGTGCCG-1_3",24,"Intermediate"
"TAACACGGTTTGATCG-1_3",24,"Activated"
"TAACACGTCCTCTTTC-1_3",24,"Intermediate"
"TAACACGTCGAGAAGC-1_3",24,"Intermediate"
"TAACACGTCGTCGGGT-1_3",24,"Intermediate"
"TAACCAGAGAGCAAGA-1_3",24,"Resting"
"TAACCAGAGCAAACAT-1_3",24,"Resting"
"TAACCAGAGGCGAAGG-1_3",24,"Intermediate"
"TAACCAGAGGGACAGG-1_3",24,"Intermediate"
"TAACCAGCAAATACAG-1_3",24,"Resting"
"TAACCAGCAAGAGATT-1_3",24,"Intermediate"
"TAACCAGCATATAGCC-1_3",24,"Intermediate"
"TAACCAGGTTTCGATG-1_3",24,"Intermediate"
"TAACCAGTCACTGTCC-1_3",24,"Intermediate"
"TAACCAGTCGCTAATG-1_3",24,"Resting"
"TAACGACAGATCGCCC-1_3",24,"Intermediate"
"TAACGACCAAGACGGT-1_3",24,"Activated"
"TAACGACCACGGGCTT-1_3",24,"Intermediate"
"TAACGACGTGACACGA-1_3",24,"Intermediate"
"TAACGACTCCTACTGC-1_3",24,"Intermediate"
"TAACGACTCTAGCCAA-1_3",24,"Activated"
"TAACTTCAGGTCACAG-1_3",24,"Activated"
"TAACTTCAGGTTGCCC-1_3",24,"Activated"
"TAACTTCCAAGGGCAT-1_3",24,"Intermediate"
"TAACTTCCATAGCTGT-1_3",24,"Intermediate"
"TAACTTCTCCAAATGC-1_3",24,"Intermediate"
"TAACTTCTCGAAGGAC-1_3",24,"Activated"
"TAACTTCTCTTGTTAC-1_3",24,"Intermediate"
"TAAGCACAGCCTCACG-1_3",24,"Intermediate"
"TAAGCACCAACATCGT-1_3",24,"Intermediate"
"TAAGCACCACTTGACA-1_3",24,"Resting"
"TAAGCACGTCCGGTCA-1_3",24,"Intermediate"
"TAAGCACGTGCAACAG-1_3",24,"Intermediate"
"TAAGCACTCATTTACC-1_3",24,"Resting"
"TAAGCACTCTCCGAAA-1_3",24,"Activated"
"TAAGCCAAGCCAGTAG-1_3",24,"Intermediate"
"TAAGCCAAGGACGGAG-1_3",24,"Activated"
"TAAGCCACACAAATCC-1_3",24,"Resting"
"TAAGCCACACTGGACC-1_3",24,"Intermediate"
"TAAGCCAGTGCGGATA-1_3",24,"Intermediate"
"TAAGCGTAGGCATCAG-1_3",24,"Activated"
"TAAGCGTAGGGTACAC-1_3",24,"Activated"
"TAAGCGTCAATCGAAA-1_3",24,"Intermediate"
"TAAGCGTCAGTTACCA-1_3",24,"Intermediate"
"TAAGCGTTCTTAAGGC-1_3",24,"Intermediate"
"TAAGTCGGTTTGGAAA-1_3",24,"Intermediate"
"TAAGTCGTCTCAACCC-1_3",24,"Intermediate"
"TAAGTCGTCTGCTTTA-1_3",24,"Activated"
"TAATCTCAGATTCGAA-1_3",24,"Intermediate"
"TAATCTCCACAACCGC-1_3",24,"Intermediate"
"TAATCTCCACCTCAGG-1_3",24,"Activated"
"TAATCTCGTAAGTTGA-1_3",24,"Resting"
"TAATCTCGTGTGGACA-1_3",24,"Intermediate"
"TAATTCCCAATCGAAA-1_3",24,"Intermediate"
"TACAACGAGCTGGTGA-1_3",24,"Intermediate"
"TACAACGCACCTTCGT-1_3",24,"Resting"
"TACAACGTCTGAGGCC-1_3",24,"Activated"
"TACAACGTCTGCCTGT-1_3",24,"Intermediate"
"TACACCCAGATACCAA-1_3",24,"Intermediate"
"TACACCCAGTCGAATA-1_3",24,"Intermediate"
"TACACCCCACATTCGA-1_3",24,"Intermediate"
"TACACCCGTCCCTCAT-1_3",24,"Intermediate"
"TACACCCTCATCACTT-1_3",24,"Activated"
"TACAGGTAGTCCCGGT-1_3",24,"Activated"
"TACAGGTCAAAGGCAC-1_3",24,"Intermediate"
"TACAGGTCAAGACAAT-1_3",24,"Intermediate"
"TACAGGTCACAACCGC-1_3",24,"Intermediate"
"TACAGGTCACGCAAAG-1_3",24,"Resting"
"TACAGGTCACTCCACT-1_3",24,"Activated"
"TACAGGTCATGCAGCC-1_3",24,"Activated"
"TACAGGTGTGGTAATA-1_3",24,"Activated"
"TACAGGTGTTTACGAC-1_3",24,"Intermediate"
"TACAGGTTCAAGAGGC-1_3",24,"Intermediate"
"TACAGGTTCCATACAG-1_3",24,"Intermediate"
"TACATTCAGGATACCG-1_3",24,"Intermediate"
"TACATTCGTAACGGTG-1_3",24,"Activated"
"TACATTCGTGAGGAAA-1_3",24,"Activated"
"TACATTCGTGTCTTAG-1_3",24,"Activated"
"TACCCACAGACAAGCC-1_3",24,"Intermediate"
"TACCCACAGATGCCGA-1_3",24,"Activated"
"TACCCACAGCGTTCCG-1_3",24,"Resting"
"TACCCACGTCAGTCGC-1_3",24,"Intermediate"
"TACCCACTCCTAGCTC-1_3",24,"Intermediate"
"TACCCACTCTATGTGG-1_3",24,"Intermediate"
"TACCCACTCTGGCCTT-1_3",24,"Activated"
"TACCCGTAGCACTGGA-1_3",24,"Intermediate"
"TACCCGTAGGAGAGTA-1_3",24,"Resting"
"TACCCGTCAAACCGGA-1_3",24,"Activated"
"TACCCGTCACAAGTTC-1_3",24,"Intermediate"
"TACCCGTCACTGTGTA-1_3",24,"Intermediate"
"TACCCGTGTCAGTTTG-1_3",24,"Intermediate"
"TACCCGTTCGGACTGC-1_3",24,"Activated"
"TACCGAAGTACGATGG-1_3",24,"Activated"
"TACCGAAGTCATAGTC-1_3",24,"Resting"
"TACCGAAGTTTGAACC-1_3",24,"Treg"
"TACCGAATCTATTCGT-1_3",24,"Resting"
"TACCGAATCTCGTCGT-1_3",24,"Resting"
"TACCGGGCACGGCCAT-1_3",24,"Activated"
"TACCGGGGTGTGTACT-1_3",24,"Intermediate"
"TACCGGGTCCACGTAA-1_3",24,"Intermediate"
"TACCGGGTCCGTGTCT-1_3",24,"Intermediate"
"TACCGGGTCGTCGCTT-1_3",24,"Intermediate"
"TACCTCGAGCGCCTAC-1_3",24,"Intermediate"
"TACCTCGCAGCTTTCC-1_3",24,"Activated"
"TACCTCGTCCAACCAA-1_3",24,"Activated"
"TACCTGCAGGGTACAC-1_3",24,"Intermediate"
"TACCTGCAGGTAACTA-1_3",24,"Activated"
"TACCTGCCAAGAAACT-1_3",24,"Activated"
"TACCTGCGTATCATGC-1_3",24,"Activated"
"TACCTGCGTGCTGCAC-1_3",24,"Intermediate"
"TACCTGCTCTAACGGT-1_3",24,"Intermediate"
"TACCTGCTCTGACCCT-1_3",24,"Intermediate"
"TACGCTCAGAAGGTAG-1_3",24,"Resting"
"TACGCTCAGGATTCCT-1_3",24,"Intermediate"
"TACGCTCAGTAAGAGG-1_3",24,"Activated"
"TACGCTCCACAAAGCG-1_3",24,"Activated"
"TACGCTCCACGACCTG-1_3",24,"Resting"
"TACGCTCCATGGACAG-1_3",24,"Intermediate"
"TACGCTCGTTCTGACA-1_3",24,"Activated"
"TACGCTCTCCATACTT-1_3",24,"Activated"
"TACGCTCTCGAGTGAG-1_3",24,"Activated"
"TACGGGCAGTGATGGC-1_3",24,"Intermediate"
"TACGGGCCAATACAGA-1_3",24,"Intermediate"
"TACGGGCCAGCTTCCT-1_3",24,"Intermediate"
"TACGGGCCAGTCAACT-1_3",24,"Resting"
"TACGGGCCAGTTCTAG-1_3",24,"Resting"
"TACGGGCGTCCAGCAC-1_3",24,"Intermediate"
"TACGGGCGTGGTCTCG-1_3",24,"Intermediate"
"TACGGGCTCGACCAAT-1_3",24,"Resting"
"TACGGGCTCTGCAGCG-1_3",24,"Treg"
"TACGGTAAGGTAGATT-1_3",24,"Intermediate"
"TACGGTACAACAACAA-1_3",24,"Resting"
"TACGGTAGTCTTGGTA-1_3",24,"Intermediate"
"TACGGTAGTTCACCGG-1_3",24,"Intermediate"
"TACGGTATCCGGCAAC-1_3",24,"Resting"
"TACGGTATCCTCAGGG-1_3",24,"Activated"
"TACGGTATCCTGCCAT-1_3",24,"Resting"
"TACGTCCAGTATGATG-1_3",24,"Activated"
"TACGTCCCACAGAGAC-1_3",24,"Intermediate"
"TACGTCCCATCGAGCC-1_3",24,"Activated"
"TACGTCCGTCGAAGCA-1_3",24,"Intermediate"
"TACGTCCGTCGGAAAC-1_3",24,"Activated"
"TACGTCCTCCTGGGAC-1_3",24,"Activated"
"TACTGCCAGATGCTAA-1_3",24,"Intermediate"
"TACTGCCAGCAGGTCA-1_3",24,"Intermediate"
"TACTGCCCATGCTGCG-1_3",24,"Intermediate"
"TACTGCCCATGTGACT-1_3",24,"Intermediate"
"TACTGCCGTTATGACC-1_3",24,"Resting"
"TACTGCCGTTCTGAGT-1_3",24,"Resting"
"TACTGCCTCACTCGAA-1_3",24,"Activated"
"TACTGCCTCGACATTG-1_3",24,"Intermediate"
"TACTTACAGCATGGGT-1_3",24,"Intermediate"
"TACTTACAGGATGCGT-1_3",24,"Activated"
"TACTTACCATAAGCAA-1_3",24,"Intermediate"
"TACTTACGTGAGATCG-1_3",24,"Activated"
"TACTTACTCTACACTT-1_3",24,"Activated"
"TACTTCAAGATTGAGT-1_3",24,"Intermediate"
"TACTTCAAGGAACTAT-1_3",24,"Intermediate"
"TACTTCAAGTTGAAGT-1_3",24,"Intermediate"
"TACTTCACACGCGTCA-1_3",24,"Intermediate"
"TACTTCACAGGCTTGC-1_3",24,"Intermediate"
"TACTTCAGTATTGCCA-1_3",24,"Intermediate"
"TACTTCAGTTGGTGTT-1_3",24,"Intermediate"
"TACTTCATCCAACCAA-1_3",24,"Intermediate"
"TACTTCATCGACATTG-1_3",24,"Intermediate"
"TACTTGTAGGTTATAG-1_3",24,"Intermediate"
"TACTTGTCACCGTCTT-1_3",24,"Resting"
"TACTTGTGTACCTATG-1_3",24,"Activated"
"TACTTGTGTGGCACTC-1_3",24,"Intermediate"
"TACTTGTTCCTAACAG-1_3",24,"Treg"
"TAGACCAAGATGGCGT-1_3",24,"Intermediate"
"TAGACCAAGTGTCATC-1_3",24,"Activated"
"TAGACCACAAGCCTGC-1_3",24,"Resting"
"TAGACCACAATTTCGG-1_3",24,"Resting"
"TAGACCAGTCGAACAG-1_3",24,"Activated"
"TAGACCATCAGTGCGC-1_3",24,"Intermediate"
"TAGACTGAGACTGTTC-1_3",24,"Activated"
"TAGACTGCATGTGCCG-1_3",24,"Intermediate"
"TAGACTGCATGTTCGA-1_3",24,"Intermediate"
"TAGACTGGTCACAATC-1_3",24,"Resting"
"TAGACTGGTCGATTTG-1_3",24,"Intermediate"
"TAGAGTCAGACAACTA-1_3",24,"Resting"
"TAGAGTCAGCTCACTA-1_3",24,"Intermediate"
"TAGAGTCCACAACGCC-1_3",24,"Intermediate"
"TAGAGTCGTATCGTAC-1_3",24,"Intermediate"
"TAGAGTCTCCTACGGG-1_3",24,"Intermediate"
"TAGATCGCAACAACAA-1_3",24,"Intermediate"
"TAGATCGCAGTCGGTC-1_3",24,"Activated"
"TAGATCGCATCATTTC-1_3",24,"Intermediate"
"TAGATCGGTACTCGCG-1_3",24,"Intermediate"
"TAGATCGTCCCGAGTG-1_3",24,"Intermediate"
"TAGCACAAGACAGCTG-1_3",24,"Intermediate"
"TAGCACAAGGTAGCCA-1_3",24,"Activated"
"TAGCACACAGAACTCT-1_3",24,"Resting"
"TAGCACACAGCGGTTC-1_3",24,"Intermediate"
"TAGCACAGTCGCGTCA-1_3",24,"Intermediate"
"TAGCACATCACAGTGT-1_3",24,"Intermediate"
"TAGCACATCGCGTGAC-1_3",24,"Intermediate"
"TAGGAGGCAGAGAATT-1_3",24,"Activated"
"TAGGAGGCATGGGCAA-1_3",24,"Intermediate"
"TAGGAGGTCAAAGAAC-1_3",24,"Resting"
"TAGGAGGTCAACCTTT-1_3",24,"Intermediate"
"TAGGAGGTCATTACCT-1_3",24,"Intermediate"
"TAGGAGGTCGCAATGT-1_3",24,"Activated"
"TAGGGTTAGCCAGTAG-1_3",24,"Activated"
"TAGGGTTAGTAAACAC-1_3",24,"Intermediate"
"TAGGGTTCAAGCCCAC-1_3",24,"Activated"
"TAGGGTTCACAATGAA-1_3",24,"Activated"
"TAGGGTTGTCACTTAG-1_3",24,"Intermediate"
"TAGGGTTTCTACTTCA-1_3",24,"Resting"
"TAGGTACAGAGCCTGA-1_3",24,"Resting"
"TAGGTACCAAGACCTT-1_3",24,"Intermediate"
"TAGGTACCAATACAGA-1_3",24,"Activated"
"TAGGTACCAGCCATTA-1_3",24,"Activated"
"TAGGTACGTCACCGCA-1_3",24,"Intermediate"
"TAGGTACTCCGACATA-1_3",24,"Intermediate"
"TAGGTTGCATCCGGTG-1_3",24,"Activated"
"TAGGTTGGTCCTGGGT-1_3",24,"Intermediate"
"TAGGTTGTCCAATGCA-1_3",24,"Intermediate"
"TAGGTTGTCCGTATGA-1_3",24,"Resting"
"TAGTGCAAGAACCGCA-1_3",24,"Resting"
"TAGTGCAAGCTAAGTA-1_3",24,"Intermediate"
"TAGTGCAAGGTAATCA-1_3",24,"Intermediate"
"TAGTGCACACTAACCA-1_3",24,"Treg"
"TAGTGCACACTTACAG-1_3",24,"Intermediate"
"TAGTGCAGTCTGTCCT-1_3",24,"Intermediate"
"TAGTGCAGTGTCCACG-1_3",24,"Resting"
"TAGTGCATCCCGTTGT-1_3",24,"Intermediate"
"TATACCTAGAAGTCCG-1_3",24,"Intermediate"
"TATACCTAGGTGCATG-1_3",24,"Activated"
"TATACCTAGGTTGAGC-1_3",24,"Resting"
"TATACCTAGTGGTTCT-1_3",24,"Intermediate"
"TATACCTCAAACACCT-1_3",24,"Intermediate"
"TATACCTCAAAGGTTA-1_3",24,"Activated"
"TATACCTCAAGGGCAT-1_3",24,"Intermediate"
"TATACCTGTAACTAAG-1_3",24,"Intermediate"
"TATACCTGTCGTGGTC-1_3",24,"Intermediate"
"TATACCTGTGCCGTAC-1_3",24,"Intermediate"
"TATACCTGTTCGCGTG-1_3",24,"Activated"
"TATATCCGTCTCGACG-1_3",24,"Intermediate"
"TATATCCGTGAGTCAG-1_3",24,"Resting"
"TATATCCTCCCACAGG-1_3",24,"Activated"
"TATATCCTCGAAGTGG-1_3",24,"Intermediate"
"TATATCCTCGCAATGT-1_3",24,"Activated"
"TATATCCTCGCTGACG-1_3",24,"Intermediate"
"TATCAGGAGAGTGTTA-1_3",24,"Activated"
"TATCAGGCAAGCTCTA-1_3",24,"Activated"
"TATCAGGTCTTTCAGT-1_3",24,"Intermediate"
"TATCCTAAGGACGCAT-1_3",24,"Intermediate"
"TATCCTAAGGAGGGTG-1_3",24,"Intermediate"
"TATCCTAGTATCATGC-1_3",24,"Activated"
"TATCCTAGTTCACGAT-1_3",24,"Intermediate"
"TATCCTATCGCGCCAA-1_3",24,"Intermediate"
"TATCGCCCACCTGAAT-1_3",24,"Activated"
"TATCGCCTCCGAGCTG-1_3",24,"Intermediate"
"TATCGCCTCTTCGGTC-1_3",24,"Intermediate"
"TATCTGTAGAGCATTA-1_3",24,"Resting"
"TATCTGTAGCTTCTAG-1_3",24,"Activated"
"TATCTGTAGGTCCTGC-1_3",24,"Activated"
"TATCTGTCAATAGTCC-1_3",24,"Resting"
"TATCTGTCACAGTGAG-1_3",24,"Resting"
"TATCTGTCATTCAGGT-1_3",24,"Resting"
"TATCTGTTCGACATTG-1_3",24,"Resting"
"TATCTGTTCTTCCAGC-1_3",24,"Intermediate"
"TATCTTGAGTAAGAGG-1_3",24,"Intermediate"
"TATCTTGCAATACGCT-1_3",24,"Resting"
"TATCTTGGTCTACGAT-1_3",24,"Intermediate"
"TATCTTGGTGCTCTCT-1_3",24,"Activated"
"TATCTTGGTTTCCAAG-1_3",24,"Resting"
"TATCTTGTCTCGAACA-1_3",24,"Intermediate"
"TATGTTCAGGACTATA-1_3",24,"Intermediate"
"TATGTTCAGTTGGAGC-1_3",24,"Resting"
"TATGTTCCAATGGCAG-1_3",24,"Activated"
"TATGTTCCACCGTCGA-1_3",24,"Activated"
"TATGTTCGTCTTGAGT-1_3",24,"Intermediate"
"TATGTTCTCATCGACA-1_3",24,"Intermediate"
"TATGTTCTCATTTGGG-1_3",24,"Activated"
"TATGTTCTCTTTCCGG-1_3",24,"Intermediate"
"TATTCCAAGGGATCTG-1_3",24,"Intermediate"
"TATTCCAAGGGTTTCT-1_3",24,"Intermediate"
"TATTCCAAGGTAGCCA-1_3",24,"Resting"
"TATTCCACAAGCCTGC-1_3",24,"Intermediate"
"TATTCCATCGAACGCC-1_3",24,"Activated"
"TATTCCATCGATACAC-1_3",24,"Activated"
"TATTGCTAGACAAGCC-1_3",24,"Activated"
"TATTGCTAGAGGTCGT-1_3",24,"Resting"
"TATTGCTAGTAACAGT-1_3",24,"Intermediate"
"TATTGCTCACCCTTGT-1_3",24,"Intermediate"
"TATTGCTGTACTGCGC-1_3",24,"Resting"
"TATTGCTGTTATTCCT-1_3",24,"Intermediate"
"TATTGCTTCCGCGGAT-1_3",24,"Intermediate"
"TATTGGGAGCATTGAA-1_3",24,"Treg"
"TATTGGGAGGCGAAGG-1_3",24,"Intermediate"
"TATTTCGAGGCTTAAA-1_3",24,"Intermediate"
"TATTTCGGTATACGGG-1_3",24,"Activated"
"TATTTCGGTTTACGAC-1_3",24,"Intermediate"
"TATTTCGTCCACAGGC-1_3",24,"Activated"
"TATTTCGTCGGTCTAA-1_3",24,"Resting"
"TATTTCGTCTTCTTCC-1_3",24,"Activated"
"TCAAGACAGAGAACCC-1_3",24,"Intermediate"
"TCAAGACAGATGGGCT-1_3",24,"Intermediate"
"TCAAGACAGTACTCGT-1_3",24,"Activated"
"TCAAGACCATTCTCTA-1_3",24,"Activated"
"TCAAGACGTCATTCCC-1_3",24,"Intermediate"
"TCAAGACGTTACGATC-1_3",24,"Resting"
"TCAAGACTCGGCTGAC-1_3",24,"Intermediate"
"TCAAGCAAGAAGGATG-1_3",24,"Intermediate"
"TCAAGCAAGAGAGGGC-1_3",24,"Intermediate"
"TCAAGCAAGTAGACAT-1_3",24,"Intermediate"
"TCAAGCACAACTGCTA-1_3",24,"Activated"
"TCAAGCACACCCTGTT-1_3",24,"Intermediate"
"TCAAGCACATCCCGTT-1_3",24,"Activated"
"TCAAGCAGTAGAGTTA-1_3",24,"Intermediate"
"TCAAGCAGTGTGACCC-1_3",24,"Activated"
"TCAAGCAGTTTCAGAC-1_3",24,"Intermediate"
"TCAAGCATCACCTCAC-1_3",24,"Activated"
"TCAAGTGAGTAACCGG-1_3",24,"Activated"
"TCAAGTGAGTCAGAGC-1_3",24,"Intermediate"
"TCAAGTGGTACATTGC-1_3",24,"Activated"
"TCAAGTGGTCCAGTTA-1_3",24,"Activated"
"TCAAGTGGTCTCGGAC-1_3",24,"Resting"
"TCAAGTGTCGACGATT-1_3",24,"Activated"
"TCAAGTGTCGAGTGGA-1_3",24,"Activated"
"TCAAGTGTCTCCTGCA-1_3",24,"Activated"
"TCAATCTCAAGTATCC-1_3",24,"Intermediate"
"TCAATCTGTCAGGTGA-1_3",24,"Resting"
"TCAATCTTCAAGGCTT-1_3",24,"Activated"
"TCAATCTTCACGGAGA-1_3",24,"Activated"
"TCAATCTTCCGTAGGC-1_3",24,"Intermediate"
"TCAATCTTCGATTGAC-1_3",24,"Activated"
"TCAATCTTCTCGACGG-1_3",24,"Activated"
"TCAATTCAGTAGTCAA-1_3",24,"Resting"
"TCAATTCAGTTATGGA-1_3",24,"Intermediate"
"TCAATTCCAAACTCGT-1_3",24,"Intermediate"
"TCAATTCCAACCGACC-1_3",24,"Resting"
"TCAATTCCAGCACAGA-1_3",24,"Intermediate"
"TCAATTCGTAGCGCCT-1_3",24,"Intermediate"
"TCAATTCGTCCAGTTA-1_3",24,"Intermediate"
"TCAATTCGTCGTCAGC-1_3",24,"Intermediate"
"TCAATTCTCGACATCA-1_3",24,"Intermediate"
"TCACAAGAGAGAGCGG-1_3",24,"Intermediate"
"TCACAAGAGTAAAGCT-1_3",24,"Resting"
"TCACAAGCAACAGCTT-1_3",24,"Resting"
"TCACAAGTCCGGCAAC-1_3",24,"Intermediate"
"TCACAAGTCTAGATCG-1_3",24,"Intermediate"
"TCACACCAGCGTCAAG-1_3",24,"Intermediate"
"TCACACCAGTTAACAG-1_3",24,"Intermediate"
"TCACACCAGTTTGAGA-1_3",24,"Activated"
"TCACACCCATGCCGGT-1_3",24,"Activated"
"TCACACCGTGAGACGT-1_3",24,"Activated"
"TCACACCGTTTGTGGT-1_3",24,"Resting"
"TCACACCTCCCTCGTA-1_3",24,"Resting"
"TCACATTAGTACAGAT-1_3",24,"Resting"
"TCACATTCAAGTAGTA-1_3",24,"Treg"
"TCACATTCAGAAATTG-1_3",24,"Intermediate"
"TCACATTCAGCTAACT-1_3",24,"Intermediate"
"TCACATTGTGGCTACC-1_3",24,"Activated"
"TCACATTGTTTGTTGG-1_3",24,"Intermediate"
"TCACGCTAGATGAACT-1_3",24,"Activated"
"TCACGCTAGCCTTCTC-1_3",24,"Resting"
"TCACGCTCAAACCACT-1_3",24,"Intermediate"
"TCACGCTCAGAAATCA-1_3",24,"Intermediate"
"TCACGCTGTAGATTGA-1_3",24,"Activated"
"TCACGCTGTAGTCGTT-1_3",24,"Treg"
"TCACGCTGTATGGTTC-1_3",24,"Activated"
"TCACGCTGTGACTCGC-1_3",24,"Intermediate"
"TCACGGGTCCGCAGTG-1_3",24,"Activated"
"TCACGGGTCGACACTA-1_3",24,"Intermediate"
"TCACGGGTCGCGAAGA-1_3",24,"Resting"
"TCACTATAGTGCACAG-1_3",24,"Activated"
"TCACTATCATAACAGA-1_3",24,"Resting"
"TCACTATGTAACCAGG-1_3",24,"Intermediate"
"TCACTATGTTTAGTCG-1_3",24,"Resting"
"TCACTATGTTTCGTGA-1_3",24,"Resting"
"TCACTATTCAGAGTTC-1_3",24,"Activated"
"TCACTCGAGGTTGAGC-1_3",24,"Activated"
"TCACTCGGTCAGTTTG-1_3",24,"Intermediate"
"TCACTCGGTCGGTAAG-1_3",24,"Activated"
"TCACTCGGTTGGATCT-1_3",24,"Activated"
"TCAGCAACAATAGTAG-1_3",24,"Intermediate"
"TCAGCAACACGACGAA-1_3",24,"Intermediate"
"TCAGCAACAGCATGCC-1_3",24,"Intermediate"
"TCAGCCTCAACCCTCT-1_3",24,"Resting"
"TCAGCCTCAATTGCTG-1_3",24,"Resting"
"TCAGCCTCAGGCTATT-1_3",24,"Resting"
"TCAGCCTCATTAAGCC-1_3",24,"Intermediate"
"TCAGCCTGTCCACATA-1_3",24,"Intermediate"
"TCAGCCTGTTGTCTAG-1_3",24,"Activated"
"TCAGGGCAGATACAGT-1_3",24,"Resting"
"TCAGGGCAGCCTCATA-1_3",24,"Activated"
"TCAGGGCAGGGATGTC-1_3",24,"Activated"
"TCAGGGCAGTTAGTAG-1_3",24,"Intermediate"
"TCAGGGCGTCTACATG-1_3",24,"Intermediate"
"TCAGGTACACTTCATT-1_3",24,"Intermediate"
"TCAGGTACATGCCGGT-1_3",24,"Activated"
"TCAGGTAGTTTCGTGA-1_3",24,"Resting"
"TCAGGTATCCGTACGG-1_3",24,"Intermediate"
"TCAGTCCAGCATGCGA-1_3",24,"Intermediate"
"TCAGTCCGTCGTACTA-1_3",24,"Intermediate"
"TCAGTCCGTGCATACT-1_3",24,"Intermediate"
"TCAGTCCTCTATTTCG-1_3",24,"Treg"
"TCAGTCCTCTTAGCAG-1_3",24,"Activated"
"TCAGTGAAGATGACAT-1_3",24,"Intermediate"
"TCAGTGACAAGACGAC-1_3",24,"Activated"
"TCAGTGACACTTGAAC-1_3",24,"Activated"
"TCAGTGACAGAGATGC-1_3",24,"Resting"
"TCAGTGACAGCGACAA-1_3",24,"Intermediate"
"TCAGTGAGTAAGATTG-1_3",24,"Intermediate"
"TCAGTGATCTGCGTCT-1_3",24,"Resting"
"TCAGTTTAGTTAGTAG-1_3",24,"Intermediate"
"TCAGTTTCACGATTCA-1_3",24,"Intermediate"
"TCAGTTTCAGAACTAA-1_3",24,"Activated"
"TCAGTTTCATTGGCAT-1_3",24,"Intermediate"
"TCATACTAGCCGAACA-1_3",24,"Resting"
"TCATACTCACCAGTAT-1_3",24,"Intermediate"
"TCATACTGTATTTCGG-1_3",24,"Activated"
"TCATACTGTCTACACA-1_3",24,"Resting"
"TCATACTTCTACCCAC-1_3",24,"Activated"
"TCATATCAGCTAATCC-1_3",24,"Intermediate"
"TCATATCAGCTGACAG-1_3",24,"Activated"
"TCATATCGTAAGATCA-1_3",24,"Intermediate"
"TCATATCTCAAAGCCT-1_3",24,"Resting"
"TCATCATAGACTGTTC-1_3",24,"Activated"
"TCATCATAGCGCTGAA-1_3",24,"Activated"
"TCATCATCAGGATGAC-1_3",24,"Resting"
"TCATCATCAGTGCGCT-1_3",24,"Intermediate"
"TCATCATGTAGGCAAC-1_3",24,"Intermediate"
"TCATCATGTCCCGCAA-1_3",24,"Resting"
"TCATCATTCCGCTTAC-1_3",24,"Intermediate"
"TCATCCGAGACGAAGA-1_3",24,"Intermediate"
"TCATCCGCAAACACGG-1_3",24,"Activated"
"TCATCCGCAGACCTGC-1_3",24,"Intermediate"
"TCATCCGCAGAGGCAT-1_3",24,"Activated"
"TCATCCGGTGAATGAT-1_3",24,"Activated"
"TCATCCGTCATCACCC-1_3",24,"Intermediate"
"TCATGAGAGTACCCTA-1_3",24,"Intermediate"
"TCATGAGCACGGGCTT-1_3",24,"Intermediate"
"TCATGAGCATAGGCGA-1_3",24,"Activated"
"TCATGAGGTAACGATA-1_3",24,"Resting"
"TCATGAGGTCCACACG-1_3",24,"Intermediate"
"TCATGAGTCACCCATC-1_3",24,"Activated"
"TCATGCCAGATGAACT-1_3",24,"Resting"
"TCATGCCAGTTGAAAC-1_3",24,"Activated"
"TCATGCCAGTTTGCTG-1_3",24,"Activated"
"TCATGCCGTACCTATG-1_3",24,"Intermediate"
"TCATGCCGTCCCTAAA-1_3",24,"Resting"
"TCATGCCGTGACACAG-1_3",24,"Intermediate"
"TCATGCCTCGTTCTGC-1_3",24,"Resting"
"TCATGGAAGCGTGCCT-1_3",24,"Intermediate"
"TCATGGAAGGGCTAAC-1_3",24,"Intermediate"
"TCATGGAAGTCGGCAA-1_3",24,"Intermediate"
"TCATGGACACCCTATC-1_3",24,"Resting"
"TCATGGAGTGTGATGG-1_3",24,"Activated"
"TCATGGATCTCCGCAT-1_3",24,"Resting"
"TCATGTTGTTTACGAC-1_3",24,"Intermediate"
"TCATTACAGCATGAAT-1_3",24,"Resting"
"TCATTACCACTTTATC-1_3",24,"Resting"
"TCATTACCATCTGTTT-1_3",24,"Activated"
"TCATTACCATTCCTCG-1_3",24,"Resting"
"TCATTACTCAACGCTA-1_3",24,"Intermediate"
"TCATTCAAGGAATTAC-1_3",24,"Intermediate"
"TCATTCAGTCATATGC-1_3",24,"Activated"
"TCATTCAGTGAATGTA-1_3",24,"Activated"
"TCATTCAGTTACACAC-1_3",24,"Resting"
"TCATTCATCCTATTGT-1_3",24,"Activated"
"TCATTGTCACCGTGGT-1_3",24,"Activated"
"TCATTGTCAGACCGCT-1_3",24,"Activated"
"TCATTGTTCTGATTCT-1_3",24,"Intermediate"
"TCATTGTTCTGTCCCA-1_3",24,"Resting"
"TCATTTGCAACACTAC-1_3",24,"Intermediate"
"TCATTTGCAAGACGAC-1_3",24,"Activated"
"TCATTTGCAGGGCTTC-1_3",24,"Activated"
"TCATTTGGTCGACTGC-1_3",24,"Intermediate"
"TCATTTGTCACAATGC-1_3",24,"Activated"
"TCCACCAAGACTGGGT-1_3",24,"Activated"
"TCCACCAAGGGATCTG-1_3",24,"Intermediate"
"TCCACCAAGTCTTCCC-1_3",24,"Intermediate"
"TCCACCACATAAGATG-1_3",24,"Intermediate"
"TCCACCAGTCCTTAAG-1_3",24,"Resting"
"TCCACCAGTGCAACAG-1_3",24,"Activated"
"TCCACGTAGAGCAGCT-1_3",24,"Activated"
"TCCACGTAGCTTTCCC-1_3",24,"Intermediate"
"TCCACGTCACCGGAAA-1_3",24,"Activated"
"TCCACGTCACTCCGAG-1_3",24,"Intermediate"
"TCCACGTGTAAGGCTG-1_3",24,"Activated"
"TCCACGTGTCAGTTTG-1_3",24,"Activated"
"TCCACGTGTTGGGATG-1_3",24,"Intermediate"
"TCCACGTGTTTGCCGG-1_3",24,"Resting"
"TCCACGTTCTCCGCAT-1_3",24,"Intermediate"
"TCCAGAAAGACCATGG-1_3",24,"Intermediate"
"TCCAGAACATGACTAC-1_3",24,"Intermediate"
"TCCATCGCACCCTATC-1_3",24,"Intermediate"
"TCCATCGCACGTACTA-1_3",24,"Resting"
"TCCATCGGTCGTTTCC-1_3",24,"Intermediate"
"TCCATCGGTGCCTGAC-1_3",24,"Intermediate"
"TCCATGCAGTAGGTTA-1_3",24,"Intermediate"
"TCCATGCCATACAGGG-1_3",24,"Activated"
"TCCCACAAGGTCCAGA-1_3",24,"Resting"
"TCCCACACAGGTTACT-1_3",24,"Resting"
"TCCCACAGTTGTCAGT-1_3",24,"Intermediate"
"TCCCACATCCATCCGT-1_3",24,"Intermediate"
"TCCCAGTAGCTAATCC-1_3",24,"Intermediate"
"TCCCAGTCAGCTACTA-1_3",24,"Activated"
"TCCCAGTGTTAGAGAT-1_3",24,"Intermediate"
"TCCCAGTGTTGACTGT-1_3",24,"Intermediate"
"TCCCATGCACGACTAT-1_3",24,"Intermediate"
"TCCCATGCAGGTCAGA-1_3",24,"Intermediate"
"TCCCATGGTCTTCCGT-1_3",24,"Intermediate"
"TCCCATGTCACTGCTC-1_3",24,"Intermediate"
"TCCCATGTCTCCAAGA-1_3",24,"Intermediate"
"TCCGAAAAGAGGTTAT-1_3",24,"Resting"
"TCCGAAAGTCGTCAGC-1_3",24,"Intermediate"
"TCCGAAATCACACGAT-1_3",24,"Intermediate"
"TCCGAAATCATGGTAC-1_3",24,"Intermediate"
"TCCGAAATCGCTCTCA-1_3",24,"Resting"
"TCCGATCCAGAACTCT-1_3",24,"Intermediate"
"TCCGATCCAGAAGCGT-1_3",24,"Activated"
"TCCGATCTCGCACGGT-1_3",24,"Activated"
"TCCGATCTCGTTATCT-1_3",24,"Activated"
"TCCGGGAAGGTTCTAC-1_3",24,"Activated"
"TCCGGGACAAGGTCGA-1_3",24,"Intermediate"
"TCCGGGACACACACGC-1_3",24,"Intermediate"
"TCCGGGACAGCACCCA-1_3",24,"Resting"
"TCCGGGAGTTAAGACA-1_3",24,"Intermediate"
"TCCGGGATCATGCCCT-1_3",24,"Activated"
"TCCGGGATCCGACATA-1_3",24,"Activated"
"TCCGTGTCAACTCCCT-1_3",24,"Activated"
"TCCGTGTCAGCGATTT-1_3",24,"Activated"
"TCCGTGTTCAACCGAT-1_3",24,"Resting"
"TCCGTGTTCATAGGCT-1_3",24,"Intermediate"
"TCCGTGTTCCTGCTAC-1_3",24,"Activated"
"TCCGTGTTCGACCATA-1_3",24,"Resting"
"TCCTAATCAATTGCGT-1_3",24,"Intermediate"
"TCCTAATCAGAGTCAG-1_3",24,"Activated"
"TCCTAATGTCTGTGGC-1_3",24,"Intermediate"
"TCCTAATTCCCGAGAC-1_3",24,"Intermediate"
"TCCTCCCAGCGCCCAT-1_3",24,"Resting"
"TCCTCCCAGCTACTGT-1_3",24,"Resting"
"TCCTCCCCAATCTCTT-1_3",24,"Intermediate"
"TCCTCCCGTAGAGGAA-1_3",24,"Intermediate"
"TCCTCCCGTTACCCAA-1_3",24,"Intermediate"
"TCCTCGAAGTCAACAA-1_3",24,"Intermediate"
"TCCTCGACAATGCAGG-1_3",24,"Treg"
"TCCTCGACACTGTTCC-1_3",24,"Intermediate"
"TCCTCGAGTCTACACA-1_3",24,"Intermediate"
"TCCTCGATCTGAGGCC-1_3",24,"Resting"
"TCCTCGATCTGGGCCA-1_3",24,"Activated"
"TCCTCTTAGGGCTAAC-1_3",24,"Intermediate"
"TCCTCTTGTACCGCGT-1_3",24,"Intermediate"
"TCCTCTTGTGAAAGTT-1_3",24,"Intermediate"
"TCCTCTTTCAAAGGTA-1_3",24,"Resting"
"TCCTCTTTCAACCTCC-1_3",24,"Intermediate"
"TCCTCTTTCCTACACC-1_3",24,"Intermediate"
"TCCTCTTTCCTGTTAT-1_3",24,"Resting"
"TCCTGCACAATAACGA-1_3",24,"Intermediate"
"TCCTGCACAATTGAGA-1_3",24,"Resting"
"TCCTGCAGTAACATGA-1_3",24,"Resting"
"TCCTGCATCCAAGCCG-1_3",24,"Resting"
"TCCTGCATCCCAATAG-1_3",24,"Intermediate"
"TCCTTCTAGCTGGCTC-1_3",24,"Intermediate"
"TCCTTCTAGTCGGGAT-1_3",24,"Activated"
"TCCTTCTCACATTGTG-1_3",24,"Intermediate"
"TCCTTCTGTAACATAG-1_3",24,"Activated"
"TCCTTCTGTATGACAA-1_3",24,"Activated"
"TCCTTCTGTCGTACAT-1_3",24,"Resting"
"TCCTTCTGTGTAGGAC-1_3",24,"Intermediate"
"TCCTTCTTCACTACTT-1_3",24,"Treg"
"TCCTTTCAGATTAGAC-1_3",24,"Activated"
"TCCTTTCCATATCTGG-1_3",24,"Activated"
"TCCTTTCCATTGGGAG-1_3",24,"Activated"
"TCCTTTCGTGACTCTA-1_3",24,"Intermediate"
"TCGAACAAGGTACTGG-1_3",24,"Intermediate"
"TCGAACAGTCCTATAG-1_3",24,"Treg"
"TCGAACAGTCGGTACC-1_3",24,"Intermediate"
"TCGAACAGTGCCTACG-1_3",24,"Activated"
"TCGAACATCCGCTAGG-1_3",24,"Activated"
"TCGAACATCCTGGTCT-1_3",24,"Intermediate"
"TCGAAGTAGAGTGGCT-1_3",24,"Intermediate"
"TCGAAGTGTGGCTGCT-1_3",24,"Intermediate"
"TCGAAGTGTTATTCTC-1_3",24,"Activated"
"TCGAAGTTCGTCAGAT-1_3",24,"Intermediate"
"TCGAAGTTCGTTGTAG-1_3",24,"Activated"
"TCGACCTAGAGGGTAA-1_3",24,"Intermediate"
"TCGACCTAGTGCCAGA-1_3",24,"Resting"
"TCGACCTAGTGTCATC-1_3",24,"Intermediate"
"TCGACCTCAAGTGCAG-1_3",24,"Activated"
"TCGACCTGTACTGAGG-1_3",24,"Activated"
"TCGACCTGTCAGGCAA-1_3",24,"Intermediate"
"TCGACCTGTCGCATCG-1_3",24,"Intermediate"
"TCGACCTGTTCCGCGA-1_3",24,"Activated"
"TCGACCTGTTGTTGTG-1_3",24,"Activated"
"TCGACGGAGCACTAAA-1_3",24,"Intermediate"
"TCGACGGAGCTAATGA-1_3",24,"Activated"
"TCGACGGAGTATAGAC-1_3",24,"Intermediate"
"TCGACGGCAGCAGTAG-1_3",24,"Resting"
"TCGACGGGTGTCTAAC-1_3",24,"Activated"
"TCGACGGTCACGGTCG-1_3",24,"Intermediate"
"TCGACGGTCCAACTGA-1_3",24,"Intermediate"
"TCGACGGTCGGAATGG-1_3",24,"Intermediate"
"TCGACGGTCGTAGGAG-1_3",24,"Intermediate"
"TCGATTTCACCAAAGG-1_3",24,"Intermediate"
"TCGATTTCAGCAGGAT-1_3",24,"Activated"
"TCGATTTGTTTACACG-1_3",24,"Intermediate"
"TCGATTTTCCATCTAT-1_3",24,"Activated"
"TCGATTTTCGGTCGAC-1_3",24,"Intermediate"
"TCGCACTAGAATCGAT-1_3",24,"Intermediate"
"TCGCACTAGATGAACT-1_3",24,"Activated"
"TCGCACTCAGTTTCAG-1_3",24,"Activated"
"TCGCACTCATAGATCC-1_3",24,"Intermediate"
"TCGCACTCATTCTTCA-1_3",24,"Intermediate"
"TCGCACTGTCACTCTC-1_3",24,"Intermediate"
"TCGCACTGTCCGGCAT-1_3",24,"Resting"
"TCGCACTGTGCCTGCA-1_3",24,"Intermediate"
"TCGCACTTCCTACTGC-1_3",24,"Activated"
"TCGCAGGAGACTACCT-1_3",24,"Intermediate"
"TCGCAGGCAACGACTT-1_3",24,"Intermediate"
"TCGCAGGCAGTTACCA-1_3",24,"Resting"
"TCGCAGGGTCGCTGCA-1_3",24,"Resting"
"TCGCAGGTCGTTCTGC-1_3",24,"Intermediate"
"TCGCAGGTCTCAATCT-1_3",24,"Intermediate"
"TCGCAGGTCTCATTGT-1_3",24,"Resting"
"TCGCTCAAGGTGATCG-1_3",24,"Resting"
"TCGCTCACAACGGGTA-1_3",24,"Activated"
"TCGCTCAGTAGCACGA-1_3",24,"Intermediate"
"TCGCTCAGTTTACCAG-1_3",24,"Activated"
"TCGCTCATCCGTGTGG-1_3",24,"Intermediate"
"TCGCTCATCGGCATAT-1_3",24,"Activated"
"TCGCTTGCAACACGTT-1_3",24,"Resting"
"TCGGATAAGCCTCACG-1_3",24,"Resting"
"TCGGATAAGCTAATGA-1_3",24,"Resting"
"TCGGATACAACTGCCG-1_3",24,"Intermediate"
"TCGGATACAGAACCGA-1_3",24,"Intermediate"
"TCGGATAGTGTGTCCG-1_3",24,"Activated"
"TCGGGACAGGTAACTA-1_3",24,"Intermediate"
"TCGGGACCATCGTGCG-1_3",24,"Intermediate"
"TCGGGACCATGTCTAG-1_3",24,"Intermediate"
"TCGGGACTCAAGGTGG-1_3",24,"Intermediate"
"TCGGGACTCGTGGGAA-1_3",24,"Activated"
"TCGGGCAAGCCTGAGA-1_3",24,"Intermediate"
"TCGGGCAAGGTGCATG-1_3",24,"Resting"
"TCGGGCACAGGGATAC-1_3",24,"Activated"
"TCGGGCAGTCGCACGT-1_3",24,"Activated"
"TCGGGCAGTTATGTCG-1_3",24,"Intermediate"
"TCGGGCATCGGCTGGT-1_3",24,"Activated"
"TCGGGTGAGCATTGAA-1_3",24,"Intermediate"
"TCGGGTGAGCCTCACG-1_3",24,"Intermediate"
"TCGGGTGCAAGAGTAT-1_3",24,"Intermediate"
"TCGGGTGCAATACGAA-1_3",24,"Activated"
"TCGGGTGGTGCCGAAA-1_3",24,"Resting"
"TCGGGTGGTGGAATGC-1_3",24,"Intermediate"
"TCGGGTGGTTACGATC-1_3",24,"Intermediate"
"TCGGGTGTCCACTGGG-1_3",24,"Activated"
"TCGGTCTAGTGTCATC-1_3",24,"Intermediate"
"TCGGTCTGTAAGTTGA-1_3",24,"Resting"
"TCGTAGAAGCAATAGT-1_3",24,"Activated"
"TCGTAGAAGTTAGAAC-1_3",24,"Intermediate"
"TCGTAGATCCGTGTAA-1_3",24,"Resting"
"TCGTAGATCTTTGCTA-1_3",24,"Intermediate"
"TCGTCCAAGGCACTAG-1_3",24,"Resting"
"TCGTCCACACGCTGCA-1_3",24,"Resting"
"TCGTCCACATGGGTCC-1_3",24,"Intermediate"
"TCGTCCAGTGGTTCTA-1_3",24,"Intermediate"
"TCGTCCAGTTCGAAGG-1_3",24,"Activated"
"TCGTGCTCACAAATGA-1_3",24,"Intermediate"
"TCGTGCTCATCCTGTC-1_3",24,"Intermediate"
"TCGTGCTGTGTTAACC-1_3",24,"Intermediate"
"TCGTGCTTCCTTATCA-1_3",24,"Intermediate"
"TCGTGCTTCGAACTCA-1_3",24,"Resting"
"TCGTGCTTCGAAGCCC-1_3",24,"Intermediate"
"TCGTGGGAGGGCAGAG-1_3",24,"Activated"
"TCGTGGGCACGCAGTC-1_3",24,"Intermediate"
"TCGTGGGCAGAGGTTG-1_3",24,"Resting"
"TCGTGGGGTAATTGGA-1_3",24,"Intermediate"
"TCGTGGGGTTATGTGC-1_3",24,"Intermediate"
"TCGTGGGGTTCTCGTC-1_3",24,"Activated"
"TCGTGGGTCGTGTCAA-1_3",24,"Resting"
"TCTAACTAGACCAAAT-1_3",24,"Activated"
"TCTAACTAGCAGATAT-1_3",24,"Intermediate"
"TCTAACTCAAGATGTA-1_3",24,"Activated"
"TCTAACTGTGTCCTAA-1_3",24,"Resting"
"TCTAACTTCAGGAAGC-1_3",24,"Intermediate"
"TCTAACTTCTCTAAGG-1_3",24,"Resting"
"TCTAACTTCTCTCGAC-1_3",24,"Activated"
"TCTACATAGGAGGTTC-1_3",24,"Intermediate"
"TCTACATAGGCGAACT-1_3",24,"Activated"
"TCTACATAGGGAGGAC-1_3",24,"Resting"
"TCTACATAGGTCTACT-1_3",24,"Intermediate"
"TCTACATCATACAGAA-1_3",24,"Intermediate"
"TCTACATTCGAGATGG-1_3",24,"Resting"
"TCTACCGAGTGACACG-1_3",24,"Intermediate"
"TCTACCGGTCGGAAAC-1_3",24,"Intermediate"
"TCTATACGTAACTTCG-1_3",24,"Intermediate"
"TCTATACGTGTACATC-1_3",24,"Intermediate"
"TCTATACGTTGGCCTG-1_3",24,"Activated"
"TCTATACTCTCTCAAT-1_3",24,"Intermediate"
"TCTATCAAGGACAAGA-1_3",24,"Activated"
"TCTATCAAGGTTGCCC-1_3",24,"Resting"
"TCTATCACAGCGGTTC-1_3",24,"Activated"
"TCTATCACATTGAGCT-1_3",24,"Treg"
"TCTATCACATTGAGGG-1_3",24,"Resting"
"TCTATCAGTCTGTAGT-1_3",24,"Resting"
"TCTCACGAGACATACA-1_3",24,"Intermediate"
"TCTCACGAGGGCGAAG-1_3",24,"Resting"
"TCTCACGAGTCTCTGA-1_3",24,"Activated"
"TCTCACGCAACTGAAA-1_3",24,"Intermediate"
"TCTCACGCAATCCAGT-1_3",24,"Activated"
"TCTCACGCATGGCCCA-1_3",24,"Intermediate"
"TCTCACGGTCAAGGCA-1_3",24,"Intermediate"
"TCTCACGGTCATGACT-1_3",24,"Resting"
"TCTCACGGTCTTTATC-1_3",24,"Intermediate"
"TCTCAGCAGTGACCTT-1_3",24,"Intermediate"
"TCTCAGCCAAATGAGT-1_3",24,"Resting"
"TCTCAGCGTAGCGATG-1_3",24,"Intermediate"
"TCTCAGCTCTTCCGTG-1_3",24,"Intermediate"
"TCTCCGAAGTGGTTCT-1_3",24,"Intermediate"
"TCTCCGACAACAAGTA-1_3",24,"Intermediate"
"TCTCCGACAGCAGGAT-1_3",24,"Intermediate"
"TCTCCGACAGGGACTA-1_3",24,"Intermediate"
"TCTCCGAGTATGTCCA-1_3",24,"Activated"
"TCTCCGAGTCTCACGG-1_3",24,"Intermediate"
"TCTCCGAGTGTGTGTT-1_3",24,"Intermediate"
"TCTCTGGCACTAGGTT-1_3",24,"Activated"
"TCTCTGGGTCGCGTCA-1_3",24,"Activated"
"TCTCTGGTCAGCTCTC-1_3",24,"Intermediate"
"TCTCTGGTCCTTATAC-1_3",24,"Intermediate"
"TCTCTGGTCGACACCG-1_3",24,"Intermediate"
"TCTGCCAAGAAACCAT-1_3",24,"Intermediate"
"TCTGCCAAGTAGTCCT-1_3",24,"Intermediate"
"TCTGCCAGTCGTTCAA-1_3",24,"Intermediate"
"TCTGCCATCTGAGATC-1_3",24,"Activated"
"TCTGGCTCAACAAGTA-1_3",24,"Activated"
"TCTGGCTCAAGAATAC-1_3",24,"Resting"
"TCTGGCTCAATACGAA-1_3",24,"Activated"
"TCTGGCTCACCACTGG-1_3",24,"Resting"
"TCTGGCTGTAGGAGGG-1_3",24,"Intermediate"
"TCTGGCTGTGAGGATC-1_3",24,"Intermediate"
"TCTGGCTTCAACTACG-1_3",24,"Activated"
"TCTGTCGAGCTTGTGT-1_3",24,"Activated"
"TCTGTCGAGTCTAACC-1_3",24,"Resting"
"TCTGTCGGTAATGTGA-1_3",24,"Activated"
"TCTGTCGGTAGCTTAC-1_3",24,"Intermediate"
"TCTGTCGGTATCGTAC-1_3",24,"Resting"
"TCTGTCGGTTTCGTGA-1_3",24,"Resting"
"TCTGTCGTCGAGCCAC-1_3",24,"Intermediate"
"TCTGTCGTCTCTATAC-1_3",24,"Activated"
"TCTTAGTAGGTCATCT-1_3",24,"Intermediate"
"TCTTAGTAGTACGTCT-1_3",24,"Intermediate"
"TCTTAGTTCATGAGTC-1_3",24,"Intermediate"
"TCTTAGTTCGGACTTA-1_3",24,"Activated"
"TCTTCCTCAATGCAAA-1_3",24,"Intermediate"
"TCTTCCTCACTGAGTT-1_3",24,"Activated"
"TCTTCCTCACTGTGAT-1_3",24,"Resting"
"TCTTCCTCAGAAATCA-1_3",24,"Intermediate"
"TCTTCCTGTGCCCACA-1_3",24,"Resting"
"TCTTCCTTCATTTGTC-1_3",24,"Intermediate"
"TCTTCCTTCGGTCTAA-1_3",24,"Intermediate"
"TCTTGCGCACTGGCCA-1_3",24,"Resting"
"TCTTGCGCATCACGGC-1_3",24,"Resting"
"TCTTGCGGTAGATTGA-1_3",24,"Intermediate"
"TCTTGCGGTCGGTGTC-1_3",24,"Activated"
"TCTTGCGGTTTCCATT-1_3",24,"Resting"
"TCTTGCGTCGCTATTT-1_3",24,"Intermediate"
"TCTTGCGTCTGAGAAA-1_3",24,"Resting"
"TCTTTGAAGCATCCTA-1_3",24,"Intermediate"
"TCTTTGAAGGACATCG-1_3",24,"Activated"
"TCTTTGAAGGCTTAAA-1_3",24,"Resting"
"TCTTTGAGTTGGGATG-1_3",24,"Resting"
"TCTTTGATCATGACAC-1_3",24,"Intermediate"
"TCTTTGATCCGTGGCA-1_3",24,"Intermediate"
"TGAACGTAGACCAAGC-1_3",24,"Intermediate"
"TGAACGTCAAGAGTAT-1_3",24,"Intermediate"
"TGAACGTCACATAGCT-1_3",24,"Activated"
"TGAATCGAGAGCCTGA-1_3",24,"Resting"
"TGAATCGAGAGGTTAT-1_3",24,"Resting"
"TGAATCGCATGGTGGA-1_3",24,"Intermediate"
"TGAATCGGTGAGGCAT-1_3",24,"Activated"
"TGAATGCAGAACGCGT-1_3",24,"Resting"
"TGAATGCCAGCTACTA-1_3",24,"Activated"
"TGAATGCGTATCGGTT-1_3",24,"Activated"
"TGAATGCGTTAGGCTT-1_3",24,"Activated"
"TGAATGCGTTGCATTG-1_3",24,"Intermediate"
"TGAATGCTCAACCTCC-1_3",24,"Intermediate"
"TGAATGCTCGAACTCA-1_3",24,"Resting"
"TGAATGCTCTAAACGC-1_3",24,"Activated"
"TGACAGTAGAGTGACC-1_3",24,"Intermediate"
"TGACAGTAGGTCCAGA-1_3",24,"Activated"
"TGACAGTGTAGTAAGT-1_3",24,"Activated"
"TGACAGTGTCGATGCC-1_3",24,"Activated"
"TGACAGTGTCTCCCTA-1_3",24,"Intermediate"
"TGACAGTTCAATGCAC-1_3",24,"Resting"
"TGACCCTAGCTTTGTG-1_3",24,"Resting"
"TGACCCTAGGGCAAGG-1_3",24,"Intermediate"
"TGACCCTAGTAAACAC-1_3",24,"Intermediate"
"TGACCCTGTAGTCTTG-1_3",24,"Intermediate"
"TGACCCTGTCGTATGT-1_3",24,"Resting"
"TGACCCTGTGATACTC-1_3",24,"Treg"
"TGACCCTTCGTTAGTG-1_3",24,"Resting"
"TGACCCTTCTAGACCA-1_3",24,"Activated"
"TGACCCTTCTGCCTGT-1_3",24,"Intermediate"
"TGACCCTTCTTCCCAG-1_3",24,"Activated"
"TGACGCGAGACATGCG-1_3",24,"Intermediate"
"TGACGCGTCATCGCAA-1_3",24,"Resting"
"TGACTCCAGCTGCCTG-1_3",24,"Resting"
"TGACTCCCAAGTTGGG-1_3",24,"Intermediate"
"TGACTCCGTACGACTT-1_3",24,"Intermediate"
"TGACTCCGTGATGAAT-1_3",24,"Intermediate"
"TGACTCCTCAGCCTCT-1_3",24,"Intermediate"
"TGACTCCTCCCTCATG-1_3",24,"Intermediate"
"TGACTCCTCCGTGGCA-1_3",24,"Resting"
"TGACTCCTCTCGTGAA-1_3",24,"Intermediate"
"TGAGACTAGTATGTAG-1_3",24,"Resting"
"TGAGACTCACATATGC-1_3",24,"Treg"
"TGAGACTCAGAGTGTG-1_3",24,"Intermediate"
"TGAGACTGTGGAAATT-1_3",24,"Activated"
"TGAGACTTCGTCAAAC-1_3",24,"Intermediate"
"TGAGACTTCTGTGTGA-1_3",24,"Intermediate"
"TGAGACTTCTTGGCTC-1_3",24,"Activated"
"TGAGCATAGACAACAT-1_3",24,"Intermediate"
"TGAGCATAGACGGTTG-1_3",24,"Activated"
"TGAGCATAGCCAAGTG-1_3",24,"Intermediate"
"TGAGCATAGTGATGGC-1_3",24,"Intermediate"
"TGAGCATCACTTACAG-1_3",24,"Intermediate"
"TGAGCATCAGCTAACT-1_3",24,"Activated"
"TGAGCATGTCTCTCAC-1_3",24,"Intermediate"
"TGAGCATGTCTGTCCT-1_3",24,"Resting"
"TGAGCATGTTAATCGC-1_3",24,"Intermediate"
"TGAGCGCAGGTATAGT-1_3",24,"Intermediate"
"TGAGCGCAGTGCAACG-1_3",24,"Intermediate"
"TGAGCGCCAACTGCCG-1_3",24,"Intermediate"
"TGAGCGCCAGACCGCT-1_3",24,"Activated"
"TGAGCGCCATGCGTGC-1_3",24,"Intermediate"
"TGAGCGCCATGGAGAC-1_3",24,"Activated"
"TGAGCGCGTGTCATGT-1_3",24,"Activated"
"TGAGCGCTCGCTAGCG-1_3",24,"Intermediate"
"TGAGGAGCAGACCCGT-1_3",24,"Intermediate"
"TGAGGAGCATCGGTTA-1_3",24,"Resting"
"TGAGGAGGTCGCAACC-1_3",24,"Resting"
"TGAGGAGTCAAACGAA-1_3",24,"Intermediate"
"TGAGGGACAAGGAGTC-1_3",24,"Intermediate"
"TGAGGGACAAGTCGTT-1_3",24,"Intermediate"
"TGAGGGAGTACATACC-1_3",24,"Activated"
"TGAGGGAGTCTTGAAC-1_3",24,"Intermediate"
"TGAGGGATCCAGCACG-1_3",24,"Resting"
"TGAGGGATCGGTATGT-1_3",24,"Resting"
"TGAGGGATCGTTCATT-1_3",24,"Intermediate"
"TGAGGGATCTGAGAAA-1_3",24,"Intermediate"
"TGAGGTTAGATACGAT-1_3",24,"Intermediate"
"TGAGGTTAGGCTTAAA-1_3",24,"Activated"
"TGAGGTTCAACGGCCT-1_3",24,"Intermediate"
"TGAGGTTCAGTGTGGA-1_3",24,"Intermediate"
"TGAGGTTCATTCAGGT-1_3",24,"Resting"
"TGAGGTTTCAAGTAAG-1_3",24,"Intermediate"
"TGAGGTTTCCGTCCTA-1_3",24,"Resting"
"TGAGTCAAGACTTGTC-1_3",24,"Resting"
"TGAGTCACACAGCATT-1_3",24,"Activated"
"TGATCAGAGAGGTTAT-1_3",24,"Activated"
"TGATCAGAGGGTCACA-1_3",24,"Resting"
"TGATCAGCAAGGATGC-1_3",24,"Activated"
"TGATCAGCACGGTGCT-1_3",24,"Intermediate"
"TGATCAGCAGAGAAAG-1_3",24,"Intermediate"
"TGATCAGCAGTGGGTA-1_3",24,"Activated"
"TGATCAGTCAAATGAG-1_3",24,"Activated"
"TGATCAGTCTGCGGCA-1_3",24,"Intermediate"
"TGATCTTTCTAGTGAC-1_3",24,"Activated"
"TGATGCAAGTAGCTCT-1_3",24,"Intermediate"
"TGATGCAAGTTGGACG-1_3",24,"Treg"
"TGATGCACATGGCGCT-1_3",24,"Intermediate"
"TGATGCAGTCAACACT-1_3",24,"Intermediate"
"TGATGCAGTTCGGCTG-1_3",24,"Resting"
"TGATGCATCTCTGACC-1_3",24,"Intermediate"
"TGATGGTAGACATCCT-1_3",24,"Intermediate"
"TGATGGTAGGATACAT-1_3",24,"Intermediate"
"TGATGGTAGTCATCCA-1_3",24,"Intermediate"
"TGATGGTTCGAGCCTG-1_3",24,"Intermediate"
"TGATGGTTCTGGGATT-1_3",24,"Intermediate"
"TGATTCTAGGTTCAGG-1_3",24,"Intermediate"
"TGATTCTGTAGGAAAG-1_3",24,"Activated"
"TGATTCTTCAGTGATC-1_3",24,"Intermediate"
"TGATTCTTCGCAGTTA-1_3",24,"Intermediate"
"TGATTTCAGTACCGGA-1_3",24,"Activated"
"TGATTTCAGTAGCAAT-1_3",24,"Intermediate"
"TGATTTCCACTTGACA-1_3",24,"Resting"
"TGATTTCGTATCCTTT-1_3",24,"Activated"
"TGATTTCGTCGTCTCT-1_3",24,"Intermediate"
"TGATTTCTCCTTATGT-1_3",24,"Intermediate"
"TGATTTCTCTTCTAAC-1_3",24,"Resting"
"TGCACGGGTGTGTTTG-1_3",24,"Intermediate"
"TGCACGGTCAGCCTCT-1_3",24,"Activated"
"TGCAGATAGATGCTTC-1_3",24,"Intermediate"
"TGCAGATAGGCGTCCT-1_3",24,"Activated"
"TGCAGATCAACAAGAT-1_3",24,"Activated"
"TGCAGATCAACGACAG-1_3",24,"Intermediate"
"TGCAGATGTCATATGC-1_3",24,"Activated"
"TGCAGATTCCCATAAG-1_3",24,"Activated"
"TGCAGATTCGACCCAG-1_3",24,"Activated"
"TGCAGATTCGCTTTAT-1_3",24,"Intermediate"
"TGCAGGCAGCGACAGT-1_3",24,"Activated"
"TGCAGGCAGCGTATGG-1_3",24,"Activated"
"TGCAGGCAGTACCATC-1_3",24,"Intermediate"
"TGCAGGCCACTACACA-1_3",24,"Activated"
"TGCAGGCCATCATTTC-1_3",24,"Resting"
"TGCAGGCCATTCGATG-1_3",24,"Resting"
"TGCAGGCGTGCATGAG-1_3",24,"Activated"
"TGCAGGCTCACTACGA-1_3",24,"Intermediate"
"TGCAGGCTCTTCTTCC-1_3",24,"Resting"
"TGCAGTAAGATGTTAG-1_3",24,"Activated"
"TGCAGTACAATTCTTC-1_3",24,"Intermediate"
"TGCAGTACACTAGGCC-1_3",24,"Resting"
"TGCAGTACATGAGGGT-1_3",24,"Resting"
"TGCAGTAGTAGACAGC-1_3",24,"Intermediate"
"TGCAGTAGTCACTGAT-1_3",24,"Resting"
"TGCATCCAGCGTCAGA-1_3",24,"Activated"
"TGCATCCCAACTAGAA-1_3",24,"Resting"
"TGCATCCCACTGCGTG-1_3",24,"Activated"
"TGCATCCCAGAGATTA-1_3",24,"Intermediate"
"TGCATCCCATTGCCGG-1_3",24,"Intermediate"
"TGCATCCGTGTCCAAT-1_3",24,"Intermediate"
"TGCATCCTCAGCGGAA-1_3",24,"Intermediate"
"TGCATCCTCCACAGGC-1_3",24,"Intermediate"
"TGCATCCTCGCAGTTA-1_3",24,"Activated"
"TGCATCCTCGCCGAGT-1_3",24,"Activated"
"TGCATCCTCTGCTTAT-1_3",24,"Intermediate"
"TGCATGAAGAAGGCTC-1_3",24,"Intermediate"
"TGCATGAAGGCTCTCG-1_3",24,"Intermediate"
"TGCATGAGTGCTCTTC-1_3",24,"Activated"
"TGCATGAGTGTCCCTT-1_3",24,"Intermediate"
"TGCATGAGTTGTTGTG-1_3",24,"Activated"
"TGCATGATCCGCTGTT-1_3",24,"Treg"
"TGCATGATCCGTGGTG-1_3",24,"Activated"
"TGCATGATCTAGACCA-1_3",24,"Resting"
"TGCCGAGAGGGTCAAC-1_3",24,"Resting"
"TGCCGAGCATACCGTA-1_3",24,"Resting"
"TGCCGAGTCACCATAG-1_3",24,"Intermediate"
"TGCGACGAGCTTTCCC-1_3",24,"Resting"
"TGCGACGCAAAGGATT-1_3",24,"Resting"
"TGCGACGCACCTCGTT-1_3",24,"Intermediate"
"TGCGACGCACGCGTGT-1_3",24,"Activated"
"TGCGACGCAGCGTAGA-1_3",24,"Intermediate"
"TGCGACGGTTGTGGAG-1_3",24,"Intermediate"
"TGCGATAAGAGCCATG-1_3",24,"Activated"
"TGCGATAAGATACGAT-1_3",24,"Intermediate"
"TGCGATAAGCCAAGTG-1_3",24,"Treg"
"TGCGATAAGCTAGCCC-1_3",24,"Intermediate"
"TGCGATAAGCTGTGCC-1_3",24,"Activated"
"TGCGATAGTCAGTCCG-1_3",24,"Intermediate"
"TGCGATAGTCGAGCTC-1_3",24,"Resting"
"TGCGATAGTCGCTGCA-1_3",24,"Intermediate"
"TGCGGCAAGAAGCTGC-1_3",24,"Activated"
"TGCGGCAAGACGATAT-1_3",24,"Treg"
"TGCGGCAAGGAGTCTG-1_3",24,"Resting"
"TGCGGCAAGTTGGCTT-1_3",24,"Activated"
"TGCGGCATCAATCCAG-1_3",24,"Activated"
"TGCGGCATCCGCACTT-1_3",24,"Activated"
"TGCGGCATCTCAGAAC-1_3",24,"Resting"
"TGCGGCATCTCTCGCA-1_3",24,"Activated"
"TGCGGGTAGCAATTCC-1_3",24,"Activated"
"TGCGGGTAGTGGATAT-1_3",24,"Resting"
"TGCGGGTGTACTGCGC-1_3",24,"Activated"
"TGCGGGTGTGGATCGA-1_3",24,"Intermediate"
"TGCGGGTTCGAACACT-1_3",24,"Resting"
"TGCTCCAAGAGTGTGC-1_3",24,"Intermediate"
"TGCTCCAAGCACTTTG-1_3",24,"Resting"
"TGCTCCAAGCCTGACC-1_3",24,"Activated"
"TGCTCCACAGAGATTA-1_3",24,"Resting"
"TGCTCCACAGTTCACA-1_3",24,"Intermediate"
"TGCTCCACATCCGAAT-1_3",24,"Activated"
"TGCTCCAGTCTTTATC-1_3",24,"Intermediate"
"TGCTCCAGTGAGTTGG-1_3",24,"Resting"
"TGCTCCATCACGTAGT-1_3",24,"Activated"
"TGCTCCATCATCTACT-1_3",24,"Resting"
"TGCTCCATCGTCGGGT-1_3",24,"Activated"
"TGCTCGTAGACTCGAG-1_3",24,"Intermediate"
"TGCTCGTAGCGACTGA-1_3",24,"Intermediate"
"TGCTCGTAGCGCTGAA-1_3",24,"Intermediate"
"TGCTCGTCAGAACTCT-1_3",24,"Intermediate"
"TGCTCGTCATTGCTTT-1_3",24,"Activated"
"TGCTCGTGTGTCATTG-1_3",24,"Resting"
"TGCTCGTGTTCCAGGC-1_3",24,"Resting"
"TGCTCGTTCAGCGCAC-1_3",24,"Intermediate"
"TGCTGAAAGTCTGTAC-1_3",24,"Activated"
"TGCTGAACAACAAAGT-1_3",24,"Intermediate"
"TGCTGAACACAGTCCG-1_3",24,"Activated"
"TGCTGAACAGGTGAGT-1_3",24,"Intermediate"
"TGCTGAACATCGCTCT-1_3",24,"Intermediate"
"TGCTGAACATCGGAAG-1_3",24,"Resting"
"TGCTGAATCACCGACG-1_3",24,"Activated"
"TGCTTCGAGCCTCTTC-1_3",24,"Resting"
"TGCTTCGAGTTTGGCT-1_3",24,"Activated"
"TGCTTCGCACCGCTGA-1_3",24,"Activated"
"TGCTTGCAGATACATG-1_3",24,"Activated"
"TGCTTGCCAACCGCTG-1_3",24,"Resting"
"TGCTTGCCACAGAGAC-1_3",24,"Resting"
"TGCTTGCCATTCAGCA-1_3",24,"Activated"
"TGCTTGCGTTCTCCAC-1_3",24,"Resting"
"TGCTTGCTCCGGCAAC-1_3",24,"Intermediate"
"TGCTTGCTCGAACCTA-1_3",24,"Intermediate"
"TGCTTGCTCGCTCTAC-1_3",24,"Resting"
"TGGAACTAGACCCTTA-1_3",24,"Activated"
"TGGAACTAGCCAAGGT-1_3",24,"Intermediate"
"TGGAACTAGGTGCTGA-1_3",24,"Activated"
"TGGAACTCAACTGTGT-1_3",24,"Intermediate"
"TGGAACTCATTAGGCT-1_3",24,"Intermediate"
"TGGAACTTCCTGATAG-1_3",24,"Intermediate"
"TGGAGAGAGCTCGACC-1_3",24,"Resting"
"TGGAGAGAGTGACCTT-1_3",24,"Intermediate"
"TGGAGAGCAATTGCGT-1_3",24,"Intermediate"
"TGGAGAGCACTTCAAG-1_3",24,"Resting"
"TGGAGAGCAGCTGTTA-1_3",24,"Intermediate"
"TGGAGAGCATGATGCT-1_3",24,"Resting"
"TGGAGAGTCCAGTTCC-1_3",24,"Treg"
"TGGAGGAAGCGTCAAG-1_3",24,"Intermediate"
"TGGAGGAAGGCACCAA-1_3",24,"Intermediate"
"TGGAGGACAACTGAAA-1_3",24,"Intermediate"
"TGGAGGACACAGTCCG-1_3",24,"Intermediate"
"TGGAGGACATCGAGCC-1_3",24,"Resting"
"TGGAGGACATGTGTCA-1_3",24,"Activated"
"TGGAGGAGTCGAATGG-1_3",24,"Resting"
"TGGAGGAGTTCTCCAC-1_3",24,"Resting"
"TGGAGGAGTTGCATCA-1_3",24,"Resting"
"TGGAGGATCAGCTGTA-1_3",24,"Intermediate"
"TGGAGGATCCGATTAG-1_3",24,"Intermediate"
"TGGAGGATCGATTCCC-1_3",24,"Intermediate"
"TGGATCAAGAAGCCTG-1_3",24,"Intermediate"
"TGGATCACATGTGGTT-1_3",24,"Intermediate"
"TGGATCAGTCGAACAG-1_3",24,"Activated"
"TGGATCAGTCGTTGCG-1_3",24,"Intermediate"
"TGGATCAGTTTAGTCG-1_3",24,"Intermediate"
"TGGATGTAGAAATGGG-1_3",24,"Intermediate"
"TGGATGTAGAGTCAGC-1_3",24,"Resting"
"TGGATGTAGATTAGAC-1_3",24,"Activated"
"TGGATGTGTACCAGAG-1_3",24,"Resting"
"TGGATGTTCGGCACTG-1_3",24,"Activated"
"TGGCGTGAGGGATCGT-1_3",24,"Intermediate"
"TGGCGTGCACTACGGC-1_3",24,"Activated"
"TGGCGTGGTAGCGAGT-1_3",24,"Resting"
"TGGCGTGGTAGTATAG-1_3",24,"Activated"
"TGGGAAGAGCATCCTA-1_3",24,"Resting"
"TGGGAAGCAACGCATT-1_3",24,"Activated"
"TGGGAAGCACTGAGTT-1_3",24,"Activated"
"TGGGAAGCATGACTAC-1_3",24,"Intermediate"
"TGGGAAGGTCCTGTTC-1_3",24,"Resting"
"TGGGAAGGTGATACAA-1_3",24,"Resting"
"TGGGAAGGTGCGCTCA-1_3",24,"Activated"
"TGGGAAGTCTATCCAT-1_3",24,"Intermediate"
"TGGGAGAAGCAGCCTC-1_3",24,"Treg"
"TGGGAGAGTCACCCTT-1_3",24,"Intermediate"
"TGGGAGATCGCCACTT-1_3",24,"Intermediate"
"TGGGATTAGCTTCTAG-1_3",24,"Activated"
"TGGGATTAGGTGAGCT-1_3",24,"Resting"
"TGGGATTCAAGAGTGC-1_3",24,"Activated"
"TGGGATTTCGATTGGT-1_3",24,"Activated"
"TGGGCGTAGTCTGCAT-1_3",24,"Activated"
"TGGGCGTAGTGCACAG-1_3",24,"Intermediate"
"TGGGCGTTCTATACGG-1_3",24,"Activated"
"TGGGCTGAGACTCCGC-1_3",24,"Intermediate"
"TGGGCTGAGCATGTTC-1_3",24,"Intermediate"
"TGGGCTGAGGCGAACT-1_3",24,"Activated"
"TGGGCTGCACGCGTGT-1_3",24,"Intermediate"
"TGGGCTGTCGAGGCAA-1_3",24,"Intermediate"
"TGGGCTGTCGTTAGAC-1_3",24,"Resting"
"TGGGTTAAGTTATGGA-1_3",24,"Intermediate"
"TGGGTTACAACTGTGT-1_3",24,"Activated"
"TGGGTTACAGGTCTCG-1_3",24,"Intermediate"
"TGGGTTAGTAACAGTA-1_3",24,"Resting"
"TGGGTTAGTCCAATCA-1_3",24,"Resting"
"TGGGTTAGTGACCGTC-1_3",24,"Intermediate"
"TGGGTTAGTGGATACG-1_3",24,"Activated"
"TGGGTTAGTTAGGACG-1_3",24,"Intermediate"
"TGGTACAAGCCGTCGT-1_3",24,"Intermediate"
"TGGTACAAGGGCATGT-1_3",24,"Intermediate"
"TGGTACACACAACGAG-1_3",24,"Intermediate"
"TGGTACACAGTAACCT-1_3",24,"Activated"
"TGGTACACATCAGTCA-1_3",24,"Intermediate"
"TGGTACACATGTTCAG-1_3",24,"Intermediate"
"TGGTACAGTAGAGATT-1_3",24,"Activated"
"TGGTACAGTCATCCCT-1_3",24,"Resting"
"TGGTACAGTCGAAGCA-1_3",24,"Resting"
"TGGTACATCATAGCAC-1_3",24,"Resting"
"TGGTAGTAGGATATAC-1_3",24,"Activated"
"TGGTAGTAGGATTCCT-1_3",24,"Intermediate"
"TGGTAGTAGTAATCCC-1_3",24,"Activated"
"TGGTAGTAGTGACCTT-1_3",24,"Activated"
"TGGTAGTCAGCCGTCA-1_3",24,"Activated"
"TGGTAGTCATTCAGCA-1_3",24,"Intermediate"
"TGGTAGTGTTATGTCG-1_3",24,"Resting"
"TGGTAGTTCATGCCCT-1_3",24,"Intermediate"
"TGGTAGTTCGTCACCT-1_3",24,"Activated"
"TGGTGATAGACTTGTC-1_3",24,"Resting"
"TGGTGATAGCGTGCCT-1_3",24,"Intermediate"
"TGGTGATAGGCGCTCT-1_3",24,"Activated"
"TGGTGATCAACACACT-1_3",24,"Intermediate"
"TGGTGATGTCACCTTC-1_3",24,"Intermediate"
"TGGTGATGTCTGTTAG-1_3",24,"Resting"
"TGGTGATGTTACGGAG-1_3",24,"Resting"
"TGGTGATTCGGTCGGT-1_3",24,"Resting"
"TGGTGATTCTTACCGC-1_3",24,"Intermediate"
"TGGTTAGAGTGAGGTC-1_3",24,"Activated"
"TGGTTAGCACCAAATC-1_3",24,"Intermediate"
"TGGTTAGGTCCGTTTC-1_3",24,"Intermediate"
"TGGTTAGGTGCGAGTA-1_3",24,"Activated"
"TGTAACGAGAATAACC-1_3",24,"Activated"
"TGTAACGAGAGCCGAT-1_3",24,"Intermediate"
"TGTAACGAGATAGGGA-1_3",24,"Activated"
"TGTAACGAGTGCGACA-1_3",24,"Intermediate"
"TGTAACGGTCCGGATC-1_3",24,"Intermediate"
"TGTAACGGTGCTCTTC-1_3",24,"Activated"
"TGTAACGTCTTTCTAG-1_3",24,"Intermediate"
"TGTAAGCCACAGTCGC-1_3",24,"Intermediate"
"TGTAAGCCACGGATCC-1_3",24,"Resting"
"TGTAAGCGTTTACTTC-1_3",24,"Activated"
"TGTAAGCTCCTACTGC-1_3",24,"Activated"
"TGTAAGCTCCTTCTTC-1_3",24,"Activated"
"TGTACAGAGATGTTGA-1_3",24,"Intermediate"
"TGTACAGAGGTATTGA-1_3",24,"Resting"
"TGTACAGAGTGATAAC-1_3",24,"Activated"
"TGTACAGCATTGCTTT-1_3",24,"Intermediate"
"TGTACAGTCCGAAGGA-1_3",24,"Intermediate"
"TGTACAGTCGAGAGCA-1_3",24,"Activated"
"TGTAGACAGCCTGACC-1_3",24,"Intermediate"
"TGTAGACCACACGCCA-1_3",24,"Intermediate"
"TGTAGACCAGCTGTCG-1_3",24,"Intermediate"
"TGTAGACGTAGTCGTT-1_3",24,"Activated"
"TGTCAGAGTCACTGAT-1_3",24,"Resting"
"TGTCAGATCTCAACGA-1_3",24,"Treg"
"TGTCAGATCTTCTTCC-1_3",24,"Intermediate"
"TGTCCACAGACGACGT-1_3",24,"Activated"
"TGTCCACAGAGGTTAT-1_3",24,"Intermediate"
"TGTCCACAGGAACGAA-1_3",24,"Activated"
"TGTCCACAGGGTTAAT-1_3",24,"Intermediate"
"TGTCCACCACAGTGAG-1_3",24,"Intermediate"
"TGTCCACGTACCACGC-1_3",24,"Intermediate"
"TGTCCACGTGGAGAAA-1_3",24,"Treg"
"TGTCCACTCCTAAGTG-1_3",24,"Intermediate"
"TGTCCCAAGCTGACAG-1_3",24,"Resting"
"TGTCCCAAGTGTTCAC-1_3",24,"Treg"
"TGTCCCAGTCATCGGC-1_3",24,"Activated"
"TGTCCCAGTCTTAGTG-1_3",24,"Intermediate"
"TGTCCTGGTCTCTCTG-1_3",24,"Intermediate"
"TGTGAGTCAACACGAG-1_3",24,"Activated"
"TGTGAGTCACAACCGC-1_3",24,"Treg"
"TGTGAGTCACCAGCTG-1_3",24,"Resting"
"TGTGAGTCAGTTGAAA-1_3",24,"Resting"
"TGTGAGTGTCTACGTA-1_3",24,"Resting"
"TGTGAGTGTGCTATTG-1_3",24,"Activated"
"TGTGAGTTCCAGCTCT-1_3",24,"Intermediate"
"TGTGAGTTCCGTAATG-1_3",24,"Treg"
"TGTGAGTTCTTCCTAA-1_3",24,"Activated"
"TGTGATGAGGTAGTCG-1_3",24,"Intermediate"
"TGTGATGAGTCTCGTA-1_3",24,"Resting"
"TGTGATGCAACACAGG-1_3",24,"Activated"
"TGTGATGCAGACACCC-1_3",24,"Intermediate"
"TGTGATGGTGAGGAAA-1_3",24,"Intermediate"
"TGTGATGTCAGCCCAG-1_3",24,"Resting"
"TGTGATGTCCCATAGA-1_3",24,"Intermediate"
"TGTGATGTCTAGGAAA-1_3",24,"Activated"
"TGTGATGTCTGCTTTA-1_3",24,"Intermediate"
"TGTGCGGAGAGCTGAC-1_3",24,"Activated"
"TGTGCGGAGCCTCCAG-1_3",24,"Activated"
"TGTGCGGAGTAAGGGA-1_3",24,"Activated"
"TGTGCGGCAACACACT-1_3",24,"Intermediate"
"TGTGCGGCAGAGTAAT-1_3",24,"Intermediate"
"TGTGCGGGTCCGGTCA-1_3",24,"Intermediate"
"TGTGCGGGTGACTCTA-1_3",24,"Resting"
"TGTGGCGAGTCGTCTA-1_3",24,"Resting"
"TGTGGCGCAAGTGATA-1_3",24,"Intermediate"
"TGTGGCGCAGATCATC-1_3",24,"Intermediate"
"TGTGGCGCAGTATACC-1_3",24,"Intermediate"
"TGTGGCGGTCAGGCAA-1_3",24,"Intermediate"
"TGTGGCGGTCGACGCT-1_3",24,"Activated"
"TGTGGCGGTCGGCCTA-1_3",24,"Intermediate"
"TGTGGCGGTGCCAAGA-1_3",24,"Treg"
"TGTGTGAAGAGAAGGT-1_3",24,"Treg"
"TGTGTGAGTGTTTCTT-1_3",24,"Treg"
"TGTGTGATCAGAGCGA-1_3",24,"Resting"
"TGTGTGATCCACACCT-1_3",24,"Intermediate"
"TGTTACTAGCCTGAAG-1_3",24,"Activated"
"TGTTACTCATCCTTGC-1_3",24,"Activated"
"TGTTACTGTGGTCAAG-1_3",24,"Intermediate"
"TGTTACTGTTATGTCG-1_3",24,"Activated"
"TGTTACTTCCATCGTC-1_3",24,"Activated"
"TGTTACTTCTTGAACG-1_3",24,"Activated"
"TGTTCATAGATCCCGC-1_3",24,"Intermediate"
"TGTTCATCAGGACAGT-1_3",24,"Activated"
"TGTTCATGTATTTCGG-1_3",24,"Resting"
"TGTTCATGTCCGGATC-1_3",24,"Intermediate"
"TGTTCATGTTCCACAA-1_3",24,"Activated"
"TGTTCATTCTACTATC-1_3",24,"Intermediate"
"TGTTCCGAGGCACAAC-1_3",24,"Activated"
"TGTTCCGCAACTCATG-1_3",24,"Activated"
"TGTTCCGCATCTAACG-1_3",24,"Intermediate"
"TGTTCCGGTTGGGAAC-1_3",24,"Resting"
"TGTTCCGTCCTACCGT-1_3",24,"Intermediate"
"TGTTCCGTCGCCAGTG-1_3",24,"Resting"
"TGTTCCGTCGTAGCCG-1_3",24,"Activated"
"TGTTCCGTCTGACGCG-1_3",24,"Resting"
"TGTTCTAAGCCGTTAT-1_3",24,"Resting"
"TGTTCTAAGCTGTTAC-1_3",24,"Resting"
"TGTTCTAAGGACAGCT-1_3",24,"Resting"
"TGTTCTAAGGGTTTCT-1_3",24,"Intermediate"
"TGTTCTAAGGTACATA-1_3",24,"Activated"
"TGTTCTAAGTTAACAG-1_3",24,"Resting"
"TGTTCTACAAACTGCT-1_3",24,"Activated"
"TGTTGAGAGCCTGTCG-1_3",24,"Resting"
"TGTTGAGAGCTAAATG-1_3",24,"Activated"
"TGTTGAGAGGATAATC-1_3",24,"Intermediate"
"TGTTGAGAGGCTCACC-1_3",24,"Intermediate"
"TGTTGAGAGGTGCTTT-1_3",24,"Activated"
"TGTTGAGCAGGGTTGA-1_3",24,"Intermediate"
"TGTTGGAAGGTCCCGT-1_3",24,"Intermediate"
"TGTTGGAAGTTGGGAC-1_3",24,"Resting"
"TGTTGGACAACAGATA-1_3",24,"Resting"
"TGTTGGACAGGTCAAG-1_3",24,"Intermediate"
"TGTTGGACAGTAACCT-1_3",24,"Intermediate"
"TGTTGGAGTAACCAGG-1_3",24,"Intermediate"
"TGTTGGATCATCGTAG-1_3",24,"Intermediate"
"TGTTGGATCCCGAATA-1_3",24,"Treg"
"TGTTGGATCGTGAGAG-1_3",24,"Resting"
"TGTTGGATCTCCCTAG-1_3",24,"Intermediate"
"TGTTTGTAGTGGACTG-1_3",24,"Intermediate"
"TGTTTGTCAAAGCTCT-1_3",24,"Intermediate"
"TGTTTGTGTATGACAA-1_3",24,"Intermediate"
"TGTTTGTGTCGCCTAG-1_3",24,"Activated"
"TGTTTGTTCCTTATCA-1_3",24,"Intermediate"
"TGTTTGTTCGTCCTCA-1_3",24,"Resting"
"TTAATCCAGGAGAGGC-1_3",24,"Resting"
"TTAATCCCATCAACCA-1_3",24,"Activated"
"TTAATCCGTTCCTTGC-1_3",24,"Resting"
"TTACAGGAGCTCCCTT-1_3",24,"Intermediate"
"TTACAGGAGGCTTAAA-1_3",24,"Intermediate"
"TTACAGGAGTCCGTCG-1_3",24,"Intermediate"
"TTACAGGCAAGCTGTT-1_3",24,"Intermediate"
"TTACAGGGTATGGTAA-1_3",24,"Resting"
"TTACAGGTCCGCCTAT-1_3",24,"Activated"
"TTACCATCAGTCGTTA-1_3",24,"Activated"
"TTACCATCATATCTCT-1_3",24,"Intermediate"
"TTACCATGTATCGAAA-1_3",24,"Intermediate"
"TTACCATGTTCCGTTC-1_3",24,"Activated"
"TTACCATGTTGTTGAC-1_3",24,"Activated"
"TTACCGCCACGAAAGC-1_3",24,"Activated"
"TTACCGCCACTAGGTT-1_3",24,"Intermediate"
"TTACCGCGTTCCGCAG-1_3",24,"Activated"
"TTACCGCTCCATTCAT-1_3",24,"Intermediate"
"TTACCGCTCCGCAAAT-1_3",24,"Intermediate"
"TTACGCCCAGTCGTTA-1_3",24,"Intermediate"
"TTACGTTCAATGGCAG-1_3",24,"Intermediate"
"TTACGTTCAGAGTAAT-1_3",24,"Resting"
"TTACGTTTCGAAGAAT-1_3",24,"Intermediate"
"TTACGTTTCGCTTGAA-1_3",24,"Treg"
"TTACTGTAGCACTTTG-1_3",24,"Treg"
"TTACTGTGTCATCAGT-1_3",24,"Resting"
"TTACTGTTCCGGCTTT-1_3",24,"Activated"
"TTACTGTTCGCTCTCA-1_3",24,"Resting"
"TTACTGTTCTTGTGCC-1_3",24,"Resting"
"TTAGGCACAAGTTCGT-1_3",24,"Activated"
"TTAGGCACAGTCGCAC-1_3",24,"Activated"
"TTAGGCACATTGGGAG-1_3",24,"Activated"
"TTAGGCATCAAGCCTA-1_3",24,"Resting"
"TTAGGCATCGCTTTAT-1_3",24,"Intermediate"
"TTAGGCATCTGCATAG-1_3",24,"Intermediate"
"TTAGGGTAGATCACTC-1_3",24,"Resting"
"TTAGGGTAGGTCCCTG-1_3",24,"Resting"
"TTAGGGTCAGCGATTT-1_3",24,"Activated"
"TTAGGGTCATCTATCT-1_3",24,"Intermediate"
"TTAGGGTGTGAAGCTG-1_3",24,"Intermediate"
"TTAGGGTTCGAGATAA-1_3",24,"Intermediate"
"TTAGGGTTCGCGAAGA-1_3",24,"Intermediate"
"TTAGTCTAGGAAGTAG-1_3",24,"Activated"
"TTAGTCTAGGATGCGT-1_3",24,"Intermediate"
"TTAGTCTGTTTGCCGG-1_3",24,"Activated"
"TTAGTCTTCCTCTTTC-1_3",24,"Intermediate"
"TTAGTCTTCTAAGCCA-1_3",24,"Activated"
"TTATTGCCACCAGCTG-1_3",24,"Activated"
"TTATTGCCATGCAGGA-1_3",24,"Treg"
"TTATTGCGTACGATTC-1_3",24,"Activated"
"TTATTGCTCCGAGATT-1_3",24,"Intermediate"
"TTATTGCTCGAGCTGC-1_3",24,"Intermediate"
"TTCAATCAGACTCAAA-1_3",24,"Resting"
"TTCAATCAGCAGATAT-1_3",24,"Intermediate"
"TTCAATCAGCCACCGT-1_3",24,"Intermediate"
"TTCAATCAGGAAAGGT-1_3",24,"Resting"
"TTCAATCAGGTTCCGC-1_3",24,"Resting"
"TTCAATCAGTGCAAAT-1_3",24,"Resting"
"TTCAATCCACGTACAT-1_3",24,"Resting"
"TTCAATCCACTGTCCT-1_3",24,"Intermediate"
"TTCAATCCAGGAACCA-1_3",24,"Resting"
"TTCAATCCATAAGATG-1_3",24,"Activated"
"TTCAATCGTCTGCGCA-1_3",24,"Activated"
"TTCAATCGTTCGAGCC-1_3",24,"Intermediate"
"TTCAATCTCGAAATCC-1_3",24,"Activated"
"TTCAATCTCGCCGATG-1_3",24,"Resting"
"TTCAATCTCGGAGTAG-1_3",24,"Intermediate"
"TTCAATCTCTTAGTTC-1_3",24,"Intermediate"
"TTCACCGAGCCTGACC-1_3",24,"Activated"
"TTCACCGAGGGCCAAT-1_3",24,"Intermediate"
"TTCACCGGTACGCTAT-1_3",24,"Intermediate"
"TTCACCGGTAGTTACC-1_3",24,"Resting"
"TTCACGCAGATGGTCG-1_3",24,"Activated"
"TTCACGCAGGGAGGGT-1_3",24,"Intermediate"
"TTCACGCCAGCTATTG-1_3",24,"Resting"
"TTCACGCCAGCTGGTC-1_3",24,"Resting"
"TTCACGCCATTCTCCG-1_3",24,"Intermediate"
"TTCACGCTCGCGTAGC-1_3",24,"Intermediate"
"TTCAGGAAGAATTTGG-1_3",24,"Activated"
"TTCAGGAAGAGAATCT-1_3",24,"Activated"
"TTCAGGAAGCACCCAC-1_3",24,"Activated"
"TTCAGGAAGGATTACA-1_3",24,"Resting"
"TTCAGGAAGGCCTGAA-1_3",24,"Intermediate"
"TTCAGGACACCAGGTC-1_3",24,"Intermediate"
"TTCAGGACATATACCG-1_3",24,"Activated"
"TTCAGGAGTGTCCATA-1_3",24,"Intermediate"
"TTCAGGAGTTCGGTTA-1_3",24,"Intermediate"
"TTCAGGATCCCAGTGG-1_3",24,"Resting"
"TTCATGTAGATCACCT-1_3",24,"Intermediate"
"TTCATGTAGTAGTCAA-1_3",24,"Activated"
"TTCATGTCATCTCATT-1_3",24,"Resting"
"TTCATGTCATTCACCC-1_3",24,"Resting"
"TTCATGTTCAGAATAG-1_3",24,"Resting"
"TTCATGTTCTCCTACG-1_3",24,"Activated"
"TTCATTGCAACGATTC-1_3",24,"Intermediate"
"TTCATTGCATCTGCGG-1_3",24,"Intermediate"
"TTCATTGGTAAGCAAT-1_3",24,"Resting"
"TTCCAATCATCCGAGC-1_3",24,"Intermediate"
"TTCCAATGTCAGCGTC-1_3",24,"Intermediate"
"TTCCAATTCTGAGGTT-1_3",24,"Intermediate"
"TTCCACGAGTCACTAC-1_3",24,"Resting"
"TTCCACGCAACCCTCT-1_3",24,"Intermediate"
"TTCCACGCACGGGTAA-1_3",24,"Activated"
"TTCCACGGTTCTAACG-1_3",24,"Resting"
"TTCCACGTCACTGGTA-1_3",24,"Intermediate"
"TTCCGGTAGGTGGTTG-1_3",24,"Resting"
"TTCCGGTCATATGCGT-1_3",24,"Resting"
"TTCCGGTCATCGGAGA-1_3",24,"Intermediate"
"TTCCGGTCATTCCTCG-1_3",24,"Intermediate"
"TTCCGGTGTAAGATTG-1_3",24,"Resting"
"TTCCGGTGTCATAGTC-1_3",24,"Activated"
"TTCCGGTGTCTTTCAT-1_3",24,"Intermediate"
"TTCCGGTTCTGCGAGC-1_3",24,"Intermediate"
"TTCCGTGAGTAGGGTC-1_3",24,"Activated"
"TTCCGTGAGTGTTCAC-1_3",24,"Intermediate"
"TTCCGTGCAATAGGGC-1_3",24,"Activated"
"TTCCGTGCACGGCCAT-1_3",24,"Activated"
"TTCCGTGGTCGTGTTA-1_3",24,"Intermediate"
"TTCCGTGGTCTGTCAA-1_3",24,"Resting"
"TTCCGTGTCAAACTGC-1_3",24,"Intermediate"
"TTCCGTGTCTACGCGG-1_3",24,"Intermediate"
"TTCCTAAAGACTGAGC-1_3",24,"Intermediate"
"TTCCTAACAAATGAAC-1_3",24,"Resting"
"TTCCTAACATCCCACT-1_3",24,"Resting"
"TTCCTAATCGTAACCA-1_3",24,"Resting"
"TTCCTAATCTCATGGA-1_3",24,"Activated"
"TTCCTCTAGCAATTCC-1_3",24,"Activated"
"TTCCTCTAGCGAGTAC-1_3",24,"Intermediate"
"TTCCTCTAGTGAACAT-1_3",24,"Intermediate"
"TTCCTCTAGTGTCATC-1_3",24,"Activated"
"TTCCTCTCACGCTGCA-1_3",24,"Intermediate"
"TTCCTCTCAGCCGGTT-1_3",24,"Intermediate"
"TTCCTTCAGTGGTTGG-1_3",24,"Intermediate"
"TTCCTTCAGTTGCCTA-1_3",24,"Intermediate"
"TTCCTTCCAAGAGGTC-1_3",24,"Activated"
"TTCGATTAGATGCTGG-1_3",24,"Intermediate"
"TTCGATTAGGGAACAA-1_3",24,"Intermediate"
"TTCGATTCAAATCAAG-1_3",24,"Activated"
"TTCGATTCAGCGTATT-1_3",24,"Intermediate"
"TTCGATTGTCGAGTTT-1_3",24,"Resting"
"TTCGCTGAGCGCCTTG-1_3",24,"Intermediate"
"TTCGCTGAGGGCTAAC-1_3",24,"Activated"
"TTCGCTGCATTCAGGT-1_3",24,"Treg"
"TTCGCTGCATTGCAAC-1_3",24,"Activated"
"TTCGCTGGTCGTGGTC-1_3",24,"Activated"
"TTCGGTCCACAATCTG-1_3",24,"Activated"
"TTCGGTCCACCCTAAA-1_3",24,"Intermediate"
"TTCGGTCCATACCATG-1_3",24,"Intermediate"
"TTCGGTCGTACCCACG-1_3",24,"Intermediate"
"TTCGGTCGTATGTCCA-1_3",24,"Activated"
"TTCGGTCGTCCTGTTC-1_3",24,"Activated"
"TTCGGTCGTCGCTTGG-1_3",24,"Activated"
"TTCGGTCGTTGGCCTG-1_3",24,"Intermediate"
"TTCGGTCTCACGGAGA-1_3",24,"Activated"
"TTCTAACAGCACTGGA-1_3",24,"Intermediate"
"TTCTAACAGTGACCTT-1_3",24,"Activated"
"TTCTAACCATCGAACT-1_3",24,"Intermediate"
"TTCTAACCATGTTCAG-1_3",24,"Resting"
"TTCTAACTCATGCGGC-1_3",24,"Resting"
"TTCTAACTCATTTGCT-1_3",24,"Intermediate"
"TTCTAGTAGAATAGTC-1_3",24,"Activated"
"TTCTAGTAGCGAGGAG-1_3",24,"Activated"
"TTCTAGTCAGCTGTTA-1_3",24,"Intermediate"
"TTCTAGTCAGGCATGA-1_3",24,"Intermediate"
"TTCTAGTGTAGATGTA-1_3",24,"Intermediate"
"TTCTAGTTCACCGACG-1_3",24,"Intermediate"
"TTCTAGTTCAGTCATG-1_3",24,"Intermediate"
"TTCTAGTTCTGCGGCA-1_3",24,"Intermediate"
"TTCTCTCAGAGGTGCT-1_3",24,"Intermediate"
"TTCTCTCAGGATCATA-1_3",24,"Activated"
"TTCTCTCAGGCTCTCG-1_3",24,"Activated"
"TTCTCTCAGGGCCCTT-1_3",24,"Intermediate"
"TTCTCTCAGTTGGGAC-1_3",24,"Activated"
"TTCTCTCCACTTTAGG-1_3",24,"Intermediate"
"TTCTCTCCAGATACTC-1_3",24,"Intermediate"
"TTCTCTCGTCGAGCTC-1_3",24,"Activated"
"TTCTCTCGTGACTGTT-1_3",24,"Intermediate"
"TTCTGTAAGAGAGCCT-1_3",24,"Intermediate"
"TTCTGTAAGAGCATAT-1_3",24,"Intermediate"
"TTCTGTAAGAGGGCGA-1_3",24,"Intermediate"
"TTCTGTACACACCGCA-1_3",24,"Resting"
"TTCTGTACACCTCTAC-1_3",24,"Intermediate"
"TTCTGTAGTCTTGAAC-1_3",24,"Resting"
"TTCTGTAGTTATGACC-1_3",24,"Intermediate"
"TTCTGTAGTTTACCAG-1_3",24,"Intermediate"
"TTCTGTAGTTTGACAC-1_3",24,"Activated"
"TTCTGTATCACCTCAC-1_3",24,"Resting"
"TTCTGTATCTTGGGCG-1_3",24,"Intermediate"
"TTCTTCCCAACAGCTT-1_3",24,"Intermediate"
"TTCTTCCCATGGCGCT-1_3",24,"Resting"
"TTCTTCCGTACTGCGC-1_3",24,"Intermediate"
"TTCTTCCGTTAGAGTA-1_3",24,"Intermediate"
"TTCTTCCTCGATGCAT-1_3",24,"Intermediate"
"TTGAACGAGTTACGTC-1_3",24,"Resting"
"TTGAACGCAACCACAT-1_3",24,"Intermediate"
"TTGAACGCACACCTAA-1_3",24,"Intermediate"
"TTGAACGCAGGCGAAT-1_3",24,"Activated"
"TTGAACGCATAGATGA-1_3",24,"Intermediate"
"TTGAACGTCGACGTCG-1_3",24,"Intermediate"
"TTGAACGTCTTCCGTG-1_3",24,"Activated"
"TTGACCCAGTCATCGT-1_3",24,"Intermediate"
"TTGACCCCAATCAAGA-1_3",24,"Intermediate"
"TTGACCCGTAAGAACT-1_3",24,"Activated"
"TTGACCCGTGGATTTC-1_3",24,"Activated"
"TTGACCCTCGGTTCAA-1_3",24,"Resting"
"TTGAGTGAGAGTTGCG-1_3",24,"Activated"
"TTGAGTGCAGAAGCGT-1_3",24,"Activated"
"TTGAGTGGTGAGGAAA-1_3",24,"Activated"
"TTGAGTGGTTAGGCCC-1_3",24,"Activated"
"TTGAGTGTCTTCGGTC-1_3",24,"Resting"
"TTGATGGAGCTAGAGC-1_3",24,"Activated"
"TTGATGGCACAGCTTA-1_3",24,"Activated"
"TTGATGGGTGAGTAGC-1_3",24,"Intermediate"
"TTGCATTCAAGTATAG-1_3",24,"Intermediate"
"TTGCATTTCGCTAAAC-1_3",24,"Resting"
"TTGCCTGAGTGTACCT-1_3",24,"Resting"
"TTGCCTGCACTTGAGT-1_3",24,"Intermediate"
"TTGCCTGGTCGGCTAC-1_3",24,"Intermediate"
"TTGCCTGGTTATGACC-1_3",24,"Intermediate"
"TTGCGTCAGCGGGTAT-1_3",24,"Activated"
"TTGCGTCAGGCGATAC-1_3",24,"Intermediate"
"TTGCGTCCAAGGAGTC-1_3",24,"Intermediate"
"TTGCGTCCAAGTATAG-1_3",24,"Activated"
"TTGCGTCGTAACTTCG-1_3",24,"Resting"
"TTGCGTCTCATAGGCT-1_3",24,"Resting"
"TTGCGTCTCCGTCCTA-1_3",24,"Resting"
"TTGCTGCAGCCTGAAG-1_3",24,"Intermediate"
"TTGCTGCCAAACGAGC-1_3",24,"Resting"
"TTGCTGCCAACCGGAA-1_3",24,"Resting"
"TTGCTGCCAGCGTACC-1_3",24,"Resting"
"TTGCTGCCAGGTCCGT-1_3",24,"Intermediate"
"TTGCTGCGTATTCCTT-1_3",24,"Resting"
"TTGCTGCTCACGAGGA-1_3",24,"Intermediate"
"TTGCTGCTCGCCACTT-1_3",24,"Intermediate"
"TTGGATGAGCGCACAA-1_3",24,"Resting"
"TTGGATGAGGCATCAG-1_3",24,"Intermediate"
"TTGGATGCAAAGGTTA-1_3",24,"Treg"
"TTGGATGCACGCGTGT-1_3",24,"Activated"
"TTGGATGCATAGAATG-1_3",24,"Intermediate"
"TTGGATGGTCTTGGTA-1_3",24,"Intermediate"
"TTGGATGTCACTGTCC-1_3",24,"Intermediate"
"TTGGATGTCTTTCCAA-1_3",24,"Activated"
"TTGGGATCAGACGCTC-1_3",24,"Intermediate"
"TTGGGATGTCCACATA-1_3",24,"Treg"
"TTGGGATGTGTCGCTG-1_3",24,"Intermediate"
"TTGGGATGTTATCTTC-1_3",24,"Activated"
"TTGGGATTCAGAGCAG-1_3",24,"Intermediate"
"TTGGGATTCATGCATG-1_3",24,"Activated"
"TTGGGATTCTGTGCTC-1_3",24,"Intermediate"
"TTGGGCGCAGCTGCCA-1_3",24,"Activated"
"TTGGGCGGTAGCCAGA-1_3",24,"Activated"
"TTGGGCGGTAGTTAGA-1_3",24,"Activated"
"TTGGGCGGTCCTCATC-1_3",24,"Activated"
"TTGGGCGTCCAAGCAT-1_3",24,"Resting"
"TTGGGCGTCCATGATG-1_3",24,"Intermediate"
"TTGGGCGTCTAACGGT-1_3",24,"Activated"
"TTGGGTAAGACCATTC-1_3",24,"Intermediate"
"TTGGGTACAATGACCT-1_3",24,"Intermediate"
"TTGGGTAGTACGGGAT-1_3",24,"Intermediate"
"TTGGGTAGTGGACCAA-1_3",24,"Activated"
"TTGGTTTCAAACACCT-1_3",24,"Activated"
"TTGGTTTCACAGTCCG-1_3",24,"Intermediate"
"TTGGTTTCACCTCTAC-1_3",24,"Intermediate"
"TTGGTTTGTCAGACTT-1_3",24,"Resting"
"TTGGTTTGTCATCCGG-1_3",24,"Resting"
"TTGGTTTGTCCAATCA-1_3",24,"Activated"
"TTGGTTTGTTGAATCC-1_3",24,"Intermediate"
"TTGGTTTTCGGCTGTG-1_3",24,"Intermediate"
"TTGTGGAAGCATCAGG-1_3",24,"Intermediate"
"TTGTGGAAGTGTGTTC-1_3",24,"Treg"
"TTGTGGACATTAAAGG-1_3",24,"Resting"
"TTGTGGATCGCCTAGG-1_3",24,"Intermediate"
"TTGTGGATCTACGGGC-1_3",24,"Activated"
"TTGTGGATCTTAGGAC-1_3",24,"Intermediate"
"TTGTGTTAGATTAGCA-1_3",24,"Activated"
"TTGTGTTCAATTGTGC-1_3",24,"Resting"
"TTGTGTTCAGTTTGGT-1_3",24,"Intermediate"
"TTGTGTTCATCTGGGC-1_3",24,"Intermediate"
"TTGTGTTGTCGTCTCT-1_3",24,"Treg"
"TTGTGTTGTTAGGCCC-1_3",24,"Intermediate"
"TTGTTCACAAGAGGTC-1_3",24,"Resting"
"TTGTTCACACCTGCTT-1_3",24,"Resting"
"TTGTTCAGTAGTCTGT-1_3",24,"Intermediate"
"TTGTTCAGTTCGGCTG-1_3",24,"Activated"
"TTGTTCAGTTGTGGAG-1_3",24,"Activated"
"TTGTTCATCCGAGATT-1_3",24,"Activated"
"TTGTTCATCGCAGTTA-1_3",24,"Intermediate"
"TTGTTGTAGAGAGGTA-1_3",24,"Intermediate"
"TTGTTGTCAATGTTGC-1_3",24,"Activated"
"TTGTTGTGTACAGTAA-1_3",24,"Activated"
"TTGTTGTTCCATCACC-1_3",24,"Activated"
"TTGTTTGAGAAACTGT-1_3",24,"Intermediate"
"TTGTTTGAGCGTATGG-1_3",24,"Intermediate"
"TTGTTTGAGGCTCCCA-1_3",24,"Intermediate"
"TTGTTTGAGGGCCCTT-1_3",24,"Resting"
"TTGTTTGCATCGCCTT-1_3",24,"Intermediate"
"TTTACCAAGCAATAAC-1_3",24,"Intermediate"
"TTTACCAAGCGGGTTA-1_3",24,"Activated"
"TTTACCAAGGCACCAA-1_3",24,"Activated"
"TTTACCAAGGGCAGGA-1_3",24,"Activated"
"TTTACCACAACAAGAT-1_3",24,"Resting"
"TTTACCACAAGAATGT-1_3",24,"Resting"
"TTTACCACAGACCCGT-1_3",24,"Intermediate"
"TTTACCAGTCGTGTTA-1_3",24,"Intermediate"
"TTTACCAGTGGAATGC-1_3",24,"Intermediate"
"TTTACCAGTTACCCAA-1_3",24,"Activated"
"TTTACCATCCGCAACG-1_3",24,"Intermediate"
"TTTACGTAGCACTTTG-1_3",24,"Intermediate"
"TTTACGTAGCGACTTT-1_3",24,"Intermediate"
"TTTACGTAGTTCACTG-1_3",24,"Activated"
"TTTACGTCAACTCCCT-1_3",24,"Intermediate"
"TTTACGTGTAAGTAGT-1_3",24,"Resting"
"TTTACGTTCTGCGTCT-1_3",24,"Activated"
"TTTACTGAGTCATGGG-1_3",24,"Activated"
"TTTACTGGTGAAGCTG-1_3",24,"Intermediate"
"TTTACTGGTTAGAAAC-1_3",24,"Treg"
"TTTACTGGTTGGACTT-1_3",24,"Intermediate"
"TTTACTGTCATGGATC-1_3",24,"Activated"
"TTTACTGTCGGACTTA-1_3",24,"Intermediate"
"TTTACTGTCGTTGCCT-1_3",24,"Intermediate"
"TTTAGTCAGCATGATA-1_3",24,"Intermediate"
"TTTAGTCAGGTTGACG-1_3",24,"Intermediate"
"TTTAGTCCATCGATGT-1_3",24,"Resting"
"TTTAGTCGTGTTCGTA-1_3",24,"Activated"
"TTTAGTCTCATGCCCT-1_3",24,"Activated"
"TTTAGTCTCCACGTCT-1_3",24,"Activated"
"TTTATGCAGAGGTTTA-1_3",24,"Intermediate"
"TTTATGCCAACGACTT-1_3",24,"Activated"
"TTTATGCCAAGCGCTC-1_3",24,"Intermediate"
"TTTATGCCACGTACAT-1_3",24,"Intermediate"
"TTTATGCCAGTACTAC-1_3",24,"Intermediate"
"TTTATGCTCCATTTCA-1_3",24,"Activated"
"TTTCACAAGCAAGGAA-1_3",24,"Intermediate"
"TTTCACAAGCGCCATC-1_3",24,"Intermediate"
"TTTCACACAACACAGG-1_3",24,"Intermediate"
"TTTCACACATATACCG-1_3",24,"Resting"
"TTTCACAGTGTCTAAC-1_3",24,"Resting"
"TTTCACAGTTGGATCT-1_3",24,"Intermediate"
"TTTCACATCATGTCTT-1_3",24,"Activated"
"TTTCACATCGACACCG-1_3",24,"Intermediate"
"TTTCACATCTGGACTA-1_3",24,"Intermediate"
"TTTCAGTAGCCTTTGA-1_3",24,"Intermediate"
"TTTCAGTAGGTGCTTT-1_3",24,"Resting"
"TTTCAGTCAAGGCAAC-1_3",24,"Intermediate"
"TTTCAGTGTAGTCCTA-1_3",24,"Intermediate"
"TTTCAGTGTTCCGTTC-1_3",24,"Intermediate"
"TTTCAGTTCCGCACTT-1_3",24,"Resting"
"TTTCAGTTCGTTCATT-1_3",24,"Intermediate"
"TTTCATGAGAGCTGCA-1_3",24,"Activated"
"TTTCATGCAGCGAACA-1_3",24,"Activated"
"TTTCATGCAGCGGTTC-1_3",24,"Resting"
"TTTCATGCATCCGGCA-1_3",24,"Activated"
"TTTCATGTCTAGTCAG-1_3",24,"Resting"
"TTTCATGTCTCACCCA-1_3",24,"Activated"
"TTTCCTCAGAGACAAG-1_3",24,"Intermediate"
"TTTCCTCAGTTAACGA-1_3",24,"Resting"
"TTTCCTCGTATCGCAT-1_3",24,"Intermediate"
"TTTCCTCGTATTGACC-1_3",24,"Activated"
"TTTCCTCGTTTCGGCG-1_3",24,"Activated"
"TTTCCTCTCTACCAGA-1_3",24,"Resting"
"TTTCCTCTCTTGGGCG-1_3",24,"Intermediate"
"TTTCGATAGACATACA-1_3",24,"Intermediate"
"TTTCGATGTTAATGAG-1_3",24,"Treg"
"TTTCGATTCATTATCC-1_3",24,"Activated"
"TTTCGATTCGTAGAGG-1_3",24,"Resting"
"TTTCGATTCTATACTC-1_3",24,"Intermediate"
"TTTGACTAGCGAACTG-1_3",24,"Intermediate"
"TTTGACTCAATTGCCA-1_3",24,"Activated"
"TTTGACTCAGCGTATT-1_3",24,"Activated"
"TTTGACTCAGCTGAGA-1_3",24,"Intermediate"
"TTTGACTCATGCCGGT-1_3",24,"Resting"
"TTTGACTGTCGGCTAC-1_3",24,"Intermediate"
"TTTGACTGTGCCGGTT-1_3",24,"Resting"
"TTTGACTTCCTCAGGG-1_3",24,"Intermediate"
"TTTGACTTCTCGAGTA-1_3",24,"Resting"
"TTTGACTTCTTACGTT-1_3",24,"Intermediate"
"TTTGATCAGCCTATTG-1_3",24,"Intermediate"
"TTTGATCCAAGTGGAC-1_3",24,"Resting"
"TTTGATCGTAATGCTC-1_3",24,"Intermediate"
"TTTGATCGTACATTGC-1_3",24,"Resting"
"TTTGATCGTCGTCAGC-1_3",24,"Activated"
"TTTGATCGTGAGTGAC-1_3",24,"Resting"
"TTTGATCGTGTCATCA-1_3",24,"Intermediate"
"TTTGATCGTTATGTGC-1_3",24,"Intermediate"
"TTTGATCGTTGAGTCT-1_3",24,"Intermediate"
"TTTGATCTCAGAATAG-1_3",24,"Intermediate"
"TTTGATCTCCGTTGAA-1_3",24,"Intermediate"
"TTTGATCTCTACACTT-1_3",24,"Treg"
"TTTGGAGCAAAGGCAC-1_3",24,"Intermediate"
"TTTGGAGCACTAACGT-1_3",24,"Resting"
"TTTGGAGCAGACATCT-1_3",24,"Resting"
"TTTGGAGCATGCCGGT-1_3",24,"Intermediate"
"TTTGGAGGTTATCTTC-1_3",24,"Activated"
"TTTGGAGTCCTTATGT-1_3",24,"Resting"
"TTTGGTTAGGGAGGCA-1_3",24,"Activated"
"TTTGGTTCACGGTAGA-1_3",24,"Activated"
"TTTGGTTCAGCGACCT-1_3",24,"Activated"
"TTTGGTTCAGCGTGAA-1_3",24,"Intermediate"
"TTTGGTTCAGTACTAC-1_3",24,"Intermediate"
"TTTGGTTGTCAGGTAG-1_3",24,"Intermediate"
"TTTGGTTGTGTGCTTA-1_3",24,"Resting"
"TTTGGTTTCACCCTGT-1_3",24,"Activated"
"TTTGGTTTCCCAGGAC-1_3",24,"Treg"
"TTTGTTGAGCTATCTG-1_3",24,"Intermediate"
"TTTGTTGGTATGACAA-1_3",24,"Intermediate"
"TTTGTTGGTCCGAAGA-1_3",24,"Activated"
"TTTGTTGGTTGTCCCT-1_3",24,"Resting"
