dataset_index,dataset_gene,match_type,embedding_key
0,AL627309.1,unmatched,
1,AL669831.5,unmatched,
2,LINC00115,exact,LINC00115
3,FAM41C,exact,FAM41C
4,SAMD11,exact,SAMD11
5,NOC2L,exact,NOC2L
6,KLHL17,exact,KLHL17
7,PLEKHN1,exact,PLEKHN1
8,ISG15,exact,ISG15
9,AGRN,exact,AGRN
10,C1orf159,exact,C1orf159
11,TNFRSF4,exact,TNFRSF4
12,SDF4,exact,SDF4
13,B3GALT6,exact,B3GALT6
14,C1QTNF12,exact,C1QTNF12
15,AL162741.1,unmatched,
16,UBE2J2,exact,UBE2J2
17,LINC01786,exact,LINC01786
18,SCNN1D,exact,SCNN1D
19,ACAP3,exact,ACAP3
20,PUSL1,exact,PUSL1
21,INTS11,exact,INTS11
22,CPTP,exact,CPTP
23,TAS1R3,exact,TAS1R3
24,DVL1,exact,DVL1
25,MXRA8,exact,MXRA8
26,AURKAIP1,exact,AURKAIP1
27,CCNL2,exact,CCNL2
28,MRPL20,exact,MRPL20
29,AL391244.3,unmatched,
30,ATAD3C,exact,ATAD3C
31,ATAD3B,exact,ATAD3B
32,ATAD3A,exact,ATAD3A
33,TMEM240,exact,TMEM240
34,SSU72,exact,SSU72
35,AL645728.1,unmatched,
36,FNDC10,exact,FNDC10
37,AL691432.2,unmatched,
38,MIB2,exact,MIB2
39,MMP23B,exact,MMP23B
40,CDK11B,exact,CDK11B
41,FO704657.1,unmatched,
42,SLC35E2B,exact,SLC35E2B
43,CDK11A,exact,CDK11A
44,SLC35E2A,exact,SLC35E2A
45,NADK,exact,NADK
46,GNB1,exact,GNB1
47,AL109917.1,unmatched,
48,CFAP74,exact,CFAP74
49,GABRD,exact,GABRD
50,PRKCZ,exact,PRKCZ
51,AL590822.2,unmatched,
52,PRKCZ-AS1,exact,PRKCZ-AS1
53,FAAP20,exact,FAAP20
54,SKI,exact,SKI
55,MORN1,exact,MORN1
56,RER1,exact,RER1
57,PEX10,exact,PEX10
58,PLCH2,exact,PLCH2
59,PANK4,exact,PANK4
60,AL139246.5,unmatched,
61,TNFRSF14-AS1,exact,TNFRSF14-AS1
62,TNFRSF14,exact,TNFRSF14
63,AL139246.3,unmatched,
64,FAM213B,official_alias,FAM213B
65,MMEL1,exact,MMEL1
66,TTC34,exact,TTC34
67,MEGF6,exact,MEGF6
68,AL513320.1,unmatched,
69,TPRG1L,exact,TPRG1L
70,WRAP73,exact,WRAP73
71,TP73,exact,TP73
72,SMIM1,exact,SMIM1
73,LRRC47,exact,LRRC47
74,CEP104,exact,CEP104
75,DFFB,exact,DFFB
76,C1orf174,exact,C1orf174
77,LINC01134,exact,LINC01134
78,AL805961.2,unmatched,
79,AJAP1,exact,AJAP1
80,AL365255.1,unmatched,
81,NPHP4,exact,NPHP4
82,KCNAB2,exact,KCNAB2
83,CHD5,exact,CHD5
84,RPL22,exact,RPL22
85,RNF207,exact,RNF207
86,ICMT,exact,ICMT
87,LINC00337,unmatched,
88,ACOT7,exact,ACOT7
89,AL031848.2,unmatched,
90,HES2,exact,HES2
91,ESPN,exact,ESPN
92,TNFRSF25,exact,TNFRSF25
93,PLEKHG5,exact,PLEKHG5
94,NOL9,exact,NOL9
95,ZBTB48,exact,ZBTB48
96,KLHL21,exact,KLHL21
97,PHF13,exact,PHF13
98,THAP3,exact,THAP3
99,DNAJC11,exact,DNAJC11
100,AL591163.1,unmatched,
101,CAMTA1-DT,exact,CAMTA1-DT
102,CAMTA1,exact,CAMTA1
103,VAMP3,exact,VAMP3
104,PER3,exact,PER3
105,Z98884.1,unmatched,
106,PARK7,exact,PARK7
107,AL034417.4,unmatched,
108,AL034417.3,unmatched,
109,ERRFI1,exact,ERRFI1
110,SLC45A1,exact,SLC45A1
111,RERE,exact,RERE
112,AL096855.1,unmatched,
113,AL357552.2,unmatched,
114,ENO1,exact,ENO1
115,ENO1-AS1,exact,ENO1-AS1
116,CA6,exact,CA6
117,GPR157,exact,GPR157
118,H6PD,exact,H6PD
119,SPSB1,exact,SPSB1
120,SLC25A33,exact,SLC25A33
121,TMEM201,exact,TMEM201
122,PIK3CD,exact,PIK3CD
123,PIK3CD-AS1,exact,PIK3CD-AS1
124,PIK3CD-AS2,exact,PIK3CD-AS2
125,CLSTN1,exact,CLSTN1
126,CTNNBIP1,exact,CTNNBIP1
127,LZIC,exact,LZIC
128,NMNAT1,exact,NMNAT1
129,UBE4B,exact,UBE4B
130,KIF1B,exact,KIF1B
131,AL139424.3,unmatched,
132,AL139424.2,unmatched,
133,PGD,exact,PGD
134,CENPS,exact,CENPS
135,DFFA,exact,DFFA
136,AL354956.1,unmatched,
137,PEX14,exact,PEX14
138,CASZ1,exact,CASZ1
139,TARDBP,exact,TARDBP
140,AL109811.3,unmatched,
141,SRM,exact,SRM
142,EXOSC10,exact,EXOSC10
143,AL109811.1,unmatched,
144,MTOR,exact,MTOR
145,ANGPTL7,exact,ANGPTL7
146,UBIAD1,exact,UBIAD1
147,DISP3,exact,DISP3
148,AL031731.1,unmatched,
149,FBXO2,exact,FBXO2
150,FBXO44,exact,FBXO44
151,FBXO6,exact,FBXO6
152,MAD2L2,exact,MAD2L2
153,DRAXIN,exact,DRAXIN
154,AGTRAP,exact,AGTRAP
155,MTHFR,exact,MTHFR
156,CLCN6,exact,CLCN6
157,NPPA-AS1,unmatched,
158,KIAA2013,exact,KIAA2013
159,PLOD1,exact,PLOD1
160,MFN2,exact,MFN2
161,MIIP,exact,MIIP
162,TNFRSF1B,exact,TNFRSF1B
163,VPS13D,exact,VPS13D
164,DHRS3,exact,DHRS3
165,PRDM2,exact,PRDM2
166,KAZN,exact,KAZN
167,EFHD2,exact,EFHD2
168,CASP9,exact,CASP9
169,DNAJC16,exact,DNAJC16
170,AL121992.3,unmatched,
171,AGMAT,exact,AGMAT
172,AL121992.1,unmatched,
173,DDI2,exact,DDI2
174,PLEKHM2,exact,PLEKHM2
175,SLC25A34,exact,SLC25A34
176,FBLIM1,exact,FBLIM1
177,UQCRHL,exact,UQCRHL
178,AL450998.2,unmatched,
179,SPEN,exact,SPEN
180,ZBTB17,exact,ZBTB17
181,ARHGEF19,exact,ARHGEF19
182,CPLANE2,exact,CPLANE2
183,FBXO42,exact,FBXO42
184,SZRD1,exact,SZRD1
185,SPATA21,exact,SPATA21
186,NECAP2,exact,NECAP2
187,LINC01772,exact,LINC01772
188,AL137802.2,unmatched,
189,NBPF1,exact,NBPF1
190,CROCC,exact,CROCC
191,BX284668.5,unmatched,
192,BX284668.6,unmatched,
193,ATP13A2,exact,ATP13A2
194,SDHB,exact,SDHB
195,PADI4,exact,PADI4
196,RCC2,exact,RCC2
197,ALDH4A1,exact,ALDH4A1
198,IFFO2,exact,IFFO2
199,UBR4,exact,UBR4
200,AL035413.1,unmatched,
201,EMC1,exact,EMC1
202,MRTO4,exact,MRTO4
203,AKR7A3,exact,AKR7A3
204,AKR7A2,exact,AKR7A2
205,PQLC2,official_alias,PQLC2
206,CAPZB,exact,CAPZB
207,MINOS1,official_alias,MINOS1
208,NBL1,exact,NBL1
209,TMCO4,exact,TMCO4
210,OTUD3,exact,OTUD3
211,PLA2G2C,exact,PLA2G2C
212,UBXN10-AS1,official_alias,UBXN10-AS1
213,CAMK2N1,exact,CAMK2N1
214,MUL1,exact,MUL1
215,PINK1,exact,PINK1
216,PINK1-AS,exact,PINK1-AS
217,DDOST,exact,DDOST
218,HP1BP3,exact,HP1BP3
219,EIF4G3,exact,EIF4G3
220,ECE1,exact,ECE1
221,AL031728.1,unmatched,
222,NBPF3,exact,NBPF3
223,USP48,exact,USP48
224,HSPG2,exact,HSPG2
225,LINC01635,exact,LINC01635
226,CDC42,exact,CDC42
227,AL031281.2,unmatched,
228,ZBTB40,exact,ZBTB40
229,KDM1A,exact,KDM1A
230,LUZP1,exact,LUZP1
231,LINC01355,exact,LINC01355
232,AL109936.6,unmatched,
233,HNRNPR,exact,HNRNPR
234,ZNF436,exact,ZNF436
235,ZNF436-AS1,exact,ZNF436-AS1
236,AL109936.2,unmatched,
237,TCEA3,exact,TCEA3
238,ID3,exact,ID3
239,MDS2,exact,MDS2
240,RPL11,exact,RPL11
241,ELOA,exact,ELOA
242,ELOA-AS1,exact,ELOA-AS1
243,PITHD1,exact,PITHD1
244,LYPLA2,exact,LYPLA2
245,GALE,exact,GALE
246,HMGCL,exact,HMGCL
247,FUCA1,exact,FUCA1
248,CNR2,exact,CNR2
249,PNRC2,exact,PNRC2
250,SRSF10,exact,SRSF10
251,IFNLR1,exact,IFNLR1
252,STPG1,exact,STPG1
253,NIPAL3,exact,NIPAL3
254,RCAN3,exact,RCAN3
255,AL445686.2,unmatched,
256,SRRM1,exact,SRRM1
257,RUNX3,exact,RUNX3
258,AL031432.1,unmatched,
259,SYF2,exact,SYF2
260,RSRP1,exact,RSRP1
261,AL031432.3,unmatched,
262,RHD,exact,RHD
263,TMEM50A,exact,TMEM50A
264,RHCE,exact,RHCE
265,MACO1,exact,MACO1
266,LDLRAP1,exact,LDLRAP1
267,AL606491.1,unmatched,
268,MAN1C1,exact,MAN1C1
269,AL031280.1,unmatched,
270,SELENON,exact,SELENON
271,AL020996.1,unmatched,
272,MTFR1L,exact,MTFR1L
273,AUNIP,exact,AUNIP
274,AL033528.2,unmatched,
275,PAQR7,exact,PAQR7
276,STMN1,exact,STMN1
277,PAFAH2,exact,PAFAH2
278,EXTL1,exact,EXTL1
279,SLC30A2,exact,SLC30A2
280,PDIK1L,exact,PDIK1L
281,ZNF593,exact,ZNF593
282,CNKSR1,exact,CNKSR1
283,CEP85,exact,CEP85
284,SH3BGRL3,exact,SH3BGRL3
285,UBXN11,exact,UBXN11
286,CD52,exact,CD52
287,CRYBG2,exact,CRYBG2
288,LIN28A,exact,LIN28A
289,DHDDS,exact,DHDDS
290,AL513365.2,unmatched,
291,HMGN2,exact,HMGN2
292,RPS6KA1,exact,RPS6KA1
293,AL512408.1,unmatched,
294,ARID1A,exact,ARID1A
295,PIGV,exact,PIGV
296,ZDHHC18,exact,ZDHHC18
297,GPN2,exact,GPN2
298,GPATCH3,exact,GPATCH3
299,NUDC,exact,NUDC
300,KDF1,exact,KDF1
301,SLC9A1,exact,SLC9A1
302,WDTC1,exact,WDTC1
303,TMEM222,exact,TMEM222
304,SYTL1,exact,SYTL1
305,MAP3K6,exact,MAP3K6
306,WASF2,exact,WASF2
307,FO393419.2,unmatched,
308,BX293535.1,unmatched,
309,AHDC1,exact,AHDC1
310,LINC02574,exact,LINC02574
311,IFI6,exact,IFI6
312,FAM76A,exact,FAM76A
313,STX12,exact,STX12
314,PPP1R8,exact,PPP1R8
315,THEMIS2,exact,THEMIS2
316,RPA2,exact,RPA2
317,SMPDL3B,exact,SMPDL3B
318,AL512288.1,unmatched,
319,XKR8,exact,XKR8
320,EYA3,exact,EYA3
321,PTAFR,exact,PTAFR
322,DNAJC8,exact,DNAJC8
323,ATP5IF1,exact,ATP5IF1
324,AL353622.1,unmatched,
325,SESN2,exact,SESN2
326,MED18,exact,MED18
327,PHACTR4,exact,PHACTR4
328,RCC1,exact,RCC1
329,TRNAU1AP,exact,TRNAU1AP
330,SNHG12,exact,SNHG12
331,TAF12,exact,TAF12
332,RAB42,exact,RAB42
333,LINC01715,unmatched,
334,AL360012.1,unmatched,
335,GMEB1,exact,GMEB1
336,YTHDF2,exact,YTHDF2
337,EPB41,exact,EPB41
338,TMEM200B,exact,TMEM200B
339,SRSF4,exact,SRSF4
340,MECR,exact,MECR
341,MATN1,exact,MATN1
342,MATN1-AS1,exact,MATN1-AS1
343,LAPTM5,exact,LAPTM5
344,PUM1,exact,PUM1
345,SNRNP40,exact,SNRNP40
346,ZCCHC17,exact,ZCCHC17
347,FABP3,exact,FABP3
348,PEF1,exact,PEF1
349,AC114488.3,unmatched,
350,COL16A1,exact,COL16A1
351,AL136115.2,unmatched,
352,PTP4A2,exact,PTP4A2
353,AL136115.1,unmatched,
354,KHDRBS1,exact,KHDRBS1
355,AL445248.1,unmatched,
356,TMEM39B,exact,TMEM39B
357,KPNA6,exact,KPNA6
358,TXLNA,exact,TXLNA
359,CCDC28B,exact,CCDC28B
360,AL049795.1,unmatched,
361,IQCC,exact,IQCC
362,DCDC2B,exact,DCDC2B
363,TMEM234,exact,TMEM234
364,EIF3I,exact,EIF3I
365,FAM167B,exact,FAM167B
366,LCK,exact,LCK
367,HDAC1,exact,HDAC1
368,MARCKSL1,exact,MARCKSL1
369,TSSK3,exact,TSSK3
370,FAM229A,exact,FAM229A
371,BSDC1,exact,BSDC1
372,ZBTB8B,exact,ZBTB8B
373,ZBTB8A,exact,ZBTB8A
374,ZBTB8OS,exact,ZBTB8OS
375,RBBP4,exact,RBBP4
376,SYNC,exact,SYNC
377,KIAA1522,unmatched,
378,YARS,official_alias,YARS
379,S100PBP,exact,S100PBP
380,FNDC5,exact,FNDC5
381,RNF19B,exact,RNF19B
382,AK2,exact,AK2
383,AZIN2,exact,AZIN2
384,TRIM62,exact,TRIM62
385,AL662907.3,unmatched,
386,ZNF362,exact,ZNF362
387,AL513327.3,unmatched,
388,PHC2,exact,PHC2
389,ZSCAN20,exact,ZSCAN20
390,SMIM12,exact,SMIM12
391,DLGAP3,exact,DLGAP3
392,AC114490.3,unmatched,
393,AC114490.2,unmatched,
394,TMEM35B,exact,TMEM35B
395,ZMYM6,exact,ZMYM6
396,ZMYM1,exact,ZMYM1
397,SFPQ,exact,SFPQ
398,ZMYM4,exact,ZMYM4
399,KIAA0319L,exact,KIAA0319L
400,NCDN,exact,NCDN
401,AC004865.2,unmatched,
402,TFAP2E,exact,TFAP2E
403,PSMB2,exact,PSMB2
404,C1orf216,exact,C1orf216
405,CLSPN,exact,CLSPN
406,AGO4,exact,AGO4
407,AGO1,exact,AGO1
408,AL139286.2,unmatched,
409,AGO3,exact,AGO3
410,ADPRHL2,official_alias,ADPRHL2
411,TRAPPC3,exact,TRAPPC3
412,MAP7D1,exact,MAP7D1
413,THRAP3,exact,THRAP3
414,SH3D21,exact,SH3D21
415,EVA1B,exact,EVA1B
416,AL591845.1,unmatched,
417,STK40,exact,STK40
418,LSM10,exact,LSM10
419,OSCP1,exact,OSCP1
420,MRPS15,exact,MRPS15
421,CSF3R,exact,CSF3R
422,LINC01137,unmatched,
423,ZC3H12A,exact,ZC3H12A
424,MEAF6,exact,MEAF6
425,SNIP1,exact,SNIP1
426,GNL2,exact,GNL2
427,C1orf109,unmatched,
428,CDCA8,exact,CDCA8
429,MANEAL,exact,MANEAL
430,YRDC,exact,YRDC
431,C1orf122,exact,C1orf122
432,MTF1,exact,MTF1
433,AL929472.2,unmatched,
434,INPP5B,exact,INPP5B
435,SF3A3,exact,SF3A3
436,FHL3,exact,FHL3
437,UTP11,exact,UTP11
438,POU3F1,exact,POU3F1
439,RRAGC,exact,RRAGC
440,AL139260.1,unmatched,
441,MYCBP,exact,MYCBP
442,RHBDL2,exact,RHBDL2
443,AKIRIN1,exact,AKIRIN1
444,NDUFS5,exact,NDUFS5
445,MACF1,exact,MACF1
446,PABPC4,exact,PABPC4
447,HPCAL4,exact,HPCAL4
448,PPIE,exact,PPIE
449,BMP8B,exact,BMP8B
450,AL033527.3,unmatched,
451,AL033527.5,unmatched,
452,TRIT1,exact,TRIT1
453,MFSD2A,exact,MFSD2A
454,CAP1,exact,CAP1
455,PPT1,exact,PPT1
456,RLF,exact,RLF
457,AL050341.2,unmatched,
458,ZMPSTE24,exact,ZMPSTE24
459,COL9A2,exact,COL9A2
460,SMAP2,exact,SMAP2
461,ZFP69B,exact,ZFP69B
462,ZFP69,exact,ZFP69
463,AL603839.3,unmatched,
464,EXO5,exact,EXO5
465,ZNF684,exact,ZNF684
466,RIMS3,exact,RIMS3
467,NFYC-AS1,exact,NFYC-AS1
468,NFYC,exact,NFYC
469,CITED4,exact,CITED4
470,CTPS1,exact,CTPS1
471,SLFNL1-AS1,exact,SLFNL1-AS1
472,SLFNL1,exact,SLFNL1
473,SCMH1,exact,SCMH1
474,HIVEP3,exact,HIVEP3
475,FOXJ3,exact,FOXJ3
476,ZMYND12,exact,ZMYND12
477,PPCS,exact,PPCS
478,CCDC30,exact,CCDC30
479,PPIH,exact,PPIH
480,AC098484.2,unmatched,
481,YBX1,exact,YBX1
482,P3H1,exact,P3H1
483,C1orf50,exact,C1orf50
484,TMEM269,exact,TMEM269
485,SVBP,exact,SVBP
486,ERMAP,exact,ERMAP
487,AL512353.1,unmatched,
488,ZNF691,exact,ZNF691
489,SLC2A1,exact,SLC2A1
490,SLC2A1-AS1,unmatched,
491,EBNA1BP2,exact,EBNA1BP2
492,TIE1,exact,TIE1
493,AL139289.2,unmatched,
494,CDC20,exact,CDC20
495,ELOVL1,exact,ELOVL1
496,MED8,exact,MED8
497,SZT2,exact,SZT2
498,HYI,exact,HYI
499,PTPRF,exact,PTPRF
500,AL451062.3,unmatched,
501,KDM4A,exact,KDM4A
502,KDM4A-AS1,exact,KDM4A-AS1
503,ST3GAL3,exact,ST3GAL3
504,AL357079.1,unmatched,
505,IPO13,exact,IPO13
506,DPH2,exact,DPH2
507,ATP6V0B,exact,ATP6V0B
508,AL139220.2,unmatched,
509,DMAP1,exact,DMAP1
510,ERI3,exact,ERI3
511,RNF220,exact,RNF220
512,TMEM53,exact,TMEM53
513,ARMH1,exact,ARMH1
514,AL592166.1,unmatched,
515,RPS8,exact,RPS8
516,BEST4,exact,BEST4
517,PLK3,exact,PLK3
518,BTBD19,exact,BTBD19
519,PTCH2,exact,PTCH2
520,EIF2B3,exact,EIF2B3
521,HECTD3,exact,HECTD3
522,UROD,exact,UROD
523,ZSWIM5,exact,ZSWIM5
524,LINC01144,exact,LINC01144
525,HPDL,exact,HPDL
526,MUTYH,exact,MUTYH
527,TOE1,exact,TOE1
528,TESK2,exact,TESK2
529,CCDC163,exact,CCDC163
530,MMACHC,exact,MMACHC
531,PRDX1,exact,PRDX1
532,AKR1A1,exact,AKR1A1
533,NASP,exact,NASP
534,CCDC17,exact,CCDC17
535,GPBP1L1,exact,GPBP1L1
536,TMEM69,exact,TMEM69
537,IPP,exact,IPP
538,MAST2,exact,MAST2
539,PIK3R3,exact,PIK3R3
540,POMGNT1,exact,POMGNT1
541,LURAP1,exact,LURAP1
542,RAD54L,exact,RAD54L
543,LRRC41,exact,LRRC41
544,UQCRH,exact,UQCRH
545,NSUN4,exact,NSUN4
546,FAAH,exact,FAAH
547,MKNK1,exact,MKNK1
548,MOB3C,exact,MOB3C
549,ATPAF1,exact,ATPAF1
550,EFCAB14,exact,EFCAB14
551,STIL,exact,STIL
552,CMPK1,exact,CMPK1
553,FOXD2-AS1,exact,FOXD2-AS1
554,FOXD2,exact,FOXD2
555,SPATA6,exact,SPATA6
556,BEND5,exact,BEND5
557,FAF1,exact,FAF1
558,CDKN2C,exact,CDKN2C
559,LINC01562,exact,LINC01562
560,RNF11,exact,RNF11
561,AL162430.2,unmatched,
562,EPS15,exact,EPS15
563,OSBPL9,exact,OSBPL9
564,NRDC,exact,NRDC
565,AL050343.1,unmatched,
566,RAB3B,exact,RAB3B
567,TXNDC12,exact,TXNDC12
568,KTI12,exact,KTI12
569,BTF3L4,exact,BTF3L4
570,ZFYVE9,exact,ZFYVE9
571,CC2D1B,exact,CC2D1B
572,ORC1,exact,ORC1
573,PRPF38A,exact,PRPF38A
574,TUT4,exact,TUT4
575,GPX7,exact,GPX7
576,SHISAL2A,exact,SHISAL2A
577,COA7,exact,COA7
578,ZYG11B,exact,ZYG11B
579,ZYG11A,exact,ZYG11A
580,ECHDC2,exact,ECHDC2
581,SCP2,exact,SCP2
582,CPT2,exact,CPT2
583,AL606760.2,unmatched,
584,C1orf123,official_alias,C1orf123
585,AL606760.3,unmatched,
586,MAGOH,exact,MAGOH
587,AL606760.1,unmatched,
588,LRP8,exact,LRP8
589,LINC01771,unmatched,
590,AC119428.2,unmatched,
591,NDC1,exact,NDC1
592,YIPF1,exact,YIPF1
593,HSPB11,official_alias,HSPB11
594,LRRC42,exact,LRRC42
595,TMEM59,exact,TMEM59
596,TCEANC2,exact,TCEANC2
597,CYB5RL,exact,CYB5RL
598,MRPL37,exact,MRPL37
599,SSBP3,exact,SSBP3
600,SSBP3-AS1,exact,SSBP3-AS1
601,AL161644.1,unmatched,
602,ACOT11,exact,ACOT11
603,TTC4,exact,TTC4
604,PARS2,exact,PARS2
605,TTC22,exact,TTC22
606,DHCR24,exact,DHCR24
607,USP24,exact,USP24
608,MIR4422HG,exact,MIR4422HG
609,DAB1,exact,DAB1
610,OMA1,exact,OMA1
611,MYSM1,exact,MYSM1
612,JUN,exact,JUN
613,LINC01358,exact,LINC01358
614,FGGY,exact,FGGY
615,HOOK1,exact,HOOK1
616,CYP2J2,exact,CYP2J2
617,NFIA,exact,NFIA
618,TM2D1,exact,TM2D1
619,AC099791.2,unmatched,
620,PATJ,exact,PATJ
621,L1TD1,exact,L1TD1
622,USP1,exact,USP1
623,DOCK7,exact,DOCK7
624,AC103923.1,unmatched,
625,ATG4C,exact,ATG4C
626,ALG6,exact,ALG6
627,ITGB3BP,exact,ITGB3BP
628,EFCAB7,exact,EFCAB7
629,PGM1,exact,PGM1
630,CACHD1,exact,CACHD1
631,RAVER2,exact,RAVER2
632,JAK1,exact,JAK1
633,AL357078.3,unmatched,
634,AL357078.1,unmatched,
635,AK4,exact,AK4
636,DNAJC6,exact,DNAJC6
637,LEPROT,exact,LEPROT
638,LEPR,exact,LEPR
639,PDE4B,exact,PDE4B
640,WDR78,official_alias,WDR78
641,MIER1,exact,MIER1
642,SLC35D1,exact,SLC35D1
643,IL12RB2,exact,IL12RB2
644,SERBP1,exact,SERBP1
645,GADD45A,exact,GADD45A
646,LRRC7,exact,LRRC7
647,LRRC40,exact,LRRC40
648,SRSF11,exact,SRSF11
649,AL353771.1,unmatched,
650,ANKRD13C,exact,ANKRD13C
651,HHLA3,unmatched,
652,CTH,exact,CTH
653,ZRANB2-AS1,exact,ZRANB2-AS1
654,ZRANB2,exact,ZRANB2
655,LRRIQ3,exact,LRRIQ3
656,FPGT,exact,FPGT
657,FPGT-TNNI3K,exact,FPGT-TNNI3K
658,AC135803.1,unmatched,
659,CRYZ,exact,CRYZ
660,TYW3,exact,TYW3
661,SLC44A5,exact,SLC44A5
662,ACADM,exact,ACADM
663,RABGGTB,exact,RABGGTB
664,ST6GALNAC3,exact,ST6GALNAC3
665,AC104458.1,unmatched,
666,PIGK,exact,PIGK
667,AK5,exact,AK5
668,AC118549.1,unmatched,
669,USP33,exact,USP33
670,MIGA1,exact,MIGA1
671,NEXN-AS1,exact,NEXN-AS1
672,NEXN,exact,NEXN
673,FUBP1,exact,FUBP1
674,DNAJB4,exact,DNAJB4
675,AC103591.3,unmatched,
676,IFI44L,exact,IFI44L
677,IFI44,exact,IFI44
678,LINC01725,exact,LINC01725
679,TTLL7,exact,TTLL7
680,AL359504.2,unmatched,
681,PRKACB,exact,PRKACB
682,SAMD13,exact,SAMD13
683,RPF1,exact,RPF1
684,GNG5,exact,GNG5
685,SPATA1,exact,SPATA1
686,CTBS,exact,CTBS
687,SSX2IP,exact,SSX2IP
688,MCOLN2,exact,MCOLN2
689,WDR63,official_alias,WDR63
690,MCOLN3,exact,MCOLN3
691,SYDE2,exact,SYDE2
692,C1orf52,exact,C1orf52
693,BCL10,exact,BCL10
694,AL078459.1,unmatched,
695,ZNHIT6,exact,ZNHIT6
696,AL136382.1,unmatched,
697,ODF2L,exact,ODF2L
698,AL049597.2,unmatched,
699,SH3GLB1,exact,SH3GLB1
700,SELENOF,exact,SELENOF
701,HS2ST1,exact,HS2ST1
702,LMO4,exact,LMO4
703,PKN2-AS1,exact,PKN2-AS1
704,PKN2,exact,PKN2
705,GTF2B,exact,GTF2B
706,KYAT3,exact,KYAT3
707,RBMXL1,exact,RBMXL1
708,GBP3,exact,GBP3
709,GBP1,exact,GBP1
710,GBP2,exact,GBP2
711,GBP7,exact,GBP7
712,GBP4,exact,GBP4
713,AC099063.4,unmatched,
714,GBP5,exact,GBP5
715,GBP6,exact,GBP6
716,LRRC8B,exact,LRRC8B
717,LRRC8C-DT,exact,LRRC8C-DT
718,LRRC8C,exact,LRRC8C
719,AC099568.2,unmatched,
720,LRRC8D,exact,LRRC8D
721,AL391497.1,unmatched,
722,ZNF326,exact,ZNF326
723,ZNF644,exact,ZNF644
724,CDC7,exact,CDC7
725,TGFBR3,exact,TGFBR3
726,BTBD8,exact,BTBD8
727,AC104836.1,unmatched,
728,GLMN,exact,GLMN
729,RPAP2,exact,RPAP2
730,GFI1,exact,GFI1
731,EVI5,exact,EVI5
732,RPL5,exact,RPL5
733,FAM69A,official_alias,FAM69A
734,MTF2,exact,MTF2
735,TMED5,exact,TMED5
736,CCDC18,exact,CCDC18
737,DR1,exact,DR1
738,FNBP1L,exact,FNBP1L
739,BCAR3,exact,BCAR3
740,DNTTIP2,exact,DNTTIP2
741,GCLM,exact,GCLM
742,ABCD3,exact,ABCD3
743,CNN3,exact,CNN3
744,AC105942.1,unmatched,
745,ALG14,exact,ALG14
746,TMEM56-RWDD3,official_alias,TMEM56-RWDD3
747,RWDD3,exact,RWDD3
748,PTBP2,exact,PTBP2
749,DPYD,exact,DPYD
750,DPYD-AS1,exact,DPYD-AS1
751,FRRS1,exact,FRRS1
752,AGL,exact,AGL
753,AC118553.1,unmatched,
754,SLC35A3,exact,SLC35A3
755,AC118553.2,unmatched,
756,MFSD14A,exact,MFSD14A
757,SASS6,exact,SASS6
758,TRMT13,exact,TRMT13
759,LRRC39,exact,LRRC39
760,DBT,exact,DBT
761,RTCA-AS1,exact,RTCA-AS1
762,RTCA,exact,RTCA
763,CDC14A,exact,CDC14A
764,EXTL2,exact,EXTL2
765,AC104506.1,unmatched,
766,SLC30A7,exact,SLC30A7
767,DPH5,exact,DPH5
768,AC093157.2,unmatched,
769,AC093157.1,unmatched,
770,AL109741.1,unmatched,
771,S1PR1,exact,S1PR1
772,RNPC3,exact,RNPC3
773,AMY2B,exact,AMY2B
774,AL355306.2,unmatched,
775,PRMT6,exact,PRMT6
776,VAV3,exact,VAV3
777,SLC25A24,exact,SLC25A24
778,AL359258.2,unmatched,
779,FAM102B,unmatched,
780,HENMT1,exact,HENMT1
781,PRPF38B,exact,PRPF38B
782,FNDC7,exact,FNDC7
783,STXBP3,exact,STXBP3
784,AL449266.1,unmatched,
785,GPSM2,exact,GPSM2
786,CLCC1,exact,CLCC1
787,WDR47,exact,WDR47
788,TAF13,exact,TAF13
789,AL356488.3,unmatched,
790,TMEM167B,exact,TMEM167B
791,AL356488.2,unmatched,
792,C1orf194,unmatched,
793,KIAA1324,official_alias,KIAA1324
794,SARS,official_alias,SARS
795,CELSR2,exact,CELSR2
796,SORT1,exact,SORT1
797,PSMA5,exact,PSMA5
798,ATXN7L2,exact,ATXN7L2
799,CYB561D1,exact,CYB561D1
800,AMIGO1,exact,AMIGO1
801,GNAI3,exact,GNAI3
802,AMPD2,exact,AMPD2
803,GSTM4,exact,GSTM4
804,GSTM2,exact,GSTM2
805,GSTM3,exact,GSTM3
806,AHCYL1,exact,AHCYL1
807,STRIP1,exact,STRIP1
808,AL160006.1,unmatched,
809,ALX3,exact,ALX3
810,LINC02586,unmatched,
811,KCNC4,exact,KCNC4
812,RBM15-AS1,exact,RBM15-AS1
813,RBM15,exact,RBM15
814,SLC16A4,exact,SLC16A4
815,AL355488.1,unmatched,
816,LAMTOR5,exact,LAMTOR5
817,AL365361.1,unmatched,
818,KCNA3,exact,KCNA3
819,CD53,exact,CD53
820,AL360270.1,unmatched,
821,LRIF1,exact,LRIF1
822,AL360270.3,unmatched,
823,DRAM2,exact,DRAM2
824,CEPT1,exact,CEPT1
825,AL355816.1,unmatched,
826,AL355816.2,unmatched,
827,DENND2D,exact,DENND2D
828,CHI3L2,exact,CHI3L2
829,PIFO,unmatched,
830,OVGP1,exact,OVGP1
831,WDR77,exact,WDR77
832,ATP5PB,exact,ATP5PB
833,C1orf162,exact,C1orf162
834,RAP1A,exact,RAP1A
835,DDX20,exact,DDX20
836,KCND3,exact,KCND3
837,WNT2B,exact,WNT2B
838,ST7L,exact,ST7L
839,CAPZA1,exact,CAPZA1
840,MOV10,exact,MOV10
841,AL603832.1,unmatched,
842,RHOC,exact,RHOC
843,SLC16A1,exact,SLC16A1
844,SLC16A1-AS1,exact,SLC16A1-AS1
845,AL357055.3,unmatched,
846,LRIG2,exact,LRIG2
847,MAGI3,exact,MAGI3
848,PHTF1,exact,PHTF1
849,RSBN1,exact,RSBN1
850,PTPN22,exact,PTPN22
851,AP4B1-AS1,exact,AP4B1-AS1
852,BCL2L15,exact,BCL2L15
853,AP4B1,exact,AP4B1
854,DCLRE1B,exact,DCLRE1B
855,HIPK1-AS1,exact,HIPK1-AS1
856,HIPK1,exact,HIPK1
857,TRIM33,exact,TRIM33
858,BCAS2,exact,BCAS2
859,DENND2C,exact,DENND2C
860,NRAS,exact,NRAS
861,CSDE1,exact,CSDE1
862,SIKE1,exact,SIKE1
863,TSPAN2,exact,TSPAN2
864,LINC01765,exact,LINC01765
865,VANGL1,exact,VANGL1
866,ATP1A1,exact,ATP1A1
867,CD58,exact,CD58
868,CD2,exact,CD2
869,PTGFRN,exact,PTGFRN
870,CD101,exact,CD101
871,AL445231.1,unmatched,
872,TTF2,exact,TTF2
873,TRIM45,exact,TRIM45
874,AL358072.1,unmatched,
875,MAN1A2,exact,MAN1A2
876,TENT5C,exact,TENT5C
877,GDAP2,exact,GDAP2
878,WDR3,exact,WDR3
879,WARS2,exact,WARS2
880,WARS2-IT1,exact,WARS2-IT1
881,AL359915.2,unmatched,
882,PHGDH,exact,PHGDH
883,REG4,exact,REG4
884,NOTCH2,exact,NOTCH2
885,SEC22B,exact,SEC22B
886,NBPF26,exact,NBPF26
887,LINC00623,exact,LINC00623
888,SRGAP2C,exact,SRGAP2C
889,AL592494.1,unmatched,
890,AL592494.3,unmatched,
891,AC239800.2,unmatched,
892,AC239800.3,unmatched,
893,AC239798.2,unmatched,
894,AC245595.1,unmatched,
895,PPIAL4E,exact,PPIAL4E
896,AC246785.3,unmatched,
897,NBPF15,exact,NBPF15
898,SRGAP2B,exact,SRGAP2B
899,AC245014.3,unmatched,
900,AC245014.1,unmatched,
901,NBPF20,exact,NBPF20
902,GPR89A,exact,GPR89A
903,PDZK1,exact,PDZK1
904,CD160,exact,CD160
905,RNF115,exact,RNF115
906,POLR3C,exact,POLR3C
907,NUDT17,exact,NUDT17
908,PIAS3,exact,PIAS3
909,ANKRD35,exact,ANKRD35
910,ITGA10,exact,ITGA10
911,PEX11B,exact,PEX11B
912,RBM8A,exact,RBM8A
913,LIX1L-AS1,exact,LIX1L-AS1
914,LIX1L,exact,LIX1L
915,ANKRD34A,exact,ANKRD34A
916,POLR3GL,exact,POLR3GL
917,TXNIP,exact,TXNIP
918,NBPF10,exact,NBPF10
919,NOTCH2NL,official_alias,NOTCH2NL
920,AC239799.2,unmatched,
921,AC243756.1,unmatched,
922,NBPF12,exact,NBPF12
923,PRKAB2,exact,PRKAB2
924,AC242426.2,unmatched,
925,FMO5,exact,FMO5
926,CHD1L,exact,CHD1L
927,LINC00624,exact,LINC00624
928,BCL9,exact,BCL9
929,ACP6,exact,ACP6
930,GPR89B,exact,GPR89B
931,AC239803.2,unmatched,
932,AC239803.3,unmatched,
933,NBPF11,exact,NBPF11
934,AC239809.3,unmatched,
935,AC245100.7,unmatched,
936,PPIAL4G,exact,PPIAL4G
937,NBPF14,exact,NBPF14
938,NUDT4B,exact,NUDT4B
939,PDE4DIP,exact,PDE4DIP
940,NBPF9,exact,NBPF9
941,AC245297.3,unmatched,
942,AC245297.2,unmatched,
943,NBPF19,exact,NBPF19
944,HIST2H2BF,official_alias,HIST2H2BF
945,HIST2H4A,official_alias,HIST2H4A
946,AC239868.3,unmatched,
947,AC239868.2,unmatched,
948,HIST2H2BE,official_alias,HIST2H2BE
949,HIST2H2AC,official_alias,HIST2H2AC
950,HIST2H2AB,official_alias,HIST2H2AB
951,BOLA1,exact,BOLA1
952,SV2A,exact,SV2A
953,SF3B4,exact,SF3B4
954,OTUD7B,exact,OTUD7B
955,VPS45,exact,VPS45
956,PLEKHO1,exact,PLEKHO1
957,ANP32E,exact,ANP32E
958,CA14,exact,CA14
959,APH1A,exact,APH1A
960,C1orf54,exact,C1orf54
961,MRPS21,exact,MRPS21
962,PRPF3,exact,PRPF3
963,RPRD2,exact,RPRD2
964,TARS2,exact,TARS2
965,ECM1,exact,ECM1
966,FALEC,exact,FALEC
967,ADAMTSL4,exact,ADAMTSL4
968,MCL1,exact,MCL1
969,ENSA,exact,ENSA
970,GOLPH3L,exact,GOLPH3L
971,CTSS,exact,CTSS
972,CTSK,exact,CTSK
973,ARNT,exact,ARNT
974,SETDB1,exact,SETDB1
975,CERS2,exact,CERS2
976,AL590133.2,unmatched,
977,AL590133.1,unmatched,
978,MINDY1,exact,MINDY1
979,PRUNE1,exact,PRUNE1
980,BNIPL,exact,BNIPL
981,C1orf56,exact,C1orf56
982,CDC42SE1,exact,CDC42SE1
983,MLLT11,exact,MLLT11
984,GABPB2,exact,GABPB2
985,SEMA6C,exact,SEMA6C
986,TNFAIP8L2,exact,TNFAIP8L2
987,SCNM1,exact,SCNM1
988,LYSMD1,exact,LYSMD1
989,VPS72,exact,VPS72
990,PIP5K1A,exact,PIP5K1A
991,PSMD4,exact,PSMD4
992,AL391069.2,unmatched,
993,ZNF687,exact,ZNF687
994,PI4KB,exact,PI4KB
995,RFX5,exact,RFX5
996,AL391069.3,unmatched,
997,PSMB4,exact,PSMB4
998,POGZ,exact,POGZ
999,CGN,exact,CGN
1000,TUFT1,exact,TUFT1
1001,SNX27,exact,SNX27
1002,AL391335.1,unmatched,
1003,MRPL9,exact,MRPL9
1004,AL589765.5,unmatched,
1005,TDRKH,exact,TDRKH
1006,TDRKH-AS1,exact,TDRKH-AS1
1007,AL589765.6,unmatched,
1008,THEM4,exact,THEM4
1009,S100A10,exact,S100A10
1010,AL450992.1,unmatched,
1011,S100A11,exact,S100A11
1012,LINC01527,exact,LINC01527
1013,S100A9,exact,S100A9
1014,S100A6,exact,S100A6
1015,S100A5,exact,S100A5
1016,S100A4,exact,S100A4
1017,S100A13,exact,S100A13
1018,AL162258.2,unmatched,
1019,CHTOP,exact,CHTOP
1020,SNAPIN,exact,SNAPIN
1021,ILF2,exact,ILF2
1022,INTS3,exact,INTS3
1023,SLC27A3,exact,SLC27A3
1024,GATAD2B,exact,GATAD2B
1025,AL358472.5,unmatched,
1026,DENND4B,exact,DENND4B
1027,CRTC2,exact,CRTC2
1028,SLC39A1,exact,SLC39A1
1029,AL358472.4,unmatched,
1030,CREB3L4,exact,CREB3L4
1031,JTB,exact,JTB
1032,AL358472.2,unmatched,
1033,RAB13,exact,RAB13
1034,RPS27,exact,RPS27
1035,NUP210L,exact,NUP210L
1036,TPM3,exact,TPM3
1037,C1orf43,exact,C1orf43
1038,UBAP2L,exact,UBAP2L
1039,HAX1,exact,HAX1
1040,ATP8B2,exact,ATP8B2
1041,IL6R-AS1,exact,IL6R-AS1
1042,IL6R,exact,IL6R
1043,UBE2Q1,exact,UBE2Q1
1044,CHRNB2,exact,CHRNB2
1045,ADAR,exact,ADAR
1046,PMVK,exact,PMVK
1047,AL451085.1,unmatched,
1048,PBXIP1,exact,PBXIP1
1049,PYGO2,exact,PYGO2
1050,AL451085.2,unmatched,
1051,SHC1,exact,SHC1
1052,CKS1B,exact,CKS1B
1053,FLAD1,exact,FLAD1
1054,ZBTB7B,exact,ZBTB7B
1055,DCST2,exact,DCST2
1056,DCST1-AS1,exact,DCST1-AS1
1057,ADAM15,exact,ADAM15
1058,EFNA4,exact,EFNA4
1059,EFNA3,exact,EFNA3
1060,EFNA1,exact,EFNA1
1061,SLC50A1,exact,SLC50A1
1062,DPM3,exact,DPM3
1063,KRTCAP2,exact,KRTCAP2
1064,TRIM46,exact,TRIM46
1065,MUC1,exact,MUC1
1066,THBS3,exact,THBS3
1067,MTX1,exact,MTX1
1068,GBA,unmatched,
1069,FAM189B,unmatched,
1070,SCAMP3,exact,SCAMP3
1071,CLK2,exact,CLK2
1072,HCN3,exact,HCN3
1073,FDPS,exact,FDPS
1074,RUSC1-AS1,exact,RUSC1-AS1
1075,RUSC1,exact,RUSC1
1076,ASH1L,exact,ASH1L
1077,ASH1L-AS1,exact,ASH1L-AS1
1078,MSTO1,exact,MSTO1
1079,YY1AP1,exact,YY1AP1
1080,DAP3,exact,DAP3
1081,GON4L,exact,GON4L
1082,SYT11,exact,SYT11
1083,RIT1,exact,RIT1
1084,KHDC4,exact,KHDC4
1085,ARHGEF2,exact,ARHGEF2
1086,AL355388.2,unmatched,
1087,SSR2,exact,SSR2
1088,UBQLN4,exact,UBQLN4
1089,LAMTOR2,exact,LAMTOR2
1090,RAB25,exact,RAB25
1091,MEX3A,exact,MEX3A
1092,SLC25A44,exact,SLC25A44
1093,PMF1-BGLAP,exact,PMF1-BGLAP
1094,PMF1,exact,PMF1
1095,BGLAP,exact,BGLAP
1096,PAQR6,exact,PAQR6
1097,SMG5,exact,SMG5
1098,TMEM79,exact,TMEM79
1099,GLMP,exact,GLMP
1100,VHLL,exact,VHLL
1101,CCT3,exact,CCT3
1102,TSACC,exact,TSACC
1103,AL139412.1,unmatched,
1104,MEF2D,exact,MEF2D
1105,AL365181.1,unmatched,
1106,TTC24,exact,TTC24
1107,NAXE,exact,NAXE
1108,GPATCH4,exact,GPATCH4
1109,AL590666.3,unmatched,
1110,ISG20L2,exact,ISG20L2
1111,RRNAD1,unmatched,
1112,MRPL24,exact,MRPL24
1113,HDGF,exact,HDGF
1114,PRCC,exact,PRCC
1115,SH2D2A,exact,SH2D2A
1116,PEAR1,exact,PEAR1
1117,ARHGEF11,exact,ARHGEF11
1118,ETV3,exact,ETV3
1119,PYHIN1,exact,PYHIN1
1120,IFI16,exact,IFI16
1121,DUSP23,exact,DUSP23
1122,AL590560.1,unmatched,
1123,VSIG8,exact,VSIG8
1124,AL590560.2,unmatched,
1125,CFAP45,exact,CFAP45
1126,TAGLN2,exact,TAGLN2
1127,LINC01133,exact,LINC01133
1128,KCNJ10,exact,KCNJ10
1129,PIGM,exact,PIGM
1130,KCNJ9,exact,KCNJ9
1131,IGSF8,exact,IGSF8
1132,AL121987.2,unmatched,
1133,PEA15,exact,PEA15
1134,DCAF8,exact,DCAF8
1135,AL139011.2,unmatched,
1136,AL139011.1,unmatched,
1137,PEX19,exact,PEX19
1138,COPA,exact,COPA
1139,NCSTN,exact,NCSTN
1140,SLAMF6,exact,SLAMF6
1141,CD84,exact,CD84
1142,SLAMF1,exact,SLAMF1
1143,AL121985.1,unmatched,
1144,CD48,exact,CD48
1145,LY9,exact,LY9
1146,CD244,exact,CD244
1147,F11R,exact,F11R
1148,TSTD1,exact,TSTD1
1149,USF1,exact,USF1
1150,ARHGAP30,exact,ARHGAP30
1151,KLHDC9,exact,KLHDC9
1152,PFDN2,exact,PFDN2
1153,NIT1,exact,NIT1
1154,DEDD,exact,DEDD
1155,UFC1,exact,UFC1
1156,AL590714.1,unmatched,
1157,USP21,exact,USP21
1158,PPOX,exact,PPOX
1159,B4GALT3,exact,B4GALT3
1160,ADAMTS4,exact,ADAMTS4
1161,NDUFS2,exact,NDUFS2
1162,FCER1G,exact,FCER1G
1163,TOMM40L,exact,TOMM40L
1164,NR1I3,exact,NR1I3
1165,MPZ,exact,MPZ
1166,SDHC,exact,SDHC
1167,AL592295.4,unmatched,
1168,FCRLB,exact,FCRLB
1169,DUSP12,exact,DUSP12
1170,ATF6,exact,ATF6
1171,UHMK1,exact,UHMK1
1172,AL596325.1,unmatched,
1173,UAP1,exact,UAP1
1174,DDR2,exact,DDR2
1175,HSD17B7,exact,HSD17B7
1176,RGS5,exact,RGS5
1177,RGS5.1,unmatched,
1178,NUF2,exact,NUF2
1179,PBX1,exact,PBX1
1180,MGST3,exact,MGST3
1181,ALDH9A1,exact,ALDH9A1
1182,AL451074.6,unmatched,
1183,TMCO1,exact,TMCO1
1184,AL451074.2,unmatched,
1185,LINC01675,exact,LINC01675
1186,POGK,exact,POGK
1187,TADA1,exact,TADA1
1188,GPA33,exact,GPA33
1189,AL451050.2,unmatched,
1190,POU2F1,exact,POU2F1
1191,CD247,exact,CD247
1192,AL359962.2,unmatched,
1193,CREG1,exact,CREG1
1194,AL031733.2,unmatched,
1195,RCSD1,exact,RCSD1
1196,MPZL1,exact,MPZL1
1197,MPC2,exact,MPC2
1198,DCAF6,exact,DCAF6
1199,GPR161,exact,GPR161
1200,TIPRL,exact,TIPRL
1201,SFT2D2,exact,SFT2D2
1202,TBX19,exact,TBX19
1203,AL023755.1,unmatched,
1204,ATP1B1,exact,ATP1B1
1205,NME7,exact,NME7
1206,BLZF1,exact,BLZF1
1207,SLC19A2,exact,SLC19A2
1208,AL021068.1,unmatched,
1209,F5,exact,F5
1210,SELP,exact,SELP
1211,C1orf112,official_alias,C1orf112
1212,SELL,exact,SELL
1213,METTL18,exact,METTL18
1214,SCYL3,exact,SCYL3
1215,KIFAP3,exact,KIFAP3
1216,GORAB,exact,GORAB
1217,FMO4,exact,FMO4
1218,PRRC2C,exact,PRRC2C
1219,VAMP4,exact,VAMP4
1220,METTL13,exact,METTL13
1221,DNM3,exact,DNM3
1222,PIGC,exact,PIGC
1223,SUCO,exact,SUCO
1224,TNFSF4,exact,TNFSF4
1225,AL645568.1,unmatched,
1226,PRDX6,exact,PRDX6
1227,KLHL20,exact,KLHL20
1228,CENPL,exact,CENPL
1229,DARS2,exact,DARS2
1230,GAS5-AS1,exact,GAS5-AS1
1231,ZBTB37,exact,ZBTB37
1232,RC3H1,exact,RC3H1
1233,AL121983.2,unmatched,
1234,RABGAP1L,exact,RABGAP1L
1235,GPR52,exact,GPR52
1236,CACYBP,exact,CACYBP
1237,MRPS14,exact,MRPS14
1238,KIAA0040,exact,KIAA0040
1239,COP1,exact,COP1
1240,AL590723.1,unmatched,
1241,AL359265.3,unmatched,
1242,RASAL2,exact,RASAL2
1243,C1orf220,exact,C1orf220
1244,AL449106.1,unmatched,
1245,RALGPS2,exact,RALGPS2
1246,ANGPTL1,exact,ANGPTL1
1247,FAM20B,exact,FAM20B
1248,TOR3A,exact,TOR3A
1249,ABL2,exact,ABL2
1250,SOAT1,exact,SOAT1
1251,AXDND1,exact,AXDND1
1252,TOR1AIP2,exact,TOR1AIP2
1253,AL353708.3,unmatched,
1254,TOR1AIP1,exact,TOR1AIP1
1255,AL353708.1,unmatched,
1256,CEP350,exact,CEP350
1257,QSOX1,exact,QSOX1
1258,LHX4,exact,LHX4
1259,ACBD6,exact,ACBD6
1260,XPR1,exact,XPR1
1261,KIAA1614,exact,KIAA1614
1262,AL162431.2,unmatched,
1263,KIAA1614-AS1,exact,KIAA1614-AS1
1264,STX6,exact,STX6
1265,MR1,exact,MR1
1266,IER5,exact,IER5
1267,GLUL,exact,GLUL
1268,TEDDM1,exact,TEDDM1
1269,RNASEL,exact,RNASEL
1270,RGS16,exact,RGS16
1271,NPL,exact,NPL
1272,DHX9,exact,DHX9
1273,SMG7,exact,SMG7
1274,ARPC5,exact,ARPC5
1275,RGL1,exact,RGL1
1276,TSEN15,exact,TSEN15
1277,C1orf21,exact,C1orf21
1278,EDEM3,exact,EDEM3
1279,FAM129A,official_alias,FAM129A
1280,RNF2,exact,RNF2
1281,TRMT1L,exact,TRMT1L
1282,SWT1,exact,SWT1
1283,IVNS1ABP,exact,IVNS1ABP
1284,AL078644.2,unmatched,
1285,PRG4,exact,PRG4
1286,TPR,exact,TPR
1287,ODR4,exact,ODR4
1288,OCLM,unmatched,
1289,AL596220.1,unmatched,
1290,ERVMER61-1,exact,ERVMER61-1
1291,AL390957.1,unmatched,
1292,RGS1,exact,RGS1
1293,AL136454.1,unmatched,
1294,RGS2,exact,RGS2
1295,UCHL5,exact,UCHL5
1296,TROVE2,official_alias,TROVE2
1297,GLRX2,exact,GLRX2
1298,CDC73,exact,CDC73
1299,B3GALT2,exact,B3GALT2
1300,AL356272.1,unmatched,
1301,ZBTB41,exact,ZBTB41
1302,CRB1,exact,CRB1
1303,DENND1B,exact,DENND1B
1304,NEK7,exact,NEK7
1305,ATP6V1G3,exact,ATP6V1G3
1306,PTPRC,exact,PTPRC
1307,AL157402.2,unmatched,
1308,MIR181A1HG,exact,MIR181A1HG
1309,LINC00862,exact,LINC00862
1310,ZNF281,exact,ZNF281
1311,KIF14,exact,KIF14
1312,DDX59,exact,DDX59
1313,CAMSAP2,exact,CAMSAP2
1314,INAVA,exact,INAVA
1315,KIF21B,exact,KIF21B
1316,ASCL5,exact,ASCL5
1317,TMEM9,exact,TMEM9
1318,CSRP1,exact,CSRP1
1319,AC096677.1,unmatched,
1320,NAV1,exact,NAV1
1321,IPO9-AS1,exact,IPO9-AS1
1322,IPO9,exact,IPO9
1323,TIMM17A,exact,TIMM17A
1324,RNPEP,exact,RNPEP
1325,ELF3,exact,ELF3
1326,GPR37L1,exact,GPR37L1
1327,ARL8A,exact,ARL8A
1328,PTPN7,exact,PTPN7
1329,UBE2T,exact,UBE2T
1330,PPP1R12B,exact,PPP1R12B
1331,SYT2,exact,SYT2
1332,AC104463.2,unmatched,
1333,KDM5B,exact,KDM5B
1334,PCAT6,exact,PCAT6
1335,RABIF,exact,RABIF
1336,KLHL12,exact,KLHL12
1337,ADIPOR1,exact,ADIPOR1
1338,CYB5R1,exact,CYB5R1
1339,TMEM183A,exact,TMEM183A
1340,PPFIA4,exact,PPFIA4
1341,LINC01353,exact,LINC01353
1342,LINC01136,unmatched,
1343,BTG2,exact,BTG2
1344,ATP2B4,exact,ATP2B4
1345,LAX1,exact,LAX1
1346,ZC3H11A,exact,ZC3H11A
1347,ZBED6,exact,ZBED6
1348,SNRPE,exact,SNRPE
1349,SOX13,exact,SOX13
1350,ETNK2,exact,ETNK2
1351,GOLT1A,exact,GOLT1A
1352,PLEKHA6,exact,PLEKHA6
1353,PPP1R15B,exact,PPP1R15B
1354,PIK3C2B,exact,PIK3C2B
1355,MDM4,exact,MDM4
1356,AL512306.3,unmatched,
1357,LRRN2,exact,LRRN2
1358,AL512306.2,unmatched,
1359,CNTN2,exact,CNTN2
1360,TMEM81,exact,TMEM81
1361,RBBP5,exact,RBBP5
1362,DSTYK,exact,DSTYK
1363,TMCC2,exact,TMCC2
1364,NUAK2,exact,NUAK2
1365,AC098936.1,unmatched,
1366,CDK18,exact,CDK18
1367,MFSD4A,exact,MFSD4A
1368,ELK4,exact,ELK4
1369,NUCKS1,exact,NUCKS1
1370,RAB29,exact,RAB29
1371,SLC41A1,exact,SLC41A1
1372,PM20D1,exact,PM20D1
1373,SRGAP2,exact,SRGAP2
1374,IKBKE,exact,IKBKE
1375,AC244034.2,unmatched,
1376,RASSF5,exact,RASSF5
1377,EIF2D,exact,EIF2D
1378,MAPKAPK2,exact,MAPKAPK2
1379,IL10,exact,IL10
1380,IL20,exact,IL20
1381,IL24,exact,IL24
1382,FCMR,exact,FCMR
1383,PFKFB2,exact,PFKFB2
1384,YOD1,exact,YOD1
1385,C4BPB,exact,C4BPB
1386,CD55,exact,CD55
1387,CR2,exact,CR2
1388,CR1,exact,CR1
1389,CD46,exact,CD46
1390,MIR29B2CHG,exact,MIR29B2CHG
1391,CD34,exact,CD34
1392,AL031316.1,unmatched,
1393,TRAF3IP3,exact,TRAF3IP3
1394,C1orf74,exact,C1orf74
1395,IRF6,exact,IRF6
1396,UTP25,exact,UTP25
1397,HHAT,exact,HHAT
1398,RCOR3,exact,RCOR3
1399,TRAF5,exact,TRAF5
1400,LINC00467,exact,LINC00467
1401,SLC30A1,exact,SLC30A1
1402,LPGAT1,exact,LPGAT1
1403,INTS7,exact,INTS7
1404,PPP2R5A,exact,PPP2R5A
1405,AL360091.3,unmatched,
1406,TMEM206,official_alias,TMEM206
1407,NENF,exact,NENF
1408,AC092803.2,unmatched,
1409,BATF3,exact,BATF3
1410,NSL1,exact,NSL1
1411,TATDN3,exact,TATDN3
1412,FLVCR1-DT,exact,FLVCR1-DT
1413,FLVCR1,exact,FLVCR1
1414,VASH2,exact,VASH2
1415,ANGEL2,exact,ANGEL2
1416,RPS6KC1,exact,RPS6KC1
1417,SMYD2,exact,SMYD2
1418,PTPN14,exact,PTPN14
1419,CENPF,exact,CENPF
1420,KCTD3,exact,KCTD3
1421,ESRRG,exact,ESRRG
1422,GPATCH2,exact,GPATCH2
1423,RRP15,exact,RRP15
1424,LYPLAL1-DT,exact,LYPLAL1-DT
1425,LYPLAL1,exact,LYPLAL1
1426,AC096642.1,unmatched,
1427,ZC3H11B,exact,ZC3H11B
1428,EPRS,official_alias,EPRS
1429,BPNT1,exact,BPNT1
1430,IARS2,exact,IARS2
1431,RAB3GAP2,exact,RAB3GAP2
1432,C1orf115,exact,C1orf115
1433,DUSP10,exact,DUSP10
1434,AL513314.2,unmatched,
1435,TAF1A,exact,TAF1A
1436,TAF1A-AS1,exact,TAF1A-AS1
1437,MIA3,exact,MIA3
1438,AL592148.3,unmatched,
1439,AIDA,exact,AIDA
1440,BROX,exact,BROX
1441,AL392172.1,unmatched,
1442,DISP1,exact,DISP1
1443,TLR5,exact,TLR5
1444,SUSD4,exact,SUSD4
1445,CAPN8,exact,CAPN8
1446,CAPN2,exact,CAPN2
1447,TP53BP2,exact,TP53BP2
1448,AC138393.3,unmatched,
1449,FBXO28,exact,FBXO28
1450,DEGS1,exact,DEGS1
1451,AC092809.4,unmatched,
1452,NVL,exact,NVL
1453,CNIH4,exact,CNIH4
1454,WDR26,exact,WDR26
1455,CNIH3,exact,CNIH3
1456,DNAH14,exact,DNAH14
1457,LBR,exact,LBR
1458,ENAH,exact,ENAH
1459,SRP9,exact,SRP9
1460,EPHX1,exact,EPHX1
1461,AL591895.1,unmatched,
1462,TMEM63A,exact,TMEM63A
1463,PYCR2,exact,PYCR2
1464,SDE2,exact,SDE2
1465,AL512343.2,unmatched,
1466,H3F3A,official_alias,H3F3A
1467,LINC01703,exact,LINC01703
1468,ACBD3,exact,ACBD3
1469,MIXL1,exact,MIXL1
1470,LIN9,exact,LIN9
1471,PARP1,exact,PARP1
1472,ITPKB,exact,ITPKB
1473,ITPKB-AS1,exact,ITPKB-AS1
1474,COQ8A,exact,COQ8A
1475,CDC42BPA,exact,CDC42BPA
1476,ZNF678,exact,ZNF678
1477,SNAP47,exact,SNAP47
1478,JMJD4,exact,JMJD4
1479,AL136379.1,unmatched,
1480,ARF1,exact,ARF1
1481,C1orf35,exact,C1orf35
1482,MRPL55,exact,MRPL55
1483,GUK1,exact,GUK1
1484,IBA57-DT,exact,IBA57-DT
1485,IBA57,exact,IBA57
1486,OBSCN-AS1,exact,OBSCN-AS1
1487,OBSCN,exact,OBSCN
1488,AL353593.1,unmatched,
1489,TRIM11,exact,TRIM11
1490,TRIM17,exact,TRIM17
1491,HIST3H2A,unmatched,
1492,HIST3H2BB,unmatched,
1493,RNF187,exact,RNF187
1494,RHOU,exact,RHOU
1495,RAB4A,exact,RAB4A
1496,AL117350.1,unmatched,
1497,CCSAP,exact,CCSAP
1498,NUP133,exact,NUP133
1499,ABCB10,exact,ABCB10
1500,TAF5L,exact,TAF5L
1501,URB2,exact,URB2
1502,GALNT2,exact,GALNT2
1503,COG2,exact,COG2
1504,C1orf198,exact,C1orf198
1505,TTC13,exact,TTC13
1506,ARV1,exact,ARV1
1507,FAM89A,exact,FAM89A
1508,C1orf131,exact,C1orf131
1509,GNPAT,exact,GNPAT
1510,EXOC8,exact,EXOC8
1511,SPRTN,exact,SPRTN
1512,EGLN1,exact,EGLN1
1513,AL445524.1,unmatched,
1514,TSNAX,exact,TSNAX
1515,DISC1,exact,DISC1
1516,MAP10,exact,MAP10
1517,NTPCR,exact,NTPCR
1518,PCNX2,exact,PCNX2
1519,MAP3K21,exact,MAP3K21
1520,SLC35F3,exact,SLC35F3
1521,AL355472.3,unmatched,
1522,AL355472.4,unmatched,
1523,AL355472.1,unmatched,
1524,COA6,exact,COA6
1525,TARBP1,exact,TARBP1
1526,IRF2BP2,exact,IRF2BP2
1527,AL160408.2,unmatched,
1528,AL732292.2,unmatched,
1529,TOMM20,exact,TOMM20
1530,RBM34,exact,RBM34
1531,ARID4B,exact,ARID4B
1532,GGPS1,exact,GGPS1
1533,TBCE,exact,TBCE
1534,AL357556.4,unmatched,
1535,TBCE.1,unmatched,
1536,B3GALNT2,exact,B3GALNT2
1537,LYST,exact,LYST
1538,GPR137B,exact,GPR137B
1539,ERO1B,exact,ERO1B
1540,LGALS8,exact,LGALS8
1541,LGALS8-AS1,exact,LGALS8-AS1
1542,AL359921.2,unmatched,
1543,AL359921.1,unmatched,
1544,HEATR1,exact,HEATR1
1545,MTR,exact,MTR
1546,AL359551.1,unmatched,
1547,AC093426.1,unmatched,
1548,CHRM3,exact,CHRM3
1549,CHRM3-AS2,exact,CHRM3-AS2
1550,FH,exact,FH
1551,OPN3,exact,OPN3
1552,CHML,exact,CHML
1553,WDR64,exact,WDR64
1554,CEP170,exact,CEP170
1555,SDCCAG8,exact,SDCCAG8
1556,AKT3,exact,AKT3
1557,ZBTB18,exact,ZBTB18
1558,AL645465.1,unmatched,
1559,ADSS,official_alias,ADSS
1560,CATSPERE,exact,CATSPERE
1561,DESI2,exact,DESI2
1562,AL451007.3,unmatched,
1563,COX20,exact,COX20
1564,HNRNPU,exact,HNRNPU
1565,BX323046.1,unmatched,
1566,AL356512.1,unmatched,
1567,EFCAB2,exact,EFCAB2
1568,SMYD3,exact,SMYD3
1569,TFB2M,exact,TFB2M
1570,CNST,exact,CNST
1571,AL591848.3,unmatched,
1572,AL591848.2,unmatched,
1573,SCCPDH,exact,SCCPDH
1574,AHCTF1,exact,AHCTF1
1575,ZNF670,exact,ZNF670
1576,ZNF669,exact,ZNF669
1577,ZNF124,exact,ZNF124
1578,AL390728.6,unmatched,
1579,AL390728.5,unmatched,
1580,ZNF496,exact,ZNF496
1581,NLRP3,exact,NLRP3
1582,OR2B11,exact,OR2B11
1583,OR2C3,exact,OR2C3
1584,TRIM58,exact,TRIM58
1585,OR2L8,exact,OR2L8
1586,OR2L5,exact,OR2L5
1587,OR2L2,exact,OR2L2
1588,SH3BP5L,exact,SH3BP5L
1589,ZNF672,exact,ZNF672
1590,ZNF692,exact,ZNF692
1591,PGBD2,exact,PGBD2
1592,SH3YL1,exact,SH3YL1
1593,ACP1,exact,ACP1
1594,TMEM18,exact,TMEM18
1595,AC116614.1,unmatched,
1596,SNTG2,exact,SNTG2
1597,AC144450.1,unmatched,
1598,PXDN,exact,PXDN
1599,MYT1L,exact,MYT1L
1600,AC093390.2,unmatched,
1601,EIPR1,exact,EIPR1
1602,TRAPPC12,exact,TRAPPC12
1603,TRAPPC12-AS1,exact,TRAPPC12-AS1
1604,AC114810.1,unmatched,
1605,ADI1,exact,ADI1
1606,AC231981.1,unmatched,
1607,AC108488.1,unmatched,
1608,RNASEH1,exact,RNASEH1
1609,RNASEH1-AS1,unmatched,
1610,RPS7,exact,RPS7
1611,NRIR,exact,NRIR
1612,CMPK2,exact,CMPK2
1613,RSAD2,exact,RSAD2
1614,AC017076.1,unmatched,
1615,RNF144A,exact,RNF144A
1616,AC068481.1,unmatched,
1617,AC010904.2,unmatched,
1618,LINC01871,exact,LINC01871
1619,LINC01814,exact,LINC01814
1620,ID2,exact,ID2
1621,KIDINS220,exact,KIDINS220
1622,MBOAT2,exact,MBOAT2
1623,ITGB1BP1,exact,ITGB1BP1
1624,CPSF3,exact,CPSF3
1625,IAH1,exact,IAH1
1626,ADAM17,exact,ADAM17
1627,AC080162.1,unmatched,
1628,AC073195.1,unmatched,
1629,YWHAQ,exact,YWHAQ
1630,TAF1B,exact,TAF1B
1631,AC010969.2,unmatched,
1632,GRHL1,exact,GRHL1
1633,AC104794.2,unmatched,
1634,KLF11,exact,KLF11
1635,HPCAL1,exact,HPCAL1
1636,ODC1,exact,ODC1
1637,AC007249.2,unmatched,
1638,NOL10,exact,NOL10
1639,RN7SL832P,exact,RN7SL832P
1640,AC092687.3,unmatched,
1641,PDIA6,exact,PDIA6
1642,AC062028.1,unmatched,
1643,C2orf50,exact,C2orf50
1644,PQLC3,official_alias,PQLC3
1645,ROCK2,exact,ROCK2
1646,E2F6,exact,E2F6
1647,GREB1,exact,GREB1
1648,LPIN1,exact,LPIN1
1649,TRIB2,exact,TRIB2
1650,NBAS,exact,NBAS
1651,DDX1,exact,DDX1
1652,SMC6,exact,SMC6
1653,GEN1,exact,GEN1
1654,AC079148.1,unmatched,
1655,RDH14,exact,RDH14
1656,NT5C1B,exact,NT5C1B
1657,LINC01376,exact,LINC01376
1658,LINC00954,exact,LINC00954
1659,TTC32,exact,TTC32
1660,AC013400.1,unmatched,
1661,WDR35,exact,WDR35
1662,LAPTM4A,exact,LAPTM4A
1663,PUM2,exact,PUM2
1664,RHOB,exact,RHOB
1665,HS1BP3,exact,HS1BP3
1666,AC012065.3,unmatched,
1667,GDF7,exact,GDF7
1668,AC012065.4,unmatched,
1669,LDAH,exact,LDAH
1670,KLHL29,exact,KLHL29
1671,AC009242.1,unmatched,
1672,ATAD2B,exact,ATAD2B
1673,UBXN2A,exact,UBXN2A
1674,MFSD2B,exact,MFSD2B
1675,WDCP,exact,WDCP
1676,SF3B6,exact,SF3B6
1677,FAM228B,exact,FAM228B
1678,FAM228A,exact,FAM228A
1679,AC008073.1,unmatched,
1680,ITSN2,exact,ITSN2
1681,AC009228.1,unmatched,
1682,NCOA1,exact,NCOA1
1683,PTRHD1,exact,PTRHD1
1684,CENPO,exact,CENPO
1685,ADCY3,exact,ADCY3
1686,DNAJC27,exact,DNAJC27
1687,DNAJC27-AS1,exact,DNAJC27-AS1
1688,EFR3B,exact,EFR3B
1689,POMC,exact,POMC
1690,DNMT3A,exact,DNMT3A
1691,AC012074.1,unmatched,
1692,DTNB,exact,DTNB
1693,ASXL2,exact,ASXL2
1694,KIF3C,exact,KIF3C
1695,RAB10,exact,RAB10
1696,GAREM2,exact,GAREM2
1697,HADHA,exact,HADHA
1698,HADHB,exact,HADHB
1699,ADGRF3,exact,ADGRF3
1700,SELENOI,exact,SELENOI
1701,SLC35F6,exact,SLC35F6
1702,DPYSL5,exact,DPYSL5
1703,MAPRE3,exact,MAPRE3
1704,TMEM214,exact,TMEM214
1705,AGBL5,exact,AGBL5
1706,AC013472.3,unmatched,
1707,AC013403.2,unmatched,
1708,OST4,exact,OST4
1709,EMILIN1,exact,EMILIN1
1710,KHK,exact,KHK
1711,ABHD1,exact,ABHD1
1712,PREB,exact,PREB
1713,TCF23,exact,TCF23
1714,SLC5A6,exact,SLC5A6
1715,ATRAID,exact,ATRAID
1716,CAD,exact,CAD
1717,UCN,exact,UCN
1718,MPV17,exact,MPV17
1719,GTF3C2,exact,GTF3C2
1720,GTF3C2-AS1,exact,GTF3C2-AS1
1721,AC074117.1,unmatched,
1722,EIF2B4,exact,EIF2B4
1723,SNX17,exact,SNX17
1724,ZNF513,exact,ZNF513
1725,PPM1G,exact,PPM1G
1726,NRBP1,exact,NRBP1
1727,KRTCAP3,exact,KRTCAP3
1728,IFT172,exact,IFT172
1729,ZNF512,exact,ZNF512
1730,CCDC121,exact,CCDC121
1731,GPN1,exact,GPN1
1732,SUPT7L,exact,SUPT7L
1733,SLC4A1AP,exact,SLC4A1AP
1734,LINC01460,exact,LINC01460
1735,MRPL33,exact,MRPL33
1736,RBKS,exact,RBKS
1737,BABAM2,exact,BABAM2
1738,AC092164.1,unmatched,
1739,PPP1CB,exact,PPP1CB
1740,SPDYA,exact,SPDYA
1741,TRMT61B,exact,TRMT61B
1742,WDR43,exact,WDR43
1743,CLIP4,exact,CLIP4
1744,AC016907.2,unmatched,
1745,YPEL5,exact,YPEL5
1746,LBH,exact,LBH
1747,LCLAT1,exact,LCLAT1
1748,EHD3,exact,EHD3
1749,AL121652.1,unmatched,
1750,MEMO1,exact,MEMO1
1751,DPY30,exact,DPY30
1752,SPAST,exact,SPAST
1753,AL121658.1,unmatched,
1754,SLC30A6,exact,SLC30A6
1755,YIPF4,exact,YIPF4
1756,AL133245.1,unmatched,
1757,BIRC6,exact,BIRC6
1758,TTC27,exact,TTC27
1759,RASGRP3,exact,RASGRP3
1760,FAM98A,exact,FAM98A
1761,CRIM1,exact,CRIM1
1762,AC007378.1,unmatched,
1763,FEZ2,exact,FEZ2
1764,STRN,exact,STRN
1765,HEATR5B,exact,HEATR5B
1766,GPATCH11,exact,GPATCH11
1767,EIF2AK2,exact,EIF2AK2
1768,CEBPZOS,exact,CEBPZOS
1769,CEBPZ,exact,CEBPZ
1770,NDUFAF7,exact,NDUFAF7
1771,PRKD3,exact,PRKD3
1772,QPCT,exact,QPCT
1773,AC006369.1,unmatched,
1774,CDC42EP3,exact,CDC42EP3
1775,RMDN2,exact,RMDN2
1776,CYP1B1-AS1,exact,CYP1B1-AS1
1777,ATL2,exact,ATL2
1778,HNRNPLL,exact,HNRNPLL
1779,GALM,exact,GALM
1780,SRSF7,exact,SRSF7
1781,GEMIN6,exact,GEMIN6
1782,DHX57,exact,DHX57
1783,MORN2,exact,MORN2
1784,ARHGEF33,exact,ARHGEF33
1785,AC019171.1,unmatched,
1786,SOS1,exact,SOS1
1787,MAP4K3,exact,MAP4K3
1788,AC007388.1,unmatched,
1789,THUMPD2,exact,THUMPD2
1790,C2orf91,unmatched,
1791,AC083949.1,unmatched,
1792,EML4,exact,EML4
1793,COX7A2L,exact,COX7A2L
1794,KCNG3,exact,KCNG3
1795,MTA3,exact,MTA3
1796,OXER1,exact,OXER1
1797,LINC02580,exact,LINC02580
1798,ZFP36L2,exact,ZFP36L2
1799,LINC01126,exact,LINC01126
1800,AC010883.1,unmatched,
1801,THADA,exact,THADA
1802,PLEKHH2,exact,PLEKHH2
1803,DYNC2LI1,exact,DYNC2LI1
1804,ABCG8,exact,ABCG8
1805,LRPPRC,exact,LRPPRC
1806,AC019129.2,unmatched,
1807,PPM1B,exact,PPM1B
1808,SLC3A1,exact,SLC3A1
1809,PREPL,exact,PREPL
1810,CAMKMT,exact,CAMKMT
1811,SRBD1,exact,SRBD1
1812,PRKCE,exact,PRKCE
1813,ATP6V1E2,exact,ATP6V1E2
1814,RHOQ,exact,RHOQ
1815,PIGF,exact,PIGF
1816,CRIPT,exact,CRIPT
1817,SOCS5,exact,SOCS5
1818,AC016722.3,unmatched,
1819,LINC01118,exact,LINC01118
1820,AC016722.2,unmatched,
1821,MCFD2,exact,MCFD2
1822,TTC7A,exact,TTC7A
1823,CALM2,exact,CALM2
1824,MSH2,exact,MSH2
1825,KCNK12,exact,KCNK12
1826,MSH6,exact,MSH6
1827,FBXO11,exact,FBXO11
1828,AC079807.1,unmatched,
1829,FOXN2,exact,FOXN2
1830,AC093635.1,unmatched,
1831,PPP1R21,exact,PPP1R21
1832,STON1,exact,STON1
1833,ASB3,exact,ASB3
1834,CHAC2,exact,CHAC2
1835,ERLEC1,exact,ERLEC1
1836,GPR75,exact,GPR75
1837,PSME4,exact,PSME4
1838,ACYP2,exact,ACYP2
1839,AC008280.3,unmatched,
1840,TSPYL6,exact,TSPYL6
1841,SPTBN1,exact,SPTBN1
1842,AC093110.1,unmatched,
1843,EML6,exact,EML6
1844,RTN4,exact,RTN4
1845,CLHC1,exact,CLHC1
1846,AC012358.1,unmatched,
1847,RPS27A,exact,RPS27A
1848,MTIF2,exact,MTIF2
1849,AC012358.3,unmatched,
1850,CCDC88A,exact,CCDC88A
1851,CFAP36,exact,CFAP36
1852,PPP4R3B,exact,PPP4R3B
1853,AC015982.1,unmatched,
1854,PNPT1,exact,PNPT1
1855,VRK2,exact,VRK2
1856,FANCL,exact,FANCL
1857,BCL11A,exact,BCL11A
1858,PAPOLG,exact,PAPOLG
1859,REL,exact,REL
1860,PUS10,exact,PUS10
1861,PEX13,exact,PEX13
1862,KIAA1841,unmatched,
1863,C2orf74,exact,C2orf74
1864,AC016747.2,unmatched,
1865,USP34,exact,USP34
1866,AC016727.1,unmatched,
1867,XPO1,exact,XPO1
1868,FAM161A,exact,FAM161A
1869,CCT4,exact,CCT4
1870,AC107081.2,unmatched,
1871,COMMD1,exact,COMMD1
1872,B3GNT2,exact,B3GNT2
1873,EHBP1,exact,EHBP1
1874,AC009501.1,unmatched,
1875,WDPCP,exact,WDPCP
1876,MDH1,exact,MDH1
1877,UGP2,exact,UGP2
1878,VPS54,exact,VPS54
1879,AC012368.2,unmatched,
1880,PELI1,exact,PELI1
1881,AC012368.1,unmatched,
1882,LGALSL,exact,LGALSL
1883,AC008074.3,unmatched,
1884,AFTPH,exact,AFTPH
1885,SERTAD2,exact,SERTAD2
1886,AC007365.1,unmatched,
1887,LINC02245,exact,LINC02245
1888,SLC1A4,exact,SLC1A4
1889,CEP68,exact,CEP68
1890,RAB1A,exact,RAB1A
1891,ACTR2,exact,ACTR2
1892,LINC01873,exact,LINC01873
1893,ETAA1,exact,ETAA1
1894,C1D,exact,C1D
1895,WDR92,unmatched,
1896,PNO1,exact,PNO1
1897,PPP3R1,exact,PPP3R1
1898,AC017083.2,unmatched,
1899,AC017083.1,unmatched,
1900,FBXO48,exact,FBXO48
1901,APLF,exact,APLF
1902,ARHGAP25,exact,ARHGAP25
1903,GFPT1,exact,GFPT1
1904,NFU1,exact,NFU1
1905,AAK1,exact,AAK1
1906,ANXA4,exact,ANXA4
1907,GMCL1,exact,GMCL1
1908,SNRNP27,exact,SNRNP27
1909,MXD1,exact,MXD1
1910,ASPRV1,exact,ASPRV1
1911,PCBP1,exact,PCBP1
1912,LINC01816,exact,LINC01816
1913,C2orf42,exact,C2orf42
1914,TIA1,exact,TIA1
1915,PCYOX1,exact,PCYOX1
1916,SNRPG,exact,SNRPG
1917,FAM136A,exact,FAM136A
1918,TGFA,exact,TGFA
1919,ADD2,exact,ADD2
1920,ATP6V1B1,exact,ATP6V1B1
1921,AC007040.2,unmatched,
1922,ATP6V1B1-AS1,exact,ATP6V1B1-AS1
1923,ANKRD53,exact,ANKRD53
1924,TEX261,exact,TEX261
1925,NAGK,exact,NAGK
1926,AC007881.3,unmatched,
1927,MCEE,exact,MCEE
1928,MPHOSPH10,exact,MPHOSPH10
1929,PAIP2B,exact,PAIP2B
1930,ZNF638,exact,ZNF638
1931,AC007878.1,unmatched,
1932,EXOC6B,exact,EXOC6B
1933,SFXN5,exact,SFXN5
1934,RAB11FIP5,exact,RAB11FIP5
1935,SMYD5,exact,SMYD5
1936,PRADC1,exact,PRADC1
1937,CCT7,exact,CCT7
1938,FBXO41,exact,FBXO41
1939,ALMS1,exact,ALMS1
1940,TPRKB,exact,TPRKB
1941,AC092653.1,unmatched,
1942,DUSP11,exact,DUSP11
1943,STAMBP,exact,STAMBP
1944,DGUOK,exact,DGUOK
1945,DGUOK-AS1,exact,DGUOK-AS1
1946,AC073046.1,unmatched,
1947,TET3,exact,TET3
1948,BOLA3,exact,BOLA3
1949,BOLA3-AS1,unmatched,
1950,MOB1A,exact,MOB1A
1951,AC073263.2,unmatched,
1952,MTHFD2,exact,MTHFD2
1953,AC006030.1,unmatched,
1954,SLC4A5,exact,SLC4A5
1955,DCTN1,exact,DCTN1
1956,AC005041.1,unmatched,
1957,C2orf81,exact,C2orf81
1958,WDR54,exact,WDR54
1959,RTKN,exact,RTKN
1960,INO80B,exact,INO80B
1961,WBP1,exact,WBP1
1962,MOGS,exact,MOGS
1963,MRPL53,exact,MRPL53
1964,CCDC142,exact,CCDC142
1965,TTC31,exact,TTC31
1966,PCGF1,exact,PCGF1
1967,AUP1,exact,AUP1
1968,HTRA2,exact,HTRA2
1969,DOK1,exact,DOK1
1970,SEMA4F,exact,SEMA4F
1971,AC019069.1,unmatched,
1972,HK2,exact,HK2
1973,LINC01291,exact,LINC01291
1974,POLE4,exact,POLE4
1975,AC007681.1,unmatched,
1976,EVA1A,exact,EVA1A
1977,MRPL19,exact,MRPL19
1978,GCFC2,exact,GCFC2
1979,AC005034.3,unmatched,
1980,AC005034.4,unmatched,
1981,SUCLG1,exact,SUCLG1
1982,DNAH6,exact,DNAH6
1983,TRABD2A,exact,TRABD2A
1984,TMSB10,exact,TMSB10
1985,KCMF1,exact,KCMF1
1986,TCF7L1,exact,TCF7L1
1987,TGOLN2,exact,TGOLN2
1988,RETSAT,exact,RETSAT
1989,ELMOD3,exact,ELMOD3
1990,CAPG,exact,CAPG
1991,MAT2A,exact,MAT2A
1992,GGCX,exact,GGCX
1993,VAMP8,exact,VAMP8
1994,VAMP5,exact,VAMP5
1995,RNF181,exact,RNF181
1996,TMEM150A,exact,TMEM150A
1997,USP39,exact,USP39
1998,C2orf68,exact,C2orf68
1999,ST3GAL5,exact,ST3GAL5
2000,ST3GAL5-AS1,exact,ST3GAL5-AS1
2001,POLR1A,exact,POLR1A
2002,PTCD3,exact,PTCD3
2003,IMMT,exact,IMMT
2004,AC009309.1,unmatched,
2005,MRPL35,exact,MRPL35
2006,REEP1,exact,REEP1
2007,KDM3A,exact,KDM3A
2008,CHMP3,exact,CHMP3
2009,RNF103,exact,RNF103
2010,RMND5A,exact,RMND5A
2011,CD8B,exact,CD8B
2012,PLGLB1,exact,PLGLB1
2013,LINC01943,exact,LINC01943
2014,CYTOR,exact,CYTOR
2015,AC133644.2,unmatched,
2016,RGPD2,exact,RGPD2
2017,KRCC1,exact,KRCC1
2018,EIF2AK3,exact,EIF2AK3
2019,AC062029.1,unmatched,
2020,RPIA,exact,RPIA
2021,ANKRD20A8P,exact,ANKRD20A8P
2022,AC103563.7,unmatched,
2023,MAL,exact,MAL
2024,AC103563.2,unmatched,
2025,MRPS5,exact,MRPS5
2026,ZNF514,exact,ZNF514
2027,ZNF2,exact,ZNF2
2028,AC092835.1,unmatched,
2029,FAHD2A,exact,FAHD2A
2030,AC009237.14,unmatched,
2031,LINC00342,exact,LINC00342
2032,ANKRD36C,exact,ANKRD36C
2033,GPAT2,exact,GPAT2
2034,DUSP2,exact,DUSP2
2035,STARD7,exact,STARD7
2036,TMEM127,exact,TMEM127
2037,CIAO1,exact,CIAO1
2038,SNRNP200,exact,SNRNP200
2039,AC021188.1,unmatched,
2040,ITPRIPL1,exact,ITPRIPL1
2041,NEURL3,exact,NEURL3
2042,ARID5A,exact,ARID5A
2043,KANSL3,exact,KANSL3
2044,FER1L5,exact,FER1L5
2045,LMAN2L,exact,LMAN2L
2046,CNNM4,exact,CNNM4
2047,CNNM3-DT,exact,CNNM3-DT
2048,CNNM3,exact,CNNM3
2049,ANKRD23,exact,ANKRD23
2050,ANKRD39,exact,ANKRD39
2051,SEMA4C,exact,SEMA4C
2052,FAM178B,exact,FAM178B
2053,FAHD2B,exact,FAHD2B
2054,ANKRD36,exact,ANKRD36
2055,AC092683.1,unmatched,
2056,ANKRD36B,exact,ANKRD36B
2057,COX5B,exact,COX5B
2058,ACTR1B,exact,ACTR1B
2059,C2orf92,exact,C2orf92
2060,ZAP70,exact,ZAP70
2061,TMEM131,exact,TMEM131
2062,VWA3B,exact,VWA3B
2063,INPP4A,exact,INPP4A
2064,COA5,exact,COA5
2065,UNC50,exact,UNC50
2066,MGAT4A,exact,MGAT4A
2067,AC109826.1,unmatched,
2068,KIAA1211L,official_alias,KIAA1211L
2069,TSGA10,exact,TSGA10
2070,C2orf15,exact,C2orf15
2071,AC079447.1,unmatched,
2072,LIPT1,exact,LIPT1
2073,AC092587.1,unmatched,
2074,MITD1,exact,MITD1
2075,MRPL30,exact,MRPL30
2076,LYG2,exact,LYG2
2077,LYG1,exact,LYG1
2078,TXNDC9,exact,TXNDC9
2079,EIF5B,exact,EIF5B
2080,REV1,exact,REV1
2081,AC018690.1,unmatched,
2082,AFF3,exact,AFF3
2083,AC092667.1,unmatched,
2084,CHST10,exact,CHST10
2085,PDCL3,exact,PDCL3
2086,NPAS2,exact,NPAS2
2087,RPL31,exact,RPL31
2088,TBC1D8,exact,TBC1D8
2089,CNOT11,exact,CNOT11
2090,RNF149,exact,RNF149
2091,CREG2,exact,CREG2
2092,MAP4K4,exact,MAP4K4
2093,IL18R1,exact,IL18R1
2094,MFSD9,exact,MFSD9
2095,TMEM182,exact,TMEM182
2096,MRPS9,exact,MRPS9
2097,AC012360.2,unmatched,
2098,TGFBRAP1,exact,TGFBRAP1
2099,AC012360.1,unmatched,
2100,AC012360.3,unmatched,
2101,C2orf49,exact,C2orf49
2102,FHL2,exact,FHL2
2103,NCK2,exact,NCK2
2104,AC010978.1,unmatched,
2105,AC009505.1,unmatched,
2106,C2orf40,official_alias,C2orf40
2107,UXS1,exact,UXS1
2108,ST6GAL2,exact,ST6GAL2
2109,SULT1C4,exact,SULT1C4
2110,GCC2,exact,GCC2
2111,GCC2-AS1,exact,GCC2-AS1
2112,LIMS1,exact,LIMS1
2113,RANBP2,exact,RANBP2
2114,CCDC138,exact,CCDC138
2115,EDAR,exact,EDAR
2116,SH3RF3-AS1,exact,SH3RF3-AS1
2117,SH3RF3,exact,SH3RF3
2118,SEPT10,official_alias,SEPT10
2119,SOWAHC,exact,SOWAHC
2120,RGPD5,exact,RGPD5
2121,NPHP1,exact,NPHP1
2122,SMIM37,official_alias,SMIM37
2123,LINC01106,unmatched,
2124,BUB1,exact,BUB1
2125,MIR4435-2HG,exact,MIR4435-2HG
2126,BCL2L11,exact,BCL2L11
2127,ANAPC1,exact,ANAPC1
2128,MERTK,exact,MERTK
2129,TMEM87B,exact,TMEM87B
2130,FBLN7,exact,FBLN7
2131,ZC3H8,exact,ZC3H8
2132,ZC3H6,exact,ZC3H6
2133,RGPD8,exact,RGPD8
2134,TTL,exact,TTL
2135,POLR1B,exact,POLR1B
2136,CHCHD5,exact,CHCHD5
2137,AC012442.1,unmatched,
2138,AC079922.2,unmatched,
2139,SLC20A1,exact,SLC20A1
2140,IL36A,exact,IL36A
2141,PSD4,exact,PSD4
2142,AC016683.1,unmatched,
2143,PAX8,exact,PAX8
2144,AC016745.2,unmatched,
2145,CBWD2,unmatched,
2146,PGM5P4-AS1,exact,PGM5P4-AS1
2147,RABL2A,exact,RABL2A
2148,AC017074.1,unmatched,
2149,SLC35F5,exact,SLC35F5
2150,AC104653.1,unmatched,
2151,AC110769.2,unmatched,
2152,ACTR3,exact,ACTR3
2153,AC009312.1,unmatched,
2154,DDX18,exact,DDX18
2155,AC009404.1,unmatched,
2156,CCDC93,exact,CCDC93
2157,INSIG2,exact,INSIG2
2158,AC093901.1,unmatched,
2159,C2orf76,exact,C2orf76
2160,DBI,exact,DBI
2161,TMEM37,exact,TMEM37
2162,TMEM177,exact,TMEM177
2163,PTPN4,exact,PTPN4
2164,EPB41L5,exact,EPB41L5
2165,TMEM185B,exact,TMEM185B
2166,RALB,exact,RALB
2167,CLASP1,exact,CLASP1
2168,NIFK-AS1,exact,NIFK-AS1
2169,NIFK,exact,NIFK
2170,TSN,exact,TSN
2171,LINC01823,exact,LINC01823
2172,GYPC,exact,GYPC
2173,BIN1,exact,BIN1
2174,ERCC3,exact,ERCC3
2175,MAP3K2,exact,MAP3K2
2176,AC068282.1,unmatched,
2177,IWS1,exact,IWS1
2178,AC010976.1,unmatched,
2179,LIMS2,exact,LIMS2
2180,WDR33,exact,WDR33
2181,SFT2D3,exact,SFT2D3
2182,POLR2D,exact,POLR2D
2183,AMMECR1L,exact,AMMECR1L
2184,AC012306.2,unmatched,
2185,SAP130,exact,SAP130
2186,UGGT1,exact,UGGT1
2187,HS6ST1,exact,HS6ST1
2188,SMPD4,exact,SMPD4
2189,MZT2B,exact,MZT2B
2190,CCDC115,exact,CCDC115
2191,IMP4,exact,IMP4
2192,PTPN18,exact,PTPN18
2193,PRSS40A,unmatched,
2194,ARHGEF4,exact,ARHGEF4
2195,FAM168B,exact,FAM168B
2196,PLEKHB2,exact,PLEKHB2
2197,AC073869.3,unmatched,
2198,MZT2A,exact,MZT2A
2199,TUBA3D,exact,TUBA3D
2200,CCDC74A,exact,CCDC74A
2201,C2orf27B,official_alias,C2orf27B
2202,MGAT5,exact,MGAT5
2203,TMEM163,exact,TMEM163
2204,CCNT2-AS1,exact,CCNT2-AS1
2205,CCNT2,exact,CCNT2
2206,RAB3GAP1,exact,RAB3GAP1
2207,ZRANB3,exact,ZRANB3
2208,R3HDM1,exact,R3HDM1
2209,UBXN4,exact,UBXN4
2210,MCM6,exact,MCM6
2211,DARS,official_alias,DARS
2212,DARS-AS1,unmatched,
2213,CXCR4,exact,CXCR4
2214,SPOPL,exact,SPOPL
2215,AC092620.3,unmatched,
2216,ARHGAP15,exact,ARHGAP15
2217,AC096558.1,unmatched,
2218,AC096558.2,unmatched,
2219,AC079793.1,unmatched,
2220,AC092652.2,unmatched,
2221,GTDC1,exact,GTDC1
2222,ZEB2,exact,ZEB2
2223,ACVR2A,exact,ACVR2A
2224,ORC4,exact,ORC4
2225,MBD5,exact,MBD5
2226,EPC2,exact,EPC2
2227,KIF5C,exact,KIF5C
2228,MMADHC,exact,MMADHC
2229,RBM43,exact,RBM43
2230,NMI,exact,NMI
2231,RIF1,exact,RIF1
2232,NEB,exact,NEB
2233,ARL5A,exact,ARL5A
2234,CACNB4,exact,CACNB4
2235,STAM2,exact,STAM2
2236,FMNL2,exact,FMNL2
2237,PRPF40A,exact,PRPF40A
2238,ARL6IP6,exact,ARL6IP6
2239,LINC01876,exact,LINC01876
2240,NR4A2,exact,NR4A2
2241,GPD2,exact,GPD2
2242,ERMN,exact,ERMN
2243,CYTIP,exact,CYTIP
2244,ACVR1C,exact,ACVR1C
2245,ACVR1,exact,ACVR1
2246,AC013731.1,unmatched,
2247,AC091488.1,unmatched,
2248,PKP4,exact,PKP4
2249,DAPL1,exact,DAPL1
2250,TANC1,exact,TANC1
2251,WDSUB1,exact,WDSUB1
2252,BAZ2B,exact,BAZ2B
2253,AC009961.1,unmatched,
2254,MARCH7,official_alias,MARCH7
2255,CD302,exact,CD302
2256,LY75,exact,LY75
2257,PLA2R1,exact,PLA2R1
2258,RBMS1,exact,RBMS1
2259,TANK,exact,TANK
2260,AC009299.3,unmatched,
2261,LINC01806,exact,LINC01806
2262,PSMD14,exact,PSMD14
2263,DPP4,exact,DPP4
2264,IFIH1,exact,IFIH1
2265,GCA,exact,GCA
2266,GALNT3,exact,GALNT3
2267,TTC21B,exact,TTC21B
2268,STK39,exact,STK39
2269,CERS6,exact,CERS6
2270,NOSTRIN,exact,NOSTRIN
2271,BBS5,exact,BBS5
2272,KLHL41,exact,KLHL41
2273,FASTKD1,exact,FASTKD1
2274,PPIG,exact,PPIG
2275,PHOSPHO2,exact,PHOSPHO2
2276,KLHL23,exact,KLHL23
2277,SSB,exact,SSB
2278,METTL5,exact,METTL5
2279,UBR3,exact,UBR3
2280,AC012594.1,unmatched,
2281,GORASP2,exact,GORASP2
2282,TLK1,exact,TLK1
2283,METTL8,exact,METTL8
2284,DCAF17,exact,DCAF17
2285,DYNC1I2,exact,DYNC1I2
2286,SLC25A12,exact,SLC25A12
2287,HAT1,exact,HAT1
2288,METAP1D,exact,METAP1D
2289,ITGA6,exact,ITGA6
2290,AC078883.2,unmatched,
2291,AC078883.3,unmatched,
2292,AC078883.1,unmatched,
2293,PDK1,exact,PDK1
2294,MAP3K20,exact,MAP3K20
2295,CDCA7,exact,CDCA7
2296,SP3,exact,SP3
2297,AC016737.1,unmatched,
2298,OLA1,exact,OLA1
2299,CIR1,exact,CIR1
2300,SCRN3,exact,SCRN3
2301,GPR155,exact,GPR155
2302,WIPF1,exact,WIPF1
2303,AC010894.4,unmatched,
2304,CHN1,exact,CHN1
2305,ATF2,exact,ATF2
2306,ATP5MC3,exact,ATP5MC3
2307,LNPK,exact,LNPK
2308,MTX2,exact,MTX2
2309,LINC01116,exact,LINC01116
2310,HNRNPA3,exact,HNRNPA3
2311,NFE2L2,exact,NFE2L2
2312,AC079305.1,unmatched,
2313,AC019080.4,unmatched,
2314,AGPS,exact,AGPS
2315,TTC30B,unmatched,
2316,TTC30A,unmatched,
2317,RBM45,exact,RBM45
2318,AC009948.1,unmatched,
2319,PRKRA,exact,PRKRA
2320,PJVK,exact,PJVK
2321,FKBP7,exact,FKBP7
2322,PLEKHA3,exact,PLEKHA3
2323,TTN-AS1,exact,TTN-AS1
2324,TTN,exact,TTN
2325,AC009948.4,unmatched,
2326,AC009948.3,unmatched,
2327,AC010680.3,unmatched,
2328,AC010680.2,unmatched,
2329,AC010680.4,unmatched,
2330,AC010680.5,unmatched,
2331,AC010680.1,unmatched,
2332,CCDC141,exact,CCDC141
2333,SESTD1,exact,SESTD1
2334,CWC22,exact,CWC22
2335,UBE2E3,exact,UBE2E3
2336,AC104076.1,unmatched,
2337,AC068196.1,unmatched,
2338,LINC01934,exact,LINC01934
2339,ITGA4,exact,ITGA4
2340,CERKL,exact,CERKL
2341,AC009962.1,unmatched,
2342,SSFA2,official_alias,SSFA2
2343,DNAJC10,exact,DNAJC10
2344,NCKAP1,exact,NCKAP1
2345,DUSP19,exact,DUSP19
2346,NUP35,exact,NUP35
2347,AC021851.1,unmatched,
2348,FSIP2,exact,FSIP2
2349,FSIP2-AS1,exact,FSIP2-AS1
2350,LINC01473,exact,LINC01473
2351,AC017071.1,unmatched,
2352,ZC3H15,exact,ZC3H15
2353,ITGAV,exact,ITGAV
2354,FAM171B,exact,FAM171B
2355,CALCRL,exact,CALCRL
2356,COL5A2,exact,COL5A2
2357,WDR75,exact,WDR75
2358,SLC40A1,exact,SLC40A1
2359,ASNSD1,exact,ASNSD1
2360,ANKAR,exact,ANKAR
2361,OSGEPL1,exact,OSGEPL1
2362,OSGEPL1-AS1,exact,OSGEPL1-AS1
2363,AC013468.1,unmatched,
2364,ORMDL1,exact,ORMDL1
2365,PMS1,exact,PMS1
2366,C2orf88,exact,C2orf88
2367,HIBCH,exact,HIBCH
2368,INPP1,exact,INPP1
2369,MFSD6,exact,MFSD6
2370,AC093388.1,unmatched,
2371,NEMP2,exact,NEMP2
2372,AC108047.1,unmatched,
2373,NAB1,exact,NAB1
2374,AC005540.1,unmatched,
2375,GLS,exact,GLS
2376,STAT1,exact,STAT1
2377,STAT4,exact,STAT4
2378,NABP1,exact,NABP1
2379,AC104823.1,unmatched,
2380,AC064834.1,unmatched,
2381,LINC01825,exact,LINC01825
2382,SLC39A10,exact,SLC39A10
2383,STK17B,exact,STK17B
2384,AC114760.2,unmatched,
2385,AC020571.1,unmatched,
2386,CCDC150,exact,CCDC150
2387,GTF3C3,exact,GTF3C3
2388,PGAP1,exact,PGAP1
2389,ANKRD44,exact,ANKRD44
2390,AC013264.1,unmatched,
2391,AC010746.1,unmatched,
2392,SF3B1,exact,SF3B1
2393,COQ10B,exact,COQ10B
2394,HSPD1,exact,HSPD1
2395,HSPE1,exact,HSPE1
2396,MOB4,exact,MOB4
2397,RFTN2,exact,RFTN2
2398,AC011997.1,unmatched,
2399,MARS2,exact,MARS2
2400,PLCL1,exact,PLCL1
2401,FTCDNL1,exact,FTCDNL1
2402,C2orf69,exact,C2orf69
2403,TYW5,exact,TYW5
2404,MAIP1,exact,MAIP1
2405,SPATS2L,exact,SPATS2L
2406,KCTD18,exact,KCTD18
2407,SGO2,exact,SGO2
2408,BZW1,exact,BZW1
2409,CLK1,exact,CLK1
2410,PPIL3,exact,PPIL3
2411,NIF3L1,exact,NIF3L1
2412,ORC2,exact,ORC2
2413,AC005037.1,unmatched,
2414,FAM126B,unmatched,
2415,NDUFB3,exact,NDUFB3
2416,AC007272.1,unmatched,
2417,CFLAR,exact,CFLAR
2418,CFLAR-AS1,exact,CFLAR-AS1
2419,CASP10,exact,CASP10
2420,CASP8,exact,CASP8
2421,ALS2CR12,official_alias,ALS2CR12
2422,TRAK2,exact,TRAK2
2423,STRADB,exact,STRADB
2424,TMEM237,exact,TMEM237
2425,MPP4,exact,MPP4
2426,ALS2,exact,ALS2
2427,FZD7,exact,FZD7
2428,KIAA2012,exact,KIAA2012
2429,SUMO1,exact,SUMO1
2430,NOP58,exact,NOP58
2431,AC064836.2,unmatched,
2432,AC064836.3,unmatched,
2433,BMPR2,exact,BMPR2
2434,FAM117B,exact,FAM117B
2435,ICA1L,exact,ICA1L
2436,WDR12,exact,WDR12
2437,CARF,exact,CARF
2438,NBEAL1,exact,NBEAL1
2439,CYP20A1,exact,CYP20A1
2440,ABI2,exact,ABI2
2441,RAPH1,exact,RAPH1
2442,CD28,exact,CD28
2443,CTLA4,exact,CTLA4
2444,ICOS,exact,ICOS
2445,PARD3B,exact,PARD3B
2446,NRP2,exact,NRP2
2447,INO80D,exact,INO80D
2448,AC007383.2,unmatched,
2449,NDUFS1,exact,NDUFS1
2450,AC007383.3,unmatched,
2451,EEF1B2,exact,EEF1B2
2452,ZDBF2,exact,ZDBF2
2453,ADAM23,exact,ADAM23
2454,MDH1B,exact,MDH1B
2455,FASTKD2,exact,FASTKD2
2456,KLF7,exact,KLF7
2457,AC007879.3,unmatched,
2458,AC009226.1,unmatched,
2459,CREB1,exact,CREB1
2460,METTL21A,exact,METTL21A
2461,CCNYL1,exact,CCNYL1
2462,FZD5,exact,FZD5
2463,PLEKHM3,exact,PLEKHM3
2464,IDH1,exact,IDH1
2465,IDH1-AS1,exact,IDH1-AS1
2466,PIKFYVE,exact,PIKFYVE
2467,MAP2,exact,MAP2
2468,RPE,exact,RPE
2469,KANSL1L,exact,KANSL1L
2470,AC007038.2,unmatched,
2471,AC007038.1,unmatched,
2472,LANCL1-AS1,unmatched,
2473,LANCL1,exact,LANCL1
2474,CPS1,exact,CPS1
2475,IKZF2,exact,IKZF2
2476,AC079610.2,unmatched,
2477,SPAG16,exact,SPAG16
2478,AC068051.1,unmatched,
2479,BARD1,exact,BARD1
2480,ATIC,exact,ATIC
2481,FN1,exact,FN1
2482,AC093382.1,unmatched,
2483,MREG,exact,MREG
2484,PECR,exact,PECR
2485,TMEM169,exact,TMEM169
2486,XRCC5,exact,XRCC5
2487,LINC01963,exact,LINC01963
2488,SMARCAL1,exact,SMARCAL1
2489,RPL37A,exact,RPL37A
2490,DIRC3,exact,DIRC3
2491,RUFY4,exact,RUFY4
2492,ARPC2,exact,ARPC2
2493,AAMP,exact,AAMP
2494,PNKD,exact,PNKD
2495,TMBIM1,exact,TMBIM1
2496,SLC11A1,exact,SLC11A1
2497,CTDSP1,exact,CTDSP1
2498,AC021016.3,unmatched,
2499,VIL1,exact,VIL1
2500,USP37,exact,USP37
2501,CNOT9,exact,CNOT9
2502,PLCD4,exact,PLCD4
2503,AC012510.1,unmatched,
2504,ZNF142,exact,ZNF142
2505,BCS1L,exact,BCS1L
2506,RNF25,exact,RNF25
2507,STK36,exact,STK36
2508,TTLL4,exact,TTLL4
2509,WNT10A,exact,WNT10A
2510,AC097468.3,unmatched,
2511,NHEJ1,exact,NHEJ1
2512,SLC23A3,exact,SLC23A3
2513,CNPPD1,exact,CNPPD1
2514,RETREG2,exact,RETREG2
2515,ZFAND2B,exact,ZFAND2B
2516,ABCB6,exact,ABCB6
2517,ATG9A,exact,ATG9A
2518,ANKZF1,exact,ANKZF1
2519,GLB1L,exact,GLB1L
2520,STK16,exact,STK16
2521,TUBA4A,exact,TUBA4A
2522,DNAJB2,exact,DNAJB2
2523,DNPEP,unmatched,
2524,AC053503.2,unmatched,
2525,SPEG,exact,SPEG
2526,GMPPA,exact,GMPPA
2527,CHPF,exact,CHPF
2528,STK11IP,exact,STK11IP
2529,EPHA4,exact,EPHA4
2530,AC079834.2,unmatched,
2531,SGPP2,exact,SGPP2
2532,AC097461.1,unmatched,
2533,FARSB,exact,FARSB
2534,ACSL3,exact,ACSL3
2535,AP1S3,exact,AP1S3
2536,WDFY1,exact,WDFY1
2537,MRPL44,exact,MRPL44
2538,SERPINE2,exact,SERPINE2
2539,CUL3,exact,CUL3
2540,DOCK10,exact,DOCK10
2541,NYAP2,exact,NYAP2
2542,IRS1,exact,IRS1
2543,RHBDD1,exact,RHBDD1
2544,COL4A4,exact,COL4A4
2545,AC097662.1,unmatched,
2546,MFF,exact,MFF
2547,TM4SF20,exact,TM4SF20
2548,AGFG1,exact,AGFG1
2549,SLC19A3,exact,SLC19A3
2550,TRIP12,exact,TRIP12
2551,FBXO36,exact,FBXO36
2552,AC009950.1,unmatched,
2553,SP110,exact,SP110
2554,SP140,exact,SP140
2555,SP140L,exact,SP140L
2556,SP100,exact,SP100
2557,CAB39,exact,CAB39
2558,ITM2C,exact,ITM2C
2559,GPR55,exact,GPR55
2560,PSMD1,exact,PSMD1
2561,HTR2B,exact,HTR2B
2562,ARMC9,exact,ARMC9
2563,AC017104.3,unmatched,
2564,NCL,exact,NCL
2565,LINC00471,exact,LINC00471
2566,PTMA,exact,PTMA
2567,PDE6D,exact,PDE6D
2568,COPS7B,exact,COPS7B
2569,DIS3L2,exact,DIS3L2
2570,CHRNG,exact,CHRNG
2571,TIGD1,exact,TIGD1
2572,EIF4E2,exact,EIF4E2
2573,AC073254.1,unmatched,
2574,EFHD1,exact,EFHD1
2575,GIGYF2,exact,GIGYF2
2576,KCNJ13,exact,KCNJ13
2577,SNORC,exact,SNORC
2578,INPP5D,exact,INPP5D
2579,ATG16L1,exact,ATG16L1
2580,AC013726.1,unmatched,
2581,DGKD,exact,DGKD
2582,USP40,exact,USP40
2583,LINC01891,exact,LINC01891
2584,ARL4C,exact,ARL4C
2585,AGAP1,exact,AGAP1
2586,IQCA1,exact,IQCA1
2587,ACKR3,exact,ACKR3
2588,AC105760.2,unmatched,
2589,COPS8,exact,COPS8
2590,COL6A3,exact,COL6A3
2591,AC104667.2,unmatched,
2592,LRRFIP1,exact,LRRFIP1
2593,RBM44,exact,RBM44
2594,RAMP1,exact,RAMP1
2595,UBE2F,exact,UBE2F
2596,SCLY,exact,SCLY
2597,ERFE,exact,ERFE
2598,ILKAP,exact,ILKAP
2599,HES6,exact,HES6
2600,PER2,exact,PER2
2601,TRAF3IP1,exact,TRAF3IP1
2602,ASB1,exact,ASB1
2603,HDAC4,exact,HDAC4
2604,AC062017.1,unmatched,
2605,NDUFA10,exact,NDUFA10
2606,COPS9,exact,COPS9
2607,GPC1,exact,GPC1
2608,ANKMY1,exact,ANKMY1
2609,DUSP28,exact,DUSP28
2610,RNPEPL1,exact,RNPEPL1
2611,CAPN10-DT,exact,CAPN10-DT
2612,CAPN10,exact,CAPN10
2613,GPR35,exact,GPR35
2614,SNED1,exact,SNED1
2615,AC005237.1,unmatched,
2616,MTERF4,exact,MTERF4
2617,PASK,exact,PASK
2618,PPP1R7,exact,PPP1R7
2619,ANO7,exact,ANO7
2620,HDLBP,exact,HDLBP
2621,SEPT2,official_alias,SEPT2
2622,FARP2,exact,FARP2
2623,STK25,exact,STK25
2624,BOK-AS1,unmatched,
2625,THAP4,exact,THAP4
2626,ATG4B,exact,ATG4B
2627,DTYMK,exact,DTYMK
2628,ING5,exact,ING5
2629,D2HGDH,exact,D2HGDH
2630,AC114730.2,unmatched,
2631,LINC01238,unmatched,
2632,AC093642.1,unmatched,
2633,LINC01238.1,unmatched,
2634,TRNT1,exact,TRNT1
2635,CRBN,exact,CRBN
2636,AC024060.1,unmatched,
2637,AC034195.1,unmatched,
2638,SUMF1,exact,SUMF1
2639,LRRN1,official_alias,LRRN1
2640,SETMAR,exact,SETMAR
2641,ITPR1-DT,exact,ITPR1-DT
2642,ITPR1,exact,ITPR1
2643,EGOT,exact,EGOT
2644,AC018816.1,unmatched,
2645,BHLHE40-AS1,exact,BHLHE40-AS1
2646,BHLHE40,exact,BHLHE40
2647,ARL8B,exact,ARL8B
2648,AC026202.2,unmatched,
2649,AC026202.3,unmatched,
2650,EDEM1,exact,EDEM1
2651,GRM7,exact,GRM7
2652,GRM7-AS1,exact,GRM7-AS1
2653,RAD18,exact,RAD18
2654,SRGAP3,exact,SRGAP3
2655,AC026191.1,unmatched,
2656,THUMPD3-AS1,exact,THUMPD3-AS1
2657,THUMPD3,exact,THUMPD3
2658,SETD5,exact,SETD5
2659,LHFPL4,exact,LHFPL4
2660,MTMR14,exact,MTMR14
2661,BRPF1,exact,BRPF1
2662,OGG1,exact,OGG1
2663,CAMK1,exact,CAMK1
2664,TADA3,exact,TADA3
2665,ARPC4,exact,ARPC4
2666,TTLL3,exact,TTLL3
2667,AC022382.1,unmatched,
2668,RPUSD3,exact,RPUSD3
2669,JAGN1,exact,JAGN1
2670,IL17RE,exact,IL17RE
2671,IL17RC,exact,IL17RC
2672,CRELD1,exact,CRELD1
2673,PRRT3,exact,PRRT3
2674,PRRT3-AS1,exact,PRRT3-AS1
2675,AC018809.2,unmatched,
2676,EMC3,exact,EMC3
2677,AC022007.1,unmatched,
2678,FANCD2,exact,FANCD2
2679,BRK1,exact,BRK1
2680,VHL,exact,VHL
2681,IRAK2,exact,IRAK2
2682,TATDN2,exact,TATDN2
2683,LINC00852,exact,LINC00852
2684,GHRL,exact,GHRL
2685,GHRLOS,exact,GHRLOS
2686,SEC13,exact,SEC13
2687,ATG7,exact,ATG7
2688,VGLL4,exact,VGLL4
2689,AC022001.2,unmatched,
2690,TAMM41,exact,TAMM41
2691,TSEN2,exact,TSEN2
2692,MKRN2OS,exact,MKRN2OS
2693,MKRN2,exact,MKRN2
2694,RAF1,exact,RAF1
2695,CAND2,exact,CAND2
2696,AC034198.2,unmatched,
2697,RPL32,exact,RPL32
2698,IQSEC1,exact,IQSEC1
2699,NUP210,exact,NUP210
2700,HDAC11,exact,HDAC11
2701,WNT7A,exact,WNT7A
2702,CHCHD4,exact,CHCHD4
2703,TMEM43,exact,TMEM43
2704,AC093495.1,unmatched,
2705,XPC,exact,XPC
2706,LSM3,exact,LSM3
2707,SLC6A6,exact,SLC6A6
2708,GRIP2,exact,GRIP2
2709,AC090952.1,unmatched,
2710,CCDC174,exact,CCDC174
2711,C3orf20,exact,C3orf20
2712,FGD5,exact,FGD5
2713,FGD5-AS1,exact,FGD5-AS1
2714,NR2C2,exact,NR2C2
2715,MRPS25,exact,MRPS25
2716,RBSN,exact,RBSN
2717,CAPN7,exact,CAPN7
2718,SH3BP5-AS1,exact,SH3BP5-AS1
2719,SH3BP5,exact,SH3BP5
2720,METTL6,exact,METTL6
2721,EAF1,exact,EAF1
2722,EAF1-AS1,exact,EAF1-AS1
2723,COLQ,exact,COLQ
2724,HACL1,exact,HACL1
2725,BTD,exact,BTD
2726,ANKRD28,exact,ANKRD28
2727,GALNT15,exact,GALNT15
2728,DPH3,exact,DPH3
2729,OXNAD1,exact,OXNAD1
2730,RFTN1,exact,RFTN1
2731,AC090948.1,unmatched,
2732,AC090948.2,unmatched,
2733,AC090948.3,unmatched,
2734,PLCL2,exact,PLCL2
2735,TBC1D5,exact,TBC1D5
2736,SATB1,exact,SATB1
2737,EFHB,exact,EFHB
2738,RAB5A,exact,RAB5A
2739,KAT2B,exact,KAT2B
2740,SGO1,exact,SGO1
2741,AC116096.1,unmatched,
2742,ZNF385D,exact,ZNF385D
2743,UBE2E2,exact,UBE2E2
2744,UBE2E1,exact,UBE2E1
2745,NKIRAS1,exact,NKIRAS1
2746,RPL15,exact,RPL15
2747,NR1D2,exact,NR1D2
2748,RARB,exact,RARB
2749,TOP2B,exact,TOP2B
2750,NGLY1,exact,NGLY1
2751,OXSM,exact,OXSM
2752,NEK10,exact,NEK10
2753,SLC4A7,exact,SLC4A7
2754,AC098614.4,unmatched,
2755,LINC02084,unmatched,
2756,EOMES,exact,EOMES
2757,LINC01980,exact,LINC01980
2758,LINC01967,exact,LINC01967
2759,CMC1,exact,CMC1
2760,AZI2,exact,AZI2
2761,ZCWPW2,exact,ZCWPW2
2762,RBMS3,exact,RBMS3
2763,TGFBR2,exact,TGFBR2
2764,STT3B,exact,STT3B
2765,OSBPL10,exact,OSBPL10
2766,GPD1L,exact,GPD1L
2767,CMTM8,exact,CMTM8
2768,CMTM7,exact,CMTM7
2769,CMTM6,exact,CMTM6
2770,DYNC1LI1,exact,DYNC1LI1
2771,CNOT10,exact,CNOT10
2772,CCR4,exact,CCR4
2773,GLB1,exact,GLB1
2774,TMPPE,exact,TMPPE
2775,CRTAP,exact,CRTAP
2776,SUSD5,exact,SUSD5
2777,FBXL2,exact,FBXL2
2778,UBP1,exact,UBP1
2779,CLASP2,exact,CLASP2
2780,AC112220.4,unmatched,
2781,AC112220.2,unmatched,
2782,PDCD6IP,exact,PDCD6IP
2783,LINC02033,exact,LINC02033
2784,TRANK1,exact,TRANK1
2785,AC011816.2,unmatched,
2786,EPM2AIP1,exact,EPM2AIP1
2787,MLH1,exact,MLH1
2788,LRRFIP2,exact,LRRFIP2
2789,AC126118.1,unmatched,
2790,AC097359.2,unmatched,
2791,GOLGA4,exact,GOLGA4
2792,CTDSPL,exact,CTDSPL
2793,VILL,exact,VILL
2794,PLCD1,exact,PLCD1
2795,DLEC1,exact,DLEC1
2796,ACAA1,exact,ACAA1
2797,MYD88,exact,MYD88
2798,OXSR1,exact,OXSR1
2799,XYLB,exact,XYLB
2800,ACVR2B-AS1,exact,ACVR2B-AS1
2801,ACVR2B,exact,ACVR2B
2802,EXOG,exact,EXOG
2803,SCN11A,exact,SCN11A
2804,WDR48,exact,WDR48
2805,GORASP1,exact,GORASP1
2806,TTC21A,exact,TTC21A
2807,CSRNP1,exact,CSRNP1
2808,AC092053.3,unmatched,
2809,SLC25A38,exact,SLC25A38
2810,RPSA,exact,RPSA
2811,EIF1B,exact,EIF1B
2812,ENTPD3-AS1,exact,ENTPD3-AS1
2813,ENTPD3,exact,ENTPD3
2814,RPL14,exact,RPL14
2815,ZNF619,exact,ZNF619
2816,ZNF620,exact,ZNF620
2817,ZNF621,exact,ZNF621
2818,CTNNB1,unmatched,
2819,ULK4,exact,ULK4
2820,TRAK1,exact,TRAK1
2821,VIPR1,exact,VIPR1
2822,VIPR1-AS1,exact,VIPR1-AS1
2823,SEC22C,exact,SEC22C
2824,SS18L2,exact,SS18L2
2825,NKTR,exact,NKTR
2826,AC006059.1,unmatched,
2827,CCDC13,exact,CCDC13
2828,HIGD1A,exact,HIGD1A
2829,ACKR2,exact,ACKR2
2830,KRBOX1,exact,KRBOX1
2831,ZNF662,exact,ZNF662
2832,POMGNT2,exact,POMGNT2
2833,SNRK,exact,SNRK
2834,AC104184.1,unmatched,
2835,SNRK-AS1,unmatched,
2836,ANO10,exact,ANO10
2837,ABHD5,exact,ABHD5
2838,AC104187.1,unmatched,
2839,TCAIM,exact,TCAIM
2840,ZNF445,exact,ZNF445
2841,ZNF852,exact,ZNF852
2842,ZKSCAN7,exact,ZKSCAN7
2843,ZNF660,exact,ZNF660
2844,ZNF197,exact,ZNF197
2845,ZNF35,exact,ZNF35
2846,ZNF502,exact,ZNF502
2847,ZNF501,exact,ZNF501
2848,KIAA1143,exact,KIAA1143
2849,KIF15,exact,KIF15
2850,TMEM42,exact,TMEM42
2851,TGM4,exact,TGM4
2852,ZDHHC3,exact,ZDHHC3
2853,EXOSC7,exact,EXOSC7
2854,CDCP1,exact,CDCP1
2855,LARS2,exact,LARS2
2856,LIMD1,exact,LIMD1
2857,SACM1L,exact,SACM1L
2858,LZTFL1,exact,LZTFL1
2859,CCR9,exact,CCR9
2860,FYCO1,exact,FYCO1
2861,CCRL2,exact,CCRL2
2862,LRRC2,exact,LRRC2
2863,ALS2CL,exact,ALS2CL
2864,TMIE,exact,TMIE
2865,CCDC12,exact,CCDC12
2866,NBEAL2,exact,NBEAL2
2867,SETD2,exact,SETD2
2868,KIF9-AS1,unmatched,
2869,KIF9,exact,KIF9
2870,KLHL18,exact,KLHL18
2871,AC099778.1,unmatched,
2872,PTPN23,exact,PTPN23
2873,SCAP,exact,SCAP
2874,ELP6,exact,ELP6
2875,SMARCC1,exact,SMARCC1
2876,DHX30,exact,DHX30
2877,MAP4,exact,MAP4
2878,ZNF589,exact,ZNF589
2879,NME6,exact,NME6
2880,CCDC51,exact,CCDC51
2881,TMA7,exact,TMA7
2882,AC134772.1,unmatched,
2883,ATRIP,exact,ATRIP
2884,SHISA5,exact,SHISA5
2885,PFKFB4,exact,PFKFB4
2886,UQCRC1,exact,UQCRC1
2887,SLC26A6,exact,SLC26A6
2888,CELSR3,exact,CELSR3
2889,NCKIPSD,exact,NCKIPSD
2890,IP6K2,exact,IP6K2
2891,PRKAR2A,exact,PRKAR2A
2892,PRKAR2A-AS1,exact,PRKAR2A-AS1
2893,SLC25A20,exact,SLC25A20
2894,ARIH2OS,unmatched,
2895,ARIH2,exact,ARIH2
2896,AC137630.2,unmatched,
2897,AC137630.1,unmatched,
2898,AC137630.4,unmatched,
2899,P4HTM,exact,P4HTM
2900,WDR6,exact,WDR6
2901,DALRD3,exact,DALRD3
2902,NDUFAF3,exact,NDUFAF3
2903,IMPDH2,exact,IMPDH2
2904,AC137630.3,unmatched,
2905,QRICH1,exact,QRICH1
2906,QARS,official_alias,QARS
2907,USP19,exact,USP19
2908,CCDC71,exact,CCDC71
2909,KLHDC8B,exact,KLHDC8B
2910,C3orf62,exact,C3orf62
2911,USP4,exact,USP4
2912,RHOA,exact,RHOA
2913,TCTA,exact,TCTA
2914,AMT,exact,AMT
2915,AC104452.1,unmatched,
2916,DAG1,exact,DAG1
2917,BSN-DT,exact,BSN-DT
2918,APEH,exact,APEH
2919,MST1,exact,MST1
2920,RNF123,exact,RNF123
2921,GMPPB,exact,GMPPB
2922,IP6K1,exact,IP6K1
2923,INKA1,exact,INKA1
2924,UBA7,exact,UBA7
2925,TRAIP,exact,TRAIP
2926,AC105935.1,unmatched,
2927,MON1A,exact,MON1A
2928,RBM6,exact,RBM6
2929,RBM5,exact,RBM5
2930,RBM5-AS1,exact,RBM5-AS1
2931,SEMA3F-AS1,exact,SEMA3F-AS1
2932,GNAI2,exact,GNAI2
2933,U73166.1,unmatched,
2934,SEMA3B,exact,SEMA3B
2935,IFRD2,exact,IFRD2
2936,HYAL3,exact,HYAL3
2937,NAA80,exact,NAA80
2938,HYAL2,exact,HYAL2
2939,TUSC2,exact,TUSC2
2940,RASSF1,exact,RASSF1
2941,RASSF1-AS1,exact,RASSF1-AS1
2942,ZMYND10,exact,ZMYND10
2943,NPRL2,exact,NPRL2
2944,CYB561D2,unmatched,
2945,TMEM115,exact,TMEM115
2946,CACNA2D2,exact,CACNA2D2
2947,CYB561D2.1,unmatched,
2948,C3orf18,exact,C3orf18
2949,HEMK1,exact,HEMK1
2950,CISH,exact,CISH
2951,MAPKAPK3,exact,MAPKAPK3
2952,LINC02019,exact,LINC02019
2953,DOCK3,exact,DOCK3
2954,MANF,exact,MANF
2955,RBM15B,exact,RBM15B
2956,DCAF1,exact,DCAF1
2957,RAD54L2,exact,RAD54L2
2958,TEX264,exact,TEX264
2959,RRP9,exact,RRP9
2960,PARP3,exact,PARP3
2961,PCBP4,exact,PCBP4
2962,ABHD14B,exact,ABHD14B
2963,ABHD14A,exact,ABHD14A
2964,ABHD14A-ACY1,exact,ABHD14A-ACY1
2965,ACY1,exact,ACY1
2966,RPL29,exact,RPL29
2967,DUSP7,exact,DUSP7
2968,POC1A,exact,POC1A
2969,ALAS1,exact,ALAS1
2970,TWF2,exact,TWF2
2971,AC006252.1,unmatched,
2972,PPM1M,exact,PPM1M
2973,WDR82,exact,WDR82
2974,GLYCTK,exact,GLYCTK
2975,DNAH1,exact,DNAH1
2976,BAP1,exact,BAP1
2977,PHF7,exact,PHF7
2978,TNNC1,exact,TNNC1
2979,NISCH,exact,NISCH
2980,NT5DC2,exact,NT5DC2
2981,SMIM4,unmatched,
2982,PBRM1,exact,PBRM1
2983,GNL3,exact,GNL3
2984,GLT8D1,exact,GLT8D1
2985,SPCS1,exact,SPCS1
2986,NEK4,exact,NEK4
2987,ITIH4,exact,ITIH4
2988,AC006254.1,unmatched,
2989,TMEM110-MUSTN1,official_alias,TMEM110-MUSTN1
2990,STIMATE,exact,STIMATE
2991,SFMBT1,exact,SFMBT1
2992,AC096887.1,unmatched,
2993,RFT1,exact,RFT1
2994,PRKCD,exact,PRKCD
2995,TKT,exact,TKT
2996,DCP1A,exact,DCP1A
2997,CACNA1D,exact,CACNA1D
2998,CHDH,exact,CHDH
2999,AC012467.2,unmatched,
3000,ACTR8,exact,ACTR8
3001,SELENOK,exact,SELENOK
3002,CCDC66,exact,CCDC66
3003,FAM208A,official_alias,FAM208A
3004,ARHGEF3,exact,ARHGEF3
3005,IL17RD,exact,IL17RD
3006,HESX1,exact,HESX1
3007,APPL1,exact,APPL1
3008,ASB14,exact,ASB14
3009,DNAH12,exact,DNAH12
3010,PDE12,exact,PDE12
3011,ARF4,exact,ARF4
3012,ARF4-AS1,exact,ARF4-AS1
3013,DENND6A,exact,DENND6A
3014,DENND6A-AS1,unmatched,
3015,DENND6A-DT,exact,DENND6A-DT
3016,SLMAP,exact,SLMAP
3017,FLNB,exact,FLNB
3018,AC137936.1,unmatched,
3019,DNASE1L3,exact,DNASE1L3
3020,ABHD6,exact,ABHD6
3021,RPP14,exact,RPP14
3022,HTD2,exact,HTD2
3023,PXK,exact,PXK
3024,PDHB,exact,PDHB
3025,AC135507.1,unmatched,
3026,KCTD6,exact,KCTD6
3027,C3orf67,official_alias,C3orf67
3028,FHIT,exact,FHIT
3029,C3orf14,unmatched,
3030,C3orf49,exact,C3orf49
3031,THOC7,exact,THOC7
3032,ATXN7,exact,ATXN7
3033,ATXN7.1,unmatched,
3034,PSMD6-AS2,exact,PSMD6-AS2
3035,AC012557.1,unmatched,
3036,PSMD6,exact,PSMD6
3037,PSMD6-AS1,unmatched,
3038,AC012557.2,unmatched,
3039,PRICKLE2-AS3,exact,PRICKLE2-AS3
3040,SLC25A26,exact,SLC25A26
3041,LRIG1,exact,LRIG1
3042,KBTBD8,exact,KBTBD8
3043,AC114401.1,unmatched,
3044,SUCLG2,exact,SUCLG2
3045,SUCLG2-AS1,unmatched,
3046,FAM19A1,official_alias,FAM19A1
3047,EOGT,exact,EOGT
3048,AC109587.1,unmatched,
3049,TMF1,exact,TMF1
3050,UBA3,exact,UBA3
3051,ARL6IP5,exact,ARL6IP5
3052,LMOD3,exact,LMOD3
3053,FRMD4B,exact,FRMD4B
3054,SAMMSON,exact,SAMMSON
3055,FOXP1,exact,FOXP1
3056,FOXP1-AS1,exact,FOXP1-AS1
3057,AC097634.3,unmatched,
3058,AC097634.1,unmatched,
3059,EIF4E3,exact,EIF4E3
3060,RYBP,exact,RYBP
3061,SHQ1,exact,SHQ1
3062,PPP4R2,exact,PPP4R2
3063,EBLN2,exact,EBLN2
3064,LINC02018,exact,LINC02018
3065,ZNF717,exact,ZNF717
3066,GBE1,exact,GBE1
3067,LINC00971,exact,LINC00971
3068,CHMP2B,exact,CHMP2B
3069,CGGBP1,exact,CGGBP1
3070,ZNF654,exact,ZNF654
3071,C3orf38,exact,C3orf38
3072,ARL13B,exact,ARL13B
3073,STX19,exact,STX19
3074,DHFR2,exact,DHFR2
3075,NSUN3,exact,NSUN3
3076,MTRNR2L12,exact,MTRNR2L12
3077,ARL6,exact,ARL6
3078,CRYBG3,exact,CRYBG3
3079,RIOX2,exact,RIOX2
3080,OR5H14,exact,OR5H14
3081,CLDND1,exact,CLDND1
3082,CPOX,exact,CPOX
3083,DCBLD2,exact,DCBLD2
3084,COL8A1,exact,COL8A1
3085,AC069222.1,unmatched,
3086,CMSS1,exact,CMSS1
3087,FILIP1L,exact,FILIP1L
3088,TBC1D23,exact,TBC1D23
3089,NIT2,exact,NIT2
3090,TOMM70,exact,TOMM70
3091,LNP1,exact,LNP1
3092,TFG,exact,TFG
3093,ABI3BP,exact,ABI3BP
3094,IMPG2,exact,IMPG2
3095,SENP7,exact,SENP7
3096,TRMT10C,exact,TRMT10C
3097,PCNP,exact,PCNP
3098,ZBTB11,exact,ZBTB11
3099,ZBTB11-AS1,exact,ZBTB11-AS1
3100,RPL24,exact,RPL24
3101,CEP97,exact,CEP97
3102,NXPE3,exact,NXPE3
3103,AC020651.1,unmatched,
3104,NFKBIZ,exact,NFKBIZ
3105,ALCAM,exact,ALCAM
3106,CBLB,exact,CBLB
3107,DUBR,exact,DUBR
3108,BBX,exact,BBX
3109,CD47,exact,CD47
3110,LINC01215,exact,LINC01215
3111,IFT57,exact,IFT57
3112,HHLA2,exact,HHLA2
3113,CIP2A,exact,CIP2A
3114,DZIP3,exact,DZIP3
3115,TRAT1,exact,TRAT1
3116,DPPA4,exact,DPPA4
3117,NECTIN3,exact,NECTIN3
3118,CD96,exact,CD96
3119,ZBED2,exact,ZBED2
3120,PLCXD2,exact,PLCXD2
3121,ABHD10,exact,ABHD10
3122,C3orf52,exact,C3orf52
3123,GCSAM,exact,GCSAM
3124,CD200,exact,CD200
3125,BTLA,exact,BTLA
3126,ATG3,exact,ATG3
3127,SLC35A5,exact,SLC35A5
3128,LINC02042,exact,LINC02042
3129,CD200R1,exact,CD200R1
3130,AC074044.1,unmatched,
3131,GTPBP8,exact,GTPBP8
3132,NEPRO,exact,NEPRO
3133,AC078785.1,unmatched,
3134,AC078785.2,unmatched,
3135,BOC,exact,BOC
3136,CFAP44,exact,CFAP44
3137,SPICE1,exact,SPICE1
3138,SIDT1,exact,SIDT1
3139,SIDT1-AS1,exact,SIDT1-AS1
3140,USF3,exact,USF3
3141,NAA50,exact,NAA50
3142,ATP6V1A,exact,ATP6V1A
3143,GRAMD1C,exact,GRAMD1C
3144,ZDHHC23,exact,ZDHHC23
3145,CCDC191,exact,CCDC191
3146,QTRT2,exact,QTRT2
3147,AC093010.2,unmatched,
3148,ZNF80,exact,ZNF80
3149,TIGIT,exact,TIGIT
3150,ZBTB20,exact,ZBTB20
3151,ZBTB20-AS2,unmatched,
3152,ZBTB20-AS4,exact,ZBTB20-AS4
3153,UPK1B,exact,UPK1B
3154,B4GALT4,exact,B4GALT4
3155,ARHGAP31,exact,ARHGAP31
3156,TMEM39A,exact,TMEM39A
3157,POGLUT1,exact,POGLUT1
3158,AC073352.1,unmatched,
3159,TIMMDC1,exact,TIMMDC1
3160,POPDC2,exact,POPDC2
3161,COX17,exact,COX17
3162,MAATS1,official_alias,MAATS1
3163,GSK3B,exact,GSK3B
3164,AC092910.3,unmatched,
3165,LRRC58,exact,LRRC58
3166,NDUFB4,exact,NDUFB4
3167,RABL3,exact,RABL3
3168,GTF2E1,exact,GTF2E1
3169,POLQ,exact,POLQ
3170,FBXO40,exact,FBXO40
3171,HCLS1,exact,HCLS1
3172,GOLGB1,exact,GOLGB1
3173,IQCB1,exact,IQCB1
3174,EAF2,exact,EAF2
3175,SLC15A2,exact,SLC15A2
3176,CCDC58,official_alias,CCDC58
3177,FAM162A,exact,FAM162A
3178,WDR5B,exact,WDR5B
3179,AC083798.2,unmatched,
3180,KPNA1,exact,KPNA1
3181,PARP9,exact,PARP9
3182,DTX3L,exact,DTX3L
3183,PARP15,exact,PARP15
3184,PARP14,exact,PARP14
3185,HSPBAP1,exact,HSPBAP1
3186,DIRC2,official_alias,DIRC2
3187,LINC02035,exact,LINC02035
3188,PDIA5,exact,PDIA5
3189,SEC22A,exact,SEC22A
3190,AC112503.2,unmatched,
3191,AC112503.1,unmatched,
3192,HACD2,exact,HACD2
3193,MYLK-AS1,exact,MYLK-AS1
3194,MYLK,exact,MYLK
3195,CCDC14,exact,CCDC14
3196,KALRN,exact,KALRN
3197,UMPS,exact,UMPS
3198,HEG1,exact,HEG1
3199,ZNF148,exact,ZNF148
3200,SNX4,exact,SNX4
3201,OSBPL11,exact,OSBPL11
3202,AC092903.2,unmatched,
3203,ALG1L,unmatched,
3204,SLC41A3,exact,SLC41A3
3205,KLF15,exact,KLF15
3206,ZXDC,exact,ZXDC
3207,TXNRD3,exact,TXNRD3
3208,CHCHD6,exact,CHCHD6
3209,PLXNA1,exact,PLXNA1
3210,TPRA1,exact,TPRA1
3211,MCM2,exact,MCM2
3212,PODXL2,exact,PODXL2
3213,ABTB1,exact,ABTB1
3214,MGLL,exact,MGLL
3215,KBTBD12,exact,KBTBD12
3216,SEC61A1,exact,SEC61A1
3217,RUVBL1,exact,RUVBL1
3218,EEFSEC,exact,EEFSEC
3219,RPN1,exact,RPN1
3220,RAB7A,exact,RAB7A
3221,AC112484.3,unmatched,
3222,ACAD9,exact,ACAD9
3223,KIAA1257,official_alias,KIAA1257
3224,EFCC1,exact,EFCC1
3225,RAB43,exact,RAB43
3226,AC108673.2,unmatched,
3227,ISY1,exact,ISY1
3228,AC108673.3,unmatched,
3229,CNBP,exact,CNBP
3230,COPG1,exact,COPG1
3231,HMCES,exact,HMCES
3232,H1FX,official_alias,H1FX
3233,H1FX-AS1,unmatched,
3234,EFCAB12,exact,EFCAB12
3235,MBD4,exact,MBD4
3236,IFT122,exact,IFT122
3237,PLXND1,exact,PLXND1
3238,TMCC1,exact,TMCC1
3239,TMCC1-AS1,official_alias,TMCC1-AS1
3240,ALG1L2,exact,ALG1L2
3241,LINC02021,exact,LINC02021
3242,COL6A6,exact,COL6A6
3243,PIK3R4,exact,PIK3R4
3244,ATP2C1,exact,ATP2C1
3245,ASTE1,exact,ASTE1
3246,NEK11,exact,NEK11
3247,NUDT16,exact,NUDT16
3248,MRPL3,exact,MRPL3
3249,AC107027.1,unmatched,
3250,DNAJC13,exact,DNAJC13
3251,ACAD11,exact,ACAD11
3252,ACKR4,exact,ACKR4
3253,UBA5,exact,UBA5
3254,NPHP3,exact,NPHP3
3255,NPHP3-AS1,exact,NPHP3-AS1
3256,BFSP2-AS1,exact,BFSP2-AS1
3257,CDV3,exact,CDV3
3258,TOPBP1,exact,TOPBP1
3259,TF,exact,TF
3260,SRPRB,exact,SRPRB
3261,RYK,exact,RYK
3262,ANAPC13,exact,ANAPC13
3263,CEP63,exact,CEP63
3264,PPP2R3A,exact,PPP2R3A
3265,AC072039.2,unmatched,
3266,MSL2,exact,MSL2
3267,PCCB,exact,PCCB
3268,STAG1,exact,STAG1
3269,AC117382.2,unmatched,
3270,SLC35G2,exact,SLC35G2
3271,AC096992.2,unmatched,
3272,NCK1-DT,unmatched,
3273,NCK1,exact,NCK1
3274,DBR1,exact,DBR1
3275,ARMC8,exact,ARMC8
3276,NME9,exact,NME9
3277,ESYT3,exact,ESYT3
3278,CEP70,exact,CEP70
3279,FAIM,exact,FAIM
3280,PIK3CB,exact,PIK3CB
3281,MRPS22,exact,MRPS22
3282,AC024933.1,unmatched,
3283,COPB2,exact,COPB2
3284,AC097103.2,unmatched,
3285,NMNAT3,exact,NMNAT3
3286,SLC25A36,exact,SLC25A36
3287,PXYLP1,exact,PXYLP1
3288,ZBTB38,exact,ZBTB38
3289,RASA2,exact,RASA2
3290,RNF7,exact,RNF7
3291,ATP1B3,exact,ATP1B3
3292,ATP1B3-AS1,exact,ATP1B3-AS1
3293,TFDP2,exact,TFDP2
3294,GK5,exact,GK5
3295,XRN1,exact,XRN1
3296,ATR,exact,ATR
3297,PLS1,exact,PLS1
3298,TRPC1,exact,TRPC1
3299,U2SURP,exact,U2SURP
3300,AC026304.1,unmatched,
3301,CHST2,exact,CHST2
3302,SLC9A9,exact,SLC9A9
3303,C3orf58,official_alias,C3orf58
3304,PLSCR2,exact,PLSCR2
3305,PLSCR1,exact,PLSCR1
3306,GYG1,exact,GYG1
3307,HLTF,exact,HLTF
3308,HPS3,exact,HPS3
3309,CP,exact,CP
3310,WWTR1,exact,WWTR1
3311,COMMD2,exact,COMMD2
3312,RNF13,exact,RNF13
3313,PFN2,exact,PFN2
3314,TSC22D2,exact,TSC22D2
3315,SERP1,exact,SERP1
3316,EIF2A,exact,EIF2A
3317,SELENOT,exact,SELENOT
3318,ERICH6-AS1,exact,ERICH6-AS1
3319,SIAH2,exact,SIAH2
3320,MED12L,exact,MED12L
3321,GPR171,exact,GPR171
3322,AC108718.1,unmatched,
3323,MBNL1,exact,MBNL1
3324,MBNL1-AS1,exact,MBNL1-AS1
3325,AC026347.1,unmatched,
3326,AC117394.2,unmatched,
3327,RAP2B,exact,RAP2B
3328,ARHGEF26,exact,ARHGEF26
3329,DHX36,exact,DHX36
3330,C3orf33,exact,C3orf33
3331,AC104472.3,unmatched,
3332,SLC33A1,exact,SLC33A1
3333,GMPS,exact,GMPS
3334,KCNAB1,exact,KCNAB1
3335,AC084036.1,unmatched,
3336,SSR3,exact,SSR3
3337,TIPARP-AS1,unmatched,
3338,TIPARP,exact,TIPARP
3339,LINC00886,exact,LINC00886
3340,LEKR1,exact,LEKR1
3341,LINC00880,exact,LINC00880
3342,CCNL1,exact,CCNL1
3343,PTX3,exact,PTX3
3344,RSRC1,exact,RSRC1
3345,AC106707.1,unmatched,
3346,MLF1,exact,MLF1
3347,GFM1,exact,GFM1
3348,LXN,exact,LXN
3349,AC080013.6,unmatched,
3350,RARRES1,exact,RARRES1
3351,MFSD1,exact,MFSD1
3352,AC080013.1,unmatched,
3353,AC080013.5,unmatched,
3354,IFT80,exact,IFT80
3355,SMC4,exact,SMC4
3356,TRIM59,exact,TRIM59
3357,KPNA4,exact,KPNA4
3358,AC069224.1,unmatched,
3359,PPM1L,exact,PPM1L
3360,B3GALNT1,exact,B3GALNT1
3361,NMD3,exact,NMD3
3362,LINC02067,exact,LINC02067
3363,PDCD10,exact,PDCD10
3364,SERPINI1,exact,SERPINI1
3365,TERC,unmatched,
3366,AC078802.1,unmatched,
3367,MYNN,exact,MYNN
3368,AC078795.1,unmatched,
3369,LRRC34,exact,LRRC34
3370,AC078795.3,unmatched,
3371,AC078795.2,unmatched,
3372,AC008040.1,unmatched,
3373,SEC62,exact,SEC62
3374,SEC62-AS1,exact,SEC62-AS1
3375,GPR160,exact,GPR160
3376,PHC3,exact,PHC3
3377,AC008040.5,unmatched,
3378,PRKCI,exact,PRKCI
3379,SKIL,exact,SKIL
3380,SLC7A14,exact,SLC7A14
3381,RPL22L1,exact,RPL22L1
3382,EIF5A2,exact,EIF5A2
3383,TNIK,exact,TNIK
3384,FNDC3B,exact,FNDC3B
3385,TNFSF10,exact,TNFSF10
3386,NCEH1,exact,NCEH1
3387,ECT2,exact,ECT2
3388,NAALADL2,exact,NAALADL2
3389,LINC01209,exact,LINC01209
3390,TBL1XR1,exact,TBL1XR1
3391,LINC00501,exact,LINC00501
3392,ZMAT3,exact,ZMAT3
3393,PIK3CA,exact,PIK3CA
3394,KCNMB3,exact,KCNMB3
3395,ZNF639,exact,ZNF639
3396,AC007823.1,unmatched,
3397,MFN1,exact,MFN1
3398,GNB4,exact,GNB4
3399,AC007620.2,unmatched,
3400,AC007620.3,unmatched,
3401,ACTL6A,exact,ACTL6A
3402,AC090425.2,unmatched,
3403,MRPL47,exact,MRPL47
3404,NDUFB5,exact,NDUFB5
3405,USP13,exact,USP13
3406,PEX5L,exact,PEX5L
3407,TTC14,exact,TTC14
3408,CCDC39,unmatched,
3409,FXR1,exact,FXR1
3410,DNAJC19,exact,DNAJC19
3411,ATP11B,exact,ATP11B
3412,AC092953.2,unmatched,
3413,DCUN1D1,exact,DCUN1D1
3414,MCCC1,exact,MCCC1
3415,LAMP3,exact,LAMP3
3416,MCF2L2,exact,MCF2L2
3417,KLHL6,exact,KLHL6
3418,KLHL6-AS1,exact,KLHL6-AS1
3419,KLHL24,exact,KLHL24
3420,YEATS2,exact,YEATS2
3421,YEATS2-AS1,unmatched,
3422,PARL,exact,PARL
3423,ABCC5,exact,ABCC5
3424,AC131235.4,unmatched,
3425,AC131235.3,unmatched,
3426,EIF2B5,exact,EIF2B5
3427,DVL3,exact,DVL3
3428,AP2M1,exact,AP2M1
3429,ABCF3,exact,ABCF3
3430,ALG3,exact,ALG3
3431,EEF1AKMT4,exact,EEF1AKMT4
3432,PSMD2,exact,PSMD2
3433,EIF4G1,exact,EIF4G1
3434,FAM131A,exact,FAM131A
3435,CLCN2,exact,CLCN2
3436,POLR2H,exact,POLR2H
3437,LINC01840,exact,LINC01840
3438,MAGEF1,exact,MAGEF1
3439,VPS8,exact,VPS8
3440,EHHADH,exact,EHHADH
3441,MAP3K13,exact,MAP3K13
3442,TMEM41A,exact,TMEM41A
3443,LIPH,exact,LIPH
3444,SENP2,exact,SENP2
3445,TRA2B,exact,TRA2B
3446,CRYGS,exact,CRYGS
3447,TBCCD1,exact,TBCCD1
3448,DNAJB11,exact,DNAJB11
3449,AC068631.1,unmatched,
3450,AC112907.3,unmatched,
3451,EIF4A2,exact,EIF4A2
3452,RFC4,exact,RFC4
3453,LINC02043,exact,LINC02043
3454,ST6GAL1,exact,ST6GAL1
3455,RPL39L,exact,RPL39L
3456,RTP4,exact,RTP4
3457,BCL6,exact,BCL6
3458,LPP-AS2,exact,LPP-AS2
3459,LPP,exact,LPP
3460,TPRG1,exact,TPRG1
3461,IL1RAP,exact,IL1RAP
3462,CCDC50,exact,CCDC50
3463,MB21D2,exact,MB21D2
3464,ATP13A4,exact,ATP13A4
3465,OPA1,exact,OPA1
3466,AC080129.2,unmatched,
3467,LINC00887,exact,LINC00887
3468,GP5,exact,GP5
3469,ATP13A3,exact,ATP13A3
3470,LINC00884,unmatched,
3471,TMEM44-AS1,unmatched,
3472,TMEM44,exact,TMEM44
3473,LSG1,exact,LSG1
3474,FAM43A,exact,FAM43A
3475,XXYLT1,exact,XXYLT1
3476,XXYLT1-AS2,unmatched,
3477,ACAP2,exact,ACAP2
3478,PPP1R2,exact,PPP1R2
3479,AC069213.1,unmatched,
3480,AC233280.1,unmatched,
3481,MUC20-OT1,unmatched,
3482,MUC20,exact,MUC20
3483,TNK2,exact,TNK2
3484,TNK2-AS1,unmatched,
3485,AC124944.1,unmatched,
3486,TFRC,exact,TFRC
3487,ZDHHC19,exact,ZDHHC19
3488,SLC51A,exact,SLC51A
3489,PCYT1A,exact,PCYT1A
3490,TCTEX1D2,official_alias,TCTEX1D2
3491,TM4SF19-AS1,exact,TM4SF19-AS1
3492,UBXN7,exact,UBXN7
3493,RNF168,exact,RNF168
3494,WDR53,exact,WDR53
3495,FBXO45,exact,FBXO45
3496,LINC01063,unmatched,
3497,NRROS,exact,NRROS
3498,PIGX,exact,PIGX
3499,CEP19,exact,CEP19
3500,PAK2,exact,PAK2
3501,SENP5,exact,SENP5
3502,NCBP2,exact,NCBP2
3503,NCBP2-AS1,exact,NCBP2-AS1
3504,NCBP2-AS2,official_alias,NCBP2-AS2
3505,PIGZ,exact,PIGZ
3506,MELTF,exact,MELTF
3507,MELTF-AS1,exact,MELTF-AS1
3508,DLG1,exact,DLG1
3509,BDH1,exact,BDH1
3510,AC024560.1,unmatched,
3511,RUBCN,exact,RUBCN
3512,FYTTD1,exact,FYTTD1
3513,AC055764.2,unmatched,
3514,LRCH3,exact,LRCH3
3515,IQCG,exact,IQCG
3516,RPL35A,exact,RPL35A
3517,LMLN,exact,LMLN
3518,ZNF595,exact,ZNF595
3519,ZNF718,exact,ZNF718
3520,ZNF141,exact,ZNF141
3521,AC092574.1,unmatched,
3522,ZNF721,exact,ZNF721
3523,PIGG,exact,PIGG
3524,PDE6B,exact,PDE6B
3525,AC107464.1,unmatched,
3526,AC107464.3,unmatched,
3527,ATP5ME,exact,ATP5ME
3528,MYL5,exact,MYL5
3529,SLC49A3,exact,SLC49A3
3530,PCGF3,exact,PCGF3
3531,AC139887.4,unmatched,
3532,AC139887.2,unmatched,
3533,AC139887.1,unmatched,
3534,CPLX1,exact,CPLX1
3535,GAK,exact,GAK
3536,TMEM175,exact,TMEM175
3537,DGKQ,exact,DGKQ
3538,SLC26A1,exact,SLC26A1
3539,IDUA,exact,IDUA
3540,FGFRL1,exact,FGFRL1
3541,RNF212,exact,RNF212
3542,AC092535.1,unmatched,
3543,SPON2,exact,SPON2
3544,AC092535.4,unmatched,
3545,CTBP1-AS,exact,CTBP1-AS
3546,CTBP1,exact,CTBP1
3547,CTBP1-DT,exact,CTBP1-DT
3548,MAEA,exact,MAEA
3549,UVSSA,exact,UVSSA
3550,AC147067.2,unmatched,
3551,AC147067.1,unmatched,
3552,FAM53A,exact,FAM53A
3553,SLBP,exact,SLBP
3554,AC016773.1,unmatched,
3555,TMEM129,exact,TMEM129
3556,TACC3,exact,TACC3
3557,LETM1,exact,LETM1
3558,NSD2,exact,NSD2
3559,NELFA,exact,NELFA
3560,C4orf48,unmatched,
3561,POLN,exact,POLN
3562,HAUS3,exact,HAUS3
3563,MXD4,exact,MXD4
3564,ZFYVE28,exact,ZFYVE28
3565,RNF4,exact,RNF4
3566,FAM193A,exact,FAM193A
3567,TNIP2,exact,TNIP2
3568,SH3BP2,exact,SH3BP2
3569,ADD1,exact,ADD1
3570,MFSD10,exact,MFSD10
3571,NOP14-AS1,unmatched,
3572,NOP14,exact,NOP14
3573,GRK4,exact,GRK4
3574,HTT,exact,HTT
3575,MSANTD1,exact,MSANTD1
3576,RGS12,exact,RGS12
3577,LRPAP1,exact,LRPAP1
3578,TMEM128,exact,TMEM128
3579,LYAR,exact,LYAR
3580,ZBTB49,exact,ZBTB49
3581,NSG1,exact,NSG1
3582,STX18,exact,STX18
3583,STX18-AS1,exact,STX18-AS1
3584,EVC2,exact,EVC2
3585,JAKMIP1,exact,JAKMIP1
3586,WFS1,exact,WFS1
3587,PPP2R2C,exact,PPP2R2C
3588,MAN2B2,exact,MAN2B2
3589,MRFAP1,exact,MRFAP1
3590,LINC02482,unmatched,
3591,AC093323.1,unmatched,
3592,LINC002481,official_alias,LINC002481
3593,S100P,exact,S100P
3594,MRFAP1L1,exact,MRFAP1L1
3595,BLOC1S4,exact,BLOC1S4
3596,KIAA0232,exact,KIAA0232
3597,TBC1D14,exact,TBC1D14
3598,AC097382.2,unmatched,
3599,CCDC96,exact,CCDC96
3600,TADA2B,exact,TADA2B
3601,GRPEL1,exact,GRPEL1
3602,LINC02447,exact,LINC02447
3603,AFAP1-AS1,exact,AFAP1-AS1
3604,AFAP1,exact,AFAP1
3605,ABLIM2,exact,ABLIM2
3606,SH3TC1,exact,SH3TC1
3607,AC104825.1,unmatched,
3608,ACOX3,exact,ACOX3
3609,TRMT44,exact,TRMT44
3610,AC105345.1,unmatched,
3611,SLC2A9,exact,SLC2A9
3612,WDR1,exact,WDR1
3613,ZNF518B,exact,ZNF518B
3614,CLNK,exact,CLNK
3615,HS3ST1,exact,HS3ST1
3616,AC007370.2,unmatched,
3617,RAB28,exact,RAB28
3618,BOD1L1,exact,BOD1L1
3619,LINC00504,exact,LINC00504
3620,CPEB2-DT,exact,CPEB2-DT
3621,CPEB2,exact,CPEB2
3622,AC098829.1,unmatched,
3623,AC099550.1,unmatched,
3624,CC2D2A,exact,CC2D2A
3625,FBXL5,exact,FBXL5
3626,FAM200B,exact,FAM200B
3627,BST1,exact,BST1
3628,CD38,exact,CD38
3629,FGFBP2,exact,FGFBP2
3630,TAPT1,exact,TAPT1
3631,TAPT1-AS1,exact,TAPT1-AS1
3632,QDPR,exact,QDPR
3633,LAP3,exact,LAP3
3634,AC006160.1,unmatched,
3635,MED28,exact,MED28
3636,FAM184B,exact,FAM184B
3637,DCAF16,exact,DCAF16
3638,NCAPG,exact,NCAPG
3639,LCORL,exact,LCORL
3640,PACRGL,exact,PACRGL
3641,KCNIP4-IT1,exact,KCNIP4-IT1
3642,ADGRA3,exact,ADGRA3
3643,DHX15,exact,DHX15
3644,CCDC149,exact,CCDC149
3645,SEPSECS,exact,SEPSECS
3646,SEPSECS-AS1,exact,SEPSECS-AS1
3647,AC104662.1,unmatched,
3648,PI4K2B,exact,PI4K2B
3649,ZCCHC4,exact,ZCCHC4
3650,ANAPC4,exact,ANAPC4
3651,SEL1L3,exact,SEL1L3
3652,AC092436.4,unmatched,
3653,SMIM20,exact,SMIM20
3654,RBPJ,exact,RBPJ
3655,TBC1D19,exact,TBC1D19
3656,STIM2,exact,STIM2
3657,ARAP2,exact,ARAP2
3658,C4orf19,exact,C4orf19
3659,RELL1,exact,RELL1
3660,PGM2,exact,PGM2
3661,TBC1D1,exact,TBC1D1
3662,PTTG2,exact,PTTG2
3663,LINC02513,exact,LINC02513
3664,LINC01259,exact,LINC01259
3665,AC021860.1,unmatched,
3666,KLF3,exact,KLF3
3667,TLR1,exact,TLR1
3668,TLR6,exact,TLR6
3669,FAM114A1,exact,FAM114A1
3670,TMEM156,exact,TMEM156
3671,KLHL5,exact,KLHL5
3672,WDR19,exact,WDR19
3673,RFC1,exact,RFC1
3674,KLB,exact,KLB
3675,RPL9,exact,RPL9
3676,LIAS,exact,LIAS
3677,UGDH,exact,UGDH
3678,UGDH-AS1,exact,UGDH-AS1
3679,SMIM14,exact,SMIM14
3680,AC108471.2,unmatched,
3681,UBE2K,exact,UBE2K
3682,PDS5A,exact,PDS5A
3683,N4BP2,exact,N4BP2
3684,RHOH,exact,RHOH
3685,LINC02265,exact,LINC02265
3686,RBM47,exact,RBM47
3687,TMEM33,exact,TMEM33
3688,DCAF4L1,exact,DCAF4L1
3689,AC106052.1,unmatched,
3690,SLC30A9,exact,SLC30A9
3691,ATP8A1,exact,ATP8A1
3692,AC096734.2,unmatched,
3693,GUF1,exact,GUF1
3694,GNPDA2,exact,GNPDA2
3695,AC096586.2,unmatched,
3696,AC096586.1,unmatched,
3697,COMMD8,exact,COMMD8
3698,ATP10D,exact,ATP10D
3699,AC107068.1,unmatched,
3700,NFXL1,exact,NFXL1
3701,NIPAL1,exact,NIPAL1
3702,TXK,exact,TXK
3703,TEC,exact,TEC
3704,SLAIN2,exact,SLAIN2
3705,FRYL,exact,FRYL
3706,OCIAD1,exact,OCIAD1
3707,OCIAD2,exact,OCIAD2
3708,DCUN1D4,exact,DCUN1D4
3709,AC027271.1,unmatched,
3710,SGCB,exact,SGCB
3711,USP46,exact,USP46
3712,USP46-AS1,official_alias,USP46-AS1
3713,RASL11B,exact,RASL11B
3714,SCFD2,exact,SCFD2
3715,AC023154.1,unmatched,
3716,FIP1L1,exact,FIP1L1
3717,LNX1,exact,LNX1
3718,AC110792.3,unmatched,
3719,CHIC2,exact,CHIC2
3720,AC110792.2,unmatched,
3721,SRD5A3,exact,SRD5A3
3722,TMEM165,exact,TMEM165
3723,CLOCK,exact,CLOCK
3724,AC024243.1,unmatched,
3725,EXOC1,exact,EXOC1
3726,CEP135,exact,CEP135
3727,AASDH,exact,AASDH
3728,AC068620.1,unmatched,
3729,PPAT,exact,PPAT
3730,AC068620.2,unmatched,
3731,PAICS,exact,PAICS
3732,SRP72,exact,SRP72
3733,ARL9,exact,ARL9
3734,HOPX,exact,HOPX
3735,SPINK2,exact,SPINK2
3736,REST,exact,REST
3737,AC069307.1,unmatched,
3738,NOA1,exact,NOA1
3739,POLR2B,unmatched,
3740,LINC02271,exact,LINC02271
3741,AC020741.1,unmatched,
3742,AC104806.2,unmatched,
3743,CENPC,exact,CENPC
3744,STAP1,exact,STAP1
3745,UBA6,exact,UBA6
3746,UBA6-AS1,unmatched,
3747,YTHDC1,exact,YTHDC1
3748,SULT1B1,exact,SULT1B1
3749,UTP3,exact,UTP3
3750,AC009570.1,unmatched,
3751,RUFY3,exact,RUFY3
3752,GRSF1,exact,GRSF1
3753,MOB1B,exact,MOB1B
3754,DCK,exact,DCK
3755,COX18,exact,COX18
3756,ANKRD17,exact,ANKRD17
3757,AC053527.1,unmatched,
3758,ALB,exact,ALB
3759,RASSF6,exact,RASSF6
3760,MTHFD2L,exact,MTHFD2L
3761,AC093677.2,unmatched,
3762,AREG,exact,AREG
3763,RCHY1,exact,RCHY1
3764,THAP6,exact,THAP6
3765,ODAPH,exact,ODAPH
3766,CDKL2,exact,CDKL2
3767,G3BP2,exact,G3BP2
3768,USO1,exact,USO1
3769,AC110615.1,unmatched,
3770,PPEF2,exact,PPEF2
3771,NAAA,exact,NAAA
3772,SDAD1,exact,SDAD1
3773,ART3,exact,ART3
3774,NUP54,exact,NUP54
3775,SCARB2,exact,SCARB2
3776,FAM47E,exact,FAM47E
3777,SEPT11,official_alias,SEPT11
3778,CCNI,exact,CCNI
3779,CCNG2,exact,CCNG2
3780,CNOT6L,exact,CNOT6L
3781,MRPL1,exact,MRPL1
3782,AC098818.2,unmatched,
3783,BMP2K,exact,BMP2K
3784,PAQR3,exact,PAQR3
3785,ANTXR2,exact,ANTXR2
3786,PRDM8,exact,PRDM8
3787,CFAP299,exact,CFAP299
3788,PRKG2,exact,PRKG2
3789,RASGEF1B,exact,RASGEF1B
3790,AC124016.2,unmatched,
3791,HNRNPD,exact,HNRNPD
3792,AC124016.1,unmatched,
3793,HNRNPDL,exact,HNRNPDL
3794,ENOPH1,exact,ENOPH1
3795,TMEM150C,exact,TMEM150C
3796,SEC31A,exact,SEC31A
3797,THAP9-AS1,exact,THAP9-AS1
3798,THAP9,exact,THAP9
3799,LIN54,exact,LIN54
3800,COPS4,exact,COPS4
3801,PLAC8,exact,PLAC8
3802,COQ2,exact,COQ2
3803,HPSE,exact,HPSE
3804,HELQ,exact,HELQ
3805,MRPS18C,exact,MRPS18C
3806,ABRAXAS1,exact,ABRAXAS1
3807,GPAT3,exact,GPAT3
3808,CDS1,exact,CDS1
3809,AC093827.5,unmatched,
3810,AC093827.4,unmatched,
3811,AFF1,exact,AFF1
3812,KLHL8,exact,KLHL8
3813,HSD17B13,exact,HSD17B13
3814,HSD17B11,exact,HSD17B11
3815,NUDT9,exact,NUDT9
3816,AC112250.2,unmatched,
3817,PKD2,exact,PKD2
3818,ABCG2,exact,ABCG2
3819,PPM1K,exact,PPM1K
3820,AC107067.1,unmatched,
3821,HERC6,exact,HERC6
3822,HERC5,exact,HERC5
3823,PYURF,exact,PYURF
3824,AC083829.2,unmatched,
3825,HERC3,exact,HERC3
3826,NAP1L5,exact,NAP1L5
3827,FAM13A-AS1,exact,FAM13A-AS1
3828,FAM13A,exact,FAM13A
3829,TIGD2,exact,TIGD2
3830,AC104785.1,unmatched,
3831,GPRIN3,exact,GPRIN3
3832,SNCA,exact,SNCA
3833,MMRN1,exact,MMRN1
3834,CCSER1,exact,CCSER1
3835,SMARCAD1,exact,SMARCAD1
3836,PDLIM5,exact,PDLIM5
3837,BMPR1B,exact,BMPR1B
3838,STPG2,exact,STPG2
3839,RAP1GDS1,exact,RAP1GDS1
3840,TSPAN5,exact,TSPAN5
3841,AC114811.2,unmatched,
3842,EIF4E,exact,EIF4E
3843,METAP1,exact,METAP1
3844,AC019131.2,unmatched,
3845,ADH5,exact,ADH5
3846,AP002026.1,unmatched,
3847,TRMT10A,exact,TRMT10A
3848,DAPP1,exact,DAPP1
3849,LAMTOR3,exact,LAMTOR3
3850,DNAJB14,exact,DNAJB14
3851,H2AFZ,official_alias,H2AFZ
3852,PPP3CA,exact,PPP3CA
3853,AP001816.1,unmatched,
3854,BANK1,exact,BANK1
3855,SLC39A8,exact,SLC39A8
3856,AC098487.1,unmatched,
3857,AF213884.3,unmatched,
3858,NFKB1,exact,NFKB1
3859,MANBA,exact,MANBA
3860,UBE2D3,exact,UBE2D3
3861,AC018797.2,unmatched,
3862,CISD2,exact,CISD2
3863,SLC9B1,exact,SLC9B1
3864,SLC9B2,exact,SLC9B2
3865,BDH2,exact,BDH2
3866,CENPE,exact,CENPE
3867,LINC02503,unmatched,
3868,AC004069.1,unmatched,
3869,TET2,exact,TET2
3870,TET2-AS1,unmatched,
3871,PPA2,exact,PPA2
3872,INTS12,exact,INTS12
3873,GSTCD,exact,GSTCD
3874,AC109361.1,unmatched,
3875,TBCK,exact,TBCK
3876,AIMP1,exact,AIMP1
3877,PAPSS1,exact,PAPSS1
3878,CYP2U1,exact,CYP2U1
3879,AC096564.2,unmatched,
3880,HADH,exact,HADH
3881,LEF1,exact,LEF1
3882,RPL34-AS1,official_alias,RPL34-AS1
3883,RPL34,exact,RPL34
3884,OSTC,exact,OSTC
3885,SEC24B-AS1,exact,SEC24B-AS1
3886,SEC24B,exact,SEC24B
3887,MCUB,exact,MCUB
3888,CASP6,exact,CASP6
3889,AC004067.1,unmatched,
3890,PLA2G12A,exact,PLA2G12A
3891,GAR1,exact,GAR1
3892,RRH,exact,RRH
3893,ELOVL6,exact,ELOVL6
3894,FAM241A,exact,FAM241A
3895,AC109347.1,unmatched,
3896,AP1AR,exact,AP1AR
3897,TIFA,exact,TIFA
3898,ALPK1,exact,ALPK1
3899,ZGRF1,exact,ZGRF1
3900,LARP7,exact,LARP7
3901,CAMK2D,exact,CAMK2D
3902,ARSJ,exact,ARSJ
3903,SNHG8,unmatched,
3904,METTL14,exact,METTL14
3905,SEC24D,exact,SEC24D
3906,SYNPO2,exact,SYNPO2
3907,USP53,exact,USP53
3908,C4orf3,exact,C4orf3
3909,AC093752.3,unmatched,
3910,AC093752.2,unmatched,
3911,PDE5A,exact,PDE5A
3912,MAD2L1,exact,MAD2L1
3913,AC108866.1,unmatched,
3914,PRDM5,exact,PRDM5
3915,TNIP3,exact,TNIP3
3916,ANXA5,exact,ANXA5
3917,EXOSC9,exact,EXOSC9
3918,CCNA2,exact,CCNA2
3919,BBS7,exact,BBS7
3920,KIAA1109,unmatched,
3921,BBS12,exact,BBS12
3922,NUDT6,exact,NUDT6
3923,SPATA5,unmatched,
3924,SPRY1,exact,SPRY1
3925,ANKRD50,exact,ANKRD50
3926,INTU,exact,INTU
3927,HSPA4L,exact,HSPA4L
3928,AC093591.2,unmatched,
3929,PLK4,exact,PLK4
3930,MFSD8,exact,MFSD8
3931,ABHD18,exact,ABHD18
3932,LARP1B,exact,LARP1B
3933,PGRMC2,exact,PGRMC2
3934,AC108062.1,unmatched,
3935,JADE1,exact,JADE1
3936,SCLT1,exact,SCLT1
3937,C4orf33,exact,C4orf33
3938,AC096711.2,unmatched,
3939,AC096711.1,unmatched,
3940,NOCT,exact,NOCT
3941,ELF2,exact,ELF2
3942,MGARP,exact,MGARP
3943,NDUFC1,exact,NDUFC1
3944,NAA15,exact,NAA15
3945,AC097376.2,unmatched,
3946,RAB33B,exact,RAB33B
3947,SETD7,exact,SETD7
3948,MGST2,exact,MGST2
3949,MAML3,exact,MAML3
3950,SCOC,exact,SCOC
3951,SCOC-AS1,exact,SCOC-AS1
3952,ELMOD2,exact,ELMOD2
3953,ZNF330,exact,ZNF330
3954,IL15,exact,IL15
3955,INPP4B,exact,INPP4B
3956,AC139720.1,unmatched,
3957,AC104596.1,unmatched,
3958,USP38,exact,USP38
3959,SMARCA5,exact,SMARCA5
3960,SMARCA5-AS1,exact,SMARCA5-AS1
3961,FREM3,exact,FREM3
3962,GYPE,exact,GYPE
3963,GYPB,exact,GYPB
3964,ANAPC10,exact,ANAPC10
3965,ABCE1,exact,ABCE1
3966,OTUD4,exact,OTUD4
3967,SMAD1,exact,SMAD1
3968,MMAA,exact,MMAA
3969,ZNF827,exact,ZNF827
3970,LSM6,exact,LSM6
3971,REELD1,exact,REELD1
3972,SLC10A7,exact,SLC10A7
3973,AC093835.1,unmatched,
3974,TMEM184C,exact,TMEM184C
3975,PRMT9,exact,PRMT9
3976,ARHGAP10,exact,ARHGAP10
3977,NR3C2,exact,NR3C2
3978,AC108935.1,unmatched,
3979,LRBA,exact,LRBA
3980,AC110813.1,unmatched,
3981,MAB21L2,exact,MAB21L2
3982,RPS3A,exact,RPS3A
3983,SH3D19,exact,SH3D19
3984,AC095055.1,unmatched,
3985,GATB,exact,GATB
3986,AC092611.1,unmatched,
3987,LINC02273,exact,LINC02273
3988,FBXW7,exact,FBXW7
3989,TMEM154,exact,TMEM154
3990,ARFIP1,exact,ARFIP1
3991,TRIM2,exact,TRIM2
3992,TMEM131L,exact,TMEM131L
3993,TLR2,exact,TLR2
3994,RNF175,exact,RNF175
3995,PLRG1,exact,PLRG1
3996,LRAT,exact,LRAT
3997,AC097467.3,unmatched,
3998,MAP9,exact,MAP9
3999,CTSO,exact,CTSO
4000,C4orf46,exact,C4orf46
4001,ETFDH,exact,ETFDH
4002,PPID,exact,PPID
4003,FNIP2,exact,FNIP2
4004,RAPGEF2,exact,RAPGEF2
4005,NAF1,exact,NAF1
4006,TMA16,exact,TMA16
4007,MARCH1,official_alias,MARCH1
4008,AC093788.1,unmatched,
4009,TRIM61,exact,TRIM61
4010,FAM218A,exact,FAM218A
4011,TRIM60,exact,TRIM60
4012,TMEM192,exact,TMEM192
4013,KLHL2,exact,KLHL2
4014,MSMO1,exact,MSMO1
4015,DDX60,exact,DDX60
4016,DDX60L,exact,DDX60L
4017,PALLD,exact,PALLD
4018,CBR4,exact,CBR4
4019,NEK1,exact,NEK1
4020,CLCN3,exact,CLCN3
4021,HPF1,exact,HPF1
4022,AC105285.1,unmatched,
4023,GALNT7,exact,GALNT7
4024,AC097534.1,unmatched,
4025,HMGB2,exact,HMGB2
4026,AC097534.2,unmatched,
4027,SAP30,exact,SAP30
4028,SCRG1,exact,SCRG1
4029,HAND2-AS1,exact,HAND2-AS1
4030,FBXO8,exact,FBXO8
4031,CEP44,exact,CEP44
4032,HPGD,exact,HPGD
4033,WDR17,exact,WDR17
4034,ASB5,exact,ASB5
4035,SPCS3,exact,SPCS3
4036,AGA,exact,AGA
4037,AC078881.1,unmatched,
4038,AC079766.1,unmatched,
4039,DCTD,exact,DCTD
4040,WWC2-AS2,exact,WWC2-AS2
4041,WWC2,exact,WWC2
4042,CDKN2AIP,exact,CDKN2AIP
4043,AC107214.1,unmatched,
4044,ING2,exact,ING2
4045,RWDD4,exact,RWDD4
4046,TRAPPC11,exact,TRAPPC11
4047,LINC02362,unmatched,
4048,IRF2,exact,IRF2
4049,LINC02427,unmatched,
4050,LINC02365,exact,LINC02365
4051,CASP3,exact,CASP3
4052,PRIMPOL,exact,PRIMPOL
4053,CENPU,exact,CENPU
4054,ACSL1,exact,ACSL1
4055,SLC25A4,exact,SLC25A4
4056,CFAP97,exact,CFAP97
4057,SNX25,exact,SNX25
4058,LRP2BP,exact,LRP2BP
4059,ANKRD37,exact,ANKRD37
4060,UFSP2,exact,UFSP2
4061,CCDC110,exact,CCDC110
4062,PDLIM3,exact,PDLIM3
4063,TLR3,exact,TLR3
4064,FAM149A,exact,FAM149A
4065,CYP4V2,exact,CYP4V2
4066,KLKB1,exact,KLKB1
4067,FRG1-DT,exact,FRG1-DT
4068,FRG1,exact,FRG1
4069,CCDC127,exact,CCDC127
4070,SDHA,exact,SDHA
4071,PDCD6,exact,PDCD6
4072,AHRR,exact,AHRR
4073,EXOC3-AS1,exact,EXOC3-AS1
4074,EXOC3,exact,EXOC3
4075,SLC9A3,exact,SLC9A3
4076,CEP72,exact,CEP72
4077,TPPP,exact,TPPP
4078,AC026740.1,unmatched,
4079,ZDHHC11,exact,ZDHHC11
4080,BRD9,exact,BRD9
4081,TRIP13,exact,TRIP13
4082,SLC12A7,exact,SLC12A7
4083,CLPTM1L,exact,CLPTM1L
4084,LPCAT1,exact,LPCAT1
4085,MRPL36,exact,MRPL36
4086,NDUFS6,exact,NDUFS6
4087,AC091891.2,unmatched,
4088,ADAMTS16,exact,ADAMTS16
4089,ICE1,exact,ICE1
4090,LINC02145,exact,LINC02145
4091,MED10,exact,MED10
4092,NSUN2,exact,NSUN2
4093,SRD5A1,exact,SRD5A1
4094,LINC02102,exact,LINC02102
4095,TENT4A,exact,TENT4A
4096,ADCY2,exact,ADCY2
4097,MTRR,exact,MTRR
4098,FASTKD3,exact,FASTKD3
4099,AC091965.4,unmatched,
4100,MIR4458HG,exact,MIR4458HG
4101,SNHG18,exact,SNHG18
4102,AC034229.1,unmatched,
4103,AC034229.4,unmatched,
4104,FAM173B,official_alias,FAM173B
4105,CCT5,exact,CCT5
4106,CMBL,exact,CMBL
4107,AC012640.2,unmatched,
4108,MARCH6,official_alias,MARCH6
4109,DAP,exact,DAP
4110,TRIO,exact,TRIO
4111,OTULINL,exact,OTULINL
4112,AC010491.1,unmatched,
4113,OTULIN,exact,OTULIN
4114,ANKH,exact,ANKH
4115,AC016575.1,unmatched,
4116,ZNF622,exact,ZNF622
4117,RETREG1,exact,RETREG1
4118,AC022113.1,unmatched,
4119,AC022113.2,unmatched,
4120,MYO10,exact,MYO10
4121,LINC02241,exact,LINC02241
4122,AC093274.1,unmatched,
4123,C5orf17,unmatched,
4124,AC099499.2,unmatched,
4125,DROSHA,exact,DROSHA
4126,C5orf22,exact,C5orf22
4127,PDZD2,exact,PDZD2
4128,AC025178.1,unmatched,
4129,GOLPH3,exact,GOLPH3
4130,AC025181.2,unmatched,
4131,MTMR12,exact,MTMR12
4132,ZFR,exact,ZFR
4133,SUB1,exact,SUB1
4134,TARS,official_alias,TARS
4135,AMACR,exact,AMACR
4136,C1QTNF3-AMACR,exact,C1QTNF3-AMACR
4137,C1QTNF3,exact,C1QTNF3
4138,AC139792.1,unmatched,
4139,AC026801.2,unmatched,
4140,TTC23L,exact,TTC23L
4141,RAD1,exact,RAD1
4142,BRIX1,exact,BRIX1
4143,DNAJC21,exact,DNAJC21
4144,SPEF2,exact,SPEF2
4145,AC137810.1,unmatched,
4146,IL7R,exact,IL7R
4147,LMBRD2,exact,LMBRD2
4148,SKP2,exact,SKP2
4149,NADK2,exact,NADK2
4150,AC008957.1,unmatched,
4151,AC026741.1,unmatched,
4152,NIPBL,exact,NIPBL
4153,CPLANE1,exact,CPLANE1
4154,NUP155,exact,NUP155
4155,WDR70,exact,WDR70
4156,OSMR,exact,OSMR
4157,RICTOR,exact,RICTOR
4158,FYB1,exact,FYB1
4159,TTC33,exact,TTC33
4160,PTGER4,exact,PTGER4
4161,PRKAA1,exact,PRKAA1
4162,RPL37,exact,RPL37
4163,CARD6,exact,CARD6
4164,OXCT1,exact,OXCT1
4165,C5orf51,unmatched,
4166,FBXO4,exact,FBXO4
4167,CCDC152,exact,CCDC152
4168,SELENOP,exact,SELENOP
4169,AC008945.1,unmatched,
4170,AC008875.1,unmatched,
4171,AC025171.3,unmatched,
4172,AC025171.5,unmatched,
4173,ANXA2R,exact,ANXA2R
4174,AC025171.2,unmatched,
4175,AC025171.4,unmatched,
4176,ZNF131,exact,ZNF131
4177,HMGCS1,exact,HMGCS1
4178,CCL28,exact,CCL28
4179,TMEM267,exact,TMEM267
4180,C5orf34,exact,C5orf34
4181,AC114956.1,unmatched,
4182,PAIP1,exact,PAIP1
4183,NNT-AS1,unmatched,
4184,NNT,exact,NNT
4185,MRPS30,exact,MRPS30
4186,AC093297.2,unmatched,
4187,EMB,exact,EMB
4188,AC112187.3,unmatched,
4189,PARP8,exact,PARP8
4190,ITGA1,exact,ITGA1
4191,PELO,exact,PELO
4192,ITGA2,exact,ITGA2
4193,AC008966.2,unmatched,
4194,MOCS2,exact,MOCS2
4195,AC008966.1,unmatched,
4196,FST,exact,FST
4197,NDUFS4,exact,NDUFS4
4198,ARL15,exact,ARL15
4199,SNX18,exact,SNX18
4200,GZMK,exact,GZMK
4201,GZMA,exact,GZMA
4202,AC026704.1,unmatched,
4203,DHX29,exact,DHX29
4204,MTREX,exact,MTREX
4205,PLPP1,exact,PLPP1
4206,SLC38A9,exact,SLC38A9
4207,IL6ST,exact,IL6ST
4208,AC008914.1,unmatched,
4209,AC008892.1,unmatched,
4210,AC016596.1,unmatched,
4211,ANKRD55,exact,ANKRD55
4212,MAP3K1,exact,MAP3K1
4213,SETD9,exact,SETD9
4214,MIER3,exact,MIER3
4215,AC008937.3,unmatched,
4216,GPBP1,exact,GPBP1
4217,PLK2,exact,PLK2
4218,GAPT,exact,GAPT
4219,LINC02108,exact,LINC02108
4220,PDE4D,exact,PDE4D
4221,PART1,exact,PART1
4222,AC104113.1,unmatched,
4223,ERCC8,exact,ERCC8
4224,NDUFAF2,exact,NDUFAF2
4225,SMIM15,exact,SMIM15
4226,ZSWIM6,exact,ZSWIM6
4227,KIF2A,exact,KIF2A
4228,DIMT1,exact,DIMT1
4229,IPO11,exact,IPO11
4230,SREK1IP1,exact,SREK1IP1
4231,CWC27,exact,CWC27
4232,AC092354.2,unmatched,
4233,AC092354.1,unmatched,
4234,ADAMTS6,exact,ADAMTS6
4235,AC025176.1,unmatched,
4236,CENPK,exact,CENPK
4237,PPWD1,exact,PPWD1
4238,TRIM23,exact,TRIM23
4239,TRAPPC13,exact,TRAPPC13
4240,SHLD3,exact,SHLD3
4241,SGTB,exact,SGTB
4242,NLN,exact,NLN
4243,AC010359.1,unmatched,
4244,ERBIN,exact,ERBIN
4245,SREK1,exact,SREK1
4246,MAST4,exact,MAST4
4247,MAST4-AS1,unmatched,
4248,CD180,exact,CD180
4249,LINC02242,exact,LINC02242
4250,PIK3R1,exact,PIK3R1
4251,SLC30A5,exact,SLC30A5
4252,AC010273.1,unmatched,
4253,CCNB1,exact,CCNB1
4254,CENPH,exact,CENPH
4255,MRPS36,exact,MRPS36
4256,CDK7,exact,CDK7
4257,CCDC125,exact,CCDC125
4258,AK6,exact,AK6
4259,TAF9,exact,TAF9
4260,RAD17,exact,RAD17
4261,MARVELD2,exact,MARVELD2
4262,OCLN,exact,OCLN
4263,GTF2H2C,exact,GTF2H2C
4264,SERF1B,exact,SERF1B
4265,SMN2,exact,SMN2
4266,AC146944.4,unmatched,
4267,SERF1A,exact,SERF1A
4268,SMN1,exact,SMN1
4269,NAIP,exact,NAIP
4270,GTF2H2,exact,GTF2H2
4271,BDP1,exact,BDP1
4272,MCCC2,exact,MCCC2
4273,MRPS27,exact,MRPS27
4274,PTCD2,exact,PTCD2
4275,TNPO1,exact,TNPO1
4276,FCHO2,exact,FCHO2
4277,AC099522.2,unmatched,
4278,BTF3,exact,BTF3
4279,ANKRA2,exact,ANKRA2
4280,UTP15,exact,UTP15
4281,ENC1,exact,ENC1
4282,HEXB,exact,HEXB
4283,GFM2,exact,GFM2
4284,NSA2,exact,NSA2
4285,FAM169A,exact,FAM169A
4286,AC010501.1,unmatched,
4287,GCNT4,exact,GCNT4
4288,LINC01336,official_alias,LINC01336
4289,ANKRD31,exact,ANKRD31
4290,HMGCR,exact,HMGCR
4291,COL4A3BP,official_alias,COL4A3BP
4292,POLK,exact,POLK
4293,AC010245.1,unmatched,
4294,AC010245.2,unmatched,
4295,ANKDD1B,exact,ANKDD1B
4296,POC5,exact,POC5
4297,IQGAP2,exact,IQGAP2
4298,F2RL2,exact,F2RL2
4299,F2R,exact,F2R
4300,F2RL1,exact,F2RL1
4301,AGGF1,exact,AGGF1
4302,ZBED3,exact,ZBED3
4303,ZBED3-AS1,exact,ZBED3-AS1
4304,PDE8B,exact,PDE8B
4305,WDR41,exact,WDR41
4306,TBCA,exact,TBCA
4307,AP3B1,exact,AP3B1
4308,SCAMP1-AS1,exact,SCAMP1-AS1
4309,SCAMP1,exact,SCAMP1
4310,LHFPL2,exact,LHFPL2
4311,ARSB,exact,ARSB
4312,DMGDH,exact,DMGDH
4313,BHMT2,exact,BHMT2
4314,JMY,exact,JMY
4315,HOMER1,exact,HOMER1
4316,TENT2,exact,TENT2
4317,CMYA5,exact,CMYA5
4318,MTX3,exact,MTX3
4319,THBS4,exact,THBS4
4320,AC012636.1,unmatched,
4321,SERINC5,exact,SERINC5
4322,AC010260.1,unmatched,
4323,ZFYVE16,exact,ZFYVE16
4324,AC008771.1,unmatched,
4325,FAM151B,exact,FAM151B
4326,DHFR,exact,DHFR
4327,AC008434.1,unmatched,
4328,MSH3,exact,MSH3
4329,RASGRF2-AS1,exact,RASGRF2-AS1
4330,RASGRF2,exact,RASGRF2
4331,CKMT2-AS1,exact,CKMT2-AS1
4332,CKMT2,exact,CKMT2
4333,ZCCHC9,exact,ZCCHC9
4334,SSBP2,exact,SSBP2
4335,AC026726.1,unmatched,
4336,ATG10,exact,ATG10
4337,RPS23,exact,RPS23
4338,ATP6AP1L,unmatched,
4339,AC104118.1,unmatched,
4340,TMEM167A,exact,TMEM167A
4341,XRCC4,exact,XRCC4
4342,COX7C,exact,COX7C
4343,RASA1,exact,RASA1
4344,CCNH,exact,CCNH
4345,TMEM161B,exact,TMEM161B
4346,TMEM161B-AS1,unmatched,
4347,CETN3,exact,CETN3
4348,MBLAC2,exact,MBLAC2
4349,POLR3G,exact,POLR3G
4350,LYSMD3,exact,LYSMD3
4351,ADGRV1,exact,ADGRV1
4352,LUCAT1,exact,LUCAT1
4353,ARRDC3,exact,ARRDC3
4354,ARRDC3-AS1,exact,ARRDC3-AS1
4355,FAM172A,unmatched,
4356,POU5F2,exact,POU5F2
4357,KIAA0825,exact,KIAA0825
4358,SLF1,exact,SLF1
4359,MCTP1,exact,MCTP1
4360,TTC37,unmatched,
4361,ARSK,exact,ARSK
4362,GPR150,exact,GPR150
4363,RFESD,exact,RFESD
4364,SPATA9,exact,SPATA9
4365,RHOBTB3,exact,RHOBTB3
4366,GLRX,exact,GLRX
4367,LINC01554,exact,LINC01554
4368,ELL2,exact,ELL2
4369,CAST,exact,CAST
4370,ERAP1,exact,ERAP1
4371,AC008906.1,unmatched,
4372,AC009126.1,unmatched,
4373,ERAP2,exact,ERAP2
4374,LNPEP,exact,LNPEP
4375,RIOK2,exact,RIOK2
4376,RGMB,exact,RGMB
4377,RGMB-AS1,exact,RGMB-AS1
4378,AC008522.1,unmatched,
4379,CHD1,exact,CHD1
4380,LINC02062,unmatched,
4381,AC021086.1,unmatched,
4382,FAM174A,exact,FAM174A
4383,ST8SIA4,exact,ST8SIA4
4384,PAM,exact,PAM
4385,GIN1,exact,GIN1
4386,PPIP5K2,exact,PPIP5K2
4387,C5orf30,official_alias,C5orf30
4388,NUDT12,exact,NUDT12
4389,FBXL17,exact,FBXL17
4390,LINC01023,unmatched,
4391,FER,exact,FER
4392,AC008467.1,unmatched,
4393,PJA2,exact,PJA2
4394,AC012603.1,unmatched,
4395,MAN2A1,exact,MAN2A1
4396,TMEM232,exact,TMEM232
4397,SLC25A46,exact,SLC25A46
4398,TSLP,exact,TSLP
4399,WDR36,exact,WDR36
4400,CAMK4,exact,CAMK4
4401,STARD4,exact,STARD4
4402,STARD4-AS1,exact,STARD4-AS1
4403,NREP,exact,NREP
4404,EPB41L4A,exact,EPB41L4A
4405,EPB41L4A-AS1,unmatched,
4406,APC,exact,APC
4407,SRP19,exact,SRP19
4408,REEP5,exact,REEP5
4409,DCP2,exact,DCP2
4410,MCC,exact,MCC
4411,YTHDC2,exact,YTHDC2
4412,PGGT1B,exact,PGGT1B
4413,CCDC112,exact,CCDC112
4414,FEM1C,exact,FEM1C
4415,AC010226.1,unmatched,
4416,TMED7,exact,TMED7
4417,AC008549.2,unmatched,
4418,ATG12,exact,ATG12
4419,AP3S1,exact,AP3S1
4420,AC034236.3,unmatched,
4421,AC034236.2,unmatched,
4422,COMMD10,exact,COMMD10
4423,SEMA6A,exact,SEMA6A
4424,SEMA6A-AS1,exact,SEMA6A-AS1
4425,DTWD2,exact,DTWD2
4426,DMXL1,exact,DMXL1
4427,TNFAIP8,exact,TNFAIP8
4428,HSD17B4,exact,HSD17B4
4429,SRFBP1,exact,SRFBP1
4430,SNX2,exact,SNX2
4431,SNX24,exact,SNX24
4432,CEP120,exact,CEP120
4433,CSNK1G3,exact,CSNK1G3
4434,GRAMD2B,exact,GRAMD2B
4435,AC093535.1,unmatched,
4436,ALDH7A1,exact,ALDH7A1
4437,PHAX,exact,PHAX
4438,LMNB1,exact,LMNB1
4439,MARCH3,official_alias,MARCH3
4440,C5orf63,exact,C5orf63
4441,AC011416.3,unmatched,
4442,PRRC1,exact,PRRC1
4443,LINC01184,unmatched,
4444,SLC12A2,exact,SLC12A2
4445,ISOC1,exact,ISOC1
4446,HINT1,exact,HINT1
4447,LYRM7,exact,LYRM7
4448,CDC42SE2,exact,CDC42SE2
4449,RAPGEF6,exact,RAPGEF6
4450,FNIP1,exact,FNIP1
4451,ACSL6,exact,ACSL6
4452,SLC22A5,exact,SLC22A5
4453,AC116366.3,unmatched,
4454,AC116366.1,unmatched,
4455,IRF1,exact,IRF1
4456,RAD50,exact,RAD50
4457,AC004039.1,unmatched,
4458,KIF3A,exact,KIF3A
4459,CCNI2,exact,CCNI2
4460,SEPT8,official_alias,SEPT8
4461,SHROOM1,exact,SHROOM1
4462,GDF9,unmatched,
4463,UQCRQ,exact,UQCRQ
4464,LEAP2,exact,LEAP2
4465,AFF4,exact,AFF4
4466,AC010240.3,unmatched,
4467,ZCCHC10,exact,ZCCHC10
4468,HSPA4,exact,HSPA4
4469,C5orf15,exact,C5orf15
4470,VDAC1,exact,VDAC1
4471,AC008608.2,unmatched,
4472,TCF7,exact,TCF7
4473,SKP1,exact,SKP1
4474,PPP2CA,exact,PPP2CA
4475,AC104109.2,unmatched,
4476,CDKL3,exact,CDKL3
4477,UBE2B,exact,UBE2B
4478,AC109454.2,unmatched,
4479,CDKN2AIPNL,exact,CDKN2AIPNL
4480,JADE2,exact,JADE2
4481,SAR1B,exact,SAR1B
4482,SEC24A,exact,SEC24A
4483,CAMLG,exact,CAMLG
4484,DDX46,exact,DDX46
4485,C5orf24,exact,C5orf24
4486,TXNDC15,exact,TXNDC15
4487,PCBD2,exact,PCBD2
4488,CATSPER3,exact,CATSPER3
4489,PITX1,exact,PITX1
4490,C5orf66,unmatched,
4491,H2AFY,official_alias,H2AFY
4492,AC026691.1,unmatched,
4493,SMAD5,exact,SMAD5
4494,KLHL3,exact,KLHL3
4495,HNRNPA0,exact,HNRNPA0
4496,AC106791.1,unmatched,
4497,PKD2L2,exact,PKD2L2
4498,FAM13B,exact,FAM13B
4499,BRD8,exact,BRD8
4500,CDC23,exact,CDC23
4501,FAM53C,exact,FAM53C
4502,KDM3B,exact,KDM3B
4503,ETF1,exact,ETF1
4504,HSPA9,exact,HSPA9
4505,CTNNA1,exact,CTNNA1
4506,SIL1,exact,SIL1
4507,AC011405.1,unmatched,
4508,MATR3,exact,MATR3
4509,SNHG4,exact,SNHG4
4510,MATR3.1,unmatched,
4511,PAIP2,exact,PAIP2
4512,SLC23A1,exact,SLC23A1
4513,SPATA24,exact,SPATA24
4514,DNAJC18,exact,DNAJC18
4515,ECSCR,exact,ECSCR
4516,SMIM33,exact,SMIM33
4517,TMEM173,official_alias,TMEM173
4518,UBE2D2,exact,UBE2D2
4519,CXXC5,exact,CXXC5
4520,NRG2,exact,NRG2
4521,MALINC1,exact,MALINC1
4522,PURA,exact,PURA
4523,IGIP,exact,IGIP
4524,CYSTM1,exact,CYSTM1
4525,PFDN1,exact,PFDN1
4526,ANKHD1,exact,ANKHD1
4527,ANKHD1-EIF4EBP3,exact,ANKHD1-EIF4EBP3
4528,SRA1,exact,SRA1
4529,EIF4EBP3,exact,EIF4EBP3
4530,APBB3,exact,APBB3
4531,SLC35A4,exact,SLC35A4
4532,CD14,exact,CD14
4533,NDUFA2,exact,NDUFA2
4534,TMCO6,exact,TMCO6
4535,IK,exact,IK
4536,WDR55,exact,WDR55
4537,DND1,exact,DND1
4538,HARS,official_alias,HARS
4539,HARS2,exact,HARS2
4540,ZMAT2,exact,ZMAT2
4541,PCDHB9,exact,PCDHB9
4542,TAF7,exact,TAF7
4543,AC005618.1,unmatched,
4544,PCDHGA1,exact,PCDHGA1
4545,PCDHGA5,exact,PCDHGA5
4546,PCDHGA6,exact,PCDHGA6
4547,PCDHGA8,exact,PCDHGA8
4548,PCDHGB5,exact,PCDHGB5
4549,PCDHGA9,exact,PCDHGA9
4550,PCDHGB6,exact,PCDHGB6
4551,PCDHGA10,exact,PCDHGA10
4552,PCDHGB7,exact,PCDHGB7
4553,PCDHGA12,exact,PCDHGA12
4554,DIAPH1,exact,DIAPH1
4555,AC008781.2,unmatched,
4556,HDAC3,exact,HDAC3
4557,RELL2,exact,RELL2
4558,FCHSD1,exact,FCHSD1
4559,ARAP3,exact,ARAP3
4560,DELE1,exact,DELE1
4561,PCDH12,exact,PCDH12
4562,AC005740.4,unmatched,
4563,RNF14,exact,RNF14
4564,GNPDA1,exact,GNPDA1
4565,NDFIP1,exact,NDFIP1
4566,ARHGAP26,exact,ARHGAP26
4567,NR3C1,exact,NR3C1
4568,YIPF5,exact,YIPF5
4569,PRELID2,exact,PRELID2
4570,PLAC8L1,exact,PLAC8L1
4571,LARS,official_alias,LARS
4572,AC091959.3,unmatched,
4573,RBM27,exact,RBM27
4574,TCERG1,exact,TCERG1
4575,JAKMIP2,exact,JAKMIP2
4576,AC091948.1,unmatched,
4577,FBXO38,exact,FBXO38
4578,AC114939.1,unmatched,
4579,ADRB2,exact,ADRB2
4580,SH3TC2,exact,SH3TC2
4581,AFAP1L1,exact,AFAP1L1
4582,GRPEL2,exact,GRPEL2
4583,PCYOX1L,exact,PCYOX1L
4584,AC131025.1,unmatched,
4585,CSNK1A1,exact,CSNK1A1
4586,ARHGEF37,exact,ARHGEF37
4587,PPARGC1B,exact,PPARGC1B
4588,PDE6A,exact,PDE6A
4589,SLC26A2,exact,SLC26A2
4590,TIGD6,exact,TIGD6
4591,HMGXB3,exact,HMGXB3
4592,TCOF1,exact,TCOF1
4593,CD74,exact,CD74
4594,RPS14,exact,RPS14
4595,RBM22,exact,RBM22
4596,DCTN4,exact,DCTN4
4597,SMIM3,exact,SMIM3
4598,IRGM,exact,IRGM
4599,ZNF300,exact,ZNF300
4600,TNIP1,exact,TNIP1
4601,ANXA6,exact,ANXA6
4602,CCDC69,exact,CCDC69
4603,GM2A,exact,GM2A
4604,SLC36A1,exact,SLC36A1
4605,AC011374.2,unmatched,
4606,ATOX1,exact,ATOX1
4607,AC091982.3,unmatched,
4608,G3BP1,exact,G3BP1
4609,LINC01933,exact,LINC01933
4610,FAM114A2,exact,FAM114A2
4611,MFAP3,exact,MFAP3
4612,GALNT10,exact,GALNT10
4613,SAP30L-AS1,exact,SAP30L-AS1
4614,SAP30L,exact,SAP30L
4615,LARP1,exact,LARP1
4616,FAXDC2,exact,FAXDC2
4617,CNOT8,exact,CNOT8
4618,GEMIN5,exact,GEMIN5
4619,MRPL22,exact,MRPL22
4620,TIMD4,exact,TIMD4
4621,HAVCR1,exact,HAVCR1
4622,HAVCR2,exact,HAVCR2
4623,MED7,exact,MED7
4624,ITK,exact,ITK
4625,FAM71B,unmatched,
4626,CYFIP2,exact,CYFIP2
4627,FNDC9,exact,FNDC9
4628,AC008676.1,unmatched,
4629,ADAM19,exact,ADAM19
4630,THG1L,exact,THG1L
4631,LSM11,exact,LSM11
4632,CLINT1,exact,CLINT1
4633,RNF145,exact,RNF145
4634,UBLCP1,exact,UBLCP1
4635,TTC1,exact,TTC1
4636,PWWP2A,exact,PWWP2A
4637,ZBED8,unmatched,
4638,SLU7,exact,SLU7
4639,PTTG1,exact,PTTG1
4640,MIR3142HG,exact,MIR3142HG
4641,GABRG2,exact,GABRG2
4642,CCNG1,exact,CCNG1
4643,NUDCD2,exact,NUDCD2
4644,MAT2B,exact,MAT2B
4645,WWC1,exact,WWC1
4646,RARS,official_alias,RARS
4647,PANK3,exact,PANK3
4648,SPDL1,exact,SPDL1
4649,DOCK2,exact,DOCK2
4650,C5orf58,exact,C5orf58
4651,LCP2,exact,LCP2
4652,KCNMB1,exact,KCNMB1
4653,NPM1,exact,NPM1
4654,FBXW11,exact,FBXW11
4655,STK10,exact,STK10
4656,UBTD2,exact,UBTD2
4657,NEURL1B,exact,NEURL1B
4658,AC022217.3,unmatched,
4659,DUSP1,exact,DUSP1
4660,ERGIC1,exact,ERGIC1
4661,AC008429.1,unmatched,
4662,RPL26L1,exact,RPL26L1
4663,ATP6V0E1,exact,ATP6V0E1
4664,CREBRF,exact,CREBRF
4665,BNIP1,exact,BNIP1
4666,BOD1,exact,BOD1
4667,CPEB4,exact,CPEB4
4668,SFXN1,exact,SFXN1
4669,HRH2,exact,HRH2
4670,THOC3,exact,THOC3
4671,FAM153B,unmatched,
4672,AC139491.7,unmatched,
4673,SIMC1,exact,SIMC1
4674,KIAA1191,exact,KIAA1191
4675,AC138956.2,unmatched,
4676,ARL10,exact,ARL10
4677,NOP16,exact,NOP16
4678,HIGD2A,exact,HIGD2A
4679,CLTB,exact,CLTB
4680,FAF2,exact,FAF2
4681,RNF44,exact,RNF44
4682,CDHR2,exact,CDHR2
4683,TSPAN17,exact,TSPAN17
4684,UIMC1,exact,UIMC1
4685,ZNF346,exact,ZNF346
4686,NSD1,exact,NSD1
4687,RAB24,exact,RAB24
4688,MXD3,exact,MXD3
4689,PRELID1,exact,PRELID1
4690,LMAN2,exact,LMAN2
4691,RGS14,exact,RGS14
4692,GRK6,exact,GRK6
4693,PRR7-AS1,unmatched,
4694,PRR7,exact,PRR7
4695,DBN1,exact,DBN1
4696,PDLIM7,exact,PDLIM7
4697,DDX41,exact,DDX41
4698,FAM193B,exact,FAM193B
4699,AC139795.3,unmatched,
4700,TMED9,exact,TMED9
4701,B4GALT7,exact,B4GALT7
4702,AC139795.2,unmatched,
4703,FAM153A,exact,FAM153A
4704,AC140125.2,unmatched,
4705,AC106795.2,unmatched,
4706,AC106795.5,unmatched,
4707,FAM153C,official_alias,FAM153C
4708,N4BP3,exact,N4BP3
4709,RMND5B,exact,RMND5B
4710,NHP2,exact,NHP2
4711,HNRNPAB,exact,HNRNPAB
4712,PHYKPL,exact,PHYKPL
4713,CLK4,exact,CLK4
4714,ZNF354A,exact,ZNF354A
4715,ZNF354B,exact,ZNF354B
4716,ZFP2,exact,ZFP2
4717,ZNF454,exact,ZNF454
4718,ZNF879,exact,ZNF879
4719,ZNF354C,exact,ZNF354C
4720,RUFY1,exact,RUFY1
4721,HNRNPH1,exact,HNRNPH1
4722,CANX,exact,CANX
4723,MAML1,exact,MAML1
4724,LTC4S,exact,LTC4S
4725,MGAT4B,exact,MGAT4B
4726,SQSTM1,exact,SQSTM1
4727,MRNIP,exact,MRNIP
4728,AC008393.1,unmatched,
4729,TBC1D9B,exact,TBC1D9B
4730,RNF130,exact,RNF130
4731,MAPK9,exact,MAPK9
4732,AC008610.1,unmatched,
4733,CNOT6,exact,CNOT6
4734,FLT4,exact,FLT4
4735,MGAT1,exact,MGAT1
4736,LINC00847,exact,LINC00847
4737,ZFP62,exact,ZFP62
4738,AC008443.5,unmatched,
4739,TRIM7,exact,TRIM7
4740,AC008443.6,unmatched,
4741,TRIM41,exact,TRIM41
4742,RACK1,exact,RACK1
4743,TRIM52,exact,TRIM52
4744,AC138035.1,unmatched,
4745,DUSP22,exact,DUSP22
4746,IRF4,exact,IRF4
4747,EXOC2,exact,EXOC2
4748,AL031770.1,unmatched,
4749,HUS1B,exact,HUS1B
4750,AL357054.4,unmatched,
4751,AL512329.2,unmatched,
4752,GMDS,exact,GMDS
4753,GMDS-DT,exact,GMDS-DT
4754,MYLK4,exact,MYLK4
4755,WRNIP1,exact,WRNIP1
4756,SERPINB1,exact,SERPINB1
4757,SERPINB9P1,unmatched,
4758,SERPINB9,exact,SERPINB9
4759,SERPINB6,exact,SERPINB6
4760,LINC01011,exact,LINC01011
4761,NQO2,exact,NQO2
4762,AL133351.1,unmatched,
4763,RIPK1,exact,RIPK1
4764,AL031963.3,unmatched,
4765,BPHL,exact,BPHL
4766,AL031963.1,unmatched,
4767,TUBB2A,exact,TUBB2A
4768,PSMG4,exact,PSMG4
4769,SLC22A23,exact,SLC22A23
4770,AL445309.1,unmatched,
4771,FAM50B,exact,FAM50B
4772,PRPF4B,exact,PRPF4B
4773,ECI2,exact,ECI2
4774,CDYL,exact,CDYL
4775,RPP40,exact,RPP40
4776,AL359643.3,unmatched,
4777,AL359643.2,unmatched,
4778,LYRM4,exact,LYRM4
4779,FARS2,exact,FARS2
4780,AL022097.1,unmatched,
4781,LY86,exact,LY86
4782,RREB1,exact,RREB1
4783,SSR1,exact,SSR1
4784,CAGE1,exact,CAGE1
4785,RIOK1,exact,RIOK1
4786,SNRNP48,exact,SNRNP48
4787,TXNDC5,exact,TXNDC5
4788,BLOC1S5,exact,BLOC1S5
4789,EEF1E1,exact,EEF1E1
4790,SLC35B3,exact,SLC35B3
4791,AL138885.3,unmatched,
4792,GCNT2,exact,GCNT2
4793,C6orf52,exact,C6orf52
4794,PAK1IP1,exact,PAK1IP1
4795,TMEM14C,exact,TMEM14C
4796,AL024498.1,unmatched,
4797,TMEM14B,exact,TMEM14B
4798,MAK,exact,MAK
4799,SMIM13,exact,SMIM13
4800,NEDD9,exact,NEDD9
4801,TMEM170B,exact,TMEM170B
4802,ADTRP,exact,ADTRP
4803,HIVEP1,exact,HIVEP1
4804,EDN1,exact,EDN1
4805,PHACTR1,exact,PHACTR1
4806,AL008729.1,unmatched,
4807,TBC1D7,exact,TBC1D7
4808,AL008729.2,unmatched,
4809,GFOD1,exact,GFOD1
4810,SIRT5,exact,SIRT5
4811,AL441883.1,unmatched,
4812,NOL7,exact,NOL7
4813,RANBP9,exact,RANBP9
4814,MCUR1,exact,MCUR1
4815,CD83,exact,CD83
4816,AL136162.1,unmatched,
4817,JARID2,exact,JARID2
4818,JARID2-AS1,exact,JARID2-AS1
4819,DTNBP1,exact,DTNBP1
4820,MYLIP,exact,MYLIP
4821,GMPR,exact,GMPR
4822,ATXN1,exact,ATXN1
4823,AL137003.1,unmatched,
4824,AL137003.2,unmatched,
4825,FAM8A1,exact,FAM8A1
4826,NUP153,exact,NUP153
4827,AL138724.1,unmatched,
4828,NHLRC1,exact,NHLRC1
4829,TPMT,exact,TPMT
4830,KDM1B,exact,KDM1B
4831,DEK,exact,DEK
4832,RNF144B,exact,RNF144B
4833,MBOAT1,exact,MBOAT1
4834,E2F3,exact,E2F3
4835,CDKAL1,exact,CDKAL1
4836,SOX4,exact,SOX4
4837,CASC15,unmatched,
4838,NBAT1,exact,NBAT1
4839,DCDC2,exact,DCDC2
4840,MRS2,exact,MRS2
4841,GPLD1,exact,GPLD1
4842,ALDH5A1,exact,ALDH5A1
4843,TDP2,exact,TDP2
4844,ACOT13,exact,ACOT13
4845,AL031775.1,unmatched,
4846,C6orf62,exact,C6orf62
4847,AL031775.2,unmatched,
4848,GMNN,exact,GMNN
4849,ARMH2,exact,ARMH2
4850,RIPOR2,exact,RIPOR2
4851,CARMIL1,exact,CARMIL1
4852,TRIM38,exact,TRIM38
4853,U91328.1,unmatched,
4854,U91328.3,unmatched,
4855,HIST1H1A,official_alias,HIST1H1A
4856,HIST1H3A,official_alias,HIST1H3A
4857,HIST1H4A,official_alias,HIST1H4A
4858,HIST1H4B,official_alias,HIST1H4B
4859,HIST1H1C,official_alias,HIST1H1C
4860,HFE,exact,HFE
4861,HIST1H4C,official_alias,HIST1H4C
4862,HIST1H2BC,official_alias,HIST1H2BC
4863,HIST1H2AC,official_alias,HIST1H2AC
4864,HIST1H1E,official_alias,HIST1H1E
4865,HIST1H2BD,official_alias,HIST1H2BD
4866,AL353759.1,unmatched,
4867,HIST1H2BE,official_alias,HIST1H2BE
4868,HIST1H4D,official_alias,HIST1H4D
4869,AL031777.3,unmatched,
4870,HIST1H2AD,official_alias,HIST1H2AD
4871,HIST1H2BF,official_alias,HIST1H2BF
4872,HIST1H4E,official_alias,HIST1H4E
4873,HIST1H2BG,official_alias,HIST1H2BG
4874,HIST1H2AE,official_alias,HIST1H2AE
4875,HIST1H3E,official_alias,HIST1H3E
4876,HIST1H1D,official_alias,HIST1H1D
4877,HIST1H4F,official_alias,HIST1H4F
4878,HIST1H2BH,official_alias,HIST1H2BH
4879,HIST1H4H,official_alias,HIST1H4H
4880,BTN3A2,exact,BTN3A2
4881,BTN2A2,exact,BTN2A2
4882,BTN3A1,exact,BTN3A1
4883,BTN3A3,exact,BTN3A3
4884,BTN2A1,exact,BTN2A1
4885,HCG11,exact,HCG11
4886,HMGN4,exact,HMGN4
4887,AL121936.1,unmatched,
4888,ABT1,exact,ABT1
4889,AL513548.3,unmatched,
4890,ZNF322,exact,ZNF322
4891,AL513548.1,unmatched,
4892,LINC00240,exact,LINC00240
4893,HIST1H2BJ,official_alias,HIST1H2BJ
4894,HIST1H2AG,official_alias,HIST1H2AG
4895,HIST1H2BK,official_alias,HIST1H2BK
4896,HIST1H2AH,official_alias,HIST1H2AH
4897,PRSS16,exact,PRSS16
4898,ZNF391,exact,ZNF391
4899,AL031118.1,unmatched,
4900,ZNF184,exact,ZNF184
4901,AL009179.1,unmatched,
4902,HIST1H3H,official_alias,HIST1H3H
4903,HIST1H4J,official_alias,HIST1H4J
4904,HIST1H2BN,official_alias,HIST1H2BN
4905,HIST1H2AK,official_alias,HIST1H2AK
4906,HIST1H2AL,official_alias,HIST1H2AL
4907,HIST1H1B,official_alias,HIST1H1B
4908,HIST1H3I,official_alias,HIST1H3I
4909,AL121944.1,unmatched,
4910,ZNF165,exact,ZNF165
4911,ZSCAN16-AS1,exact,ZSCAN16-AS1
4912,ZSCAN16,exact,ZSCAN16
4913,AL358933.1,unmatched,
4914,ZKSCAN8,exact,ZKSCAN8
4915,ZSCAN9,exact,ZSCAN9
4916,ZKSCAN4,exact,ZKSCAN4
4917,NKAPL,exact,NKAPL
4918,ZSCAN26,exact,ZSCAN26
4919,PGBD1,exact,PGBD1
4920,ZSCAN31,exact,ZSCAN31
4921,ZKSCAN3,exact,ZKSCAN3
4922,ZSCAN12,exact,ZSCAN12
4923,ZSCAN23,exact,ZSCAN23
4924,ZBED9,unmatched,
4925,AL049543.1,unmatched,
4926,AL662890.1,unmatched,
4927,HCG14,exact,HCG14
4928,TRIM27,exact,TRIM27
4929,HCG15,unmatched,
4930,ZNF311,exact,ZNF311
4931,GABBR1,exact,GABBR1
4932,MOG,exact,MOG
4933,HLA-F,exact,HLA-F
4934,HLA-G,exact,HLA-G
4935,HLA-A,exact,HLA-A
4936,ZNRD1,official_alias,ZNRD1
4937,PPP1R11,exact,PPP1R11
4938,TRIM31,exact,TRIM31
4939,TRIM26,exact,TRIM26
4940,HCG18,exact,HCG18
4941,TRIM39,exact,TRIM39
4942,RPP21,exact,RPP21
4943,HLA-E,exact,HLA-E
4944,LINC02569,unmatched,
4945,GNL1,exact,GNL1
4946,PRR3,exact,PRR3
4947,ABCF1,exact,ABCF1
4948,PPP1R10,exact,PPP1R10
4949,MRPS18B,exact,MRPS18B
4950,ATAT1,exact,ATAT1
4951,C6orf136,exact,C6orf136
4952,DHX16,exact,DHX16
4953,PPP1R18,exact,PPP1R18
4954,NRM,exact,NRM
4955,MDC1,exact,MDC1
4956,TUBB,exact,TUBB
4957,AL662797.1,unmatched,
4958,FLOT1,exact,FLOT1
4959,IER3-AS1,exact,IER3-AS1
4960,IER3,exact,IER3
4961,HCG20,exact,HCG20
4962,LINC00243,exact,LINC00243
4963,DDR1-DT,unmatched,
4964,DDR1,exact,DDR1
4965,GTF2H4,exact,GTF2H4
4966,VARS2,exact,VARS2
4967,CCHCR1,exact,CCHCR1
4968,TCF19,exact,TCF19
4969,POU5F1,exact,POU5F1
4970,AL662844.4,unmatched,
4971,HCG27,exact,HCG27
4972,HLA-C,exact,HLA-C
4973,HLA-B,exact,HLA-B
4974,AL645933.2,unmatched,
4975,MICA,exact,MICA
4976,MICB,exact,MICB
4977,DDX39B,exact,DDX39B
4978,DDX39B-AS1,exact,DDX39B-AS1
4979,ATP6V1G2,exact,ATP6V1G2
4980,NFKBIL1,exact,NFKBIL1
4981,LTA,exact,LTA
4982,TNF,exact,TNF
4983,LTB,exact,LTB
4984,LST1,exact,LST1
4985,NCR3,exact,NCR3
4986,AIF1,exact,AIF1
4987,PRRC2A,exact,PRRC2A
4988,BAG6,exact,BAG6
4989,APOM,exact,APOM
4990,C6orf47,exact,C6orf47
4991,C6orf47-AS1,unmatched,
4992,GPANK1,exact,GPANK1
4993,CSNK2B,exact,CSNK2B
4994,LY6G5B,exact,LY6G5B
4995,LY6G5C,exact,LY6G5C
4996,ABHD16A,exact,ABHD16A
4997,DDAH2,exact,DDAH2
4998,CLIC1,exact,CLIC1
4999,MSH5,exact,MSH5
5000,VARS,official_alias,VARS
5001,LSM2,exact,LSM2
5002,HSPA1L,exact,HSPA1L
5003,HSPA1A,exact,HSPA1A
5004,HSPA1B,exact,HSPA1B
5005,C6orf48,official_alias,C6orf48
5006,NEU1,exact,NEU1
5007,EHMT2,exact,EHMT2
5008,ZBTB12,exact,ZBTB12
5009,NELFE,exact,NELFE
5010,SKIV2L,unmatched,
5011,DXO,exact,DXO
5012,STK19,exact,STK19
5013,TNXB,exact,TNXB
5014,ATF6B,exact,ATF6B
5015,FKBPL,exact,FKBPL
5016,PRRT1,exact,PRRT1
5017,AL662884.4,unmatched,
5018,PPT2,exact,PPT2
5019,PPT2-EGFL8,exact,PPT2-EGFL8
5020,EGFL8,exact,EGFL8
5021,AGPAT1,exact,AGPAT1
5022,RNF5,exact,RNF5
5023,AGER,exact,AGER
5024,PBX2,exact,PBX2
5025,GPSM3,exact,GPSM3
5026,NOTCH4,exact,NOTCH4
5027,HLA-DRB1,exact,HLA-DRB1
5028,HLA-DQB1,exact,HLA-DQB1
5029,HLA-DOB,exact,HLA-DOB
5030,AL669918.1,unmatched,
5031,TAP2,exact,TAP2
5032,PSMB8,exact,PSMB8
5033,PSMB8-AS1,exact,PSMB8-AS1
5034,PSMB9,exact,PSMB9
5035,TAP1,exact,TAP1
5036,HLA-DMB,exact,HLA-DMB
5037,HLA-DMA,exact,HLA-DMA
5038,BRD2,exact,BRD2
5039,HLA-DOA,exact,HLA-DOA
5040,HLA-DPA1,exact,HLA-DPA1
5041,HLA-DPB1,exact,HLA-DPB1
5042,COL11A2,exact,COL11A2
5043,RXRB,exact,RXRB
5044,SLC39A7,exact,SLC39A7
5045,HSD17B8,exact,HSD17B8
5046,RING1,exact,RING1
5047,AL645940.1,unmatched,
5048,HCG25,exact,HCG25
5049,VPS52,exact,VPS52
5050,RPS18,exact,RPS18
5051,B3GALT4,exact,B3GALT4
5052,WDR46,exact,WDR46
5053,PFDN6,exact,PFDN6
5054,RGL2,exact,RGL2
5055,TAPBP,exact,TAPBP
5056,ZBTB22,exact,ZBTB22
5057,DAXX,exact,DAXX
5058,KIFC1,exact,KIFC1
5059,PHF1,exact,PHF1
5060,CUTA,exact,CUTA
5061,SYNGAP1,exact,SYNGAP1
5062,SYNGAP1-AS1,exact,SYNGAP1-AS1
5063,BAK1,exact,BAK1
5064,LINC00336,exact,LINC00336
5065,ITPR3,exact,ITPR3
5066,UQCC2,exact,UQCC2
5067,LEMD2,exact,LEMD2
5068,HMGA1,exact,HMGA1
5069,SMIM29,exact,SMIM29
5070,NUDT3,exact,NUDT3
5071,RPS10,exact,RPS10
5072,PACSIN1,exact,PACSIN1
5073,C6orf106,official_alias,C6orf106
5074,AL451165.2,unmatched,
5075,SNRPC,exact,SNRPC
5076,UHRF1BP1,official_alias,UHRF1BP1
5077,TAF11,exact,TAF11
5078,ANKS1A,exact,ANKS1A
5079,SCUBE3,exact,SCUBE3
5080,Z97832.2,unmatched,
5081,ZNF76,exact,ZNF76
5082,DEF6,exact,DEF6
5083,PPARD,exact,PPARD
5084,FANCE,exact,FANCE
5085,RPL10A,exact,RPL10A
5086,TEAD3,exact,TEAD3
5087,FKBP5,exact,FKBP5
5088,ARMC12,exact,ARMC12
5089,SRPK1,exact,SRPK1
5090,MAPK14,exact,MAPK14
5091,MAPK13,exact,MAPK13
5092,Z84485.1,unmatched,
5093,BRPF3,exact,BRPF3
5094,PXT1,exact,PXT1
5095,KCTD20,exact,KCTD20
5096,STK38,exact,STK38
5097,SRSF3,exact,SRSF3
5098,PPIL1,exact,PPIL1
5099,C6orf89,exact,C6orf89
5100,PI16,exact,PI16
5101,MTCH1,exact,MTCH1
5102,PIM1,exact,PIM1
5103,TMEM217,exact,TMEM217
5104,TBC1D22B,exact,TBC1D22B
5105,RNF8,exact,RNF8
5106,CMTR1,exact,CMTR1
5107,CCDC167,exact,CCDC167
5108,AL353597.1,unmatched,
5109,MDGA1,exact,MDGA1
5110,ZFAND3,exact,ZFAND3
5111,BTBD9,exact,BTBD9
5112,GLO1,exact,GLO1
5113,SAYSD1,exact,SAYSD1
5114,DAAM2,exact,DAAM2
5115,MOCS1,exact,MOCS1
5116,UNC5CL,exact,UNC5CL
5117,OARD1,exact,OARD1
5118,APOBEC2,exact,APOBEC2
5119,NFYA,exact,NFYA
5120,TREML2,exact,TREML2
5121,FOXP4,exact,FOXP4
5122,TFEB,exact,TFEB
5123,FRS3,exact,FRS3
5124,AL365205.1,unmatched,
5125,USP49,exact,USP49
5126,MED20,exact,MED20
5127,BYSL,exact,BYSL
5128,CCND3,exact,CCND3
5129,AL513008.1,unmatched,
5130,TAF8,exact,TAF8
5131,AL512274.1,unmatched,
5132,C6orf132,exact,C6orf132
5133,GUCA1B,exact,GUCA1B
5134,MRPS10,exact,MRPS10
5135,TRERF1,exact,TRERF1
5136,UBR2,exact,UBR2
5137,PRPH2,exact,PRPH2
5138,TBCC,exact,TBCC
5139,BICRAL,exact,BICRAL
5140,RPL7L1,exact,RPL7L1
5141,C6orf226,exact,C6orf226
5142,CNPY3,exact,CNPY3
5143,AL035587.1,unmatched,
5144,PEX6,exact,PEX6
5145,PPP2R5D,exact,PPP2R5D
5146,MEA1,exact,MEA1
5147,KLHDC3,exact,KLHDC3
5148,RRP36,exact,RRP36
5149,AL136304.1,unmatched,
5150,CUL7,exact,CUL7
5151,KLC4,exact,KLC4
5152,MRPL2,exact,MRPL2
5153,PTK7,exact,PTK7
5154,SRF,exact,SRF
5155,CUL9,exact,CUL9
5156,AL133375.1,unmatched,
5157,DNPH1,exact,DNPH1
5158,CRIP3,exact,CRIP3
5159,ZNF318,exact,ZNF318
5160,ABCC10,exact,ABCC10
5161,DLK2,exact,DLK2
5162,TJAP1,exact,TJAP1
5163,POLR1C,exact,POLR1C
5164,YIPF3,exact,YIPF3
5165,XPO5,exact,XPO5
5166,POLH,exact,POLH
5167,GTPBP2,exact,GTPBP2
5168,MAD2L1BP,exact,MAD2L1BP
5169,MRPS18A,exact,MRPS18A
5170,MRPL14,exact,MRPL14
5171,TMEM63B,exact,TMEM63B
5172,SLC29A1,exact,SLC29A1
5173,HSP90AB1,exact,HSP90AB1
5174,SLC35B2,exact,SLC35B2
5175,NFKBIE,exact,NFKBIE
5176,AARS2,exact,AARS2
5177,CDC5L,exact,CDC5L
5178,SUPT3H,exact,SUPT3H
5179,RUNX2,exact,RUNX2
5180,AL096865.1,unmatched,
5181,RUNX2-AS1,unmatched,
5182,CLIC5,exact,CLIC5
5183,AL035701.1,unmatched,
5184,ENPP4,exact,ENPP4
5185,ENPP5,exact,ENPP5
5186,SLC25A27,exact,SLC25A27
5187,TDRD6,exact,TDRD6
5188,ADGRF1,exact,ADGRF1
5189,AL355353.1,unmatched,
5190,CD2AP,exact,CD2AP
5191,MUT,official_alias,MUT
5192,CENPQ,exact,CENPQ
5193,RHAG,exact,RHAG
5194,MCM3,exact,MCM3
5195,PAQR8,exact,PAQR8
5196,EFHC1,exact,EFHC1
5197,TRAM2,exact,TRAM2
5198,TRAM2-AS1,exact,TRAM2-AS1
5199,TMEM14A,exact,TMEM14A
5200,GSTA4,exact,GSTA4
5201,ICK,official_alias,ICK
5202,FBXO9,exact,FBXO9
5203,ELOVL5,exact,ELOVL5
5204,GCLC,exact,GCLC
5205,KLHL31,exact,KLHL31
5206,LRRC1,exact,LRRC1
5207,DST,exact,DST
5208,KIAA1586,exact,KIAA1586
5209,ZNF451,exact,ZNF451
5210,ZNF451-AS1,exact,ZNF451-AS1
5211,BAG2,exact,BAG2
5212,RAB23,exact,RAB23
5213,PRIM2,exact,PRIM2
5214,AL021368.3,unmatched,
5215,AL021368.1,unmatched,
5216,AL021368.2,unmatched,
5217,AL445250.1,unmatched,
5218,PTP4A1,exact,PTP4A1
5219,AL135905.1,unmatched,
5220,PHF3,exact,PHF3
5221,EYS,exact,EYS
5222,LMBRD1,exact,LMBRD1
5223,COL19A1,exact,COL19A1
5224,AL365226.1,unmatched,
5225,FAM135A,exact,FAM135A
5226,SDHAF4,exact,SDHAF4
5227,AL583856.2,unmatched,
5228,SMAP1,exact,SMAP1
5229,B3GAT2,exact,B3GAT2
5230,OGFRL1,exact,OGFRL1
5231,KCNQ5,exact,KCNQ5
5232,KHDC1,exact,KHDC1
5233,AC019205.1,unmatched,
5234,OOEP,exact,OOEP
5235,DDX43,exact,DDX43
5236,CGAS,exact,CGAS
5237,MTO1,exact,MTO1
5238,AL603910.1,unmatched,
5239,EEF1A1,exact,EEF1A1
5240,AL121972.1,unmatched,
5241,SLC17A5,exact,SLC17A5
5242,CD109,exact,CD109
5243,COX7A2,exact,COX7A2
5244,TMEM30A,exact,TMEM30A
5245,AL080250.1,unmatched,
5246,FILIP1,exact,FILIP1
5247,SENP6,exact,SENP6
5248,MYO6,exact,MYO6
5249,IRAK1BP1,exact,IRAK1BP1
5250,PHIP,exact,PHIP
5251,HMGN3,exact,HMGN3
5252,HMGN3-AS1,exact,HMGN3-AS1
5253,LCA5,exact,LCA5
5254,AL451064.1,unmatched,
5255,SH3BGRL2,exact,SH3BGRL2
5256,ELOVL4,exact,ELOVL4
5257,TTK,exact,TTK
5258,BCKDHB,exact,BCKDHB
5259,AL359715.3,unmatched,
5260,AL359715.1,unmatched,
5261,AL359715.2,unmatched,
5262,TENT5A,exact,TENT5A
5263,IBTK,exact,IBTK
5264,UBE3D,exact,UBE3D
5265,DOPEY1,official_alias,DOPEY1
5266,PGM3,exact,PGM3
5267,RWDD2A,exact,RWDD2A
5268,CYB5R4,exact,CYB5R4
5269,CEP162,exact,CEP162
5270,NT5E,exact,NT5E
5271,SNX14,exact,SNX14
5272,SYNCRIP,exact,SYNCRIP
5273,AL139274.2,unmatched,
5274,ZNF292,exact,ZNF292
5275,GJB7,exact,GJB7
5276,SMIM8,exact,SMIM8
5277,C6orf163,exact,C6orf163
5278,AL049697.1,unmatched,
5279,SLC35A1,exact,SLC35A1
5280,RARS2,exact,RARS2
5281,ORC3,exact,ORC3
5282,AKIRIN2,exact,AKIRIN2
5283,RNGTT,exact,RNGTT
5284,PNRC1,exact,PNRC1
5285,SRSF12,exact,SRSF12
5286,PM20D2,exact,PM20D2
5287,UBE2J1,exact,UBE2J1
5288,RRAGD,exact,RRAGD
5289,ANKRD6,exact,ANKRD6
5290,LYRM2,exact,LYRM2
5291,MDN1,exact,MDN1
5292,CASP8AP2,exact,CASP8AP2
5293,BACH2,exact,BACH2
5294,AL132996.1,unmatched,
5295,MAP3K7,exact,MAP3K7
5296,AL138731.1,unmatched,
5297,MANEA-DT,exact,MANEA-DT
5298,MANEA,exact,MANEA
5299,UFL1,exact,UFL1
5300,GPR63,exact,GPR63
5301,NDUFAF4,exact,NDUFAF4
5302,KLHL32,exact,KLHL32
5303,MMS22L,exact,MMS22L
5304,FBXL4,exact,FBXL4
5305,FAXC,exact,FAXC
5306,COQ3,exact,COQ3
5307,PNISR,exact,PNISR
5308,AL513550.1,unmatched,
5309,USP45,exact,USP45
5310,TSTD3,exact,TSTD3
5311,CCNC,exact,CCNC
5312,ASCC3,exact,ASCC3
5313,AL133338.1,unmatched,
5314,HACE1,exact,HACE1
5315,AL133406.3,unmatched,
5316,PREP,exact,PREP
5317,ATG5,exact,ATG5
5318,PRDM1,exact,PRDM1
5319,CRYBG1,exact,CRYBG1
5320,RTN4IP1,exact,RTN4IP1
5321,QRSL1,exact,QRSL1
5322,CD24,exact,CD24
5323,C6orf203,official_alias,C6orf203
5324,BEND3,exact,BEND3
5325,PDSS2,exact,PDSS2
5326,SCML4,exact,SCML4
5327,SEC63,exact,SEC63
5328,AL024507.2,unmatched,
5329,OSTM1,exact,OSTM1
5330,SNX3,exact,SNX3
5331,AFG1L,exact,AFG1L
5332,FOXO3,exact,FOXO3
5333,ARMC2,exact,ARMC2
5334,SESN1,exact,SESN1
5335,AL390208.1,unmatched,
5336,CEP57L1,exact,CEP57L1
5337,CD164,exact,CD164
5338,AL359711.2,unmatched,
5339,PPIL6,exact,PPIL6
5340,SMPD2,exact,SMPD2
5341,MICAL1,exact,MICAL1
5342,ZBTB24,exact,ZBTB24
5343,AK9,exact,AK9
5344,FIG4,exact,FIG4
5345,WASF1,exact,WASF1
5346,CDC40,exact,CDC40
5347,CDK19,exact,CDK19
5348,AMD1,exact,AMD1
5349,GTF3C6,exact,GTF3C6
5350,RPF2,exact,RPF2
5351,SLC16A10,exact,SLC16A10
5352,MFSD4B,exact,MFSD4B
5353,AL080317.1,unmatched,
5354,AL080317.2,unmatched,
5355,REV3L,exact,REV3L
5356,AL080317.3,unmatched,
5357,TRAF3IP2-AS1,exact,TRAF3IP2-AS1
5358,TRAF3IP2,exact,TRAF3IP2
5359,Z97989.1,unmatched,
5360,FYN,exact,FYN
5361,WISP3,official_alias,WISP3
5362,TUBE1,exact,TUBE1
5363,FAM229B,exact,FAM229B
5364,HDAC2,exact,HDAC2
5365,HDAC2-AS2,exact,HDAC2-AS2
5366,NT5DC1,exact,NT5DC1
5367,COL10A1,exact,COL10A1
5368,TSPYL4,exact,TSPYL4
5369,DSE,exact,DSE
5370,TSPYL1,exact,TSPYL1
5371,CALHM6,exact,CALHM6
5372,RWDD1,exact,RWDD1
5373,RSPH4A,exact,RSPH4A
5374,ZUP1,exact,ZUP1
5375,KPNA5,exact,KPNA5
5376,DCBLD1,exact,DCBLD1
5377,GOPC,exact,GOPC
5378,NUS1,exact,NUS1
5379,CEP85L,exact,CEP85L
5380,MCM9,exact,MCM9
5381,ASF1A,exact,ASF1A
5382,FAM184A,exact,FAM184A
5383,MAN1A1,exact,MAN1A1
5384,TBC1D32,exact,TBC1D32
5385,HSF2,exact,HSF2
5386,SERINC1,exact,SERINC1
5387,PKIB,exact,PKIB
5388,RNF217,exact,RNF217
5389,TPD52L1,exact,TPD52L1
5390,HDDC2,exact,HDDC2
5391,HEY2,exact,HEY2
5392,NCOA7,exact,NCOA7
5393,HINT3,exact,HINT3
5394,TRMT11,exact,TRMT11
5395,CENPW,exact,CENPW
5396,RNF146,exact,RNF146
5397,ECHDC1,exact,ECHDC1
5398,AL096711.2,unmatched,
5399,KIAA0408,exact,KIAA0408
5400,SOGA3,exact,SOGA3
5401,THEMIS,exact,THEMIS
5402,PTPRK,exact,PTPRK
5403,ARHGAP18,exact,ARHGAP18
5404,L3MBTL3,exact,L3MBTL3
5405,AL355581.1,unmatched,
5406,SAMD3,exact,SAMD3
5407,TMEM200A,exact,TMEM200A
5408,EPB41L2,exact,EPB41L2
5409,AKAP7,exact,AKAP7
5410,MED23,exact,MED23
5411,ENPP3,exact,ENPP3
5412,STX7,exact,STX7
5413,VNN2,exact,VNN2
5414,AL032821.1,unmatched,
5415,SLC18B1,exact,SLC18B1
5416,RPS12,exact,RPS12
5417,TBPL1,exact,TBPL1
5418,SGK1,exact,SGK1
5419,ALDH8A1,exact,ALDH8A1
5420,HBS1L,exact,HBS1L
5421,AL353596.1,unmatched,
5422,MYB,exact,MYB
5423,AHI1,exact,AHI1
5424,LINC00271,unmatched,
5425,PDE7B,exact,PDE7B
5426,AL138828.1,unmatched,
5427,MTFR2,exact,MTFR2
5428,BCLAF1,exact,BCLAF1
5429,MAP7,exact,MAP7
5430,AL024508.2,unmatched,
5431,MAP3K5,exact,MAP3K5
5432,PEX7,exact,PEX7
5433,IFNGR1,exact,IFNGR1
5434,AL357060.1,unmatched,
5435,TNFAIP3,exact,TNFAIP3
5436,PERP,exact,PERP
5437,HEBP2,exact,HEBP2
5438,NHSL1,exact,NHSL1
5439,GVQW2,official_alias,GVQW2
5440,CCDC28A,exact,CCDC28A
5441,ECT2L,exact,ECT2L
5442,REPS1,exact,REPS1
5443,ABRACL,exact,ABRACL
5444,HECA,exact,HECA
5445,AL031772.1,unmatched,
5446,TXLNB,exact,TXLNB
5447,CITED2,exact,CITED2
5448,VTA1,exact,VTA1
5449,HIVEP2,exact,HIVEP2
5450,AL023584.2,unmatched,
5451,AL355304.1,unmatched,
5452,LINC01277,unmatched,
5453,AL023581.2,unmatched,
5454,AIG1,exact,AIG1
5455,ADAT2,exact,ADAT2
5456,PEX3,exact,PEX3
5457,FUCA2,exact,FUCA2
5458,PHACTR2,exact,PHACTR2
5459,LTV1,exact,LTV1
5460,PLAGL1,exact,PLAGL1
5461,SF3B5,exact,SF3B5
5462,STX11,exact,STX11
5463,UTRN,exact,UTRN
5464,EPM2A,exact,EPM2A
5465,AL023806.1,unmatched,
5466,FBXO30,exact,FBXO30
5467,AL356599.1,unmatched,
5468,SHPRH,exact,SHPRH
5469,STXBP5-AS1,exact,STXBP5-AS1
5470,STXBP5,exact,STXBP5
5471,SAMD5,exact,SAMD5
5472,UST,exact,UST
5473,TAB2,exact,TAB2
5474,SUMO4,exact,SUMO4
5475,ZC3H12D,exact,ZC3H12D
5476,PPIL4,exact,PPIL4
5477,GINM1,exact,GINM1
5478,AL078581.1,unmatched,
5479,KATNA1,exact,KATNA1
5480,LATS1,exact,LATS1
5481,AL358852.1,unmatched,
5482,NUP43,exact,NUP43
5483,PCMT1,exact,PCMT1
5484,AL355312.2,unmatched,
5485,LRP11,exact,LRP11
5486,IYD,exact,IYD
5487,MTHFD1L,exact,MTHFD1L
5488,AKAP12,exact,AKAP12
5489,ZBTB2,exact,ZBTB2
5490,RMND1,exact,RMND1
5491,ARMT1,exact,ARMT1
5492,ESR1,exact,ESR1
5493,SYNE1,exact,SYNE1
5494,FBXO5,exact,FBXO5
5495,AL080276.2,unmatched,
5496,MTRF1L,exact,MTRF1L
5497,RGS17,exact,RGS17
5498,AL590867.1,unmatched,
5499,OPRM1,exact,OPRM1
5500,IPCEF1,exact,IPCEF1
5501,CNKSR3,exact,CNKSR3
5502,SCAF8,exact,SCAF8
5503,TIAM2,exact,TIAM2
5504,AL596202.1,unmatched,
5505,TFB1M,exact,TFB1M
5506,CLDN20,exact,CLDN20
5507,AL355297.3,unmatched,
5508,AL355297.4,unmatched,
5509,ARID1B,exact,ARID1B
5510,TMEM242,exact,TMEM242
5511,ZDHHC14,exact,ZDHHC14
5512,SNX9,exact,SNX9
5513,SYNJ2,exact,SYNJ2
5514,SERAC1,exact,SERAC1
5515,GTF2H5,exact,GTF2H5
5516,TULP4,exact,TULP4
5517,TMEM181,exact,TMEM181
5518,DYNLT1,exact,DYNLT1
5519,SYTL3,exact,SYTL3
5520,EZR,exact,EZR
5521,AL627422.2,unmatched,
5522,RSPH3,exact,RSPH3
5523,AL035530.2,unmatched,
5524,TAGAP,exact,TAGAP
5525,AL356417.3,unmatched,
5526,AL356417.1,unmatched,
5527,AL078604.2,unmatched,
5528,SOD2,exact,SOD2
5529,WTAP,exact,WTAP
5530,SOD2-OT1,exact,SOD2-OT1
5531,ACAT2,exact,ACAT2
5532,TCP1,exact,TCP1
5533,MRPL18,exact,MRPL18
5534,PNLDC1,exact,PNLDC1
5535,MAS1,exact,MAS1
5536,IGF2R,exact,IGF2R
5537,AIRN,exact,AIRN
5538,AL139393.2,unmatched,
5539,MAP3K4,exact,MAP3K4
5540,AGPAT4,exact,AGPAT4
5541,PRKN,exact,PRKN
5542,PACRG,exact,PACRG
5543,CAHM,exact,CAHM
5544,QKI,exact,QKI
5545,SFT2D1,exact,SFT2D1
5546,MPC1,exact,MPC1
5547,AL022069.1,unmatched,
5548,RPS6KA2,exact,RPS6KA2
5549,AL159163.1,unmatched,
5550,RNASET2,exact,RNASET2
5551,Z94721.1,unmatched,
5552,FGFR1OP,official_alias,FGFR1OP
5553,CCR6,exact,CCR6
5554,AFDN-DT,unmatched,
5555,AFDN,exact,AFDN
5556,BX322234.1,unmatched,
5557,WDR27,exact,WDR27
5558,C6orf120,exact,C6orf120
5559,PHF10,exact,PHF10
5560,TCTE3,official_alias,TCTE3
5561,ERMARD,exact,ERMARD
5562,AL109910.2,unmatched,
5563,LINC01624,exact,LINC01624
5564,DLL1,exact,DLL1
5565,FAM120B,exact,FAM120B
5566,PSMB1,exact,PSMB1
5567,TBP,exact,TBP
5568,PDCD2,exact,PDCD2
5569,AC093627.5,unmatched,
5570,AC093627.4,unmatched,
5571,PRKAR1B,exact,PRKAR1B
5572,AC147651.4,unmatched,
5573,DNAAF5,exact,DNAAF5
5574,SUN1,exact,SUN1
5575,GET4,exact,GET4
5576,AC073957.3,unmatched,
5577,ADAP1,exact,ADAP1
5578,COX19,exact,COX19
5579,C7orf50,exact,C7orf50
5580,GPR146,exact,GPR146
5581,ZFAND2A,exact,ZFAND2A
5582,AC091729.3,unmatched,
5583,MICALL2,exact,MICALL2
5584,AC102953.2,unmatched,
5585,INTS1,exact,INTS1
5586,MAFK,exact,MAFK
5587,TMEM184A,exact,TMEM184A
5588,PSMG3,exact,PSMG3
5589,PSMG3-AS1,exact,PSMG3-AS1
5590,MAD1L1,exact,MAD1L1
5591,AC104129.1,unmatched,
5592,MRM2,exact,MRM2
5593,NUDT1,exact,NUDT1
5594,SNX8,exact,SNX8
5595,EIF3B,exact,EIF3B
5596,CHST12,exact,CHST12
5597,LFNG,exact,LFNG
5598,BRAT1,exact,BRAT1
5599,IQCE,exact,IQCE
5600,TTYH3,exact,TTYH3
5601,GNA12,exact,GNA12
5602,CARD11,exact,CARD11
5603,SDK1,exact,SDK1
5604,FOXK1,exact,FOXK1
5605,AP5Z1,exact,AP5Z1
5606,RBAK-RBAKDN,exact,RBAK-RBAKDN
5607,RBAK,exact,RBAK
5608,WIPI2,exact,WIPI2
5609,SLC29A4,exact,SLC29A4
5610,TNRC18,exact,TNRC18
5611,AC092171.3,unmatched,
5612,FBXL18,exact,FBXL18
5613,AC092171.2,unmatched,
5614,ACTB,exact,ACTB
5615,RNF216,exact,RNF216
5616,OCM,exact,OCM
5617,CCZ1,exact,CCZ1
5618,PMS2,exact,PMS2
5619,AIMP2,exact,AIMP2
5620,EIF2AK1,exact,EIF2AK1
5621,USP42,exact,USP42
5622,CYTH3,exact,CYTH3
5623,FAM220A,exact,FAM220A
5624,RAC1,exact,RAC1
5625,DAGLB,exact,DAGLB
5626,KDELR2,exact,KDELR2
5627,ZDHHC4,exact,ZDHHC4
5628,C7orf26,unmatched,
5629,ZNF853,exact,ZNF853
5630,ZNF316,exact,ZNF316
5631,AC073343.2,unmatched,
5632,ZNF12,exact,ZNF12
5633,CCZ1B,exact,CCZ1B
5634,C1GALT1,exact,C1GALT1
5635,AC004982.2,unmatched,
5636,MIOS,exact,MIOS
5637,RPA3,exact,RPA3
5638,UMAD1,exact,UMAD1
5639,AC006042.4,unmatched,
5640,AC006042.2,unmatched,
5641,GLCCI1,exact,GLCCI1
5642,ICA1,exact,ICA1
5643,NDUFA4,exact,NDUFA4
5644,AC007029.1,unmatched,
5645,PHF14,exact,PHF14
5646,TMEM106B,exact,TMEM106B
5647,VWDE,exact,VWDE
5648,SCIN,exact,SCIN
5649,ARL4A,exact,ARL4A
5650,DGKB,exact,DGKB
5651,ISPD,official_alias,ISPD
5652,ANKMY2,exact,ANKMY2
5653,BZW2,exact,BZW2
5654,AHR,exact,AHR
5655,AC073332.1,unmatched,
5656,SNX13,exact,SNX13
5657,TWISTNB,official_alias,TWISTNB
5658,MACC1,exact,MACC1
5659,ABCB5,exact,ABCB5
5660,SP4,exact,SP4
5661,DNAH11,exact,DNAH11
5662,CDCA7L,exact,CDCA7L
5663,TOMM7,exact,TOMM7
5664,FAM126A,unmatched,
5665,KLHL7,exact,KLHL7
5666,NUPL2,official_alias,NUPL2
5667,AC005082.1,unmatched,
5668,MALSU1,exact,MALSU1
5669,IGF2BP3,exact,IGF2BP3
5670,TRA2A,exact,TRA2A
5671,CCDC126,exact,CCDC126
5672,FAM221A,exact,FAM221A
5673,STK31,exact,STK31
5674,MPP6,unmatched,
5675,GSDME,exact,GSDME
5676,OSBPL3,exact,OSBPL3
5677,CYCS,exact,CYCS
5678,C7orf31,unmatched,
5679,AC010719.1,unmatched,
5680,NFE2L3,exact,NFE2L3
5681,AC004520.1,unmatched,
5682,HNRNPA2B1,exact,HNRNPA2B1
5683,CBX3,exact,CBX3
5684,SNX10,exact,SNX10
5685,SKAP2,exact,SKAP2
5686,HOXA1,exact,HOXA1
5687,HOTAIRM1,exact,HOTAIRM1
5688,HOXA4,exact,HOXA4
5689,HOXA5,exact,HOXA5
5690,HOXA9,exact,HOXA9
5691,HOXA10,exact,HOXA10
5692,HIBADH,exact,HIBADH
5693,TAX1BP1,exact,TAX1BP1
5694,JAZF1,exact,JAZF1
5695,CHN2,exact,CHN2
5696,SCRN1,exact,SCRN1
5697,AC007285.1,unmatched,
5698,FKBP14,exact,FKBP14
5699,PLEKHA8,exact,PLEKHA8
5700,MTURN,exact,MTURN
5701,AC007036.1,unmatched,
5702,ZNRF2,exact,ZNRF2
5703,LINC01176,exact,LINC01176
5704,NOD1,exact,NOD1
5705,AC006027.1,unmatched,
5706,GGCT,exact,GGCT
5707,AC005154.6,unmatched,
5708,AC005154.4,unmatched,
5709,GARS,official_alias,GARS
5710,INMT,exact,INMT
5711,MINDY4,exact,MINDY4
5712,LSM5,exact,LSM5
5713,AVL9,exact,AVL9
5714,KBTBD2,exact,KBTBD2
5715,FKBP9,exact,FKBP9
5716,NT5C3A,exact,NT5C3A
5717,RP9,exact,RP9
5718,BBS9,exact,BBS9
5719,DPY19L1,exact,DPY19L1
5720,HERPUD2,exact,HERPUD2
5721,AC018647.2,unmatched,
5722,SEPT7-AS1,official_alias,SEPT7-AS1
5723,SEPT7,official_alias,SEPT7
5724,EEPD1,exact,EEPD1
5725,KIAA0895,unmatched,
5726,ANLN,exact,ANLN
5727,AOAH,exact,AOAH
5728,ELMO1,exact,ELMO1
5729,EPDR1,exact,EPDR1
5730,STARD3NL,exact,STARD3NL
5731,TRGC2,exact,TRGC2
5732,TRGC1,exact,TRGC1
5733,TRGV10,unmatched,
5734,TRG-AS1,exact,TRG-AS1
5735,TRGV1,exact,TRGV1
5736,AMPH,exact,AMPH
5737,VPS41,exact,VPS41
5738,YAE1D1,official_alias,YAE1D1
5739,RALA,exact,RALA
5740,LINC00265,unmatched,
5741,AC072061.1,unmatched,
5742,CDK13,exact,CDK13
5743,MPLKIP,exact,MPLKIP
5744,SUGCT,exact,SUGCT
5745,AC004988.1,unmatched,
5746,AC010132.4,unmatched,
5747,C7orf25,exact,C7orf25
5748,PSMA2,exact,PSMA2
5749,MRPL32,exact,MRPL32
5750,AC005537.1,unmatched,
5751,STK17A,exact,STK17A
5752,COA1,exact,COA1
5753,BLVRA,exact,BLVRA
5754,MRPS24,exact,MRPS24
5755,URGCP,exact,URGCP
5756,UBE2D4,exact,UBE2D4
5757,SPDYE1,exact,SPDYE1
5758,AC004951.1,unmatched,
5759,LINC00957,exact,LINC00957
5760,DBNL,exact,DBNL
5761,PGAM2,exact,PGAM2
5762,POLM,exact,POLM
5763,AEBP1,exact,AEBP1
5764,POLD2,exact,POLD2
5765,GCK,exact,GCK
5766,YKT6,exact,YKT6
5767,NUDCD3,exact,NUDCD3
5768,DDX56,exact,DDX56
5769,TMED4,exact,TMED4
5770,OGDH,exact,OGDH
5771,ZMIZ2,exact,ZMIZ2
5772,PPIA,exact,PPIA
5773,H2AFV,official_alias,H2AFV
5774,LINC01952,unmatched,
5775,PURB,exact,PURB
5776,AC004854.2,unmatched,
5777,MYO1G,exact,MYO1G
5778,SNHG15,exact,SNHG15
5779,CCM2,exact,CCM2
5780,TBRG4,exact,TBRG4
5781,ADCY1,exact,ADCY1
5782,IGFBP3,exact,IGFBP3
5783,AC073115.1,unmatched,
5784,HUS1,exact,HUS1
5785,PKD1L1,exact,PKD1L1
5786,SUN3,exact,SUN3
5787,UPP1,exact,UPP1
5788,IKZF1,exact,IKZF1
5789,FIGNL1,exact,FIGNL1
5790,GRB10,exact,GRB10
5791,SEC61G,exact,SEC61G
5792,LANCL2,exact,LANCL2
5793,VOPP1,exact,VOPP1
5794,ZNF713,exact,ZNF713
5795,NIPSNAP2,exact,NIPSNAP2
5796,MRPS17,exact,MRPS17
5797,PSPH,exact,PSPH
5798,CCT6A,exact,CCT6A
5799,SUMF2,exact,SUMF2
5800,PHKG1,exact,PHKG1
5801,CHCHD2,exact,CHCHD2
5802,NUPR2,exact,NUPR2
5803,AC118758.3,unmatched,
5804,AC092634.3,unmatched,
5805,ZNF727,exact,ZNF727
5806,ZNF736,exact,ZNF736
5807,ZNF680,exact,ZNF680
5808,ZNF107,exact,ZNF107
5809,ZNF138,exact,ZNF138
5810,ZNF273,exact,ZNF273
5811,ZNF117,exact,ZNF117
5812,ERV3-1,exact,ERV3-1
5813,ZNF92,exact,ZNF92
5814,VKORC1L1,exact,VKORC1L1
5815,GUSB,exact,GUSB
5816,ASL,exact,ASL
5817,CRCP,exact,CRCP
5818,TPST1,exact,TPST1
5819,AC008267.5,unmatched,
5820,KCTD7,exact,KCTD7
5821,RABGEF1,exact,RABGEF1
5822,AC027644.3,unmatched,
5823,AC073335.2,unmatched,
5824,TMEM248,exact,TMEM248
5825,SBDS,exact,SBDS
5826,TYW1,exact,TYW1
5827,AC006480.2,unmatched,
5828,LINC01372,unmatched,
5829,AUTS2,exact,AUTS2
5830,CALN1,exact,CALN1
5831,TYW1B,exact,TYW1B
5832,POM121,exact,POM121
5833,AC211476.2,unmatched,
5834,NSUN5,exact,NSUN5
5835,BAZ1B,exact,BAZ1B
5836,BCL7B,exact,BCL7B
5837,TBL2,exact,TBL2
5838,MLXIPL,exact,MLXIPL
5839,VPS37D,exact,VPS37D
5840,DNAJC30,exact,DNAJC30
5841,BUD23,exact,BUD23
5842,STX1A,exact,STX1A
5843,ABHD11,exact,ABHD11
5844,METTL27,exact,METTL27
5845,LIMK1,exact,LIMK1
5846,EIF4H,exact,EIF4H
5847,LAT2,exact,LAT2
5848,RFC2,exact,RFC2
5849,CLIP2,exact,CLIP2
5850,GTF2IRD1,exact,GTF2IRD1
5851,GTF2I,exact,GTF2I
5852,NCF1,exact,NCF1
5853,GTF2IRD2,exact,GTF2IRD2
5854,CASTOR2,exact,CASTOR2
5855,RCC1L,exact,RCC1L
5856,GTF2IRD2B,exact,GTF2IRD2B
5857,AC211486.5,unmatched,
5858,AC211486.2,unmatched,
5859,TRIM73,exact,TRIM73
5860,POM121C,exact,POM121C
5861,SPDYE5,exact,SPDYE5
5862,HIP1,exact,HIP1
5863,RHBDD2,exact,RHBDD2
5864,POR,exact,POR
5865,TMEM120A,exact,TMEM120A
5866,STYXL1,exact,STYXL1
5867,MDH2,exact,MDH2
5868,HSPB1,exact,HSPB1
5869,YWHAG,exact,YWHAG
5870,SSC4D,exact,SSC4D
5871,ZP3,exact,ZP3
5872,DTX2,exact,DTX2
5873,UPK3B,exact,UPK3B
5874,SPDYE16,exact,SPDYE16
5875,POMZP3,exact,POMZP3
5876,CCDC146,exact,CCDC146
5877,FGL2,exact,FGL2
5878,GSAP,exact,GSAP
5879,PTPN12,exact,PTPN12
5880,APTR,exact,APTR
5881,RSBN1L,exact,RSBN1L
5882,TMEM60,exact,TMEM60
5883,PHTF2,exact,PHTF2
5884,GNAI1,exact,GNAI1
5885,SEMA3A,exact,SEMA3A
5886,AC074183.1,unmatched,
5887,GRM3,exact,GRM3
5888,KIAA1324L,official_alias,KIAA1324L
5889,AC005076.1,unmatched,
5890,DMTF1,exact,DMTF1
5891,TMEM243,exact,TMEM243
5892,TP53TG1,exact,TP53TG1
5893,CROT,exact,CROT
5894,ABCB1,exact,ABCB1
5895,RUNDC3B,exact,RUNDC3B
5896,SLC25A40,exact,SLC25A40
5897,DBF4,exact,DBF4
5898,ADAM22,exact,ADAM22
5899,SRI,exact,SRI
5900,STEAP4,exact,STEAP4
5901,AC004969.1,unmatched,
5902,STEAP2,exact,STEAP2
5903,GTPBP10,exact,GTPBP10
5904,CLDN12,exact,CLDN12
5905,FZD1,exact,FZD1
5906,MTERF1,exact,MTERF1
5907,AKAP9,exact,AKAP9
5908,CYP51A1,exact,CYP51A1
5909,LRRD1,exact,LRRD1
5910,CYP51A1-AS1,exact,CYP51A1-AS1
5911,KRIT1,exact,KRIT1
5912,ANKIB1,exact,ANKIB1
5913,GATAD1,exact,GATAD1
5914,AC007566.1,unmatched,
5915,ERVW-1,exact,ERVW-1
5916,PEX1,exact,PEX1
5917,RBM48,exact,RBM48
5918,FAM133B,exact,FAM133B
5919,CDK6,exact,CDK6
5920,SAMD9,exact,SAMD9
5921,SAMD9L,exact,SAMD9L
5922,VPS50,exact,VPS50
5923,BET1,exact,BET1
5924,CASD1,exact,CASD1
5925,SGCE,exact,SGCE
5926,PON2,exact,PON2
5927,SLC25A13,exact,SLC25A13
5928,SEM1,exact,SEM1
5929,SDHAF3,exact,SDHAF3
5930,ASNS,exact,ASNS
5931,LMTK2,exact,LMTK2
5932,TECPR1,exact,TECPR1
5933,BRI3,exact,BRI3
5934,BAIAP2L1,exact,BAIAP2L1
5935,TMEM130,exact,TMEM130
5936,TRRAP,exact,TRRAP
5937,SMURF1,exact,SMURF1
5938,AC004834.1,unmatched,
5939,ARPC1A,exact,ARPC1A
5940,ARPC1B,exact,ARPC1B
5941,PDAP1,exact,PDAP1
5942,BUD31,exact,BUD31
5943,PTCD1,exact,PTCD1
5944,ATP5MF-PTCD1,exact,ATP5MF-PTCD1
5945,CPSF4,exact,CPSF4
5946,ATP5MF,exact,ATP5MF
5947,ZNF789,exact,ZNF789
5948,ZNF394,exact,ZNF394
5949,ZKSCAN5,exact,ZKSCAN5
5950,FAM200A,exact,FAM200A
5951,ZNF655,exact,ZNF655
5952,TMEM225B,exact,TMEM225B
5953,ZSCAN25,exact,ZSCAN25
5954,CYP3A5,exact,CYP3A5
5955,CYP3A4,exact,CYP3A4
5956,AC069294.1,unmatched,
5957,OR2AE1,exact,OR2AE1
5958,TRIM4,exact,TRIM4
5959,GJC3,exact,GJC3
5960,AC004522.2,unmatched,
5961,ZKSCAN1,exact,ZKSCAN1
5962,ZSCAN21,exact,ZSCAN21
5963,ZNF3,exact,ZNF3
5964,COPS6,exact,COPS6
5965,MCM7,exact,MCM7
5966,AP4M1,exact,AP4M1
5967,TAF6,exact,TAF6
5968,AC073842.2,unmatched,
5969,CNPY4,exact,CNPY4
5970,MBLAC1,exact,MBLAC1
5971,LAMTOR4,exact,LAMTOR4
5972,C7orf43,official_alias,C7orf43
5973,GAL3ST4,exact,GAL3ST4
5974,GPC2,exact,GPC2
5975,STAG3,exact,STAG3
5976,CASTOR3,unmatched,
5977,PVRIG,exact,PVRIG
5978,SPDYE3,exact,SPDYE3
5979,PILRB,exact,PILRB
5980,PILRA,exact,PILRA
5981,ZCWPW1,exact,ZCWPW1
5982,MEPCE,exact,MEPCE
5983,PPP1R35,exact,PPP1R35
5984,C7orf61,official_alias,C7orf61
5985,TSC22D4,exact,TSC22D4
5986,NYAP1,exact,NYAP1
5987,AGFG2,exact,AGFG2
5988,SAP25,exact,SAP25
5989,LRCH4,exact,LRCH4
5990,FBXO24,exact,FBXO24
5991,PCOLCE-AS1,exact,PCOLCE-AS1
5992,PCOLCE,exact,PCOLCE
5993,MOSPD3,exact,MOSPD3
5994,TFR2,exact,TFR2
5995,GNB2,exact,GNB2
5996,GIGYF1,exact,GIGYF1
5997,POP7,exact,POP7
5998,EPHB4,exact,EPHB4
5999,SLC12A9,exact,SLC12A9
6000,SLC12A9-AS1,exact,SLC12A9-AS1
6001,TRIP6,exact,TRIP6
6002,SRRT,exact,SRRT
6003,UFSP1,exact,UFSP1
6004,AC105446.1,unmatched,
6005,TRIM56,exact,TRIM56
6006,AP1S1,exact,AP1S1
6007,MOGAT3,exact,MOGAT3
6008,PLOD3,exact,PLOD3
6009,ZNHIT1,exact,ZNHIT1
6010,CLDN15,exact,CLDN15
6011,FIS1,exact,FIS1
6012,AC006329.1,unmatched,
6013,IFT22,exact,IFT22
6014,CUX1,exact,CUX1
6015,AC005096.1,unmatched,
6016,SH2B2,exact,SH2B2
6017,PRKRIP1,exact,PRKRIP1
6018,ORAI2,exact,ORAI2
6019,ALKBH4,exact,ALKBH4
6020,LRWD1,exact,LRWD1
6021,POLR2J,exact,POLR2J
6022,RASA4B,exact,RASA4B
6023,POLR2J3,unmatched,
6024,AC093668.3,unmatched,
6025,POLR2J3.1,unmatched,
6026,RASA4,exact,RASA4
6027,UPK3BL1,exact,UPK3BL1
6028,POLR2J2,exact,POLR2J2
6029,FAM185A,exact,FAM185A
6030,FBXL13,exact,FBXL13
6031,LRRC17,exact,LRRC17
6032,ARMC10,exact,ARMC10
6033,NAPEPLD,exact,NAPEPLD
6034,PMPCB,exact,PMPCB
6035,DNAJC2,exact,DNAJC2
6036,PSMC2,exact,PSMC2
6037,SLC26A5,exact,SLC26A5
6038,AC005064.1,unmatched,
6039,ORC5,exact,ORC5
6040,AC007384.1,unmatched,
6041,LINC01004,unmatched,
6042,KMT2E-AS1,unmatched,
6043,KMT2E,exact,KMT2E
6044,AC005070.3,unmatched,
6045,SRPK2,exact,SRPK2
6046,AC004884.2,unmatched,
6047,PUS7,exact,PUS7
6048,RINT1,exact,RINT1
6049,EFCAB10,exact,EFCAB10
6050,AC073073.2,unmatched,
6051,ATXN7L1,exact,ATXN7L1
6052,CDHR3,exact,CDHR3
6053,SYPL1,exact,SYPL1
6054,NAMPT,exact,NAMPT
6055,AC007032.1,unmatched,
6056,CCDC71L,exact,CCDC71L
6057,PIK3CG,exact,PIK3CG
6058,PRKAR2B,exact,PRKAR2B
6059,HBP1,exact,HBP1
6060,AC004492.1,unmatched,
6061,COG5,exact,COG5
6062,GPR22,exact,GPR22
6063,DUS4L,exact,DUS4L
6064,AC004839.1,unmatched,
6065,BCAP29,exact,BCAP29
6066,SLC26A4,exact,SLC26A4
6067,AC002467.1,unmatched,
6068,CBLL1,exact,CBLL1
6069,DLD,exact,DLD
6070,LAMB1,exact,LAMB1
6071,AC005046.1,unmatched,
6072,NRCAM,exact,NRCAM
6073,PNPLA8,exact,PNPLA8
6074,THAP5,exact,THAP5
6075,DNAJB9,exact,DNAJB9
6076,IMMP2L,exact,IMMP2L
6077,LRRN3,exact,LRRN3
6078,ZNF277,exact,ZNF277
6079,IFRD1,exact,IFRD1
6080,LSMEM1,exact,LSMEM1
6081,TMEM168,exact,TMEM168
6082,BMT2,exact,BMT2
6083,GPR85,exact,GPR85
6084,SMIM30,exact,SMIM30
6085,MDFIC,exact,MDFIC
6086,LINC01393,exact,LINC01393
6087,TES,exact,TES
6088,AC073130.2,unmatched,
6089,CAPZA2,exact,CAPZA2
6090,ST7,exact,ST7
6091,LSM8,exact,LSM8
6092,ANKRD7,exact,ANKRD7
6093,ING3,exact,ING3
6094,FAM3C,exact,FAM3C
6095,AASS,exact,AASS
6096,NDUFA5,exact,NDUFA5
6097,ASB15,exact,ASB15
6098,WASL,exact,WASL
6099,AC006333.2,unmatched,
6100,POT1,exact,POT1
6101,POT1-AS1,exact,POT1-AS1
6102,ZNF800,exact,ZNF800
6103,GCC1,exact,GCC1
6104,ARF5,exact,ARF5
6105,FSCN3,exact,FSCN3
6106,SND1,exact,SND1
6107,SND1-IT1,exact,SND1-IT1
6108,LRRC4,exact,LRRC4
6109,RBM28,exact,RBM28
6110,PRRT4,exact,PRRT4
6111,IMPDH1,exact,IMPDH1
6112,HILPDA,exact,HILPDA
6113,METTL2B,exact,METTL2B
6114,AC090114.2,unmatched,
6115,AC018638.7,unmatched,
6116,FAM71F2,unmatched,
6117,CALU,exact,CALU
6118,OPN1SW,exact,OPN1SW
6119,CCDC136,exact,CCDC136
6120,KCP,exact,KCP
6121,ATP6V1F,exact,ATP6V1F
6122,ATP6V1FNB,unmatched,
6123,TNPO3,exact,TNPO3
6124,TSPAN33,exact,TSPAN33
6125,AHCYL2,exact,AHCYL2
6126,STRIP2,exact,STRIP2
6127,SMKR1,exact,SMKR1
6128,AC078846.1,unmatched,
6129,NRF1,exact,NRF1
6130,UBE2H,exact,UBE2H
6131,AC073320.1,unmatched,
6132,ZC3HC1,exact,ZC3HC1
6133,KLHDC10,exact,KLHDC10
6134,AC087071.1,unmatched,
6135,TMEM209,exact,TMEM209
6136,CPA5,exact,CPA5
6137,CEP41,exact,CEP41
6138,MEST,exact,MEST
6139,AC007938.2,unmatched,
6140,COPG2,exact,COPG2
6141,AC007938.3,unmatched,
6142,TSGA13,exact,TSGA13
6143,AC016831.7,unmatched,
6144,LINC00513,exact,LINC00513
6145,AC016831.1,unmatched,
6146,AC016831.5,unmatched,
6147,AC058791.1,unmatched,
6148,MKLN1,exact,MKLN1
6149,AC008264.2,unmatched,
6150,PODXL,exact,PODXL
6151,CHCHD3,exact,CHCHD3
6152,EXOC4,exact,EXOC4
6153,SLC35B4,exact,SLC35B4
6154,AC009275.1,unmatched,
6155,AKR1B1,exact,AKR1B1
6156,BPGM,exact,BPGM
6157,AC009276.1,unmatched,
6158,CALD1,exact,CALD1
6159,AGBL3,exact,AGBL3
6160,CYREN,exact,CYREN
6161,TMEM140,exact,TMEM140
6162,AC083862.2,unmatched,
6163,WDR91,exact,WDR91
6164,CNOT4,exact,CNOT4
6165,NUP205,exact,NUP205
6166,STMP1,exact,STMP1
6167,SLC13A4,exact,SLC13A4
6168,AC091736.1,unmatched,
6169,AC015987.1,unmatched,
6170,MTPN,exact,MTPN
6171,AC078845.1,unmatched,
6172,CREB3L2,exact,CREB3L2
6173,TRIM24,exact,TRIM24
6174,TMEM213,exact,TMEM213
6175,KIAA1549,exact,KIAA1549
6176,ZC3HAV1,exact,ZC3HAV1
6177,TTC26,unmatched,
6178,UBN2,exact,UBN2
6179,FMC1,exact,FMC1
6180,LUC7L2,exact,LUC7L2
6181,AC083880.1,unmatched,
6182,HIPK2,exact,HIPK2
6183,TBXAS1,exact,TBXAS1
6184,PARP12,exact,PARP12
6185,KDM7A,exact,KDM7A
6186,SLC37A3,exact,SLC37A3
6187,RAB19,exact,RAB19
6188,MKRN1,exact,MKRN1
6189,DENND2A,exact,DENND2A
6190,ADCK2,exact,ADCK2
6191,NDUFB2,exact,NDUFB2
6192,NDUFB2-AS1,exact,NDUFB2-AS1
6193,BRAF,exact,BRAF
6194,MRPS33,exact,MRPS33
6195,AGK,exact,AGK
6196,AC004918.1,unmatched,
6197,KIAA1147,official_alias,KIAA1147
6198,WEE2-AS1,exact,WEE2-AS1
6199,SSBP1,exact,SSBP1
6200,TAS2R3,exact,TAS2R3
6201,TAS2R4,exact,TAS2R4
6202,TAS2R5,exact,TAS2R5
6203,TRBV2,unmatched,
6204,TRBV3-1,unmatched,
6205,TRBV5-1,unmatched,
6206,TRBV6-1,unmatched,
6207,TRBV4-2,exact,TRBV4-2
6208,TRBV6-2,exact,TRBV6-2
6209,TRBV7-2,unmatched,
6210,TRBV9,unmatched,
6211,TRBV10-2,unmatched,
6212,TRBV6-5,unmatched,
6213,TRBV7-4,unmatched,
6214,TRBV5-4,exact,TRBV5-4
6215,TRBV5-5,unmatched,
6216,TRBV5-6,unmatched,
6217,TRBV7-9,exact,TRBV7-9
6218,TRBV10-3,unmatched,
6219,TRBV12-3,exact,TRBV12-3
6220,TRBV12-4,unmatched,
6221,TRBV14,unmatched,
6222,TRBV18,exact,TRBV18
6223,TRBV19,unmatched,
6224,TRBV20-1,unmatched,
6225,TRBV21-1,unmatched,
6226,TRBV23-1,unmatched,
6227,TRBV24-1,unmatched,
6228,MTRNR2L6,exact,MTRNR2L6
6229,TRBV27,unmatched,
6230,TRBV28,unmatched,
6231,TRBV29-1,unmatched,
6232,TRBC1,unmatched,
6233,TRBC2,unmatched,
6234,TRBV30,exact,TRBV30
6235,EPHB6,exact,EPHB6
6236,GSTK1,exact,GSTK1
6237,CASP2,exact,CASP2
6238,AC093673.1,unmatched,
6239,ZYX,exact,ZYX
6240,EPHA1,exact,EPHA1
6241,EPHA1-AS1,exact,EPHA1-AS1
6242,TAS2R41,exact,TAS2R41
6243,TCAF2,exact,TCAF2
6244,CTAGE6,exact,CTAGE6
6245,TCAF1,exact,TCAF1
6246,OR2A5,exact,OR2A5
6247,OR2A25,exact,OR2A25
6248,CTAGE4,exact,CTAGE4
6249,ARHGEF35,exact,ARHGEF35
6250,AC004889.1,unmatched,
6251,OR2A42,exact,OR2A42
6252,AC074386.1,unmatched,
6253,OR2A1-AS1,exact,OR2A1-AS1
6254,OR2A1,exact,OR2A1
6255,ARHGEF5,exact,ARHGEF5
6256,TPK1,exact,TPK1
6257,AC005229.4,unmatched,
6258,CUL1,exact,CUL1
6259,EZH2,exact,EZH2
6260,GHET1,unmatched,
6261,PDIA4,exact,PDIA4
6262,ZNF786,exact,ZNF786
6263,ZNF425,exact,ZNF425
6264,ZNF398,exact,ZNF398
6265,ZNF282,exact,ZNF282
6266,ZNF212,exact,ZNF212
6267,ZNF783,exact,ZNF783
6268,ZNF777,exact,ZNF777
6269,ZNF746,exact,ZNF746
6270,KRBA1,exact,KRBA1
6271,ZNF467,exact,ZNF467
6272,SSPO,official_alias,SSPO
6273,ZNF862,exact,ZNF862
6274,AC004877.1,unmatched,
6275,ATP6V0E2-AS1,exact,ATP6V0E2-AS1
6276,ATP6V0E2,exact,ATP6V0E2
6277,AC092681.3,unmatched,
6278,AC092681.2,unmatched,
6279,ACTR3C,exact,ACTR3C
6280,LRRC61,exact,LRRC61
6281,ZBED6CL,unmatched,
6282,REPIN1,exact,REPIN1
6283,ZNF775,exact,ZNF775
6284,AC073111.5,unmatched,
6285,LINC00996,exact,LINC00996
6286,GIMAP8,exact,GIMAP8
6287,GIMAP7,exact,GIMAP7
6288,GIMAP4,exact,GIMAP4
6289,GIMAP6,exact,GIMAP6
6290,GIMAP2,exact,GIMAP2
6291,GIMAP1,exact,GIMAP1
6292,GIMAP5,exact,GIMAP5
6293,KCNH2,exact,KCNH2
6294,NOS3,exact,NOS3
6295,ATG9B,exact,ATG9B
6296,ABCB8,exact,ABCB8
6297,AC010973.1,unmatched,
6298,ASIC3,exact,ASIC3
6299,CDK5,exact,CDK5
6300,SLC4A2,exact,SLC4A2
6301,FASTK,exact,FASTK
6302,TMUB1,exact,TMUB1
6303,AGAP3,exact,AGAP3
6304,ABCF2,exact,ABCF2
6305,ABCF2.1,unmatched,
6306,CHPF2,exact,CHPF2
6307,SMARCD3,exact,SMARCD3
6308,AC021097.1,unmatched,
6309,NUB1,exact,NUB1
6310,WDR86,exact,WDR86
6311,RHEB,exact,RHEB
6312,PRKAG2,exact,PRKAG2
6313,PRKAG2-AS1,unmatched,
6314,GALNT11,exact,GALNT11
6315,AC006017.1,unmatched,
6316,KMT2C,exact,KMT2C
6317,LINC01003,exact,LINC01003
6318,XRCC2,exact,XRCC2
6319,ACTR3B,exact,ACTR3B
6320,DPP6,exact,DPP6
6321,PAXIP1-AS2,unmatched,
6322,PAXIP1,exact,PAXIP1
6323,AC093726.2,unmatched,
6324,PAXIP1-AS1,official_alias,PAXIP1-AS1
6325,AC144652.1,unmatched,
6326,INSIG1,exact,INSIG1
6327,AC009403.1,unmatched,
6328,RBM33,exact,RBM33
6329,LINC01006,unmatched,
6330,RNF32,exact,RNF32
6331,AC005534.1,unmatched,
6332,LMBR1,exact,LMBR1
6333,NOM1,exact,NOM1
6334,UBE3C,exact,UBE3C
6335,DNAJB6,exact,DNAJB6
6336,PTPRN2,exact,PTPRN2
6337,AC005481.1,unmatched,
6338,NCAPG2,exact,NCAPG2
6339,ESYT2,exact,ESYT2
6340,WDR60,official_alias,WDR60
6341,PLCXD1,exact,PLCXD1
6342,GTPBP6,exact,GTPBP6
6343,LINC00685,unmatched,
6344,PPP2R3B,exact,PPP2R3B
6345,AL732314.6,unmatched,
6346,AL732314.4,unmatched,
6347,AL672277.1,unmatched,
6348,CSF2RA,exact,CSF2RA
6349,IL3RA,exact,IL3RA
6350,SLC25A6,exact,SLC25A6
6351,LINC00106,exact,LINC00106
6352,ASMTL-AS1,unmatched,
6353,ASMTL,exact,ASMTL
6354,P2RY8,exact,P2RY8
6355,AKAP17A,exact,AKAP17A
6356,AL683807.1,unmatched,
6357,AL683807.2,unmatched,
6358,DHRSX,exact,DHRSX
6359,ZBED1,exact,ZBED1
6360,LINC00102,exact,LINC00102
6361,CD99,exact,CD99
6362,ARSD,exact,ARSD
6363,PRKX,exact,PRKX
6364,BX890604.1,unmatched,
6365,FAM239A,unmatched,
6366,FAM239B,unmatched,
6367,FAM239C,unmatched,
6368,PUDP,exact,PUDP
6369,STS,exact,STS
6370,PNPLA4,exact,PNPLA4
6371,TBL1X,exact,TBL1X
6372,WWC3,exact,WWC3
6373,WWC3-AS1,unmatched,
6374,AC073529.1,unmatched,
6375,HCCS,exact,HCCS
6376,MSL3,exact,MSL3
6377,PRPS2,exact,PRPS2
6378,TLR7,exact,TLR7
6379,TMSB4X,exact,TMSB4X
6380,FAM9C,exact,FAM9C
6381,AC079171.1,unmatched,
6382,TCEANC,exact,TCEANC
6383,RAB9A,exact,RAB9A
6384,TRAPPC2,exact,TRAPPC2
6385,OFD1,exact,OFD1
6386,GPM6B,exact,GPM6B
6387,GEMIN8,exact,GEMIN8
6388,FANCB,exact,FANCB
6389,MOSPD2,exact,MOSPD2
6390,ASB9,exact,ASB9
6391,PIGA,exact,PIGA
6392,CLTRN,exact,CLTRN
6393,CA5B,exact,CA5B
6394,INE2,exact,INE2
6395,ZRSR2,exact,ZRSR2
6396,AP1S2,exact,AP1S2
6397,CTPS2,exact,CTPS2
6398,SYAP1,exact,SYAP1
6399,TXLNG,exact,TXLNG
6400,RBBP7,exact,RBBP7
6401,REPS2,exact,REPS2
6402,SCML1,exact,SCML1
6403,RAI2,exact,RAI2
6404,SCML2,exact,SCML2
6405,CDKL5,exact,CDKL5
6406,PHKA2-AS1,unmatched,
6407,PHKA2,exact,PHKA2
6408,ADGRG2,exact,ADGRG2
6409,PDHA1,exact,PDHA1
6410,MAP3K15,exact,MAP3K15
6411,SH3KBP1,exact,SH3KBP1
6412,BCLAF3,exact,BCLAF3
6413,EIF1AX,exact,EIF1AX
6414,RPS6KA3,exact,RPS6KA3
6415,CNKSR2,exact,CNKSR2
6416,KLHL34,exact,KLHL34
6417,MBTPS2,exact,MBTPS2
6418,YY2,exact,YY2
6419,SMS,exact,SMS
6420,PHEX,exact,PHEX
6421,PRDX4,exact,PRDX4
6422,ACOT9,exact,ACOT9
6423,SAT1,exact,SAT1
6424,APOO,exact,APOO
6425,CXorf58,exact,CXorf58
6426,KLHL15,exact,KLHL15
6427,EIF2S3,exact,EIF2S3
6428,ZFX,exact,ZFX
6429,PDK3,exact,PDK3
6430,POLA1,exact,POLA1
6431,MAGEB10,exact,MAGEB10
6432,CXorf21,official_alias,CXorf21
6433,GK,exact,GK
6434,GK-AS1,unmatched,
6435,TAB3,exact,TAB3
6436,DYNLT3,exact,DYNLT3
6437,RPGR,exact,RPGR
6438,TSPAN7,exact,TSPAN7
6439,MID1IP1,exact,MID1IP1
6440,MID1IP1-AS1,unmatched,
6441,LINC01281,exact,LINC01281
6442,BCOR,exact,BCOR
6443,ATP6AP2,exact,ATP6AP2
6444,CXorf38,exact,CXorf38
6445,MED14,exact,MED14
6446,MED14OS,unmatched,
6447,USP9X,exact,USP9X
6448,DDX3X,exact,DDX3X
6449,CASK,exact,CASK
6450,GPR82,exact,GPR82
6451,MAOA,exact,MAOA
6452,EFHC2,exact,EFHC2
6453,FUNDC1,exact,FUNDC1
6454,KDM6A,exact,KDM6A
6455,CXorf36,official_alias,CXorf36
6456,MIR222HG,unmatched,
6457,KRBOX4,exact,KRBOX4
6458,ZNF674,exact,ZNF674
6459,ZNF674-AS1,exact,ZNF674-AS1
6460,CHST7,exact,CHST7
6461,SLC9A7,exact,SLC9A7
6462,RP2,exact,RP2
6463,NDUFB11,exact,NDUFB11
6464,RBM10,exact,RBM10
6465,UBA1,exact,UBA1
6466,CDK16,exact,CDK16
6467,USP11,exact,USP11
6468,AL591503.1,unmatched,
6469,ZNF157,exact,ZNF157
6470,ZNF41,exact,ZNF41
6471,LINC01560,unmatched,
6472,ARAF,exact,ARAF
6473,SYN1,exact,SYN1
6474,TIMP1,exact,TIMP1
6475,CFP,exact,CFP
6476,ELK1,exact,ELK1
6477,UXT,exact,UXT
6478,UXT-AS1,exact,UXT-AS1
6479,ZNF81,exact,ZNF81
6480,ZNF182,exact,ZNF182
6481,ZNF630,exact,ZNF630
6482,SLC38A5,exact,SLC38A5
6483,FTSJ1,exact,FTSJ1
6484,AF196972.1,unmatched,
6485,PORCN,exact,PORCN
6486,EBP,exact,EBP
6487,TBC1D25,exact,TBC1D25
6488,RBM3,exact,RBM3
6489,WDR13,exact,WDR13
6490,WAS,exact,WAS
6491,SUV39H1,exact,SUV39H1
6492,AC231533.1,unmatched,
6493,HDAC6,exact,HDAC6
6494,PCSK1N,exact,PCSK1N
6495,TIMM17B,exact,TIMM17B
6496,PQBP1,exact,PQBP1
6497,SLC35A2,exact,SLC35A2
6498,PIM2,exact,PIM2
6499,OTUD5,exact,OTUD5
6500,KCND1,exact,KCND1
6501,GRIPAP1,exact,GRIPAP1
6502,TFE3,exact,TFE3
6503,CCDC120,exact,CCDC120
6504,PRAF2,exact,PRAF2
6505,WDR45,exact,WDR45
6506,GPKOW,exact,GPKOW
6507,MAGIX,exact,MAGIX
6508,PLP2,exact,PLP2
6509,PRICKLE3,exact,PRICKLE3
6510,SYP,exact,SYP
6511,SYP-AS1,exact,SYP-AS1
6512,CCDC22,exact,CCDC22
6513,FOXP3,exact,FOXP3
6514,PPP1R3F,exact,PPP1R3F
6515,AC232271.1,unmatched,
6516,USP27X-AS1,official_alias,USP27X-AS1
6517,USP27X,exact,USP27X
6518,CLCN5,exact,CLCN5
6519,CCNB3,exact,CCNB3
6520,AC233976.1,unmatched,
6521,AL158055.1,unmatched,
6522,CXorf67,official_alias,CXorf67
6523,GSPT2,exact,GSPT2
6524,MAGED1,exact,MAGED1
6525,TSPYL2,exact,TSPYL2
6526,KANTR,exact,KANTR
6527,KDM5C,exact,KDM5C
6528,SMC1A,exact,SMC1A
6529,RIBC1,exact,RIBC1
6530,HSD17B10,exact,HSD17B10
6531,HUWE1,exact,HUWE1
6532,PHF8,exact,PHF8
6533,FAM120C,exact,FAM120C
6534,WNK3,exact,WNK3
6535,TSR2,exact,TSR2
6536,FGD1,exact,FGD1
6537,GNL3L,exact,GNL3L
6538,MAGED2,exact,MAGED2
6539,PFKFB1,exact,PFKFB1
6540,APEX2,exact,APEX2
6541,ALAS2,exact,ALAS2
6542,FAM104B,unmatched,
6543,MTRNR2L10,exact,MTRNR2L10
6544,PAGE5,exact,PAGE5
6545,MAGEH1,exact,MAGEH1
6546,USP51,exact,USP51
6547,RRAGB,exact,RRAGB
6548,AL445472.1,unmatched,
6549,KLF8,exact,KLF8
6550,UBQLN2,exact,UBQLN2
6551,AL354793.1,unmatched,
6552,NBDY,exact,NBDY
6553,SPIN3,exact,SPIN3
6554,SPIN2B,exact,SPIN2B
6555,AL022157.1,unmatched,
6556,SPIN2A,exact,SPIN2A
6557,FAAH2,exact,FAAH2
6558,ZXDB,exact,ZXDB
6559,ZXDA,exact,ZXDA
6560,SPIN4,exact,SPIN4
6561,ARHGEF9,exact,ARHGEF9
6562,AMER1,exact,AMER1
6563,MTMR8,exact,MTMR8
6564,ZC4H2,exact,ZC4H2
6565,ZC3H12B,exact,ZC3H12B
6566,LAS1L,exact,LAS1L
6567,MSN,exact,MSN
6568,EDA2R,exact,EDA2R
6569,YIPF6,exact,YIPF6
6570,EFNB1,exact,EFNB1
6571,PJA1,exact,PJA1
6572,EDA,exact,EDA
6573,OTUD6A,exact,OTUD6A
6574,IGBP1,exact,IGBP1
6575,PDZD11,exact,PDZD11
6576,DLG3,exact,DLG3
6577,SNX12,exact,SNX12
6578,FOXO4,exact,FOXO4
6579,CXorf65,exact,CXorf65
6580,IL2RG,exact,IL2RG
6581,MED12,exact,MED12
6582,NLGN3,exact,NLGN3
6583,AL590764.1,unmatched,
6584,ZMYM3,exact,ZMYM3
6585,NONO,exact,NONO
6586,ITGB1BP2,exact,ITGB1BP2
6587,TAF1,exact,TAF1
6588,OGT,exact,OGT
6589,GCNA,exact,GCNA
6590,CXCR3,exact,CXCR3
6591,LINC00891,unmatched,
6592,NHSL2,exact,NHSL2
6593,PIN4,exact,PIN4
6594,ERCC6L,exact,ERCC6L
6595,RPS4X,exact,RPS4X
6596,HDAC8,exact,HDAC8
6597,PHKA1,exact,PHKA1
6598,NAP1L2,exact,NAP1L2
6599,CHIC1,exact,CHIC1
6600,JPX,exact,JPX
6601,FTX,exact,FTX
6602,AL353804.1,unmatched,
6603,RLIM,exact,RLIM
6604,NEXMIF,exact,NEXMIF
6605,ABCB7,exact,ABCB7
6606,UPRT,exact,UPRT
6607,ZDHHC15,exact,ZDHHC15
6608,PBDC1,exact,PBDC1
6609,MAGEE1,exact,MAGEE1
6610,ATRX,exact,ATRX
6611,MAGT1,exact,MAGT1
6612,COX7B,exact,COX7B
6613,ATP7A,exact,ATP7A
6614,PGK1,exact,PGK1
6615,TAF9B,exact,TAF9B
6616,CYSLTR1,exact,CYSLTR1
6617,P2RY10,exact,P2RY10
6618,GPR174,exact,GPR174
6619,ITM2A,exact,ITM2A
6620,BRWD3,exact,BRWD3
6621,HMGN5,exact,HMGN5
6622,SH3BGRL,exact,SH3BGRL
6623,RPS6KA6,exact,RPS6KA6
6624,HDX,exact,HDX
6625,APOOL,exact,APOOL
6626,SATL1,exact,SATL1
6627,ZNF711,exact,ZNF711
6628,CHM,exact,CHM
6629,PCDH11X,exact,PCDH11X
6630,NAP1L3,exact,NAP1L3
6631,FAM133A,exact,FAM133A
6632,DIAPH2,exact,DIAPH2
6633,RPA4,exact,RPA4
6634,TSPAN6,exact,TSPAN6
6635,CSTF2,exact,CSTF2
6636,XKRX,exact,XKRX
6637,TRMT2B,exact,TRMT2B
6638,CENPI,exact,CENPI
6639,TIMM8A,exact,TIMM8A
6640,RPL36A,exact,RPL36A
6641,GLA,exact,GLA
6642,HNRNPH2,exact,HNRNPH2
6643,ARMCX4,exact,ARMCX4
6644,ARMCX1,exact,ARMCX1
6645,ARMCX6,exact,ARMCX6
6646,ARMCX3,exact,ARMCX3
6647,ARMCX2,exact,ARMCX2
6648,ZMAT1,exact,ZMAT1
6649,TCEAL2,exact,TCEAL2
6650,BEX5,exact,BEX5
6651,ARMCX5,exact,ARMCX5
6652,AL035427.1,unmatched,
6653,GPRASP1,exact,GPRASP1
6654,GPRASP2,exact,GPRASP2
6655,BHLHB9,unmatched,
6656,LINC00630,unmatched,
6657,Z68871.1,unmatched,
6658,BEX1,exact,BEX1
6659,BEX4,exact,BEX4
6660,TCEAL8,exact,TCEAL8
6661,BEX2,exact,BEX2
6662,TCEAL9,exact,TCEAL9
6663,BEX3,exact,BEX3
6664,TCEAL4,exact,TCEAL4
6665,TCEAL3,exact,TCEAL3
6666,TCEAL1,exact,TCEAL1
6667,MORF4L2,exact,MORF4L2
6668,MORF4L2-AS1,exact,MORF4L2-AS1
6669,RAB9B,exact,RAB9B
6670,TMSB15B-AS1,unmatched,
6671,TMSB15B,unmatched,
6672,TMSB15B.1,unmatched,
6673,SLC25A53,exact,SLC25A53
6674,ZCCHC18,exact,ZCCHC18
6675,FAM199X,exact,FAM199X
6676,CXorf57,official_alias,CXorf57
6677,TBC1D8B,exact,TBC1D8B
6678,MORC4,exact,MORC4
6679,RBM41,exact,RBM41
6680,NUP62CL,exact,NUP62CL
6681,FRMPD3,exact,FRMPD3
6682,PRPS1,exact,PRPS1
6683,TSC22D3,exact,TSC22D3
6684,MID2,exact,MID2
6685,AL034399.2,unmatched,
6686,VSIG1,exact,VSIG1
6687,PSMD10,exact,PSMD10
6688,ATG4A,exact,ATG4A
6689,NXT2,exact,NXT2
6690,ACSL4,exact,ACSL4
6691,TMEM164,exact,TMEM164
6692,AMMECR1,exact,AMMECR1
6693,PAK3,exact,PAK3
6694,ALG13,exact,ALG13
6695,ALG13-AS1,unmatched,
6696,LHFPL1,exact,LHFPL1
6697,AMOT,exact,AMOT
6698,KLHL13,exact,KLHL13
6699,WDR44,exact,WDR44
6700,DOCK11,exact,DOCK11
6701,LINC01285,exact,LINC01285
6702,LONRF3,exact,LONRF3
6703,PGRMC1,exact,PGRMC1
6704,SLC25A43,exact,SLC25A43
6705,SLC25A5,exact,SLC25A5
6706,CXorf56,official_alias,CXorf56
6707,UBE2A,exact,UBE2A
6708,NKRF,exact,NKRF
6709,SEPT6,official_alias,SEPT6
6710,SOWAHD,exact,SOWAHD
6711,RPL39,exact,RPL39
6712,UPF3B,exact,UPF3B
6713,RNF113A,exact,RNF113A
6714,NDUFA1,exact,NDUFA1
6715,AKAP14,exact,AKAP14
6716,NKAP,exact,NKAP
6717,RHOXF1,exact,RHOXF1
6718,ZBTB33,exact,ZBTB33
6719,LAMP2,exact,LAMP2
6720,CUL4B,exact,CUL4B
6721,MCTS1,exact,MCTS1
6722,C1GALT1C1,exact,C1GALT1C1
6723,GLUD2,exact,GLUD2
6724,THOC2,exact,THOC2
6725,XIAP,exact,XIAP
6726,XIAP-AS1,unmatched,
6727,AL121601.1,unmatched,
6728,STAG2,exact,STAG2
6729,SH2D1A,exact,SH2D1A
6730,TENM1,exact,TENM1
6731,SMARCA1,exact,SMARCA1
6732,OCRL,exact,OCRL
6733,SASH3,exact,SASH3
6734,ZDHHC9,exact,ZDHHC9
6735,UTP14A,exact,UTP14A
6736,BCORL1,exact,BCORL1
6737,ELF4,exact,ELF4
6738,AIFM1,exact,AIFM1
6739,RAB33A,exact,RAB33A
6740,ZNF280C,exact,ZNF280C
6741,SLC25A14,exact,SLC25A14
6742,RBMX2,exact,RBMX2
6743,ENOX2,exact,ENOX2
6744,FIRRE,exact,FIRRE
6745,STK26,exact,STK26
6746,RAP2C,exact,RAP2C
6747,RAP2C-AS1,exact,RAP2C-AS1
6748,MBNL3,exact,MBNL3
6749,GPC3,exact,GPC3
6750,PHF6,exact,PHF6
6751,HPRT1,exact,HPRT1
6752,MIR503HG,exact,MIR503HG
6753,LINC00629,exact,LINC00629
6754,FAM122B,official_alias,FAM122B
6755,FAM122C,official_alias,FAM122C
6756,MOSPD1,exact,MOSPD1
6757,RTL8C,exact,RTL8C
6758,RTL8A,exact,RTL8A
6759,SMIM10L2B,exact,SMIM10L2B
6760,ZNF75D,exact,ZNF75D
6761,ZNF449,exact,ZNF449
6762,SMIM10L2A,exact,SMIM10L2A
6763,INTS6L,exact,INTS6L
6764,MMGT1,exact,MMGT1
6765,SLC9A6,exact,SLC9A6
6766,FHL1,exact,FHL1
6767,MAP7D3,exact,MAP7D3
6768,HTATSF1,exact,HTATSF1
6769,CD40LG,exact,CD40LG
6770,ARHGEF6,exact,ARHGEF6
6771,AL683813.1,unmatched,
6772,RBMX,exact,RBMX
6773,MCF2,exact,MCF2
6774,ATP11C,exact,ATP11C
6775,LDOC1,exact,LDOC1
6776,FMR1,exact,FMR1
6777,AFF2,exact,AFF2
6778,IDS,exact,IDS
6779,LINC00893,unmatched,
6780,CXorf40A,official_alias,CXorf40A
6781,TMEM185A,exact,TMEM185A
6782,CXorf40B,official_alias,CXorf40B
6783,LINC00894,unmatched,
6784,MTM1,exact,MTM1
6785,MTMR1,exact,MTMR1
6786,CD99L2,exact,CD99L2
6787,HMGB3,exact,HMGB3
6788,VMA21,exact,VMA21
6789,PRRG3,exact,PRRG3
6790,CETN2,exact,CETN2
6791,NSDHL,exact,NSDHL
6792,ZNF185,exact,ZNF185
6793,PNMA5,exact,PNMA5
6794,PNMA3,exact,PNMA3
6795,PNMA6A,exact,PNMA6A
6796,ZNF275,exact,ZNF275
6797,ZFP92,exact,ZFP92
6798,HAUS7,exact,HAUS7
6799,CCNQ,exact,CCNQ
6800,BCAP31,exact,BCAP31
6801,ABCD1,exact,ABCD1
6802,IDH3G,exact,IDH3G
6803,SSR4,exact,SSR4
6804,PDZD4,exact,PDZD4
6805,ARHGAP4,exact,ARHGAP4
6806,NAA10,exact,NAA10
6807,RENBP,exact,RENBP
6808,HCFC1,exact,HCFC1
6809,HCFC1-AS1,exact,HCFC1-AS1
6810,TMEM187,exact,TMEM187
6811,IRAK1,exact,IRAK1
6812,MECP2,exact,MECP2
6813,TKTL1,exact,TKTL1
6814,FLNA,exact,FLNA
6815,EMD,exact,EMD
6816,RPL10,exact,RPL10
6817,AC245140.2,unmatched,
6818,DNASE1L1,exact,DNASE1L1
6819,TAZ,official_alias,TAZ
6820,AC244090.1,unmatched,
6821,ATP6AP1,exact,ATP6AP1
6822,GDI1,exact,GDI1
6823,FAM50A,exact,FAM50A
6824,PLXNA3,exact,PLXNA3
6825,LAGE3,exact,LAGE3
6826,UBL4A,exact,UBL4A
6827,SLC10A3,exact,SLC10A3
6828,FAM3A,exact,FAM3A
6829,G6PD,exact,G6PD
6830,IKBKG,exact,IKBKG
6831,GAB3,exact,GAB3
6832,DKC1,exact,DKC1
6833,MPP1,exact,MPP1
6834,F8,exact,F8
6835,F8A1,exact,F8A1
6836,FUNDC2,exact,FUNDC2
6837,CMC4,exact,CMC4
6838,MTCP1,exact,MTCP1
6839,BRCC3,exact,BRCC3
6840,VBP1,exact,VBP1
6841,RAB39B,exact,RAB39B
6842,CLIC2,exact,CLIC2
6843,TMLHE-AS1,exact,TMLHE-AS1
6844,BX571846.1,unmatched,
6845,TMLHE,exact,TMLHE
6846,SPRY3,exact,SPRY3
6847,VAMP7,exact,VAMP7
6848,IL9R,exact,IL9R
6849,ZNF596,exact,ZNF596
6850,AC004908.3,unmatched,
6851,FAM87A,exact,FAM87A
6852,FBXO25,exact,FBXO25
6853,ERICH1,exact,ERICH1
6854,DLGAP2,exact,DLGAP2
6855,CLN8,exact,CLN8
6856,AC100810.3,unmatched,
6857,AC100810.1,unmatched,
6858,ARHGEF10,exact,ARHGEF10
6859,KBTBD11-OT1,unmatched,
6860,AC019257.1,unmatched,
6861,KBTBD11,exact,KBTBD11
6862,AC019257.2,unmatched,
6863,MYOM2,exact,MYOM2
6864,AC246817.2,unmatched,
6865,AC016065.1,unmatched,
6866,MCPH1,exact,MCPH1
6867,ANGPT2,exact,ANGPT2
6868,MCPH1-AS1,unmatched,
6869,AGPAT5,exact,AGPAT5
6870,FAM66B,exact,FAM66B
6871,FAM85B,unmatched,
6872,PRAG1,exact,PRAG1
6873,AC103957.2,unmatched,
6874,MFHAS1,exact,MFHAS1
6875,ERI1,exact,ERI1
6876,PPP1R3B,exact,PPP1R3B
6877,AC022784.3,unmatched,
6878,TNKS,exact,TNKS
6879,AC034111.1,unmatched,
6880,MSRA,exact,MSRA
6881,AC104964.1,unmatched,
6882,AC104964.4,unmatched,
6883,SOX7,exact,SOX7
6884,PINX1.1,unmatched,
6885,XKR6,exact,XKR6
6886,AF131215.3,unmatched,
6887,AF131215.7,unmatched,
6888,MTMR9,exact,MTMR9
6889,AF131216.1,unmatched,
6890,SLC35G5,exact,SLC35G5
6891,BLK,exact,BLK
6892,NEIL2,exact,NEIL2
6893,FDFT1,exact,FDFT1
6894,AC069185.1,unmatched,
6895,CTSB,exact,CTSB
6896,FAM66D,unmatched,
6897,FAM86B1,exact,FAM86B1
6898,AC145124.1,unmatched,
6899,FAM66A,unmatched,
6900,AC087203.3,unmatched,
6901,AC130352.1,unmatched,
6902,LONRF1,exact,LONRF1
6903,TRMT9B,exact,TRMT9B
6904,MICU3,exact,MICU3
6905,AC079193.2,unmatched,
6906,ZDHHC2,exact,ZDHHC2
6907,CNOT7,exact,CNOT7
6908,VPS37A,exact,VPS37A
6909,MTMR7,exact,MTMR7
6910,MTUS1,exact,MTUS1
6911,PCM1,exact,PCM1
6912,ASAH1,exact,ASAH1
6913,AC124242.1,unmatched,
6914,NAT1,exact,NAT1
6915,PSD3,exact,PSD3
6916,SH2D4A,exact,SH2D4A
6917,CSGALNACT1,exact,CSGALNACT1
6918,AC090541.1,unmatched,
6919,INTS10,exact,INTS10
6920,ATP6V1B2,exact,ATP6V1B2
6921,GFRA2,exact,GFRA2
6922,DOK2,exact,DOK2
6923,XPO7,exact,XPO7
6924,DMTN,exact,DMTN
6925,FAM160B2,unmatched,
6926,NUDT18,exact,NUDT18
6927,REEP4,exact,REEP4
6928,BMP1,exact,BMP1
6929,POLR3D,exact,POLR3D
6930,PIWIL2,exact,PIWIL2
6931,SLC39A14,exact,SLC39A14
6932,PPP3CC,exact,PPP3CC
6933,AC037459.2,unmatched,
6934,SORBS3,exact,SORBS3
6935,AC037459.4,unmatched,
6936,PDLIM2,exact,PDLIM2
6937,C8orf58,exact,C8orf58
6938,CCAR2,exact,CCAR2
6939,AC037459.3,unmatched,
6940,BIN3,exact,BIN3
6941,PEBP4,exact,PEBP4
6942,AC107959.1,unmatched,
6943,RHOBTB2,exact,RHOBTB2
6944,TNFRSF10B,exact,TNFRSF10B
6945,TNFRSF10D,exact,TNFRSF10D
6946,TNFRSF10A-AS1,unmatched,
6947,TNFRSF10A,exact,TNFRSF10A
6948,AC100861.2,unmatched,
6949,CHMP7,exact,CHMP7
6950,R3HCC1,exact,R3HCC1
6951,LOXL2,exact,LOXL2
6952,ENTPD4,exact,ENTPD4
6953,SLC25A37,exact,SLC25A37
6954,NKX3-1,exact,NKX3-1
6955,AF106564.1,unmatched,
6956,NEFM,exact,NEFM
6957,NEFL,exact,NEFL
6958,DOCK5,exact,DOCK5
6959,GNRH1,exact,GNRH1
6960,KCTD9,exact,KCTD9
6961,PPP2R2A,exact,PPP2R2A
6962,BNIP3L,exact,BNIP3L
6963,DPYSL2,exact,DPYSL2
6964,TRIM35,exact,TRIM35
6965,PTK2B,exact,PTK2B
6966,EPHX2,exact,EPHX2
6967,CLU,exact,CLU
6968,CCDC25,exact,CCDC25
6969,ESCO2,exact,ESCO2
6970,NUGGC,exact,NUGGC
6971,ELP3,exact,ELP3
6972,ZNF395,exact,ZNF395
6973,FZD3,exact,FZD3
6974,EXTL3,exact,EXTL3
6975,EXTL3-AS1,exact,EXTL3-AS1
6976,INTS9,exact,INTS9
6977,INTS9-AS1,unmatched,
6978,HMBOX1,exact,HMBOX1
6979,KIF13B,exact,KIF13B
6980,LINC02099,exact,LINC02099
6981,SARAF,exact,SARAF
6982,AC044849.1,unmatched,
6983,LEPROTL1,exact,LEPROTL1
6984,AC026979.2,unmatched,
6985,DCTN6,exact,DCTN6
6986,AC026979.3,unmatched,
6987,RBPMS,exact,RBPMS
6988,GTF2E2,exact,GTF2E2
6989,GSR,exact,GSR
6990,UBXN8,exact,UBXN8
6991,PPP2CB,exact,PPP2CB
6992,WRN,exact,WRN
6993,AC090204.1,unmatched,
6994,AC067838.1,unmatched,
6995,FUT10,exact,FUT10
6996,TTI2,exact,TTI2
6997,MAK16,exact,MAK16
6998,RNF122,exact,RNF122
6999,ZNF703,exact,ZNF703
7000,AC138356.1,unmatched,
7001,ERLIN2,exact,ERLIN2
7002,PLPBP,exact,PLPBP
7003,BRF2,exact,BRF2
7004,RAB11FIP1,exact,RAB11FIP1
7005,EIF4EBP1,exact,EIF4EBP1
7006,ASH2L,exact,ASH2L
7007,STAR,exact,STAR
7008,LSM1,exact,LSM1
7009,BAG4,exact,BAG4
7010,DDHD2,exact,DDHD2
7011,PLPP5,exact,PLPP5
7012,NSD3,exact,NSD3
7013,AC087362.2,unmatched,
7014,AC087623.3,unmatched,
7015,LETM2,exact,LETM2
7016,FGFR1,exact,FGFR1
7017,TACC1,exact,TACC1
7018,AC067817.2,unmatched,
7019,PLEKHA2,exact,PLEKHA2
7020,AC108863.1,unmatched,
7021,TM2D2,exact,TM2D2
7022,ADAM9,exact,ADAM9
7023,GOLGA7,exact,GOLGA7
7024,GINS4,exact,GINS4
7025,AC009630.1,unmatched,
7026,AC009630.2,unmatched,
7027,GPAT4,exact,GPAT4
7028,ANK1,exact,ANK1
7029,AC027702.1,unmatched,
7030,KAT6A,exact,KAT6A
7031,AC103724.4,unmatched,
7032,AC103724.3,unmatched,
7033,AP3M2,exact,AP3M2
7034,PLAT,exact,PLAT
7035,IKBKB,exact,IKBKB
7036,POLB,exact,POLB
7037,VDAC3,exact,VDAC3
7038,SLC20A2,exact,SLC20A2
7039,AC090739.1,unmatched,
7040,SMIM19,exact,SMIM19
7041,AC103843.1,unmatched,
7042,THAP1,exact,THAP1
7043,RNF170,exact,RNF170
7044,HOOK3,exact,HOOK3
7045,FNTA,exact,FNTA
7046,POMK,exact,POMK
7047,HGSNAT,exact,HGSNAT
7048,SPIDR,exact,SPIDR
7049,PRKDC,exact,PRKDC
7050,MCM4,exact,MCM4
7051,UBE2V2,exact,UBE2V2
7052,AC090186.1,unmatched,
7053,PCMTD1,exact,PCMTD1
7054,AC064807.1,unmatched,
7055,AC064807.4,unmatched,
7056,RB1CC1,exact,RB1CC1
7057,ATP6V1H,exact,ATP6V1H
7058,TCEA1,exact,TCEA1
7059,AC100821.2,unmatched,
7060,LYPLA1,exact,LYPLA1
7061,MRPL15,exact,MRPL15
7062,XKR4,exact,XKR4
7063,TMEM68,exact,TMEM68
7064,TGS1,exact,TGS1
7065,RPS20,exact,RPS20
7066,PLAG1,exact,PLAG1
7067,CHCHD7,exact,CHCHD7
7068,AC107952.2,unmatched,
7069,IMPAD1,official_alias,IMPAD1
7070,UBXN2B,exact,UBXN2B
7071,SDCBP,exact,SDCBP
7072,NSMAF,exact,NSMAF
7073,TOX,exact,TOX
7074,AC090152.1,unmatched,
7075,LINC01301,unmatched,
7076,RAB2A,exact,RAB2A
7077,AC068389.4,unmatched,
7078,AC068389.1,unmatched,
7079,AC068389.2,unmatched,
7080,CHD7,exact,CHD7
7081,AC022182.1,unmatched,
7082,AC022182.2,unmatched,
7083,ASPH,exact,ASPH
7084,GGH,exact,GGH
7085,YTHDF3-AS1,official_alias,YTHDF3-AS1
7086,YTHDF3,exact,YTHDF3
7087,AC011978.2,unmatched,
7088,AC100814.1,unmatched,
7089,ARMC1,exact,ARMC1
7090,MTFR1,exact,MTFR1
7091,AC055822.1,unmatched,
7092,PDE7A,exact,PDE7A
7093,AC100812.1,unmatched,
7094,RRS1-AS1,unmatched,
7095,RRS1,exact,RRS1
7096,ADHFE1,exact,ADHFE1
7097,MYBL1,exact,MYBL1
7098,VCPIP1,exact,VCPIP1
7099,SGK3,exact,SGK3
7100,C8orf44,exact,C8orf44
7101,MCMDC2,exact,MCMDC2
7102,COPS5,exact,COPS5
7103,CSPP1,exact,CSPP1
7104,ARFGEF1,exact,ARFGEF1
7105,AC021321.1,unmatched,
7106,NCOA2,exact,NCOA2
7107,AC022730.4,unmatched,
7108,TRAM1,exact,TRAM1
7109,LACTB2-AS1,exact,LACTB2-AS1
7110,LACTB2,exact,LACTB2
7111,XKR9,exact,XKR9
7112,TERF1,exact,TERF1
7113,AC022893.1,unmatched,
7114,C8orf89,exact,C8orf89
7115,RPL7,exact,RPL7
7116,RDH10,exact,RDH10
7117,STAU2-AS1,exact,STAU2-AS1
7118,STAU2,exact,STAU2
7119,AC027018.1,unmatched,
7120,UBE2W,exact,UBE2W
7121,ELOC,exact,ELOC
7122,TMEM70,exact,TMEM70
7123,LY96,exact,LY96
7124,GDAP1,exact,GDAP1
7125,AC022274.1,unmatched,
7126,CASC9,exact,CASC9
7127,PEX2,exact,PEX2
7128,PKIA-AS1,exact,PKIA-AS1
7129,PKIA,exact,PKIA
7130,ZC2HC1A,exact,ZC2HC1A
7131,MRPS28,exact,MRPS28
7132,AC009686.2,unmatched,
7133,TPD52,exact,TPD52
7134,AC009812.1,unmatched,
7135,ZBTB10,exact,ZBTB10
7136,AC009812.3,unmatched,
7137,AC009812.4,unmatched,
7138,ZNF704,exact,ZNF704
7139,PAG1,exact,PAG1
7140,AC079209.2,unmatched,
7141,FABP5,exact,FABP5
7142,IMPA1,exact,IMPA1
7143,SLC10A5,exact,SLC10A5
7144,ZFAND1,exact,ZFAND1
7145,SNX16,exact,SNX16
7146,LRRCC1,exact,LRRCC1
7147,AC011773.4,unmatched,
7148,E2F5,exact,E2F5
7149,C8orf59,official_alias,C8orf59
7150,CA13,exact,CA13
7151,WWP1,exact,WWP1
7152,RMDN1,exact,RMDN1
7153,CPNE3,exact,CPNE3
7154,CNGB3,exact,CNGB3
7155,AF121898.1,unmatched,
7156,AF117829.1,unmatched,
7157,RIPK2,exact,RIPK2
7158,OSGIN2,exact,OSGIN2
7159,NBN,exact,NBN
7160,DECR1,exact,DECR1
7161,TMEM64,exact,TMEM64
7162,AC106038.1,unmatched,
7163,C8orf88,exact,C8orf88
7164,PIP4P2,exact,PIP4P2
7165,OTUD6B-AS1,exact,OTUD6B-AS1
7166,OTUD6B,exact,OTUD6B
7167,LRRC69,exact,LRRC69
7168,TRIQK,exact,TRIQK
7169,FAM92A,official_alias,FAM92A
7170,AC120053.1,unmatched,
7171,AC010834.3,unmatched,
7172,RBM12B,exact,RBM12B
7173,TMEM67,exact,TMEM67
7174,PDP1,exact,PDP1
7175,AC084346.2,unmatched,
7176,RAD54B,exact,RAD54B
7177,FSBP,exact,FSBP
7178,VIRMA,exact,VIRMA
7179,AC023632.2,unmatched,
7180,AC108860.2,unmatched,
7181,DPY19L4,exact,DPY19L4
7182,AP003692.1,unmatched,
7183,INTS8,exact,INTS8
7184,CCNE2,exact,CCNE2
7185,AC087752.4,unmatched,
7186,NDUFAF6,exact,NDUFAF6
7187,TP53INP1,exact,TP53INP1
7188,PLEKHF2,exact,PLEKHF2
7189,C8orf37,unmatched,
7190,AC083836.1,unmatched,
7191,UQCRB,exact,UQCRB
7192,MTERF3,exact,MTERF3
7193,PTDSS1,exact,PTDSS1
7194,CPQ,exact,CPQ
7195,TSPYL5,exact,TSPYL5
7196,MTDH,exact,MTDH
7197,LAPTM4B,exact,LAPTM4B
7198,MATN2,exact,MATN2
7199,RPL30,exact,RPL30
7200,AP003352.1,unmatched,
7201,RIDA,exact,RIDA
7202,POP1,exact,POP1
7203,STK3,exact,STK3
7204,AC016877.1,unmatched,
7205,AC104986.2,unmatched,
7206,VPS13B,exact,VPS13B
7207,COX6C,exact,COX6C
7208,FBXO43,exact,FBXO43
7209,POLR2K,exact,POLR2K
7210,SPAG1,exact,SPAG1
7211,RNF19A,exact,RNF19A
7212,ANKRD46,exact,ANKRD46
7213,PABPC1,exact,PABPC1
7214,YWHAZ,exact,YWHAZ
7215,AP003469.4,unmatched,
7216,ZNF706,exact,ZNF706
7217,AP001330.5,unmatched,
7218,NCALD,exact,NCALD
7219,RRM2B,exact,RRM2B
7220,UBR5-AS1,unmatched,
7221,UBR5,exact,UBR5
7222,AP002907.1,unmatched,
7223,KLF10,exact,KLF10
7224,GASAL1,unmatched,
7225,AZIN1,exact,AZIN1
7226,AZIN1-AS1,unmatched,
7227,AP003354.1,unmatched,
7228,AP003354.2,unmatched,
7229,ATP6V1C1,exact,ATP6V1C1
7230,FZD6,exact,FZD6
7231,AC012213.3,unmatched,
7232,SLC25A32,exact,SLC25A32
7233,DCAF13,exact,DCAF13
7234,RIMS2,exact,RIMS2
7235,LRP12,exact,LRP12
7236,AC027031.2,unmatched,
7237,OXR1,exact,OXR1
7238,EIF3E,exact,EIF3E
7239,AC087620.1,unmatched,
7240,EMC2,exact,EMC2
7241,NUDCD1,exact,NUDCD1
7242,ENY2,exact,ENY2
7243,EBAG9,exact,EBAG9
7244,TRPS1,exact,TRPS1
7245,EIF3H,exact,EIF3H
7246,UTP23,exact,UTP23
7247,RAD21,exact,RAD21
7248,RAD21-AS1,exact,RAD21-AS1
7249,MED30,exact,MED30
7250,EXT1,exact,EXT1
7251,SAMD12,exact,SAMD12
7252,AC023590.1,unmatched,
7253,ENPP2,exact,ENPP2
7254,TAF2,exact,TAF2
7255,DSCC1,exact,DSCC1
7256,AP005717.1,unmatched,
7257,DEPTOR,exact,DEPTOR
7258,MRPL13,exact,MRPL13
7259,MTBP,exact,MTBP
7260,SNTB1,exact,SNTB1
7261,AC104958.1,unmatched,
7262,AC104958.2,unmatched,
7263,ZHX2,exact,ZHX2
7264,DERL1,exact,DERL1
7265,TBC1D31,exact,TBC1D31
7266,C8orf76,exact,C8orf76
7267,ZHX1-C8orf76,exact,ZHX1-C8orf76
7268,ZHX1,exact,ZHX1
7269,ATAD2,exact,ATAD2
7270,WDYHV1,official_alias,WDYHV1
7271,FBXO32,exact,FBXO32
7272,FAM91A1,exact,FAM91A1
7273,TMEM65,exact,TMEM65
7274,TRMT12,exact,TRMT12
7275,RNF139-AS1,unmatched,
7276,RNF139,exact,RNF139
7277,TATDN1,exact,TATDN1
7278,AC090198.1,unmatched,
7279,NDUFB9,exact,NDUFB9
7280,MTSS1,exact,MTSS1
7281,ZNF572,exact,ZNF572
7282,SQLE,exact,SQLE
7283,WASHC5,exact,WASHC5
7284,NSMCE2,exact,NSMCE2
7285,LINC00861,exact,LINC00861
7286,FAM84B,official_alias,FAM84B
7287,PCAT1,exact,PCAT1
7288,PRNCR1,exact,PRNCR1
7289,POU5F1B,exact,POU5F1B
7290,CASC11,exact,CASC11
7291,MYC,exact,MYC
7292,PVT1,exact,PVT1
7293,CCDC26,exact,CCDC26
7294,FAM49B,official_alias,FAM49B
7295,AC022973.3,unmatched,
7296,ASAP1,exact,ASAP1
7297,EFR3A,exact,EFR3A
7298,LRRC6,unmatched,
7299,TMEM71,exact,TMEM71
7300,PHF20L1,exact,PHF20L1
7301,AF230666.1,unmatched,
7302,TG,exact,TG
7303,SLA,exact,SLA
7304,NDRG1,exact,NDRG1
7305,ST3GAL1,exact,ST3GAL1
7306,AC103706.1,unmatched,
7307,ZFAT,exact,ZFAT
7308,AC083843.3,unmatched,
7309,AC083843.2,unmatched,
7310,AC087354.1,unmatched,
7311,TRAPPC9,exact,TRAPPC9
7312,AC107375.1,unmatched,
7313,CHRAC1,exact,CHRAC1
7314,AGO2,exact,AGO2
7315,PTK2,exact,PTK2
7316,DENND3,exact,DENND3
7317,AC040970.1,unmatched,
7318,SLC45A4,exact,SLC45A4
7319,AC011676.1,unmatched,
7320,AC011676.2,unmatched,
7321,AC100803.1,unmatched,
7322,PTP4A3,exact,PTP4A3
7323,AC100803.3,unmatched,
7324,TSNARE1,exact,TSNARE1
7325,AC134682.1,unmatched,
7326,JRK,exact,JRK
7327,THEM6,exact,THEM6
7328,LY6E-DT,unmatched,
7329,LY6E,exact,LY6E
7330,ZFP41,exact,ZFP41
7331,GLI4,exact,GLI4
7332,MINCR,exact,MINCR
7333,ZNF696,exact,ZNF696
7334,AC138696.2,unmatched,
7335,TOP1MT,exact,TOP1MT
7336,RHPN1-AS1,exact,RHPN1-AS1
7337,RHPN1,exact,RHPN1
7338,ZC3H3,exact,ZC3H3
7339,AC067930.1,unmatched,
7340,GSDMD,exact,GSDMD
7341,MROH6,exact,MROH6
7342,NAPRT,exact,NAPRT
7343,EEF1D,exact,EEF1D
7344,TIGD5,exact,TIGD5
7345,PYCR3,exact,PYCR3
7346,TSTA3,official_alias,TSTA3
7347,AC067930.3,unmatched,
7348,ZNF623,exact,ZNF623
7349,ZNF707,exact,ZNF707
7350,FAM83H,exact,FAM83H
7351,SCRIB,exact,SCRIB
7352,PUF60,exact,PUF60
7353,NRBP2,exact,NRBP2
7354,EPPK1,exact,EPPK1
7355,PLEC,exact,PLEC
7356,PARP10,exact,PARP10
7357,GRINA,exact,GRINA
7358,OPLAH,exact,OPLAH
7359,AC109322.1,unmatched,
7360,EXOSC4,exact,EXOSC4
7361,GPAA1,exact,GPAA1
7362,CYC1,exact,CYC1
7363,SHARPIN,exact,SHARPIN
7364,MAF1,exact,MAF1
7365,WDR97,exact,WDR97
7366,HGH1,exact,HGH1
7367,MROH1,exact,MROH1
7368,BOP1,exact,BOP1
7369,SCX,exact,SCX
7370,HSF1,exact,HSF1
7371,DGAT1,exact,DGAT1
7372,SLC52A2,exact,SLC52A2
7373,FBXL6,exact,FBXL6
7374,ADCK5,exact,ADCK5
7375,CPSF1,exact,CPSF1
7376,AC233992.3,unmatched,
7377,SLC39A4,exact,SLC39A4
7378,VPS28,exact,VPS28
7379,TONSL,exact,TONSL
7380,CYHR1,unmatched,
7381,KIFC2,exact,KIFC2
7382,PPP1R16A,exact,PPP1R16A
7383,GPT,exact,GPT
7384,MFSD3,exact,MFSD3
7385,RECQL4,exact,RECQL4
7386,LRRC14,exact,LRRC14
7387,LRRC24,exact,LRRC24
7388,C8orf82,exact,C8orf82
7389,ARHGAP39,exact,ARHGAP39
7390,ZNF251,exact,ZNF251
7391,ZNF34,exact,ZNF34
7392,RPL8,exact,RPL8
7393,ZNF517,exact,ZNF517
7394,ZNF7,exact,ZNF7
7395,COMMD5,exact,COMMD5
7396,ZNF250,exact,ZNF250
7397,ZNF16,exact,ZNF16
7398,ZNF252P-AS1,exact,ZNF252P-AS1
7399,C8orf33,exact,C8orf33
7400,WASHC1,exact,WASHC1
7401,AL928970.1,unmatched,
7402,FOXD4,exact,FOXD4
7403,CBWD1,unmatched,
7404,DOCK8,exact,DOCK8
7405,AL161725.1,unmatched,
7406,KANK1,exact,KANK1
7407,AL136979.1,unmatched,
7408,SMARCA2,exact,SMARCA2
7409,VLDLR-AS1,exact,VLDLR-AS1
7410,VLDLR,exact,VLDLR
7411,PUM3,exact,PUM3
7412,RFX3,unmatched,
7413,RFX3-AS1,unmatched,
7414,AL354977.2,unmatched,
7415,GLIS3,exact,GLIS3
7416,SPATA6L,exact,SPATA6L
7417,PLPP6,exact,PLPP6
7418,CDC37L1-DT,exact,CDC37L1-DT
7419,CDC37L1,exact,CDC37L1
7420,AK3,exact,AK3
7421,RCL1,exact,RCL1
7422,JAK2,exact,JAK2
7423,IGHEP2,exact,IGHEP2
7424,RLN2,exact,RLN2
7425,RLN1,exact,RLN1
7426,PLGRKT,exact,PLGRKT
7427,CD274,exact,CD274
7428,AL162253.1,unmatched,
7429,RIC1,exact,RIC1
7430,ERMP1,exact,ERMP1
7431,KIAA2026,exact,KIAA2026
7432,MLANA,exact,MLANA
7433,RANBP6,exact,RANBP6
7434,UHRF2,exact,UHRF2
7435,AL354707.1,unmatched,
7436,KDM4C,exact,KDM4C
7437,DMAC1,exact,DMAC1
7438,LINC01235,exact,LINC01235
7439,AL159169.3,unmatched,
7440,AL159169.2,unmatched,
7441,ZDHHC21,exact,ZDHHC21
7442,TTC39B,exact,TTC39B
7443,SNAPC3,exact,SNAPC3
7444,PSIP1,exact,PSIP1
7445,CCDC171,exact,CCDC171
7446,SAXO1,exact,SAXO1
7447,RRAGA,exact,RRAGA
7448,HAUS6,exact,HAUS6
7449,PLIN2,exact,PLIN2
7450,DENND4C,exact,DENND4C
7451,AL161909.2,unmatched,
7452,AL391834.1,unmatched,
7453,AL391834.2,unmatched,
7454,RPS6,exact,RPS6
7455,ACER2,exact,ACER2
7456,MLLT3,exact,MLLT3
7457,FOCAD,exact,FOCAD
7458,HACD4,exact,HACD4
7459,KLHL9,exact,KLHL9
7460,IFNE,exact,IFNE
7461,MTAP,exact,MTAP
7462,AL359922.2,unmatched,
7463,TUSC1,exact,TUSC1
7464,CAAP1,exact,CAAP1
7465,PLAA,exact,PLAA
7466,IFT74,exact,IFT74
7467,LRRC19,exact,LRRC19
7468,MOB3B,exact,MOB3B
7469,C9orf72,exact,C9orf72
7470,LINC01242,unmatched,
7471,ACO1,exact,ACO1
7472,DDX58,unmatched,
7473,TOPORS,exact,TOPORS
7474,SMIM27,exact,SMIM27
7475,NDUFB6,exact,NDUFB6
7476,APTX,exact,APTX
7477,DNAJA1,exact,DNAJA1
7478,SMU1,exact,SMU1
7479,B4GALT1,exact,B4GALT1
7480,B4GALT1-AS1,exact,B4GALT1-AS1
7481,BAG1,exact,BAG1
7482,CHMP5,exact,CHMP5
7483,NFX1,exact,NFX1
7484,AQP7,exact,AQP7
7485,AQP3,exact,AQP3
7486,NOL6,exact,NOL6
7487,ANKRD18B,exact,ANKRD18B
7488,UBE2R2-AS1,exact,UBE2R2-AS1
7489,UBE2R2,exact,UBE2R2
7490,UBAP2,exact,UBAP2
7491,AL354989.1,unmatched,
7492,DCAF12,exact,DCAF12
7493,UBAP1,exact,UBAP1
7494,KIF24,exact,KIF24
7495,NUDT2,exact,NUDT2
7496,MYORG,exact,MYORG
7497,C9orf24,unmatched,
7498,FAM219A,exact,FAM219A
7499,ENHO,exact,ENHO
7500,RPP25L,exact,RPP25L
7501,DCTN3,exact,DCTN3
7502,SIGMAR1,exact,SIGMAR1
7503,GALT,exact,GALT
7504,IL11RA,exact,IL11RA
7505,AL162231.1,unmatched,
7506,AL162231.2,unmatched,
7507,DNAJB5,exact,DNAJB5
7508,VCP,exact,VCP
7509,FANCG,exact,FANCG
7510,PIGO,exact,PIGO
7511,STOML2,exact,STOML2
7512,FAM214B,official_alias,FAM214B
7513,UNC13B,exact,UNC13B
7514,RUSC2,exact,RUSC2
7515,FAM166B,unmatched,
7516,TESK1,exact,TESK1
7517,CD72,exact,CD72
7518,SIT1,exact,SIT1
7519,RMRP,unmatched,
7520,CCDC107,exact,CCDC107
7521,ARHGEF39,exact,ARHGEF39
7522,TPM2,exact,TPM2
7523,TLN1,exact,TLN1
7524,CREB3,exact,CREB3
7525,GBA2,exact,GBA2
7526,RGP1,exact,RGP1
7527,AL133410.1,unmatched,
7528,NPR2,exact,NPR2
7529,SPAG8,exact,SPAG8
7530,HINT2,exact,HINT2
7531,TMEM8B,exact,TMEM8B
7532,RECK,exact,RECK
7533,GLIPR2,exact,GLIPR2
7534,CLTA,exact,CLTA
7535,GNE,exact,GNE
7536,RNF38,exact,RNF38
7537,EBLN3P,exact,EBLN3P
7538,ZCCHC7,exact,ZCCHC7
7539,GRHPR,exact,GRHPR
7540,ZBTB5,exact,ZBTB5
7541,POLR1E,exact,POLR1E
7542,FBXO10,exact,FBXO10
7543,TOMM5,exact,TOMM5
7544,FRMPD1,exact,FRMPD1
7545,TRMT10B,exact,TRMT10B
7546,EXOSC3,exact,EXOSC3
7547,DCAF10,exact,DCAF10
7548,SLC25A51,exact,SLC25A51
7549,SHB,exact,SHB
7550,ALDH1B1,exact,ALDH1B1
7551,FAM95C,exact,FAM95C
7552,ANKRD18A,exact,ANKRD18A
7553,FAM201A,unmatched,
7554,GLIDR,exact,GLIDR
7555,FAM95B1,exact,FAM95B1
7556,CBWD6,unmatched,
7557,AL845472.1,unmatched,
7558,BX088651.4,unmatched,
7559,AL935212.1,unmatched,
7560,FAM27C,exact,FAM27C
7561,AL391987.4,unmatched,
7562,AL590399.1,unmatched,
7563,AL512625.2,unmatched,
7564,AL512625.3,unmatched,
7565,AL512625.1,unmatched,
7566,ANKRD20A4,unmatched,
7567,FOXD4L5,exact,FOXD4L5
7568,CBWD5,unmatched,
7569,AL136317.2,unmatched,
7570,ANKRD20A3,unmatched,
7571,ZNF658,exact,ZNF658
7572,CBWD3,unmatched,
7573,AL161457.2,unmatched,
7574,PIP5K1B,exact,PIP5K1B
7575,FAM122A,official_alias,FAM122A
7576,FXN,exact,FXN
7577,AL358113.1,unmatched,
7578,TJP2,exact,TJP2
7579,APBA1,exact,APBA1
7580,PTAR1,exact,PTAR1
7581,MAMDC2-AS1,unmatched,
7582,SMC5-AS1,official_alias,SMC5-AS1
7583,SMC5,exact,SMC5
7584,KLF9,exact,KLF9
7585,TRPM3,exact,TRPM3
7586,CEMIP2,exact,CEMIP2
7587,ABHD17B,exact,ABHD17B
7588,C9orf85,exact,C9orf85
7589,ZFAND5,exact,ZFAND5
7590,ANXA1,exact,ANXA1
7591,C9orf40,exact,C9orf40
7592,C9orf41-AS1,official_alias,C9orf41-AS1
7593,CARNMT1,exact,CARNMT1
7594,NMRK1,exact,NMRK1
7595,OSTF1,exact,OSTF1
7596,PCSK5,exact,PCSK5
7597,RFK,exact,RFK
7598,GCNT1,exact,GCNT1
7599,PCA3,exact,PCA3
7600,VPS13A,exact,VPS13A
7601,GNAQ,exact,GNAQ
7602,CEP78,exact,CEP78
7603,PSAT1,exact,PSAT1
7604,TLE4,exact,TLE4
7605,TLE1,exact,TLE1
7606,AL158154.2,unmatched,
7607,FRMD3,exact,FRMD3
7608,IDNK,exact,IDNK
7609,UBQLN1,exact,UBQLN1
7610,AL354920.1,unmatched,
7611,GKAP1,exact,GKAP1
7612,AL354733.2,unmatched,
7613,KIF27,exact,KIF27
7614,C9orf64,unmatched,
7615,HNRNPK,exact,HNRNPK
7616,AL354733.3,unmatched,
7617,RMI1,exact,RMI1
7618,AGTPBP1,exact,AGTPBP1
7619,NAA35,exact,NAA35
7620,GOLM1,exact,GOLM1
7621,C9orf153,exact,C9orf153
7622,ISCA1,exact,ISCA1
7623,TUT7,exact,TUT7
7624,DAPK1,exact,DAPK1
7625,CTSL,exact,CTSL
7626,CDK20,exact,CDK20
7627,SPIN1,exact,SPIN1
7628,S1PR3,exact,S1PR3
7629,CKS2,exact,CKS2
7630,SECISBP2,exact,SECISBP2
7631,SEMA4D,exact,SEMA4D
7632,GADD45G,exact,GADD45G
7633,AL158071.1,unmatched,
7634,AL158071.5,unmatched,
7635,AUH,exact,AUH
7636,NFIL3,exact,NFIL3
7637,SPTLC1,exact,SPTLC1
7638,IARS,official_alias,IARS
7639,NOL8,exact,NOL8
7640,CENPP,exact,CENPP
7641,OGN,exact,OGN
7642,ECM2,exact,ECM2
7643,IPPK,exact,IPPK
7644,BICD2,exact,BICD2
7645,ZNF484,exact,ZNF484
7646,FGD3,exact,FGD3
7647,SUSD3,exact,SUSD3
7648,CARD19,exact,CARD19
7649,NINJ1,exact,NINJ1
7650,AL583839.1,unmatched,
7651,FAM120AOS,exact,FAM120AOS
7652,FAM120A,exact,FAM120A
7653,PHF2,exact,PHF2
7654,PTPDC1,exact,PTPDC1
7655,AL158152.1,unmatched,
7656,MIRLET7DHG,official_alias,MIRLET7DHG
7657,ZNF169,exact,ZNF169
7658,AL691447.2,unmatched,
7659,MFSD14B,exact,MFSD14B
7660,PCAT7,exact,PCAT7
7661,FBP1,exact,FBP1
7662,C9orf3,official_alias,C9orf3
7663,FANCC,exact,FANCC
7664,PTCH1,exact,PTCH1
7665,AL161729.2,unmatched,
7666,AL161729.1,unmatched,
7667,LINC00476,unmatched,
7668,ERCC6L2,exact,ERCC6L2
7669,SLC35D2,exact,SLC35D2
7670,ZNF367,exact,ZNF367
7671,HABP4,exact,HABP4
7672,CDC14B,exact,CDC14B
7673,AAED1,official_alias,AAED1
7674,AL589843.1,unmatched,
7675,ZNF510,exact,ZNF510
7676,ZNF782,exact,ZNF782
7677,MFSD14C,unmatched,
7678,NUTM2G,exact,NUTM2G
7679,AL590705.1,unmatched,
7680,CCDC180,exact,CCDC180
7681,TDRD7,exact,TDRD7
7682,TMOD1,exact,TMOD1
7683,TSTD2,exact,TSTD2
7684,NCBP1,exact,NCBP1
7685,XPA,exact,XPA
7686,TRMO,exact,TRMO
7687,HEMGN,exact,HEMGN
7688,ANP32B,exact,ANP32B
7689,NANS,exact,NANS
7690,TRIM14,exact,TRIM14
7691,CORO2A,exact,CORO2A
7692,TBC1D2,exact,TBC1D2
7693,ANKS6,exact,ANKS6
7694,GALNT12,exact,GALNT12
7695,TGFBR1,exact,TGFBR1
7696,ALG2,exact,ALG2
7697,SEC61B,exact,SEC61B
7698,STX17-AS1,unmatched,
7699,STX17,exact,STX17
7700,ERP44,exact,ERP44
7701,INVS,exact,INVS
7702,TEX10,exact,TEX10
7703,MSANTD3,exact,MSANTD3
7704,MRPL50,exact,MRPL50
7705,ZNF189,exact,ZNF189
7706,RNF20,exact,RNF20
7707,SMC2-AS1,official_alias,SMC2-AS1
7708,SMC2,exact,SMC2
7709,NIPSNAP3A,exact,NIPSNAP3A
7710,NIPSNAP3B,exact,NIPSNAP3B
7711,ABCA1,exact,ABCA1
7712,SLC44A1,exact,SLC44A1
7713,FSD1L,exact,FSD1L
7714,FKTN,exact,FKTN
7715,TAL2,exact,TAL2
7716,TMEM38B,exact,TMEM38B
7717,ZNF462,exact,ZNF462
7718,RAD23B,exact,RAD23B
7719,ELP1,exact,ELP1
7720,FAM206A,official_alias,FAM206A
7721,CTNNAL1,exact,CTNNAL1
7722,TMEM245,exact,TMEM245
7723,FRRS1L,exact,FRRS1L
7724,AKAP2,official_alias,AKAP2
7725,TXN,exact,TXN
7726,ECPAS,exact,ECPAS
7727,ZNF483,exact,ZNF483
7728,PTGR1,exact,PTGR1
7729,DNAJC25,exact,DNAJC25
7730,DNAJC25-GNG10,exact,DNAJC25-GNG10
7731,GNG10,exact,GNG10
7732,UGCG,exact,UGCG
7733,SUSD1,exact,SUSD1
7734,PTBP3,exact,PTBP3
7735,HSDL2,exact,HSDL2
7736,C9orf147,unmatched,
7737,KIAA1958,exact,KIAA1958
7738,INIP,exact,INIP
7739,AL390067.1,unmatched,
7740,SNX30,exact,SNX30
7741,ZNF883,exact,ZNF883
7742,ZFP37,exact,ZFP37
7743,SLC31A2,exact,SLC31A2
7744,FKBP15,exact,FKBP15
7745,SLC31A1,exact,SLC31A1
7746,CDC26,exact,CDC26
7747,PRPF4,exact,PRPF4
7748,WDR31,exact,WDR31
7749,BSPRY,exact,BSPRY
7750,HDHD3,exact,HDHD3
7751,ALAD,exact,ALAD
7752,POLE3,exact,POLE3
7753,C9orf43,exact,C9orf43
7754,RGS3,exact,RGS3
7755,ZNF618,exact,ZNF618
7756,COL27A1,exact,COL27A1
7757,AKNA,exact,AKNA
7758,AL138895.1,unmatched,
7759,WHRN,exact,WHRN
7760,ATP6V1G1,exact,ATP6V1G1
7761,TMEM268,exact,TMEM268
7762,TNFSF8,exact,TNFSF8
7763,PAPPA,exact,PAPPA
7764,ASTN2,exact,ASTN2
7765,TRIM32,exact,TRIM32
7766,CDK5RAP2,exact,CDK5RAP2
7767,MEGF9,exact,MEGF9
7768,FBXW2,exact,FBXW2
7769,B3GNT10,official_alias,B3GNT10
7770,PSMD5,exact,PSMD5
7771,PHF19,exact,PHF19
7772,TRAF1,exact,TRAF1
7773,C5,exact,C5
7774,CNTRL,exact,CNTRL
7775,RAB14,exact,RAB14
7776,GSN,exact,GSN
7777,GSN-AS1,exact,GSN-AS1
7778,STOM,exact,STOM
7779,AL359644.1,unmatched,
7780,TTLL11,exact,TTLL11
7781,NDUFA8,exact,NDUFA8
7782,RBM18,exact,RBM18
7783,MRRF,exact,MRRF
7784,AL359636.1,unmatched,
7785,PDCL,exact,PDCL
7786,RC3H2,exact,RC3H2
7787,ZBTB6,exact,ZBTB6
7788,ZBTB26,exact,ZBTB26
7789,RABGAP1,exact,RABGAP1
7790,STRBP,exact,STRBP
7791,DENND1A,exact,DENND1A
7792,NEK6,exact,NEK6
7793,PSMB7,exact,PSMB7
7794,ADGRD2,exact,ADGRD2
7795,MIR181A2HG,exact,MIR181A2HG
7796,RPL35,exact,RPL35
7797,ARPC5L,exact,ARPC5L
7798,GOLGA1,exact,GOLGA1
7799,SCAI,exact,SCAI
7800,PPP6C,exact,PPP6C
7801,RABEPK,exact,RABEPK
7802,HSPA5,exact,HSPA5
7803,GAPVD1,exact,GAPVD1
7804,MAPKAP1,exact,MAPKAP1
7805,PBX3,exact,PBX3
7806,MVB12B,exact,MVB12B
7807,ZBTB43,exact,ZBTB43
7808,ZBTB34,exact,ZBTB34
7809,RALGPS1,exact,RALGPS1
7810,GARNL3,exact,GARNL3
7811,ZNF79,exact,ZNF79
7812,RPL12,exact,RPL12
7813,LRSAM1,exact,LRSAM1
7814,FAM129B,official_alias,FAM129B
7815,STXBP1,exact,STXBP1
7816,AL162426.1,unmatched,
7817,PTRH1,exact,PTRH1
7818,CFAP157,exact,CFAP157
7819,TTC16,exact,TTC16
7820,TOR2A,exact,TOR2A
7821,SH2D3C,exact,SH2D3C
7822,CDK9,exact,CDK9
7823,FPGS,exact,FPGS
7824,ENG,exact,ENG
7825,AL162586.1,unmatched,
7826,AK1,exact,AK1
7827,AL157935.2,unmatched,
7828,ST6GALNAC6,exact,ST6GALNAC6
7829,ST6GALNAC4,exact,ST6GALNAC4
7830,PIP5KL1,exact,PIP5KL1
7831,AL157935.1,unmatched,
7832,DPM2,exact,DPM2
7833,FAM102A,unmatched,
7834,NAIF1,exact,NAIF1
7835,SLC25A25,exact,SLC25A25
7836,SLC25A25-AS1,unmatched,
7837,PTGES2,exact,PTGES2
7838,AL590708.1,unmatched,
7839,C9orf16,unmatched,
7840,CIZ1,exact,CIZ1
7841,DNM1,exact,DNM1
7842,GOLGA2,exact,GOLGA2
7843,SWI5,exact,SWI5
7844,TRUB2,exact,TRUB2
7845,AL359091.4,unmatched,
7846,COQ4,exact,COQ4
7847,SLC27A4,exact,SLC27A4
7848,URM1,exact,URM1
7849,CERCAM,exact,CERCAM
7850,ODF2,exact,ODF2
7851,ODF2-AS1,exact,ODF2-AS1
7852,GLE1,exact,GLE1
7853,AL356481.1,unmatched,
7854,SPTAN1,exact,SPTAN1
7855,WDR34,official_alias,WDR34
7856,HMGA1P4,exact,HMGA1P4
7857,SET,exact,SET
7858,ZDHHC12,exact,ZDHHC12
7859,AL441992.1,unmatched,
7860,ZER1,exact,ZER1
7861,TBC1D13,exact,TBC1D13
7862,ENDOG,exact,ENDOG
7863,SPOUT1,exact,SPOUT1
7864,KYAT1,exact,KYAT1
7865,LRRC8A,exact,LRRC8A
7866,PHYHD1,exact,PHYHD1
7867,DOLK,exact,DOLK
7868,NUP188,exact,NUP188
7869,AL592211.1,unmatched,
7870,SH3GLB2,exact,SH3GLB2
7871,MIGA2,exact,MIGA2
7872,DOLPP1,exact,DOLPP1
7873,CRAT,exact,CRAT
7874,PTPA,exact,PTPA
7875,IER5L,exact,IER5L
7876,AL158151.1,unmatched,
7877,AL161785.3,unmatched,
7878,C9orf106,unmatched,
7879,LINC01503,exact,LINC01503
7880,NTMT1,exact,NTMT1
7881,ASB6,exact,ASB6
7882,TOR1B,exact,TOR1B
7883,TOR1A,exact,TOR1A
7884,C9orf78,exact,C9orf78
7885,USP20,exact,USP20
7886,FNBP1,exact,FNBP1
7887,AL158207.2,unmatched,
7888,AL136141.1,unmatched,
7889,GPR107,exact,GPR107
7890,HMCN2,exact,HMCN2
7891,FUBP3,exact,FUBP3
7892,EXOSC2,exact,EXOSC2
7893,ABL1,exact,ABL1
7894,LAMC3,exact,LAMC3
7895,AIF1L,exact,AIF1L
7896,NUP214,exact,NUP214
7897,AL157938.2,unmatched,
7898,AL157938.3,unmatched,
7899,FAM78A,exact,FAM78A
7900,PRRC2B,exact,PRRC2B
7901,AL358781.1,unmatched,
7902,POMT1,exact,POMT1
7903,AL358781.2,unmatched,
7904,UCK1,exact,UCK1
7905,RAPGEF1,exact,RAPGEF1
7906,MED27,exact,MED27
7907,NTNG2,exact,NTNG2
7908,SETX,exact,SETX
7909,TTF1,exact,TTF1
7910,DDX31,official_alias,DDX31
7911,GTF3C4,exact,GTF3C4
7912,SPACA9,exact,SPACA9
7913,TSC1,exact,TSC1
7914,GFI1B,exact,GFI1B
7915,GTF3C5,exact,GTF3C5
7916,CEL,exact,CEL
7917,RALGDS,exact,RALGDS
7918,GBGT1,exact,GBGT1
7919,SURF6,exact,SURF6
7920,MED22,exact,MED22
7921,RPL7A,exact,RPL7A
7922,SURF1,exact,SURF1
7923,SURF2,exact,SURF2
7924,SURF4,exact,SURF4
7925,STKLD1,exact,STKLD1
7926,REXO4,exact,REXO4
7927,CACFD1,exact,CACFD1
7928,SLC2A6,exact,SLC2A6
7929,ADAMTSL2,exact,ADAMTSL2
7930,DBH,exact,DBH
7931,DBH-AS1,exact,DBH-AS1
7932,SARDH,exact,SARDH
7933,VAV2,exact,VAV2
7934,BRD3OS,exact,BRD3OS
7935,BRD3,exact,BRD3
7936,BX649632.1,unmatched,
7937,WDR5,exact,WDR5
7938,BX649601.1,unmatched,
7939,RXRA,exact,RXRA
7940,C9orf116,unmatched,
7941,MRPS2,exact,MRPS2
7942,CAMSAP1,exact,CAMSAP1
7943,AL355574.1,unmatched,
7944,UBAC1,exact,UBAC1
7945,NACC2,exact,NACC2
7946,AL138781.1,unmatched,
7947,TMEM250,exact,TMEM250
7948,QSOX2,exact,QSOX2
7949,GPSM1,exact,GPSM1
7950,DNLZ,exact,DNLZ
7951,CARD9,exact,CARD9
7952,SNAPC4,exact,SNAPC4
7953,ENTR1,exact,ENTR1
7954,PMPCA,exact,PMPCA
7955,INPP5E,exact,INPP5E
7956,SEC16A,exact,SEC16A
7957,C9orf163,exact,C9orf163
7958,NOTCH1,exact,NOTCH1
7959,NALT1,unmatched,
7960,EGFL7,exact,EGFL7
7961,AGPAT2,exact,AGPAT2
7962,SNHG7,exact,SNHG7
7963,TMEM141,exact,TMEM141
7964,CCDC183,exact,CCDC183
7965,CCDC183-AS1,exact,CCDC183-AS1
7966,RABL6,exact,RABL6
7967,AJM1,exact,AJM1
7968,PHPT1,exact,PHPT1
7969,MAMDC4,exact,MAMDC4
7970,EDF1,exact,EDF1
7971,TRAF2,exact,TRAF2
7972,FBXW5,exact,FBXW5
7973,LCN12,exact,LCN12
7974,PAXX,exact,PAXX
7975,CLIC3,exact,CLIC3
7976,ABCA2,exact,ABCA2
7977,NPDC1,exact,NPDC1
7978,UAP1L1,exact,UAP1L1
7979,MAN1B1-DT,exact,MAN1B1-DT
7980,MAN1B1,exact,MAN1B1
7981,DPP7,exact,DPP7
7982,ANAPC2,exact,ANAPC2
7983,SSNA1,exact,SSNA1
7984,TPRN,exact,TPRN
7985,TMEM203,exact,TMEM203
7986,NDOR1,exact,NDOR1
7987,BX255925.3,unmatched,
7988,RNF208,exact,RNF208
7989,TUBB4B,exact,TUBB4B
7990,STPG3-AS1,exact,STPG3-AS1
7991,NELFB,exact,NELFB
7992,TOR4A,exact,TOR4A
7993,EXD3,exact,EXD3
7994,NOXA1,exact,NOXA1
7995,NSMF,exact,NSMF
7996,PNPLA7,exact,PNPLA7
7997,MRPL41,exact,MRPL41
7998,DPH7,exact,DPH7
7999,ZMYND19,exact,ZMYND19
8000,ARRDC1,exact,ARRDC1
8001,ARRDC1-AS1,exact,ARRDC1-AS1
8002,EHMT1,exact,EHMT1
8003,LINC01001,exact,LINC01001
8004,BET1L,exact,BET1L
8005,AC069287.2,unmatched,
8006,RIC8A,exact,RIC8A
8007,SIRT3,exact,SIRT3
8008,PSMD13,exact,PSMD13
8009,NLRP6,exact,NLRP6
8010,AC136475.3,unmatched,
8011,PGGHG,exact,PGGHG
8012,IFITM2,exact,IFITM2
8013,IFITM1,exact,IFITM1
8014,AC136475.1,unmatched,
8015,IFITM3,exact,IFITM3
8016,AC136475.4,unmatched,
8017,AC136475.8,unmatched,
8018,AC136475.5,unmatched,
8019,AC136475.9,unmatched,
8020,B4GALNT4,exact,B4GALNT4
8021,SIGIRR,exact,SIGIRR
8022,ANO9,exact,ANO9
8023,PTDSS2,exact,PTDSS2
8024,AC138230.1,unmatched,
8025,RNH1,exact,RNH1
8026,HRAS,exact,HRAS
8027,LRRC56,exact,LRRC56
8028,LMNTD2,exact,LMNTD2
8029,AP006284.1,unmatched,
8030,RASSF7,exact,RASSF7
8031,MIR210HG,exact,MIR210HG
8032,PHRF1,exact,PHRF1
8033,IRF7,exact,IRF7
8034,DRD4,exact,DRD4
8035,DEAF1,exact,DEAF1
8036,AC131934.1,unmatched,
8037,EPS8L2,exact,EPS8L2
8038,TMEM80,exact,TMEM80
8039,TALDO1,exact,TALDO1
8040,GATD1,exact,GATD1
8041,AP006621.3,unmatched,
8042,SLC25A22,exact,SLC25A22
8043,PANO1,exact,PANO1
8044,PIDD1,exact,PIDD1
8045,RPLP2,exact,RPLP2
8046,PNPLA2,exact,PNPLA2
8047,AP006621.1,unmatched,
8048,CD151,exact,CD151
8049,POLR2L,exact,POLR2L
8050,TSPAN4,exact,TSPAN4
8051,AP006623.1,unmatched,
8052,CHID1,exact,CHID1
8053,AP2A2,exact,AP2A2
8054,TOLLIP,exact,TOLLIP
8055,TOLLIP-AS1,unmatched,
8056,BRSK2,exact,BRSK2
8057,MOB2,exact,MOB2
8058,DUSP8,exact,DUSP8
8059,KRTAP5-AS1,exact,KRTAP5-AS1
8060,AC068580.4,unmatched,
8061,CTSD,exact,CTSD
8062,LSP1,exact,LSP1
8063,PRR33,exact,PRR33
8064,TNNT3,exact,TNNT3
8065,MRPL23,exact,MRPL23
8066,C11orf21,exact,C11orf21
8067,TSPAN32,exact,TSPAN32
8068,CD81-AS1,exact,CD81-AS1
8069,CD81,exact,CD81
8070,TSSC4,exact,TSSC4
8071,KCNQ1,exact,KCNQ1
8072,KCNQ1OT1,exact,KCNQ1OT1
8073,CDKN1C,exact,CDKN1C
8074,SLC22A18,exact,SLC22A18
8075,NAP1L4,exact,NAP1L4
8076,AC131971.1,unmatched,
8077,CARS,official_alias,CARS
8078,CARS-AS1,official_alias,CARS-AS1
8079,OSBPL5,exact,OSBPL5
8080,ZNF195,exact,ZNF195
8081,CHRNA10,exact,CHRNA10
8082,NUP98,exact,NUP98
8083,PGAP2,exact,PGAP2
8084,RHOG,exact,RHOG
8085,AC090587.1,unmatched,
8086,STIM1,exact,STIM1
8087,RRM1,exact,RRM1
8088,TRIM21,exact,TRIM21
8089,OR52I1,exact,OR52I1
8090,TRIM68,exact,TRIM68
8091,AC104389.4,unmatched,
8092,OR51M1,exact,OR51M1
8093,UBQLNL,exact,UBQLNL
8094,OR52H1,exact,OR52H1
8095,TRIM5,exact,TRIM5
8096,TRIM22,exact,TRIM22
8097,OR56B1,exact,OR56B1
8098,AC022762.2,unmatched,
8099,FAM160A2,official_alias,FAM160A2
8100,SMPD1,exact,SMPD1
8101,APBB1,exact,APBB1
8102,TRIM3,exact,TRIM3
8103,ARFIP2,exact,ARFIP2
8104,TIMM10B,exact,TIMM10B
8105,DNHD1,exact,DNHD1
8106,RRP8,exact,RRP8
8107,ILK,exact,ILK
8108,TAF10,exact,TAF10
8109,TPP1,exact,TPP1
8110,DCHS1,exact,DCHS1
8111,MRPL17,exact,MRPL17
8112,OR2AG2,exact,OR2AG2
8113,ZNF215,exact,ZNF215
8114,AC107884.1,unmatched,
8115,OLFML1,exact,OLFML1
8116,PPFIBP2,exact,PPFIBP2
8117,CYB5R2,exact,CYB5R2
8118,EIF3F,exact,EIF3F
8119,TUB,exact,TUB
8120,RIC3,exact,RIC3
8121,TRIM66,exact,TRIM66
8122,RPL27A,exact,RPL27A
8123,AKIP1,exact,AKIP1
8124,TMEM9B,exact,TMEM9B
8125,TMEM9B-AS1,exact,TMEM9B-AS1
8126,NRIP3,exact,NRIP3
8127,DENND5A,exact,DENND5A
8128,TMEM41B,exact,TMEM41B
8129,IPO7,exact,IPO7
8130,AC132192.1,unmatched,
8131,AC132192.2,unmatched,
8132,ZNF143,exact,ZNF143
8133,SWAP70,exact,SWAP70
8134,AC026250.1,unmatched,
8135,SBF2-AS1,exact,SBF2-AS1
8136,SBF2,exact,SBF2
8137,AMPD3,exact,AMPD3
8138,MTRNR2L8,exact,MTRNR2L8
8139,RNF141,exact,RNF141
8140,CTR9,exact,CTR9
8141,EIF4G2,exact,EIF4G2
8142,AC116535.1,unmatched,
8143,ZBED5,exact,ZBED5
8144,ZBED5-AS1,exact,ZBED5-AS1
8145,CSNK2A3,exact,CSNK2A3
8146,AC023946.1,unmatched,
8147,USP47,exact,USP47
8148,LINC02547,exact,LINC02547
8149,MICAL2,exact,MICAL2
8150,PARVA,exact,PARVA
8151,ARNTL,unmatched,
8152,BTBD10,exact,BTBD10
8153,FAR1,exact,FAR1
8154,SPON1,exact,SPON1
8155,RRAS2,exact,RRAS2
8156,COPB1,exact,COPB1
8157,PSMA1,exact,PSMA1
8158,PDE3B,exact,PDE3B
8159,CYP2R1,exact,CYP2R1
8160,CALCB,exact,CALCB
8161,SOX6,exact,SOX6
8162,C11orf58,exact,C11orf58
8163,PLEKHA7,exact,PLEKHA7
8164,RPS13,exact,RPS13
8165,PIK3C2A,exact,PIK3C2A
8166,NUCB2,exact,NUCB2
8167,NCR3LG1,exact,NCR3LG1
8168,KCNC1,exact,KCNC1
8169,SERGEF,exact,SERGEF
8170,TPH1,exact,TPH1
8171,SAAL1,exact,SAAL1
8172,HPS5,exact,HPS5
8173,GTF2H1,exact,GTF2H1
8174,LDHA,exact,LDHA
8175,LDHC,exact,LDHC
8176,LDHAL6A,exact,LDHAL6A
8177,TSG101,exact,TSG101
8178,UEVLD,exact,UEVLD
8179,SPTY2D1OS,unmatched,
8180,SPTY2D1,exact,SPTY2D1
8181,TMEM86A,exact,TMEM86A
8182,IGSF22,exact,IGSF22
8183,ZDHHC13,exact,ZDHHC13
8184,HTATIP2,exact,HTATIP2
8185,PRMT3,exact,PRMT3
8186,FANCF,exact,FANCF
8187,GAS2,exact,GAS2
8188,SVIP,exact,SVIP
8189,AC006299.1,unmatched,
8190,AC090092.1,unmatched,
8191,CCDC34,exact,CCDC34
8192,LGR4,exact,LGR4
8193,LIN7C,exact,LIN7C
8194,BDNF-AS,exact,BDNF-AS
8195,KIF18A,exact,KIF18A
8196,METTL15,exact,METTL15
8197,ARL14EP,exact,ARL14EP
8198,MPPED2,exact,MPPED2
8199,DCDC1,exact,DCDC1
8200,DNAJC24,exact,DNAJC24
8201,IMMP1L,exact,IMMP1L
8202,ELP4,exact,ELP4
8203,AC131571.1,unmatched,
8204,PAX6,exact,PAX6
8205,RCN1,exact,RCN1
8206,EIF3M,exact,EIF3M
8207,PRRG4,exact,PRRG4
8208,QSER1,exact,QSER1
8209,DEPDC7,exact,DEPDC7
8210,TCP11L1,exact,TCP11L1
8211,LINC00294,exact,LINC00294
8212,CSTF3,exact,CSTF3
8213,CSTF3-DT,exact,CSTF3-DT
8214,HIPK3,exact,HIPK3
8215,CD59,exact,CD59
8216,FBXO3,exact,FBXO3
8217,CAPRIN1,exact,CAPRIN1
8218,NAT10,exact,NAT10
8219,CAT,exact,CAT
8220,APIP,exact,APIP
8221,PDHX,exact,PDHX
8222,AL356215.1,unmatched,
8223,CD44,exact,CD44
8224,CD44-AS1,unmatched,
8225,SLC1A2,exact,SLC1A2
8226,TRIM44,exact,TRIM44
8227,COMMD9,exact,COMMD9
8228,TRAF6,exact,TRAF6
8229,RAG1,exact,RAG1
8230,C11orf74,official_alias,C11orf74
8231,API5,exact,API5
8232,TTC17,exact,TTC17
8233,HSD17B12,exact,HSD17B12
8234,AC087521.2,unmatched,
8235,ALKBH3,exact,ALKBH3
8236,ALKBH3-AS1,exact,ALKBH3-AS1
8237,ACCS,exact,ACCS
8238,EXT2,exact,EXT2
8239,CD82,exact,CD82
8240,AC010768.2,unmatched,
8241,TSPAN18,exact,TSPAN18
8242,PRDM11,exact,PRDM11
8243,AC103736.1,unmatched,
8244,SLC35C1,exact,SLC35C1
8245,CRY2,exact,CRY2
8246,PEX16,exact,PEX16
8247,PHF21A,exact,PHF21A
8248,AC024475.1,unmatched,
8249,DGKZ,exact,DGKZ
8250,MDK,exact,MDK
8251,AMBRA1,exact,AMBRA1
8252,HARBI1,exact,HARBI1
8253,ATG13,exact,ATG13
8254,ARHGAP1,exact,ARHGAP1
8255,ZNF408,exact,ZNF408
8256,CKAP5,exact,CKAP5
8257,C11orf49,unmatched,
8258,ARFGAP2,exact,ARFGAP2
8259,DDB2,exact,DDB2
8260,ACP2,exact,ACP2
8261,NR1H3,exact,NR1H3
8262,MADD,exact,MADD
8263,AC018410.1,unmatched,
8264,SLC39A13,exact,SLC39A13
8265,PSMC3,exact,PSMC3
8266,CELF1,exact,CELF1
8267,NDUFS3,exact,NDUFS3
8268,PTPMT1,exact,PTPMT1
8269,KBTBD4,exact,KBTBD4
8270,MTCH2,exact,MTCH2
8271,AGBL2,exact,AGBL2
8272,FNBP4,exact,FNBP4
8273,NUP160,exact,NUP160
8274,PTPRJ,exact,PTPRJ
8275,TNKS1BP1,exact,TNKS1BP1
8276,SSRP1,exact,SSRP1
8277,SLC43A3,exact,SLC43A3
8278,SLC43A1,exact,SLC43A1
8279,TIMM10,exact,TIMM10
8280,UBE2L6,exact,UBE2L6
8281,YPEL4,exact,YPEL4
8282,CLP1,exact,CLP1
8283,ZDHHC5,exact,ZDHHC5
8284,MED19,exact,MED19
8285,TMX2,exact,TMX2
8286,SELENOH,exact,SELENOH
8287,BTBD18,exact,BTBD18
8288,CTNND1,exact,CTNND1
8289,LPXN,exact,LPXN
8290,ZFP91,exact,ZFP91
8291,AP001350.1,unmatched,
8292,FAM111A-DT,exact,FAM111A-DT
8293,FAM111A,exact,FAM111A
8294,DTX4,exact,DTX4
8295,OR4D9,exact,OR4D9
8296,OSBP,exact,OSBP
8297,AP000442.2,unmatched,
8298,PATL1,exact,PATL1
8299,STX3,exact,STX3
8300,MRPL16,exact,MRPL16
8301,MS4A2,exact,MS4A2
8302,CCDC86,exact,CCDC86
8303,PRPF19,exact,PRPF19
8304,AP003721.4,unmatched,
8305,TMEM109,exact,TMEM109
8306,SLC15A3,exact,SLC15A3
8307,CD6,exact,CD6
8308,CD5,exact,CD5
8309,VPS37C,exact,VPS37C
8310,VWCE,exact,VWCE
8311,DDB1,exact,DDB1
8312,TKFC,exact,TKFC
8313,CYB561A3,exact,CYB561A3
8314,TMEM138,exact,TMEM138
8315,TMEM216,exact,TMEM216
8316,CPSF7,exact,CPSF7
8317,AP003108.2,unmatched,
8318,SDHAF2,exact,SDHAF2
8319,PPP1R32,unmatched,
8320,TMEM258,exact,TMEM258
8321,FEN1,exact,FEN1
8322,FADS2,exact,FADS2
8323,FADS1,exact,FADS1
8324,FADS3,exact,FADS3
8325,BEST1,exact,BEST1
8326,FTH1,exact,FTH1
8327,INCENP,exact,INCENP
8328,AP003306.2,unmatched,
8329,ASRGL1,exact,ASRGL1
8330,AHNAK,exact,AHNAK
8331,EEF1G,exact,EEF1G
8332,AP002990.1,unmatched,
8333,TUT1,exact,TUT1
8334,MTA2,exact,MTA2
8335,EML3,exact,EML3
8336,ROM1,exact,ROM1
8337,B3GAT3,exact,B3GAT3
8338,GANAB,exact,GANAB
8339,INTS5,exact,INTS5
8340,C11orf98,exact,C11orf98
8341,LBHD1,exact,LBHD1
8342,CSKMT,exact,CSKMT
8343,UQCC3,exact,UQCC3
8344,UBXN1,exact,UBXN1
8345,LRRN4CL,exact,LRRN4CL
8346,BSCL2,exact,BSCL2
8347,HNRNPUL2,exact,HNRNPUL2
8348,TTC9C,exact,TTC9C
8349,ZBTB3,exact,ZBTB3
8350,POLR2G,exact,POLR2G
8351,AP001160.2,unmatched,
8352,TAF6L,exact,TAF6L
8353,TMEM223,exact,TMEM223
8354,AP001160.3,unmatched,
8355,TMEM179B,exact,TMEM179B
8356,NXF1,exact,NXF1
8357,STX5,exact,STX5
8358,AP001160.1,unmatched,
8359,WDR74,exact,WDR74
8360,SLC3A2,exact,SLC3A2
8361,RARRES3,official_alias,RARRES3
8362,HRASLS2,official_alias,HRASLS2
8363,PLA2G16,official_alias,PLA2G16
8364,ATL3,exact,ATL3
8365,RTN3,exact,RTN3
8366,C11orf95,unmatched,
8367,SPINDOC,exact,SPINDOC
8368,MARK2,exact,MARK2
8369,NAA40,exact,NAA40
8370,COX8A,exact,COX8A
8371,OTUB1,exact,OTUB1
8372,MACROD1,exact,MACROD1
8373,FLRT1,exact,FLRT1
8374,AP006333.1,unmatched,
8375,STIP1,exact,STIP1
8376,FERMT3,exact,FERMT3
8377,TRPT1,exact,TRPT1
8378,NUDT22,exact,NUDT22
8379,AP001453.1,unmatched,
8380,DNAJC4,exact,DNAJC4
8381,VEGFB,exact,VEGFB
8382,FKBP2,exact,FKBP2
8383,PPP1R14B,exact,PPP1R14B
8384,PLCB3,exact,PLCB3
8385,BAD,exact,BAD
8386,GPR137,exact,GPR137
8387,ESRRA,exact,ESRRA
8388,TRMT112,exact,TRMT112
8389,PRDX5,exact,PRDX5
8390,AP003774.4,unmatched,
8391,CCDC88B,exact,CCDC88B
8392,RPS6KA4,exact,RPS6KA4
8393,AP003774.3,unmatched,
8394,NRXN2,exact,NRXN2
8395,RASGRP2,exact,RASGRP2
8396,PYGM,exact,PYGM
8397,SF1,exact,SF1
8398,AP001462.1,unmatched,
8399,MAP4K2,exact,MAP4K2
8400,MEN1,exact,MEN1
8401,CDC42BPG,exact,CDC42BPG
8402,EHD1,exact,EHD1
8403,MIR194-2HG,unmatched,
8404,ATG2A,exact,ATG2A
8405,PPP2R5B,exact,PPP2R5B
8406,MAJIN,exact,MAJIN
8407,ARL2,exact,ARL2
8408,SNX15,exact,SNX15
8409,SAC3D1,exact,SAC3D1
8410,NAALADL1,exact,NAALADL1
8411,CDCA5,exact,CDCA5
8412,ZFPL1,exact,ZFPL1
8413,TMEM262,exact,TMEM262
8414,VPS51,exact,VPS51
8415,AP003068.1,unmatched,
8416,TM7SF2,exact,TM7SF2
8417,ZNHIT2,exact,ZNHIT2
8418,FAU,exact,FAU
8419,SYVN1,exact,SYVN1
8420,MRPL49,exact,MRPL49
8421,AP003068.2,unmatched,
8422,CAPN1,exact,CAPN1
8423,POLA2,exact,POLA2
8424,DPF2,exact,DPF2
8425,TIGD3,exact,TIGD3
8426,SLC25A45,exact,SLC25A45
8427,FRMD8,exact,FRMD8
8428,NEAT1,exact,NEAT1
8429,MALAT1,exact,MALAT1
8430,AP000769.2,unmatched,
8431,SCYL1,exact,SCYL1
8432,LTBP3,exact,LTBP3
8433,SSSCA1,official_alias,SSSCA1
8434,FAM89B,exact,FAM89B
8435,EHBP1L1,exact,EHBP1L1
8436,MAP3K11,exact,MAP3K11
8437,PCNX3,exact,PCNX3
8438,SIPA1,exact,SIPA1
8439,RELA,exact,RELA
8440,KAT5,exact,KAT5
8441,RNASEH2C,exact,RNASEH2C
8442,AP5B1,exact,AP5B1
8443,CFL1,exact,CFL1
8444,SNX32,exact,SNX32
8445,MUS81,exact,MUS81
8446,EFEMP2,exact,EFEMP2
8447,CTSW,exact,CTSW
8448,FIBP,exact,FIBP
8449,CCDC85B,exact,CCDC85B
8450,C11orf68,exact,C11orf68
8451,DRAP1,exact,DRAP1
8452,SART1,exact,SART1
8453,EIF1AD,exact,EIF1AD
8454,BANF1,exact,BANF1
8455,SF3B2,exact,SF3B2
8456,PACS1,exact,PACS1
8457,AP000759.1,unmatched,
8458,KLC2,exact,KLC2
8459,RAB1B,exact,RAB1B
8460,AP001107.1,unmatched,
8461,AP001107.2,unmatched,
8462,YIF1A,exact,YIF1A
8463,CD248,exact,CD248
8464,RIN1,exact,RIN1
8465,BRMS1,exact,BRMS1
8466,B4GAT1,exact,B4GAT1
8467,AP001107.9,unmatched,
8468,SLC29A2,exact,SLC29A2
8469,MRPL11,exact,MRPL11
8470,PELI3,exact,PELI3
8471,AP002748.3,unmatched,
8472,DPP3,exact,DPP3
8473,BBS1,exact,BBS1
8474,ZDHHC24,exact,ZDHHC24
8475,CTSF,exact,CTSF
8476,CCS,exact,CCS
8477,RBM14,exact,RBM14
8478,RBM14-RBM4,exact,RBM14-RBM4
8479,RBM4,exact,RBM4
8480,RBM4B,exact,RBM4B
8481,AP001157.1,unmatched,
8482,C11orf80,unmatched,
8483,RCE1,exact,RCE1
8484,PC,exact,PC
8485,SYT12,exact,SYT12
8486,RHOD,exact,RHOD
8487,KDM2A,exact,KDM2A
8488,GRK2,exact,GRK2
8489,ANKRD13D,exact,ANKRD13D
8490,SSH3,exact,SSH3
8491,RAD9A,exact,RAD9A
8492,POLD4,exact,POLD4
8493,AP003419.2,unmatched,
8494,AP003419.3,unmatched,
8495,PPP1CA,exact,PPP1CA
8496,TBC1D10C,exact,TBC1D10C
8497,CARNS1,exact,CARNS1
8498,RPS6KB2,exact,RPS6KB2
8499,RPS6KB2-AS1,unmatched,
8500,CORO1B,exact,CORO1B
8501,CABP4,exact,CABP4
8502,TMEM134,exact,TMEM134
8503,AIP,exact,AIP
8504,PITPNM1,exact,PITPNM1
8505,CDK2AP2,exact,CDK2AP2
8506,GSTP1,exact,GSTP1
8507,NDUFV1,exact,NDUFV1
8508,NUDT8,exact,NUDT8
8509,AP003716.1,unmatched,
8510,UNC93B1,exact,UNC93B1
8511,ALDH3B1,exact,ALDH3B1
8512,AC004923.4,unmatched,
8513,NDUFS8,exact,NDUFS8
8514,TCIRG1,exact,TCIRG1
8515,AP002807.1,unmatched,
8516,CHKA,exact,CHKA
8517,KMT5B,exact,KMT5B
8518,C11orf24,exact,C11orf24
8519,LRP5,exact,LRP5
8520,PPP6R3,exact,PPP6R3
8521,TESMIN,exact,TESMIN
8522,CPT1A,exact,CPT1A
8523,MRPL21,exact,MRPL21
8524,IGHMBP2,exact,IGHMBP2
8525,TPCN2,exact,TPCN2
8526,CCND1,exact,CCND1
8527,ORAOV1,official_alias,ORAOV1
8528,FADD,exact,FADD
8529,PPFIA1,exact,PPFIA1
8530,AP002336.2,unmatched,
8531,AP000487.2,unmatched,
8532,AP000487.1,unmatched,
8533,CTTN,exact,CTTN
8534,DHCR7,exact,DHCR7
8535,AP002387.2,unmatched,
8536,NADSYN1,exact,NADSYN1
8537,FAM86C1,official_alias,FAM86C1
8538,ZNF705E,unmatched,
8539,AP002495.2,unmatched,
8540,RNF121,exact,RNF121
8541,IL18BP,exact,IL18BP
8542,NUMA1,exact,NUMA1
8543,AP002490.1,unmatched,
8544,LRTOMT,exact,LRTOMT
8545,LAMTOR1,exact,LAMTOR1
8546,ANAPC15,exact,ANAPC15
8547,INPPL1,exact,INPPL1
8548,CLPB,exact,CLPB
8549,AP005019.1,unmatched,
8550,ARAP1,exact,ARAP1
8551,ARAP1-AS2,exact,ARAP1-AS2
8552,STARD10,exact,STARD10
8553,ATG16L2,exact,ATG16L2
8554,FCHSD2,exact,FCHSD2
8555,RELT,exact,RELT
8556,FAM168A,exact,FAM168A
8557,AP000763.3,unmatched,
8558,PLEKHB1,exact,PLEKHB1
8559,RAB6A,exact,RAB6A
8560,MRPL48,exact,MRPL48
8561,COA4,exact,COA4
8562,PAAF1,exact,PAAF1
8563,DNAJB13,exact,DNAJB13
8564,AP003717.1,unmatched,
8565,UCP2,exact,UCP2
8566,UCP3,exact,UCP3
8567,C2CD3,exact,C2CD3
8568,PPME1,exact,PPME1
8569,P4HA3,exact,P4HA3
8570,PGM2L1,exact,PGM2L1
8571,LIPT2,exact,LIPT2
8572,POLD3,exact,POLD3
8573,RNF169,exact,RNF169
8574,XRRA1,exact,XRRA1
8575,SPCS2,exact,SPCS2
8576,NEU3,exact,NEU3
8577,TPBGL,exact,TPBGL
8578,ARRB1,exact,ARRB1
8579,RPS3,exact,RPS3
8580,KLHL35,exact,KLHL35
8581,GDPD5,exact,GDPD5
8582,SERPINH1,exact,SERPINH1
8583,DGAT2,exact,DGAT2
8584,UVRAG,exact,UVRAG
8585,THAP12,exact,THAP12
8586,GVQW3,exact,GVQW3
8587,AP002360.3,unmatched,
8588,AP002360.2,unmatched,
8589,AP002360.1,unmatched,
8590,EMSY,exact,EMSY
8591,ACER3,exact,ACER3
8592,CAPN5,exact,CAPN5
8593,PAK1,exact,PAK1
8594,AP003680.1,unmatched,
8595,CLNS1A,exact,CLNS1A
8596,AQP11,exact,AQP11
8597,RSF1,exact,RSF1
8598,AAMDC,exact,AAMDC
8599,AP002812.2,unmatched,
8600,AP002812.5,unmatched,
8601,INTS4,exact,INTS4
8602,NDUFC2,exact,NDUFC2
8603,ALG8,exact,ALG8
8604,KCTD21-AS1,exact,KCTD21-AS1
8605,KCTD21,exact,KCTD21
8606,USP35,exact,USP35
8607,GAB2,exact,GAB2
8608,AP003086.1,unmatched,
8609,NARS2,exact,NARS2
8610,FAM181B,exact,FAM181B
8611,PRCP,exact,PRCP
8612,DDIAS,exact,DDIAS
8613,RAB30,exact,RAB30
8614,RAB30-AS1,unmatched,
8615,PCF11,exact,PCF11
8616,PCF11-AS1,unmatched,
8617,ANKRD42,exact,ANKRD42
8618,CCDC90B,exact,CCDC90B
8619,DLG2,exact,DLG2
8620,TMEM126B,exact,TMEM126B
8621,TMEM126A,exact,TMEM126A
8622,CREBZF,exact,CREBZF
8623,SYTL2,exact,SYTL2
8624,PICALM,exact,PICALM
8625,EED,exact,EED
8626,HIKESHI,exact,HIKESHI
8627,ME3,exact,ME3
8628,AP003059.1,unmatched,
8629,TMEM135,exact,TMEM135
8630,CTSC,exact,CTSC
8631,NOX4,exact,NOX4
8632,CHORDC1,exact,CHORDC1
8633,SLC36A4,exact,SLC36A4
8634,SMCO4,exact,SMCO4
8635,CEP295,exact,CEP295
8636,SCARNA9,exact,SCARNA9
8637,TAF1D,exact,TAF1D
8638,C11orf54,exact,C11orf54
8639,MED17,exact,MED17
8640,PANX1,exact,PANX1
8641,MRE11,exact,MRE11
8642,ANKRD49,exact,ANKRD49
8643,FUT4,exact,FUT4
8644,PIWIL4,exact,PIWIL4
8645,AMOTL1,exact,AMOTL1
8646,CWC15,exact,CWC15
8647,KDM4D,exact,KDM4D
8648,SRSF8,exact,SRSF8
8649,ENDOD1,exact,ENDOD1
8650,AP000787.1,unmatched,
8651,SESN3,exact,SESN3
8652,FAM76B,exact,FAM76B
8653,CEP57,exact,CEP57
8654,MTMR2,exact,MTMR2
8655,MAML2,exact,MAML2
8656,CCDC82,exact,CCDC82
8657,JRKL,exact,JRKL
8658,CEP126,exact,CEP126
8659,CFAP300,exact,CFAP300
8660,BIRC3,exact,BIRC3
8661,BIRC2,exact,BIRC2
8662,TMEM123,exact,TMEM123
8663,AP001830.1,unmatched,
8664,DCUN1D5,exact,DCUN1D5
8665,DYNC2H1,exact,DYNC2H1
8666,CASP4,exact,CASP4
8667,CASP1,exact,CASP1
8668,CARD16,exact,CARD16
8669,MSANTD4,exact,MSANTD4
8670,KBTBD3,exact,KBTBD3
8671,AASDHPPT,exact,AASDHPPT
8672,AP000766.1,unmatched,
8673,CWF19L2,exact,CWF19L2
8674,ALKBH8,exact,ALKBH8
8675,ELMOD1,exact,ELMOD1
8676,SLC35F2,exact,SLC35F2
8677,CUL5,exact,CUL5
8678,AP002433.1,unmatched,
8679,ACAT1,exact,ACAT1
8680,NPAT,exact,NPAT
8681,ATM,exact,ATM
8682,C11orf65,exact,C11orf65
8683,KDELC2,official_alias,KDELC2
8684,EXPH5,exact,EXPH5
8685,DDX10,exact,DDX10
8686,RDX,exact,RDX
8687,FDX1,exact,FDX1
8688,POU2AF1,exact,POU2AF1
8689,LAYN,exact,LAYN
8690,SIK2,exact,SIK2
8691,PPP2R1B,exact,PPP2R1B
8692,ALG9,exact,ALG9
8693,FDXACB1,exact,FDXACB1
8694,C11orf1,unmatched,
8695,DIXDC1,exact,DIXDC1
8696,DLAT,exact,DLAT
8697,PIH1D2,exact,PIH1D2
8698,NKAPD1,exact,NKAPD1
8699,TIMM8B,exact,TIMM8B
8700,SDHD,exact,SDHD
8701,IL18,exact,IL18
8702,BCO2,exact,BCO2
8703,PTS,exact,PTS
8704,AP002884.4,unmatched,
8705,AP002884.1,unmatched,
8706,NCAM1,exact,NCAM1
8707,AP000880.1,unmatched,
8708,TTC12,exact,TTC12
8709,ANKK1,exact,ANKK1
8710,ZW10,exact,ZW10
8711,AP003170.4,unmatched,
8712,USP28,exact,USP28
8713,ZBTB16,exact,ZBTB16
8714,AP002518.1,unmatched,
8715,C11orf71,exact,C11orf71
8716,RBM7,exact,RBM7
8717,REXO2,exact,REXO2
8718,BUD13,exact,BUD13
8719,AP006216.1,unmatched,
8720,ZPR1,exact,ZPR1
8721,APOA1,exact,APOA1
8722,SIK3,exact,SIK3
8723,PAFAH1B2,exact,PAFAH1B2
8724,SIDT2,exact,SIDT2
8725,TAGLN,exact,TAGLN
8726,PCSK7,exact,PCSK7
8727,RNF214,exact,RNF214
8728,BACE1,exact,BACE1
8729,BACE1-AS,exact,BACE1-AS
8730,CEP164,exact,CEP164
8731,DSCAML1,exact,DSCAML1
8732,FXYD2,exact,FXYD2
8733,TMPRSS13,exact,TMPRSS13
8734,IL10RA,exact,IL10RA
8735,JAML,exact,JAML
8736,MPZL3,exact,MPZL3
8737,MPZL2,exact,MPZL2
8738,CD3E,exact,CD3E
8739,CD3D,exact,CD3D
8740,CD3G,exact,CD3G
8741,UBE4A,exact,UBE4A
8742,AP001267.1,unmatched,
8743,ATP5MG,exact,ATP5MG
8744,AP001267.2,unmatched,
8745,KMT2A,exact,KMT2A
8746,AP001267.3,unmatched,
8747,TMEM25,exact,TMEM25
8748,IFT46,exact,IFT46
8749,ARCN1,exact,ARCN1
8750,PHLDB1,exact,PHLDB1
8751,AP002954.1,unmatched,
8752,DDX6,exact,DDX6
8753,AP004609.3,unmatched,
8754,CXCR5,exact,CXCR5
8755,AP004609.1,unmatched,
8756,BCL9L,exact,BCL9L
8757,UPK2,exact,UPK2
8758,AP003392.4,unmatched,
8759,CCDC84,official_alias,CCDC84
8760,AP003392.1,unmatched,
8761,RPS25,exact,RPS25
8762,TRAPPC4,exact,TRAPPC4
8763,SLC37A4,exact,SLC37A4
8764,HYOU1,exact,HYOU1
8765,AP003392.5,unmatched,
8766,AP003392.6,unmatched,
8767,VPS11,exact,VPS11
8768,HMBS,exact,HMBS
8769,H2AFX,official_alias,H2AFX
8770,DPAGT1,exact,DPAGT1
8771,C2CD2L,exact,C2CD2L
8772,HINFP,exact,HINFP
8773,NLRX1,exact,NLRX1
8774,CCDC153,exact,CCDC153
8775,CBL,exact,CBL
8776,MCAM,exact,MCAM
8777,RNF26,exact,RNF26
8778,NECTIN1,exact,NECTIN1
8779,OAF,exact,OAF
8780,TMEM136,official_alias,TMEM136
8781,ARHGEF12,exact,ARHGEF12
8782,AP004147.1,unmatched,
8783,TBCEL,exact,TBCEL
8784,TECTA,exact,TECTA
8785,SC5D,exact,SC5D
8786,AP000977.1,unmatched,
8787,SORL1,exact,SORL1
8788,UBASH3B,exact,UBASH3B
8789,CRTAM,exact,CRTAM
8790,JHY,exact,JHY
8791,HSPA8,exact,HSPA8
8792,CLMP,exact,CLMP
8793,GRAMD1B,exact,GRAMD1B
8794,ZNF202,exact,ZNF202
8795,VWA5A,exact,VWA5A
8796,TBRG1,exact,TBRG1
8797,SIAE,exact,SIAE
8798,SPA17,exact,SPA17
8799,NRGN,exact,NRGN
8800,AP000866.5,unmatched,
8801,VSIG2,exact,VSIG2
8802,ESAM,exact,ESAM
8803,AP000866.2,unmatched,
8804,MSANTD2,exact,MSANTD2
8805,AP000866.1,unmatched,
8806,ROBO3,exact,ROBO3
8807,ROBO4,exact,ROBO4
8808,CCDC15,exact,CCDC15
8809,SLC37A2,exact,SLC37A2
8810,TMEM218,exact,TMEM218
8811,FEZ1,exact,FEZ1
8812,EI24,exact,EI24
8813,STT3A-AS1,unmatched,
8814,STT3A,exact,STT3A
8815,CHEK1,exact,CHEK1
8816,HYLS1,exact,HYLS1
8817,PUS3,exact,PUS3
8818,CDON,exact,CDON
8819,RPUSD4,exact,RPUSD4
8820,AP001893.1,unmatched,
8821,FAM118B,exact,FAM118B
8822,SRPRA,exact,SRPRA
8823,FOXRED1,exact,FOXRED1
8824,TIRAP,exact,TIRAP
8825,AP001318.2,unmatched,
8826,DCPS,exact,DCPS
8827,GSEC,unmatched,
8828,ST3GAL4,exact,ST3GAL4
8829,ETS1,exact,ETS1
8830,FLI1,exact,FLI1
8831,SENCR,exact,SENCR
8832,KCNJ5,exact,KCNJ5
8833,ARHGAP32,exact,ARHGAP32
8834,BARX2,exact,BARX2
8835,AP003500.1,unmatched,
8836,TMEM45B,exact,TMEM45B
8837,NFRKB,exact,NFRKB
8838,PRDM10,exact,PRDM10
8839,LINC00167,unmatched,
8840,APLP2,exact,APLP2
8841,ZBTB44,exact,ZBTB44
8842,AP002986.1,unmatched,
8843,LINC02551,exact,LINC02551
8844,AP003486.1,unmatched,
8845,SNX19,exact,SNX19
8846,IGSF9B,exact,IGSF9B
8847,AP000911.1,unmatched,
8848,AP000911.2,unmatched,
8849,JAM3,exact,JAM3
8850,NCAPD3,exact,NCAPD3
8851,VPS26B,exact,VPS26B
8852,THYN1,exact,THYN1
8853,ACAD8,exact,ACAD8
8854,GLB1L3,exact,GLB1L3
8855,GLB1L2,exact,GLB1L2
8856,ZMYND11,exact,ZMYND11
8857,DIP2C,exact,DIP2C
8858,LARP4B,exact,LARP4B
8859,GTPBP4,exact,GTPBP4
8860,IDI2,exact,IDI2
8861,IDI1,exact,IDI1
8862,WDR37,exact,WDR37
8863,ADARB2,exact,ADARB2
8864,PFKP,exact,PFKP
8865,PITRM1,exact,PITRM1
8866,KLF6,exact,KLF6
8867,AKR1E2,exact,AKR1E2
8868,AKR1C1,exact,AKR1C1
8869,AKR1C3,exact,AKR1C3
8870,AKR1C4,exact,AKR1C4
8871,NET1,exact,NET1
8872,ASB13,exact,ASB13
8873,FAM208B,official_alias,FAM208B
8874,AL365356.1,unmatched,
8875,GDI2,exact,GDI2
8876,AL596094.1,unmatched,
8877,ANKRD16,exact,ANKRD16
8878,FBH1,exact,FBH1
8879,AL137186.2,unmatched,
8880,IL15RA,exact,IL15RA
8881,IL2RA,exact,IL2RA
8882,RBM17,exact,RBM17
8883,PFKFB3,exact,PFKFB3
8884,AL137145.2,unmatched,
8885,AL137145.1,unmatched,
8886,PRKCQ,exact,PRKCQ
8887,AL158210.1,unmatched,
8888,SFMBT2,exact,SFMBT2
8889,ITIH5,exact,ITIH5
8890,ITIH2,exact,ITIH2
8891,KIN,exact,KIN
8892,ATP5F1C,exact,ATP5F1C
8893,TAF3,exact,TAF3
8894,GATA3,exact,GATA3
8895,GATA3-AS1,exact,GATA3-AS1
8896,CELF2,exact,CELF2
8897,CELF2-AS1,exact,CELF2-AS1
8898,USP6NL,exact,USP6NL
8899,AL512631.1,unmatched,
8900,ECHDC3,exact,ECHDC3
8901,PROSER2,exact,PROSER2
8902,UPF2,exact,UPF2
8903,DHTKD1,exact,DHTKD1
8904,SEC61A2,exact,SEC61A2
8905,NUDT5,exact,NUDT5
8906,CDC123,exact,CDC123
8907,AL512770.1,unmatched,
8908,CAMK1D,exact,CAMK1D
8909,CCDC3,exact,CCDC3
8910,OPTN,exact,OPTN
8911,PHYH,exact,PHYH
8912,SEPHS1,exact,SEPHS1
8913,BEND7,exact,BEND7
8914,PRPF18,exact,PRPF18
8915,AL157392.5,unmatched,
8916,FRMD4A,unmatched,
8917,AL157392.4,unmatched,
8918,FAM107B,exact,FAM107B
8919,CDNF,exact,CDNF
8920,HSPA14,exact,HSPA14
8921,HSPA14.1,unmatched,
8922,AC069544.1,unmatched,
8923,SUV39H2,exact,SUV39H2
8924,DCLRE1C,exact,DCLRE1C
8925,MEIG1,exact,MEIG1
8926,OLAH,exact,OLAH
8927,RPP38,exact,RPP38
8928,NMT2,exact,NMT2
8929,FAM171A1,exact,FAM171A1
8930,MINDY3,exact,MINDY3
8931,PTER,exact,PTER
8932,RSU1,exact,RSU1
8933,CUBN,exact,CUBN
8934,AC067747.1,unmatched,
8935,TRDMT1,exact,TRDMT1
8936,VIM-AS1,exact,VIM-AS1
8937,VIM,exact,VIM
8938,AL133415.1,unmatched,
8939,ST8SIA6,exact,ST8SIA6
8940,ST8SIA6-AS1,exact,ST8SIA6-AS1
8941,HACD1,exact,HACD1
8942,STAM-AS1,unmatched,
8943,STAM,exact,STAM
8944,TMEM236,exact,TMEM236
8945,MRC1,exact,MRC1
8946,CACNB2,exact,CACNB2
8947,AL450384.2,unmatched,
8948,NSUN6,exact,NSUN6
8949,ARL5B,exact,ARL5B
8950,NEBL,exact,NEBL
8951,SKIDA1,exact,SKIDA1
8952,MLLT10,exact,MLLT10
8953,DNAJC1,exact,DNAJC1
8954,AL158211.1,unmatched,
8955,COMMD3,exact,COMMD3
8956,BMI1,exact,BMI1
8957,AL158211.4,unmatched,
8958,AL158211.2,unmatched,
8959,PIP4K2A,exact,PIP4K2A
8960,MSRB2,exact,MSRB2
8961,AL606469.1,unmatched,
8962,OTUD1,exact,OTUD1
8963,ARHGAP21,exact,ARHGAP21
8964,PRTFDC1,exact,PRTFDC1
8965,AL512598.1,unmatched,
8966,THNSL1,exact,THNSL1
8967,APBB1IP,exact,APBB1IP
8968,PDSS1,exact,PDSS1
8969,AL390961.2,unmatched,
8970,ABI1,exact,ABI1
8971,ANKRD26,exact,ANKRD26
8972,YME1L1,exact,YME1L1
8973,MASTL,exact,MASTL
8974,ACBD5,exact,ACBD5
8975,RAB18,exact,RAB18
8976,MPP7,exact,MPP7
8977,AC022021.1,unmatched,
8978,WAC-AS1,unmatched,
8979,WAC,exact,WAC
8980,SVIL,exact,SVIL
8981,MTPAP,exact,MTPAP
8982,MAP3K8,exact,MAP3K8
8983,ZNF438,exact,ZNF438
8984,ZEB1-AS1,exact,ZEB1-AS1
8985,ZEB1,exact,ZEB1
8986,ARHGAP12,exact,ARHGAP12
8987,KIF5B,exact,KIF5B
8988,EPC1,exact,EPC1
8989,AL391839.2,unmatched,
8990,CCDC7,exact,CCDC7
8991,AL365203.2,unmatched,
8992,ITGB1,exact,ITGB1
8993,PARD3,exact,PARD3
8994,CUL2,exact,CUL2
8995,AL392046.1,unmatched,
8996,CREM,exact,CREM
8997,CCNY,exact,CCNY
8998,AL117336.3,unmatched,
8999,AL121749.1,unmatched,
9000,AL132657.1,unmatched,
9001,ZNF248,exact,ZNF248
9002,AL135791.1,unmatched,
9003,ZNF25,exact,ZNF25
9004,ZNF33A,exact,ZNF33A
9005,ZNF37A,exact,ZNF37A
9006,AL117339.5,unmatched,
9007,AL117339.4,unmatched,
9008,ZNF33B,exact,ZNF33B
9009,BMS1,exact,BMS1
9010,AC010864.1,unmatched,
9011,CSGALNACT2,exact,CSGALNACT2
9012,HNRNPF,exact,HNRNPF
9013,AL450326.1,unmatched,
9014,ZNF487,exact,ZNF487
9015,ZNF239,exact,ZNF239
9016,ZNF485,exact,ZNF485
9017,ZNF32,exact,ZNF32
9018,RASSF4,exact,RASSF4
9019,C10orf25,official_alias,C10orf25
9020,ZNF22,exact,ZNF22
9021,ALOX5,exact,ALOX5
9022,MARCH8,official_alias,MARCH8
9023,ZFAND4,exact,ZFAND4
9024,WASHC2C,exact,WASHC2C
9025,AGAP4,exact,AGAP4
9026,TIMM23,exact,TIMM23
9027,NCOA4,exact,NCOA4
9028,SYT15,exact,SYT15
9029,AL356056.1,unmatched,
9030,PTPN20,exact,PTPN20
9031,GDF10,exact,GDF10
9032,AGAP9,exact,AGAP9
9033,MAPK8,exact,MAPK8
9034,ARHGAP22,exact,ARHGAP22
9035,WDFY4,exact,WDFY4
9036,VSTM4,exact,VSTM4
9037,ERCC6,exact,ERCC6
9038,PARG,exact,PARG
9039,TIMM23B,exact,TIMM23B
9040,LINC00843,official_alias,LINC00843
9041,AGAP6,exact,AGAP6
9042,WASHC2A,exact,WASHC2A
9043,ASAH2,exact,ASAH2
9044,SGMS1,exact,SGMS1
9045,SGMS1-AS1,unmatched,
9046,ASAH2B,exact,ASAH2B
9047,CSTF2T,exact,CSTF2T
9048,ZWINT,exact,ZWINT
9049,IPMK,exact,IPMK
9050,CISD1,exact,CISD1
9051,UBE2D1,exact,UBE2D1
9052,TFAM,exact,TFAM
9053,CCDC6,exact,CCDC6
9054,ANK3,exact,ANK3
9055,AL592430.1,unmatched,
9056,AC022390.1,unmatched,
9057,CDK1,exact,CDK1
9058,ARID5B,exact,ARID5B
9059,RTKN2,exact,RTKN2
9060,ADO,exact,ADO
9061,NRBF2,exact,NRBF2
9062,JMJD1C,exact,JMJD1C
9063,JMJD1C-AS1,exact,JMJD1C-AS1
9064,REEP3,exact,REEP3
9065,DNAJC12,exact,DNAJC12
9066,AL133551.1,unmatched,
9067,SIRT1,exact,SIRT1
9068,HERC4,exact,HERC4
9069,PBLD,exact,PBLD
9070,HNRNPH3,exact,HNRNPH3
9071,RUFY2,exact,RUFY2
9072,DNA2,exact,DNA2
9073,SLC25A16,exact,SLC25A16
9074,TET1,exact,TET1
9075,CCAR1,exact,CCAR1
9076,STOX1,exact,STOX1
9077,DDX50,exact,DDX50
9078,DDX21,exact,DDX21
9079,KIF1BP,official_alias,KIF1BP
9080,SRGN,exact,SRGN
9081,VPS26A,exact,VPS26A
9082,SUPV3L1,exact,SUPV3L1
9083,AL596223.1,unmatched,
9084,HKDC1,exact,HKDC1
9085,HK1,exact,HK1
9086,TSPAN15,exact,TSPAN15
9087,FAM241B,exact,FAM241B
9088,H2AFY2,official_alias,H2AFY2
9089,AIFM2,exact,AIFM2
9090,TYSND1,exact,TYSND1
9091,SAR1A,exact,SAR1A
9092,PPA1,exact,PPA1
9093,NPFFR1,exact,NPFFR1
9094,LRRC20,exact,LRRC20
9095,EIF4EBP2,exact,EIF4EBP2
9096,PRF1,exact,PRF1
9097,SGPL1,exact,SGPL1
9098,PCBD1,exact,PCBD1
9099,SLC29A3,exact,SLC29A3
9100,CDH23,exact,CDH23
9101,VSIR,exact,VSIR
9102,PSAP,exact,PSAP
9103,AC022392.1,unmatched,
9104,SPOCK2,exact,SPOCK2
9105,ASCC1,exact,ASCC1
9106,ANAPC16,exact,ANAPC16
9107,DDIT4,exact,DDIT4
9108,DNAJB12,exact,DNAJB12
9109,MICU1,exact,MICU1
9110,MCU,exact,MCU
9111,P4HA1,exact,P4HA1
9112,AL731563.3,unmatched,
9113,NUDT13,exact,NUDT13
9114,AC016394.2,unmatched,
9115,ECD,exact,ECD
9116,FAM149B1,exact,FAM149B1
9117,DNAJC9,exact,DNAJC9
9118,DNAJC9-AS1,unmatched,
9119,MRPS16,exact,MRPS16
9120,AC016394.1,unmatched,
9121,CFAP70,exact,CFAP70
9122,ANXA7,exact,ANXA7
9123,MSS51,exact,MSS51
9124,PPP3CB,exact,PPP3CB
9125,USP54,exact,USP54
9126,AC073389.1,unmatched,
9127,AC073389.3,unmatched,
9128,SYNPO2L,exact,SYNPO2L
9129,AGAP5,exact,AGAP5
9130,AC022400.6,unmatched,
9131,SEC24C,exact,SEC24C
9132,FUT11,exact,FUT11
9133,CHCHD1,exact,CHCHD1
9134,ZSWIM8,exact,ZSWIM8
9135,AC022400.7,unmatched,
9136,NDST2,exact,NDST2
9137,CAMK2G,exact,CAMK2G
9138,VCL,exact,VCL
9139,AP3M1,exact,AP3M1
9140,ADK,exact,ADK
9141,AC022540.1,unmatched,
9142,KAT6B,exact,KAT6B
9143,SAMD8,exact,SAMD8
9144,VDAC2,exact,VDAC2
9145,COMTD1,exact,COMTD1
9146,POLR3A,exact,POLR3A
9147,RPS24,exact,RPS24
9148,ZMIZ1-AS1,exact,ZMIZ1-AS1
9149,ZMIZ1,exact,ZMIZ1
9150,PPIF,exact,PPIF
9151,ZCCHC24,exact,ZCCHC24
9152,EIF5AL1,exact,EIF5AL1
9153,AL132656.2,unmatched,
9154,NUTM2B-AS1,exact,NUTM2B-AS1
9155,AL135925.1,unmatched,
9156,SFTPD-AS1,unmatched,
9157,TMEM254-AS1,unmatched,
9158,TMEM254,exact,TMEM254
9159,PLAC9,exact,PLAC9
9160,ANXA11,exact,ANXA11
9161,FAM213A,official_alias,FAM213A
9162,TSPAN14,exact,TSPAN14
9163,AC021028.1,unmatched,
9164,SH2D4B,exact,SH2D4B
9165,AL603756.1,unmatched,
9166,GHITM,exact,GHITM
9167,CCSER2,exact,CCSER2
9168,WAPL,exact,WAPL
9169,AL731569.1,unmatched,
9170,LDB3,exact,LDB3
9171,AC067750.1,unmatched,
9172,BMPR1A,exact,BMPR1A
9173,SNCG,exact,SNCG
9174,ADIRF,exact,ADIRF
9175,GLUD1,exact,GLUD1
9176,SHLD2,exact,SHLD2
9177,NUTM2A-AS1,exact,NUTM2A-AS1
9178,MINPP1,exact,MINPP1
9179,PAPSS2,exact,PAPSS2
9180,ATAD1,exact,ATAD1
9181,KLLN,exact,KLLN
9182,PTEN,exact,PTEN
9183,RNLS,exact,RNLS
9184,ANKRD22,exact,ANKRD22
9185,STAMBPL1,exact,STAMBPL1
9186,ACTA2-AS1,exact,ACTA2-AS1
9187,ACTA2,exact,ACTA2
9188,FAS,exact,FAS
9189,LIPA,exact,LIPA
9190,IFIT2,exact,IFIT2
9191,IFIT3,exact,IFIT3
9192,IFIT1,exact,IFIT1
9193,IFIT5,exact,IFIT5
9194,PANK1,exact,PANK1
9195,AL157400.4,unmatched,
9196,KIF20B,exact,KIF20B
9197,LINC00865,exact,LINC00865
9198,RPP30,exact,RPP30
9199,PCGF5,exact,PCGF5
9200,HECTD2,exact,HECTD2
9201,TNKS2-AS1,unmatched,
9202,TNKS2,exact,TNKS2
9203,FGFBP3,exact,FGFBP3
9204,AL359198.1,unmatched,
9205,BTAF1,exact,BTAF1
9206,CPEB3,exact,CPEB3
9207,MARCH5,unmatched,
9208,IDE,exact,IDE
9209,KIF11,exact,KIF11
9210,EXOC6,exact,EXOC6
9211,PDE6C,exact,PDE6C
9212,FRA10AC1,exact,FRA10AC1
9213,SLC35G1,exact,SLC35G1
9214,PLCE1,exact,PLCE1
9215,NOC3L,exact,NOC3L
9216,HELLS,exact,HELLS
9217,SORBS1,exact,SORBS1
9218,ALDH18A1,exact,ALDH18A1
9219,TCTN3,exact,TCTN3
9220,ENTPD1,exact,ENTPD1
9221,ENTPD1-AS1,exact,ENTPD1-AS1
9222,CCNJ,exact,CCNJ
9223,ZNF518A,exact,ZNF518A
9224,DNTT,exact,DNTT
9225,TM9SF3,exact,TM9SF3
9226,LCOR,exact,LCOR
9227,ARHGAP19,exact,ARHGAP19
9228,FRAT1,exact,FRAT1
9229,FRAT2,exact,FRAT2
9230,RRP12,exact,RRP12
9231,AL355490.2,unmatched,
9232,PGAM1,exact,PGAM1
9233,EXOSC1,exact,EXOSC1
9234,ZDHHC16,exact,ZDHHC16
9235,MMS19,exact,MMS19
9236,UBTD1,exact,UBTD1
9237,MORN4,exact,MORN4
9238,PI4K2A,exact,PI4K2A
9239,AVPI1,exact,AVPI1
9240,MARVELD1,exact,MARVELD1
9241,ZFYVE27,exact,ZFYVE27
9242,SFRP5,exact,SFRP5
9243,GOLGA7B,exact,GOLGA7B
9244,R3HCC1L,exact,R3HCC1L
9245,LOXL4,exact,LOXL4
9246,PYROXD2,exact,PYROXD2
9247,HPS1,exact,HPS1
9248,CNNM1,exact,CNNM1
9249,GOT1,exact,GOT1
9250,AL391684.1,unmatched,
9251,SLC25A28,exact,SLC25A28
9252,AL353719.1,unmatched,
9253,ENTPD7,exact,ENTPD7
9254,CUTC,exact,CUTC
9255,COX15,exact,COX15
9256,ABCC2,exact,ABCC2
9257,DNMBP,exact,DNMBP
9258,ERLIN1,exact,ERLIN1
9259,CHUK,exact,CHUK
9260,AL138921.2,unmatched,
9261,AL138921.1,unmatched,
9262,CWF19L1,exact,CWF19L1
9263,BLOC1S2,exact,BLOC1S2
9264,OLMALINC,exact,OLMALINC
9265,SEC31B,exact,SEC31B
9266,NDUFB8,exact,NDUFB8
9267,HIF1AN,exact,HIF1AN
9268,AL138762.1,unmatched,
9269,SLF2,exact,SLF2
9270,MRPL43,exact,MRPL43
9271,SEMA4G,exact,SEMA4G
9272,TWNK,exact,TWNK
9273,LZTS2,exact,LZTS2
9274,PDZD7,exact,PDZD7
9275,SFXN3,exact,SFXN3
9276,BTRC,exact,BTRC
9277,DPCD,exact,DPCD
9278,POLL,exact,POLL
9279,FBXW4,exact,FBXW4
9280,NPM3,exact,NPM3
9281,OGA,exact,OGA
9282,KCNIP2-AS1,unmatched,
9283,KCNIP2,exact,KCNIP2
9284,ARMH3,exact,ARMH3
9285,HPS6,exact,HPS6
9286,LDB1,exact,LDB1
9287,PPRC1,exact,PPRC1
9288,NOLC1,exact,NOLC1
9289,GBF1,exact,GBF1
9290,NFKB2,exact,NFKB2
9291,PSD,exact,PSD
9292,FBXL15,exact,FBXL15
9293,CUEDC2,exact,CUEDC2
9294,C10orf95,exact,C10orf95
9295,MFSD13A,exact,MFSD13A
9296,ACTR1A,exact,ACTR1A
9297,AL121928.1,unmatched,
9298,SUFU,exact,SUFU
9299,TRIM8,exact,TRIM8
9300,AL391121.1,unmatched,
9301,ARL3,exact,ARL3
9302,SFXN2,exact,SFXN2
9303,WBP1L,exact,WBP1L
9304,CYP17A1,exact,CYP17A1
9305,CYP17A1-AS1,unmatched,
9306,AL358790.1,unmatched,
9307,BORCS7,exact,BORCS7
9308,AL356608.1,unmatched,
9309,CNNM2,exact,CNNM2
9310,NT5C2,exact,NT5C2
9311,PCGF6,exact,PCGF6
9312,TAF5,exact,TAF5
9313,ATP5MD,official_alias,ATP5MD
9314,PDCD11,exact,PDCD11
9315,CALHM2,exact,CALHM2
9316,AL139339.2,unmatched,
9317,NEURL1,exact,NEURL1
9318,SH3PXD2A,exact,SH3PXD2A
9319,AL121929.2,unmatched,
9320,STN1,exact,STN1
9321,SLK,exact,SLK
9322,COL17A1,exact,COL17A1
9323,SFR1,exact,SFR1
9324,GSTO1,exact,GSTO1
9325,GSTO2,exact,GSTO2
9326,ITPRIP,exact,ITPRIP
9327,SORCS3,exact,SORCS3
9328,XPNPEP1,exact,XPNPEP1
9329,ADD3,exact,ADD3
9330,MXI1,exact,MXI1
9331,SMNDC1,exact,SMNDC1
9332,DUSP5,exact,DUSP5
9333,SMC3,exact,SMC3
9334,RBM20,exact,RBM20
9335,PDCD4-AS1,unmatched,
9336,PDCD4,exact,PDCD4
9337,BBIP1,exact,BBIP1
9338,AL158163.2,unmatched,
9339,AL158163.1,unmatched,
9340,SHOC2,exact,SHOC2
9341,GPAM,exact,GPAM
9342,ACSL5,exact,ACSL5
9343,AL157786.1,unmatched,
9344,ZDHHC6,exact,ZDHHC6
9345,VTI1A,exact,VTI1A
9346,TCF7L2,exact,TCF7L2
9347,AL158212.2,unmatched,
9348,CASP7,exact,CASP7
9349,DCLRE1A,exact,DCLRE1A
9350,NHLRC2,exact,NHLRC2
9351,CCDC186,exact,CCDC186
9352,TDRD1,exact,TDRD1
9353,AFAP1L2,exact,AFAP1L2
9354,ABLIM1,exact,ABLIM1
9355,FAM160B1,unmatched,
9356,TRUB1,exact,TRUB1
9357,HSPA12A,exact,HSPA12A
9358,SHTN1,exact,SHTN1
9359,PDZD8,exact,PDZD8
9360,EMX2OS,exact,EMX2OS
9361,RAB11FIP2,exact,RAB11FIP2
9362,CASC2,exact,CASC2
9363,FAM204A,exact,FAM204A
9364,PRLHR,exact,PRLHR
9365,CACUL1,exact,CACUL1
9366,NANOS1,exact,NANOS1
9367,EIF3A,exact,EIF3A
9368,FAM45A,unmatched,
9369,SFXN4,exact,SFXN4
9370,PRDX3,exact,PRDX3
9371,GRK5,exact,GRK5
9372,AL583824.1,unmatched,
9373,RGS10,exact,RGS10
9374,TIAL1,exact,TIAL1
9375,BAG3,exact,BAG3
9376,INPP5F,exact,INPP5F
9377,MCMBP,exact,MCMBP
9378,SEC23IP,exact,SEC23IP
9379,WDR11-AS1,unmatched,
9380,WDR11,exact,WDR11
9381,AC010998.2,unmatched,
9382,FGFR2,exact,FGFR2
9383,ATE1,exact,ATE1
9384,NSMCE4A,exact,NSMCE4A
9385,AL731566.1,unmatched,
9386,TACC2,exact,TACC2
9387,PLEKHA1,exact,PLEKHA1
9388,CUZD1,exact,CUZD1
9389,FAM24B,exact,FAM24B
9390,C10orf88,exact,C10orf88
9391,PSTK,exact,PSTK
9392,IKZF5,exact,IKZF5
9393,ACADSB,exact,ACADSB
9394,BUB3,exact,BUB3
9395,CHST15,exact,CHST15
9396,OAT,exact,OAT
9397,LHPP,exact,LHPP
9398,AC068896.1,unmatched,
9399,FAM53B,exact,FAM53B
9400,AL513190.1,unmatched,
9401,EEF1AKMT2,exact,EEF1AKMT2
9402,ABRAXAS2,exact,ABRAXAS2
9403,ZRANB1,exact,ZRANB1
9404,AL731577.1,unmatched,
9405,CTBP2,exact,CTBP2
9406,AL731571.1,unmatched,
9407,AL158835.1,unmatched,
9408,EDRF1,exact,EDRF1
9409,EDRF1-AS1,exact,EDRF1-AS1
9410,UROS,exact,UROS
9411,BCCIP,exact,BCCIP
9412,DHX32,exact,DHX32
9413,FANK1,exact,FANK1
9414,ADAM12,exact,ADAM12
9415,PTPRE,exact,PTPRE
9416,MKI67,exact,MKI67
9417,AL390763.1,unmatched,
9418,MGMT,exact,MGMT
9419,AL157832.1,unmatched,
9420,AL157832.3,unmatched,
9421,C10orf143,exact,C10orf143
9422,GLRX3,exact,GLRX3
9423,TCERG1L,exact,TCERG1L
9424,PPP2R2D,exact,PPP2R2D
9425,BNIP3,exact,BNIP3
9426,AL162274.2,unmatched,
9427,AL162274.1,unmatched,
9428,JAKMIP3,exact,JAKMIP3
9429,AL512622.1,unmatched,
9430,DPYSL4,exact,DPYSL4
9431,STK32C,exact,STK32C
9432,LRRC27,exact,LRRC27
9433,PWWP2B,exact,PWWP2B
9434,AL451069.2,unmatched,
9435,C10orf91,unmatched,
9436,INPP5A,exact,INPP5A
9437,ADAM8,exact,ADAM8
9438,TUBGCP2,exact,TUBGCP2
9439,AL360181.2,unmatched,
9440,ZNF511,exact,ZNF511
9441,CALY,exact,CALY
9442,FUOM,exact,FUOM
9443,ECHS1,exact,ECHS1
9444,PAOX,exact,PAOX
9445,MTG1,exact,MTG1
9446,SPRN,exact,SPRN
9447,SCART1,exact,SCART1
9448,SYCE1,exact,SYCE1
9449,IQSEC3,exact,IQSEC3
9450,KDM5A,exact,KDM5A
9451,CCDC77,exact,CCDC77
9452,B4GALNT3,exact,B4GALNT3
9453,NINJ2,exact,NINJ2
9454,AC021054.1,unmatched,
9455,WNK1,exact,WNK1
9456,RAD52,exact,RAD52
9457,AC004803.1,unmatched,
9458,ERC1,exact,ERC1
9459,WNT5B,exact,WNT5B
9460,FBXL14,exact,FBXL14
9461,ADIPOR2,exact,ADIPOR2
9462,CACNA2D4,exact,CACNA2D4
9463,DCP1B,exact,DCP1B
9464,CACNA1C,exact,CACNA1C
9465,AC005342.1,unmatched,
9466,CACNA1C-AS2,exact,CACNA1C-AS2
9467,CACNA1C-AS1,exact,CACNA1C-AS1
9468,FKBP4,exact,FKBP4
9469,ITFG2-AS1,unmatched,
9470,ITFG2,exact,ITFG2
9471,NRIP2,exact,NRIP2
9472,FOXM1,exact,FOXM1
9473,RHNO1,exact,RHNO1
9474,TULP3,exact,TULP3
9475,TSPAN9,exact,TSPAN9
9476,CRACR2A,exact,CRACR2A
9477,PARP11,exact,PARP11
9478,AC005842.1,unmatched,
9479,CCND2,exact,CCND2
9480,TIGAR,exact,TIGAR
9481,C12orf4,exact,C12orf4
9482,RAD51AP1,exact,RAD51AP1
9483,DYRK4,exact,DYRK4
9484,AKAP3,exact,AKAP3
9485,NDUFA9,exact,NDUFA9
9486,AC006206.2,unmatched,
9487,AC006206.1,unmatched,
9488,CD9,exact,CD9
9489,PLEKHG6,exact,PLEKHG6
9490,TNFRSF1A,exact,TNFRSF1A
9491,SCNN1A,exact,SCNN1A
9492,LTBR,exact,LTBR
9493,CD27,exact,CD27
9494,TAPBPL,exact,TAPBPL
9495,VAMP1,exact,VAMP1
9496,AC005840.4,unmatched,
9497,MRPL51,exact,MRPL51
9498,NCAPD2,exact,NCAPD2
9499,GAPDH,exact,GAPDH
9500,AC006064.4,unmatched,
9501,IFFO1,exact,IFFO1
9502,AC006064.1,unmatched,
9503,NOP2,exact,NOP2
9504,CHD4,exact,CHD4
9505,AC006064.2,unmatched,
9506,LPAR5,exact,LPAR5
9507,ACRBP,exact,ACRBP
9508,ING4,exact,ING4
9509,ZNF384,exact,ZNF384
9510,PIANP,exact,PIANP
9511,COPS7A,exact,COPS7A
9512,MLF2,exact,MLF2
9513,PTMS,exact,PTMS
9514,LAG3,exact,LAG3
9515,CD4,exact,CD4
9516,P3H3,exact,P3H3
9517,GNB3,exact,GNB3
9518,CDCA3,exact,CDCA3
9519,USP5,exact,USP5
9520,TPI1,exact,TPI1
9521,SPSB2,exact,SPSB2
9522,LRRC23,exact,LRRC23
9523,ENO2,exact,ENO2
9524,ATN1,exact,ATN1
9525,C12orf57,exact,C12orf57
9526,U47924.2,unmatched,
9527,PTPN6,exact,PTPN6
9528,PHB2,exact,PHB2
9529,EMG1,exact,EMG1
9530,EMG1.1,unmatched,
9531,LPCAT3,exact,LPCAT3
9532,C1S,exact,C1S
9533,C1R,exact,C1R
9534,C1RL,exact,C1RL
9535,C1RL-AS1,exact,C1RL-AS1
9536,RBP5,exact,RBP5
9537,CLSTN3,exact,CLSTN3
9538,PEX5,exact,PEX5
9539,NANOG,exact,NANOG
9540,SLC2A14,exact,SLC2A14
9541,SLC2A3,exact,SLC2A3
9542,FOXJ2,exact,FOXJ2
9543,C3AR1,exact,C3AR1
9544,NECAP1,exact,NECAP1
9545,CLEC4A,exact,CLEC4A
9546,FAM66C,exact,FAM66C
9547,AC092111.2,unmatched,
9548,AC092111.1,unmatched,
9549,LINC02449,exact,LINC02449
9550,LINC00937,exact,LINC00937
9551,AICDA,exact,AICDA
9552,MFAP5,exact,MFAP5
9553,RIMKLB,exact,RIMKLB
9554,PHC1,exact,PHC1
9555,M6PR,exact,M6PR
9556,KLRG1,exact,KLRG1
9557,A2M-AS1,exact,A2M-AS1
9558,A2M,exact,A2M
9559,PZP,exact,PZP
9560,LINC00987,exact,LINC00987
9561,AC010175.1,unmatched,
9562,KLRB1,exact,KLRB1
9563,CLEC2D,exact,CLEC2D
9564,CD69,exact,CD69
9565,KLRF1,exact,KLRF1
9566,CLEC2B,exact,CLEC2B
9567,AC091814.1,unmatched,
9568,GABARAPL1,exact,GABARAPL1
9569,KLRD1,exact,KLRD1
9570,AC022075.1,unmatched,
9571,EIF2S3B,exact,EIF2S3B
9572,MAGOHB,exact,MAGOHB
9573,YBX3,exact,YBX3
9574,PRH1,exact,PRH1
9575,PRR4,exact,PRR4
9576,TAS2R14,exact,TAS2R14
9577,TAS2R20,exact,TAS2R20
9578,TAS2R19,exact,TAS2R19
9579,TAS2R31,exact,TAS2R31
9580,TAS2R46,exact,TAS2R46
9581,TAS2R30,exact,TAS2R30
9582,SMIM10L1,exact,SMIM10L1
9583,PRB3,exact,PRB3
9584,LINC01252,exact,LINC01252
9585,ETV6,exact,ETV6
9586,BCL2L14,exact,BCL2L14
9587,LRP6,exact,LRP6
9588,MANSC1,exact,MANSC1
9589,LOH12CR2,exact,LOH12CR2
9590,BORCS5,exact,BORCS5
9591,DUSP16,exact,DUSP16
9592,CREBL2,exact,CREBL2
9593,AC008115.4,unmatched,
9594,GPR19,exact,GPR19
9595,CDKN1B,exact,CDKN1B
9596,APOLD1,exact,APOLD1
9597,DDX47,exact,DDX47
9598,GPRC5D-AS1,exact,GPRC5D-AS1
9599,HEBP1,exact,HEBP1
9600,FAM234B,exact,FAM234B
9601,ATF7IP,exact,ATF7IP
9602,AC010168.1,unmatched,
9603,HIST4H4,official_alias,HIST4H4
9604,H2AFJ,official_alias,H2AFJ
9605,WBP11,exact,WBP11
9606,C12orf60,exact,C12orf60
9607,MGP,exact,MGP
9608,ERP27,exact,ERP27
9609,ARHGDIB,exact,ARHGDIB
9610,PTPRO,exact,PTPRO
9611,EPS8,exact,EPS8
9612,STRAP,exact,STRAP
9613,DERA,exact,DERA
9614,PLEKHA5,exact,PLEKHA5
9615,AEBP2,exact,AEBP2
9616,PYROXD1,exact,PYROXD1
9617,RECQL,exact,RECQL
9618,GOLT1B,exact,GOLT1B
9619,LDHB,exact,LDHB
9620,CMAS,exact,CMAS
9621,ST8SIA1,exact,ST8SIA1
9622,C2CD5,exact,C2CD5
9623,AC053513.1,unmatched,
9624,AC087241.3,unmatched,
9625,ETNK1,exact,ETNK1
9626,LRMP,official_alias,LRMP
9627,CASC1,unmatched,
9628,ETFRF1,exact,ETFRF1
9629,KRAS,exact,KRAS
9630,AC092794.1,unmatched,
9631,AC092794.2,unmatched,
9632,AC087239.1,unmatched,
9633,AC024145.1,unmatched,
9634,ITPR2,exact,ITPR2
9635,INTS13,exact,INTS13
9636,FGFR1OP2,exact,FGFR1OP2
9637,AC024896.1,unmatched,
9638,TM7SF3,exact,TM7SF3
9639,MED21,exact,MED21
9640,AC092747.4,unmatched,
9641,C12orf71,exact,C12orf71
9642,STK38L,exact,STK38L
9643,ARNTL2,official_alias,ARNTL2
9644,PPFIBP1,exact,PPFIBP1
9645,REP15,exact,REP15
9646,MRPS35,exact,MRPS35
9647,MANSC4,exact,MANSC4
9648,KLHL42,exact,KLHL42
9649,CCDC91,exact,CCDC91
9650,AC022364.1,unmatched,
9651,AC022079.2,unmatched,
9652,FAR2,exact,FAR2
9653,AC009318.4,unmatched,
9654,AC009318.1,unmatched,
9655,AC009318.3,unmatched,
9656,AC009318.2,unmatched,
9657,ERGIC2,exact,ERGIC2
9658,OVCH1-AS1,exact,OVCH1-AS1
9659,IPO8,exact,IPO8
9660,CAPRIN2,exact,CAPRIN2
9661,DDX11-AS1,exact,DDX11-AS1
9662,DDX11,exact,DDX11
9663,SINHCAF,exact,SINHCAF
9664,AC024940.1,unmatched,
9665,ETFBKMT,exact,ETFBKMT
9666,AMN1,exact,AMN1
9667,AC023157.3,unmatched,
9668,H3F3C,official_alias,H3F3C
9669,KIAA1551,official_alias,KIAA1551
9670,AC016957.2,unmatched,
9671,BICD1,exact,BICD1
9672,DNM1L,exact,DNM1L
9673,AC084824.5,unmatched,
9674,YARS2,exact,YARS2
9675,ALG10,exact,ALG10
9676,ALG10B,exact,ALG10B
9677,CPNE8,exact,CPNE8
9678,KIF21A,exact,KIF21A
9679,ABCD2,exact,ABCD2
9680,SLC2A13,exact,SLC2A13
9681,GXYLT1,exact,GXYLT1
9682,YAF2,exact,YAF2
9683,PPHLN1,exact,PPHLN1
9684,ZCRB1,exact,ZCRB1
9685,PUS7L,exact,PUS7L
9686,IRAK4,exact,IRAK4
9687,TWF1,exact,TWF1
9688,TMEM117,exact,TMEM117
9689,NELL2,exact,NELL2
9690,ANO6,exact,ANO6
9691,AC008124.1,unmatched,
9692,ARID2,exact,ARID2
9693,SCAF11,exact,SCAF11
9694,SLC38A1,exact,SLC38A1
9695,SLC38A2,exact,SLC38A2
9696,AC008014.1,unmatched,
9697,AC025031.4,unmatched,
9698,AC008035.1,unmatched,
9699,AMIGO2,exact,AMIGO2
9700,PCED1B,exact,PCED1B
9701,AC008083.1,unmatched,
9702,AC008083.2,unmatched,
9703,AC008083.3,unmatched,
9704,RPAP3,exact,RPAP3
9705,AC004241.1,unmatched,
9706,ENDOU,exact,ENDOU
9707,RAPGEF3,exact,RAPGEF3
9708,SLC48A1,exact,SLC48A1
9709,HDAC7,exact,HDAC7
9710,AC004466.1,unmatched,
9711,VDR,exact,VDR
9712,AC121338.1,unmatched,
9713,AC121338.2,unmatched,
9714,TMEM106C,exact,TMEM106C
9715,AC004801.6,unmatched,
9716,SENP1,exact,SENP1
9717,PFKM,exact,PFKM
9718,ASB8,exact,ASB8
9719,AC074029.3,unmatched,
9720,AC024257.3,unmatched,
9721,OR10AD1,exact,OR10AD1
9722,AC024257.5,unmatched,
9723,ZNF641,exact,ZNF641
9724,AC024257.4,unmatched,
9725,KANSL2,exact,KANSL2
9726,CCNT1,exact,CCNT1
9727,CACNB3,exact,CACNB3
9728,DDX23,exact,DDX23
9729,RND1,exact,RND1
9730,CCDC65,exact,CCDC65
9731,FKBP11,exact,FKBP11
9732,ARF3,exact,ARF3
9733,DDN-AS1,exact,DDN-AS1
9734,PRKAG1,exact,PRKAG1
9735,KMT2D,exact,KMT2D
9736,RHEBL1,exact,RHEBL1
9737,LMBR1L,exact,LMBR1L
9738,AC011603.2,unmatched,
9739,TUBA1B,exact,TUBA1B
9740,TUBA1A,exact,TUBA1A
9741,TUBA1C,exact,TUBA1C
9742,TROAP,exact,TROAP
9743,SPATS2,exact,SPATS2
9744,KCNH3,exact,KCNH3
9745,MCRS1,exact,MCRS1
9746,PRPF40B,exact,PRPF40B
9747,FAM186B,exact,FAM186B
9748,FMNL3,exact,FMNL3
9749,TMBIM6,exact,TMBIM6
9750,NCKAP5L,exact,NCKAP5L
9751,BCDIN3D-AS1,exact,BCDIN3D-AS1
9752,BCDIN3D,exact,BCDIN3D
9753,RACGAP1,exact,RACGAP1
9754,ASIC1,exact,ASIC1
9755,SMARCD1,exact,SMARCD1
9756,COX14,exact,COX14
9757,AC074032.1,unmatched,
9758,CERS5,exact,CERS5
9759,LIMA1,exact,LIMA1
9760,FAM186A,exact,FAM186A
9761,LARP4,exact,LARP4
9762,DIP2B,exact,DIP2B
9763,ATF1,exact,ATF1
9764,METTL7A,unmatched,
9765,SLC11A2,exact,SLC11A2
9766,LETMD1,exact,LETMD1
9767,CSRNP2,exact,CSRNP2
9768,TFCP2,exact,TFCP2
9769,POU6F1,exact,POU6F1
9770,DAZAP2,exact,DAZAP2
9771,SMAGP,exact,SMAGP
9772,BIN2,exact,BIN2
9773,CELA1,exact,CELA1
9774,GALNT6,exact,GALNT6
9775,SLC4A8,exact,SLC4A8
9776,SCN8A,exact,SCN8A
9777,AC068987.2,unmatched,
9778,FIGNL2,exact,FIGNL2
9779,AC068987.4,unmatched,
9780,ACVR1B,exact,ACVR1B
9781,GRASP,official_alias,GRASP
9782,ATG101,exact,ATG101
9783,KRT72,exact,KRT72
9784,KRT73-AS1,exact,KRT73-AS1
9785,KRT73,exact,KRT73
9786,KRT2,exact,KRT2
9787,KRT77,exact,KRT77
9788,KRT8,exact,KRT8
9789,KRT18,exact,KRT18
9790,EIF4B,exact,EIF4B
9791,AC068888.1,unmatched,
9792,TNS2,exact,TNS2
9793,SPRYD3,exact,SPRYD3
9794,CSAD,exact,CSAD
9795,ZNF740,exact,ZNF740
9796,ITGB7,exact,ITGB7
9797,RARG,exact,RARG
9798,MFSD5,exact,MFSD5
9799,PFDN5,exact,PFDN5
9800,AC073611.1,unmatched,
9801,C12orf10,official_alias,C12orf10
9802,AAAS,exact,AAAS
9803,SP1,exact,SP1
9804,PRR13,exact,PRR13
9805,PCBP2,exact,PCBP2
9806,MAP3K12,exact,MAP3K12
9807,AC023509.4,unmatched,
9808,TARBP2,exact,TARBP2
9809,AC023509.3,unmatched,
9810,ATF7,exact,ATF7
9811,AC023509.2,unmatched,
9812,ATP5MC2,exact,ATP5MC2
9813,CALCOCO1,exact,CALCOCO1
9814,SMUG1,exact,SMUG1
9815,CBX5,exact,CBX5
9816,AC078778.1,unmatched,
9817,HNRNPA1,exact,HNRNPA1
9818,COPZ1,exact,COPZ1
9819,ITGA5,exact,ITGA5
9820,GTSF1,exact,GTSF1
9821,NCKAP1L,exact,NCKAP1L
9822,PDE1B,exact,PDE1B
9823,TESPA1,exact,TESPA1
9824,ITGA7,exact,ITGA7
9825,AC009779.3,unmatched,
9826,BLOC1S1,exact,BLOC1S1
9827,RDH5,exact,RDH5
9828,CD63,exact,CD63
9829,AC009779.2,unmatched,
9830,GDF11,exact,GDF11
9831,SARNP,exact,SARNP
9832,AC023055.1,unmatched,
9833,ORMDL2,exact,ORMDL2
9834,DNAJC14,exact,DNAJC14
9835,MMP19,exact,MMP19
9836,PYM1,exact,PYM1
9837,DGKA,exact,DGKA
9838,PMEL,exact,PMEL
9839,CDK2,exact,CDK2
9840,RAB5B,exact,RAB5B
9841,SUOX,exact,SUOX
9842,IKZF4,exact,IKZF4
9843,RPS26,exact,RPS26
9844,ERBB3,exact,ERBB3
9845,PA2G4,exact,PA2G4
9846,AC034102.4,unmatched,
9847,RPL41,exact,RPL41
9848,ZC3H10,exact,ZC3H10
9849,ESYT1,exact,ESYT1
9850,AC034102.7,unmatched,
9851,AC034102.6,unmatched,
9852,AC034102.5,unmatched,
9853,MYL6B,exact,MYL6B
9854,MYL6,exact,MYL6
9855,SMARCC2,exact,SMARCC2
9856,RNF41,exact,RNF41
9857,NABP2,exact,NABP2
9858,SLC39A5,exact,SLC39A5
9859,ANKRD52,exact,ANKRD52
9860,COQ10A,exact,COQ10A
9861,AC073896.5,unmatched,
9862,CS,exact,CS
9863,AC073896.2,unmatched,
9864,AC073896.3,unmatched,
9865,CNPY2,exact,CNPY2
9866,PAN2,exact,PAN2
9867,IL23A,exact,IL23A
9868,STAT2,exact,STAT2
9869,APOF,exact,APOF
9870,TIMELESS,exact,TIMELESS
9871,SPRYD4,exact,SPRYD4
9872,GLS2,exact,GLS2
9873,RBMS2,exact,RBMS2
9874,BAZ2A,exact,BAZ2A
9875,ATP5F1B,exact,ATP5F1B
9876,PTGES3,exact,PTGES3
9877,NACA,exact,NACA
9878,PRIM1,exact,PRIM1
9879,HSD17B6,exact,HSD17B6
9880,RDH16,exact,RDH16
9881,ZBTB39,exact,ZBTB39
9882,NEMP1,exact,NEMP1
9883,NAB2,exact,NAB2
9884,STAT6,exact,STAT6
9885,LRP1,exact,LRP1
9886,SHMT2,exact,SHMT2
9887,STAC3,exact,STAC3
9888,R3HDM2,exact,R3HDM2
9889,AC126614.1,unmatched,
9890,ARHGAP9,exact,ARHGAP9
9891,MARS,official_alias,MARS
9892,DDIT3,exact,DDIT3
9893,MBD6,exact,MBD6
9894,DCTN2,exact,DCTN2
9895,KIF5A,exact,KIF5A
9896,PIP4K2C,exact,PIP4K2C
9897,DTX3,exact,DTX3
9898,ARHGEF25,exact,ARHGEF25
9899,OS9,exact,OS9
9900,AC025165.2,unmatched,
9901,AGAP2,exact,AGAP2
9902,TSPAN31,exact,TSPAN31
9903,CDK4,exact,CDK4
9904,MARCH9,official_alias,MARCH9
9905,METTL1,exact,METTL1
9906,EEF1AKMT3,exact,EEF1AKMT3
9907,TSFM,exact,TSFM
9908,AVIL,exact,AVIL
9909,AC025165.5,unmatched,
9910,AC025165.4,unmatched,
9911,CTDSP2,exact,CTDSP2
9912,AC084033.3,unmatched,
9913,ATP23,exact,ATP23
9914,SLC16A7,exact,SLC16A7
9915,FAM19A2,official_alias,FAM19A2
9916,USP15,exact,USP15
9917,MON2,exact,MON2
9918,LINC01465,exact,LINC01465
9919,AC048341.1,unmatched,
9920,AC048341.2,unmatched,
9921,DPY19L2,exact,DPY19L2
9922,AC084357.2,unmatched,
9923,RXYLT1,exact,RXYLT1
9924,SRGAP1,exact,SRGAP1
9925,C12orf66,unmatched,
9926,XPOT,exact,XPOT
9927,TBK1,exact,TBK1
9928,RASSF3,exact,RASSF3
9929,AC078962.3,unmatched,
9930,GNS,exact,GNS
9931,TBC1D30,exact,TBC1D30
9932,LEMD3,exact,LEMD3
9933,MSRB3,exact,MSRB3
9934,LLPH,exact,LLPH
9935,TMBIM4,exact,TMBIM4
9936,HELB,exact,HELB
9937,GRIP1,exact,GRIP1
9938,CAND1,exact,CAND1
9939,DYRK2,unmatched,
9940,AC078777.1,unmatched,
9941,IFNG-AS1,exact,IFNG-AS1
9942,MDM1,exact,MDM1
9943,AC008033.3,unmatched,
9944,RAP1B,exact,RAP1B
9945,AC090061.1,unmatched,
9946,NUP107,exact,NUP107
9947,SLC35E3,exact,SLC35E3
9948,MDM2,exact,MDM2
9949,AC025423.1,unmatched,
9950,AC025423.4,unmatched,
9951,CPM,exact,CPM
9952,CPSF6,exact,CPSF6
9953,AC020656.2,unmatched,
9954,LYZ,exact,LYZ
9955,AC020656.1,unmatched,
9956,YEATS4,exact,YEATS4
9957,FRS2,exact,FRS2
9958,CCT2,exact,CCT2
9959,AC025263.1,unmatched,
9960,RAB3IP,exact,RAB3IP
9961,AC025159.1,unmatched,
9962,LINC01481,official_alias,LINC01481
9963,CNOT2,exact,CNOT2
9964,KCNMB4,exact,KCNMB4
9965,AC025569.1,unmatched,
9966,ZFC3H1,exact,ZFC3H1
9967,THAP2,exact,THAP2
9968,TMEM19,exact,TMEM19
9969,RAB21,exact,RAB21
9970,AC089984.1,unmatched,
9971,TBC1D15,exact,TBC1D15
9972,ATXN7L3B,exact,ATXN7L3B
9973,AC025257.1,unmatched,
9974,CAPS2,exact,CAPS2
9975,GLIPR1L1,exact,GLIPR1L1
9976,GLIPR1L2,exact,GLIPR1L2
9977,GLIPR1,exact,GLIPR1
9978,AC121761.1,unmatched,
9979,KRR1,exact,KRR1
9980,PHLDA1,exact,PHLDA1
9981,AC011611.4,unmatched,
9982,NAP1L1,exact,NAP1L1
9983,BBS10,exact,BBS10
9984,OSBPL8,exact,OSBPL8
9985,ZDHHC17,exact,ZDHHC17
9986,CSRP2,exact,CSRP2
9987,NAV3,exact,NAV3
9988,PAWR,exact,PAWR
9989,PPP1R12A,exact,PPP1R12A
9990,CCDC59,exact,CCDC59
9991,METTL25,exact,METTL25
9992,AC089998.4,unmatched,
9993,TMTC2,exact,TMTC2
9994,C12orf50,exact,C12orf50
9995,C12orf29,unmatched,
9996,CEP290,exact,CEP290
9997,TMTC3,exact,TMTC3
9998,POC1B,exact,POC1B
9999,GALNT4,exact,GALNT4
10000,POC1B-AS1,unmatched,
10001,AC025034.1,unmatched,
10002,ATP2B1,exact,ATP2B1
10003,ATP2B1-AS1,exact,ATP2B1-AS1
10004,BTG1,exact,BTG1
10005,AC025164.1,unmatched,
10006,LINC02391,unmatched,
10007,LINC02397,unmatched,
10008,EEA1,exact,EEA1
10009,NUDT4,exact,NUDT4
10010,UBE2N,exact,UBE2N
10011,MRPL42,exact,MRPL42
10012,SOCS2,exact,SOCS2
10013,CRADD,exact,CRADD
10014,PLXNC1,exact,PLXNC1
10015,AC073655.2,unmatched,
10016,CEP83,exact,CEP83
10017,CEP83-DT,exact,CEP83-DT
10018,NDUFA12,exact,NDUFA12
10019,NR2C1,exact,NR2C1
10020,FGD6,exact,FGD6
10021,VEZT,exact,VEZT
10022,METAP2,exact,METAP2
10023,USP44,exact,USP44
10024,SNRPF,exact,SNRPF
10025,AMDHD1,exact,AMDHD1
10026,HAL,exact,HAL
10027,LTA4H,exact,LTA4H
10028,LINC02452,unmatched,
10029,ELK3,exact,ELK3
10030,CDK17,exact,CDK17
10031,CFAP54,exact,CFAP54
10032,NEDD1,exact,NEDD1
10033,LINC02453,exact,LINC02453
10034,TMPO-AS1,exact,TMPO-AS1
10035,TMPO,exact,TMPO
10036,SLC25A3,exact,SLC25A3
10037,IKBIP,exact,IKBIP
10038,APAF1,exact,APAF1
10039,ANKS1B,exact,ANKS1B
10040,UHRF1BP1L,unmatched,
10041,ACTR6,exact,ACTR6
10042,DEPDC4,exact,DEPDC4
10043,SCYL2,exact,SCYL2
10044,UTP20,exact,UTP20
10045,ARL1,exact,ARL1
10046,CHPT1,exact,CHPT1
10047,SYCP3,exact,SYCP3
10048,GNPTAB,exact,GNPTAB
10049,DRAM1,exact,DRAM1
10050,WASHC3,exact,WASHC3
10051,AC079907.1,unmatched,
10052,NUP37,exact,NUP37
10053,PARPBP,exact,PARPBP
10054,C12orf42,exact,C12orf42
10055,AC025265.1,unmatched,
10056,NT5DC3,exact,NT5DC3
10057,HSP90B1,exact,HSP90B1
10058,C12orf73,unmatched,
10059,TDG,exact,TDG
10060,GLT8D2,exact,GLT8D2
10061,HCFC2,exact,HCFC2
10062,NFYB,exact,NFYB
10063,TXNRD1,exact,TXNRD1
10064,EID3,exact,EID3
10065,CHST11,exact,CHST11
10066,SLC41A2,exact,SLC41A2
10067,C12orf45,unmatched,
10068,AC016257.1,unmatched,
10069,WASHC4,exact,WASHC4
10070,APPL2,exact,APPL2
10071,C12orf75,exact,C12orf75
10072,CKAP4,exact,CKAP4
10073,AC079174.2,unmatched,
10074,TCP11L2,exact,TCP11L2
10075,POLR3B,exact,POLR3B
10076,RFX4,exact,RFX4
10077,AC079385.2,unmatched,
10078,RIC8B,exact,RIC8B
10079,AC007541.1,unmatched,
10080,TMEM263,exact,TMEM263
10081,MTERF2,exact,MTERF2
10082,CRY1,exact,CRY1
10083,BTBD11,unmatched,
10084,PWP1,exact,PWP1
10085,PRDM4,exact,PRDM4
10086,FICD,exact,FICD
10087,SART3,exact,SART3
10088,ISCU,exact,ISCU
10089,TMEM119,exact,TMEM119
10090,SELPLG,exact,SELPLG
10091,CORO1C,exact,CORO1C
10092,SSH1,exact,SSH1
10093,SVOP,exact,SVOP
10094,USP30,exact,USP30
10095,USP30-AS1,unmatched,
10096,ALKBH2,exact,ALKBH2
10097,UNG,exact,UNG
10098,ACACB,exact,ACACB
10099,MYO1H,exact,MYO1H
10100,AC007570.1,unmatched,
10101,KCTD10,exact,KCTD10
10102,UBE3B,exact,UBE3B
10103,MMAB,exact,MMAB
10104,MVK,exact,MVK
10105,FAM222A,exact,FAM222A
10106,GLTP,exact,GLTP
10107,TCHP,exact,TCHP
10108,GIT2,exact,GIT2
10109,ANKRD13A,exact,ANKRD13A
10110,C12orf76,exact,C12orf76
10111,IFT81,exact,IFT81
10112,ATP2A2,exact,ATP2A2
10113,ANAPC7,exact,ANAPC7
10114,ARPC3,exact,ARPC3
10115,GPN3,exact,GPN3
10116,FAM216A,exact,FAM216A
10117,VPS29,exact,VPS29
10118,RAD9B,exact,RAD9B
10119,PPTC7,exact,PPTC7
10120,TCTN1,exact,TCTN1
10121,HVCN1,exact,HVCN1
10122,PPP1CC,exact,PPP1CC
10123,CUX2,exact,CUX2
10124,PHETA1,exact,PHETA1
10125,LINC02356,exact,LINC02356
10126,SH2B3,exact,SH2B3
10127,ATXN2,exact,ATXN2
10128,ATXN2-AS,exact,ATXN2-AS
10129,BRAP,exact,BRAP
10130,ACAD10,exact,ACAD10
10131,ALDH2,exact,ALDH2
10132,MAPKAPK5-AS1,exact,MAPKAPK5-AS1
10133,MAPKAPK5,exact,MAPKAPK5
10134,TMEM116,exact,TMEM116
10135,ERP29,exact,ERP29
10136,AC073575.2,unmatched,
10137,NAA25,exact,NAA25
10138,TRAFD1,exact,TRAFD1
10139,HECTD4,exact,HECTD4
10140,RPL6,exact,RPL6
10141,PTPN11,exact,PTPN11
10142,OAS1,exact,OAS1
10143,OAS3,exact,OAS3
10144,OAS2,exact,OAS2
10145,DTX1,exact,DTX1
10146,RASAL1,exact,RASAL1
10147,DDX54,exact,DDX54
10148,RITA1,exact,RITA1
10149,IQCD,exact,IQCD
10150,TPCN1,exact,TPCN1
10151,SLC8B1,exact,SLC8B1
10152,PLBD2,exact,PLBD2
10153,RBM19,exact,RBM19
10154,MED13L,exact,MED13L
10155,MAP1LC3B2,exact,MAP1LC3B2
10156,C12orf49,official_alias,C12orf49
10157,RNFT2,exact,RNFT2
10158,FBXW8,exact,FBXW8
10159,AC083806.2,unmatched,
10160,AC127164.1,unmatched,
10161,FBXO21,exact,FBXO21
10162,KSR2,exact,KSR2
10163,RFC5,exact,RFC5
10164,AC131159.2,unmatched,
10165,WSB2,exact,WSB2
10166,VSIG10,exact,VSIG10
10167,PEBP1,exact,PEBP1
10168,TAOK3,exact,TAOK3
10169,AC026367.1,unmatched,
10170,SUDS3,exact,SUDS3
10171,AC026367.3,unmatched,
10172,AC026367.2,unmatched,
10173,PRKAB1,exact,PRKAB1
10174,CIT,exact,CIT
10175,BICDL1,exact,BICDL1
10176,RAB35,exact,RAB35
10177,AC004812.2,unmatched,
10178,GCN1,exact,GCN1
10179,RPLP0,exact,RPLP0
10180,PXN-AS1,exact,PXN-AS1
10181,PXN,exact,PXN
10182,AC004263.1,unmatched,
10183,SIRT4,exact,SIRT4
10184,PLA2G1B,exact,PLA2G1B
10185,COX6A1,exact,COX6A1
10186,TRIAP1,exact,TRIAP1
10187,GATC,exact,GATC
10188,SRSF9,exact,SRSF9
10189,DYNLL1,exact,DYNLL1
10190,NRAV,exact,NRAV
10191,AC063943.1,unmatched,
10192,COQ5,exact,COQ5
10193,RNF10,exact,RNF10
10194,POP5,exact,POP5
10195,MLEC,exact,MLEC
10196,AC069234.2,unmatched,
10197,AC069234.5,unmatched,
10198,UNC119B,exact,UNC119B
10199,ACADS,exact,ACADS
10200,SPPL3,exact,SPPL3
10201,HNF1A,exact,HNF1A
10202,C12orf43,exact,C12orf43
10203,OASL,exact,OASL
10204,P2RX7,exact,P2RX7
10205,P2RX4,exact,P2RX4
10206,CAMKK2,exact,CAMKK2
10207,ANAPC5,exact,ANAPC5
10208,RNF34,exact,RNF34
10209,KDM2B,exact,KDM2B
10210,AC145422.1,unmatched,
10211,ORAI1,exact,ORAI1
10212,MORN3,exact,MORN3
10213,TMEM120B,exact,TMEM120B
10214,RHOF,exact,RHOF
10215,LINC01089,exact,LINC01089
10216,AC084018.1,unmatched,
10217,AC084018.2,unmatched,
10218,SETD1B,exact,SETD1B
10219,PSMD9,exact,PSMD9
10220,AC069503.2,unmatched,
10221,WDR66,official_alias,WDR66
10222,AC069503.1,unmatched,
10223,BCL7A,exact,BCL7A
10224,MLXIP,exact,MLXIP
10225,B3GNT4,exact,B3GNT4
10226,DIABLO.1,unmatched,
10227,VPS33A,exact,VPS33A
10228,CLIP1,exact,CLIP1
10229,CLIP1-AS1,exact,CLIP1-AS1
10230,ZCCHC8,exact,ZCCHC8
10231,AC127002.1,unmatched,
10232,RSRC2,exact,RSRC2
10233,KNTC1,exact,KNTC1
10234,AC026333.4,unmatched,
10235,HCAR1,exact,HCAR1
10236,DENR,exact,DENR
10237,CCDC62,exact,CCDC62
10238,HIP1R,exact,HIP1R
10239,VPS37B,exact,VPS37B
10240,AC027290.1,unmatched,
10241,ABCB9,exact,ABCB9
10242,OGFOD2,exact,OGFOD2
10243,ARL6IP4,exact,ARL6IP4
10244,PITPNM2,exact,PITPNM2
10245,PITPNM2-AS1,exact,PITPNM2-AS1
10246,MPHOSPH9,exact,MPHOSPH9
10247,C12orf65,unmatched,
10248,AC068768.1,unmatched,
10249,CDK2AP1,exact,CDK2AP1
10250,SBNO1,exact,SBNO1
10251,AC137767.1,unmatched,
10252,KMT5A,exact,KMT5A
10253,RILPL2,exact,RILPL2
10254,SNRNP35,exact,SNRNP35
10255,RILPL1,exact,RILPL1
10256,AC055713.1,unmatched,
10257,TMED2,exact,TMED2
10258,DDX55,exact,DDX55
10259,EIF2B1,exact,EIF2B1
10260,GTF2H3,exact,GTF2H3
10261,TCTN2,exact,TCTN2
10262,AC117503.1,unmatched,
10263,ATP6V0A2,exact,ATP6V0A2
10264,DNAH10,exact,DNAH10
10265,CCDC92,exact,CCDC92
10266,AC079315.1,unmatched,
10267,DNAH10OS,exact,DNAH10OS
10268,ZNF664,exact,ZNF664
10269,AC068790.9,unmatched,
10270,NCOR2,exact,NCOR2
10271,AC073592.1,unmatched,
10272,SCARB1,exact,SCARB1
10273,UBC,exact,UBC
10274,DHX37,exact,DHX37
10275,BRI3BP,exact,BRI3BP
10276,THRIL,exact,THRIL
10277,AACS,exact,AACS
10278,AC079949.2,unmatched,
10279,SLC15A4,exact,SLC15A4
10280,PIWIL1,exact,PIWIL1
10281,STX2,exact,STX2
10282,AC073912.2,unmatched,
10283,RAN,exact,RAN
10284,SFSWAP,exact,SFSWAP
10285,ULK1,exact,ULK1
10286,PUS1,exact,PUS1
10287,EP400,exact,EP400
10288,DDX51,exact,DDX51
10289,NOC4L,exact,NOC4L
10290,LINC02361,exact,LINC02361
10291,FBRSL1,exact,FBRSL1
10292,POLE,exact,POLE
10293,PXMP2,exact,PXMP2
10294,PGAM5,exact,PGAM5
10295,ANKLE2,exact,ANKLE2
10296,GOLGA3,exact,GOLGA3
10297,CHFR,exact,CHFR
10298,AC127070.1,unmatched,
10299,AC127070.2,unmatched,
10300,ZNF605,exact,ZNF605
10301,ZNF26,exact,ZNF26
10302,ZNF84,exact,ZNF84
10303,ZNF140,exact,ZNF140
10304,ZNF891,exact,ZNF891
10305,ZNF10,exact,ZNF10
10306,ZNF268,exact,ZNF268
10307,MPHOSPH8,exact,MPHOSPH8
10308,PSPC1-AS2,exact,PSPC1-AS2
10309,PSPC1,exact,PSPC1
10310,ZMYM5,exact,ZMYM5
10311,AL355001.1,unmatched,
10312,AL355001.2,unmatched,
10313,ZMYM2,exact,ZMYM2
10314,GJB6,exact,GJB6
10315,CRYL1,exact,CRYL1
10316,AL590096.1,unmatched,
10317,IFT88,exact,IFT88
10318,AL161772.1,unmatched,
10319,EEF1AKMT1,exact,EEF1AKMT1
10320,XPO4,exact,XPO4
10321,SAP18,exact,SAP18
10322,SKA3,exact,SKA3
10323,MRPL57,exact,MRPL57
10324,LINC00539,exact,LINC00539
10325,ZDHHC20,exact,ZDHHC20
10326,MICU2,exact,MICU2
10327,FGF9,exact,FGF9
10328,AL136962.1,unmatched,
10329,SACS,exact,SACS
10330,LINC00327,exact,LINC00327
10331,MIPEP,exact,MIPEP
10332,SPATA13,unmatched,
10333,SPATA13-AS1,exact,SPATA13-AS1
10334,PARP4,exact,PARP4
10335,CENPJ,exact,CENPJ
10336,PABPC3,exact,PABPC3
10337,MTMR6,exact,MTMR6
10338,NUP58,exact,NUP58
10339,ATP8A2,exact,ATP8A2
10340,SHISA2,exact,SHISA2
10341,RNF6,exact,RNF6
10342,AL138966.2,unmatched,
10343,CDK8,exact,CDK8
10344,USP12,exact,USP12
10345,USP12-AS2,unmatched,
10346,LINC02340,exact,LINC02340
10347,LINC00412,unmatched,
10348,RPL21,exact,RPL21
10349,RASL11A,exact,RASL11A
10350,GTF3A,exact,GTF3A
10351,MTIF3,exact,MTIF3
10352,LNX2,exact,LNX2
10353,POLR1D,exact,POLR1D
10354,AL136439.1,unmatched,
10355,PAN3-AS1,unmatched,
10356,PAN3,exact,PAN3
10357,FLT1,exact,FLT1
10358,POMP,exact,POMP
10359,SLC46A3,exact,SLC46A3
10360,SLC7A1,exact,SLC7A1
10361,UBL3,exact,UBL3
10362,LINC00544,unmatched,
10363,KATNAL1,exact,KATNAL1
10364,LINC00426,exact,LINC00426
10365,HMGB1,exact,HMGB1
10366,USPL1,exact,USPL1
10367,ALOX5AP,exact,ALOX5AP
10368,HSPH1,exact,HSPH1
10369,B3GLCT,exact,B3GLCT
10370,FRY,exact,FRY
10371,FRY-AS1,exact,FRY-AS1
10372,BRCA2,exact,BRCA2
10373,N4BP2L1,exact,N4BP2L1
10374,N4BP2L2,exact,N4BP2L2
10375,PDS5B,exact,PDS5B
10376,AL138820.1,unmatched,
10377,KL,exact,KL
10378,RFC3,exact,RFC3
10379,NBEA,exact,NBEA
10380,MAB21L1,exact,MAB21L1
10381,SPART,exact,SPART
10382,RFXAP,exact,RFXAP
10383,SMAD9,exact,SMAD9
10384,ALG5,exact,ALG5
10385,EXOSC8,exact,EXOSC8
10386,SUPT20H,exact,SUPT20H
10387,LINC02334,unmatched,
10388,UFM1,exact,UFM1
10389,PROSER1,exact,PROSER1
10390,NHLRC3,exact,NHLRC3
10391,COG6,exact,COG6
10392,LINC00598,exact,LINC00598
10393,LINC00332,exact,LINC00332
10394,FOXO1,exact,FOXO1
10395,MRPS31,exact,MRPS31
10396,SLC25A15,exact,SLC25A15
10397,ELF1,exact,ELF1
10398,WBP4,exact,WBP4
10399,KBTBD6,exact,KBTBD6
10400,AL354696.2,unmatched,
10401,KBTBD7,exact,KBTBD7
10402,MTRF1,exact,MTRF1
10403,NAA16,exact,NAA16
10404,RGCC,exact,RGCC
10405,VWA8,exact,VWA8
10406,VWA8-AS1,exact,VWA8-AS1
10407,DGKH,exact,DGKH
10408,AKAP11,exact,AKAP11
10409,EPSTI1,exact,EPSTI1
10410,DNAJC15,exact,DNAJC15
10411,CCDC122,exact,CCDC122
10412,LACC1,exact,LACC1
10413,TSC22D1,exact,TSC22D1
10414,TSC22D1-AS1,exact,TSC22D1-AS1
10415,LINC00330,exact,LINC00330
10416,NUFIP1,exact,NUFIP1
10417,GPALPP1,exact,GPALPP1
10418,GTF2F2,exact,GTF2F2
10419,TPT1,exact,TPT1
10420,AL138963.3,unmatched,
10421,AL138963.1,unmatched,
10422,SLC25A30,exact,SLC25A30
10423,COG3,exact,COG3
10424,SPERT,official_alias,SPERT
10425,SIAH3,exact,SIAH3
10426,ZC3H13,exact,ZC3H13
10427,CPB2-AS1,exact,CPB2-AS1
10428,LCP1,exact,LCP1
10429,LRRC63,exact,LRRC63
10430,LINC00563,exact,LINC00563
10431,LRCH1,exact,LRCH1
10432,ESD,exact,ESD
10433,SUCLA2,exact,SUCLA2
10434,LINC00562,exact,LINC00562
10435,SUCLA2-AS1,exact,SUCLA2-AS1
10436,NUDT15,exact,NUDT15
10437,AL158196.1,unmatched,
10438,MED4,exact,MED4
10439,MED4-AS1,exact,MED4-AS1
10440,ITM2B,exact,ITM2B
10441,RB1-DT,exact,RB1-DT
10442,RB1,exact,RB1
10443,LPAR6,exact,LPAR6
10444,RCBTB2,exact,RCBTB2
10445,CYSLTR2,exact,CYSLTR2
10446,AL161421.1,unmatched,
10447,FNDC3A,exact,FNDC3A
10448,CDADC1,exact,CDADC1
10449,CAB39L,exact,CAB39L
10450,SETDB2,exact,SETDB2
10451,PHF11,exact,PHF11
10452,RCBTB1,exact,RCBTB1
10453,ARL11,exact,ARL11
10454,EBPL,exact,EBPL
10455,KPNA3,exact,KPNA3
10456,SPRYD7,exact,SPRYD7
10457,DLEU2,exact,DLEU2
10458,TRIM13,exact,TRIM13
10459,KCNRG,exact,KCNRG
10460,RNASEH2B-AS1,unmatched,
10461,RNASEH2B,exact,RNASEH2B
10462,FAM124A,exact,FAM124A
10463,SERPINE3,exact,SERPINE3
10464,INTS6,exact,INTS6
10465,INTS6-AS1,exact,INTS6-AS1
10466,WDFY2,exact,WDFY2
10467,AL162377.3,unmatched,
10468,DHRS12,exact,DHRS12
10469,AL162377.1,unmatched,
10470,TMEM272,exact,TMEM272
10471,ATP7B,exact,ATP7B
10472,ALG11,exact,ALG11
10473,UTP14C,exact,UTP14C
10474,NEK5,exact,NEK5
10475,NEK3,exact,NEK3
10476,THSD1,exact,THSD1
10477,VPS36,exact,VPS36
10478,AL359513.1,unmatched,
10479,CKAP2,exact,CKAP2
10480,HNRNPA1L2,exact,HNRNPA1L2
10481,AL139089.1,unmatched,
10482,SUGT1,exact,SUGT1
10483,DIAPH3,exact,DIAPH3
10484,TDRD3,exact,TDRD3
10485,PCDH9,exact,PCDH9
10486,DACH1,exact,DACH1
10487,MZT1,exact,MZT1
10488,BORA,exact,BORA
10489,DIS3,exact,DIS3
10490,PIBF1,exact,PIBF1
10491,KLF5,exact,KLF5
10492,KLF12,exact,KLF12
10493,LINC00402,exact,LINC00402
10494,AL355390.1,unmatched,
10495,LINC00381,exact,LINC00381
10496,TBC1D4,exact,TBC1D4
10497,COMMD6,exact,COMMD6
10498,UCHL3,exact,UCHL3
10499,LMO7-AS1,exact,LMO7-AS1
10500,LMO7,exact,LMO7
10501,KCTD12,exact,KCTD12
10502,AC000403.1,unmatched,
10503,CLN5,exact,CLN5
10504,AC001226.2,unmatched,
10505,FBXL3,exact,FBXL3
10506,AC001226.1,unmatched,
10507,MYCBP2,exact,MYCBP2
10508,SLAIN1,exact,SLAIN1
10509,RNF219,official_alias,RNF219
10510,RBM26,exact,RBM26
10511,RBM26-AS1,exact,RBM26-AS1
10512,NDFIP2,exact,NDFIP2
10513,MIR4500HG,exact,MIR4500HG
10514,SLITRK5,exact,SLITRK5
10515,DCT,exact,DCT
10516,TGDS,exact,TGDS
10517,GPR180,exact,GPR180
10518,ABCC4,exact,ABCC4
10519,DNAJC3-DT,exact,DNAJC3-DT
10520,DNAJC3,exact,DNAJC3
10521,MBNL2,exact,MBNL2
10522,RAP2A,exact,RAP2A
10523,IPO5,exact,IPO5
10524,FARP1,exact,FARP1
10525,FARP1-AS1,unmatched,
10526,STK24,exact,STK24
10527,STK24-AS1,unmatched,
10528,DOCK9,exact,DOCK9
10529,DOCK9-DT,unmatched,
10530,UBAC2-AS1,exact,UBAC2-AS1
10531,UBAC2,exact,UBAC2
10532,GPR18,exact,GPR18
10533,GPR183,exact,GPR183
10534,TM9SF2,exact,TM9SF2
10535,LINC00449,exact,LINC00449
10536,CLYBL,exact,CLYBL
10537,AL355338.1,unmatched,
10538,PCCA,exact,PCCA
10539,GGACT,exact,GGACT
10540,TMTC4,exact,TMTC4
10541,FGF14-AS2,exact,FGF14-AS2
10542,AL158063.1,unmatched,
10543,TPP2,exact,TPP2
10544,CCDC168,exact,CCDC168
10545,TEX30,exact,TEX30
10546,KDELC1,official_alias,KDELC1
10547,BIVM,exact,BIVM
10548,ERCC5,exact,ERCC5
10549,AL137246.1,unmatched,
10550,EFNB2,exact,EFNB2
10551,AL138689.2,unmatched,
10552,ARGLU1,exact,ARGLU1
10553,LIG4,exact,LIG4
10554,ABHD13,exact,ABHD13
10555,TNFSF13B,exact,TNFSF13B
10556,AL138694.1,unmatched,
10557,IRS2,exact,IRS2
10558,RAB20,exact,RAB20
10559,AL139385.1,unmatched,
10560,NAXD,exact,NAXD
10561,CARS2,exact,CARS2
10562,ING1,exact,ING1
10563,ANKRD10,exact,ANKRD10
10564,AL442128.2,unmatched,
10565,ARHGEF7,exact,ARHGEF7
10566,TEX29,exact,TEX29
10567,TUBGCP3,exact,TUBGCP3
10568,AL139384.1,unmatched,
10569,ATP11A,exact,ATP11A
10570,ATP11A-AS1,exact,ATP11A-AS1
10571,MCF2L,exact,MCF2L
10572,AL356740.1,unmatched,
10573,MCF2L-AS1,unmatched,
10574,PCID2,exact,PCID2
10575,CUL4A,exact,CUL4A
10576,LAMP1,exact,LAMP1
10577,GRTP1,exact,GRTP1
10578,ADPRHL1,exact,ADPRHL1
10579,DCUN1D2,exact,DCUN1D2
10580,TMCO3,exact,TMCO3
10581,TFDP1,exact,TFDP1
10582,TMEM255B,exact,TMEM255B
10583,GAS6-AS1,unmatched,
10584,GAS6,exact,GAS6
10585,LINC00565,unmatched,
10586,C13orf46,exact,C13orf46
10587,RASA3,exact,RASA3
10588,CDC16,exact,CDC16
10589,UPF3A,exact,UPF3A
10590,CHAMP1,exact,CHAMP1
10591,OR11G2,exact,OR11G2
10592,TTC5,exact,TTC5
10593,AL356019.2,unmatched,
10594,CCNB1IP1,exact,CCNB1IP1
10595,AL355075.4,unmatched,
10596,PARP2,exact,PARP2
10597,AL355075.1,unmatched,
10598,TEP1,exact,TEP1
10599,OSGEP,exact,OSGEP
10600,AL355075.2,unmatched,
10601,APEX1,exact,APEX1
10602,PIP4P1,exact,PIP4P1
10603,PNP,exact,PNP
10604,RNASE6,exact,RNASE6
10605,METTL17,exact,METTL17
10606,AL355922.2,unmatched,
10607,NDRG2,exact,NDRG2
10608,ZNF219,exact,ZNF219
10609,HNRNPC,exact,HNRNPC
10610,SUPT16H,exact,SUPT16H
10611,AL135744.1,unmatched,
10612,CHD8,exact,CHD8
10613,RAB2B,exact,RAB2B
10614,TOX4,exact,TOX4
10615,METTL3,exact,METTL3
10616,SALL2,exact,SALL2
10617,TRAV1-1,exact,TRAV1-1
10618,TRAV1-2,exact,TRAV1-2
10619,OR4E1,exact,OR4E1
10620,TRAV2,exact,TRAV2
10621,TRAV3,exact,TRAV3
10622,TRAV4,exact,TRAV4
10623,TRAV5,exact,TRAV5
10624,TRAV6,exact,TRAV6
10625,TRAV8-1,exact,TRAV8-1
10626,TRAV10,exact,TRAV10
10627,TRAV12-1,exact,TRAV12-1
10628,TRAV8-2,exact,TRAV8-2
10629,TRAV8-3,exact,TRAV8-3
10630,TRAV13-1,exact,TRAV13-1
10631,TRAV12-2,exact,TRAV12-2
10632,TRAV8-4,exact,TRAV8-4
10633,TRAV13-2,exact,TRAV13-2
10634,TRAV14DV4,exact,TRAV14DV4
10635,TRAV9-2,exact,TRAV9-2
10636,TRAV12-3,exact,TRAV12-3
10637,TRAV8-6,exact,TRAV8-6
10638,TRAV16,exact,TRAV16
10639,TRAV17,exact,TRAV17
10640,TRAV18,exact,TRAV18
10641,TRAV19,exact,TRAV19
10642,TRAV20,exact,TRAV20
10643,TRAV21,exact,TRAV21
10644,TRAV22,exact,TRAV22
10645,TRAV23DV6,exact,TRAV23DV6
10646,TRDV1,exact,TRDV1
10647,TRAV24,exact,TRAV24
10648,TRAV25,exact,TRAV25
10649,TRAV26-1,exact,TRAV26-1
10650,TRAV27,exact,TRAV27
10651,TRAV29DV5,exact,TRAV29DV5
10652,TRAV30,exact,TRAV30
10653,TRAV26-2,exact,TRAV26-2
10654,TRAV34,exact,TRAV34
10655,TRAV35,exact,TRAV35
10656,TRAV36DV7,exact,TRAV36DV7
10657,TRAV38-1,exact,TRAV38-1
10658,TRAV38-2DV8,exact,TRAV38-2DV8
10659,TRAV39,exact,TRAV39
10660,TRAV40,exact,TRAV40
10661,TRAV41,exact,TRAV41
10662,TRDC,exact,TRDC
10663,TRDV3,exact,TRDV3
10664,TRAC,exact,TRAC
10665,LINC02332,exact,LINC02332
10666,AC243965.1,unmatched,
10667,DAD1,exact,DAD1
10668,ABHD4,exact,ABHD4
10669,OXA1L,exact,OXA1L
10670,SLC7A7,exact,SLC7A7
10671,MRPL52,exact,MRPL52
10672,LRP10,exact,LRP10
10673,REM2,exact,REM2
10674,RBM23,exact,RBM23
10675,PRMT5,exact,PRMT5
10676,AL132780.1,unmatched,
10677,HAUS4,exact,HAUS4
10678,AJUBA,exact,AJUBA
10679,AL132780.2,unmatched,
10680,C14orf93,exact,C14orf93
10681,PSMB5,exact,PSMB5
10682,PSMB11,exact,PSMB11
10683,CDH24,exact,CDH24
10684,ACIN1,exact,ACIN1
10685,C14orf119,exact,C14orf119
10686,CEBPE,exact,CEBPE
10687,SLC7A8,exact,SLC7A8
10688,HOMEZ,exact,HOMEZ
10689,PPP1R3E,exact,PPP1R3E
10690,BCL2L2,exact,BCL2L2
10691,PABPN1,exact,PABPN1
10692,SLC22A17,exact,SLC22A17
10693,NGDN,exact,NGDN
10694,ZFHX2,exact,ZFHX2
10695,THTPA,exact,THTPA
10696,AP1G2,exact,AP1G2
10697,AL135999.1,unmatched,
10698,DHRS4-AS1,exact,DHRS4-AS1
10699,DHRS4,exact,DHRS4
10700,DHRS4L2,exact,DHRS4L2
10701,NRL,exact,NRL
10702,PCK2,exact,PCK2
10703,DCAF11,exact,DCAF11
10704,FITM1,exact,FITM1
10705,PSME1,exact,PSME1
10706,EMC9,exact,EMC9
10707,AL136295.2,unmatched,
10708,PSME2,exact,PSME2
10709,RNF31,exact,RNF31
10710,AL136295.5,unmatched,
10711,IRF9,exact,IRF9
10712,REC8,exact,REC8
10713,IPO4,exact,IPO4
10714,TM9SF1,exact,TM9SF1
10715,AL136295.6,unmatched,
10716,TSSK4,exact,TSSK4
10717,CHMP4A,exact,CHMP4A
10718,MDP1,exact,MDP1
10719,NEDD8,exact,NEDD8
10720,GMPR2,exact,GMPR2
10721,TINF2,exact,TINF2
10722,TGM1,exact,TGM1
10723,RABGGTA,exact,RABGGTA
10724,DHRS1,exact,DHRS1
10725,NOP9,exact,NOP9
10726,CIDEB,exact,CIDEB
10727,LTB4R2,exact,LTB4R2
10728,LTB4R,exact,LTB4R
10729,ADCY4,exact,ADCY4
10730,RIPK3,exact,RIPK3
10731,CBLN3,exact,CBLN3
10732,KHNYN,exact,KHNYN
10733,SDR39U1,exact,SDR39U1
10734,GZMH,exact,GZMH
10735,GZMB,exact,GZMB
10736,NOVA1,exact,NOVA1
10737,LINC01551,exact,LINC01551
10738,AL356756.1,unmatched,
10739,G2E3-AS1,exact,G2E3-AS1
10740,G2E3,exact,G2E3
10741,SCFD1,exact,SCFD1
10742,COCH,exact,COCH
10743,AL049830.3,unmatched,
10744,STRN3,exact,STRN3
10745,AP4S1,exact,AP4S1
10746,HECTD1,exact,HECTD1
10747,AL136418.1,unmatched,
10748,HEATR5A,exact,HEATR5A
10749,AL139353.1,unmatched,
10750,DTD2,exact,DTD2
10751,NUBPL,exact,NUBPL
10752,LINC02313,exact,LINC02313
10753,ARHGAP5-AS1,unmatched,
10754,ARHGAP5,exact,ARHGAP5
10755,AKAP6,exact,AKAP6
10756,EGLN3,exact,EGLN3
10757,SPTSSA,exact,SPTSSA
10758,EAPP,exact,EAPP
10759,AL445363.1,unmatched,
10760,SNX6,exact,SNX6
10761,CFL2,exact,CFL2
10762,BAZ1A,exact,BAZ1A
10763,AL121603.2,unmatched,
10764,SRP54,exact,SRP54
10765,FAM177A1,exact,FAM177A1
10766,PPP2R3C,exact,PPP2R3C
10767,KIAA0391,official_alias,KIAA0391
10768,AL121594.1,unmatched,
10769,PSMA6,exact,PSMA6
10770,NFKBIA,exact,NFKBIA
10771,RALGAPA1,exact,RALGAPA1
10772,AL162311.3,unmatched,
10773,BRMS1L,exact,BRMS1L
10774,MBIP,exact,MBIP
10775,SLC25A21-AS1,exact,SLC25A21-AS1
10776,MIPOL1,exact,MIPOL1
10777,SEC23A,exact,SEC23A
10778,GEMIN2,exact,GEMIN2
10779,TRAPPC6B,exact,TRAPPC6B
10780,PNN,exact,PNN
10781,MIA2,exact,MIA2
10782,AL132639.2,unmatched,
10783,FBXO33,exact,FBXO33
10784,AL049875.1,unmatched,
10785,LINC02315,unmatched,
10786,C14orf28,exact,C14orf28
10787,KLHL28,exact,KLHL28
10788,TOGARAM1,exact,TOGARAM1
10789,PRPF39,exact,PRPF39
10790,FKBP3,exact,FKBP3
10791,FANCM,exact,FANCM
10792,MIS18BP1,exact,MIS18BP1
10793,AL162632.3,unmatched,
10794,RPS29,exact,RPS29
10795,LRR1,exact,LRR1
10796,RPL36AL,exact,RPL36AL
10797,MGAT2,exact,MGAT2
10798,AL139099.1,unmatched,
10799,DNAAF2,exact,DNAAF2
10800,POLE2,exact,POLE2
10801,KLHDC1,exact,KLHDC1
10802,AL591767.1,unmatched,
10803,KLHDC2,exact,KLHDC2
10804,NEMF,exact,NEMF
10805,AL627171.2,unmatched,
10806,AL627171.1,unmatched,
10807,ARF6,exact,ARF6
10808,LINC01588,exact,LINC01588
10809,VCPKMT,exact,VCPKMT
10810,SOS2,exact,SOS2
10811,L2HGDH,exact,L2HGDH
10812,ATP5S,official_alias,ATP5S
10813,AL359397.2,unmatched,
10814,CDKL1,exact,CDKL1
10815,MAP4K5,exact,MAP4K5
10816,ATL1,exact,ATL1
10817,SAV1,exact,SAV1
10818,NIN,exact,NIN
10819,ABHD12B,exact,ABHD12B
10820,TRIM9,exact,TRIM9
10821,TMX1,exact,TMX1
10822,FRMD6,exact,FRMD6
10823,AL122125.1,unmatched,
10824,FRMD6-AS1,exact,FRMD6-AS1
10825,GNG2,exact,GNG2
10826,AL358333.2,unmatched,
10827,RTRAF,exact,RTRAF
10828,PTGDR,exact,PTGDR
10829,PTGER2,exact,PTGER2
10830,TXNDC16,exact,TXNDC16
10831,GPR137C,exact,GPR137C
10832,ERO1A,exact,ERO1A
10833,AL133453.1,unmatched,
10834,PSMC6,exact,PSMC6
10835,STYX,exact,STYX
10836,GNPNAT1,exact,GNPNAT1
10837,AL139317.3,unmatched,
10838,FERMT2,exact,FERMT2
10839,DDHD1,exact,DDHD1
10840,AL356020.1,unmatched,
10841,CDKN3,exact,CDKN3
10842,CNIH1,exact,CNIH1
10843,GMFB,exact,GMFB
10844,CGRRF1,exact,CGRRF1
10845,SAMD4A,exact,SAMD4A
10846,GCH1,exact,GCH1
10847,WDHD1,exact,WDHD1
10848,SOCS4,exact,SOCS4
10849,MAPK1IP1L,exact,MAPK1IP1L
10850,LGALS3,exact,LGALS3
10851,FBXO34,exact,FBXO34
10852,ATG14,exact,ATG14
10853,KTN1-AS1,exact,KTN1-AS1
10854,KTN1,exact,KTN1
10855,AL138995.1,unmatched,
10856,PELI2,exact,PELI2
10857,AL355073.2,unmatched,
10858,TMEM260,exact,TMEM260
10859,AL391152.1,unmatched,
10860,EXOC5,exact,EXOC5
10861,AP5M1,exact,AP5M1
10862,NAA30,exact,NAA30
10863,CCDC198,exact,CCDC198
10864,ARMH4,exact,ARMH4
10865,ACTR10,exact,ACTR10
10866,PSMA3,exact,PSMA3
10867,PSMA3-AS1,exact,PSMA3-AS1
10868,AL132989.2,unmatched,
10869,ARID4A,exact,ARID4A
10870,TOMM20L,exact,TOMM20L
10871,AL139021.1,unmatched,
10872,TIMM9,exact,TIMM9
10873,KIAA0586,exact,KIAA0586
10874,DACT1,exact,DACT1
10875,DAAM1,exact,DAAM1
10876,GPR135,exact,GPR135
10877,L3HYPDH,exact,L3HYPDH
10878,JKAMP,exact,JKAMP
10879,PCNX4,exact,PCNX4
10880,DHRS7,exact,DHRS7
10881,AL157756.1,unmatched,
10882,PPM1A,exact,PPM1A
10883,SIX4,exact,SIX4
10884,MNAT1,exact,MNAT1
10885,TRMT5,exact,TRMT5
10886,SLC38A6,exact,SLC38A6
10887,PRKCH,exact,PRKCH
10888,TMEM30B,exact,TMEM30B
10889,AL359220.1,unmatched,
10890,LINC01303,exact,LINC01303
10891,AL355916.1,unmatched,
10892,HIF1A,exact,HIF1A
10893,SNAPC1,exact,SNAPC1
10894,PPP2R5E,exact,PPP2R5E
10895,AL136038.3,unmatched,
10896,WDR89,exact,WDR89
10897,AL136038.5,unmatched,
10898,SGPP1,exact,SGPP1
10899,SYNE2,exact,SYNE2
10900,ESR2,exact,ESR2
10901,AL161756.1,unmatched,
10902,MTHFD1,exact,MTHFD1
10903,AL122035.1,unmatched,
10904,AL122035.2,unmatched,
10905,ZBTB25,exact,ZBTB25
10906,AKAP5,exact,AKAP5
10907,ZBTB1,exact,ZBTB1
10908,HSPA2,exact,HSPA2
10909,CHURC1,exact,CHURC1
10910,GPX2,exact,GPX2
10911,RAB15,exact,RAB15
10912,FNTB,exact,FNTB
10913,MAX,exact,MAX
10914,AL139022.1,unmatched,
10915,FUT8,exact,FUT8
10916,FUT8-AS1,exact,FUT8-AS1
10917,AL391261.2,unmatched,
10918,AL359232.1,unmatched,
10919,CCDC196,exact,CCDC196
10920,GPHN,exact,GPHN
10921,FAM71D,unmatched,
10922,MPP5,official_alias,MPP5
10923,ATP6V1D,exact,ATP6V1D
10924,EIF2S1,exact,EIF2S1
10925,PLEK2,exact,PLEK2
10926,TMEM229B,exact,TMEM229B
10927,PIGH,exact,PIGH
10928,ARG2,exact,ARG2
10929,VTI1B,exact,VTI1B
10930,RDH11,exact,RDH11
10931,ZFYVE26,exact,ZFYVE26
10932,RAD51B,exact,RAD51B
10933,AL133370.1,unmatched,
10934,ZFP36L1,exact,ZFP36L1
10935,ACTN1,exact,ACTN1
10936,ACTN1-AS1,unmatched,
10937,DCAF5,exact,DCAF5
10938,AL391262.1,unmatched,
10939,AL359317.2,unmatched,
10940,EXD2,exact,EXD2
10941,GALNT16,exact,GALNT16
10942,ERH,exact,ERH
10943,SLC39A9,exact,SLC39A9
10944,PLEKHD1,exact,PLEKHD1
10945,SUSD6,exact,SUSD6
10946,SRSF5,exact,SRSF5
10947,COX16,exact,COX16
10948,SYNJ2BP,exact,SYNJ2BP
10949,ADAM20,exact,ADAM20
10950,MED6,exact,MED6
10951,AL357153.1,unmatched,
10952,TTC9,exact,TTC9
10953,MAP3K9,exact,MAP3K9
10954,AC004816.1,unmatched,
10955,AC004825.2,unmatched,
10956,PCNX1,exact,PCNX1
10957,SIPA1L1,exact,SIPA1L1
10958,DPF3,exact,DPF3
10959,DCAF4,exact,DCAF4
10960,ZFYVE1,exact,ZFYVE1
10961,AL442663.3,unmatched,
10962,RBM25,exact,RBM25
10963,PSEN1,exact,PSEN1
10964,PAPLN,exact,PAPLN
10965,AC004846.1,unmatched,
10966,AC004846.2,unmatched,
10967,NUMB,exact,NUMB
10968,HEATR4,exact,HEATR4
10969,RIOX1,exact,RIOX1
10970,AC005225.3,unmatched,
10971,ACOT2,exact,ACOT2
10972,ACOT4,exact,ACOT4
10973,DNAL1,exact,DNAL1
10974,AC006146.1,unmatched,
10975,PNMA1,exact,PNMA1
10976,ELMSAN1,official_alias,ELMSAN1
10977,AC005520.2,unmatched,
10978,PTGR2,exact,PTGR2
10979,ZNF410,exact,ZNF410
10980,AC005480.1,unmatched,
10981,FAM161B,exact,FAM161B
10982,COQ6,exact,COQ6
10983,ENTPD5,exact,ENTPD5
10984,BBOF1,exact,BBOF1
10985,ALDH6A1,exact,ALDH6A1
10986,LIN52,exact,LIN52
10987,ABCD4,exact,ABCD4
10988,NPC2,exact,NPC2
10989,ISCA2,exact,ISCA2
10990,LTBP2,exact,LTBP2
10991,AREL1,exact,AREL1
10992,FCF1,exact,FCF1
10993,YLPM1,exact,YLPM1
10994,DLST,exact,DLST
10995,RPS6KL1,exact,RPS6KL1
10996,PGF,exact,PGF
10997,EIF2B2,exact,EIF2B2
10998,AL049780.1,unmatched,
10999,MLH3,exact,MLH3
11000,ACYP1,exact,ACYP1
11001,ZC2HC1C,exact,ZC2HC1C
11002,NEK9,exact,NEK9
11003,AL049780.2,unmatched,
11004,TMED10,exact,TMED10
11005,JDP2,exact,JDP2
11006,BATF,exact,BATF
11007,FLVCR2,exact,FLVCR2
11008,TTLL5,exact,TTLL5
11009,ERG28,exact,ERG28
11010,IFT43,exact,IFT43
11011,TGFB3,exact,TGFB3
11012,GPATCH2L,exact,GPATCH2L
11013,VASH1,exact,VASH1
11014,VASH1-AS1,exact,VASH1-AS1
11015,ANGEL1,exact,ANGEL1
11016,IRF2BPL,exact,IRF2BPL
11017,AC007686.3,unmatched,
11018,LINC02288,exact,LINC02288
11019,CIPC,exact,CIPC
11020,TMEM63C,exact,TMEM63C
11021,POMT2,exact,POMT2
11022,GSTZ1,exact,GSTZ1
11023,TMED8,exact,TMED8
11024,SAMD15,exact,SAMD15
11025,NOXRED1,exact,NOXRED1
11026,VIPAS39,exact,VIPAS39
11027,AHSA1,exact,AHSA1
11028,SPTLC2,exact,SPTLC2
11029,ALKBH1,exact,ALKBH1
11030,SLIRP,exact,SLIRP
11031,SNW1,exact,SNW1
11032,C14orf178,exact,C14orf178
11033,ADCK1,exact,ADCK1
11034,CEP128,exact,CEP128
11035,TSHR,exact,TSHR
11036,AC007262.2,unmatched,
11037,GTF2A1,exact,GTF2A1
11038,AL136040.1,unmatched,
11039,SEL1L,exact,SEL1L
11040,LINC02328,exact,LINC02328
11041,GALC,exact,GALC
11042,GPR65,exact,GPR65
11043,LINC01146,unmatched,
11044,SPATA7,exact,SPATA7
11045,ZC3H14,exact,ZC3H14
11046,EML5,exact,EML5
11047,TTC8,exact,TTC8
11048,FOXN3,exact,FOXN3
11049,AL357093.2,unmatched,
11050,FOXN3-AS1,exact,FOXN3-AS1
11051,FOXN3-AS2,exact,FOXN3-AS2
11052,AL137230.1,unmatched,
11053,EFCAB11,exact,EFCAB11
11054,TDP1,exact,TDP1
11055,PSMC1,exact,PSMC1
11056,NRDE2,exact,NRDE2
11057,AL512791.2,unmatched,
11058,CALM1,exact,CALM1
11059,AL512791.1,unmatched,
11060,RPS6KA5,exact,RPS6KA5
11061,DGLUCY,exact,DGLUCY
11062,GPR68,exact,GPR68
11063,CCDC88C,exact,CCDC88C
11064,PPP4R3A,exact,PPP4R3A
11065,CATSPERB,exact,CATSPERB
11066,TC2N,exact,TC2N
11067,FBLN5,exact,FBLN5
11068,TRIP11,exact,TRIP11
11069,ATXN3,exact,ATXN3
11070,NDUFB1,exact,NDUFB1
11071,CPSF2,exact,CPSF2
11072,RIN3,exact,RIN3
11073,LGMN,exact,LGMN
11074,GOLGA5,exact,GOLGA5
11075,ITPK1,exact,ITPK1
11076,ITPK1-AS1,exact,ITPK1-AS1
11077,MOAP1,exact,MOAP1
11078,TMEM251,unmatched,
11079,GON7,exact,GON7
11080,UBR7,exact,UBR7
11081,BTBD7,exact,BTBD7
11082,UNC79,exact,UNC79
11083,OTUB2,exact,OTUB2
11084,DDX24,exact,DDX24
11085,IFI27L1,exact,IFI27L1
11086,IFI27,exact,IFI27
11087,IFI27L2,exact,IFI27L2
11088,PPP4R4,exact,PPP4R4
11089,DICER1,exact,DICER1
11090,DICER1-AS1,exact,DICER1-AS1
11091,CLMN,exact,CLMN
11092,SYNE3,exact,SYNE3
11093,AL133467.1,unmatched,
11094,SNHG10,exact,SNHG10
11095,GLRX5,exact,GLRX5
11096,AL133467.2,unmatched,
11097,C14orf132,exact,C14orf132
11098,AL355102.3,unmatched,
11099,ATG2B,exact,ATG2B
11100,GSKIP,exact,GSKIP
11101,AL163051.1,unmatched,
11102,PAPOLA,exact,PAPOLA
11103,AL137786.1,unmatched,
11104,VRK1,exact,VRK1
11105,LINC02325,exact,LINC02325
11106,LINC02312,exact,LINC02312
11107,LINC01550,exact,LINC01550
11108,AL163932.1,unmatched,
11109,LINC02295,unmatched,
11110,AL132796.2,unmatched,
11111,AL162151.1,unmatched,
11112,BCL11B,exact,BCL11B
11113,AL109767.1,unmatched,
11114,SETD3,exact,SETD3
11115,CCNK,exact,CCNK
11116,CCDC85C,exact,CCDC85C
11117,AL160313.1,unmatched,
11118,CYP46A1,exact,CYP46A1
11119,EML1,exact,EML1
11120,EVL,exact,EVL
11121,DEGS2,exact,DEGS2
11122,AL133523.1,unmatched,
11123,YY1,exact,YY1
11124,SLC25A29,exact,SLC25A29
11125,WARS,official_alias,WARS
11126,WDR25,exact,WDR25
11127,MEG8,exact,MEG8
11128,LINC00239,exact,LINC00239
11129,PPP2R5C,exact,PPP2R5C
11130,AL137779.2,unmatched,
11131,AL137779.1,unmatched,
11132,AL118558.3,unmatched,
11133,AL118558.4,unmatched,
11134,DYNC1H1,exact,DYNC1H1
11135,HSP90AA1,exact,HSP90AA1
11136,WDR20,exact,WDR20
11137,MOK,exact,MOK
11138,ZNF839,exact,ZNF839
11139,CINP,exact,CINP
11140,TECPR2,exact,TECPR2
11141,ANKRD9,exact,ANKRD9
11142,RCOR1,exact,RCOR1
11143,TRAF3,exact,TRAF3
11144,AMN,exact,AMN
11145,CDC42BPB,exact,CDC42BPB
11146,AL117209.1,unmatched,
11147,AL138976.2,unmatched,
11148,EIF5,exact,EIF5
11149,MARK3,exact,MARK3
11150,CKB,exact,CKB
11151,AL133367.1,unmatched,
11152,TRMT61A,exact,TRMT61A
11153,AL139300.2,unmatched,
11154,BAG5,exact,BAG5
11155,KLC1,exact,KLC1
11156,APOPT1,official_alias,APOPT1
11157,AL049840.1,unmatched,
11158,AL049840.2,unmatched,
11159,XRCC3,exact,XRCC3
11160,ZFYVE21,exact,ZFYVE21
11161,PPP1R13B,exact,PPP1R13B
11162,LINC00637,unmatched,
11163,ATP5MPL,official_alias,ATP5MPL
11164,TDRD9,exact,TDRD9
11165,INF2,exact,INF2
11166,ADSSL1,official_alias,ADSSL1
11167,SIVA1,exact,SIVA1
11168,AKT1,exact,AKT1
11169,AL583722.2,unmatched,
11170,ZBTB42,exact,ZBTB42
11171,LINC00638,exact,LINC00638
11172,AL583810.2,unmatched,
11173,AL583810.1,unmatched,
11174,CEP170B,exact,CEP170B
11175,CLBA1,exact,CLBA1
11176,CDCA4,exact,CDCA4
11177,GPR132,exact,GPR132
11178,LINC02298,unmatched,
11179,JAG2,exact,JAG2
11180,NUDT14,exact,NUDT14
11181,BRF1,exact,BRF1
11182,BTBD6,exact,BTBD6
11183,PACS2,exact,PACS2
11184,TEX22,exact,TEX22
11185,AL928654.1,unmatched,
11186,MTA1,exact,MTA1
11187,CRIP2,exact,CRIP2
11188,CRIP1,exact,CRIP1
11189,TEDC1,exact,TEDC1
11190,TMEM121,exact,TMEM121
11191,LINC00221,exact,LINC00221
11192,AC012414.5,unmatched,
11193,AC068446.2,unmatched,
11194,NIPA1,exact,NIPA1
11195,NIPA2,exact,NIPA2
11196,CYFIP1,exact,CYFIP1
11197,TUBGCP5,exact,TUBGCP5
11198,MKRN3,exact,MKRN3
11199,NDN,exact,NDN
11200,SNRPN,exact,SNRPN
11201,SNURF,exact,SNURF
11202,AC124312.1,unmatched,
11203,PWAR6,unmatched,
11204,AC124312.3,unmatched,
11205,UBE3A,exact,UBE3A
11206,ATP10A,exact,ATP10A
11207,HERC2,exact,HERC2
11208,GOLGA8M,unmatched,
11209,AC055876.5,unmatched,
11210,GOLGA6L7,exact,GOLGA6L7
11211,APBA2,exact,APBA2
11212,AC127522.1,unmatched,
11213,NSMCE3,exact,NSMCE3
11214,LINC02249,exact,LINC02249
11215,GOLGA8R,exact,GOLGA8R
11216,AC026150.1,unmatched,
11217,GOLGA8Q,exact,GOLGA8Q
11218,AC026150.3,unmatched,
11219,AC091057.3,unmatched,
11220,AC091057.2,unmatched,
11221,ARHGAP11B,exact,ARHGAP11B
11222,AC091057.6,unmatched,
11223,FAN1,exact,FAN1
11224,MTMR10,exact,MTMR10
11225,LINC02352,exact,LINC02352
11226,KLF13,exact,KLF13
11227,OTUD7A,exact,OTUD7A
11228,LINC02256,exact,LINC02256
11229,AC123768.4,unmatched,
11230,AC123768.3,unmatched,
11231,GOLGA8N,exact,GOLGA8N
11232,ARHGAP11A,exact,ARHGAP11A
11233,GREM1,exact,GREM1
11234,FMN1,exact,FMN1
11235,RYR3,exact,RYR3
11236,AC010809.3,unmatched,
11237,AC010809.2,unmatched,
11238,AC010809.1,unmatched,
11239,AVEN,exact,AVEN
11240,EMC7,exact,EMC7
11241,PGBD4,exact,PGBD4
11242,KATNBL1,exact,KATNBL1
11243,EMC4,exact,EMC4
11244,SLC12A6,exact,SLC12A6
11245,NOP10,exact,NOP10
11246,LPCAT4,exact,LPCAT4
11247,GOLGA8A,exact,GOLGA8A
11248,GOLGA8B,exact,GOLGA8B
11249,AQR,exact,AQR
11250,ZNF770,exact,ZNF770
11251,DPH6,exact,DPH6
11252,DPH6-DT,unmatched,
11253,C15orf41,official_alias,C15orf41
11254,AC087473.1,unmatched,
11255,SPRED1,exact,SPRED1
11256,FAM98B,exact,FAM98B
11257,RASGRP1,exact,RASGRP1
11258,AC116158.1,unmatched,
11259,AC116158.2,unmatched,
11260,C15orf53,official_alias,C15orf53
11261,AC022929.2,unmatched,
11262,FSIP1,exact,FSIP1
11263,AC023908.3,unmatched,
11264,AC012377.1,unmatched,
11265,EIF2AK4,exact,EIF2AK4
11266,SRP14,exact,SRP14
11267,SRP14-AS1,unmatched,
11268,BMF,exact,BMF
11269,BUB1B,exact,BUB1B
11270,PLCB2,exact,PLCB2
11271,INAFM2,exact,INAFM2
11272,CCDC9B,exact,CCDC9B
11273,DISP2,exact,DISP2
11274,KNSTRN,exact,KNSTRN
11275,IVD,exact,IVD
11276,BAHD1,exact,BAHD1
11277,CHST14,exact,CHST14
11278,CCDC32,exact,CCDC32
11279,RPUSD2,exact,RPUSD2
11280,KNL1,exact,KNL1
11281,RAD51,exact,RAD51
11282,RMDN3,exact,RMDN3
11283,GCHFR,exact,GCHFR
11284,DNAJC17,exact,DNAJC17
11285,ZFYVE19,exact,ZFYVE19
11286,SPINT1-AS1,exact,SPINT1-AS1
11287,SPINT1,exact,SPINT1
11288,VPS18,exact,VPS18
11289,INO80,exact,INO80
11290,AC020661.3,unmatched,
11291,CHP1,exact,CHP1
11292,OIP5,exact,OIP5
11293,NUSAP1,exact,NUSAP1
11294,NDUFAF1,exact,NDUFAF1
11295,RTF1,exact,RTF1
11296,RPAP1,exact,RPAP1
11297,TYRO3,exact,TYRO3
11298,MGA,exact,MGA
11299,MAPKBP1,exact,MAPKBP1
11300,JMJD7,exact,JMJD7
11301,JMJD7-PLA2G4B,exact,JMJD7-PLA2G4B
11302,PLA2G4B,exact,PLA2G4B
11303,SPTBN5,exact,SPTBN5
11304,AC020659.1,unmatched,
11305,EHD4,exact,EHD4
11306,VPS39,exact,VPS39
11307,TMEM87A,exact,TMEM87A
11308,GANC,exact,GANC
11309,AC012651.1,unmatched,
11310,CAPN3,exact,CAPN3
11311,ZNF106,exact,ZNF106
11312,SNAP23,exact,SNAP23
11313,AC018362.1,unmatched,
11314,LRRC57,exact,LRRC57
11315,HAUS2,exact,HAUS2
11316,AC018362.2,unmatched,
11317,STARD9,exact,STARD9
11318,CDAN1,exact,CDAN1
11319,TTBK2,exact,TTBK2
11320,AC090510.1,unmatched,
11321,UBR1,exact,UBR1
11322,TMEM62,exact,TMEM62
11323,AC068724.1,unmatched,
11324,CCNDBP1,exact,CCNDBP1
11325,LCMT2,exact,LCMT2
11326,ADAL,exact,ADAL
11327,ZSCAN29,exact,ZSCAN29
11328,TUBGCP4,exact,TUBGCP4
11329,TP53BP1,exact,TP53BP1
11330,MAP1A,exact,MAP1A
11331,PPIP5K1,exact,PPIP5K1
11332,STRC,exact,STRC
11333,CATSPER2,exact,CATSPER2
11334,PDIA3,exact,PDIA3
11335,SERF2,exact,SERF2
11336,HYPK,exact,HYPK
11337,MFAP1,exact,MFAP1
11338,WDR76,exact,WDR76
11339,FRMD5,exact,FRMD5
11340,CASC4,official_alias,CASC4
11341,CTDSPL2,exact,CTDSPL2
11342,AC025430.1,unmatched,
11343,EIF3J-DT,exact,EIF3J-DT
11344,EIF3J,exact,EIF3J
11345,SPG11,exact,SPG11
11346,PATL2,exact,PATL2
11347,B2M,exact,B2M
11348,TRIM69,exact,TRIM69
11349,SORD,exact,SORD
11350,DUOX1,exact,DUOX1
11351,SHF,exact,SHF
11352,AC051619.5,unmatched,
11353,SLC28A2,exact,SLC28A2
11354,GATM,exact,GATM
11355,AC025580.3,unmatched,
11356,SPATA5L1,unmatched,
11357,C15orf48,exact,C15orf48
11358,AC025580.1,unmatched,
11359,SLC30A4,exact,SLC30A4
11360,AC090527.3,unmatched,
11361,BLOC1S6,exact,BLOC1S6
11362,SQOR,exact,SQOR
11363,MYEF2,exact,MYEF2
11364,AC023355.1,unmatched,
11365,DUT,exact,DUT
11366,FBN1,exact,FBN1
11367,CEP152,exact,CEP152
11368,AC084757.2,unmatched,
11369,SHC4,exact,SHC4
11370,EID1,exact,EID1
11371,SECISBP2L,exact,SECISBP2L
11372,COPS2,exact,COPS2
11373,GALK2,exact,GALK2
11374,FAM227B,exact,FAM227B
11375,AC022306.2,unmatched,
11376,FGF7,exact,FGF7
11377,DTWD1,exact,DTWD1
11378,SLC27A2,exact,SLC27A2
11379,GABPB1,exact,GABPB1
11380,GABPB1-AS1,unmatched,
11381,AC022087.1,unmatched,
11382,USP8,exact,USP8
11383,TRPM7,exact,TRPM7
11384,SPPL2A,exact,SPPL2A
11385,AC021752.1,unmatched,
11386,AP4E1,exact,AP4E1
11387,DMXL2,exact,DMXL2
11388,LYSMD2,exact,LYSMD2
11389,TMOD2,exact,TMOD2
11390,TMOD3,exact,TMOD3
11391,AC090971.1,unmatched,
11392,LEO1,exact,LEO1
11393,MAPK6,exact,MAPK6
11394,GNB5,exact,GNB5
11395,AC023906.3,unmatched,
11396,CERNA1,unmatched,
11397,MYO5C,exact,MYO5C
11398,MYO5A,exact,MYO5A
11399,ARPP19,exact,ARPP19
11400,FAM214A,official_alias,FAM214A
11401,UNC13C,exact,UNC13C
11402,RSL24D1,exact,RSL24D1
11403,RAB27A,exact,RAB27A
11404,PIGBOS1,exact,PIGBOS1
11405,PIGB,exact,PIGB
11406,CCPG1,exact,CCPG1
11407,C15orf65,unmatched,
11408,DNAAF4,exact,DNAAF4
11409,NEDD4,exact,NEDD4
11410,RFX7,exact,RFX7
11411,TEX9,exact,TEX9
11412,ZNF280D,exact,ZNF280D
11413,AC090517.4,unmatched,
11414,AC010999.2,unmatched,
11415,TCF12,exact,TCF12
11416,LINC00926,exact,LINC00926
11417,GCOM1,exact,GCOM1
11418,MYZAP,exact,MYZAP
11419,POLR2M,exact,POLR2M
11420,AC090651.1,unmatched,
11421,LIPC,exact,LIPC
11422,AC018904.1,unmatched,
11423,ADAM10,exact,ADAM10
11424,MINDY2,exact,MINDY2
11425,RNF111,exact,RNF111
11426,SLTM,exact,SLTM
11427,GTF2A2,exact,GTF2A2
11428,BNIP2,exact,BNIP2
11429,ANXA2,exact,ANXA2
11430,ICE2,exact,ICE2
11431,RORA-AS1,exact,RORA-AS1
11432,RORA,exact,RORA
11433,AC107241.1,unmatched,
11434,AC009560.1,unmatched,
11435,VPS13C,exact,VPS13C
11436,AC032011.1,unmatched,
11437,TLN2,exact,TLN2
11438,TPM1,exact,TPM1
11439,LACTB,exact,LACTB
11440,RPS27L,exact,RPS27L
11441,RAB8B,exact,RAB8B
11442,APH1B,exact,APH1B
11443,AC007950.2,unmatched,
11444,USP3,exact,USP3
11445,USP3-AS1,exact,USP3-AS1
11446,FBXL22,exact,FBXL22
11447,HERC1,exact,HERC1
11448,AC073167.1,unmatched,
11449,DAPK2,exact,DAPK2
11450,FAM96A,official_alias,FAM96A
11451,SNX1,exact,SNX1
11452,SNX22,exact,SNX22
11453,PPIB,exact,PPIB
11454,CSNK1G1,exact,CSNK1G1
11455,AC087632.1,unmatched,
11456,PCLAF,exact,PCLAF
11457,TRIP4,exact,TRIP4
11458,ZNF609,exact,ZNF609
11459,OAZ2,exact,OAZ2
11460,AC100830.3,unmatched,
11461,AC100830.2,unmatched,
11462,AC100830.1,unmatched,
11463,PIF1,exact,PIF1
11464,PLEKHO2,exact,PLEKHO2
11465,ANKDD1A,exact,ANKDD1A
11466,AC103691.2,unmatched,
11467,AC103691.1,unmatched,
11468,SPG21,exact,SPG21
11469,MTFMT,exact,MTFMT
11470,AC013553.4,unmatched,
11471,UBAP1L,exact,UBAP1L
11472,PDCD7,exact,PDCD7
11473,CLPX,exact,CLPX
11474,PARP16,exact,PARP16
11475,IGDCC4,exact,IGDCC4
11476,DPP8,exact,DPP8
11477,HACD3,exact,HACD3
11478,INTS14,exact,INTS14
11479,SLC24A1,exact,SLC24A1
11480,AC011939.3,unmatched,
11481,DENND4A,exact,DENND4A
11482,RAB11A,exact,RAB11A
11483,MEGF11,exact,MEGF11
11484,DIS3L,exact,DIS3L
11485,AC055855.1,unmatched,
11486,TIPIN,exact,TIPIN
11487,MAP2K1,exact,MAP2K1
11488,AC116913.1,unmatched,
11489,SNAPC5,exact,SNAPC5
11490,RPL4,exact,RPL4
11491,ZWILCH,exact,ZWILCH
11492,LCTL,exact,LCTL
11493,SMAD6,exact,SMAD6
11494,AC087482.1,unmatched,
11495,SMAD3,exact,SMAD3
11496,AAGAB,exact,AAGAB
11497,IQCH,exact,IQCH
11498,IQCH-AS1,exact,IQCH-AS1
11499,C15orf61,exact,C15orf61
11500,AC016355.1,unmatched,
11501,MAP2K5,exact,MAP2K5
11502,SKOR1,exact,SKOR1
11503,PIAS1,exact,PIAS1
11504,AC107871.1,unmatched,
11505,CALML4,exact,CALML4
11506,CLN6,exact,CLN6
11507,FEM1B,exact,FEM1B
11508,ITGA11,exact,ITGA11
11509,ANP32A,exact,ANP32A
11510,SPESP1,exact,SPESP1
11511,NOX5,exact,NOX5
11512,GLCE,exact,GLCE
11513,RPLP1,exact,RPLP1
11514,AC027237.2,unmatched,
11515,TLE3,exact,TLE3
11516,UACA,exact,UACA
11517,LARP6,exact,LARP6
11518,LRRC49,exact,LRRC49
11519,NR2E3,exact,NR2E3
11520,AC104938.1,unmatched,
11521,MYO9A,exact,MYO9A
11522,SENP8,exact,SENP8
11523,PKM,exact,PKM
11524,PARP6,exact,PARP6
11525,AC009690.2,unmatched,
11526,HEXA,exact,HEXA
11527,HEXA-AS1,exact,HEXA-AS1
11528,TMEM202-AS1,exact,TMEM202-AS1
11529,AC079322.1,unmatched,
11530,ARIH1,exact,ARIH1
11531,AC100827.4,unmatched,
11532,HIGD2B,exact,HIGD2B
11533,BBS4,exact,BBS4
11534,ADPGK,exact,ADPGK
11535,NEO1,exact,NEO1
11536,NPTN,exact,NPTN
11537,CD276,exact,CD276
11538,LOXL1-AS1,exact,LOXL1-AS1
11539,LOXL1,exact,LOXL1
11540,STOML1,exact,STOML1
11541,PML,exact,PML
11542,AC010931.2,unmatched,
11543,UBL7,exact,UBL7
11544,UBL7-AS1,unmatched,
11545,ARID3B,exact,ARID3B
11546,CLK3,exact,CLK3
11547,AC100835.2,unmatched,
11548,EDC3,exact,EDC3
11549,CYP1A1,exact,CYP1A1
11550,CSK,exact,CSK
11551,ULK3,exact,ULK3
11552,SCAMP2,exact,SCAMP2
11553,MPI,exact,MPI
11554,FAM219B,exact,FAM219B
11555,COX5A,exact,COX5A
11556,RPP25,exact,RPP25
11557,SCAMP5,exact,SCAMP5
11558,PPCDC,exact,PPCDC
11559,C15orf39,exact,C15orf39
11560,COMMD4,exact,COMMD4
11561,AC068338.3,unmatched,
11562,NEIL1,exact,NEIL1
11563,MAN2C1,exact,MAN2C1
11564,AC068338.2,unmatched,
11565,SIN3A,exact,SIN3A
11566,PTPN9,exact,PTPN9
11567,SNUPN,exact,SNUPN
11568,IMP3,exact,IMP3
11569,AC105020.6,unmatched,
11570,AC105020.5,unmatched,
11571,UBE2Q2,exact,UBE2Q2
11572,FBXO22,exact,FBXO22
11573,NRG4,exact,NRG4
11574,TMEM266,exact,TMEM266
11575,ETFA,exact,ETFA
11576,SCAPER,exact,SCAPER
11577,RCN2,exact,RCN2
11578,PSTPIP1,exact,PSTPIP1
11579,TSPAN3,exact,TSPAN3
11580,AC090181.1,unmatched,
11581,PEAK1,exact,PEAK1
11582,HMG20A,exact,HMG20A
11583,TBC1D2B,exact,TBC1D2B
11584,CIB2,exact,CIB2
11585,IDH3A,exact,IDH3A
11586,AC090260.1,unmatched,
11587,DNAJA4,exact,DNAJA4
11588,WDR61,unmatched,
11589,IREB2,exact,IREB2
11590,HYKK,exact,HYKK
11591,PSMA4,exact,PSMA4
11592,CHRNA5,exact,CHRNA5
11593,MORF4L1,exact,MORF4L1
11594,CTSH,exact,CTSH
11595,TMED3,exact,TMED3
11596,MTHFS,exact,MTHFS
11597,AC021483.2,unmatched,
11598,ST20,exact,ST20
11599,ST20-AS1,unmatched,
11600,BCL2A1,exact,BCL2A1
11601,ZFAND6,exact,ZFAND6
11602,FAH,exact,FAH
11603,ABHD17C,exact,ABHD17C
11604,CEMIP,exact,CEMIP
11605,MESD,exact,MESD
11606,AC068870.2,unmatched,
11607,TLNRD1,exact,TLNRD1
11608,IL16,exact,IL16
11609,STARD5,exact,STARD5
11610,TMC3-AS1,unmatched,
11611,AC109809.1,unmatched,
11612,AC023034.1,unmatched,
11613,AC104041.1,unmatched,
11614,AC025219.1,unmatched,
11615,MEX3B,exact,MEX3B
11616,EFL1,exact,EFL1
11617,SAXO2,exact,SAXO2
11618,GOLGA6L9,exact,GOLGA6L9
11619,RPS17,exact,RPS17
11620,CPEB1,exact,CPEB1
11621,CPEB1-AS1,exact,CPEB1-AS1
11622,AP3B2,exact,AP3B2
11623,AC105339.3,unmatched,
11624,SNHG21,exact,SNHG21
11625,FSD2,exact,FSD2
11626,WHAMM,exact,WHAMM
11627,HOMER2,exact,HOMER2
11628,RAMMET,official_alias,RAMMET
11629,C15orf40,exact,C15orf40
11630,BTBD1,exact,BTBD1
11631,AC022558.3,unmatched,
11632,HDGFL3,exact,HDGFL3
11633,ADAMTSL3,exact,ADAMTSL3
11634,GOLGA6L4,exact,GOLGA6L4
11635,AC048382.5,unmatched,
11636,ZSCAN2,exact,ZSCAN2
11637,AC048382.1,unmatched,
11638,AC048382.6,unmatched,
11639,WDR73,exact,WDR73
11640,NMB,exact,NMB
11641,SEC11A,exact,SEC11A
11642,AC115102.1,unmatched,
11643,ZNF592,exact,ZNF592
11644,PDE8A,exact,PDE8A
11645,AKAP13,exact,AKAP13
11646,AC021739.2,unmatched,
11647,AC021739.3,unmatched,
11648,KLHL25,exact,KLHL25
11649,MRPL46,exact,MRPL46
11650,MRPS11,exact,MRPS11
11651,DET1,exact,DET1
11652,AEN,exact,AEN
11653,ISG20,exact,ISG20
11654,HAPLN3,exact,HAPLN3
11655,MFGE8,exact,MFGE8
11656,ABHD2,exact,ABHD2
11657,FANCI,exact,FANCI
11658,POLG,exact,POLG
11659,AC124068.2,unmatched,
11660,MIR9-3HG,exact,MIR9-3HG
11661,PLIN1,exact,PLIN1
11662,PEX11A,exact,PEX11A
11663,WDR93,exact,WDR93
11664,MESP1,exact,MESP1
11665,AP3S2,exact,AP3S2
11666,ARPIN,exact,ARPIN
11667,ZNF710,exact,ZNF710
11668,ZNF710-AS1,exact,ZNF710-AS1
11669,IDH2,exact,IDH2
11670,SEMA4B,exact,SEMA4B
11671,CIB1,exact,CIB1
11672,GDPGP1,exact,GDPGP1
11673,NGRN,exact,NGRN
11674,AC091167.5,unmatched,
11675,ZNF774,exact,ZNF774
11676,IQGAP1,exact,IQGAP1
11677,CRTC3,exact,CRTC3
11678,CRTC3-AS1,exact,CRTC3-AS1
11679,BLM,exact,BLM
11680,FURIN,exact,FURIN
11681,MAN2A2,exact,MAN2A2
11682,HDDC3,exact,HDDC3
11683,UNC45A,exact,UNC45A
11684,AC068831.1,unmatched,
11685,RCCD1,exact,RCCD1
11686,PRC1,exact,PRC1
11687,PRC1-AS1,exact,PRC1-AS1
11688,VPS33B,exact,VPS33B
11689,VPS33B-DT,exact,VPS33B-DT
11690,AC068831.6,unmatched,
11691,SV2B,exact,SV2B
11692,AC104035.1,unmatched,
11693,AC107958.2,unmatched,
11694,SLCO3A1,exact,SLCO3A1
11695,FAM174B,exact,FAM174B
11696,AC106028.4,unmatched,
11697,AC013394.1,unmatched,
11698,CHD2,exact,CHD2
11699,RGMA,exact,RGMA
11700,MCTP2,exact,MCTP2
11701,LINC00924,exact,LINC00924
11702,ARRDC4,exact,ARRDC4
11703,AC118658.1,unmatched,
11704,IGF1R,exact,IGF1R
11705,AC036108.1,unmatched,
11706,AC036108.4,unmatched,
11707,SYNM,exact,SYNM
11708,LRRC28,exact,LRRC28
11709,MEF2A,exact,MEF2A
11710,LYSMD4,exact,LYSMD4
11711,AC090825.1,unmatched,
11712,ADAMTS17,exact,ADAMTS17
11713,AC084855.2,unmatched,
11714,SPATA41,unmatched,
11715,CERS3,exact,CERS3
11716,AC027020.2,unmatched,
11717,AC027020.1,unmatched,
11718,LINS1,exact,LINS1
11719,ASB7,exact,ASB7
11720,AC015712.1,unmatched,
11721,CHSY1,exact,CHSY1
11722,SELENOS,exact,SELENOS
11723,SNRPA1,exact,SNRPA1
11724,AC023024.1,unmatched,
11725,PCSK6,exact,PCSK6
11726,TM2D3,exact,TM2D3
11727,TARSL2,official_alias,TARSL2
11728,AC140725.1,unmatched,
11729,POLR3K,exact,POLR3K
11730,SNRNP25,exact,SNRNP25
11731,MPG,exact,MPG
11732,NPRL3,exact,NPRL3
11733,Z69720.1,unmatched,
11734,Z69666.1,unmatched,
11735,Z69706.1,unmatched,
11736,LUC7L,exact,LUC7L
11737,FAM234A,exact,FAM234A
11738,AC004754.1,unmatched,
11739,AXIN1,exact,AXIN1
11740,MRPL28,exact,MRPL28
11741,TMEM8A,official_alias,TMEM8A
11742,NME4,exact,NME4
11743,DECR2,exact,DECR2
11744,AL023881.1,unmatched,
11745,RAB11FIP3,exact,RAB11FIP3
11746,LINC00235,unmatched,
11747,CAPN15,exact,CAPN15
11748,PIGQ,exact,PIGQ
11749,NHLRC4,exact,NHLRC4
11750,RAB40C,exact,RAB40C
11751,METTL26,exact,METTL26
11752,MCRIP2,exact,MCRIP2
11753,AL022341.1,unmatched,
11754,WDR90,exact,WDR90
11755,AL022341.2,unmatched,
11756,RHOT2,exact,RHOT2
11757,RHBDL1,exact,RHBDL1
11758,STUB1,exact,STUB1
11759,JMJD8,exact,JMJD8
11760,WDR24,exact,WDR24
11761,FBXL16,exact,FBXL16
11762,METRN,exact,METRN
11763,FAM173A,official_alias,FAM173A
11764,CCDC78,exact,CCDC78
11765,HAGHL,exact,HAGHL
11766,NARFL,official_alias,NARFL
11767,RPUSD1,exact,RPUSD1
11768,CHTF18,exact,CHTF18
11769,LMF1,exact,LMF1
11770,AC009041.2,unmatched,
11771,SOX8,exact,SOX8
11772,AC009041.1,unmatched,
11773,CACNA1H,exact,CACNA1H
11774,AC120498.9,unmatched,
11775,UBE2I,exact,UBE2I
11776,AL031714.1,unmatched,
11777,TSR3,exact,TSR3
11778,GNPTG,exact,GNPTG
11779,AL031709.1,unmatched,
11780,UNKL,exact,UNKL
11781,C16orf91,unmatched,
11782,CCDC154,exact,CCDC154
11783,CLCN7,exact,CLCN7
11784,AL031600.3,unmatched,
11785,TELO2,exact,TELO2
11786,IFT140,exact,IFT140
11787,AL031705.1,unmatched,
11788,TMEM204,exact,TMEM204
11789,CRAMP1,exact,CRAMP1
11790,AL031708.1,unmatched,
11791,JPT2,exact,JPT2
11792,MAPK8IP3,exact,MAPK8IP3
11793,AL031717.1,unmatched,
11794,NME3,exact,NME3
11795,MRPS34,exact,MRPS34
11796,EME2,exact,EME2
11797,SPSB3,exact,SPSB3
11798,NUBP2,exact,NUBP2
11799,IGFALS,exact,IGFALS
11800,HAGH,exact,HAGH
11801,FAHD1,exact,FAHD1
11802,MSRB1,exact,MSRB1
11803,NDUFB10,exact,NDUFB10
11804,RPS2,exact,RPS2
11805,SNHG9,unmatched,
11806,AC005363.2,unmatched,
11807,TBL3,exact,TBL3
11808,NOXO1,exact,NOXO1
11809,GFER,exact,GFER
11810,SYNGR3,exact,SYNGR3
11811,ZNF598,exact,ZNF598
11812,SLC9A3R2,official_alias,SLC9A3R2
11813,NTHL1,exact,NTHL1
11814,TSC2,exact,TSC2
11815,PKD1,exact,PKD1
11816,AC009065.3,unmatched,
11817,SNHG19,exact,SNHG19
11818,TRAF7,exact,TRAF7
11819,MLST8,exact,MLST8
11820,BRICD5,exact,BRICD5
11821,PGP,exact,PGP
11822,E4F1,exact,E4F1
11823,DNASE1L2,exact,DNASE1L2
11824,ECI1,exact,ECI1
11825,AC009065.8,unmatched,
11826,RNPS1,exact,RNPS1
11827,AC009065.4,unmatched,
11828,ABCA3,exact,ABCA3
11829,CCNF,exact,CCNF
11830,AC106820.3,unmatched,
11831,TEDC2,exact,TEDC2
11832,AC106820.2,unmatched,
11833,TBC1D24,exact,TBC1D24
11834,ATP6V0C,exact,ATP6V0C
11835,AMDHD2,exact,AMDHD2
11836,PDPK1,exact,PDPK1
11837,AC093525.6,unmatched,
11838,AC093525.7,unmatched,
11839,AC093525.4,unmatched,
11840,AC093525.3,unmatched,
11841,AC141586.3,unmatched,
11842,AC141586.2,unmatched,
11843,KCTD5,exact,KCTD5
11844,PRSS27,exact,PRSS27
11845,SRRM2-AS1,exact,SRRM2-AS1
11846,SRRM2,exact,SRRM2
11847,ELOB,exact,ELOB
11848,AC092117.1,unmatched,
11849,PRSS21,exact,PRSS21
11850,FLYWCH2,exact,FLYWCH2
11851,FLYWCH1,exact,FLYWCH1
11852,PAQR4,exact,PAQR4
11853,HCFC1R1,exact,HCFC1R1
11854,THOC6,exact,THOC6
11855,MMP25,exact,MMP25
11856,MMP25-AS1,exact,MMP25-AS1
11857,IL32,exact,IL32
11858,AC108134.3,unmatched,
11859,ZNF213-AS1,unmatched,
11860,ZNF205,exact,ZNF205
11861,ZNF213,exact,ZNF213
11862,AC108134.2,unmatched,
11863,ZNF200,exact,ZNF200
11864,LINC00921,exact,LINC00921
11865,ZNF263,exact,ZNF263
11866,TIGD7,exact,TIGD7
11867,ZNF75A,exact,ZNF75A
11868,AC004232.2,unmatched,
11869,MTRNR2L4,exact,MTRNR2L4
11870,ZSCAN32,exact,ZSCAN32
11871,AC025283.2,unmatched,
11872,ZNF174,exact,ZNF174
11873,ZNF597,exact,ZNF597
11874,NAA60,exact,NAA60
11875,CLUAP1,exact,CLUAP1
11876,NLRC3,exact,NLRC3
11877,AC004494.1,unmatched,
11878,SLX4,exact,SLX4
11879,DNASE1,exact,DNASE1
11880,TRAP1,exact,TRAP1
11881,AC006111.3,unmatched,
11882,CREBBP,exact,CREBBP
11883,ADCY9,exact,ADCY9
11884,LINC01569,unmatched,
11885,TFAP4,exact,TFAP4
11886,PAM16,exact,PAM16
11887,CORO7,exact,CORO7
11888,DNAJA3,exact,DNAJA3
11889,NMRAL1,exact,NMRAL1
11890,HMOX2,exact,HMOX2
11891,CDIP1,exact,CDIP1
11892,AC023830.2,unmatched,
11893,UBALD1,exact,UBALD1
11894,MGRN1,exact,MGRN1
11895,NUDT16L1,exact,NUDT16L1
11896,ANKS3,exact,ANKS3
11897,C16orf71,unmatched,
11898,ZNF500,exact,ZNF500
11899,ROGDI,exact,ROGDI
11900,GLYR1,exact,GLYR1
11901,UBN1,exact,UBN1
11902,PPL,exact,PPL
11903,NAGPA-AS1,unmatched,
11904,NAGPA,exact,NAGPA
11905,ALG1,exact,ALG1
11906,EEF2KMT,exact,EEF2KMT
11907,METTL22,exact,METTL22
11908,ABAT,exact,ABAT
11909,TMEM186,exact,TMEM186
11910,PMM2,exact,PMM2
11911,AC012173.1,unmatched,
11912,AC022167.2,unmatched,
11913,CARHSP1,exact,CARHSP1
11914,AC022167.1,unmatched,
11915,USP7,exact,USP7
11916,AC022167.3,unmatched,
11917,C16orf72,unmatched,
11918,AC087190.1,unmatched,
11919,ATF7IP2,exact,ATF7IP2
11920,NUBP1,exact,NUBP1
11921,TVP23A,exact,TVP23A
11922,CIITA,exact,CIITA
11923,DEXI,exact,DEXI
11924,CLEC16A,exact,CLEC16A
11925,AC007014.1,unmatched,
11926,AC007220.1,unmatched,
11927,RMI2,exact,RMI2
11928,SOCS1,exact,SOCS1
11929,AC009121.2,unmatched,
11930,AC099489.1,unmatched,
11931,LITAF,exact,LITAF
11932,SNN,exact,SNN
11933,TXNDC11,exact,TXNDC11
11934,AC007613.1,unmatched,
11935,ZC3H7A,exact,ZC3H7A
11936,AC010654.1,unmatched,
11937,RSL1D1,exact,RSL1D1
11938,AC007216.4,unmatched,
11939,GSPT1,exact,GSPT1
11940,AC007216.2,unmatched,
11941,NPIPB2,exact,NPIPB2
11942,TNFRSF17,exact,TNFRSF17
11943,SNX29,exact,SNX29
11944,AC007601.1,unmatched,
11945,AC010333.1,unmatched,
11946,CPPED1,exact,CPPED1
11947,AC109597.2,unmatched,
11948,ERCC4,exact,ERCC4
11949,AC010401.1,unmatched,
11950,MKL2,official_alias,MKL2
11951,AC130650.2,unmatched,
11952,MIR193BHG,exact,MIR193BHG
11953,AC040173.1,unmatched,
11954,PARN,exact,PARN
11955,BFAR,exact,BFAR
11956,NPIPA2,exact,NPIPA2
11957,NOMO1,exact,NOMO1
11958,NPIPA1,exact,NPIPA1
11959,PDXDC1,exact,PDXDC1
11960,AC138932.5,unmatched,
11961,NTAN1,exact,NTAN1
11962,RRN3,exact,RRN3
11963,AC126763.1,unmatched,
11964,NPIPA5,exact,NPIPA5
11965,MPV17L,exact,MPV17L
11966,C16orf45,official_alias,C16orf45
11967,MARF1,exact,MARF1
11968,AC026401.1,unmatched,
11969,NDE1,exact,NDE1
11970,AC026401.3,unmatched,
11971,MYH11,exact,MYH11
11972,AF001548.2,unmatched,
11973,FOPNL,official_alias,FOPNL
11974,ABCC1,exact,ABCC1
11975,ABCC6,exact,ABCC6
11976,NOMO3,exact,NOMO3
11977,AC138969.1,unmatched,
11978,NPIPA7,exact,NPIPA7
11979,XYLT1,exact,XYLT1
11980,AC109446.3,unmatched,
11981,NOMO2,exact,NOMO2
11982,RPS15A,exact,RPS15A
11983,ARL6IP1,exact,ARL6IP1
11984,SMG1,exact,SMG1
11985,AC092287.1,unmatched,
11986,TMC7,exact,TMC7
11987,COQ7,exact,COQ7
11988,ITPRIPL2,exact,ITPRIPL2
11989,TMC5,exact,TMC5
11990,AC130456.5,unmatched,
11991,GDE1,exact,GDE1
11992,CCP110,exact,CCP110
11993,VPS35L,exact,VPS35L
11994,AC002550.2,unmatched,
11995,KNOP1,exact,KNOP1
11996,AC002550.1,unmatched,
11997,IQCK,exact,IQCK
11998,GPRC5B,exact,GPRC5B
11999,ACSM3,exact,ACSM3
12000,ACSM1,exact,ACSM1
12001,THUMPD1,exact,THUMPD1
12002,ERI2,exact,ERI2
12003,REXO5,exact,REXO5
12004,DCUN1D3,exact,DCUN1D3
12005,LYRM1,exact,LYRM1
12006,AC008551.1,unmatched,
12007,TMEM159,official_alias,TMEM159
12008,ANKS4B,exact,ANKS4B
12009,NPIPB3,exact,NPIPB3
12010,METTL9,exact,METTL9
12011,IGSF6,exact,IGSF6
12012,OTOA,exact,OTOA
12013,AC092375.2,unmatched,
12014,NPIPB4,exact,NPIPB4
12015,AC092119.2,unmatched,
12016,UQCRC2,exact,UQCRC2
12017,AC092119.3,unmatched,
12018,MOSMO,exact,MOSMO
12019,SDR42E2,exact,SDR42E2
12020,EEF2K,exact,EEF2K
12021,POLR3E,exact,POLR3E
12022,CDR2,exact,CDR2
12023,AC092338.1,unmatched,
12024,AC092338.2,unmatched,
12025,NPIPB5,exact,NPIPB5
12026,AC009021.1,unmatched,
12027,USP31,exact,USP31
12028,COG7,exact,COG7
12029,AC008915.2,unmatched,
12030,GGA2,exact,GGA2
12031,EARS2,exact,EARS2
12032,UBFD1,exact,UBFD1
12033,NDUFAB1,exact,NDUFAB1
12034,PALB2,exact,PALB2
12035,DCTN5,exact,DCTN5
12036,PLK1,exact,PLK1
12037,PRKCB,exact,PRKCB
12038,RBBP6,exact,RBBP6
12039,TNRC6A,exact,TNRC6A
12040,AC008731.1,unmatched,
12041,ARHGAP17,exact,ARHGAP17
12042,LINC02175,exact,LINC02175
12043,LCMT1,exact,LCMT1
12044,LCMT1-AS2,exact,LCMT1-AS2
12045,ZKSCAN2,exact,ZKSCAN2
12046,AC008741.2,unmatched,
12047,KDM8,exact,KDM8
12048,AC109449.1,unmatched,
12049,NSMCE1,exact,NSMCE1
12050,AC106739.1,unmatched,
12051,IL4R,exact,IL4R
12052,IL21R,exact,IL21R
12053,IL21R-AS1,exact,IL21R-AS1
12054,GTF3C1,exact,GTF3C1
12055,KIAA0556,official_alias,KIAA0556
12056,XPO6,exact,XPO6
12057,AC138904.3,unmatched,
12058,AC138904.1,unmatched,
12059,SBK1,exact,SBK1
12060,NPIPB6,exact,NPIPB6
12061,AC138894.1,unmatched,
12062,NPIPB7,exact,NPIPB7
12063,CLN3,exact,CLN3
12064,APOBR,exact,APOBR
12065,AC020765.2,unmatched,
12066,SGF29,exact,SGF29
12067,SULT1A2,exact,SULT1A2
12068,SULT1A1,exact,SULT1A1
12069,EIF3C,exact,EIF3C
12070,AC145285.2,unmatched,
12071,AC145285.3,unmatched,
12072,AC145285.6,unmatched,
12073,ATXN2L,exact,ATXN2L
12074,AC133550.1,unmatched,
12075,TUFM,exact,TUFM
12076,SH2B1,exact,SH2B1
12077,AC133550.2,unmatched,
12078,ATP2A1-AS1,exact,ATP2A1-AS1
12079,RABEP2,exact,RABEP2
12080,CD19,exact,CD19
12081,NFATC2IP,exact,NFATC2IP
12082,AC109460.2,unmatched,
12083,AC109460.1,unmatched,
12084,SPNS1,exact,SPNS1
12085,LAT,exact,LAT
12086,AC109460.4,unmatched,
12087,AC009093.2,unmatched,
12088,AC009093.6,unmatched,
12089,NPIPB11,exact,NPIPB11
12090,BOLA2,exact,BOLA2
12091,BOLA2-SMG1P6,exact,BOLA2-SMG1P6
12092,SLX1B,exact,SLX1B
12093,SPN,exact,SPN
12094,QPRT,exact,QPRT
12095,C16orf54,exact,C16orf54
12096,AC009133.3,unmatched,
12097,KIF22,exact,KIF22
12098,AC009133.4,unmatched,
12099,MAZ,exact,MAZ
12100,AC009133.1,unmatched,
12101,PRRT2,exact,PRRT2
12102,PAGR1,exact,PAGR1
12103,MVP,exact,MVP
12104,CDIPT,exact,CDIPT
12105,KCTD13,exact,KCTD13
12106,AC120114.1,unmatched,
12107,TMEM219,exact,TMEM219
12108,TAOK2,exact,TAOK2
12109,HIRIP3,exact,HIRIP3
12110,INO80E,exact,INO80E
12111,DOC2A,exact,DOC2A
12112,ALDOA,exact,ALDOA
12113,AC093512.1,unmatched,
12114,PPP4C,exact,PPP4C
12115,TBX6,exact,TBX6
12116,YPEL3,exact,YPEL3
12117,AC012645.1,unmatched,
12118,GDPD3,exact,GDPD3
12119,AC012645.4,unmatched,
12120,MAPK3,exact,MAPK3
12121,CORO1A,exact,CORO1A
12122,AC012645.3,unmatched,
12123,BOLA2B,exact,BOLA2B
12124,SLX1A,exact,SLX1A
12125,SULT1A3,exact,SULT1A3
12126,AC106782.1,unmatched,
12127,NPIPB13,exact,NPIPB13
12128,CD2BP2,exact,CD2BP2
12129,AC106782.2,unmatched,
12130,TBC1D10B,exact,TBC1D10B
12131,MYLPF,unmatched,
12132,ZNF48,exact,ZNF48
12133,SEPT1,official_alias,SEPT1
12134,ZNF771,exact,ZNF771
12135,DCTPP1,unmatched,
12136,SEPHS2,exact,SEPHS2
12137,ITGAL,exact,ITGAL
12138,AC116348.3,unmatched,
12139,AC116348.1,unmatched,
12140,AC116348.2,unmatched,
12141,ZNF768,exact,ZNF768
12142,ZNF747,exact,ZNF747
12143,AC002310.1,unmatched,
12144,ZNF764,exact,ZNF764
12145,ZNF688,exact,ZNF688
12146,AC002310.2,unmatched,
12147,ZNF785,exact,ZNF785
12148,AC093249.2,unmatched,
12149,ZNF689,exact,ZNF689
12150,PRR14,exact,PRR14
12151,FBRS,exact,FBRS
12152,AC093249.6,unmatched,
12153,SRCAP,exact,SRCAP
12154,AC106886.5,unmatched,
12155,PHKG2,exact,PHKG2
12156,CCDC189,unmatched,
12157,RNF40,exact,RNF40
12158,ZNF629,exact,ZNF629
12159,AC106886.3,unmatched,
12160,BCL7C,exact,BCL7C
12161,MIR762HG,exact,MIR762HG
12162,CTF1,exact,CTF1
12163,FBXL19-AS1,exact,FBXL19-AS1
12164,FBXL19,exact,FBXL19
12165,ORAI3,exact,ORAI3
12166,SETD1A,exact,SETD1A
12167,HSD3B7,exact,HSD3B7
12168,STX1B,exact,STX1B
12169,STX4,exact,STX4
12170,AC135050.3,unmatched,
12171,AC135050.1,unmatched,
12172,ZNF668,exact,ZNF668
12173,ZNF646,exact,ZNF646
12174,PRSS53,exact,PRSS53
12175,VKORC1,exact,VKORC1
12176,BCKDK,exact,BCKDK
12177,KAT8,exact,KAT8
12178,PRSS8,exact,PRSS8
12179,PRSS36,exact,PRSS36
12180,FUS,exact,FUS
12181,AC009088.1,unmatched,
12182,PYCARD,exact,PYCARD
12183,PYCARD-AS1,exact,PYCARD-AS1
12184,TRIM72,exact,TRIM72
12185,ITGAM,exact,ITGAM
12186,ZNF843,exact,ZNF843
12187,AC026471.4,unmatched,
12188,AC026471.1,unmatched,
12189,ARMC5,exact,ARMC5
12190,TGFB1I1,exact,TGFB1I1
12191,SLC5A2,exact,SLC5A2
12192,AC026471.3,unmatched,
12193,C16orf58,official_alias,C16orf58
12194,AC026471.2,unmatched,
12195,AC074050.4,unmatched,
12196,ZNF720,unmatched,
12197,ZNF267,exact,ZNF267
12198,TP53TG3D,exact,TP53TG3D
12199,AC136944.1,unmatched,
12200,AC136944.2,unmatched,
12201,SHCBP1,exact,SHCBP1
12202,AC092368.3,unmatched,
12203,VPS35,exact,VPS35
12204,ORC6,exact,ORC6
12205,MYLK3,exact,MYLK3
12206,C16orf87,exact,C16orf87
12207,GPT2,exact,GPT2
12208,DNAJA2,exact,DNAJA2
12209,AC018845.3,unmatched,
12210,NETO2,exact,NETO2
12211,ITFG1,exact,ITFG1
12212,AC007494.2,unmatched,
12213,AC007533.1,unmatched,
12214,PHKB,exact,PHKB
12215,LONP2,exact,LONP2
12216,SIAH1,exact,SIAH1
12217,N4BP1,exact,N4BP1
12218,AC007611.1,unmatched,
12219,AC023813.3,unmatched,
12220,ZNF423,exact,ZNF423
12221,CNEP1R1,exact,CNEP1R1
12222,HEATR3,exact,HEATR3
12223,TENT4B,exact,TENT4B
12224,ADCY7,exact,ADCY7
12225,BRD7,exact,BRD7
12226,NKD1,exact,NKD1
12227,AC007608.1,unmatched,
12228,AC007608.3,unmatched,
12229,SNX20,exact,SNX20
12230,NOD2,exact,NOD2
12231,AC007728.2,unmatched,
12232,CYLD,exact,CYLD
12233,AC007728.1,unmatched,
12234,HNRNPA1P48,unmatched,
12235,CHD9,exact,CHD9
12236,AC007342.4,unmatched,
12237,AC007342.5,unmatched,
12238,RBL2,exact,RBL2
12239,AKTIP,exact,AKTIP
12240,RPGRIP1L,exact,RPGRIP1L
12241,FTO,exact,FTO
12242,AC007496.2,unmatched,
12243,LPCAT2,exact,LPCAT2
12244,GNAO1,exact,GNAO1
12245,AMFR,exact,AMFR
12246,AC092140.1,unmatched,
12247,NUDT21,exact,NUDT21
12248,OGFOD1,exact,OGFOD1
12249,AC092140.2,unmatched,
12250,BBS2,exact,BBS2
12251,MT3,exact,MT3
12252,MT2A,exact,MT2A
12253,MT1E,exact,MT1E
12254,MT1F,exact,MT1F
12255,MT1X,exact,MT1X
12256,AC106779.1,unmatched,
12257,NUP93,exact,NUP93
12258,HERPUD1,exact,HERPUD1
12259,NLRC5,exact,NLRC5
12260,CPNE2,exact,CPNE2
12261,FAM192A,official_alias,FAM192A
12262,RSPRY1,exact,RSPRY1
12263,ARL2BP,exact,ARL2BP
12264,AC009090.3,unmatched,
12265,PLLP,exact,PLLP
12266,CIAPIN1,exact,CIAPIN1
12267,COQ9,exact,COQ9
12268,POLR2C,exact,POLR2C
12269,DOK4,exact,DOK4
12270,CCDC102A,exact,CCDC102A
12271,KATNB1,exact,KATNB1
12272,AC092118.2,unmatched,
12273,TEPP,unmatched,
12274,ZNF319,exact,ZNF319
12275,USB1,exact,USB1
12276,CFAP20,exact,CFAP20
12277,AC009107.2,unmatched,
12278,CSNK2A2,exact,CSNK2A2
12279,CCDC113,exact,CCDC113
12280,GINS3,exact,GINS3
12281,AC009118.2,unmatched,
12282,NDRG4,exact,NDRG4
12283,SETD6,exact,SETD6
12284,CNOT1,exact,CNOT1
12285,AC009118.3,unmatched,
12286,SLC38A7,exact,SLC38A7
12287,GOT2,exact,GOT2
12288,AC092337.1,unmatched,
12289,LINC00920,unmatched,
12290,TK2,exact,TK2
12291,AC010542.2,unmatched,
12292,AC010542.4,unmatched,
12293,CKLF,exact,CKLF
12294,CMTM3,exact,CMTM3
12295,CMTM4,exact,CMTM4
12296,DYNC1LI2,exact,DYNC1LI2
12297,AC018557.1,unmatched,
12298,AC044802.1,unmatched,
12299,TERB1,exact,TERB1
12300,NAE1,exact,NAE1
12301,PDP2,exact,PDP2
12302,FAM96B,official_alias,FAM96B
12303,CES2,exact,CES2
12304,CES4A,exact,CES4A
12305,CBFB,exact,CBFB
12306,C16orf70,unmatched,
12307,B3GNT9,exact,B3GNT9
12308,TRADD,exact,TRADD
12309,FBXL8,exact,FBXL8
12310,HSF4,exact,HSF4
12311,NOL3,exact,NOL3
12312,KIAA0895L,unmatched,
12313,E2F4,exact,E2F4
12314,ELMO3,exact,ELMO3
12315,LRRC29,unmatched,
12316,TMEM208,exact,TMEM208
12317,FHOD1,exact,FHOD1
12318,SLC9A5,exact,SLC9A5
12319,PLEKHG4,exact,PLEKHG4
12320,KCTD19,exact,KCTD19
12321,ATP6V0D1,exact,ATP6V0D1
12322,AC009061.2,unmatched,
12323,AC027682.6,unmatched,
12324,RIPOR1,exact,RIPOR1
12325,AC027682.4,unmatched,
12326,AC027682.1,unmatched,
12327,CTCF,exact,CTCF
12328,AC009095.1,unmatched,
12329,CARMIL2,exact,CARMIL2
12330,ACD,exact,ACD
12331,PARD6A,exact,PARD6A
12332,ENKD1,exact,ENKD1
12333,C16orf86,exact,C16orf86
12334,GFOD2,exact,GFOD2
12335,RANBP10,exact,RANBP10
12336,TSNAXIP1,exact,TSNAXIP1
12337,CENPT,exact,CENPT
12338,THAP11,exact,THAP11
12339,NUTF2,exact,NUTF2
12340,EDC4,exact,EDC4
12341,AC040162.3,unmatched,
12342,NRN1L,exact,NRN1L
12343,PSKH1,exact,PSKH1
12344,CTRL,exact,CTRL
12345,AC040162.1,unmatched,
12346,PSMB10,exact,PSMB10
12347,LCAT,exact,LCAT
12348,SLC12A4,exact,SLC12A4
12349,DPEP3,exact,DPEP3
12350,DPEP2,exact,DPEP2
12351,DUS2,exact,DUS2
12352,DDX28,exact,DDX28
12353,NFATC3,exact,NFATC3
12354,AC020978.5,unmatched,
12355,ESRP2,exact,ESRP2
12356,PLA2G15,exact,PLA2G15
12357,SLC7A6,exact,SLC7A6
12358,SLC7A6OS,exact,SLC7A6OS
12359,PRMT7,exact,PRMT7
12360,SMPD3,exact,SMPD3
12361,ZFP90,exact,ZFP90
12362,AC126773.4,unmatched,
12363,CDH3,exact,CDH3
12364,TANGO6,exact,TANGO6
12365,HAS3,exact,HAS3
12366,CHTF8,exact,CHTF8
12367,UTP4,exact,UTP4
12368,SNTB2,exact,SNTB2
12369,VPS4A,exact,VPS4A
12370,COG8,exact,COG8
12371,COG8.1,unmatched,
12372,PDF,exact,PDF
12373,NIP7,exact,NIP7
12374,TMED6,exact,TMED6
12375,TERF2,exact,TERF2
12376,CYB5B,exact,CYB5B
12377,NFAT5,exact,NFAT5
12378,NQO1,exact,NQO1
12379,AC092115.2,unmatched,
12380,NOB1,exact,NOB1
12381,WWP2,exact,WWP2
12382,CLEC18A,exact,CLEC18A
12383,PDPR,exact,PDPR
12384,EXOSC6,exact,EXOSC6
12385,AARS,official_alias,AARS
12386,DDX19B,exact,DDX19B
12387,DDX19A,exact,DDX19A
12388,ST3GAL2,exact,ST3GAL2
12389,AC012184.1,unmatched,
12390,FUK,official_alias,FUK
12391,COG4,exact,COG4
12392,SF3B3,exact,SF3B3
12393,MTSS1L,official_alias,MTSS1L
12394,VAC14,exact,VAC14
12395,VAC14-AS1,exact,VAC14-AS1
12396,HYDIN,exact,HYDIN
12397,CMTR2,exact,CMTR2
12398,ZNF23,exact,ZNF23
12399,AC010547.1,unmatched,
12400,ZNF19,exact,ZNF19
12401,TAT-AS1,exact,TAT-AS1
12402,MARVELD3,exact,MARVELD3
12403,PHLPP2,exact,PHLPP2
12404,AP1G1,exact,AP1G1
12405,ATXN1L,exact,ATXN1L
12406,IST1,exact,IST1
12407,ZNF821,exact,ZNF821
12408,PKD1L3,exact,PKD1L3
12409,DHODH,exact,DHODH
12410,TXNL4B,exact,TXNL4B
12411,HP,exact,HP
12412,DHX38,exact,DHX38
12413,LINC01572,exact,LINC01572
12414,AC004943.2,unmatched,
12415,ZFHX3,exact,ZFHX3
12416,AC116667.1,unmatched,
12417,AC138627.1,unmatched,
12418,AC009120.4,unmatched,
12419,AC009120.5,unmatched,
12420,PSMD7,exact,PSMD7
12421,AC009120.3,unmatched,
12422,AC009053.2,unmatched,
12423,NPIPB15,exact,NPIPB15
12424,GLG1,exact,GLG1
12425,RFWD3,exact,RFWD3
12426,MLKL,exact,MLKL
12427,WDR59,exact,WDR59
12428,ZNRF1,exact,ZNRF1
12429,ZFP1,exact,ZFP1
12430,CFDP1,exact,CFDP1
12431,AC009163.7,unmatched,
12432,TMEM170A,exact,TMEM170A
12433,CHST6,exact,CHST6
12434,TMEM231,exact,TMEM231
12435,GABARAPL2,exact,GABARAPL2
12436,AC025287.3,unmatched,
12437,ADAT1,exact,ADAT1
12438,KARS,official_alias,KARS
12439,TERF2IP,exact,TERF2IP
12440,MON1B,exact,MON1B
12441,SYCE1L,exact,SYCE1L
12442,NUDT7,exact,NUDT7
12443,WWOX,exact,WWOX
12444,AC046158.1,unmatched,
12445,MAF,exact,MAF
12446,AC009159.3,unmatched,
12447,DYNLRB2,exact,DYNLRB2
12448,CDYL2,exact,CDYL2
12449,CMC2,exact,CMC2
12450,CENPN,exact,CENPN
12451,AC092718.2,unmatched,
12452,ATMIN,exact,ATMIN
12453,AC092718.3,unmatched,
12454,AC092718.5,unmatched,
12455,GCSH,exact,GCSH
12456,AC009148.1,unmatched,
12457,GAN,exact,GAN
12458,CMIP,exact,CMIP
12459,PLCG2,exact,PLCG2
12460,SDR42E1,exact,SDR42E1
12461,HSD17B2,exact,HSD17B2
12462,AC092142.1,unmatched,
12463,MPHOSPH6,exact,MPHOSPH6
12464,HSBP1,exact,HSBP1
12465,MLYCD,exact,MLYCD
12466,AC009119.2,unmatched,
12467,OSGIN1,exact,OSGIN1
12468,MBTPS1,unmatched,
12469,AC040169.1,unmatched,
12470,HSDL1,exact,HSDL1
12471,DNAAF1,exact,DNAAF1
12472,TAF1C,exact,TAF1C
12473,AC009123.1,unmatched,
12474,TLDC1,official_alias,TLDC1
12475,COTL1,exact,COTL1
12476,KLHL36,exact,KLHL36
12477,USP10,exact,USP10
12478,CRISPLD2,exact,CRISPLD2
12479,ZDHHC7,exact,ZDHHC7
12480,KIAA0513,exact,KIAA0513
12481,GSE1,exact,GSE1
12482,GINS2,exact,GINS2
12483,C16orf74,exact,C16orf74
12484,AC018695.2,unmatched,
12485,EMC8,exact,EMC8
12486,COX4I1,exact,COX4I1
12487,IRF8,exact,IRF8
12488,LINC02132,exact,LINC02132
12489,AC135012.1,unmatched,
12490,AC009108.3,unmatched,
12491,MTHFSD,exact,MTHFSD
12492,C16orf95,exact,C16orf95
12493,AC010531.6,unmatched,
12494,FBXO31,exact,FBXO31
12495,MAP1LC3B,exact,MAP1LC3B
12496,ZCCHC14,exact,ZCCHC14
12497,JPH3,exact,JPH3
12498,KLHDC4,exact,KLHDC4
12499,SLC7A5,exact,SLC7A5
12500,CA5A,exact,CA5A
12501,BANP,exact,BANP
12502,ZNF469,exact,ZNF469
12503,ZFPM1,exact,ZFPM1
12504,ZC3H18,exact,ZC3H18
12505,CYBA,exact,CYBA
12506,MVD,exact,MVD
12507,SNAI3-AS1,exact,SNAI3-AS1
12508,SNAI3,exact,SNAI3
12509,RNF166,exact,RNF166
12510,CTU2,exact,CTU2
12511,PIEZO1,exact,PIEZO1
12512,AC138028.4,unmatched,
12513,AC138028.2,unmatched,
12514,AC138028.1,unmatched,
12515,CDT1,exact,CDT1
12516,APRT,exact,APRT
12517,GALNS,exact,GALNS
12518,TRAPPC2L,exact,TRAPPC2L
12519,AC135782.1,unmatched,
12520,ACSF3,exact,ACSF3
12521,AC135782.3,unmatched,
12522,LINC00304,exact,LINC00304
12523,SLC22A31,exact,SLC22A31
12524,AC009113.1,unmatched,
12525,ZNF778,exact,ZNF778
12526,ANKRD11,exact,ANKRD11
12527,AC137932.3,unmatched,
12528,AC137932.1,unmatched,
12529,SPG7,exact,SPG7
12530,AC092123.1,unmatched,
12531,RPL13,exact,RPL13
12532,CHMP1A,exact,CHMP1A
12533,SPATA33,exact,SPATA33
12534,CDK10,exact,CDK10
12535,AC010538.1,unmatched,
12536,SPATA2L,exact,SPATA2L
12537,VPS9D1,exact,VPS9D1
12538,VPS9D1-AS1,exact,VPS9D1-AS1
12539,ZNF276,exact,ZNF276
12540,FANCA,exact,FANCA
12541,SPIRE2,exact,SPIRE2
12542,TCF25,exact,TCF25
12543,MC1R,exact,MC1R
12544,DEF8,exact,DEF8
12545,CENPBD1,unmatched,
12546,DBNDD1,exact,DBNDD1
12547,GAS8,exact,GAS8
12548,FAM157C,unmatched,
12549,AC133919.1,unmatched,
12550,LINC02193,exact,LINC02193
12551,AC240565.1,unmatched,
12552,DOC2B,exact,DOC2B
12553,RPH3AL,exact,RPH3AL
12554,AC141424.1,unmatched,
12555,C17orf97,unmatched,
12556,RFLNB,exact,RFLNB
12557,AC015853.2,unmatched,
12558,VPS53,exact,VPS53
12559,FAM57A,official_alias,FAM57A
12560,GEMIN4,exact,GEMIN4
12561,GLOD4,exact,GLOD4
12562,AC087392.3,unmatched,
12563,MRM3,exact,MRM3
12564,AC087392.5,unmatched,
12565,TIMM22,exact,TIMM22
12566,ABR,exact,ABR
12567,YWHAE,exact,YWHAE
12568,CRK,exact,CRK
12569,AC032044.1,unmatched,
12570,MYO1C,exact,MYO1C
12571,INPP5K,exact,INPP5K
12572,PITPNA-AS1,exact,PITPNA-AS1
12573,PITPNA,exact,PITPNA
12574,SLC43A2,exact,SLC43A2
12575,SCARF1,exact,SCARF1
12576,RILP,exact,RILP
12577,PRPF8,exact,PRPF8
12578,AC130343.2,unmatched,
12579,TLCD2,exact,TLCD2
12580,MIR22HG,exact,MIR22HG
12581,WDR81,exact,WDR81
12582,SERPINF1,exact,SERPINF1
12583,SMYD4,exact,SMYD4
12584,RPA1,exact,RPA1
12585,DPH1,exact,DPH1
12586,AC090617.5,unmatched,
12587,HIC1,exact,HIC1
12588,SMG6,exact,SMG6
12589,AC090617.4,unmatched,
12590,SRR,exact,SRR
12591,TSR1,exact,TSR1
12592,SGSM2,exact,SGSM2
12593,AC006435.2,unmatched,
12594,MNT,exact,MNT
12595,METTL16,exact,METTL16
12596,PAFAH1B1,exact,PAFAH1B1
12597,CLUH,exact,CLUH
12598,AC005696.1,unmatched,
12599,AC005696.4,unmatched,
12600,OR1A1,exact,OR1A1
12601,OR3A2,exact,OR3A2
12602,OR3A1,exact,OR3A1
12603,AC087498.1,unmatched,
12604,OR3A3,exact,OR3A3
12605,TRPV3,exact,TRPV3
12606,TRPV1,exact,TRPV1
12607,AC027796.3,unmatched,
12608,SHPK,exact,SHPK
12609,CTNS,exact,CTNS
12610,TAX1BP3,exact,TAX1BP3
12611,P2RX5-TAX1BP3,exact,P2RX5-TAX1BP3
12612,EMC6,exact,EMC6
12613,P2RX5,exact,P2RX5
12614,ITGAE,exact,ITGAE
12615,AC116914.2,unmatched,
12616,NCBP3,exact,NCBP3
12617,CAMKK1,exact,CAMKK1
12618,ATP2A3,exact,ATP2A3
12619,ZZEF1,exact,ZZEF1
12620,CYB5D2,exact,CYB5D2
12621,ANKFY1,exact,ANKFY1
12622,AC087292.1,unmatched,
12623,UBE2G1,exact,UBE2G1
12624,SPNS3,exact,SPNS3
12625,AC127521.1,unmatched,
12626,MYBBP1A,exact,MYBBP1A
12627,PELP1,exact,PELP1
12628,AC091153.3,unmatched,
12629,ARRB2,exact,ARRB2
12630,MED11,exact,MED11
12631,CXCL16,exact,CXCL16
12632,ZMYND15,exact,ZMYND15
12633,PSMB6,exact,PSMB6
12634,AC233723.1,unmatched,
12635,PLD2,exact,PLD2
12636,MINK1,exact,MINK1
12637,CHRNE,exact,CHRNE
12638,C17orf107,exact,C17orf107
12639,GP1BA,exact,GP1BA
12640,SLC25A11,exact,SLC25A11
12641,RNF167,exact,RNF167
12642,PFN1,exact,PFN1
12643,ENO3,exact,ENO3
12644,SPAG7,exact,SPAG7
12645,CAMTA2,exact,CAMTA2
12646,AC004771.4,unmatched,
12647,AC004771.3,unmatched,
12648,INCA1,exact,INCA1
12649,KIF1C,exact,KIF1C
12650,AC004771.1,unmatched,
12651,SLC52A1,exact,SLC52A1
12652,ZFP3,exact,ZFP3
12653,ZNF232,exact,ZNF232
12654,USP6,exact,USP6
12655,ZNF594,exact,ZNF594
12656,AC087500.1,unmatched,
12657,SCIMP,exact,SCIMP
12658,RABEP1,exact,RABEP1
12659,NUP88,exact,NUP88
12660,AC015727.1,unmatched,
12661,RPAIN,exact,RPAIN
12662,AC004148.2,unmatched,
12663,C1QBP,exact,C1QBP
12664,DHX33,exact,DHX33
12665,DERL2,exact,DERL2
12666,MIS12,exact,MIS12
12667,NLRP1,exact,NLRP1
12668,WSCD1,exact,WSCD1
12669,AIPL1,exact,AIPL1
12670,PITPNM3,exact,PITPNM3
12671,KIAA0753,exact,KIAA0753
12672,TXNDC17,exact,TXNDC17
12673,MED31,exact,MED31
12674,C17orf100,exact,C17orf100
12675,AC004706.1,unmatched,
12676,XAF1,exact,XAF1
12677,ALOX12-AS1,exact,ALOX12-AS1
12678,AC040977.1,unmatched,
12679,ALOX12,exact,ALOX12
12680,RNASEK,exact,RNASEK
12681,RNASEK-C17orf49,exact,RNASEK-C17orf49
12682,C17orf49,exact,C17orf49
12683,SLC16A13,exact,SLC16A13
12684,SLC16A11,exact,SLC16A11
12685,ASGR1,exact,ASGR1
12686,DLG4,exact,DLG4
12687,ACADVL,exact,ACADVL
12688,DVL2,exact,DVL2
12689,PHF23,exact,PHF23
12690,GABARAP,exact,GABARAP
12691,CTDNEP1,exact,CTDNEP1
12692,ELP5,exact,ELP5
12693,CLDN7,exact,CLDN7
12694,EIF5A,exact,EIF5A
12695,GPS2,exact,GPS2
12696,NEURL4,exact,NEURL4
12697,ACAP1,exact,ACAP1
12698,KCTD11,exact,KCTD11
12699,TNK1,exact,TNK1
12700,PLSCR3,exact,PLSCR3
12701,TMEM256,exact,TMEM256
12702,NLGN2,exact,NLGN2
12703,TMEM102,exact,TMEM102
12704,FGF11,exact,FGF11
12705,CHRNB1,exact,CHRNB1
12706,ZBTB4,exact,ZBTB4
12707,POLR2A,exact,POLR2A
12708,TNFSF12,exact,TNFSF12
12709,SENP3,exact,SENP3
12710,EIF4A1,exact,EIF4A1
12711,CD68,exact,CD68
12712,AC016876.1,unmatched,
12713,MPDU1,exact,MPDU1
12714,FXR2,exact,FXR2
12715,SAT2,exact,SAT2
12716,TP53,exact,TP53
12717,WRAP53,exact,WRAP53
12718,DNAH2,exact,DNAH2
12719,KDM6B,exact,KDM6B
12720,TMEM88,exact,TMEM88
12721,NAA38,exact,NAA38
12722,CYB5D1,exact,CYB5D1
12723,CHD3,exact,CHD3
12724,RNF227,exact,RNF227
12725,KCNAB3,exact,KCNAB3
12726,TRAPPC1,exact,TRAPPC1
12727,CNTROB,exact,CNTROB
12728,ALOX12B,exact,ALOX12B
12729,AC129492.1,unmatched,
12730,ALOXE3,exact,ALOXE3
12731,PER1,exact,PER1
12732,VAMP2,exact,VAMP2
12733,TMEM107,exact,TMEM107
12734,BORCS6,exact,BORCS6
12735,AURKB,exact,AURKB
12736,LINC00324,exact,LINC00324
12737,CTC1,exact,CTC1
12738,PFAS,exact,PFAS
12739,AC135178.5,unmatched,
12740,SLC25A35,exact,SLC25A35
12741,RANGRF,exact,RANGRF
12742,AC135178.3,unmatched,
12743,KRBA2,exact,KRBA2
12744,RPL26,exact,RPL26
12745,RNF222,exact,RNF222
12746,NDEL1,exact,NDEL1
12747,MYH10,exact,MYH10
12748,CCDC42,exact,CCDC42
12749,PIK3R5,exact,PIK3R5
12750,AC002091.2,unmatched,
12751,AC005695.3,unmatched,
12752,STX8,exact,STX8
12753,AC005695.2,unmatched,
12754,GAS7,exact,GAS7
12755,MYH3,exact,MYH3
12756,SCO1,exact,SCO1
12757,ADPRM,exact,ADPRM
12758,TMEM220,exact,TMEM220
12759,TMEM220-AS1,exact,TMEM220-AS1
12760,AC005410.2,unmatched,
12761,ZNF18,exact,ZNF18
12762,MAP2K4,exact,MAP2K4
12763,AC005358.2,unmatched,
12764,ARHGAP44,exact,ARHGAP44
12765,AC005277.2,unmatched,
12766,ELAC2,exact,ELAC2
12767,AC005304.3,unmatched,
12768,COX10,exact,COX10
12769,AC005224.1,unmatched,
12770,HS3ST3B1,exact,HS3ST3B1
12771,AC005224.4,unmatched,
12772,AC005224.3,unmatched,
12773,CDRT4,exact,CDRT4
12774,TVP23C,exact,TVP23C
12775,AC005838.2,unmatched,
12776,TRIM16,exact,TRIM16
12777,ZNF286A,exact,ZNF286A
12778,LINC02087,unmatched,
12779,ZSWIM7,exact,ZSWIM7
12780,TTC19,exact,TTC19
12781,AC002553.2,unmatched,
12782,NCOR1,exact,NCOR1
12783,AC002553.1,unmatched,
12784,PIGL,exact,PIGL
12785,CENPV,exact,CENPV
12786,UBB,exact,UBB
12787,AC093484.2,unmatched,
12788,TRPV2,exact,TRPV2
12789,LRRC75A,exact,LRRC75A
12790,ZNF287,exact,ZNF287
12791,ZNF624,exact,ZNF624
12792,CCDC144A,exact,CCDC144A
12793,AC098850.3,unmatched,
12794,AC098850.1,unmatched,
12795,MPRIP,exact,MPRIP
12796,MPRIP-AS1,exact,MPRIP-AS1
12797,PLD6,exact,PLD6
12798,FLCN,exact,FLCN
12799,AC055811.3,unmatched,
12800,COPS3,exact,COPS3
12801,NT5M,exact,NT5M
12802,MED9,exact,MED9
12803,PEMT,exact,PEMT
12804,RAI1,exact,RAI1
12805,SMCR5,exact,SMCR5
12806,SREBF1,exact,SREBF1
12807,TOM1L2,exact,TOM1L2
12808,AC122129.1,unmatched,
12809,DRC3,exact,DRC3
12810,ATPAF2,exact,ATPAF2
12811,GID4,exact,GID4
12812,DRG2,exact,DRG2
12813,MYO15A,exact,MYO15A
12814,AC087164.1,unmatched,
12815,ALKBH5,exact,ALKBH5
12816,LLGL1,exact,LLGL1
12817,FLII,exact,FLII
12818,MIEF2,exact,MIEF2
12819,AC127537.1,unmatched,
12820,TOP3A,exact,TOP3A
12821,SMCR8,exact,SMCR8
12822,SHMT1,exact,SHMT1
12823,EVPLL,exact,EVPLL
12824,LINC02076,exact,LINC02076
12825,ZNF286B,exact,ZNF286B
12826,TRIM16L,exact,TRIM16L
12827,FBXW10,exact,FBXW10
12828,TVP23B,exact,TVP23B
12829,AC107982.3,unmatched,
12830,PRPSAP2,exact,PRPSAP2
12831,SLC5A10,exact,SLC5A10
12832,FAM83G,exact,FAM83G
12833,GRAP,exact,GRAP
12834,AC007952.7,unmatched,
12835,AC007952.4,unmatched,
12836,GRAPL,exact,GRAPL
12837,AC007952.6,unmatched,
12838,AC007952.5,unmatched,
12839,EPN2,exact,EPN2
12840,B9D1,exact,B9D1
12841,MAPK7,exact,MAPK7
12842,ALDH3A2,exact,ALDH3A2
12843,SLC47A2,exact,SLC47A2
12844,ULK2,exact,ULK2
12845,AC015726.1,unmatched,
12846,AKAP10,exact,AKAP10
12847,SPECC1,exact,SPECC1
12848,AC015818.2,unmatched,
12849,CCDC144NL,unmatched,
12850,AC090774.3,unmatched,
12851,USP22,exact,USP22
12852,AC087393.2,unmatched,
12853,DHRS7B,exact,DHRS7B
12854,TMEM11,exact,TMEM11
12855,AC087294.1,unmatched,
12856,NATD1,exact,NATD1
12857,MAP2K3,exact,MAP2K3
12858,KCNJ12,exact,KCNJ12
12859,C17orf51,official_alias,C17orf51
12860,AC132825.3,unmatched,
12861,MTRNR2L1,exact,MTRNR2L1
12862,WSB1,exact,WSB1
12863,KSR1,exact,KSR1
12864,LGALS9,exact,LGALS9
12865,AC005697.2,unmatched,
12866,LYRM9,exact,LYRM9
12867,NLK,exact,NLK
12868,TMEM97,exact,TMEM97
12869,IFT20,exact,IFT20
12870,TNFAIP1,exact,TNFAIP1
12871,POLDIP2,exact,POLDIP2
12872,TMEM199,exact,TMEM199
12873,SARM1,exact,SARM1
12874,SLC46A1,exact,SLC46A1
12875,AC015917.2,unmatched,
12876,AC005726.1,unmatched,
12877,UNC119,exact,UNC119
12878,PIGS,exact,PIGS
12879,ALDOC,exact,ALDOC
12880,SPAG5,exact,SPAG5
12881,AC005726.5,unmatched,
12882,SGK494,official_alias,SGK494
12883,KIAA0100,official_alias,KIAA0100
12884,SDF2,exact,SDF2
12885,SUPT6H,exact,SUPT6H
12886,AC010761.3,unmatched,
12887,PROCA1,exact,PROCA1
12888,RAB34,exact,RAB34
12889,RPL23A,exact,RPL23A
12890,AC010761.1,unmatched,
12891,TLCD1,exact,TLCD1
12892,NEK8,exact,NEK8
12893,AC010761.2,unmatched,
12894,TRAF4,exact,TRAF4
12895,FAM222B,exact,FAM222B
12896,ERAL1,exact,ERAL1
12897,AC024267.1,unmatched,
12898,FLOT2,exact,FLOT2
12899,AC024267.3,unmatched,
12900,AC024267.6,unmatched,
12901,DHRS13,exact,DHRS13
12902,PHF12,exact,PHF12
12903,AC024267.5,unmatched,
12904,PIPOX,exact,PIPOX
12905,SEZ6,exact,SEZ6
12906,MYO18A,exact,MYO18A
12907,TIAF1,official_alias,TIAF1
12908,NUFIP2,exact,NUFIP2
12909,AC068025.2,unmatched,
12910,TAOK1,exact,TAOK1
12911,ABHD15-AS1,unmatched,
12912,ABHD15,exact,ABHD15
12913,TP53I13,exact,TP53I13
12914,GIT1,exact,GIT1
12915,CORO6,exact,CORO6
12916,SSH2,exact,SSH2
12917,AC023389.1,unmatched,
12918,AC104982.1,unmatched,
12919,EFCAB5,exact,EFCAB5
12920,NSRP1,exact,NSRP1
12921,AC104984.3,unmatched,
12922,AC104984.6,unmatched,
12923,SLC6A4,exact,SLC6A4
12924,AC104984.4,unmatched,
12925,BLMH,exact,BLMH
12926,CPD,exact,CPD
12927,GOSR1,exact,GOSR1
12928,TBC1D29,official_alias,TBC1D29
12929,AC127024.2,unmatched,
12930,CRLF3,exact,CRLF3
12931,AC127024.5,unmatched,
12932,AC127024.6,unmatched,
12933,ATAD5,exact,ATAD5
12934,AC130324.2,unmatched,
12935,AC130324.1,unmatched,
12936,TEFM,exact,TEFM
12937,AC130324.3,unmatched,
12938,ADAP2,exact,ADAP2
12939,RNF135,exact,RNF135
12940,AC138207.7,unmatched,
12941,NF1,exact,NF1
12942,OMG,exact,OMG
12943,EVI2B,exact,EVI2B
12944,EVI2A,exact,EVI2A
12945,RAB11FIP4,exact,RAB11FIP4
12946,COPRS,exact,COPRS
12947,UTP6,exact,UTP6
12948,SUZ12,exact,SUZ12
12949,LRRC37B,exact,LRRC37B
12950,AC116407.2,unmatched,
12951,RHOT1,exact,RHOT1
12952,C17orf75,exact,C17orf75
12953,ZNF207,exact,ZNF207
12954,AC005899.6,unmatched,
12955,AC005899.7,unmatched,
12956,AC005899.5,unmatched,
12957,AC005899.8,unmatched,
12958,AC005899.1,unmatched,
12959,PSMD11,exact,PSMD11
12960,CDK5R1,exact,CDK5R1
12961,MYO1D,exact,MYO1D
12962,AC084809.1,unmatched,
12963,TMEM132E,exact,TMEM132E
12964,CCT6B,exact,CCT6B
12965,ZNF830,exact,ZNF830
12966,LIG3,exact,LIG3
12967,RFFL,exact,RFFL
12968,AC004223.4,unmatched,
12969,AC004223.2,unmatched,
12970,RAD51D,exact,RAD51D
12971,NLE1,exact,NLE1
12972,UNC45B,exact,UNC45B
12973,SLC35G3,exact,SLC35G3
12974,AC022916.1,unmatched,
12975,SLFN5,exact,SLFN5
12976,AC022706.1,unmatched,
12977,SLFN11,exact,SLFN11
12978,AC060766.6,unmatched,
12979,SLFN12,exact,SLFN12
12980,SLFN13,exact,SLFN13
12981,SLFN12L,unmatched,
12982,LINC02001,unmatched,
12983,PEX12,exact,PEX12
12984,AP2B1,exact,AP2B1
12985,TAF15,exact,TAF15
12986,RASL10B,exact,RASL10B
12987,MMP28,exact,MMP28
12988,C17orf50,exact,C17orf50
12989,AC015849.3,unmatched,
12990,CCL5,exact,CCL5
12991,ZNHIT3,exact,ZNHIT3
12992,MYO19,exact,MYO19
12993,PIGW,exact,PIGW
12994,GGNBP2,exact,GGNBP2
12995,DHRS11,exact,DHRS11
12996,MRM1,exact,MRM1
12997,AC243830.2,unmatched,
12998,AATF,exact,AATF
12999,ACACA,exact,ACACA
13000,TADA2A,exact,TADA2A
13001,DUSP14,exact,DUSP14
13002,SYNRG,exact,SYNRG
13003,DDX52,exact,DDX52
13004,AC243585.2,unmatched,
13005,MRPL45,exact,MRPL45
13006,SOCS7,exact,SOCS7
13007,EPOP,exact,EPOP
13008,AC006449.6,unmatched,
13009,AC006449.2,unmatched,
13010,MLLT6,exact,MLLT6
13011,AC006449.3,unmatched,
13012,CISD3,exact,CISD3
13013,PCGF2,exact,PCGF2
13014,PSMB3,exact,PSMB3
13015,PIP4K2B,exact,PIP4K2B
13016,CWC25,exact,CWC25
13017,RPL23,exact,RPL23
13018,LASP1,exact,LASP1
13019,AC006441.1,unmatched,
13020,LINC00672,unmatched,
13021,PLXDC1,exact,PLXDC1
13022,CACNB1,exact,CACNB1
13023,RPL19,exact,RPL19
13024,STAC2,exact,STAC2
13025,FBXL20,exact,FBXL20
13026,AC005288.1,unmatched,
13027,MED1,exact,MED1
13028,CDK12,exact,CDK12
13029,AC009283.1,unmatched,
13030,NEUROD2,exact,NEUROD2
13031,STARD3,exact,STARD3
13032,TCAP,exact,TCAP
13033,PGAP3,exact,PGAP3
13034,ERBB2,exact,ERBB2
13035,MIEN1,exact,MIEN1
13036,IKZF3,exact,IKZF3
13037,ZPBP2,exact,ZPBP2
13038,GSDMB,exact,GSDMB
13039,ORMDL3,exact,ORMDL3
13040,AC090844.2,unmatched,
13041,PSMD3,exact,PSMD3
13042,MED24,exact,MED24
13043,THRA,exact,THRA
13044,NR1D1,exact,NR1D1
13045,MSL1,exact,MSL1
13046,CASC3,exact,CASC3
13047,RAPGEFL1,exact,RAPGEFL1
13048,WIPF2,exact,WIPF2
13049,CDC6,exact,CDC6
13050,RARA,exact,RARA
13051,RARA-AS1,exact,RARA-AS1
13052,TOP2A,exact,TOP2A
13053,IGFBP4,exact,IGFBP4
13054,AC004585.1,unmatched,
13055,CCR7,exact,CCR7
13056,SMARCE1,exact,SMARCE1
13057,AC073508.3,unmatched,
13058,KRT10,exact,KRT10
13059,TMEM99,unmatched,
13060,EIF1,exact,EIF1
13061,HAP1,exact,HAP1
13062,JUP,exact,JUP
13063,P3H4,exact,P3H4
13064,NT5C3B,exact,NT5C3B
13065,KLHL10,exact,KLHL10
13066,KLHL11,exact,KLHL11
13067,ACLY,exact,ACLY
13068,CNP,exact,CNP
13069,DNAJC7,exact,DNAJC7
13070,NKIRAS2,exact,NKIRAS2
13071,ZNF385C,exact,ZNF385C
13072,C17orf113,exact,C17orf113
13073,DHX58,exact,DHX58
13074,KAT2A,exact,KAT2A
13075,HSPB9,exact,HSPB9
13076,RAB5C,exact,RAB5C
13077,HCRT,exact,HCRT
13078,GHDC,exact,GHDC
13079,STAT5B,exact,STAT5B
13080,AC099811.4,unmatched,
13081,STAT5A,exact,STAT5A
13082,STAT3,exact,STAT3
13083,ATP6V0A1,exact,ATP6V0A1
13084,NAGLU,exact,NAGLU
13085,HSD17B1,exact,HSD17B1
13086,AC067852.2,unmatched,
13087,COASY,exact,COASY
13088,MLX,exact,MLX
13089,PSMC3IP,exact,PSMC3IP
13090,RETREG3,exact,RETREG3
13091,TUBG1,exact,TUBG1
13092,TUBG2,exact,TUBG2
13093,PLEKHH3,exact,PLEKHH3
13094,CCR10,exact,CCR10
13095,AC100793.2,unmatched,
13096,CNTNAP1,exact,CNTNAP1
13097,EZH1,exact,EZH1
13098,RAMP2-AS1,exact,RAMP2-AS1
13099,VPS25,exact,VPS25
13100,WNK4,exact,WNK4
13101,COA3,exact,COA3
13102,CNTD1,exact,CNTD1
13103,BECN1,exact,BECN1
13104,PSME3,exact,PSME3
13105,AOC2,exact,AOC2
13106,AOC3,exact,AOC3
13107,AARSD1,exact,AARSD1
13108,PTGES3L,exact,PTGES3L
13109,RUNDC1,exact,RUNDC1
13110,RPL27,exact,RPL27
13111,IFI35,exact,IFI35
13112,VAT1,exact,VAT1
13113,RND2,exact,RND2
13114,BRCA1,exact,BRCA1
13115,AC060780.1,unmatched,
13116,NBR1,exact,NBR1
13117,TMEM106A,exact,TMEM106A
13118,LINC00854,official_alias,LINC00854
13119,LINC00910,unmatched,
13120,ARL4D,exact,ARL4D
13121,DHX8,exact,DHX8
13122,MEOX1,exact,MEOX1
13123,DUSP3,exact,DUSP3
13124,CFAP97D1,exact,CFAP97D1
13125,MPP2,exact,MPP2
13126,AC007993.3,unmatched,
13127,LINC01976,exact,LINC01976
13128,NAGS,exact,NAGS
13129,TMEM101,exact,TMEM101
13130,LSM12,exact,LSM12
13131,G6PC3,exact,G6PC3
13132,HDAC5,exact,HDAC5
13133,AC023855.1,unmatched,
13134,C17orf53,official_alias,C17orf53
13135,ASB16,exact,ASB16
13136,ASB16-AS1,exact,ASB16-AS1
13137,TMUB2,exact,TMUB2
13138,ATXN7L3,exact,ATXN7L3
13139,UBTF,exact,UBTF
13140,AC003102.1,unmatched,
13141,SLC4A1,exact,SLC4A1
13142,RUNDC3A-AS1,unmatched,
13143,SLC25A39,exact,SLC25A39
13144,GRN,exact,GRN
13145,FAM171A2,exact,FAM171A2
13146,ITGA2B,exact,ITGA2B
13147,GPATCH8,exact,GPATCH8
13148,MEIOC,exact,MEIOC
13149,CCDC43,exact,CCDC43
13150,AC091152.2,unmatched,
13151,DBF4B,exact,DBF4B
13152,GJC1,exact,GJC1
13153,HIGD1B,exact,HIGD1B
13154,EFTUD2,exact,EFTUD2
13155,KIF18B,exact,KIF18B
13156,AC015936.1,unmatched,
13157,DCAKD,exact,DCAKD
13158,NMT1,exact,NMT1
13159,PLCD3,exact,PLCD3
13160,ACBD4,exact,ACBD4
13161,AC142472.1,unmatched,
13162,HEXIM1,exact,HEXIM1
13163,AC138150.1,unmatched,
13164,HEXIM2,exact,HEXIM2
13165,AC138150.2,unmatched,
13166,AC008105.3,unmatched,
13167,FMNL1,exact,FMNL1
13168,AC008105.1,unmatched,
13169,MAP3K14-AS1,unmatched,
13170,SPATA32,exact,SPATA32
13171,MAP3K14,exact,MAP3K14
13172,ARHGAP27,exact,ARHGAP27
13173,PLEKHM1,exact,PLEKHM1
13174,AC091132.2,unmatched,
13175,AC091132.1,unmatched,
13176,AC091132.5,unmatched,
13177,LINC02210-CRHR1,exact,LINC02210-CRHR1
13178,MAPT,exact,MAPT
13179,KANSL1,exact,KANSL1
13180,KANSL1-AS1,exact,KANSL1-AS1
13181,ARL17B,exact,ARL17B
13182,LRRC37A,exact,LRRC37A
13183,LRRC37A2,exact,LRRC37A2
13184,ARL17A,exact,ARL17A
13185,FAM215B,unmatched,
13186,NSF,exact,NSF
13187,WNT3,exact,WNT3
13188,GOSR2,exact,GOSR2
13189,AC005670.2,unmatched,
13190,CDC27,exact,CDC27
13191,AC068234.2,unmatched,
13192,EFCAB13,exact,EFCAB13
13193,AC040934.1,unmatched,
13194,NPEPPS,exact,NPEPPS
13195,AC025682.1,unmatched,
13196,KPNB1,exact,KPNB1
13197,AC015674.1,unmatched,
13198,TBKBP1,exact,TBKBP1
13199,OSBPL7,exact,OSBPL7
13200,MRPL10,exact,MRPL10
13201,LRRC46,exact,LRRC46
13202,SCRN2,exact,SCRN2
13203,AC018521.7,unmatched,
13204,SP2,exact,SP2
13205,SP2-AS1,exact,SP2-AS1
13206,PNPO,exact,PNPO
13207,AC018521.2,unmatched,
13208,CDK5RAP3,exact,CDK5RAP3
13209,AC018521.4,unmatched,
13210,COPZ2,exact,COPZ2
13211,NFE2L1,exact,NFE2L1
13212,AC004477.3,unmatched,
13213,CBX1,exact,CBX1
13214,SNX11,exact,SNX11
13215,SKAP1,exact,SKAP1
13216,SKAP1-AS1,exact,SKAP1-AS1
13217,AC090627.1,unmatched,
13218,HOXB2,exact,HOXB2
13219,HOXB-AS1,exact,HOXB-AS1
13220,HOXB3,exact,HOXB3
13221,HOXB4,exact,HOXB4
13222,CALCOCO2,exact,CALCOCO2
13223,ATP5MC1,exact,ATP5MC1
13224,UBE2Z,exact,UBE2Z
13225,SNF8,exact,SNF8
13226,AC091133.1,unmatched,
13227,GNGT2,exact,GNGT2
13228,ABI3,exact,ABI3
13229,ZNF652,exact,ZNF652
13230,AC091180.2,unmatched,
13231,PHB,unmatched,
13232,SPOP,exact,SPOP
13233,SLC35B1,exact,SLC35B1
13234,FAM117A,exact,FAM117A
13235,KAT7,exact,KAT7
13236,TAC4,exact,TAC4
13237,FLJ45513,unmatched,
13238,DLX4,exact,DLX4
13239,ITGA3,exact,ITGA3
13240,PDK2,exact,PDK2
13241,SAMD14,exact,SAMD14
13242,PPP1R9B,exact,PPP1R9B
13243,XYLT2,exact,XYLT2
13244,MRPL27,exact,MRPL27
13245,EME1,exact,EME1
13246,LRRC59,exact,LRRC59
13247,ACSF2,exact,ACSF2
13248,RSAD1,exact,RSAD1
13249,MYCBPAP,exact,MYCBPAP
13250,SPATA20,exact,SPATA20
13251,ANKRD40,exact,ANKRD40
13252,AC005921.2,unmatched,
13253,LUC7L3,exact,LUC7L3
13254,LINC00483,official_alias,LINC00483
13255,TOB1,exact,TOB1
13256,AC005920.1,unmatched,
13257,SPAG9,exact,SPAG9
13258,NME1,exact,NME1
13259,NME2,exact,NME2
13260,MBTD1,exact,MBTD1
13261,UTP18,exact,UTP18
13262,LINC02071,exact,LINC02071
13263,TOM1L1,exact,TOM1L1
13264,COX11,exact,COX11
13265,STXBP4,exact,STXBP4
13266,MMD,exact,MMD
13267,PCTP,exact,PCTP
13268,NOG,exact,NOG
13269,C17orf67,exact,C17orf67
13270,DGKE,exact,DGKE
13271,TRIM25,exact,TRIM25
13272,AC015912.3,unmatched,
13273,COIL,exact,COIL
13274,AC004584.1,unmatched,
13275,SCPEP1,exact,SCPEP1
13276,AC007114.1,unmatched,
13277,AKAP1,exact,AKAP1
13278,AC007114.2,unmatched,
13279,MSI2,exact,MSI2
13280,AC015845.2,unmatched,
13281,MRPS23,exact,MRPS23
13282,VEZF1,exact,VEZF1
13283,AC015813.2,unmatched,
13284,AC015813.1,unmatched,
13285,SRSF1,exact,SRSF1
13286,AC015813.3,unmatched,
13287,DYNLL2,exact,DYNLL2
13288,OR4D1,exact,OR4D1
13289,EPX,exact,EPX
13290,AC005962.1,unmatched,
13291,MKS1,exact,MKS1
13292,TSPOAP1,exact,TSPOAP1
13293,TSPOAP1-AS1,exact,TSPOAP1-AS1
13294,AC004687.1,unmatched,
13295,SUPT4H1,exact,SUPT4H1
13296,RNF43,exact,RNF43
13297,HSF5,exact,HSF5
13298,MTMR4,exact,MTMR4
13299,SEPT4,official_alias,SEPT4
13300,TEX14,exact,TEX14
13301,RAD51C,exact,RAD51C
13302,TRIM37,exact,TRIM37
13303,AC099850.1,unmatched,
13304,SKA2,exact,SKA2
13305,PRR11,exact,PRR11
13306,SMG8,exact,SMG8
13307,GDPD1,exact,GDPD1
13308,YPEL2,exact,YPEL2
13309,DHX40,exact,DHX40
13310,AC091271.1,unmatched,
13311,CLTC,exact,CLTC
13312,PTRH2,exact,PTRH2
13313,VMP1,exact,VMP1
13314,TUBD1,exact,TUBD1
13315,RPS6KB1,exact,RPS6KB1
13316,RNFT1,exact,RNFT1
13317,RNFT1-DT,exact,RNFT1-DT
13318,HEATR6,exact,HEATR6
13319,AC025048.4,unmatched,
13320,USP32,exact,USP32
13321,APPBP2,exact,APPBP2
13322,AC011921.1,unmatched,
13323,PPM1D,exact,PPM1D
13324,BCAS3,exact,BCAS3
13325,NACA2,exact,NACA2
13326,BRIP1,exact,BRIP1
13327,INTS2,unmatched,
13328,MED13,exact,MED13
13329,METTL2A,exact,METTL2A
13330,TLK2,exact,TLK2
13331,AC080038.2,unmatched,
13332,MRC2,exact,MRC2
13333,MARCH10,official_alias,MARCH10
13334,TANC2,exact,TANC2
13335,CYB561,exact,CYB561
13336,KCNH6,exact,KCNH6
13337,DCAF7,exact,DCAF7
13338,TACO1,exact,TACO1
13339,MAP3K3,exact,MAP3K3
13340,STRADA,exact,STRADA
13341,LIMD2,exact,LIMD2
13342,CCDC47,exact,CCDC47
13343,DDX42,exact,DDX42
13344,FTSJ3,exact,FTSJ3
13345,PSMC5,exact,PSMC5
13346,SMARCD2,exact,SMARCD2
13347,GH1,exact,GH1
13348,CD79B,exact,CD79B
13349,PRR29-AS1,exact,PRR29-AS1
13350,PRR29,exact,PRR29
13351,ICAM2,exact,ICAM2
13352,ERN1,exact,ERN1
13353,SNHG25,exact,SNHG25
13354,TEX2,exact,TEX2
13355,PECAM1,exact,PECAM1
13356,MILR1,exact,MILR1
13357,POLG2,exact,POLG2
13358,DDX5,exact,DDX5
13359,CEP95,exact,CEP95
13360,SMURF2,exact,SMURF2
13361,LRRC37A3,exact,LRRC37A3
13362,AC103810.2,unmatched,
13363,AC103810.5,unmatched,
13364,AC037487.1,unmatched,
13365,GNA13,exact,GNA13
13366,AC037487.2,unmatched,
13367,AXIN2,exact,AXIN2
13368,CEP112,exact,CEP112
13369,PRKCA,exact,PRKCA
13370,PRKCA-AS1,unmatched,
13371,HELZ,exact,HELZ
13372,AC007448.3,unmatched,
13373,PSMD12,exact,PSMD12
13374,PITPNC1,exact,PITPNC1
13375,NOL11,exact,NOL11
13376,BPTF,exact,BPTF
13377,AC134407.1,unmatched,
13378,C17orf58,exact,C17orf58
13379,KPNA2,exact,KPNA2
13380,AC005332.7,unmatched,
13381,AC005332.4,unmatched,
13382,AC005332.6,unmatched,
13383,AC005332.8,unmatched,
13384,AC005332.3,unmatched,
13385,AC005332.5,unmatched,
13386,AC005332.1,unmatched,
13387,AMZ2,exact,AMZ2
13388,ARSG,exact,ARSG
13389,SLC16A6,exact,SLC16A6
13390,WIPI1,exact,WIPI1
13391,PRKAR1A,exact,PRKAR1A
13392,FAM20A,exact,FAM20A
13393,ABCA6,exact,ABCA6
13394,ABCA10,exact,ABCA10
13395,ABCA5,exact,ABCA5
13396,MAP2K6,exact,MAP2K6
13397,LINC01483,exact,LINC01483
13398,LINC00511,exact,LINC00511
13399,SLC39A11,exact,SLC39A11
13400,SSTR2,exact,SSTR2
13401,COG1,exact,COG1
13402,AC097641.2,unmatched,
13403,FAM104A,unmatched,
13404,C17orf80,exact,C17orf80
13405,CDC42EP4,exact,CDC42EP4
13406,SDK2,exact,SDK2
13407,RPL38,exact,RPL38
13408,AC100786.1,unmatched,
13409,TTYH2,exact,TTYH2
13410,KIF19,exact,KIF19
13411,CD300A,exact,CD300A
13412,C17orf77,unmatched,
13413,RAB37,exact,RAB37
13414,AC064805.2,unmatched,
13415,SLC9A3R1,unmatched,
13416,NAT9,exact,NAT9
13417,TMEM104,exact,TMEM104
13418,GRIN2C,exact,GRIN2C
13419,FDXR,exact,FDXR
13420,HID1,exact,HID1
13421,MRPL58,exact,MRPL58
13422,KCTD2,exact,KCTD2
13423,ATP5PD,exact,ATP5PD
13424,SLC16A5,exact,SLC16A5
13425,ARMC7,exact,ARMC7
13426,NT5C,exact,NT5C
13427,JPT1,exact,JPT1
13428,SUMO2,exact,SUMO2
13429,NUP85,exact,NUP85
13430,GGA3,exact,GGA3
13431,MRPS7,exact,MRPS7
13432,MIF4GD,exact,MIF4GD
13433,AC022211.2,unmatched,
13434,SLC25A19,exact,SLC25A19
13435,GRB2,exact,GRB2
13436,AC011933.4,unmatched,
13437,TMEM94,exact,TMEM94
13438,TSEN54,exact,TSEN54
13439,LLGL2,exact,LLGL2
13440,MYO15B,exact,MYO15B
13441,RECQL5,exact,RECQL5
13442,SAP30BP,exact,SAP30BP
13443,GALK1,exact,GALK1
13444,H3F3B,official_alias,H3F3B
13445,UNK,exact,UNK
13446,UNC13D,exact,UNC13D
13447,WBP2,exact,WBP2
13448,TRIM47,exact,TRIM47
13449,AC087289.5,unmatched,
13450,TRIM65,exact,TRIM65
13451,AC087289.2,unmatched,
13452,MRPL38,exact,MRPL38
13453,FBF1,exact,FBF1
13454,ACOX1,exact,ACOX1
13455,TEN1,exact,TEN1
13456,CDK3,exact,CDK3
13457,EVPL,exact,EVPL
13458,SRP68,exact,SRP68
13459,ZACN,exact,ZACN
13460,GALR2,exact,GALR2
13461,EXOC7,exact,EXOC7
13462,FOXJ1,exact,FOXJ1
13463,RNF157-AS1,exact,RNF157-AS1
13464,RNF157,exact,RNF157
13465,UBALD2,exact,UBALD2
13466,QRICH2,exact,QRICH2
13467,PRPSAP1,exact,PRPSAP1
13468,UBE2O,exact,UBE2O
13469,RHBDF2,exact,RHBDF2
13470,PRCD,exact,PRCD
13471,AC015802.4,unmatched,
13472,AC015802.6,unmatched,
13473,ST6GALNAC1,exact,ST6GALNAC1
13474,AC005837.1,unmatched,
13475,MXRA7,exact,MXRA7
13476,JMJD6,exact,JMJD6
13477,METTL23,exact,METTL23
13478,SRSF2,exact,SRSF2
13479,MFSD11,exact,MFSD11
13480,MGAT5B,exact,MGAT5B
13481,SEC14L1,exact,SEC14L1
13482,SEPT9,official_alias,SEPT9
13483,AC111182.1,unmatched,
13484,AC111170.1,unmatched,
13485,TNRC6C,exact,TNRC6C
13486,TMC6,exact,TMC6
13487,TMC8,exact,TMC8
13488,C17orf99,exact,C17orf99
13489,SYNGR2,exact,SYNGR2
13490,AFMID,exact,AFMID
13491,BIRC5,exact,BIRC5
13492,LINC01993,exact,LINC01993
13493,AC087645.2,unmatched,
13494,SOCS3,exact,SOCS3
13495,PGS1,exact,PGS1
13496,LINC02081,official_alias,LINC02081
13497,CYTH1,exact,CYTH1
13498,USP36,exact,USP36
13499,TIMP2,exact,TIMP2
13500,CEP295NL,exact,CEP295NL
13501,AC100788.1,unmatched,
13502,LGALS3BP,exact,LGALS3BP
13503,CANT1,exact,CANT1
13504,ENGASE,exact,ENGASE
13505,RBFOX3,exact,RBFOX3
13506,LINC02078,exact,LINC02078
13507,CBX8,exact,CBX8
13508,CBX4,exact,CBX4
13509,LINC01978,exact,LINC01978
13510,TBC1D16,exact,TBC1D16
13511,CCDC40,exact,CCDC40
13512,GAA,exact,GAA
13513,EIF4A3,exact,EIF4A3
13514,AC087741.2,unmatched,
13515,CARD14,exact,CARD14
13516,AC087741.1,unmatched,
13517,SGSH,exact,SGSH
13518,SLC26A11,exact,SLC26A11
13519,RNF213,exact,RNF213
13520,AC124319.2,unmatched,
13521,ENDOV,exact,ENDOV
13522,AC120024.1,unmatched,
13523,RPTOR,exact,RPTOR
13524,AC016245.1,unmatched,
13525,AC127496.1,unmatched,
13526,CHMP6,exact,CHMP6
13527,AC127496.5,unmatched,
13528,BAIAP2-DT,exact,BAIAP2-DT
13529,BAIAP2,exact,BAIAP2
13530,CEP131,exact,CEP131
13531,TEPSIN,exact,TEPSIN
13532,AC027601.1,unmatched,
13533,NDUFAF8,exact,NDUFAF8
13534,SLC38A10,exact,SLC38A10
13535,AC027601.4,unmatched,
13536,ACTG1,exact,ACTG1
13537,FAAP100,exact,FAAP100
13538,NPLOC4,exact,NPLOC4
13539,TSPAN10,exact,TSPAN10
13540,PDE6G,exact,PDE6G
13541,OXLD1,exact,OXLD1
13542,CCDC137,exact,CCDC137
13543,ARL16,exact,ARL16
13544,HGS,exact,HGS
13545,AC139530.3,unmatched,
13546,AC139530.1,unmatched,
13547,MRPL12,exact,MRPL12
13548,SLC25A10,exact,SLC25A10
13549,MCRIP1,exact,MCRIP1
13550,P4HB,exact,P4HB
13551,ARHGDIA,exact,ARHGDIA
13552,AC145207.2,unmatched,
13553,AC145207.5,unmatched,
13554,AC145207.6,unmatched,
13555,ALYREF,exact,ALYREF
13556,ANAPC11,exact,ANAPC11
13557,PCYT2,exact,PCYT2
13558,SIRT7,exact,SIRT7
13559,MAFG,exact,MAFG
13560,PYCR1,exact,PYCR1
13561,ASPSCR1,exact,ASPSCR1
13562,CENPX,exact,CENPX
13563,LRRC45,exact,LRRC45
13564,DCXR,exact,DCXR
13565,AC137723.1,unmatched,
13566,RFNG,exact,RFNG
13567,GPS1,exact,GPS1
13568,DUS1L,exact,DUS1L
13569,FASN,exact,FASN
13570,CCDC57,exact,CCDC57
13571,SLC16A3,exact,SLC16A3
13572,CSNK1D,exact,CSNK1D
13573,LINC01970,exact,LINC01970
13574,AC132872.1,unmatched,
13575,CD7,exact,CD7
13576,SECTM1,exact,SECTM1
13577,OGFOD3,exact,OGFOD3
13578,HEXDC,official_alias,HEXDC
13579,CYBC1,exact,CYBC1
13580,NARF,exact,NARF
13581,NARF-AS1,unmatched,
13582,FOXK2,exact,FOXK2
13583,AC124283.1,unmatched,
13584,WDR45B,exact,WDR45B
13585,RAB40B,exact,RAB40B
13586,AC024361.2,unmatched,
13587,FN3KRP,exact,FN3KRP
13588,FN3K,exact,FN3K
13589,TBCD,exact,TBCD
13590,AC087222.1,unmatched,
13591,B3GNTL1,exact,B3GNTL1
13592,AC139099.3,unmatched,
13593,USP14,exact,USP14
13594,THOC1,exact,THOC1
13595,AP000845.1,unmatched,
13596,COLEC12,exact,COLEC12
13597,CLUL1,exact,CLUL1
13598,TYMS,exact,TYMS
13599,ENOSF1,exact,ENOSF1
13600,AP001178.2,unmatched,
13601,YES1,exact,YES1
13602,AP001020.3,unmatched,
13603,AP001020.1,unmatched,
13604,AP000894.4,unmatched,
13605,LINC00470,unmatched,
13606,METTL4,exact,METTL4
13607,NDC80,exact,NDC80
13608,SMCHD1,exact,SMCHD1
13609,EMILIN2,exact,EMILIN2
13610,LPIN2,exact,LPIN2
13611,AP000919.2,unmatched,
13612,MYOM1,exact,MYOM1
13613,AP005329.3,unmatched,
13614,MYL12A,exact,MYL12A
13615,AP005329.1,unmatched,
13616,MYL12B,exact,MYL12B
13617,TGIF1,exact,TGIF1
13618,DLGAP1-AS1,unmatched,
13619,DLGAP1-AS2,unmatched,
13620,AP001496.2,unmatched,
13621,LINC00526,unmatched,
13622,LINC00667,exact,LINC00667
13623,ZBTB14,exact,ZBTB14
13624,AP001496.1,unmatched,
13625,EPB41L3,exact,EPB41L3
13626,L3MBTL4,exact,L3MBTL4
13627,PTPRM,exact,PTPRM
13628,RAB12,exact,RAB12
13629,NDUFV2,exact,NDUFV2
13630,AP005899.1,unmatched,
13631,NDUFV2-AS1,exact,NDUFV2-AS1
13632,ANKRD12,exact,ANKRD12
13633,TWSG1,exact,TWSG1
13634,RALBP1,exact,RALBP1
13635,PPP4R1,exact,PPP4R1
13636,AC006238.1,unmatched,
13637,VAPA,exact,VAPA
13638,APCDD1,exact,APCDD1
13639,NAPG,exact,NAPG
13640,GNAL,exact,GNAL
13641,CHMP1B,exact,CHMP1B
13642,MPPE1,exact,MPPE1
13643,AP001269.4,unmatched,
13644,IMPA2,exact,IMPA2
13645,ANKRD62,exact,ANKRD62
13646,TUBB6,exact,TUBB6
13647,AFG3L2,exact,AFG3L2
13648,PRELID3A,exact,PRELID3A
13649,PSMG2,exact,PSMG2
13650,CEP76,exact,CEP76
13651,AP005482.1,unmatched,
13652,PTPN2,exact,PTPN2
13653,SEH1L,exact,SEH1L
13654,AP002449.1,unmatched,
13655,CEP192,exact,CEP192
13656,LDLRAD4,exact,LDLRAD4
13657,LDLRAD4-AS1,exact,LDLRAD4-AS1
13658,AP005131.1,unmatched,
13659,FAM210A,exact,FAM210A
13660,RNMT,exact,RNMT
13661,ZNF519,exact,ZNF519
13662,ROCK1,exact,ROCK1
13663,GREB1L,exact,GREB1L
13664,ESCO1,exact,ESCO1
13665,SNRPD1,exact,SNRPD1
13666,ABHD3,exact,ABHD3
13667,MIB1,exact,MIB1
13668,AC027449.1,unmatched,
13669,RBBP8,exact,RBBP8
13670,TMEM241,exact,TMEM241
13671,RIOK3,exact,RIOK3
13672,RMC1,exact,RMC1
13673,NPC1,exact,NPC1
13674,TTC39C,exact,TTC39C
13675,OSBPL1A,exact,OSBPL1A
13676,AC023983.1,unmatched,
13677,IMPACT,exact,IMPACT
13678,HRH4,exact,HRH4
13679,SS18,exact,SS18
13680,PSMA8,exact,PSMA8
13681,TAF4B,exact,TAF4B
13682,KCTD1,exact,KCTD1
13683,DSC1,exact,DSC1
13684,DSG3,exact,DSG3
13685,DSG2,exact,DSG2
13686,B4GALT6,exact,B4GALT6
13687,TRAPPC8,exact,TRAPPC8
13688,AC022960.1,unmatched,
13689,AC009831.1,unmatched,
13690,RNF125,exact,RNF125
13691,AC011825.4,unmatched,
13692,RNF138,exact,RNF138
13693,AC011825.2,unmatched,
13694,GAREM1,unmatched,
13695,AC025887.2,unmatched,
13696,MAPRE2,exact,MAPRE2
13697,AC015967.1,unmatched,
13698,ZNF397,exact,ZNF397
13699,ZSCAN30,exact,ZSCAN30
13700,AC011815.2,unmatched,
13701,AC011815.1,unmatched,
13702,ZNF24,exact,ZNF24
13703,ZNF396,exact,ZNF396
13704,AC007998.4,unmatched,
13705,INO80C,exact,INO80C
13706,GALNT1,exact,GALNT1
13707,AC090229.1,unmatched,
13708,C18orf21,exact,C18orf21
13709,RPRD1A,exact,RPRD1A
13710,SLC39A6,exact,SLC39A6
13711,ELP2,exact,ELP2
13712,MOCOS,exact,MOCOS
13713,TPGS2,exact,TPGS2
13714,KIAA1328,exact,KIAA1328
13715,CELF4,exact,CELF4
13716,AC015961.2,unmatched,
13717,AC021504.1,unmatched,
13718,PIK3C3,exact,PIK3C3
13719,LINC00907,exact,LINC00907
13720,SLC14A2,exact,SLC14A2
13721,SLC14A1,exact,SLC14A1
13722,SIGLEC15,exact,SIGLEC15
13723,EPG5,exact,EPG5
13724,PSTPIP2,exact,PSTPIP2
13725,ATP5F1A,exact,ATP5F1A
13726,HAUS1,exact,HAUS1
13727,C18orf25,unmatched,
13728,AC090241.3,unmatched,
13729,PIAS2,exact,PIAS2
13730,KATNAL2,exact,KATNAL2
13731,HDHD2,exact,HDHD2
13732,IER3IP1,exact,IER3IP1
13733,SMAD2,exact,SMAD2
13734,AC120349.1,unmatched,
13735,CTIF,exact,CTIF
13736,SMAD7,exact,SMAD7
13737,DYM,exact,DYM
13738,C18orf32,exact,C18orf32
13739,RPL17-C18orf32,exact,RPL17-C18orf32
13740,AC100778.3,unmatched,
13741,RPL17,exact,RPL17
13742,LIPG,exact,LIPG
13743,ACAA2,exact,ACAA2
13744,SNHG22,exact,SNHG22
13745,MYO5B,exact,MYO5B
13746,CFAP53,exact,CFAP53
13747,MBD1,exact,MBD1
13748,CXXC1,exact,CXXC1
13749,SKA1,exact,SKA1
13750,ME2,exact,ME2
13751,ELAC1,exact,ELAC1
13752,SMAD4,exact,SMAD4
13753,MEX3C,exact,MEX3C
13754,MBD2,exact,MBD2
13755,AC093462.1,unmatched,
13756,POLI,exact,POLI
13757,C18orf54,exact,C18orf54
13758,RAB27B,exact,RAB27B
13759,TCF4,exact,TCF4
13760,TXNL1,exact,TXNL1
13761,WDR7,exact,WDR7
13762,FECH,exact,FECH
13763,AC100847.1,unmatched,
13764,NARS,official_alias,NARS
13765,AC027097.1,unmatched,
13766,AC027097.2,unmatched,
13767,ATP8B1,exact,ATP8B1
13768,NEDD4L,exact,NEDD4L
13769,MALT1,exact,MALT1
13770,AC104365.3,unmatched,
13771,ZNF532,exact,ZNF532
13772,SEC11C,exact,SEC11C
13773,LMAN1,exact,LMAN1
13774,CCBE1,exact,CCBE1
13775,PMAIP1,exact,PMAIP1
13776,CDH20,exact,CDH20
13777,PIGN,exact,PIGN
13778,KIAA1468,official_alias,KIAA1468
13779,ZCCHC2,exact,ZCCHC2
13780,AC064801.1,unmatched,
13781,PHLPP1,exact,PHLPP1
13782,BCL2,exact,BCL2
13783,AC022726.2,unmatched,
13784,KDSR,exact,KDSR
13785,AC036176.1,unmatched,
13786,VPS4B,exact,VPS4B
13787,SERPINB8,exact,SERPINB8
13788,DSEL,exact,DSEL
13789,TMX3,exact,TMX3
13790,CCDC102B,exact,CCDC102B
13791,DOK6,exact,DOK6
13792,CD226,exact,CD226
13793,RTTN,exact,RTTN
13794,SOCS6,exact,SOCS6
13795,GTSCR1,exact,GTSCR1
13796,FBXO15,exact,FBXO15
13797,TIMM21,exact,TIMM21
13798,CYB5A,exact,CYB5A
13799,CNDP2,exact,CNDP2
13800,CNDP1,exact,CNDP1
13801,LINC00909,official_alias,LINC00909
13802,ZNF407,exact,ZNF407
13803,AC015819.2,unmatched,
13804,AC015819.1,unmatched,
13805,ZADH2,unmatched,
13806,TSHZ1,exact,TSHZ1
13807,ZNF516,exact,ZNF516
13808,AC018413.1,unmatched,
13809,LINC00683,exact,LINC00683
13810,ZNF236-DT,exact,ZNF236-DT
13811,AC027575.2,unmatched,
13812,ZNF236,exact,ZNF236
13813,AC093330.1,unmatched,
13814,MBP,exact,MBP
13815,AC018529.2,unmatched,
13816,GALR1,exact,GALR1
13817,ATP9B,exact,ATP9B
13818,AC104423.1,unmatched,
13819,NFATC1,exact,NFATC1
13820,AC068473.5,unmatched,
13821,CTDP1,exact,CTDP1
13822,PQLC1,official_alias,PQLC1
13823,HSBP1L1,exact,HSBP1L1
13824,TXNL4A,exact,TXNL4A
13825,AC090360.1,unmatched,
13826,RBFA,exact,RBFA
13827,RBFADN,exact,RBFADN
13828,ADNP2,exact,ADNP2
13829,PARD6G-AS1,exact,PARD6G-AS1
13830,PARD6G,exact,PARD6G
13831,C20orf96,exact,C20orf96
13832,ZCCHC3,exact,ZCCHC3
13833,NRSN2-AS1,exact,NRSN2-AS1
13834,SOX12,exact,SOX12
13835,NRSN2,exact,NRSN2
13836,TRIB3,exact,TRIB3
13837,RBCK1,exact,RBCK1
13838,TBC1D20,exact,TBC1D20
13839,CSNK2A1,exact,CSNK2A1
13840,FAM110A,exact,FAM110A
13841,PSMF1,exact,PSMF1
13842,AL031665.2,unmatched,
13843,SNPH,exact,SNPH
13844,SDCBP2,exact,SDCBP2
13845,AL136531.2,unmatched,
13846,SDCBP2-AS1,exact,SDCBP2-AS1
13847,AL136531.1,unmatched,
13848,FKBP1A,exact,FKBP1A
13849,NSFL1C,exact,NSFL1C
13850,SIRPB1,exact,SIRPB1
13851,SIRPG,exact,SIRPG
13852,SIRPG-AS1,exact,SIRPG-AS1
13853,STK35,exact,STK35
13854,SNRPB,exact,SNRPB
13855,ZNF343,exact,ZNF343
13856,NOP56,exact,NOP56
13857,IDH3B,exact,IDH3B
13858,AL049712.1,unmatched,
13859,EBF4,exact,EBF4
13860,PCED1A,exact,PCED1A
13861,VPS16,exact,VPS16
13862,PTPRA,exact,PTPRA
13863,MRPS26,exact,MRPS26
13864,OXT,exact,OXT
13865,AVP,exact,AVP
13866,UBOX5-AS1,exact,UBOX5-AS1
13867,UBOX5,exact,UBOX5
13868,FASTKD5,exact,FASTKD5
13869,LZTS3,exact,LZTS3
13870,DDRGK1,exact,DDRGK1
13871,ITPA,exact,ITPA
13872,C20orf194,official_alias,C20orf194
13873,ATRN,exact,ATRN
13874,C20orf27,unmatched,
13875,CENPB,exact,CENPB
13876,CDC25B,exact,CDC25B
13877,LINC01730,exact,LINC01730
13878,AP5S1,exact,AP5S1
13879,MAVS,exact,MAVS
13880,AL353194.1,unmatched,
13881,PANK2,exact,PANK2
13882,RNF24,exact,RNF24
13883,SMOX,exact,SMOX
13884,PRNP,exact,PRNP
13885,RASSF2,exact,RASSF2
13886,SLC23A2,exact,SLC23A2
13887,AL121890.2,unmatched,
13888,AL121890.5,unmatched,
13889,AL121890.4,unmatched,
13890,TMEM230,exact,TMEM230
13891,PCNA,exact,PCNA
13892,CDS2,exact,CDS2
13893,GPCPD1,exact,GPCPD1
13894,SHLD1,exact,SHLD1
13895,TRMT6,exact,TRMT6
13896,MCM8,exact,MCM8
13897,AL035461.2,unmatched,
13898,CRLS1,exact,CRLS1
13899,TMX4,exact,TMX4
13900,PLCB1,exact,PLCB1
13901,ANKEF1,exact,ANKEF1
13902,MKKS,exact,MKKS
13903,SLX4IP,exact,SLX4IP
13904,BTBD3,exact,BTBD3
13905,SPTLC3,exact,SPTLC3
13906,ISM1,exact,ISM1
13907,TASP1,exact,TASP1
13908,ESF1,exact,ESF1
13909,NDUFAF5,exact,NDUFAF5
13910,KIF16B,exact,KIF16B
13911,SNRPB2,exact,SNRPB2
13912,DSTN,exact,DSTN
13913,RRBP1,exact,RRBP1
13914,SNX5,exact,SNX5
13915,MGME1,exact,MGME1
13916,PET117,exact,PET117
13917,KAT14,exact,KAT14
13918,ZNF133,exact,ZNF133
13919,DZANK1,exact,DZANK1
13920,POLR3F,exact,POLR3F
13921,RBBP9,exact,RBBP9
13922,SEC23B,exact,SEC23B
13923,SMIM26,exact,SMIM26
13924,DTD1,exact,DTD1
13925,AL035563.1,unmatched,
13926,NAA20,exact,NAA20
13927,CRNKL1,exact,CRNKL1
13928,RALGAPA2,exact,RALGAPA2
13929,KIZ,exact,KIZ
13930,KIZ-AS1,exact,KIZ-AS1
13931,AL117332.1,unmatched,
13932,XRN2,exact,XRN2
13933,LINC01727,unmatched,
13934,NXT1,exact,NXT1
13935,LINC01431,exact,LINC01431
13936,GZF1,exact,GZF1
13937,NAPB,exact,NAPB
13938,CST3,exact,CST3
13939,CST7,exact,CST7
13940,APMAP,exact,APMAP
13941,ACSS1,exact,ACSS1
13942,AL035252.2,unmatched,
13943,ENTPD6,exact,ENTPD6
13944,AL035252.3,unmatched,
13945,PYGB,exact,PYGB
13946,AL121772.3,unmatched,
13947,ABHD12,exact,ABHD12
13948,GINS1,exact,GINS1
13949,NINL,exact,NINL
13950,NANP,exact,NANP
13951,ZNF337-AS1,exact,ZNF337-AS1
13952,ZNF337,exact,ZNF337
13953,AL031673.1,unmatched,
13954,AL390198.1,unmatched,
13955,FAM182B,unmatched,
13956,LINC01597,exact,LINC01597
13957,HM13,exact,HM13
13958,HM13-AS1,exact,HM13-AS1
13959,AL110115.2,unmatched,
13960,ID1,exact,ID1
13961,BCL2L1,exact,BCL2L1
13962,AL117381.1,unmatched,
13963,ABALON,exact,ABALON
13964,TTLL9,exact,TTLL9
13965,PDRG1,exact,PDRG1
13966,TM9SF4,exact,TM9SF4
13967,PLAGL2,exact,PLAGL2
13968,POFUT1,exact,POFUT1
13969,KIF3B,exact,KIF3B
13970,AL121583.1,unmatched,
13971,ASXL1,exact,ASXL1
13972,NOL4L,exact,NOL4L
13973,AL034550.2,unmatched,
13974,COMMD7,exact,COMMD7
13975,DNMT3B,exact,DNMT3B
13976,MAPRE1,exact,MAPRE1
13977,AL035071.1,unmatched,
13978,EFCAB8,exact,EFCAB8
13979,CDK5RAP1,exact,CDK5RAP1
13980,SNTA1,exact,SNTA1
13981,CBFA2T2,exact,CBFA2T2
13982,NECAB3,exact,NECAB3
13983,C20orf144,exact,C20orf144
13984,ACTL10,exact,ACTL10
13985,E2F1,exact,E2F1
13986,PXMP4,exact,PXMP4
13987,ZNF341,exact,ZNF341
13988,CHMP4B,exact,CHMP4B
13989,AL034549.1,unmatched,
13990,RALY,exact,RALY
13991,EIF2S2,exact,EIF2S2
13992,AHCY,exact,AHCY
13993,ITCH,exact,ITCH
13994,ITCH-AS1,unmatched,
13995,DYNLRB1,exact,DYNLRB1
13996,MAP1LC3A,exact,MAP1LC3A
13997,PIGU,exact,PIGU
13998,NCOA6,exact,NCOA6
13999,TP53INP2,exact,TP53INP2
14000,GGT7,exact,GGT7
14001,ACSS2,exact,ACSS2
14002,GSS,exact,GSS
14003,MYH7B,exact,MYH7B
14004,TRPC4AP,exact,TRPC4AP
14005,EDEM2,exact,EDEM2
14006,PROCR,exact,PROCR
14007,AL356652.1,unmatched,
14008,MMP24OS,exact,MMP24OS
14009,MMP24,exact,MMP24
14010,EIF6,exact,EIF6
14011,UQCC1,exact,UQCC1
14012,CEP250,exact,CEP250
14013,FO393401.1,unmatched,
14014,ERGIC3,exact,ERGIC3
14015,CPNE1,exact,CPNE1
14016,RBM12,exact,RBM12
14017,NFS1,exact,NFS1
14018,ROMO1,exact,ROMO1
14019,RBM39,exact,RBM39
14020,PHF20,exact,PHF20
14021,SCAND1,exact,SCAND1
14022,CNBD2,exact,CNBD2
14023,NORAD,exact,NORAD
14024,EPB41L1,exact,EPB41L1
14025,AAR2,exact,AAR2
14026,DLGAP4,exact,DLGAP4
14027,DLGAP4-AS1,exact,DLGAP4-AS1
14028,TGIF2,exact,TGIF2
14029,RAB5IF,exact,RAB5IF
14030,SLA2,exact,SLA2
14031,NDRG3,exact,NDRG3
14032,DSN1,exact,DSN1
14033,SOGA1,exact,SOGA1
14034,TLDC2,exact,TLDC2
14035,SAMHD1,exact,SAMHD1
14036,RBL1,exact,RBL1
14037,MROH8,exact,MROH8
14038,RPN2,exact,RPN2
14039,MANBAL,exact,MANBAL
14040,SRC,exact,SRC
14041,BLCAP,exact,BLCAP
14042,CTNNBL1,exact,CTNNBL1
14043,TTI1,exact,TTI1
14044,RPRD1B,exact,RPRD1B
14045,AL391095.1,unmatched,
14046,AL391095.3,unmatched,
14047,RALGAPB,exact,RALGAPB
14048,ACTR5,exact,ACTR5
14049,PPP1R16B,exact,PPP1R16B
14050,FAM83D,exact,FAM83D
14051,AL023803.2,unmatched,
14052,DHX35,exact,DHX35
14053,TOP1,exact,TOP1
14054,PLCG1-AS1,exact,PLCG1-AS1
14055,PLCG1,exact,PLCG1
14056,ZHX3,exact,ZHX3
14057,LPIN3,exact,LPIN3
14058,CHD6,exact,CHD6
14059,SRSF6,exact,SRSF6
14060,L3MBTL1,exact,L3MBTL1
14061,Z98752.4,unmatched,
14062,IFT52,exact,IFT52
14063,GTSF1L,exact,GTSF1L
14064,TOX2,exact,TOX2
14065,OSER1,exact,OSER1
14066,OSER1-DT,exact,OSER1-DT
14067,FITM2,exact,FITM2
14068,TTPAL,exact,TTPAL
14069,SERINC3,exact,SERINC3
14070,PKIG,exact,PKIG
14071,ADA,exact,ADA
14072,WISP2,official_alias,WISP2
14073,YWHAB,exact,YWHAB
14074,PABPC1L,exact,PABPC1L
14075,TOMM34,exact,TOMM34
14076,STK4,exact,STK4
14077,SYS1,exact,SYS1
14078,TP53TG5,exact,TP53TG5
14079,PIGT,exact,PIGT
14080,AL031663.3,unmatched,
14081,DNTTIP1,exact,DNTTIP1
14082,TNNC2,exact,TNNC2
14083,SNX21,exact,SNX21
14084,ACOT8,exact,ACOT8
14085,ZSWIM3,exact,ZSWIM3
14086,ZSWIM1,exact,ZSWIM1
14087,NEURL2,exact,NEURL2
14088,CTSA,exact,CTSA
14089,PCIF1,exact,PCIF1
14090,ZNF335,exact,ZNF335
14091,SLC12A5,exact,SLC12A5
14092,NCOA5,exact,NCOA5
14093,CD40,exact,CD40
14094,SLC35C2,exact,SLC35C2
14095,ELMO2,exact,ELMO2
14096,ZNF334,exact,ZNF334
14097,SLC13A3,exact,SLC13A3
14098,TP53RK,exact,TP53RK
14099,AL031055.1,unmatched,
14100,ZMYND8,exact,ZMYND8
14101,AL031666.2,unmatched,
14102,NCOA3,exact,NCOA3
14103,SULF2,exact,SULF2
14104,PREX1,exact,PREX1
14105,AL133342.1,unmatched,
14106,ARFGEF2,exact,ARFGEF2
14107,CSE1L,exact,CSE1L
14108,STAU1,exact,STAU1
14109,DDX27,exact,DDX27
14110,ZNFX1,exact,ZNFX1
14111,ZFAS1,exact,ZFAS1
14112,KCNB1,exact,KCNB1
14113,PTGIS,exact,PTGIS
14114,B4GALT5,exact,B4GALT5
14115,SLC9A8,exact,SLC9A8
14116,SPATA2,exact,SPATA2
14117,RNF114,exact,RNF114
14118,UBE2V1,exact,UBE2V1
14119,TMEM189,official_alias,TMEM189
14120,CEBPB-AS1,exact,CEBPB-AS1
14121,CEBPB,exact,CEBPB
14122,PTPN1,exact,PTPN1
14123,AL133230.1,unmatched,
14124,RIPOR3,exact,RIPOR3
14125,PARD6B,exact,PARD6B
14126,BCAS4,exact,BCAS4
14127,ADNP,exact,ADNP
14128,ADNP-AS1,exact,ADNP-AS1
14129,DPM1,exact,DPM1
14130,MOCS3,exact,MOCS3
14131,KCNG1,exact,KCNG1
14132,NFATC2,exact,NFATC2
14133,ZFP64,exact,ZFP64
14134,TSHZ2,exact,TSHZ2
14135,AL391097.1,unmatched,
14136,AL391097.2,unmatched,
14137,AL109930.1,unmatched,
14138,AL354993.1,unmatched,
14139,AL157838.1,unmatched,
14140,ZNF217,exact,ZNF217
14141,PFDN4,exact,PFDN4
14142,FAM210B,exact,FAM210B
14143,AURKA,exact,AURKA
14144,CSTF1,exact,CSTF1
14145,CASS4,exact,CASS4
14146,RTF2,exact,RTF2
14147,FAM209A,exact,FAM209A
14148,FAM209B,exact,FAM209B
14149,BMP7,exact,BMP7
14150,RAE1,exact,RAE1
14151,MTRNR2L3,exact,MTRNR2L3
14152,AL109955.1,unmatched,
14153,RBM38,exact,RBM38
14154,ZBP1,exact,ZBP1
14155,PMEPA1,exact,PMEPA1
14156,NKILA,exact,NKILA
14157,RAB22A,exact,RAB22A
14158,VAPB,exact,VAPB
14159,LINC01711,exact,LINC01711
14160,STX16,exact,STX16
14161,STX16-NPEPL1,exact,STX16-NPEPL1
14162,NPEPL1,exact,NPEPL1
14163,AL132655.2,unmatched,
14164,GNAS-AS1,exact,GNAS-AS1
14165,GNAS,exact,GNAS
14166,AL121917.1,unmatched,
14167,AL121917.2,unmatched,
14168,NELFCD,exact,NELFCD
14169,CTSZ,exact,CTSZ
14170,TUBB1,exact,TUBB1
14171,ATP5F1E,exact,ATP5F1E
14172,PRELID3B,exact,PRELID3B
14173,ZNF831,exact,ZNF831
14174,SYCP2,exact,SYCP2
14175,FAM217B,exact,FAM217B
14176,PPP1R3D,exact,PPP1R3D
14177,CDH26,exact,CDH26
14178,MIR646HG,exact,MIR646HG
14179,CDH4,exact,CDH4
14180,AL162457.1,unmatched,
14181,TAF4,exact,TAF4
14182,AL137077.2,unmatched,
14183,LSM14B,exact,LSM14B
14184,PSMA7,exact,PSMA7
14185,SS18L1,exact,SS18L1
14186,MTG2,exact,MTG2
14187,OSBPL2,exact,OSBPL2
14188,ADRM1,exact,ADRM1
14189,AL121832.2,unmatched,
14190,RPS21,exact,RPS21
14191,CABLES2,exact,CABLES2
14192,AL357033.1,unmatched,
14193,SLCO4A1,exact,SLCO4A1
14194,AL357033.4,unmatched,
14195,LINC00659,exact,LINC00659
14196,MRGBP,exact,MRGBP
14197,OGFR,exact,OGFR
14198,TCFL5,exact,TCFL5
14199,DIDO1,exact,DIDO1
14200,AL117379.1,unmatched,
14201,GID8,exact,GID8
14202,SLC17A9,exact,SLC17A9
14203,HAR1B,exact,HAR1B
14204,HAR1A,exact,HAR1A
14205,YTHDF1,exact,YTHDF1
14206,ARFGAP1,exact,ARFGAP1
14207,KCNQ2,exact,KCNQ2
14208,EEF1A2,exact,EEF1A2
14209,PPDPF,exact,PPDPF
14210,PTK6,exact,PTK6
14211,HELZ2,exact,HELZ2
14212,GMEB2,exact,GMEB2
14213,MHENCR,exact,MHENCR
14214,STMN3,exact,STMN3
14215,ARFRP1,exact,ARFRP1
14216,ZGPAT,exact,ZGPAT
14217,AL121845.4,unmatched,
14218,LIME1,exact,LIME1
14219,SLC2A4RG,exact,SLC2A4RG
14220,ZBTB46,exact,ZBTB46
14221,AL121845.1,unmatched,
14222,AL118506.1,unmatched,
14223,TPD52L2,exact,TPD52L2
14224,DNAJC5,exact,DNAJC5
14225,UCKL1,exact,UCKL1
14226,UCKL1-AS1,exact,UCKL1-AS1
14227,ZNF512B,exact,ZNF512B
14228,SAMD10,exact,SAMD10
14229,PRPF6,exact,PRPF6
14230,C20orf204,exact,C20orf204
14231,TCEA2,exact,TCEA2
14232,RGS19,exact,RGS19
14233,OPRL1,exact,OPRL1
14234,LKAAEAR1,exact,LKAAEAR1
14235,PCMTD2,exact,PCMTD2
14236,LINC00266-1,unmatched,
14237,AC016588.2,unmatched,
14238,MIER2,exact,MIER2
14239,MADCAM1,exact,MADCAM1
14240,AC005775.1,unmatched,
14241,TPGS1,exact,TPGS1
14242,CDC34,exact,CDC34
14243,GZMM,exact,GZMM
14244,AC009005.1,unmatched,
14245,BSG,exact,BSG
14246,HCN2,exact,HCN2
14247,POLRMT,exact,POLRMT
14248,FGF22,exact,FGF22
14249,RNF126,exact,RNF126
14250,AC004156.1,unmatched,
14251,FSTL3,exact,FSTL3
14252,PTBP1,exact,PTBP1
14253,CFD,exact,CFD
14254,MED16,exact,MED16
14255,R3HDM4,exact,R3HDM4
14256,KISS1R,exact,KISS1R
14257,ARID3A,exact,ARID3A
14258,WDR18,exact,WDR18
14259,AC004528.1,unmatched,
14260,GRIN3B,exact,GRIN3B
14261,TMEM259,exact,TMEM259
14262,AC004528.2,unmatched,
14263,CNN2,exact,CNN2
14264,ABCA7,exact,ABCA7
14265,ARHGAP45,exact,ARHGAP45
14266,POLR2E,exact,POLR2E
14267,GPX4,exact,GPX4
14268,SBNO2,exact,SBNO2
14269,STK11,exact,STK11
14270,ATP5F1D,exact,ATP5F1D
14271,MIDN,exact,MIDN
14272,CIRBP,exact,CIRBP
14273,C19orf24,official_alias,C19orf24
14274,MUM1,official_alias,MUM1
14275,NDUFS7,exact,NDUFS7
14276,AC005329.1,unmatched,
14277,GAMT,exact,GAMT
14278,DAZAP1,exact,DAZAP1
14279,RPS15,exact,RPS15
14280,AC027307.3,unmatched,
14281,APC2,exact,APC2
14282,AC027307.2,unmatched,
14283,C19orf25,exact,C19orf25
14284,PCSK4,exact,PCSK4
14285,REEP6,exact,REEP6
14286,ADAMTSL5,exact,ADAMTSL5
14287,AC027307.1,unmatched,
14288,MEX3D,exact,MEX3D
14289,MBD3,exact,MBD3
14290,UQCR11,exact,UQCR11
14291,TCF3,exact,TCF3
14292,ATP8B3,exact,ATP8B3
14293,REXO1,exact,REXO1
14294,AC012615.2,unmatched,
14295,KLF16,exact,KLF16
14296,AC012615.1,unmatched,
14297,ABHD17A,exact,ABHD17A
14298,SCAMP4,exact,SCAMP4
14299,ADAT3,exact,ADAT3
14300,CSNK1G2,exact,CSNK1G2
14301,CSNK1G2-AS1,exact,CSNK1G2-AS1
14302,BTBD2,exact,BTBD2
14303,MKNK2,exact,MKNK2
14304,MOB3A,exact,MOB3A
14305,IZUMO4,exact,IZUMO4
14306,AP3D1,exact,AP3D1
14307,DOT1L,exact,DOT1L
14308,AC004490.1,unmatched,
14309,PLEKHJ1,exact,PLEKHJ1
14310,SF3A2,exact,SF3A2
14311,JSRP1,exact,JSRP1
14312,OAZ1,exact,OAZ1
14313,LINGO3,exact,LINGO3
14314,LSM7,exact,LSM7
14315,SPPL2B,exact,SPPL2B
14316,TIMM13,exact,TIMM13
14317,LMNB2,exact,LMNB2
14318,GADD45B,exact,GADD45B
14319,GNG7,exact,GNG7
14320,AC092068.1,unmatched,
14321,SLC39A3,exact,SLC39A3
14322,SGTA,exact,SGTA
14323,THOP1,exact,THOP1
14324,ZNF554,exact,ZNF554
14325,ZNF555,exact,ZNF555
14326,ZNF556,exact,ZNF556
14327,ZNF57,exact,ZNF57
14328,AC119403.1,unmatched,
14329,ZNF77,exact,ZNF77
14330,TLE2,exact,TLE2
14331,AC005944.1,unmatched,
14332,AES,official_alias,AES
14333,GNA11,exact,GNA11
14334,S1PR4,exact,S1PR4
14335,NCLN,exact,NCLN
14336,CELF5,exact,CELF5
14337,NFIC,exact,NFIC
14338,DOHH,exact,DOHH
14339,FZR1,exact,FZR1
14340,MFSD12,exact,MFSD12
14341,C19orf71,unmatched,
14342,AC005786.2,unmatched,
14343,HMG20B,exact,HMG20B
14344,GIPC3,exact,GIPC3
14345,TBXA2R,exact,TBXA2R
14346,CACTIN,exact,CACTIN
14347,PIP5K1C,exact,PIP5K1C
14348,TJP3,exact,TJP3
14349,APBA3,exact,APBA3
14350,AC005954.2,unmatched,
14351,MRPL54,exact,MRPL54
14352,MATK,exact,MATK
14353,ZFR2,exact,ZFR2
14354,ATCAY,exact,ATCAY
14355,DAPK3,exact,DAPK3
14356,EEF2,exact,EEF2
14357,PIAS4,exact,PIAS4
14358,ZBTB7A,exact,ZBTB7A
14359,MAP2K2,exact,MAP2K2
14360,SIRT6,exact,SIRT6
14361,YJU2,exact,YJU2
14362,TMIGD2,exact,TMIGD2
14363,FSD1,exact,FSD1
14364,STAP2,exact,STAP2
14365,MPND,exact,MPND
14366,AC007292.3,unmatched,
14367,AC007292.2,unmatched,
14368,SH3GL1,exact,SH3GL1
14369,AC007292.1,unmatched,
14370,CHAF1A,exact,CHAF1A
14371,UBXN6,exact,UBXN6
14372,AC011498.1,unmatched,
14373,HDGFL2,exact,HDGFL2
14374,PLIN5,exact,PLIN5
14375,AC011498.4,unmatched,
14376,LRG1,exact,LRG1
14377,SEMA6B,exact,SEMA6B
14378,TNFAIP8L1,exact,TNFAIP8L1
14379,MYDGF,exact,MYDGF
14380,AC005339.1,unmatched,
14381,DPP9,exact,DPP9
14382,DPP9-AS1,exact,DPP9-AS1
14383,FEM1A,exact,FEM1A
14384,AC005523.2,unmatched,
14385,TICAM1,exact,TICAM1
14386,PLIN3,exact,PLIN3
14387,ARRDC5,exact,ARRDC5
14388,UHRF1,exact,UHRF1
14389,KDM4B,exact,KDM4B
14390,PTPRS,exact,PTPRS
14391,AC022517.1,unmatched,
14392,TINCR,exact,TINCR
14393,SAFB2,exact,SAFB2
14394,SAFB,exact,SAFB
14395,RPL36,exact,RPL36
14396,C19orf70,official_alias,C19orf70
14397,HSD11B1L,exact,HSD11B1L
14398,LONP1,exact,LONP1
14399,PRR22,exact,PRR22
14400,DUS3L,exact,DUS3L
14401,NRTN,exact,NRTN
14402,FUT6,exact,FUT6
14403,NDUFA11,exact,NDUFA11
14404,VMAC,exact,VMAC
14405,AC104532.2,unmatched,
14406,CAPS,exact,CAPS
14407,RANBP3,exact,RANBP3
14408,RFX2,exact,RFX2
14409,MLLT1,exact,MLLT1
14410,AC011471.2,unmatched,
14411,ACER1,exact,ACER1
14412,AC011491.3,unmatched,
14413,CLPP,exact,CLPP
14414,ALKBH7,exact,ALKBH7
14415,PSPN,exact,PSPN
14416,GTF2F1,exact,GTF2F1
14417,KHSRP,exact,KHSRP
14418,SLC25A41,exact,SLC25A41
14419,SLC25A23,exact,SLC25A23
14420,CRB3,exact,CRB3
14421,DENND1C,exact,DENND1C
14422,AC010503.4,unmatched,
14423,TUBB4A,exact,TUBB4A
14424,TNFSF14,exact,TNFSF14
14425,GPR108,exact,GPR108
14426,TRIP10,exact,TRIP10
14427,AC008760.1,unmatched,
14428,SH2D3A,exact,SH2D3A
14429,VAV1,exact,VAV1
14430,ADGRE1,exact,ADGRE1
14431,ZNF557,exact,ZNF557
14432,INSR,exact,INSR
14433,AC119396.1,unmatched,
14434,AC008878.3,unmatched,
14435,AC119396.2,unmatched,
14436,ARHGEF18,exact,ARHGEF18
14437,PEX11G,exact,PEX11G
14438,ZNF358,exact,ZNF358
14439,MCOLN1,exact,MCOLN1
14440,PNPLA6,exact,PNPLA6
14441,CAMSAP3,exact,CAMSAP3
14442,XAB2,exact,XAB2
14443,PET100,exact,PET100
14444,AC008763.2,unmatched,
14445,PCP2,exact,PCP2
14446,AC008763.1,unmatched,
14447,STXBP2,exact,STXBP2
14448,TRAPPC5,exact,TRAPPC5
14449,EVI5L,exact,EVI5L
14450,PRR36,exact,PRR36
14451,AC010336.1,unmatched,
14452,MAP2K7,exact,MAP2K7
14453,AC010336.4,unmatched,
14454,SNAPC2,exact,SNAPC2
14455,TIMM44,exact,TIMM44
14456,ELAVL1,exact,ELAVL1
14457,AC010336.6,unmatched,
14458,AC008946.1,unmatched,
14459,CERS4,exact,CERS4
14460,AC022146.2,unmatched,
14461,CD320,exact,CD320
14462,NDUFA7,exact,NDUFA7
14463,RPS28,exact,RPS28
14464,KANK3,exact,KANK3
14465,RAB11B-AS1,exact,RAB11B-AS1
14466,RAB11B,exact,RAB11B
14467,MARCH2,official_alias,MARCH2
14468,AC136469.1,unmatched,
14469,HNRNPM,exact,HNRNPM
14470,PRAM1,exact,PRAM1
14471,ZNF414,exact,ZNF414
14472,MYO1F,exact,MYO1F
14473,ADAMTS10,exact,ADAMTS10
14474,ZNF558,exact,ZNF558
14475,ZNF317,exact,ZNF317
14476,AC011451.1,unmatched,
14477,ZNF699,exact,ZNF699
14478,ZNF559,exact,ZNF559
14479,ZNF266,exact,ZNF266
14480,ZNF426,exact,ZNF426
14481,ZNF426-DT,exact,ZNF426-DT
14482,ZNF121,exact,ZNF121
14483,ZNF561,exact,ZNF561
14484,ZNF562,exact,ZNF562
14485,ZNF846,exact,ZNF846
14486,AC008752.1,unmatched,
14487,FBXL12,exact,FBXL12
14488,UBL5,exact,UBL5
14489,PIN1,exact,PIN1
14490,OLFM2,exact,OLFM2
14491,C19orf66,official_alias,C19orf66
14492,ANGPTL6,exact,ANGPTL6
14493,PPAN,exact,PPAN
14494,P2RY11,exact,P2RY11
14495,EIF3G,exact,EIF3G
14496,DNMT1,exact,DNMT1
14497,S1PR2,exact,S1PR2
14498,MRPL4,exact,MRPL4
14499,ICAM1,exact,ICAM1
14500,AC011511.5,unmatched,
14501,ICAM4,exact,ICAM4
14502,ZGLP1,exact,ZGLP1
14503,AC011511.1,unmatched,
14504,FDX2,exact,FDX2
14505,RAVER1,exact,RAVER1
14506,AC114271.1,unmatched,
14507,ICAM3,exact,ICAM3
14508,TYK2,exact,TYK2
14509,CDC37,exact,CDC37
14510,KEAP1,exact,KEAP1
14511,ATG4D,exact,ATG4D
14512,KRI1,exact,KRI1
14513,CDKN2D,exact,CDKN2D
14514,SLC44A2,exact,SLC44A2
14515,ILF3-DT,exact,ILF3-DT
14516,ILF3,exact,ILF3
14517,QTRT1,exact,QTRT1
14518,DNM2,exact,DNM2
14519,TMED1,exact,TMED1
14520,C19orf38,exact,C19orf38
14521,CARM1,exact,CARM1
14522,YIPF2,exact,YIPF2
14523,TIMM29,exact,TIMM29
14524,SMARCA4,exact,SMARCA4
14525,LDLR,exact,LDLR
14526,SPC24,exact,SPC24
14527,KANK2,exact,KANK2
14528,DOCK6,exact,DOCK6
14529,RAB3D,exact,RAB3D
14530,TMEM205,exact,TMEM205
14531,CCDC159,exact,CCDC159
14532,PLPPR2,exact,PLPPR2
14533,AC024575.1,unmatched,
14534,SWSAP1,exact,SWSAP1
14535,EPOR,exact,EPOR
14536,PRKCSH,exact,PRKCSH
14537,ELAVL3,exact,ELAVL3
14538,ZNF653,exact,ZNF653
14539,ECSIT,exact,ECSIT
14540,ELOF1,exact,ELOF1
14541,ZNF627,exact,ZNF627
14542,ACP5,exact,ACP5
14543,ZNF823,exact,ZNF823
14544,ZNF441,exact,ZNF441
14545,ZNF491,exact,ZNF491
14546,ZNF440,exact,ZNF440
14547,ZNF439,exact,ZNF439
14548,ZNF69,exact,ZNF69
14549,ZNF700,exact,ZNF700
14550,ZNF763,exact,ZNF763
14551,ZNF433,exact,ZNF433
14552,ZNF844,exact,ZNF844
14553,ZNF788P,unmatched,
14554,ZNF20,exact,ZNF20
14555,ZNF625,exact,ZNF625
14556,ZNF136,exact,ZNF136
14557,ZNF44,exact,ZNF44
14558,ZNF563,exact,ZNF563
14559,ZNF442,exact,ZNF442
14560,AC008758.4,unmatched,
14561,ZNF799,exact,ZNF799
14562,ZNF443,exact,ZNF443
14563,ZNF709,exact,ZNF709
14564,ZNF564,exact,ZNF564
14565,ZNF490,exact,ZNF490
14566,ZNF791,exact,ZNF791
14567,AC010422.3,unmatched,
14568,MAN2B1,exact,MAN2B1
14569,WDR83,exact,WDR83
14570,WDR83OS,exact,WDR83OS
14571,DHPS,exact,DHPS
14572,AC010422.2,unmatched,
14573,FBXW9,exact,FBXW9
14574,TNPO2,exact,TNPO2
14575,TRIR,exact,TRIR
14576,ASNA1,official_alias,ASNA1
14577,HOOK2,exact,HOOK2
14578,JUNB,exact,JUNB
14579,PRDX2,exact,PRDX2
14580,AC018761.2,unmatched,
14581,RNASEH2A,exact,RNASEH2A
14582,MAST1,exact,MAST1
14583,DNASE2,exact,DNASE2
14584,GCDH,exact,GCDH
14585,SYCE2,exact,SYCE2
14586,FARSA,exact,FARSA
14587,CALR,exact,CALR
14588,AC092069.1,unmatched,
14589,RAD23A,exact,RAD23A
14590,GADD45GIP1,exact,GADD45GIP1
14591,NFIX,exact,NFIX
14592,LYL1,exact,LYL1
14593,TRMT1,exact,TRMT1
14594,NACC1,exact,NACC1
14595,AC005546.1,unmatched,
14596,STX10,exact,STX10
14597,IER2,exact,IER2
14598,AC011446.2,unmatched,
14599,CACNA1A,exact,CACNA1A
14600,CCDC130,unmatched,
14601,MRI1,exact,MRI1
14602,AC008686.1,unmatched,
14603,C19orf53,exact,C19orf53
14604,ZSWIM4,exact,ZSWIM4
14605,AC020916.1,unmatched,
14606,C19orf57,official_alias,C19orf57
14607,CC2D1A,exact,CC2D1A
14608,PODNL1,exact,PODNL1
14609,DCAF15,exact,DCAF15
14610,RFX1,exact,RFX1
14611,AC022098.2,unmatched,
14612,IL27RA,exact,IL27RA
14613,MISP3,exact,MISP3
14614,SAMD1,exact,SAMD1
14615,PRKACA,exact,PRKACA
14616,ASF1B,exact,ASF1B
14617,AC022098.1,unmatched,
14618,ADGRL1,exact,ADGRL1
14619,ADGRE5,exact,ADGRE5
14620,DDX39A,exact,DDX39A
14621,PKN1,exact,PKN1
14622,GIPC1,exact,GIPC1
14623,DNAJB1,exact,DNAJB1
14624,TECR,exact,TECR
14625,NDUFB7,exact,NDUFB7
14626,ZNF333,exact,ZNF333
14627,ADGRE2,exact,ADGRE2
14628,OR7C1,exact,OR7C1
14629,OR7A17,exact,OR7A17
14630,OR1I1,exact,OR1I1
14631,ILVBL,exact,ILVBL
14632,BRD4,exact,BRD4
14633,AC005776.2,unmatched,
14634,AKAP8,exact,AKAP8
14635,AKAP8L,exact,AKAP8L
14636,WIZ,exact,WIZ
14637,RASAL3,exact,RASAL3
14638,PGLYRP2,exact,PGLYRP2
14639,CYP4F8,exact,CYP4F8
14640,OR10H5,exact,OR10H5
14641,OR10H1,exact,OR10H1
14642,LINC01764,unmatched,
14643,TPM4,exact,TPM4
14644,RAB8A,exact,RAB8A
14645,HSH2D,exact,HSH2D
14646,FAM32A,exact,FAM32A
14647,AC020911.1,unmatched,
14648,AP1M1,exact,AP1M1
14649,AC020911.2,unmatched,
14650,KLF2,exact,KLF2
14651,AC020917.3,unmatched,
14652,EPS15L1,exact,EPS15L1
14653,AC020917.2,unmatched,
14654,C19orf44,exact,C19orf44
14655,CHERP,exact,CHERP
14656,AC008764.6,unmatched,
14657,SLC35E1,exact,SLC35E1
14658,AC008764.3,unmatched,
14659,AC008764.8,unmatched,
14660,MED26,exact,MED26
14661,AC008764.2,unmatched,
14662,AC024075.3,unmatched,
14663,SMIM7,exact,SMIM7
14664,TMEM38A,exact,TMEM38A
14665,SIN3B,exact,SIN3B
14666,CPAMD8,exact,CPAMD8
14667,HAUS8,exact,HAUS8
14668,MYO9B,exact,MYO9B
14669,AC020913.1,unmatched,
14670,USE1,exact,USE1
14671,OCEL1,exact,OCEL1
14672,NR2F6,exact,NR2F6
14673,USHBP1,exact,USHBP1
14674,BABAM1,exact,BABAM1
14675,ANKLE1,exact,ANKLE1
14676,ABHD8,exact,ABHD8
14677,MRPL34,exact,MRPL34
14678,DDA1,exact,DDA1
14679,ANO8,exact,ANO8
14680,GTPBP3,exact,GTPBP3
14681,CCDC194,exact,CCDC194
14682,BST2,exact,BST2
14683,BISPR,exact,BISPR
14684,MVB12A,exact,MVB12A
14685,AC010319.4,unmatched,
14686,SLC27A1,exact,SLC27A1
14687,AC010618.3,unmatched,
14688,PGLS,exact,PGLS
14689,AC010618.2,unmatched,
14690,COLGALT1,exact,COLGALT1
14691,UNC13A,exact,UNC13A
14692,MAP1S,exact,MAP1S
14693,FCHO1,exact,FCHO1
14694,INSL3,exact,INSL3
14695,JAK3,exact,JAK3
14696,RPL18A,exact,RPL18A
14697,SLC5A5,exact,SLC5A5
14698,CCDC124,exact,CCDC124
14699,KCNN1,exact,KCNN1
14700,ARRDC2,exact,ARRDC2
14701,IL12RB1,exact,IL12RB1
14702,MAST3,exact,MAST3
14703,AC007192.2,unmatched,
14704,PIK3R2,exact,PIK3R2
14705,IFI30,exact,IFI30
14706,MPV17L2,exact,MPV17L2
14707,RAB3A,exact,RAB3A
14708,IQCN,exact,IQCN
14709,JUND,exact,JUND
14710,LSM4,exact,LSM4
14711,PGPEP1,exact,PGPEP1
14712,SSBP4,exact,SSBP4
14713,ISYNA1,exact,ISYNA1
14714,ELL,exact,ELL
14715,FKBP8,exact,FKBP8
14716,KXD1,exact,KXD1
14717,AC005253.1,unmatched,
14718,AC005253.2,unmatched,
14719,UBA52,exact,UBA52
14720,CRLF1,exact,CRLF1
14721,REX1BD,exact,REX1BD
14722,KLHL26,exact,KLHL26
14723,CRTC1,exact,CRTC1
14724,UPF1,exact,UPF1
14725,COPE,exact,COPE
14726,DDX49,exact,DDX49
14727,HOMER3,exact,HOMER3
14728,SUGP2,exact,SUGP2
14729,ARMC6,exact,ARMC6
14730,SLC25A42,exact,SLC25A42
14731,TMEM161A,exact,TMEM161A
14732,BORCS8,exact,BORCS8
14733,RFXANK,exact,RFXANK
14734,NR2C2AP,exact,NR2C2AP
14735,SUGP1,exact,SUGP1
14736,MAU2,exact,MAU2
14737,GATAD2A,exact,GATAD2A
14738,TSSK6,exact,TSSK6
14739,NDUFA13,exact,NDUFA13
14740,YJEFN3,exact,YJEFN3
14741,PBX4,exact,PBX4
14742,AC002306.1,unmatched,
14743,LPAR2,exact,LPAR2
14744,GMIP,exact,GMIP
14745,ATP13A1,exact,ATP13A1
14746,ZNF101,exact,ZNF101
14747,ZNF14,exact,ZNF14
14748,LINC00663,unmatched,
14749,AC011477.4,unmatched,
14750,ZNF506,exact,ZNF506
14751,ZNF253,exact,ZNF253
14752,ZNF93,exact,ZNF93
14753,ZNF682,exact,ZNF682
14754,ZNF90,exact,ZNF90
14755,AC011447.3,unmatched,
14756,ZNF486,exact,ZNF486
14757,ZNF737,exact,ZNF737
14758,ZNF626,exact,ZNF626
14759,ZNF66,exact,ZNF66
14760,ZNF85,exact,ZNF85
14761,ZNF430,exact,ZNF430
14762,ZNF714,exact,ZNF714
14763,ZNF431,exact,ZNF431
14764,ZNF708,exact,ZNF708
14765,ZNF738,exact,ZNF738
14766,ZNF493,exact,ZNF493
14767,ZNF429,exact,ZNF429
14768,ZNF100,exact,ZNF100
14769,ZNF43,exact,ZNF43
14770,ZNF208,exact,ZNF208
14771,ZNF257,exact,ZNF257
14772,ZNF492,exact,ZNF492
14773,ZNF724,exact,ZNF724
14774,AC092329.3,unmatched,
14775,AC092329.1,unmatched,
14776,ZNF91,exact,ZNF91
14777,AC010300.1,unmatched,
14778,LINC01224,exact,LINC01224
14779,ZNF675,exact,ZNF675
14780,ZNF681,exact,ZNF681
14781,ZNF726,exact,ZNF726
14782,ZNF254,exact,ZNF254
14783,AC092279.1,unmatched,
14784,AC073534.2,unmatched,
14785,LINC00662,exact,LINC00662
14786,AC006504.1,unmatched,
14787,AC006504.5,unmatched,
14788,AC005616.1,unmatched,
14789,UQCRFS1,exact,UQCRFS1
14790,AC007786.1,unmatched,
14791,POP4,exact,POP4
14792,PLEKHF1,exact,PLEKHF1
14793,C19orf12,exact,C19orf12
14794,CCNE1,exact,CCNE1
14795,URI1,exact,URI1
14796,ZNF507,exact,ZNF507
14797,AC007773.1,unmatched,
14798,DPY19L3,exact,DPY19L3
14799,PDCD5,exact,PDCD5
14800,ANKRD27,exact,ANKRD27
14801,AC008736.1,unmatched,
14802,NUDT19,exact,NUDT19
14803,TDRD12,exact,TDRD12
14804,CEP89,exact,CEP89
14805,FAAP24,exact,FAAP24
14806,RHPN2,exact,RHPN2
14807,GPATCH1,exact,GPATCH1
14808,CEBPG,exact,CEBPG
14809,PEPD,exact,PEPD
14810,LSM14A,exact,LSM14A
14811,KIAA0355,unmatched,
14812,AC010504.1,unmatched,
14813,GPI,exact,GPI
14814,PDCD2L,exact,PDCD2L
14815,AC008747.1,unmatched,
14816,UBA2,exact,UBA2
14817,WTIP,exact,WTIP
14818,SCGB1B2P,exact,SCGB1B2P
14819,SCGB2B2,exact,SCGB2B2
14820,ZNF302,exact,ZNF302
14821,AC020910.4,unmatched,
14822,ZNF181,exact,ZNF181
14823,ZNF599,exact,ZNF599
14824,LINC01801,exact,LINC01801
14825,AC008555.1,unmatched,
14826,AC008555.2,unmatched,
14827,AC008555.5,unmatched,
14828,ZNF30-AS1,unmatched,
14829,ZNF30,exact,ZNF30
14830,ZNF792,exact,ZNF792
14831,GRAMD1A,exact,GRAMD1A
14832,AC020907.3,unmatched,
14833,AC020907.4,unmatched,
14834,SCN1B,exact,SCN1B
14835,LGI4,exact,LGI4
14836,FXYD1,exact,FXYD1
14837,FXYD7,exact,FXYD7
14838,FXYD5,exact,FXYD5
14839,LSR,exact,LSR
14840,AC002128.2,unmatched,
14841,USF2,exact,USF2
14842,TMEM147-AS1,exact,TMEM147-AS1
14843,TMEM147,exact,TMEM147
14844,HAUS5,exact,HAUS5
14845,RBM42,exact,RBM42
14846,ETV2,exact,ETV2
14847,COX6B1,exact,COX6B1
14848,ZBTB32,exact,ZBTB32
14849,KMT2B,exact,KMT2B
14850,IGFLR1,exact,IGFLR1
14851,U2AF1L4,exact,U2AF1L4
14852,PSENEN,exact,PSENEN
14853,AD000671.3,unmatched,
14854,LIN37,exact,LIN37
14855,PROSER3,exact,PROSER3
14856,ARHGAP33,exact,ARHGAP33
14857,NPHS1,exact,NPHS1
14858,NFKBID,exact,NFKBID
14859,HCST,exact,HCST
14860,TYROBP,exact,TYROBP
14861,LRFN3,exact,LRFN3
14862,SDHAF1,exact,SDHAF1
14863,SYNE4,exact,SYNE4
14864,ALKBH6,exact,ALKBH6
14865,AC002116.2,unmatched,
14866,CLIP3,exact,CLIP3
14867,THAP8,exact,THAP8
14868,WDR62,exact,WDR62
14869,POLR2I,exact,POLR2I
14870,TBCB,exact,TBCB
14871,CAPNS1,exact,CAPNS1
14872,ZNF565,exact,ZNF565
14873,ZNF146,exact,ZNF146
14874,LINC00665,exact,LINC00665
14875,ZFP14,exact,ZFP14
14876,ZFP82,exact,ZFP82
14877,ZNF566,exact,ZNF566
14878,AC092295.2,unmatched,
14879,ZNF260,exact,ZNF260
14880,ZNF529,exact,ZNF529
14881,ZNF529-AS1,exact,ZNF529-AS1
14882,ZNF382,exact,ZNF382
14883,ZNF461,exact,ZNF461
14884,AC074138.1,unmatched,
14885,LINC01534,unmatched,
14886,ZNF567,exact,ZNF567
14887,ZNF850,exact,ZNF850
14888,AC020928.2,unmatched,
14889,AC020928.3,unmatched,
14890,AC020928.1,unmatched,
14891,ZNF790,exact,ZNF790
14892,ZNF345,exact,ZNF345
14893,ZNF829,exact,ZNF829
14894,ZNF568,exact,ZNF568
14895,ZNF420,exact,ZNF420
14896,ZNF585A,exact,ZNF585A
14897,ZNF585B,exact,ZNF585B
14898,ZNF383,exact,ZNF383
14899,HKR1,official_alias,HKR1
14900,AC016590.3,unmatched,
14901,ZNF527,exact,ZNF527
14902,ZNF569,exact,ZNF569
14903,ZNF570,exact,ZNF570
14904,ZNF793-AS1,exact,ZNF793-AS1
14905,ZNF793,exact,ZNF793
14906,ZNF571-AS1,exact,ZNF571-AS1
14907,ZNF540,exact,ZNF540
14908,ZNF571,exact,ZNF571
14909,ZFP30,exact,ZFP30
14910,ZNF781,unmatched,
14911,ZNF607,exact,ZNF607
14912,AC093227.1,unmatched,
14913,ZNF573,exact,ZNF573
14914,SIPA1L3,exact,SIPA1L3
14915,SPINT2,exact,SPINT2
14916,C19orf33,exact,C19orf33
14917,YIF1B,exact,YIF1B
14918,KCNK6,exact,KCNK6
14919,CATSPERG,exact,CATSPERG
14920,PSMD8,exact,PSMD8
14921,SPRED3,exact,SPRED3
14922,FAM98C,exact,FAM98C
14923,RASGRP4,exact,RASGRP4
14924,RYR1,exact,RYR1
14925,MAP4K1,exact,MAP4K1
14926,EIF3K,exact,EIF3K
14927,ACTN4,exact,ACTN4
14928,CAPN12,exact,CAPN12
14929,AC022144.1,unmatched,
14930,LGALS4,exact,LGALS4
14931,ECH1,exact,ECH1
14932,HNRNPL,exact,HNRNPL
14933,RINL,exact,RINL
14934,AC011455.1,unmatched,
14935,SIRT2,exact,SIRT2
14936,NFKBIB,exact,NFKBIB
14937,CCER2,exact,CCER2
14938,SARS2,exact,SARS2
14939,MRPS12,exact,MRPS12
14940,FBXO27,exact,FBXO27
14941,PAK4,exact,PAK4
14942,AC011443.1,unmatched,
14943,LRFN1,exact,LRFN1
14944,GMFG,exact,GMFG
14945,AC011445.2,unmatched,
14946,SAMD4B,exact,SAMD4B
14947,PAF1,exact,PAF1
14948,MED29,exact,MED29
14949,ZFP36,exact,ZFP36
14950,PLEKHG2,exact,PLEKHG2
14951,RPS16,exact,RPS16
14952,SUPT5H,exact,SUPT5H
14953,TIMM50,exact,TIMM50
14954,DLL3,exact,DLL3
14955,EID2B,exact,EID2B
14956,EID2,exact,EID2
14957,LGALS14,exact,LGALS14
14958,CLC,exact,CLC
14959,AC005393.1,unmatched,
14960,DYRK1B,exact,DYRK1B
14961,FBL,exact,FBL
14962,FCGBP,exact,FCGBP
14963,PSMC4,exact,PSMC4
14964,ZNF546,exact,ZNF546
14965,ZNF780B,exact,ZNF780B
14966,ZNF780A,exact,ZNF780A
14967,AC005614.1,unmatched,
14968,MAP3K10,exact,MAP3K10
14969,AKT2,exact,AKT2
14970,C19orf47,exact,C19orf47
14971,PLD3,exact,PLD3
14972,PRX,exact,PRX
14973,SERTAD1,exact,SERTAD1
14974,AC010271.2,unmatched,
14975,SERTAD3,exact,SERTAD3
14976,BLVRB,exact,BLVRB
14977,SPTBN4,exact,SPTBN4
14978,SHKBP1,exact,SHKBP1
14979,LTBP4,exact,LTBP4
14980,NUMBL,exact,NUMBL
14981,COQ8B,exact,COQ8B
14982,ITPKC,exact,ITPKC
14983,C19orf54,unmatched,
14984,SNRPA,exact,SNRPA
14985,MIA-RAB4B,unmatched,
14986,MIA,exact,MIA
14987,RAB4B,exact,RAB4B
14988,AC008537.4,unmatched,
14989,EGLN2,exact,EGLN2
14990,AXL,exact,AXL
14991,HNRNPUL1,exact,HNRNPUL1
14992,TGFB1,exact,TGFB1
14993,CCDC97,exact,CCDC97
14994,TMEM91,exact,TMEM91
14995,B9D2,exact,B9D2
14996,EXOSC5,exact,EXOSC5
14997,BCKDHA,exact,BCKDHA
14998,B3GNT8,exact,B3GNT8
14999,DMAC2,exact,DMAC2
15000,ERICH4,exact,ERICH4
15001,PCAT19,exact,PCAT19
15002,LINC01480,unmatched,
15003,AC243960.1,unmatched,
15004,CEACAM21,exact,CEACAM21
15005,CEACAM4,exact,CEACAM4
15006,RPS19,exact,RPS19
15007,CD79A,exact,CD79A
15008,ARHGEF1,exact,ARHGEF1
15009,AC010616.1,unmatched,
15010,RABAC1,exact,RABAC1
15011,ATP1A3,exact,ATP1A3
15012,GRIK5,exact,GRIK5
15013,ZNF574,exact,ZNF574
15014,POU2F2,exact,POU2F2
15015,AC010247.2,unmatched,
15016,DEDD2,exact,DEDD2
15017,ZNF526,exact,ZNF526
15018,GSK3A,exact,GSK3A
15019,ERF,exact,ERF
15020,CIC,exact,CIC
15021,PAFAH1B3,exact,PAFAH1B3
15022,PRR19,exact,PRR19
15023,MEGF8,exact,MEGF8
15024,CNFN,exact,CNFN
15025,LIPE-AS1,exact,LIPE-AS1
15026,LIPE,exact,LIPE
15027,CEACAM1,exact,CEACAM1
15028,LYPD3,exact,LYPD3
15029,PHLDB3,exact,PHLDB3
15030,ETHE1,exact,ETHE1
15031,ZNF575,exact,ZNF575
15032,XRCC1,exact,XRCC1
15033,PINLYP,exact,PINLYP
15034,IRGQ,exact,IRGQ
15035,ZNF576,exact,ZNF576
15036,SRRM5,exact,SRRM5
15037,ZNF428,exact,ZNF428
15038,CADM4,exact,CADM4
15039,PLAUR,exact,PLAUR
15040,SMG9,exact,SMG9
15041,KCNN4,exact,KCNN4
15042,LYPD5,exact,LYPD5
15043,ZNF283,exact,ZNF283
15044,ZNF404,exact,ZNF404
15045,AC006213.2,unmatched,
15046,AC006213.3,unmatched,
15047,ZNF45,exact,ZNF45
15048,ZNF221,exact,ZNF221
15049,ZNF155,exact,ZNF155
15050,AC006213.1,unmatched,
15051,ZNF230,exact,ZNF230
15052,ZNF222,exact,ZNF222
15053,ZNF223,exact,ZNF223
15054,ZNF284,exact,ZNF284
15055,ZNF224,exact,ZNF224
15056,AC021092.1,unmatched,
15057,ZNF225,exact,ZNF225
15058,ZNF234,exact,ZNF234
15059,ZNF226,exact,ZNF226
15060,ZNF227,exact,ZNF227
15061,ZNF235,exact,ZNF235
15062,ZNF233,exact,ZNF233
15063,ZNF112,exact,ZNF112
15064,ZNF285,exact,ZNF285
15065,ZNF229,exact,ZNF229
15066,ZNF180,exact,ZNF180
15067,PVR,exact,PVR
15068,CEACAM19,exact,CEACAM19
15069,BCL3,exact,BCL3
15070,BCAM,exact,BCAM
15071,AC011481.2,unmatched,
15072,TOMM40,exact,TOMM40
15073,APOE,exact,APOE
15074,CLPTM1,exact,CLPTM1
15075,RELB,exact,RELB
15076,CLASRP,exact,CLASRP
15077,ZNF296,exact,ZNF296
15078,GEMIN7,exact,GEMIN7
15079,MARK4,exact,MARK4
15080,PPP1R37,exact,PPP1R37
15081,AC005757.1,unmatched,
15082,NKPD1,exact,NKPD1
15083,TRAPPC6A,exact,TRAPPC6A
15084,BLOC1S3,exact,BLOC1S3
15085,EXOC3L2,exact,EXOC3L2
15086,KLC3,exact,KLC3
15087,ERCC2,exact,ERCC2
15088,PPP1R13L,exact,PPP1R13L
15089,CD3EAP,official_alias,CD3EAP
15090,ERCC1,exact,ERCC1
15091,FOSB,exact,FOSB
15092,RTN2,exact,RTN2
15093,PPM1N,exact,PPM1N
15094,VASP,exact,VASP
15095,OPA3,exact,OPA3
15096,EML2,exact,EML2
15097,GIPR,exact,GIPR
15098,SNRPD2,exact,SNRPD2
15099,QPCTL,exact,QPCTL
15100,FBXO46,exact,FBXO46
15101,SIX5,exact,SIX5
15102,DMPK,exact,DMPK
15103,DMWD,exact,DMWD
15104,SYMPK,exact,SYMPK
15105,AC092301.1,unmatched,
15106,IRF2BP1,exact,IRF2BP1
15107,MYPOP,exact,MYPOP
15108,CCDC61,exact,CCDC61
15109,AC007785.3,unmatched,
15110,PPP5C,exact,PPP5C
15111,AC007193.1,unmatched,
15112,PNMA8A,exact,PNMA8A
15113,PPP5D1,unmatched,
15114,PNMA8B,exact,PNMA8B
15115,AC011484.1,unmatched,
15116,CALM3,exact,CALM3
15117,AC093503.2,unmatched,
15118,PTGIR,exact,PTGIR
15119,GNG8,exact,GNG8
15120,DACT3,exact,DACT3
15121,PRKD2,exact,PRKD2
15122,STRN4,exact,STRN4
15123,FKRP,exact,FKRP
15124,SLC1A5,exact,SLC1A5
15125,AP2S1,exact,AP2S1
15126,ARHGAP35,exact,ARHGAP35
15127,NPAS1,exact,NPAS1
15128,TMEM160,exact,TMEM160
15129,ZC3H4,exact,ZC3H4
15130,SAE1,exact,SAE1
15131,BBC3,exact,BBC3
15132,CCDC9,exact,CCDC9
15133,INAFM1,exact,INAFM1
15134,C5AR2,exact,C5AR2
15135,DHX34,exact,DHX34
15136,KPTN,exact,KPTN
15137,NAPA-AS1,exact,NAPA-AS1
15138,NAPA,exact,NAPA
15139,ZNF541,exact,ZNF541
15140,AC010519.1,unmatched,
15141,AC010331.1,unmatched,
15142,BICRA,exact,BICRA
15143,NOP53,exact,NOP53
15144,SELENOW,exact,SELENOW
15145,CRX,exact,CRX
15146,PLA2G4C,exact,PLA2G4C
15147,LIG1,exact,LIG1
15148,ZSWIM9,exact,ZSWIM9
15149,CARD8,exact,CARD8
15150,AC011466.1,unmatched,
15151,CARD8-AS1,exact,CARD8-AS1
15152,CCDC114,official_alias,CCDC114
15153,EMP3,exact,EMP3
15154,TMEM143,exact,TMEM143
15155,KDELR1,exact,KDELR1
15156,GRWD1,exact,GRWD1
15157,KCNJ14,exact,KCNJ14
15158,CYTH2,exact,CYTH2
15159,LMTK3,exact,LMTK3
15160,AC008403.3,unmatched,
15161,SULT2B1,exact,SULT2B1
15162,RPL18,exact,RPL18
15163,AC022154.1,unmatched,
15164,SPHK2,exact,SPHK2
15165,DBP,exact,DBP
15166,CA11,exact,CA11
15167,NTN5,exact,NTN5
15168,FUT2,exact,FUT2
15169,MAMSTR,exact,MAMSTR
15170,RASIP1,exact,RASIP1
15171,BCAT2,exact,BCAT2
15172,HSD17B14,exact,HSD17B14
15173,PLEKHA4,exact,PLEKHA4
15174,PPP1R15A,exact,PPP1R15A
15175,NUCB1,exact,NUCB1
15176,DHDH,exact,DHDH
15177,BAX,exact,BAX
15178,FTL,exact,FTL
15179,GYS1,exact,GYS1
15180,RUVBL2,exact,RUVBL2
15181,KCNA7,exact,KCNA7
15182,SNRNP70,exact,SNRNP70
15183,LIN7B,exact,LIN7B
15184,C19orf73,exact,C19orf73
15185,PPFIA3,unmatched,
15186,SLC6A16,exact,SLC6A16
15187,AC011450.1,unmatched,
15188,CD37,exact,CD37
15189,TEAD2,exact,TEAD2
15190,AC010643.1,unmatched,
15191,PIH1D1,exact,PIH1D1
15192,ALDH16A1,exact,ALDH16A1
15193,FLT3LG,exact,FLT3LG
15194,RPL13A,exact,RPL13A
15195,RPS11,exact,RPS11
15196,FCGRT,exact,FCGRT
15197,RCN3,exact,RCN3
15198,NOSIP,exact,NOSIP
15199,PRRG2,exact,PRRG2
15200,PRR12,exact,PRR12
15201,RRAS,exact,RRAS
15202,SCAF1,exact,SCAF1
15203,IRF3,exact,IRF3
15204,BCL2L12,exact,BCL2L12
15205,PRMT1,exact,PRMT1
15206,ADM5,exact,ADM5
15207,CPT1C,exact,CPT1C
15208,TSKS,exact,TSKS
15209,AP2A1,exact,AP2A1
15210,FUZ,exact,FUZ
15211,AC006942.1,unmatched,
15212,MED25,exact,MED25
15213,PTOV1-AS1,exact,PTOV1-AS1
15214,PTOV1,exact,PTOV1
15215,PTOV1-AS2,unmatched,
15216,PNKP,exact,PNKP
15217,AKT1S1,exact,AKT1S1
15218,TBC1D17,exact,TBC1D17
15219,NUP62,exact,NUP62
15220,ATF5,exact,ATF5
15221,VRK3,exact,VRK3
15222,ZNF473,exact,ZNF473
15223,AC010624.3,unmatched,
15224,IZUMO2,exact,IZUMO2
15225,KCNC3,exact,KCNC3
15226,NR1H2,exact,NR1H2
15227,NAPSA,exact,NAPSA
15228,AC008655.2,unmatched,
15229,POLD1,exact,POLD1
15230,SPIB,exact,SPIB
15231,FAM71E1,unmatched,
15232,EMC10,exact,EMC10
15233,AC020909.3,unmatched,
15234,AC020909.2,unmatched,
15235,JOSD2,exact,JOSD2
15236,C19orf81,exact,C19orf81
15237,CLEC11A,exact,CLEC11A
15238,C19orf48,unmatched,
15239,LINC01869,exact,LINC01869
15240,CTU1,exact,CTU1
15241,CD33,exact,CD33
15242,ETFB,exact,ETFB
15243,CLDND2,exact,CLDND2
15244,NKG7,exact,NKG7
15245,SIGLEC10,exact,SIGLEC10
15246,ZNF175,exact,ZNF175
15247,SPACA6,exact,SPACA6
15248,ZNF577,exact,ZNF577
15249,ZNF649,exact,ZNF649
15250,ZNF613,exact,ZNF613
15251,ZNF350-AS1,exact,ZNF350-AS1
15252,ZNF350,exact,ZNF350
15253,ZNF615,exact,ZNF615
15254,ZNF614,exact,ZNF614
15255,ZNF432,exact,ZNF432
15256,AC011468.5,unmatched,
15257,ZNF841,exact,ZNF841
15258,ZNF616,exact,ZNF616
15259,ZNF836,exact,ZNF836
15260,PPP2R1A,exact,PPP2R1A
15261,AC010320.2,unmatched,
15262,ZNF766,exact,ZNF766
15263,ZNF480,exact,ZNF480
15264,ZNF610,exact,ZNF610
15265,ZNF880,exact,ZNF880
15266,ZNF528,exact,ZNF528
15267,ZNF578,exact,ZNF578
15268,ZNF808,exact,ZNF808
15269,ZNF701,exact,ZNF701
15270,AC022150.1,unmatched,
15271,ZNF83,exact,ZNF83
15272,ZNF611,exact,ZNF611
15273,ZNF600,exact,ZNF600
15274,ZNF28,exact,ZNF28
15275,ZNF468,exact,ZNF468
15276,ZNF320,exact,ZNF320
15277,ZNF888,exact,ZNF888
15278,AC010487.2,unmatched,
15279,ZNF816-ZNF321P,exact,ZNF816-ZNF321P
15280,ZNF816,exact,ZNF816
15281,ZNF160,exact,ZNF160
15282,ZNF415,exact,ZNF415
15283,ZNF347,exact,ZNF347
15284,ZNF665,exact,ZNF665
15285,ZNF677,exact,ZNF677
15286,AC092070.3,unmatched,
15287,ZNF845,exact,ZNF845
15288,ZNF525,exact,ZNF525
15289,ZNF765,exact,ZNF765
15290,ZNF761,exact,ZNF761
15291,ZNF813,exact,ZNF813
15292,ZNF331,exact,ZNF331
15293,AC011453.1,unmatched,
15294,NLRP12,exact,NLRP12
15295,AC008440.1,unmatched,
15296,MYADM,exact,MYADM
15297,AC008440.2,unmatched,
15298,CACNG8,exact,CACNG8
15299,OSCAR,exact,OSCAR
15300,NDUFA3,exact,NDUFA3
15301,TFPT,exact,TFPT
15302,PRPF31,exact,PRPF31
15303,AC245052.4,unmatched,
15304,CNOT3,exact,CNOT3
15305,LENG1,exact,LENG1
15306,TMC4,exact,TMC4
15307,MBOAT7,unmatched,
15308,TSEN34,exact,TSEN34
15309,RPS9,exact,RPS9
15310,LILRB3,exact,LILRB3
15311,LAIR1,exact,LAIR1
15312,TTYH1,exact,TTYH1
15313,AC245884.10,unmatched,
15314,AC245884.8,unmatched,
15315,LENG8-AS1,exact,LENG8-AS1
15316,LENG8,exact,LENG8
15317,LENG9,exact,LENG9
15318,LAIR2,exact,LAIR2
15319,KIR3DL2,exact,KIR3DL2
15320,FCAR,exact,FCAR
15321,NLRP2,exact,NLRP2
15322,AC011476.3,unmatched,
15323,GP6,exact,GP6
15324,RDH13,exact,RDH13
15325,PPP1R12C,exact,PPP1R12C
15326,AC010327.4,unmatched,
15327,TMEM86B,exact,TMEM86B
15328,PPP6R1,exact,PPP6R1
15329,HSPBP1,exact,HSPBP1
15330,BRSK1,exact,BRSK1
15331,KMT5C,exact,KMT5C
15332,COX6B2,exact,COX6B2
15333,TMEM238,exact,TMEM238
15334,RPL28,exact,RPL28
15335,UBE2S,exact,UBE2S
15336,ISOC2,exact,ISOC2
15337,ZNF628,exact,ZNF628
15338,NAT14,exact,NAT14
15339,ZNF579,exact,ZNF579
15340,FIZ1,exact,FIZ1
15341,ZNF524,exact,ZNF524
15342,ZNF865,exact,ZNF865
15343,AC008735.4,unmatched,
15344,ZNF784,exact,ZNF784
15345,ZNF580,exact,ZNF580
15346,ZNF581,exact,ZNF581
15347,CCDC106,exact,CCDC106
15348,U2AF2,exact,U2AF2
15349,AC008735.2,unmatched,
15350,EPN1,exact,EPN1
15351,AC010525.1,unmatched,
15352,NLRP8,exact,NLRP8
15353,ZNF787,exact,ZNF787
15354,ZNF444,exact,ZNF444
15355,ZSCAN5A,exact,ZSCAN5A
15356,EDDM13,exact,EDDM13
15357,AC006116.8,unmatched,
15358,AC006116.9,unmatched,
15359,ZNF582,exact,ZNF582
15360,ZNF582-AS1,official_alias,ZNF582-AS1
15361,ZNF583,exact,ZNF583
15362,ZNF667,exact,ZNF667
15363,ZNF667-AS1,exact,ZNF667-AS1
15364,ZNF471,exact,ZNF471
15365,AC005498.2,unmatched,
15366,ZFP28,exact,ZFP28
15367,AC005498.3,unmatched,
15368,ZNF470,exact,ZNF470
15369,ZNF71,exact,ZNF71
15370,ZNF835,exact,ZNF835
15371,AC006115.1,unmatched,
15372,AC007228.2,unmatched,
15373,ZNF264,exact,ZNF264
15374,ZNF805,exact,ZNF805
15375,AC005261.3,unmatched,
15376,ZNF460-AS1,exact,ZNF460-AS1
15377,ZNF460,exact,ZNF460
15378,AC005261.1,unmatched,
15379,ZNF543,exact,ZNF543
15380,ZNF304,exact,ZNF304
15381,ZNF547,exact,ZNF547
15382,TRAPPC2B,exact,TRAPPC2B
15383,ZNF548,exact,ZNF548
15384,ZNF17,exact,ZNF17
15385,ZNF749,exact,ZNF749
15386,AC004076.2,unmatched,
15387,VN1R1,exact,VN1R1
15388,ZNF772,exact,ZNF772
15389,ZNF419,exact,ZNF419
15390,ZNF773,exact,ZNF773
15391,ZNF549,exact,ZNF549
15392,ZNF550,exact,ZNF550
15393,ZNF416,exact,ZNF416
15394,ZIK1,exact,ZIK1
15395,ZNF530,exact,ZNF530
15396,ZNF134,exact,ZNF134
15397,ZNF211,exact,ZNF211
15398,ZNF551,exact,ZNF551
15399,ZNF154,exact,ZNF154
15400,ZNF671,exact,ZNF671
15401,ZNF776,exact,ZNF776
15402,ZNF586,exact,ZNF586
15403,ZNF552,exact,ZNF552
15404,ZNF587B,exact,ZNF587B
15405,ZNF814,exact,ZNF814
15406,ZNF587,exact,ZNF587
15407,ZNF417,exact,ZNF417
15408,ZNF418,exact,ZNF418
15409,ZNF256,exact,ZNF256
15410,C19orf18,exact,C19orf18
15411,ZNF606,exact,ZNF606
15412,ZNF135,exact,ZNF135
15413,ZSCAN18,exact,ZSCAN18
15414,ZNF329,exact,ZNF329
15415,ZNF274,exact,ZNF274
15416,ZNF544,exact,ZNF544
15417,AC020915.3,unmatched,
15418,ZNF8,exact,ZNF8
15419,AC020915.1,unmatched,
15420,ERVK3-1,exact,ERVK3-1
15421,AC010642.2,unmatched,
15422,ZSCAN22,exact,ZSCAN22
15423,A1BG,exact,A1BG
15424,A1BG-AS1,exact,A1BG-AS1
15425,ZNF497,exact,ZNF497
15426,AC012313.2,unmatched,
15427,ZNF837,exact,ZNF837
15428,RPS5,exact,RPS5
15429,ZNF584,exact,ZNF584
15430,AC012313.1,unmatched,
15431,AC012313.5,unmatched,
15432,ZNF132,exact,ZNF132
15433,AC012313.8,unmatched,
15434,ZNF324B,exact,ZNF324B
15435,ZNF324,exact,ZNF324
15436,ZNF446,exact,ZNF446
15437,AC012313.7,unmatched,
15438,SLC27A5,exact,SLC27A5
15439,ZBTB45,exact,ZBTB45
15440,TRIM28,exact,TRIM28
15441,CHMP2A,exact,CHMP2A
15442,UBE2M,exact,UBE2M
15443,MZF1-AS1,exact,MZF1-AS1
15444,MZF1,exact,MZF1
15445,RPS4Y1,exact,RPS4Y1
15446,AC006157.1,unmatched,
15447,ZFY,exact,ZFY
15448,ZFY-AS1,exact,ZFY-AS1
15449,LINC00278,exact,LINC00278
15450,PCDH11Y,exact,PCDH11Y
15451,TTTY15,unmatched,
15452,USP9Y,exact,USP9Y
15453,DDX3Y,exact,DDX3Y
15454,UTY,exact,UTY
15455,TMSB4Y,exact,TMSB4Y
15456,TTTY14,exact,TTTY14
15457,AC010889.1,unmatched,
15458,KDM5D,exact,KDM5D
15459,TTTY10,exact,TTTY10
15460,EIF1AY,exact,EIF1AY
15461,RPS4Y2,exact,RPS4Y2
15462,LINC00266-4P,unmatched,
15463,AP000542.3,unmatched,
15464,AP000547.3,unmatched,
15465,AC007064.2,unmatched,
15466,AC006946.2,unmatched,
15467,AC006946.3,unmatched,
15468,IL17RA,exact,IL17RA
15469,HDHD5,exact,HDHD5
15470,HDHD5-AS1,exact,HDHD5-AS1
15471,ADA2,exact,ADA2
15472,ATP6V1E1,exact,ATP6V1E1
15473,BCL2L13,exact,BCL2L13
15474,BID,exact,BID
15475,LINC00528,exact,LINC00528
15476,MICAL3,exact,MICAL3
15477,AC016027.1,unmatched,
15478,PEX26,exact,PEX26
15479,AC008079.2,unmatched,
15480,USP18,exact,USP18
15481,LINC01660,official_alias,LINC01660
15482,TMEM191B,exact,TMEM191B
15483,RIMBP3,exact,RIMBP3
15484,DGCR6,exact,DGCR6
15485,PRODH,exact,PRODH
15486,DGCR9,unmatched,
15487,DGCR2,exact,DGCR2
15488,ESS2,exact,ESS2
15489,LINC01311,unmatched,
15490,SLC25A1,exact,SLC25A1
15491,CLTCL1,exact,CLTCL1
15492,HIRA,exact,HIRA
15493,C22orf39,exact,C22orf39
15494,MRPL40,exact,MRPL40
15495,AC000068.1,unmatched,
15496,UFD1,exact,UFD1
15497,AC000068.3,unmatched,
15498,AC000068.2,unmatched,
15499,CLDN5,exact,CLDN5
15500,GNB1L,exact,GNB1L
15501,RTL10,exact,RTL10
15502,TXNRD2,exact,TXNRD2
15503,COMT,exact,COMT
15504,ARVCF,exact,ARVCF
15505,TANGO2,exact,TANGO2
15506,AC006547.1,unmatched,
15507,AC006547.3,unmatched,
15508,DGCR8,exact,DGCR8
15509,TRMT2A,exact,TRMT2A
15510,RANBP1,exact,RANBP1
15511,ZDHHC8,exact,ZDHHC8
15512,LINC00896,exact,LINC00896
15513,RTN4R,exact,RTN4R
15514,DGCR6L,exact,DGCR6L
15515,AC007663.3,unmatched,
15516,ZNF74,exact,ZNF74
15517,KLHL22,exact,KLHL22
15518,MED15,exact,MED15
15519,PI4KA,exact,PI4KA
15520,SNAP29,exact,SNAP29
15521,CRKL,exact,CRKL
15522,AIFM3,exact,AIFM3
15523,AC002470.1,unmatched,
15524,LZTR1,exact,LZTR1
15525,THAP7,exact,THAP7
15526,THAP7-AS1,exact,THAP7-AS1
15527,P2RX6,exact,P2RX6
15528,LRRC74B,exact,LRRC74B
15529,AP000552.1,unmatched,
15530,HIC2,exact,HIC2
15531,TMEM191C,exact,TMEM191C
15532,RIMBP3C,exact,RIMBP3C
15533,UBE2L3,exact,UBE2L3
15534,YDJC,exact,YDJC
15535,SDF2L1,exact,SDF2L1
15536,PPIL2,exact,PPIL2
15537,YPEL1,exact,YPEL1
15538,MAPK1,exact,MAPK1
15539,PPM1F,exact,PPM1F
15540,AC245452.1,unmatched,
15541,TOP3B,exact,TOP3B
15542,AC245060.6,unmatched,
15543,AC245060.5,unmatched,
15544,ZNF280B,exact,ZNF280B
15545,RSPH14,exact,RSPH14
15546,RAB36,exact,RAB36
15547,BCR,exact,BCR
15548,LINC01659,exact,LINC01659
15549,AP000345.2,unmatched,
15550,DRICH1,exact,DRICH1
15551,RGL4,exact,RGL4
15552,ZNF70,exact,ZNF70
15553,C22orf15,exact,C22orf15
15554,CHCHD10,exact,CHCHD10
15555,MMP11,exact,MMP11
15556,SMARCB1,exact,SMARCB1
15557,DERL3,exact,DERL3
15558,AP000350.5,unmatched,
15559,SLC2A11,exact,SLC2A11
15560,AP000350.7,unmatched,
15561,MIF,exact,MIF
15562,MIF-AS1,unmatched,
15563,DDTL,exact,DDTL
15564,AC253536.6,unmatched,
15565,DDT,exact,DDT
15566,CABIN1,exact,CABIN1
15567,SPECC1L,exact,SPECC1L
15568,SPECC1L-ADORA2A,exact,SPECC1L-ADORA2A
15569,ADORA2A-AS1,exact,ADORA2A-AS1
15570,UPB1,exact,UPB1
15571,AP000355.1,unmatched,
15572,GUCD1,exact,GUCD1
15573,SNRPD3,exact,SNRPD3
15574,GGT1,exact,GGT1
15575,AP000356.2,unmatched,
15576,SGSM1,exact,SGSM1
15577,KIAA1671,exact,KIAA1671
15578,AL022323.3,unmatched,
15579,AL022323.4,unmatched,
15580,CRYBB2,exact,CRYBB2
15581,Z99916.3,unmatched,
15582,LRP5L,unmatched,
15583,GRK3,exact,GRK3
15584,MYO18B,exact,MYO18B
15585,ASPHD2,exact,ASPHD2
15586,HPS4,exact,HPS4
15587,SRRD,exact,SRRD
15588,TFIP11,exact,TFIP11
15589,Z95115.1,unmatched,
15590,TPST2,exact,TPST2
15591,MIAT,exact,MIAT
15592,Z99774.1,unmatched,
15593,MIATNB,unmatched,
15594,LINC01422,exact,LINC01422
15595,Z97353.2,unmatched,
15596,AL008638.5,unmatched,
15597,PITPNB,exact,PITPNB
15598,TTC28,exact,TTC28
15599,CHEK2,exact,CHEK2
15600,HSCB,exact,HSCB
15601,CCDC117,exact,CCDC117
15602,XBP1,exact,XBP1
15603,Z93930.2,unmatched,
15604,ZNRF3,exact,ZNRF3
15605,ZNRF3-AS1,exact,ZNRF3-AS1
15606,KREMEN1,exact,KREMEN1
15607,RHBDD3,exact,RHBDD3
15608,EWSR1,exact,EWSR1
15609,AP1B1,exact,AP1B1
15610,RFPL1S,unmatched,
15611,NEFH,exact,NEFH
15612,THOC5,exact,THOC5
15613,NIPSNAP1,exact,NIPSNAP1
15614,NF2,exact,NF2
15615,ZMAT5,exact,ZMAT5
15616,UQCR10,exact,UQCR10
15617,ASCC2,exact,ASCC2
15618,MTMR3,exact,MTMR3
15619,AC003681.1,unmatched,
15620,OSM,exact,OSM
15621,CASTOR1,exact,CASTOR1
15622,TBC1D10A,exact,TBC1D10A
15623,SF3A1,exact,SF3A1
15624,CCDC157,exact,CCDC157
15625,RNF215,exact,RNF215
15626,SEC14L2,exact,SEC14L2
15627,MTFP1,exact,MTFP1
15628,AC004832.6,unmatched,
15629,SEC14L4,exact,SEC14L4
15630,PES1,exact,PES1
15631,SLC35E4,exact,SLC35E4
15632,DUSP18,exact,DUSP18
15633,OSBP2,exact,OSBP2
15634,MORC2-AS1,exact,MORC2-AS1
15635,MORC2,exact,MORC2
15636,SMTN,exact,SMTN
15637,SELENOM,exact,SELENOM
15638,RNF185,exact,RNF185
15639,LIMK2,exact,LIMK2
15640,PIK3IP1,exact,PIK3IP1
15641,PIK3IP1-AS1,official_alias,PIK3IP1-AS1
15642,PATZ1,exact,PATZ1
15643,LINC01521,unmatched,
15644,DRG1,exact,DRG1
15645,EIF4ENIF1,exact,EIF4ENIF1
15646,AL096701.3,unmatched,
15647,SFI1,exact,SFI1
15648,PISD,exact,PISD
15649,PRR14L,exact,PRR14L
15650,DEPDC5,exact,DEPDC5
15651,YWHAH,exact,YWHAH
15652,RTCB,exact,RTCB
15653,FBXO7,exact,FBXO7
15654,LARGE1,exact,LARGE1
15655,HMGXB4,exact,HMGXB4
15656,AL008635.1,unmatched,
15657,TOM1,exact,TOM1
15658,MCM5,exact,MCM5
15659,APOL6,exact,APOL6
15660,RBFOX2,exact,RBFOX2
15661,Z82217.1,unmatched,
15662,Z95114.4,unmatched,
15663,Z95114.1,unmatched,
15664,Z95114.2,unmatched,
15665,APOL3,exact,APOL3
15666,APOL2,exact,APOL2
15667,APOL1,exact,APOL1
15668,MYH9,exact,MYH9
15669,TXN2,exact,TXN2
15670,FOXRED2,exact,FOXRED2
15671,EIF3D,exact,EIF3D
15672,IFT27,exact,IFT27
15673,NCF4,exact,NCF4
15674,MPST,exact,MPST
15675,KCTD17,exact,KCTD17
15676,IL2RB,exact,IL2RB
15677,C1QTNF6,exact,C1QTNF6
15678,SSTR3,exact,SSTR3
15679,RAC2,exact,RAC2
15680,CYTH4,exact,CYTH4
15681,MFNG,exact,MFNG
15682,GGA1,exact,GGA1
15683,SH3BP1,exact,SH3BP1
15684,Z83844.2,unmatched,
15685,LGALS1,exact,LGALS1
15686,NOL12,exact,NOL12
15687,TRIOBP,exact,TRIOBP
15688,H1F0,official_alias,H1F0
15689,GCAT,exact,GCAT
15690,ANKRD54,exact,ANKRD54
15691,EIF3L,exact,EIF3L
15692,MICALL1,exact,MICALL1
15693,AL031587.3,unmatched,
15694,POLR2F,exact,POLR2F
15695,PICK1,exact,PICK1
15696,BAIAP2L2,exact,BAIAP2L2
15697,PLA2G6,exact,PLA2G6
15698,AL022322.2,unmatched,
15699,MAFF,exact,MAFF
15700,TMEM184B,exact,TMEM184B
15701,CSNK1E,exact,CSNK1E
15702,TPTEP2-CSNK1E,exact,TPTEP2-CSNK1E
15703,DDX17,exact,DDX17
15704,DMC1,exact,DMC1
15705,FAM227A,exact,FAM227A
15706,CBY1,exact,CBY1
15707,AL021707.4,unmatched,
15708,AL021707.2,unmatched,
15709,TOMM22,exact,TOMM22
15710,JOSD1,exact,JOSD1
15711,GTPBP1,exact,GTPBP1
15712,AL021707.5,unmatched,
15713,SUN2,exact,SUN2
15714,AL021707.3,unmatched,
15715,AL021707.1,unmatched,
15716,AL021707.6,unmatched,
15717,AL021707.7,unmatched,
15718,DNAL4,exact,DNAL4
15719,NPTXR,exact,NPTXR
15720,CBX6,exact,CBX6
15721,APOBEC3A,exact,APOBEC3A
15722,APOBEC3C,exact,APOBEC3C
15723,APOBEC3D,exact,APOBEC3D
15724,APOBEC3F,exact,APOBEC3F
15725,APOBEC3G,exact,APOBEC3G
15726,CBX7,exact,CBX7
15727,AL031846.2,unmatched,
15728,PDGFB,exact,PDGFB
15729,AL031590.1,unmatched,
15730,AL022326.1,unmatched,
15731,RPL3,exact,RPL3
15732,SYNGR1,exact,SYNGR1
15733,TAB1,exact,TAB1
15734,MIEF1,exact,MIEF1
15735,ATF4,exact,ATF4
15736,RPS19BP1,exact,RPS19BP1
15737,CACNA1I,exact,CACNA1I
15738,ENTHD1,exact,ENTHD1
15739,GRAP2,exact,GRAP2
15740,Z82206.1,unmatched,
15741,Z83847.1,unmatched,
15742,TNRC6B,exact,TNRC6B
15743,ADSL,exact,ADSL
15744,AL022238.4,unmatched,
15745,SGSM3,exact,SGSM3
15746,AL022238.2,unmatched,
15747,MKL1,official_alias,MKL1
15748,AL022238.3,unmatched,
15749,AL031594.1,unmatched,
15750,SLC25A17,exact,SLC25A17
15751,ST13,exact,ST13
15752,XPNPEP3,exact,XPNPEP3
15753,DNAJB7,exact,DNAJB7
15754,RBX1,exact,RBX1
15755,EP300,exact,EP300
15756,L3MBTL2,exact,L3MBTL2
15757,AL035681.1,unmatched,
15758,CHADL,exact,CHADL
15759,RANGAP1,exact,RANGAP1
15760,ZC3H7B,exact,ZC3H7B
15761,TEF,exact,TEF
15762,AL008582.1,unmatched,
15763,TOB2,exact,TOB2
15764,PHF5A,exact,PHF5A
15765,ACO2,exact,ACO2
15766,POLR3H,exact,POLR3H
15767,PMM1,exact,PMM1
15768,DESI1,exact,DESI1
15769,XRCC6,exact,XRCC6
15770,SNU13,exact,SNU13
15771,C22orf46,unmatched,
15772,MEI1,exact,MEI1
15773,CCDC134,exact,CCDC134
15774,AL021453.1,unmatched,
15775,SREBF2,exact,SREBF2
15776,TNFRSF13C,exact,TNFRSF13C
15777,CENPM,exact,CENPM
15778,WBP2NL,exact,WBP2NL
15779,NAGA,exact,NAGA
15780,PHETA2,exact,PHETA2
15781,SMDT1,exact,SMDT1
15782,NDUFA6,exact,NDUFA6
15783,CYP2D6,exact,CYP2D6
15784,TCF20,exact,TCF20
15785,Z83851.1,unmatched,
15786,RRP7A,exact,RRP7A
15787,SERHL2,exact,SERHL2
15788,POLDIP3,exact,POLDIP3
15789,Z93241.1,unmatched,
15790,CYB5R3,exact,CYB5R3
15791,ATP5MGL,exact,ATP5MGL
15792,ARFGAP3,exact,ARFGAP3
15793,PACSIN2,exact,PACSIN2
15794,AL022476.1,unmatched,
15795,TTLL1,exact,TTLL1
15796,BIK,exact,BIK
15797,MCAT,exact,MCAT
15798,TSPO,exact,TSPO
15799,TTLL12,exact,TTLL12
15800,EFCAB6,exact,EFCAB6
15801,Z97055.2,unmatched,
15802,PNPLA3,exact,PNPLA3
15803,SAMM50,exact,SAMM50
15804,PARVB,exact,PARVB
15805,PARVG,exact,PARVG
15806,AL031595.2,unmatched,
15807,RTL6,exact,RTL6
15808,PRR5,exact,PRR5
15809,NUP50-DT,exact,NUP50-DT
15810,NUP50,exact,NUP50
15811,KIAA0930,exact,KIAA0930
15812,FAM118A,exact,FAM118A
15813,SMC1B,exact,SMC1B
15814,ATXN10,exact,ATXN10
15815,BX324167.1,unmatched,
15816,WNT7B,exact,WNT7B
15817,BX537318.1,unmatched,
15818,PRR34,unmatched,
15819,AL121672.3,unmatched,
15820,PRR34-AS1,exact,PRR34-AS1
15821,MIRLET7BHG,exact,MIRLET7BHG
15822,AL121672.2,unmatched,
15823,PPARA,exact,PPARA
15824,CDPF1,exact,CDPF1
15825,TTC38,exact,TTC38
15826,GTSE1-DT,exact,GTSE1-DT
15827,TRMU,exact,TRMU
15828,CELSR1,exact,CELSR1
15829,GRAMD4,exact,GRAMD4
15830,CERK,exact,CERK
15831,AL118516.1,unmatched,
15832,TBC1D22A,exact,TBC1D22A
15833,TBC1D22A-AS1,exact,TBC1D22A-AS1
15834,LINC01644,exact,LINC01644
15835,C22orf34,unmatched,
15836,Z97192.1,unmatched,
15837,Z97192.2,unmatched,
15838,AL023802.1,unmatched,
15839,BRD1,exact,BRD1
15840,Z98885.3,unmatched,
15841,Z98885.2,unmatched,
15842,AL117328.2,unmatched,
15843,ZBED4,exact,ZBED4
15844,ALG12,exact,ALG12
15845,AL671710.1,unmatched,
15846,CRELD2,exact,CRELD2
15847,PIM3,exact,PIM3
15848,TRABD,exact,TRABD
15849,AL022328.3,unmatched,
15850,AL022328.4,unmatched,
15851,SELENOO,exact,SELENOO
15852,AL022328.1,unmatched,
15853,AL022328.2,unmatched,
15854,TUBGCP6,exact,TUBGCP6
15855,HDAC10,exact,HDAC10
15856,MAPK12,exact,MAPK12
15857,MAPK11,exact,MAPK11
15858,PLXNB2,exact,PLXNB2
15859,DENND6B,exact,DENND6B
15860,PPP6R2,exact,PPP6R2
15861,SBF1,exact,SBF1
15862,ADM2,exact,ADM2
15863,LMF2,exact,LMF2
15864,NCAPH2,exact,NCAPH2
15865,U62317.3,unmatched,
15866,TYMP,exact,TYMP
15867,ODF3B,unmatched,
15868,U62317.2,unmatched,
15869,KLHDC7B,exact,KLHDC7B
15870,CPT1B,exact,CPT1B
15871,CHKB,exact,CHKB
15872,CHKB-DT,exact,CHKB-DT
15873,U62317.4,unmatched,
15874,MAPK8IP2,exact,MAPK8IP2
15875,ARSA,exact,ARSA
15876,RABL2B,exact,RABL2B
15877,GATD3B,unmatched,
15878,FP565260.1,unmatched,
15879,FP565260.6,unmatched,
15880,U2AF1L5,unmatched,
15881,SMIM11B,unmatched,
15882,LINC01666,exact,LINC01666
15883,CR381653.1,unmatched,
15884,AP001347.1,unmatched,
15885,RBM11,exact,RBM11
15886,HSPA13,exact,HSPA13
15887,SAMSN1,exact,SAMSN1
15888,AF127577.4,unmatched,
15889,LINC02246,unmatched,
15890,NRIP1,exact,NRIP1
15891,AF127577.1,unmatched,
15892,USP25,exact,USP25
15893,MIR99AHG,exact,MIR99AHG
15894,CXADR,exact,CXADR
15895,BTG3,exact,BTG3
15896,C21orf91,exact,C21orf91
15897,CHODL,exact,CHODL
15898,LINC01684,exact,LINC01684
15899,MIR155HG,exact,MIR155HG
15900,AP000223.1,unmatched,
15901,MRPL39,exact,MRPL39
15902,ATP5PF,exact,ATP5PF
15903,GABPA,exact,GABPA
15904,APP,exact,APP
15905,AF165147.1,unmatched,
15906,N6AMT1,exact,N6AMT1
15907,LTN1,exact,LTN1
15908,RWDD2B,exact,RWDD2B
15909,AF129075.2,unmatched,
15910,USP16,exact,USP16
15911,CCT8,exact,CCT8
15912,MAP3K7CL,exact,MAP3K7CL
15913,BACH1,exact,BACH1
15914,BACH1-AS1,unmatched,
15915,BACH1-IT2,unmatched,
15916,GRIK1,exact,GRIK1
15917,AP000238.1,unmatched,
15918,TIAM1,exact,TIAM1
15919,AP000251.1,unmatched,
15920,AP000253.1,unmatched,
15921,SOD1,exact,SOD1
15922,AP000254.1,unmatched,
15923,SCAF4,exact,SCAF4
15924,HUNK,exact,HUNK
15925,AP000265.1,unmatched,
15926,MIS18A,exact,MIS18A
15927,MIS18A-AS1,unmatched,
15928,URB1,exact,URB1
15929,URB1-AS1,exact,URB1-AS1
15930,EVA1C,exact,EVA1C
15931,CFAP298,exact,CFAP298
15932,SYNJ1,exact,SYNJ1
15933,PAXBP1-AS1,exact,PAXBP1-AS1
15934,PAXBP1,exact,PAXBP1
15935,C21orf62-AS1,unmatched,
15936,IFNAR2,exact,IFNAR2
15937,IL10RB-DT,unmatched,
15938,IL10RB,exact,IL10RB
15939,IFNAR1,exact,IFNAR1
15940,IFNGR2,exact,IFNGR2
15941,TMEM50B,exact,TMEM50B
15942,DNAJC28,exact,DNAJC28
15943,GART,exact,GART
15944,SON,exact,SON
15945,DONSON,exact,DONSON
15946,CRYZL1,exact,CRYZL1
15947,ITSN1,exact,ITSN1
15948,ATP5PO,exact,ATP5PO
15949,LINC00649,exact,LINC00649
15950,MRPS6,exact,MRPS6
15951,SLC5A3,exact,SLC5A3
15952,AP000317.1,unmatched,
15953,SMIM11A,unmatched,
15954,KCNE1,exact,KCNE1
15955,RCAN1,exact,RCAN1
15956,LINC01426,exact,LINC01426
15957,RUNX1,exact,RUNX1
15958,SETD4,exact,SETD4
15959,CBR1,exact,CBR1
15960,CBR3,exact,CBR3
15961,DOPEY2,official_alias,DOPEY2
15962,AP000692.2,unmatched,
15963,MORC3,exact,MORC3
15964,CHAF1B,exact,CHAF1B
15965,HLCS,exact,HLCS
15966,AP000704.1,unmatched,
15967,PIGP,exact,PIGP
15968,TTC3,exact,TTC3
15969,DSCR9,exact,DSCR9
15970,AP001432.1,unmatched,
15971,VPS26C,exact,VPS26C
15972,AP001412.1,unmatched,
15973,AP001437.1,unmatched,
15974,DYRK1A,exact,DYRK1A
15975,ETS2,exact,ETS2
15976,PSMG1,exact,PSMG1
15977,BRWD1,exact,BRWD1
15978,AF129408.1,unmatched,
15979,BRWD1-AS2,exact,BRWD1-AS2
15980,HMGN1,exact,HMGN1
15981,WRB,official_alias,WRB
15982,LCA5L,exact,LCA5L
15983,SH3BGR,exact,SH3BGR
15984,BACE2,exact,BACE2
15985,MX2,exact,MX2
15986,MX1,exact,MX1
15987,TMPRSS2,exact,TMPRSS2
15988,RIPK4,exact,RIPK4
15989,PRDM15,exact,PRDM15
15990,C2CD2,exact,C2CD2
15991,ZBTB21,exact,ZBTB21
15992,UMODL1,exact,UMODL1
15993,ABCG1,exact,ABCG1
15994,TMPRSS3,exact,TMPRSS3
15995,UBASH3A,exact,UBASH3A
15996,SLC37A1,exact,SLC37A1
15997,AP001626.1,unmatched,
15998,PDE9A,exact,PDE9A
15999,WDR4,exact,WDR4
16000,NDUFV3,exact,NDUFV3
16001,ERVH48-1,exact,ERVH48-1
16002,PKNOX1,exact,PKNOX1
16003,U2AF1,exact,U2AF1
16004,LINC01679,exact,LINC01679
16005,HSF2BP,exact,HSF2BP
16006,RRP1B,exact,RRP1B
16007,PDXK,exact,PDXK
16008,CSTB,exact,CSTB
16009,RRP1,exact,RRP1
16010,AGPAT3,exact,AGPAT3
16011,TRAPPC10,exact,TRAPPC10
16012,PWP2,exact,PWP2
16013,GATD3A,unmatched,
16014,LINC01678,unmatched,
16015,ICOSLG,exact,ICOSLG
16016,AP001059.3,unmatched,
16017,AP001059.2,unmatched,
16018,PFKL,exact,PFKL
16019,C21orf2,official_alias,C21orf2
16020,AP001062.1,unmatched,
16021,TRPM2,exact,TRPM2
16022,LRRC3,exact,LRRC3
16023,LINC02575,unmatched,
16024,UBE2G2,exact,UBE2G2
16025,LINC01424,unmatched,
16026,SUMO3,exact,SUMO3
16027,PTTG1IP,exact,PTTG1IP
16028,ITGB2,exact,ITGB2
16029,ITGB2-AS1,exact,ITGB2-AS1
16030,LINC01547,exact,LINC01547
16031,AL844908.1,unmatched,
16032,FAM207A,unmatched,
16033,AP001505.1,unmatched,
16034,ADARB1,exact,ADARB1
16035,LINC00334,exact,LINC00334
16036,POFUT2,exact,POFUT2
16037,COL18A1,exact,COL18A1
16038,SLC19A1,exact,SLC19A1
16039,PCBP3,exact,PCBP3
16040,AL133492.1,unmatched,
16041,COL6A1,exact,COL6A1
16042,COL6A2,exact,COL6A2
16043,FTCD,exact,FTCD
16044,SPATC1L,exact,SPATC1L
16045,LSS,exact,LSS
16046,MCM3AP-AS1,exact,MCM3AP-AS1
16047,MCM3AP,exact,MCM3AP
16048,AP001469.2,unmatched,
16049,AP001469.3,unmatched,
16050,YBEY,exact,YBEY
16051,C21orf58,exact,C21orf58
16052,PCNT,exact,PCNT
16053,DIP2A,exact,DIP2A
16054,S100B,exact,S100B
16055,PRMT2,exact,PRMT2
16056,MT-ND1,unmatched,
16057,MT-ND2,unmatched,
16058,MT-CO1,unmatched,
16059,MT-CO2,official_alias,MT-CO2
16060,MT-ATP8,unmatched,
16061,MT-ATP6,unmatched,
16062,MT-CO3,unmatched,
16063,MT-ND3,unmatched,
16064,MT-ND4L,unmatched,
16065,MT-ND4,unmatched,
16066,MT-ND5,unmatched,
16067,MT-ND6,unmatched,
16068,MT-CYB,unmatched,
16069,BX004987.1,unmatched,
16070,AC145212.1,unmatched,
16071,MAFIP,unmatched,
16072,AC011043.1,unmatched,
16073,AL592183.1,unmatched,
16074,AC007325.4,unmatched,
16075,AL354822.1,unmatched,
16076,AC240274.1,unmatched,
16077,HES4,exact,HES4
16078,AL645608.9,unmatched,
16079,TNFRSF18,exact,TNFRSF18
16080,TMEM52,exact,TMEM52
16081,HES5,exact,HES5
16082,GPR153,exact,GPR153
16083,UTS2,exact,UTS2
16084,TNFRSF9,exact,TNFRSF9
16085,CENPS-CORT,exact,CENPS-CORT
16086,AL109811.2,unmatched,
16087,TNFRSF8,exact,TNFRSF8
16088,AC254633.1,unmatched,
16089,UBXN10,exact,UBXN10
16090,SH2D5,exact,SH2D5
16091,ASAP3,exact,ASAP3
16092,AL021154.1,unmatched,
16093,CLIC4,exact,CLIC4
16094,FAM110D,exact,FAM110D
16095,SDC3,exact,SDC3
16096,AL513327.1,unmatched,
16097,OXCT2,exact,OXCT2
16098,RIMKLA,exact,RIMKLA
16099,CLDN19,exact,CLDN19
16100,B4GALT2,exact,B4GALT2
16101,CCDC24,exact,CCDC24
16102,SLC6A9,exact,SLC6A9
16103,KIF2C,exact,KIF2C
16104,TSPAN1,exact,TSPAN1
16105,TTC39A,exact,TTC39A
16106,AL513218.1,unmatched,
16107,AC096536.1,unmatched,
16108,TMEM61,exact,TMEM61
16109,MSH4,exact,MSH4
16110,EPHX4,exact,EPHX4
16111,SETSIP,exact,SETSIP
16112,VAV3-AS1,exact,VAV3-AS1
16113,AL390036.1,unmatched,
16114,CSF1,exact,CSF1
16115,LINC01160,exact,LINC01160
16116,CTTNBP2NL,exact,CTTNBP2NL
16117,PPM1J,exact,PPM1J
16118,FAM19A3,official_alias,FAM19A3
16119,AC239802.2,unmatched,
16120,MTMR11,exact,MTMR11
16121,CIART,exact,CIART
16122,AL356356.1,unmatched,
16123,OAZ3,exact,OAZ3
16124,RORC,exact,RORC
16125,C2CD4D,exact,C2CD4D
16126,AL450992.2,unmatched,
16127,AL592078.1,unmatched,
16128,KCNN3,exact,KCNN3
16129,LMNA,exact,LMNA
16130,SEMA4A,exact,SEMA4A
16131,C1orf61,official_alias,C1orf61
16132,AL590666.1,unmatched,
16133,NTRK1,exact,NTRK1
16134,FCRL3,exact,FCRL3
16135,FCRL2,exact,FCRL2
16136,AIM2,exact,AIM2
16137,SLAMF8,exact,SLAMF8
16138,NHLH1,exact,NHLH1
16139,VANGL2,exact,VANGL2
16140,AL138930.1,unmatched,
16141,SLAMF7,exact,SLAMF7
16142,AL359541.1,unmatched,
16143,NOS1AP,exact,NOS1AP
16144,UCK2,exact,UCK2
16145,FAM78B,exact,FAM78B
16146,ILDR2,exact,ILDR2
16147,MAEL,exact,MAEL
16148,XCL2,exact,XCL2
16149,XCL1,exact,XCL1
16150,CCDC181,exact,CCDC181
16151,MYOCOS,exact,MYOCOS
16152,FASLG,exact,FASLG
16153,LINC01686,exact,LINC01686
16154,AL136987.1,unmatched,
16155,C1orf53,exact,C1orf53
16156,SHISA4,exact,SHISA4
16157,FMOD,exact,FMOD
16158,SLC45A3,exact,SLC45A3
16159,FAM72A,exact,FAM72A
16160,AL591846.2,unmatched,
16161,DYRK3,exact,DYRK3
16162,G0S2,exact,G0S2
16163,HSD11B1,exact,HSD11B1
16164,AL590132.1,unmatched,
16165,DTL,exact,DTL
16166,ATF3,exact,ATF3
16167,SPATA17,exact,SPATA17
16168,TGFB2,exact,TGFB2
16169,AL445470.1,unmatched,
16170,HHIPL2,exact,HHIPL2
16171,FAM177B,exact,FAM177B
16172,PSEN2,exact,PSEN2
16173,GJC2,exact,GJC2
16174,SIPA1L2,exact,SIPA1L2
16175,KCNK1,exact,KCNK1
16176,AL391832.2,unmatched,
16177,GNG4,exact,GNG4
16178,EXO1,exact,EXO1
16179,AL451007.2,unmatched,
16180,AL591848.4,unmatched,
16181,AL390860.1,unmatched,
16182,AC092159.2,unmatched,
16183,COLEC11,exact,COLEC11
16184,AC092580.2,unmatched,
16185,RRM2,exact,RRM2
16186,ATP6V1C2,exact,ATP6V1C2
16187,PFN4,exact,PFN4
16188,CGREF1,exact,CGREF1
16189,TRIM54,exact,TRIM54
16190,FOSL2,exact,FOSL2
16191,AC104695.3,unmatched,
16192,TOGARAM2,exact,TOGARAM2
16193,CAPN14,exact,CAPN14
16194,AC020594.1,unmatched,
16195,RMDN2-AS1,exact,RMDN2-AS1
16196,CYP1B1,exact,CYP1B1
16197,C1GALT1C1L,exact,C1GALT1C1L
16198,EPAS1,exact,EPAS1
16199,LINC00309,exact,LINC00309
16200,SPRED2,exact,SPRED2
16201,AC017083.3,unmatched,
16202,SPR,exact,SPR
16203,EGR4,exact,EGR4
16204,ACTG2,exact,ACTG2
16205,LBX2-AS1,exact,LBX2-AS1
16206,DQX1,exact,DQX1
16207,AC015971.1,unmatched,
16208,ADRA2B,exact,ADRA2B
16209,AC016738.1,unmatched,
16210,TBC1D8-AS1,exact,TBC1D8-AS1
16211,IL1R2,exact,IL1R2
16212,IL1R1,exact,IL1R1
16213,IL1RL1,exact,IL1RL1
16214,IL18RAP,exact,IL18RAP
16215,SLC9A2,exact,SLC9A2
16216,SULT1C2,exact,SULT1C2
16217,AC074387.1,unmatched,
16218,AC108463.3,unmatched,
16219,AC068491.3,unmatched,
16220,AC017002.3,unmatched,
16221,CKAP2L,exact,CKAP2L
16222,IL1A,exact,IL1A
16223,AC104653.2,unmatched,
16224,LINC01191,exact,LINC01191
16225,AC110769.1,unmatched,
16226,AC012363.1,unmatched,
16227,AC011893.1,unmatched,
16228,AC114763.1,unmatched,
16229,AC092652.1,unmatched,
16230,AC009480.1,unmatched,
16231,GALNT5,exact,GALNT5
16232,AC019186.1,unmatched,
16233,GAD1,exact,GAD1
16234,RAPGEF4,exact,RAPGEF4
16235,AC010894.2,unmatched,
16236,HAGLR,exact,HAGLR
16237,HOXD1,exact,HOXD1
16238,OSBPL6,exact,OSBPL6
16239,TFPI,exact,TFPI
16240,MYO1B,exact,MYO1B
16241,HECW2,exact,HECW2
16242,AC079354.3,unmatched,
16243,AC008269.1,unmatched,
16244,IGFBP2,exact,IGFBP2
16245,PTPRN,exact,PTPRN
16246,TMEM198,exact,TMEM198
16247,OBSL1,exact,OBSL1
16248,CCL20,exact,CCL20
16249,SLC16A14,exact,SLC16A14
16250,NPPC,exact,NPPC
16251,AC105760.1,unmatched,
16252,AC112721.1,unmatched,
16253,AC012485.3,unmatched,
16254,KIF1A,exact,KIF1A
16255,PDCD1,exact,PDCD1
16256,AC068313.1,unmatched,
16257,LMCD1,exact,LMCD1
16258,OXTR,exact,OXTR
16259,DAZL,exact,DAZL
16260,LINC00691,exact,LINC00691
16261,THRB,exact,THRB
16262,AC098650.1,unmatched,
16263,RBMS3-AS3,exact,RBMS3-AS3
16264,AC092053.2,unmatched,
16265,ZBTB47,exact,ZBTB47
16266,TMEM158,exact,TMEM158
16267,SLC6A20,exact,SLC6A20
16268,CXCR6,unmatched,
16269,PLXNB1,exact,PLXNB1
16270,BSN,exact,BSN
16271,LSMEM2,exact,LSMEM2
16272,GRM2,exact,GRM2
16273,GXYLT2,exact,GXYLT2
16274,AC021660.2,unmatched,
16275,PHLDB2,exact,PHLDB2
16276,TAGLN3,exact,TAGLN3
16277,AC128687.2,unmatched,
16278,ZBTB20-AS1,exact,ZBTB20-AS1
16279,ADPRH,exact,ADPRH
16280,NR1I2,exact,NR1I2
16281,HGD,exact,HGD
16282,IL20RB,exact,IL20RB
16283,AC121333.1,unmatched,
16284,PCOLCE2,exact,PCOLCE2
16285,SIAH2-AS1,unmatched,
16286,P2RY14,exact,P2RY14
16287,IGSF10,exact,IGSF10
16288,P2RY1,exact,P2RY1
16289,IL12A,exact,IL12A
16290,GOLIM4,exact,GOLIM4
16291,ACTRT3,exact,ACTRT3
16292,LINC02068,exact,LINC02068
16293,B3GNT5,exact,B3GNT5
16294,ETV5,exact,ETV5
16295,AC112907.1,unmatched,
16296,LINC01991,exact,LINC01991
16297,CLDN1,exact,CLDN1
16298,LINC02012,unmatched,
16299,LMLN-AS1,exact,LMLN-AS1
16300,NAT8L,exact,NAT8L
16301,C1QTNF7,exact,C1QTNF7
16302,DTHD1,exact,DTHD1
16303,APBB2,exact,APBB2
16304,UCHL1,exact,UCHL1
16305,BEND4,exact,BEND4
16306,KIT,exact,KIT
16307,AC069200.1,unmatched,
16308,CXCL8,exact,CXCL8
16309,EREG,exact,EREG
16310,CXCL10,exact,CXCL10
16311,ANXA3,exact,ANXA3
16312,SCD5,exact,SCD5
16313,AC114781.2,unmatched,
16314,SPP1,exact,SPP1
16315,AC019077.1,unmatched,
16316,AC096564.1,unmatched,
16317,LRIT3,exact,LRIT3
16318,AC109347.2,unmatched,
16319,PRSS12,exact,PRSS12
16320,AC110079.2,unmatched,
16321,IL2,exact,IL2
16322,IL21,exact,IL21
16323,IL21-AS1,exact,IL21-AS1
16324,FGF2,exact,FGF2
16325,AC096711.3,unmatched,
16326,SLC7A11,exact,SLC7A11
16327,AC112236.2,unmatched,
16328,TIGD4,exact,TIGD4
16329,MND1,exact,MND1
16330,GUCY1A1,exact,GUCY1A1
16331,GUCY1B1,exact,GUCY1B1
16332,MFAP3L,exact,MFAP3L
16333,NKD2,exact,NKD2
16334,TERT,exact,TERT
16335,AC012640.1,unmatched,
16336,AC012640.4,unmatched,
16337,ROPN1L,exact,ROPN1L
16338,ANKRD33B,exact,ANKRD33B
16339,BASP1,exact,BASP1
16340,AC034231.1,unmatched,
16341,RAI14,exact,RAI14
16342,CAPSL,exact,CAPSL
16343,NIM1K,exact,NIM1K
16344,MRPS30-DT,unmatched,
16345,DEPDC1B,exact,DEPDC1B
16346,MAP1B,exact,MAP1B
16347,AC008897.3,unmatched,
16348,S100Z,exact,S100Z
16349,LINC01949,unmatched,
16350,AC008494.3,unmatched,
16351,SMAD5-AS1,exact,SMAD5-AS1
16352,EGR1,exact,EGR1
16353,LRRTM2,exact,LRRTM2
16354,MZB1,exact,MZB1
16355,PROB1,exact,PROB1
16356,HBEGF,exact,HBEGF
16357,PCDHGA7,exact,PCDHGA7
16358,AC008781.1,unmatched,
16359,SPRY4,exact,SPRY4
16360,SPRY4-AS1,exact,SPRY4-AS1
16361,NDST1,exact,NDST1
16362,AC011337.1,unmatched,
16363,PPP1R2B,exact,PPP1R2B
16364,AC010609.1,unmatched,
16365,NIPAL4,exact,NIPAL4
16366,ATP10B,exact,ATP10B
16367,AC008456.1,unmatched,
16368,HMMR,exact,HMMR
16369,LINC01187,unmatched,
16370,AC034199.1,unmatched,
16371,FGF18,exact,FGF18
16372,AC008378.1,unmatched,
16373,STC2,exact,STC2
16374,FGFR4,exact,FGFR4
16375,F12,exact,F12
16376,DOK3,exact,DOK3
16377,AC136604.2,unmatched,
16378,AC136604.3,unmatched,
16379,GFPT2,exact,GFPT2
16380,BTNL9,exact,BTNL9
16381,AL136307.1,unmatched,
16382,AL157373.2,unmatched,
16383,HIST1H4I,official_alias,HIST1H4I
16384,HIST1H2BL,official_alias,HIST1H2BL
16385,OR2I1P,exact,OR2I1P
16386,HCG17,exact,HCG17
16387,SLC44A4,exact,SLC44A4
16388,HLA-DRA,exact,HLA-DRA
16389,HLA-DRB5,exact,HLA-DRB5
16390,ETV7,exact,ETV7
16391,CDKN1A,exact,CDKN1A
16392,CPNE5,exact,CPNE5
16393,AL121574.1,unmatched,
16394,KCNK5,exact,KCNK5
16395,KIF6,exact,KIF6
16396,LRFN2,exact,LRFN2
16397,FOXP4-AS1,exact,FOXP4-AS1
16398,GNMT,exact,GNMT
16399,AL355802.2,unmatched,
16400,POLH-AS1,unmatched,
16401,RSPH9,exact,RSPH9
16402,VEGFA,exact,VEGFA
16403,AL136131.3,unmatched,
16404,TNFRSF21,exact,TNFRSF21
16405,C6orf141,exact,C6orf141
16406,FKBP1C,exact,FKBP1C
16407,AL590428.1,unmatched,
16408,AL589666.1,unmatched,
16409,GJA10,exact,GJA10
16410,AL121787.1,unmatched,
16411,SOBP,exact,SOBP
16412,MARCKS,exact,MARCKS
16413,SLC35F1,exact,SLC35F1
16414,LAMA2,exact,LAMA2
16415,AL356124.2,unmatched,
16416,AL049552.1,unmatched,
16417,ADGRG6,exact,ADGRG6
16418,RAB32,exact,RAB32
16419,LUADT1,exact,LUADT1
16420,ULBP2,exact,ULBP2
16421,ULBP1,exact,ULBP1
16422,PLEKHG1,exact,PLEKHG1
16423,AL133260.2,unmatched,
16424,AL390955.2,unmatched,
16425,C6orf99,unmatched,
16426,SLC22A1,exact,SLC22A1
16427,KIF25-AS1,exact,KIF25-AS1
16428,AL731661.1,unmatched,
16429,AC226118.1,unmatched,
16430,PDGFA,exact,PDGFA
16431,AC073957.2,unmatched,
16432,AC006483.2,unmatched,
16433,FSCN1,exact,FSCN1
16434,RSPH10B,exact,RSPH10B
16435,AC011287.1,unmatched,
16436,TSPAN13,exact,TSPAN13
16437,KLHL7-DT,unmatched,
16438,HOXA7,exact,HOXA7
16439,CREB5,exact,CREB5
16440,AQP1,exact,AQP1
16441,ELMO1-AS1,exact,ELMO1-AS1
16442,MYL7,exact,MYL7
16443,CAMK2B,exact,CAMK2B
16444,TNS3,exact,TNS3
16445,C7orf57,exact,C7orf57
16446,SPATA48,unmatched,
16447,AC020743.1,unmatched,
16448,AC020743.2,unmatched,
16449,DDC,exact,DDC
16450,FZD9,exact,FZD9
16451,MAGI2,exact,MAGI2
16452,SEMA3E,exact,SEMA3E
16453,SEMA3D,exact,SEMA3D
16454,STEAP1,exact,STEAP1
16455,CDK14,exact,CDK14
16456,AC003092.1,unmatched,
16457,TAC1,exact,TAC1
16458,AC092849.1,unmatched,
16459,DOCK4,exact,DOCK4
16460,CAV1,exact,CAV1
16461,IQUB,exact,IQUB
16462,AC018638.6,unmatched,
16463,CPA2,exact,CPA2
16464,MESTIT1,exact,MESTIT1
16465,SVOPL,exact,SVOPL
16466,ZC3HAV1L,exact,ZC3HAV1L
16467,TRBV7-3,unmatched,
16468,TRBV11-2,unmatched,
16469,TRBV6-6,unmatched,
16470,TMEM139,exact,TMEM139
16471,TCAF2C,exact,TCAF2C
16472,AC073314.1,unmatched,
16473,AC010973.2,unmatched,
16474,VIPR2,exact,VIPR2
16475,LINC02154,exact,LINC02154
16476,PIR,exact,PIR
16477,NHS,exact,NHS
16478,MAP7D2,exact,MAP7D2
16479,PTCHD1,exact,PTCHD1
16480,LANCL3,exact,LANCL3
16481,AC108879.1,unmatched,
16482,AC234772.3,unmatched,
16483,AC234772.2,unmatched,
16484,CACNA1F,exact,CACNA1F
16485,NUDT10,exact,NUDT10
16486,NUDT11,exact,NUDT11
16487,TRO,exact,TRO
16488,ASB12,exact,ASB12
16489,VSIG4,exact,VSIG4
16490,FAM155B,unmatched,
16491,TAF7L,exact,TAF7L
16492,TCEAL5,exact,TCEAL5
16493,KCNE5,exact,KCNE5
16494,ZCCHC12,exact,ZCCHC12
16495,HS6ST2,exact,HS6ST2
16496,SMIM10,exact,SMIM10
16497,RTL8B,exact,RTL8B
16498,MAMLD1,exact,MAMLD1
16499,SLC6A8,exact,SLC6A8
16500,AC022784.7,unmatched,
16501,AF131216.4,unmatched,
16502,LPL,exact,LPL
16503,NPM2,exact,NPM2
16504,FGF17,exact,FGF17
16505,EGR3,exact,EGR3
16506,DUSP4,exact,DUSP4
16507,AC084026.2,unmatched,
16508,AC026979.1,unmatched,
16509,ADGRA2,exact,ADGRA2
16510,C8orf86,unmatched,
16511,AC083973.1,unmatched,
16512,CHRNA6,exact,CHRNA6
16513,CA8,exact,CA8
16514,CLVS1,exact,CLVS1
16515,AC087672.2,unmatched,
16516,AC079209.1,unmatched,
16517,AC009902.2,unmatched,
16518,CA2,exact,CA2
16519,LINC01030,exact,LINC01030
16520,SLC26A7,exact,SLC26A7
16521,GEM,exact,GEM
16522,ERICH5,exact,ERICH5
16523,AP000424.1,unmatched,
16524,AP003696.1,unmatched,
16525,CTHRC1,exact,CTHRC1
16526,MAL2,exact,MAL2
16527,AC016405.3,unmatched,
16528,AC090922.1,unmatched,
16529,TRIB1,exact,TRIB1
16530,KHDRBS3,exact,KHDRBS3
16531,ERICD,exact,ERICD
16532,ARC,exact,ARC
16533,LY6H,exact,LY6H
16534,AC067930.4,unmatched,
16535,TMEM249,exact,TMEM249
16536,C9orf66,official_alias,C9orf66
16537,AL135786.2,unmatched,
16538,AL136980.1,unmatched,
16539,CDKN2A,exact,CDKN2A
16540,PHF24,exact,PHF24
16541,AL512604.3,unmatched,
16542,BMS1P14,official_alias,BMS1P14
16543,GAS1,exact,GAS1
16544,C9orf47,official_alias,C9orf47
16545,AL606807.1,unmatched,
16546,AL158071.4,unmatched,
16547,OMD,exact,OMD
16548,ASPN,exact,ASPN
16549,WNK2,exact,WNK2
16550,NR4A3,exact,NR4A3
16551,EPB41L4B,exact,EPB41L4B
16552,PTPN3,exact,PTPN3
16553,C9orf84,official_alias,C9orf84
16554,RNF183,exact,RNF183
16555,TNFSF15,exact,TNFSF15
16556,NR6A1,exact,NR6A1
16557,SLC2A8,exact,SLC2A8
16558,AL359091.1,unmatched,
16559,PKN3,exact,PKN3
16560,AL353803.1,unmatched,
16561,AL353803.4,unmatched,
16562,PRRX2,exact,PRRX2
16563,NCS1,exact,NCS1
16564,ASS1,exact,ASS1
16565,PRDM12,exact,PRDM12
16566,ADAMTS13,exact,ADAMTS13
16567,KCNT1,exact,KCNT1
16568,AL138781.2,unmatched,
16569,AL592301.1,unmatched,
16570,FAM69B,official_alias,FAM69B
16571,C8G,exact,C8G
16572,SAPCD2,exact,SAPCD2
16573,NRARP,exact,NRARP
16574,ASCL2,exact,ASCL2
16575,SLC22A18AS,exact,SLC22A18AS
16576,PHLDA2,exact,PHLDA2
16577,OR52K1,exact,OR52K1
16578,OR6A2,exact,OR6A2
16579,AC087280.2,unmatched,
16580,OR10A2,exact,OR10A2
16581,AC091053.1,unmatched,
16582,WEE1,exact,WEE1
16583,AC011092.2,unmatched,
16584,GALNT18,exact,GALNT18
16585,TEAD1,exact,TEAD1
16586,AC124798.1,unmatched,
16587,ABTB2,exact,ABTB2
16588,FJX1,exact,FJX1
16589,LDLRAD3,exact,LDLRAD3
16590,PRR5L,exact,PRR5L
16591,AC087521.4,unmatched,
16592,C11orf96,exact,C11orf96
16593,TP53I11,exact,TP53I11
16594,MAPK8IP1,exact,MAPK8IP1
16595,LARGE2,exact,LARGE2
16596,AC090589.2,unmatched,
16597,PACSIN3,exact,PACSIN3
16598,RAPSN,exact,RAPSN
16599,AP000781.1,unmatched,
16600,RTN4RL2,exact,RTN4RL2
16601,SMTNL1,exact,SMTNL1
16602,OR5B21,exact,OR5B21
16603,SCGB1D4,exact,SCGB1D4
16604,AP001453.2,unmatched,
16605,AP001453.4,unmatched,
16606,CDC42EP2,exact,CDC42EP2
16607,KCNK7,exact,KCNK7
16608,FOSL1,exact,FOSL1
16609,CST6,exact,CST6
16610,CNIH2,exact,CNIH2
16611,LRFN4,exact,LRFN4
16612,AP003096.1,unmatched,
16613,GAL,exact,GAL
16614,MYEOV,exact,MYEOV
16615,PDE2A,exact,PDE2A
16616,LRRC32,exact,LRRC32
16617,CCDC81,exact,CCDC81
16618,PRSS23,exact,PRSS23
16619,RAB38,exact,RAB38
16620,GPR83,exact,GPR83
16621,C11orf53,unmatched,
16622,COLCA1,exact,COLCA1
16623,COLCA2,unmatched,
16624,TEX12,exact,TEX12
16625,CADM1,exact,CADM1
16626,USP2,exact,USP2
16627,USP2-AS1,unmatched,
16628,AP001775.2,unmatched,
16629,IDI2-AS1,exact,IDI2-AS1
16630,PITRM1-AS1,exact,PITRM1-AS1
16631,AL136320.1,unmatched,
16632,MCM10,exact,MCM10
16633,C10orf113,official_alias,C10orf113
16634,C10orf67,exact,C10orf67
16635,ENKUR,exact,ENKUR
16636,MKX,exact,MKX
16637,BAMBI,exact,BAMBI
16638,NRP1,exact,NRP1
16639,FZD8,exact,FZD8
16640,RASGEF1A,exact,RASGEF1A
16641,TMEM273,exact,TMEM273
16642,MRLN,exact,MRLN
16643,EGR2,exact,EGR2
16644,PALD1,exact,PALD1
16645,UNC5B,exact,UNC5B
16646,C10orf105,exact,C10orf105
16647,CHST3,exact,CHST3
16648,AC022400.1,unmatched,
16649,NUTM2D,exact,NUTM2D
16650,CH25H,exact,CH25H
16651,MYOF,exact,MYOF
16652,AL139124.1,unmatched,
16653,AL157834.2,unmatched,
16654,PIK3AP1,exact,PIK3AP1
16655,AL133353.1,unmatched,
16656,SCD,exact,SCD
16657,AL133215.2,unmatched,
16658,AL136368.1,unmatched,
16659,AL391988.1,unmatched,
16660,MMP21,exact,MMP21
16661,TEAD4,exact,TEAD4
16662,AC006207.1,unmatched,
16663,FGF23,exact,FGF23
16664,GALNT8,exact,GALNT8
16665,AC125494.2,unmatched,
16666,AC010186.1,unmatched,
16667,CLECL1,unmatched,
16668,TAS2R13,exact,TAS2R13
16669,EMP1,exact,EMP1
16670,ART4,exact,ART4
16671,BCAT1,exact,BCAT1
16672,RASSF8-AS1,exact,RASSF8-AS1
16673,RASSF8,exact,RASSF8
16674,PTHLH,exact,PTHLH
16675,PKP2,exact,PKP2
16676,AC046130.1,unmatched,
16677,AC067735.1,unmatched,
16678,AC079601.1,unmatched,
16679,AC025253.1,unmatched,
16680,LINC02156,unmatched,
16681,LINC02354,unmatched,
16682,AC073610.3,unmatched,
16683,GPD1,exact,GPD1
16684,NR4A1,exact,NR4A1
16685,AC025259.3,unmatched,
16686,KRT7,exact,KRT7
16687,ESPL1,exact,ESPL1
16688,ZNF385A,exact,ZNF385A
16689,MUCL1,exact,MUCL1
16690,MYO1A,exact,MYO1A
16691,NXPH4,exact,NXPH4
16692,AC137834.2,unmatched,
16693,NDUFA4L2,exact,NDUFA4L2
16694,CYP27B1,exact,CYP27B1
16695,AC083805.1,unmatched,
16696,IRAK3,exact,IRAK3
16697,LINC02408,exact,LINC02408
16698,IFNG,exact,IFNG
16699,DUSP6,exact,DUSP6
16700,AC024909.2,unmatched,
16701,CCDC38,exact,CCDC38
16702,AC008149.1,unmatched,
16703,ALDH1L2,exact,ALDH1L2
16704,CFAP73,exact,CFAP73
16705,TESC,exact,TESC
16706,AC125616.1,unmatched,
16707,LINC00944,unmatched,
16708,IL17D,exact,IL17D
16709,AL590787.1,unmatched,
16710,WASF3,exact,WASF3
16711,UBE2L5,exact,UBE2L5
16712,SPART-AS1,exact,SPART-AS1
16713,LINC02341,exact,LINC02341
16714,TNFSF11,exact,TNFSF11
16715,SERP2,exact,SERP2
16716,SLC25A30-AS1,exact,SLC25A30-AS1
16717,LINC01068,exact,LINC01068
16718,AL136961.1,unmatched,
16719,AL139384.2,unmatched,
16720,OR10G3,exact,OR10G3
16721,PRMT5-AS1,unmatched,
16722,SEC23A-AS1,exact,SEC23A-AS1
16723,AL132639.3,unmatched,
16724,AL358333.3,unmatched,
16725,AL158801.3,unmatched,
16726,HIF1A-AS1,unmatched,
16727,PLEKHH1,exact,PLEKHH1
16728,SYNJ2BP-COX16,exact,SYNJ2BP-COX16
16729,ADAM21,exact,ADAM21
16730,AC005476.2,unmatched,
16731,RGS6,exact,RGS6
16732,AC005225.2,unmatched,
16733,AC005520.1,unmatched,
16734,AC005520.5,unmatched,
16735,AC005479.2,unmatched,
16736,FOS,exact,FOS
16737,TTC7B,exact,TTC7B
16738,AL135818.2,unmatched,
16739,ASB2,exact,ASB2
16740,AL133467.4,unmatched,
16741,AK7,exact,AK7
16742,AL157912.1,unmatched,
16743,BEGAIN,exact,BEGAIN
16744,LINC02285,exact,LINC02285
16745,LINC02323,exact,LINC02323
16746,IGHV1-3,exact,IGHV1-3
16747,AC123768.2,unmatched,
16748,CHRM5,exact,CHRM5
16749,AC021755.3,unmatched,
16750,C15orf62,exact,C15orf62
16751,RHOV,exact,RHOV
16752,CHAC1,exact,CHAC1
16753,AC073657.1,unmatched,
16754,AC090510.2,unmatched,
16755,DUOXA1,exact,DUOXA1
16756,AC068722.2,unmatched,
16757,ATP8B4,exact,ATP8B4
16758,HDC,exact,HDC
16759,BCL2L10,exact,BCL2L10
16760,CCNB2,exact,CCNB2
16761,AC104590.1,unmatched,
16762,C2CD4B,exact,C2CD4B
16763,CORO2B,exact,CORO2B
16764,KIF23,exact,KIF23
16765,ADPGK-AS1,exact,ADPGK-AS1
16766,SEMA7A,exact,SEMA7A
16767,LMAN1L,exact,LMAN1L
16768,AC105020.3,unmatched,
16769,AC105020.2,unmatched,
16770,SNX33,exact,SNX33
16771,ACSBG1,exact,ACSBG1
16772,AC027228.1,unmatched,
16773,KIAA1024,official_alias,KIAA1024
16774,GOLGA6L10,exact,GOLGA6L10
16775,TM6SF1,exact,TM6SF1
16776,AC021739.4,unmatched,
16777,NTRK3,exact,NTRK3
16778,ACAN,exact,ACAN
16779,KIF7,exact,KIF7
16780,TTC23,exact,TTC23
16781,LRRK1,exact,LRRK1
16782,HBQ1,exact,HBQ1
16783,WFIKKN1,exact,WFIKKN1
16784,NPW,exact,NPW
16785,RAB26,exact,RAB26
16786,AC004233.4,unmatched,
16787,TNFRSF12A,exact,TNFRSF12A
16788,AC009171.2,unmatched,
16789,VASN,exact,VASN
16790,EMP2,exact,EMP2
16791,AC136624.2,unmatched,
16792,AC099518.4,unmatched,
16793,GP2,exact,GP2
16794,SLC5A11,exact,SLC5A11
16795,AC106739.2,unmatched,
16796,EIF3CL,exact,EIF3CL
16797,ASPHD1,exact,ASPHD1
16798,AC135048.3,unmatched,
16799,CRNDE,exact,CRNDE
16800,MT1G,exact,MT1G
16801,MT1H,exact,MT1H
16802,KIFC3,exact,KIFC3
16803,CDH8,exact,CDH8
16804,RRAD,exact,RRAD
16805,HSD11B2,exact,HSD11B2
16806,AC027682.2,unmatched,
16807,AC092115.3,unmatched,
16808,AC010547.4,unmatched,
16809,AC009097.3,unmatched,
16810,PMFBP1,exact,PMFBP1
16811,BCAR1,exact,BCAR1
16812,AC105411.1,unmatched,
16813,C16orf46,exact,C16orf46
16814,AC092718.6,unmatched,
16815,AC092718.1,unmatched,
16816,LINC00311,exact,LINC00311
16817,AC092723.5,unmatched,
16818,AC092723.3,unmatched,
16819,AC010531.5,unmatched,
16820,AC010536.3,unmatched,
16821,AC010536.1,unmatched,
16822,AC126696.3,unmatched,
16823,AC126696.2,unmatched,
16824,CDH15,exact,CDH15
16825,CPNE7,exact,CPNE7
16826,LINC02166,exact,LINC02166
16827,NXN,exact,NXN
16828,RTN4RL1,exact,RTN4RL1
16829,AC090617.3,unmatched,
16830,AC006435.3,unmatched,
16831,AC006435.1,unmatched,
16832,HASPIN,exact,HASPIN
16833,SPNS2,exact,SPNS2
16834,AC091153.4,unmatched,
16835,AC004771.2,unmatched,
16836,MIR497HG,exact,MIR497HG
16837,SLC35G6,exact,SLC35G6
16838,AC016876.3,unmatched,
16839,SOX15,exact,SOX15
16840,HES7,exact,HES7
16841,AC135178.2,unmatched,
16842,AC002347.1,unmatched,
16843,AC005324.3,unmatched,
16844,ADORA2B,exact,ADORA2B
16845,AC093484.3,unmatched,
16846,AC093484.4,unmatched,
16847,AC020558.1,unmatched,
16848,AC010761.4,unmatched,
16849,AC068025.1,unmatched,
16850,ANKRD13B,exact,ANKRD13B
16851,AC003101.2,unmatched,
16852,AC004253.1,unmatched,
16853,AC116407.1,unmatched,
16854,AC060766.4,unmatched,
16855,AC015849.2,unmatched,
16856,TBC1D3L,exact,TBC1D3L
16857,PNMT,exact,PNMT
16858,AC080112.1,unmatched,
16859,TNS4,exact,TNS4
16860,KRT222,exact,KRT222
16861,TTC25,official_alias,TTC25
16862,KCNH4,exact,KCNH4
16863,ETV4,exact,ETV4
16864,RUNDC3A,exact,RUNDC3A
16865,C1QL1,exact,C1QL1
16866,TBX21,exact,TBX21
16867,AC036222.1,unmatched,
16868,HOXB6,exact,HOXB6
16869,HOXB8,exact,HOXB8
16870,HOXB9,exact,HOXB9
16871,AC091180.3,unmatched,
16872,COL1A1,exact,COL1A1
16873,HLF,exact,HLF
16874,LPO,exact,LPO
16875,C17orf64,unmatched,
16876,EFCAB3,exact,EFCAB3
16877,AC080038.1,unmatched,
16878,CASKIN2,exact,CASKIN2
16879,ITGB4,exact,ITGB4
16880,SPHK1,exact,SPHK1
16881,LINC02080,exact,LINC02080
16882,CBX2,exact,CBX2
16883,NPTX1,exact,NPTX1
16884,AATK,exact,AATK
16885,MAFG-DT,unmatched,
16886,RAC3,exact,RAC3
16887,AC132872.2,unmatched,
16888,AC132938.1,unmatched,
16889,AC132938.3,unmatched,
16890,METRNL,exact,METRNL
16891,AP001029.2,unmatched,
16892,SPIRE1,exact,SPIRE1
16893,AC006557.3,unmatched,
16894,CABLES1,exact,CABLES1
16895,AC011731.1,unmatched,
16896,CABYR,exact,CABYR
16897,AC090772.3,unmatched,
16898,AC017100.1,unmatched,
16899,AC021224.1,unmatched,
16900,SETBP1,exact,SETBP1
16901,AC012254.3,unmatched,
16902,AC016866.1,unmatched,
16903,ALPK2,exact,ALPK2
16904,AC104971.3,unmatched,
16905,RNF152,exact,RNF152
16906,AC090125.1,unmatched,
16907,AC114341.1,unmatched,
16908,SIRPD,exact,SIRPD
16909,AL121899.1,unmatched,
16910,HSPA12B,exact,HSPA12B
16911,AL035448.1,unmatched,
16912,MACROD2,exact,MACROD2
16913,AL390037.1,unmatched,
16914,TPX2,exact,TPX2
16915,AL121906.2,unmatched,
16916,SPAG4,exact,SPAG4
16917,AL031651.1,unmatched,
16918,KCNK15,exact,KCNK15
16919,SDC4,exact,SDC4
16920,WFDC3,exact,WFDC3
16921,UBE2C,exact,UBE2C
16922,PLTP,exact,PLTP
16923,MMP9,exact,MMP9
16924,SNAI1,exact,SNAI1
16925,DOK5,exact,DOK5
16926,FNDC11,exact,FNDC11
16927,RTEL1-TNFRSF6B,exact,RTEL1-TNFRSF6B
16928,AC004449.1,unmatched,
16929,CBARP,exact,CBARP
16930,CIRBP-AS1,exact,CIRBP-AS1
16931,AMH,exact,AMH
16932,TMPRSS9,exact,TMPRSS9
16933,RAX2,exact,RAX2
16934,TNFSF9,exact,TNFSF9
16935,C3,exact,C3
16936,TGFBR3L,exact,TGFBR3L
16937,CTXN1,exact,CTXN1
16938,AC020931.1,unmatched,
16939,AC011511.3,unmatched,
16940,ICAM5,exact,ICAM5
16941,PDE4A,exact,PDE4A
16942,ZNF878,exact,ZNF878
16943,AC138474.1,unmatched,
16944,C19orf67,exact,C19orf67
16945,AC022098.3,unmatched,
16946,LINC01842,exact,LINC01842
16947,ZNF730,exact,ZNF730
16948,TSHZ3,exact,TSHZ3
16949,CEBPA,exact,CEBPA
16950,KCTD15,exact,KCTD15
16951,FFAR3,exact,FFAR3
16952,GPR42,exact,GPR42
16953,UPK1A,exact,UPK1A
16954,AC022148.2,unmatched,
16955,AC243960.3,unmatched,
16956,NECTIN2,exact,NECTIN2
16957,DACT3-AS1,exact,DACT3-AS1
16958,AC008622.2,unmatched,
16959,C5AR1,exact,C5AR1
16960,ZNF114,exact,ZNF114
16961,GRIN2D,exact,GRIN2D
16962,FAM83E,exact,FAM83E
16963,FUT1,exact,FUT1
16964,TRPM4,exact,TRPM4
16965,CCDC155,official_alias,CCDC155
16966,IL4I1,exact,IL4I1
16967,AC010325.1,unmatched,
16968,AC010325.2,unmatched,
16969,SIGLEC9,exact,SIGLEC9
16970,AC245052.7,unmatched,
16971,KIR3DX1,unmatched,
16972,EPS8L1,exact,EPS8L1
16973,SSC5D,exact,SSC5D
16974,AC007666.1,unmatched,
16975,TUBA8,exact,TUBA8
16976,CDC45,exact,CDC45
16977,AC006547.2,unmatched,
16978,LINC01637,exact,LINC01637
16979,GNAZ,exact,GNAZ
16980,SUSD2,exact,SUSD2
16981,AL022329.2,unmatched,
16982,AL008638.3,unmatched,
16983,GAS2L1,exact,GAS2L1
16984,LIF,exact,LIF
16985,AC005005.3,unmatched,
16986,RFPL3S,exact,RFPL3S
16987,SYN3,exact,SYN3
16988,TST,exact,TST
16989,AL022322.1,unmatched,
16990,KDELR3,exact,KDELR3
16991,APOBEC3B,exact,APOBEC3B
16992,FAM83F,exact,FAM83F
16993,SHISA8,exact,SHISA8
16994,OGFRP1,unmatched,
16995,Z83851.2,unmatched,
16996,ARHGAP8,exact,ARHGAP8
16997,GTSE1,exact,GTSE1
16998,MIOX,exact,MIOX
16999,SCO2,exact,SCO2
17000,CU638689.5,unmatched,
17001,LINC00158,exact,LINC00158
17002,JAM2,exact,JAM2
17003,AP000266.1,unmatched,
17004,TCP10L,exact,TCP10L
17005,LINC00310,exact,LINC00310
17006,CLIC6,exact,CLIC6
17007,KCNJ15,exact,KCNJ15
17008,ZNF295-AS1,exact,ZNF295-AS1
17009,RSPH1,exact,RSPH1
17010,AATBC,exact,AATBC
17011,BX322562.1,unmatched,
17012,AJ011932.1,unmatched,
17013,ANKRD65,exact,ANKRD65
17014,CALML6,exact,CALML6
17015,MIR34AHG,exact,MIR34AHG
17016,LINC01759,official_alias,LINC01759
17017,RBP7,exact,RBP7
17018,AL139424.1,unmatched,
17019,CORT,exact,CORT
17020,FHAD1,exact,FHAD1
17021,FAM131C,exact,FAM131C
17022,BX284668.2,unmatched,
17023,RAP1GAP,exact,RAP1GAP
17024,TEX46,exact,TEX46
17025,E2F2,exact,E2F2
17026,AL031432.5,unmatched,
17027,SFN,exact,SFN
17028,TRNP1,exact,TRNP1
17029,GPR3,exact,GPR3
17030,AL445490.1,unmatched,
17031,OPRD1,exact,OPRD1
17032,SERINC2,exact,SERINC2
17033,AC114488.2,unmatched,
17034,TMEM54,exact,TMEM54
17035,GJA4,exact,GJA4
17036,KCNQ4,exact,KCNQ4
17037,FOXO6,exact,FOXO6
17038,CFAP57,exact,CFAP57
17039,AL139289.1,unmatched,
17040,AL451062.1,unmatched,
17041,ARTN,exact,ARTN
17042,TEX38,exact,TEX38
17043,CYP4A22-AS1,exact,CYP4A22-AS1
17044,LINC00853,exact,LINC00853
17045,LINC01389,exact,LINC01389
17046,AL357673.1,unmatched,
17047,MROH7,exact,MROH7
17048,AC105277.1,unmatched,
17049,ROR1,exact,ROR1
17050,IL23R,exact,IL23R
17051,GNG12,exact,GNG12
17052,DEPDC1,exact,DEPDC1
17053,AL354872.2,unmatched,
17054,GIPC2,exact,GIPC2
17055,CYR61,official_alias,CYR61
17056,AL121989.1,unmatched,
17057,LINC01140,exact,LINC01140
17058,HFM1,exact,HFM1
17059,TMEM56,official_alias,TMEM56
17060,SNX7,exact,SNX7
17061,GPR88,exact,GPR88
17062,NTNG1,exact,NTNG1
17063,PSRC1,exact,PSRC1
17064,GNAT2,exact,GNAT2
17065,GSTM5,exact,GSTM5
17066,AL354760.1,unmatched,
17067,OLFML3,exact,OLFML3
17068,IGSF3,exact,IGSF3
17069,AL157904.1,unmatched,
17070,ZNF697,exact,ZNF697
17071,AC245008.1,unmatched,
17072,FAM72B,exact,FAM72B
17073,FAM72C,exact,FAM72C
17074,FAM72D,exact,FAM72D
17075,LINC01719,exact,LINC01719
17076,FCGR1A,exact,FCGR1A
17077,HIST2H3D,official_alias,HIST2H3D
17078,HIST2H4B,official_alias,HIST2H4B
17079,TMOD4,exact,TMOD4
17080,AL589765.4,unmatched,
17081,TCHH,exact,TCHH
17082,FLG-AS1,exact,FLG-AS1
17083,AL589986.2,unmatched,
17084,PGLYRP4,exact,PGLYRP4
17085,S100A2,exact,S100A2
17086,AL358472.3,unmatched,
17087,AC234582.1,unmatched,
17088,CRABP2,exact,CRABP2
17089,INSRR,exact,INSRR
17090,IGSF9,exact,IGSF9
17091,OLFML2B,exact,OLFML2B
17092,AL137796.1,unmatched,
17093,NCF2,exact,NCF2
17094,COLGALT2,exact,COLGALT2
17095,PTGS2,exact,PTGS2
17096,PLA2G4A,exact,PLA2G4A
17097,ASPM,exact,ASPM
17098,PHLDA3,exact,PHLDA3
17099,AL645504.1,unmatched,
17100,CHIT1,exact,CHIT1
17101,IL19,exact,IL19
17102,PIGR,exact,PIGR
17103,AL445493.3,unmatched,
17104,NEK2,exact,NEK2
17105,FAM71A,unmatched,
17106,SPATA45,exact,SPATA45
17107,LEFTY1,exact,LEFTY1
17108,LINC01641,exact,LINC01641
17109,CAPN9,exact,CAPN9
17110,EDARADD,exact,EDARADD
17111,ACTN2,exact,ACTN2
17112,MTRNR2L11,exact,MTRNR2L11
17113,ZNF695,exact,ZNF695
17114,GCSAML,exact,GCSAML
17115,OR2L13,exact,OR2L13
17116,AC007240.1,unmatched,
17117,C2orf48,official_alias,C2orf48
17118,FAM49A,official_alias,FAM49A
17119,FKBP1B,exact,FKBP1B
17120,TP53I3,exact,TP53I3
17121,AC012073.1,unmatched,
17122,OTOF,exact,OTOF
17123,CENPA,exact,CENPA
17124,PLB1,exact,PLB1
17125,AC097724.1,unmatched,
17126,GALNT14,exact,GALNT14
17127,AL121655.1,unmatched,
17128,AC009414.2,unmatched,
17129,SLC8A1-AS1,exact,SLC8A1-AS1
17130,LINC01119,exact,LINC01119
17131,AC073283.1,unmatched,
17132,EPCAM,exact,EPCAM
17133,AC007250.1,unmatched,
17134,LINC01793,exact,LINC01793
17135,AC093159.1,unmatched,
17136,TMEM17,exact,TMEM17
17137,AC008074.1,unmatched,
17138,PLEK,exact,PLEK
17139,ANTXR1,exact,ANTXR1
17140,AC073263.1,unmatched,
17141,LBX2,exact,LBX2
17142,AC005041.3,unmatched,
17143,TLX2,exact,TLX2
17144,LOXL3,exact,LOXL3
17145,M1AP,exact,M1AP
17146,AC104135.1,unmatched,
17147,AC084149.2,unmatched,
17148,RNF103-CHMP3,exact,RNF103-CHMP3
17149,CD8A,exact,CD8A
17150,THNSL2,exact,THNSL2
17151,NCAPH,exact,NCAPH
17152,IL1RL2,exact,IL1RL2
17153,LINC01123,exact,LINC01123
17154,MALL,exact,MALL
17155,ACOXL,exact,ACOXL
17156,MYO7B,exact,MYO7B
17157,LCT,exact,LCT
17158,SCN3A,exact,SCN3A
17159,SPC25,exact,SPC25
17160,DHRS9,exact,DHRS9
17161,CCDC173,unmatched,
17162,AC007405.1,unmatched,
17163,AC007405.3,unmatched,
17164,CYBRD1,exact,CYBRD1
17165,AC019080.3,unmatched,
17166,PDE11A,exact,PDE11A
17167,SATB2,exact,SATB2
17168,LINC01792,unmatched,
17169,CPO,exact,CPO
17170,GPBAR1,exact,GPBAR1
17171,CYP27A1,exact,CYP27A1
17172,WNT6,exact,WNT6
17173,AC068946.1,unmatched,
17174,DES,unmatched,
17175,KCNE4,exact,KCNE4
17176,FAM124B,exact,FAM124B
17177,SPATA3-AS1,exact,SPATA3-AS1
17178,ECEL1,exact,ECEL1
17179,SAG,exact,SAG
17180,HJURP,exact,HJURP
17181,SH3BP4,exact,SH3BP4
17182,LMCD1-AS1,exact,LMCD1-AS1
17183,CPNE9,exact,CPNE9
17184,CIDEC,exact,CIDEC
17185,AC022001.3,unmatched,
17186,ZNF860,exact,ZNF860
17187,SCN5A,exact,SCN5A
17188,XIRP1,exact,XIRP1
17189,FAM198A,official_alias,FAM198A
17190,AC099669.1,unmatched,
17191,AC124045.1,unmatched,
17192,XCR1,exact,XCR1
17193,CSPG5,exact,CSPG5
17194,CDC25A,exact,CDC25A
17195,FBXW12,exact,FBXW12
17196,AC141002.1,unmatched,
17197,LAMB2,exact,LAMB2
17198,CAMKV,exact,CAMKV
17199,MST1R,exact,MST1R
17200,HYAL1,exact,HYAL1
17201,GPR27,exact,GPR27
17202,PROK2,exact,PROK2
17203,LINC00877,exact,LINC00877
17204,PROS1,exact,PROS1
17205,LINC00882,exact,LINC00882
17206,LINC01990,exact,LINC01990
17207,AC092894.1,unmatched,
17208,CD80,exact,CD80
17209,SLC12A8,exact,SLC12A8
17210,AC079848.1,unmatched,
17211,AC084035.1,unmatched,
17212,MRAS,exact,MRAS
17213,PLOD2,exact,PLOD2
17214,GPR87,exact,GPR87
17215,PLCH1,exact,PLCH1
17216,LINC00881,unmatched,
17217,AC092919.1,unmatched,
17218,AC090425.1,unmatched,
17219,AC107294.2,unmatched,
17220,IGF2BP2,exact,IGF2BP2
17221,DGKG,exact,DGKG
17222,HRASLS,official_alias,HRASLS
17223,HES1,exact,HES1
17224,LINC02036,unmatched,
17225,AC046143.2,unmatched,
17226,MUC4,exact,MUC4
17227,UBXN7-AS1,unmatched,
17228,MSX1,exact,MSX1
17229,EVC,exact,EVC
17230,AC097505.1,unmatched,
17231,AC106047.1,unmatched,
17232,AC104078.1,unmatched,
17233,AC096734.1,unmatched,
17234,CNGA1,exact,CNGA1
17235,SLC10A4,exact,SLC10A4
17236,ERVMER34-1,exact,ERVMER34-1
17237,ADAMTS3,exact,ADAMTS3
17238,CXCL9,exact,CXCL9
17239,CXCL11,exact,CXCL11
17240,LINC01088,exact,LINC01088
17241,MTTP,exact,MTTP
17242,AC097460.1,unmatched,
17243,AC126283.1,unmatched,
17244,UGT8,exact,UGT8
17245,TRPC3,exact,TRPC3
17246,AC021205.3,unmatched,
17247,CLGN,exact,CLGN
17248,HHIP-AS1,exact,HHIP-AS1
17249,FHDC1,exact,FHDC1
17250,CPE,exact,CPE
17251,SH3RF1,exact,SH3RF1
17252,NEIL3,exact,NEIL3
17253,LINC02363,exact,LINC02363
17254,AC106897.1,unmatched,
17255,ZDHHC11B,exact,ZDHHC11B
17256,AC026412.3,unmatched,
17257,LINC02100,exact,LINC02100
17258,SLC1A3,exact,SLC1A3
17259,LINC01033,exact,LINC01033
17260,LINC01337,exact,LINC01337
17261,AC008906.2,unmatched,
17262,TMED7-TICAM2,exact,TMED7-TICAM2
17263,LINC00992,exact,LINC00992
17264,CSF2,exact,CSF2
17265,SLC22A4,exact,SLC22A4
17266,FSTL4,exact,FSTL4
17267,AC109454.3,unmatched,
17268,AC113382.1,unmatched,
17269,NME5,exact,NME5
17270,KIF20A,exact,KIF20A
17271,CDC25C,exact,CDC25C
17272,REEP2,exact,REEP2
17273,AC008438.1,unmatched,
17274,PCDHGA11,exact,PCDHGA11
17275,PDGFRB,exact,PDGFRB
17276,SYNPO,exact,SYNPO
17277,MYOZ3,exact,MYOZ3
17278,AC011374.1,unmatched,
17279,SGCD,exact,SGCD
17280,LINC01932,exact,LINC01932
17281,AC113414.1,unmatched,
17282,FBLL1,exact,FBLL1
17283,SLIT3,exact,SLIT3
17284,SH3PXD2B,exact,SH3PXD2B
17285,GPRIN1,exact,GPRIN1
17286,ADAMTS2,exact,ADAMTS2
17287,CBY3,exact,CBY3
17288,AL357054.3,unmatched,
17289,NRN1,exact,NRN1
17290,TFAP2A,exact,TFAP2A
17291,TFAP2A-AS1,unmatched,
17292,HIST1H3B,official_alias,HIST1H3B
17293,HIST1H2AB,official_alias,HIST1H2AB
17294,HIST1H2BB,official_alias,HIST1H2BB
17295,HIST1H3C,official_alias,HIST1H3C
17296,HIST1H3F,official_alias,HIST1H3F
17297,HIST1H3G,official_alias,HIST1H3G
17298,HIST1H2AI,official_alias,HIST1H2AI
17299,HIST1H2AJ,official_alias,HIST1H2AJ
17300,HIST1H2AM,official_alias,HIST1H2AM
17301,LINC01556,unmatched,
17302,SFTA2,exact,SFTA2
17303,HCG21,unmatched,
17304,C2,exact,C2
17305,AL662796.1,unmatched,
17306,ZBTB9,exact,ZBTB9
17307,GRM4,exact,GRM4
17308,RPS10-NUDT3,exact,RPS10-NUDT3
17309,AL033519.3,unmatched,
17310,DNAH8,exact,DNAH8
17311,LRRC73,exact,LRRC73
17312,AL137784.2,unmatched,
17313,PLN,exact,PLN
17314,AL365275.1,unmatched,
17315,C6orf58,exact,C6orf58
17316,ARFGEF3,exact,ARFGEF3
17317,AL590617.2,unmatched,
17318,AL031056.1,unmatched,
17319,PPP1R14C,exact,PPP1R14C
17320,AL354892.2,unmatched,
17321,LINC00574,exact,LINC00574
17322,FAM20C,exact,FAM20C
17323,ELFN1,exact,ELFN1
17324,ELFN1-AS1,exact,ELFN1-AS1
17325,ANKRD61,exact,ANKRD61
17326,AC005014.2,unmatched,
17327,HDAC9,exact,HDAC9
17328,ITGB8,exact,ITGB8
17329,RAPGEF5,exact,RAPGEF5
17330,GPNMB,exact,GPNMB
17331,HOXA6,exact,HOXA6
17332,HOXA10-AS,exact,HOXA10-AS
17333,PDE1C,exact,PDE1C
17334,AC018645.2,unmatched,
17335,NACAD,exact,NACAD
17336,ZPBP,exact,ZPBP
17337,AC002454.1,unmatched,
17338,PEG10,exact,PEG10
17339,AC093799.1,unmatched,
17340,AC004922.1,unmatched,
17341,CYP3A43,exact,CYP3A43
17342,ACHE,exact,ACHE
17343,MUC12,exact,MUC12
17344,SERPINE1,exact,SERPINE1
17345,VGF,exact,VGF
17346,IRF5,exact,IRF5
17347,SMO,exact,SMO
17348,LRGUK,exact,LRGUK
17349,KLRG2,exact,KLRG2
17350,AC073342.1,unmatched,
17351,FAM131B,exact,FAM131B
17352,AC099552.1,unmatched,
17353,MID1,exact,MID1
17354,EGFL6,exact,EGFL6
17355,AC003035.1,unmatched,
17356,XK,exact,XK
17357,AC091808.1,unmatched,
17358,GPR34,exact,GPR34
17359,JADE3,exact,JADE3
17360,ERAS,exact,ERAS
17361,CENPVL3,exact,CENPVL3
17362,IQSEC2,exact,IQSEC2
17363,KIF4A,exact,KIF4A
17364,SLC7A3,exact,SLC7A3
17365,CITED1,exact,CITED1
17366,DRP2,exact,DRP2
17367,TMSB15A,exact,TMSB15A
17368,TCEAL7,exact,TCEAL7
17369,RAB40A,exact,RAB40A
17370,TMEM31,exact,TMEM31
17371,IL13RA1,exact,IL13RA1
17372,APLN,exact,APLN
17373,TREX2,exact,TREX2
17374,DUSP9,exact,DUSP9
17375,PNCK,exact,PNCK
17376,L1CAM,exact,L1CAM
17377,AC022784.8,unmatched,
17378,AC021242.3,unmatched,
17379,RP1L1,exact,RP1L1
17380,C8orf48,exact,C8orf48
17381,LZTS1,exact,LZTS1
17382,STC1,exact,STC1
17383,CDCA2,exact,CDCA2
17384,PNMA2,exact,PNMA2
17385,CHRNA2,exact,CHRNA2
17386,PBK,exact,PBK
17387,TEX15,exact,TEX15
17388,AP006545.2,unmatched,
17389,CEBPD,exact,CEBPD
17390,AC026904.2,unmatched,
17391,RGS20,exact,RGS20
17392,LYN,exact,LYN
17393,C8orf34,exact,C8orf34
17394,SLCO5A1,exact,SLCO5A1
17395,JPH1,exact,JPH1
17396,CRISPLD1,exact,CRISPLD1
17397,AC083837.1,unmatched,
17398,CA3-AS1,exact,CA3-AS1
17399,C8orf37-AS1,unmatched,
17400,NIPAL2,exact,NIPAL2
17401,AP003472.1,unmatched,
17402,AP002852.1,unmatched,
17403,BAALC-AS1,exact,BAALC-AS1
17404,AC104316.2,unmatched,
17405,ADGRB1,exact,ADGRB1
17406,LY6K,exact,LY6K
17407,LYNX1,exact,LYNX1
17408,MAFA-AS1,exact,MAFA-AS1
17409,MAFA,exact,MAFA
17410,AC067930.2,unmatched,
17411,IQANK1,exact,IQANK1
17412,AC233992.2,unmatched,
17413,AF186192.3,unmatched,
17414,AL158832.1,unmatched,
17415,INSL4,exact,INSL4
17416,PDCD1LG2,exact,PDCD1LG2
17417,GLDC,exact,GLDC
17418,AL354694.1,unmatched,
17419,CNTLN,exact,CNTLN
17420,AL591222.1,unmatched,
17421,FOCAD-AS1,exact,FOCAD-AS1
17422,ELAVL2,exact,ELAVL2
17423,AL356489.2,unmatched,
17424,LINC01251,official_alias,LINC01251
17425,CCL27,exact,CCL27
17426,CA9,exact,CA9
17427,MSMP,exact,MSMP
17428,MELK,exact,MELK
17429,PAX5,exact,PAX5
17430,AL590399.3,unmatched,
17431,BX005266.2,unmatched,
17432,C9orf135,unmatched,
17433,RORB,exact,RORB
17434,GNA14,exact,GNA14
17435,SLC28A3,exact,SLC28A3
17436,SYK,exact,SYK
17437,AL158152.2,unmatched,
17438,AL161729.4,unmatched,
17439,LINC00092,exact,LINC00092
17440,CTSV,exact,CTSV
17441,FOXE1,exact,FOXE1
17442,AL358937.1,unmatched,
17443,CAVIN4,exact,CAVIN4
17444,AL158070.1,unmatched,
17445,AL139041.1,unmatched,
17446,TEX48,exact,TEX48
17447,TNC,exact,TNC
17448,LHX2,exact,LHX2
17449,AL356481.3,unmatched,
17450,AL158151.4,unmatched,
17451,AL158151.3,unmatched,
17452,PTGES,exact,PTGES
17453,PLPP7,exact,PLPP7
17454,C9orf139,unmatched,
17455,FUT7,exact,FUT7
17456,FAM166A,unmatched,
17457,CEND1,exact,CEND1
17458,CRACR2B,exact,CRACR2B
17459,ART5,exact,ART5
17460,CAVIN3,exact,CAVIN3
17461,LMO1,exact,LMO1
17462,STK33,exact,STK33
17463,LINC00958,exact,LINC00958
17464,E2F8,exact,E2F8
17465,AL078612.1,unmatched,
17466,AC044839.1,unmatched,
17467,CREB3L1,exact,CREB3L1
17468,LRP4-AS1,exact,LRP4-AS1
17469,AP003557.1,unmatched,
17470,FAM111B,exact,FAM111B
17471,TMEM132A,exact,TMEM132A
17472,AP003721.2,unmatched,
17473,MYRF,exact,MYRF
17474,RAB3IL1,exact,RAB3IL1
17475,GNG3,exact,GNG3
17476,CATSPERZ,exact,CATSPERZ
17477,CCDC87,exact,CCDC87
17478,SPTBN2,exact,SPTBN2
17479,PTPRCAP,exact,PTPRCAP
17480,ACY3,exact,ACY3
17481,AP000786.1,unmatched,
17482,ARHGAP20,exact,ARHGAP20
17483,TMPRSS5,exact,TMPRSS5
17484,OR8D4,exact,OR8D4
17485,ACRV1,exact,ACRV1
17486,DDX25,exact,DDX25
17487,AL731533.2,unmatched,
17488,ACBD7,exact,ACBD7
17489,AL158211.3,unmatched,
17490,KIAA1217,exact,KIAA1217
17491,ARMC4,official_alias,ARMC4
17492,AL356258.1,unmatched,
17493,LINC00839,exact,LINC00839
17494,RET,exact,RET
17495,FXYD4,exact,FXYD4
17496,ZNF32-AS2,exact,ZNF32-AS2
17497,LINC00619,unmatched,
17498,ZNF488,exact,ZNF488
17499,OGDHL,exact,OGDHL
17500,SLC16A9,exact,SLC16A9
17501,TACR2,exact,TACR2
17502,AL450311.2,unmatched,
17503,DUPD1,official_alias,DUPD1
17504,ZNF503,exact,ZNF503
17505,ZNF503-AS2,exact,ZNF503-AS2
17506,DLG5,exact,DLG5
17507,BX248123.1,unmatched,
17508,DYDC2,exact,DYDC2
17509,CEP55,exact,CEP55
17510,TBC1D12,exact,TBC1D12
17511,ACSM6,exact,ACSM6
17512,PDLIM1,exact,PDLIM1
17513,CC2D2B,exact,CC2D2B
17514,TLL2,exact,TLL2
17515,SLIT1,exact,SLIT1
17516,AL139241.1,unmatched,
17517,AL133215.3,unmatched,
17518,ELOVL3,exact,ELOVL3
17519,INA,exact,INA
17520,SH3PXD2A-AS1,exact,SH3PXD2A-AS1
17521,HMX2,exact,HMX2
17522,CFAP46,exact,CFAP46
17523,UTF1,exact,UTF1
17524,CYP2E1,exact,CYP2E1
17525,FAM90A1,exact,FAM90A1
17526,GSG1,exact,GSG1
17527,SPX,exact,SPX
17528,GYS2,exact,GYS2
17529,LMNTD1,exact,LMNTD1
17530,FGD4,exact,FGD4
17531,AC046130.2,unmatched,
17532,CCDC184,exact,CCDC184
17533,DDN,unmatched,
17534,AC010173.1,unmatched,
17535,FAIM2,exact,FAIM2
17536,AC068987.3,unmatched,
17537,KRT79,exact,KRT79
17538,IGFBP6,exact,IGFBP6
17539,GPR84,exact,GPR84
17540,AC034102.8,unmatched,
17541,AC024884.2,unmatched,
17542,MIP,exact,MIP
17543,GLI1,exact,GLI1
17544,B4GALNT1,exact,B4GALNT1
17545,AGAP2-AS1,exact,AGAP2-AS1
17546,LINC02389,exact,LINC02389
17547,WIF1,exact,WIF1
17548,IL26,exact,IL26
17549,LINC02384,unmatched,
17550,AC090502.1,unmatched,
17551,AC107032.2,unmatched,
17552,E2F7,exact,E2F7
17553,AC063949.2,unmatched,
17554,AC012464.3,unmatched,
17555,AC073655.1,unmatched,
17556,PMCH,exact,PMCH
17557,IGF1,exact,IGF1
17558,AC078929.1,unmatched,
17559,AC007622.2,unmatched,
17560,LINC01234,exact,LINC01234
17561,HRK,exact,HRK
17562,AC002070.1,unmatched,
17563,MSI1,exact,MSI1
17564,CABP1,exact,CABP1
17565,AC068790.8,unmatched,
17566,GLT1D1,exact,GLT1D1
17567,LINC02415,exact,LINC02415
17568,MMP17,exact,MMP17
17569,AC137590.2,unmatched,
17570,GJB2,exact,GJB2
17571,CCDC169,exact,CCDC169
17572,LHFPL6,exact,LHFPL6
17573,ENOX1,exact,ENOX1
17574,SMIM2-AS1,exact,SMIM2-AS1
17575,RUBCNL,exact,RUBCNL
17576,AL136301.1,unmatched,
17577,POU4F1,exact,POU4F1
17578,F7,exact,F7
17579,JPH4,exact,JPH4
17580,DHRS2,exact,DHRS2
17581,CARMIL3,exact,CARMIL3
17582,AL132800.1,unmatched,
17583,AL139353.2,unmatched,
17584,NPAS3,exact,NPAS3
17585,SLC25A21,exact,SLC25A21
17586,AL118556.1,unmatched,
17587,LINC00640,unmatched,
17588,BMP4,exact,BMP4
17589,DLGAP5,exact,DLGAP5
17590,AL161756.3,unmatched,
17591,PPP1R36,exact,PPP1R36
17592,SPTB,exact,SPTB
17593,CCDC177,exact,CCDC177
17594,AC004816.2,unmatched,
17595,PROX2,exact,PROX2
17596,AL691403.2,unmatched,
17597,AF111167.2,unmatched,
17598,ESRRB,exact,ESRRB
17599,STON2,exact,STON2
17600,IGHM,unmatched,
17601,AC087386.1,unmatched,
17602,AC091057.4,unmatched,
17603,SCG5,exact,SCG5
17604,THBS1,exact,THBS1
17605,PAK6,exact,PAK6
17606,ITPKA,exact,ITPKA
17607,AC020659.2,unmatched,
17608,AC084757.4,unmatched,
17609,MNS1,exact,MNS1
17610,AC090515.2,unmatched,
17611,MYO1E,exact,MYO1E
17612,FAM81A,exact,FAM81A
17613,PAQR5,exact,PAQR5
17614,DRAIC,exact,DRAIC
17615,LINC02259,exact,LINC02259
17616,AC090826.2,unmatched,
17617,AC012435.2,unmatched,
17618,CPLX3,exact,CPLX3
17619,DNM1P35,unmatched,
17620,ADAMTS7,exact,ADAMTS7
17621,ST20-MTHFS,exact,ST20-MTHFS
17622,AC023302.1,unmatched,
17623,AC103858.2,unmatched,
17624,ALPK3,exact,ALPK3
17625,TICRR,exact,TICRR
17626,TTLL13P,unmatched,
17627,FES,exact,FES
17628,LINC01579,unmatched,
17629,AC084855.1,unmatched,
17630,WASIR2,exact,WASIR2
17631,RHBDF1,exact,RHBDF1
17632,HBM,exact,HBM
17633,Z92544.1,unmatched,
17634,RNF151,exact,RNF151
17635,CASKIN1,exact,CASKIN1
17636,AC009065.7,unmatched,
17637,AC106820.5,unmatched,
17638,PRSS33,exact,PRSS33
17639,AC003965.1,unmatched,
17640,PKMYT1,exact,PKMYT1
17641,AC025283.3,unmatched,
17642,GLIS2,exact,GLIS2
17643,AC099489.3,unmatched,
17644,AC010333.2,unmatched,
17645,AC126755.3,unmatched,
17646,ATP2A1,exact,ATP2A1
17647,AC009133.2,unmatched,
17648,FAM57B,official_alias,FAM57B
17649,AC093512.2,unmatched,
17650,AC106782.6,unmatched,
17651,AC007336.1,unmatched,
17652,CETP,exact,CETP
17653,AC023825.2,unmatched,
17654,CCL22,exact,CCL22
17655,MMP15,exact,MMP15
17656,CKLF-CMTM1,exact,CKLF-CMTM1
17657,AC010542.5,unmatched,
17658,CMTM2,exact,CMTM2
17659,CA7,exact,CA7
17660,LRRC36,exact,LRRC36
17661,ZDHHC1,exact,ZDHHC1
17662,AGRP,exact,AGRP
17663,CLEC18C,exact,CLEC18C
17664,AC004943.1,unmatched,
17665,LDHD,exact,LDHD
17666,MAFTRR,exact,MAFTRR
17667,AC092718.8,unmatched,
17668,CDH13,exact,CDH13
17669,ADAD2,exact,ADAD2
17670,AC092127.2,unmatched,
17671,DPEP1,exact,DPEP1
17672,SERPINF2,exact,SERPINF2
17673,AC090282.1,unmatched,
17674,AC087742.1,unmatched,
17675,ALOX15,exact,ALOX15
17676,VMO1,exact,VMO1
17677,AC004148.1,unmatched,
17678,PIMREG,exact,PIMREG
17679,SLC2A4,exact,SLC2A4
17680,AC002091.1,unmatched,
17681,CDRT1,unmatched,
17682,AC005324.5,unmatched,
17683,SLC47A1,exact,SLC47A1
17684,AC015849.1,unmatched,
17685,RDM1,exact,RDM1
17686,CCL3,exact,CCL3
17687,CCL4,exact,CCL4
17688,CCL4L2,exact,CCL4L2
17689,AC243830.1,unmatched,
17690,LHX1,exact,LHX1
17691,AC243654.1,unmatched,
17692,ARHGAP23,exact,ARHGAP23
17693,SRCIN1,exact,SRCIN1
17694,C17orf98,unmatched,
17695,FBXO47,exact,FBXO47
17696,GRB7,exact,GRB7
17697,CAVIN1,exact,CAVIN1
17698,RAMP2,exact,RAMP2
17699,MPP3,exact,MPP3
17700,PPY,exact,PPY
17701,CR936218.1,unmatched,
17702,HOXB7,exact,HOXB7
17703,PHOSPHO1,exact,PHOSPHO1
17704,DLX3,exact,DLX3
17705,AC015909.2,unmatched,
17706,SGCA,exact,SGCA
17707,NME1-NME2,exact,NME1-NME2
17708,CUEDC1,exact,CUEDC1
17709,SEPT4-AS1,official_alias,SEPT4-AS1
17710,RGS9,exact,RGS9
17711,AC145343.1,unmatched,
17712,GPRC5C,exact,GPRC5C
17713,CDR2L,exact,CDR2L
17714,SMIM5,exact,SMIM5
17715,SMIM6,exact,SMIM6
17716,AANAT,exact,AANAT
17717,TK1,exact,TK1
17718,AC061992.1,unmatched,
17719,DNAH17,exact,DNAH17
17720,AC110285.6,unmatched,
17721,AC145207.3,unmatched,
17722,NPB,exact,NPB
17723,NOTUM,exact,NOTUM
17724,AC145207.7,unmatched,
17725,AP001178.3,unmatched,
17726,AP000919.3,unmatched,
17727,DLGAP1,exact,DLGAP1
17728,RAB31,exact,RAB31
17729,AC090912.1,unmatched,
17730,AC090912.2,unmatched,
17731,ANKRD29,exact,ANKRD29
17732,DSC2,exact,DSC2
17733,DTNA,exact,DTNA
17734,RNF165,unmatched,
17735,STARD6,exact,STARD6
17736,TNFRSF11A,exact,TNFRSF11A
17737,SERPINB10,exact,SERPINB10
17738,HMSD,exact,HMSD
17739,AC079070.1,unmatched,
17740,TCF15,exact,TCF15
17741,C20orf202,exact,C20orf202
17742,CPXM1,exact,CPXM1
17743,SLC4A11,exact,SLC4A11
17744,CHGB,exact,CHGB
17745,MCM8-AS1,exact,MCM8-AS1
17746,FERMT1,exact,FERMT1
17747,LINC00652,exact,LINC00652
17748,AL133325.3,unmatched,
17749,ZNF341-AS1,exact,ZNF341-AS1
17750,FAM83C-AS1,exact,FAM83C-AS1
17751,MYL9,exact,MYL9
17752,AL136172.1,unmatched,
17753,NNAT,exact,NNAT
17754,AL023803.1,unmatched,
17755,SGK2,exact,SGK2
17756,MYBL2,exact,MYBL2
17757,KCNK15-AS1,unmatched,
17758,MATN4,exact,MATN4
17759,SPATA25,exact,SPATA25
17760,AL132655.1,unmatched,
17761,LAMA5,exact,LAMA5
17762,AL096828.3,unmatched,
17763,RTEL1,exact,RTEL1
17764,AL121845.3,unmatched,
17765,SOX18,exact,SOX18
17766,PLPP2,exact,PLPP2
17767,C2CD4C,exact,C2CD4C
17768,TLE6,exact,TLE6
17769,GNA15,exact,GNA15
17770,SMIM24,exact,SMIM24
17771,ANKRD24,exact,ANKRD24
17772,EBI3,exact,EBI3
17773,PLIN4,exact,PLIN4
17774,AC005523.1,unmatched,
17775,AC027319.1,unmatched,
17776,AC005790.1,unmatched,
17777,AC024592.3,unmatched,
17778,AC011444.1,unmatched,
17779,CD70,exact,CD70
17780,FCER2,exact,FCER2
17781,CCL25,exact,CCL25
17782,AC008752.2,unmatched,
17783,AC011511.2,unmatched,
17784,CCDC151,official_alias,CCDC151
17785,KLF1,exact,KLF1
17786,DAND5,exact,DAND5
17787,AC011446.1,unmatched,
17788,NANOS3,exact,NANOS3
17789,AC022098.4,unmatched,
17790,PTGER1,exact,PTGER1
17791,SYDE1,exact,SYDE1
17792,AC003956.1,unmatched,
17793,CYP4F22,exact,CYP4F22
17794,AC008894.2,unmatched,
17795,AC020908.1,unmatched,
17796,FAM129C,official_alias,FAM129C
17797,CILP2,exact,CILP2
17798,LINC00664,exact,LINC00664
17799,LRP3,exact,LRP3
17800,DMKN,exact,DMKN
17801,KIRREL2,exact,KIRREL2
17802,DPF1,exact,DPF1
17803,GGN,exact,GGN
17804,FBXO17,exact,FBXO17
17805,TMEM145,exact,TMEM145
17806,APOC1,exact,APOC1
17807,GEMIN7-AS1,exact,GEMIN7-AS1
17808,FOXA3,exact,FOXA3
17809,AC011466.2,unmatched,
17810,SYNGR4,exact,SYNGR4
17811,TULP2,exact,TULP2
17812,AC010624.2,unmatched,
17813,SYT3,exact,SYT3
17814,KLK1,exact,KLK1
17815,VSIG10L,exact,VSIG10L
17816,SIGLEC12,exact,SIGLEC12
17817,DNAAF3,exact,DNAAF3
17818,AC020922.3,unmatched,
17819,NLRP11,exact,NLRP11
17820,AURKC,exact,AURKC
17821,AC005261.2,unmatched,
17822,AC003005.2,unmatched,
17823,TMEM121B,exact,TMEM121B
17824,SCARF2,exact,SCARF2
17825,CCDC116,exact,CCDC116
17826,VPREB3,exact,VPREB3
17827,LRRC75B,exact,LRRC75B
17828,CRYBB3,exact,CRYBB3
17829,AL022329.1,unmatched,
17830,RASL10A,exact,RASL10A
17831,AC004264.1,unmatched,
17832,TCN2,exact,TCN2
17833,TMPRSS6,exact,TMPRSS6
17834,CDC42EP1,exact,CDC42EP1
17835,PDXP,exact,PDXP
17836,GALR3,exact,GALR3
17837,AL031587.1,unmatched,
17838,APOBEC3H,exact,APOBEC3H
17839,SEPT3,official_alias,SEPT3
17840,AC254562.3,unmatched,
17841,LINC01315,exact,LINC01315
17842,RIBC2,exact,RIBC2
17843,BX539320.1,unmatched,
17844,PANX2,exact,PANX2
17845,SYCE3,exact,SYCE3
17846,FP565260.3,unmatched,
17847,CU638689.4,unmatched,
17848,LINC00159,unmatched,
17849,AP000311.1,unmatched,
17850,RIPPLY3,exact,RIPPLY3
17851,CBS,exact,CBS
17852,TRPM2-AS,unmatched,
17853,AP001065.1,unmatched,
17854,LINC01694,exact,LINC01694
17855,AC004556.1,unmatched,
