comparison,pathway,detection_state,gene,vanilla_delta_score,genept_delta_score,vanilla_supporting_rank,genept_supporting_rank,vanilla_absolute_rank,genept_absolute_rank,vanilla_absolute_percentile,genept_absolute_percentile,absolute_percentile_difference_genept_minus_vanilla
cd4_0h_vs_12h,KEGG_NITROGEN_METABOLISM,GenePT-only significant,AMT,0.26588242470284,0.0,8.5,13.5,12.5,15.5,0.28125,0.09375,-0.1875
cd4_0h_vs_12h,KEGG_NITROGEN_METABOLISM,GenePT-only significant,ASNS,2.97446968813527,4.1099213546529,2.0,2.0,2.0,2.0,0.9375,0.9375,0.0
cd4_0h_vs_12h,KEGG_NITROGEN_METABOLISM,GenePT-only significant,CA13,0.518835066685553,0.318249621790182,6.0,9.0,7.0,11.0,0.625,0.375,-0.25
cd4_0h_vs_12h,KEGG_NITROGEN_METABOLISM,GenePT-only significant,CA2,0.518835066685553,0.0,6.0,13.5,7.0,15.5,0.625,0.09375,-0.53125
cd4_0h_vs_12h,KEGG_NITROGEN_METABOLISM,GenePT-only significant,CA5A,0.0,1.19415593182466,11.5,5.0,15.5,5.0,0.09375,0.75,0.65625
cd4_0h_vs_12h,KEGG_NITROGEN_METABOLISM,GenePT-only significant,CA5B,1.20095703320099,2.18043435294962,3.0,3.0,3.0,3.0,0.875,0.875,0.0
cd4_0h_vs_12h,KEGG_NITROGEN_METABOLISM,GenePT-only significant,CA6,-0.278883708402879,-0.676214875409841,15.0,16.5,10.0,7.5,0.4375,0.59375,0.15625
cd4_0h_vs_12h,KEGG_NITROGEN_METABOLISM,GenePT-only significant,CA7,0.0,0.0,11.5,13.5,15.5,15.5,0.09375,0.09375,0.0
cd4_0h_vs_12h,KEGG_NITROGEN_METABOLISM,GenePT-only significant,CA9,0.0,0.0,11.5,13.5,15.5,15.5,0.09375,0.09375,0.0
cd4_0h_vs_12h,KEGG_NITROGEN_METABOLISM,GenePT-only significant,CPS1,-0.278883708402879,0.318249621790182,15.0,9.0,10.0,11.0,0.4375,0.375,-0.0625
cd4_0h_vs_12h,KEGG_NITROGEN_METABOLISM,GenePT-only significant,CTH,-0.278883708402879,-0.676214875409841,15.0,16.5,10.0,7.5,0.4375,0.59375,0.15625
cd4_0h_vs_12h,KEGG_NITROGEN_METABOLISM,GenePT-only significant,GLS,3.22406259032914,4.41591679719862,1.0,1.0,1.0,1.0,1.0,1.0,0.0
cd4_0h_vs_12h,KEGG_NITROGEN_METABOLISM,GenePT-only significant,GLS2,0.758937488761304,0.915272223421779,4.0,6.0,4.0,6.0,0.8125,0.6875,-0.125
cd4_0h_vs_12h,KEGG_NITROGEN_METABOLISM,GenePT-only significant,GLUD1,0.0,1.95309342058596,11.5,4.0,15.5,4.0,0.09375,0.8125,0.71875
cd4_0h_vs_12h,KEGG_NITROGEN_METABOLISM,GenePT-only significant,GLUD2,0.26588242470284,0.318249621790182,8.5,9.0,12.5,11.0,0.28125,0.375,0.09375
cd4_0h_vs_12h,KEGG_NITROGEN_METABOLISM,GenePT-only significant,GLUL,-0.570833100414529,0.318249621790182,17.0,9.0,5.0,11.0,0.75,0.375,-0.375
cd4_0h_vs_12h,KEGG_NITROGEN_METABOLISM,GenePT-only significant,HAL,0.518835066685553,0.318249621790182,6.0,9.0,7.0,11.0,0.625,0.375,-0.25
cd4_0h_vs_12h,KEGG_PENTOSE_PHOSPHATE_PATHWAY,Vanilla-only significant,ALDOA,-0.729438984440692,-0.797718775088431,14.0,14.0,11.0,10.0,0.5238095238095238,0.5714285714285714,0.04761904761904756
cd4_0h_vs_12h,KEGG_PENTOSE_PHOSPHATE_PATHWAY,Vanilla-only significant,ALDOC,0.0,0.240102422075751,7.0,3.5,20.0,19.5,0.09523809523809523,0.11904761904761904,0.023809523809523808
cd4_0h_vs_12h,KEGG_PENTOSE_PHOSPHATE_PATHWAY,Vanilla-only significant,DERA,-1.11420574203253,0.467443354439411,18.0,2.0,7.0,13.0,0.7142857142857143,0.42857142857142855,-0.28571428571428575
cd4_0h_vs_12h,KEGG_PENTOSE_PHOSPHATE_PATHWAY,Vanilla-only significant,FBP1,0.0,-1.08966816710008,7.0,16.5,20.0,6.5,0.09523809523809523,0.7380952380952381,0.6428571428571429
cd4_0h_vs_12h,KEGG_PENTOSE_PHOSPHATE_PATHWAY,Vanilla-only significant,G6PD,-0.729438984440692,-0.252952641982712,14.0,9.0,11.0,16.0,0.5238095238095238,0.2857142857142857,-0.23809523809523814
cd4_0h_vs_12h,KEGG_PENTOSE_PHOSPHATE_PATHWAY,Vanilla-only significant,GPI,0.344741153767997,-0.252952641982712,3.5,9.0,16.5,16.0,0.2619047619047619,0.2857142857142857,0.02380952380952378
cd4_0h_vs_12h,KEGG_PENTOSE_PHOSPHATE_PATHWAY,Vanilla-only significant,H6PD,-1.92398487806355,-0.252952641982712,20.0,9.0,3.0,16.0,0.9047619047619048,0.2857142857142857,-0.6190476190476191
cd4_0h_vs_12h,KEGG_PENTOSE_PHOSPHATE_PATHWAY,Vanilla-only significant,PFKL,-2.78759850713867,-0.518835066685553,22.0,12.0,1.0,12.0,1.0,0.47619047619047616,-0.5238095238095238
cd4_0h_vs_12h,KEGG_PENTOSE_PHOSPHATE_PATHWAY,Vanilla-only significant,PFKM,-0.729438984440692,0.884249328833414,14.0,1.0,11.0,8.0,0.5238095238095238,0.6666666666666666,0.1428571428571428
cd4_0h_vs_12h,KEGG_PENTOSE_PHOSPHATE_PATHWAY,Vanilla-only significant,PFKP,1.59148709883162,0.240102422075751,1.5,3.5,4.5,19.5,0.8333333333333334,0.11904761904761904,-0.7142857142857143
cd4_0h_vs_12h,KEGG_PENTOSE_PHOSPHATE_PATHWAY,Vanilla-only significant,PGD,-0.729438984440692,-0.797718775088431,14.0,14.0,11.0,10.0,0.5238095238095238,0.5714285714285714,0.04761904761904756
cd4_0h_vs_12h,KEGG_PENTOSE_PHOSPHATE_PATHWAY,Vanilla-only significant,PGLS,-2.34905040220007,-2.38920587392005,21.0,21.5,2.0,1.5,0.9523809523809523,0.9761904761904762,0.023809523809523836
cd4_0h_vs_12h,KEGG_PENTOSE_PHOSPHATE_PATHWAY,Vanilla-only significant,PGM1,-1.11420574203253,-1.39474137672003,18.0,18.5,7.0,4.5,0.7142857142857143,0.8333333333333334,0.11904761904761907
cd4_0h_vs_12h,KEGG_PENTOSE_PHOSPHATE_PATHWAY,Vanilla-only significant,PGM2,-0.358048044244133,0.0,10.5,5.5,14.5,21.5,0.35714285714285715,0.023809523809523808,-0.33333333333333337
cd4_0h_vs_12h,KEGG_PENTOSE_PHOSPHATE_PATHWAY,Vanilla-only significant,PRPS1,0.0,-2.38920587392005,7.0,21.5,20.0,1.5,0.09523809523809523,0.9761904761904762,0.8809523809523809
cd4_0h_vs_12h,KEGG_PENTOSE_PHOSPHATE_PATHWAY,Vanilla-only significant,PRPS2,-1.11420574203253,-1.71299099851021,18.0,20.0,7.0,3.0,0.7142857142857143,0.9047619047619048,0.19047619047619047
cd4_0h_vs_12h,KEGG_PENTOSE_PHOSPHATE_PATHWAY,Vanilla-only significant,RBKS,-0.358048044244133,-0.252952641982712,10.5,9.0,14.5,16.0,0.35714285714285715,0.2857142857142857,-0.07142857142857145
cd4_0h_vs_12h,KEGG_PENTOSE_PHOSPHATE_PATHWAY,Vanilla-only significant,RPE,0.0,0.0,7.0,5.5,20.0,21.5,0.09523809523809523,0.023809523809523808,-0.07142857142857142
cd4_0h_vs_12h,KEGG_PENTOSE_PHOSPHATE_PATHWAY,Vanilla-only significant,RPIA,0.0,-1.08966816710008,7.0,16.5,20.0,6.5,0.09523809523809523,0.7380952380952381,0.6428571428571429
cd4_0h_vs_12h,KEGG_PENTOSE_PHOSPHATE_PATHWAY,Vanilla-only significant,TALDO1,0.344741153767997,-0.252952641982712,3.5,9.0,16.5,16.0,0.2619047619047619,0.2857142857142857,0.02380952380952378
cd4_0h_vs_12h,KEGG_PENTOSE_PHOSPHATE_PATHWAY,Vanilla-only significant,TKT,1.59148709883162,-1.39474137672003,1.5,18.5,4.5,4.5,0.8333333333333334,0.8333333333333334,0.0
cd4_0h_vs_12h,KEGG_PENTOSE_PHOSPHATE_PATHWAY,Vanilla-only significant,TKTL1,-0.729438984440692,-0.797718775088431,14.0,14.0,11.0,10.0,0.5238095238095238,0.5714285714285714,0.04761904761904756
cd4_0h_vs_12h,KEGG_PORPHYRIN_AND_CHLOROPHYLL_METABOLISM,Vanilla-only significant,ALAD,1.32977058917583,0.0,4.5,13.5,5.5,16.5,0.7631578947368421,0.18421052631578946,-0.5789473684210527
cd4_0h_vs_12h,KEGG_PORPHYRIN_AND_CHLOROPHYLL_METABOLISM,Vanilla-only significant,ALAS1,-0.954796553051974,0.0,19.0,13.5,8.0,16.5,0.631578947368421,0.18421052631578946,-0.4473684210526315
cd4_0h_vs_12h,KEGG_PORPHYRIN_AND_CHLOROPHYLL_METABOLISM,Vanilla-only significant,ALAS2,0.0,0.0,14.5,13.5,19.5,16.5,0.02631578947368421,0.18421052631578946,0.15789473684210525
cd4_0h_vs_12h,KEGG_PORPHYRIN_AND_CHLOROPHYLL_METABOLISM,Vanilla-only significant,BLVRA,0.570833100414529,0.758937488761304,8.0,4.5,10.0,5.5,0.5263157894736842,0.7631578947368421,0.23684210526315796
cd4_0h_vs_12h,KEGG_PORPHYRIN_AND_CHLOROPHYLL_METABOLISM,Vanilla-only significant,BLVRB,0.29194939201165,1.20095703320099,11.5,2.5,16.5,3.5,0.18421052631578946,0.868421052631579,0.6842105263157895
cd4_0h_vs_12h,KEGG_PORPHYRIN_AND_CHLOROPHYLL_METABOLISM,Vanilla-only significant,COX10,1.32977058917583,0.26588242470284,4.5,8.5,5.5,11.5,0.7631578947368421,0.4473684210526316,-0.31578947368421056
cd4_0h_vs_12h,KEGG_PORPHYRIN_AND_CHLOROPHYLL_METABOLISM,Vanilla-only significant,COX15,-0.305073209619947,0.518835066685553,17.0,6.5,13.0,8.5,0.3684210526315789,0.6052631578947368,0.2368421052631579
cd4_0h_vs_12h,KEGG_PORPHYRIN_AND_CHLOROPHYLL_METABOLISM,Vanilla-only significant,CP,0.0,0.0,14.5,13.5,19.5,16.5,0.02631578947368421,0.18421052631578946,0.15789473684210525
cd4_0h_vs_12h,KEGG_PORPHYRIN_AND_CHLOROPHYLL_METABOLISM,Vanilla-only significant,CPOX,-0.305073209619947,-0.278883708402879,17.0,18.0,13.0,10.0,0.3684210526315789,0.5263157894736842,0.15789473684210525
cd4_0h_vs_12h,KEGG_PORPHYRIN_AND_CHLOROPHYLL_METABOLISM,Vanilla-only significant,EARS2,0.570833100414529,0.26588242470284,8.0,8.5,10.0,11.5,0.5263157894736842,0.4473684210526316,-0.0789473684210526
cd4_0h_vs_12h,KEGG_PORPHYRIN_AND_CHLOROPHYLL_METABOLISM,Vanilla-only significant,FECH,-1.6575857510641,-0.570833100414529,20.0,19.0,2.0,7.0,0.9473684210526315,0.6842105263157895,-0.26315789473684204
cd4_0h_vs_12h,KEGG_PORPHYRIN_AND_CHLOROPHYLL_METABOLISM,Vanilla-only significant,FTH1,3.63829610382463,2.91576542282824,1.0,1.0,1.0,1.0,1.0,1.0,0.0
cd4_0h_vs_12h,KEGG_PORPHYRIN_AND_CHLOROPHYLL_METABOLISM,Vanilla-only significant,GUSB,1.55711152153949,0.518835066685553,2.0,6.5,3.0,8.5,0.8947368421052632,0.6052631578947368,-0.2894736842105263
cd4_0h_vs_12h,KEGG_PORPHYRIN_AND_CHLOROPHYLL_METABOLISM,Vanilla-only significant,HCCS,-0.305073209619947,1.20095703320099,17.0,2.5,13.0,3.5,0.3684210526315789,0.868421052631579,0.5
cd4_0h_vs_12h,KEGG_PORPHYRIN_AND_CHLOROPHYLL_METABOLISM,Vanilla-only significant,HMBS,0.570833100414529,0.0,8.0,13.5,10.0,16.5,0.5263157894736842,0.18421052631578946,-0.3421052631578947
cd4_0h_vs_12h,KEGG_PORPHYRIN_AND_CHLOROPHYLL_METABOLISM,Vanilla-only significant,HMOX2,1.32977058917583,-1.8703708072345,4.5,20.0,5.5,2.0,0.7631578947368421,0.9473684210526315,0.18421052631578938
cd4_0h_vs_12h,KEGG_PORPHYRIN_AND_CHLOROPHYLL_METABOLISM,Vanilla-only significant,MMAB,0.29194939201165,0.0,11.5,13.5,16.5,16.5,0.18421052631578946,0.18421052631578946,0.0
cd4_0h_vs_12h,KEGG_PORPHYRIN_AND_CHLOROPHYLL_METABOLISM,Vanilla-only significant,PPOX,1.32977058917583,0.758937488761304,4.5,4.5,5.5,5.5,0.7631578947368421,0.7631578947368421,0.0
cd4_0h_vs_12h,KEGG_PORPHYRIN_AND_CHLOROPHYLL_METABOLISM,Vanilla-only significant,UROD,0.29194939201165,0.0,11.5,13.5,16.5,16.5,0.18421052631578946,0.18421052631578946,0.0
cd4_0h_vs_12h,KEGG_PORPHYRIN_AND_CHLOROPHYLL_METABOLISM,Vanilla-only significant,UROS,0.29194939201165,0.0,11.5,13.5,16.5,16.5,0.18421052631578946,0.18421052631578946,0.0
cd4_0h_vs_12h,REACTOME_BRANCHED_CHAIN_AMINO_ACID_CATABOLISM,Vanilla-only significant,ACAD8,-0.29194939201165,0.240102422075751,13.0,9.0,12.0,16.0,0.45,0.25,-0.2
cd4_0h_vs_12h,REACTOME_BRANCHED_CHAIN_AMINO_ACID_CATABOLISM,Vanilla-only significant,ACADSB,-0.915272223421779,1.25136439886414,16.0,2.0,7.0,5.0,0.7,0.8,0.10000000000000009
cd4_0h_vs_12h,REACTOME_BRANCHED_CHAIN_AMINO_ACID_CATABOLISM,Vanilla-only significant,ACAT1,0.0,0.884249328833414,9.0,3.0,19.0,7.0,0.1,0.7,0.6
cd4_0h_vs_12h,REACTOME_BRANCHED_CHAIN_AMINO_ACID_CATABOLISM,Vanilla-only significant,ALDH6A1,-1.24674594506362,-2.04446472015206,17.0,20.0,6.0,3.0,0.75,0.9,0.15000000000000002
cd4_0h_vs_12h,REACTOME_BRANCHED_CHAIN_AMINO_ACID_CATABOLISM,Vanilla-only significant,AUH,-0.29194939201165,0.0,13.0,12.5,12.0,19.5,0.45,0.075,-0.375
cd4_0h_vs_12h,REACTOME_BRANCHED_CHAIN_AMINO_ACID_CATABOLISM,Vanilla-only significant,BCAT1,-0.597022601631597,0.467443354439411,15.0,5.5,9.0,11.5,0.6,0.475,-0.125
cd4_0h_vs_12h,REACTOME_BRANCHED_CHAIN_AMINO_ACID_CATABOLISM,Vanilla-only significant,BCAT2,0.544766133105719,0.467443354439411,3.0,5.5,10.0,11.5,0.55,0.475,-0.07500000000000007
cd4_0h_vs_12h,REACTOME_BRANCHED_CHAIN_AMINO_ACID_CATABOLISM,Vanilla-only significant,BCKDHA,0.0,0.0,9.0,12.5,19.0,19.5,0.1,0.075,-0.02500000000000001
cd4_0h_vs_12h,REACTOME_BRANCHED_CHAIN_AMINO_ACID_CATABOLISM,Vanilla-only significant,BCKDHB,-2.32092608327231,0.467443354439411,18.5,5.5,4.5,11.5,0.825,0.475,-0.35
cd4_0h_vs_12h,REACTOME_BRANCHED_CHAIN_AMINO_ACID_CATABOLISM,Vanilla-only significant,BCKDK,0.0,0.467443354439411,9.0,5.5,19.0,11.5,0.1,0.475,0.375
cd4_0h_vs_12h,REACTOME_BRANCHED_CHAIN_AMINO_ACID_CATABOLISM,Vanilla-only significant,DBT,0.278883708402879,-0.252952641982712,5.0,15.0,15.0,14.0,0.3,0.35,0.04999999999999999
cd4_0h_vs_12h,REACTOME_BRANCHED_CHAIN_AMINO_ACID_CATABOLISM,Vanilla-only significant,DLD,-3.51547197689517,-3.50341161595258,21.0,21.0,1.0,1.0,1.0,1.0,0.0
cd4_0h_vs_12h,REACTOME_BRANCHED_CHAIN_AMINO_ACID_CATABOLISM,Vanilla-only significant,ECHS1,-3.10386557695162,-0.518835066685553,20.0,16.5,2.0,8.5,0.95,0.625,-0.32499999999999996
cd4_0h_vs_12h,REACTOME_BRANCHED_CHAIN_AMINO_ACID_CATABOLISM,Vanilla-only significant,HIBADH,0.0,-1.71299099851021,9.0,19.0,19.0,4.0,0.1,0.85,0.75
cd4_0h_vs_12h,REACTOME_BRANCHED_CHAIN_AMINO_ACID_CATABOLISM,Vanilla-only significant,HIBCH,0.0,0.0,9.0,12.5,19.0,19.5,0.1,0.075,-0.02500000000000001
cd4_0h_vs_12h,REACTOME_BRANCHED_CHAIN_AMINO_ACID_CATABOLISM,Vanilla-only significant,HSD17B10,2.50928933888516,2.25230759064061,1.0,1.0,3.0,2.0,0.9,0.95,0.04999999999999993
cd4_0h_vs_12h,REACTOME_BRANCHED_CHAIN_AMINO_ACID_CATABOLISM,Vanilla-only significant,IVD,0.278883708402879,0.0,5.0,12.5,15.0,19.5,0.3,0.075,-0.22499999999999998
cd4_0h_vs_12h,REACTOME_BRANCHED_CHAIN_AMINO_ACID_CATABOLISM,Vanilla-only significant,MCCC1,-2.32092608327231,0.240102422075751,18.5,9.0,4.5,16.0,0.825,0.25,-0.575
cd4_0h_vs_12h,REACTOME_BRANCHED_CHAIN_AMINO_ACID_CATABOLISM,Vanilla-only significant,MCCC2,-0.29194939201165,-1.08966816710008,13.0,18.0,12.0,6.0,0.45,0.75,0.3
cd4_0h_vs_12h,REACTOME_BRANCHED_CHAIN_AMINO_ACID_CATABOLISM,Vanilla-only significant,PPM1K,0.797718775088431,-0.518835066685553,2.0,16.5,8.0,8.5,0.65,0.625,-0.025000000000000022
cd4_0h_vs_12h,REACTOME_BRANCHED_CHAIN_AMINO_ACID_CATABOLISM,Vanilla-only significant,SLC25A44,0.278883708402879,0.240102422075751,5.0,9.0,15.0,16.0,0.3,0.25,-0.04999999999999999
cd4_0h_vs_12h,REACTOME_DISEASES_ASSOCIATED_WITH_GLYCOSYLATION_PRECURSOR_BIOSYNTHESIS,Vanilla-only significant,CTSA,1.26516212952784,0.0,3.0,10.5,5.0,17.5,0.7647058823529411,0.029411764705882353,-0.7352941176470588
cd4_0h_vs_12h,REACTOME_DISEASES_ASSOCIATED_WITH_GLYCOSYLATION_PRECURSOR_BIOSYNTHESIS,Vanilla-only significant,DHDDS,-1.59148709883162,0.0,17.5,10.5,1.5,17.5,0.9705882352941176,0.029411764705882353,-0.9411764705882353
cd4_0h_vs_12h,REACTOME_DISEASES_ASSOCIATED_WITH_GLYCOSYLATION_PRECURSOR_BIOSYNTHESIS,Vanilla-only significant,DOLK,0.544766133105719,-1.19415593182466,6.5,18.0,13.5,2.0,0.2647058823529412,0.9411764705882353,0.6764705882352942
cd4_0h_vs_12h,REACTOME_DISEASES_ASSOCIATED_WITH_GLYCOSYLATION_PRECURSOR_BIOSYNTHESIS,Vanilla-only significant,DPM1,1.47984074160387,0.518835066685553,1.5,5.5,3.5,10.5,0.8529411764705882,0.4411764705882353,-0.4117647058823529
cd4_0h_vs_12h,REACTOME_DISEASES_ASSOCIATED_WITH_GLYCOSYLATION_PRECURSOR_BIOSYNTHESIS,Vanilla-only significant,DPM2,1.03782119716418,-0.875906310034476,4.0,16.5,7.0,3.5,0.6470588235294118,0.8529411764705882,0.2058823529411764
cd4_0h_vs_12h,REACTOME_DISEASES_ASSOCIATED_WITH_GLYCOSYLATION_PRECURSOR_BIOSYNTHESIS,Vanilla-only significant,DPM3,0.278883708402879,0.758937488761304,8.5,3.0,15.5,6.0,0.14705882352941177,0.7058823529411765,0.5588235294117647
cd4_0h_vs_12h,REACTOME_DISEASES_ASSOCIATED_WITH_GLYCOSYLATION_PRECURSOR_BIOSYNTHESIS,Vanilla-only significant,GALE,0.0,-0.278883708402879,10.5,12.5,17.5,12.5,0.029411764705882353,0.3235294117647059,0.29411764705882354
cd4_0h_vs_12h,REACTOME_DISEASES_ASSOCIATED_WITH_GLYCOSYLATION_PRECURSOR_BIOSYNTHESIS,Vanilla-only significant,GALK1,-0.915272223421779,0.26588242470284,14.0,8.0,9.0,15.0,0.5294117647058824,0.17647058823529413,-0.3529411764705882
cd4_0h_vs_12h,REACTOME_DISEASES_ASSOCIATED_WITH_GLYCOSYLATION_PRECURSOR_BIOSYNTHESIS,Vanilla-only significant,GALT,-0.915272223421779,-0.570833100414529,14.0,14.5,9.0,8.5,0.5294117647058824,0.5588235294117647,0.02941176470588236
cd4_0h_vs_12h,REACTOME_DISEASES_ASSOCIATED_WITH_GLYCOSYLATION_PRECURSOR_BIOSYNTHESIS,Vanilla-only significant,GFPT1,-1.59148709883162,0.758937488761304,17.5,3.0,1.5,6.0,0.9705882352941176,0.7058823529411765,-0.2647058823529411
cd4_0h_vs_12h,REACTOME_DISEASES_ASSOCIATED_WITH_GLYCOSYLATION_PRECURSOR_BIOSYNTHESIS,Vanilla-only significant,GLB1,-0.597022601631597,0.26588242470284,12.0,8.0,12.0,15.0,0.35294117647058826,0.17647058823529413,-0.17647058823529413
cd4_0h_vs_12h,REACTOME_DISEASES_ASSOCIATED_WITH_GLYCOSYLATION_PRECURSOR_BIOSYNTHESIS,Vanilla-only significant,GNE,0.278883708402879,0.518835066685553,8.5,5.5,15.5,10.5,0.14705882352941177,0.4411764705882353,0.2941176470588235
cd4_0h_vs_12h,REACTOME_DISEASES_ASSOCIATED_WITH_GLYCOSYLATION_PRECURSOR_BIOSYNTHESIS,Vanilla-only significant,MPI,-0.915272223421779,-0.875906310034476,14.0,16.5,9.0,3.5,0.5294117647058824,0.8529411764705882,0.32352941176470584
cd4_0h_vs_12h,REACTOME_DISEASES_ASSOCIATED_WITH_GLYCOSYLATION_PRECURSOR_BIOSYNTHESIS,Vanilla-only significant,NEU1,0.797718775088431,0.26588242470284,5.0,8.0,11.0,15.0,0.4117647058823529,0.17647058823529413,-0.2352941176470588
cd4_0h_vs_12h,REACTOME_DISEASES_ASSOCIATED_WITH_GLYCOSYLATION_PRECURSOR_BIOSYNTHESIS,Vanilla-only significant,NUS1,0.544766133105719,-0.278883708402879,6.5,12.5,13.5,12.5,0.2647058823529412,0.3235294117647059,0.05882352941176472
cd4_0h_vs_12h,REACTOME_DISEASES_ASSOCIATED_WITH_GLYCOSYLATION_PRECURSOR_BIOSYNTHESIS,Vanilla-only significant,PGM1,-1.24674594506362,0.758937488761304,16.0,3.0,6.0,6.0,0.7058823529411765,0.7058823529411765,0.0
cd4_0h_vs_12h,REACTOME_DISEASES_ASSOCIATED_WITH_GLYCOSYLATION_PRECURSOR_BIOSYNTHESIS,Vanilla-only significant,PMM2,1.47984074160387,1.7701994655497,1.5,1.0,3.5,1.0,0.8529411764705882,1.0,0.1470588235294118
cd4_0h_vs_12h,REACTOME_DISEASES_ASSOCIATED_WITH_GLYCOSYLATION_PRECURSOR_BIOSYNTHESIS,Vanilla-only significant,SRD5A3,0.0,-0.570833100414529,10.5,14.5,17.5,8.5,0.029411764705882353,0.5588235294117647,0.5294117647058824
cd4_0h_vs_12h,REACTOME_GLYCOSPHINGOLIPID_METABOLISM,Vanilla-only significant,ARSA,0.0,0.518835066685553,30.5,10.0,31.5,22.0,0.12857142857142856,0.4,0.27142857142857146
cd4_0h_vs_12h,REACTOME_GLYCOSPHINGOLIPID_METABOLISM,Vanilla-only significant,ARSB,0.0,-0.278883708402879,30.5,21.5,31.5,26.5,0.12857142857142856,0.2714285714285714,0.14285714285714285
cd4_0h_vs_12h,REACTOME_GLYCOSPHINGOLIPID_METABOLISM,Vanilla-only significant,ARSD,0.0,0.26588242470284,30.5,13.0,31.5,31.0,0.12857142857142856,0.14285714285714285,0.01428571428571429
cd4_0h_vs_12h,REACTOME_GLYCOSPHINGOLIPID_METABOLISM,Vanilla-only significant,ARSG,2.27899070555344,0.518835066685553,3.0,10.0,3.0,22.0,0.9428571428571428,0.4,-0.5428571428571428
cd4_0h_vs_12h,REACTOME_GLYCOSPHINGOLIPID_METABOLISM,Vanilla-only significant,ARSK,1.63484379879578,-1.5256296534665,6.5,35.5,6.5,1.5,0.8428571428571429,0.9857142857142858,0.1428571428571429
cd4_0h_vs_12h,REACTOME_GLYCOSPHINGOLIPID_METABOLISM,Vanilla-only significant,ASAH1,3.10631194051676,1.20095703320099,2.0,2.5,2.0,4.5,0.9714285714285714,0.9,-0.0714285714285714
cd4_0h_vs_12h,REACTOME_GLYCOSPHINGOLIPID_METABOLISM,Vanilla-only significant,ASAH2,0.305073209619947,-0.278883708402879,24.0,21.5,25.0,26.5,0.3142857142857143,0.2714285714285714,-0.04285714285714287
cd4_0h_vs_12h,REACTOME_GLYCOSPHINGOLIPID_METABOLISM,Vanilla-only significant,B3GALNT1,0.597022601631597,-0.278883708402879,21.0,21.5,21.0,26.5,0.42857142857142855,0.2714285714285714,-0.15714285714285714
cd4_0h_vs_12h,REACTOME_GLYCOSPHINGOLIPID_METABOLISM,Vanilla-only significant,B4GALNT1,0.0,0.0,30.5,16.5,31.5,34.5,0.12857142857142856,0.04285714285714286,-0.0857142857142857
cd4_0h_vs_12h,REACTOME_GLYCOSPHINGOLIPID_METABOLISM,Vanilla-only significant,CERK,1.14178873473732,0.758937488761304,12.0,7.0,12.0,16.0,0.6857142857142857,0.5714285714285714,-0.11428571428571432
cd4_0h_vs_12h,REACTOME_GLYCOSPHINGOLIPID_METABOLISM,Vanilla-only significant,CPTP,0.875906310034476,-1.19415593182466,16.5,32.5,16.5,7.5,0.5571428571428572,0.8142857142857143,0.2571428571428571
cd4_0h_vs_12h,REACTOME_GLYCOSPHINGOLIPID_METABOLISM,Vanilla-only significant,CTSA,0.305073209619947,-0.278883708402879,24.0,21.5,25.0,26.5,0.3142857142857143,0.2714285714285714,-0.04285714285714287
cd4_0h_vs_12h,REACTOME_GLYCOSPHINGOLIPID_METABOLISM,Vanilla-only significant,ESYT1,0.875906310034476,0.26588242470284,16.5,13.0,16.5,31.0,0.5571428571428572,0.14285714285714285,-0.4142857142857143
cd4_0h_vs_12h,REACTOME_GLYCOSPHINGOLIPID_METABOLISM,Vanilla-only significant,ESYT2,0.597022601631597,0.986278421124963,21.0,4.5,21.0,10.5,0.42857142857142855,0.7285714285714285,0.3
cd4_0h_vs_12h,REACTOME_GLYCOSPHINGOLIPID_METABOLISM,Vanilla-only significant,ESYT3,0.0,-0.278883708402879,30.5,21.5,31.5,26.5,0.12857142857142856,0.2714285714285714,0.14285714285714285
cd4_0h_vs_12h,REACTOME_GLYCOSPHINGOLIPID_METABOLISM,Vanilla-only significant,GALC,-0.318249621790182,-1.19415593182466,36.0,32.5,23.0,7.5,0.37142857142857144,0.8142857142857143,0.44285714285714284
cd4_0h_vs_12h,REACTOME_GLYCOSPHINGOLIPID_METABOLISM,Vanilla-only significant,GBA2,0.875906310034476,-0.570833100414529,16.5,26.0,16.5,19.0,0.5571428571428572,0.4857142857142857,-0.07142857142857145
cd4_0h_vs_12h,REACTOME_GLYCOSPHINGOLIPID_METABOLISM,Vanilla-only significant,GLA,0.0,0.518835066685553,30.5,10.0,31.5,22.0,0.12857142857142856,0.4,0.27142857142857146
cd4_0h_vs_12h,REACTOME_GLYCOSPHINGOLIPID_METABOLISM,Vanilla-only significant,GLB1,0.875906310034476,0.758937488761304,16.5,7.0,16.5,16.0,0.5571428571428572,0.5714285714285714,0.014285714285714235
cd4_0h_vs_12h,REACTOME_GLYCOSPHINGOLIPID_METABOLISM,Vanilla-only significant,GLB1L,1.39474137672003,-0.570833100414529,9.0,26.0,9.0,19.0,0.7714285714285715,0.4857142857142857,-0.28571428571428575
cd4_0h_vs_12h,REACTOME_GLYCOSPHINGOLIPID_METABOLISM,Vanilla-only significant,GLTP,1.14178873473732,-1.5256296534665,12.0,35.5,12.0,1.5,0.6857142857142857,0.9857142857142858,0.30000000000000004
cd4_0h_vs_12h,REACTOME_GLYCOSPHINGOLIPID_METABOLISM,Vanilla-only significant,GM2A,0.305073209619947,-0.875906310034476,24.0,29.0,25.0,13.0,0.3142857142857143,0.6571428571428571,0.34285714285714286
cd4_0h_vs_12h,REACTOME_GLYCOSPHINGOLIPID_METABOLISM,Vanilla-only significant,HEXA,1.39474137672003,0.26588242470284,9.0,13.0,9.0,31.0,0.7714285714285715,0.14285714285714285,-0.6285714285714286
cd4_0h_vs_12h,REACTOME_GLYCOSPHINGOLIPID_METABOLISM,Vanilla-only significant,HEXB,1.63484379879578,0.986278421124963,6.5,4.5,6.5,10.5,0.8428571428571429,0.7285714285714285,-0.11428571428571432
cd4_0h_vs_12h,REACTOME_GLYCOSPHINGOLIPID_METABOLISM,Vanilla-only significant,NEU1,0.875906310034476,-0.875906310034476,16.5,29.0,16.5,13.0,0.5571428571428572,0.6571428571428571,0.09999999999999998
cd4_0h_vs_12h,REACTOME_GLYCOSPHINGOLIPID_METABOLISM,Vanilla-only significant,NEU3,0.597022601631597,0.758937488761304,21.0,7.0,21.0,16.0,0.42857142857142855,0.5714285714285714,0.14285714285714285
cd4_0h_vs_12h,REACTOME_GLYCOSPHINGOLIPID_METABOLISM,Vanilla-only significant,PSAP,2.07686334323547,-0.875906310034476,4.0,29.0,4.0,13.0,0.9142857142857143,0.6571428571428571,-0.2571428571428571
cd4_0h_vs_12h,REACTOME_GLYCOSPHINGOLIPID_METABOLISM,Vanilla-only significant,SMPD1,1.86218473115944,-1.19415593182466,5.0,32.5,5.0,7.5,0.8857142857142857,0.8142857142857143,-0.0714285714285714
cd4_0h_vs_12h,REACTOME_GLYCOSPHINGOLIPID_METABOLISM,Vanilla-only significant,SMPD2,0.875906310034476,1.20095703320099,16.5,2.5,16.5,4.5,0.5571428571428572,0.9,0.34285714285714286
cd4_0h_vs_12h,REACTOME_GLYCOSPHINGOLIPID_METABOLISM,Vanilla-only significant,SMPD3,0.0,0.0,30.5,16.5,31.5,34.5,0.12857142857142856,0.04285714285714286,-0.0857142857142857
cd4_0h_vs_12h,REACTOME_GLYCOSPHINGOLIPID_METABOLISM,Vanilla-only significant,SMPD4,0.0,0.0,30.5,16.5,31.5,34.5,0.12857142857142856,0.04285714285714286,-0.0857142857142857
cd4_0h_vs_12h,REACTOME_GLYCOSPHINGOLIPID_METABOLISM,Vanilla-only significant,STS,0.0,-0.278883708402879,30.5,21.5,31.5,26.5,0.12857142857142856,0.2714285714285714,0.14285714285714285
cd4_0h_vs_12h,REACTOME_GLYCOSPHINGOLIPID_METABOLISM,Vanilla-only significant,SUMF1,1.14178873473732,-1.19415593182466,12.0,32.5,12.0,7.5,0.6857142857142857,0.8142857142857143,0.12857142857142856
cd4_0h_vs_12h,REACTOME_GLYCOSPHINGOLIPID_METABOLISM,Vanilla-only significant,SUMF2,3.23637470093017,1.40308439551897,1.0,1.0,1.0,3.0,1.0,0.9428571428571428,-0.05714285714285716
cd4_0h_vs_12h,REACTOME_GLYCOSPHINGOLIPID_METABOLISM,Vanilla-only significant,UGCG,1.39474137672003,-0.570833100414529,9.0,26.0,9.0,19.0,0.7714285714285715,0.4857142857142857,-0.28571428571428575
cd4_0h_vs_12h,REACTOME_GLYCOSPHINGOLIPID_METABOLISM,Vanilla-only significant,UGT8,0.0,0.0,30.5,16.5,31.5,34.5,0.12857142857142856,0.04285714285714286,-0.0857142857142857
cd4_0h_vs_12h,REACTOME_GLYOXYLATE_METABOLISM_AND_GLYCINE_DEGRADATION,Vanilla-only significant,ALDH4A1,0.0,-0.986278421124963,14.0,18.5,19.0,8.5,0.18181818181818182,0.6590909090909091,0.47727272727272724
cd4_0h_vs_12h,REACTOME_GLYOXYLATE_METABOLISM_AND_GLYCINE_DEGRADATION,Vanilla-only significant,AMT,0.836715525117369,0.214678612076031,3.5,6.5,4.5,18.5,0.8409090909090909,0.20454545454545456,-0.6363636363636364
cd4_0h_vs_12h,REACTOME_GLYOXYLATE_METABOLISM_AND_GLYCINE_DEGRADATION,Vanilla-only significant,BCKDHA,0.0,0.0,14.0,10.0,19.0,22.0,0.18181818181818182,0.045454545454545456,-0.13636363636363635
cd4_0h_vs_12h,REACTOME_GLYOXYLATE_METABOLISM_AND_GLYCINE_DEGRADATION,Vanilla-only significant,BCKDHB,0.570833100414529,-0.467443354439411,5.5,14.5,8.5,13.5,0.6590909090909091,0.4318181818181818,-0.22727272727272724
cd4_0h_vs_12h,REACTOME_GLYOXYLATE_METABOLISM_AND_GLYCINE_DEGRADATION,Vanilla-only significant,DBT,-0.623322831410129,-1.86218473115944,21.5,23.0,6.5,2.0,0.75,0.9545454545454546,0.20454545454545459
cd4_0h_vs_12h,REACTOME_GLYOXYLATE_METABOLISM_AND_GLYCINE_DEGRADATION,Vanilla-only significant,DHTKD1,0.29194939201165,-0.467443354439411,8.0,14.5,13.0,13.5,0.45454545454545453,0.4318181818181818,-0.022727272727272707
cd4_0h_vs_12h,REACTOME_GLYOXYLATE_METABOLISM_AND_GLYCINE_DEGRADATION,Vanilla-only significant,DLAT,0.0,1.24412720935732,14.0,3.0,19.0,7.0,0.18181818181818182,0.7272727272727273,0.5454545454545454
cd4_0h_vs_12h,REACTOME_GLYOXYLATE_METABOLISM_AND_GLYCINE_DEGRADATION,Vanilla-only significant,DLD,0.570833100414529,-0.467443354439411,5.5,14.5,8.5,13.5,0.6590909090909091,0.4318181818181818,-0.22727272727272724
cd4_0h_vs_12h,REACTOME_GLYOXYLATE_METABOLISM_AND_GLYCINE_DEGRADATION,Vanilla-only significant,DLST,-0.305073209619947,-0.467443354439411,19.5,14.5,10.5,13.5,0.5681818181818182,0.4318181818181818,-0.1363636363636364
cd4_0h_vs_12h,REACTOME_GLYOXYLATE_METABOLISM_AND_GLYCINE_DEGRADATION,Vanilla-only significant,GCSH,1.08966816710008,1.60080661663178,2.0,2.0,2.0,3.0,0.9545454545454546,0.9090909090909091,-0.045454545454545525
cd4_0h_vs_12h,REACTOME_GLYOXYLATE_METABOLISM_AND_GLYCINE_DEGRADATION,Vanilla-only significant,GLDC,0.0,0.0,14.0,10.0,19.0,22.0,0.18181818181818182,0.045454545454545456,-0.13636363636363635
cd4_0h_vs_12h,REACTOME_GLYOXYLATE_METABOLISM_AND_GLYCINE_DEGRADATION,Vanilla-only significant,GNMT,0.0,0.0,14.0,10.0,19.0,22.0,0.18181818181818182,0.045454545454545456,-0.13636363636363635
cd4_0h_vs_12h,REACTOME_GLYOXYLATE_METABOLISM_AND_GLYCINE_DEGRADATION,Vanilla-only significant,GOT2,-0.954796553051974,-0.986278421124963,23.0,18.5,3.0,8.5,0.9090909090909091,0.6590909090909091,-0.25
cd4_0h_vs_12h,REACTOME_GLYOXYLATE_METABOLISM_AND_GLYCINE_DEGRADATION,Vanilla-only significant,GRHPR,-0.623322831410129,0.783921044424732,21.5,4.0,6.5,10.0,0.75,0.5909090909090909,-0.15909090909090906
cd4_0h_vs_12h,REACTOME_GLYOXYLATE_METABOLISM_AND_GLYCINE_DEGRADATION,Vanilla-only significant,LIAS,0.836715525117369,-1.55711152153949,3.5,22.0,4.5,4.0,0.8409090909090909,0.8636363636363636,0.022727272727272707
cd4_0h_vs_12h,REACTOME_GLYOXYLATE_METABOLISM_AND_GLYCINE_DEGRADATION,Vanilla-only significant,LIPT1,0.29194939201165,-0.227340932363659,8.0,12.0,13.0,16.0,0.45454545454545453,0.3181818181818182,-0.13636363636363635
cd4_0h_vs_12h,REACTOME_GLYOXYLATE_METABOLISM_AND_GLYCINE_DEGRADATION,Vanilla-only significant,LIPT2,0.0,-1.26516212952784,14.0,20.5,19.0,5.5,0.18181818181818182,0.7954545454545454,0.6136363636363635
cd4_0h_vs_12h,REACTOME_GLYOXYLATE_METABOLISM_AND_GLYCINE_DEGRADATION,Vanilla-only significant,NDUFAB1,2.50631825477612,2.1694065727686,1.0,1.0,1.0,1.0,1.0,1.0,0.0
cd4_0h_vs_12h,REACTOME_GLYOXYLATE_METABOLISM_AND_GLYCINE_DEGRADATION,Vanilla-only significant,OGDH,0.29194939201165,0.214678612076031,8.0,6.5,13.0,18.5,0.45454545454545453,0.20454545454545456,-0.24999999999999997
cd4_0h_vs_12h,REACTOME_GLYOXYLATE_METABOLISM_AND_GLYCINE_DEGRADATION,Vanilla-only significant,PDHA1,0.0,-0.720395996422123,14.0,17.0,19.0,11.0,0.18181818181818182,0.5454545454545454,0.3636363636363636
cd4_0h_vs_12h,REACTOME_GLYOXYLATE_METABOLISM_AND_GLYCINE_DEGRADATION,Vanilla-only significant,PDHB,0.0,0.214678612076031,14.0,6.5,19.0,18.5,0.18181818181818182,0.20454545454545456,0.022727272727272735
cd4_0h_vs_12h,REACTOME_GLYOXYLATE_METABOLISM_AND_GLYCINE_DEGRADATION,Vanilla-only significant,PDHX,0.0,0.214678612076031,14.0,6.5,19.0,18.5,0.18181818181818182,0.20454545454545456,0.022727272727272735
cd4_0h_vs_12h,REACTOME_GLYOXYLATE_METABOLISM_AND_GLYCINE_DEGRADATION,Vanilla-only significant,PXMP2,-0.305073209619947,-1.26516212952784,19.5,20.5,10.5,5.5,0.5681818181818182,0.7954545454545454,0.22727272727272718
cd4_0h_vs_12h,REACTOME_INOSITOL_PHOSPHATE_METABOLISM,Vanilla-only significant,CALM1,3.34351489940009,-0.278883708402879,3.0,29.0,3.0,24.0,0.9512195121951219,0.43902439024390244,-0.5121951219512195
cd4_0h_vs_12h,REACTOME_INOSITOL_PHOSPHATE_METABOLISM,Vanilla-only significant,IMPA1,1.61961141775938,-1.19415593182466,9.0,37.0,10.0,8.0,0.7804878048780488,0.8292682926829268,0.04878048780487798
cd4_0h_vs_12h,REACTOME_INOSITOL_PHOSPHATE_METABOLISM,Vanilla-only significant,IMPA2,1.61961141775938,0.26588242470284,9.0,14.0,10.0,31.0,0.7804878048780488,0.2682926829268293,-0.5121951219512195
cd4_0h_vs_12h,REACTOME_INOSITOL_PHOSPHATE_METABOLISM,Vanilla-only significant,INPP1,1.23484466016754,0.0,14.0,21.5,16.0,38.5,0.6341463414634146,0.08536585365853659,-0.5487804878048781
cd4_0h_vs_12h,REACTOME_INOSITOL_PHOSPHATE_METABOLISM,Vanilla-only significant,INPP4A,5.62250560495353,0.986278421124963,1.0,4.5,1.0,11.5,1.0,0.7439024390243902,-0.25609756097560976
cd4_0h_vs_12h,REACTOME_INOSITOL_PHOSPHATE_METABOLISM,Vanilla-only significant,INPP4B,-1.83529637153435,-5.11002164870719,42.0,42.0,8.0,1.0,0.8292682926829268,1.0,0.1707317073170732
cd4_0h_vs_12h,REACTOME_INOSITOL_PHOSPHATE_METABOLISM,Vanilla-only significant,INPP5A,1.23484466016754,0.986278421124963,14.0,4.5,16.0,11.5,0.6341463414634146,0.7439024390243902,0.1097560975609756
cd4_0h_vs_12h,REACTOME_INOSITOL_PHOSPHATE_METABOLISM,Vanilla-only significant,INPP5B,-0.438548104938605,0.758937488761304,38.0,7.0,27.0,17.0,0.36585365853658536,0.6097560975609756,0.24390243902439024
cd4_0h_vs_12h,REACTOME_INOSITOL_PHOSPHATE_METABOLISM,Vanilla-only significant,INPP5D,3.64858810902004,-1.5256296534665,2.0,39.0,2.0,4.0,0.975609756097561,0.926829268292683,-0.04878048780487798
cd4_0h_vs_12h,REACTOME_INOSITOL_PHOSPHATE_METABOLISM,Vanilla-only significant,INPPL1,1.23484466016754,0.518835066685553,14.0,9.0,16.0,19.0,0.6341463414634146,0.5609756097560976,-0.07317073170731703
cd4_0h_vs_12h,REACTOME_INOSITOL_PHOSPHATE_METABOLISM,Vanilla-only significant,IP6K1,-1.35617701700613,0.0,41.0,21.5,12.0,38.5,0.7317073170731707,0.08536585365853659,-0.6463414634146342
cd4_0h_vs_12h,REACTOME_INOSITOL_PHOSPHATE_METABOLISM,Vanilla-only significant,IP6K2,0.836671924080072,-1.8703708072345,20.0,40.0,23.0,3.0,0.4634146341463415,0.9512195121951219,0.4878048780487804
cd4_0h_vs_12h,REACTOME_INOSITOL_PHOSPHATE_METABOLISM,Vanilla-only significant,IPMK,0.836671924080072,0.0,20.0,21.5,23.0,38.5,0.4634146341463415,0.08536585365853659,-0.3780487804878049
cd4_0h_vs_12h,REACTOME_INOSITOL_PHOSPHATE_METABOLISM,Vanilla-only significant,IPPK,2.69379155596806,-0.278883708402879,4.5,29.0,4.5,24.0,0.9146341463414634,0.43902439024390244,-0.475609756097561
cd4_0h_vs_12h,REACTOME_INOSITOL_PHOSPHATE_METABOLISM,Vanilla-only significant,ISYNA1,1.61961141775938,0.518835066685553,9.0,9.0,10.0,19.0,0.7804878048780488,0.5609756097560976,-0.2195121951219512
cd4_0h_vs_12h,REACTOME_INOSITOL_PHOSPHATE_METABOLISM,Vanilla-only significant,ITPK1,0.836671924080072,1.20095703320099,20.0,1.5,23.0,5.5,0.4634146341463415,0.8902439024390244,0.4268292682926829
cd4_0h_vs_12h,REACTOME_INOSITOL_PHOSPHATE_METABOLISM,Vanilla-only significant,ITPKA,0.0,0.0,31.5,21.5,37.5,38.5,0.10975609756097561,0.08536585365853659,-0.02439024390243902
cd4_0h_vs_12h,REACTOME_INOSITOL_PHOSPHATE_METABOLISM,Vanilla-only significant,ITPKB,-0.890600439272627,-0.278883708402879,40.0,29.0,20.0,24.0,0.5365853658536586,0.43902439024390244,-0.09756097560975613
cd4_0h_vs_12h,REACTOME_INOSITOL_PHOSPHATE_METABOLISM,Vanilla-only significant,ITPKC,1.23484466016754,-0.278883708402879,14.0,29.0,16.0,24.0,0.6341463414634146,0.43902439024390244,-0.1951219512195122
cd4_0h_vs_12h,REACTOME_INOSITOL_PHOSPHATE_METABOLISM,Vanilla-only significant,MINPP1,1.23484466016754,-0.875906310034476,14.0,34.0,16.0,15.0,0.6341463414634146,0.6585365853658537,0.024390243902439046
cd4_0h_vs_12h,REACTOME_INOSITOL_PHOSPHATE_METABOLISM,Vanilla-only significant,MIOX,0.0,0.0,31.5,21.5,37.5,38.5,0.10975609756097561,0.08536585365853659,-0.02439024390243902
cd4_0h_vs_12h,REACTOME_INOSITOL_PHOSPHATE_METABOLISM,Vanilla-only significant,MTMR7,0.0,-0.278883708402879,31.5,29.0,37.5,24.0,0.10975609756097561,0.43902439024390244,0.32926829268292684
cd4_0h_vs_12h,REACTOME_INOSITOL_PHOSPHATE_METABOLISM,Vanilla-only significant,MTMR9,0.425065524136514,0.26588242470284,24.5,14.0,30.5,31.0,0.2804878048780488,0.2682926829268293,-0.012195121951219523
cd4_0h_vs_12h,REACTOME_INOSITOL_PHOSPHATE_METABOLISM,Vanilla-only significant,NUDT10,0.0,0.0,31.5,21.5,37.5,38.5,0.10975609756097561,0.08536585365853659,-0.02439024390243902
cd4_0h_vs_12h,REACTOME_INOSITOL_PHOSPHATE_METABOLISM,Vanilla-only significant,NUDT11,0.0,0.26588242470284,31.5,14.0,37.5,31.0,0.10975609756097561,0.2682926829268293,0.1585365853658537
cd4_0h_vs_12h,REACTOME_INOSITOL_PHOSPHATE_METABOLISM,Vanilla-only significant,NUDT3,0.425065524136514,-2.22841885147863,24.5,41.0,30.5,2.0,0.2804878048780488,0.975609756097561,0.6951219512195121
cd4_0h_vs_12h,REACTOME_INOSITOL_PHOSPHATE_METABOLISM,Vanilla-only significant,NUDT4,1.23484466016754,-0.875906310034476,14.0,34.0,16.0,15.0,0.6341463414634146,0.6585365853658537,0.024390243902439046
cd4_0h_vs_12h,REACTOME_INOSITOL_PHOSPHATE_METABOLISM,Vanilla-only significant,OCRL,0.0,-1.19415593182466,31.5,37.0,37.5,8.0,0.10975609756097561,0.8292682926829268,0.7195121951219512
cd4_0h_vs_12h,REACTOME_INOSITOL_PHOSPHATE_METABOLISM,Vanilla-only significant,PLCB1,0.0,0.518835066685553,31.5,9.0,37.5,19.0,0.10975609756097561,0.5609756097560976,0.451219512195122
cd4_0h_vs_12h,REACTOME_INOSITOL_PHOSPHATE_METABOLISM,Vanilla-only significant,PLCB2,1.23484466016754,-0.278883708402879,14.0,29.0,16.0,24.0,0.6341463414634146,0.43902439024390244,-0.1951219512195122
cd4_0h_vs_12h,REACTOME_INOSITOL_PHOSPHATE_METABOLISM,Vanilla-only significant,PLCB3,0.836671924080072,-0.875906310034476,20.0,34.0,23.0,15.0,0.4634146341463415,0.6585365853658537,0.1951219512195122
cd4_0h_vs_12h,REACTOME_INOSITOL_PHOSPHATE_METABOLISM,Vanilla-only significant,PLCD1,0.425065524136514,0.26588242470284,24.5,14.0,30.5,31.0,0.2804878048780488,0.2682926829268293,-0.012195121951219523
cd4_0h_vs_12h,REACTOME_INOSITOL_PHOSPHATE_METABOLISM,Vanilla-only significant,PLCD3,-0.438548104938605,0.26588242470284,38.0,14.0,27.0,31.0,0.36585365853658536,0.2682926829268293,-0.09756097560975607
cd4_0h_vs_12h,REACTOME_INOSITOL_PHOSPHATE_METABOLISM,Vanilla-only significant,PLCD4,0.0,0.0,31.5,21.5,37.5,38.5,0.10975609756097561,0.08536585365853659,-0.02439024390243902
cd4_0h_vs_12h,REACTOME_INOSITOL_PHOSPHATE_METABOLISM,Vanilla-only significant,PLCE1,2.34905040220007,-1.19415593182466,6.0,37.0,6.0,8.0,0.8780487804878049,0.8292682926829268,-0.04878048780487809
cd4_0h_vs_12h,REACTOME_INOSITOL_PHOSPHATE_METABOLISM,Vanilla-only significant,PLCG1,0.836671924080072,0.26588242470284,20.0,14.0,23.0,31.0,0.4634146341463415,0.2682926829268293,-0.1951219512195122
cd4_0h_vs_12h,REACTOME_INOSITOL_PHOSPHATE_METABOLISM,Vanilla-only significant,PLCG2,0.425065524136514,0.986278421124963,24.5,4.5,30.5,11.5,0.2804878048780488,0.7439024390243902,0.46341463414634143
cd4_0h_vs_12h,REACTOME_INOSITOL_PHOSPHATE_METABOLISM,Vanilla-only significant,PLCH2,0.0,-0.278883708402879,31.5,29.0,37.5,24.0,0.10975609756097561,0.43902439024390244,0.32926829268292684
cd4_0h_vs_12h,REACTOME_INOSITOL_PHOSPHATE_METABOLISM,Vanilla-only significant,PPIP5K1,-0.438548104938605,0.986278421124963,38.0,4.5,27.0,11.5,0.36585365853658536,0.7439024390243902,0.3780487804878049
cd4_0h_vs_12h,REACTOME_INOSITOL_PHOSPHATE_METABOLISM,Vanilla-only significant,PPIP5K2,0.0,0.26588242470284,31.5,14.0,37.5,31.0,0.10975609756097561,0.2682926829268293,0.1585365853658537
cd4_0h_vs_12h,REACTOME_INOSITOL_PHOSPHATE_METABOLISM,Vanilla-only significant,PTEN,2.69379155596806,0.0,4.5,21.5,4.5,38.5,0.9146341463414634,0.08536585365853659,-0.8292682926829269
cd4_0h_vs_12h,REACTOME_INOSITOL_PHOSPHATE_METABOLISM,Vanilla-only significant,SYNJ1,1.99100235795593,1.20095703320099,7.0,1.5,7.0,5.5,0.8536585365853658,0.8902439024390244,0.03658536585365857
cd4_0h_vs_12h,REACTOME_METABOLISM_OF_STEROID_HORMONES,Vanilla-only significant,AKR1B1,1.40565385985053,-0.544766133105719,6.5,17.5,6.5,9.5,0.725,0.575,-0.15000000000000002
cd4_0h_vs_12h,REACTOME_METABOLISM_OF_STEROID_HORMONES,Vanilla-only significant,FDX1,3.35874728043649,-0.26588242470284,1.0,15.0,1.0,13.0,1.0,0.4,-0.6
cd4_0h_vs_12h,REACTOME_METABOLISM_OF_STEROID_HORMONES,Vanilla-only significant,FDX2,1.72390348164071,0.493055064058463,5.0,6.0,5.0,11.0,0.8,0.5,-0.30000000000000004
cd4_0h_vs_12h,REACTOME_METABOLISM_OF_STEROID_HORMONES,Vanilla-only significant,FDXR,1.07418013820869,-0.26588242470284,8.5,15.0,9.5,13.0,0.575,0.4,-0.17499999999999993
cd4_0h_vs_12h,REACTOME_METABOLISM_OF_STEROID_HORMONES,Vanilla-only significant,HSD11B1,0.0,0.0,15.5,11.0,18.5,19.0,0.125,0.1,-0.024999999999999994
cd4_0h_vs_12h,REACTOME_METABOLISM_OF_STEROID_HORMONES,Vanilla-only significant,HSD11B2,0.371390940196559,1.13720197081613,12.0,1.0,15.0,2.0,0.3,0.95,0.6499999999999999
cd4_0h_vs_12h,REACTOME_METABOLISM_OF_STEROID_HORMONES,Vanilla-only significant,HSD17B1,0.729438984440692,0.720395996422123,10.5,3.5,12.5,6.5,0.425,0.725,0.3
cd4_0h_vs_12h,REACTOME_METABOLISM_OF_STEROID_HORMONES,Vanilla-only significant,HSD17B11,0.729438984440692,-1.14178873473732,10.5,21.0,12.5,1.0,0.425,1.0,0.575
cd4_0h_vs_12h,REACTOME_METABOLISM_OF_STEROID_HORMONES,Vanilla-only significant,HSD17B12,1.07418013820869,0.720395996422123,8.5,3.5,9.5,6.5,0.575,0.725,0.15000000000000002
cd4_0h_vs_12h,REACTOME_METABOLISM_OF_STEROID_HORMONES,Vanilla-only significant,HSD17B14,0.0,0.720395996422123,15.5,3.5,18.5,6.5,0.125,0.725,0.6
cd4_0h_vs_12h,REACTOME_METABOLISM_OF_STEROID_HORMONES,Vanilla-only significant,HSD17B2,0.0,0.0,15.5,11.0,18.5,19.0,0.125,0.1,-0.024999999999999994
cd4_0h_vs_12h,REACTOME_METABOLISM_OF_STEROID_HORMONES,Vanilla-only significant,POMC,2.32092608327231,0.0,3.5,11.0,3.5,19.0,0.875,0.1,-0.775
cd4_0h_vs_12h,REACTOME_METABOLISM_OF_STEROID_HORMONES,Vanilla-only significant,SRD5A1,-0.782939493679303,0.252952641982712,20.0,7.5,11.0,15.5,0.5,0.275,-0.22499999999999998
cd4_0h_vs_12h,REACTOME_METABOLISM_OF_STEROID_HORMONES,Vanilla-only significant,SRD5A3,1.40565385985053,0.252952641982712,6.5,7.5,6.5,15.5,0.725,0.275,-0.44999999999999996
cd4_0h_vs_12h,REACTOME_METABOLISM_OF_STEROID_HORMONES,Vanilla-only significant,STAR,0.0,0.720395996422123,15.5,3.5,18.5,6.5,0.125,0.725,0.6
cd4_0h_vs_12h,REACTOME_METABOLISM_OF_STEROID_HORMONES,Vanilla-only significant,STARD3,-0.384766757591837,-0.544766133105719,19.0,17.5,14.0,9.5,0.35,0.575,0.22499999999999998
cd4_0h_vs_12h,REACTOME_METABOLISM_OF_STEROID_HORMONES,Vanilla-only significant,STARD3NL,2.32092608327231,-0.836715525117369,3.5,19.5,3.5,3.5,0.875,0.875,0.0
cd4_0h_vs_12h,REACTOME_METABOLISM_OF_STEROID_HORMONES,Vanilla-only significant,STARD4,-1.19454589362286,-0.836715525117369,21.0,19.5,8.0,3.5,0.65,0.875,0.22499999999999998
cd4_0h_vs_12h,REACTOME_METABOLISM_OF_STEROID_HORMONES,Vanilla-only significant,STARD6,0.0,0.0,15.5,11.0,18.5,19.0,0.125,0.1,-0.024999999999999994
cd4_0h_vs_12h,REACTOME_METABOLISM_OF_STEROID_HORMONES,Vanilla-only significant,TSPO,2.86569221637803,0.0,2.0,11.0,2.0,19.0,0.95,0.1,-0.85
cd4_0h_vs_12h,REACTOME_METABOLISM_OF_STEROID_HORMONES,Vanilla-only significant,TSPOAP1,0.0,-0.26588242470284,15.5,15.0,18.5,13.0,0.125,0.4,0.275
cd4_0h_vs_12h,REACTOME_REGULATION_OF_LIPID_METABOLISM_BY_PPARALPHA,Vanilla-only significant,ACADM,0.0,-5.11002164870719,70.5,99.0,88.5,1.0,0.10714285714285714,1.0,0.8928571428571429
cd4_0h_vs_12h,REACTOME_REGULATION_OF_LIPID_METABOLISM_BY_PPARALPHA,Vanilla-only significant,ACOX1,1.15433043387586,1.40308439551897,19.5,4.0,26.5,17.0,0.7397959183673469,0.8367346938775511,0.09693877551020413
cd4_0h_vs_12h,REACTOME_REGULATION_OF_LIPID_METABOLISM_BY_PPARALPHA,Vanilla-only significant,ACSL1,0.0,0.26588242470284,70.5,34.5,88.5,84.5,0.10714285714285714,0.14795918367346939,0.04081632653061225
cd4_0h_vs_12h,REACTOME_REGULATION_OF_LIPID_METABOLISM_BY_PPARALPHA,Vanilla-only significant,AHR,0.782939493679303,-1.19415593182466,33.5,79.5,45.5,27.5,0.5459183673469388,0.7295918367346939,0.18367346938775508
cd4_0h_vs_12h,REACTOME_REGULATION_OF_LIPID_METABOLISM_BY_PPARALPHA,Vanilla-only significant,AHRR,0.0,0.0,70.5,45.5,88.5,95.5,0.10714285714285714,0.03571428571428571,-0.07142857142857142
cd4_0h_vs_12h,REACTOME_REGULATION_OF_LIPID_METABOLISM_BY_PPARALPHA,Vanilla-only significant,ALAS1,0.398172736087466,0.26588242470284,50.5,34.5,68.5,84.5,0.3112244897959184,0.14795918367346939,-0.163265306122449
cd4_0h_vs_12h,REACTOME_REGULATION_OF_LIPID_METABOLISM_BY_PPARALPHA,Vanilla-only significant,APOA1,0.0,-0.278883708402879,70.5,52.5,88.5,74.5,0.10714285714285714,0.25,0.14285714285714285
cd4_0h_vs_12h,REACTOME_REGULATION_OF_LIPID_METABOLISM_BY_PPARALPHA,Vanilla-only significant,ARNT,-0.411606399943558,0.26588242470284,84.5,34.5,56.5,84.5,0.4336734693877551,0.14795918367346939,-0.2857142857142857
cd4_0h_vs_12h,REACTOME_REGULATION_OF_LIPID_METABOLISM_BY_PPARALPHA,Vanilla-only significant,CARM1,0.782939493679303,-1.19415593182466,33.5,79.5,45.5,27.5,0.5459183673469388,0.7295918367346939,0.18367346938775508
cd4_0h_vs_12h,REACTOME_REGULATION_OF_LIPID_METABOLISM_BY_PPARALPHA,Vanilla-only significant,CCNC,0.398172736087466,-1.5256296534665,50.5,88.0,68.5,15.0,0.3112244897959184,0.8571428571428571,0.5459183673469388
cd4_0h_vs_12h,REACTOME_REGULATION_OF_LIPID_METABOLISM_BY_PPARALPHA,Vanilla-only significant,CDK19,0.782939493679303,-0.278883708402879,33.5,52.5,45.5,74.5,0.5459183673469388,0.25,-0.29591836734693877
cd4_0h_vs_12h,REACTOME_REGULATION_OF_LIPID_METABOLISM_BY_PPARALPHA,Vanilla-only significant,CDK8,0.0,-0.278883708402879,70.5,52.5,88.5,74.5,0.10714285714285714,0.25,0.14285714285714285
cd4_0h_vs_12h,REACTOME_REGULATION_OF_LIPID_METABOLISM_BY_PPARALPHA,Vanilla-only significant,CHD9,0.398172736087466,0.26588242470284,50.5,34.5,68.5,84.5,0.3112244897959184,0.14795918367346939,-0.163265306122449
cd4_0h_vs_12h,REACTOME_REGULATION_OF_LIPID_METABOLISM_BY_PPARALPHA,Vanilla-only significant,CLOCK,1.51237847812,0.986278421124963,9.5,9.0,13.5,36.0,0.8724489795918368,0.6428571428571429,-0.22959183673469385
cd4_0h_vs_12h,REACTOME_REGULATION_OF_LIPID_METABOLISM_BY_PPARALPHA,Vanilla-only significant,CPT1A,0.782939493679303,0.0,33.5,45.5,45.5,95.5,0.5459183673469388,0.03571428571428571,-0.5102040816326531
cd4_0h_vs_12h,REACTOME_REGULATION_OF_LIPID_METABOLISM_BY_PPARALPHA,Vanilla-only significant,CPT2,-0.836671924080072,-1.8703708072345,90.0,91.5,35.0,9.5,0.6530612244897959,0.9132653061224489,0.2602040816326531
cd4_0h_vs_12h,REACTOME_REGULATION_OF_LIPID_METABOLISM_BY_PPARALPHA,Vanilla-only significant,CREBBP,0.398172736087466,1.20095703320099,50.5,6.0,68.5,19.0,0.3112244897959184,0.8163265306122449,0.5051020408163265
cd4_0h_vs_12h,REACTOME_REGULATION_OF_LIPID_METABOLISM_BY_PPARALPHA,Vanilla-only significant,CYP1A1,0.0,0.0,70.5,45.5,88.5,95.5,0.10714285714285714,0.03571428571428571,-0.07142857142857142
cd4_0h_vs_12h,REACTOME_REGULATION_OF_LIPID_METABOLISM_BY_PPARALPHA,Vanilla-only significant,EP300,1.51237847812,-2.59980979167519,9.5,96.0,13.5,4.0,0.8724489795918368,0.9693877551020408,0.09693877551020402
cd4_0h_vs_12h,REACTOME_REGULATION_OF_LIPID_METABOLISM_BY_PPARALPHA,Vanilla-only significant,ESRRA,0.782939493679303,1.20095703320099,33.5,6.0,45.5,19.0,0.5459183673469388,0.8163265306122449,0.27040816326530615
cd4_0h_vs_12h,REACTOME_REGULATION_OF_LIPID_METABOLISM_BY_PPARALPHA,Vanilla-only significant,FADS1,0.398172736087466,-0.570833100414529,50.5,60.0,68.5,56.0,0.3112244897959184,0.4387755102040816,0.12755102040816324
cd4_0h_vs_12h,REACTOME_REGULATION_OF_LIPID_METABOLISM_BY_PPARALPHA,Vanilla-only significant,FAM120B,0.782939493679303,-1.19415593182466,33.5,79.5,45.5,27.5,0.5459183673469388,0.7295918367346939,0.18367346938775508
cd4_0h_vs_12h,REACTOME_REGULATION_OF_LIPID_METABOLISM_BY_PPARALPHA,Vanilla-only significant,FDFT1,1.51237847812,-0.570833100414529,9.5,60.0,13.5,56.0,0.8724489795918368,0.4387755102040816,-0.43367346938775514
cd4_0h_vs_12h,REACTOME_REGULATION_OF_LIPID_METABOLISM_BY_PPARALPHA,Vanilla-only significant,FHL2,0.0,0.0,70.5,45.5,88.5,95.5,0.10714285714285714,0.03571428571428571,-0.07142857142857142
cd4_0h_vs_12h,REACTOME_REGULATION_OF_LIPID_METABOLISM_BY_PPARALPHA,Vanilla-only significant,G0S2,0.0,0.26588242470284,70.5,34.5,88.5,84.5,0.10714285714285714,0.14795918367346939,0.04081632653061225
cd4_0h_vs_12h,REACTOME_REGULATION_OF_LIPID_METABOLISM_BY_PPARALPHA,Vanilla-only significant,GLIPR1,3.38274928535449,-1.19415593182466,1.0,79.5,2.0,27.5,0.9897959183673469,0.7295918367346939,-0.2602040816326531
cd4_0h_vs_12h,REACTOME_REGULATION_OF_LIPID_METABOLISM_BY_PPARALPHA,Vanilla-only significant,GPS2,-0.411606399943558,0.26588242470284,84.5,34.5,56.5,84.5,0.4336734693877551,0.14795918367346939,-0.2857142857142857
cd4_0h_vs_12h,REACTOME_REGULATION_OF_LIPID_METABOLISM_BY_PPARALPHA,Vanilla-only significant,GRHL1,0.0,0.518835066685553,70.5,22.0,88.5,66.0,0.10714285714285714,0.336734693877551,0.22959183673469385
cd4_0h_vs_12h,REACTOME_REGULATION_OF_LIPID_METABOLISM_BY_PPARALPHA,Vanilla-only significant,HDAC3,1.15433043387586,0.518835066685553,19.5,22.0,26.5,66.0,0.7397959183673469,0.336734693877551,-0.4030612244897959
cd4_0h_vs_12h,REACTOME_REGULATION_OF_LIPID_METABOLISM_BY_PPARALPHA,Vanilla-only significant,HELZ2,0.398172736087466,0.518835066685553,50.5,22.0,68.5,66.0,0.3112244897959184,0.336734693877551,0.025510204081632626
cd4_0h_vs_12h,REACTOME_REGULATION_OF_LIPID_METABOLISM_BY_PPARALPHA,Vanilla-only significant,HMGCR,0.782939493679303,-0.570833100414529,33.5,60.0,45.5,56.0,0.5459183673469388,0.4387755102040816,-0.10714285714285715
cd4_0h_vs_12h,REACTOME_REGULATION_OF_LIPID_METABOLISM_BY_PPARALPHA,Vanilla-only significant,HMGCS1,1.51237847812,-1.5256296534665,9.5,88.0,13.5,15.0,0.8724489795918368,0.8571428571428571,-0.015306122448979664
cd4_0h_vs_12h,REACTOME_REGULATION_OF_LIPID_METABOLISM_BY_PPARALPHA,Vanilla-only significant,MED1,0.0,0.518835066685553,70.5,22.0,88.5,66.0,0.10714285714285714,0.336734693877551,0.22959183673469385
cd4_0h_vs_12h,REACTOME_REGULATION_OF_LIPID_METABOLISM_BY_PPARALPHA,Vanilla-only significant,MED10,-1.27522002901868,-0.570833100414529,94.0,60.0,19.0,56.0,0.8163265306122449,0.4387755102040816,-0.3775510204081633
cd4_0h_vs_12h,REACTOME_REGULATION_OF_LIPID_METABOLISM_BY_PPARALPHA,Vanilla-only significant,MED11,0.0,1.59278515718308,70.5,3.0,88.5,13.0,0.10714285714285714,0.8775510204081632,0.7704081632653061
cd4_0h_vs_12h,REACTOME_REGULATION_OF_LIPID_METABOLISM_BY_PPARALPHA,Vanilla-only significant,MED12,1.15433043387586,-1.5256296534665,19.5,88.0,26.5,15.0,0.7397959183673469,0.8571428571428571,0.11734693877551017
cd4_0h_vs_12h,REACTOME_REGULATION_OF_LIPID_METABOLISM_BY_PPARALPHA,Vanilla-only significant,MED13,-3.67090287259197,-0.570833100414529,99.0,60.0,1.0,56.0,1.0,0.4387755102040816,-0.5612244897959184
cd4_0h_vs_12h,REACTOME_REGULATION_OF_LIPID_METABOLISM_BY_PPARALPHA,Vanilla-only significant,MED13L,0.782939493679303,-0.278883708402879,33.5,52.5,45.5,74.5,0.5459183673469388,0.25,-0.29591836734693877
cd4_0h_vs_12h,REACTOME_REGULATION_OF_LIPID_METABOLISM_BY_PPARALPHA,Vanilla-only significant,MED14,0.782939493679303,0.26588242470284,33.5,34.5,45.5,84.5,0.5459183673469388,0.14795918367346939,-0.3979591836734694
cd4_0h_vs_12h,REACTOME_REGULATION_OF_LIPID_METABOLISM_BY_PPARALPHA,Vanilla-only significant,MED15,-1.7272723633527,1.7701994655497,97.0,2.0,8.0,12.0,0.9285714285714286,0.8877551020408163,-0.04081632653061229
cd4_0h_vs_12h,REACTOME_REGULATION_OF_LIPID_METABOLISM_BY_PPARALPHA,Vanilla-only significant,MED16,1.15433043387586,-1.19415593182466,19.5,79.5,26.5,27.5,0.7397959183673469,0.7295918367346939,-0.010204081632653073
cd4_0h_vs_12h,REACTOME_REGULATION_OF_LIPID_METABOLISM_BY_PPARALPHA,Vanilla-only significant,MED17,0.782939493679303,0.26588242470284,33.5,34.5,45.5,84.5,0.5459183673469388,0.14795918367346939,-0.3979591836734694
cd4_0h_vs_12h,REACTOME_REGULATION_OF_LIPID_METABOLISM_BY_PPARALPHA,Vanilla-only significant,MED18,1.15433043387586,1.20095703320099,19.5,6.0,26.5,19.0,0.7397959183673469,0.8163265306122449,0.07653061224489799
cd4_0h_vs_12h,REACTOME_REGULATION_OF_LIPID_METABOLISM_BY_PPARALPHA,Vanilla-only significant,MED19,-1.7272723633527,0.518835066685553,97.0,22.0,8.0,66.0,0.9285714285714286,0.336734693877551,-0.5918367346938775
cd4_0h_vs_12h,REACTOME_REGULATION_OF_LIPID_METABOLISM_BY_PPARALPHA,Vanilla-only significant,MED20,0.0,0.0,70.5,45.5,88.5,95.5,0.10714285714285714,0.03571428571428571,-0.07142857142857142
cd4_0h_vs_12h,REACTOME_REGULATION_OF_LIPID_METABOLISM_BY_PPARALPHA,Vanilla-only significant,MED21,1.15433043387586,0.986278421124963,19.5,9.0,26.5,36.0,0.7397959183673469,0.6428571428571429,-0.09693877551020402
cd4_0h_vs_12h,REACTOME_REGULATION_OF_LIPID_METABOLISM_BY_PPARALPHA,Vanilla-only significant,MED22,1.15433043387586,-1.19415593182466,19.5,79.5,26.5,27.5,0.7397959183673469,0.7295918367346939,-0.010204081632653073
cd4_0h_vs_12h,REACTOME_REGULATION_OF_LIPID_METABOLISM_BY_PPARALPHA,Vanilla-only significant,MED23,1.15433043387586,-2.22841885147863,19.5,94.5,26.5,5.5,0.7397959183673469,0.9540816326530612,0.2142857142857143
cd4_0h_vs_12h,REACTOME_REGULATION_OF_LIPID_METABOLISM_BY_PPARALPHA,Vanilla-only significant,MED24,0.398172736087466,-1.19415593182466,50.5,79.5,68.5,27.5,0.3112244897959184,0.7295918367346939,0.4183673469387755
cd4_0h_vs_12h,REACTOME_REGULATION_OF_LIPID_METABOLISM_BY_PPARALPHA,Vanilla-only significant,MED25,0.398172736087466,0.758937488761304,50.5,13.5,68.5,48.5,0.3112244897959184,0.5153061224489796,0.20408163265306117
cd4_0h_vs_12h,REACTOME_REGULATION_OF_LIPID_METABOLISM_BY_PPARALPHA,Vanilla-only significant,MED26,-0.836671924080072,0.518835066685553,90.0,22.0,35.0,66.0,0.6530612244897959,0.336734693877551,-0.31632653061224486
cd4_0h_vs_12h,REACTOME_REGULATION_OF_LIPID_METABOLISM_BY_PPARALPHA,Vanilla-only significant,MED27,0.0,0.518835066685553,70.5,22.0,88.5,66.0,0.10714285714285714,0.336734693877551,0.22959183673469385
cd4_0h_vs_12h,REACTOME_REGULATION_OF_LIPID_METABOLISM_BY_PPARALPHA,Vanilla-only significant,MED28,-0.836671924080072,-2.98457654926703,90.0,97.5,35.0,2.5,0.6530612244897959,0.9846938775510204,0.3316326530612246
cd4_0h_vs_12h,REACTOME_REGULATION_OF_LIPID_METABOLISM_BY_PPARALPHA,Vanilla-only significant,MED29,0.398172736087466,-1.19415593182466,50.5,79.5,68.5,27.5,0.3112244897959184,0.7295918367346939,0.4183673469387755
cd4_0h_vs_12h,REACTOME_REGULATION_OF_LIPID_METABOLISM_BY_PPARALPHA,Vanilla-only significant,MED30,-1.27522002901868,0.518835066685553,94.0,22.0,19.0,66.0,0.8163265306122449,0.336734693877551,-0.4795918367346939
cd4_0h_vs_12h,REACTOME_REGULATION_OF_LIPID_METABOLISM_BY_PPARALPHA,Vanilla-only significant,MED31,0.0,-0.875906310034476,70.5,68.5,88.5,41.5,0.10714285714285714,0.5867346938775511,0.4795918367346939
cd4_0h_vs_12h,REACTOME_REGULATION_OF_LIPID_METABOLISM_BY_PPARALPHA,Vanilla-only significant,MED4,0.782939493679303,-1.19415593182466,33.5,79.5,45.5,27.5,0.5459183673469388,0.7295918367346939,0.18367346938775508
cd4_0h_vs_12h,REACTOME_REGULATION_OF_LIPID_METABOLISM_BY_PPARALPHA,Vanilla-only significant,MED6,1.15433043387586,0.518835066685553,19.5,22.0,26.5,66.0,0.7397959183673469,0.336734693877551,-0.4030612244897959
cd4_0h_vs_12h,REACTOME_REGULATION_OF_LIPID_METABOLISM_BY_PPARALPHA,Vanilla-only significant,MED7,-0.411606399943558,-1.19415593182466,84.5,79.5,56.5,27.5,0.4336734693877551,0.7295918367346939,0.29591836734693877
cd4_0h_vs_12h,REACTOME_REGULATION_OF_LIPID_METABOLISM_BY_PPARALPHA,Vanilla-only significant,MED8,1.15433043387586,-1.19415593182466,19.5,79.5,26.5,27.5,0.7397959183673469,0.7295918367346939,-0.010204081632653073
cd4_0h_vs_12h,REACTOME_REGULATION_OF_LIPID_METABOLISM_BY_PPARALPHA,Vanilla-only significant,MED9,0.782939493679303,0.0,33.5,45.5,45.5,95.5,0.5459183673469388,0.03571428571428571,-0.5102040816326531
cd4_0h_vs_12h,REACTOME_REGULATION_OF_LIPID_METABOLISM_BY_PPARALPHA,Vanilla-only significant,MTF1,0.398172736087466,0.26588242470284,50.5,34.5,68.5,84.5,0.3112244897959184,0.14795918367346939,-0.163265306122449
cd4_0h_vs_12h,REACTOME_REGULATION_OF_LIPID_METABOLISM_BY_PPARALPHA,Vanilla-only significant,NCOA1,2.18859335352984,-0.570833100414529,5.0,60.0,6.0,56.0,0.9489795918367347,0.4387755102040816,-0.5102040816326532
cd4_0h_vs_12h,REACTOME_REGULATION_OF_LIPID_METABOLISM_BY_PPARALPHA,Vanilla-only significant,NCOA2,-0.411606399943558,-2.98457654926703,84.5,97.5,56.5,2.5,0.4336734693877551,0.9846938775510204,0.5510204081632654
cd4_0h_vs_12h,REACTOME_REGULATION_OF_LIPID_METABOLISM_BY_PPARALPHA,Vanilla-only significant,NCOA3,0.398172736087466,0.758937488761304,50.5,13.5,68.5,48.5,0.3112244897959184,0.5153061224489796,0.20408163265306117
cd4_0h_vs_12h,REACTOME_REGULATION_OF_LIPID_METABOLISM_BY_PPARALPHA,Vanilla-only significant,NCOA6,1.15433043387586,-0.875906310034476,19.5,68.5,26.5,41.5,0.7397959183673469,0.5867346938775511,-0.15306122448979587
cd4_0h_vs_12h,REACTOME_REGULATION_OF_LIPID_METABOLISM_BY_PPARALPHA,Vanilla-only significant,NCOR1,-0.836671924080072,0.758937488761304,90.0,13.5,35.0,48.5,0.6530612244897959,0.5153061224489796,-0.1377551020408163
cd4_0h_vs_12h,REACTOME_REGULATION_OF_LIPID_METABOLISM_BY_PPARALPHA,Vanilla-only significant,NCOR2,1.51237847812,0.986278421124963,9.5,9.0,13.5,36.0,0.8724489795918368,0.6428571428571429,-0.22959183673469385
cd4_0h_vs_12h,REACTOME_REGULATION_OF_LIPID_METABOLISM_BY_PPARALPHA,Vanilla-only significant,NFYA,0.0,-1.19415593182466,70.5,79.5,88.5,27.5,0.10714285714285714,0.7295918367346939,0.6224489795918368
cd4_0h_vs_12h,REACTOME_REGULATION_OF_LIPID_METABOLISM_BY_PPARALPHA,Vanilla-only significant,NFYB,0.0,-0.570833100414529,70.5,60.0,88.5,56.0,0.10714285714285714,0.4387755102040816,0.33163265306122447
cd4_0h_vs_12h,REACTOME_REGULATION_OF_LIPID_METABOLISM_BY_PPARALPHA,Vanilla-only significant,NFYC,2.50684297532002,-0.875906310034476,3.0,68.5,4.0,41.5,0.9693877551020408,0.5867346938775511,-0.3826530612244897
cd4_0h_vs_12h,REACTOME_REGULATION_OF_LIPID_METABOLISM_BY_PPARALPHA,Vanilla-only significant,NPAS2,0.0,-0.570833100414529,70.5,60.0,88.5,56.0,0.10714285714285714,0.4387755102040816,0.33163265306122447
cd4_0h_vs_12h,REACTOME_REGULATION_OF_LIPID_METABOLISM_BY_PPARALPHA,Vanilla-only significant,NR1D1,0.398172736087466,-1.8703708072345,50.5,91.5,68.5,9.5,0.3112244897959184,0.9132653061224489,0.6020408163265305
cd4_0h_vs_12h,REACTOME_REGULATION_OF_LIPID_METABOLISM_BY_PPARALPHA,Vanilla-only significant,NR1H2,-0.411606399943558,2.08882022390511,84.5,1.0,56.5,7.0,0.4336734693877551,0.9387755102040817,0.5051020408163266
cd4_0h_vs_12h,REACTOME_REGULATION_OF_LIPID_METABOLISM_BY_PPARALPHA,Vanilla-only significant,NR1H3,0.0,-0.278883708402879,70.5,52.5,88.5,74.5,0.10714285714285714,0.25,0.14285714285714285
cd4_0h_vs_12h,REACTOME_REGULATION_OF_LIPID_METABOLISM_BY_PPARALPHA,Vanilla-only significant,NRF1,1.51237847812,-0.570833100414529,9.5,60.0,13.5,56.0,0.8724489795918368,0.4387755102040816,-0.43367346938775514
cd4_0h_vs_12h,REACTOME_REGULATION_OF_LIPID_METABOLISM_BY_PPARALPHA,Vanilla-only significant,PEX11A,0.398172736087466,0.758937488761304,50.5,13.5,68.5,48.5,0.3112244897959184,0.5153061224489796,0.20408163265306117
cd4_0h_vs_12h,REACTOME_REGULATION_OF_LIPID_METABOLISM_BY_PPARALPHA,Vanilla-only significant,PLIN2,1.15433043387586,-0.875906310034476,19.5,68.5,26.5,41.5,0.7397959183673469,0.5867346938775511,-0.15306122448979587
cd4_0h_vs_12h,REACTOME_REGULATION_OF_LIPID_METABOLISM_BY_PPARALPHA,Vanilla-only significant,PPARA,1.51237847812,-1.19415593182466,9.5,79.5,13.5,27.5,0.8724489795918368,0.7295918367346939,-0.1428571428571429
cd4_0h_vs_12h,REACTOME_REGULATION_OF_LIPID_METABOLISM_BY_PPARALPHA,Vanilla-only significant,PPARGC1B,0.398172736087466,-0.875906310034476,50.5,68.5,68.5,41.5,0.3112244897959184,0.5867346938775511,0.2755102040816327
cd4_0h_vs_12h,REACTOME_REGULATION_OF_LIPID_METABOLISM_BY_PPARALPHA,Vanilla-only significant,RGL1,0.0,0.758937488761304,70.5,13.5,88.5,48.5,0.10714285714285714,0.5153061224489796,0.4081632653061224
cd4_0h_vs_12h,REACTOME_REGULATION_OF_LIPID_METABOLISM_BY_PPARALPHA,Vanilla-only significant,RORA,0.0,0.26588242470284,70.5,34.5,88.5,84.5,0.10714285714285714,0.14795918367346939,0.04081632653061225
cd4_0h_vs_12h,REACTOME_REGULATION_OF_LIPID_METABOLISM_BY_PPARALPHA,Vanilla-only significant,RXRA,0.398172736087466,-0.875906310034476,50.5,68.5,68.5,41.5,0.3112244897959184,0.5867346938775511,0.2755102040816327
cd4_0h_vs_12h,REACTOME_REGULATION_OF_LIPID_METABOLISM_BY_PPARALPHA,Vanilla-only significant,RXRB,-0.836671924080072,-0.278883708402879,90.0,52.5,35.0,74.5,0.6530612244897959,0.25,-0.40306122448979587
cd4_0h_vs_12h,REACTOME_REGULATION_OF_LIPID_METABOLISM_BY_PPARALPHA,Vanilla-only significant,SIN3A,0.782939493679303,0.26588242470284,33.5,34.5,45.5,84.5,0.5459183673469388,0.14795918367346939,-0.3979591836734694
cd4_0h_vs_12h,REACTOME_REGULATION_OF_LIPID_METABOLISM_BY_PPARALPHA,Vanilla-only significant,SIN3B,-1.7272723633527,-0.875906310034476,97.0,68.5,8.0,41.5,0.9285714285714286,0.5867346938775511,-0.34183673469387754
cd4_0h_vs_12h,REACTOME_REGULATION_OF_LIPID_METABOLISM_BY_PPARALPHA,Vanilla-only significant,SLC27A1,0.398172736087466,0.518835066685553,50.5,22.0,68.5,66.0,0.3112244897959184,0.336734693877551,0.025510204081632626
cd4_0h_vs_12h,REACTOME_REGULATION_OF_LIPID_METABOLISM_BY_PPARALPHA,Vanilla-only significant,SMARCD3,0.0,0.26588242470284,70.5,34.5,88.5,84.5,0.10714285714285714,0.14795918367346939,0.04081632653061225
cd4_0h_vs_12h,REACTOME_REGULATION_OF_LIPID_METABOLISM_BY_PPARALPHA,Vanilla-only significant,SP1,0.782939493679303,-1.8703708072345,33.5,91.5,45.5,9.5,0.5459183673469388,0.9132653061224489,0.36734693877551017
cd4_0h_vs_12h,REACTOME_REGULATION_OF_LIPID_METABOLISM_BY_PPARALPHA,Vanilla-only significant,SREBF1,0.782939493679303,0.518835066685553,33.5,22.0,45.5,66.0,0.5459183673469388,0.336734693877551,-0.20918367346938777
cd4_0h_vs_12h,REACTOME_REGULATION_OF_LIPID_METABOLISM_BY_PPARALPHA,Vanilla-only significant,SREBF2,-1.27522002901868,0.758937488761304,94.0,13.5,19.0,48.5,0.8163265306122449,0.5153061224489796,-0.30102040816326536
cd4_0h_vs_12h,REACTOME_REGULATION_OF_LIPID_METABOLISM_BY_PPARALPHA,Vanilla-only significant,TBL1X,0.782939493679303,-1.8703708072345,33.5,91.5,45.5,9.5,0.5459183673469388,0.9132653061224489,0.36734693877551017
cd4_0h_vs_12h,REACTOME_REGULATION_OF_LIPID_METABOLISM_BY_PPARALPHA,Vanilla-only significant,TBL1XR1,-0.411606399943558,0.26588242470284,84.5,34.5,56.5,84.5,0.4336734693877551,0.14795918367346939,-0.2857142857142857
cd4_0h_vs_12h,REACTOME_REGULATION_OF_LIPID_METABOLISM_BY_PPARALPHA,Vanilla-only significant,TGS1,1.51237847812,0.26588242470284,9.5,34.5,13.5,84.5,0.8724489795918368,0.14795918367346939,-0.7244897959183674
cd4_0h_vs_12h,REACTOME_REGULATION_OF_LIPID_METABOLISM_BY_PPARALPHA,Vanilla-only significant,THRAP3,2.50684297532002,-2.22841885147863,3.0,94.5,4.0,5.5,0.9693877551020408,0.9540816326530612,-0.015306122448979553
cd4_0h_vs_12h,REACTOME_REGULATION_OF_LIPID_METABOLISM_BY_PPARALPHA,Vanilla-only significant,TIAM2,0.398172736087466,-1.19415593182466,50.5,79.5,68.5,27.5,0.3112244897959184,0.7295918367346939,0.4183673469387755
cd4_0h_vs_12h,REACTOME_REGULATION_OF_LIPID_METABOLISM_BY_PPARALPHA,Vanilla-only significant,TNFRSF21,0.0,0.0,70.5,45.5,88.5,95.5,0.10714285714285714,0.03571428571428571,-0.07142857142857142
cd4_0h_vs_12h,REACTOME_REGULATION_OF_LIPID_METABOLISM_BY_PPARALPHA,Vanilla-only significant,TRIB3,0.398172736087466,0.0,50.5,45.5,68.5,95.5,0.3112244897959184,0.03571428571428571,-0.2755102040816327
cd4_0h_vs_12h,REACTOME_REGULATION_OF_LIPID_METABOLISM_BY_PPARALPHA,Vanilla-only significant,TXNRD1,2.50684297532002,-0.875906310034476,3.0,68.5,4.0,41.5,0.9693877551020408,0.5867346938775511,-0.3826530612244897
cd4_0h_vs_12h,REACTOME_SPHINGOLIPID_METABOLISM,Vanilla-only significant,ACER1,0.0,0.0,35.0,29.5,60.0,64.5,0.16901408450704225,0.1056338028169014,-0.06338028169014084
cd4_0h_vs_12h,REACTOME_SPHINGOLIPID_METABOLISM,Vanilla-only significant,ACER2,0.0,0.0,35.0,29.5,60.0,64.5,0.16901408450704225,0.1056338028169014,-0.06338028169014084
cd4_0h_vs_12h,REACTOME_SPHINGOLIPID_METABOLISM,Vanilla-only significant,ACER3,0.676214875409841,0.0,8.5,29.5,25.5,64.5,0.6549295774647887,0.1056338028169014,-0.5492957746478874
cd4_0h_vs_12h,REACTOME_SPHINGOLIPID_METABOLISM,Vanilla-only significant,ALDH3A2,0.344741153767997,-0.153335069543525,17.0,42.0,42.0,46.0,0.4225352112676056,0.36619718309859156,-0.056338028169014065
cd4_0h_vs_12h,REACTOME_SPHINGOLIPID_METABOLISM,Vanilla-only significant,ALDH3B1,0.0,0.0,35.0,29.5,60.0,64.5,0.16901408450704225,0.1056338028169014,-0.06338028169014084
cd4_0h_vs_12h,REACTOME_SPHINGOLIPID_METABOLISM,Vanilla-only significant,ARSA,0.0,0.0,35.0,29.5,60.0,64.5,0.16901408450704225,0.1056338028169014,-0.06338028169014084
cd4_0h_vs_12h,REACTOME_SPHINGOLIPID_METABOLISM,Vanilla-only significant,ARSB,0.0,0.0,35.0,29.5,60.0,64.5,0.16901408450704225,0.1056338028169014,-0.06338028169014084
cd4_0h_vs_12h,REACTOME_SPHINGOLIPID_METABOLISM,Vanilla-only significant,ARSD,-0.358048044244133,-0.153335069543525,51.5,42.0,32.5,46.0,0.5563380281690141,0.36619718309859156,-0.19014084507042256
cd4_0h_vs_12h,REACTOME_SPHINGOLIPID_METABOLISM,Vanilla-only significant,ARSG,-0.358048044244133,-0.496035066722033,51.5,56.5,32.5,22.5,0.5563380281690141,0.6971830985915493,0.14084507042253513
cd4_0h_vs_12h,REACTOME_SPHINGOLIPID_METABOLISM,Vanilla-only significant,ARSK,0.0,-0.153335069543525,35.0,42.0,60.0,46.0,0.16901408450704225,0.36619718309859156,0.1971830985915493
cd4_0h_vs_12h,REACTOME_SPHINGOLIPID_METABOLISM,Vanilla-only significant,ASAH1,-0.358048044244133,0.936012210152677,51.5,1.0,32.5,9.0,0.5563380281690141,0.8873239436619719,0.33098591549295775
cd4_0h_vs_12h,REACTOME_SPHINGOLIPID_METABOLISM,Vanilla-only significant,ASAH2,0.0,-0.153335069543525,35.0,42.0,60.0,46.0,0.16901408450704225,0.36619718309859156,0.1971830985915493
cd4_0h_vs_12h,REACTOME_SPHINGOLIPID_METABOLISM,Vanilla-only significant,B3GALNT1,0.344741153767997,0.390444764577966,17.0,9.0,42.0,27.0,0.4225352112676056,0.6338028169014085,0.21126760563380287
cd4_0h_vs_12h,REACTOME_SPHINGOLIPID_METABOLISM,Vanilla-only significant,B4GALNT1,0.0,0.0,35.0,29.5,60.0,64.5,0.16901408450704225,0.1056338028169014,-0.06338028169014084
cd4_0h_vs_12h,REACTOME_SPHINGOLIPID_METABOLISM,Vanilla-only significant,CERK,-0.729438984440692,0.390444764577966,60.0,9.0,18.0,27.0,0.7605633802816901,0.6338028169014085,-0.12676056338028163
cd4_0h_vs_12h,REACTOME_SPHINGOLIPID_METABOLISM,Vanilla-only significant,CERS2,0.0,-0.318620758355418,35.0,50.5,60.0,33.5,0.16901408450704225,0.5422535211267606,0.37323943661971837
cd4_0h_vs_12h,REACTOME_SPHINGOLIPID_METABOLISM,Vanilla-only significant,CERS3,0.0,0.0,35.0,29.5,60.0,64.5,0.16901408450704225,0.1056338028169014,-0.06338028169014084
cd4_0h_vs_12h,REACTOME_SPHINGOLIPID_METABOLISM,Vanilla-only significant,CERS4,0.0,-0.88786319070412,35.0,62.5,60.0,11.5,0.16901408450704225,0.852112676056338,0.6830985915492958
cd4_0h_vs_12h,REACTOME_SPHINGOLIPID_METABOLISM,Vanilla-only significant,CERS5,0.0,0.271648166990585,35.0,13.5,60.0,39.5,0.16901408450704225,0.45774647887323944,0.2887323943661972
cd4_0h_vs_12h,REACTOME_SPHINGOLIPID_METABOLISM,Vanilla-only significant,CERS6,0.344741153767997,-0.153335069543525,17.0,42.0,42.0,46.0,0.4225352112676056,0.36619718309859156,-0.056338028169014065
cd4_0h_vs_12h,REACTOME_SPHINGOLIPID_METABOLISM,Vanilla-only significant,CPTP,0.994464497200023,0.141585406577167,4.5,18.5,12.5,53.5,0.8380281690140845,0.2605633802816901,-0.5774647887323944
cd4_0h_vs_12h,REACTOME_SPHINGOLIPID_METABOLISM,Vanilla-only significant,CSNK1G2,0.344741153767997,-1.32988273514381,17.0,67.0,42.0,6.0,0.4225352112676056,0.9295774647887324,0.5070422535211268
cd4_0h_vs_12h,REACTOME_SPHINGOLIPID_METABOLISM,Vanilla-only significant,CTSA,-1.11420574203253,-0.318620758355418,66.0,50.5,10.0,33.5,0.8732394366197183,0.5422535211267606,-0.33098591549295764
cd4_0h_vs_12h,REACTOME_SPHINGOLIPID_METABOLISM,Vanilla-only significant,DEGS1,-2.78759850713867,0.826945198923127,71.0,2.0,2.0,14.0,0.9859154929577465,0.8169014084507042,-0.16901408450704225
cd4_0h_vs_12h,REACTOME_SPHINGOLIPID_METABOLISM,Vanilla-only significant,DEGS2,0.0,0.0,35.0,29.5,60.0,64.5,0.16901408450704225,0.1056338028169014,-0.06338028169014084
cd4_0h_vs_12h,REACTOME_SPHINGOLIPID_METABOLISM,Vanilla-only significant,ESYT1,0.344741153767997,-0.153335069543525,17.0,42.0,42.0,46.0,0.4225352112676056,0.36619718309859156,-0.056338028169014065
cd4_0h_vs_12h,REACTOME_SPHINGOLIPID_METABOLISM,Vanilla-only significant,ESYT2,-0.729438984440692,-0.318620758355418,60.0,50.5,18.0,33.5,0.7605633802816901,0.5422535211267606,-0.2183098591549295
cd4_0h_vs_12h,REACTOME_SPHINGOLIPID_METABOLISM,Vanilla-only significant,ESYT3,0.0,-0.153335069543525,35.0,42.0,60.0,46.0,0.16901408450704225,0.36619718309859156,0.1971830985915493
cd4_0h_vs_12h,REACTOME_SPHINGOLIPID_METABOLISM,Vanilla-only significant,GALC,0.344741153767997,-0.318620758355418,17.0,50.5,42.0,33.5,0.4225352112676056,0.5422535211267606,0.11971830985915499
cd4_0h_vs_12h,REACTOME_SPHINGOLIPID_METABOLISM,Vanilla-only significant,GBA2,-1.11420574203253,0.498264813851631,66.0,6.0,10.0,20.0,0.8732394366197183,0.7323943661971831,-0.14084507042253513
cd4_0h_vs_12h,REACTOME_SPHINGOLIPID_METABOLISM,Vanilla-only significant,GLA,0.0,0.271648166990585,35.0,13.5,60.0,39.5,0.16901408450704225,0.45774647887323944,0.2887323943661972
cd4_0h_vs_12h,REACTOME_SPHINGOLIPID_METABOLISM,Vanilla-only significant,GLB1,-0.729438984440692,0.0,60.0,29.5,18.0,64.5,0.7605633802816901,0.1056338028169014,-0.6549295774647887
cd4_0h_vs_12h,REACTOME_SPHINGOLIPID_METABOLISM,Vanilla-only significant,GLB1L,-0.729438984440692,-0.685735828386147,60.0,59.5,18.0,15.5,0.7605633802816901,0.795774647887324,0.03521126760563387
cd4_0h_vs_12h,REACTOME_SPHINGOLIPID_METABOLISM,Vanilla-only significant,GLTP,0.676214875409841,0.595434897901747,8.5,4.0,25.5,18.0,0.6549295774647887,0.7605633802816901,0.10563380281690138
cd4_0h_vs_12h,REACTOME_SPHINGOLIPID_METABOLISM,Vanilla-only significant,GM2A,0.344741153767997,0.595434897901747,17.0,4.0,42.0,18.0,0.4225352112676056,0.7605633802816901,0.3380281690140845
cd4_0h_vs_12h,REACTOME_SPHINGOLIPID_METABOLISM,Vanilla-only significant,HEXA,0.0,-0.318620758355418,35.0,50.5,60.0,33.5,0.16901408450704225,0.5422535211267606,0.37323943661971837
cd4_0h_vs_12h,REACTOME_SPHINGOLIPID_METABOLISM,Vanilla-only significant,HEXB,-1.92398487806355,-0.153335069543525,70.0,42.0,3.0,46.0,0.971830985915493,0.36619718309859156,-0.6056338028169015
cd4_0h_vs_12h,REACTOME_SPHINGOLIPID_METABOLISM,Vanilla-only significant,KDSR,-0.358048044244133,-0.496035066722033,51.5,56.5,32.5,22.5,0.5563380281690141,0.6971830985915493,0.14084507042253513
cd4_0h_vs_12h,REACTOME_SPHINGOLIPID_METABOLISM,Vanilla-only significant,NEU1,0.0,0.390444764577966,35.0,9.0,60.0,27.0,0.16901408450704225,0.6338028169014085,0.46478873239436624
cd4_0h_vs_12h,REACTOME_SPHINGOLIPID_METABOLISM,Vanilla-only significant,NEU3,0.0,0.271648166990585,35.0,13.5,60.0,39.5,0.16901408450704225,0.45774647887323944,0.2887323943661972
cd4_0h_vs_12h,REACTOME_SPHINGOLIPID_METABOLISM,Vanilla-only significant,ORMDL1,1.59148709883162,0.0,1.5,29.5,4.5,64.5,0.9507042253521126,0.1056338028169014,-0.8450704225352113
cd4_0h_vs_12h,REACTOME_SPHINGOLIPID_METABOLISM,Vanilla-only significant,ORMDL2,1.59148709883162,-2.36770393230799,1.5,71.5,4.5,1.5,0.9507042253521126,0.9929577464788732,0.04225352112676062
cd4_0h_vs_12h,REACTOME_SPHINGOLIPID_METABOLISM,Vanilla-only significant,ORMDL3,0.0,-0.88786319070412,35.0,62.5,60.0,11.5,0.16901408450704225,0.852112676056338,0.6830985915492958
cd4_0h_vs_12h,REACTOME_SPHINGOLIPID_METABOLISM,Vanilla-only significant,OSBP,0.0,-1.32988273514381,35.0,67.0,60.0,6.0,0.16901408450704225,0.9295774647887324,0.7605633802816901
cd4_0h_vs_12h,REACTOME_SPHINGOLIPID_METABOLISM,Vanilla-only significant,PLPP1,-1.11420574203253,0.0,66.0,29.5,10.0,64.5,0.8732394366197183,0.1056338028169014,-0.7676056338028169
cd4_0h_vs_12h,REACTOME_SPHINGOLIPID_METABOLISM,Vanilla-only significant,PLPP2,0.0,0.0,35.0,29.5,60.0,64.5,0.16901408450704225,0.1056338028169014,-0.06338028169014084
cd4_0h_vs_12h,REACTOME_SPHINGOLIPID_METABOLISM,Vanilla-only significant,PPM1L,0.344741153767997,0.271648166990585,17.0,13.5,42.0,39.5,0.4225352112676056,0.45774647887323944,0.03521126760563381
cd4_0h_vs_12h,REACTOME_SPHINGOLIPID_METABOLISM,Vanilla-only significant,PRKD2,-0.729438984440692,0.141585406577167,60.0,18.5,18.0,53.5,0.7605633802816901,0.2605633802816901,-0.5
cd4_0h_vs_12h,REACTOME_SPHINGOLIPID_METABOLISM,Vanilla-only significant,PRKD3,-0.358048044244133,-1.10254180278015,51.5,65.0,32.5,8.0,0.5563380281690141,0.9014084507042254,0.34507042253521125
cd4_0h_vs_12h,REACTOME_SPHINGOLIPID_METABOLISM,Vanilla-only significant,PSAP,-1.51237847812,-2.08882022390511,68.5,70.0,6.5,3.0,0.9225352112676056,0.971830985915493,0.04929577464788737
cd4_0h_vs_12h,REACTOME_SPHINGOLIPID_METABOLISM,Vanilla-only significant,SAMD8,-1.51237847812,-1.56998515721956,68.5,69.0,6.5,4.0,0.9225352112676056,0.9577464788732394,0.035211267605633756
cd4_0h_vs_12h,REACTOME_SPHINGOLIPID_METABOLISM,Vanilla-only significant,SGMS1,0.676214875409841,0.390444764577966,8.5,9.0,25.5,27.0,0.6549295774647887,0.6338028169014085,-0.021126760563380254
cd4_0h_vs_12h,REACTOME_SPHINGOLIPID_METABOLISM,Vanilla-only significant,SGPL1,-0.729438984440692,-0.88786319070412,60.0,62.5,18.0,11.5,0.7605633802816901,0.852112676056338,0.09154929577464788
cd4_0h_vs_12h,REACTOME_SPHINGOLIPID_METABOLISM,Vanilla-only significant,SGPP1,-0.358048044244133,0.390444764577966,51.5,9.0,32.5,27.0,0.5563380281690141,0.6338028169014085,0.07746478873239437
cd4_0h_vs_12h,REACTOME_SPHINGOLIPID_METABOLISM,Vanilla-only significant,SGPP2,-0.729438984440692,0.141585406577167,60.0,18.5,18.0,53.5,0.7605633802816901,0.2605633802816901,-0.5
cd4_0h_vs_12h,REACTOME_SPHINGOLIPID_METABOLISM,Vanilla-only significant,SMPD1,0.676214875409841,0.595434897901747,8.5,4.0,25.5,18.0,0.6549295774647887,0.7605633802816901,0.10563380281690138
cd4_0h_vs_12h,REACTOME_SPHINGOLIPID_METABOLISM,Vanilla-only significant,SMPD2,0.0,0.0,35.0,29.5,60.0,64.5,0.16901408450704225,0.1056338028169014,-0.06338028169014084
cd4_0h_vs_12h,REACTOME_SPHINGOLIPID_METABOLISM,Vanilla-only significant,SMPD3,0.0,0.141585406577167,35.0,18.5,60.0,53.5,0.16901408450704225,0.2605633802816901,0.09154929577464788
cd4_0h_vs_12h,REACTOME_SPHINGOLIPID_METABOLISM,Vanilla-only significant,SMPD4,-0.358048044244133,-0.88786319070412,51.5,62.5,32.5,11.5,0.5563380281690141,0.852112676056338,0.2957746478873239
cd4_0h_vs_12h,REACTOME_SPHINGOLIPID_METABOLISM,Vanilla-only significant,SPHK1,0.344741153767997,-0.496035066722033,17.0,56.5,42.0,22.5,0.4225352112676056,0.6971830985915493,0.27464788732394363
cd4_0h_vs_12h,REACTOME_SPHINGOLIPID_METABOLISM,Vanilla-only significant,SPHK2,0.344741153767997,-0.496035066722033,17.0,56.5,42.0,22.5,0.4225352112676056,0.6971830985915493,0.27464788732394363
cd4_0h_vs_12h,REACTOME_SPHINGOLIPID_METABOLISM,Vanilla-only significant,SPTLC1,-4.677026094825,-0.318620758355418,72.0,50.5,1.0,33.5,1.0,0.5422535211267606,-0.4577464788732394
cd4_0h_vs_12h,REACTOME_SPHINGOLIPID_METABOLISM,Vanilla-only significant,SPTLC2,-0.729438984440692,-0.153335069543525,60.0,42.0,18.0,46.0,0.7605633802816901,0.36619718309859156,-0.39436619718309857
cd4_0h_vs_12h,REACTOME_SPHINGOLIPID_METABOLISM,Vanilla-only significant,SPTLC3,0.0,0.0,35.0,29.5,60.0,64.5,0.16901408450704225,0.1056338028169014,-0.06338028169014084
cd4_0h_vs_12h,REACTOME_SPHINGOLIPID_METABOLISM,Vanilla-only significant,SPTSSA,-0.729438984440692,0.141585406577167,60.0,18.5,18.0,53.5,0.7605633802816901,0.2605633802816901,-0.5
cd4_0h_vs_12h,REACTOME_SPHINGOLIPID_METABOLISM,Vanilla-only significant,STS,-0.358048044244133,0.141585406577167,51.5,18.5,32.5,53.5,0.5563380281690141,0.2605633802816901,-0.295774647887324
cd4_0h_vs_12h,REACTOME_SPHINGOLIPID_METABOLISM,Vanilla-only significant,SUMF1,0.344741153767997,-0.318620758355418,17.0,50.5,42.0,33.5,0.4225352112676056,0.5422535211267606,0.11971830985915499
cd4_0h_vs_12h,REACTOME_SPHINGOLIPID_METABOLISM,Vanilla-only significant,SUMF2,1.29953770681997,-2.36770393230799,3.0,71.5,8.0,1.5,0.9014084507042254,0.9929577464788732,0.09154929577464788
cd4_0h_vs_12h,REACTOME_SPHINGOLIPID_METABOLISM,Vanilla-only significant,UGCG,0.676214875409841,-1.32988273514381,8.5,67.0,25.5,6.0,0.6549295774647887,0.9295774647887324,0.27464788732394363
cd4_0h_vs_12h,REACTOME_SPHINGOLIPID_METABOLISM,Vanilla-only significant,UGT8,0.0,0.0,35.0,29.5,60.0,64.5,0.16901408450704225,0.1056338028169014,-0.06338028169014084
cd4_0h_vs_12h,REACTOME_SPHINGOLIPID_METABOLISM,Vanilla-only significant,VAPA,0.994464497200023,-0.318620758355418,4.5,50.5,12.5,33.5,0.8380281690140845,0.5422535211267606,-0.2957746478873239
cd4_0h_vs_12h,REACTOME_SPHINGOLIPID_METABOLISM,Vanilla-only significant,VAPB,0.676214875409841,-0.685735828386147,8.5,59.5,25.5,15.5,0.6549295774647887,0.795774647887324,0.14084507042253525
cd4_12h_vs_24h,KEGG_DRUG_METABOLISM_CYTOCHROME_P450,GenePT-only significant,ADH5,-0.570833100414529,-0.729438984440692,18.5,18.5,5.5,7.5,0.775,0.675,-0.09999999999999998
cd4_12h_vs_24h,KEGG_DRUG_METABOLISM_CYTOCHROME_P450,GenePT-only significant,ALDH3B1,0.0,0.0,11.5,11.0,17.5,19.0,0.175,0.1,-0.07499999999999998
cd4_12h_vs_24h,KEGG_DRUG_METABOLISM_CYTOCHROME_P450,GenePT-only significant,CYP2D6,0.0,0.344741153767997,11.5,7.0,17.5,15.0,0.175,0.3,0.125
cd4_12h_vs_24h,KEGG_DRUG_METABOLISM_CYTOCHROME_P450,GenePT-only significant,CYP2E1,0.0,0.0,11.5,11.0,17.5,19.0,0.175,0.1,-0.07499999999999998
cd4_12h_vs_24h,KEGG_DRUG_METABOLISM_CYTOCHROME_P450,GenePT-only significant,CYP3A43,0.0,-0.358048044244133,11.5,15.0,17.5,12.0,0.175,0.45,0.275
cd4_12h_vs_24h,KEGG_DRUG_METABOLISM_CYTOCHROME_P450,GenePT-only significant,CYP3A5,-0.278883708402879,-1.11420574203253,16.5,21.0,7.5,3.0,0.675,0.9,0.22499999999999998
cd4_12h_vs_24h,KEGG_DRUG_METABOLISM_CYTOCHROME_P450,GenePT-only significant,FMO4,-0.570833100414529,0.676214875409841,18.5,5.0,5.5,10.0,0.775,0.55,-0.22499999999999998
cd4_12h_vs_24h,KEGG_DRUG_METABOLISM_CYTOCHROME_P450,GenePT-only significant,FMO5,0.0,0.0,11.5,11.0,17.5,19.0,0.175,0.1,-0.07499999999999998
cd4_12h_vs_24h,KEGG_DRUG_METABOLISM_CYTOCHROME_P450,GenePT-only significant,GSTA4,0.0,-0.729438984440692,11.5,18.5,17.5,7.5,0.175,0.675,0.5
cd4_12h_vs_24h,KEGG_DRUG_METABOLISM_CYTOCHROME_P450,GenePT-only significant,GSTK1,0.758937488761304,3.95919103113961,2.0,1.0,4.0,1.0,0.85,1.0,0.15000000000000002
cd4_12h_vs_24h,KEGG_DRUG_METABOLISM_CYTOCHROME_P450,GenePT-only significant,GSTM2,0.26588242470284,-0.358048044244133,5.0,15.0,11.0,12.0,0.5,0.45,-0.04999999999999999
cd4_12h_vs_24h,KEGG_DRUG_METABOLISM_CYTOCHROME_P450,GenePT-only significant,GSTM3,-1.8703708072345,-0.358048044244133,20.0,15.0,2.0,12.0,0.95,0.45,-0.49999999999999994
cd4_12h_vs_24h,KEGG_DRUG_METABOLISM_CYTOCHROME_P450,GenePT-only significant,GSTM4,-0.278883708402879,-0.729438984440692,16.5,18.5,7.5,7.5,0.675,0.675,0.0
cd4_12h_vs_24h,KEGG_DRUG_METABOLISM_CYTOCHROME_P450,GenePT-only significant,GSTM5,0.0,0.0,11.5,11.0,17.5,19.0,0.175,0.1,-0.07499999999999998
cd4_12h_vs_24h,KEGG_DRUG_METABOLISM_CYTOCHROME_P450,GenePT-only significant,GSTO1,0.26588242470284,0.994464497200023,5.0,3.5,11.0,4.5,0.5,0.825,0.32499999999999996
cd4_12h_vs_24h,KEGG_DRUG_METABOLISM_CYTOCHROME_P450,GenePT-only significant,GSTO2,0.26588242470284,0.344741153767997,5.0,7.0,11.0,15.0,0.5,0.3,-0.2
cd4_12h_vs_24h,KEGG_DRUG_METABOLISM_CYTOCHROME_P450,GenePT-only significant,GSTP1,1.7701994655497,3.64057027278419,1.0,2.0,3.0,2.0,0.9,0.95,0.04999999999999993
cd4_12h_vs_24h,KEGG_DRUG_METABOLISM_CYTOCHROME_P450,GenePT-only significant,GSTZ1,0.26588242470284,0.994464497200023,5.0,3.5,11.0,4.5,0.5,0.825,0.32499999999999996
cd4_12h_vs_24h,KEGG_DRUG_METABOLISM_CYTOCHROME_P450,GenePT-only significant,MAOA,0.0,0.0,11.5,11.0,17.5,19.0,0.175,0.1,-0.07499999999999998
cd4_12h_vs_24h,KEGG_DRUG_METABOLISM_CYTOCHROME_P450,GenePT-only significant,MGST2,0.26588242470284,-0.729438984440692,5.0,18.5,11.0,7.5,0.5,0.675,0.17500000000000004
cd4_12h_vs_24h,KEGG_DRUG_METABOLISM_CYTOCHROME_P450,GenePT-only significant,MGST3,-3.38274928535449,0.344741153767997,21.0,7.0,1.0,15.0,1.0,0.3,-0.7
cd4_12h_vs_24h,KEGG_PYRIMIDINE_METABOLISM,Vanilla-only significant,AK3,-1.4373752533523,-2.49430127618147,67.5,60.5,32.5,30.5,0.6460674157303371,0.6685393258426966,0.022471910112359494
cd4_12h_vs_24h,KEGG_PYRIMIDINE_METABOLISM,Vanilla-only significant,CAD,-1.94363050923927,-3.25045897396987,77.5,73.0,19.5,18.0,0.7921348314606742,0.8089887640449438,0.016853932584269593
cd4_12h_vs_24h,KEGG_PYRIMIDINE_METABOLISM,Vanilla-only significant,CANT1,-0.944695932261725,-2.13625323193734,58.5,54.5,46.5,36.5,0.4887640449438202,0.601123595505618,0.1123595505617978
cd4_12h_vs_24h,KEGG_PYRIMIDINE_METABOLISM,Vanilla-only significant,CMPK1,1.31566596340914,-1.79151207816934,12.0,47.5,40.0,43.5,0.5617977528089888,0.5224719101123596,-0.0393258426966292
cd4_12h_vs_24h,KEGG_PYRIMIDINE_METABOLISM,Vanilla-only significant,CMPK2,-0.465576577733508,-0.836715525117369,51.0,29.5,60.0,62.5,0.33707865168539325,0.3089887640449438,-0.02808988764044945
cd4_12h_vs_24h,KEGG_PYRIMIDINE_METABOLISM,Vanilla-only significant,CTPS1,-1.4373752533523,-2.86569221637803,67.5,65.5,32.5,25.5,0.6460674157303371,0.7247191011235955,0.0786516853932584
cd4_12h_vs_24h,KEGG_PYRIMIDINE_METABOLISM,Vanilla-only significant,CTPS2,0.0,-0.544766133105719,38.0,22.0,81.0,70.0,0.10112359550561797,0.2247191011235955,0.12359550561797752
cd4_12h_vs_24h,KEGG_PYRIMIDINE_METABOLISM,Vanilla-only significant,DCK,0.890600439272627,-4.48530363413741,17.5,84.5,53.5,6.5,0.4101123595505618,0.9382022471910112,0.5280898876404494
cd4_12h_vs_24h,KEGG_PYRIMIDINE_METABOLISM,Vanilla-only significant,DCTD,0.452052334334022,-3.25045897396987,24.5,73.0,67.5,18.0,0.25280898876404495,0.8089887640449438,0.5561797752808988
cd4_12h_vs_24h,KEGG_PYRIMIDINE_METABOLISM,Vanilla-only significant,DHODH,-0.944695932261725,-0.836715525117369,58.5,29.5,46.5,62.5,0.4887640449438202,0.3089887640449438,-0.1797752808988764
cd4_12h_vs_24h,KEGG_PYRIMIDINE_METABOLISM,Vanilla-only significant,DPYD,-1.94363050923927,-0.544766133105719,77.5,22.0,19.5,70.0,0.7921348314606742,0.2247191011235955,-0.5674157303370787
cd4_12h_vs_24h,KEGG_PYRIMIDINE_METABOLISM,Vanilla-only significant,DTYMK,-2.46347655565504,-2.13625323193734,84.0,54.5,10.0,36.5,0.898876404494382,0.601123595505618,-0.297752808988764
cd4_12h_vs_24h,KEGG_PYRIMIDINE_METABOLISM,Vanilla-only significant,DUT,2.88160279722856,-0.544766133105719,3.0,22.0,8.0,70.0,0.9213483146067416,0.2247191011235955,-0.6966292134831461
cd4_12h_vs_24h,KEGG_PYRIMIDINE_METABOLISM,Vanilla-only significant,ENTPD1,0.0,0.252952641982712,38.0,5.5,81.0,80.5,0.10112359550561797,0.10674157303370786,0.0056179775280898875
cd4_12h_vs_24h,KEGG_PYRIMIDINE_METABOLISM,Vanilla-only significant,ENTPD3,0.0,0.0,38.0,11.5,81.0,86.5,0.10112359550561797,0.03932584269662921,-0.06179775280898876
cd4_12h_vs_24h,KEGG_PYRIMIDINE_METABOLISM,Vanilla-only significant,ENTPD4,-1.94363050923927,0.252952641982712,77.5,5.5,19.5,80.5,0.7921348314606742,0.10674157303370786,-0.6853932584269663
cd4_12h_vs_24h,KEGG_PYRIMIDINE_METABOLISM,Vanilla-only significant,ENTPD5,-2.46347655565504,-0.836715525117369,84.0,29.5,10.0,62.5,0.898876404494382,0.3089887640449438,-0.5898876404494382
cd4_12h_vs_24h,KEGG_PYRIMIDINE_METABOLISM,Vanilla-only significant,ENTPD6,0.0,-0.544766133105719,38.0,22.0,81.0,70.0,0.10112359550561797,0.2247191011235955,0.12359550561797752
cd4_12h_vs_24h,KEGG_PYRIMIDINE_METABOLISM,Vanilla-only significant,ITPA,0.0,-3.25045897396987,38.0,73.0,81.0,18.0,0.10112359550561797,0.8089887640449438,0.7078651685393258
cd4_12h_vs_24h,KEGG_PYRIMIDINE_METABOLISM,Vanilla-only significant,NME1,2.12544509944017,1.50431704084686,5.0,1.0,13.0,47.0,0.8651685393258427,0.48314606741573035,-0.38202247191011235
cd4_12h_vs_24h,KEGG_PYRIMIDINE_METABOLISM,Vanilla-only significant,NME1-NME2,0.0,0.0,38.0,11.5,81.0,86.5,0.10112359550561797,0.03932584269662921,-0.06179775280898876
cd4_12h_vs_24h,KEGG_PYRIMIDINE_METABOLISM,Vanilla-only significant,NME2,-1.94363050923927,-0.836715525117369,77.5,29.5,19.5,62.5,0.7921348314606742,0.3089887640449438,-0.4831460674157304
cd4_12h_vs_24h,KEGG_PYRIMIDINE_METABOLISM,Vanilla-only significant,NME3,1.7272723633527,-1.79151207816934,8.0,47.5,26.0,43.5,0.7191011235955056,0.5224719101123596,-0.196629213483146
cd4_12h_vs_24h,KEGG_PYRIMIDINE_METABOLISM,Vanilla-only significant,NME4,0.452052334334022,-2.86569221637803,24.5,65.5,67.5,25.5,0.25280898876404495,0.7247191011235955,0.47191011235955055
cd4_12h_vs_24h,KEGG_PYRIMIDINE_METABOLISM,Vanilla-only significant,NME6,-0.465576577733508,-4.48530363413741,51.0,84.5,60.0,6.5,0.33707865168539325,0.9382022471910112,0.601123595505618
cd4_12h_vs_24h,KEGG_PYRIMIDINE_METABOLISM,Vanilla-only significant,NME7,-1.94363050923927,-1.14178873473732,77.5,36.0,19.5,56.0,0.7921348314606742,0.38202247191011235,-0.41011235955056186
cd4_12h_vs_24h,KEGG_PYRIMIDINE_METABOLISM,Vanilla-only significant,NT5C,0.452052334334022,-2.49430127618147,24.5,60.5,67.5,30.5,0.25280898876404495,0.6685393258426966,0.41573033707865165
cd4_12h_vs_24h,KEGG_PYRIMIDINE_METABOLISM,Vanilla-only significant,NT5C1B,0.0,0.0,38.0,11.5,81.0,86.5,0.10112359550561797,0.03932584269662921,-0.06179775280898876
cd4_12h_vs_24h,KEGG_PYRIMIDINE_METABOLISM,Vanilla-only significant,NT5C2,-0.944695932261725,0.493055064058463,58.5,2.5,46.5,74.5,0.4887640449438202,0.17415730337078653,-0.3146067415730337
cd4_12h_vs_24h,KEGG_PYRIMIDINE_METABOLISM,Vanilla-only significant,NT5C3A,0.0,-6.81327932676234,38.0,88.5,81.0,2.5,0.10112359550561797,0.9831460674157303,0.8820224719101123
cd4_12h_vs_24h,KEGG_PYRIMIDINE_METABOLISM,Vanilla-only significant,NT5E,0.0,-1.79151207816934,38.0,47.5,81.0,43.5,0.10112359550561797,0.5224719101123596,0.4213483146067416
cd4_12h_vs_24h,KEGG_PYRIMIDINE_METABOLISM,Vanilla-only significant,NT5M,0.0,0.493055064058463,38.0,2.5,81.0,74.5,0.10112359550561797,0.17415730337078653,0.07303370786516855
cd4_12h_vs_24h,KEGG_PYRIMIDINE_METABOLISM,Vanilla-only significant,NUDT2,0.890600439272627,-2.86569221637803,17.5,65.5,53.5,25.5,0.4101123595505618,0.7247191011235955,0.3146067415730337
cd4_12h_vs_24h,KEGG_PYRIMIDINE_METABOLISM,Vanilla-only significant,PNP,1.31566596340914,-1.79151207816934,12.0,47.5,40.0,43.5,0.5617977528089888,0.5224719101123596,-0.0393258426966292
cd4_12h_vs_24h,KEGG_PYRIMIDINE_METABOLISM,Vanilla-only significant,PNPT1,0.452052334334022,-3.25045897396987,24.5,73.0,67.5,18.0,0.25280898876404495,0.8089887640449438,0.5561797752808988
cd4_12h_vs_24h,KEGG_PYRIMIDINE_METABOLISM,Vanilla-only significant,POLA1,-0.944695932261725,-1.79151207816934,58.5,47.5,46.5,43.5,0.4887640449438202,0.5224719101123596,0.03370786516853941
cd4_12h_vs_24h,KEGG_PYRIMIDINE_METABOLISM,Vanilla-only significant,POLA2,-0.465576577733508,-1.79151207816934,51.0,47.5,60.0,43.5,0.33707865168539325,0.5224719101123596,0.18539325842696636
cd4_12h_vs_24h,KEGG_PYRIMIDINE_METABOLISM,Vanilla-only significant,POLD1,-1.94363050923927,-0.836715525117369,77.5,29.5,19.5,62.5,0.7921348314606742,0.3089887640449438,-0.4831460674157304
cd4_12h_vs_24h,KEGG_PYRIMIDINE_METABOLISM,Vanilla-only significant,POLD2,1.31566596340914,-2.13625323193734,12.0,54.5,40.0,36.5,0.5617977528089888,0.601123595505618,0.0393258426966292
cd4_12h_vs_24h,KEGG_PYRIMIDINE_METABOLISM,Vanilla-only significant,POLD3,-0.465576577733508,-0.26588242470284,51.0,17.0,60.0,77.0,0.33707865168539325,0.14606741573033707,-0.19101123595505617
cd4_12h_vs_24h,KEGG_PYRIMIDINE_METABOLISM,Vanilla-only significant,POLD4,-0.944695932261725,-0.26588242470284,58.5,17.0,46.5,77.0,0.4887640449438202,0.14606741573033707,-0.3426966292134831
cd4_12h_vs_24h,KEGG_PYRIMIDINE_METABOLISM,Vanilla-only significant,POLE,1.7272723633527,-1.4600383565275,8.0,41.5,26.0,50.5,0.7191011235955056,0.4438202247191011,-0.2752808988764045
cd4_12h_vs_24h,KEGG_PYRIMIDINE_METABOLISM,Vanilla-only significant,POLE2,-0.944695932261725,-1.4600383565275,58.5,41.5,46.5,50.5,0.4887640449438202,0.4438202247191011,-0.0449438202247191
cd4_12h_vs_24h,KEGG_PYRIMIDINE_METABOLISM,Vanilla-only significant,POLE3,0.452052334334022,-4.48530363413741,24.5,84.5,67.5,6.5,0.25280898876404495,0.9382022471910112,0.6853932584269662
cd4_12h_vs_24h,KEGG_PYRIMIDINE_METABOLISM,Vanilla-only significant,POLE4,0.452052334334022,-7.83938062906507,24.5,90.0,67.5,1.0,0.25280898876404495,1.0,0.747191011235955
cd4_12h_vs_24h,KEGG_PYRIMIDINE_METABOLISM,Vanilla-only significant,POLR1A,-1.4373752533523,-1.14178873473732,67.5,36.0,32.5,56.0,0.6460674157303371,0.38202247191011235,-0.26404494382022475
cd4_12h_vs_24h,KEGG_PYRIMIDINE_METABOLISM,Vanilla-only significant,POLR1B,-1.94363050923927,-0.836715525117369,77.5,29.5,19.5,62.5,0.7921348314606742,0.3089887640449438,-0.4831460674157304
cd4_12h_vs_24h,KEGG_PYRIMIDINE_METABOLISM,Vanilla-only significant,POLR1C,-4.10469328683999,-4.48530363413741,90.0,84.5,1.0,6.5,1.0,0.9382022471910112,-0.061797752808988804
cd4_12h_vs_24h,KEGG_PYRIMIDINE_METABOLISM,Vanilla-only significant,POLR1D,-1.4373752533523,-2.13625323193734,67.5,54.5,32.5,36.5,0.6460674157303371,0.601123595505618,-0.0449438202247191
cd4_12h_vs_24h,KEGG_PYRIMIDINE_METABOLISM,Vanilla-only significant,POLR1E,0.0,-1.4600383565275,38.0,41.5,81.0,50.5,0.10112359550561797,0.4438202247191011,0.3426966292134831
cd4_12h_vs_24h,KEGG_PYRIMIDINE_METABOLISM,Vanilla-only significant,POLR2A,-1.4373752533523,-2.49430127618147,67.5,60.5,32.5,30.5,0.6460674157303371,0.6685393258426966,0.022471910112359494
cd4_12h_vs_24h,KEGG_PYRIMIDINE_METABOLISM,Vanilla-only significant,POLR2C,-2.99692723338063,-6.81327932676234,86.5,88.5,6.5,2.5,0.9382022471910112,0.9831460674157303,0.0449438202247191
cd4_12h_vs_24h,KEGG_PYRIMIDINE_METABOLISM,Vanilla-only significant,POLR2D,0.0,-2.13625323193734,38.0,54.5,81.0,36.5,0.10112359550561797,0.601123595505618,0.5
cd4_12h_vs_24h,KEGG_PYRIMIDINE_METABOLISM,Vanilla-only significant,POLR2E,2.12544509944017,-1.14178873473732,5.0,36.0,13.0,56.0,0.8651685393258427,0.38202247191011235,-0.48314606741573035
cd4_12h_vs_24h,KEGG_PYRIMIDINE_METABOLISM,Vanilla-only significant,POLR2F,-0.465576577733508,-3.64863171005733,51.0,78.5,60.0,12.5,0.33707865168539325,0.8707865168539326,0.5337078651685394
cd4_12h_vs_24h,KEGG_PYRIMIDINE_METABOLISM,Vanilla-only significant,POLR2G,-1.4373752533523,-4.48530363413741,67.5,84.5,32.5,6.5,0.6460674157303371,0.9382022471910112,0.2921348314606741
cd4_12h_vs_24h,KEGG_PYRIMIDINE_METABOLISM,Vanilla-only significant,POLR2H,-1.4373752533523,-2.86569221637803,67.5,65.5,32.5,25.5,0.6460674157303371,0.7247191011235955,0.0786516853932584
cd4_12h_vs_24h,KEGG_PYRIMIDINE_METABOLISM,Vanilla-only significant,POLR2I,0.890600439272627,-1.14178873473732,17.5,36.0,53.5,56.0,0.4101123595505618,0.38202247191011235,-0.02808988764044945
cd4_12h_vs_24h,KEGG_PYRIMIDINE_METABOLISM,Vanilla-only significant,POLR2J,3.58439199524069,-4.06023811000089,2.0,80.5,3.0,10.5,0.9775280898876404,0.8932584269662921,-0.0842696629213483
cd4_12h_vs_24h,KEGG_PYRIMIDINE_METABOLISM,Vanilla-only significant,POLR2J2,-0.944695932261725,-3.25045897396987,58.5,73.0,46.5,18.0,0.4887640449438202,0.8089887640449438,0.3202247191011236
cd4_12h_vs_24h,KEGG_PYRIMIDINE_METABOLISM,Vanilla-only significant,POLR2K,0.452052334334022,-2.13625323193734,24.5,54.5,67.5,36.5,0.25280898876404495,0.601123595505618,0.34831460674157305
cd4_12h_vs_24h,KEGG_PYRIMIDINE_METABOLISM,Vanilla-only significant,POLR2L,1.31566596340914,-4.48530363413741,12.0,84.5,40.0,6.5,0.5617977528089888,0.9382022471910112,0.3764044943820224
cd4_12h_vs_24h,KEGG_PYRIMIDINE_METABOLISM,Vanilla-only significant,POLR3A,0.890600439272627,-1.4600383565275,17.5,41.5,53.5,50.5,0.4101123595505618,0.4438202247191011,0.0337078651685393
cd4_12h_vs_24h,KEGG_PYRIMIDINE_METABOLISM,Vanilla-only significant,POLR3B,0.0,-1.14178873473732,38.0,36.0,81.0,56.0,0.10112359550561797,0.38202247191011235,0.2808988764044944
cd4_12h_vs_24h,KEGG_PYRIMIDINE_METABOLISM,Vanilla-only significant,POLR3C,0.452052334334022,-1.4600383565275,24.5,41.5,67.5,50.5,0.25280898876404495,0.4438202247191011,0.19101123595505615
cd4_12h_vs_24h,KEGG_PYRIMIDINE_METABOLISM,Vanilla-only significant,POLR3D,0.0,-3.25045897396987,38.0,73.0,81.0,18.0,0.10112359550561797,0.8089887640449438,0.7078651685393258
cd4_12h_vs_24h,KEGG_PYRIMIDINE_METABOLISM,Vanilla-only significant,POLR3F,-1.94363050923927,0.0,77.5,11.5,19.5,86.5,0.7921348314606742,0.03932584269662921,-0.752808988764045
cd4_12h_vs_24h,KEGG_PYRIMIDINE_METABOLISM,Vanilla-only significant,POLR3G,-1.4373752533523,-0.836715525117369,67.5,29.5,32.5,62.5,0.6460674157303371,0.3089887640449438,-0.3370786516853933
cd4_12h_vs_24h,KEGG_PYRIMIDINE_METABOLISM,Vanilla-only significant,POLR3GL,-2.99692723338063,-2.86569221637803,86.5,65.5,6.5,25.5,0.9382022471910112,0.7247191011235955,-0.2134831460674157
cd4_12h_vs_24h,KEGG_PYRIMIDINE_METABOLISM,Vanilla-only significant,POLR3H,0.890600439272627,-3.64863171005733,17.5,78.5,53.5,12.5,0.4101123595505618,0.8707865168539326,0.4606741573033708
cd4_12h_vs_24h,KEGG_PYRIMIDINE_METABOLISM,Vanilla-only significant,POLR3K,-1.94363050923927,-3.25045897396987,77.5,73.0,19.5,18.0,0.7921348314606742,0.8089887640449438,0.016853932584269593
cd4_12h_vs_24h,KEGG_PYRIMIDINE_METABOLISM,Vanilla-only significant,PRIM1,-0.465576577733508,-3.25045897396987,51.0,73.0,60.0,18.0,0.33707865168539325,0.8089887640449438,0.47191011235955055
cd4_12h_vs_24h,KEGG_PYRIMIDINE_METABOLISM,Vanilla-only significant,PRIM2,-1.4373752533523,-0.544766133105719,67.5,22.0,32.5,70.0,0.6460674157303371,0.2247191011235955,-0.4213483146067416
cd4_12h_vs_24h,KEGG_PYRIMIDINE_METABOLISM,Vanilla-only significant,RRM1,-3.54399545568447,-4.06023811000089,88.5,80.5,4.5,10.5,0.9606741573033708,0.8932584269662921,-0.0674157303370787
cd4_12h_vs_24h,KEGG_PYRIMIDINE_METABOLISM,Vanilla-only significant,RRM2,0.0,-0.836715525117369,38.0,29.5,81.0,62.5,0.10112359550561797,0.3089887640449438,0.20786516853932582
cd4_12h_vs_24h,KEGG_PYRIMIDINE_METABOLISM,Vanilla-only significant,RRM2B,0.0,0.0,38.0,11.5,81.0,86.5,0.10112359550561797,0.03932584269662921,-0.06179775280898876
cd4_12h_vs_24h,KEGG_PYRIMIDINE_METABOLISM,Vanilla-only significant,TK1,0.0,0.0,38.0,11.5,81.0,86.5,0.10112359550561797,0.03932584269662921,-0.06179775280898876
cd4_12h_vs_24h,KEGG_PYRIMIDINE_METABOLISM,Vanilla-only significant,TK2,0.0,0.252952641982712,38.0,5.5,81.0,80.5,0.10112359550561797,0.10674157303370786,0.0056179775280898875
cd4_12h_vs_24h,KEGG_PYRIMIDINE_METABOLISM,Vanilla-only significant,TXNRD1,-2.46347655565504,-2.86569221637803,84.0,65.5,10.0,25.5,0.898876404494382,0.7247191011235955,-0.1741573033707865
cd4_12h_vs_24h,KEGG_PYRIMIDINE_METABOLISM,Vanilla-only significant,TXNRD2,1.7272723633527,-0.544766133105719,8.0,22.0,26.0,70.0,0.7191011235955056,0.2247191011235955,-0.4943820224719101
cd4_12h_vs_24h,KEGG_PYRIMIDINE_METABOLISM,Vanilla-only significant,TYMP,3.91586571688254,0.252952641982712,1.0,5.5,2.0,80.5,0.9887640449438202,0.10674157303370786,-0.8820224719101123
cd4_12h_vs_24h,KEGG_PYRIMIDINE_METABOLISM,Vanilla-only significant,TYMS,-0.944695932261725,-0.26588242470284,58.5,17.0,46.5,77.0,0.4887640449438202,0.14606741573033707,-0.3426966292134831
cd4_12h_vs_24h,KEGG_PYRIMIDINE_METABOLISM,Vanilla-only significant,UCK1,-0.465576577733508,-2.13625323193734,51.0,54.5,60.0,36.5,0.33707865168539325,0.601123595505618,0.26404494382022475
cd4_12h_vs_24h,KEGG_PYRIMIDINE_METABOLISM,Vanilla-only significant,UCK2,0.890600439272627,-1.4600383565275,17.5,41.5,53.5,50.5,0.4101123595505618,0.4438202247191011,0.0337078651685393
cd4_12h_vs_24h,KEGG_PYRIMIDINE_METABOLISM,Vanilla-only significant,UCKL1,1.31566596340914,-3.25045897396987,12.0,73.0,40.0,18.0,0.5617977528089888,0.8089887640449438,0.247191011235955
cd4_12h_vs_24h,KEGG_PYRIMIDINE_METABOLISM,Vanilla-only significant,UMPS,-1.94363050923927,-2.13625323193734,77.5,54.5,19.5,36.5,0.7921348314606742,0.601123595505618,-0.1910112359550562
cd4_12h_vs_24h,KEGG_PYRIMIDINE_METABOLISM,Vanilla-only significant,UPB1,0.0,0.0,38.0,11.5,81.0,86.5,0.10112359550561797,0.03932584269662921,-0.06179775280898876
cd4_12h_vs_24h,KEGG_PYRIMIDINE_METABOLISM,Vanilla-only significant,UPP1,-3.54399545568447,0.0,88.5,11.5,4.5,86.5,0.9606741573033708,0.03932584269662921,-0.9213483146067416
cd4_12h_vs_24h,KEGG_PYRIMIDINE_METABOLISM,Vanilla-only significant,UPRT,2.12544509944017,-0.544766133105719,5.0,22.0,13.0,70.0,0.8651685393258427,0.2247191011235955,-0.6404494382022472
cd4_12h_vs_24h,KEGG_PYRIMIDINE_METABOLISM,Vanilla-only significant,ZNRD1,-1.4373752533523,-2.49430127618147,67.5,60.5,32.5,30.5,0.6460674157303371,0.6685393258426966,0.022471910112359494
cd4_12h_vs_24h,REACTOME_GLYCEROPHOSPHOLIPID_BIOSYNTHESIS,GenePT-only significant,ABHD3,0.252952641982712,1.47984074160387,24.5,12.5,52.5,13.5,0.45789473684210524,0.868421052631579,0.41052631578947374
cd4_12h_vs_24h,REACTOME_GLYCEROPHOSPHOLIPID_BIOSYNTHESIS,GenePT-only significant,ABHD4,0.0,-0.29194939201165,51.5,73.5,79.5,62.5,0.1736842105263158,0.3526315789473684,0.1789473684210526
cd4_12h_vs_24h,REACTOME_GLYCEROPHOSPHOLIPID_BIOSYNTHESIS,GenePT-only significant,ACP6,0.0,-0.597022601631597,51.5,81.0,79.5,49.0,0.1736842105263158,0.49473684210526314,0.32105263157894737
cd4_12h_vs_24h,REACTOME_GLYCEROPHOSPHOLIPID_BIOSYNTHESIS,GenePT-only significant,AGK,0.252952641982712,1.26516212952784,24.5,17.0,52.5,18.0,0.45789473684210524,0.8210526315789474,0.3631578947368421
cd4_12h_vs_24h,REACTOME_GLYCEROPHOSPHOLIPID_BIOSYNTHESIS,GenePT-only significant,AGPAT1,1.13720197081613,0.797718775088431,1.5,29.5,12.5,42.5,0.8789473684210526,0.5631578947368421,-0.3157894736842105
cd4_12h_vs_24h,REACTOME_GLYCEROPHOSPHOLIPID_BIOSYNTHESIS,GenePT-only significant,AGPAT2,0.493055064058463,-1.24674594506362,12.0,92.5,33.0,23.5,0.6631578947368421,0.7631578947368421,0.10000000000000009
cd4_12h_vs_24h,REACTOME_GLYCEROPHOSPHOLIPID_BIOSYNTHESIS,GenePT-only significant,AGPAT3,0.252952641982712,-0.915272223421779,24.5,86.5,52.5,35.5,0.45789473684210524,0.6368421052631579,0.17894736842105263
cd4_12h_vs_24h,REACTOME_GLYCEROPHOSPHOLIPID_BIOSYNTHESIS,GenePT-only significant,AGPAT4,0.0,0.278883708402879,51.5,47.5,79.5,75.5,0.1736842105263158,0.21578947368421053,0.04210526315789473
cd4_12h_vs_24h,REACTOME_GLYCEROPHOSPHOLIPID_BIOSYNTHESIS,GenePT-only significant,AGPAT5,0.252952641982712,0.278883708402879,24.5,47.5,52.5,75.5,0.45789473684210524,0.21578947368421053,-0.2421052631578947
cd4_12h_vs_24h,REACTOME_GLYCEROPHOSPHOLIPID_BIOSYNTHESIS,GenePT-only significant,CDIPT,-2.13625323193734,0.0,94.5,62.0,2.5,90.0,0.9842105263157894,0.06315789473684211,-0.9210526315789473
cd4_12h_vs_24h,REACTOME_GLYCEROPHOSPHOLIPID_BIOSYNTHESIS,GenePT-only significant,CDS1,0.252952641982712,0.544766133105719,24.5,36.5,52.5,54.5,0.45789473684210524,0.4368421052631579,-0.021052631578947323
cd4_12h_vs_24h,REACTOME_GLYCEROPHOSPHOLIPID_BIOSYNTHESIS,GenePT-only significant,CDS2,-0.26588242470284,-0.597022601631597,72.0,81.0,39.0,49.0,0.6,0.49473684210526314,-0.10526315789473684
cd4_12h_vs_24h,REACTOME_GLYCEROPHOSPHOLIPID_BIOSYNTHESIS,GenePT-only significant,CEPT1,0.252952641982712,-0.597022601631597,24.5,81.0,52.5,49.0,0.45789473684210524,0.49473684210526314,0.0368421052631579
cd4_12h_vs_24h,REACTOME_GLYCEROPHOSPHOLIPID_BIOSYNTHESIS,GenePT-only significant,CHKA,0.0,-0.915272223421779,51.5,86.5,79.5,35.5,0.1736842105263158,0.6368421052631579,0.4631578947368421
cd4_12h_vs_24h,REACTOME_GLYCEROPHOSPHOLIPID_BIOSYNTHESIS,GenePT-only significant,CHKB,-0.26588242470284,1.26516212952784,72.0,17.0,39.0,18.0,0.6,0.8210526315789474,0.2210526315789474
cd4_12h_vs_24h,REACTOME_GLYCEROPHOSPHOLIPID_BIOSYNTHESIS,GenePT-only significant,CHPT1,0.0,1.26516212952784,51.5,17.0,79.5,18.0,0.1736842105263158,0.8210526315789474,0.6473684210526316
cd4_12h_vs_24h,REACTOME_GLYCEROPHOSPHOLIPID_BIOSYNTHESIS,GenePT-only significant,CPNE1,-2.49430127618147,0.278883708402879,96.0,47.5,1.0,75.5,1.0,0.21578947368421053,-0.7842105263157895
cd4_12h_vs_24h,REACTOME_GLYCEROPHOSPHOLIPID_BIOSYNTHESIS,GenePT-only significant,CPNE3,-1.4600383565275,-0.915272223421779,92.5,86.5,4.5,35.5,0.9631578947368421,0.6368421052631579,-0.3263157894736842
cd4_12h_vs_24h,REACTOME_GLYCEROPHOSPHOLIPID_BIOSYNTHESIS,GenePT-only significant,CPNE7,0.493055064058463,1.26516212952784,12.0,17.0,33.0,18.0,0.6631578947368421,0.8210526315789474,0.1578947368421053
cd4_12h_vs_24h,REACTOME_GLYCEROPHOSPHOLIPID_BIOSYNTHESIS,GenePT-only significant,CRLS1,0.720395996422123,-1.94953514307575,7.5,96.0,22.5,5.0,0.7736842105263158,0.9578947368421052,0.1842105263157895
cd4_12h_vs_24h,REACTOME_GLYCEROPHOSPHOLIPID_BIOSYNTHESIS,GenePT-only significant,CSNK2A1,-2.13625323193734,1.68196810392185,94.5,7.5,2.5,8.5,0.9842105263157894,0.9210526315789473,-0.06315789473684208
cd4_12h_vs_24h,REACTOME_GLYCEROPHOSPHOLIPID_BIOSYNTHESIS,GenePT-only significant,CSNK2A2,-0.836715525117369,2.63935209929858,83.5,1.0,18.5,1.0,0.8157894736842105,1.0,0.1842105263157895
cd4_12h_vs_24h,REACTOME_GLYCEROPHOSPHOLIPID_BIOSYNTHESIS,GenePT-only significant,CSNK2B,0.252952641982712,1.47984074160387,24.5,12.5,52.5,13.5,0.45789473684210524,0.868421052631579,0.41052631578947374
cd4_12h_vs_24h,REACTOME_GLYCEROPHOSPHOLIPID_BIOSYNTHESIS,GenePT-only significant,DDHD1,-1.14178873473732,0.544766133105719,88.5,36.5,8.5,54.5,0.9210526315789473,0.4368421052631579,-0.4842105263157894
cd4_12h_vs_24h,REACTOME_GLYCEROPHOSPHOLIPID_BIOSYNTHESIS,GenePT-only significant,DDHD2,0.252952641982712,-0.29194939201165,24.5,73.5,52.5,62.5,0.45789473684210524,0.3526315789473684,-0.10526315789473684
cd4_12h_vs_24h,REACTOME_GLYCEROPHOSPHOLIPID_BIOSYNTHESIS,GenePT-only significant,DGAT1,0.0,0.278883708402879,51.5,47.5,79.5,75.5,0.1736842105263158,0.21578947368421053,0.04210526315789473
cd4_12h_vs_24h,REACTOME_GLYCEROPHOSPHOLIPID_BIOSYNTHESIS,GenePT-only significant,DGAT2,-0.26588242470284,1.03782119716418,72.0,22.5,39.0,29.5,0.6,0.7,0.09999999999999998
cd4_12h_vs_24h,REACTOME_GLYCEROPHOSPHOLIPID_BIOSYNTHESIS,GenePT-only significant,ETNK1,-0.836715525117369,-1.24674594506362,83.5,92.5,18.5,23.5,0.8157894736842105,0.7631578947368421,-0.05263157894736836
cd4_12h_vs_24h,REACTOME_GLYCEROPHOSPHOLIPID_BIOSYNTHESIS,GenePT-only significant,ETNK2,0.0,0.544766133105719,51.5,36.5,79.5,54.5,0.1736842105263158,0.4368421052631579,0.26315789473684215
cd4_12h_vs_24h,REACTOME_GLYCEROPHOSPHOLIPID_BIOSYNTHESIS,GenePT-only significant,GNPAT,0.252952641982712,0.0,24.5,62.0,52.5,90.0,0.45789473684210524,0.06315789473684211,-0.39473684210526316
cd4_12h_vs_24h,REACTOME_GLYCEROPHOSPHOLIPID_BIOSYNTHESIS,GenePT-only significant,GPAM,-0.544766133105719,-0.915272223421779,78.5,86.5,27.5,35.5,0.7210526315789474,0.6368421052631579,-0.08421052631578951
cd4_12h_vs_24h,REACTOME_GLYCEROPHOSPHOLIPID_BIOSYNTHESIS,GenePT-only significant,GPAT2,0.493055064058463,1.47984074160387,12.0,12.5,33.0,13.5,0.6631578947368421,0.868421052631579,0.20526315789473693
cd4_12h_vs_24h,REACTOME_GLYCEROPHOSPHOLIPID_BIOSYNTHESIS,GenePT-only significant,GPAT3,0.252952641982712,-0.29194939201165,24.5,73.5,52.5,62.5,0.45789473684210524,0.3526315789473684,-0.10526315789473684
cd4_12h_vs_24h,REACTOME_GLYCEROPHOSPHOLIPID_BIOSYNTHESIS,GenePT-only significant,GPAT4,1.13720197081613,1.68196810392185,1.5,7.5,12.5,8.5,0.8789473684210526,0.9210526315789473,0.04210526315789476
cd4_12h_vs_24h,REACTOME_GLYCEROPHOSPHOLIPID_BIOSYNTHESIS,GenePT-only significant,GPCPD1,-0.836715525117369,0.797718775088431,83.5,29.5,18.5,42.5,0.8157894736842105,0.5631578947368421,-0.25263157894736843
cd4_12h_vs_24h,REACTOME_GLYCEROPHOSPHOLIPID_BIOSYNTHESIS,GenePT-only significant,GPD1L,0.252952641982712,0.278883708402879,24.5,47.5,52.5,75.5,0.45789473684210524,0.21578947368421053,-0.2421052631578947
cd4_12h_vs_24h,REACTOME_GLYCEROPHOSPHOLIPID_BIOSYNTHESIS,GenePT-only significant,GPD2,0.252952641982712,0.797718775088431,24.5,29.5,52.5,42.5,0.45789473684210524,0.5631578947368421,0.10526315789473684
cd4_12h_vs_24h,REACTOME_GLYCEROPHOSPHOLIPID_BIOSYNTHESIS,GenePT-only significant,HADHA,-0.26588242470284,2.04908317395257,72.0,3.0,39.0,3.0,0.6,0.9789473684210527,0.3789473684210527
cd4_12h_vs_24h,REACTOME_GLYCEROPHOSPHOLIPID_BIOSYNTHESIS,GenePT-only significant,HADHB,-0.836715525117369,1.26516212952784,83.5,17.0,18.5,18.0,0.8157894736842105,0.8210526315789474,0.0052631578947368585
cd4_12h_vs_24h,REACTOME_GLYCEROPHOSPHOLIPID_BIOSYNTHESIS,GenePT-only significant,LCLAT1,0.0,0.544766133105719,51.5,36.5,79.5,54.5,0.1736842105263158,0.4368421052631579,0.26315789473684215
cd4_12h_vs_24h,REACTOME_GLYCEROPHOSPHOLIPID_BIOSYNTHESIS,GenePT-only significant,LIPH,0.0,0.0,51.5,62.0,79.5,90.0,0.1736842105263158,0.06315789473684211,-0.1105263157894737
cd4_12h_vs_24h,REACTOME_GLYCEROPHOSPHOLIPID_BIOSYNTHESIS,GenePT-only significant,LPCAT1,-1.14178873473732,1.03782119716418,88.5,22.5,8.5,29.5,0.9210526315789473,0.7,-0.2210526315789474
cd4_12h_vs_24h,REACTOME_GLYCEROPHOSPHOLIPID_BIOSYNTHESIS,GenePT-only significant,LPCAT2,0.0,-0.29194939201165,51.5,73.5,79.5,62.5,0.1736842105263158,0.3526315789473684,0.1789473684210526
cd4_12h_vs_24h,REACTOME_GLYCEROPHOSPHOLIPID_BIOSYNTHESIS,GenePT-only significant,LPCAT3,-0.544766133105719,-0.597022601631597,78.5,81.0,27.5,49.0,0.7210526315789474,0.49473684210526314,-0.22631578947368425
cd4_12h_vs_24h,REACTOME_GLYCEROPHOSPHOLIPID_BIOSYNTHESIS,GenePT-only significant,LPCAT4,0.720395996422123,0.278883708402879,7.5,47.5,22.5,75.5,0.7736842105263158,0.21578947368421053,-0.5578947368421052
cd4_12h_vs_24h,REACTOME_GLYCEROPHOSPHOLIPID_BIOSYNTHESIS,GenePT-only significant,LPGAT1,-0.26588242470284,1.47984074160387,72.0,12.5,39.0,13.5,0.6,0.868421052631579,0.268421052631579
cd4_12h_vs_24h,REACTOME_GLYCEROPHOSPHOLIPID_BIOSYNTHESIS,GenePT-only significant,LPIN1,-1.4600383565275,1.03782119716418,92.5,22.5,4.5,29.5,0.9631578947368421,0.7,-0.26315789473684215
cd4_12h_vs_24h,REACTOME_GLYCEROPHOSPHOLIPID_BIOSYNTHESIS,GenePT-only significant,LPIN2,-1.14178873473732,0.797718775088431,88.5,29.5,8.5,42.5,0.9210526315789473,0.5631578947368421,-0.35789473684210527
cd4_12h_vs_24h,REACTOME_GLYCEROPHOSPHOLIPID_BIOSYNTHESIS,GenePT-only significant,LPIN3,0.0,0.0,51.5,62.0,79.5,90.0,0.1736842105263158,0.06315789473684211,-0.1105263157894737
cd4_12h_vs_24h,REACTOME_GLYCEROPHOSPHOLIPID_BIOSYNTHESIS,GenePT-only significant,MBOAT1,0.0,0.0,51.5,62.0,79.5,90.0,0.1736842105263158,0.06315789473684211,-0.1105263157894737
cd4_12h_vs_24h,REACTOME_GLYCEROPHOSPHOLIPID_BIOSYNTHESIS,GenePT-only significant,MBOAT2,0.0,0.278883708402879,51.5,47.5,79.5,75.5,0.1736842105263158,0.21578947368421053,0.04210526315789473
cd4_12h_vs_24h,REACTOME_GLYCEROPHOSPHOLIPID_BIOSYNTHESIS,GenePT-only significant,MFSD2A,0.935074608498154,0.797718775088431,4.0,29.5,15.0,42.5,0.8526315789473684,0.5631578947368421,-0.2894736842105263
cd4_12h_vs_24h,REACTOME_GLYCEROPHOSPHOLIPID_BIOSYNTHESIS,GenePT-only significant,MGLL,0.0,0.0,51.5,62.0,79.5,90.0,0.1736842105263158,0.06315789473684211,-0.1105263157894737
cd4_12h_vs_24h,REACTOME_GLYCEROPHOSPHOLIPID_BIOSYNTHESIS,GenePT-only significant,MIGA1,0.252952641982712,1.03782119716418,24.5,22.5,52.5,29.5,0.45789473684210524,0.7,0.2421052631578947
cd4_12h_vs_24h,REACTOME_GLYCEROPHOSPHOLIPID_BIOSYNTHESIS,GenePT-only significant,MIGA2,0.935074608498154,1.03782119716418,4.0,22.5,15.0,29.5,0.8526315789473684,0.7,-0.15263157894736845
cd4_12h_vs_24h,REACTOME_GLYCEROPHOSPHOLIPID_BIOSYNTHESIS,GenePT-only significant,OSBPL10,0.0,-1.24674594506362,51.5,92.5,79.5,23.5,0.1736842105263158,0.7631578947368421,0.5894736842105264
cd4_12h_vs_24h,REACTOME_GLYCEROPHOSPHOLIPID_BIOSYNTHESIS,GenePT-only significant,OSBPL5,0.0,0.278883708402879,51.5,47.5,79.5,75.5,0.1736842105263158,0.21578947368421053,0.04210526315789473
cd4_12h_vs_24h,REACTOME_GLYCEROPHOSPHOLIPID_BIOSYNTHESIS,GenePT-only significant,OSBPL8,0.252952641982712,1.68196810392185,24.5,7.5,52.5,8.5,0.45789473684210524,0.9210526315789473,0.4631578947368421
cd4_12h_vs_24h,REACTOME_GLYCEROPHOSPHOLIPID_BIOSYNTHESIS,GenePT-only significant,PCTP,0.493055064058463,-1.24674594506362,12.0,92.5,33.0,23.5,0.6631578947368421,0.7631578947368421,0.10000000000000009
cd4_12h_vs_24h,REACTOME_GLYCEROPHOSPHOLIPID_BIOSYNTHESIS,GenePT-only significant,PCYT1A,0.0,2.04908317395257,51.5,3.0,79.5,3.0,0.1736842105263158,0.9789473684210527,0.8052631578947369
cd4_12h_vs_24h,REACTOME_GLYCEROPHOSPHOLIPID_BIOSYNTHESIS,GenePT-only significant,PCYT2,0.0,0.544766133105719,51.5,36.5,79.5,54.5,0.1736842105263158,0.4368421052631579,0.26315789473684215
cd4_12h_vs_24h,REACTOME_GLYCEROPHOSPHOLIPID_BIOSYNTHESIS,GenePT-only significant,PEMT,0.252952641982712,0.278883708402879,24.5,47.5,52.5,75.5,0.45789473684210524,0.21578947368421053,-0.2421052631578947
cd4_12h_vs_24h,REACTOME_GLYCEROPHOSPHOLIPID_BIOSYNTHESIS,GenePT-only significant,PGS1,0.252952641982712,2.04908317395257,24.5,3.0,52.5,3.0,0.45789473684210524,0.9789473684210527,0.5210526315789474
cd4_12h_vs_24h,REACTOME_GLYCEROPHOSPHOLIPID_BIOSYNTHESIS,GenePT-only significant,PHOSPHO1,0.252952641982712,0.278883708402879,24.5,47.5,52.5,75.5,0.45789473684210524,0.21578947368421053,-0.2421052631578947
cd4_12h_vs_24h,REACTOME_GLYCEROPHOSPHOLIPID_BIOSYNTHESIS,GenePT-only significant,PISD,-0.26588242470284,1.68196810392185,72.0,7.5,39.0,8.5,0.6,0.9210526315789473,0.32105263157894737
cd4_12h_vs_24h,REACTOME_GLYCEROPHOSPHOLIPID_BIOSYNTHESIS,GenePT-only significant,PITPNB,0.0,0.0,51.5,62.0,79.5,90.0,0.1736842105263158,0.06315789473684211,-0.1105263157894737
cd4_12h_vs_24h,REACTOME_GLYCEROPHOSPHOLIPID_BIOSYNTHESIS,GenePT-only significant,PITPNM1,-1.14178873473732,-0.29194939201165,88.5,73.5,8.5,62.5,0.9210526315789473,0.3526315789473684,-0.5684210526315789
cd4_12h_vs_24h,REACTOME_GLYCEROPHOSPHOLIPID_BIOSYNTHESIS,GenePT-only significant,PITPNM2,0.0,0.278883708402879,51.5,47.5,79.5,75.5,0.1736842105263158,0.21578947368421053,0.04210526315789473
cd4_12h_vs_24h,REACTOME_GLYCEROPHOSPHOLIPID_BIOSYNTHESIS,GenePT-only significant,PITPNM3,0.0,0.0,51.5,62.0,79.5,90.0,0.1736842105263158,0.06315789473684211,-0.1105263157894737
cd4_12h_vs_24h,REACTOME_GLYCEROPHOSPHOLIPID_BIOSYNTHESIS,GenePT-only significant,PLA2G12A,0.252952641982712,-0.29194939201165,24.5,73.5,52.5,62.5,0.45789473684210524,0.3526315789473684,-0.10526315789473684
cd4_12h_vs_24h,REACTOME_GLYCEROPHOSPHOLIPID_BIOSYNTHESIS,GenePT-only significant,PLA2G15,0.0,0.797718775088431,51.5,29.5,79.5,42.5,0.1736842105263158,0.5631578947368421,0.3894736842105263
cd4_12h_vs_24h,REACTOME_GLYCEROPHOSPHOLIPID_BIOSYNTHESIS,GenePT-only significant,PLA2G1B,0.0,0.278883708402879,51.5,47.5,79.5,75.5,0.1736842105263158,0.21578947368421053,0.04210526315789473
cd4_12h_vs_24h,REACTOME_GLYCEROPHOSPHOLIPID_BIOSYNTHESIS,GenePT-only significant,PLA2G4A,0.0,0.0,51.5,62.0,79.5,90.0,0.1736842105263158,0.06315789473684211,-0.1105263157894737
cd4_12h_vs_24h,REACTOME_GLYCEROPHOSPHOLIPID_BIOSYNTHESIS,GenePT-only significant,PLA2G4B,0.0,0.0,51.5,62.0,79.5,90.0,0.1736842105263158,0.06315789473684211,-0.1105263157894737
cd4_12h_vs_24h,REACTOME_GLYCEROPHOSPHOLIPID_BIOSYNTHESIS,GenePT-only significant,PLA2G4C,0.0,0.278883708402879,51.5,47.5,79.5,75.5,0.1736842105263158,0.21578947368421053,0.04210526315789473
cd4_12h_vs_24h,REACTOME_GLYCEROPHOSPHOLIPID_BIOSYNTHESIS,GenePT-only significant,PLA2G6,0.720395996422123,-0.915272223421779,7.5,86.5,22.5,35.5,0.7736842105263158,0.6368421052631579,-0.13684210526315788
cd4_12h_vs_24h,REACTOME_GLYCEROPHOSPHOLIPID_BIOSYNTHESIS,GenePT-only significant,PLA2R1,0.0,0.0,51.5,62.0,79.5,90.0,0.1736842105263158,0.06315789473684211,-0.1105263157894737
cd4_12h_vs_24h,REACTOME_GLYCEROPHOSPHOLIPID_BIOSYNTHESIS,GenePT-only significant,PLB1,0.0,0.0,51.5,62.0,79.5,90.0,0.1736842105263158,0.06315789473684211,-0.1105263157894737
cd4_12h_vs_24h,REACTOME_GLYCEROPHOSPHOLIPID_BIOSYNTHESIS,GenePT-only significant,PLD2,0.0,-0.29194939201165,51.5,73.5,79.5,62.5,0.1736842105263158,0.3526315789473684,0.1789473684210526
cd4_12h_vs_24h,REACTOME_GLYCEROPHOSPHOLIPID_BIOSYNTHESIS,GenePT-only significant,PLD3,-0.544766133105719,-1.24674594506362,78.5,92.5,27.5,23.5,0.7210526315789474,0.7631578947368421,0.04210526315789476
cd4_12h_vs_24h,REACTOME_GLYCEROPHOSPHOLIPID_BIOSYNTHESIS,GenePT-only significant,PLD6,0.720395996422123,0.0,7.5,62.0,22.5,90.0,0.7736842105263158,0.06315789473684211,-0.7105263157894737
cd4_12h_vs_24h,REACTOME_GLYCEROPHOSPHOLIPID_BIOSYNTHESIS,GenePT-only significant,PNPLA2,0.252952641982712,0.797718775088431,24.5,29.5,52.5,42.5,0.45789473684210524,0.5631578947368421,0.10526315789473684
cd4_12h_vs_24h,REACTOME_GLYCEROPHOSPHOLIPID_BIOSYNTHESIS,GenePT-only significant,PNPLA3,0.0,0.797718775088431,51.5,29.5,79.5,42.5,0.1736842105263158,0.5631578947368421,0.3894736842105263
cd4_12h_vs_24h,REACTOME_GLYCEROPHOSPHOLIPID_BIOSYNTHESIS,GenePT-only significant,PNPLA8,-1.14178873473732,-1.24674594506362,88.5,92.5,8.5,23.5,0.9210526315789473,0.7631578947368421,-0.1578947368421052
cd4_12h_vs_24h,REACTOME_GLYCEROPHOSPHOLIPID_BIOSYNTHESIS,GenePT-only significant,PTDSS1,-0.544766133105719,0.544766133105719,78.5,36.5,27.5,54.5,0.7210526315789474,0.4368421052631579,-0.28421052631578947
cd4_12h_vs_24h,REACTOME_GLYCEROPHOSPHOLIPID_BIOSYNTHESIS,GenePT-only significant,PTDSS2,0.493055064058463,0.278883708402879,12.0,47.5,33.0,75.5,0.6631578947368421,0.21578947368421053,-0.4473684210526315
cd4_12h_vs_24h,REACTOME_GLYCEROPHOSPHOLIPID_BIOSYNTHESIS,GenePT-only significant,PTPMT1,0.935074608498154,-0.29194939201165,4.0,73.5,15.0,62.5,0.8526315789473684,0.3526315789473684,-0.5
cd4_12h_vs_24h,REACTOME_GLYCEROPHOSPHOLIPID_BIOSYNTHESIS,GenePT-only significant,SELENOI,-0.544766133105719,1.68196810392185,78.5,7.5,27.5,8.5,0.7210526315789474,0.9210526315789473,0.19999999999999996
cd4_12h_vs_24h,REACTOME_GLYCEROPHOSPHOLIPID_BIOSYNTHESIS,GenePT-only significant,SLC44A1,-0.544766133105719,1.68196810392185,78.5,7.5,27.5,8.5,0.7210526315789474,0.9210526315789473,0.19999999999999996
cd4_12h_vs_24h,REACTOME_GLYCEROPHOSPHOLIPID_BIOSYNTHESIS,GenePT-only significant,SLC44A2,-0.26588242470284,1.03782119716418,72.0,22.5,39.0,29.5,0.6,0.7,0.09999999999999998
cd4_12h_vs_24h,REACTOME_GLYCEROPHOSPHOLIPID_BIOSYNTHESIS,GenePT-only significant,SLC44A4,0.0,-0.29194939201165,51.5,73.5,79.5,62.5,0.1736842105263158,0.3526315789473684,0.1789473684210526
cd4_12h_vs_24h,REACTOME_GLYCEROPHOSPHOLIPID_BIOSYNTHESIS,GenePT-only significant,SLC44A5,0.0,0.278883708402879,51.5,47.5,79.5,75.5,0.1736842105263158,0.21578947368421053,0.04210526315789473
cd4_12h_vs_24h,REACTOME_GLYCEROPHOSPHOLIPID_BIOSYNTHESIS,GenePT-only significant,STARD10,-1.14178873473732,-0.915272223421779,88.5,86.5,8.5,35.5,0.9210526315789473,0.6368421052631579,-0.28421052631578947
cd4_12h_vs_24h,REACTOME_GLYCEROPHOSPHOLIPID_BIOSYNTHESIS,GenePT-only significant,STARD7,0.252952641982712,0.278883708402879,24.5,47.5,52.5,75.5,0.45789473684210524,0.21578947368421053,-0.2421052631578947
cd4_12h_vs_24h,REACTOME_GLYCEROPHOSPHOLIPID_BIOSYNTHESIS,GenePT-only significant,TAZ,0.0,-0.597022601631597,51.5,81.0,79.5,49.0,0.1736842105263158,0.49473684210526314,0.32105263157894737
cd4_12h_vs_24h,REACTOME_GLYCEROPHOSPHOLIPID_BIOSYNTHESIS,GenePT-only significant,TMEM86B,0.0,-0.29194939201165,51.5,73.5,79.5,62.5,0.1736842105263158,0.3526315789473684,0.1789473684210526
cd4_12h_vs_24h,REACTOME_NUCLEOBASE_CATABOLISM,Vanilla-only significant,ADPRM,1.71299099851021,-1.19415593182466,3.0,23.5,3.0,5.5,0.9230769230769231,0.8269230769230769,-0.09615384615384626
cd4_12h_vs_24h,REACTOME_NUCLEOBASE_CATABOLISM,Vanilla-only significant,DNPH1,1.71299099851021,0.986278421124963,3.0,4.0,3.0,10.0,0.9230769230769231,0.6538461538461539,-0.2692307692307693
cd4_12h_vs_24h,REACTOME_NUCLEOBASE_CATABOLISM,Vanilla-only significant,DPYD,0.915272223421779,-1.5256296534665,12.0,26.0,13.0,2.0,0.5384615384615384,0.9615384615384616,0.42307692307692313
cd4_12h_vs_24h,REACTOME_NUCLEOBASE_CATABOLISM,Vanilla-only significant,ENTPD1,0.318249621790182,-1.19415593182466,16.5,23.5,20.5,5.5,0.25,0.8269230769230769,0.5769230769230769
cd4_12h_vs_24h,REACTOME_NUCLEOBASE_CATABOLISM,Vanilla-only significant,ENTPD3,0.0,0.0,21.0,13.0,25.0,25.0,0.07692307692307693,0.07692307692307693,0.0
cd4_12h_vs_24h,REACTOME_NUCLEOBASE_CATABOLISM,Vanilla-only significant,ENTPD4,1.19415593182466,-0.278883708402879,7.5,17.5,8.5,20.5,0.7115384615384616,0.25,-0.46153846153846156
cd4_12h_vs_24h,REACTOME_NUCLEOBASE_CATABOLISM,Vanilla-only significant,ENTPD5,-0.331473721641845,-1.19415593182466,24.5,23.5,17.5,5.5,0.36538461538461536,0.8269230769230769,0.4615384615384615
cd4_12h_vs_24h,REACTOME_NUCLEOBASE_CATABOLISM,Vanilla-only significant,ENTPD6,-1.40565385985053,0.518835066685553,27.0,9.5,6.0,17.5,0.8076923076923077,0.36538461538461536,-0.44230769230769235
cd4_12h_vs_24h,REACTOME_NUCLEOBASE_CATABOLISM,Vanilla-only significant,ENTPD7,0.0,-0.278883708402879,21.0,17.5,25.0,20.5,0.07692307692307693,0.25,0.17307692307692307
cd4_12h_vs_24h,REACTOME_NUCLEOBASE_CATABOLISM,Vanilla-only significant,ITPA,1.19415593182466,0.986278421124963,7.5,4.0,8.5,10.0,0.7115384615384616,0.6538461538461539,-0.05769230769230771
cd4_12h_vs_24h,REACTOME_NUCLEOBASE_CATABOLISM,Vanilla-only significant,NT5C,1.19415593182466,-0.278883708402879,7.5,17.5,8.5,20.5,0.7115384615384616,0.25,-0.46153846153846156
cd4_12h_vs_24h,REACTOME_NUCLEOBASE_CATABOLISM,Vanilla-only significant,NT5C1B,0.0,0.0,21.0,13.0,25.0,25.0,0.07692307692307693,0.07692307692307693,0.0
cd4_12h_vs_24h,REACTOME_NUCLEOBASE_CATABOLISM,Vanilla-only significant,NT5C2,-0.676214875409841,0.0,26.0,13.0,16.0,25.0,0.4230769230769231,0.07692307692307693,-0.34615384615384615
cd4_12h_vs_24h,REACTOME_NUCLEOBASE_CATABOLISM,Vanilla-only significant,NT5C3A,0.915272223421779,-0.570833100414529,12.0,20.5,13.0,15.5,0.5384615384615384,0.4423076923076923,-0.09615384615384615
cd4_12h_vs_24h,REACTOME_NUCLEOBASE_CATABOLISM,Vanilla-only significant,NT5E,0.915272223421779,0.518835066685553,12.0,9.5,13.0,17.5,0.5384615384615384,0.36538461538461536,-0.17307692307692307
cd4_12h_vs_24h,REACTOME_NUCLEOBASE_CATABOLISM,Vanilla-only significant,NT5M,0.318249621790182,-0.570833100414529,16.5,20.5,20.5,15.5,0.25,0.4423076923076923,0.1923076923076923
cd4_12h_vs_24h,REACTOME_NUCLEOBASE_CATABOLISM,Vanilla-only significant,NUDT1,2.78694108900774,-0.278883708402879,1.0,17.5,1.0,20.5,1.0,0.25,-0.75
cd4_12h_vs_24h,REACTOME_NUCLEOBASE_CATABOLISM,Vanilla-only significant,NUDT15,1.4600383565275,0.0,5.0,13.0,5.0,25.0,0.8461538461538461,0.07692307692307693,-0.7692307692307692
cd4_12h_vs_24h,REACTOME_NUCLEOBASE_CATABOLISM,Vanilla-only significant,NUDT16,0.318249621790182,-1.19415593182466,16.5,23.5,20.5,5.5,0.25,0.8269230769230769,0.5769230769230769
cd4_12h_vs_24h,REACTOME_NUCLEOBASE_CATABOLISM,Vanilla-only significant,NUDT18,-0.331473721641845,0.758937488761304,24.5,7.5,17.5,13.5,0.36538461538461536,0.5192307692307693,0.1538461538461539
cd4_12h_vs_24h,REACTOME_NUCLEOBASE_CATABOLISM,Vanilla-only significant,NUDT5,0.318249621790182,0.986278421124963,16.5,4.0,20.5,10.0,0.25,0.6538461538461539,0.40384615384615385
cd4_12h_vs_24h,REACTOME_NUCLEOBASE_CATABOLISM,Vanilla-only significant,NUDT9,0.915272223421779,0.986278421124963,12.0,4.0,13.0,10.0,0.5384615384615384,0.6538461538461539,0.11538461538461542
cd4_12h_vs_24h,REACTOME_NUCLEOBASE_CATABOLISM,Vanilla-only significant,PNP,0.915272223421779,0.758937488761304,12.0,7.5,13.0,13.5,0.5384615384615384,0.5192307692307693,-0.019230769230769162
cd4_12h_vs_24h,REACTOME_NUCLEOBASE_CATABOLISM,Vanilla-only significant,SAMHD1,1.71299099851021,0.986278421124963,3.0,4.0,3.0,10.0,0.9230769230769231,0.6538461538461539,-0.2692307692307693
cd4_12h_vs_24h,REACTOME_NUCLEOBASE_CATABOLISM,Vanilla-only significant,TYMP,1.19415593182466,1.20095703320099,7.5,1.0,8.5,3.0,0.7115384615384616,0.9230769230769231,0.21153846153846156
cd4_12h_vs_24h,REACTOME_NUCLEOBASE_CATABOLISM,Vanilla-only significant,UPB1,0.0,0.0,21.0,13.0,25.0,25.0,0.07692307692307693,0.07692307692307693,0.0
cd4_12h_vs_24h,REACTOME_NUCLEOBASE_CATABOLISM,Vanilla-only significant,UPP1,0.0,-1.8703708072345,21.0,27.0,25.0,1.0,0.07692307692307693,1.0,0.9230769230769231
cd4_12h_vs_24h,REACTOME_PHOSPHOLIPID_METABOLISM,Vanilla-only significant,ABHD3,-1.35617701700613,-1.17654766560029,125.0,145.0,46.0,26.0,0.7337278106508875,0.8520710059171598,0.11834319526627224
cd4_12h_vs_24h,REACTOME_PHOSPHOLIPID_METABOLISM,Vanilla-only significant,ABHD4,0.0,0.0,39.0,52.5,146.0,157.5,0.14201183431952663,0.07396449704142012,-0.06804733727810651
cd4_12h_vs_24h,REACTOME_PHOSPHOLIPID_METABOLISM,Vanilla-only significant,ACP6,-0.890600439272627,-0.734528121160595,99.5,119.0,73.5,54.0,0.5710059171597633,0.6863905325443787,0.11538461538461531
cd4_12h_vs_24h,REACTOME_PHOSPHOLIPID_METABOLISM,Vanilla-only significant,AGK,-1.83529637153435,-0.949206733236626,145.5,133.5,25.5,37.5,0.8550295857988166,0.7840236686390533,-0.07100591715976334
cd4_12h_vs_24h,REACTOME_PHOSPHOLIPID_METABOLISM,Vanilla-only significant,AGPAT1,-1.35617701700613,0.651599883395156,125.0,3.0,46.0,62.0,0.7337278106508875,0.6390532544378699,-0.09467455621301768
cd4_12h_vs_24h,REACTOME_PHOSPHOLIPID_METABOLISM,Vanilla-only significant,AGPAT2,-1.83529637153435,0.42498323653411,145.5,11.5,25.5,84.5,0.8550295857988166,0.5059171597633136,-0.34911242603550297
cd4_12h_vs_24h,REACTOME_PHOSPHOLIPID_METABOLISM,Vanilla-only significant,AGPAT3,0.0,-0.949206733236626,39.0,133.5,146.0,37.5,0.14201183431952663,0.7840236686390533,0.6420118343195267
cd4_12h_vs_24h,REACTOME_PHOSPHOLIPID_METABOLISM,Vanilla-only significant,AGPAT4,0.0,-0.532400758842622,39.0,104.5,146.0,74.5,0.14201183431952663,0.5650887573964497,0.4230769230769231
cd4_12h_vs_24h,REACTOME_PHOSPHOLIPID_METABOLISM,Vanilla-only significant,AGPAT5,0.425065524136514,-1.17654766560029,10.5,145.0,117.5,26.0,0.3106508875739645,0.8520710059171598,0.5414201183431953
cd4_12h_vs_24h,REACTOME_PHOSPHOLIPID_METABOLISM,Vanilla-only significant,ARF1,-3.35407699492767,-0.165285688811893,165.5,77.5,5.5,112.5,0.9733727810650887,0.34023668639053256,-0.6331360946745561
cd4_12h_vs_24h,REACTOME_PHOSPHOLIPID_METABOLISM,Vanilla-only significant,ARF3,0.0,-0.532400758842622,39.0,104.5,146.0,74.5,0.14201183431952663,0.5650887573964497,0.4230769230769231
cd4_12h_vs_24h,REACTOME_PHOSPHOLIPID_METABOLISM,Vanilla-only significant,CDIPT,0.425065524136514,-0.734528121160595,10.5,119.0,117.5,54.0,0.3106508875739645,0.6863905325443787,0.3757396449704142
cd4_12h_vs_24h,REACTOME_PHOSPHOLIPID_METABOLISM,Vanilla-only significant,CDS1,-0.438548104938605,-0.165285688811893,75.0,77.5,102.0,112.5,0.40236686390532544,0.34023668639053256,-0.062130177514792884
cd4_12h_vs_24h,REACTOME_PHOSPHOLIPID_METABOLISM,Vanilla-only significant,CDS2,-1.35617701700613,-0.949206733236626,125.0,133.5,46.0,37.5,0.7337278106508875,0.7840236686390533,0.050295857988165715
cd4_12h_vs_24h,REACTOME_PHOSPHOLIPID_METABOLISM,Vanilla-only significant,CEPT1,-0.890600439272627,-1.41665008767604,99.5,151.5,73.5,19.5,0.5710059171597633,0.8905325443786982,0.3195266272189349
cd4_12h_vs_24h,REACTOME_PHOSPHOLIPID_METABOLISM,Vanilla-only significant,CHKA,0.425065524136514,-0.165285688811893,10.5,77.5,117.5,112.5,0.3106508875739645,0.34023668639053256,0.029585798816568087
cd4_12h_vs_24h,REACTOME_PHOSPHOLIPID_METABOLISM,Vanilla-only significant,CHKB,-1.35617701700613,0.0,125.0,52.5,46.0,157.5,0.7337278106508875,0.07396449704142012,-0.6597633136094674
cd4_12h_vs_24h,REACTOME_PHOSPHOLIPID_METABOLISM,Vanilla-only significant,CHPT1,-0.890600439272627,0.0,99.5,52.5,73.5,157.5,0.5710059171597633,0.07396449704142012,-0.49704142011834324
cd4_12h_vs_24h,REACTOME_PHOSPHOLIPID_METABOLISM,Vanilla-only significant,CPNE1,-0.438548104938605,0.42498323653411,75.0,11.5,102.0,84.5,0.40236686390532544,0.5059171597633136,0.1035502958579882
cd4_12h_vs_24h,REACTOME_PHOSPHOLIPID_METABOLISM,Vanilla-only significant,CPNE3,-1.35617701700613,-2.50631825477612,125.0,165.0,46.0,6.0,0.7337278106508875,0.9704142011834319,0.23668639053254437
cd4_12h_vs_24h,REACTOME_PHOSPHOLIPID_METABOLISM,Vanilla-only significant,CPNE7,0.0,0.42498323653411,39.0,11.5,146.0,84.5,0.14201183431952663,0.5059171597633136,0.363905325443787
cd4_12h_vs_24h,REACTOME_PHOSPHOLIPID_METABOLISM,Vanilla-only significant,CRLS1,-2.8342309485119,-2.21436886276447,161.5,162.5,9.5,8.5,0.9497041420118343,0.9556213017751479,0.00591715976331364
cd4_12h_vs_24h,REACTOME_PHOSPHOLIPID_METABOLISM,Vanilla-only significant,CSNK2A1,0.0,0.153335069543525,39.0,29.5,146.0,134.5,0.14201183431952663,0.21005917159763313,0.0680473372781065
cd4_12h_vs_24h,REACTOME_PHOSPHOLIPID_METABOLISM,Vanilla-only significant,CSNK2A2,-1.35617701700613,-2.21436886276447,125.0,162.5,46.0,8.5,0.7337278106508875,0.9556213017751479,0.22189349112426038
cd4_12h_vs_24h,REACTOME_PHOSPHOLIPID_METABOLISM,Vanilla-only significant,CSNK2B,1.23484466016754,-2.81139146439607,1.5,167.5,59.5,3.5,0.6538461538461539,0.985207100591716,0.33136094674556216
cd4_12h_vs_24h,REACTOME_PHOSPHOLIPID_METABOLISM,Vanilla-only significant,DDHD1,0.0,0.42498323653411,39.0,11.5,146.0,84.5,0.14201183431952663,0.5059171597633136,0.363905325443787
cd4_12h_vs_24h,REACTOME_PHOSPHOLIPID_METABOLISM,Vanilla-only significant,DDHD2,-0.890600439272627,-0.165285688811893,99.5,77.5,73.5,112.5,0.5710059171597633,0.34023668639053256,-0.23076923076923078
cd4_12h_vs_24h,REACTOME_PHOSPHOLIPID_METABOLISM,Vanilla-only significant,DGAT1,-0.890600439272627,-0.532400758842622,99.5,104.5,73.5,74.5,0.5710059171597633,0.5650887573964497,-0.00591715976331364
cd4_12h_vs_24h,REACTOME_PHOSPHOLIPID_METABOLISM,Vanilla-only significant,DGAT2,-0.438548104938605,-0.532400758842622,75.0,104.5,102.0,74.5,0.40236686390532544,0.5650887573964497,0.16272189349112426
cd4_12h_vs_24h,REACTOME_PHOSPHOLIPID_METABOLISM,Vanilla-only significant,ETNK1,-4.4345958949571,-1.93548515436159,170.0,157.5,1.0,13.5,1.0,0.9260355029585798,-0.07396449704142016
cd4_12h_vs_24h,REACTOME_PHOSPHOLIPID_METABOLISM,Vanilla-only significant,ETNK2,0.0,-1.17654766560029,39.0,145.0,146.0,26.0,0.14201183431952663,0.8520710059171598,0.7100591715976332
cd4_12h_vs_24h,REACTOME_PHOSPHOLIPID_METABOLISM,Vanilla-only significant,FIG4,-0.890600439272627,0.153335069543525,99.5,29.5,73.5,134.5,0.5710059171597633,0.21005917159763313,-0.36094674556213024
cd4_12h_vs_24h,REACTOME_PHOSPHOLIPID_METABOLISM,Vanilla-only significant,GDE1,-0.438548104938605,0.0,75.0,52.5,102.0,157.5,0.40236686390532544,0.07396449704142012,-0.32840236686390534
cd4_12h_vs_24h,REACTOME_PHOSPHOLIPID_METABOLISM,Vanilla-only significant,GDPD1,0.0,0.0,39.0,52.5,146.0,157.5,0.14201183431952663,0.07396449704142012,-0.06804733727810651
cd4_12h_vs_24h,REACTOME_PHOSPHOLIPID_METABOLISM,Vanilla-only significant,GDPD3,0.0,0.0,39.0,52.5,146.0,157.5,0.14201183431952663,0.07396449704142012,-0.06804733727810651
cd4_12h_vs_24h,REACTOME_PHOSPHOLIPID_METABOLISM,Vanilla-only significant,GDPD5,0.0,0.0,39.0,52.5,146.0,157.5,0.14201183431952663,0.07396449704142012,-0.06804733727810651
cd4_12h_vs_24h,REACTOME_PHOSPHOLIPID_METABOLISM,Vanilla-only significant,GNPAT,-0.890600439272627,-0.949206733236626,99.5,133.5,73.5,37.5,0.5710059171597633,0.7840236686390533,0.21301775147928992
cd4_12h_vs_24h,REACTOME_PHOSPHOLIPID_METABOLISM,Vanilla-only significant,GPAM,0.0,-0.165285688811893,39.0,77.5,146.0,112.5,0.14201183431952663,0.34023668639053256,0.19822485207100593
cd4_12h_vs_24h,REACTOME_PHOSPHOLIPID_METABOLISM,Vanilla-only significant,GPAT2,-1.35617701700613,-1.17654766560029,125.0,145.0,46.0,26.0,0.7337278106508875,0.8520710059171598,0.11834319526627224
cd4_12h_vs_24h,REACTOME_PHOSPHOLIPID_METABOLISM,Vanilla-only significant,GPAT3,-0.438548104938605,0.153335069543525,75.0,29.5,102.0,134.5,0.40236686390532544,0.21005917159763313,-0.19230769230769232
cd4_12h_vs_24h,REACTOME_PHOSPHOLIPID_METABOLISM,Vanilla-only significant,GPAT4,-0.438548104938605,-2.81139146439607,75.0,167.5,102.0,3.5,0.40236686390532544,0.985207100591716,0.5828402366863905
cd4_12h_vs_24h,REACTOME_PHOSPHOLIPID_METABOLISM,Vanilla-only significant,GPCPD1,-0.438548104938605,-1.17654766560029,75.0,145.0,102.0,26.0,0.40236686390532544,0.8520710059171598,0.44970414201183434
cd4_12h_vs_24h,REACTOME_PHOSPHOLIPID_METABOLISM,Vanilla-only significant,GPD1L,0.0,-0.532400758842622,39.0,104.5,146.0,74.5,0.14201183431952663,0.5650887573964497,0.4230769230769231
cd4_12h_vs_24h,REACTOME_PHOSPHOLIPID_METABOLISM,Vanilla-only significant,GPD2,-0.890600439272627,-0.949206733236626,99.5,133.5,73.5,37.5,0.5710059171597633,0.7840236686390533,0.21301775147928992
cd4_12h_vs_24h,REACTOME_PHOSPHOLIPID_METABOLISM,Vanilla-only significant,HADHA,-1.35617701700613,-2.21436886276447,125.0,162.5,46.0,8.5,0.7337278106508875,0.9556213017751479,0.22189349112426038
cd4_12h_vs_24h,REACTOME_PHOSPHOLIPID_METABOLISM,Vanilla-only significant,HADHB,-1.83529637153435,0.543779834121491,145.5,6.0,25.5,65.0,0.8550295857988166,0.621301775147929,-0.23372781065088766
cd4_12h_vs_24h,REACTOME_PHOSPHOLIPID_METABOLISM,Vanilla-only significant,INPP4A,-0.438548104938605,-0.532400758842622,75.0,104.5,102.0,74.5,0.40236686390532544,0.5650887573964497,0.16272189349112426
cd4_12h_vs_24h,REACTOME_PHOSPHOLIPID_METABOLISM,Vanilla-only significant,INPP4B,-3.88752767265326,-0.949206733236626,168.5,133.5,2.5,37.5,0.9911242603550295,0.7840236686390533,-0.20710059171597628
cd4_12h_vs_24h,REACTOME_PHOSPHOLIPID_METABOLISM,Vanilla-only significant,INPP5D,-0.890600439272627,-1.41665008767604,99.5,151.5,73.5,19.5,0.5710059171597633,0.8905325443786982,0.3195266272189349
cd4_12h_vs_24h,REACTOME_PHOSPHOLIPID_METABOLISM,Vanilla-only significant,INPP5E,-0.890600439272627,-0.734528121160595,99.5,119.0,73.5,54.0,0.5710059171597633,0.6863905325443787,0.11538461538461531
cd4_12h_vs_24h,REACTOME_PHOSPHOLIPID_METABOLISM,Vanilla-only significant,INPP5F,0.836671924080072,-1.17654766560029,4.5,145.0,88.5,26.0,0.4822485207100592,0.8520710059171598,0.3698224852071006
cd4_12h_vs_24h,REACTOME_PHOSPHOLIPID_METABOLISM,Vanilla-only significant,INPP5K,0.836671924080072,-0.734528121160595,4.5,119.0,88.5,54.0,0.4822485207100592,0.6863905325443787,0.20414201183431946
cd4_12h_vs_24h,REACTOME_PHOSPHOLIPID_METABOLISM,Vanilla-only significant,INPPL1,-1.83529637153435,0.153335069543525,145.5,29.5,25.5,134.5,0.8550295857988166,0.21005917159763313,-0.6449704142011835
cd4_12h_vs_24h,REACTOME_PHOSPHOLIPID_METABOLISM,Vanilla-only significant,LCLAT1,-0.890600439272627,-0.949206733236626,99.5,133.5,73.5,37.5,0.5710059171597633,0.7840236686390533,0.21301775147928992
cd4_12h_vs_24h,REACTOME_PHOSPHOLIPID_METABOLISM,Vanilla-only significant,LIPH,0.0,0.0,39.0,52.5,146.0,157.5,0.14201183431952663,0.07396449704142012,-0.06804733727810651
cd4_12h_vs_24h,REACTOME_PHOSPHOLIPID_METABOLISM,Vanilla-only significant,LPCAT1,-0.890600439272627,-0.949206733236626,99.5,133.5,73.5,37.5,0.5710059171597633,0.7840236686390533,0.21301775147928992
cd4_12h_vs_24h,REACTOME_PHOSPHOLIPID_METABOLISM,Vanilla-only significant,LPCAT2,0.0,0.153335069543525,39.0,29.5,146.0,134.5,0.14201183431952663,0.21005917159763313,0.0680473372781065
cd4_12h_vs_24h,REACTOME_PHOSPHOLIPID_METABOLISM,Vanilla-only significant,LPCAT3,-0.890600439272627,0.294920476120692,99.5,17.0,73.5,98.0,0.5710059171597633,0.4260355029585799,-0.14497041420118345
cd4_12h_vs_24h,REACTOME_PHOSPHOLIPID_METABOLISM,Vanilla-only significant,LPCAT4,0.425065524136514,-0.734528121160595,10.5,119.0,117.5,54.0,0.3106508875739645,0.6863905325443787,0.3757396449704142
cd4_12h_vs_24h,REACTOME_PHOSPHOLIPID_METABOLISM,Vanilla-only significant,LPGAT1,-0.438548104938605,0.294920476120692,75.0,17.0,102.0,98.0,0.40236686390532544,0.4260355029585799,0.023668639053254448
cd4_12h_vs_24h,REACTOME_PHOSPHOLIPID_METABOLISM,Vanilla-only significant,LPIN1,-1.35617701700613,-0.342699997178508,125.0,93.5,46.0,91.5,0.7337278106508875,0.46449704142011833,-0.2692307692307692
cd4_12h_vs_24h,REACTOME_PHOSPHOLIPID_METABOLISM,Vanilla-only significant,LPIN2,-1.83529637153435,-0.949206733236626,145.5,133.5,25.5,37.5,0.8550295857988166,0.7840236686390533,-0.07100591715976334
cd4_12h_vs_24h,REACTOME_PHOSPHOLIPID_METABOLISM,Vanilla-only significant,LPIN3,0.0,0.0,39.0,52.5,146.0,157.5,0.14201183431952663,0.07396449704142012,-0.06804733727810651
cd4_12h_vs_24h,REACTOME_PHOSPHOLIPID_METABOLISM,Vanilla-only significant,MBOAT1,0.0,0.0,39.0,52.5,146.0,157.5,0.14201183431952663,0.07396449704142012,-0.06804733727810651
cd4_12h_vs_24h,REACTOME_PHOSPHOLIPID_METABOLISM,Vanilla-only significant,MBOAT2,0.0,-0.949206733236626,39.0,133.5,146.0,37.5,0.14201183431952663,0.7840236686390533,0.6420118343195267
cd4_12h_vs_24h,REACTOME_PHOSPHOLIPID_METABOLISM,Vanilla-only significant,MFSD2A,-1.35617701700613,0.153335069543525,125.0,29.5,46.0,134.5,0.7337278106508875,0.21005917159763313,-0.5236686390532544
cd4_12h_vs_24h,REACTOME_PHOSPHOLIPID_METABOLISM,Vanilla-only significant,MGLL,0.0,0.0,39.0,52.5,146.0,157.5,0.14201183431952663,0.07396449704142012,-0.06804733727810651
cd4_12h_vs_24h,REACTOME_PHOSPHOLIPID_METABOLISM,Vanilla-only significant,MIGA1,-1.35617701700613,-1.41665008767604,125.0,151.5,46.0,19.5,0.7337278106508875,0.8905325443786982,0.15680473372781067
cd4_12h_vs_24h,REACTOME_PHOSPHOLIPID_METABOLISM,Vanilla-only significant,MIGA2,-0.438548104938605,0.543779834121491,75.0,6.0,102.0,65.0,0.40236686390532544,0.621301775147929,0.2189349112426035
cd4_12h_vs_24h,REACTOME_PHOSPHOLIPID_METABOLISM,Vanilla-only significant,MTM1,-0.438548104938605,-0.342699997178508,75.0,93.5,102.0,91.5,0.40236686390532544,0.46449704142011833,0.062130177514792884
cd4_12h_vs_24h,REACTOME_PHOSPHOLIPID_METABOLISM,Vanilla-only significant,MTMR1,-1.83529637153435,-0.949206733236626,145.5,133.5,25.5,37.5,0.8550295857988166,0.7840236686390533,-0.07100591715976334
cd4_12h_vs_24h,REACTOME_PHOSPHOLIPID_METABOLISM,Vanilla-only significant,MTMR10,0.0,-0.165285688811893,39.0,77.5,146.0,112.5,0.14201183431952663,0.34023668639053256,0.19822485207100593
cd4_12h_vs_24h,REACTOME_PHOSPHOLIPID_METABOLISM,Vanilla-only significant,MTMR12,0.0,-0.165285688811893,39.0,77.5,146.0,112.5,0.14201183431952663,0.34023668639053256,0.19822485207100593
cd4_12h_vs_24h,REACTOME_PHOSPHOLIPID_METABOLISM,Vanilla-only significant,MTMR14,0.836671924080072,0.543779834121491,4.5,6.0,88.5,65.0,0.4822485207100592,0.621301775147929,0.13905325443786976
cd4_12h_vs_24h,REACTOME_PHOSPHOLIPID_METABOLISM,Vanilla-only significant,MTMR2,-2.32797569262493,-0.165285688811893,156.5,77.5,14.5,112.5,0.9201183431952663,0.34023668639053256,-0.5798816568047338
cd4_12h_vs_24h,REACTOME_PHOSPHOLIPID_METABOLISM,Vanilla-only significant,MTMR3,-0.890600439272627,-0.165285688811893,99.5,77.5,73.5,112.5,0.5710059171597633,0.34023668639053256,-0.23076923076923078
cd4_12h_vs_24h,REACTOME_PHOSPHOLIPID_METABOLISM,Vanilla-only significant,MTMR4,-1.35617701700613,-0.532400758842622,125.0,104.5,46.0,74.5,0.7337278106508875,0.5650887573964497,-0.16863905325443784
cd4_12h_vs_24h,REACTOME_PHOSPHOLIPID_METABOLISM,Vanilla-only significant,MTMR6,-0.890600439272627,0.153335069543525,99.5,29.5,73.5,134.5,0.5710059171597633,0.21005917159763313,-0.36094674556213024
cd4_12h_vs_24h,REACTOME_PHOSPHOLIPID_METABOLISM,Vanilla-only significant,MTMR7,0.0,0.0,39.0,52.5,146.0,157.5,0.14201183431952663,0.07396449704142012,-0.06804733727810651
cd4_12h_vs_24h,REACTOME_PHOSPHOLIPID_METABOLISM,Vanilla-only significant,MTMR8,0.0,0.153335069543525,39.0,29.5,146.0,134.5,0.14201183431952663,0.21005917159763313,0.0680473372781065
cd4_12h_vs_24h,REACTOME_PHOSPHOLIPID_METABOLISM,Vanilla-only significant,MTMR9,-1.83529637153435,-0.165285688811893,145.5,77.5,25.5,112.5,0.8550295857988166,0.34023668639053256,-0.514792899408284
cd4_12h_vs_24h,REACTOME_PHOSPHOLIPID_METABOLISM,Vanilla-only significant,OCRL,0.0,-0.165285688811893,39.0,77.5,146.0,112.5,0.14201183431952663,0.34023668639053256,0.19822485207100593
cd4_12h_vs_24h,REACTOME_PHOSPHOLIPID_METABOLISM,Vanilla-only significant,OSBPL10,0.0,0.83565750296457,39.0,1.0,146.0,45.0,0.14201183431952663,0.7396449704142012,0.5976331360946745
cd4_12h_vs_24h,REACTOME_PHOSPHOLIPID_METABOLISM,Vanilla-only significant,OSBPL5,0.0,0.153335069543525,39.0,29.5,146.0,134.5,0.14201183431952663,0.21005917159763313,0.0680473372781065
cd4_12h_vs_24h,REACTOME_PHOSPHOLIPID_METABOLISM,Vanilla-only significant,OSBPL8,-1.35617701700613,-1.93548515436159,125.0,157.5,46.0,13.5,0.7337278106508875,0.9260355029585798,0.1923076923076923
cd4_12h_vs_24h,REACTOME_PHOSPHOLIPID_METABOLISM,Vanilla-only significant,PCTP,-0.438548104938605,-0.165285688811893,75.0,77.5,102.0,112.5,0.40236686390532544,0.34023668639053256,-0.062130177514792884
cd4_12h_vs_24h,REACTOME_PHOSPHOLIPID_METABOLISM,Vanilla-only significant,PCYT1A,-1.83529637153435,-1.93548515436159,145.5,157.5,25.5,13.5,0.8550295857988166,0.9260355029585798,0.07100591715976323
cd4_12h_vs_24h,REACTOME_PHOSPHOLIPID_METABOLISM,Vanilla-only significant,PCYT2,0.0,-0.165285688811893,39.0,77.5,146.0,112.5,0.14201183431952663,0.34023668639053256,0.19822485207100593
cd4_12h_vs_24h,REACTOME_PHOSPHOLIPID_METABOLISM,Vanilla-only significant,PEMT,-1.35617701700613,0.153335069543525,125.0,29.5,46.0,134.5,0.7337278106508875,0.21005917159763313,-0.5236686390532544
cd4_12h_vs_24h,REACTOME_PHOSPHOLIPID_METABOLISM,Vanilla-only significant,PGS1,-1.35617701700613,0.748769967445272,125.0,2.0,46.0,46.0,0.7337278106508875,0.7337278106508875,0.0
cd4_12h_vs_24h,REACTOME_PHOSPHOLIPID_METABOLISM,Vanilla-only significant,PHOSPHO1,0.0,0.153335069543525,39.0,29.5,146.0,134.5,0.14201183431952663,0.21005917159763313,0.0680473372781065
cd4_12h_vs_24h,REACTOME_PHOSPHOLIPID_METABOLISM,Vanilla-only significant,PI4K2A,-2.32797569262493,-0.532400758842622,156.5,104.5,14.5,74.5,0.9201183431952663,0.5650887573964497,-0.3550295857988166
cd4_12h_vs_24h,REACTOME_PHOSPHOLIPID_METABOLISM,Vanilla-only significant,PI4K2B,-1.35617701700613,0.153335069543525,125.0,29.5,46.0,134.5,0.7337278106508875,0.21005917159763313,-0.5236686390532544
cd4_12h_vs_24h,REACTOME_PHOSPHOLIPID_METABOLISM,Vanilla-only significant,PI4KA,-0.890600439272627,-0.734528121160595,99.5,119.0,73.5,54.0,0.5710059171597633,0.6863905325443787,0.11538461538461531
cd4_12h_vs_24h,REACTOME_PHOSPHOLIPID_METABOLISM,Vanilla-only significant,PI4KB,-1.83529637153435,-1.66960272965875,145.5,154.0,25.5,17.0,0.8550295857988166,0.9053254437869822,0.050295857988165604
cd4_12h_vs_24h,REACTOME_PHOSPHOLIPID_METABOLISM,Vanilla-only significant,PIK3C2A,-0.890600439272627,-0.949206733236626,99.5,133.5,73.5,37.5,0.5710059171597633,0.7840236686390533,0.21301775147928992
cd4_12h_vs_24h,REACTOME_PHOSPHOLIPID_METABOLISM,Vanilla-only significant,PIK3C2B,0.0,-0.342699997178508,39.0,93.5,146.0,91.5,0.14201183431952663,0.46449704142011833,0.3224852071005917
cd4_12h_vs_24h,REACTOME_PHOSPHOLIPID_METABOLISM,Vanilla-only significant,PIK3C3,-0.438548104938605,-0.734528121160595,75.0,119.0,102.0,54.0,0.40236686390532544,0.6863905325443787,0.2840236686390532
cd4_12h_vs_24h,REACTOME_PHOSPHOLIPID_METABOLISM,Vanilla-only significant,PIK3CA,0.0,-2.21436886276447,39.0,162.5,146.0,8.5,0.14201183431952663,0.9556213017751479,0.8136094674556213
cd4_12h_vs_24h,REACTOME_PHOSPHOLIPID_METABOLISM,Vanilla-only significant,PIK3CB,-3.35407699492767,0.0,165.5,52.5,5.5,157.5,0.9733727810650887,0.07396449704142012,-0.8994082840236686
cd4_12h_vs_24h,REACTOME_PHOSPHOLIPID_METABOLISM,Vanilla-only significant,PIK3CD,-0.890600439272627,-0.165285688811893,99.5,77.5,73.5,112.5,0.5710059171597633,0.34023668639053256,-0.23076923076923078
cd4_12h_vs_24h,REACTOME_PHOSPHOLIPID_METABOLISM,Vanilla-only significant,PIK3CG,-2.32797569262493,-0.165285688811893,156.5,77.5,14.5,112.5,0.9201183431952663,0.34023668639053256,-0.5798816568047338
cd4_12h_vs_24h,REACTOME_PHOSPHOLIPID_METABOLISM,Vanilla-only significant,PIK3R1,-2.32797569262493,0.153335069543525,156.5,29.5,14.5,134.5,0.9201183431952663,0.21005917159763313,-0.7100591715976332
cd4_12h_vs_24h,REACTOME_PHOSPHOLIPID_METABOLISM,Vanilla-only significant,PIK3R2,-0.438548104938605,0.294920476120692,75.0,17.0,102.0,98.0,0.40236686390532544,0.4260355029585799,0.023668639053254448
cd4_12h_vs_24h,REACTOME_PHOSPHOLIPID_METABOLISM,Vanilla-only significant,PIK3R3,0.0,0.0,39.0,52.5,146.0,157.5,0.14201183431952663,0.07396449704142012,-0.06804733727810651
cd4_12h_vs_24h,REACTOME_PHOSPHOLIPID_METABOLISM,Vanilla-only significant,PIK3R4,0.0,-1.17654766560029,39.0,145.0,146.0,26.0,0.14201183431952663,0.8520710059171598,0.7100591715976332
cd4_12h_vs_24h,REACTOME_PHOSPHOLIPID_METABOLISM,Vanilla-only significant,PIK3R5,-1.35617701700613,-0.165285688811893,125.0,77.5,46.0,112.5,0.7337278106508875,0.34023668639053256,-0.393491124260355
cd4_12h_vs_24h,REACTOME_PHOSPHOLIPID_METABOLISM,Vanilla-only significant,PIKFYVE,-1.83529637153435,0.294920476120692,145.5,17.0,25.5,98.0,0.8550295857988166,0.4260355029585799,-0.4289940828402367
cd4_12h_vs_24h,REACTOME_PHOSPHOLIPID_METABOLISM,Vanilla-only significant,PIP4K2A,-0.890600439272627,-3.46111480782809,99.5,170.0,73.5,1.0,0.5710059171597633,1.0,0.42899408284023666
cd4_12h_vs_24h,REACTOME_PHOSPHOLIPID_METABOLISM,Vanilla-only significant,PIP4K2B,-0.890600439272627,-0.734528121160595,99.5,119.0,73.5,54.0,0.5710059171597633,0.6863905325443787,0.11538461538461531
cd4_12h_vs_24h,REACTOME_PHOSPHOLIPID_METABOLISM,Vanilla-only significant,PIP4K2C,-0.890600439272627,-0.165285688811893,99.5,77.5,73.5,112.5,0.5710059171597633,0.34023668639053256,-0.23076923076923078
cd4_12h_vs_24h,REACTOME_PHOSPHOLIPID_METABOLISM,Vanilla-only significant,PIP4P1,-3.35407699492767,-0.165285688811893,165.5,77.5,5.5,112.5,0.9733727810650887,0.34023668639053256,-0.6331360946745561
cd4_12h_vs_24h,REACTOME_PHOSPHOLIPID_METABOLISM,Vanilla-only significant,PIP5K1A,-1.83529637153435,-1.93548515436159,145.5,157.5,25.5,13.5,0.8550295857988166,0.9260355029585798,0.07100591715976323
cd4_12h_vs_24h,REACTOME_PHOSPHOLIPID_METABOLISM,Vanilla-only significant,PIP5K1B,-0.438548104938605,-0.532400758842622,75.0,104.5,102.0,74.5,0.40236686390532544,0.5650887573964497,0.16272189349112426
cd4_12h_vs_24h,REACTOME_PHOSPHOLIPID_METABOLISM,Vanilla-only significant,PIP5K1C,0.0,0.0,39.0,52.5,146.0,157.5,0.14201183431952663,0.07396449704142012,-0.06804733727810651
cd4_12h_vs_24h,REACTOME_PHOSPHOLIPID_METABOLISM,Vanilla-only significant,PISD,0.0,-0.734528121160595,39.0,119.0,146.0,54.0,0.14201183431952663,0.6863905325443787,0.544378698224852
cd4_12h_vs_24h,REACTOME_PHOSPHOLIPID_METABOLISM,Vanilla-only significant,PITPNB,-0.890600439272627,-0.734528121160595,99.5,119.0,73.5,54.0,0.5710059171597633,0.6863905325443787,0.11538461538461531
cd4_12h_vs_24h,REACTOME_PHOSPHOLIPID_METABOLISM,Vanilla-only significant,PITPNM1,-2.32797569262493,0.153335069543525,156.5,29.5,14.5,134.5,0.9201183431952663,0.21005917159763313,-0.7100591715976332
cd4_12h_vs_24h,REACTOME_PHOSPHOLIPID_METABOLISM,Vanilla-only significant,PITPNM2,-0.438548104938605,-0.165285688811893,75.0,77.5,102.0,112.5,0.40236686390532544,0.34023668639053256,-0.062130177514792884
cd4_12h_vs_24h,REACTOME_PHOSPHOLIPID_METABOLISM,Vanilla-only significant,PITPNM3,0.0,0.0,39.0,52.5,146.0,157.5,0.14201183431952663,0.07396449704142012,-0.06804733727810651
cd4_12h_vs_24h,REACTOME_PHOSPHOLIPID_METABOLISM,Vanilla-only significant,PLA2G12A,-1.35617701700613,-0.342699997178508,125.0,93.5,46.0,91.5,0.7337278106508875,0.46449704142011833,-0.2692307692307692
cd4_12h_vs_24h,REACTOME_PHOSPHOLIPID_METABOLISM,Vanilla-only significant,PLA2G15,0.0,-0.342699997178508,39.0,93.5,146.0,91.5,0.14201183431952663,0.46449704142011833,0.3224852071005917
cd4_12h_vs_24h,REACTOME_PHOSPHOLIPID_METABOLISM,Vanilla-only significant,PLA2G1B,0.0,-0.342699997178508,39.0,93.5,146.0,91.5,0.14201183431952663,0.46449704142011833,0.3224852071005917
cd4_12h_vs_24h,REACTOME_PHOSPHOLIPID_METABOLISM,Vanilla-only significant,PLA2G4A,0.0,0.0,39.0,52.5,146.0,157.5,0.14201183431952663,0.07396449704142012,-0.06804733727810651
cd4_12h_vs_24h,REACTOME_PHOSPHOLIPID_METABOLISM,Vanilla-only significant,PLA2G4B,0.0,0.153335069543525,39.0,29.5,146.0,134.5,0.14201183431952663,0.21005917159763313,0.0680473372781065
cd4_12h_vs_24h,REACTOME_PHOSPHOLIPID_METABOLISM,Vanilla-only significant,PLA2G4C,-0.438548104938605,0.153335069543525,75.0,29.5,102.0,134.5,0.40236686390532544,0.21005917159763313,-0.19230769230769232
cd4_12h_vs_24h,REACTOME_PHOSPHOLIPID_METABOLISM,Vanilla-only significant,PLA2G6,0.0,0.543779834121491,39.0,6.0,146.0,65.0,0.14201183431952663,0.621301775147929,0.4792899408284023
cd4_12h_vs_24h,REACTOME_PHOSPHOLIPID_METABOLISM,Vanilla-only significant,PLA2R1,0.0,0.0,39.0,52.5,146.0,157.5,0.14201183431952663,0.07396449704142012,-0.06804733727810651
cd4_12h_vs_24h,REACTOME_PHOSPHOLIPID_METABOLISM,Vanilla-only significant,PLB1,0.0,0.0,39.0,52.5,146.0,157.5,0.14201183431952663,0.07396449704142012,-0.06804733727810651
cd4_12h_vs_24h,REACTOME_PHOSPHOLIPID_METABOLISM,Vanilla-only significant,PLD2,0.0,0.0,39.0,52.5,146.0,157.5,0.14201183431952663,0.07396449704142012,-0.06804733727810651
cd4_12h_vs_24h,REACTOME_PHOSPHOLIPID_METABOLISM,Vanilla-only significant,PLD3,-2.32797569262493,0.294920476120692,156.5,17.0,14.5,98.0,0.9201183431952663,0.4260355029585799,-0.4940828402366864
cd4_12h_vs_24h,REACTOME_PHOSPHOLIPID_METABOLISM,Vanilla-only significant,PLD6,-0.890600439272627,0.153335069543525,99.5,29.5,73.5,134.5,0.5710059171597633,0.21005917159763313,-0.36094674556213024
cd4_12h_vs_24h,REACTOME_PHOSPHOLIPID_METABOLISM,Vanilla-only significant,PLEKHA1,0.425065524136514,-0.532400758842622,10.5,104.5,117.5,74.5,0.3106508875739645,0.5650887573964497,0.25443786982248523
cd4_12h_vs_24h,REACTOME_PHOSPHOLIPID_METABOLISM,Vanilla-only significant,PLEKHA2,-1.83529637153435,-0.532400758842622,145.5,104.5,25.5,74.5,0.8550295857988166,0.5650887573964497,-0.2899408284023669
cd4_12h_vs_24h,REACTOME_PHOSPHOLIPID_METABOLISM,Vanilla-only significant,PLEKHA3,0.425065524136514,0.153335069543525,10.5,29.5,117.5,134.5,0.3106508875739645,0.21005917159763313,-0.10059171597633135
cd4_12h_vs_24h,REACTOME_PHOSPHOLIPID_METABOLISM,Vanilla-only significant,PLEKHA4,-0.890600439272627,-0.532400758842622,99.5,104.5,73.5,74.5,0.5710059171597633,0.5650887573964497,-0.00591715976331364
cd4_12h_vs_24h,REACTOME_PHOSPHOLIPID_METABOLISM,Vanilla-only significant,PLEKHA5,-0.438548104938605,0.42498323653411,75.0,11.5,102.0,84.5,0.40236686390532544,0.5059171597633136,0.1035502958579882
cd4_12h_vs_24h,REACTOME_PHOSPHOLIPID_METABOLISM,Vanilla-only significant,PLEKHA6,0.0,0.0,39.0,52.5,146.0,157.5,0.14201183431952663,0.07396449704142012,-0.06804733727810651
cd4_12h_vs_24h,REACTOME_PHOSPHOLIPID_METABOLISM,Vanilla-only significant,PLEKHA8,-0.890600439272627,0.153335069543525,99.5,29.5,73.5,134.5,0.5710059171597633,0.21005917159763313,-0.36094674556213024
cd4_12h_vs_24h,REACTOME_PHOSPHOLIPID_METABOLISM,Vanilla-only significant,PNPLA2,-0.438548104938605,-0.165285688811893,75.0,77.5,102.0,112.5,0.40236686390532544,0.34023668639053256,-0.062130177514792884
cd4_12h_vs_24h,REACTOME_PHOSPHOLIPID_METABOLISM,Vanilla-only significant,PNPLA3,-0.438548104938605,0.0,75.0,52.5,102.0,157.5,0.40236686390532544,0.07396449704142012,-0.32840236686390534
cd4_12h_vs_24h,REACTOME_PHOSPHOLIPID_METABOLISM,Vanilla-only significant,PNPLA6,-1.35617701700613,-0.734528121160595,125.0,119.0,46.0,54.0,0.7337278106508875,0.6863905325443787,-0.047337278106508895
cd4_12h_vs_24h,REACTOME_PHOSPHOLIPID_METABOLISM,Vanilla-only significant,PNPLA7,-0.438548104938605,0.153335069543525,75.0,29.5,102.0,134.5,0.40236686390532544,0.21005917159763313,-0.19230769230769232
cd4_12h_vs_24h,REACTOME_PHOSPHOLIPID_METABOLISM,Vanilla-only significant,PNPLA8,-1.35617701700613,-1.17654766560029,125.0,145.0,46.0,26.0,0.7337278106508875,0.8520710059171598,0.11834319526627224
cd4_12h_vs_24h,REACTOME_PHOSPHOLIPID_METABOLISM,Vanilla-only significant,PTDSS1,-3.35407699492767,0.543779834121491,165.5,6.0,5.5,65.0,0.9733727810650887,0.621301775147929,-0.3520710059171598
cd4_12h_vs_24h,REACTOME_PHOSPHOLIPID_METABOLISM,Vanilla-only significant,PTDSS2,0.0,0.0,39.0,52.5,146.0,157.5,0.14201183431952663,0.07396449704142012,-0.06804733727810651
cd4_12h_vs_24h,REACTOME_PHOSPHOLIPID_METABOLISM,Vanilla-only significant,PTEN,0.836671924080072,-2.81139146439607,4.5,167.5,88.5,3.5,0.4822485207100592,0.985207100591716,0.5029585798816568
cd4_12h_vs_24h,REACTOME_PHOSPHOLIPID_METABOLISM,Vanilla-only significant,PTPMT1,-2.8342309485119,-0.165285688811893,161.5,77.5,9.5,112.5,0.9497041420118343,0.34023668639053256,-0.6094674556213018
cd4_12h_vs_24h,REACTOME_PHOSPHOLIPID_METABOLISM,Vanilla-only significant,RAB14,0.425065524136514,-2.81139146439607,10.5,167.5,117.5,3.5,0.3106508875739645,0.985207100591716,0.6745562130177516
cd4_12h_vs_24h,REACTOME_PHOSPHOLIPID_METABOLISM,Vanilla-only significant,RAB4A,1.23484466016754,-1.17654766560029,1.5,145.0,59.5,26.0,0.6538461538461539,0.8520710059171598,0.19822485207100593
cd4_12h_vs_24h,REACTOME_PHOSPHOLIPID_METABOLISM,Vanilla-only significant,RAB5A,-3.88752767265326,-0.532400758842622,168.5,104.5,2.5,74.5,0.9911242603550295,0.5650887573964497,-0.42603550295857984
cd4_12h_vs_24h,REACTOME_PHOSPHOLIPID_METABOLISM,Vanilla-only significant,RUFY1,-1.35617701700613,-0.165285688811893,125.0,77.5,46.0,112.5,0.7337278106508875,0.34023668639053256,-0.393491124260355
cd4_12h_vs_24h,REACTOME_PHOSPHOLIPID_METABOLISM,Vanilla-only significant,SACM1L,0.0,-0.342699997178508,39.0,93.5,146.0,91.5,0.14201183431952663,0.46449704142011833,0.3224852071005917
cd4_12h_vs_24h,REACTOME_PHOSPHOLIPID_METABOLISM,Vanilla-only significant,SBF1,-2.8342309485119,-1.93548515436159,161.5,157.5,9.5,13.5,0.9497041420118343,0.9260355029585798,-0.023668639053254448
cd4_12h_vs_24h,REACTOME_PHOSPHOLIPID_METABOLISM,Vanilla-only significant,SBF2,-0.890600439272627,-0.949206733236626,99.5,133.5,73.5,37.5,0.5710059171597633,0.7840236686390533,0.21301775147928992
cd4_12h_vs_24h,REACTOME_PHOSPHOLIPID_METABOLISM,Vanilla-only significant,SELENOI,-2.8342309485119,-0.734528121160595,161.5,119.0,9.5,54.0,0.9497041420118343,0.6863905325443787,-0.26331360946745563
cd4_12h_vs_24h,REACTOME_PHOSPHOLIPID_METABOLISM,Vanilla-only significant,SLC44A1,-1.35617701700613,-0.734528121160595,125.0,119.0,46.0,54.0,0.7337278106508875,0.6863905325443787,-0.047337278106508895
cd4_12h_vs_24h,REACTOME_PHOSPHOLIPID_METABOLISM,Vanilla-only significant,SLC44A2,-0.438548104938605,-0.949206733236626,75.0,133.5,102.0,37.5,0.40236686390532544,0.7840236686390533,0.3816568047337278
cd4_12h_vs_24h,REACTOME_PHOSPHOLIPID_METABOLISM,Vanilla-only significant,SLC44A4,0.0,0.0,39.0,52.5,146.0,157.5,0.14201183431952663,0.07396449704142012,-0.06804733727810651
cd4_12h_vs_24h,REACTOME_PHOSPHOLIPID_METABOLISM,Vanilla-only significant,SLC44A5,-1.35617701700613,-0.165285688811893,125.0,77.5,46.0,112.5,0.7337278106508875,0.34023668639053256,-0.393491124260355
cd4_12h_vs_24h,REACTOME_PHOSPHOLIPID_METABOLISM,Vanilla-only significant,STARD10,-1.35617701700613,-1.41665008767604,125.0,151.5,46.0,19.5,0.7337278106508875,0.8905325443786982,0.15680473372781067
cd4_12h_vs_24h,REACTOME_PHOSPHOLIPID_METABOLISM,Vanilla-only significant,STARD7,-1.83529637153435,-1.93548515436159,145.5,157.5,25.5,13.5,0.8550295857988166,0.9260355029585798,0.07100591715976323
cd4_12h_vs_24h,REACTOME_PHOSPHOLIPID_METABOLISM,Vanilla-only significant,SYNJ1,-0.438548104938605,-0.532400758842622,75.0,104.5,102.0,74.5,0.40236686390532544,0.5650887573964497,0.16272189349112426
cd4_12h_vs_24h,REACTOME_PHOSPHOLIPID_METABOLISM,Vanilla-only significant,SYNJ2,-1.35617701700613,0.0,125.0,52.5,46.0,157.5,0.7337278106508875,0.07396449704142012,-0.6597633136094674
cd4_12h_vs_24h,REACTOME_PHOSPHOLIPID_METABOLISM,Vanilla-only significant,TAZ,-1.83529637153435,-0.734528121160595,145.5,119.0,25.5,54.0,0.8550295857988166,0.6863905325443787,-0.16863905325443795
cd4_12h_vs_24h,REACTOME_PHOSPHOLIPID_METABOLISM,Vanilla-only significant,TMEM86B,0.0,0.0,39.0,52.5,146.0,157.5,0.14201183431952663,0.07396449704142012,-0.06804733727810651
cd4_12h_vs_24h,REACTOME_PHOSPHOLIPID_METABOLISM,Vanilla-only significant,TNFAIP8,0.0,-0.734528121160595,39.0,119.0,146.0,54.0,0.14201183431952663,0.6863905325443787,0.544378698224852
cd4_12h_vs_24h,REACTOME_PHOSPHOLIPID_METABOLISM,Vanilla-only significant,TNFAIP8L1,0.425065524136514,-0.165285688811893,10.5,77.5,117.5,112.5,0.3106508875739645,0.34023668639053256,0.029585798816568087
cd4_12h_vs_24h,REACTOME_PHOSPHOLIPID_METABOLISM,Vanilla-only significant,TNFAIP8L2,-1.83529637153435,0.42498323653411,145.5,11.5,25.5,84.5,0.8550295857988166,0.5059171597633136,-0.34911242603550297
cd4_12h_vs_24h,REACTOME_PHOSPHOLIPID_METABOLISM,Vanilla-only significant,VAC14,-1.83529637153435,-0.342699997178508,145.5,93.5,25.5,91.5,0.8550295857988166,0.46449704142011833,-0.3905325443786983
cd4_12h_vs_24h,REACTOME_PYRUVATE_METABOLISM,GenePT-only significant,BSG,-3.38274928535449,1.68196810392185,26.0,4.0,1.0,5.0,1.0,0.84,-0.16000000000000003
cd4_12h_vs_24h,REACTOME_PYRUVATE_METABOLISM,GenePT-only significant,DLAT,-0.570833100414529,-0.29194939201165,21.0,19.0,9.0,22.0,0.68,0.16,-0.52
cd4_12h_vs_24h,REACTOME_PYRUVATE_METABOLISM,GenePT-only significant,DLD,-2.59980979167519,-1.24674594506362,25.0,23.0,2.0,11.0,0.96,0.6,-0.36
cd4_12h_vs_24h,REACTOME_PYRUVATE_METABOLISM,GenePT-only significant,GLO1,-1.5256296534665,-0.29194939201165,22.5,19.0,5.5,22.0,0.82,0.16,-0.6599999999999999
cd4_12h_vs_24h,REACTOME_PYRUVATE_METABOLISM,GenePT-only significant,GSTZ1,0.26588242470284,1.87166886558596,10.0,3.0,20.0,4.0,0.24,0.88,0.64
cd4_12h_vs_24h,REACTOME_PYRUVATE_METABOLISM,GenePT-only significant,HAGH,1.20095703320099,-1.94953514307575,2.0,26.0,7.0,3.0,0.76,0.92,0.16000000000000003
cd4_12h_vs_24h,REACTOME_PYRUVATE_METABOLISM,GenePT-only significant,LDHA,1.59278515718308,1.03782119716418,1.0,8.5,4.0,13.5,0.88,0.5,-0.38
cd4_12h_vs_24h,REACTOME_PYRUVATE_METABOLISM,GenePT-only significant,LDHAL6A,0.0,0.544766133105719,15.0,12.5,25.0,18.5,0.04,0.3,0.26
cd4_12h_vs_24h,REACTOME_PYRUVATE_METABOLISM,GenePT-only significant,LDHB,-1.8703708072345,2.21436886276447,24.0,1.0,3.0,1.0,0.92,1.0,0.07999999999999996
cd4_12h_vs_24h,REACTOME_PYRUVATE_METABOLISM,GenePT-only significant,LDHC,0.26588242470284,1.26516212952784,10.0,7.0,20.0,9.0,0.24,0.68,0.44000000000000006
cd4_12h_vs_24h,REACTOME_PYRUVATE_METABOLISM,GenePT-only significant,MPC1,-0.278883708402879,2.04908317395257,18.5,2.0,14.5,2.0,0.46,0.96,0.49999999999999994
cd4_12h_vs_24h,REACTOME_PYRUVATE_METABOLISM,GenePT-only significant,MPC2,0.518835066685553,1.47984074160387,5.0,5.5,11.0,7.5,0.6,0.74,0.14
cd4_12h_vs_24h,REACTOME_PYRUVATE_METABOLISM,GenePT-only significant,PDHA1,0.0,-1.59148709883162,15.0,25.0,25.0,6.0,0.04,0.8,0.76
cd4_12h_vs_24h,REACTOME_PYRUVATE_METABOLISM,GenePT-only significant,PDHB,0.518835066685553,-0.29194939201165,5.0,19.0,11.0,22.0,0.6,0.16,-0.43999999999999995
cd4_12h_vs_24h,REACTOME_PYRUVATE_METABOLISM,GenePT-only significant,PDHX,-1.5256296534665,0.544766133105719,22.5,12.5,5.5,18.5,0.82,0.3,-0.52
cd4_12h_vs_24h,REACTOME_PYRUVATE_METABOLISM,GenePT-only significant,PDK1,0.26588242470284,0.797718775088431,10.0,10.0,20.0,15.0,0.24,0.44,0.2
cd4_12h_vs_24h,REACTOME_PYRUVATE_METABOLISM,GenePT-only significant,PDK2,0.0,-0.597022601631597,15.0,21.0,25.0,16.0,0.04,0.4,0.36000000000000004
cd4_12h_vs_24h,REACTOME_PYRUVATE_METABOLISM,GenePT-only significant,PDK3,-0.278883708402879,-1.24674594506362,18.5,23.0,14.5,11.0,0.46,0.6,0.13999999999999996
cd4_12h_vs_24h,REACTOME_PYRUVATE_METABOLISM,GenePT-only significant,PDP1,-0.278883708402879,0.544766133105719,18.5,12.5,14.5,18.5,0.46,0.3,-0.16000000000000003
cd4_12h_vs_24h,REACTOME_PYRUVATE_METABOLISM,GenePT-only significant,PDP2,0.26588242470284,1.03782119716418,10.0,8.5,20.0,13.5,0.24,0.5,0.26
cd4_12h_vs_24h,REACTOME_PYRUVATE_METABOLISM,GenePT-only significant,PDPR,-0.278883708402879,1.47984074160387,18.5,5.5,14.5,7.5,0.46,0.74,0.27999999999999997
cd4_12h_vs_24h,REACTOME_PYRUVATE_METABOLISM,GenePT-only significant,PPARD,0.26588242470284,0.278883708402879,10.0,16.0,20.0,25.0,0.24,0.04,-0.19999999999999998
cd4_12h_vs_24h,REACTOME_PYRUVATE_METABOLISM,GenePT-only significant,RXRA,0.26588242470284,0.278883708402879,10.0,16.0,20.0,25.0,0.24,0.04,-0.19999999999999998
cd4_12h_vs_24h,REACTOME_PYRUVATE_METABOLISM,GenePT-only significant,SLC16A1,0.518835066685553,0.278883708402879,5.0,16.0,11.0,25.0,0.6,0.04,-0.5599999999999999
cd4_12h_vs_24h,REACTOME_PYRUVATE_METABOLISM,GenePT-only significant,SLC16A3,0.26588242470284,0.544766133105719,10.0,12.5,20.0,18.5,0.24,0.3,0.06
cd4_12h_vs_24h,REACTOME_PYRUVATE_METABOLISM,GenePT-only significant,VDAC1,0.758937488761304,-1.24674594506362,3.0,23.0,8.0,11.0,0.72,0.6,-0.12
cd4_12h_vs_24h,REACTOME_SULFUR_AMINO_ACID_METABOLISM,GenePT-only significant,ADI1,1.20095703320099,0.305073209619947,3.0,13.0,3.0,20.0,0.9090909090909091,0.13636363636363635,-0.7727272727272727
cd4_12h_vs_24h,REACTOME_SULFUR_AMINO_ACID_METABOLISM,GenePT-only significant,ADO,1.20095703320099,0.875906310034476,3.0,8.0,3.0,11.0,0.9090909090909091,0.5454545454545454,-0.36363636363636365
cd4_12h_vs_24h,REACTOME_SULFUR_AMINO_ACID_METABOLISM,GenePT-only significant,AHCY,0.518835066685553,1.14178873473732,11.0,5.5,15.0,7.5,0.36363636363636365,0.7045454545454546,0.34090909090909094
cd4_12h_vs_24h,REACTOME_SULFUR_AMINO_ACID_METABOLISM,GenePT-only significant,APIP,1.20095703320099,0.597022601631597,3.0,11.0,3.0,15.0,0.9090909090909091,0.36363636363636365,-0.5454545454545454
cd4_12h_vs_24h,REACTOME_SULFUR_AMINO_ACID_METABOLISM,GenePT-only significant,BHMT2,0.0,0.0,17.5,15.0,21.5,22.0,0.06818181818181818,0.045454545454545456,-0.02272727272727272
cd4_12h_vs_24h,REACTOME_SULFUR_AMINO_ACID_METABOLISM,GenePT-only significant,CBS,0.0,0.0,17.5,15.0,21.5,22.0,0.06818181818181818,0.045454545454545456,-0.02272727272727272
cd4_12h_vs_24h,REACTOME_SULFUR_AMINO_ACID_METABOLISM,GenePT-only significant,CSAD,0.0,-2.10867023923255,17.5,23.0,21.5,1.0,0.06818181818181818,1.0,0.9318181818181819
cd4_12h_vs_24h,REACTOME_SULFUR_AMINO_ACID_METABOLISM,GenePT-only significant,CTH,0.26588242470284,-0.994464497200023,14.0,21.0,18.0,9.0,0.22727272727272727,0.6363636363636364,0.40909090909090906
cd4_12h_vs_24h,REACTOME_SULFUR_AMINO_ACID_METABOLISM,GenePT-only significant,ENOPH1,-0.875906310034476,0.875906310034476,22.5,8.0,6.5,11.0,0.75,0.5454545454545454,-0.20454545454545459
cd4_12h_vs_24h,REACTOME_SULFUR_AMINO_ACID_METABOLISM,GenePT-only significant,ETHE1,1.7701994655497,1.63484379879578,1.0,2.0,1.0,3.0,1.0,0.9090909090909091,-0.09090909090909094
cd4_12h_vs_24h,REACTOME_SULFUR_AMINO_ACID_METABOLISM,GenePT-only significant,GOT1,0.518835066685553,0.597022601631597,11.0,11.0,15.0,15.0,0.36363636363636365,0.36363636363636365,0.0
cd4_12h_vs_24h,REACTOME_SULFUR_AMINO_ACID_METABOLISM,GenePT-only significant,GOT2,0.26588242470284,-0.649723343432027,14.0,20.0,18.0,13.0,0.22727272727272727,0.45454545454545453,0.22727272727272727
cd4_12h_vs_24h,REACTOME_SULFUR_AMINO_ACID_METABOLISM,GenePT-only significant,MPST,0.758937488761304,0.0,7.5,15.0,9.5,22.0,0.6136363636363636,0.045454545454545456,-0.5681818181818182
cd4_12h_vs_24h,REACTOME_SULFUR_AMINO_ACID_METABOLISM,GenePT-only significant,MRI1,0.518835066685553,1.39474137672003,11.0,3.5,15.0,4.5,0.36363636363636365,0.8409090909090909,0.4772727272727273
cd4_12h_vs_24h,REACTOME_SULFUR_AMINO_ACID_METABOLISM,GenePT-only significant,MTAP,0.986278421124963,-0.318249621790182,5.0,18.0,5.0,18.0,0.8181818181818182,0.22727272727272727,-0.5909090909090909
cd4_12h_vs_24h,REACTOME_SULFUR_AMINO_ACID_METABOLISM,GenePT-only significant,MTR,0.758937488761304,1.14178873473732,7.5,5.5,9.5,7.5,0.6136363636363636,0.7045454545454546,0.09090909090909094
cd4_12h_vs_24h,REACTOME_SULFUR_AMINO_ACID_METABOLISM,GenePT-only significant,MTRR,-0.570833100414529,0.875906310034476,20.5,8.0,12.5,11.0,0.4772727272727273,0.5454545454545454,0.06818181818181812
cd4_12h_vs_24h,REACTOME_SULFUR_AMINO_ACID_METABOLISM,GenePT-only significant,SLC25A10,0.758937488761304,-1.35251254144416,7.5,22.0,9.5,6.0,0.6136363636363636,0.7727272727272727,0.15909090909090906
cd4_12h_vs_24h,REACTOME_SULFUR_AMINO_ACID_METABOLISM,GenePT-only significant,SQOR,0.758937488761304,2.07686334323547,7.5,1.0,9.5,2.0,0.6136363636363636,0.9545454545454546,0.34090909090909094
cd4_12h_vs_24h,REACTOME_SULFUR_AMINO_ACID_METABOLISM,GenePT-only significant,SUOX,0.26588242470284,-0.318249621790182,14.0,18.0,18.0,18.0,0.22727272727272727,0.22727272727272727,0.0
cd4_12h_vs_24h,REACTOME_SULFUR_AMINO_ACID_METABOLISM,GenePT-only significant,TST,0.0,-0.318249621790182,17.5,18.0,21.5,18.0,0.06818181818181818,0.22727272727272727,0.1590909090909091
cd4_12h_vs_24h,REACTOME_SULFUR_AMINO_ACID_METABOLISM,GenePT-only significant,TSTD1,-0.875906310034476,0.597022601631597,22.5,11.0,6.5,15.0,0.75,0.36363636363636365,-0.38636363636363635
cd4_12h_vs_24h,REACTOME_SULFUR_AMINO_ACID_METABOLISM,GenePT-only significant,TXN2,-0.570833100414529,1.39474137672003,20.5,3.5,12.5,4.5,0.4772727272727273,0.8409090909090909,0.36363636363636365
cd4_12h_vs_24h,REACTOME_SYNTHESIS_OF_SUBSTRATES_IN_N_GLYCAN_BIOSYTHESIS,GenePT-only significant,ALG5,0.0,0.875906310034476,18.5,15.5,47.5,20.5,0.08823529411764706,0.6176470588235294,0.5294117647058824
cd4_12h_vs_24h,REACTOME_SYNTHESIS_OF_SUBSTRATES_IN_N_GLYCAN_BIOSYTHESIS,GenePT-only significant,AMDHD2,-0.252952641982712,0.0,28.0,36.0,32.0,50.0,0.39215686274509803,0.0392156862745098,-0.3529411764705882
cd4_12h_vs_24h,REACTOME_SYNTHESIS_OF_SUBSTRATES_IN_N_GLYCAN_BIOSYTHESIS,GenePT-only significant,CMAS,0.0,0.597022601631597,18.5,23.0,47.5,35.0,0.08823529411764706,0.3333333333333333,0.24509803921568624
cd4_12h_vs_24h,REACTOME_SYNTHESIS_OF_SUBSTRATES_IN_N_GLYCAN_BIOSYTHESIS,GenePT-only significant,CTSA,1.56998515721956,1.39474137672003,1.0,6.5,3.0,7.5,0.9607843137254902,0.8725490196078431,-0.08823529411764708
cd4_12h_vs_24h,REACTOME_SYNTHESIS_OF_SUBSTRATES_IN_N_GLYCAN_BIOSYTHESIS,GenePT-only significant,DHDDS,-0.518835066685553,1.39474137672003,37.5,6.5,20.5,7.5,0.6176470588235294,0.8725490196078431,0.2549019607843137
cd4_12h_vs_24h,REACTOME_SYNTHESIS_OF_SUBSTRATES_IN_N_GLYCAN_BIOSYTHESIS,GenePT-only significant,DOLK,0.240102422075751,-0.318249621790182,10.5,39.5,39.5,39.5,0.24509803921568626,0.24509803921568626,0.0
cd4_12h_vs_24h,REACTOME_SYNTHESIS_OF_SUBSTRATES_IN_N_GLYCAN_BIOSYTHESIS,GenePT-only significant,DOLPP1,-0.252952641982712,-0.649723343432027,28.0,44.0,32.0,28.0,0.39215686274509803,0.47058823529411764,0.0784313725490196
cd4_12h_vs_24h,REACTOME_SYNTHESIS_OF_SUBSTRATES_IN_N_GLYCAN_BIOSYTHESIS,GenePT-only significant,DPM1,1.25136439886414,0.875906310034476,2.5,15.5,4.5,20.5,0.9313725490196079,0.6176470588235294,-0.3137254901960784
cd4_12h_vs_24h,REACTOME_SYNTHESIS_OF_SUBSTRATES_IN_N_GLYCAN_BIOSYTHESIS,GenePT-only significant,DPM2,-0.518835066685553,0.597022601631597,37.5,23.0,20.5,35.0,0.6176470588235294,0.3333333333333333,-0.2843137254901961
cd4_12h_vs_24h,REACTOME_SYNTHESIS_OF_SUBSTRATES_IN_N_GLYCAN_BIOSYTHESIS,GenePT-only significant,DPM3,-1.71299099851021,1.86218473115944,51.0,4.5,2.0,5.5,0.9803921568627451,0.9117647058823529,-0.06862745098039214
cd4_12h_vs_24h,REACTOME_SYNTHESIS_OF_SUBSTRATES_IN_N_GLYCAN_BIOSYTHESIS,GenePT-only significant,FPGT,-0.252952641982712,0.875906310034476,28.0,15.5,32.0,20.5,0.39215686274509803,0.6176470588235294,0.2254901960784314
cd4_12h_vs_24h,REACTOME_SYNTHESIS_OF_SUBSTRATES_IN_N_GLYCAN_BIOSYTHESIS,GenePT-only significant,FUOM,0.884249328833414,2.46869146721756,4.5,2.5,10.5,3.5,0.8137254901960784,0.9509803921568627,0.13725490196078427
cd4_12h_vs_24h,REACTOME_SYNTHESIS_OF_SUBSTRATES_IN_N_GLYCAN_BIOSYTHESIS,GenePT-only significant,GFPT1,-0.252952641982712,-0.649723343432027,28.0,44.0,32.0,28.0,0.39215686274509803,0.47058823529411764,0.0784313725490196
cd4_12h_vs_24h,REACTOME_SYNTHESIS_OF_SUBSTRATES_IN_N_GLYCAN_BIOSYTHESIS,GenePT-only significant,GFPT2,0.0,0.0,18.5,36.0,47.5,50.0,0.08823529411764706,0.0392156862745098,-0.04901960784313726
cd4_12h_vs_24h,REACTOME_SYNTHESIS_OF_SUBSTRATES_IN_N_GLYCAN_BIOSYTHESIS,GenePT-only significant,GLB1,-0.518835066685553,-0.994464497200023,37.5,48.5,20.5,15.5,0.6176470588235294,0.7156862745098039,0.0980392156862745
cd4_12h_vs_24h,REACTOME_SYNTHESIS_OF_SUBSTRATES_IN_N_GLYCAN_BIOSYTHESIS,GenePT-only significant,GMDS,-1.08966816710008,2.46869146721756,48.5,2.5,7.5,3.5,0.8725490196078431,0.9509803921568627,0.07843137254901955
cd4_12h_vs_24h,REACTOME_SYNTHESIS_OF_SUBSTRATES_IN_N_GLYCAN_BIOSYTHESIS,GenePT-only significant,GMPPA,-1.08966816710008,0.875906310034476,48.5,15.5,7.5,20.5,0.8725490196078431,0.6176470588235294,-0.2549019607843137
cd4_12h_vs_24h,REACTOME_SYNTHESIS_OF_SUBSTRATES_IN_N_GLYCAN_BIOSYTHESIS,GenePT-only significant,GMPPB,0.240102422075751,0.305073209619947,10.5,30.0,39.5,44.0,0.24509803921568626,0.1568627450980392,-0.08823529411764705
cd4_12h_vs_24h,REACTOME_SYNTHESIS_OF_SUBSTRATES_IN_N_GLYCAN_BIOSYTHESIS,GenePT-only significant,GNE,0.240102422075751,0.305073209619947,10.5,30.0,39.5,44.0,0.24509803921568626,0.1568627450980392,-0.08823529411764705
cd4_12h_vs_24h,REACTOME_SYNTHESIS_OF_SUBSTRATES_IN_N_GLYCAN_BIOSYTHESIS,GenePT-only significant,GNPNAT1,-0.252952641982712,-0.649723343432027,28.0,44.0,32.0,28.0,0.39215686274509803,0.47058823529411764,0.0784313725490196
cd4_12h_vs_24h,REACTOME_SYNTHESIS_OF_SUBSTRATES_IN_N_GLYCAN_BIOSYTHESIS,GenePT-only significant,MPI,-0.518835066685553,0.875906310034476,37.5,15.5,20.5,20.5,0.6176470588235294,0.6176470588235294,0.0
cd4_12h_vs_24h,REACTOME_SYNTHESIS_OF_SUBSTRATES_IN_N_GLYCAN_BIOSYTHESIS,GenePT-only significant,MVD,0.240102422075751,-0.649723343432027,10.5,44.0,39.5,28.0,0.24509803921568626,0.47058823529411764,0.22549019607843138
cd4_12h_vs_24h,REACTOME_SYNTHESIS_OF_SUBSTRATES_IN_N_GLYCAN_BIOSYTHESIS,GenePT-only significant,NAGK,0.0,0.597022601631597,18.5,23.0,47.5,35.0,0.08823529411764706,0.3333333333333333,0.24509803921568624
cd4_12h_vs_24h,REACTOME_SYNTHESIS_OF_SUBSTRATES_IN_N_GLYCAN_BIOSYTHESIS,GenePT-only significant,NANP,-0.518835066685553,-1.35251254144416,37.5,50.5,20.5,9.5,0.6176470588235294,0.8333333333333334,0.21568627450980393
cd4_12h_vs_24h,REACTOME_SYNTHESIS_OF_SUBSTRATES_IN_N_GLYCAN_BIOSYTHESIS,GenePT-only significant,NANS,-0.797718775088431,-3.34351489940009,44.5,52.0,13.5,2.0,0.7549019607843137,0.9803921568627451,0.22549019607843135
cd4_12h_vs_24h,REACTOME_SYNTHESIS_OF_SUBSTRATES_IN_N_GLYCAN_BIOSYTHESIS,GenePT-only significant,NEU1,0.0,0.597022601631597,18.5,23.0,47.5,35.0,0.08823529411764706,0.3333333333333333,0.24509803921568624
cd4_12h_vs_24h,REACTOME_SYNTHESIS_OF_SUBSTRATES_IN_N_GLYCAN_BIOSYTHESIS,GenePT-only significant,NEU3,-0.797718775088431,0.305073209619947,44.5,30.0,13.5,44.0,0.7549019607843137,0.1568627450980392,-0.5980392156862745
cd4_12h_vs_24h,REACTOME_SYNTHESIS_OF_SUBSTRATES_IN_N_GLYCAN_BIOSYTHESIS,GenePT-only significant,NPL,-0.252952641982712,0.875906310034476,28.0,15.5,32.0,20.5,0.39215686274509803,0.6176470588235294,0.2254901960784314
cd4_12h_vs_24h,REACTOME_SYNTHESIS_OF_SUBSTRATES_IN_N_GLYCAN_BIOSYTHESIS,GenePT-only significant,NUDT14,0.0,0.305073209619947,18.5,30.0,47.5,44.0,0.08823529411764706,0.1568627450980392,0.06862745098039215
cd4_12h_vs_24h,REACTOME_SYNTHESIS_OF_SUBSTRATES_IN_N_GLYCAN_BIOSYTHESIS,GenePT-only significant,NUS1,0.467443354439411,1.14178873473732,6.5,9.5,26.5,12.5,0.5,0.7745098039215687,0.27450980392156865
cd4_12h_vs_24h,REACTOME_SYNTHESIS_OF_SUBSTRATES_IN_N_GLYCAN_BIOSYTHESIS,GenePT-only significant,PGM3,-1.08966816710008,0.305073209619947,48.5,30.0,7.5,44.0,0.8725490196078431,0.1568627450980392,-0.7156862745098039
cd4_12h_vs_24h,REACTOME_SYNTHESIS_OF_SUBSTRATES_IN_N_GLYCAN_BIOSYTHESIS,GenePT-only significant,PMM1,-0.252952641982712,-0.649723343432027,28.0,44.0,32.0,28.0,0.39215686274509803,0.47058823529411764,0.0784313725490196
cd4_12h_vs_24h,REACTOME_SYNTHESIS_OF_SUBSTRATES_IN_N_GLYCAN_BIOSYTHESIS,GenePT-only significant,PMM2,0.467443354439411,1.14178873473732,6.5,9.5,26.5,12.5,0.5,0.7745098039215687,0.27450980392156865
cd4_12h_vs_24h,REACTOME_SYNTHESIS_OF_SUBSTRATES_IN_N_GLYCAN_BIOSYTHESIS,GenePT-only significant,RENBP,0.240102422075751,0.305073209619947,10.5,30.0,39.5,44.0,0.24509803921568626,0.1568627450980392,-0.08823529411764705
cd4_12h_vs_24h,REACTOME_SYNTHESIS_OF_SUBSTRATES_IN_N_GLYCAN_BIOSYTHESIS,GenePT-only significant,SLC17A5,0.0,0.597022601631597,18.5,23.0,47.5,35.0,0.08823529411764706,0.3333333333333333,0.24509803921568624
cd4_12h_vs_24h,REACTOME_SYNTHESIS_OF_SUBSTRATES_IN_N_GLYCAN_BIOSYTHESIS,GenePT-only significant,SLC35A1,-0.797718775088431,0.0,44.5,36.0,13.5,50.0,0.7549019607843137,0.0392156862745098,-0.7156862745098039
cd4_12h_vs_24h,REACTOME_SYNTHESIS_OF_SUBSTRATES_IN_N_GLYCAN_BIOSYTHESIS,GenePT-only significant,SLC35C1,0.240102422075751,-1.35251254144416,10.5,50.5,39.5,9.5,0.24509803921568626,0.8333333333333334,0.5882352941176471
cd4_12h_vs_24h,REACTOME_SYNTHESIS_OF_SUBSTRATES_IN_N_GLYCAN_BIOSYTHESIS,GenePT-only significant,SRD5A3,-0.518835066685553,0.305073209619947,37.5,30.0,20.5,44.0,0.6176470588235294,0.1568627450980392,-0.4607843137254902
cd4_12h_vs_24h,REACTOME_SYNTHESIS_OF_SUBSTRATES_IN_N_GLYCAN_BIOSYTHESIS,GenePT-only significant,ST3GAL1,1.25136439886414,0.875906310034476,2.5,15.5,4.5,20.5,0.9313725490196079,0.6176470588235294,-0.3137254901960784
cd4_12h_vs_24h,REACTOME_SYNTHESIS_OF_SUBSTRATES_IN_N_GLYCAN_BIOSYTHESIS,GenePT-only significant,ST3GAL2,-0.518835066685553,0.597022601631597,37.5,23.0,20.5,35.0,0.6176470588235294,0.3333333333333333,-0.2843137254901961
cd4_12h_vs_24h,REACTOME_SYNTHESIS_OF_SUBSTRATES_IN_N_GLYCAN_BIOSYTHESIS,GenePT-only significant,ST3GAL3,-0.518835066685553,-0.318249621790182,37.5,39.5,20.5,39.5,0.6176470588235294,0.24509803921568626,-0.37254901960784315
cd4_12h_vs_24h,REACTOME_SYNTHESIS_OF_SUBSTRATES_IN_N_GLYCAN_BIOSYTHESIS,GenePT-only significant,ST3GAL4,-0.252952641982712,1.14178873473732,28.0,9.5,32.0,12.5,0.39215686274509803,0.7745098039215687,0.3823529411764706
cd4_12h_vs_24h,REACTOME_SYNTHESIS_OF_SUBSTRATES_IN_N_GLYCAN_BIOSYTHESIS,GenePT-only significant,ST3GAL5,-0.518835066685553,-0.994464497200023,37.5,48.5,20.5,15.5,0.6176470588235294,0.7156862745098039,0.0980392156862745
cd4_12h_vs_24h,REACTOME_SYNTHESIS_OF_SUBSTRATES_IN_N_GLYCAN_BIOSYTHESIS,GenePT-only significant,ST6GAL1,-1.08966816710008,0.597022601631597,48.5,23.0,7.5,35.0,0.8725490196078431,0.3333333333333333,-0.5392156862745099
cd4_12h_vs_24h,REACTOME_SYNTHESIS_OF_SUBSTRATES_IN_N_GLYCAN_BIOSYTHESIS,GenePT-only significant,ST6GALNAC3,0.0,-0.649723343432027,18.5,44.0,47.5,28.0,0.08823529411764706,0.47058823529411764,0.38235294117647056
cd4_12h_vs_24h,REACTOME_SYNTHESIS_OF_SUBSTRATES_IN_N_GLYCAN_BIOSYTHESIS,GenePT-only significant,ST6GALNAC4,-0.252952641982712,0.0,28.0,36.0,32.0,50.0,0.39215686274509803,0.0392156862745098,-0.3529411764705882
cd4_12h_vs_24h,REACTOME_SYNTHESIS_OF_SUBSTRATES_IN_N_GLYCAN_BIOSYTHESIS,GenePT-only significant,ST6GALNAC6,-0.518835066685553,0.875906310034476,37.5,15.5,20.5,20.5,0.6176470588235294,0.6176470588235294,0.0
cd4_12h_vs_24h,REACTOME_SYNTHESIS_OF_SUBSTRATES_IN_N_GLYCAN_BIOSYTHESIS,GenePT-only significant,ST8SIA1,0.0,-0.649723343432027,18.5,44.0,47.5,28.0,0.08823529411764706,0.47058823529411764,0.38235294117647056
cd4_12h_vs_24h,REACTOME_SYNTHESIS_OF_SUBSTRATES_IN_N_GLYCAN_BIOSYTHESIS,GenePT-only significant,ST8SIA4,-0.797718775088431,1.14178873473732,44.5,9.5,13.5,12.5,0.7549019607843137,0.7745098039215687,0.019607843137254943
cd4_12h_vs_24h,REACTOME_SYNTHESIS_OF_SUBSTRATES_IN_N_GLYCAN_BIOSYTHESIS,GenePT-only significant,ST8SIA6,0.0,0.0,18.5,36.0,47.5,50.0,0.08823529411764706,0.0392156862745098,-0.04901960784313726
cd4_12h_vs_24h,REACTOME_SYNTHESIS_OF_SUBSTRATES_IN_N_GLYCAN_BIOSYTHESIS,GenePT-only significant,TSTA3,0.884249328833414,3.56016143184134,4.5,1.0,10.5,1.0,0.8137254901960784,1.0,0.18627450980392157
cd4_12h_vs_24h,REACTOME_SYNTHESIS_OF_SUBSTRATES_IN_N_GLYCAN_BIOSYTHESIS,GenePT-only significant,UAP1,-2.38920587392005,1.86218473115944,52.0,4.5,1.0,5.5,1.0,0.9117647058823529,-0.08823529411764708
cd4_12h_vs_24h,REACTOME_TRIGLYCERIDE_METABOLISM,Vanilla-only significant,ABHD5,0.623322831410129,-1.14178873473732,12.0,19.0,12.0,8.0,0.5,0.6818181818181818,0.18181818181818177
cd4_12h_vs_24h,REACTOME_TRIGLYCERIDE_METABOLISM,Vanilla-only significant,CAV1,0.0,0.252952641982712,20.0,7.5,21.0,16.5,0.09090909090909091,0.29545454545454547,0.20454545454545456
cd4_12h_vs_24h,REACTOME_TRIGLYCERIDE_METABOLISM,Vanilla-only significant,DGAT1,2.18043435294962,0.0,2.5,11.5,2.5,20.5,0.9318181818181818,0.11363636363636363,-0.8181818181818181
cd4_12h_vs_24h,REACTOME_TRIGLYCERIDE_METABOLISM,Vanilla-only significant,DGAT2,0.623322831410129,-0.836715525117369,12.0,17.0,12.0,11.0,0.5,0.5454545454545454,0.045454545454545414
cd4_12h_vs_24h,REACTOME_TRIGLYCERIDE_METABOLISM,Vanilla-only significant,FABP3,0.0,0.0,20.0,11.5,21.0,20.5,0.09090909090909091,0.11363636363636363,0.02272727272727272
cd4_12h_vs_24h,REACTOME_TRIGLYCERIDE_METABOLISM,Vanilla-only significant,FABP5,0.915272223421779,1.50431704084686,8.0,2.0,8.0,4.0,0.6818181818181818,0.8636363636363636,0.18181818181818188
cd4_12h_vs_24h,REACTOME_TRIGLYCERIDE_METABOLISM,Vanilla-only significant,GK,1.71299099851021,-1.4600383565275,4.0,20.5,4.0,5.5,0.8636363636363636,0.7954545454545454,-0.06818181818181823
cd4_12h_vs_24h,REACTOME_TRIGLYCERIDE_METABOLISM,Vanilla-only significant,GPAM,0.915272223421779,1.32690273248024,8.0,3.0,8.0,7.0,0.6818181818181818,0.7272727272727273,0.045454545454545525
cd4_12h_vs_24h,REACTOME_TRIGLYCERIDE_METABOLISM,Vanilla-only significant,GPAT2,0.318249621790182,0.935074608498154,16.0,4.0,17.0,9.0,0.2727272727272727,0.6363636363636364,0.36363636363636365
cd4_12h_vs_24h,REACTOME_TRIGLYCERIDE_METABOLISM,Vanilla-only significant,GPD2,0.623322831410129,0.493055064058463,12.0,5.5,12.0,13.5,0.5,0.4318181818181818,-0.06818181818181818
cd4_12h_vs_24h,REACTOME_TRIGLYCERIDE_METABOLISM,Vanilla-only significant,LIPE,0.623322831410129,-0.836715525117369,12.0,17.0,12.0,11.0,0.5,0.5454545454545454,0.045454545454545414
cd4_12h_vs_24h,REACTOME_TRIGLYCERIDE_METABOLISM,Vanilla-only significant,LPIN1,1.4600383565275,-2.49430127618147,5.0,23.0,5.0,1.0,0.8181818181818182,1.0,0.18181818181818177
cd4_12h_vs_24h,REACTOME_TRIGLYCERIDE_METABOLISM,Vanilla-only significant,LPIN2,0.623322831410129,-1.4600383565275,12.0,20.5,12.0,5.5,0.5,0.7954545454545454,0.2954545454545454
cd4_12h_vs_24h,REACTOME_TRIGLYCERIDE_METABOLISM,Vanilla-only significant,LPIN3,0.0,0.0,20.0,11.5,21.0,20.5,0.09090909090909091,0.11363636363636363,0.02272727272727272
cd4_12h_vs_24h,REACTOME_TRIGLYCERIDE_METABOLISM,Vanilla-only significant,MGLL,0.0,0.0,20.0,11.5,21.0,20.5,0.09090909090909091,0.11363636363636363,0.02272727272727272
cd4_12h_vs_24h,REACTOME_TRIGLYCERIDE_METABOLISM,Vanilla-only significant,PLIN1,0.0,0.0,20.0,11.5,21.0,20.5,0.09090909090909091,0.11363636363636363,0.02272727272727272
cd4_12h_vs_24h,REACTOME_TRIGLYCERIDE_METABOLISM,Vanilla-only significant,PLIN3,0.915272223421779,0.252952641982712,8.0,7.5,8.0,16.5,0.6818181818181818,0.29545454545454547,-0.3863636363636363
cd4_12h_vs_24h,REACTOME_TRIGLYCERIDE_METABOLISM,Vanilla-only significant,PNPLA4,1.19415593182466,0.493055064058463,6.0,5.5,6.0,13.5,0.7727272727272727,0.4318181818181818,-0.3409090909090909
cd4_12h_vs_24h,REACTOME_TRIGLYCERIDE_METABOLISM,Vanilla-only significant,PPP1CA,2.96435539737435,1.66960272965875,1.0,1.0,1.0,3.0,1.0,0.9090909090909091,-0.09090909090909094
cd4_12h_vs_24h,REACTOME_TRIGLYCERIDE_METABOLISM,Vanilla-only significant,PPP1CB,0.318249621790182,-1.79151207816934,16.0,22.0,17.0,2.0,0.2727272727272727,0.9545454545454546,0.6818181818181819
cd4_12h_vs_24h,REACTOME_TRIGLYCERIDE_METABOLISM,Vanilla-only significant,PPP1CC,2.18043435294962,0.0,2.5,11.5,2.5,20.5,0.9318181818181818,0.11363636363636363,-0.8181818181818181
cd4_12h_vs_24h,REACTOME_TRIGLYCERIDE_METABOLISM,Vanilla-only significant,PRKACA,0.318249621790182,-0.26588242470284,16.0,15.0,17.0,15.0,0.2727272727272727,0.36363636363636365,0.09090909090909094
cd4_12h_vs_24h,REACTOME_TRIGLYCERIDE_METABOLISM,Vanilla-only significant,PRKACB,-0.331473721641845,-0.836715525117369,23.0,17.0,15.0,11.0,0.36363636363636365,0.5454545454545454,0.18181818181818177
cd4_0h_vs_24h,KEGG_ETHER_LIPID_METABOLISM,Vanilla-only significant,AGPS,-1.15433043387586,0.0,19.0,6.5,3.0,17.5,0.8888888888888888,0.08333333333333333,-0.8055555555555555
cd4_0h_vs_24h,KEGG_ETHER_LIPID_METABOLISM,Vanilla-only significant,CHPT1,0.702789198012129,-0.570833100414529,3.5,11.5,6.5,9.5,0.6944444444444444,0.5277777777777778,-0.16666666666666663
cd4_0h_vs_24h,KEGG_ETHER_LIPID_METABOLISM,Vanilla-only significant,ENPP2,0.0,0.518835066685553,9.0,2.0,17.0,11.0,0.1111111111111111,0.4444444444444444,0.3333333333333333
cd4_0h_vs_24h,KEGG_ETHER_LIPID_METABOLISM,Vanilla-only significant,JMJD7-PLA2G4B,0.0,0.26588242470284,9.0,3.5,17.0,14.5,0.1111111111111111,0.25,0.1388888888888889
cd4_0h_vs_24h,KEGG_ETHER_LIPID_METABOLISM,Vanilla-only significant,LPCAT1,-0.371390940196559,-0.570833100414529,14.0,11.5,10.0,9.5,0.5,0.5277777777777778,0.02777777777777779
cd4_0h_vs_24h,KEGG_ETHER_LIPID_METABOLISM,Vanilla-only significant,LPCAT2,-0.756157697788396,-0.875906310034476,17.5,14.5,4.5,6.5,0.8055555555555556,0.6944444444444444,-0.11111111111111116
cd4_0h_vs_24h,KEGG_ETHER_LIPID_METABOLISM,Vanilla-only significant,LPCAT4,-0.371390940196559,-2.22841885147863,14.0,19.0,10.0,2.0,0.5,0.9444444444444444,0.4444444444444444
cd4_0h_vs_24h,KEGG_ETHER_LIPID_METABOLISM,Vanilla-only significant,PAFAH1B1,2.74725391816418,0.0,2.0,6.5,2.0,17.5,0.9444444444444444,0.08333333333333333,-0.861111111111111
cd4_0h_vs_24h,KEGG_ETHER_LIPID_METABOLISM,Vanilla-only significant,PAFAH1B2,0.358048044244133,0.26588242470284,5.5,3.5,13.5,14.5,0.3055555555555556,0.25,-0.05555555555555558
cd4_0h_vs_24h,KEGG_ETHER_LIPID_METABOLISM,Vanilla-only significant,PAFAH1B3,4.99956150880479,2.84815956442039,1.0,1.0,1.0,1.0,1.0,1.0,0.0
cd4_0h_vs_24h,KEGG_ETHER_LIPID_METABOLISM,Vanilla-only significant,PAFAH2,0.702789198012129,-0.875906310034476,3.5,14.5,6.5,6.5,0.6944444444444444,0.6944444444444444,0.0
cd4_0h_vs_24h,KEGG_ETHER_LIPID_METABOLISM,Vanilla-only significant,PLA2G12A,-0.371390940196559,-1.5256296534665,14.0,17.0,10.0,4.0,0.5,0.8333333333333334,0.33333333333333337
cd4_0h_vs_24h,KEGG_ETHER_LIPID_METABOLISM,Vanilla-only significant,PLA2G1B,-0.371390940196559,-0.278883708402879,14.0,9.5,10.0,12.5,0.5,0.3611111111111111,-0.1388888888888889
cd4_0h_vs_24h,KEGG_ETHER_LIPID_METABOLISM,Vanilla-only significant,PLA2G4A,0.0,0.0,9.0,6.5,17.0,17.5,0.1111111111111111,0.08333333333333333,-0.027777777777777776
cd4_0h_vs_24h,KEGG_ETHER_LIPID_METABOLISM,Vanilla-only significant,PLA2G4B,0.0,-0.875906310034476,9.0,14.5,17.0,6.5,0.1111111111111111,0.6944444444444444,0.5833333333333333
cd4_0h_vs_24h,KEGG_ETHER_LIPID_METABOLISM,Vanilla-only significant,PLA2G6,-0.756157697788396,-1.8703708072345,17.5,18.0,4.5,3.0,0.8055555555555556,0.8888888888888888,0.08333333333333326
cd4_0h_vs_24h,KEGG_ETHER_LIPID_METABOLISM,Vanilla-only significant,PLD2,-0.371390940196559,-0.278883708402879,14.0,9.5,10.0,12.5,0.5,0.3611111111111111,-0.1388888888888889
cd4_0h_vs_24h,KEGG_ETHER_LIPID_METABOLISM,Vanilla-only significant,PLPP1,0.358048044244133,-0.875906310034476,5.5,14.5,13.5,6.5,0.3055555555555556,0.6944444444444444,0.38888888888888884
cd4_0h_vs_24h,KEGG_ETHER_LIPID_METABOLISM,Vanilla-only significant,PLPP2,0.0,0.0,9.0,6.5,17.0,17.5,0.1111111111111111,0.08333333333333333,-0.027777777777777776
cd4_0h_vs_24h,KEGG_GLYCOSAMINOGLYCAN_BIOSYNTHESIS_CHONDROITIN_SULFATE,Vanilla-only significant,B3GALT6,1.87166886558596,0.493055064058463,4.0,10.5,4.0,11.5,0.8235294117647058,0.38235294117647056,-0.4411764705882353
cd4_0h_vs_24h,KEGG_GLYCOSAMINOGLYCAN_BIOSYNTHESIS_CHONDROITIN_SULFATE,Vanilla-only significant,B3GAT2,0.0,0.720395996422123,16.5,9.0,16.5,10.0,0.08823529411764706,0.47058823529411764,0.38235294117647056
cd4_0h_vs_24h,KEGG_GLYCOSAMINOGLYCAN_BIOSYNTHESIS_CHONDROITIN_SULFATE,Vanilla-only significant,B3GAT3,2.96313883020974,1.50431704084686,1.0,2.0,1.0,2.0,1.0,0.9411764705882353,-0.05882352941176472
cd4_0h_vs_24h,KEGG_GLYCOSAMINOGLYCAN_BIOSYNTHESIS_CHONDROITIN_SULFATE,Vanilla-only significant,B4GALT7,2.04908317395257,1.50431704084686,2.5,2.0,2.5,2.0,0.9117647058823529,0.9411764705882353,0.02941176470588236
cd4_0h_vs_24h,KEGG_GLYCOSAMINOGLYCAN_BIOSYNTHESIS_CHONDROITIN_SULFATE,Vanilla-only significant,CHPF,0.797718775088431,0.935074608498154,9.5,7.5,9.5,7.5,0.5,0.6176470588235294,0.11764705882352944
cd4_0h_vs_24h,KEGG_GLYCOSAMINOGLYCAN_BIOSYNTHESIS_CHONDROITIN_SULFATE,Vanilla-only significant,CHPF2,0.797718775088431,0.935074608498154,9.5,7.5,9.5,7.5,0.5,0.6176470588235294,0.11764705882352944
cd4_0h_vs_24h,KEGG_GLYCOSAMINOGLYCAN_BIOSYNTHESIS_CHONDROITIN_SULFATE,Vanilla-only significant,CHST11,1.26516212952784,0.252952641982712,7.5,13.0,7.5,15.0,0.6176470588235294,0.17647058823529413,-0.4411764705882353
cd4_0h_vs_24h,KEGG_GLYCOSAMINOGLYCAN_BIOSYNTHESIS_CHONDROITIN_SULFATE,Vanilla-only significant,CHST12,2.04908317395257,1.32690273248024,2.5,4.5,2.5,4.5,0.9117647058823529,0.7941176470588235,-0.11764705882352944
cd4_0h_vs_24h,KEGG_GLYCOSAMINOGLYCAN_BIOSYNTHESIS_CHONDROITIN_SULFATE,Vanilla-only significant,CHST14,0.278883708402879,-0.836715525117369,13.5,18.0,13.5,9.0,0.2647058823529412,0.5294117647058824,0.2647058823529412
cd4_0h_vs_24h,KEGG_GLYCOSAMINOGLYCAN_BIOSYNTHESIS_CHONDROITIN_SULFATE,Vanilla-only significant,CHST3,0.0,0.0,16.5,15.5,16.5,17.5,0.08823529411764706,0.029411764705882353,-0.05882352941176471
cd4_0h_vs_24h,KEGG_GLYCOSAMINOGLYCAN_BIOSYNTHESIS_CHONDROITIN_SULFATE,Vanilla-only significant,CHST7,0.544766133105719,0.493055064058463,11.5,10.5,11.5,11.5,0.38235294117647056,0.38235294117647056,0.0
cd4_0h_vs_24h,KEGG_GLYCOSAMINOGLYCAN_BIOSYNTHESIS_CHONDROITIN_SULFATE,Vanilla-only significant,CHSY1,1.68196810392185,1.50431704084686,5.5,2.0,5.5,2.0,0.7352941176470589,0.9411764705882353,0.2058823529411764
cd4_0h_vs_24h,KEGG_GLYCOSAMINOGLYCAN_BIOSYNTHESIS_CHONDROITIN_SULFATE,Vanilla-only significant,CSGALNACT1,1.68196810392185,0.0,5.5,15.5,5.5,17.5,0.7352941176470589,0.029411764705882353,-0.7058823529411765
cd4_0h_vs_24h,KEGG_GLYCOSAMINOGLYCAN_BIOSYNTHESIS_CHONDROITIN_SULFATE,Vanilla-only significant,CSGALNACT2,0.544766133105719,1.32690273248024,11.5,4.5,11.5,4.5,0.38235294117647056,0.7941176470588235,0.4117647058823529
cd4_0h_vs_24h,KEGG_GLYCOSAMINOGLYCAN_BIOSYNTHESIS_CHONDROITIN_SULFATE,Vanilla-only significant,DSE,0.0,1.13720197081613,16.5,6.0,16.5,6.0,0.08823529411764706,0.7058823529411765,0.6176470588235294
cd4_0h_vs_24h,KEGG_GLYCOSAMINOGLYCAN_BIOSYNTHESIS_CHONDROITIN_SULFATE,Vanilla-only significant,UST,0.0,-0.26588242470284,16.5,17.0,16.5,13.0,0.08823529411764706,0.29411764705882354,0.20588235294117646
cd4_0h_vs_24h,KEGG_GLYCOSAMINOGLYCAN_BIOSYNTHESIS_CHONDROITIN_SULFATE,Vanilla-only significant,XYLT1,1.26516212952784,0.252952641982712,7.5,13.0,7.5,15.0,0.6176470588235294,0.17647058823529413,-0.4411764705882353
cd4_0h_vs_24h,KEGG_GLYCOSAMINOGLYCAN_BIOSYNTHESIS_CHONDROITIN_SULFATE,Vanilla-only significant,XYLT2,0.278883708402879,0.252952641982712,13.5,13.0,13.5,15.0,0.2647058823529412,0.17647058823529413,-0.08823529411764705
cd4_0h_vs_24h,KEGG_RETINOL_METABOLISM,Vanilla-only significant,ADH5,2.21436886276447,0.886479831299999,1.0,1.5,1.0,1.5,1.0,0.96875,-0.03125
cd4_0h_vs_24h,KEGG_RETINOL_METABOLISM,Vanilla-only significant,CYP1A1,0.544766133105719,-0.606506736058118,8.5,17.0,9.5,4.0,0.46875,0.8125,0.34375
cd4_0h_vs_24h,KEGG_RETINOL_METABOLISM,Vanilla-only significant,CYP3A43,0.0,-0.391828123982087,13.5,15.0,14.5,7.0,0.15625,0.625,0.46875
cd4_0h_vs_24h,KEGG_RETINOL_METABOLISM,Vanilla-only significant,CYP3A5,0.0,0.0,13.5,11.0,14.5,16.0,0.15625,0.0625,-0.09375
cd4_0h_vs_24h,KEGG_RETINOL_METABOLISM,Vanilla-only significant,DGAT1,1.03782119716418,-0.391828123982087,6.0,15.0,6.0,7.0,0.6875,0.625,-0.0625
cd4_0h_vs_24h,KEGG_RETINOL_METABOLISM,Vanilla-only significant,DGAT2,0.544766133105719,0.342699997178508,8.5,5.5,9.5,9.5,0.46875,0.46875,0.0
cd4_0h_vs_24h,KEGG_RETINOL_METABOLISM,Vanilla-only significant,DHRS3,2.04908317395257,0.342699997178508,2.0,5.5,2.0,9.5,0.9375,0.46875,-0.46875
cd4_0h_vs_24h,KEGG_RETINOL_METABOLISM,Vanilla-only significant,DHRS4,0.278883708402879,-0.189700761664114,10.0,13.0,11.0,11.0,0.375,0.375,0.0
cd4_0h_vs_24h,KEGG_RETINOL_METABOLISM,Vanilla-only significant,DHRS4L2,1.47984074160387,0.177414308366614,4.0,8.0,4.0,13.0,0.8125,0.25,-0.5625
cd4_0h_vs_24h,KEGG_RETINOL_METABOLISM,Vanilla-only significant,DHRS9,0.0,0.0,13.5,11.0,14.5,16.0,0.15625,0.0625,-0.09375
cd4_0h_vs_24h,KEGG_RETINOL_METABOLISM,Vanilla-only significant,LRAT,0.0,0.0,13.5,11.0,14.5,16.0,0.15625,0.0625,-0.09375
cd4_0h_vs_24h,KEGG_RETINOL_METABOLISM,Vanilla-only significant,PNPLA4,-0.597022601631597,0.886479831299999,17.0,1.5,8.0,1.5,0.5625,0.96875,0.40625
cd4_0h_vs_24h,KEGG_RETINOL_METABOLISM,Vanilla-only significant,RDH10,0.0,0.496035066722033,13.5,4.0,14.5,5.0,0.15625,0.75,0.59375
cd4_0h_vs_24h,KEGG_RETINOL_METABOLISM,Vanilla-only significant,RDH11,1.26516212952784,0.6376204732992,5.0,3.0,5.0,3.0,0.75,0.875,0.125
cd4_0h_vs_24h,KEGG_RETINOL_METABOLISM,Vanilla-only significant,RDH16,0.0,-0.391828123982087,13.5,15.0,14.5,7.0,0.15625,0.625,0.46875
cd4_0h_vs_24h,KEGG_RETINOL_METABOLISM,Vanilla-only significant,RDH5,1.87166886558596,0.177414308366614,3.0,8.0,3.0,13.0,0.875,0.25,-0.625
cd4_0h_vs_24h,KEGG_RETINOL_METABOLISM,Vanilla-only significant,RETSAT,0.797718775088431,0.177414308366614,7.0,8.0,7.0,13.0,0.625,0.25,-0.375
cd4_0h_vs_24h,REACTOME_BILE_ACID_AND_BILE_SALT_METABOLISM,Vanilla-only significant,ACOT8,2.51190807459147,0.252952641982712,2.0,4.0,2.0,17.0,0.9545454545454546,0.2727272727272727,-0.6818181818181819
cd4_0h_vs_24h,REACTOME_BILE_ACID_AND_BILE_SALT_METABOLISM,Vanilla-only significant,AKR1C1,1.79151207816934,-0.26588242470284,4.5,12.5,4.5,13.5,0.8409090909090909,0.4318181818181818,-0.4090909090909091
cd4_0h_vs_24h,REACTOME_BILE_ACID_AND_BILE_SALT_METABOLISM,Vanilla-only significant,AKR1C3,1.5256296534665,0.252952641982712,7.0,4.0,7.0,17.0,0.7272727272727273,0.2727272727272727,-0.4545454545454546
cd4_0h_vs_24h,REACTOME_BILE_ACID_AND_BILE_SALT_METABOLISM,Vanilla-only significant,AMACR,0.649723343432027,-1.79151207816934,13.0,23.0,13.0,2.0,0.45454545454545453,0.9545454545454546,0.5
cd4_0h_vs_24h,REACTOME_BILE_ACID_AND_BILE_SALT_METABOLISM,Vanilla-only significant,CH25H,0.0,0.0,19.5,8.0,20.5,21.0,0.11363636363636363,0.09090909090909091,-0.02272727272727272
cd4_0h_vs_24h,REACTOME_BILE_ACID_AND_BILE_SALT_METABOLISM,Vanilla-only significant,CYP46A1,0.331473721641845,-1.14178873473732,15.5,18.5,16.5,6.5,0.29545454545454547,0.75,0.45454545454545453
cd4_0h_vs_24h,REACTOME_BILE_ACID_AND_BILE_SALT_METABOLISM,Vanilla-only significant,HSD17B4,0.649723343432027,-1.4600383565275,13.0,21.0,13.0,4.0,0.45454545454545453,0.8636363636363636,0.4090909090909091
cd4_0h_vs_24h,REACTOME_BILE_ACID_AND_BILE_SALT_METABOLISM,Vanilla-only significant,HSD3B7,-0.344741153767997,-0.26588242470284,23.0,12.5,15.0,13.5,0.36363636363636365,0.4318181818181818,0.06818181818181818
cd4_0h_vs_24h,REACTOME_BILE_ACID_AND_BILE_SALT_METABOLISM,Vanilla-only significant,NCOA1,0.954796553051974,0.0,10.5,8.0,10.5,21.0,0.5681818181818182,0.09090909090909091,-0.4772727272727273
cd4_0h_vs_24h,REACTOME_BILE_ACID_AND_BILE_SALT_METABOLISM,Vanilla-only significant,NCOA2,0.649723343432027,-1.14178873473732,13.0,18.5,13.0,6.5,0.45454545454545453,0.75,0.29545454545454547
cd4_0h_vs_24h,REACTOME_BILE_ACID_AND_BILE_SALT_METABOLISM,Vanilla-only significant,OSBP,1.5256296534665,0.493055064058463,7.0,2.0,7.0,11.0,0.7272727272727273,0.5454545454545454,-0.18181818181818188
cd4_0h_vs_24h,REACTOME_BILE_ACID_AND_BILE_SALT_METABOLISM,Vanilla-only significant,OSBPL1A,0.954796553051974,-0.544766133105719,10.5,15.5,10.5,9.5,0.5681818181818182,0.6136363636363636,0.045454545454545414
cd4_0h_vs_24h,REACTOME_BILE_ACID_AND_BILE_SALT_METABOLISM,Vanilla-only significant,OSBPL2,0.331473721641845,-0.26588242470284,15.5,12.5,16.5,13.5,0.29545454545454547,0.4318181818181818,0.13636363636363635
cd4_0h_vs_24h,REACTOME_BILE_ACID_AND_BILE_SALT_METABOLISM,Vanilla-only significant,OSBPL3,0.0,-1.4600383565275,19.5,21.0,20.5,4.0,0.11363636363636363,0.8636363636363636,0.75
cd4_0h_vs_24h,REACTOME_BILE_ACID_AND_BILE_SALT_METABOLISM,Vanilla-only significant,OSBPL6,0.0,0.0,19.5,8.0,20.5,21.0,0.11363636363636363,0.09090909090909091,-0.02272727272727272
cd4_0h_vs_24h,REACTOME_BILE_ACID_AND_BILE_SALT_METABOLISM,Vanilla-only significant,OSBPL7,0.0,-0.836715525117369,19.5,17.0,20.5,8.0,0.11363636363636363,0.6818181818181818,0.5681818181818181
cd4_0h_vs_24h,REACTOME_BILE_ACID_AND_BILE_SALT_METABOLISM,Vanilla-only significant,OSBPL9,1.79151207816934,-0.544766133105719,4.5,15.5,4.5,9.5,0.8409090909090909,0.6136363636363636,-0.2272727272727273
cd4_0h_vs_24h,REACTOME_BILE_ACID_AND_BILE_SALT_METABOLISM,Vanilla-only significant,PTGIS,0.0,0.0,19.5,8.0,20.5,21.0,0.11363636363636363,0.09090909090909091,-0.02272727272727272
cd4_0h_vs_24h,REACTOME_BILE_ACID_AND_BILE_SALT_METABOLISM,Vanilla-only significant,RXRA,0.0,-1.4600383565275,19.5,21.0,20.5,4.0,0.11363636363636363,0.8636363636363636,0.75
cd4_0h_vs_24h,REACTOME_BILE_ACID_AND_BILE_SALT_METABOLISM,Vanilla-only significant,SCP2,4.11271469122325,2.41837269710402,1.0,1.0,1.0,1.0,1.0,1.0,0.0
cd4_0h_vs_24h,REACTOME_BILE_ACID_AND_BILE_SALT_METABOLISM,Vanilla-only significant,SLC27A2,2.28456714222781,0.0,3.0,8.0,3.0,21.0,0.9090909090909091,0.09090909090909091,-0.8181818181818181
cd4_0h_vs_24h,REACTOME_BILE_ACID_AND_BILE_SALT_METABOLISM,Vanilla-only significant,SLC27A5,1.5256296534665,0.252952641982712,7.0,4.0,7.0,17.0,0.7272727272727273,0.2727272727272727,-0.4545454545454546
cd4_0h_vs_24h,REACTOME_BILE_ACID_AND_BILE_SALT_METABOLISM,Vanilla-only significant,STARD5,1.24674594506362,-0.26588242470284,9.0,12.5,9.0,13.5,0.6363636363636364,0.4318181818181818,-0.20454545454545453
cd4_0h_vs_24h,REACTOME_FATTY_ACYL_COA_BIOSYNTHESIS,Vanilla-only significant,ACACA,0.0,-0.467443354439411,18.0,13.5,25.0,20.5,0.2,0.35,0.14999999999999997
cd4_0h_vs_24h,REACTOME_FATTY_ACYL_COA_BIOSYNTHESIS,Vanilla-only significant,ACLY,1.29953770681997,-0.467443354439411,2.0,13.5,2.0,20.5,0.9666666666666667,0.35,-0.6166666666666667
cd4_0h_vs_24h,REACTOME_FATTY_ACYL_COA_BIOSYNTHESIS,Vanilla-only significant,ACSBG1,0.0,-0.227340932363659,18.0,10.5,25.0,24.5,0.2,0.21666666666666667,0.016666666666666663
cd4_0h_vs_24h,REACTOME_FATTY_ACYL_COA_BIOSYNTHESIS,Vanilla-only significant,ACSF3,0.676214875409841,-3.97085497039199,4.0,30.0,8.0,2.0,0.7666666666666667,0.9666666666666667,0.19999999999999996
cd4_0h_vs_24h,REACTOME_FATTY_ACYL_COA_BIOSYNTHESIS,Vanilla-only significant,ACSL1,-0.358048044244133,0.416805974394003,26.0,3.0,10.0,22.0,0.7,0.3,-0.39999999999999997
cd4_0h_vs_24h,REACTOME_FATTY_ACYL_COA_BIOSYNTHESIS,Vanilla-only significant,ACSL3,0.0,-1.55711152153949,18.0,20.5,25.0,11.5,0.2,0.65,0.45
cd4_0h_vs_24h,REACTOME_FATTY_ACYL_COA_BIOSYNTHESIS,Vanilla-only significant,ACSL4,0.344741153767997,-2.18043435294962,8.0,25.0,15.0,7.0,0.5333333333333333,0.8,0.2666666666666667
cd4_0h_vs_24h,REACTOME_FATTY_ACYL_COA_BIOSYNTHESIS,Vanilla-only significant,ACSL5,0.0,-1.26516212952784,18.0,18.5,25.0,13.5,0.2,0.5833333333333334,0.38333333333333336
cd4_0h_vs_24h,REACTOME_FATTY_ACYL_COA_BIOSYNTHESIS,Vanilla-only significant,ACSL6,0.994464497200023,-2.18043435294962,3.0,25.0,6.0,7.0,0.8333333333333334,0.8,-0.033333333333333326
cd4_0h_vs_24h,REACTOME_FATTY_ACYL_COA_BIOSYNTHESIS,Vanilla-only significant,CBR4,-1.11420574203253,-2.18043435294962,30.0,25.0,4.0,7.0,0.9,0.8,-0.09999999999999998
cd4_0h_vs_24h,REACTOME_FATTY_ACYL_COA_BIOSYNTHESIS,Vanilla-only significant,ELOVL1,0.0,-0.720395996422123,18.0,16.0,25.0,17.0,0.2,0.4666666666666667,0.26666666666666666
cd4_0h_vs_24h,REACTOME_FATTY_ACYL_COA_BIOSYNTHESIS,Vanilla-only significant,ELOVL4,0.344741153767997,0.949206733236626,8.0,1.0,15.0,15.0,0.5333333333333333,0.5333333333333333,0.0
cd4_0h_vs_24h,REACTOME_FATTY_ACYL_COA_BIOSYNTHESIS,Vanilla-only significant,ELOVL5,0.344741153767997,-2.51190807459147,8.0,27.5,15.0,4.5,0.5333333333333333,0.8833333333333333,0.35
cd4_0h_vs_24h,REACTOME_FATTY_ACYL_COA_BIOSYNTHESIS,Vanilla-only significant,ELOVL6,0.344741153767997,0.214678612076031,8.0,4.0,15.0,27.0,0.5333333333333333,0.13333333333333333,-0.4
cd4_0h_vs_24h,REACTOME_FATTY_ACYL_COA_BIOSYNTHESIS,Vanilla-only significant,FASN,1.59148709883162,0.0,1.0,6.5,1.0,29.5,1.0,0.05,-0.95
cd4_0h_vs_24h,REACTOME_FATTY_ACYL_COA_BIOSYNTHESIS,Vanilla-only significant,HACD1,0.0,0.0,18.0,6.5,25.0,29.5,0.2,0.05,-0.15000000000000002
cd4_0h_vs_24h,REACTOME_FATTY_ACYL_COA_BIOSYNTHESIS,Vanilla-only significant,HACD2,-0.358048044244133,-1.86218473115944,26.0,22.5,10.0,9.5,0.7,0.7166666666666667,0.01666666666666672
cd4_0h_vs_24h,REACTOME_FATTY_ACYL_COA_BIOSYNTHESIS,Vanilla-only significant,HACD3,0.344741153767997,-5.20569963055953,8.0,31.0,15.0,1.0,0.5333333333333333,1.0,0.4666666666666667
cd4_0h_vs_24h,REACTOME_FATTY_ACYL_COA_BIOSYNTHESIS,Vanilla-only significant,HACD4,-1.11420574203253,-1.55711152153949,30.0,20.5,4.0,11.5,0.9,0.65,-0.25
cd4_0h_vs_24h,REACTOME_FATTY_ACYL_COA_BIOSYNTHESIS,Vanilla-only significant,HSD17B12,-1.11420574203253,-2.85664922835946,30.0,29.0,4.0,3.0,0.9,0.9333333333333333,0.033333333333333326
cd4_0h_vs_24h,REACTOME_FATTY_ACYL_COA_BIOSYNTHESIS,Vanilla-only significant,HSD17B8,-0.729438984440692,-1.86218473115944,28.0,22.5,7.0,9.5,0.8,0.7166666666666667,-0.08333333333333337
cd4_0h_vs_24h,REACTOME_FATTY_ACYL_COA_BIOSYNTHESIS,Vanilla-only significant,HTD2,0.0,0.0,18.0,6.5,25.0,29.5,0.2,0.05,-0.15000000000000002
cd4_0h_vs_24h,REACTOME_FATTY_ACYL_COA_BIOSYNTHESIS,Vanilla-only significant,MORC2,-0.358048044244133,0.606506736058118,26.0,2.0,10.0,19.0,0.7,0.4,-0.29999999999999993
cd4_0h_vs_24h,REACTOME_FATTY_ACYL_COA_BIOSYNTHESIS,Vanilla-only significant,OLAH,0.344741153767997,-0.720395996422123,8.0,16.0,15.0,17.0,0.5333333333333333,0.4666666666666667,-0.06666666666666665
cd4_0h_vs_24h,REACTOME_FATTY_ACYL_COA_BIOSYNTHESIS,Vanilla-only significant,PPT1,0.0,-1.26516212952784,18.0,18.5,25.0,13.5,0.2,0.5833333333333334,0.38333333333333336
cd4_0h_vs_24h,REACTOME_FATTY_ACYL_COA_BIOSYNTHESIS,Vanilla-only significant,PPT2,0.0,-0.227340932363659,18.0,10.5,25.0,24.5,0.2,0.21666666666666667,0.016666666666666663
cd4_0h_vs_24h,REACTOME_FATTY_ACYL_COA_BIOSYNTHESIS,Vanilla-only significant,SCD,0.0,-0.227340932363659,18.0,10.5,25.0,24.5,0.2,0.21666666666666667,0.016666666666666663
cd4_0h_vs_24h,REACTOME_FATTY_ACYL_COA_BIOSYNTHESIS,Vanilla-only significant,SCD5,0.0,0.0,18.0,6.5,25.0,29.5,0.2,0.05,-0.15000000000000002
cd4_0h_vs_24h,REACTOME_FATTY_ACYL_COA_BIOSYNTHESIS,Vanilla-only significant,SLC25A1,0.0,-2.51190807459147,18.0,27.5,25.0,4.5,0.2,0.8833333333333333,0.6833333333333333
cd4_0h_vs_24h,REACTOME_FATTY_ACYL_COA_BIOSYNTHESIS,Vanilla-only significant,SLC27A3,0.344741153767997,-0.227340932363659,8.0,10.5,15.0,24.5,0.5333333333333333,0.21666666666666667,-0.31666666666666665
cd4_0h_vs_24h,REACTOME_FATTY_ACYL_COA_BIOSYNTHESIS,Vanilla-only significant,TECR,0.0,-0.720395996422123,18.0,16.0,25.0,17.0,0.2,0.4666666666666667,0.26666666666666666
cd4_0h_vs_24h,REACTOME_KERATAN_SULFATE_KERATIN_METABOLISM,Vanilla-only significant,ACAN,0.305073209619947,0.252952641982712,16.0,7.0,18.0,20.0,0.2916666666666667,0.20833333333333334,-0.08333333333333334
cd4_0h_vs_24h,REACTOME_KERATAN_SULFATE_KERATIN_METABOLISM,Vanilla-only significant,B3GNT2,0.0,0.493055064058463,20.0,4.0,22.0,10.0,0.125,0.625,0.5
cd4_0h_vs_24h,REACTOME_KERATAN_SULFATE_KERATIN_METABOLISM,Vanilla-only significant,B3GNT4,0.875906310034476,0.0,9.5,10.5,9.5,23.5,0.6458333333333334,0.0625,-0.5833333333333334
cd4_0h_vs_24h,REACTOME_KERATAN_SULFATE_KERATIN_METABOLISM,Vanilla-only significant,B4GALT1,1.39474137672003,-0.544766133105719,5.0,21.5,5.0,6.5,0.8333333333333334,0.7708333333333334,-0.0625
cd4_0h_vs_24h,REACTOME_KERATAN_SULFATE_KERATIN_METABOLISM,Vanilla-only significant,B4GALT2,1.14178873473732,-0.26588242470284,7.0,16.0,7.0,15.0,0.75,0.4166666666666667,-0.3333333333333333
cd4_0h_vs_24h,REACTOME_KERATAN_SULFATE_KERATIN_METABOLISM,Vanilla-only significant,B4GALT3,0.597022601631597,-0.26588242470284,13.0,16.0,13.0,15.0,0.5,0.4166666666666667,-0.08333333333333331
cd4_0h_vs_24h,REACTOME_KERATAN_SULFATE_KERATIN_METABOLISM,Vanilla-only significant,B4GALT4,1.14178873473732,-0.26588242470284,7.0,16.0,7.0,15.0,0.75,0.4166666666666667,-0.3333333333333333
cd4_0h_vs_24h,REACTOME_KERATAN_SULFATE_KERATIN_METABOLISM,Vanilla-only significant,B4GALT5,0.875906310034476,0.493055064058463,9.5,4.0,9.5,10.0,0.6458333333333334,0.625,-0.02083333333333337
cd4_0h_vs_24h,REACTOME_KERATAN_SULFATE_KERATIN_METABOLISM,Vanilla-only significant,B4GALT6,-0.318249621790182,0.0,24.5,10.5,16.5,23.5,0.3541666666666667,0.0625,-0.2916666666666667
cd4_0h_vs_24h,REACTOME_KERATAN_SULFATE_KERATIN_METABOLISM,Vanilla-only significant,B4GAT1,-0.318249621790182,-1.14178873473732,24.5,24.5,16.5,2.5,0.3541666666666667,0.9375,0.5833333333333333
cd4_0h_vs_24h,REACTOME_KERATAN_SULFATE_KERATIN_METABOLISM,Vanilla-only significant,CHST2,0.597022601631597,0.493055064058463,13.0,4.0,13.0,10.0,0.5,0.625,0.125
cd4_0h_vs_24h,REACTOME_KERATAN_SULFATE_KERATIN_METABOLISM,Vanilla-only significant,CHST6,0.0,-0.544766133105719,20.0,21.5,22.0,6.5,0.125,0.7708333333333334,0.6458333333333334
cd4_0h_vs_24h,REACTOME_KERATAN_SULFATE_KERATIN_METABOLISM,Vanilla-only significant,FMOD,0.0,-0.544766133105719,20.0,21.5,22.0,6.5,0.125,0.7708333333333334,0.6458333333333334
cd4_0h_vs_24h,REACTOME_KERATAN_SULFATE_KERATIN_METABOLISM,Vanilla-only significant,GALNS,1.86218473115944,-0.26588242470284,3.5,16.0,3.5,15.0,0.8958333333333334,0.4166666666666667,-0.4791666666666667
cd4_0h_vs_24h,REACTOME_KERATAN_SULFATE_KERATIN_METABOLISM,Vanilla-only significant,GLB1,1.14178873473732,-0.26588242470284,7.0,16.0,7.0,15.0,0.75,0.4166666666666667,-0.3333333333333333
cd4_0h_vs_24h,REACTOME_KERATAN_SULFATE_KERATIN_METABOLISM,Vanilla-only significant,GLB1L,0.0,-1.14178873473732,20.0,24.5,22.0,2.5,0.125,0.9375,0.8125
cd4_0h_vs_24h,REACTOME_KERATAN_SULFATE_KERATIN_METABOLISM,Vanilla-only significant,GNS,0.597022601631597,0.0,13.0,10.5,13.0,23.5,0.5,0.0625,-0.4375
cd4_0h_vs_24h,REACTOME_KERATAN_SULFATE_KERATIN_METABOLISM,Vanilla-only significant,HEXA,2.46869146721756,0.0,1.0,10.5,1.0,23.5,1.0,0.0625,-0.9375
cd4_0h_vs_24h,REACTOME_KERATAN_SULFATE_KERATIN_METABOLISM,Vanilla-only significant,HEXB,2.07686334323547,-0.544766133105719,2.0,21.5,2.0,6.5,0.9583333333333334,0.7708333333333334,-0.1875
cd4_0h_vs_24h,REACTOME_KERATAN_SULFATE_KERATIN_METABOLISM,Vanilla-only significant,OGN,0.597022601631597,0.252952641982712,13.0,7.0,13.0,20.0,0.5,0.20833333333333334,-0.29166666666666663
cd4_0h_vs_24h,REACTOME_KERATAN_SULFATE_KERATIN_METABOLISM,Vanilla-only significant,SLC35D2,0.0,-0.26588242470284,20.0,16.0,22.0,15.0,0.125,0.4166666666666667,0.2916666666666667
cd4_0h_vs_24h,REACTOME_KERATAN_SULFATE_KERATIN_METABOLISM,Vanilla-only significant,ST3GAL1,1.86218473115944,0.935074608498154,3.5,2.0,3.5,4.0,0.8958333333333334,0.875,-0.02083333333333337
cd4_0h_vs_24h,REACTOME_KERATAN_SULFATE_KERATIN_METABOLISM,Vanilla-only significant,ST3GAL2,0.597022601631597,1.32690273248024,13.0,1.0,13.0,1.0,0.5,1.0,0.5
cd4_0h_vs_24h,REACTOME_KERATAN_SULFATE_KERATIN_METABOLISM,Vanilla-only significant,ST3GAL3,0.0,0.252952641982712,20.0,7.0,22.0,20.0,0.125,0.20833333333333334,0.08333333333333334
cd4_0h_vs_24h,REACTOME_KERATAN_SULFATE_KERATIN_METABOLISM,Vanilla-only significant,ST3GAL4,0.0,-0.26588242470284,20.0,16.0,22.0,15.0,0.125,0.4166666666666667,0.2916666666666667
cd4_0h_vs_24h,REACTOME_METABOLISM_OF_FAT_SOLUBLE_VITAMINS,Vanilla-only significant,AGRN,0.0,-0.26588242470284,10.0,18.0,23.0,15.0,0.12,0.44,0.32
cd4_0h_vs_24h,REACTOME_METABOLISM_OF_FAT_SOLUBLE_VITAMINS,Vanilla-only significant,AKR1C1,-0.915272223421779,0.493055064058463,23.5,5.5,7.5,10.5,0.74,0.62,-0.12
cd4_0h_vs_24h,REACTOME_METABOLISM_OF_FAT_SOLUBLE_VITAMINS,Vanilla-only significant,AKR1C3,-1.24674594506362,-1.4600383565275,25.5,25.0,4.5,3.0,0.86,0.92,0.06000000000000005
cd4_0h_vs_24h,REACTOME_METABOLISM_OF_FAT_SOLUBLE_VITAMINS,Vanilla-only significant,APOA1,-0.29194939201165,0.252952641982712,16.5,7.5,15.5,19.5,0.42,0.26,-0.15999999999999998
cd4_0h_vs_24h,REACTOME_METABOLISM_OF_FAT_SOLUBLE_VITAMINS,Vanilla-only significant,APOE,0.0,0.0,10.0,11.5,23.0,23.5,0.12,0.1,-0.01999999999999999
cd4_0h_vs_24h,REACTOME_METABOLISM_OF_FAT_SOLUBLE_VITAMINS,Vanilla-only significant,APOM,-0.597022601631597,-0.26588242470284,21.0,18.0,10.0,15.0,0.64,0.44,-0.2
cd4_0h_vs_24h,REACTOME_METABOLISM_OF_FAT_SOLUBLE_VITAMINS,Vanilla-only significant,BCO2,-0.597022601631597,-0.26588242470284,21.0,18.0,10.0,15.0,0.64,0.44,-0.2
cd4_0h_vs_24h,REACTOME_METABOLISM_OF_FAT_SOLUBLE_VITAMINS,Vanilla-only significant,GPC1,0.0,-0.544766133105719,10.0,22.5,23.0,8.5,0.12,0.7,0.58
cd4_0h_vs_24h,REACTOME_METABOLISM_OF_FAT_SOLUBLE_VITAMINS,Vanilla-only significant,GPC2,-1.24674594506362,-1.79151207816934,25.5,26.0,4.5,2.0,0.86,0.96,0.09999999999999998
cd4_0h_vs_24h,REACTOME_METABOLISM_OF_FAT_SOLUBLE_VITAMINS,Vanilla-only significant,GPC3,-0.915272223421779,-0.26588242470284,23.5,18.0,7.5,15.0,0.74,0.44,-0.3
cd4_0h_vs_24h,REACTOME_METABOLISM_OF_FAT_SOLUBLE_VITAMINS,Vanilla-only significant,HSPG2,-0.29194939201165,-0.836715525117369,16.5,24.0,15.5,7.0,0.42,0.76,0.34
cd4_0h_vs_24h,REACTOME_METABOLISM_OF_FAT_SOLUBLE_VITAMINS,Vanilla-only significant,LDLR,-0.29194939201165,0.0,16.5,11.5,15.5,23.5,0.42,0.1,-0.31999999999999995
cd4_0h_vs_24h,REACTOME_METABOLISM_OF_FAT_SOLUBLE_VITAMINS,Vanilla-only significant,LPL,0.0,0.0,10.0,11.5,23.0,23.5,0.12,0.1,-0.01999999999999999
cd4_0h_vs_24h,REACTOME_METABOLISM_OF_FAT_SOLUBLE_VITAMINS,Vanilla-only significant,LRAT,0.0,0.0,10.0,11.5,23.0,23.5,0.12,0.1,-0.01999999999999999
cd4_0h_vs_24h,REACTOME_METABOLISM_OF_FAT_SOLUBLE_VITAMINS,Vanilla-only significant,LRP1,-0.29194939201165,-0.26588242470284,16.5,18.0,15.5,15.0,0.42,0.44,0.020000000000000018
cd4_0h_vs_24h,REACTOME_METABOLISM_OF_FAT_SOLUBLE_VITAMINS,Vanilla-only significant,LRP10,0.544766133105719,0.935074608498154,5.0,4.0,12.0,6.0,0.56,0.8,0.24
cd4_0h_vs_24h,REACTOME_METABOLISM_OF_FAT_SOLUBLE_VITAMINS,Vanilla-only significant,LRP12,-0.29194939201165,-0.26588242470284,16.5,18.0,15.5,15.0,0.42,0.44,0.020000000000000018
cd4_0h_vs_24h,REACTOME_METABOLISM_OF_FAT_SOLUBLE_VITAMINS,Vanilla-only significant,LRP8,-0.29194939201165,0.252952641982712,16.5,7.5,15.5,19.5,0.42,0.26,-0.15999999999999998
cd4_0h_vs_24h,REACTOME_METABOLISM_OF_FAT_SOLUBLE_VITAMINS,Vanilla-only significant,PLB1,0.0,0.0,10.0,11.5,23.0,23.5,0.12,0.1,-0.01999999999999999
cd4_0h_vs_24h,REACTOME_METABOLISM_OF_FAT_SOLUBLE_VITAMINS,Vanilla-only significant,RDH11,1.03782119716418,0.493055064058463,4.0,5.5,6.0,10.5,0.8,0.62,-0.18000000000000005
cd4_0h_vs_24h,REACTOME_METABOLISM_OF_FAT_SOLUBLE_VITAMINS,Vanilla-only significant,RETSAT,-0.597022601631597,-0.26588242470284,21.0,18.0,10.0,15.0,0.64,0.44,-0.2
cd4_0h_vs_24h,REACTOME_METABOLISM_OF_FAT_SOLUBLE_VITAMINS,Vanilla-only significant,SDC3,0.0,0.0,10.0,11.5,23.0,23.5,0.12,0.1,-0.01999999999999999
cd4_0h_vs_24h,REACTOME_METABOLISM_OF_FAT_SOLUBLE_VITAMINS,Vanilla-only significant,SDC4,0.278883708402879,-0.544766133105719,6.0,22.5,19.0,8.5,0.28,0.7,0.41999999999999993
cd4_0h_vs_24h,REACTOME_METABOLISM_OF_FAT_SOLUBLE_VITAMINS,Vanilla-only significant,UBIAD1,2.04908317395257,1.13720197081613,2.0,3.0,2.0,5.0,0.96,0.84,-0.12
cd4_0h_vs_24h,REACTOME_METABOLISM_OF_FAT_SOLUBLE_VITAMINS,Vanilla-only significant,VKORC1,2.86596874615962,2.3212026130539,1.0,1.0,1.0,1.0,1.0,1.0,0.0
cd4_0h_vs_24h,REACTOME_METABOLISM_OF_FAT_SOLUBLE_VITAMINS,Vanilla-only significant,VKORC1L1,1.26516212952784,1.32690273248024,3.0,2.0,3.0,4.0,0.92,0.88,-0.040000000000000036
cd4_0h_vs_24h,REACTOME_SYNTHESIS_OF_BILE_ACIDS_AND_BILE_SALTS,Vanilla-only significant,ACOT8,1.68196810392185,0.518835066685553,2.5,4.0,2.5,6.0,0.9285714285714286,0.7619047619047619,-0.16666666666666674
cd4_0h_vs_24h,REACTOME_SYNTHESIS_OF_BILE_ACIDS_AND_BILE_SALTS,Vanilla-only significant,AKR1C1,0.278883708402879,0.0,10.0,15.5,14.0,18.5,0.38095238095238093,0.16666666666666666,-0.21428571428571427
cd4_0h_vs_24h,REACTOME_SYNTHESIS_OF_BILE_ACIDS_AND_BILE_SALTS,Vanilla-only significant,AKR1C3,0.544766133105719,0.0,5.5,15.5,7.5,18.5,0.6904761904761905,0.16666666666666666,-0.5238095238095238
cd4_0h_vs_24h,REACTOME_SYNTHESIS_OF_BILE_ACIDS_AND_BILE_SALTS,Vanilla-only significant,AMACR,0.278883708402879,0.26588242470284,10.0,8.5,14.0,11.5,0.38095238095238093,0.5,0.11904761904761907
cd4_0h_vs_24h,REACTOME_SYNTHESIS_OF_BILE_ACIDS_AND_BILE_SALTS,Vanilla-only significant,CH25H,0.0,0.0,16.0,15.5,20.0,18.5,0.09523809523809523,0.16666666666666666,0.07142857142857142
cd4_0h_vs_24h,REACTOME_SYNTHESIS_OF_BILE_ACIDS_AND_BILE_SALTS,Vanilla-only significant,CYP46A1,0.0,0.26588242470284,16.0,8.5,20.0,11.5,0.09523809523809523,0.5,0.40476190476190477
cd4_0h_vs_24h,REACTOME_SYNTHESIS_OF_BILE_ACIDS_AND_BILE_SALTS,Vanilla-only significant,HSD17B4,-0.597022601631597,-0.875906310034476,21.0,22.0,6.0,3.0,0.7619047619047619,0.9047619047619048,0.1428571428571429
cd4_0h_vs_24h,REACTOME_SYNTHESIS_OF_BILE_ACIDS_AND_BILE_SALTS,Vanilla-only significant,HSD3B7,-0.29194939201165,0.0,19.5,15.5,9.5,18.5,0.5952380952380952,0.16666666666666666,-0.4285714285714286
cd4_0h_vs_24h,REACTOME_SYNTHESIS_OF_BILE_ACIDS_AND_BILE_SALTS,Vanilla-only significant,NCOA1,-0.915272223421779,1.20095703320099,22.0,2.0,5.0,2.0,0.8095238095238095,0.9523809523809523,0.1428571428571428
cd4_0h_vs_24h,REACTOME_SYNTHESIS_OF_BILE_ACIDS_AND_BILE_SALTS,Vanilla-only significant,NCOA2,-0.29194939201165,-0.570833100414529,19.5,21.0,9.5,4.0,0.5952380952380952,0.8571428571428571,0.26190476190476186
cd4_0h_vs_24h,REACTOME_SYNTHESIS_OF_BILE_ACIDS_AND_BILE_SALTS,Vanilla-only significant,OSBP,0.278883708402879,0.26588242470284,10.0,8.5,14.0,11.5,0.38095238095238093,0.5,0.11904761904761907
cd4_0h_vs_24h,REACTOME_SYNTHESIS_OF_BILE_ACIDS_AND_BILE_SALTS,Vanilla-only significant,OSBPL1A,1.03782119716418,0.26588242470284,4.0,8.5,4.0,11.5,0.8571428571428571,0.5,-0.3571428571428571
cd4_0h_vs_24h,REACTOME_SYNTHESIS_OF_BILE_ACIDS_AND_BILE_SALTS,Vanilla-only significant,OSBPL2,0.278883708402879,0.0,10.0,15.5,14.0,18.5,0.38095238095238093,0.16666666666666666,-0.21428571428571427
cd4_0h_vs_24h,REACTOME_SYNTHESIS_OF_BILE_ACIDS_AND_BILE_SALTS,Vanilla-only significant,OSBPL3,0.278883708402879,0.518835066685553,10.0,4.0,14.0,6.0,0.38095238095238093,0.7619047619047619,0.38095238095238093
cd4_0h_vs_24h,REACTOME_SYNTHESIS_OF_BILE_ACIDS_AND_BILE_SALTS,Vanilla-only significant,OSBPL6,0.0,0.0,16.0,15.5,20.0,18.5,0.09523809523809523,0.16666666666666666,0.07142857142857142
cd4_0h_vs_24h,REACTOME_SYNTHESIS_OF_BILE_ACIDS_AND_BILE_SALTS,Vanilla-only significant,OSBPL7,0.0,-0.278883708402879,16.0,20.0,20.0,8.0,0.09523809523809523,0.6666666666666666,0.5714285714285714
cd4_0h_vs_24h,REACTOME_SYNTHESIS_OF_BILE_ACIDS_AND_BILE_SALTS,Vanilla-only significant,OSBPL9,0.278883708402879,0.0,10.0,15.5,14.0,18.5,0.38095238095238093,0.16666666666666666,-0.21428571428571427
cd4_0h_vs_24h,REACTOME_SYNTHESIS_OF_BILE_ACIDS_AND_BILE_SALTS,Vanilla-only significant,PTGIS,0.0,0.0,16.0,15.5,20.0,18.5,0.09523809523809523,0.16666666666666666,0.07142857142857142
cd4_0h_vs_24h,REACTOME_SYNTHESIS_OF_BILE_ACIDS_AND_BILE_SALTS,Vanilla-only significant,RXRA,0.278883708402879,0.26588242470284,10.0,8.5,14.0,11.5,0.38095238095238093,0.5,0.11904761904761907
cd4_0h_vs_24h,REACTOME_SYNTHESIS_OF_BILE_ACIDS_AND_BILE_SALTS,Vanilla-only significant,SCP2,3.12704327282327,2.91576542282824,1.0,1.0,1.0,1.0,1.0,1.0,0.0
cd4_0h_vs_24h,REACTOME_SYNTHESIS_OF_BILE_ACIDS_AND_BILE_SALTS,Vanilla-only significant,SLC27A2,0.544766133105719,0.518835066685553,5.5,4.0,7.5,6.0,0.6904761904761905,0.7619047619047619,0.0714285714285714
cd4_0h_vs_24h,REACTOME_SYNTHESIS_OF_BILE_ACIDS_AND_BILE_SALTS,Vanilla-only significant,SLC27A5,1.68196810392185,0.26588242470284,2.5,8.5,2.5,11.5,0.9285714285714286,0.5,-0.4285714285714286
cd4_0h_vs_24h,REACTOME_SYNTHESIS_OF_GLYCOSYLPHOSPHATIDYLINOSITOL_GPI,Vanilla-only significant,DPM2,3.27345520275347,1.59278515718308,1.0,1.0,1.0,5.0,1.0,0.75,-0.25
cd4_0h_vs_24h,REACTOME_SYNTHESIS_OF_GLYCOSYLPHOSPHATIDYLINOSITOL_GPI,Vanilla-only significant,PIGA,0.994464497200023,0.26588242470284,3.5,3.0,5.5,16.0,0.71875,0.0625,-0.65625
cd4_0h_vs_24h,REACTOME_SYNTHESIS_OF_GLYCOSYLPHOSPHATIDYLINOSITOL_GPI,Vanilla-only significant,PIGB,-0.358048044244133,-1.19415593182466,12.0,11.0,12.0,9.0,0.3125,0.5,0.1875
cd4_0h_vs_24h,REACTOME_SYNTHESIS_OF_GLYCOSYLPHOSPHATIDYLINOSITOL_GPI,Vanilla-only significant,PIGC,0.676214875409841,-0.875906310034476,5.5,8.0,8.5,12.0,0.53125,0.3125,-0.21875
cd4_0h_vs_24h,REACTOME_SYNTHESIS_OF_GLYCOSYLPHOSPHATIDYLINOSITOL_GPI,Vanilla-only significant,PIGF,-2.34905040220007,-1.8703708072345,17.0,14.5,2.0,3.5,0.9375,0.84375,-0.09375
cd4_0h_vs_24h,REACTOME_SYNTHESIS_OF_GLYCOSYLPHOSPHATIDYLINOSITOL_GPI,Vanilla-only significant,PIGG,0.676214875409841,-0.570833100414529,5.5,5.5,8.5,14.5,0.53125,0.15625,-0.375
cd4_0h_vs_24h,REACTOME_SYNTHESIS_OF_GLYCOSYLPHOSPHATIDYLINOSITOL_GPI,Vanilla-only significant,PIGH,-0.358048044244133,-1.19415593182466,12.0,11.0,12.0,9.0,0.3125,0.5,0.1875
cd4_0h_vs_24h,REACTOME_SYNTHESIS_OF_GLYCOSYLPHOSPHATIDYLINOSITOL_GPI,Vanilla-only significant,PIGL,-0.729438984440692,-1.5256296534665,15.0,13.0,7.0,6.0,0.625,0.6875,0.0625
cd4_0h_vs_24h,REACTOME_SYNTHESIS_OF_GLYCOSYLPHOSPHATIDYLINOSITOL_GPI,Vanilla-only significant,PIGM,0.0,-2.59980979167519,8.0,16.0,16.0,2.0,0.0625,0.9375,0.875
cd4_0h_vs_24h,REACTOME_SYNTHESIS_OF_GLYCOSYLPHOSPHATIDYLINOSITOL_GPI,Vanilla-only significant,PIGN,-1.11420574203253,-0.875906310034476,16.0,8.0,4.0,12.0,0.8125,0.3125,-0.5
cd4_0h_vs_24h,REACTOME_SYNTHESIS_OF_GLYCOSYLPHOSPHATIDYLINOSITOL_GPI,Vanilla-only significant,PIGO,0.994464497200023,-1.19415593182466,3.5,11.0,5.5,9.0,0.71875,0.5,-0.21875
cd4_0h_vs_24h,REACTOME_SYNTHESIS_OF_GLYCOSYLPHOSPHATIDYLINOSITOL_GPI,Vanilla-only significant,PIGP,-0.358048044244133,-2.98457654926703,12.0,17.0,12.0,1.0,0.3125,1.0,0.6875
cd4_0h_vs_24h,REACTOME_SYNTHESIS_OF_GLYCOSYLPHOSPHATIDYLINOSITOL_GPI,Vanilla-only significant,PIGQ,-0.358048044244133,-0.875906310034476,12.0,8.0,12.0,12.0,0.3125,0.3125,0.0
cd4_0h_vs_24h,REACTOME_SYNTHESIS_OF_GLYCOSYLPHOSPHATIDYLINOSITOL_GPI,Vanilla-only significant,PIGV,0.0,0.0,8.0,4.0,16.0,17.0,0.0625,0.0,-0.0625
cd4_0h_vs_24h,REACTOME_SYNTHESIS_OF_GLYCOSYLPHOSPHATIDYLINOSITOL_GPI,Vanilla-only significant,PIGW,-0.358048044244133,-1.8703708072345,12.0,14.5,12.0,3.5,0.3125,0.84375,0.53125
cd4_0h_vs_24h,REACTOME_SYNTHESIS_OF_GLYCOSYLPHOSPHATIDYLINOSITOL_GPI,Vanilla-only significant,PIGX,1.59148709883162,1.20095703320099,2.0,2.0,3.0,7.0,0.875,0.625,-0.25
cd4_0h_vs_24h,REACTOME_SYNTHESIS_OF_GLYCOSYLPHOSPHATIDYLINOSITOL_GPI,Vanilla-only significant,PIGZ,0.0,-0.570833100414529,8.0,5.5,16.0,14.5,0.0625,0.15625,0.09375
cd4_0h_vs_24h,REACTOME_SYNTHESIS_OF_VERY_LONG_CHAIN_FATTY_ACYL_COAS,GenePT-only significant,ACSBG1,-0.278883708402879,0.318249621790182,12.5,14.0,13.5,15.0,0.2647058823529412,0.17647058823529413,-0.08823529411764705
cd4_0h_vs_24h,REACTOME_SYNTHESIS_OF_VERY_LONG_CHAIN_FATTY_ACYL_COAS,GenePT-only significant,ACSF3,0.518835066685553,0.915272223421779,5.5,10.0,10.5,10.0,0.4411764705882353,0.47058823529411764,0.02941176470588236
cd4_0h_vs_24h,REACTOME_SYNTHESIS_OF_VERY_LONG_CHAIN_FATTY_ACYL_COAS,GenePT-only significant,ACSL1,0.758937488761304,1.95309342058596,3.0,4.0,6.0,4.0,0.7058823529411765,0.8235294117647058,0.11764705882352933
cd4_0h_vs_24h,REACTOME_SYNTHESIS_OF_VERY_LONG_CHAIN_FATTY_ACYL_COAS,GenePT-only significant,ACSL3,-0.570833100414529,2.18043435294962,14.5,1.5,7.5,1.5,0.6176470588235294,0.9705882352941176,0.3529411764705882
cd4_0h_vs_24h,REACTOME_SYNTHESIS_OF_VERY_LONG_CHAIN_FATTY_ACYL_COAS,GenePT-only significant,ACSL4,0.518835066685553,2.18043435294962,5.5,1.5,10.5,1.5,0.4411764705882353,0.9705882352941176,0.5294117647058824
cd4_0h_vs_24h,REACTOME_SYNTHESIS_OF_VERY_LONG_CHAIN_FATTY_ACYL_COAS,GenePT-only significant,ACSL5,-0.875906310034476,-0.676214875409841,16.5,18.0,4.5,12.0,0.7941176470588235,0.35294117647058826,-0.4411764705882352
cd4_0h_vs_24h,REACTOME_SYNTHESIS_OF_VERY_LONG_CHAIN_FATTY_ACYL_COAS,GenePT-only significant,ACSL6,1.59278515718308,1.95309342058596,1.0,4.0,2.0,4.0,0.9411764705882353,0.8235294117647058,-0.11764705882352944
cd4_0h_vs_24h,REACTOME_SYNTHESIS_OF_VERY_LONG_CHAIN_FATTY_ACYL_COAS,GenePT-only significant,ELOVL1,0.0,1.95309342058596,10.5,4.0,17.5,4.0,0.029411764705882353,0.8235294117647058,0.7941176470588235
cd4_0h_vs_24h,REACTOME_SYNTHESIS_OF_VERY_LONG_CHAIN_FATTY_ACYL_COAS,GenePT-only significant,ELOVL4,0.518835066685553,0.915272223421779,5.5,10.0,10.5,10.0,0.4411764705882353,0.47058823529411764,0.02941176470588236
cd4_0h_vs_24h,REACTOME_SYNTHESIS_OF_VERY_LONG_CHAIN_FATTY_ACYL_COAS,GenePT-only significant,ELOVL5,0.26588242470284,0.0,8.5,16.5,15.5,17.5,0.14705882352941177,0.029411764705882353,-0.11764705882352941
cd4_0h_vs_24h,REACTOME_SYNTHESIS_OF_VERY_LONG_CHAIN_FATTY_ACYL_COAS,GenePT-only significant,ELOVL6,0.26588242470284,1.71299099851021,8.5,6.5,15.5,6.5,0.14705882352941177,0.6764705882352942,0.5294117647058824
cd4_0h_vs_24h,REACTOME_SYNTHESIS_OF_VERY_LONG_CHAIN_FATTY_ACYL_COAS,GenePT-only significant,HACD1,-0.278883708402879,0.318249621790182,12.5,14.0,13.5,15.0,0.2647058823529412,0.17647058823529413,-0.08823529411764705
cd4_0h_vs_24h,REACTOME_SYNTHESIS_OF_VERY_LONG_CHAIN_FATTY_ACYL_COAS,GenePT-only significant,HACD2,-2.22841885147863,0.623322831410129,18.0,12.0,1.0,13.0,1.0,0.29411764705882354,-0.7058823529411764
cd4_0h_vs_24h,REACTOME_SYNTHESIS_OF_VERY_LONG_CHAIN_FATTY_ACYL_COAS,GenePT-only significant,HACD3,-0.570833100414529,0.0,14.5,16.5,7.5,17.5,0.6176470588235294,0.029411764705882353,-0.5882352941176471
cd4_0h_vs_24h,REACTOME_SYNTHESIS_OF_VERY_LONG_CHAIN_FATTY_ACYL_COAS,GenePT-only significant,HACD4,0.0,1.71299099851021,10.5,6.5,17.5,6.5,0.029411764705882353,0.6764705882352942,0.6470588235294118
cd4_0h_vs_24h,REACTOME_SYNTHESIS_OF_VERY_LONG_CHAIN_FATTY_ACYL_COAS,GenePT-only significant,HSD17B12,-0.875906310034476,0.915272223421779,16.5,10.0,4.5,10.0,0.7941176470588235,0.47058823529411764,-0.32352941176470584
cd4_0h_vs_24h,REACTOME_SYNTHESIS_OF_VERY_LONG_CHAIN_FATTY_ACYL_COAS,GenePT-only significant,SLC27A3,0.518835066685553,0.318249621790182,5.5,14.0,10.5,15.0,0.4411764705882353,0.17647058823529413,-0.2647058823529411
cd4_0h_vs_24h,REACTOME_SYNTHESIS_OF_VERY_LONG_CHAIN_FATTY_ACYL_COAS,GenePT-only significant,TECR,1.20095703320099,1.4600383565275,2.0,8.0,3.0,8.0,0.8823529411764706,0.5882352941176471,-0.2941176470588235
