comparison,group_a,group_b,pathway,detection_state,n_paired_genes,gene,gene_index,vanilla_raw_p_full,vanilla_raw_p_masked,vanilla_score_full,vanilla_score_masked,vanilla_delta_score,genept_raw_p_full,genept_raw_p_masked,genept_score_full,genept_score_masked,genept_delta_score,vanilla_adjusted_p_full,vanilla_adjusted_p_masked,genept_adjusted_p_full,genept_adjusted_p_masked,vanilla_qval_full,vanilla_qval_masked,genept_qval_full,genept_qval_masked,vanilla_significant_full,vanilla_significant_masked,genept_significant_full,genept_significant_masked,vanilla_detection_flip,genept_detection_flip,mean_expression_group_A,mean_expression_group_B,expression_difference,detection_fraction_group_A,detection_fraction_group_B,embedding_norm,embedding_to_pathway_mean_cosine,vanilla_supporting_rank,vanilla_absolute_rank,vanilla_absolute_percentile,genept_supporting_rank,genept_absolute_rank,genept_absolute_percentile,absolute_percentile_difference_genept_minus_vanilla
cd4_0h_vs_12h,cd4_0h,cd4_12h,KEGG_NITROGEN_METABOLISM,GenePT-only significant,17,AMT,1,0.00059618767048381,0.0010996776918826,3.22461700967912,2.95873458497628,0.26588242470284,3.81265104892234e-05,3.81265104892234e-05,4.41877294150378,4.41877294150378,0.0,0.0733310834695086,0.13526035610156,0.00468956079017448,0.00468956079017448,1.06522856619588,0.932110226066041,1.52606285259303,1.52606285259303,False,False,True,True,False,False,0.0517573928266836,0.0193345688703687,-0.0324228239563149,0.05,0.02,0.999999930291903,0.915413999902299,8.5,12.5,0.28125,13.5,15.5,0.09375,-0.1875
cd4_0h_vs_12h,cd4_0h,cd4_12h,KEGG_NITROGEN_METABOLISM,GenePT-only significant,17,ASNS,2,0.00059618767048381,0.562150599897062,3.22461700967912,0.250147321543855,2.97446968813527,3.81265104892234e-05,0.49107566468588,4.41877294150378,0.308851586850884,4.1099213546529,0.0733310834695086,1.0,0.00468956079017448,1.0,1.06522856619588,0.0,1.52606285259303,0.0,False,False,True,False,False,True,0.0486523230958153,0.367305775852066,0.31865345275625,0.042,0.37,1.00000001123957,0.919447161201006,2.0,2.0,0.9375,2.0,2.0,0.9375,0.0
cd4_0h_vs_12h,cd4_0h,cd4_12h,KEGG_NITROGEN_METABOLISM,GenePT-only significant,17,CA13,3,0.00059618767048381,0.00196887460329715,3.22461700967912,2.70578194299357,0.518835066685553,3.81265104892234e-05,7.93371655046569e-05,4.41877294150378,4.1005233197136,0.318249621790182,0.0733310834695086,0.242171576205549,0.00468956079017448,0.0097584713570728,1.06522856619588,0.784778205325666,1.52606285259303,1.417962696362,False,False,True,True,False,False,0.00889880929762333,0.00177494259226188,-0.00712386670536145,0.008,0.002,0.999999995888041,0.93417890333848,6.0,7.0,0.625,9.0,11.0,0.375,-0.25
cd4_0h_vs_12h,cd4_0h,cd4_12h,KEGG_NITROGEN_METABOLISM,GenePT-only significant,17,CA2,4,0.00059618767048381,0.00196887460329715,3.22461700967912,2.70578194299357,0.518835066685553,3.81265104892234e-05,3.81265104892234e-05,4.41877294150378,4.41877294150378,0.0,0.0733310834695086,0.242171576205549,0.00468956079017448,0.00468956079017448,1.06522856619588,0.784778205325666,1.52606285259303,1.52606285259303,False,False,True,True,False,False,0.0,0.00609148824789654,0.00609148824789654,0.0,0.006,1.00000007792823,0.952583031215605,6.0,7.0,0.625,13.5,15.5,0.09375,-0.53125
cd4_0h_vs_12h,cd4_0h,cd4_12h,KEGG_NITROGEN_METABOLISM,GenePT-only significant,17,CA5A,5,0.00059618767048381,0.00059618767048381,3.22461700967912,3.22461700967912,0.0,3.81265104892234e-05,0.00059618767048381,4.41877294150378,3.22461700967912,1.19415593182466,0.0733310834695086,0.0733310834695086,0.00468956079017448,0.0733310834695086,1.06522856619588,1.06522856619588,1.52606285259303,1.06522856619588,False,False,True,False,False,True,0.00616960613802527,0.00496184887086491,-0.00120775726716037,0.006,0.006,1.00000001557418,0.946437496175773,11.5,15.5,0.09375,5.0,5.0,0.75,0.65625
cd4_0h_vs_12h,cd4_0h,cd4_12h,KEGG_NITROGEN_METABOLISM,GenePT-only significant,17,CA5B,6,0.00059618767048381,0.00946978291842922,3.22461700967912,2.02365997647813,1.20095703320099,3.81265104892234e-05,0.00577645522630862,4.41877294150378,2.23833858855416,2.18043435294962,0.0733310834695086,1.0,0.00468956079017448,0.71050399283596,1.06522856619588,0.0,1.52606285259303,0.385270654364906,False,False,True,False,False,True,0.11746789400649,0.0480546173884662,-0.0694132766180238,0.108,0.046,0.999999988673763,0.94119603662544,3.0,3.0,0.875,3.0,3.0,0.875,0.0
cd4_0h_vs_12h,cd4_0h,cd4_12h,KEGG_NITROGEN_METABOLISM,GenePT-only significant,17,CA6,7,0.00059618767048381,0.000313688994347936,3.22461700967912,3.503500718082,-0.278883708402879,3.81265104892234e-05,8.03548663493119e-06,4.41877294150378,5.09498781691362,-0.676214875409841,0.0733310834695086,0.0385837463047961,0.00468956079017448,0.000988364856096536,1.06522856619588,1.18894726823464,1.52606285259303,1.73351743731473,False,True,True,True,True,False,0.0595909600524097,0.0195292681969251,-0.0400616918554845,0.054,0.016,0.999999983029371,0.938842902200495,15.0,10.0,0.4375,16.5,7.5,0.59375,0.15625
cd4_0h_vs_12h,cd4_0h,cd4_12h,KEGG_NITROGEN_METABOLISM,GenePT-only significant,17,CA7,8,0.00059618767048381,0.00059618767048381,3.22461700967912,3.22461700967912,0.0,3.81265104892234e-05,3.81265104892234e-05,4.41877294150378,4.41877294150378,0.0,0.0733310834695086,0.0733310834695086,0.00468956079017448,0.00468956079017448,1.06522856619588,1.06522856619588,1.52606285259303,1.52606285259303,False,False,True,True,False,False,0.0,0.0,0.0,0.0,0.0,1.00000004708899,0.951565433968185,11.5,15.5,0.09375,13.5,15.5,0.09375,0.0
cd4_0h_vs_12h,cd4_0h,cd4_12h,KEGG_NITROGEN_METABOLISM,GenePT-only significant,17,CA9,9,0.00059618767048381,0.00059618767048381,3.22461700967912,3.22461700967912,0.0,3.81265104892234e-05,3.81265104892234e-05,4.41877294150378,4.41877294150378,0.0,0.0733310834695086,0.0733310834695086,0.00468956079017448,0.00468956079017448,1.06522856619588,1.06522856619588,1.52606285259303,1.52606285259303,False,False,True,True,False,False,0.0,0.0,0.0,0.0,0.0,1.00000001375841,0.937154123605136,11.5,15.5,0.09375,13.5,15.5,0.09375,0.0
cd4_0h_vs_12h,cd4_0h,cd4_12h,KEGG_NITROGEN_METABOLISM,GenePT-only significant,17,CPS1,10,0.00059618767048381,0.000313688994347936,3.22461700967912,3.503500718082,-0.278883708402879,3.81265104892234e-05,7.93371655046569e-05,4.41877294150378,4.1005233197136,0.318249621790182,0.0733310834695086,0.0385837463047961,0.00468956079017448,0.0097584713570728,1.06522856619588,1.18894726823464,1.52606285259303,1.417962696362,False,True,True,True,True,False,0.0082446706442938,0.017751698154536,0.00950702751024221,0.008,0.018,0.999999966292613,0.910906947448935,15.0,10.0,0.4375,9.0,11.0,0.375,-0.0625
cd4_0h_vs_12h,cd4_0h,cd4_12h,KEGG_NITROGEN_METABOLISM,GenePT-only significant,17,CTH,11,0.00059618767048381,0.000313688994347936,3.22461700967912,3.503500718082,-0.278883708402879,3.81265104892234e-05,8.03548663493119e-06,4.41877294150378,5.09498781691362,-0.676214875409841,0.0733310834695086,0.0385837463047961,0.00468956079017448,0.000988364856096536,1.06522856619588,1.18894726823464,1.52606285259303,1.73351743731473,False,True,True,True,True,False,0.00817100417643842,0.00525710706160803,-0.00291389711483039,0.008,0.006,0.999999987611045,0.871939832317373,15.0,10.0,0.4375,16.5,7.5,0.59375,0.15625
cd4_0h_vs_12h,cd4_0h,cd4_12h,KEGG_NITROGEN_METABOLISM,GenePT-only significant,17,GLS,12,0.00059618767048381,0.998724216773701,3.22461700967912,0.000554419349986695,3.22406259032914,3.81265104892234e-05,0.993445062647761,4.41877294150378,0.00285614430516226,4.41591679719862,0.0733310834695086,1.0,0.00468956079017448,1.0,1.06522856619588,0.0,1.52606285259303,0.0,False,False,True,False,False,True,0.377536223248138,0.777648814569486,0.400112591321348,0.326,0.608,1.000000003265,0.946319711856654,1.0,1.0,1.0,1.0,1.0,1.0,0.0
cd4_0h_vs_12h,cd4_0h,cd4_12h,KEGG_NITROGEN_METABOLISM,GenePT-only significant,17,GLS2,13,0.00059618767048381,0.0034223189265975,3.22461700967912,2.46567952091782,0.758937488761304,3.81265104892234e-05,0.000313688994347936,4.41877294150378,3.503500718082,0.915272223421779,0.0733310834695086,0.420945227971492,0.00468956079017448,0.0385837463047961,1.06522856619588,0.613004412282997,1.52606285259303,1.18894726823464,False,False,True,True,False,False,0.0132425846591464,0.00742792255328606,-0.00581466210586033,0.012,0.01,1.000000003265,0.946319711856654,4.0,4.0,0.8125,6.0,6.0,0.6875,-0.125
cd4_0h_vs_12h,cd4_0h,cd4_12h,KEGG_NITROGEN_METABOLISM,GenePT-only significant,17,GLUD1,14,0.00059618767048381,0.00059618767048381,3.22461700967912,3.22461700967912,0.0,3.81265104892234e-05,0.0034223189265975,4.41877294150378,2.46567952091782,1.95309342058596,0.0733310834695086,0.0733310834695086,0.00468956079017448,0.420945227971492,1.06522856619588,1.06522856619588,1.52606285259303,0.613004412282997,False,False,True,False,False,True,0.169156240754136,0.180766832989273,0.0116105922351367,0.156,0.198,1.00000002100198,0.940822447080167,11.5,15.5,0.09375,4.0,4.0,0.8125,0.71875
cd4_0h_vs_12h,cd4_0h,cd4_12h,KEGG_NITROGEN_METABOLISM,GenePT-only significant,17,GLUD2,15,0.00059618767048381,0.0010996776918826,3.22461700967912,2.95873458497628,0.26588242470284,3.81265104892234e-05,7.93371655046569e-05,4.41877294150378,4.1005233197136,0.318249621790182,0.0733310834695086,0.13526035610156,0.00468956079017448,0.0097584713570728,1.06522856619588,0.932110226066041,1.52606285259303,1.417962696362,False,False,True,True,False,False,0.00249911590337078,0.0,-0.00249911590337078,0.002,0.0,0.999999999162696,0.937952618537859,8.5,12.5,0.28125,9.0,11.0,0.375,0.09375
cd4_0h_vs_12h,cd4_0h,cd4_12h,KEGG_NITROGEN_METABOLISM,GenePT-only significant,17,GLUL,16,0.00059618767048381,0.000160158462101912,3.22461700967912,3.79545011009365,-0.570833100414529,3.81265104892234e-05,7.93371655046569e-05,4.41877294150378,4.1005233197136,0.318249621790182,0.0733310834695086,0.0196994908385352,0.00468956079017448,0.0097584713570728,1.06522856619588,1.30596515981639,1.52606285259303,1.417962696362,False,True,True,True,True,False,0.087595947223681,0.095879755761838,0.00828380853815698,0.08,0.108,1.00000000623237,0.938735017207209,17.0,5.0,0.75,9.0,11.0,0.375,-0.375
cd4_0h_vs_12h,cd4_0h,cd4_12h,KEGG_NITROGEN_METABOLISM,GenePT-only significant,17,HAL,17,0.00059618767048381,0.00196887460329715,3.22461700967912,2.70578194299357,0.518835066685553,3.81265104892234e-05,7.93371655046569e-05,4.41877294150378,4.1005233197136,0.318249621790182,0.0733310834695086,0.242171576205549,0.00468956079017448,0.0097584713570728,1.06522856619588,0.784778205325666,1.52606285259303,1.417962696362,False,False,True,True,False,False,0.0,0.00129490151931797,0.00129490151931797,0.0,0.002,0.999999911833026,0.919616946747442,6.0,7.0,0.625,9.0,11.0,0.375,-0.25
cd4_0h_vs_12h,cd4_0h,cd4_12h,KEGG_PENTOSE_PHOSPHATE_PATHWAY,Vanilla-only significant,22,ALDOA,1,8.03548663493119e-06,1.49821174952854e-06,5.09498781691362,5.82442680135432,-0.729438984440692,0.00196887460329715,0.000313688994347936,2.70578194299357,3.503500718082,-0.797718775088431,0.000988364856096536,0.00018428004519201,0.242171576205549,0.0385837463047961,1.73351743731473,1.93249105817205,0.784778205325666,1.18894726823464,True,True,False,True,False,True,0.0635134947525951,0.0620711350030903,-0.00144235974950482,0.056,0.082,0.999999969248757,0.937780927965854,14.0,11.0,0.5238095238095238,14.0,10.0,0.5714285714285714,0.04761904761904756
cd4_0h_vs_12h,cd4_0h,cd4_12h,KEGG_PENTOSE_PHOSPHATE_PATHWAY,Vanilla-only significant,22,ALDOC,2,8.03548663493119e-06,8.03548663493119e-06,5.09498781691362,5.09498781691362,0.0,0.00196887460329715,0.0034223189265975,2.70578194299357,2.46567952091782,0.240102422075751,0.000988364856096536,0.000988364856096536,0.242171576205549,0.420945227971492,1.73351743731473,1.73351743731473,0.784778205325666,0.613004412282997,True,True,False,False,False,False,0.0251801855187143,0.0145761101353847,-0.0106040753833296,0.024,0.018,1.00000000185776,0.929600661125649,7.0,20.0,0.09523809523809523,3.5,19.5,0.11904761904761904,0.023809523809523808
cd4_0h_vs_12h,cd4_0h,cd4_12h,KEGG_PENTOSE_PHOSPHATE_PATHWAY,Vanilla-only significant,22,DERA,3,8.03548663493119e-06,6.1774102028672e-07,5.09498781691362,6.20919355894615,-1.11420574203253,0.00196887460329715,0.00577645522630862,2.70578194299357,2.23833858855416,0.467443354439411,0.000988364856096536,7.59821454952666e-05,0.242171576205549,0.71050399283596,1.73351743731473,2.02960302707371,0.784778205325666,0.385270654364906,True,True,False,False,False,False,0.0637770510977556,0.059041145222923,-0.00473590587483257,0.06,0.064,1.00000004332163,0.917911181513742,18.0,7.0,0.7142857142857143,2.0,13.0,0.42857142857142855,-0.28571428571428575
cd4_0h_vs_12h,cd4_0h,cd4_12h,KEGG_PENTOSE_PHOSPHATE_PATHWAY,Vanilla-only significant,22,FBP1,4,8.03548663493119e-06,8.03548663493119e-06,5.09498781691362,5.09498781691362,0.0,0.00196887460329715,0.000160158462101912,2.70578194299357,3.79545011009365,-1.08966816710008,0.000988364856096536,0.000988364856096536,0.242171576205549,0.0196994908385352,1.73351743731473,1.73351743731473,0.784778205325666,1.30596515981639,True,True,False,True,False,True,0.045877732535897,0.0109785033496869,-0.0348992291862101,0.042,0.008,1.0000000315912,0.930421148321639,7.0,20.0,0.09523809523809523,16.5,6.5,0.7380952380952381,0.6428571428571429
cd4_0h_vs_12h,cd4_0h,cd4_12h,KEGG_PENTOSE_PHOSPHATE_PATHWAY,Vanilla-only significant,22,G6PD,5,8.03548663493119e-06,1.49821174952854e-06,5.09498781691362,5.82442680135432,-0.729438984440692,0.00196887460329715,0.0010996776918826,2.70578194299357,2.95873458497628,-0.252952641982712,0.000988364856096536,0.00018428004519201,0.242171576205549,0.13526035610156,1.73351743731473,1.93249105817205,0.784778205325666,0.932110226066041,True,True,False,False,False,False,0.0566620103700341,0.122986507902184,0.06632449753215,0.05,0.142,1.00000006262707,0.883658002748738,14.0,11.0,0.5238095238095238,9.0,16.0,0.2857142857142857,-0.23809523809523814
cd4_0h_vs_12h,cd4_0h,cd4_12h,KEGG_PENTOSE_PHOSPHATE_PATHWAY,Vanilla-only significant,22,GPI,6,8.03548663493119e-06,1.77726970010602e-05,5.09498781691362,4.75024666314563,0.344741153767997,0.00196887460329715,0.0010996776918826,2.70578194299357,2.95873458497628,-0.252952641982712,0.000988364856096536,0.0021860417311304,0.242171576205549,0.13526035610156,1.73351743731473,1.63105534906276,0.784778205325666,0.932110226066041,True,True,False,False,False,False,0.122080989098548,0.27919055383332,0.157109564734772,0.114,0.308,1.00000009716845,0.900566283615928,3.5,16.5,0.2619047619047619,9.0,16.0,0.2857142857142857,0.02380952380952378
cd4_0h_vs_12h,cd4_0h,cd4_12h,KEGG_PENTOSE_PHOSPHATE_PATHWAY,Vanilla-only significant,22,H6PD,7,8.03548663493119e-06,9.5725425402497e-08,5.09498781691362,7.01897269497718,-1.92398487806355,0.00196887460329715,0.0010996776918826,2.70578194299357,2.95873458497628,-0.252952641982712,0.000988364856096536,1.17742273245071e-05,0.242171576205549,0.13526035610156,1.73351743731473,2.2201503515613,0.784778205325666,0.932110226066041,True,True,False,False,False,False,0.0592515604191166,0.030925617331854,-0.0283259430872625,0.054,0.032,1.0000000039733,0.926219022718464,20.0,3.0,0.9047619047619048,9.0,16.0,0.2857142857142857,-0.6190476190476191
cd4_0h_vs_12h,cd4_0h,cd4_12h,KEGG_PENTOSE_PHOSPHATE_PATHWAY,Vanilla-only significant,22,PFKL,8,8.03548663493119e-06,1.31042954439412e-08,5.09498781691362,7.8825863240523,-2.78759850713867,0.00196887460329715,0.00059618767048381,2.70578194299357,3.22461700967912,-0.518835066685553,0.000988364856096536,1.61182833960477e-06,0.242171576205549,0.0733310834695086,1.73351743731473,2.40679895558663,0.784778205325666,1.06522856619588,True,True,False,False,False,False,0.129330691961757,0.0890233407308026,-0.0403073512309542,0.114,0.086,1.000000031527,0.945686447393756,22.0,1.0,1.0,12.0,12.0,0.47619047619047616,-0.5238095238095238
cd4_0h_vs_12h,cd4_0h,cd4_12h,KEGG_PENTOSE_PHOSPHATE_PATHWAY,Vanilla-only significant,22,PFKM,9,8.03548663493119e-06,1.49821174952854e-06,5.09498781691362,5.82442680135432,-0.729438984440692,0.00196887460329715,0.0150822934297104,2.70578194299357,1.82153261416016,0.884249328833414,0.000988364856096536,0.00018428004519201,0.242171576205549,1.0,1.73351743731473,1.93249105817205,0.784778205325666,0.0,True,True,False,False,False,False,0.0238773870856866,0.023415220620321,-0.000462166465365572,0.022,0.034,1.00000004361417,0.932845327593876,14.0,11.0,0.5238095238095238,1.0,8.0,0.6666666666666666,0.1428571428571428
cd4_0h_vs_12h,cd4_0h,cd4_12h,KEGG_PENTOSE_PHOSPHATE_PATHWAY,Vanilla-only significant,22,PFKP,10,8.03548663493119e-06,0.000313688994347936,5.09498781691362,3.503500718082,1.59148709883162,0.00196887460329715,0.0034223189265975,2.70578194299357,2.46567952091782,0.240102422075751,0.000988364856096536,0.0385837463047961,0.242171576205549,0.420945227971492,1.73351743731473,1.18894726823464,0.784778205325666,0.613004412282997,True,True,False,False,False,False,0.0537417391246852,0.23470527754959,0.180963538424905,0.05,0.26,0.999999915735281,0.944968465889649,1.5,4.5,0.8333333333333334,3.5,19.5,0.11904761904761904,-0.7142857142857143
cd4_0h_vs_12h,cd4_0h,cd4_12h,KEGG_PENTOSE_PHOSPHATE_PATHWAY,Vanilla-only significant,22,PGD,11,8.03548663493119e-06,1.49821174952854e-06,5.09498781691362,5.82442680135432,-0.729438984440692,0.00196887460329715,0.000313688994347936,2.70578194299357,3.503500718082,-0.797718775088431,0.000988364856096536,0.00018428004519201,0.242171576205549,0.0385837463047961,1.73351743731473,1.93249105817205,0.784778205325666,1.18894726823464,True,True,False,True,False,True,0.0733531938623531,0.100396727363626,0.0270435335012724,0.068,0.116,1.00000001500595,0.927621227272944,14.0,11.0,0.5238095238095238,14.0,10.0,0.5714285714285714,0.04761904761904756
cd4_0h_vs_12h,cd4_0h,cd4_12h,KEGG_PENTOSE_PHOSPHATE_PATHWAY,Vanilla-only significant,22,PGLS,12,8.03548663493119e-06,3.59717677613814e-08,5.09498781691362,7.44403821911369,-2.34905040220007,0.00196887460329715,8.03548663493119e-06,2.70578194299357,5.09498781691362,-2.38920587392005,0.000988364856096536,4.42452743464991e-06,0.242171576205549,0.000988364856096536,1.73351743731473,2.31389997788891,0.784778205325666,1.73351743731473,True,True,False,True,False,True,0.324664328449989,0.432794963870612,0.108130635420623,0.288,0.41,0.999999984015409,0.927122121180796,21.0,2.0,0.9523809523809523,21.5,1.5,0.9761904761904762,0.023809523809523836
cd4_0h_vs_12h,cd4_0h,cd4_12h,KEGG_PENTOSE_PHOSPHATE_PATHWAY,Vanilla-only significant,22,PGM1,13,8.03548663493119e-06,6.1774102028672e-07,5.09498781691362,6.20919355894615,-1.11420574203253,0.00196887460329715,7.93371655046569e-05,2.70578194299357,4.1005233197136,-1.39474137672003,0.000988364856096536,7.59821454952666e-05,0.242171576205549,0.0097584713570728,1.73351743731473,2.02960302707371,0.784778205325666,1.417962696362,True,True,False,True,False,True,0.0512034077009257,0.050505359814805,-0.000698047886120733,0.046,0.058,0.999999992415571,0.941816668412212,18.0,7.0,0.7142857142857143,18.5,4.5,0.8333333333333334,0.11904761904761907
cd4_0h_vs_12h,cd4_0h,cd4_12h,KEGG_PENTOSE_PHOSPHATE_PATHWAY,Vanilla-only significant,22,PGM2,14,8.03548663493119e-06,3.52341775794401e-06,5.09498781691362,5.45303586115776,-0.358048044244133,0.00196887460329715,0.00196887460329715,2.70578194299357,2.70578194299357,0.0,0.000988364856096536,0.000433380384227113,0.242171576205549,0.242171576205549,1.73351743731473,1.83388406114409,0.784778205325666,0.784778205325666,True,True,False,False,False,False,0.04374062966681,0.145274922772105,0.101534293105295,0.04,0.174,1.00000001804517,0.935666068202777,10.5,14.5,0.35714285714285715,5.5,21.5,0.023809523809523808,-0.33333333333333337
cd4_0h_vs_12h,cd4_0h,cd4_12h,KEGG_PENTOSE_PHOSPHATE_PATHWAY,Vanilla-only significant,22,PRPS1,15,8.03548663493119e-06,8.03548663493119e-06,5.09498781691362,5.09498781691362,0.0,0.00196887460329715,8.03548663493119e-06,2.70578194299357,5.09498781691362,-2.38920587392005,0.000988364856096536,0.000988364856096536,0.242171576205549,0.000988364856096536,1.73351743731473,1.73351743731473,0.784778205325666,1.73351743731473,True,True,False,True,False,True,0.127185692888318,0.230180392122993,0.102994699234675,0.118,0.268,0.999999949960419,0.924320919015855,7.0,20.0,0.09523809523809523,21.5,1.5,0.9761904761904762,0.8809523809523809
cd4_0h_vs_12h,cd4_0h,cd4_12h,KEGG_PENTOSE_PHOSPHATE_PATHWAY,Vanilla-only significant,22,PRPS2,16,8.03548663493119e-06,6.1774102028672e-07,5.09498781691362,6.20919355894615,-1.11420574203253,0.00196887460329715,3.81265104892234e-05,2.70578194299357,4.41877294150378,-1.71299099851021,0.000988364856096536,7.59821454952666e-05,0.242171576205549,0.00468956079017448,1.73351743731473,2.02960302707371,0.784778205325666,1.52606285259303,True,True,False,True,False,True,0.115552664316856,0.1777870445042,0.0622343801873442,0.11,0.18,0.99999999431813,0.934076581732085,18.0,7.0,0.7142857142857143,20.0,3.0,0.9047619047619048,0.19047619047619047
cd4_0h_vs_12h,cd4_0h,cd4_12h,KEGG_PENTOSE_PHOSPHATE_PATHWAY,Vanilla-only significant,22,RBKS,17,8.03548663493119e-06,3.52341775794401e-06,5.09498781691362,5.45303586115776,-0.358048044244133,0.00196887460329715,0.0010996776918826,2.70578194299357,2.95873458497628,-0.252952641982712,0.000988364856096536,0.000433380384227113,0.242171576205549,0.13526035610156,1.73351743731473,1.83388406114409,0.784778205325666,0.932110226066041,True,True,False,False,False,False,0.0165070357725171,0.00728066177396428,-0.00922637399855282,0.016,0.008,1.00000005228884,0.928497649718633,10.5,14.5,0.35714285714285715,9.0,16.0,0.2857142857142857,-0.07142857142857145
cd4_0h_vs_12h,cd4_0h,cd4_12h,KEGG_PENTOSE_PHOSPHATE_PATHWAY,Vanilla-only significant,22,RPE,18,8.03548663493119e-06,8.03548663493119e-06,5.09498781691362,5.09498781691362,0.0,0.00196887460329715,0.00196887460329715,2.70578194299357,2.70578194299357,0.0,0.000988364856096536,0.000988364856096536,0.242171576205549,0.242171576205549,1.73351743731473,1.73351743731473,0.784778205325666,0.784778205325666,True,True,False,False,False,False,0.0750292675377139,0.0914362727074658,0.0164070051697519,0.07,0.106,1.00000004245373,0.916675888727558,7.0,20.0,0.09523809523809523,5.5,21.5,0.023809523809523808,-0.07142857142857142
cd4_0h_vs_12h,cd4_0h,cd4_12h,KEGG_PENTOSE_PHOSPHATE_PATHWAY,Vanilla-only significant,22,RPIA,19,8.03548663493119e-06,8.03548663493119e-06,5.09498781691362,5.09498781691362,0.0,0.00196887460329715,0.000160158462101912,2.70578194299357,3.79545011009365,-1.08966816710008,0.000988364856096536,0.000988364856096536,0.242171576205549,0.0196994908385352,1.73351743731473,1.73351743731473,0.784778205325666,1.30596515981639,True,True,False,True,False,True,0.182584261530253,0.437072604485185,0.254488342954932,0.17,0.426,1.00000005017835,0.936438076512341,7.0,20.0,0.09523809523809523,16.5,6.5,0.7380952380952381,0.6428571428571429
cd4_0h_vs_12h,cd4_0h,cd4_12h,KEGG_PENTOSE_PHOSPHATE_PATHWAY,Vanilla-only significant,22,TALDO1,20,8.03548663493119e-06,1.77726970010602e-05,5.09498781691362,4.75024666314563,0.344741153767997,0.00196887460329715,0.0010996776918826,2.70578194299357,2.95873458497628,-0.252952641982712,0.000988364856096536,0.0021860417311304,0.242171576205549,0.13526035610156,1.73351743731473,1.63105534906276,0.784778205325666,0.932110226066041,True,True,False,False,False,False,0.359551544913751,0.641279719682458,0.281728174768707,0.31,0.564,0.99999990495831,0.930148757312939,3.5,16.5,0.2619047619047619,9.0,16.0,0.2857142857142857,0.02380952380952378
cd4_0h_vs_12h,cd4_0h,cd4_12h,KEGG_PENTOSE_PHOSPHATE_PATHWAY,Vanilla-only significant,22,TKT,21,8.03548663493119e-06,0.000313688994347936,5.09498781691362,3.503500718082,1.59148709883162,0.00196887460329715,7.93371655046569e-05,2.70578194299357,4.1005233197136,-1.39474137672003,0.000988364856096536,0.0385837463047961,0.242171576205549,0.0097584713570728,1.73351743731473,1.18894726823464,0.784778205325666,1.417962696362,True,True,False,True,False,True,0.427444980644107,0.631250336313401,0.203805355669294,0.362,0.554,0.999999940438374,0.897581582860731,1.5,4.5,0.8333333333333334,18.5,4.5,0.8333333333333334,0.0
cd4_0h_vs_12h,cd4_0h,cd4_12h,KEGG_PENTOSE_PHOSPHATE_PATHWAY,Vanilla-only significant,22,TKTL1,22,8.03548663493119e-06,1.49821174952854e-06,5.09498781691362,5.82442680135432,-0.729438984440692,0.00196887460329715,0.000313688994347936,2.70578194299357,3.503500718082,-0.797718775088431,0.000988364856096536,0.00018428004519201,0.242171576205549,0.0385837463047961,1.73351743731473,1.93249105817205,0.784778205325666,1.18894726823464,True,True,False,True,False,True,0.0130207040846648,0.00311254461788629,-0.00990815946677853,0.012,0.002,1.00000000570257,0.9392732421606,14.0,11.0,0.5238095238095238,14.0,10.0,0.5714285714285714,0.04761904761904756
cd4_0h_vs_12h,cd4_0h,cd4_12h,KEGG_PORPHYRIN_AND_CHLOROPHYLL_METABOLISM,Vanilla-only significant,20,ALAD,1,0.000160158462101912,0.0034223189265975,3.79545011009365,2.46567952091782,1.32977058917583,0.00059618767048381,0.00059618767048381,3.22461700967912,3.22461700967912,0.0,0.0196994908385352,0.420945227971492,0.0733310834695086,0.0733310834695086,1.30596515981639,0.613004412282997,1.06522856619588,1.06522856619588,True,False,False,False,True,False,0.0450065713803606,0.0403897270602908,-0.00461684432006978,0.04,0.046,1.00000001863094,0.922558158276731,4.5,5.5,0.7631578947368421,13.5,16.5,0.18421052631578946,-0.5789473684210527
cd4_0h_vs_12h,cd4_0h,cd4_12h,KEGG_PORPHYRIN_AND_CHLOROPHYLL_METABOLISM,Vanilla-only significant,20,ALAS1,2,0.000160158462101912,1.77726970010602e-05,3.79545011009365,4.75024666314563,-0.954796553051974,0.00059618767048381,0.00059618767048381,3.22461700967912,3.22461700967912,0.0,0.0196994908385352,0.0021860417311304,0.0733310834695086,0.0733310834695086,1.30596515981639,1.63105534906276,1.06522856619588,1.06522856619588,True,True,False,False,False,False,0.0638217296966535,0.0769868617468249,0.0131651320501714,0.06,0.096,0.999999987635923,0.951520394615587,19.0,8.0,0.631578947368421,13.5,16.5,0.18421052631578946,-0.4473684210526315
cd4_0h_vs_12h,cd4_0h,cd4_12h,KEGG_PORPHYRIN_AND_CHLOROPHYLL_METABOLISM,Vanilla-only significant,20,ALAS2,3,0.000160158462101912,0.000160158462101912,3.79545011009365,3.79545011009365,0.0,0.00059618767048381,0.00059618767048381,3.22461700967912,3.22461700967912,0.0,0.0196994908385352,0.0196994908385352,0.0733310834695086,0.0733310834695086,1.30596515981639,1.30596515981639,1.06522856619588,1.06522856619588,True,True,False,False,False,False,0.0,0.0,0.0,0.0,0.0,1.00000009188803,0.946789620410463,14.5,19.5,0.02631578947368421,13.5,16.5,0.18421052631578946,0.15789473684210525
cd4_0h_vs_12h,cd4_0h,cd4_12h,KEGG_PORPHYRIN_AND_CHLOROPHYLL_METABOLISM,Vanilla-only significant,20,BLVRA,4,0.000160158462101912,0.00059618767048381,3.79545011009365,3.22461700967912,0.570833100414529,0.00059618767048381,0.0034223189265975,3.22461700967912,2.46567952091782,0.758937488761304,0.0196994908385352,0.0733310834695086,0.0733310834695086,0.420945227971492,1.30596515981639,1.06522856619588,1.06522856619588,0.613004412282997,True,False,False,False,True,False,0.0668797570928017,0.131288227923022,0.0644084708302203,0.06,0.148,1.00000005245816,0.925979530999206,8.0,10.0,0.5263157894736842,4.5,5.5,0.7631578947368421,0.23684210526315796
cd4_0h_vs_12h,cd4_0h,cd4_12h,KEGG_PORPHYRIN_AND_CHLOROPHYLL_METABOLISM,Vanilla-only significant,20,BLVRB,5,0.000160158462101912,0.000313688994347936,3.79545011009365,3.503500718082,0.29194939201165,0.00059618767048381,0.00946978291842922,3.22461700967912,2.02365997647813,1.20095703320099,0.0196994908385352,0.0385837463047961,0.0733310834695086,1.0,1.30596515981639,1.18894726823464,1.06522856619588,0.0,True,True,False,False,False,False,0.0521570972131824,0.0757756014220432,0.0236185042088608,0.05,0.09,1.00000003998245,0.904445437882454,11.5,16.5,0.18421052631578946,2.5,3.5,0.868421052631579,0.6842105263157895
cd4_0h_vs_12h,cd4_0h,cd4_12h,KEGG_PORPHYRIN_AND_CHLOROPHYLL_METABOLISM,Vanilla-only significant,20,COX10,6,0.000160158462101912,0.0034223189265975,3.79545011009365,2.46567952091782,1.32977058917583,0.00059618767048381,0.0010996776918826,3.22461700967912,2.95873458497628,0.26588242470284,0.0196994908385352,0.420945227971492,0.0733310834695086,0.13526035610156,1.30596515981639,0.613004412282997,1.06522856619588,0.932110226066041,True,False,False,False,True,False,0.0425746853677093,0.0604113783187234,0.0178366929510141,0.04,0.072,1.00000000870794,0.936379050076005,4.5,5.5,0.7631578947368421,8.5,11.5,0.4473684210526316,-0.31578947368421056
cd4_0h_vs_12h,cd4_0h,cd4_12h,KEGG_PORPHYRIN_AND_CHLOROPHYLL_METABOLISM,Vanilla-only significant,20,COX15,7,0.000160158462101912,7.93371655046569e-05,3.79545011009365,4.1005233197136,-0.305073209619947,0.00059618767048381,0.00196887460329715,3.22461700967912,2.70578194299357,0.518835066685553,0.0196994908385352,0.0097584713570728,0.0733310834695086,0.242171576205549,1.30596515981639,1.417962696362,1.06522856619588,0.784778205325666,True,True,False,False,False,False,0.0977333900234039,0.0596171853094379,-0.038116204713966,0.084,0.064,0.999999941827179,0.931515643181349,17.0,13.0,0.3684210526315789,6.5,8.5,0.6052631578947368,0.2368421052631579
cd4_0h_vs_12h,cd4_0h,cd4_12h,KEGG_PORPHYRIN_AND_CHLOROPHYLL_METABOLISM,Vanilla-only significant,20,CP,8,0.000160158462101912,0.000160158462101912,3.79545011009365,3.79545011009365,0.0,0.00059618767048381,0.00059618767048381,3.22461700967912,3.22461700967912,0.0,0.0196994908385352,0.0196994908385352,0.0733310834695086,0.0733310834695086,1.30596515981639,1.30596515981639,1.06522856619588,1.06522856619588,True,True,False,False,False,False,0.0,0.00162841603182739,0.00162841603182739,0.0,0.002,0.999999964102519,0.934936614457433,14.5,19.5,0.02631578947368421,13.5,16.5,0.18421052631578946,0.15789473684210525
cd4_0h_vs_12h,cd4_0h,cd4_12h,KEGG_PORPHYRIN_AND_CHLOROPHYLL_METABOLISM,Vanilla-only significant,20,CPOX,9,0.000160158462101912,7.93371655046569e-05,3.79545011009365,4.1005233197136,-0.305073209619947,0.00059618767048381,0.000313688994347936,3.22461700967912,3.503500718082,-0.278883708402879,0.0196994908385352,0.0097584713570728,0.0733310834695086,0.0385837463047961,1.30596515981639,1.417962696362,1.06522856619588,1.18894726823464,True,True,False,True,False,True,0.0486666067160606,0.0516895648757966,0.00302295815973596,0.044,0.062,0.999999952958295,0.943542995069593,17.0,13.0,0.3684210526315789,18.0,10.0,0.5263157894736842,0.15789473684210525
cd4_0h_vs_12h,cd4_0h,cd4_12h,KEGG_PORPHYRIN_AND_CHLOROPHYLL_METABOLISM,Vanilla-only significant,20,EARS2,10,0.000160158462101912,0.00059618767048381,3.79545011009365,3.22461700967912,0.570833100414529,0.00059618767048381,0.0010996776918826,3.22461700967912,2.95873458497628,0.26588242470284,0.0196994908385352,0.0733310834695086,0.0733310834695086,0.13526035610156,1.30596515981639,1.06522856619588,1.06522856619588,0.932110226066041,True,False,False,False,True,False,0.0329230116651491,0.0350961562482342,0.0021731445830851,0.03,0.04,1.00000007774166,0.919458996938194,8.0,10.0,0.5263157894736842,8.5,11.5,0.4473684210526316,-0.0789473684210526
cd4_0h_vs_12h,cd4_0h,cd4_12h,KEGG_PORPHYRIN_AND_CHLOROPHYLL_METABOLISM,Vanilla-only significant,20,FECH,11,0.000160158462101912,3.52341775794401e-06,3.79545011009365,5.45303586115776,-1.6575857510641,0.00059618767048381,0.000160158462101912,3.22461700967912,3.79545011009365,-0.570833100414529,0.0196994908385352,0.000433380384227113,0.0733310834695086,0.0196994908385352,1.30596515981639,1.83388406114409,1.06522856619588,1.30596515981639,True,True,False,True,False,True,0.0142582911428325,0.0199984354056174,0.00574014426278496,0.014,0.024,1.00000000562355,0.939016713455518,20.0,2.0,0.9473684210526315,19.0,7.0,0.6842105263157895,-0.26315789473684204
cd4_0h_vs_12h,cd4_0h,cd4_12h,KEGG_PORPHYRIN_AND_CHLOROPHYLL_METABOLISM,Vanilla-only significant,20,FTH1,12,0.000160158462101912,0.696379525408901,3.79545011009365,0.157154006269025,3.63829610382463,0.00059618767048381,0.49107566468588,3.22461700967912,0.308851586850884,2.91576542282824,0.0196994908385352,1.0,0.0733310834695086,1.0,1.30596515981639,0.0,1.06522856619588,0.0,True,False,False,False,True,False,2.22695175205274,2.02419895234954,-0.202752799703199,0.98,0.96,0.999999977610317,0.902115208601792,1.0,1.0,1.0,1.0,1.0,1.0,0.0
cd4_0h_vs_12h,cd4_0h,cd4_12h,KEGG_PORPHYRIN_AND_CHLOROPHYLL_METABOLISM,Vanilla-only significant,20,GUSB,13,0.000160158462101912,0.00577645522630862,3.79545011009365,2.23833858855416,1.55711152153949,0.00059618767048381,0.00196887460329715,3.22461700967912,2.70578194299357,0.518835066685553,0.0196994908385352,0.71050399283596,0.0733310834695086,0.242171576205549,1.30596515981639,0.385270654364906,1.06522856619588,0.784778205325666,True,False,False,False,True,False,0.103211897314333,0.0844786095302658,-0.0187332877840675,0.094,0.096,0.99999992765535,0.90771663074631,2.0,3.0,0.8947368421052632,6.5,8.5,0.6052631578947368,-0.2894736842105263
cd4_0h_vs_12h,cd4_0h,cd4_12h,KEGG_PORPHYRIN_AND_CHLOROPHYLL_METABOLISM,Vanilla-only significant,20,HCCS,14,0.000160158462101912,7.93371655046569e-05,3.79545011009365,4.1005233197136,-0.305073209619947,0.00059618767048381,0.00946978291842922,3.22461700967912,2.02365997647813,1.20095703320099,0.0196994908385352,0.0097584713570728,0.0733310834695086,1.0,1.30596515981639,1.417962696362,1.06522856619588,0.0,True,True,False,False,False,False,0.046994989016713,0.121464585464374,0.0744695964476607,0.046,0.142,0.999999988245738,0.936384161554925,17.0,13.0,0.3684210526315789,2.5,3.5,0.868421052631579,0.5
cd4_0h_vs_12h,cd4_0h,cd4_12h,KEGG_PORPHYRIN_AND_CHLOROPHYLL_METABOLISM,Vanilla-only significant,20,HMBS,15,0.000160158462101912,0.00059618767048381,3.79545011009365,3.22461700967912,0.570833100414529,0.00059618767048381,0.00059618767048381,3.22461700967912,3.22461700967912,0.0,0.0196994908385352,0.0733310834695086,0.0733310834695086,0.0733310834695086,1.30596515981639,1.06522856619588,1.06522856619588,1.06522856619588,True,False,False,False,True,False,0.0126147894342121,0.0964927490036885,0.0838779595694764,0.012,0.118,0.999999995197476,0.946122053390652,8.0,10.0,0.5263157894736842,13.5,16.5,0.18421052631578946,-0.3421052631578947
cd4_0h_vs_12h,cd4_0h,cd4_12h,KEGG_PORPHYRIN_AND_CHLOROPHYLL_METABOLISM,Vanilla-only significant,20,HMOX2,16,0.000160158462101912,0.0034223189265975,3.79545011009365,2.46567952091782,1.32977058917583,0.00059618767048381,8.03548663493119e-06,3.22461700967912,5.09498781691362,-1.8703708072345,0.0196994908385352,0.420945227971492,0.0733310834695086,0.000988364856096536,1.30596515981639,0.613004412282997,1.06522856619588,1.73351743731473,True,False,False,True,True,True,0.323387410021811,0.285696557705571,-0.0376908523162398,0.284,0.292,0.999999930286225,0.935543339879056,4.5,5.5,0.7631578947368421,20.0,2.0,0.9473684210526315,0.18421052631578938
cd4_0h_vs_12h,cd4_0h,cd4_12h,KEGG_PORPHYRIN_AND_CHLOROPHYLL_METABOLISM,Vanilla-only significant,20,MMAB,17,0.000160158462101912,0.000313688994347936,3.79545011009365,3.503500718082,0.29194939201165,0.00059618767048381,0.00059618767048381,3.22461700967912,3.22461700967912,0.0,0.0196994908385352,0.0385837463047961,0.0733310834695086,0.0733310834695086,1.30596515981639,1.18894726823464,1.06522856619588,1.06522856619588,True,True,False,False,False,False,0.121928780972865,0.193901714225578,0.0719729332527132,0.114,0.214,0.99999998210647,0.915591212870621,11.5,16.5,0.18421052631578946,13.5,16.5,0.18421052631578946,0.0
cd4_0h_vs_12h,cd4_0h,cd4_12h,KEGG_PORPHYRIN_AND_CHLOROPHYLL_METABOLISM,Vanilla-only significant,20,PPOX,18,0.000160158462101912,0.0034223189265975,3.79545011009365,2.46567952091782,1.32977058917583,0.00059618767048381,0.0034223189265975,3.22461700967912,2.46567952091782,0.758937488761304,0.0196994908385352,0.420945227971492,0.0733310834695086,0.420945227971492,1.30596515981639,0.613004412282997,1.06522856619588,0.613004412282997,True,False,False,False,True,False,0.0720325585058427,0.0388163743962181,-0.0332161841096246,0.066,0.042,0.999999981102751,0.879172455333666,4.5,5.5,0.7631578947368421,4.5,5.5,0.7631578947368421,0.0
cd4_0h_vs_12h,cd4_0h,cd4_12h,KEGG_PORPHYRIN_AND_CHLOROPHYLL_METABOLISM,Vanilla-only significant,20,UROD,19,0.000160158462101912,0.000313688994347936,3.79545011009365,3.503500718082,0.29194939201165,0.00059618767048381,0.00059618767048381,3.22461700967912,3.22461700967912,0.0,0.0196994908385352,0.0385837463047961,0.0733310834695086,0.0733310834695086,1.30596515981639,1.18894726823464,1.06522856619588,1.06522856619588,True,True,False,False,False,False,0.105281346979836,0.174750157019694,0.0694688100398582,0.092,0.188,0.999999982454717,0.944462342242354,11.5,16.5,0.18421052631578946,13.5,16.5,0.18421052631578946,0.0
cd4_0h_vs_12h,cd4_0h,cd4_12h,KEGG_PORPHYRIN_AND_CHLOROPHYLL_METABOLISM,Vanilla-only significant,20,UROS,20,0.000160158462101912,0.000313688994347936,3.79545011009365,3.503500718082,0.29194939201165,0.00059618767048381,0.00059618767048381,3.22461700967912,3.22461700967912,0.0,0.0196994908385352,0.0385837463047961,0.0733310834695086,0.0733310834695086,1.30596515981639,1.18894726823464,1.06522856619588,1.06522856619588,True,True,False,False,False,False,0.132861524782795,0.18515485521691,0.0522933304341152,0.12,0.21,0.999999994807252,0.940600464909508,11.5,16.5,0.18421052631578946,13.5,16.5,0.18421052631578946,0.0
cd4_0h_vs_12h,cd4_0h,cd4_12h,REACTOME_BRANCHED_CHAIN_AMINO_ACID_CATABOLISM,Vanilla-only significant,21,ACAD8,1,0.000313688994347936,0.000160158462101912,3.503500718082,3.79545011009365,-0.29194939201165,0.00196887460329715,0.0034223189265975,2.70578194299357,2.46567952091782,0.240102422075751,0.0385837463047961,0.0196994908385352,0.242171576205549,0.420945227971492,1.18894726823464,1.30596515981639,0.784778205325666,0.613004412282997,True,True,False,False,False,False,0.0477765351266462,0.0500632481830434,0.00228671305639718,0.044,0.054,0.999999993602747,0.957257632350592,13.0,12.0,0.45,9.0,16.0,0.25,-0.2
cd4_0h_vs_12h,cd4_0h,cd4_12h,REACTOME_BRANCHED_CHAIN_AMINO_ACID_CATABOLISM,Vanilla-only significant,21,ACADSB,2,0.000313688994347936,3.81265104892234e-05,3.503500718082,4.41877294150378,-0.915272223421779,0.00196887460329715,0.0351222601892017,2.70578194299357,1.45441754412943,1.25136439886414,0.0385837463047961,0.00468956079017448,0.242171576205549,1.0,1.18894726823464,1.52606285259303,0.784778205325666,0.0,True,True,False,False,False,False,0.0816171012891692,0.0511418209154566,-0.0304752803737126,0.076,0.056,0.999999977949232,0.940021023611756,16.0,7.0,0.7,2.0,5.0,0.8,0.10000000000000009
cd4_0h_vs_12h,cd4_0h,cd4_12h,REACTOME_BRANCHED_CHAIN_AMINO_ACID_CATABOLISM,Vanilla-only significant,21,ACAT1,3,0.000313688994347936,0.000313688994347936,3.503500718082,3.503500718082,0.0,0.00196887460329715,0.0150822934297104,2.70578194299357,1.82153261416016,0.884249328833414,0.0385837463047961,0.0385837463047961,0.242171576205549,1.0,1.18894726823464,1.18894726823464,0.784778205325666,0.0,True,True,False,False,False,False,0.16733021138966,0.13103195539261,-0.0362982559970502,0.154,0.15,1.00000001043417,0.919761443524304,9.0,19.0,0.1,3.0,7.0,0.7,0.6
cd4_0h_vs_12h,cd4_0h,cd4_12h,REACTOME_BRANCHED_CHAIN_AMINO_ACID_CATABOLISM,Vanilla-only significant,21,ALDH6A1,4,0.000313688994347936,1.77726970010602e-05,3.503500718082,4.75024666314563,-1.24674594506362,0.00196887460329715,1.77726970010602e-05,2.70578194299357,4.75024666314563,-2.04446472015206,0.0385837463047961,0.0021860417311304,0.242171576205549,0.0021860417311304,1.18894726823464,1.63105534906276,0.784778205325666,1.63105534906276,True,True,False,True,False,True,0.0962646058685505,0.0351760974811296,-0.0610885083874209,0.088,0.036,1.00000005165387,0.945778946238803,17.0,6.0,0.75,20.0,3.0,0.9,0.15000000000000002
cd4_0h_vs_12h,cd4_0h,cd4_12h,REACTOME_BRANCHED_CHAIN_AMINO_ACID_CATABOLISM,Vanilla-only significant,21,AUH,5,0.000313688994347936,0.000160158462101912,3.503500718082,3.79545011009365,-0.29194939201165,0.00196887460329715,0.00196887460329715,2.70578194299357,2.70578194299357,0.0,0.0385837463047961,0.0196994908385352,0.242171576205549,0.242171576205549,1.18894726823464,1.30596515981639,0.784778205325666,0.784778205325666,True,True,False,False,False,False,0.0909676179075887,0.0397845226548102,-0.0511830952527785,0.088,0.044,1.00000007505091,0.924842437274612,13.0,12.0,0.45,12.5,19.5,0.075,-0.375
cd4_0h_vs_12h,cd4_0h,cd4_12h,REACTOME_BRANCHED_CHAIN_AMINO_ACID_CATABOLISM,Vanilla-only significant,21,BCAT1,6,0.000313688994347936,7.93371655046569e-05,3.503500718082,4.1005233197136,-0.597022601631597,0.00196887460329715,0.00577645522630862,2.70578194299357,2.23833858855416,0.467443354439411,0.0385837463047961,0.0097584713570728,0.242171576205549,0.71050399283596,1.18894726823464,1.417962696362,0.784778205325666,0.385270654364906,True,True,False,False,False,False,0.0,0.0502177003529629,0.0502177003529629,0.0,0.06,0.999999980038476,0.948969447999527,15.0,9.0,0.6,5.5,11.5,0.475,-0.125
cd4_0h_vs_12h,cd4_0h,cd4_12h,REACTOME_BRANCHED_CHAIN_AMINO_ACID_CATABOLISM,Vanilla-only significant,21,BCAT2,7,0.000313688994347936,0.0010996776918826,3.503500718082,2.95873458497628,0.544766133105719,0.00196887460329715,0.00577645522630862,2.70578194299357,2.23833858855416,0.467443354439411,0.0385837463047961,0.13526035610156,0.242171576205549,0.71050399283596,1.18894726823464,0.932110226066041,0.784778205325666,0.385270654364906,True,False,False,False,True,False,0.0351380489994418,0.0999095691747148,0.064771520175273,0.034,0.118,0.999999962334932,0.94396704883039,3.0,10.0,0.55,5.5,11.5,0.475,-0.07500000000000007
cd4_0h_vs_12h,cd4_0h,cd4_12h,REACTOME_BRANCHED_CHAIN_AMINO_ACID_CATABOLISM,Vanilla-only significant,21,BCKDHA,8,0.000313688994347936,0.000313688994347936,3.503500718082,3.503500718082,0.0,0.00196887460329715,0.00196887460329715,2.70578194299357,2.70578194299357,0.0,0.0385837463047961,0.0385837463047961,0.242171576205549,0.242171576205549,1.18894726823464,1.18894726823464,0.784778205325666,0.784778205325666,True,True,False,False,False,False,0.0,0.0,0.0,0.0,0.0,0.999999995319911,0.951990593605453,9.0,19.0,0.1,12.5,19.5,0.075,-0.02500000000000001
cd4_0h_vs_12h,cd4_0h,cd4_12h,REACTOME_BRANCHED_CHAIN_AMINO_ACID_CATABOLISM,Vanilla-only significant,21,BCKDHB,9,0.000313688994347936,1.49821174952854e-06,3.503500718082,5.82442680135432,-2.32092608327231,0.00196887460329715,0.00577645522630862,2.70578194299357,2.23833858855416,0.467443354439411,0.0385837463047961,0.00018428004519201,0.242171576205549,0.71050399283596,1.18894726823464,1.93249105817205,0.784778205325666,0.385270654364906,True,True,False,False,False,False,0.077238014831694,0.0392823095576643,-0.0379557052740297,0.07,0.042,0.999999982898897,0.952727193073553,18.5,4.5,0.825,5.5,11.5,0.475,-0.35
cd4_0h_vs_12h,cd4_0h,cd4_12h,REACTOME_BRANCHED_CHAIN_AMINO_ACID_CATABOLISM,Vanilla-only significant,21,BCKDK,10,0.000313688994347936,0.000313688994347936,3.503500718082,3.503500718082,0.0,0.00196887460329715,0.00577645522630862,2.70578194299357,2.23833858855416,0.467443354439411,0.0385837463047961,0.0385837463047961,0.242171576205549,0.71050399283596,1.18894726823464,1.18894726823464,0.784778205325666,0.385270654364906,True,True,False,False,False,False,0.0332120650969861,0.0609692035469156,0.0277571384499295,0.03,0.074,0.999999991640053,0.93929776592793,9.0,19.0,0.1,5.5,11.5,0.475,0.375
cd4_0h_vs_12h,cd4_0h,cd4_12h,REACTOME_BRANCHED_CHAIN_AMINO_ACID_CATABOLISM,Vanilla-only significant,21,DBT,11,0.000313688994347936,0.00059618767048381,3.503500718082,3.22461700967912,0.278883708402879,0.00196887460329715,0.0010996776918826,2.70578194299357,2.95873458497628,-0.252952641982712,0.0385837463047961,0.0733310834695086,0.242171576205549,0.13526035610156,1.18894726823464,1.06522856619588,0.784778205325666,0.932110226066041,True,False,False,False,True,False,0.11563686198812,0.0928403128669027,-0.0227965491212176,0.102,0.098,0.999999989445758,0.950547462959164,5.0,15.0,0.3,15.0,14.0,0.35,0.04999999999999999
cd4_0h_vs_12h,cd4_0h,cd4_12h,REACTOME_BRANCHED_CHAIN_AMINO_ACID_CATABOLISM,Vanilla-only significant,21,DLD,12,0.000313688994347936,9.5725425402497e-08,3.503500718082,7.01897269497718,-3.51547197689517,0.00196887460329715,6.1774102028672e-07,2.70578194299357,6.20919355894615,-3.50341161595258,0.0385837463047961,1.17742273245071e-05,0.242171576205549,7.59821454952666e-05,1.18894726823464,2.2201503515613,0.784778205325666,2.02960302707371,True,True,False,True,False,True,0.149520440596388,0.196114061971756,0.0465936213753679,0.138,0.22,1.00000000092247,0.928381230464678,21.0,1.0,1.0,21.0,1.0,1.0,0.0
cd4_0h_vs_12h,cd4_0h,cd4_12h,REACTOME_BRANCHED_CHAIN_AMINO_ACID_CATABOLISM,Vanilla-only significant,21,ECHS1,13,0.000313688994347936,2.46964030878651e-07,3.503500718082,6.60736629503362,-3.10386557695162,0.00196887460329715,0.00059618767048381,2.70578194299357,3.22461700967912,-0.518835066685553,0.0385837463047961,3.03765757980741e-05,0.242171576205549,0.0733310834695086,1.18894726823464,2.12543199928726,0.784778205325666,1.06522856619588,True,True,False,False,False,False,0.177007762534459,0.207850247397992,0.0308424848635336,0.158,0.218,1.00000007948172,0.943684223521241,20.0,2.0,0.95,16.5,8.5,0.625,-0.32499999999999996
cd4_0h_vs_12h,cd4_0h,cd4_12h,REACTOME_BRANCHED_CHAIN_AMINO_ACID_CATABOLISM,Vanilla-only significant,21,HIBADH,14,0.000313688994347936,0.000313688994347936,3.503500718082,3.503500718082,0.0,0.00196887460329715,3.81265104892234e-05,2.70578194299357,4.41877294150378,-1.71299099851021,0.0385837463047961,0.0385837463047961,0.242171576205549,0.00468956079017448,1.18894726823464,1.18894726823464,0.784778205325666,1.52606285259303,True,True,False,True,False,True,0.0593456939916159,0.0691566965893702,0.0098110025977543,0.056,0.08,1.00000001756394,0.941158812222129,9.0,19.0,0.1,19.0,4.0,0.85,0.75
cd4_0h_vs_12h,cd4_0h,cd4_12h,REACTOME_BRANCHED_CHAIN_AMINO_ACID_CATABOLISM,Vanilla-only significant,21,HIBCH,15,0.000313688994347936,0.000313688994347936,3.503500718082,3.503500718082,0.0,0.00196887460329715,0.00196887460329715,2.70578194299357,2.70578194299357,0.0,0.0385837463047961,0.0385837463047961,0.242171576205549,0.242171576205549,1.18894726823464,1.18894726823464,0.784778205325666,0.784778205325666,True,True,False,False,False,False,0.146455871588996,0.130787072037822,-0.0156687995511746,0.132,0.136,1.00000008876631,0.935049020158889,9.0,19.0,0.1,12.5,19.5,0.075,-0.02500000000000001
cd4_0h_vs_12h,cd4_0h,cd4_12h,REACTOME_BRANCHED_CHAIN_AMINO_ACID_CATABOLISM,Vanilla-only significant,21,HSD17B10,16,0.000313688994347936,0.101341801629482,3.503500718082,0.994211379196843,2.50928933888516,0.00196887460329715,0.351986208769717,2.70578194299357,0.453474352352965,2.25230759064061,0.0385837463047961,1.0,0.242171576205549,1.0,1.18894726823464,0.0,0.784778205325666,0.0,True,False,False,False,True,False,0.090783499295278,0.485609492195926,0.394825992900648,0.084,0.462,1.00000000305936,0.945384204136935,1.0,3.0,0.9,1.0,2.0,0.95,0.04999999999999993
cd4_0h_vs_12h,cd4_0h,cd4_12h,REACTOME_BRANCHED_CHAIN_AMINO_ACID_CATABOLISM,Vanilla-only significant,21,IVD,17,0.000313688994347936,0.00059618767048381,3.503500718082,3.22461700967912,0.278883708402879,0.00196887460329715,0.00196887460329715,2.70578194299357,2.70578194299357,0.0,0.0385837463047961,0.0733310834695086,0.242171576205549,0.242171576205549,1.18894726823464,1.06522856619588,0.784778205325666,0.784778205325666,True,False,False,False,True,False,0.122781095322332,0.138568240328575,0.0157871450062422,0.106,0.168,1.00000006142364,0.922609639533678,5.0,15.0,0.3,12.5,19.5,0.075,-0.22499999999999998
cd4_0h_vs_12h,cd4_0h,cd4_12h,REACTOME_BRANCHED_CHAIN_AMINO_ACID_CATABOLISM,Vanilla-only significant,21,MCCC1,18,0.000313688994347936,1.49821174952854e-06,3.503500718082,5.82442680135432,-2.32092608327231,0.00196887460329715,0.0034223189265975,2.70578194299357,2.46567952091782,0.240102422075751,0.0385837463047961,0.00018428004519201,0.242171576205549,0.420945227971492,1.18894726823464,1.93249105817205,0.784778205325666,0.613004412282997,True,True,False,False,False,False,0.0724193359155867,0.0563637447474779,-0.0160555911681088,0.064,0.056,1.00000006173743,0.935947846423866,18.5,4.5,0.825,9.0,16.0,0.25,-0.575
cd4_0h_vs_12h,cd4_0h,cd4_12h,REACTOME_BRANCHED_CHAIN_AMINO_ACID_CATABOLISM,Vanilla-only significant,21,MCCC2,19,0.000313688994347936,0.000160158462101912,3.503500718082,3.79545011009365,-0.29194939201165,0.00196887460329715,0.000160158462101912,2.70578194299357,3.79545011009365,-1.08966816710008,0.0385837463047961,0.0196994908385352,0.242171576205549,0.0196994908385352,1.18894726823464,1.30596515981639,0.784778205325666,1.30596515981639,True,True,False,True,False,True,0.0566789424798898,0.0999863165818613,0.0433073741019714,0.056,0.116,0.99999996692965,0.935276307381953,13.0,12.0,0.45,18.0,6.0,0.75,0.3
cd4_0h_vs_12h,cd4_0h,cd4_12h,REACTOME_BRANCHED_CHAIN_AMINO_ACID_CATABOLISM,Vanilla-only significant,21,PPM1K,20,0.000313688994347936,0.00196887460329715,3.503500718082,2.70578194299357,0.797718775088431,0.00196887460329715,0.00059618767048381,2.70578194299357,3.22461700967912,-0.518835066685553,0.0385837463047961,0.242171576205549,0.242171576205549,0.0733310834695086,1.18894726823464,0.784778205325666,0.784778205325666,1.06522856619588,True,False,False,False,True,False,0.373006967911891,0.203648761588118,-0.169358206323773,0.302,0.192,1.00000007217121,0.892226289276962,2.0,8.0,0.65,16.5,8.5,0.625,-0.025000000000000022
cd4_0h_vs_12h,cd4_0h,cd4_12h,REACTOME_BRANCHED_CHAIN_AMINO_ACID_CATABOLISM,Vanilla-only significant,21,SLC25A44,21,0.000313688994347936,0.00059618767048381,3.503500718082,3.22461700967912,0.278883708402879,0.00196887460329715,0.0034223189265975,2.70578194299357,2.46567952091782,0.240102422075751,0.0385837463047961,0.0733310834695086,0.242171576205549,0.420945227971492,1.18894726823464,1.06522856619588,0.784778205325666,0.613004412282997,True,False,False,False,True,False,0.0202521385687106,0.0388249069920918,0.0185727684233812,0.018,0.044,1.00000003522046,0.89530696199409,5.0,15.0,0.3,9.0,16.0,0.25,-0.04999999999999999
cd4_0h_vs_12h,cd4_0h,cd4_12h,REACTOME_DISEASES_ASSOCIATED_WITH_GLYCOSYLATION_PRECURSOR_BIOSYNTHESIS,Vanilla-only significant,18,CTSA,1,0.000313688994347936,0.00577645522630862,3.503500718082,2.23833858855416,1.26516212952784,0.00059618767048381,0.00059618767048381,3.22461700967912,3.22461700967912,0.0,0.0385837463047961,0.71050399283596,0.0733310834695086,0.0733310834695086,1.18894726823464,0.385270654364906,1.06522856619588,1.06522856619588,True,False,False,False,True,False,0.0641884174131969,0.112998635863602,0.0488102184504051,0.06,0.122,0.999999928922229,0.922387014158833,3.0,5.0,0.7647058823529411,10.5,17.5,0.029411764705882353,-0.7352941176470588
cd4_0h_vs_12h,cd4_0h,cd4_12h,REACTOME_DISEASES_ASSOCIATED_WITH_GLYCOSYLATION_PRECURSOR_BIOSYNTHESIS,Vanilla-only significant,18,DHDDS,2,0.000313688994347936,8.03548663493119e-06,3.503500718082,5.09498781691362,-1.59148709883162,0.00059618767048381,0.00059618767048381,3.22461700967912,3.22461700967912,0.0,0.0385837463047961,0.000988364856096536,0.0733310834695086,0.0733310834695086,1.18894726823464,1.73351743731473,1.06522856619588,1.06522856619588,True,True,False,False,False,False,0.0686738968231141,0.109989741682211,0.0413158448590972,0.062,0.124,0.999999955448324,0.93201832381748,17.5,1.5,0.9705882352941176,10.5,17.5,0.029411764705882353,-0.9411764705882353
cd4_0h_vs_12h,cd4_0h,cd4_12h,REACTOME_DISEASES_ASSOCIATED_WITH_GLYCOSYLATION_PRECURSOR_BIOSYNTHESIS,Vanilla-only significant,18,DOLK,3,0.000313688994347936,0.0010996776918826,3.503500718082,2.95873458497628,0.544766133105719,0.00059618767048381,3.81265104892234e-05,3.22461700967912,4.41877294150378,-1.19415593182466,0.0385837463047961,0.13526035610156,0.0733310834695086,0.00468956079017448,1.18894726823464,0.932110226066041,1.06522856619588,1.52606285259303,True,False,False,True,True,True,0.0455313379981967,0.0302668763428528,-0.0152644616553439,0.042,0.04,0.999999919646635,0.933529366008177,6.5,13.5,0.2647058823529412,18.0,2.0,0.9411764705882353,0.6764705882352942
cd4_0h_vs_12h,cd4_0h,cd4_12h,REACTOME_DISEASES_ASSOCIATED_WITH_GLYCOSYLATION_PRECURSOR_BIOSYNTHESIS,Vanilla-only significant,18,DPM1,4,0.000313688994347936,0.00946978291842922,3.503500718082,2.02365997647813,1.47984074160387,0.00059618767048381,0.00196887460329715,3.22461700967912,2.70578194299357,0.518835066685553,0.0385837463047961,1.0,0.0733310834695086,0.242171576205549,1.18894726823464,0.0,1.06522856619588,0.784778205325666,True,False,False,False,True,False,0.141984722833279,0.313222438954638,0.171237716121359,0.13,0.32,0.999999991317894,0.945026412663954,1.5,3.5,0.8529411764705882,5.5,10.5,0.4411764705882353,-0.4117647058823529
cd4_0h_vs_12h,cd4_0h,cd4_12h,REACTOME_DISEASES_ASSOCIATED_WITH_GLYCOSYLATION_PRECURSOR_BIOSYNTHESIS,Vanilla-only significant,18,DPM2,5,0.000313688994347936,0.0034223189265975,3.503500718082,2.46567952091782,1.03782119716418,0.00059618767048381,7.93371655046569e-05,3.22461700967912,4.1005233197136,-0.875906310034476,0.0385837463047961,0.420945227971492,0.0733310834695086,0.0097584713570728,1.18894726823464,0.613004412282997,1.06522856619588,1.417962696362,True,False,False,True,True,True,0.0706630129145892,0.272252355599157,0.201589342684568,0.066,0.298,1.00000002151964,0.936553429977049,4.0,7.0,0.6470588235294118,16.5,3.5,0.8529411764705882,0.2058823529411764
cd4_0h_vs_12h,cd4_0h,cd4_12h,REACTOME_DISEASES_ASSOCIATED_WITH_GLYCOSYLATION_PRECURSOR_BIOSYNTHESIS,Vanilla-only significant,18,DPM3,6,0.000313688994347936,0.00059618767048381,3.503500718082,3.22461700967912,0.278883708402879,0.00059618767048381,0.0034223189265975,3.22461700967912,2.46567952091782,0.758937488761304,0.0385837463047961,0.0733310834695086,0.0733310834695086,0.420945227971492,1.18894726823464,1.06522856619588,1.06522856619588,0.613004412282997,True,False,False,False,True,False,0.19477505884053,0.122950034049159,-0.0718250247913712,0.174,0.13,0.999999951801223,0.938874276804626,8.5,15.5,0.14705882352941177,3.0,6.0,0.7058823529411765,0.5588235294117647
cd4_0h_vs_12h,cd4_0h,cd4_12h,REACTOME_DISEASES_ASSOCIATED_WITH_GLYCOSYLATION_PRECURSOR_BIOSYNTHESIS,Vanilla-only significant,18,GALE,7,0.000313688994347936,0.000313688994347936,3.503500718082,3.503500718082,0.0,0.00059618767048381,0.000313688994347936,3.22461700967912,3.503500718082,-0.278883708402879,0.0385837463047961,0.0385837463047961,0.0733310834695086,0.0385837463047961,1.18894726823464,1.18894726823464,1.06522856619588,1.18894726823464,True,True,False,True,False,True,0.0247505300259959,0.0605020450178358,0.03575151499184,0.024,0.076,1.00000012311704,0.940268624507395,10.5,17.5,0.029411764705882353,12.5,12.5,0.3235294117647059,0.29411764705882354
cd4_0h_vs_12h,cd4_0h,cd4_12h,REACTOME_DISEASES_ASSOCIATED_WITH_GLYCOSYLATION_PRECURSOR_BIOSYNTHESIS,Vanilla-only significant,18,GALK1,8,0.000313688994347936,3.81265104892234e-05,3.503500718082,4.41877294150378,-0.915272223421779,0.00059618767048381,0.0010996776918826,3.22461700967912,2.95873458497628,0.26588242470284,0.0385837463047961,0.00468956079017448,0.0733310834695086,0.13526035610156,1.18894726823464,1.52606285259303,1.06522856619588,0.932110226066041,True,True,False,False,False,False,0.03649551126935,0.0404976386091637,0.00400212733981367,0.034,0.042,0.999999998328732,0.910460480268542,14.0,9.0,0.5294117647058824,8.0,15.0,0.17647058823529413,-0.3529411764705882
cd4_0h_vs_12h,cd4_0h,cd4_12h,REACTOME_DISEASES_ASSOCIATED_WITH_GLYCOSYLATION_PRECURSOR_BIOSYNTHESIS,Vanilla-only significant,18,GALT,9,0.000313688994347936,3.81265104892234e-05,3.503500718082,4.41877294150378,-0.915272223421779,0.00059618767048381,0.000160158462101912,3.22461700967912,3.79545011009365,-0.570833100414529,0.0385837463047961,0.00468956079017448,0.0733310834695086,0.0196994908385352,1.18894726823464,1.52606285259303,1.06522856619588,1.30596515981639,True,True,False,True,False,True,0.197821261873429,0.100243473764815,-0.0975777881086144,0.18,0.096,0.999999926075713,0.923246664193853,14.0,9.0,0.5294117647058824,14.5,8.5,0.5588235294117647,0.02941176470588236
cd4_0h_vs_12h,cd4_0h,cd4_12h,REACTOME_DISEASES_ASSOCIATED_WITH_GLYCOSYLATION_PRECURSOR_BIOSYNTHESIS,Vanilla-only significant,18,GFPT1,10,0.000313688994347936,8.03548663493119e-06,3.503500718082,5.09498781691362,-1.59148709883162,0.00059618767048381,0.0034223189265975,3.22461700967912,2.46567952091782,0.758937488761304,0.0385837463047961,0.000988364856096536,0.0733310834695086,0.420945227971492,1.18894726823464,1.73351743731473,1.06522856619588,0.613004412282997,True,True,False,False,False,False,0.0505576337224713,0.123971534465481,0.0734139007430102,0.046,0.14,1.00000003144987,0.922804142891569,17.5,1.5,0.9705882352941176,3.0,6.0,0.7058823529411765,-0.2647058823529411
cd4_0h_vs_12h,cd4_0h,cd4_12h,REACTOME_DISEASES_ASSOCIATED_WITH_GLYCOSYLATION_PRECURSOR_BIOSYNTHESIS,Vanilla-only significant,18,GLB1,11,0.000313688994347936,7.93371655046569e-05,3.503500718082,4.1005233197136,-0.597022601631597,0.00059618767048381,0.0010996776918826,3.22461700967912,2.95873458497628,0.26588242470284,0.0385837463047961,0.0097584713570728,0.0733310834695086,0.13526035610156,1.18894726823464,1.417962696362,1.06522856619588,0.932110226066041,True,True,False,False,False,False,0.031900815141749,0.060852783673088,0.028951968531339,0.032,0.076,0.999999981952397,0.940527422773655,12.0,12.0,0.35294117647058826,8.0,15.0,0.17647058823529413,-0.17647058823529413
cd4_0h_vs_12h,cd4_0h,cd4_12h,REACTOME_DISEASES_ASSOCIATED_WITH_GLYCOSYLATION_PRECURSOR_BIOSYNTHESIS,Vanilla-only significant,18,GNE,12,0.000313688994347936,0.00059618767048381,3.503500718082,3.22461700967912,0.278883708402879,0.00059618767048381,0.00196887460329715,3.22461700967912,2.70578194299357,0.518835066685553,0.0385837463047961,0.0733310834695086,0.0733310834695086,0.242171576205549,1.18894726823464,1.06522856619588,1.06522856619588,0.784778205325666,True,False,False,False,True,False,0.025125312457133,0.0144115673072353,-0.0107137451498977,0.024,0.018,1.00000001580574,0.931948777570202,8.5,15.5,0.14705882352941177,5.5,10.5,0.4411764705882353,0.2941176470588235
cd4_0h_vs_12h,cd4_0h,cd4_12h,REACTOME_DISEASES_ASSOCIATED_WITH_GLYCOSYLATION_PRECURSOR_BIOSYNTHESIS,Vanilla-only significant,18,MPI,13,0.000313688994347936,3.81265104892234e-05,3.503500718082,4.41877294150378,-0.915272223421779,0.00059618767048381,7.93371655046569e-05,3.22461700967912,4.1005233197136,-0.875906310034476,0.0385837463047961,0.00468956079017448,0.0733310834695086,0.0097584713570728,1.18894726823464,1.52606285259303,1.06522856619588,1.417962696362,True,True,False,True,False,True,0.0944045932051471,0.0851392845476974,-0.00926530865744968,0.088,0.102,1.00000000802001,0.896913534378503,14.0,9.0,0.5294117647058824,16.5,3.5,0.8529411764705882,0.32352941176470584
cd4_0h_vs_12h,cd4_0h,cd4_12h,REACTOME_DISEASES_ASSOCIATED_WITH_GLYCOSYLATION_PRECURSOR_BIOSYNTHESIS,Vanilla-only significant,18,NEU1,14,0.000313688994347936,0.00196887460329715,3.503500718082,2.70578194299357,0.797718775088431,0.00059618767048381,0.0010996776918826,3.22461700967912,2.95873458497628,0.26588242470284,0.0385837463047961,0.242171576205549,0.0733310834695086,0.13526035610156,1.18894726823464,0.784778205325666,1.06522856619588,0.932110226066041,True,False,False,False,True,False,0.037883990832826,0.078667013889821,0.040783023056995,0.036,0.094,1.00000000500757,0.902474370714055,5.0,11.0,0.4117647058823529,8.0,15.0,0.17647058823529413,-0.2352941176470588
cd4_0h_vs_12h,cd4_0h,cd4_12h,REACTOME_DISEASES_ASSOCIATED_WITH_GLYCOSYLATION_PRECURSOR_BIOSYNTHESIS,Vanilla-only significant,18,NUS1,15,0.000313688994347936,0.0010996776918826,3.503500718082,2.95873458497628,0.544766133105719,0.00059618767048381,0.000313688994347936,3.22461700967912,3.503500718082,-0.278883708402879,0.0385837463047961,0.13526035610156,0.0733310834695086,0.0385837463047961,1.18894726823464,0.932110226066041,1.06522856619588,1.18894726823464,True,False,False,True,True,True,0.0755808021138266,0.152611886598766,0.0770310844849394,0.074,0.176,1.00000004669481,0.933232282615974,6.5,13.5,0.2647058823529412,12.5,12.5,0.3235294117647059,0.05882352941176472
cd4_0h_vs_12h,cd4_0h,cd4_12h,REACTOME_DISEASES_ASSOCIATED_WITH_GLYCOSYLATION_PRECURSOR_BIOSYNTHESIS,Vanilla-only significant,18,PGM1,16,0.000313688994347936,1.77726970010602e-05,3.503500718082,4.75024666314563,-1.24674594506362,0.00059618767048381,0.0034223189265975,3.22461700967912,2.46567952091782,0.758937488761304,0.0385837463047961,0.0021860417311304,0.0733310834695086,0.420945227971492,1.18894726823464,1.63105534906276,1.06522856619588,0.613004412282997,True,True,False,False,False,False,0.0512034077009257,0.050505359814805,-0.000698047886120733,0.046,0.058,0.999999992415571,0.932378069017087,16.0,6.0,0.7058823529411765,3.0,6.0,0.7058823529411765,0.0
cd4_0h_vs_12h,cd4_0h,cd4_12h,REACTOME_DISEASES_ASSOCIATED_WITH_GLYCOSYLATION_PRECURSOR_BIOSYNTHESIS,Vanilla-only significant,18,PMM2,17,0.000313688994347936,0.00946978291842922,3.503500718082,2.02365997647813,1.47984074160387,0.00059618767048381,0.0351222601892017,3.22461700967912,1.45441754412943,1.7701994655497,0.0385837463047961,1.0,0.0733310834695086,1.0,1.18894726823464,0.0,1.06522856619588,0.0,True,False,False,False,True,False,0.0796897783194144,0.294604193498102,0.214914415178688,0.076,0.302,0.999999911644598,0.946316898345812,1.5,3.5,0.8529411764705882,1.0,1.0,1.0,0.1470588235294118
cd4_0h_vs_12h,cd4_0h,cd4_12h,REACTOME_DISEASES_ASSOCIATED_WITH_GLYCOSYLATION_PRECURSOR_BIOSYNTHESIS,Vanilla-only significant,18,SRD5A3,18,0.000313688994347936,0.000313688994347936,3.503500718082,3.503500718082,0.0,0.00059618767048381,0.000160158462101912,3.22461700967912,3.79545011009365,-0.570833100414529,0.0385837463047961,0.0385837463047961,0.0733310834695086,0.0196994908385352,1.18894726823464,1.18894726823464,1.06522856619588,1.30596515981639,True,True,False,True,False,True,0.0215631401761907,0.238012634112343,0.216449493936153,0.02,0.236,0.999999980352113,0.923015725423663,10.5,17.5,0.029411764705882353,14.5,8.5,0.5588235294117647,0.5294117647058824
cd4_0h_vs_12h,cd4_0h,cd4_12h,REACTOME_GLYCOSPHINGOLIPID_METABOLISM,Vanilla-only significant,36,ARSA,1,7.93371655046569e-05,7.93371655046569e-05,4.1005233197136,4.1005233197136,0.0,0.00059618767048381,0.00196887460329715,3.22461700967912,2.70578194299357,0.518835066685553,0.0097584713570728,0.0097584713570728,0.0733310834695086,0.242171576205549,1.417962696362,1.417962696362,1.06522856619588,0.784778205325666,True,True,False,False,False,False,0.0443767158636036,0.0228768647685066,-0.021499851095097,0.042,0.024,0.99999999335914,0.92071150471992,30.5,31.5,0.12857142857142856,10.0,22.0,0.4,0.27142857142857146
cd4_0h_vs_12h,cd4_0h,cd4_12h,REACTOME_GLYCOSPHINGOLIPID_METABOLISM,Vanilla-only significant,36,ARSB,2,7.93371655046569e-05,7.93371655046569e-05,4.1005233197136,4.1005233197136,0.0,0.00059618767048381,0.000313688994347936,3.22461700967912,3.503500718082,-0.278883708402879,0.0097584713570728,0.0097584713570728,0.0733310834695086,0.0385837463047961,1.417962696362,1.417962696362,1.06522856619588,1.18894726823464,True,True,False,True,False,True,0.0155229404085668,0.0150387478472495,-0.000484192561317303,0.014,0.02,1.0000000031112,0.928416147363538,30.5,31.5,0.12857142857142856,21.5,26.5,0.2714285714285714,0.14285714285714285
cd4_0h_vs_12h,cd4_0h,cd4_12h,REACTOME_GLYCOSPHINGOLIPID_METABOLISM,Vanilla-only significant,36,ARSD,3,7.93371655046569e-05,7.93371655046569e-05,4.1005233197136,4.1005233197136,0.0,0.00059618767048381,0.0010996776918826,3.22461700967912,2.95873458497628,0.26588242470284,0.0097584713570728,0.0097584713570728,0.0733310834695086,0.13526035610156,1.417962696362,1.417962696362,1.06522856619588,0.932110226066041,True,True,False,False,False,False,0.00194801165697046,0.0,-0.00194801165697046,0.002,0.0,1.00000000825678,0.927805229409899,30.5,31.5,0.12857142857142856,13.0,31.0,0.14285714285714285,0.01428571428571429
cd4_0h_vs_12h,cd4_0h,cd4_12h,REACTOME_GLYCOSPHINGOLIPID_METABOLISM,Vanilla-only significant,36,ARSG,4,7.93371655046569e-05,0.0150822934297104,4.1005233197136,1.82153261416016,2.27899070555344,0.00059618767048381,0.00196887460329715,3.22461700967912,2.70578194299357,0.518835066685553,0.0097584713570728,1.0,0.0733310834695086,0.242171576205549,1.417962696362,0.0,1.06522856619588,0.784778205325666,True,False,False,False,True,False,0.0729149821332858,0.0376361430005304,-0.0352788391327555,0.068,0.042,0.999999977391478,0.941173774448261,3.0,3.0,0.9428571428571428,10.0,22.0,0.4,-0.5428571428571428
cd4_0h_vs_12h,cd4_0h,cd4_12h,REACTOME_GLYCOSPHINGOLIPID_METABOLISM,Vanilla-only significant,36,ARSK,5,7.93371655046569e-05,0.0034223189265975,4.1005233197136,2.46567952091782,1.63484379879578,0.00059618767048381,1.77726970010602e-05,3.22461700967912,4.75024666314563,-1.5256296534665,0.0097584713570728,0.420945227971492,0.0733310834695086,0.0021860417311304,1.417962696362,0.613004412282997,1.06522856619588,1.63105534906276,True,False,False,True,True,True,0.0473735342508582,0.0281054296550829,-0.0192681045957753,0.04,0.032,1.00000008224329,0.880373973367073,6.5,6.5,0.8428571428571429,35.5,1.5,0.9857142857142858,0.1428571428571429
cd4_0h_vs_12h,cd4_0h,cd4_12h,REACTOME_GLYCOSPHINGOLIPID_METABOLISM,Vanilla-only significant,36,ASAH1,6,7.93371655046569e-05,0.101341801629482,4.1005233197136,0.994211379196843,3.10631194051676,0.00059618767048381,0.00946978291842922,3.22461700967912,2.02365997647813,1.20095703320099,0.0097584713570728,1.0,0.0733310834695086,1.0,1.417962696362,0.0,1.06522856619588,0.0,True,False,False,False,True,False,0.267839714943434,0.128940732761574,-0.13889898218186,0.23,0.142,1.00000002918415,0.942958262523705,2.0,2.0,0.9714285714285714,2.5,4.5,0.9,-0.0714285714285714
cd4_0h_vs_12h,cd4_0h,cd4_12h,REACTOME_GLYCOSPHINGOLIPID_METABOLISM,Vanilla-only significant,36,ASAH2,7,7.93371655046569e-05,0.000160158462101912,4.1005233197136,3.79545011009365,0.305073209619947,0.00059618767048381,0.000313688994347936,3.22461700967912,3.503500718082,-0.278883708402879,0.0097584713570728,0.0196994908385352,0.0733310834695086,0.0385837463047961,1.417962696362,1.30596515981639,1.06522856619588,1.18894726823464,True,True,False,True,False,True,0.0023763098561671,0.00403917900142126,0.00166286914525416,0.002,0.004,0.999999972516404,0.894077533793342,24.0,25.0,0.3142857142857143,21.5,26.5,0.2714285714285714,-0.04285714285714287
cd4_0h_vs_12h,cd4_0h,cd4_12h,REACTOME_GLYCOSPHINGOLIPID_METABOLISM,Vanilla-only significant,36,B3GALNT1,8,7.93371655046569e-05,0.000313688994347936,4.1005233197136,3.503500718082,0.597022601631597,0.00059618767048381,0.000313688994347936,3.22461700967912,3.503500718082,-0.278883708402879,0.0097584713570728,0.0385837463047961,0.0733310834695086,0.0385837463047961,1.417962696362,1.18894726823464,1.06522856619588,1.18894726823464,True,True,False,True,False,True,0.00253778045967913,0.0129015933651026,0.0103638129054234,0.004,0.016,1.00000007353385,0.929372379826893,21.0,21.0,0.42857142857142855,21.5,26.5,0.2714285714285714,-0.15714285714285714
cd4_0h_vs_12h,cd4_0h,cd4_12h,REACTOME_GLYCOSPHINGOLIPID_METABOLISM,Vanilla-only significant,36,B4GALNT1,9,7.93371655046569e-05,7.93371655046569e-05,4.1005233197136,4.1005233197136,0.0,0.00059618767048381,0.00059618767048381,3.22461700967912,3.22461700967912,0.0,0.0097584713570728,0.0097584713570728,0.0733310834695086,0.0733310834695086,1.417962696362,1.417962696362,1.06522856619588,1.06522856619588,True,True,False,False,False,False,0.0,0.0,0.0,0.0,0.0,1.00000002922091,0.921427552030145,30.5,31.5,0.12857142857142856,16.5,34.5,0.04285714285714286,-0.0857142857142857
cd4_0h_vs_12h,cd4_0h,cd4_12h,REACTOME_GLYCOSPHINGOLIPID_METABOLISM,Vanilla-only significant,36,CERK,10,7.93371655046569e-05,0.0010996776918826,4.1005233197136,2.95873458497628,1.14178873473732,0.00059618767048381,0.0034223189265975,3.22461700967912,2.46567952091782,0.758937488761304,0.0097584713570728,0.13526035610156,0.0733310834695086,0.420945227971492,1.417962696362,0.932110226066041,1.06522856619588,0.613004412282997,True,False,False,False,True,False,0.236670082854402,0.0912754738598483,-0.145394608994554,0.204,0.1,0.99999996334063,0.876692790590436,12.0,12.0,0.6857142857142857,7.0,16.0,0.5714285714285714,-0.11428571428571432
cd4_0h_vs_12h,cd4_0h,cd4_12h,REACTOME_GLYCOSPHINGOLIPID_METABOLISM,Vanilla-only significant,36,CPTP,11,7.93371655046569e-05,0.00059618767048381,4.1005233197136,3.22461700967912,0.875906310034476,0.00059618767048381,3.81265104892234e-05,3.22461700967912,4.41877294150378,-1.19415593182466,0.0097584713570728,0.0733310834695086,0.0733310834695086,0.00468956079017448,1.417962696362,1.06522856619588,1.06522856619588,1.52606285259303,True,False,False,True,True,True,0.0528006343696131,0.0446510450273194,-0.0081495893422937,0.05,0.054,1.00000001787076,0.902603058371801,16.5,16.5,0.5571428571428572,32.5,7.5,0.8142857142857143,0.2571428571428571
cd4_0h_vs_12h,cd4_0h,cd4_12h,REACTOME_GLYCOSPHINGOLIPID_METABOLISM,Vanilla-only significant,36,CTSA,12,7.93371655046569e-05,0.000160158462101912,4.1005233197136,3.79545011009365,0.305073209619947,0.00059618767048381,0.000313688994347936,3.22461700967912,3.503500718082,-0.278883708402879,0.0097584713570728,0.0196994908385352,0.0733310834695086,0.0385837463047961,1.417962696362,1.30596515981639,1.06522856619588,1.18894726823464,True,True,False,True,False,True,0.0641884174131969,0.112998635863602,0.0488102184504051,0.06,0.122,0.999999928922229,0.937093359939923,24.0,25.0,0.3142857142857143,21.5,26.5,0.2714285714285714,-0.04285714285714287
cd4_0h_vs_12h,cd4_0h,cd4_12h,REACTOME_GLYCOSPHINGOLIPID_METABOLISM,Vanilla-only significant,36,ESYT1,13,7.93371655046569e-05,0.00059618767048381,4.1005233197136,3.22461700967912,0.875906310034476,0.00059618767048381,0.0010996776918826,3.22461700967912,2.95873458497628,0.26588242470284,0.0097584713570728,0.0733310834695086,0.0733310834695086,0.13526035610156,1.417962696362,1.06522856619588,1.06522856619588,0.932110226066041,True,False,False,False,True,False,0.217387166973965,0.115623276013535,-0.10176389096043,0.192,0.116,1.00000001311014,0.916723580353913,16.5,16.5,0.5571428571428572,13.0,31.0,0.14285714285714285,-0.4142857142857143
cd4_0h_vs_12h,cd4_0h,cd4_12h,REACTOME_GLYCOSPHINGOLIPID_METABOLISM,Vanilla-only significant,36,ESYT2,14,7.93371655046569e-05,0.000313688994347936,4.1005233197136,3.503500718082,0.597022601631597,0.00059618767048381,0.00577645522630862,3.22461700967912,2.23833858855416,0.986278421124963,0.0097584713570728,0.0385837463047961,0.0733310834695086,0.71050399283596,1.417962696362,1.18894726823464,1.06522856619588,0.385270654364906,True,True,False,False,False,False,0.201146280199461,0.115934509883543,-0.0852117703159174,0.176,0.126,0.999999887177889,0.904941135522031,21.0,21.0,0.42857142857142855,4.5,10.5,0.7285714285714285,0.3
cd4_0h_vs_12h,cd4_0h,cd4_12h,REACTOME_GLYCOSPHINGOLIPID_METABOLISM,Vanilla-only significant,36,ESYT3,15,7.93371655046569e-05,7.93371655046569e-05,4.1005233197136,4.1005233197136,0.0,0.00059618767048381,0.000313688994347936,3.22461700967912,3.503500718082,-0.278883708402879,0.0097584713570728,0.0097584713570728,0.0733310834695086,0.0385837463047961,1.417962696362,1.417962696362,1.06522856619588,1.18894726823464,True,True,False,True,False,True,0.0,0.00129048989387316,0.00129048989387316,0.0,0.002,0.999999969301075,0.905392330494294,30.5,31.5,0.12857142857142856,21.5,26.5,0.2714285714285714,0.14285714285714285
cd4_0h_vs_12h,cd4_0h,cd4_12h,REACTOME_GLYCOSPHINGOLIPID_METABOLISM,Vanilla-only significant,36,GALC,16,7.93371655046569e-05,3.81265104892234e-05,4.1005233197136,4.41877294150378,-0.318249621790182,0.00059618767048381,3.81265104892234e-05,3.22461700967912,4.41877294150378,-1.19415593182466,0.0097584713570728,0.00468956079017448,0.0733310834695086,0.00468956079017448,1.417962696362,1.52606285259303,1.06522856619588,1.52606285259303,True,True,False,True,False,True,0.022431368593504,0.010428488085461,-0.012002880508043,0.02,0.014,0.999999997150603,0.937181076564711,36.0,23.0,0.37142857142857144,32.5,7.5,0.8142857142857143,0.44285714285714284
cd4_0h_vs_12h,cd4_0h,cd4_12h,REACTOME_GLYCOSPHINGOLIPID_METABOLISM,Vanilla-only significant,36,GBA2,17,7.93371655046569e-05,0.00059618767048381,4.1005233197136,3.22461700967912,0.875906310034476,0.00059618767048381,0.000160158462101912,3.22461700967912,3.79545011009365,-0.570833100414529,0.0097584713570728,0.0733310834695086,0.0733310834695086,0.0196994908385352,1.417962696362,1.06522856619588,1.06522856619588,1.30596515981639,True,False,False,True,True,True,0.0588641234145482,0.0469563359600814,-0.0119077874544668,0.056,0.056,0.999999967514707,0.928120369467672,16.5,16.5,0.5571428571428572,26.0,19.0,0.4857142857142857,-0.07142857142857145
cd4_0h_vs_12h,cd4_0h,cd4_12h,REACTOME_GLYCOSPHINGOLIPID_METABOLISM,Vanilla-only significant,36,GLA,18,7.93371655046569e-05,7.93371655046569e-05,4.1005233197136,4.1005233197136,0.0,0.00059618767048381,0.00196887460329715,3.22461700967912,2.70578194299357,0.518835066685553,0.0097584713570728,0.0097584713570728,0.0733310834695086,0.242171576205549,1.417962696362,1.417962696362,1.06522856619588,0.784778205325666,True,True,False,False,False,False,0.0220828579768866,0.066713240413543,0.0446303824366564,0.02,0.084,0.99999994699827,0.920503707660138,30.5,31.5,0.12857142857142856,10.0,22.0,0.4,0.27142857142857146
cd4_0h_vs_12h,cd4_0h,cd4_12h,REACTOME_GLYCOSPHINGOLIPID_METABOLISM,Vanilla-only significant,36,GLB1,19,7.93371655046569e-05,0.00059618767048381,4.1005233197136,3.22461700967912,0.875906310034476,0.00059618767048381,0.0034223189265975,3.22461700967912,2.46567952091782,0.758937488761304,0.0097584713570728,0.0733310834695086,0.0733310834695086,0.420945227971492,1.417962696362,1.06522856619588,1.06522856619588,0.613004412282997,True,False,False,False,True,False,0.031900815141749,0.060852783673088,0.028951968531339,0.032,0.076,0.999999981952397,0.944359095897378,16.5,16.5,0.5571428571428572,7.0,16.0,0.5714285714285714,0.014285714285714235
cd4_0h_vs_12h,cd4_0h,cd4_12h,REACTOME_GLYCOSPHINGOLIPID_METABOLISM,Vanilla-only significant,36,GLB1L,20,7.93371655046569e-05,0.00196887460329715,4.1005233197136,2.70578194299357,1.39474137672003,0.00059618767048381,0.000160158462101912,3.22461700967912,3.79545011009365,-0.570833100414529,0.0097584713570728,0.242171576205549,0.0733310834695086,0.0196994908385352,1.417962696362,0.784778205325666,1.06522856619588,1.30596515981639,True,False,False,True,True,True,0.0425128304942854,0.0169398407907886,-0.0255729897034968,0.038,0.018,0.999999927648818,0.922227163768003,9.0,9.0,0.7714285714285715,26.0,19.0,0.4857142857142857,-0.28571428571428575
cd4_0h_vs_12h,cd4_0h,cd4_12h,REACTOME_GLYCOSPHINGOLIPID_METABOLISM,Vanilla-only significant,36,GLTP,21,7.93371655046569e-05,0.0010996776918826,4.1005233197136,2.95873458497628,1.14178873473732,0.00059618767048381,1.77726970010602e-05,3.22461700967912,4.75024666314563,-1.5256296534665,0.0097584713570728,0.13526035610156,0.0733310834695086,0.0021860417311304,1.417962696362,0.932110226066041,1.06522856619588,1.63105534906276,True,False,False,True,True,True,0.151984639989809,0.179342343416217,0.0273577034264073,0.136,0.202,1.00000007194957,0.930555054280126,12.0,12.0,0.6857142857142857,35.5,1.5,0.9857142857142858,0.30000000000000004
cd4_0h_vs_12h,cd4_0h,cd4_12h,REACTOME_GLYCOSPHINGOLIPID_METABOLISM,Vanilla-only significant,36,GM2A,22,7.93371655046569e-05,0.000160158462101912,4.1005233197136,3.79545011009365,0.305073209619947,0.00059618767048381,7.93371655046569e-05,3.22461700967912,4.1005233197136,-0.875906310034476,0.0097584713570728,0.0196994908385352,0.0733310834695086,0.0097584713570728,1.417962696362,1.30596515981639,1.06522856619588,1.417962696362,True,True,False,True,False,True,0.0163698025904293,0.00881214695420109,-0.00755765563622825,0.014,0.01,0.999999978975838,0.946463078439515,24.0,25.0,0.3142857142857143,29.0,13.0,0.6571428571428571,0.34285714285714286
cd4_0h_vs_12h,cd4_0h,cd4_12h,REACTOME_GLYCOSPHINGOLIPID_METABOLISM,Vanilla-only significant,36,HEXA,23,7.93371655046569e-05,0.00196887460329715,4.1005233197136,2.70578194299357,1.39474137672003,0.00059618767048381,0.0010996776918826,3.22461700967912,2.95873458497628,0.26588242470284,0.0097584713570728,0.242171576205549,0.0733310834695086,0.13526035610156,1.417962696362,0.784778205325666,1.06522856619588,0.932110226066041,True,False,False,False,True,False,0.223985318167142,0.16622042833962,-0.0577648898275214,0.204,0.186,0.999999995901123,0.942304123489614,9.0,9.0,0.7714285714285715,13.0,31.0,0.14285714285714285,-0.6285714285714286
cd4_0h_vs_12h,cd4_0h,cd4_12h,REACTOME_GLYCOSPHINGOLIPID_METABOLISM,Vanilla-only significant,36,HEXB,24,7.93371655046569e-05,0.0034223189265975,4.1005233197136,2.46567952091782,1.63484379879578,0.00059618767048381,0.00577645522630862,3.22461700967912,2.23833858855416,0.986278421124963,0.0097584713570728,0.420945227971492,0.0733310834695086,0.71050399283596,1.417962696362,0.613004412282997,1.06522856619588,0.385270654364906,True,False,False,False,True,False,0.119748144629791,0.115042803928016,-0.00470534070177404,0.11,0.122,0.999999956702897,0.924791090358958,6.5,6.5,0.8428571428571429,4.5,10.5,0.7285714285714285,-0.11428571428571432
cd4_0h_vs_12h,cd4_0h,cd4_12h,REACTOME_GLYCOSPHINGOLIPID_METABOLISM,Vanilla-only significant,36,NEU1,25,7.93371655046569e-05,0.00059618767048381,4.1005233197136,3.22461700967912,0.875906310034476,0.00059618767048381,7.93371655046569e-05,3.22461700967912,4.1005233197136,-0.875906310034476,0.0097584713570728,0.0733310834695086,0.0733310834695086,0.0097584713570728,1.417962696362,1.06522856619588,1.06522856619588,1.417962696362,True,False,False,True,True,True,0.037883990832826,0.078667013889821,0.040783023056995,0.036,0.094,1.00000000500757,0.904286129027539,16.5,16.5,0.5571428571428572,29.0,13.0,0.6571428571428571,0.09999999999999998
cd4_0h_vs_12h,cd4_0h,cd4_12h,REACTOME_GLYCOSPHINGOLIPID_METABOLISM,Vanilla-only significant,36,NEU3,26,7.93371655046569e-05,0.000313688994347936,4.1005233197136,3.503500718082,0.597022601631597,0.00059618767048381,0.0034223189265975,3.22461700967912,2.46567952091782,0.758937488761304,0.0097584713570728,0.0385837463047961,0.0733310834695086,0.420945227971492,1.417962696362,1.18894726823464,1.06522856619588,0.613004412282997,True,True,False,False,False,False,0.0179244954917087,0.0424519378899997,0.0245274423982909,0.016,0.05,1.00000003020673,0.925107178212534,21.0,21.0,0.42857142857142855,7.0,16.0,0.5714285714285714,0.14285714285714285
cd4_0h_vs_12h,cd4_0h,cd4_12h,REACTOME_GLYCOSPHINGOLIPID_METABOLISM,Vanilla-only significant,36,PSAP,27,7.93371655046569e-05,0.00946978291842922,4.1005233197136,2.02365997647813,2.07686334323547,0.00059618767048381,7.93371655046569e-05,3.22461700967912,4.1005233197136,-0.875906310034476,0.0097584713570728,1.0,0.0733310834695086,0.0097584713570728,1.417962696362,0.0,1.06522856619588,1.417962696362,True,False,False,True,True,True,0.221814135211877,0.170683762891649,-0.0511303723202282,0.196,0.182,1.00000002948642,0.89714010716728,4.0,4.0,0.9142857142857143,29.0,13.0,0.6571428571428571,-0.2571428571428571
cd4_0h_vs_12h,cd4_0h,cd4_12h,REACTOME_GLYCOSPHINGOLIPID_METABOLISM,Vanilla-only significant,36,SMPD1,28,7.93371655046569e-05,0.00577645522630862,4.1005233197136,2.23833858855416,1.86218473115944,0.00059618767048381,3.81265104892234e-05,3.22461700967912,4.41877294150378,-1.19415593182466,0.0097584713570728,0.71050399283596,0.0733310834695086,0.00468956079017448,1.417962696362,0.385270654364906,1.06522856619588,1.52606285259303,True,False,False,True,True,True,0.0902202105566541,0.0160704150478745,-0.0741497955087796,0.082,0.014,0.999999943557674,0.936319217144816,5.0,5.0,0.8857142857142857,32.5,7.5,0.8142857142857143,-0.0714285714285714
cd4_0h_vs_12h,cd4_0h,cd4_12h,REACTOME_GLYCOSPHINGOLIPID_METABOLISM,Vanilla-only significant,36,SMPD2,29,7.93371655046569e-05,0.00059618767048381,4.1005233197136,3.22461700967912,0.875906310034476,0.00059618767048381,0.00946978291842922,3.22461700967912,2.02365997647813,1.20095703320099,0.0097584713570728,0.0733310834695086,0.0733310834695086,1.0,1.417962696362,1.06522856619588,1.06522856619588,0.0,True,False,False,False,True,False,0.0147466630456742,0.0452997620318112,0.030553098986137,0.014,0.058,1.00000000783018,0.933874863620831,16.5,16.5,0.5571428571428572,2.5,4.5,0.9,0.34285714285714286
cd4_0h_vs_12h,cd4_0h,cd4_12h,REACTOME_GLYCOSPHINGOLIPID_METABOLISM,Vanilla-only significant,36,SMPD3,30,7.93371655046569e-05,7.93371655046569e-05,4.1005233197136,4.1005233197136,0.0,0.00059618767048381,0.00059618767048381,3.22461700967912,3.22461700967912,0.0,0.0097584713570728,0.0097584713570728,0.0733310834695086,0.0733310834695086,1.417962696362,1.417962696362,1.06522856619588,1.06522856619588,True,True,False,False,False,False,0.00222343054459512,0.0,-0.00222343054459512,0.002,0.0,0.999999977168578,0.925833976071951,30.5,31.5,0.12857142857142856,16.5,34.5,0.04285714285714286,-0.0857142857142857
cd4_0h_vs_12h,cd4_0h,cd4_12h,REACTOME_GLYCOSPHINGOLIPID_METABOLISM,Vanilla-only significant,36,SMPD4,31,7.93371655046569e-05,7.93371655046569e-05,4.1005233197136,4.1005233197136,0.0,0.00059618767048381,0.00059618767048381,3.22461700967912,3.22461700967912,0.0,0.0097584713570728,0.0097584713570728,0.0733310834695086,0.0733310834695086,1.417962696362,1.417962696362,1.06522856619588,1.06522856619588,True,True,False,False,False,False,0.0789167046159542,0.0586757357604927,-0.0202409688554615,0.072,0.074,0.99999990295858,0.932442614169352,30.5,31.5,0.12857142857142856,16.5,34.5,0.04285714285714286,-0.0857142857142857
cd4_0h_vs_12h,cd4_0h,cd4_12h,REACTOME_GLYCOSPHINGOLIPID_METABOLISM,Vanilla-only significant,36,STS,32,7.93371655046569e-05,7.93371655046569e-05,4.1005233197136,4.1005233197136,0.0,0.00059618767048381,0.000313688994347936,3.22461700967912,3.503500718082,-0.278883708402879,0.0097584713570728,0.0097584713570728,0.0733310834695086,0.0385837463047961,1.417962696362,1.417962696362,1.06522856619588,1.18894726823464,True,True,False,True,False,True,0.0023358600449212,0.000861619681756135,-0.00147424036316507,0.002,0.002,0.999999993791959,0.934174854212236,30.5,31.5,0.12857142857142856,21.5,26.5,0.2714285714285714,0.14285714285714285
cd4_0h_vs_12h,cd4_0h,cd4_12h,REACTOME_GLYCOSPHINGOLIPID_METABOLISM,Vanilla-only significant,36,SUMF1,33,7.93371655046569e-05,0.0010996776918826,4.1005233197136,2.95873458497628,1.14178873473732,0.00059618767048381,3.81265104892234e-05,3.22461700967912,4.41877294150378,-1.19415593182466,0.0097584713570728,0.13526035610156,0.0733310834695086,0.00468956079017448,1.417962696362,0.932110226066041,1.06522856619588,1.52606285259303,True,False,False,True,True,True,0.0416591515923753,0.0419077735487823,0.000248621956406951,0.04,0.048,1.00000006986989,0.924912636555926,12.0,12.0,0.6857142857142857,32.5,7.5,0.8142857142857143,0.12857142857142856
cd4_0h_vs_12h,cd4_0h,cd4_12h,REACTOME_GLYCOSPHINGOLIPID_METABOLISM,Vanilla-only significant,36,SUMF2,34,7.93371655046569e-05,0.136726085875245,4.1005233197136,0.864148618783426,3.23637470093017,0.00059618767048381,0.0150822934297104,3.22461700967912,1.82153261416016,1.40308439551897,0.0097584713570728,1.0,0.0733310834695086,1.0,1.417962696362,0.0,1.06522856619588,0.0,True,False,False,False,True,False,0.376393643137317,0.324654451583818,-0.0517391915534992,0.324,0.326,0.999999993885209,0.925311402700707,1.0,1.0,1.0,1.0,3.0,0.9428571428571428,-0.05714285714285716
cd4_0h_vs_12h,cd4_0h,cd4_12h,REACTOME_GLYCOSPHINGOLIPID_METABOLISM,Vanilla-only significant,36,UGCG,35,7.93371655046569e-05,0.00196887460329715,4.1005233197136,2.70578194299357,1.39474137672003,0.00059618767048381,0.000160158462101912,3.22461700967912,3.79545011009365,-0.570833100414529,0.0097584713570728,0.242171576205549,0.0733310834695086,0.0196994908385352,1.417962696362,0.784778205325666,1.06522856619588,1.30596515981639,True,False,False,True,True,True,0.084198316018519,0.164512884131538,0.0803145681130185,0.074,0.18,1.00000000265456,0.931243211421173,9.0,9.0,0.7714285714285715,26.0,19.0,0.4857142857142857,-0.28571428571428575
cd4_0h_vs_12h,cd4_0h,cd4_12h,REACTOME_GLYCOSPHINGOLIPID_METABOLISM,Vanilla-only significant,36,UGT8,36,7.93371655046569e-05,7.93371655046569e-05,4.1005233197136,4.1005233197136,0.0,0.00059618767048381,0.00059618767048381,3.22461700967912,3.22461700967912,0.0,0.0097584713570728,0.0097584713570728,0.0733310834695086,0.0733310834695086,1.417962696362,1.417962696362,1.06522856619588,1.06522856619588,True,True,False,False,False,False,0.0,0.0,0.0,0.0,0.0,0.999999948410547,0.936225359257039,30.5,31.5,0.12857142857142856,16.5,34.5,0.04285714285714286,-0.0857142857142857
cd4_0h_vs_12h,cd4_0h,cd4_12h,REACTOME_GLYOXYLATE_METABOLISM_AND_GLYCINE_DEGRADATION,Vanilla-only significant,23,ALDH4A1,1,0.000160158462101912,0.000160158462101912,3.79545011009365,3.79545011009365,0.0,0.00577645522630862,0.00059618767048381,2.23833858855416,3.22461700967912,-0.986278421124963,0.0196994908385352,0.0196994908385352,0.71050399283596,0.0733310834695086,1.30596515981639,1.30596515981639,0.385270654364906,1.06522856619588,True,True,False,False,False,False,0.00442099356379489,0.00348691144851141,-0.000934082115283483,0.004,0.004,1.00000007000171,0.945118540151177,14.0,19.0,0.18181818181818182,18.5,8.5,0.6590909090909091,0.47727272727272724
cd4_0h_vs_12h,cd4_0h,cd4_12h,REACTOME_GLYOXYLATE_METABOLISM_AND_GLYCINE_DEGRADATION,Vanilla-only significant,23,AMT,2,0.000160158462101912,0.0010996776918826,3.79545011009365,2.95873458497628,0.836715525117369,0.00577645522630862,0.00946978291842922,2.23833858855416,2.02365997647813,0.214678612076031,0.0196994908385352,0.13526035610156,0.71050399283596,1.0,1.30596515981639,0.932110226066041,0.385270654364906,0.0,True,False,False,False,True,False,0.0517573928266836,0.0193345688703687,-0.0324228239563149,0.05,0.02,0.999999930291903,0.910124143113449,3.5,4.5,0.8409090909090909,6.5,18.5,0.20454545454545456,-0.6363636363636364
cd4_0h_vs_12h,cd4_0h,cd4_12h,REACTOME_GLYOXYLATE_METABOLISM_AND_GLYCINE_DEGRADATION,Vanilla-only significant,23,BCKDHA,3,0.000160158462101912,0.000160158462101912,3.79545011009365,3.79545011009365,0.0,0.00577645522630862,0.00577645522630862,2.23833858855416,2.23833858855416,0.0,0.0196994908385352,0.0196994908385352,0.71050399283596,0.71050399283596,1.30596515981639,1.30596515981639,0.385270654364906,0.385270654364906,True,True,False,False,False,False,0.0,0.0,0.0,0.0,0.0,0.999999995319911,0.936816560352907,14.0,19.0,0.18181818181818182,10.0,22.0,0.045454545454545456,-0.13636363636363635
cd4_0h_vs_12h,cd4_0h,cd4_12h,REACTOME_GLYOXYLATE_METABOLISM_AND_GLYCINE_DEGRADATION,Vanilla-only significant,23,BCKDHB,4,0.000160158462101912,0.00059618767048381,3.79545011009365,3.22461700967912,0.570833100414529,0.00577645522630862,0.00196887460329715,2.23833858855416,2.70578194299357,-0.467443354439411,0.0196994908385352,0.0733310834695086,0.71050399283596,0.242171576205549,1.30596515981639,1.06522856619588,0.385270654364906,0.784778205325666,True,False,False,False,True,False,0.077238014831694,0.0392823095576643,-0.0379557052740297,0.07,0.042,0.999999982898897,0.937131550849059,5.5,8.5,0.6590909090909091,14.5,13.5,0.4318181818181818,-0.22727272727272724
cd4_0h_vs_12h,cd4_0h,cd4_12h,REACTOME_GLYOXYLATE_METABOLISM_AND_GLYCINE_DEGRADATION,Vanilla-only significant,23,DBT,5,0.000160158462101912,3.81265104892234e-05,3.79545011009365,4.41877294150378,-0.623322831410129,0.00577645522630862,7.93371655046569e-05,2.23833858855416,4.1005233197136,-1.86218473115944,0.0196994908385352,0.00468956079017448,0.71050399283596,0.0097584713570728,1.30596515981639,1.52606285259303,0.385270654364906,1.417962696362,True,True,False,True,False,True,0.11563686198812,0.0928403128669027,-0.0227965491212176,0.102,0.098,0.999999989445758,0.939391354945784,21.5,6.5,0.75,23.0,2.0,0.9545454545454546,0.20454545454545459
cd4_0h_vs_12h,cd4_0h,cd4_12h,REACTOME_GLYOXYLATE_METABOLISM_AND_GLYCINE_DEGRADATION,Vanilla-only significant,23,DHTKD1,6,0.000160158462101912,0.000313688994347936,3.79545011009365,3.503500718082,0.29194939201165,0.00577645522630862,0.00196887460329715,2.23833858855416,2.70578194299357,-0.467443354439411,0.0196994908385352,0.0385837463047961,0.71050399283596,0.242171576205549,1.30596515981639,1.18894726823464,0.385270654364906,0.784778205325666,True,True,False,False,False,False,0.0414588590214035,0.035847784967444,-0.00561107405395941,0.036,0.034,1.00000003635962,0.948500497088387,8.0,13.0,0.45454545454545453,14.5,13.5,0.4318181818181818,-0.022727272727272707
cd4_0h_vs_12h,cd4_0h,cd4_12h,REACTOME_GLYOXYLATE_METABOLISM_AND_GLYCINE_DEGRADATION,Vanilla-only significant,23,DLAT,7,0.000160158462101912,0.000160158462101912,3.79545011009365,3.79545011009365,0.0,0.00577645522630862,0.101341801629482,2.23833858855416,0.994211379196843,1.24412720935732,0.0196994908385352,0.0196994908385352,0.71050399283596,1.0,1.30596515981639,1.30596515981639,0.385270654364906,0.0,True,True,False,False,False,False,0.0453352498295927,0.105740430356415,0.0604051805268227,0.044,0.134,1.00000001767651,0.949514868856305,14.0,19.0,0.18181818181818182,3.0,7.0,0.7272727272727273,0.5454545454545454
cd4_0h_vs_12h,cd4_0h,cd4_12h,REACTOME_GLYOXYLATE_METABOLISM_AND_GLYCINE_DEGRADATION,Vanilla-only significant,23,DLD,8,0.000160158462101912,0.00059618767048381,3.79545011009365,3.22461700967912,0.570833100414529,0.00577645522630862,0.00196887460329715,2.23833858855416,2.70578194299357,-0.467443354439411,0.0196994908385352,0.0733310834695086,0.71050399283596,0.242171576205549,1.30596515981639,1.06522856619588,0.385270654364906,0.784778205325666,True,False,False,False,True,False,0.149520440596388,0.196114061971756,0.0465936213753679,0.138,0.22,1.00000000092247,0.939294345764135,5.5,8.5,0.6590909090909091,14.5,13.5,0.4318181818181818,-0.22727272727272724
cd4_0h_vs_12h,cd4_0h,cd4_12h,REACTOME_GLYOXYLATE_METABOLISM_AND_GLYCINE_DEGRADATION,Vanilla-only significant,23,DLST,9,0.000160158462101912,7.93371655046569e-05,3.79545011009365,4.1005233197136,-0.305073209619947,0.00577645522630862,0.00196887460329715,2.23833858855416,2.70578194299357,-0.467443354439411,0.0196994908385352,0.0097584713570728,0.71050399283596,0.242171576205549,1.30596515981639,1.417962696362,0.385270654364906,0.784778205325666,True,True,False,False,False,False,0.111296992260658,0.0737304841540079,-0.0375665081066504,0.102,0.084,0.999999932402589,0.941825159863502,19.5,10.5,0.5681818181818182,14.5,13.5,0.4318181818181818,-0.1363636363636364
cd4_0h_vs_12h,cd4_0h,cd4_12h,REACTOME_GLYOXYLATE_METABOLISM_AND_GLYCINE_DEGRADATION,Vanilla-only significant,23,GCSH,10,0.000160158462101912,0.00196887460329715,3.79545011009365,2.70578194299357,1.08966816710008,0.00577645522630862,0.230392335941705,2.23833858855416,0.63753197192238,1.60080661663178,0.0196994908385352,0.242171576205549,0.71050399283596,1.0,1.30596515981639,0.784778205325666,0.385270654364906,0.0,True,False,False,False,True,False,0.0908342512587271,0.269506736241576,0.178672484982849,0.084,0.292,1.00000000782454,0.930257500643763,2.0,2.0,0.9545454545454546,2.0,3.0,0.9090909090909091,-0.045454545454545525
cd4_0h_vs_12h,cd4_0h,cd4_12h,REACTOME_GLYOXYLATE_METABOLISM_AND_GLYCINE_DEGRADATION,Vanilla-only significant,23,GLDC,11,0.000160158462101912,0.000160158462101912,3.79545011009365,3.79545011009365,0.0,0.00577645522630862,0.00577645522630862,2.23833858855416,2.23833858855416,0.0,0.0196994908385352,0.0196994908385352,0.71050399283596,0.71050399283596,1.30596515981639,1.30596515981639,0.385270654364906,0.385270654364906,True,True,False,False,False,False,0.0,0.0,0.0,0.0,0.0,1.00000000388934,0.942579772289977,14.0,19.0,0.18181818181818182,10.0,22.0,0.045454545454545456,-0.13636363636363635
cd4_0h_vs_12h,cd4_0h,cd4_12h,REACTOME_GLYOXYLATE_METABOLISM_AND_GLYCINE_DEGRADATION,Vanilla-only significant,23,GNMT,12,0.000160158462101912,0.000160158462101912,3.79545011009365,3.79545011009365,0.0,0.00577645522630862,0.00577645522630862,2.23833858855416,2.23833858855416,0.0,0.0196994908385352,0.0196994908385352,0.71050399283596,0.71050399283596,1.30596515981639,1.30596515981639,0.385270654364906,0.385270654364906,True,True,False,False,False,False,0.0,0.0,0.0,0.0,0.0,1.00000004877916,0.916477147498127,14.0,19.0,0.18181818181818182,10.0,22.0,0.045454545454545456,-0.13636363636363635
cd4_0h_vs_12h,cd4_0h,cd4_12h,REACTOME_GLYOXYLATE_METABOLISM_AND_GLYCINE_DEGRADATION,Vanilla-only significant,23,GOT2,13,0.000160158462101912,1.77726970010602e-05,3.79545011009365,4.75024666314563,-0.954796553051974,0.00577645522630862,0.00059618767048381,2.23833858855416,3.22461700967912,-0.986278421124963,0.0196994908385352,0.0021860417311304,0.71050399283596,0.0733310834695086,1.30596515981639,1.63105534906276,0.385270654364906,1.06522856619588,True,True,False,False,False,False,0.0544614388790669,0.125881141195893,0.0714197023168259,0.046,0.15,0.999999987275859,0.933721340817848,23.0,3.0,0.9090909090909091,18.5,8.5,0.6590909090909091,-0.25
cd4_0h_vs_12h,cd4_0h,cd4_12h,REACTOME_GLYOXYLATE_METABOLISM_AND_GLYCINE_DEGRADATION,Vanilla-only significant,23,GRHPR,14,0.000160158462101912,3.81265104892234e-05,3.79545011009365,4.41877294150378,-0.623322831410129,0.00577645522630862,0.0351222601892017,2.23833858855416,1.45441754412943,0.783921044424732,0.0196994908385352,0.00468956079017448,0.71050399283596,1.0,1.30596515981639,1.52606285259303,0.385270654364906,0.0,True,True,False,False,False,False,0.172382671847694,0.20888479824122,0.0365021263935256,0.16,0.232,0.999999974977468,0.916509673841682,21.5,6.5,0.75,4.0,10.0,0.5909090909090909,-0.15909090909090906
cd4_0h_vs_12h,cd4_0h,cd4_12h,REACTOME_GLYOXYLATE_METABOLISM_AND_GLYCINE_DEGRADATION,Vanilla-only significant,23,LIAS,15,0.000160158462101912,0.0010996776918826,3.79545011009365,2.95873458497628,0.836715525117369,0.00577645522630862,0.000160158462101912,2.23833858855416,3.79545011009365,-1.55711152153949,0.0196994908385352,0.13526035610156,0.71050399283596,0.0196994908385352,1.30596515981639,0.932110226066041,0.385270654364906,1.30596515981639,True,False,False,True,True,True,0.202931477537542,0.171562595356644,-0.0313688821808981,0.174,0.182,1.00000007367551,0.929247848563117,3.5,4.5,0.8409090909090909,22.0,4.0,0.8636363636363636,0.022727272727272707
cd4_0h_vs_12h,cd4_0h,cd4_12h,REACTOME_GLYOXYLATE_METABOLISM_AND_GLYCINE_DEGRADATION,Vanilla-only significant,23,LIPT1,16,0.000160158462101912,0.000313688994347936,3.79545011009365,3.503500718082,0.29194939201165,0.00577645522630862,0.0034223189265975,2.23833858855416,2.46567952091782,-0.227340932363659,0.0196994908385352,0.0385837463047961,0.71050399283596,0.420945227971492,1.30596515981639,1.18894726823464,0.385270654364906,0.613004412282997,True,True,False,False,False,False,0.102698665364814,0.0382917516971131,-0.0644069136677014,0.09,0.048,1.00000000783454,0.923634732075324,8.0,13.0,0.45454545454545453,12.0,16.0,0.3181818181818182,-0.13636363636363635
cd4_0h_vs_12h,cd4_0h,cd4_12h,REACTOME_GLYOXYLATE_METABOLISM_AND_GLYCINE_DEGRADATION,Vanilla-only significant,23,LIPT2,17,0.000160158462101912,0.000160158462101912,3.79545011009365,3.79545011009365,0.0,0.00577645522630862,0.000313688994347936,2.23833858855416,3.503500718082,-1.26516212952784,0.0196994908385352,0.0196994908385352,0.71050399283596,0.0385837463047961,1.30596515981639,1.30596515981639,0.385270654364906,1.18894726823464,True,True,False,True,False,True,0.0270681577182497,0.0118774709133488,-0.0151906868049009,0.026,0.014,1.00000001187009,0.927731758524986,14.0,19.0,0.18181818181818182,20.5,5.5,0.7954545454545454,0.6136363636363635
cd4_0h_vs_12h,cd4_0h,cd4_12h,REACTOME_GLYOXYLATE_METABOLISM_AND_GLYCINE_DEGRADATION,Vanilla-only significant,23,NDUFAB1,18,0.000160158462101912,0.0513887607461245,3.79545011009365,1.28913185531754,2.50631825477612,0.00577645522630862,0.8532336682836,2.23833858855416,0.0689320157855595,2.1694065727686,0.0196994908385352,1.0,0.71050399283596,1.0,1.30596515981639,0.0,0.385270654364906,0.0,True,False,False,False,True,False,0.367815494564012,0.96314904553883,0.595333550974818,0.322,0.65,1.00000004837034,0.900579772789064,1.0,1.0,1.0,1.0,1.0,1.0,0.0
cd4_0h_vs_12h,cd4_0h,cd4_12h,REACTOME_GLYOXYLATE_METABOLISM_AND_GLYCINE_DEGRADATION,Vanilla-only significant,23,OGDH,19,0.000160158462101912,0.000313688994347936,3.79545011009365,3.503500718082,0.29194939201165,0.00577645522630862,0.00946978291842922,2.23833858855416,2.02365997647813,0.214678612076031,0.0196994908385352,0.0385837463047961,0.71050399283596,1.0,1.30596515981639,1.18894726823464,0.385270654364906,0.0,True,True,False,False,False,False,0.0750221429220645,0.0747062669585119,-0.00031587596355262,0.07,0.09,1.00000006300164,0.940391143944304,8.0,13.0,0.45454545454545453,6.5,18.5,0.20454545454545456,-0.24999999999999997
cd4_0h_vs_12h,cd4_0h,cd4_12h,REACTOME_GLYOXYLATE_METABOLISM_AND_GLYCINE_DEGRADATION,Vanilla-only significant,23,PDHA1,20,0.000160158462101912,0.000160158462101912,3.79545011009365,3.79545011009365,0.0,0.00577645522630862,0.0010996776918826,2.23833858855416,2.95873458497628,-0.720395996422123,0.0196994908385352,0.0196994908385352,0.71050399283596,0.13526035610156,1.30596515981639,1.30596515981639,0.385270654364906,0.932110226066041,True,True,False,False,False,False,0.163912816835918,0.30541388883136,0.141501071995442,0.148,0.316,1.00000002957278,0.940214612760466,14.0,19.0,0.18181818181818182,17.0,11.0,0.5454545454545454,0.3636363636363636
cd4_0h_vs_12h,cd4_0h,cd4_12h,REACTOME_GLYOXYLATE_METABOLISM_AND_GLYCINE_DEGRADATION,Vanilla-only significant,23,PDHB,21,0.000160158462101912,0.000160158462101912,3.79545011009365,3.79545011009365,0.0,0.00577645522630862,0.00946978291842922,2.23833858855416,2.02365997647813,0.214678612076031,0.0196994908385352,0.0196994908385352,0.71050399283596,1.0,1.30596515981639,1.30596515981639,0.385270654364906,0.0,True,True,False,False,False,False,0.254360228008603,0.26983325703578,0.0154730290271774,0.224,0.294,1.00000005547321,0.946402791556942,14.0,19.0,0.18181818181818182,6.5,18.5,0.20454545454545456,0.022727272727272735
cd4_0h_vs_12h,cd4_0h,cd4_12h,REACTOME_GLYOXYLATE_METABOLISM_AND_GLYCINE_DEGRADATION,Vanilla-only significant,23,PDHX,22,0.000160158462101912,0.000160158462101912,3.79545011009365,3.79545011009365,0.0,0.00577645522630862,0.00946978291842922,2.23833858855416,2.02365997647813,0.214678612076031,0.0196994908385352,0.0196994908385352,0.71050399283596,1.0,1.30596515981639,1.30596515981639,0.385270654364906,0.0,True,True,False,False,False,False,0.0624506822270939,0.0595112725542428,-0.00293940967285116,0.058,0.074,1.00000005798519,0.943919772671009,14.0,19.0,0.18181818181818182,6.5,18.5,0.20454545454545456,0.022727272727272735
cd4_0h_vs_12h,cd4_0h,cd4_12h,REACTOME_GLYOXYLATE_METABOLISM_AND_GLYCINE_DEGRADATION,Vanilla-only significant,23,PXMP2,23,0.000160158462101912,7.93371655046569e-05,3.79545011009365,4.1005233197136,-0.305073209619947,0.00577645522630862,0.000313688994347936,2.23833858855416,3.503500718082,-1.26516212952784,0.0196994908385352,0.0097584713570728,0.71050399283596,0.0385837463047961,1.30596515981639,1.417962696362,0.385270654364906,1.18894726823464,True,True,False,True,False,True,0.0233672144987411,0.0394995465121426,0.0161323320134015,0.022,0.046,1.00000008153876,0.891754769901543,19.5,10.5,0.5681818181818182,20.5,5.5,0.7954545454545454,0.22727272727272718
cd4_0h_vs_12h,cd4_0h,cd4_12h,REACTOME_INOSITOL_PHOSPHATE_METABOLISM,Vanilla-only significant,42,CALM1,1,3.59717677613814e-08,7.93371655046569e-05,7.44403821911369,4.1005233197136,3.34351489940009,0.00059618767048381,0.000313688994347936,3.22461700967912,3.503500718082,-0.278883708402879,4.42452743464991e-06,0.0097584713570728,0.0733310834695086,0.0385837463047961,2.31389997788891,1.417962696362,1.06522856619588,1.18894726823464,True,True,False,True,False,True,1.94122391696873,1.84827112535645,-0.0929527916122737,0.964,0.926,1.00000006102489,0.890899181104047,3.0,3.0,0.9512195121951219,29.0,24.0,0.43902439024390244,-0.5121951219512195
cd4_0h_vs_12h,cd4_0h,cd4_12h,REACTOME_INOSITOL_PHOSPHATE_METABOLISM,Vanilla-only significant,42,IMPA1,2,3.59717677613814e-08,1.49821174952854e-06,7.44403821911369,5.82442680135432,1.61961141775938,0.00059618767048381,3.81265104892234e-05,3.22461700967912,4.41877294150378,-1.19415593182466,4.42452743464991e-06,0.00018428004519201,0.0733310834695086,0.00468956079017448,2.31389997788891,1.93249105817205,1.06522856619588,1.52606285259303,True,True,False,True,False,True,0.107011649281057,0.112859516789103,0.00584786750804622,0.096,0.124,1.00000000145196,0.938751775844673,9.0,10.0,0.7804878048780488,37.0,8.0,0.8292682926829268,0.04878048780487798
cd4_0h_vs_12h,cd4_0h,cd4_12h,REACTOME_INOSITOL_PHOSPHATE_METABOLISM,Vanilla-only significant,42,IMPA2,3,3.59717677613814e-08,1.49821174952854e-06,7.44403821911369,5.82442680135432,1.61961141775938,0.00059618767048381,0.0010996776918826,3.22461700967912,2.95873458497628,0.26588242470284,4.42452743464991e-06,0.00018428004519201,0.0733310834695086,0.13526035610156,2.31389997788891,1.93249105817205,1.06522856619588,0.932110226066041,True,True,False,False,False,False,0.0123529455960076,0.0056560646551935,-0.00669688094081409,0.012,0.006,1.00000004705392,0.941669967837819,9.0,10.0,0.7804878048780488,14.0,31.0,0.2682926829268293,-0.5121951219512195
cd4_0h_vs_12h,cd4_0h,cd4_12h,REACTOME_INOSITOL_PHOSPHATE_METABOLISM,Vanilla-only significant,42,INPP1,4,3.59717677613814e-08,6.1774102028672e-07,7.44403821911369,6.20919355894615,1.23484466016754,0.00059618767048381,0.00059618767048381,3.22461700967912,3.22461700967912,0.0,4.42452743464991e-06,7.59821454952666e-05,0.0733310834695086,0.0733310834695086,2.31389997788891,2.02960302707371,1.06522856619588,1.06522856619588,True,True,False,False,False,False,0.00840470347737748,0.0285056215055396,0.0201009180281621,0.008,0.038,1.0000000370646,0.961405257742459,14.0,16.0,0.6341463414634146,21.5,38.5,0.08536585365853659,-0.5487804878048781
cd4_0h_vs_12h,cd4_0h,cd4_12h,REACTOME_INOSITOL_PHOSPHATE_METABOLISM,Vanilla-only significant,42,INPP4A,5,3.59717677613814e-08,0.0150822934297104,7.44403821911369,1.82153261416016,5.62250560495353,0.00059618767048381,0.00577645522630862,3.22461700967912,2.23833858855416,0.986278421124963,4.42452743464991e-06,1.0,0.0733310834695086,0.71050399283596,2.31389997788891,0.0,1.06522856619588,0.385270654364906,True,False,False,False,True,False,0.34429510508405,0.0816636302992132,-0.262631474784836,0.3,0.076,0.999999924154814,0.955088273557893,1.0,1.0,1.0,4.5,11.5,0.7439024390243902,-0.25609756097560976
cd4_0h_vs_12h,cd4_0h,cd4_12h,REACTOME_INOSITOL_PHOSPHATE_METABOLISM,Vanilla-only significant,42,INPP4B,6,3.59717677613814e-08,5.25612166428945e-10,7.44403821911369,9.27933459064804,-1.83529637153435,0.00059618767048381,4.62765891657924e-09,3.22461700967912,8.33463865838632,-5.11002164870719,4.42452743464991e-06,6.46502964707602e-08,0.0733310834695086,5.69202046739247e-07,2.31389997788891,2.68131114927169,1.06522856619588,2.49894648741163,True,True,False,True,False,True,0.237787511030351,0.314180161738237,0.0763926507078858,0.2,0.3,0.999999990548789,0.951249722471836,42.0,8.0,0.8292682926829268,42.0,1.0,1.0,0.1707317073170732
cd4_0h_vs_12h,cd4_0h,cd4_12h,REACTOME_INOSITOL_PHOSPHATE_METABOLISM,Vanilla-only significant,42,INPP5A,7,3.59717677613814e-08,6.1774102028672e-07,7.44403821911369,6.20919355894615,1.23484466016754,0.00059618767048381,0.00577645522630862,3.22461700967912,2.23833858855416,0.986278421124963,4.42452743464991e-06,7.59821454952666e-05,0.0733310834695086,0.71050399283596,2.31389997788891,2.02960302707371,1.06522856619588,0.385270654364906,True,True,False,False,False,False,0.0130912580456879,0.0115363022639948,-0.0015549557816931,0.012,0.014,1.00000008722703,0.964662802975435,14.0,16.0,0.6341463414634146,4.5,11.5,0.7439024390243902,0.1097560975609756
cd4_0h_vs_12h,cd4_0h,cd4_12h,REACTOME_INOSITOL_PHOSPHATE_METABOLISM,Vanilla-only significant,42,INPP5B,8,3.59717677613814e-08,1.31042954439412e-08,7.44403821911369,7.8825863240523,-0.438548104938605,0.00059618767048381,0.0034223189265975,3.22461700967912,2.46567952091782,0.758937488761304,4.42452743464991e-06,1.61182833960477e-06,0.0733310834695086,0.420945227971492,2.31389997788891,2.40679895558663,1.06522856619588,0.613004412282997,True,True,False,False,False,False,0.0622789150745259,0.0406931458452126,-0.0215857692293134,0.06,0.04,0.999999996954137,0.967178862471079,38.0,27.0,0.36585365853658536,7.0,17.0,0.6097560975609756,0.24390243902439024
cd4_0h_vs_12h,cd4_0h,cd4_12h,REACTOME_INOSITOL_PHOSPHATE_METABOLISM,Vanilla-only significant,42,INPP5D,9,3.59717677613814e-08,0.000160158462101912,7.44403821911369,3.79545011009365,3.64858810902004,0.00059618767048381,1.77726970010602e-05,3.22461700967912,4.75024666314563,-1.5256296534665,4.42452743464991e-06,0.0196994908385352,0.0733310834695086,0.0021860417311304,2.31389997788891,1.30596515981639,1.06522856619588,1.63105534906276,True,True,False,True,False,True,0.227124473277236,0.0632375177686595,-0.163886955508577,0.198,0.064,0.999999955439153,0.96402052621431,2.0,2.0,0.975609756097561,39.0,4.0,0.926829268292683,-0.04878048780487798
cd4_0h_vs_12h,cd4_0h,cd4_12h,REACTOME_INOSITOL_PHOSPHATE_METABOLISM,Vanilla-only significant,42,INPPL1,10,3.59717677613814e-08,6.1774102028672e-07,7.44403821911369,6.20919355894615,1.23484466016754,0.00059618767048381,0.00196887460329715,3.22461700967912,2.70578194299357,0.518835066685553,4.42452743464991e-06,7.59821454952666e-05,0.0733310834695086,0.242171576205549,2.31389997788891,2.02960302707371,1.06522856619588,0.784778205325666,True,True,False,False,False,False,0.0233725864973751,0.031278870635743,0.00790628413836793,0.022,0.034,0.999999966075556,0.944656285792288,14.0,16.0,0.6341463414634146,9.0,19.0,0.5609756097560976,-0.07317073170731703
cd4_0h_vs_12h,cd4_0h,cd4_12h,REACTOME_INOSITOL_PHOSPHATE_METABOLISM,Vanilla-only significant,42,IP6K1,11,3.59717677613814e-08,1.58410791482518e-09,7.44403821911369,8.80021523611983,-1.35617701700613,0.00059618767048381,0.00059618767048381,3.22461700967912,3.22461700967912,0.0,4.42452743464991e-06,1.94845273523497e-07,0.0733310834695086,0.0733310834695086,2.31389997788891,2.59042662985857,1.06522856619588,1.06522856619588,True,True,False,False,False,False,0.180216523414414,0.15924178137006,-0.0209747420443542,0.166,0.166,1.00000006197021,0.960503520727868,41.0,12.0,0.7317073170731707,21.5,38.5,0.08536585365853659,-0.6463414634146342
cd4_0h_vs_12h,cd4_0h,cd4_12h,REACTOME_INOSITOL_PHOSPHATE_METABOLISM,Vanilla-only significant,42,IP6K2,12,3.59717677613814e-08,2.46964030878651e-07,7.44403821911369,6.60736629503362,0.836671924080072,0.00059618767048381,8.03548663493119e-06,3.22461700967912,5.09498781691362,-1.8703708072345,4.42452743464991e-06,3.03765757980741e-05,0.0733310834695086,0.000988364856096536,2.31389997788891,2.12543199928726,1.06522856619588,1.73351743731473,True,True,False,True,False,True,0.147176436862437,0.137071114624777,-0.0101053222376592,0.134,0.158,0.999999992400978,0.956333765498993,20.0,23.0,0.4634146341463415,40.0,3.0,0.9512195121951219,0.4878048780487804
cd4_0h_vs_12h,cd4_0h,cd4_12h,REACTOME_INOSITOL_PHOSPHATE_METABOLISM,Vanilla-only significant,42,IPMK,13,3.59717677613814e-08,2.46964030878651e-07,7.44403821911369,6.60736629503362,0.836671924080072,0.00059618767048381,0.00059618767048381,3.22461700967912,3.22461700967912,0.0,4.42452743464991e-06,3.03765757980741e-05,0.0733310834695086,0.0733310834695086,2.31389997788891,2.12543199928726,1.06522856619588,1.06522856619588,True,True,False,False,False,False,0.0395968353243169,0.0273247590623785,-0.0122720762619384,0.036,0.03,1.00000005939706,0.956316124185898,20.0,23.0,0.4634146341463415,21.5,38.5,0.08536585365853659,-0.3780487804878049
cd4_0h_vs_12h,cd4_0h,cd4_12h,REACTOME_INOSITOL_PHOSPHATE_METABOLISM,Vanilla-only significant,42,IPPK,14,3.59717677613814e-08,1.77726970010602e-05,7.44403821911369,4.75024666314563,2.69379155596806,0.00059618767048381,0.000313688994347936,3.22461700967912,3.503500718082,-0.278883708402879,4.42452743464991e-06,0.0021860417311304,0.0733310834695086,0.0385837463047961,2.31389997788891,1.63105534906276,1.06522856619588,1.18894726823464,True,True,False,True,False,True,0.0144663641907001,0.0177540298113138,0.0032876656206137,0.014,0.026,0.999999978161812,0.950187243050262,4.5,4.5,0.9146341463414634,29.0,24.0,0.43902439024390244,-0.475609756097561
cd4_0h_vs_12h,cd4_0h,cd4_12h,REACTOME_INOSITOL_PHOSPHATE_METABOLISM,Vanilla-only significant,42,ISYNA1,15,3.59717677613814e-08,1.49821174952854e-06,7.44403821911369,5.82442680135432,1.61961141775938,0.00059618767048381,0.00196887460329715,3.22461700967912,2.70578194299357,0.518835066685553,4.42452743464991e-06,0.00018428004519201,0.0733310834695086,0.242171576205549,2.31389997788891,1.93249105817205,1.06522856619588,0.784778205325666,True,True,False,False,False,False,0.038737013733488,0.00692788067672433,-0.0318091330567637,0.036,0.008,0.999999972271522,0.939417646304603,9.0,10.0,0.7804878048780488,9.0,19.0,0.5609756097560976,-0.2195121951219512
cd4_0h_vs_12h,cd4_0h,cd4_12h,REACTOME_INOSITOL_PHOSPHATE_METABOLISM,Vanilla-only significant,42,ITPK1,16,3.59717677613814e-08,2.46964030878651e-07,7.44403821911369,6.60736629503362,0.836671924080072,0.00059618767048381,0.00946978291842922,3.22461700967912,2.02365997647813,1.20095703320099,4.42452743464991e-06,3.03765757980741e-05,0.0733310834695086,1.0,2.31389997788891,2.12543199928726,1.06522856619588,0.0,True,True,False,False,False,False,0.00672026212525447,0.0393293929743255,0.0326091308490711,0.006,0.048,0.99999999793201,0.957276112677,20.0,23.0,0.4634146341463415,1.5,5.5,0.8902439024390244,0.4268292682926829
cd4_0h_vs_12h,cd4_0h,cd4_12h,REACTOME_INOSITOL_PHOSPHATE_METABOLISM,Vanilla-only significant,42,ITPKA,17,3.59717677613814e-08,3.59717677613814e-08,7.44403821911369,7.44403821911369,0.0,0.00059618767048381,0.00059618767048381,3.22461700967912,3.22461700967912,0.0,4.42452743464991e-06,4.42452743464991e-06,0.0733310834695086,0.0733310834695086,2.31389997788891,2.31389997788891,1.06522856619588,1.06522856619588,True,True,False,False,False,False,0.0,0.0,0.0,0.0,0.0,0.999999922423632,0.941339114826445,31.5,37.5,0.10975609756097561,21.5,38.5,0.08536585365853659,-0.02439024390243902
cd4_0h_vs_12h,cd4_0h,cd4_12h,REACTOME_INOSITOL_PHOSPHATE_METABOLISM,Vanilla-only significant,42,ITPKB,18,3.59717677613814e-08,4.62765891657924e-09,7.44403821911369,8.33463865838632,-0.890600439272627,0.00059618767048381,0.000313688994347936,3.22461700967912,3.503500718082,-0.278883708402879,4.42452743464991e-06,5.69202046739247e-07,0.0733310834695086,0.0385837463047961,2.31389997788891,2.49894648741163,1.06522856619588,1.18894726823464,True,True,False,True,False,True,0.276889757901779,0.151586296734808,-0.125303461166971,0.236,0.138,0.999999974993437,0.950888551959785,40.0,20.0,0.5365853658536586,29.0,24.0,0.43902439024390244,-0.09756097560975613
cd4_0h_vs_12h,cd4_0h,cd4_12h,REACTOME_INOSITOL_PHOSPHATE_METABOLISM,Vanilla-only significant,42,ITPKC,19,3.59717677613814e-08,6.1774102028672e-07,7.44403821911369,6.20919355894615,1.23484466016754,0.00059618767048381,0.000313688994347936,3.22461700967912,3.503500718082,-0.278883708402879,4.42452743464991e-06,7.59821454952666e-05,0.0733310834695086,0.0385837463047961,2.31389997788891,2.02960302707371,1.06522856619588,1.18894726823464,True,True,False,True,False,True,0.00867906351637514,0.00975229992902447,0.00107323641264933,0.008,0.01,0.999999955999044,0.94947282389927,14.0,16.0,0.6341463414634146,29.0,24.0,0.43902439024390244,-0.1951219512195122
cd4_0h_vs_12h,cd4_0h,cd4_12h,REACTOME_INOSITOL_PHOSPHATE_METABOLISM,Vanilla-only significant,42,MINPP1,20,3.59717677613814e-08,6.1774102028672e-07,7.44403821911369,6.20919355894615,1.23484466016754,0.00059618767048381,7.93371655046569e-05,3.22461700967912,4.1005233197136,-0.875906310034476,4.42452743464991e-06,7.59821454952666e-05,0.0733310834695086,0.0097584713570728,2.31389997788891,2.02960302707371,1.06522856619588,1.417962696362,True,True,False,True,False,True,0.0358604655651027,0.0275016608770685,-0.00835880468803426,0.036,0.034,0.999999984911892,0.941623997948025,14.0,16.0,0.6341463414634146,34.0,15.0,0.6585365853658537,0.024390243902439046
cd4_0h_vs_12h,cd4_0h,cd4_12h,REACTOME_INOSITOL_PHOSPHATE_METABOLISM,Vanilla-only significant,42,MIOX,21,3.59717677613814e-08,3.59717677613814e-08,7.44403821911369,7.44403821911369,0.0,0.00059618767048381,0.00059618767048381,3.22461700967912,3.22461700967912,0.0,4.42452743464991e-06,4.42452743464991e-06,0.0733310834695086,0.0733310834695086,2.31389997788891,2.31389997788891,1.06522856619588,1.06522856619588,True,True,False,False,False,False,0.0,0.0,0.0,0.0,0.0,1.00000006820962,0.892697635398737,31.5,37.5,0.10975609756097561,21.5,38.5,0.08536585365853659,-0.02439024390243902
cd4_0h_vs_12h,cd4_0h,cd4_12h,REACTOME_INOSITOL_PHOSPHATE_METABOLISM,Vanilla-only significant,42,MTMR7,22,3.59717677613814e-08,3.59717677613814e-08,7.44403821911369,7.44403821911369,0.0,0.00059618767048381,0.000313688994347936,3.22461700967912,3.503500718082,-0.278883708402879,4.42452743464991e-06,4.42452743464991e-06,0.0733310834695086,0.0385837463047961,2.31389997788891,2.31389997788891,1.06522856619588,1.18894726823464,True,True,False,True,False,True,0.0,0.00189231705186587,0.00189231705186587,0.0,0.002,1.00000001256469,0.924796367448144,31.5,37.5,0.10975609756097561,29.0,24.0,0.43902439024390244,0.32926829268292684
cd4_0h_vs_12h,cd4_0h,cd4_12h,REACTOME_INOSITOL_PHOSPHATE_METABOLISM,Vanilla-only significant,42,MTMR9,23,3.59717677613814e-08,9.5725425402497e-08,7.44403821911369,7.01897269497718,0.425065524136514,0.00059618767048381,0.0010996776918826,3.22461700967912,2.95873458497628,0.26588242470284,4.42452743464991e-06,1.17742273245071e-05,0.0733310834695086,0.13526035610156,2.31389997788891,2.2201503515613,1.06522856619588,0.932110226066041,True,True,False,False,False,False,0.15374863349071,0.128975492332288,-0.0247731411584227,0.132,0.132,1.00000000035998,0.916763216228626,24.5,30.5,0.2804878048780488,14.0,31.0,0.2682926829268293,-0.012195121951219523
cd4_0h_vs_12h,cd4_0h,cd4_12h,REACTOME_INOSITOL_PHOSPHATE_METABOLISM,Vanilla-only significant,42,NUDT10,24,3.59717677613814e-08,3.59717677613814e-08,7.44403821911369,7.44403821911369,0.0,0.00059618767048381,0.00059618767048381,3.22461700967912,3.22461700967912,0.0,4.42452743464991e-06,4.42452743464991e-06,0.0733310834695086,0.0733310834695086,2.31389997788891,2.31389997788891,1.06522856619588,1.06522856619588,True,True,False,False,False,False,0.0,0.0,0.0,0.0,0.0,0.99999996371269,0.894586972752162,31.5,37.5,0.10975609756097561,21.5,38.5,0.08536585365853659,-0.02439024390243902
cd4_0h_vs_12h,cd4_0h,cd4_12h,REACTOME_INOSITOL_PHOSPHATE_METABOLISM,Vanilla-only significant,42,NUDT11,25,3.59717677613814e-08,3.59717677613814e-08,7.44403821911369,7.44403821911369,0.0,0.00059618767048381,0.0010996776918826,3.22461700967912,2.95873458497628,0.26588242470284,4.42452743464991e-06,4.42452743464991e-06,0.0733310834695086,0.13526035610156,2.31389997788891,2.31389997788891,1.06522856619588,0.932110226066041,True,True,False,False,False,False,0.0,0.00130267547152508,0.00130267547152508,0.0,0.002,1.00000004371031,0.868570038475903,31.5,37.5,0.10975609756097561,14.0,31.0,0.2682926829268293,0.1585365853658537
cd4_0h_vs_12h,cd4_0h,cd4_12h,REACTOME_INOSITOL_PHOSPHATE_METABOLISM,Vanilla-only significant,42,NUDT3,26,3.59717677613814e-08,9.5725425402497e-08,7.44403821911369,7.01897269497718,0.425065524136514,0.00059618767048381,3.52341775794401e-06,3.22461700967912,5.45303586115776,-2.22841885147863,4.42452743464991e-06,1.17742273245071e-05,0.0733310834695086,0.000433380384227113,2.31389997788891,2.2201503515613,1.06522856619588,1.83388406114409,True,True,False,True,False,True,0.179408053300617,0.144134563445302,-0.0352734898553158,0.166,0.148,0.999999926267218,0.870734643801997,24.5,30.5,0.2804878048780488,41.0,2.0,0.975609756097561,0.6951219512195121
cd4_0h_vs_12h,cd4_0h,cd4_12h,REACTOME_INOSITOL_PHOSPHATE_METABOLISM,Vanilla-only significant,42,NUDT4,27,3.59717677613814e-08,6.1774102028672e-07,7.44403821911369,6.20919355894615,1.23484466016754,0.00059618767048381,7.93371655046569e-05,3.22461700967912,4.1005233197136,-0.875906310034476,4.42452743464991e-06,7.59821454952666e-05,0.0733310834695086,0.0097584713570728,2.31389997788891,2.02960302707371,1.06522856619588,1.417962696362,True,True,False,True,False,True,0.268915712482026,0.283525532621677,0.0146098201396516,0.228,0.298,1.00000000501013,0.92649084288779,14.0,16.0,0.6341463414634146,34.0,15.0,0.6585365853658537,0.024390243902439046
cd4_0h_vs_12h,cd4_0h,cd4_12h,REACTOME_INOSITOL_PHOSPHATE_METABOLISM,Vanilla-only significant,42,OCRL,28,3.59717677613814e-08,3.59717677613814e-08,7.44403821911369,7.44403821911369,0.0,0.00059618767048381,3.81265104892234e-05,3.22461700967912,4.41877294150378,-1.19415593182466,4.42452743464991e-06,4.42452743464991e-06,0.0733310834695086,0.00468956079017448,2.31389997788891,2.31389997788891,1.06522856619588,1.52606285259303,True,True,False,True,False,True,0.00640088422021332,0.00280865092131977,-0.00359223329889355,0.006,0.004,1.00000005765216,0.926971973071396,31.5,37.5,0.10975609756097561,37.0,8.0,0.8292682926829268,0.7195121951219512
cd4_0h_vs_12h,cd4_0h,cd4_12h,REACTOME_INOSITOL_PHOSPHATE_METABOLISM,Vanilla-only significant,42,PLCB1,29,3.59717677613814e-08,3.59717677613814e-08,7.44403821911369,7.44403821911369,0.0,0.00059618767048381,0.00196887460329715,3.22461700967912,2.70578194299357,0.518835066685553,4.42452743464991e-06,4.42452743464991e-06,0.0733310834695086,0.242171576205549,2.31389997788891,2.31389997788891,1.06522856619588,0.784778205325666,True,True,False,False,False,False,0.0060208488824284,0.00283460561635887,-0.00318624326606953,0.008,0.002,1.00000004647347,0.949793080670524,31.5,37.5,0.10975609756097561,9.0,19.0,0.5609756097560976,0.451219512195122
cd4_0h_vs_12h,cd4_0h,cd4_12h,REACTOME_INOSITOL_PHOSPHATE_METABOLISM,Vanilla-only significant,42,PLCB2,30,3.59717677613814e-08,6.1774102028672e-07,7.44403821911369,6.20919355894615,1.23484466016754,0.00059618767048381,0.000313688994347936,3.22461700967912,3.503500718082,-0.278883708402879,4.42452743464991e-06,7.59821454952666e-05,0.0733310834695086,0.0385837463047961,2.31389997788891,2.02960302707371,1.06522856619588,1.18894726823464,True,True,False,True,False,True,0.0683111376850308,0.0200824204463433,-0.0482287172386875,0.064,0.018,0.999999979013863,0.950647058700213,14.0,16.0,0.6341463414634146,29.0,24.0,0.43902439024390244,-0.1951219512195122
cd4_0h_vs_12h,cd4_0h,cd4_12h,REACTOME_INOSITOL_PHOSPHATE_METABOLISM,Vanilla-only significant,42,PLCB3,31,3.59717677613814e-08,2.46964030878651e-07,7.44403821911369,6.60736629503362,0.836671924080072,0.00059618767048381,7.93371655046569e-05,3.22461700967912,4.1005233197136,-0.875906310034476,4.42452743464991e-06,3.03765757980741e-05,0.0733310834695086,0.0097584713570728,2.31389997788891,2.12543199928726,1.06522856619588,1.417962696362,True,True,False,True,False,True,0.00214628627303405,0.0109477909817829,0.00880150470874889,0.002,0.01,1.00000002675692,0.946655825576737,20.0,23.0,0.4634146341463415,34.0,15.0,0.6585365853658537,0.1951219512195122
cd4_0h_vs_12h,cd4_0h,cd4_12h,REACTOME_INOSITOL_PHOSPHATE_METABOLISM,Vanilla-only significant,42,PLCD1,32,3.59717677613814e-08,9.5725425402497e-08,7.44403821911369,7.01897269497718,0.425065524136514,0.00059618767048381,0.0010996776918826,3.22461700967912,2.95873458497628,0.26588242470284,4.42452743464991e-06,1.17742273245071e-05,0.0733310834695086,0.13526035610156,2.31389997788891,2.2201503515613,1.06522856619588,0.932110226066041,True,True,False,False,False,False,0.0310759892794668,0.00876183567861013,-0.0223141536008567,0.03,0.008,0.999999995755393,0.949759711494103,24.5,30.5,0.2804878048780488,14.0,31.0,0.2682926829268293,-0.012195121951219523
cd4_0h_vs_12h,cd4_0h,cd4_12h,REACTOME_INOSITOL_PHOSPHATE_METABOLISM,Vanilla-only significant,42,PLCD3,33,3.59717677613814e-08,1.31042954439412e-08,7.44403821911369,7.8825863240523,-0.438548104938605,0.00059618767048381,0.0010996776918826,3.22461700967912,2.95873458497628,0.26588242470284,4.42452743464991e-06,1.61182833960477e-06,0.0733310834695086,0.13526035610156,2.31389997788891,2.40679895558663,1.06522856619588,0.932110226066041,True,True,False,False,False,False,0.0,0.00549253531518192,0.00549253531518192,0.0,0.006,0.999999970159301,0.949654518910734,38.0,27.0,0.36585365853658536,14.0,31.0,0.2682926829268293,-0.09756097560975607
cd4_0h_vs_12h,cd4_0h,cd4_12h,REACTOME_INOSITOL_PHOSPHATE_METABOLISM,Vanilla-only significant,42,PLCD4,34,3.59717677613814e-08,3.59717677613814e-08,7.44403821911369,7.44403821911369,0.0,0.00059618767048381,0.00059618767048381,3.22461700967912,3.22461700967912,0.0,4.42452743464991e-06,4.42452743464991e-06,0.0733310834695086,0.0733310834695086,2.31389997788891,2.31389997788891,1.06522856619588,1.06522856619588,True,True,False,False,False,False,0.0,0.0,0.0,0.0,0.0,0.999999952466219,0.935201882760912,31.5,37.5,0.10975609756097561,21.5,38.5,0.08536585365853659,-0.02439024390243902
cd4_0h_vs_12h,cd4_0h,cd4_12h,REACTOME_INOSITOL_PHOSPHATE_METABOLISM,Vanilla-only significant,42,PLCE1,35,3.59717677613814e-08,8.03548663493119e-06,7.44403821911369,5.09498781691362,2.34905040220007,0.00059618767048381,3.81265104892234e-05,3.22461700967912,4.41877294150378,-1.19415593182466,4.42452743464991e-06,0.000988364856096536,0.0733310834695086,0.00468956079017448,2.31389997788891,1.73351743731473,1.06522856619588,1.52606285259303,True,True,False,True,False,True,0.0766847566519969,0.08420742303151,0.00752266637951308,0.07,0.102,0.999999947612668,0.94942712458519,6.0,6.0,0.8780487804878049,37.0,8.0,0.8292682926829268,-0.04878048780487809
cd4_0h_vs_12h,cd4_0h,cd4_12h,REACTOME_INOSITOL_PHOSPHATE_METABOLISM,Vanilla-only significant,42,PLCG1,36,3.59717677613814e-08,2.46964030878651e-07,7.44403821911369,6.60736629503362,0.836671924080072,0.00059618767048381,0.0010996776918826,3.22461700967912,2.95873458497628,0.26588242470284,4.42452743464991e-06,3.03765757980741e-05,0.0733310834695086,0.13526035610156,2.31389997788891,2.12543199928726,1.06522856619588,0.932110226066041,True,True,False,False,False,False,0.0836643005740946,0.0486066412865623,-0.0350576592875323,0.078,0.052,1.00000000568328,0.948858414467741,20.0,23.0,0.4634146341463415,14.0,31.0,0.2682926829268293,-0.1951219512195122
cd4_0h_vs_12h,cd4_0h,cd4_12h,REACTOME_INOSITOL_PHOSPHATE_METABOLISM,Vanilla-only significant,42,PLCG2,37,3.59717677613814e-08,9.5725425402497e-08,7.44403821911369,7.01897269497718,0.425065524136514,0.00059618767048381,0.00577645522630862,3.22461700967912,2.23833858855416,0.986278421124963,4.42452743464991e-06,1.17742273245071e-05,0.0733310834695086,0.71050399283596,2.31389997788891,2.2201503515613,1.06522856619588,0.385270654364906,True,True,False,False,False,False,0.0376198282068153,0.0187412308015993,-0.018878597405216,0.036,0.024,0.999999936533809,0.947669438330247,24.5,30.5,0.2804878048780488,4.5,11.5,0.7439024390243902,0.46341463414634143
cd4_0h_vs_12h,cd4_0h,cd4_12h,REACTOME_INOSITOL_PHOSPHATE_METABOLISM,Vanilla-only significant,42,PLCH2,38,3.59717677613814e-08,3.59717677613814e-08,7.44403821911369,7.44403821911369,0.0,0.00059618767048381,0.000313688994347936,3.22461700967912,3.503500718082,-0.278883708402879,4.42452743464991e-06,4.42452743464991e-06,0.0733310834695086,0.0385837463047961,2.31389997788891,2.31389997788891,1.06522856619588,1.18894726823464,True,True,False,True,False,True,0.00130065722978451,0.0,-0.00130065722978451,0.002,0.0,1.00000002306549,0.885007234878343,31.5,37.5,0.10975609756097561,29.0,24.0,0.43902439024390244,0.32926829268292684
cd4_0h_vs_12h,cd4_0h,cd4_12h,REACTOME_INOSITOL_PHOSPHATE_METABOLISM,Vanilla-only significant,42,PPIP5K1,39,3.59717677613814e-08,1.31042954439412e-08,7.44403821911369,7.8825863240523,-0.438548104938605,0.00059618767048381,0.00577645522630862,3.22461700967912,2.23833858855416,0.986278421124963,4.42452743464991e-06,1.61182833960477e-06,0.0733310834695086,0.71050399283596,2.31389997788891,2.40679895558663,1.06522856619588,0.385270654364906,True,True,False,False,False,False,0.0210901800286368,0.0119374757918139,-0.00915270423682292,0.02,0.012,1.00000001240599,0.955277020996762,38.0,27.0,0.36585365853658536,4.5,11.5,0.7439024390243902,0.3780487804878049
cd4_0h_vs_12h,cd4_0h,cd4_12h,REACTOME_INOSITOL_PHOSPHATE_METABOLISM,Vanilla-only significant,42,PPIP5K2,40,3.59717677613814e-08,3.59717677613814e-08,7.44403821911369,7.44403821911369,0.0,0.00059618767048381,0.0010996776918826,3.22461700967912,2.95873458497628,0.26588242470284,4.42452743464991e-06,4.42452743464991e-06,0.0733310834695086,0.13526035610156,2.31389997788891,2.31389997788891,1.06522856619588,0.932110226066041,True,True,False,False,False,False,0.162079513582378,0.220700924390099,0.0586214108077215,0.14,0.23,1.00000004834214,0.953391690499988,31.5,37.5,0.10975609756097561,14.0,31.0,0.2682926829268293,0.1585365853658537
cd4_0h_vs_12h,cd4_0h,cd4_12h,REACTOME_INOSITOL_PHOSPHATE_METABOLISM,Vanilla-only significant,42,PTEN,41,3.59717677613814e-08,1.77726970010602e-05,7.44403821911369,4.75024666314563,2.69379155596806,0.00059618767048381,0.00059618767048381,3.22461700967912,3.22461700967912,0.0,4.42452743464991e-06,0.0021860417311304,0.0733310834695086,0.0733310834695086,2.31389997788891,1.63105534906276,1.06522856619588,1.06522856619588,True,True,False,False,False,False,0.351948110649592,0.189866028249107,-0.162082082400485,0.304,0.192,1.00000004409692,0.93825038265863,4.5,4.5,0.9146341463414634,21.5,38.5,0.08536585365853659,-0.8292682926829269
cd4_0h_vs_12h,cd4_0h,cd4_12h,REACTOME_INOSITOL_PHOSPHATE_METABOLISM,Vanilla-only significant,42,SYNJ1,42,3.59717677613814e-08,3.52341775794401e-06,7.44403821911369,5.45303586115776,1.99100235795593,0.00059618767048381,0.00946978291842922,3.22461700967912,2.02365997647813,1.20095703320099,4.42452743464991e-06,0.000433380384227113,0.0733310834695086,1.0,2.31389997788891,1.83388406114409,1.06522856619588,0.0,True,True,False,False,False,False,0.0481444761207801,0.0218300834920001,-0.02631439262878,0.044,0.024,1.00000007076393,0.95117162452896,7.0,7.0,0.8536585365853658,1.5,5.5,0.8902439024390244,0.03658536585365857
cd4_0h_vs_12h,cd4_0h,cd4_12h,REACTOME_METABOLISM_OF_STEROID_HORMONES,Vanilla-only significant,21,AKR1B1,1,1.49821174952854e-06,3.81265104892234e-05,5.82442680135432,4.41877294150378,1.40565385985053,0.0010996776918826,0.000313688994347936,2.95873458497628,3.503500718082,-0.544766133105719,0.00018428004519201,0.00468956079017448,0.13526035610156,0.0385837463047961,1.93249105817205,1.52606285259303,0.932110226066041,1.18894726823464,True,True,False,True,False,True,0.346708461048194,0.302879541937809,-0.0438289191103846,0.302,0.316,0.999999944610805,0.915587070910986,6.5,6.5,0.725,17.5,9.5,0.575,-0.15000000000000002
cd4_0h_vs_12h,cd4_0h,cd4_12h,REACTOME_METABOLISM_OF_STEROID_HORMONES,Vanilla-only significant,21,FDX1,2,1.49821174952854e-06,0.0034223189265975,5.82442680135432,2.46567952091782,3.35874728043649,0.0010996776918826,0.00059618767048381,2.95873458497628,3.22461700967912,-0.26588242470284,0.00018428004519201,0.420945227971492,0.13526035610156,0.0733310834695086,1.93249105817205,0.613004412282997,0.932110226066041,1.06522856619588,True,False,False,False,True,False,0.225893764769021,0.436213745927014,0.210319981157993,0.2,0.408,1.00000001571287,0.929098510287448,1.0,1.0,1.0,15.0,13.0,0.4,-0.6
cd4_0h_vs_12h,cd4_0h,cd4_12h,REACTOME_METABOLISM_OF_STEROID_HORMONES,Vanilla-only significant,21,FDX2,3,1.49821174952854e-06,7.93371655046569e-05,5.82442680135432,4.1005233197136,1.72390348164071,0.0010996776918826,0.0034223189265975,2.95873458497628,2.46567952091782,0.493055064058463,0.00018428004519201,0.0097584713570728,0.13526035610156,0.420945227971492,1.93249105817205,1.417962696362,0.932110226066041,0.613004412282997,True,True,False,False,False,False,0.0447283672787193,0.0871462088139667,0.0424178415352474,0.042,0.1,1.000000051779,0.910104628508788,5.0,5.0,0.8,6.0,11.0,0.5,-0.30000000000000004
cd4_0h_vs_12h,cd4_0h,cd4_12h,REACTOME_METABOLISM_OF_STEROID_HORMONES,Vanilla-only significant,21,FDXR,4,1.49821174952854e-06,1.77726970010602e-05,5.82442680135432,4.75024666314563,1.07418013820869,0.0010996776918826,0.00059618767048381,2.95873458497628,3.22461700967912,-0.26588242470284,0.00018428004519201,0.0021860417311304,0.13526035610156,0.0733310834695086,1.93249105817205,1.63105534906276,0.932110226066041,1.06522856619588,True,True,False,False,False,False,0.0283579846426066,0.00644565993152571,-0.0219123247110809,0.026,0.006,1.00000004890516,0.918218367669177,8.5,9.5,0.575,15.0,13.0,0.4,-0.17499999999999993
cd4_0h_vs_12h,cd4_0h,cd4_12h,REACTOME_METABOLISM_OF_STEROID_HORMONES,Vanilla-only significant,21,HSD11B1,5,1.49821174952854e-06,1.49821174952854e-06,5.82442680135432,5.82442680135432,0.0,0.0010996776918826,0.0010996776918826,2.95873458497628,2.95873458497628,0.0,0.00018428004519201,0.00018428004519201,0.13526035610156,0.13526035610156,1.93249105817205,1.93249105817205,0.932110226066041,0.932110226066041,True,True,False,False,False,False,0.0,0.0,0.0,0.0,0.0,0.999999982288357,0.939440131723353,15.5,18.5,0.125,11.0,19.0,0.1,-0.024999999999999994
cd4_0h_vs_12h,cd4_0h,cd4_12h,REACTOME_METABOLISM_OF_STEROID_HORMONES,Vanilla-only significant,21,HSD11B2,6,1.49821174952854e-06,3.52341775794401e-06,5.82442680135432,5.45303586115776,0.371390940196559,0.0010996776918826,0.0150822934297104,2.95873458497628,1.82153261416016,1.13720197081613,0.00018428004519201,0.000433380384227113,0.13526035610156,1.0,1.93249105817205,1.83388406114409,0.932110226066041,0.0,True,True,False,False,False,False,0.0,0.00577406268644318,0.00577406268644318,0.0,0.008,0.999999976170066,0.919883268766159,12.0,15.0,0.3,1.0,2.0,0.95,0.6499999999999999
cd4_0h_vs_12h,cd4_0h,cd4_12h,REACTOME_METABOLISM_OF_STEROID_HORMONES,Vanilla-only significant,21,HSD17B1,7,1.49821174952854e-06,8.03548663493119e-06,5.82442680135432,5.09498781691362,0.729438984440692,0.0010996776918826,0.00577645522630862,2.95873458497628,2.23833858855416,0.720395996422123,0.00018428004519201,0.000988364856096536,0.13526035610156,0.71050399283596,1.93249105817205,1.73351743731473,0.932110226066041,0.385270654364906,True,True,False,False,False,False,0.0240420231358256,0.0163184754080518,-0.00772354772777379,0.022,0.018,1.00000000363578,0.949869039627945,10.5,12.5,0.425,3.5,6.5,0.725,0.3
cd4_0h_vs_12h,cd4_0h,cd4_12h,REACTOME_METABOLISM_OF_STEROID_HORMONES,Vanilla-only significant,21,HSD17B11,8,1.49821174952854e-06,8.03548663493119e-06,5.82442680135432,5.09498781691362,0.729438984440692,0.0010996776918826,7.93371655046569e-05,2.95873458497628,4.1005233197136,-1.14178873473732,0.00018428004519201,0.000988364856096536,0.13526035610156,0.0097584713570728,1.93249105817205,1.73351743731473,0.932110226066041,1.417962696362,True,True,False,True,False,True,0.356251409249205,0.130761006188359,-0.225490403060846,0.304,0.122,1.00000002589939,0.942312000404598,10.5,12.5,0.425,21.0,1.0,1.0,0.575
cd4_0h_vs_12h,cd4_0h,cd4_12h,REACTOME_METABOLISM_OF_STEROID_HORMONES,Vanilla-only significant,21,HSD17B12,9,1.49821174952854e-06,1.77726970010602e-05,5.82442680135432,4.75024666314563,1.07418013820869,0.0010996776918826,0.00577645522630862,2.95873458497628,2.23833858855416,0.720395996422123,0.00018428004519201,0.0021860417311304,0.13526035610156,0.71050399283596,1.93249105817205,1.63105534906276,0.932110226066041,0.385270654364906,True,True,False,False,False,False,0.10076978060715,0.280794273935786,0.180024493328636,0.092,0.3,0.999999999487677,0.942717664863173,8.5,9.5,0.575,3.5,6.5,0.725,0.15000000000000002
cd4_0h_vs_12h,cd4_0h,cd4_12h,REACTOME_METABOLISM_OF_STEROID_HORMONES,Vanilla-only significant,21,HSD17B14,10,1.49821174952854e-06,1.49821174952854e-06,5.82442680135432,5.82442680135432,0.0,0.0010996776918826,0.00577645522630862,2.95873458497628,2.23833858855416,0.720395996422123,0.00018428004519201,0.00018428004519201,0.13526035610156,0.71050399283596,1.93249105817205,1.93249105817205,0.932110226066041,0.385270654364906,True,True,False,False,False,False,0.0182047518809784,0.00241605109804684,-0.0157887007829315,0.018,0.004,0.99999998666885,0.938678486556319,15.5,18.5,0.125,3.5,6.5,0.725,0.6
cd4_0h_vs_12h,cd4_0h,cd4_12h,REACTOME_METABOLISM_OF_STEROID_HORMONES,Vanilla-only significant,21,HSD17B2,11,1.49821174952854e-06,1.49821174952854e-06,5.82442680135432,5.82442680135432,0.0,0.0010996776918826,0.0010996776918826,2.95873458497628,2.95873458497628,0.0,0.00018428004519201,0.00018428004519201,0.13526035610156,0.13526035610156,1.93249105817205,1.93249105817205,0.932110226066041,0.932110226066041,True,True,False,False,False,False,0.0,0.0,0.0,0.0,0.0,0.999999995813579,0.945434522898867,15.5,18.5,0.125,11.0,19.0,0.1,-0.024999999999999994
cd4_0h_vs_12h,cd4_0h,cd4_12h,REACTOME_METABOLISM_OF_STEROID_HORMONES,Vanilla-only significant,21,POMC,12,1.49821174952854e-06,0.000313688994347936,5.82442680135432,3.503500718082,2.32092608327231,0.0010996776918826,0.0010996776918826,2.95873458497628,2.95873458497628,0.0,0.00018428004519201,0.0385837463047961,0.13526035610156,0.13526035610156,1.93249105817205,1.18894726823464,0.932110226066041,0.932110226066041,True,True,False,False,False,False,0.0754854581685899,0.102305899038144,0.0268204408695544,0.072,0.112,1.00000005917232,0.90048040990434,3.5,3.5,0.875,11.0,19.0,0.1,-0.775
cd4_0h_vs_12h,cd4_0h,cd4_12h,REACTOME_METABOLISM_OF_STEROID_HORMONES,Vanilla-only significant,21,SRD5A1,13,1.49821174952854e-06,2.46964030878651e-07,5.82442680135432,6.60736629503362,-0.782939493679303,0.0010996776918826,0.00196887460329715,2.95873458497628,2.70578194299357,0.252952641982712,0.00018428004519201,3.03765757980741e-05,0.13526035610156,0.242171576205549,1.93249105817205,2.12543199928726,0.932110226066041,0.784778205325666,True,True,False,False,False,False,0.0147243327009884,0.0172701525143337,0.00254581981334532,0.014,0.018,0.99999992948893,0.92073499366686,20.0,11.0,0.5,7.5,15.5,0.275,-0.22499999999999998
cd4_0h_vs_12h,cd4_0h,cd4_12h,REACTOME_METABOLISM_OF_STEROID_HORMONES,Vanilla-only significant,21,SRD5A3,14,1.49821174952854e-06,3.81265104892234e-05,5.82442680135432,4.41877294150378,1.40565385985053,0.0010996776918826,0.00196887460329715,2.95873458497628,2.70578194299357,0.252952641982712,0.00018428004519201,0.00468956079017448,0.13526035610156,0.242171576205549,1.93249105817205,1.52606285259303,0.932110226066041,0.784778205325666,True,True,False,False,False,False,0.0215631401761907,0.238012634112343,0.216449493936153,0.02,0.236,0.999999980352113,0.934627956065734,6.5,6.5,0.725,7.5,15.5,0.275,-0.44999999999999996
cd4_0h_vs_12h,cd4_0h,cd4_12h,REACTOME_METABOLISM_OF_STEROID_HORMONES,Vanilla-only significant,21,STAR,15,1.49821174952854e-06,1.49821174952854e-06,5.82442680135432,5.82442680135432,0.0,0.0010996776918826,0.00577645522630862,2.95873458497628,2.23833858855416,0.720395996422123,0.00018428004519201,0.00018428004519201,0.13526035610156,0.71050399283596,1.93249105817205,1.93249105817205,0.932110226066041,0.385270654364906,True,True,False,False,False,False,0.00417491354342949,0.0,-0.00417491354342949,0.004,0.0,1.00000009942488,0.914252698624198,15.5,18.5,0.125,3.5,6.5,0.725,0.6
cd4_0h_vs_12h,cd4_0h,cd4_12h,REACTOME_METABOLISM_OF_STEROID_HORMONES,Vanilla-only significant,21,STARD3,16,1.49821174952854e-06,6.1774102028672e-07,5.82442680135432,6.20919355894615,-0.384766757591837,0.0010996776918826,0.000313688994347936,2.95873458497628,3.503500718082,-0.544766133105719,0.00018428004519201,7.59821454952666e-05,0.13526035610156,0.0385837463047961,1.93249105817205,2.02960302707371,0.932110226066041,1.18894726823464,True,True,False,True,False,True,0.138096471747915,0.108990983218163,-0.029105488529752,0.126,0.116,1.00000000805683,0.941591955156781,19.0,14.0,0.35,17.5,9.5,0.575,0.22499999999999998
cd4_0h_vs_12h,cd4_0h,cd4_12h,REACTOME_METABOLISM_OF_STEROID_HORMONES,Vanilla-only significant,21,STARD3NL,17,1.49821174952854e-06,0.000313688994347936,5.82442680135432,3.503500718082,2.32092608327231,0.0010996776918826,0.000160158462101912,2.95873458497628,3.79545011009365,-0.836715525117369,0.00018428004519201,0.0385837463047961,0.13526035610156,0.0196994908385352,1.93249105817205,1.18894726823464,0.932110226066041,1.30596515981639,True,True,False,True,False,True,0.0469716846101801,0.0855422052525661,0.0385705206423859,0.046,0.102,1.00000000783418,0.921963145412981,3.5,3.5,0.875,19.5,3.5,0.875,0.0
cd4_0h_vs_12h,cd4_0h,cd4_12h,REACTOME_METABOLISM_OF_STEROID_HORMONES,Vanilla-only significant,21,STARD4,18,1.49821174952854e-06,9.5725425402497e-08,5.82442680135432,7.01897269497718,-1.19454589362286,0.0010996776918826,0.000160158462101912,2.95873458497628,3.79545011009365,-0.836715525117369,0.00018428004519201,1.17742273245071e-05,0.13526035610156,0.0196994908385352,1.93249105817205,2.2201503515613,0.932110226066041,1.30596515981639,True,True,False,True,False,True,0.0405098430081999,0.158863100909171,0.118353257900971,0.036,0.172,0.999999945611327,0.914272603498463,21.0,8.0,0.65,19.5,3.5,0.875,0.22499999999999998
cd4_0h_vs_12h,cd4_0h,cd4_12h,REACTOME_METABOLISM_OF_STEROID_HORMONES,Vanilla-only significant,21,STARD6,19,1.49821174952854e-06,1.49821174952854e-06,5.82442680135432,5.82442680135432,0.0,0.0010996776918826,0.0010996776918826,2.95873458497628,2.95873458497628,0.0,0.00018428004519201,0.00018428004519201,0.13526035610156,0.13526035610156,1.93249105817205,1.93249105817205,0.932110226066041,0.932110226066041,True,True,False,False,False,False,0.0,0.0,0.0,0.0,0.0,0.999999991988158,0.916286077594063,15.5,18.5,0.125,11.0,19.0,0.1,-0.024999999999999994
cd4_0h_vs_12h,cd4_0h,cd4_12h,REACTOME_METABOLISM_OF_STEROID_HORMONES,Vanilla-only significant,21,TSPO,20,1.49821174952854e-06,0.0010996776918826,5.82442680135432,2.95873458497628,2.86569221637803,0.0010996776918826,0.0010996776918826,2.95873458497628,2.95873458497628,0.0,0.00018428004519201,0.13526035610156,0.13526035610156,0.13526035610156,1.93249105817205,0.932110226066041,0.932110226066041,0.932110226066041,True,False,False,False,True,False,0.540598248973256,0.385405597858118,-0.155192651115139,0.45,0.356,0.999999966995818,0.923498187747593,2.0,2.0,0.95,11.0,19.0,0.1,-0.85
cd4_0h_vs_12h,cd4_0h,cd4_12h,REACTOME_METABOLISM_OF_STEROID_HORMONES,Vanilla-only significant,21,TSPOAP1,21,1.49821174952854e-06,1.49821174952854e-06,5.82442680135432,5.82442680135432,0.0,0.0010996776918826,0.00059618767048381,2.95873458497628,3.22461700967912,-0.26588242470284,0.00018428004519201,0.00018428004519201,0.13526035610156,0.0733310834695086,1.93249105817205,1.93249105817205,0.932110226066041,1.06522856619588,True,True,False,False,False,False,0.00909016323609052,0.00698145865186709,-0.00210870458422343,0.008,0.01,1.00000005247343,0.896992023919533,15.5,18.5,0.125,15.0,13.0,0.4,0.275
cd4_0h_vs_12h,cd4_0h,cd4_12h,REACTOME_REGULATION_OF_LIPID_METABOLISM_BY_PPARALPHA,Vanilla-only significant,99,ACADM,1,2.46964030878651e-07,2.46964030878651e-07,6.60736629503362,6.60736629503362,0.0,0.00059618767048381,4.62765891657924e-09,3.22461700967912,8.33463865838632,-5.11002164870719,3.03765757980741e-05,3.03765757980741e-05,0.0733310834695086,5.69202046739247e-07,2.12543199928726,2.12543199928726,1.06522856619588,2.49894648741163,True,True,False,True,False,True,0.186327050713759,0.180280357751816,-0.0060466929619431,0.17,0.196,1.00000007066164,0.890097948070943,70.5,88.5,0.10714285714285714,99.0,1.0,1.0,0.8928571428571429
cd4_0h_vs_12h,cd4_0h,cd4_12h,REACTOME_REGULATION_OF_LIPID_METABOLISM_BY_PPARALPHA,Vanilla-only significant,99,ACOX1,2,2.46964030878651e-07,3.52341775794401e-06,6.60736629503362,5.45303586115776,1.15433043387586,0.00059618767048381,0.0150822934297104,3.22461700967912,1.82153261416016,1.40308439551897,3.03765757980741e-05,0.000433380384227113,0.0733310834695086,1.0,2.12543199928726,1.83388406114409,1.06522856619588,0.0,True,True,False,False,False,False,0.0687676515805273,0.0606388649429991,-0.0081287866375282,0.06,0.07,0.999999994705622,0.898979213803247,19.5,26.5,0.7397959183673469,4.0,17.0,0.8367346938775511,0.09693877551020413
cd4_0h_vs_12h,cd4_0h,cd4_12h,REACTOME_REGULATION_OF_LIPID_METABOLISM_BY_PPARALPHA,Vanilla-only significant,99,ACSL1,3,2.46964030878651e-07,2.46964030878651e-07,6.60736629503362,6.60736629503362,0.0,0.00059618767048381,0.0010996776918826,3.22461700967912,2.95873458497628,0.26588242470284,3.03765757980741e-05,3.03765757980741e-05,0.0733310834695086,0.13526035610156,2.12543199928726,2.12543199928726,1.06522856619588,0.932110226066041,True,True,False,False,False,False,0.01410958676883,0.0151064722443951,0.000996885475565026,0.014,0.016,0.999999904648259,0.904155223273154,70.5,88.5,0.10714285714285714,34.5,84.5,0.14795918367346939,0.04081632653061225
cd4_0h_vs_12h,cd4_0h,cd4_12h,REACTOME_REGULATION_OF_LIPID_METABOLISM_BY_PPARALPHA,Vanilla-only significant,99,AHR,4,2.46964030878651e-07,1.49821174952854e-06,6.60736629503362,5.82442680135432,0.782939493679303,0.00059618767048381,3.81265104892234e-05,3.22461700967912,4.41877294150378,-1.19415593182466,3.03765757980741e-05,0.00018428004519201,0.0733310834695086,0.00468956079017448,2.12543199928726,1.93249105817205,1.06522856619588,1.52606285259303,True,True,False,True,False,True,0.0122536116267073,0.104832699340386,0.0925790877136789,0.012,0.106,1.00000002089585,0.917398332831974,33.5,45.5,0.5459183673469388,79.5,27.5,0.7295918367346939,0.18367346938775508
cd4_0h_vs_12h,cd4_0h,cd4_12h,REACTOME_REGULATION_OF_LIPID_METABOLISM_BY_PPARALPHA,Vanilla-only significant,99,AHRR,5,2.46964030878651e-07,2.46964030878651e-07,6.60736629503362,6.60736629503362,0.0,0.00059618767048381,0.00059618767048381,3.22461700967912,3.22461700967912,0.0,3.03765757980741e-05,3.03765757980741e-05,0.0733310834695086,0.0733310834695086,2.12543199928726,2.12543199928726,1.06522856619588,1.06522856619588,True,True,False,False,False,False,0.00390896973329853,0.00300622759704772,-0.000902742136250808,0.004,0.004,1.00000002071404,0.912910986271404,70.5,88.5,0.10714285714285714,45.5,95.5,0.03571428571428571,-0.07142857142857142
cd4_0h_vs_12h,cd4_0h,cd4_12h,REACTOME_REGULATION_OF_LIPID_METABOLISM_BY_PPARALPHA,Vanilla-only significant,99,ALAS1,6,2.46964030878651e-07,6.1774102028672e-07,6.60736629503362,6.20919355894615,0.398172736087466,0.00059618767048381,0.0010996776918826,3.22461700967912,2.95873458497628,0.26588242470284,3.03765757980741e-05,7.59821454952666e-05,0.0733310834695086,0.13526035610156,2.12543199928726,2.02960302707371,1.06522856619588,0.932110226066041,True,True,False,False,False,False,0.0638217296966535,0.0769868617468249,0.0131651320501714,0.06,0.096,0.999999987635923,0.907125059906587,50.5,68.5,0.3112244897959184,34.5,84.5,0.14795918367346939,-0.163265306122449
cd4_0h_vs_12h,cd4_0h,cd4_12h,REACTOME_REGULATION_OF_LIPID_METABOLISM_BY_PPARALPHA,Vanilla-only significant,99,APOA1,7,2.46964030878651e-07,2.46964030878651e-07,6.60736629503362,6.60736629503362,0.0,0.00059618767048381,0.000313688994347936,3.22461700967912,3.503500718082,-0.278883708402879,3.03765757980741e-05,3.03765757980741e-05,0.0733310834695086,0.0385837463047961,2.12543199928726,2.12543199928726,1.06522856619588,1.18894726823464,True,True,False,True,False,True,0.00207783105882413,0.00246307689406749,0.000385245835243361,0.002,0.004,1.00000001050657,0.896697023967809,70.5,88.5,0.10714285714285714,52.5,74.5,0.25,0.14285714285714285
cd4_0h_vs_12h,cd4_0h,cd4_12h,REACTOME_REGULATION_OF_LIPID_METABOLISM_BY_PPARALPHA,Vanilla-only significant,99,ARNT,8,2.46964030878651e-07,9.5725425402497e-08,6.60736629503362,7.01897269497718,-0.411606399943558,0.00059618767048381,0.0010996776918826,3.22461700967912,2.95873458497628,0.26588242470284,3.03765757980741e-05,1.17742273245071e-05,0.0733310834695086,0.13526035610156,2.12543199928726,2.2201503515613,1.06522856619588,0.932110226066041,True,True,False,False,False,False,0.0748039518660965,0.0419116451496776,-0.0328923067164188,0.068,0.044,1.00000000411678,0.904590621529474,84.5,56.5,0.4336734693877551,34.5,84.5,0.14795918367346939,-0.2857142857142857
cd4_0h_vs_12h,cd4_0h,cd4_12h,REACTOME_REGULATION_OF_LIPID_METABOLISM_BY_PPARALPHA,Vanilla-only significant,99,CARM1,9,2.46964030878651e-07,1.49821174952854e-06,6.60736629503362,5.82442680135432,0.782939493679303,0.00059618767048381,3.81265104892234e-05,3.22461700967912,4.41877294150378,-1.19415593182466,3.03765757980741e-05,0.00018428004519201,0.0733310834695086,0.00468956079017448,2.12543199928726,1.93249105817205,1.06522856619588,1.52606285259303,True,True,False,True,False,True,0.0602772575870976,0.105913316997308,0.0456360594102105,0.054,0.122,1.00000007043934,0.912869263795915,33.5,45.5,0.5459183673469388,79.5,27.5,0.7295918367346939,0.18367346938775508
cd4_0h_vs_12h,cd4_0h,cd4_12h,REACTOME_REGULATION_OF_LIPID_METABOLISM_BY_PPARALPHA,Vanilla-only significant,99,CCNC,10,2.46964030878651e-07,6.1774102028672e-07,6.60736629503362,6.20919355894615,0.398172736087466,0.00059618767048381,1.77726970010602e-05,3.22461700967912,4.75024666314563,-1.5256296534665,3.03765757980741e-05,7.59821454952666e-05,0.0733310834695086,0.0021860417311304,2.12543199928726,2.02960302707371,1.06522856619588,1.63105534906276,True,True,False,True,False,True,0.252169988989127,0.473006546023614,0.220836557034488,0.222,0.448,0.999999988555824,0.918093127820927,50.5,68.5,0.3112244897959184,88.0,15.0,0.8571428571428571,0.5459183673469388
cd4_0h_vs_12h,cd4_0h,cd4_12h,REACTOME_REGULATION_OF_LIPID_METABOLISM_BY_PPARALPHA,Vanilla-only significant,99,CDK19,11,2.46964030878651e-07,1.49821174952854e-06,6.60736629503362,5.82442680135432,0.782939493679303,0.00059618767048381,0.000313688994347936,3.22461700967912,3.503500718082,-0.278883708402879,3.03765757980741e-05,0.00018428004519201,0.0733310834695086,0.0385837463047961,2.12543199928726,1.93249105817205,1.06522856619588,1.18894726823464,True,True,False,True,False,True,0.0797639653246879,0.0181707413702067,-0.0615932239544812,0.074,0.02,1.00000002148376,0.931719569181954,33.5,45.5,0.5459183673469388,52.5,74.5,0.25,-0.29591836734693877
cd4_0h_vs_12h,cd4_0h,cd4_12h,REACTOME_REGULATION_OF_LIPID_METABOLISM_BY_PPARALPHA,Vanilla-only significant,99,CDK8,12,2.46964030878651e-07,2.46964030878651e-07,6.60736629503362,6.60736629503362,0.0,0.00059618767048381,0.000313688994347936,3.22461700967912,3.503500718082,-0.278883708402879,3.03765757980741e-05,3.03765757980741e-05,0.0733310834695086,0.0385837463047961,2.12543199928726,2.12543199928726,1.06522856619588,1.18894726823464,True,True,False,True,False,True,0.0235220125132462,0.0449132414275204,0.0213912289142742,0.022,0.052,1.00000000002675,0.92368038142867,70.5,88.5,0.10714285714285714,52.5,74.5,0.25,0.14285714285714285
cd4_0h_vs_12h,cd4_0h,cd4_12h,REACTOME_REGULATION_OF_LIPID_METABOLISM_BY_PPARALPHA,Vanilla-only significant,99,CHD9,13,2.46964030878651e-07,6.1774102028672e-07,6.60736629503362,6.20919355894615,0.398172736087466,0.00059618767048381,0.0010996776918826,3.22461700967912,2.95873458497628,0.26588242470284,3.03765757980741e-05,7.59821454952666e-05,0.0733310834695086,0.13526035610156,2.12543199928726,2.02960302707371,1.06522856619588,0.932110226066041,True,True,False,False,False,False,0.193019551736612,0.110334837349024,-0.0826847143875877,0.168,0.114,1.00000007938543,0.909227472655187,50.5,68.5,0.3112244897959184,34.5,84.5,0.14795918367346939,-0.163265306122449
cd4_0h_vs_12h,cd4_0h,cd4_12h,REACTOME_REGULATION_OF_LIPID_METABOLISM_BY_PPARALPHA,Vanilla-only significant,99,CLOCK,14,2.46964030878651e-07,8.03548663493119e-06,6.60736629503362,5.09498781691362,1.51237847812,0.00059618767048381,0.00577645522630862,3.22461700967912,2.23833858855416,0.986278421124963,3.03765757980741e-05,0.000988364856096536,0.0733310834695086,0.71050399283596,2.12543199928726,1.73351743731473,1.06522856619588,0.385270654364906,True,True,False,False,False,False,0.102502420245932,0.122398235714672,0.01989581546874,0.096,0.136,0.999999923704671,0.911145510029764,9.5,13.5,0.8724489795918368,9.0,36.0,0.6428571428571429,-0.22959183673469385
cd4_0h_vs_12h,cd4_0h,cd4_12h,REACTOME_REGULATION_OF_LIPID_METABOLISM_BY_PPARALPHA,Vanilla-only significant,99,CPT1A,15,2.46964030878651e-07,1.49821174952854e-06,6.60736629503362,5.82442680135432,0.782939493679303,0.00059618767048381,0.00059618767048381,3.22461700967912,3.22461700967912,0.0,3.03765757980741e-05,0.00018428004519201,0.0733310834695086,0.0733310834695086,2.12543199928726,1.93249105817205,1.06522856619588,1.06522856619588,True,True,False,False,False,False,0.0146162057178951,0.0110190948288623,-0.00359711088903278,0.014,0.012,0.99999995716121,0.884936772125535,33.5,45.5,0.5459183673469388,45.5,95.5,0.03571428571428571,-0.5102040816326531
cd4_0h_vs_12h,cd4_0h,cd4_12h,REACTOME_REGULATION_OF_LIPID_METABOLISM_BY_PPARALPHA,Vanilla-only significant,99,CPT2,16,2.46964030878651e-07,3.59717677613814e-08,6.60736629503362,7.44403821911369,-0.836671924080072,0.00059618767048381,8.03548663493119e-06,3.22461700967912,5.09498781691362,-1.8703708072345,3.03765757980741e-05,4.42452743464991e-06,0.0733310834695086,0.000988364856096536,2.12543199928726,2.31389997788891,1.06522856619588,1.73351743731473,True,True,False,True,False,True,0.0680170632429599,0.0469477714467412,-0.0210692917962187,0.06,0.05,1.00000002041935,0.903558818592353,90.0,35.0,0.6530612244897959,91.5,9.5,0.9132653061224489,0.2602040816326531
cd4_0h_vs_12h,cd4_0h,cd4_12h,REACTOME_REGULATION_OF_LIPID_METABOLISM_BY_PPARALPHA,Vanilla-only significant,99,CREBBP,17,2.46964030878651e-07,6.1774102028672e-07,6.60736629503362,6.20919355894615,0.398172736087466,0.00059618767048381,0.00946978291842922,3.22461700967912,2.02365997647813,1.20095703320099,3.03765757980741e-05,7.59821454952666e-05,0.0733310834695086,1.0,2.12543199928726,2.02960302707371,1.06522856619588,0.0,True,True,False,False,False,False,0.246367946949746,0.184342140550474,-0.0620258063992718,0.214,0.192,1.00000000805193,0.924569901579199,50.5,68.5,0.3112244897959184,6.0,19.0,0.8163265306122449,0.5051020408163265
cd4_0h_vs_12h,cd4_0h,cd4_12h,REACTOME_REGULATION_OF_LIPID_METABOLISM_BY_PPARALPHA,Vanilla-only significant,99,CYP1A1,18,2.46964030878651e-07,2.46964030878651e-07,6.60736629503362,6.60736629503362,0.0,0.00059618767048381,0.00059618767048381,3.22461700967912,3.22461700967912,0.0,3.03765757980741e-05,3.03765757980741e-05,0.0733310834695086,0.0733310834695086,2.12543199928726,2.12543199928726,1.06522856619588,1.06522856619588,True,True,False,False,False,False,0.0,0.0,0.0,0.0,0.0,1.00000002071404,0.912910986271404,70.5,88.5,0.10714285714285714,45.5,95.5,0.03571428571428571,-0.07142857142857142
cd4_0h_vs_12h,cd4_0h,cd4_12h,REACTOME_REGULATION_OF_LIPID_METABOLISM_BY_PPARALPHA,Vanilla-only significant,99,EP300,19,2.46964030878651e-07,8.03548663493119e-06,6.60736629503362,5.09498781691362,1.51237847812,0.00059618767048381,1.49821174952854e-06,3.22461700967912,5.82442680135432,-2.59980979167519,3.03765757980741e-05,0.000988364856096536,0.0733310834695086,0.00018428004519201,2.12543199928726,1.73351743731473,1.06522856619588,1.93249105817205,True,True,False,True,False,True,0.217255669431325,0.153563068148005,-0.0636926012833192,0.196,0.166,1.00000002481779,0.929854048216581,9.5,13.5,0.8724489795918368,96.0,4.0,0.9693877551020408,0.09693877551020402
cd4_0h_vs_12h,cd4_0h,cd4_12h,REACTOME_REGULATION_OF_LIPID_METABOLISM_BY_PPARALPHA,Vanilla-only significant,99,ESRRA,20,2.46964030878651e-07,1.49821174952854e-06,6.60736629503362,5.82442680135432,0.782939493679303,0.00059618767048381,0.00946978291842922,3.22461700967912,2.02365997647813,1.20095703320099,3.03765757980741e-05,0.00018428004519201,0.0733310834695086,1.0,2.12543199928726,1.93249105817205,1.06522856619588,0.0,True,True,False,False,False,False,0.0301535239709029,0.180210850498048,0.150057326527146,0.028,0.206,1.00000000410994,0.912465056073221,33.5,45.5,0.5459183673469388,6.0,19.0,0.8163265306122449,0.27040816326530615
cd4_0h_vs_12h,cd4_0h,cd4_12h,REACTOME_REGULATION_OF_LIPID_METABOLISM_BY_PPARALPHA,Vanilla-only significant,99,FADS1,21,2.46964030878651e-07,6.1774102028672e-07,6.60736629503362,6.20919355894615,0.398172736087466,0.00059618767048381,0.000160158462101912,3.22461700967912,3.79545011009365,-0.570833100414529,3.03765757980741e-05,7.59821454952666e-05,0.0733310834695086,0.0196994908385352,2.12543199928726,2.02960302707371,1.06522856619588,1.30596515981639,True,True,False,True,False,True,0.00756572598386203,0.0131026601777643,0.00553693419390225,0.006,0.014,1.00000000309885,0.910041145003643,50.5,68.5,0.3112244897959184,60.0,56.0,0.4387755102040816,0.12755102040816324
cd4_0h_vs_12h,cd4_0h,cd4_12h,REACTOME_REGULATION_OF_LIPID_METABOLISM_BY_PPARALPHA,Vanilla-only significant,99,FAM120B,22,2.46964030878651e-07,1.49821174952854e-06,6.60736629503362,5.82442680135432,0.782939493679303,0.00059618767048381,3.81265104892234e-05,3.22461700967912,4.41877294150378,-1.19415593182466,3.03765757980741e-05,0.00018428004519201,0.0733310834695086,0.00468956079017448,2.12543199928726,1.93249105817205,1.06522856619588,1.52606285259303,True,True,False,True,False,True,0.0579283556810677,0.0441462023140885,-0.0137821533669791,0.056,0.044,1.0000000071979,0.909126647842669,33.5,45.5,0.5459183673469388,79.5,27.5,0.7295918367346939,0.18367346938775508
cd4_0h_vs_12h,cd4_0h,cd4_12h,REACTOME_REGULATION_OF_LIPID_METABOLISM_BY_PPARALPHA,Vanilla-only significant,99,FDFT1,23,2.46964030878651e-07,8.03548663493119e-06,6.60736629503362,5.09498781691362,1.51237847812,0.00059618767048381,0.000160158462101912,3.22461700967912,3.79545011009365,-0.570833100414529,3.03765757980741e-05,0.000988364856096536,0.0733310834695086,0.0196994908385352,2.12543199928726,1.73351743731473,1.06522856619588,1.30596515981639,True,True,False,True,False,True,0.249984319854056,0.395036598576672,0.145052278722616,0.224,0.392,0.999999976806183,0.907591463322038,9.5,13.5,0.8724489795918368,60.0,56.0,0.4387755102040816,-0.43367346938775514
cd4_0h_vs_12h,cd4_0h,cd4_12h,REACTOME_REGULATION_OF_LIPID_METABOLISM_BY_PPARALPHA,Vanilla-only significant,99,FHL2,24,2.46964030878651e-07,2.46964030878651e-07,6.60736629503362,6.60736629503362,0.0,0.00059618767048381,0.00059618767048381,3.22461700967912,3.22461700967912,0.0,3.03765757980741e-05,3.03765757980741e-05,0.0733310834695086,0.0733310834695086,2.12543199928726,2.12543199928726,1.06522856619588,1.06522856619588,True,True,False,False,False,False,0.00236025639470671,0.0113868892470263,0.00902663285231955,0.002,0.012,0.99999999485998,0.9198381861213,70.5,88.5,0.10714285714285714,45.5,95.5,0.03571428571428571,-0.07142857142857142
cd4_0h_vs_12h,cd4_0h,cd4_12h,REACTOME_REGULATION_OF_LIPID_METABOLISM_BY_PPARALPHA,Vanilla-only significant,99,G0S2,25,2.46964030878651e-07,2.46964030878651e-07,6.60736629503362,6.60736629503362,0.0,0.00059618767048381,0.0010996776918826,3.22461700967912,2.95873458497628,0.26588242470284,3.03765757980741e-05,3.03765757980741e-05,0.0733310834695086,0.13526035610156,2.12543199928726,2.12543199928726,1.06522856619588,0.932110226066041,True,True,False,False,False,False,0.0,0.0346696465446622,0.0346696465446622,0.0,0.03,1.00000003799311,0.892578485443482,70.5,88.5,0.10714285714285714,34.5,84.5,0.14795918367346939,0.04081632653061225
cd4_0h_vs_12h,cd4_0h,cd4_12h,REACTOME_REGULATION_OF_LIPID_METABOLISM_BY_PPARALPHA,Vanilla-only significant,99,GLIPR1,26,2.46964030878651e-07,0.00059618767048381,6.60736629503362,3.22461700967912,3.38274928535449,0.00059618767048381,3.81265104892234e-05,3.22461700967912,4.41877294150378,-1.19415593182466,3.03765757980741e-05,0.0733310834695086,0.0733310834695086,0.00468956079017448,2.12543199928726,1.06522856619588,1.06522856619588,1.52606285259303,True,False,False,True,True,True,0.215884786154446,0.125472790415973,-0.0904119957384727,0.192,0.13,0.999999969777583,0.902891598263947,1.0,2.0,0.9897959183673469,79.5,27.5,0.7295918367346939,-0.2602040816326531
cd4_0h_vs_12h,cd4_0h,cd4_12h,REACTOME_REGULATION_OF_LIPID_METABOLISM_BY_PPARALPHA,Vanilla-only significant,99,GPS2,27,2.46964030878651e-07,9.5725425402497e-08,6.60736629503362,7.01897269497718,-0.411606399943558,0.00059618767048381,0.0010996776918826,3.22461700967912,2.95873458497628,0.26588242470284,3.03765757980741e-05,1.17742273245071e-05,0.0733310834695086,0.13526035610156,2.12543199928726,2.2201503515613,1.06522856619588,0.932110226066041,True,True,False,False,False,False,0.130475088045731,0.1377575098475,0.00728242180176905,0.116,0.156,1.00000006396861,0.932385230029554,84.5,56.5,0.4336734693877551,34.5,84.5,0.14795918367346939,-0.2857142857142857
cd4_0h_vs_12h,cd4_0h,cd4_12h,REACTOME_REGULATION_OF_LIPID_METABOLISM_BY_PPARALPHA,Vanilla-only significant,99,GRHL1,28,2.46964030878651e-07,2.46964030878651e-07,6.60736629503362,6.60736629503362,0.0,0.00059618767048381,0.00196887460329715,3.22461700967912,2.70578194299357,0.518835066685553,3.03765757980741e-05,3.03765757980741e-05,0.0733310834695086,0.242171576205549,2.12543199928726,2.12543199928726,1.06522856619588,0.784778205325666,True,True,False,False,False,False,0.0,0.00495890966609383,0.00495890966609383,0.0,0.004,0.999999933320997,0.916946003015349,70.5,88.5,0.10714285714285714,22.0,66.0,0.336734693877551,0.22959183673469385
cd4_0h_vs_12h,cd4_0h,cd4_12h,REACTOME_REGULATION_OF_LIPID_METABOLISM_BY_PPARALPHA,Vanilla-only significant,99,HDAC3,29,2.46964030878651e-07,3.52341775794401e-06,6.60736629503362,5.45303586115776,1.15433043387586,0.00059618767048381,0.00196887460329715,3.22461700967912,2.70578194299357,0.518835066685553,3.03765757980741e-05,0.000433380384227113,0.0733310834695086,0.242171576205549,2.12543199928726,1.83388406114409,1.06522856619588,0.784778205325666,True,True,False,False,False,False,0.167035893872534,0.167721185620203,0.000685291747669403,0.154,0.178,1.00000003994113,0.922165327979691,19.5,26.5,0.7397959183673469,22.0,66.0,0.336734693877551,-0.4030612244897959
cd4_0h_vs_12h,cd4_0h,cd4_12h,REACTOME_REGULATION_OF_LIPID_METABOLISM_BY_PPARALPHA,Vanilla-only significant,99,HELZ2,30,2.46964030878651e-07,6.1774102028672e-07,6.60736629503362,6.20919355894615,0.398172736087466,0.00059618767048381,0.00196887460329715,3.22461700967912,2.70578194299357,0.518835066685553,3.03765757980741e-05,7.59821454952666e-05,0.0733310834695086,0.242171576205549,2.12543199928726,2.02960302707371,1.06522856619588,0.784778205325666,True,True,False,False,False,False,0.0289886629535154,0.0182209685811573,-0.0107676943723581,0.028,0.014,1.0000000153472,0.927611926067741,50.5,68.5,0.3112244897959184,22.0,66.0,0.336734693877551,0.025510204081632626
cd4_0h_vs_12h,cd4_0h,cd4_12h,REACTOME_REGULATION_OF_LIPID_METABOLISM_BY_PPARALPHA,Vanilla-only significant,99,HMGCR,31,2.46964030878651e-07,1.49821174952854e-06,6.60736629503362,5.82442680135432,0.782939493679303,0.00059618767048381,0.000160158462101912,3.22461700967912,3.79545011009365,-0.570833100414529,3.03765757980741e-05,0.00018428004519201,0.0733310834695086,0.0196994908385352,2.12543199928726,1.93249105817205,1.06522856619588,1.30596515981639,True,True,False,True,False,True,0.052388915546017,0.124144981067883,0.0717560655218655,0.048,0.14,0.999999945557442,0.897837129812286,33.5,45.5,0.5459183673469388,60.0,56.0,0.4387755102040816,-0.10714285714285715
cd4_0h_vs_12h,cd4_0h,cd4_12h,REACTOME_REGULATION_OF_LIPID_METABOLISM_BY_PPARALPHA,Vanilla-only significant,99,HMGCS1,32,2.46964030878651e-07,8.03548663493119e-06,6.60736629503362,5.09498781691362,1.51237847812,0.00059618767048381,1.77726970010602e-05,3.22461700967912,4.75024666314563,-1.5256296534665,3.03765757980741e-05,0.000988364856096536,0.0733310834695086,0.0021860417311304,2.12543199928726,1.73351743731473,1.06522856619588,1.63105534906276,True,True,False,True,False,True,0.0598077269878826,0.212962883580224,0.153155156592342,0.054,0.226,1.00000000852621,0.916160523309745,9.5,13.5,0.8724489795918368,88.0,15.0,0.8571428571428571,-0.015306122448979664
cd4_0h_vs_12h,cd4_0h,cd4_12h,REACTOME_REGULATION_OF_LIPID_METABOLISM_BY_PPARALPHA,Vanilla-only significant,99,MED1,33,2.46964030878651e-07,2.46964030878651e-07,6.60736629503362,6.60736629503362,0.0,0.00059618767048381,0.00196887460329715,3.22461700967912,2.70578194299357,0.518835066685553,3.03765757980741e-05,3.03765757980741e-05,0.0733310834695086,0.242171576205549,2.12543199928726,2.12543199928726,1.06522856619588,0.784778205325666,True,True,False,False,False,False,0.150169304916236,0.151946295124182,0.00177699020794572,0.138,0.166,0.999999973692417,0.925483854720833,70.5,88.5,0.10714285714285714,22.0,66.0,0.336734693877551,0.22959183673469385
cd4_0h_vs_12h,cd4_0h,cd4_12h,REACTOME_REGULATION_OF_LIPID_METABOLISM_BY_PPARALPHA,Vanilla-only significant,99,MED10,34,2.46964030878651e-07,1.31042954439412e-08,6.60736629503362,7.8825863240523,-1.27522002901868,0.00059618767048381,0.000160158462101912,3.22461700967912,3.79545011009365,-0.570833100414529,3.03765757980741e-05,1.61182833960477e-06,0.0733310834695086,0.0196994908385352,2.12543199928726,2.40679895558663,1.06522856619588,1.30596515981639,True,True,False,True,False,True,0.446644440345062,0.517922237827382,0.07127779748232,0.382,0.484,0.999999957292778,0.909372137193126,94.0,19.0,0.8163265306122449,60.0,56.0,0.4387755102040816,-0.3775510204081633
cd4_0h_vs_12h,cd4_0h,cd4_12h,REACTOME_REGULATION_OF_LIPID_METABOLISM_BY_PPARALPHA,Vanilla-only significant,99,MED11,35,2.46964030878651e-07,2.46964030878651e-07,6.60736629503362,6.60736629503362,0.0,0.00059618767048381,0.0233436169134307,3.22461700967912,1.63183185249604,1.59278515718308,3.03765757980741e-05,3.03765757980741e-05,0.0733310834695086,1.0,2.12543199928726,2.12543199928726,1.06522856619588,0.0,True,True,False,False,False,False,0.187463006954221,0.19290088693672,0.00543787998249926,0.164,0.21,1.00000001951213,0.910400300049292,70.5,88.5,0.10714285714285714,3.0,13.0,0.8775510204081632,0.7704081632653061
cd4_0h_vs_12h,cd4_0h,cd4_12h,REACTOME_REGULATION_OF_LIPID_METABOLISM_BY_PPARALPHA,Vanilla-only significant,99,MED12,36,2.46964030878651e-07,3.52341775794401e-06,6.60736629503362,5.45303586115776,1.15433043387586,0.00059618767048381,1.77726970010602e-05,3.22461700967912,4.75024666314563,-1.5256296534665,3.03765757980741e-05,0.000433380384227113,0.0733310834695086,0.0021860417311304,2.12543199928726,1.83388406114409,1.06522856619588,1.63105534906276,True,True,False,True,False,True,0.0554524649014489,0.0453437460120954,-0.0101087188893535,0.05,0.05,1.00000005568845,0.922428897894472,19.5,26.5,0.7397959183673469,88.0,15.0,0.8571428571428571,0.11734693877551017
cd4_0h_vs_12h,cd4_0h,cd4_12h,REACTOME_REGULATION_OF_LIPID_METABOLISM_BY_PPARALPHA,Vanilla-only significant,99,MED13,37,2.46964030878651e-07,5.26903195422322e-11,6.60736629503362,10.2782691676256,-3.67090287259197,0.00059618767048381,0.000160158462101912,3.22461700967912,3.79545011009365,-0.570833100414529,3.03765757980741e-05,6.48090930369456e-09,0.0733310834695086,0.0196994908385352,2.12543199928726,2.8615317674606,1.06522856619588,1.30596515981639,True,True,False,True,False,True,0.163460456023509,0.157711739035409,-0.00574871698810053,0.15,0.166,1.00000000834708,0.941708773849365,99.0,1.0,1.0,60.0,56.0,0.4387755102040816,-0.5612244897959184
cd4_0h_vs_12h,cd4_0h,cd4_12h,REACTOME_REGULATION_OF_LIPID_METABOLISM_BY_PPARALPHA,Vanilla-only significant,99,MED13L,38,2.46964030878651e-07,1.49821174952854e-06,6.60736629503362,5.82442680135432,0.782939493679303,0.00059618767048381,0.000313688994347936,3.22461700967912,3.503500718082,-0.278883708402879,3.03765757980741e-05,0.00018428004519201,0.0733310834695086,0.0385837463047961,2.12543199928726,1.93249105817205,1.06522856619588,1.18894726823464,True,True,False,True,False,True,0.157059871986497,0.13044111101616,-0.0266187609703365,0.138,0.134,0.999999990158932,0.937426480060008,33.5,45.5,0.5459183673469388,52.5,74.5,0.25,-0.29591836734693877
cd4_0h_vs_12h,cd4_0h,cd4_12h,REACTOME_REGULATION_OF_LIPID_METABOLISM_BY_PPARALPHA,Vanilla-only significant,99,MED14,39,2.46964030878651e-07,1.49821174952854e-06,6.60736629503362,5.82442680135432,0.782939493679303,0.00059618767048381,0.0010996776918826,3.22461700967912,2.95873458497628,0.26588242470284,3.03765757980741e-05,0.00018428004519201,0.0733310834695086,0.13526035610156,2.12543199928726,1.93249105817205,1.06522856619588,0.932110226066041,True,True,False,False,False,False,0.072058534985393,0.0265868144359208,-0.0454717205494722,0.066,0.032,0.999999975282835,0.946080939199615,33.5,45.5,0.5459183673469388,34.5,84.5,0.14795918367346939,-0.3979591836734694
cd4_0h_vs_12h,cd4_0h,cd4_12h,REACTOME_REGULATION_OF_LIPID_METABOLISM_BY_PPARALPHA,Vanilla-only significant,99,MED15,40,2.46964030878651e-07,4.62765891657924e-09,6.60736629503362,8.33463865838632,-1.7272723633527,0.00059618767048381,0.0351222601892017,3.22461700967912,1.45441754412943,1.7701994655497,3.03765757980741e-05,5.69202046739247e-07,0.0733310834695086,1.0,2.12543199928726,2.49894648741163,1.06522856619588,0.0,True,True,False,False,False,False,0.115157167377636,0.0860576379321707,-0.0290995294454655,0.108,0.098,0.99999996377992,0.94680533395143,97.0,8.0,0.9285714285714286,2.0,12.0,0.8877551020408163,-0.04081632653061229
cd4_0h_vs_12h,cd4_0h,cd4_12h,REACTOME_REGULATION_OF_LIPID_METABOLISM_BY_PPARALPHA,Vanilla-only significant,99,MED16,41,2.46964030878651e-07,3.52341775794401e-06,6.60736629503362,5.45303586115776,1.15433043387586,0.00059618767048381,3.81265104892234e-05,3.22461700967912,4.41877294150378,-1.19415593182466,3.03765757980741e-05,0.000433380384227113,0.0733310834695086,0.00468956079017448,2.12543199928726,1.83388406114409,1.06522856619588,1.52606285259303,True,True,False,True,False,True,0.0898588576081671,0.0682616727034382,-0.0215971849047289,0.086,0.078,1.00000000633085,0.919846457792282,19.5,26.5,0.7397959183673469,79.5,27.5,0.7295918367346939,-0.010204081632653073
cd4_0h_vs_12h,cd4_0h,cd4_12h,REACTOME_REGULATION_OF_LIPID_METABOLISM_BY_PPARALPHA,Vanilla-only significant,99,MED17,42,2.46964030878651e-07,1.49821174952854e-06,6.60736629503362,5.82442680135432,0.782939493679303,0.00059618767048381,0.0010996776918826,3.22461700967912,2.95873458497628,0.26588242470284,3.03765757980741e-05,0.00018428004519201,0.0733310834695086,0.13526035610156,2.12543199928726,1.93249105817205,1.06522856619588,0.932110226066041,True,True,False,False,False,False,0.14252022125023,0.116266440381147,-0.0262537808690826,0.126,0.124,1.00000000824067,0.9413030665028,33.5,45.5,0.5459183673469388,34.5,84.5,0.14795918367346939,-0.3979591836734694
cd4_0h_vs_12h,cd4_0h,cd4_12h,REACTOME_REGULATION_OF_LIPID_METABOLISM_BY_PPARALPHA,Vanilla-only significant,99,MED18,43,2.46964030878651e-07,3.52341775794401e-06,6.60736629503362,5.45303586115776,1.15433043387586,0.00059618767048381,0.00946978291842922,3.22461700967912,2.02365997647813,1.20095703320099,3.03765757980741e-05,0.000433380384227113,0.0733310834695086,1.0,2.12543199928726,1.83388406114409,1.06522856619588,0.0,True,True,False,False,False,False,0.0587614241861664,0.0388986196742547,-0.0198628045119117,0.054,0.042,0.999999976001586,0.910563927556207,19.5,26.5,0.7397959183673469,6.0,19.0,0.8163265306122449,0.07653061224489799
cd4_0h_vs_12h,cd4_0h,cd4_12h,REACTOME_REGULATION_OF_LIPID_METABOLISM_BY_PPARALPHA,Vanilla-only significant,99,MED19,44,2.46964030878651e-07,4.62765891657924e-09,6.60736629503362,8.33463865838632,-1.7272723633527,0.00059618767048381,0.00196887460329715,3.22461700967912,2.70578194299357,0.518835066685553,3.03765757980741e-05,5.69202046739247e-07,0.0733310834695086,0.242171576205549,2.12543199928726,2.49894648741163,1.06522856619588,0.784778205325666,True,True,False,False,False,False,0.155325644855622,0.224962202891294,0.0696365580356725,0.144,0.248,1.00000002231153,0.943867129971212,97.0,8.0,0.9285714285714286,22.0,66.0,0.336734693877551,-0.5918367346938775
cd4_0h_vs_12h,cd4_0h,cd4_12h,REACTOME_REGULATION_OF_LIPID_METABOLISM_BY_PPARALPHA,Vanilla-only significant,99,MED20,45,2.46964030878651e-07,2.46964030878651e-07,6.60736629503362,6.60736629503362,0.0,0.00059618767048381,0.00059618767048381,3.22461700967912,3.22461700967912,0.0,3.03765757980741e-05,3.03765757980741e-05,0.0733310834695086,0.0733310834695086,2.12543199928726,2.12543199928726,1.06522856619588,1.06522856619588,True,True,False,False,False,False,0.0130981000175717,0.00103906955720523,-0.0120590304603665,0.012,0.002,0.999999967782971,0.943143226981701,70.5,88.5,0.10714285714285714,45.5,95.5,0.03571428571428571,-0.07142857142857142
cd4_0h_vs_12h,cd4_0h,cd4_12h,REACTOME_REGULATION_OF_LIPID_METABOLISM_BY_PPARALPHA,Vanilla-only significant,99,MED21,46,2.46964030878651e-07,3.52341775794401e-06,6.60736629503362,5.45303586115776,1.15433043387586,0.00059618767048381,0.00577645522630862,3.22461700967912,2.23833858855416,0.986278421124963,3.03765757980741e-05,0.000433380384227113,0.0733310834695086,0.71050399283596,2.12543199928726,1.83388406114409,1.06522856619588,0.385270654364906,True,True,False,False,False,False,0.13498933796301,0.114766370341364,-0.0202229676216453,0.122,0.12,1.0000000416529,0.940893022927815,19.5,26.5,0.7397959183673469,9.0,36.0,0.6428571428571429,-0.09693877551020402
cd4_0h_vs_12h,cd4_0h,cd4_12h,REACTOME_REGULATION_OF_LIPID_METABOLISM_BY_PPARALPHA,Vanilla-only significant,99,MED22,47,2.46964030878651e-07,3.52341775794401e-06,6.60736629503362,5.45303586115776,1.15433043387586,0.00059618767048381,3.81265104892234e-05,3.22461700967912,4.41877294150378,-1.19415593182466,3.03765757980741e-05,0.000433380384227113,0.0733310834695086,0.00468956079017448,2.12543199928726,1.83388406114409,1.06522856619588,1.52606285259303,True,True,False,True,False,True,0.0423133818549103,0.0424633027780276,0.000149920923117261,0.04,0.052,1.00000004852147,0.938002174169607,19.5,26.5,0.7397959183673469,79.5,27.5,0.7295918367346939,-0.010204081632653073
cd4_0h_vs_12h,cd4_0h,cd4_12h,REACTOME_REGULATION_OF_LIPID_METABOLISM_BY_PPARALPHA,Vanilla-only significant,99,MED23,48,2.46964030878651e-07,3.52341775794401e-06,6.60736629503362,5.45303586115776,1.15433043387586,0.00059618767048381,3.52341775794401e-06,3.22461700967912,5.45303586115776,-2.22841885147863,3.03765757980741e-05,0.000433380384227113,0.0733310834695086,0.000433380384227113,2.12543199928726,1.83388406114409,1.06522856619588,1.83388406114409,True,True,False,True,False,True,0.156804713331218,0.0807639590377915,-0.076040754293426,0.144,0.09,1.00000001477485,0.94455946486575,19.5,26.5,0.7397959183673469,94.5,5.5,0.9540816326530612,0.2142857142857143
cd4_0h_vs_12h,cd4_0h,cd4_12h,REACTOME_REGULATION_OF_LIPID_METABOLISM_BY_PPARALPHA,Vanilla-only significant,99,MED24,49,2.46964030878651e-07,6.1774102028672e-07,6.60736629503362,6.20919355894615,0.398172736087466,0.00059618767048381,3.81265104892234e-05,3.22461700967912,4.41877294150378,-1.19415593182466,3.03765757980741e-05,7.59821454952666e-05,0.0733310834695086,0.00468956079017448,2.12543199928726,2.02960302707371,1.06522856619588,1.52606285259303,True,True,False,True,False,True,0.0456913591550148,0.0983797681167816,0.0526884089617669,0.044,0.106,1.00000004852147,0.938002174169607,50.5,68.5,0.3112244897959184,79.5,27.5,0.7295918367346939,0.4183673469387755
cd4_0h_vs_12h,cd4_0h,cd4_12h,REACTOME_REGULATION_OF_LIPID_METABOLISM_BY_PPARALPHA,Vanilla-only significant,99,MED25,50,2.46964030878651e-07,6.1774102028672e-07,6.60736629503362,6.20919355894615,0.398172736087466,0.00059618767048381,0.0034223189265975,3.22461700967912,2.46567952091782,0.758937488761304,3.03765757980741e-05,7.59821454952666e-05,0.0733310834695086,0.420945227971492,2.12543199928726,2.02960302707371,1.06522856619588,0.613004412282997,True,True,False,False,False,False,0.0458580400663828,0.0523431048167334,0.00648506475035065,0.04,0.062,1.00000003722896,0.939698105587857,50.5,68.5,0.3112244897959184,13.5,48.5,0.5153061224489796,0.20408163265306117
cd4_0h_vs_12h,cd4_0h,cd4_12h,REACTOME_REGULATION_OF_LIPID_METABOLISM_BY_PPARALPHA,Vanilla-only significant,99,MED26,51,2.46964030878651e-07,3.59717677613814e-08,6.60736629503362,7.44403821911369,-0.836671924080072,0.00059618767048381,0.00196887460329715,3.22461700967912,2.70578194299357,0.518835066685553,3.03765757980741e-05,4.42452743464991e-06,0.0733310834695086,0.242171576205549,2.12543199928726,2.31389997788891,1.06522856619588,0.784778205325666,True,True,False,False,False,False,0.0144523581623655,0.0434669045118511,0.0290145463494856,0.014,0.046,0.999999969969582,0.940037173074078,90.0,35.0,0.6530612244897959,22.0,66.0,0.336734693877551,-0.31632653061224486
cd4_0h_vs_12h,cd4_0h,cd4_12h,REACTOME_REGULATION_OF_LIPID_METABOLISM_BY_PPARALPHA,Vanilla-only significant,99,MED27,52,2.46964030878651e-07,2.46964030878651e-07,6.60736629503362,6.60736629503362,0.0,0.00059618767048381,0.00196887460329715,3.22461700967912,2.70578194299357,0.518835066685553,3.03765757980741e-05,3.03765757980741e-05,0.0733310834695086,0.242171576205549,2.12543199928726,2.12543199928726,1.06522856619588,0.784778205325666,True,True,False,False,False,False,0.0570199284939189,0.116554464178305,0.059534535684386,0.058,0.142,0.999999990116231,0.93888761647238,70.5,88.5,0.10714285714285714,22.0,66.0,0.336734693877551,0.22959183673469385
cd4_0h_vs_12h,cd4_0h,cd4_12h,REACTOME_REGULATION_OF_LIPID_METABOLISM_BY_PPARALPHA,Vanilla-only significant,99,MED28,53,2.46964030878651e-07,3.59717677613814e-08,6.60736629503362,7.44403821911369,-0.836671924080072,0.00059618767048381,6.1774102028672e-07,3.22461700967912,6.20919355894615,-2.98457654926703,3.03765757980741e-05,4.42452743464991e-06,0.0733310834695086,7.59821454952666e-05,2.12543199928726,2.31389997788891,1.06522856619588,2.02960302707371,True,True,False,True,False,True,0.437756294426834,0.457707765683259,0.0199514712564255,0.37,0.444,0.999999917848023,0.909135264466237,90.0,35.0,0.6530612244897959,97.5,2.5,0.9846938775510204,0.3316326530612246
cd4_0h_vs_12h,cd4_0h,cd4_12h,REACTOME_REGULATION_OF_LIPID_METABOLISM_BY_PPARALPHA,Vanilla-only significant,99,MED29,54,2.46964030878651e-07,6.1774102028672e-07,6.60736629503362,6.20919355894615,0.398172736087466,0.00059618767048381,3.81265104892234e-05,3.22461700967912,4.41877294150378,-1.19415593182466,3.03765757980741e-05,7.59821454952666e-05,0.0733310834695086,0.00468956079017448,2.12543199928726,2.02960302707371,1.06522856619588,1.52606285259303,True,True,False,True,False,True,0.104066871355652,0.125092067366508,0.0210251960108563,0.096,0.138,1.00000002523062,0.908686838886441,50.5,68.5,0.3112244897959184,79.5,27.5,0.7295918367346939,0.4183673469387755
cd4_0h_vs_12h,cd4_0h,cd4_12h,REACTOME_REGULATION_OF_LIPID_METABOLISM_BY_PPARALPHA,Vanilla-only significant,99,MED30,55,2.46964030878651e-07,1.31042954439412e-08,6.60736629503362,7.8825863240523,-1.27522002901868,0.00059618767048381,0.00196887460329715,3.22461700967912,2.70578194299357,0.518835066685553,3.03765757980741e-05,1.61182833960477e-06,0.0733310834695086,0.242171576205549,2.12543199928726,2.40679895558663,1.06522856619588,0.784778205325666,True,True,False,False,False,False,0.159885678707431,0.194413734732075,0.0345280560246444,0.146,0.232,0.999999995955121,0.903565634083948,94.0,19.0,0.8163265306122449,22.0,66.0,0.336734693877551,-0.4795918367346939
cd4_0h_vs_12h,cd4_0h,cd4_12h,REACTOME_REGULATION_OF_LIPID_METABOLISM_BY_PPARALPHA,Vanilla-only significant,99,MED31,56,2.46964030878651e-07,2.46964030878651e-07,6.60736629503362,6.60736629503362,0.0,0.00059618767048381,7.93371655046569e-05,3.22461700967912,4.1005233197136,-0.875906310034476,3.03765757980741e-05,3.03765757980741e-05,0.0733310834695086,0.0097584713570728,2.12543199928726,2.12543199928726,1.06522856619588,1.417962696362,True,True,False,True,False,True,0.0774910712048096,0.175140496529148,0.0976494253243388,0.074,0.184,0.999999986152822,0.928346973548267,70.5,88.5,0.10714285714285714,68.5,41.5,0.5867346938775511,0.4795918367346939
cd4_0h_vs_12h,cd4_0h,cd4_12h,REACTOME_REGULATION_OF_LIPID_METABOLISM_BY_PPARALPHA,Vanilla-only significant,99,MED4,57,2.46964030878651e-07,1.49821174952854e-06,6.60736629503362,5.82442680135432,0.782939493679303,0.00059618767048381,3.81265104892234e-05,3.22461700967912,4.41877294150378,-1.19415593182466,3.03765757980741e-05,0.00018428004519201,0.0733310834695086,0.00468956079017448,2.12543199928726,1.93249105817205,1.06522856619588,1.52606285259303,True,True,False,True,False,True,0.275240607662805,0.329710364282913,0.0544697566201083,0.238,0.338,1.00000001459506,0.938235514808237,33.5,45.5,0.5459183673469388,79.5,27.5,0.7295918367346939,0.18367346938775508
cd4_0h_vs_12h,cd4_0h,cd4_12h,REACTOME_REGULATION_OF_LIPID_METABOLISM_BY_PPARALPHA,Vanilla-only significant,99,MED6,58,2.46964030878651e-07,3.52341775794401e-06,6.60736629503362,5.45303586115776,1.15433043387586,0.00059618767048381,0.00196887460329715,3.22461700967912,2.70578194299357,0.518835066685553,3.03765757980741e-05,0.000433380384227113,0.0733310834695086,0.242171576205549,2.12543199928726,1.83388406114409,1.06522856619588,0.784778205325666,True,True,False,False,False,False,0.222654153986616,0.282106659187778,0.0594525052011624,0.196,0.3,0.999999984634489,0.926570517081066,19.5,26.5,0.7397959183673469,22.0,66.0,0.336734693877551,-0.4030612244897959
cd4_0h_vs_12h,cd4_0h,cd4_12h,REACTOME_REGULATION_OF_LIPID_METABOLISM_BY_PPARALPHA,Vanilla-only significant,99,MED7,59,2.46964030878651e-07,9.5725425402497e-08,6.60736629503362,7.01897269497718,-0.411606399943558,0.00059618767048381,3.81265104892234e-05,3.22461700967912,4.41877294150378,-1.19415593182466,3.03765757980741e-05,1.17742273245071e-05,0.0733310834695086,0.00468956079017448,2.12543199928726,2.2201503515613,1.06522856619588,1.52606285259303,True,True,False,True,False,True,0.160591698119474,0.14015736491097,-0.0204343332085037,0.144,0.154,0.999999993146569,0.941477562728485,84.5,56.5,0.4336734693877551,79.5,27.5,0.7295918367346939,0.29591836734693877
cd4_0h_vs_12h,cd4_0h,cd4_12h,REACTOME_REGULATION_OF_LIPID_METABOLISM_BY_PPARALPHA,Vanilla-only significant,99,MED8,60,2.46964030878651e-07,3.52341775794401e-06,6.60736629503362,5.45303586115776,1.15433043387586,0.00059618767048381,3.81265104892234e-05,3.22461700967912,4.41877294150378,-1.19415593182466,3.03765757980741e-05,0.000433380384227113,0.0733310834695086,0.00468956079017448,2.12543199928726,1.83388406114409,1.06522856619588,1.52606285259303,True,True,False,True,False,True,0.117200147466164,0.169047087678285,0.051846940212121,0.106,0.188,0.999999966733815,0.938829560321611,19.5,26.5,0.7397959183673469,79.5,27.5,0.7295918367346939,-0.010204081632653073
cd4_0h_vs_12h,cd4_0h,cd4_12h,REACTOME_REGULATION_OF_LIPID_METABOLISM_BY_PPARALPHA,Vanilla-only significant,99,MED9,61,2.46964030878651e-07,1.49821174952854e-06,6.60736629503362,5.82442680135432,0.782939493679303,0.00059618767048381,0.00059618767048381,3.22461700967912,3.22461700967912,0.0,3.03765757980741e-05,0.00018428004519201,0.0733310834695086,0.0733310834695086,2.12543199928726,1.93249105817205,1.06522856619588,1.06522856619588,True,True,False,False,False,False,0.0532610443737311,0.036350686983251,-0.0169103573904801,0.048,0.044,1.00000003722896,0.939698105587857,33.5,45.5,0.5459183673469388,45.5,95.5,0.03571428571428571,-0.5102040816326531
cd4_0h_vs_12h,cd4_0h,cd4_12h,REACTOME_REGULATION_OF_LIPID_METABOLISM_BY_PPARALPHA,Vanilla-only significant,99,MTF1,62,2.46964030878651e-07,6.1774102028672e-07,6.60736629503362,6.20919355894615,0.398172736087466,0.00059618767048381,0.0010996776918826,3.22461700967912,2.95873458497628,0.26588242470284,3.03765757980741e-05,7.59821454952666e-05,0.0733310834695086,0.13526035610156,2.12543199928726,2.02960302707371,1.06522856619588,0.932110226066041,True,True,False,False,False,False,0.0604540675219004,0.0832669210908454,0.0228128535689449,0.054,0.098,1.00000003614436,0.923208001687783,50.5,68.5,0.3112244897959184,34.5,84.5,0.14795918367346939,-0.163265306122449
cd4_0h_vs_12h,cd4_0h,cd4_12h,REACTOME_REGULATION_OF_LIPID_METABOLISM_BY_PPARALPHA,Vanilla-only significant,99,NCOA1,63,2.46964030878651e-07,3.81265104892234e-05,6.60736629503362,4.41877294150378,2.18859335352984,0.00059618767048381,0.000160158462101912,3.22461700967912,3.79545011009365,-0.570833100414529,3.03765757980741e-05,0.00468956079017448,0.0733310834695086,0.0196994908385352,2.12543199928726,1.52606285259303,1.06522856619588,1.30596515981639,True,True,False,True,False,True,0.155410933100708,0.0808191473107362,-0.0745917857899717,0.138,0.084,1.0000000882469,0.926090145817697,5.0,6.0,0.9489795918367347,60.0,56.0,0.4387755102040816,-0.5102040816326532
cd4_0h_vs_12h,cd4_0h,cd4_12h,REACTOME_REGULATION_OF_LIPID_METABOLISM_BY_PPARALPHA,Vanilla-only significant,99,NCOA2,64,2.46964030878651e-07,9.5725425402497e-08,6.60736629503362,7.01897269497718,-0.411606399943558,0.00059618767048381,6.1774102028672e-07,3.22461700967912,6.20919355894615,-2.98457654926703,3.03765757980741e-05,1.17742273245071e-05,0.0733310834695086,7.59821454952666e-05,2.12543199928726,2.2201503515613,1.06522856619588,2.02960302707371,True,True,False,True,False,True,0.0892335623539105,0.132242854316407,0.0430092919624963,0.082,0.148,1.00000002092441,0.934999237974911,84.5,56.5,0.4336734693877551,97.5,2.5,0.9846938775510204,0.5510204081632654
cd4_0h_vs_12h,cd4_0h,cd4_12h,REACTOME_REGULATION_OF_LIPID_METABOLISM_BY_PPARALPHA,Vanilla-only significant,99,NCOA3,65,2.46964030878651e-07,6.1774102028672e-07,6.60736629503362,6.20919355894615,0.398172736087466,0.00059618767048381,0.0034223189265975,3.22461700967912,2.46567952091782,0.758937488761304,3.03765757980741e-05,7.59821454952666e-05,0.0733310834695086,0.420945227971492,2.12543199928726,2.02960302707371,1.06522856619588,0.613004412282997,True,True,False,False,False,False,0.275813751469055,0.261086623107733,-0.0147271283613221,0.238,0.264,1.00000001299351,0.928953685952614,50.5,68.5,0.3112244897959184,13.5,48.5,0.5153061224489796,0.20408163265306117
cd4_0h_vs_12h,cd4_0h,cd4_12h,REACTOME_REGULATION_OF_LIPID_METABOLISM_BY_PPARALPHA,Vanilla-only significant,99,NCOA6,66,2.46964030878651e-07,3.52341775794401e-06,6.60736629503362,5.45303586115776,1.15433043387586,0.00059618767048381,7.93371655046569e-05,3.22461700967912,4.1005233197136,-0.875906310034476,3.03765757980741e-05,0.000433380384227113,0.0733310834695086,0.0097584713570728,2.12543199928726,1.83388406114409,1.06522856619588,1.417962696362,True,True,False,True,False,True,0.0640722736017461,0.0600758670289814,-0.00399640657276475,0.058,0.074,0.999999968031165,0.921467192953056,19.5,26.5,0.7397959183673469,68.5,41.5,0.5867346938775511,-0.15306122448979587
cd4_0h_vs_12h,cd4_0h,cd4_12h,REACTOME_REGULATION_OF_LIPID_METABOLISM_BY_PPARALPHA,Vanilla-only significant,99,NCOR1,67,2.46964030878651e-07,3.59717677613814e-08,6.60736629503362,7.44403821911369,-0.836671924080072,0.00059618767048381,0.0034223189265975,3.22461700967912,2.46567952091782,0.758937488761304,3.03765757980741e-05,4.42452743464991e-06,0.0733310834695086,0.420945227971492,2.12543199928726,2.31389997788891,1.06522856619588,0.613004412282997,True,True,False,False,False,False,0.560697490562335,0.501524170287179,-0.0591733202751554,0.444,0.476,1.00000001125353,0.935377844120111,90.0,35.0,0.6530612244897959,13.5,48.5,0.5153061224489796,-0.1377551020408163
cd4_0h_vs_12h,cd4_0h,cd4_12h,REACTOME_REGULATION_OF_LIPID_METABOLISM_BY_PPARALPHA,Vanilla-only significant,99,NCOR2,68,2.46964030878651e-07,8.03548663493119e-06,6.60736629503362,5.09498781691362,1.51237847812,0.00059618767048381,0.00577645522630862,3.22461700967912,2.23833858855416,0.986278421124963,3.03765757980741e-05,0.000988364856096536,0.0733310834695086,0.71050399283596,2.12543199928726,1.73351743731473,1.06522856619588,0.385270654364906,True,True,False,False,False,False,0.0803325068269474,0.134034975087892,0.0537024682609446,0.072,0.146,1.00000001204035,0.927758355335769,9.5,13.5,0.8724489795918368,9.0,36.0,0.6428571428571429,-0.22959183673469385
cd4_0h_vs_12h,cd4_0h,cd4_12h,REACTOME_REGULATION_OF_LIPID_METABOLISM_BY_PPARALPHA,Vanilla-only significant,99,NFYA,69,2.46964030878651e-07,2.46964030878651e-07,6.60736629503362,6.60736629503362,0.0,0.00059618767048381,3.81265104892234e-05,3.22461700967912,4.41877294150378,-1.19415593182466,3.03765757980741e-05,3.03765757980741e-05,0.0733310834695086,0.00468956079017448,2.12543199928726,2.12543199928726,1.06522856619588,1.52606285259303,True,True,False,True,False,True,0.0350215730412321,0.0489078273933658,0.0138862543521337,0.032,0.056,1.0000000523993,0.918525508568437,70.5,88.5,0.10714285714285714,79.5,27.5,0.7295918367346939,0.6224489795918368
cd4_0h_vs_12h,cd4_0h,cd4_12h,REACTOME_REGULATION_OF_LIPID_METABOLISM_BY_PPARALPHA,Vanilla-only significant,99,NFYB,70,2.46964030878651e-07,2.46964030878651e-07,6.60736629503362,6.60736629503362,0.0,0.00059618767048381,0.000160158462101912,3.22461700967912,3.79545011009365,-0.570833100414529,3.03765757980741e-05,3.03765757980741e-05,0.0733310834695086,0.0196994908385352,2.12543199928726,2.12543199928726,1.06522856619588,1.30596515981639,True,True,False,True,False,True,0.146688665100084,0.193553487422329,0.0468648223222446,0.132,0.204,1.00000002397131,0.917194606417954,70.5,88.5,0.10714285714285714,60.0,56.0,0.4387755102040816,0.33163265306122447
cd4_0h_vs_12h,cd4_0h,cd4_12h,REACTOME_REGULATION_OF_LIPID_METABOLISM_BY_PPARALPHA,Vanilla-only significant,99,NFYC,71,2.46964030878651e-07,7.93371655046569e-05,6.60736629503362,4.1005233197136,2.50684297532002,0.00059618767048381,7.93371655046569e-05,3.22461700967912,4.1005233197136,-0.875906310034476,3.03765757980741e-05,0.0097584713570728,0.0733310834695086,0.0097584713570728,2.12543199928726,1.417962696362,1.06522856619588,1.417962696362,True,True,False,True,False,True,0.100579711312016,0.0950233460788403,-0.0055563652331756,0.094,0.114,0.999999982798914,0.916683344434999,3.0,4.0,0.9693877551020408,68.5,41.5,0.5867346938775511,-0.3826530612244897
cd4_0h_vs_12h,cd4_0h,cd4_12h,REACTOME_REGULATION_OF_LIPID_METABOLISM_BY_PPARALPHA,Vanilla-only significant,99,NPAS2,72,2.46964030878651e-07,2.46964030878651e-07,6.60736629503362,6.60736629503362,0.0,0.00059618767048381,0.000160158462101912,3.22461700967912,3.79545011009365,-0.570833100414529,3.03765757980741e-05,3.03765757980741e-05,0.0733310834695086,0.0196994908385352,2.12543199928726,2.12543199928726,1.06522856619588,1.30596515981639,True,True,False,True,False,True,0.00616339552741955,0.0133352179353089,0.00717182240788939,0.006,0.016,0.999999986461715,0.917173253943316,70.5,88.5,0.10714285714285714,60.0,56.0,0.4387755102040816,0.33163265306122447
cd4_0h_vs_12h,cd4_0h,cd4_12h,REACTOME_REGULATION_OF_LIPID_METABOLISM_BY_PPARALPHA,Vanilla-only significant,99,NR1D1,73,2.46964030878651e-07,6.1774102028672e-07,6.60736629503362,6.20919355894615,0.398172736087466,0.00059618767048381,8.03548663493119e-06,3.22461700967912,5.09498781691362,-1.8703708072345,3.03765757980741e-05,7.59821454952666e-05,0.0733310834695086,0.000988364856096536,2.12543199928726,2.02960302707371,1.06522856619588,1.73351743731473,True,True,False,True,False,True,0.0413817764484937,0.0191780253784626,-0.0222037510700311,0.038,0.02,0.999999961408588,0.919770581857119,50.5,68.5,0.3112244897959184,91.5,9.5,0.9132653061224489,0.6020408163265305
cd4_0h_vs_12h,cd4_0h,cd4_12h,REACTOME_REGULATION_OF_LIPID_METABOLISM_BY_PPARALPHA,Vanilla-only significant,99,NR1H2,74,2.46964030878651e-07,9.5725425402497e-08,6.60736629503362,7.01897269497718,-0.411606399943558,0.00059618767048381,0.0731481276708723,3.22461700967912,1.13579678577401,2.08882022390511,3.03765757980741e-05,1.17742273245071e-05,0.0733310834695086,1.0,2.12543199928726,2.2201503515613,1.06522856619588,0.0,True,True,False,False,False,False,0.204529226725645,0.259707732835861,0.055178506110216,0.184,0.274,0.999999956311992,0.905371669946511,84.5,56.5,0.4336734693877551,1.0,7.0,0.9387755102040817,0.5051020408163266
cd4_0h_vs_12h,cd4_0h,cd4_12h,REACTOME_REGULATION_OF_LIPID_METABOLISM_BY_PPARALPHA,Vanilla-only significant,99,NR1H3,75,2.46964030878651e-07,2.46964030878651e-07,6.60736629503362,6.60736629503362,0.0,0.00059618767048381,0.000313688994347936,3.22461700967912,3.503500718082,-0.278883708402879,3.03765757980741e-05,3.03765757980741e-05,0.0733310834695086,0.0385837463047961,2.12543199928726,2.12543199928726,1.06522856619588,1.18894726823464,True,True,False,True,False,True,0.00606605672576751,0.00898997299948389,0.00292391627371638,0.006,0.012,1.00000001471468,0.928524980865115,70.5,88.5,0.10714285714285714,52.5,74.5,0.25,0.14285714285714285
cd4_0h_vs_12h,cd4_0h,cd4_12h,REACTOME_REGULATION_OF_LIPID_METABOLISM_BY_PPARALPHA,Vanilla-only significant,99,NRF1,76,2.46964030878651e-07,8.03548663493119e-06,6.60736629503362,5.09498781691362,1.51237847812,0.00059618767048381,0.000160158462101912,3.22461700967912,3.79545011009365,-0.570833100414529,3.03765757980741e-05,0.000988364856096536,0.0733310834695086,0.0196994908385352,2.12543199928726,1.73351743731473,1.06522856619588,1.30596515981639,True,True,False,True,False,True,0.0615248768435531,0.0357129339834365,-0.0258119428601166,0.054,0.04,1.00000001492517,0.903310074841962,9.5,13.5,0.8724489795918368,60.0,56.0,0.4387755102040816,-0.43367346938775514
cd4_0h_vs_12h,cd4_0h,cd4_12h,REACTOME_REGULATION_OF_LIPID_METABOLISM_BY_PPARALPHA,Vanilla-only significant,99,PEX11A,77,2.46964030878651e-07,6.1774102028672e-07,6.60736629503362,6.20919355894615,0.398172736087466,0.00059618767048381,0.0034223189265975,3.22461700967912,2.46567952091782,0.758937488761304,3.03765757980741e-05,7.59821454952666e-05,0.0733310834695086,0.420945227971492,2.12543199928726,2.02960302707371,1.06522856619588,0.613004412282997,True,True,False,False,False,False,0.0141988573932934,0.00901638967744486,-0.00518246771584857,0.014,0.01,1.00000000825345,0.911001147754445,50.5,68.5,0.3112244897959184,13.5,48.5,0.5153061224489796,0.20408163265306117
cd4_0h_vs_12h,cd4_0h,cd4_12h,REACTOME_REGULATION_OF_LIPID_METABOLISM_BY_PPARALPHA,Vanilla-only significant,99,PLIN2,78,2.46964030878651e-07,3.52341775794401e-06,6.60736629503362,5.45303586115776,1.15433043387586,0.00059618767048381,7.93371655046569e-05,3.22461700967912,4.1005233197136,-0.875906310034476,3.03765757980741e-05,0.000433380384227113,0.0733310834695086,0.0097584713570728,2.12543199928726,1.83388406114409,1.06522856619588,1.417962696362,True,True,False,True,False,True,0.148643792870446,0.15684894263922,0.00820514976877398,0.138,0.174,0.999999976213442,0.905630225248075,19.5,26.5,0.7397959183673469,68.5,41.5,0.5867346938775511,-0.15306122448979587
cd4_0h_vs_12h,cd4_0h,cd4_12h,REACTOME_REGULATION_OF_LIPID_METABOLISM_BY_PPARALPHA,Vanilla-only significant,99,PPARA,79,2.46964030878651e-07,8.03548663493119e-06,6.60736629503362,5.09498781691362,1.51237847812,0.00059618767048381,3.81265104892234e-05,3.22461700967912,4.41877294150378,-1.19415593182466,3.03765757980741e-05,0.000988364856096536,0.0733310834695086,0.00468956079017448,2.12543199928726,1.73351743731473,1.06522856619588,1.52606285259303,True,True,False,True,False,True,0.0647662227510324,0.0389831812118918,-0.0257830415391406,0.06,0.042,0.999999996534194,0.880100227592864,9.5,13.5,0.8724489795918368,79.5,27.5,0.7295918367346939,-0.1428571428571429
cd4_0h_vs_12h,cd4_0h,cd4_12h,REACTOME_REGULATION_OF_LIPID_METABOLISM_BY_PPARALPHA,Vanilla-only significant,99,PPARGC1B,80,2.46964030878651e-07,6.1774102028672e-07,6.60736629503362,6.20919355894615,0.398172736087466,0.00059618767048381,7.93371655046569e-05,3.22461700967912,4.1005233197136,-0.875906310034476,3.03765757980741e-05,7.59821454952666e-05,0.0733310834695086,0.0097584713570728,2.12543199928726,2.02960302707371,1.06522856619588,1.417962696362,True,True,False,True,False,True,0.0216613458687302,0.03240619946008,0.0107448535913498,0.02,0.036,0.999999981769316,0.918878151431928,50.5,68.5,0.3112244897959184,68.5,41.5,0.5867346938775511,0.2755102040816327
cd4_0h_vs_12h,cd4_0h,cd4_12h,REACTOME_REGULATION_OF_LIPID_METABOLISM_BY_PPARALPHA,Vanilla-only significant,99,RGL1,81,2.46964030878651e-07,2.46964030878651e-07,6.60736629503362,6.60736629503362,0.0,0.00059618767048381,0.0034223189265975,3.22461700967912,2.46567952091782,0.758937488761304,3.03765757980741e-05,3.03765757980741e-05,0.0733310834695086,0.420945227971492,2.12543199928726,2.12543199928726,1.06522856619588,0.613004412282997,True,True,False,False,False,False,0.0163172598402394,0.00377157846696452,-0.0125456813732749,0.016,0.004,1.00000007793457,0.909817223817515,70.5,88.5,0.10714285714285714,13.5,48.5,0.5153061224489796,0.4081632653061224
cd4_0h_vs_12h,cd4_0h,cd4_12h,REACTOME_REGULATION_OF_LIPID_METABOLISM_BY_PPARALPHA,Vanilla-only significant,99,RORA,82,2.46964030878651e-07,2.46964030878651e-07,6.60736629503362,6.60736629503362,0.0,0.00059618767048381,0.0010996776918826,3.22461700967912,2.95873458497628,0.26588242470284,3.03765757980741e-05,3.03765757980741e-05,0.0733310834695086,0.13526035610156,2.12543199928726,2.12543199928726,1.06522856619588,0.932110226066041,True,True,False,False,False,False,0.518926415838185,0.253436860942111,-0.265489554896074,0.416,0.226,0.999999987680692,0.920041667227071,70.5,88.5,0.10714285714285714,34.5,84.5,0.14795918367346939,0.04081632653061225
cd4_0h_vs_12h,cd4_0h,cd4_12h,REACTOME_REGULATION_OF_LIPID_METABOLISM_BY_PPARALPHA,Vanilla-only significant,99,RXRA,83,2.46964030878651e-07,6.1774102028672e-07,6.60736629503362,6.20919355894615,0.398172736087466,0.00059618767048381,7.93371655046569e-05,3.22461700967912,4.1005233197136,-0.875906310034476,3.03765757980741e-05,7.59821454952666e-05,0.0733310834695086,0.0097584713570728,2.12543199928726,2.02960302707371,1.06522856619588,1.417962696362,True,True,False,True,False,True,0.0188713846178227,0.0100388523041492,-0.00883253231367348,0.016,0.008,1.00000004634002,0.907363340970548,50.5,68.5,0.3112244897959184,68.5,41.5,0.5867346938775511,0.2755102040816327
cd4_0h_vs_12h,cd4_0h,cd4_12h,REACTOME_REGULATION_OF_LIPID_METABOLISM_BY_PPARALPHA,Vanilla-only significant,99,RXRB,84,2.46964030878651e-07,3.59717677613814e-08,6.60736629503362,7.44403821911369,-0.836671924080072,0.00059618767048381,0.000313688994347936,3.22461700967912,3.503500718082,-0.278883708402879,3.03765757980741e-05,4.42452743464991e-06,0.0733310834695086,0.0385837463047961,2.12543199928726,2.31389997788891,1.06522856619588,1.18894726823464,True,True,False,True,False,True,0.0880936815729647,0.0965938700462784,0.00850018847331371,0.08,0.114,0.999999908792744,0.920193173766405,90.0,35.0,0.6530612244897959,52.5,74.5,0.25,-0.40306122448979587
cd4_0h_vs_12h,cd4_0h,cd4_12h,REACTOME_REGULATION_OF_LIPID_METABOLISM_BY_PPARALPHA,Vanilla-only significant,99,SIN3A,85,2.46964030878651e-07,1.49821174952854e-06,6.60736629503362,5.82442680135432,0.782939493679303,0.00059618767048381,0.0010996776918826,3.22461700967912,2.95873458497628,0.26588242470284,3.03765757980741e-05,0.00018428004519201,0.0733310834695086,0.13526035610156,2.12543199928726,1.93249105817205,1.06522856619588,0.932110226066041,True,True,False,False,False,False,0.193668601647685,0.154381421656055,-0.0392871799916298,0.178,0.164,0.999999986493645,0.929561294105119,33.5,45.5,0.5459183673469388,34.5,84.5,0.14795918367346939,-0.3979591836734694
cd4_0h_vs_12h,cd4_0h,cd4_12h,REACTOME_REGULATION_OF_LIPID_METABOLISM_BY_PPARALPHA,Vanilla-only significant,99,SIN3B,86,2.46964030878651e-07,4.62765891657924e-09,6.60736629503362,8.33463865838632,-1.7272723633527,0.00059618767048381,7.93371655046569e-05,3.22461700967912,4.1005233197136,-0.875906310034476,3.03765757980741e-05,5.69202046739247e-07,0.0733310834695086,0.0097584713570728,2.12543199928726,2.49894648741163,1.06522856619588,1.417962696362,True,True,False,True,False,True,0.0863193650775711,0.0814593872648157,-0.00485997781275545,0.078,0.092,1.00000001329078,0.918178699100372,97.0,8.0,0.9285714285714286,68.5,41.5,0.5867346938775511,-0.34183673469387754
cd4_0h_vs_12h,cd4_0h,cd4_12h,REACTOME_REGULATION_OF_LIPID_METABOLISM_BY_PPARALPHA,Vanilla-only significant,99,SLC27A1,87,2.46964030878651e-07,6.1774102028672e-07,6.60736629503362,6.20919355894615,0.398172736087466,0.00059618767048381,0.00196887460329715,3.22461700967912,2.70578194299357,0.518835066685553,3.03765757980741e-05,7.59821454952666e-05,0.0733310834695086,0.242171576205549,2.12543199928726,2.02960302707371,1.06522856619588,0.784778205325666,True,True,False,False,False,False,0.0194842531840095,0.00712444876733784,-0.0123598044166716,0.018,0.006,0.999999927404567,0.895102055340948,50.5,68.5,0.3112244897959184,22.0,66.0,0.336734693877551,0.025510204081632626
cd4_0h_vs_12h,cd4_0h,cd4_12h,REACTOME_REGULATION_OF_LIPID_METABOLISM_BY_PPARALPHA,Vanilla-only significant,99,SMARCD3,88,2.46964030878651e-07,2.46964030878651e-07,6.60736629503362,6.60736629503362,0.0,0.00059618767048381,0.0010996776918826,3.22461700967912,2.95873458497628,0.26588242470284,3.03765757980741e-05,3.03765757980741e-05,0.0733310834695086,0.13526035610156,2.12543199928726,2.12543199928726,1.06522856619588,0.932110226066041,True,True,False,False,False,False,0.00482204591838895,0.0128978405965201,0.00807579467813115,0.004,0.012,0.999999920323283,0.923707706852805,70.5,88.5,0.10714285714285714,34.5,84.5,0.14795918367346939,0.04081632653061225
cd4_0h_vs_12h,cd4_0h,cd4_12h,REACTOME_REGULATION_OF_LIPID_METABOLISM_BY_PPARALPHA,Vanilla-only significant,99,SP1,89,2.46964030878651e-07,1.49821174952854e-06,6.60736629503362,5.82442680135432,0.782939493679303,0.00059618767048381,8.03548663493119e-06,3.22461700967912,5.09498781691362,-1.8703708072345,3.03765757980741e-05,0.00018428004519201,0.0733310834695086,0.000988364856096536,2.12543199928726,1.93249105817205,1.06522856619588,1.73351743731473,True,True,False,True,False,True,0.101646147920823,0.109381118272958,0.00773497035213461,0.094,0.126,1.00000001857219,0.899230355861124,33.5,45.5,0.5459183673469388,91.5,9.5,0.9132653061224489,0.36734693877551017
cd4_0h_vs_12h,cd4_0h,cd4_12h,REACTOME_REGULATION_OF_LIPID_METABOLISM_BY_PPARALPHA,Vanilla-only significant,99,SREBF1,90,2.46964030878651e-07,1.49821174952854e-06,6.60736629503362,5.82442680135432,0.782939493679303,0.00059618767048381,0.00196887460329715,3.22461700967912,2.70578194299357,0.518835066685553,3.03765757980741e-05,0.00018428004519201,0.0733310834695086,0.242171576205549,2.12543199928726,1.93249105817205,1.06522856619588,0.784778205325666,True,True,False,False,False,False,0.0129630207673147,0.0529824110207276,0.0400193902534129,0.012,0.056,1.00000005272697,0.922904002443914,33.5,45.5,0.5459183673469388,22.0,66.0,0.336734693877551,-0.20918367346938777
cd4_0h_vs_12h,cd4_0h,cd4_12h,REACTOME_REGULATION_OF_LIPID_METABOLISM_BY_PPARALPHA,Vanilla-only significant,99,SREBF2,91,2.46964030878651e-07,1.31042954439412e-08,6.60736629503362,7.8825863240523,-1.27522002901868,0.00059618767048381,0.0034223189265975,3.22461700967912,2.46567952091782,0.758937488761304,3.03765757980741e-05,1.61182833960477e-06,0.0733310834695086,0.420945227971492,2.12543199928726,2.40679895558663,1.06522856619588,0.613004412282997,True,True,False,False,False,False,0.0416928976211943,0.110393233718139,0.0687003360969448,0.038,0.122,0.999999958706493,0.917846691633167,94.0,19.0,0.8163265306122449,13.5,48.5,0.5153061224489796,-0.30102040816326536
cd4_0h_vs_12h,cd4_0h,cd4_12h,REACTOME_REGULATION_OF_LIPID_METABOLISM_BY_PPARALPHA,Vanilla-only significant,99,TBL1X,92,2.46964030878651e-07,1.49821174952854e-06,6.60736629503362,5.82442680135432,0.782939493679303,0.00059618767048381,8.03548663493119e-06,3.22461700967912,5.09498781691362,-1.8703708072345,3.03765757980741e-05,0.00018428004519201,0.0733310834695086,0.000988364856096536,2.12543199928726,1.93249105817205,1.06522856619588,1.73351743731473,True,True,False,True,False,True,0.199836669486398,0.441813062651969,0.24197639316557,0.18,0.394,0.999999939091073,0.917941623839211,33.5,45.5,0.5459183673469388,91.5,9.5,0.9132653061224489,0.36734693877551017
cd4_0h_vs_12h,cd4_0h,cd4_12h,REACTOME_REGULATION_OF_LIPID_METABOLISM_BY_PPARALPHA,Vanilla-only significant,99,TBL1XR1,93,2.46964030878651e-07,9.5725425402497e-08,6.60736629503362,7.01897269497718,-0.411606399943558,0.00059618767048381,0.0010996776918826,3.22461700967912,2.95873458497628,0.26588242470284,3.03765757980741e-05,1.17742273245071e-05,0.0733310834695086,0.13526035610156,2.12543199928726,2.2201503515613,1.06522856619588,0.932110226066041,True,True,False,False,False,False,0.311129027658142,0.30534807446869,-0.00578095318945177,0.262,0.302,1.00000000814958,0.927063858467553,84.5,56.5,0.4336734693877551,34.5,84.5,0.14795918367346939,-0.2857142857142857
cd4_0h_vs_12h,cd4_0h,cd4_12h,REACTOME_REGULATION_OF_LIPID_METABOLISM_BY_PPARALPHA,Vanilla-only significant,99,TGS1,94,2.46964030878651e-07,8.03548663493119e-06,6.60736629503362,5.09498781691362,1.51237847812,0.00059618767048381,0.0010996776918826,3.22461700967912,2.95873458497628,0.26588242470284,3.03765757980741e-05,0.000988364856096536,0.0733310834695086,0.13526035610156,2.12543199928726,1.73351743731473,1.06522856619588,0.932110226066041,True,True,False,False,False,False,0.234905843557837,0.550638816226072,0.315732972668235,0.21,0.492,0.999999956367838,0.917370686435733,9.5,13.5,0.8724489795918368,34.5,84.5,0.14795918367346939,-0.7244897959183674
cd4_0h_vs_12h,cd4_0h,cd4_12h,REACTOME_REGULATION_OF_LIPID_METABOLISM_BY_PPARALPHA,Vanilla-only significant,99,THRAP3,95,2.46964030878651e-07,7.93371655046569e-05,6.60736629503362,4.1005233197136,2.50684297532002,0.00059618767048381,3.52341775794401e-06,3.22461700967912,5.45303586115776,-2.22841885147863,3.03765757980741e-05,0.0097584713570728,0.0733310834695086,0.000433380384227113,2.12543199928726,1.417962696362,1.06522856619588,1.83388406114409,True,True,False,True,False,True,0.755228886823767,0.929363205037691,0.174134318213924,0.576,0.712,0.999999943750617,0.922232318920395,3.0,4.0,0.9693877551020408,94.5,5.5,0.9540816326530612,-0.015306122448979553
cd4_0h_vs_12h,cd4_0h,cd4_12h,REACTOME_REGULATION_OF_LIPID_METABOLISM_BY_PPARALPHA,Vanilla-only significant,99,TIAM2,96,2.46964030878651e-07,6.1774102028672e-07,6.60736629503362,6.20919355894615,0.398172736087466,0.00059618767048381,3.81265104892234e-05,3.22461700967912,4.41877294150378,-1.19415593182466,3.03765757980741e-05,7.59821454952666e-05,0.0733310834695086,0.00468956079017448,2.12543199928726,2.02960302707371,1.06522856619588,1.52606285259303,True,True,False,True,False,True,0.0396648840729562,0.0353124858844548,-0.00435239818850138,0.038,0.042,1.00000004799055,0.923380731879427,50.5,68.5,0.3112244897959184,79.5,27.5,0.7295918367346939,0.4183673469387755
cd4_0h_vs_12h,cd4_0h,cd4_12h,REACTOME_REGULATION_OF_LIPID_METABOLISM_BY_PPARALPHA,Vanilla-only significant,99,TNFRSF21,97,2.46964030878651e-07,2.46964030878651e-07,6.60736629503362,6.60736629503362,0.0,0.00059618767048381,0.00059618767048381,3.22461700967912,3.22461700967912,0.0,3.03765757980741e-05,3.03765757980741e-05,0.0733310834695086,0.0733310834695086,2.12543199928726,2.12543199928726,1.06522856619588,1.06522856619588,True,True,False,False,False,False,0.0,0.00311545138178233,0.00311545138178233,0.0,0.004,1.00000001413108,0.914310869181711,70.5,88.5,0.10714285714285714,45.5,95.5,0.03571428571428571,-0.07142857142857142
cd4_0h_vs_12h,cd4_0h,cd4_12h,REACTOME_REGULATION_OF_LIPID_METABOLISM_BY_PPARALPHA,Vanilla-only significant,99,TRIB3,98,2.46964030878651e-07,6.1774102028672e-07,6.60736629503362,6.20919355894615,0.398172736087466,0.00059618767048381,0.00059618767048381,3.22461700967912,3.22461700967912,0.0,3.03765757980741e-05,7.59821454952666e-05,0.0733310834695086,0.0733310834695086,2.12543199928726,2.02960302707371,1.06522856619588,1.06522856619588,True,True,False,False,False,False,0.0307323893485247,0.0979202446003566,0.0671878552518319,0.028,0.104,1.00000002333604,0.914197478804466,50.5,68.5,0.3112244897959184,45.5,95.5,0.03571428571428571,-0.2755102040816327
cd4_0h_vs_12h,cd4_0h,cd4_12h,REACTOME_REGULATION_OF_LIPID_METABOLISM_BY_PPARALPHA,Vanilla-only significant,99,TXNRD1,99,2.46964030878651e-07,7.93371655046569e-05,6.60736629503362,4.1005233197136,2.50684297532002,0.00059618767048381,7.93371655046569e-05,3.22461700967912,4.1005233197136,-0.875906310034476,3.03765757980741e-05,0.0097584713570728,0.0733310834695086,0.0097584713570728,2.12543199928726,1.417962696362,1.06522856619588,1.417962696362,True,True,False,True,False,True,0.13181808441583,0.312979441536908,0.181161357121078,0.118,0.308,1.00000000044756,0.908136729653072,3.0,4.0,0.9693877551020408,68.5,41.5,0.5867346938775511,-0.3826530612244897
cd4_0h_vs_12h,cd4_0h,cd4_12h,REACTOME_SPHINGOLIPID_METABOLISM,Vanilla-only significant,72,ACER1,1,8.03548663493119e-06,8.03548663493119e-06,5.09498781691362,5.09498781691362,0.0,0.0731481276708723,0.0731481276708723,1.13579678577401,1.13579678577401,0.0,0.000988364856096536,0.000988364856096536,1.0,1.0,1.73351743731473,1.73351743731473,0.0,0.0,True,True,False,False,False,False,0.0,0.0,0.0,0.0,0.0,0.999999941555897,0.896102642167898,35.0,60.0,0.16901408450704225,29.5,64.5,0.1056338028169014,-0.06338028169014084
cd4_0h_vs_12h,cd4_0h,cd4_12h,REACTOME_SPHINGOLIPID_METABOLISM,Vanilla-only significant,72,ACER2,2,8.03548663493119e-06,8.03548663493119e-06,5.09498781691362,5.09498781691362,0.0,0.0731481276708723,0.0731481276708723,1.13579678577401,1.13579678577401,0.0,0.000988364856096536,0.000988364856096536,1.0,1.0,1.73351743731473,1.73351743731473,0.0,0.0,True,True,False,False,False,False,0.0,0.00259624106244801,0.00259624106244801,0.0,0.002,0.999999972300609,0.895967295924962,35.0,60.0,0.16901408450704225,29.5,64.5,0.1056338028169014,-0.06338028169014084
cd4_0h_vs_12h,cd4_0h,cd4_12h,REACTOME_SPHINGOLIPID_METABOLISM,Vanilla-only significant,72,ACER3,3,8.03548663493119e-06,3.81265104892234e-05,5.09498781691362,4.41877294150378,0.676214875409841,0.0731481276708723,0.0731481276708723,1.13579678577401,1.13579678577401,0.0,0.000988364856096536,0.00468956079017448,1.0,1.0,1.73351743731473,1.52606285259303,0.0,0.0,True,True,False,False,False,False,0.0356842992601796,0.024986170503979,-0.0106981287562006,0.032,0.03,1.00000009612979,0.93120766788813,8.5,25.5,0.6549295774647887,29.5,64.5,0.1056338028169014,-0.5492957746478874
cd4_0h_vs_12h,cd4_0h,cd4_12h,REACTOME_SPHINGOLIPID_METABOLISM,Vanilla-only significant,72,ALDH3A2,4,8.03548663493119e-06,1.77726970010602e-05,5.09498781691362,4.75024666314563,0.344741153767997,0.0731481276708723,0.0513887607461245,1.13579678577401,1.28913185531754,-0.153335069543525,0.000988364856096536,0.0021860417311304,1.0,1.0,1.73351743731473,1.63105534906276,0.0,0.0,True,True,False,False,False,False,0.0670885848316509,0.0328381630201394,-0.0342504218115114,0.064,0.038,0.999999965020311,0.906897572541672,17.0,42.0,0.4225352112676056,42.0,46.0,0.36619718309859156,-0.056338028169014065
cd4_0h_vs_12h,cd4_0h,cd4_12h,REACTOME_SPHINGOLIPID_METABOLISM,Vanilla-only significant,72,ALDH3B1,5,8.03548663493119e-06,8.03548663493119e-06,5.09498781691362,5.09498781691362,0.0,0.0731481276708723,0.0731481276708723,1.13579678577401,1.13579678577401,0.0,0.000988364856096536,0.000988364856096536,1.0,1.0,1.73351743731473,1.73351743731473,0.0,0.0,True,True,False,False,False,False,0.0,0.0,0.0,0.0,0.0,0.999999992381482,0.910929754151207,35.0,60.0,0.16901408450704225,29.5,64.5,0.1056338028169014,-0.06338028169014084
cd4_0h_vs_12h,cd4_0h,cd4_12h,REACTOME_SPHINGOLIPID_METABOLISM,Vanilla-only significant,72,ARSA,6,8.03548663493119e-06,8.03548663493119e-06,5.09498781691362,5.09498781691362,0.0,0.0731481276708723,0.0731481276708723,1.13579678577401,1.13579678577401,0.0,0.000988364856096536,0.000988364856096536,1.0,1.0,1.73351743731473,1.73351743731473,0.0,0.0,True,True,False,False,False,False,0.0443767158636036,0.0228768647685066,-0.021499851095097,0.042,0.024,0.99999999335914,0.914117404349556,35.0,60.0,0.16901408450704225,29.5,64.5,0.1056338028169014,-0.06338028169014084
cd4_0h_vs_12h,cd4_0h,cd4_12h,REACTOME_SPHINGOLIPID_METABOLISM,Vanilla-only significant,72,ARSB,7,8.03548663493119e-06,8.03548663493119e-06,5.09498781691362,5.09498781691362,0.0,0.0731481276708723,0.0731481276708723,1.13579678577401,1.13579678577401,0.0,0.000988364856096536,0.000988364856096536,1.0,1.0,1.73351743731473,1.73351743731473,0.0,0.0,True,True,False,False,False,False,0.0155229404085668,0.0150387478472495,-0.000484192561317303,0.014,0.02,1.0000000031112,0.916675310262567,35.0,60.0,0.16901408450704225,29.5,64.5,0.1056338028169014,-0.06338028169014084
cd4_0h_vs_12h,cd4_0h,cd4_12h,REACTOME_SPHINGOLIPID_METABOLISM,Vanilla-only significant,72,ARSD,8,8.03548663493119e-06,3.52341775794401e-06,5.09498781691362,5.45303586115776,-0.358048044244133,0.0731481276708723,0.0513887607461245,1.13579678577401,1.28913185531754,-0.153335069543525,0.000988364856096536,0.000433380384227113,1.0,1.0,1.73351743731473,1.83388406114409,0.0,0.0,True,True,False,False,False,False,0.00194801165697046,0.0,-0.00194801165697046,0.002,0.0,1.00000000825678,0.921016119129001,51.5,32.5,0.5563380281690141,42.0,46.0,0.36619718309859156,-0.19014084507042256
cd4_0h_vs_12h,cd4_0h,cd4_12h,REACTOME_SPHINGOLIPID_METABOLISM,Vanilla-only significant,72,ARSG,9,8.03548663493119e-06,3.52341775794401e-06,5.09498781691362,5.45303586115776,-0.358048044244133,0.0731481276708723,0.0233436169134307,1.13579678577401,1.63183185249604,-0.496035066722033,0.000988364856096536,0.000433380384227113,1.0,1.0,1.73351743731473,1.83388406114409,0.0,0.0,True,True,False,False,False,False,0.0729149821332858,0.0376361430005304,-0.0352788391327555,0.068,0.042,0.999999977391478,0.934879742054596,51.5,32.5,0.5563380281690141,56.5,22.5,0.6971830985915493,0.14084507042253513
cd4_0h_vs_12h,cd4_0h,cd4_12h,REACTOME_SPHINGOLIPID_METABOLISM,Vanilla-only significant,72,ARSK,10,8.03548663493119e-06,8.03548663493119e-06,5.09498781691362,5.09498781691362,0.0,0.0731481276708723,0.0513887607461245,1.13579678577401,1.28913185531754,-0.153335069543525,0.000988364856096536,0.000988364856096536,1.0,1.0,1.73351743731473,1.73351743731473,0.0,0.0,True,True,False,False,False,False,0.0473735342508582,0.0281054296550829,-0.0192681045957753,0.04,0.032,1.00000008224329,0.880472916992284,35.0,60.0,0.16901408450704225,42.0,46.0,0.36619718309859156,0.1971830985915493
cd4_0h_vs_12h,cd4_0h,cd4_12h,REACTOME_SPHINGOLIPID_METABOLISM,Vanilla-only significant,72,ASAH1,11,8.03548663493119e-06,3.52341775794401e-06,5.09498781691362,5.45303586115776,-0.358048044244133,0.0731481276708723,0.631270397757246,1.13579678577401,0.199784575621334,0.936012210152677,0.000988364856096536,0.000433380384227113,1.0,1.0,1.73351743731473,1.83388406114409,0.0,0.0,True,True,False,False,False,False,0.267839714943434,0.128940732761574,-0.13889898218186,0.23,0.142,1.00000002918415,0.941423992348291,51.5,32.5,0.5563380281690141,1.0,9.0,0.8873239436619719,0.33098591549295775
cd4_0h_vs_12h,cd4_0h,cd4_12h,REACTOME_SPHINGOLIPID_METABOLISM,Vanilla-only significant,72,ASAH2,12,8.03548663493119e-06,8.03548663493119e-06,5.09498781691362,5.09498781691362,0.0,0.0731481276708723,0.0513887607461245,1.13579678577401,1.28913185531754,-0.153335069543525,0.000988364856096536,0.000988364856096536,1.0,1.0,1.73351743731473,1.73351743731473,0.0,0.0,True,True,False,False,False,False,0.0023763098561671,0.00403917900142126,0.00166286914525416,0.002,0.004,0.999999972516404,0.89373488494698,35.0,60.0,0.16901408450704225,42.0,46.0,0.36619718309859156,0.1971830985915493
cd4_0h_vs_12h,cd4_0h,cd4_12h,REACTOME_SPHINGOLIPID_METABOLISM,Vanilla-only significant,72,B3GALNT1,13,8.03548663493119e-06,1.77726970010602e-05,5.09498781691362,4.75024666314563,0.344741153767997,0.0731481276708723,0.179741341532766,1.13579678577401,0.745352021196044,0.390444764577966,0.000988364856096536,0.0021860417311304,1.0,1.0,1.73351743731473,1.63105534906276,0.0,0.0,True,True,False,False,False,False,0.00253778045967913,0.0129015933651026,0.0103638129054234,0.004,0.016,1.00000007353385,0.917518945939763,17.0,42.0,0.4225352112676056,9.0,27.0,0.6338028169014085,0.21126760563380287
cd4_0h_vs_12h,cd4_0h,cd4_12h,REACTOME_SPHINGOLIPID_METABOLISM,Vanilla-only significant,72,B4GALNT1,14,8.03548663493119e-06,8.03548663493119e-06,5.09498781691362,5.09498781691362,0.0,0.0731481276708723,0.0731481276708723,1.13579678577401,1.13579678577401,0.0,0.000988364856096536,0.000988364856096536,1.0,1.0,1.73351743731473,1.73351743731473,0.0,0.0,True,True,False,False,False,False,0.0,0.0,0.0,0.0,0.0,1.00000002922091,0.912785493333021,35.0,60.0,0.16901408450704225,29.5,64.5,0.1056338028169014,-0.06338028169014084
cd4_0h_vs_12h,cd4_0h,cd4_12h,REACTOME_SPHINGOLIPID_METABOLISM,Vanilla-only significant,72,CERK,15,8.03548663493119e-06,1.49821174952854e-06,5.09498781691362,5.82442680135432,-0.729438984440692,0.0731481276708723,0.179741341532766,1.13579678577401,0.745352021196044,0.390444764577966,0.000988364856096536,0.00018428004519201,1.0,1.0,1.73351743731473,1.93249105817205,0.0,0.0,True,True,False,False,False,False,0.236670082854402,0.0912754738598483,-0.145394608994554,0.204,0.1,0.99999996334063,0.888312493001504,60.0,18.0,0.7605633802816901,9.0,27.0,0.6338028169014085,-0.12676056338028163
cd4_0h_vs_12h,cd4_0h,cd4_12h,REACTOME_SPHINGOLIPID_METABOLISM,Vanilla-only significant,72,CERS2,16,8.03548663493119e-06,8.03548663493119e-06,5.09498781691362,5.09498781691362,0.0,0.0731481276708723,0.0351222601892017,1.13579678577401,1.45441754412943,-0.318620758355418,0.000988364856096536,0.000988364856096536,1.0,1.0,1.73351743731473,1.73351743731473,0.0,0.0,True,True,False,False,False,False,0.171512879523158,0.121178636305097,-0.0503342432180607,0.152,0.138,0.999999975614148,0.902267155980396,35.0,60.0,0.16901408450704225,50.5,33.5,0.5422535211267606,0.37323943661971837
cd4_0h_vs_12h,cd4_0h,cd4_12h,REACTOME_SPHINGOLIPID_METABOLISM,Vanilla-only significant,72,CERS3,17,8.03548663493119e-06,8.03548663493119e-06,5.09498781691362,5.09498781691362,0.0,0.0731481276708723,0.0731481276708723,1.13579678577401,1.13579678577401,0.0,0.000988364856096536,0.000988364856096536,1.0,1.0,1.73351743731473,1.73351743731473,0.0,0.0,True,True,False,False,False,False,0.0,0.0,0.0,0.0,0.0,0.999999956927884,0.935090554247614,35.0,60.0,0.16901408450704225,29.5,64.5,0.1056338028169014,-0.06338028169014084
cd4_0h_vs_12h,cd4_0h,cd4_12h,REACTOME_SPHINGOLIPID_METABOLISM,Vanilla-only significant,72,CERS4,18,8.03548663493119e-06,8.03548663493119e-06,5.09498781691362,5.09498781691362,0.0,0.0731481276708723,0.00946978291842922,1.13579678577401,2.02365997647813,-0.88786319070412,0.000988364856096536,0.000988364856096536,1.0,1.0,1.73351743731473,1.73351743731473,0.0,0.0,True,True,False,False,False,False,0.0405919552420031,0.0481949112631254,0.00760295602112234,0.038,0.054,0.999999962153917,0.932251870218419,35.0,60.0,0.16901408450704225,62.5,11.5,0.852112676056338,0.6830985915492958
cd4_0h_vs_12h,cd4_0h,cd4_12h,REACTOME_SPHINGOLIPID_METABOLISM,Vanilla-only significant,72,CERS5,19,8.03548663493119e-06,8.03548663493119e-06,5.09498781691362,5.09498781691362,0.0,0.0731481276708723,0.136726085875245,1.13579678577401,0.864148618783426,0.271648166990585,0.000988364856096536,0.000988364856096536,1.0,1.0,1.73351743731473,1.73351743731473,0.0,0.0,True,True,False,False,False,False,0.146039745708678,0.11554691025756,-0.0304928354511182,0.132,0.136,0.999999970455534,0.927426516477095,35.0,60.0,0.16901408450704225,13.5,39.5,0.45774647887323944,0.2887323943661972
cd4_0h_vs_12h,cd4_0h,cd4_12h,REACTOME_SPHINGOLIPID_METABOLISM,Vanilla-only significant,72,CERS6,20,8.03548663493119e-06,1.77726970010602e-05,5.09498781691362,4.75024666314563,0.344741153767997,0.0731481276708723,0.0513887607461245,1.13579678577401,1.28913185531754,-0.153335069543525,0.000988364856096536,0.0021860417311304,1.0,1.0,1.73351743731473,1.63105534906276,0.0,0.0,True,True,False,False,False,False,0.178744023328266,0.104973315021052,-0.073770708307214,0.16,0.118,0.999999970455534,0.927426516477095,17.0,42.0,0.4225352112676056,42.0,46.0,0.36619718309859156,-0.056338028169014065
cd4_0h_vs_12h,cd4_0h,cd4_12h,REACTOME_SPHINGOLIPID_METABOLISM,Vanilla-only significant,72,CPTP,21,8.03548663493119e-06,7.93371655046569e-05,5.09498781691362,4.1005233197136,0.994464497200023,0.0731481276708723,0.101341801629482,1.13579678577401,0.994211379196843,0.141585406577167,0.000988364856096536,0.0097584713570728,1.0,1.0,1.73351743731473,1.417962696362,0.0,0.0,True,True,False,False,False,False,0.0528006343696131,0.0446510450273194,-0.0081495893422937,0.05,0.054,1.00000001787076,0.913940324834541,4.5,12.5,0.8380281690140845,18.5,53.5,0.2605633802816901,-0.5774647887323944
cd4_0h_vs_12h,cd4_0h,cd4_12h,REACTOME_SPHINGOLIPID_METABOLISM,Vanilla-only significant,72,CSNK1G2,22,8.03548663493119e-06,1.77726970010602e-05,5.09498781691362,4.75024666314563,0.344741153767997,0.0731481276708723,0.0034223189265975,1.13579678577401,2.46567952091782,-1.32988273514381,0.000988364856096536,0.0021860417311304,1.0,0.420945227971492,1.73351743731473,1.63105534906276,0.0,0.613004412282997,True,True,False,False,False,False,0.36702810334462,0.307566035258163,-0.0594620680864573,0.308,0.31,0.999999935701298,0.905540326785924,17.0,42.0,0.4225352112676056,67.0,6.0,0.9295774647887324,0.5070422535211268
cd4_0h_vs_12h,cd4_0h,cd4_12h,REACTOME_SPHINGOLIPID_METABOLISM,Vanilla-only significant,72,CTSA,23,8.03548663493119e-06,6.1774102028672e-07,5.09498781691362,6.20919355894615,-1.11420574203253,0.0731481276708723,0.0351222601892017,1.13579678577401,1.45441754412943,-0.318620758355418,0.000988364856096536,7.59821454952666e-05,1.0,1.0,1.73351743731473,2.02960302707371,0.0,0.0,True,True,False,False,False,False,0.0641884174131969,0.112998635863602,0.0488102184504051,0.06,0.122,0.999999928922229,0.930342388252885,66.0,10.0,0.8732394366197183,50.5,33.5,0.5422535211267606,-0.33098591549295764
cd4_0h_vs_12h,cd4_0h,cd4_12h,REACTOME_SPHINGOLIPID_METABOLISM,Vanilla-only significant,72,DEGS1,24,8.03548663493119e-06,1.31042954439412e-08,5.09498781691362,7.8825863240523,-2.78759850713867,0.0731481276708723,0.49107566468588,1.13579678577401,0.308851586850884,0.826945198923127,0.000988364856096536,1.61182833960477e-06,1.0,1.0,1.73351743731473,2.40679895558663,0.0,0.0,True,True,False,False,False,False,0.202062375785706,0.106354241055687,-0.0957081347300196,0.184,0.116,1.00000000343172,0.926540209215798,71.0,2.0,0.9859154929577465,2.0,14.0,0.8169014084507042,-0.16901408450704225
cd4_0h_vs_12h,cd4_0h,cd4_12h,REACTOME_SPHINGOLIPID_METABOLISM,Vanilla-only significant,72,DEGS2,25,8.03548663493119e-06,8.03548663493119e-06,5.09498781691362,5.09498781691362,0.0,0.0731481276708723,0.0731481276708723,1.13579678577401,1.13579678577401,0.0,0.000988364856096536,0.000988364856096536,1.0,1.0,1.73351743731473,1.73351743731473,0.0,0.0,True,True,False,False,False,False,0.00282094608942369,0.0,-0.00282094608942369,0.002,0.0,1.00000003011052,0.925843334312953,35.0,60.0,0.16901408450704225,29.5,64.5,0.1056338028169014,-0.06338028169014084
cd4_0h_vs_12h,cd4_0h,cd4_12h,REACTOME_SPHINGOLIPID_METABOLISM,Vanilla-only significant,72,ESYT1,26,8.03548663493119e-06,1.77726970010602e-05,5.09498781691362,4.75024666314563,0.344741153767997,0.0731481276708723,0.0513887607461245,1.13579678577401,1.28913185531754,-0.153335069543525,0.000988364856096536,0.0021860417311304,1.0,1.0,1.73351743731473,1.63105534906276,0.0,0.0,True,True,False,False,False,False,0.217387166973965,0.115623276013535,-0.10176389096043,0.192,0.116,1.00000001311014,0.915839542722802,17.0,42.0,0.4225352112676056,42.0,46.0,0.36619718309859156,-0.056338028169014065
cd4_0h_vs_12h,cd4_0h,cd4_12h,REACTOME_SPHINGOLIPID_METABOLISM,Vanilla-only significant,72,ESYT2,27,8.03548663493119e-06,1.49821174952854e-06,5.09498781691362,5.82442680135432,-0.729438984440692,0.0731481276708723,0.0351222601892017,1.13579678577401,1.45441754412943,-0.318620758355418,0.000988364856096536,0.00018428004519201,1.0,1.0,1.73351743731473,1.93249105817205,0.0,0.0,True,True,False,False,False,False,0.201146280199461,0.115934509883543,-0.0852117703159174,0.176,0.126,0.999999887177889,0.90440569313139,60.0,18.0,0.7605633802816901,50.5,33.5,0.5422535211267606,-0.2183098591549295
cd4_0h_vs_12h,cd4_0h,cd4_12h,REACTOME_SPHINGOLIPID_METABOLISM,Vanilla-only significant,72,ESYT3,28,8.03548663493119e-06,8.03548663493119e-06,5.09498781691362,5.09498781691362,0.0,0.0731481276708723,0.0513887607461245,1.13579678577401,1.28913185531754,-0.153335069543525,0.000988364856096536,0.000988364856096536,1.0,1.0,1.73351743731473,1.73351743731473,0.0,0.0,True,True,False,False,False,False,0.0,0.00129048989387316,0.00129048989387316,0.0,0.002,0.999999969301075,0.905713119306381,35.0,60.0,0.16901408450704225,42.0,46.0,0.36619718309859156,0.1971830985915493
cd4_0h_vs_12h,cd4_0h,cd4_12h,REACTOME_SPHINGOLIPID_METABOLISM,Vanilla-only significant,72,GALC,29,8.03548663493119e-06,1.77726970010602e-05,5.09498781691362,4.75024666314563,0.344741153767997,0.0731481276708723,0.0351222601892017,1.13579678577401,1.45441754412943,-0.318620758355418,0.000988364856096536,0.0021860417311304,1.0,1.0,1.73351743731473,1.63105534906276,0.0,0.0,True,True,False,False,False,False,0.022431368593504,0.010428488085461,-0.012002880508043,0.02,0.014,0.999999997150603,0.930434753540678,17.0,42.0,0.4225352112676056,50.5,33.5,0.5422535211267606,0.11971830985915499
cd4_0h_vs_12h,cd4_0h,cd4_12h,REACTOME_SPHINGOLIPID_METABOLISM,Vanilla-only significant,72,GBA2,30,8.03548663493119e-06,6.1774102028672e-07,5.09498781691362,6.20919355894615,-1.11420574203253,0.0731481276708723,0.230392335941705,1.13579678577401,0.63753197192238,0.498264813851631,0.000988364856096536,7.59821454952666e-05,1.0,1.0,1.73351743731473,2.02960302707371,0.0,0.0,True,True,False,False,False,False,0.0588641234145482,0.0469563359600814,-0.0119077874544668,0.056,0.056,0.999999967514707,0.918872011532489,66.0,10.0,0.8732394366197183,6.0,20.0,0.7323943661971831,-0.14084507042253513
cd4_0h_vs_12h,cd4_0h,cd4_12h,REACTOME_SPHINGOLIPID_METABOLISM,Vanilla-only significant,72,GLA,31,8.03548663493119e-06,8.03548663493119e-06,5.09498781691362,5.09498781691362,0.0,0.0731481276708723,0.136726085875245,1.13579678577401,0.864148618783426,0.271648166990585,0.000988364856096536,0.000988364856096536,1.0,1.0,1.73351743731473,1.73351743731473,0.0,0.0,True,True,False,False,False,False,0.0220828579768866,0.066713240413543,0.0446303824366564,0.02,0.084,0.99999994699827,0.918639100442403,35.0,60.0,0.16901408450704225,13.5,39.5,0.45774647887323944,0.2887323943661972
cd4_0h_vs_12h,cd4_0h,cd4_12h,REACTOME_SPHINGOLIPID_METABOLISM,Vanilla-only significant,72,GLB1,32,8.03548663493119e-06,1.49821174952854e-06,5.09498781691362,5.82442680135432,-0.729438984440692,0.0731481276708723,0.0731481276708723,1.13579678577401,1.13579678577401,0.0,0.000988364856096536,0.00018428004519201,1.0,1.0,1.73351743731473,1.93249105817205,0.0,0.0,True,True,False,False,False,False,0.031900815141749,0.060852783673088,0.028951968531339,0.032,0.076,0.999999981952397,0.934178329763162,60.0,18.0,0.7605633802816901,29.5,64.5,0.1056338028169014,-0.6549295774647887
cd4_0h_vs_12h,cd4_0h,cd4_12h,REACTOME_SPHINGOLIPID_METABOLISM,Vanilla-only significant,72,GLB1L,33,8.03548663493119e-06,1.49821174952854e-06,5.09498781691362,5.82442680135432,-0.729438984440692,0.0731481276708723,0.0150822934297104,1.13579678577401,1.82153261416016,-0.685735828386147,0.000988364856096536,0.00018428004519201,1.0,1.0,1.73351743731473,1.93249105817205,0.0,0.0,True,True,False,False,False,False,0.0425128304942854,0.0169398407907886,-0.0255729897034968,0.038,0.018,0.999999927648818,0.912456475324563,60.0,18.0,0.7605633802816901,59.5,15.5,0.795774647887324,0.03521126760563387
cd4_0h_vs_12h,cd4_0h,cd4_12h,REACTOME_SPHINGOLIPID_METABOLISM,Vanilla-only significant,72,GLTP,34,8.03548663493119e-06,3.81265104892234e-05,5.09498781691362,4.41877294150378,0.676214875409841,0.0731481276708723,0.288162930520753,1.13579678577401,0.540361887872263,0.595434897901747,0.000988364856096536,0.00468956079017448,1.0,1.0,1.73351743731473,1.52606285259303,0.0,0.0,True,True,False,False,False,False,0.151984639989809,0.179342343416217,0.0273577034264073,0.136,0.202,1.00000007194957,0.92886074947554,8.5,25.5,0.6549295774647887,4.0,18.0,0.7605633802816901,0.10563380281690138
cd4_0h_vs_12h,cd4_0h,cd4_12h,REACTOME_SPHINGOLIPID_METABOLISM,Vanilla-only significant,72,GM2A,35,8.03548663493119e-06,1.77726970010602e-05,5.09498781691362,4.75024666314563,0.344741153767997,0.0731481276708723,0.288162930520753,1.13579678577401,0.540361887872263,0.595434897901747,0.000988364856096536,0.0021860417311304,1.0,1.0,1.73351743731473,1.63105534906276,0.0,0.0,True,True,False,False,False,False,0.0163698025904293,0.00881214695420109,-0.00755765563622825,0.014,0.01,0.999999978975838,0.935347973755448,17.0,42.0,0.4225352112676056,4.0,18.0,0.7605633802816901,0.3380281690140845
cd4_0h_vs_12h,cd4_0h,cd4_12h,REACTOME_SPHINGOLIPID_METABOLISM,Vanilla-only significant,72,HEXA,36,8.03548663493119e-06,8.03548663493119e-06,5.09498781691362,5.09498781691362,0.0,0.0731481276708723,0.0351222601892017,1.13579678577401,1.45441754412943,-0.318620758355418,0.000988364856096536,0.000988364856096536,1.0,1.0,1.73351743731473,1.73351743731473,0.0,0.0,True,True,False,False,False,False,0.223985318167142,0.16622042833962,-0.0577648898275214,0.204,0.186,0.999999995901123,0.931894351299021,35.0,60.0,0.16901408450704225,50.5,33.5,0.5422535211267606,0.37323943661971837
cd4_0h_vs_12h,cd4_0h,cd4_12h,REACTOME_SPHINGOLIPID_METABOLISM,Vanilla-only significant,72,HEXB,37,8.03548663493119e-06,9.5725425402497e-08,5.09498781691362,7.01897269497718,-1.92398487806355,0.0731481276708723,0.0513887607461245,1.13579678577401,1.28913185531754,-0.153335069543525,0.000988364856096536,1.17742273245071e-05,1.0,1.0,1.73351743731473,2.2201503515613,0.0,0.0,True,True,False,False,False,False,0.119748144629791,0.115042803928016,-0.00470534070177404,0.11,0.122,0.999999956702897,0.912238032139514,70.0,3.0,0.971830985915493,42.0,46.0,0.36619718309859156,-0.6056338028169015
cd4_0h_vs_12h,cd4_0h,cd4_12h,REACTOME_SPHINGOLIPID_METABOLISM,Vanilla-only significant,72,KDSR,38,8.03548663493119e-06,3.52341775794401e-06,5.09498781691362,5.45303586115776,-0.358048044244133,0.0731481276708723,0.0233436169134307,1.13579678577401,1.63183185249604,-0.496035066722033,0.000988364856096536,0.000433380384227113,1.0,1.0,1.73351743731473,1.83388406114409,0.0,0.0,True,True,False,False,False,False,0.191552991940437,0.315796546025469,0.124243554085032,0.174,0.308,1.00000001607794,0.924234264870697,51.5,32.5,0.5563380281690141,56.5,22.5,0.6971830985915493,0.14084507042253513
cd4_0h_vs_12h,cd4_0h,cd4_12h,REACTOME_SPHINGOLIPID_METABOLISM,Vanilla-only significant,72,NEU1,39,8.03548663493119e-06,8.03548663493119e-06,5.09498781691362,5.09498781691362,0.0,0.0731481276708723,0.179741341532766,1.13579678577401,0.745352021196044,0.390444764577966,0.000988364856096536,0.000988364856096536,1.0,1.0,1.73351743731473,1.73351743731473,0.0,0.0,True,True,False,False,False,False,0.037883990832826,0.078667013889821,0.040783023056995,0.036,0.094,1.00000000500757,0.903256036178312,35.0,60.0,0.16901408450704225,9.0,27.0,0.6338028169014085,0.46478873239436624
cd4_0h_vs_12h,cd4_0h,cd4_12h,REACTOME_SPHINGOLIPID_METABOLISM,Vanilla-only significant,72,NEU3,40,8.03548663493119e-06,8.03548663493119e-06,5.09498781691362,5.09498781691362,0.0,0.0731481276708723,0.136726085875245,1.13579678577401,0.864148618783426,0.271648166990585,0.000988364856096536,0.000988364856096536,1.0,1.0,1.73351743731473,1.73351743731473,0.0,0.0,True,True,False,False,False,False,0.0179244954917087,0.0424519378899997,0.0245274423982909,0.016,0.05,1.00000003020673,0.918677060890597,35.0,60.0,0.16901408450704225,13.5,39.5,0.45774647887323944,0.2887323943661972
cd4_0h_vs_12h,cd4_0h,cd4_12h,REACTOME_SPHINGOLIPID_METABOLISM,Vanilla-only significant,72,ORMDL1,41,8.03548663493119e-06,0.000313688994347936,5.09498781691362,3.503500718082,1.59148709883162,0.0731481276708723,0.0731481276708723,1.13579678577401,1.13579678577401,0.0,0.000988364856096536,0.0385837463047961,1.0,1.0,1.73351743731473,1.18894726823464,0.0,0.0,True,True,False,False,False,False,0.743527555285358,0.612656797066004,-0.130870758219354,0.568,0.546,0.999999972215714,0.922448115056259,1.5,4.5,0.9507042253521126,29.5,64.5,0.1056338028169014,-0.8450704225352113
cd4_0h_vs_12h,cd4_0h,cd4_12h,REACTOME_SPHINGOLIPID_METABOLISM,Vanilla-only significant,72,ORMDL2,42,8.03548663493119e-06,0.000313688994347936,5.09498781691362,3.503500718082,1.59148709883162,0.0731481276708723,0.000313688994347936,1.13579678577401,3.503500718082,-2.36770393230799,0.000988364856096536,0.0385837463047961,1.0,0.0385837463047961,1.73351743731473,1.18894726823464,0.0,1.18894726823464,True,True,False,True,False,True,0.17485276332972,0.31229429843239,0.13744153510267,0.154,0.326,0.999999945702429,0.923132948689888,1.5,4.5,0.9507042253521126,71.5,1.5,0.9929577464788732,0.04225352112676062
cd4_0h_vs_12h,cd4_0h,cd4_12h,REACTOME_SPHINGOLIPID_METABOLISM,Vanilla-only significant,72,ORMDL3,43,8.03548663493119e-06,8.03548663493119e-06,5.09498781691362,5.09498781691362,0.0,0.0731481276708723,0.00946978291842922,1.13579678577401,2.02365997647813,-0.88786319070412,0.000988364856096536,0.000988364856096536,1.0,1.0,1.73351743731473,1.73351743731473,0.0,0.0,True,True,False,False,False,False,0.13457930881364,0.100323692832751,-0.0342556159808894,0.12,0.102,0.999999960653896,0.919275544952619,35.0,60.0,0.16901408450704225,62.5,11.5,0.852112676056338,0.6830985915492958
cd4_0h_vs_12h,cd4_0h,cd4_12h,REACTOME_SPHINGOLIPID_METABOLISM,Vanilla-only significant,72,OSBP,44,8.03548663493119e-06,8.03548663493119e-06,5.09498781691362,5.09498781691362,0.0,0.0731481276708723,0.0034223189265975,1.13579678577401,2.46567952091782,-1.32988273514381,0.000988364856096536,0.000988364856096536,1.0,0.420945227971492,1.73351743731473,1.73351743731473,0.0,0.613004412282997,True,True,False,False,False,False,0.148163433229994,0.213156143010896,0.0649927097809013,0.136,0.234,0.999999946735403,0.895095588612461,35.0,60.0,0.16901408450704225,67.0,6.0,0.9295774647887324,0.7605633802816901
cd4_0h_vs_12h,cd4_0h,cd4_12h,REACTOME_SPHINGOLIPID_METABOLISM,Vanilla-only significant,72,PLPP1,45,8.03548663493119e-06,6.1774102028672e-07,5.09498781691362,6.20919355894615,-1.11420574203253,0.0731481276708723,0.0731481276708723,1.13579678577401,1.13579678577401,0.0,0.000988364856096536,7.59821454952666e-05,1.0,1.0,1.73351743731473,2.02960302707371,0.0,0.0,True,True,False,False,False,False,0.0296422631953784,0.0333706042753855,0.00372834108000709,0.028,0.036,1.0000000460556,0.930580468298904,66.0,10.0,0.8732394366197183,29.5,64.5,0.1056338028169014,-0.7676056338028169
cd4_0h_vs_12h,cd4_0h,cd4_12h,REACTOME_SPHINGOLIPID_METABOLISM,Vanilla-only significant,72,PLPP2,46,8.03548663493119e-06,8.03548663493119e-06,5.09498781691362,5.09498781691362,0.0,0.0731481276708723,0.0731481276708723,1.13579678577401,1.13579678577401,0.0,0.000988364856096536,0.000988364856096536,1.0,1.0,1.73351743731473,1.73351743731473,0.0,0.0,True,True,False,False,False,False,0.0,0.0,0.0,0.0,0.0,0.999999975685953,0.931095467361687,35.0,60.0,0.16901408450704225,29.5,64.5,0.1056338028169014,-0.06338028169014084
cd4_0h_vs_12h,cd4_0h,cd4_12h,REACTOME_SPHINGOLIPID_METABOLISM,Vanilla-only significant,72,PPM1L,47,8.03548663493119e-06,1.77726970010602e-05,5.09498781691362,4.75024666314563,0.344741153767997,0.0731481276708723,0.136726085875245,1.13579678577401,0.864148618783426,0.271648166990585,0.000988364856096536,0.0021860417311304,1.0,1.0,1.73351743731473,1.63105534906276,0.0,0.0,True,True,False,False,False,False,0.00627459969715609,0.00234598241908492,-0.00392861727807117,0.006,0.002,1.00000001618052,0.924617853460173,17.0,42.0,0.4225352112676056,13.5,39.5,0.45774647887323944,0.03521126760563381
cd4_0h_vs_12h,cd4_0h,cd4_12h,REACTOME_SPHINGOLIPID_METABOLISM,Vanilla-only significant,72,PRKD2,48,8.03548663493119e-06,1.49821174952854e-06,5.09498781691362,5.82442680135432,-0.729438984440692,0.0731481276708723,0.101341801629482,1.13579678577401,0.994211379196843,0.141585406577167,0.000988364856096536,0.00018428004519201,1.0,1.0,1.73351743731473,1.93249105817205,0.0,0.0,True,True,False,False,False,False,0.124748033391479,0.151109506393522,0.0263614730020426,0.11,0.154,1.00000004346954,0.922327250853815,60.0,18.0,0.7605633802816901,18.5,53.5,0.2605633802816901,-0.5
cd4_0h_vs_12h,cd4_0h,cd4_12h,REACTOME_SPHINGOLIPID_METABOLISM,Vanilla-only significant,72,PRKD3,49,8.03548663493119e-06,3.52341775794401e-06,5.09498781691362,5.45303586115776,-0.358048044244133,0.0731481276708723,0.00577645522630862,1.13579678577401,2.23833858855416,-1.10254180278015,0.000988364856096536,0.000433380384227113,1.0,0.71050399283596,1.73351743731473,1.83388406114409,0.0,0.385270654364906,True,True,False,False,False,False,0.199288587617661,0.181280806889999,-0.018007780727662,0.176,0.184,0.999999930150218,0.922006668699816,51.5,32.5,0.5563380281690141,65.0,8.0,0.9014084507042254,0.34507042253521125
cd4_0h_vs_12h,cd4_0h,cd4_12h,REACTOME_SPHINGOLIPID_METABOLISM,Vanilla-only significant,72,PSAP,50,8.03548663493119e-06,2.46964030878651e-07,5.09498781691362,6.60736629503362,-1.51237847812,0.0731481276708723,0.00059618767048381,1.13579678577401,3.22461700967912,-2.08882022390511,0.000988364856096536,3.03765757980741e-05,1.0,0.0733310834695086,1.73351743731473,2.12543199928726,0.0,1.06522856619588,True,True,False,False,False,False,0.221814135211877,0.170683762891649,-0.0511303723202282,0.196,0.182,1.00000002948642,0.895089140887022,68.5,6.5,0.9225352112676056,70.0,3.0,0.971830985915493,0.04929577464788737
cd4_0h_vs_12h,cd4_0h,cd4_12h,REACTOME_SPHINGOLIPID_METABOLISM,Vanilla-only significant,72,SAMD8,51,8.03548663493119e-06,2.46964030878651e-07,5.09498781691362,6.60736629503362,-1.51237847812,0.0731481276708723,0.00196887460329715,1.13579678577401,2.70578194299357,-1.56998515721956,0.000988364856096536,3.03765757980741e-05,1.0,0.242171576205549,1.73351743731473,2.12543199928726,0.0,0.784778205325666,True,True,False,False,False,False,0.086850195310514,0.0681934854985516,-0.0186567098119624,0.076,0.074,0.999999998861743,0.935946194204684,68.5,6.5,0.9225352112676056,69.0,4.0,0.9577464788732394,0.035211267605633756
cd4_0h_vs_12h,cd4_0h,cd4_12h,REACTOME_SPHINGOLIPID_METABOLISM,Vanilla-only significant,72,SGMS1,52,8.03548663493119e-06,3.81265104892234e-05,5.09498781691362,4.41877294150378,0.676214875409841,0.0731481276708723,0.179741341532766,1.13579678577401,0.745352021196044,0.390444764577966,0.000988364856096536,0.00468956079017448,1.0,1.0,1.73351743731473,1.52606285259303,0.0,0.0,True,True,False,False,False,False,0.0568444746039096,0.0514848467759463,-0.00535962782796333,0.052,0.062,1.00000005294476,0.923024499216443,8.5,25.5,0.6549295774647887,9.0,27.0,0.6338028169014085,-0.021126760563380254
cd4_0h_vs_12h,cd4_0h,cd4_12h,REACTOME_SPHINGOLIPID_METABOLISM,Vanilla-only significant,72,SGPL1,53,8.03548663493119e-06,1.49821174952854e-06,5.09498781691362,5.82442680135432,-0.729438984440692,0.0731481276708723,0.00946978291842922,1.13579678577401,2.02365997647813,-0.88786319070412,0.000988364856096536,0.00018428004519201,1.0,1.0,1.73351743731473,1.93249105817205,0.0,0.0,True,True,False,False,False,False,0.0357436036754857,0.0493436258939174,0.0136000222184317,0.032,0.056,0.999999957477086,0.93467025201688,60.0,18.0,0.7605633802816901,62.5,11.5,0.852112676056338,0.09154929577464788
cd4_0h_vs_12h,cd4_0h,cd4_12h,REACTOME_SPHINGOLIPID_METABOLISM,Vanilla-only significant,72,SGPP1,54,8.03548663493119e-06,3.52341775794401e-06,5.09498781691362,5.45303586115776,-0.358048044244133,0.0731481276708723,0.179741341532766,1.13579678577401,0.745352021196044,0.390444764577966,0.000988364856096536,0.000433380384227113,1.0,1.0,1.73351743731473,1.83388406114409,0.0,0.0,True,True,False,False,False,False,0.0411412971017199,0.0225980422626218,-0.0185432548390981,0.038,0.024,0.999999959536399,0.900689670062191,51.5,32.5,0.5563380281690141,9.0,27.0,0.6338028169014085,0.07746478873239437
cd4_0h_vs_12h,cd4_0h,cd4_12h,REACTOME_SPHINGOLIPID_METABOLISM,Vanilla-only significant,72,SGPP2,55,8.03548663493119e-06,1.49821174952854e-06,5.09498781691362,5.82442680135432,-0.729438984440692,0.0731481276708723,0.101341801629482,1.13579678577401,0.994211379196843,0.141585406577167,0.000988364856096536,0.00018428004519201,1.0,1.0,1.73351743731473,1.93249105817205,0.0,0.0,True,True,False,False,False,False,0.00595704334097402,0.0208925721269152,0.0149355287859411,0.006,0.026,0.999999924383508,0.932375560971974,60.0,18.0,0.7605633802816901,18.5,53.5,0.2605633802816901,-0.5
cd4_0h_vs_12h,cd4_0h,cd4_12h,REACTOME_SPHINGOLIPID_METABOLISM,Vanilla-only significant,72,SMPD1,56,8.03548663493119e-06,3.81265104892234e-05,5.09498781691362,4.41877294150378,0.676214875409841,0.0731481276708723,0.288162930520753,1.13579678577401,0.540361887872263,0.595434897901747,0.000988364856096536,0.00468956079017448,1.0,1.0,1.73351743731473,1.52606285259303,0.0,0.0,True,True,False,False,False,False,0.0902202105566541,0.0160704150478745,-0.0741497955087796,0.082,0.014,0.999999943557674,0.940391714172631,8.5,25.5,0.6549295774647887,4.0,18.0,0.7605633802816901,0.10563380281690138
cd4_0h_vs_12h,cd4_0h,cd4_12h,REACTOME_SPHINGOLIPID_METABOLISM,Vanilla-only significant,72,SMPD2,57,8.03548663493119e-06,8.03548663493119e-06,5.09498781691362,5.09498781691362,0.0,0.0731481276708723,0.0731481276708723,1.13579678577401,1.13579678577401,0.0,0.000988364856096536,0.000988364856096536,1.0,1.0,1.73351743731473,1.73351743731473,0.0,0.0,True,True,False,False,False,False,0.0147466630456742,0.0452997620318112,0.030553098986137,0.014,0.058,1.00000000783018,0.938430606420336,35.0,60.0,0.16901408450704225,29.5,64.5,0.1056338028169014,-0.06338028169014084
cd4_0h_vs_12h,cd4_0h,cd4_12h,REACTOME_SPHINGOLIPID_METABOLISM,Vanilla-only significant,72,SMPD3,58,8.03548663493119e-06,8.03548663493119e-06,5.09498781691362,5.09498781691362,0.0,0.0731481276708723,0.101341801629482,1.13579678577401,0.994211379196843,0.141585406577167,0.000988364856096536,0.000988364856096536,1.0,1.0,1.73351743731473,1.73351743731473,0.0,0.0,True,True,False,False,False,False,0.00222343054459512,0.0,-0.00222343054459512,0.002,0.0,0.999999977168578,0.932896791845458,35.0,60.0,0.16901408450704225,18.5,53.5,0.2605633802816901,0.09154929577464788
cd4_0h_vs_12h,cd4_0h,cd4_12h,REACTOME_SPHINGOLIPID_METABOLISM,Vanilla-only significant,72,SMPD4,59,8.03548663493119e-06,3.52341775794401e-06,5.09498781691362,5.45303586115776,-0.358048044244133,0.0731481276708723,0.00946978291842922,1.13579678577401,2.02365997647813,-0.88786319070412,0.000988364856096536,0.000433380384227113,1.0,1.0,1.73351743731473,1.83388406114409,0.0,0.0,True,True,False,False,False,False,0.0789167046159542,0.0586757357604927,-0.0202409688554615,0.072,0.074,0.99999990295858,0.940065349725034,51.5,32.5,0.5563380281690141,62.5,11.5,0.852112676056338,0.2957746478873239
cd4_0h_vs_12h,cd4_0h,cd4_12h,REACTOME_SPHINGOLIPID_METABOLISM,Vanilla-only significant,72,SPHK1,60,8.03548663493119e-06,1.77726970010602e-05,5.09498781691362,4.75024666314563,0.344741153767997,0.0731481276708723,0.0233436169134307,1.13579678577401,1.63183185249604,-0.496035066722033,0.000988364856096536,0.0021860417311304,1.0,1.0,1.73351743731473,1.63105534906276,0.0,0.0,True,True,False,False,False,False,0.0,0.00602194044335416,0.00602194044335416,0.0,0.008,1.0000000001888,0.92800953233498,17.0,42.0,0.4225352112676056,56.5,22.5,0.6971830985915493,0.27464788732394363
cd4_0h_vs_12h,cd4_0h,cd4_12h,REACTOME_SPHINGOLIPID_METABOLISM,Vanilla-only significant,72,SPHK2,61,8.03548663493119e-06,1.77726970010602e-05,5.09498781691362,4.75024666314563,0.344741153767997,0.0731481276708723,0.0233436169134307,1.13579678577401,1.63183185249604,-0.496035066722033,0.000988364856096536,0.0021860417311304,1.0,1.0,1.73351743731473,1.63105534906276,0.0,0.0,True,True,False,False,False,False,0.0960179359402646,0.0832410270848203,-0.0127769088554442,0.088,0.094,0.999999970697325,0.922757402413126,17.0,42.0,0.4225352112676056,56.5,22.5,0.6971830985915493,0.27464788732394363
cd4_0h_vs_12h,cd4_0h,cd4_12h,REACTOME_SPHINGOLIPID_METABOLISM,Vanilla-only significant,72,SPTLC1,62,8.03548663493119e-06,1.69038678268048e-10,5.09498781691362,9.77201391173862,-4.677026094825,0.0731481276708723,0.0351222601892017,1.13579678577401,1.45441754412943,-0.318620758355418,0.000988364856096536,2.07917574269699e-08,1.0,1.0,1.73351743731473,2.77166173987722,0.0,0.0,True,True,False,False,False,False,0.135684982244529,0.148955837990914,0.0132708557463851,0.124,0.16,0.999999896602734,0.929411499631356,72.0,1.0,1.0,50.5,33.5,0.5422535211267606,-0.4577464788732394
cd4_0h_vs_12h,cd4_0h,cd4_12h,REACTOME_SPHINGOLIPID_METABOLISM,Vanilla-only significant,72,SPTLC2,63,8.03548663493119e-06,1.49821174952854e-06,5.09498781691362,5.82442680135432,-0.729438984440692,0.0731481276708723,0.0513887607461245,1.13579678577401,1.28913185531754,-0.153335069543525,0.000988364856096536,0.00018428004519201,1.0,1.0,1.73351743731473,1.93249105817205,0.0,0.0,True,True,False,False,False,False,0.0747164006170994,0.0759746614096566,0.00125826079255716,0.07,0.086,0.999999979652149,0.930458985612692,60.0,18.0,0.7605633802816901,42.0,46.0,0.36619718309859156,-0.39436619718309857
cd4_0h_vs_12h,cd4_0h,cd4_12h,REACTOME_SPHINGOLIPID_METABOLISM,Vanilla-only significant,72,SPTLC3,64,8.03548663493119e-06,8.03548663493119e-06,5.09498781691362,5.09498781691362,0.0,0.0731481276708723,0.0731481276708723,1.13579678577401,1.13579678577401,0.0,0.000988364856096536,0.000988364856096536,1.0,1.0,1.73351743731473,1.73351743731473,0.0,0.0,True,True,False,False,False,False,0.00209882745268386,0.00771826490010001,0.00561943744741614,0.002,0.006,0.99999991643712,0.927880746022136,35.0,60.0,0.16901408450704225,29.5,64.5,0.1056338028169014,-0.06338028169014084
cd4_0h_vs_12h,cd4_0h,cd4_12h,REACTOME_SPHINGOLIPID_METABOLISM,Vanilla-only significant,72,SPTSSA,65,8.03548663493119e-06,1.49821174952854e-06,5.09498781691362,5.82442680135432,-0.729438984440692,0.0731481276708723,0.101341801629482,1.13579678577401,0.994211379196843,0.141585406577167,0.000988364856096536,0.00018428004519201,1.0,1.0,1.73351743731473,1.93249105817205,0.0,0.0,True,True,False,False,False,False,0.0513912957376912,0.0802454424979645,0.0288541467602733,0.048,0.09,1.000000061238,0.895479717176054,60.0,18.0,0.7605633802816901,18.5,53.5,0.2605633802816901,-0.5
cd4_0h_vs_12h,cd4_0h,cd4_12h,REACTOME_SPHINGOLIPID_METABOLISM,Vanilla-only significant,72,STS,66,8.03548663493119e-06,3.52341775794401e-06,5.09498781691362,5.45303586115776,-0.358048044244133,0.0731481276708723,0.101341801629482,1.13579678577401,0.994211379196843,0.141585406577167,0.000988364856096536,0.000433380384227113,1.0,1.0,1.73351743731473,1.83388406114409,0.0,0.0,True,True,False,False,False,False,0.0023358600449212,0.000861619681756135,-0.00147424036316507,0.002,0.002,0.999999993791959,0.933409323248657,51.5,32.5,0.5563380281690141,18.5,53.5,0.2605633802816901,-0.295774647887324
cd4_0h_vs_12h,cd4_0h,cd4_12h,REACTOME_SPHINGOLIPID_METABOLISM,Vanilla-only significant,72,SUMF1,67,8.03548663493119e-06,1.77726970010602e-05,5.09498781691362,4.75024666314563,0.344741153767997,0.0731481276708723,0.0351222601892017,1.13579678577401,1.45441754412943,-0.318620758355418,0.000988364856096536,0.0021860417311304,1.0,1.0,1.73351743731473,1.63105534906276,0.0,0.0,True,True,False,False,False,False,0.0416591515923753,0.0419077735487823,0.000248621956406951,0.04,0.048,1.00000006986989,0.918622811541212,17.0,42.0,0.4225352112676056,50.5,33.5,0.5422535211267606,0.11971830985915499
cd4_0h_vs_12h,cd4_0h,cd4_12h,REACTOME_SPHINGOLIPID_METABOLISM,Vanilla-only significant,72,SUMF2,68,8.03548663493119e-06,0.000160158462101912,5.09498781691362,3.79545011009365,1.29953770681997,0.0731481276708723,0.000313688994347936,1.13579678577401,3.503500718082,-2.36770393230799,0.000988364856096536,0.0196994908385352,1.0,0.0385837463047961,1.73351743731473,1.30596515981639,0.0,1.18894726823464,True,True,False,True,False,True,0.376393643137317,0.324654451583818,-0.0517391915534992,0.324,0.326,0.999999993885209,0.918698415608634,3.0,8.0,0.9014084507042254,71.5,1.5,0.9929577464788732,0.09154929577464788
cd4_0h_vs_12h,cd4_0h,cd4_12h,REACTOME_SPHINGOLIPID_METABOLISM,Vanilla-only significant,72,UGCG,69,8.03548663493119e-06,3.81265104892234e-05,5.09498781691362,4.41877294150378,0.676214875409841,0.0731481276708723,0.0034223189265975,1.13579678577401,2.46567952091782,-1.32988273514381,0.000988364856096536,0.00468956079017448,1.0,0.420945227971492,1.73351743731473,1.52606285259303,0.0,0.613004412282997,True,True,False,False,False,False,0.084198316018519,0.164512884131538,0.0803145681130185,0.074,0.18,1.00000000265456,0.929044921430664,8.5,25.5,0.6549295774647887,67.0,6.0,0.9295774647887324,0.27464788732394363
cd4_0h_vs_12h,cd4_0h,cd4_12h,REACTOME_SPHINGOLIPID_METABOLISM,Vanilla-only significant,72,UGT8,70,8.03548663493119e-06,8.03548663493119e-06,5.09498781691362,5.09498781691362,0.0,0.0731481276708723,0.0731481276708723,1.13579678577401,1.13579678577401,0.0,0.000988364856096536,0.000988364856096536,1.0,1.0,1.73351743731473,1.73351743731473,0.0,0.0,True,True,False,False,False,False,0.0,0.0,0.0,0.0,0.0,0.999999948410547,0.933564620769388,35.0,60.0,0.16901408450704225,29.5,64.5,0.1056338028169014,-0.06338028169014084
cd4_0h_vs_12h,cd4_0h,cd4_12h,REACTOME_SPHINGOLIPID_METABOLISM,Vanilla-only significant,72,VAPA,71,8.03548663493119e-06,7.93371655046569e-05,5.09498781691362,4.1005233197136,0.994464497200023,0.0731481276708723,0.0351222601892017,1.13579678577401,1.45441754412943,-0.318620758355418,0.000988364856096536,0.0097584713570728,1.0,1.0,1.73351743731473,1.417962696362,0.0,0.0,True,True,False,False,False,False,0.53682057554602,0.635721055436671,0.0989004798906502,0.432,0.554,1.0000000157313,0.910159771202367,4.5,12.5,0.8380281690140845,50.5,33.5,0.5422535211267606,-0.2957746478873239
cd4_0h_vs_12h,cd4_0h,cd4_12h,REACTOME_SPHINGOLIPID_METABOLISM,Vanilla-only significant,72,VAPB,72,8.03548663493119e-06,3.81265104892234e-05,5.09498781691362,4.41877294150378,0.676214875409841,0.0731481276708723,0.0150822934297104,1.13579678577401,1.82153261416016,-0.685735828386147,0.000988364856096536,0.00468956079017448,1.0,1.0,1.73351743731473,1.52606285259303,0.0,0.0,True,True,False,False,False,False,0.171337958890882,0.13176426888546,-0.0395736900054226,0.156,0.146,0.999999955009981,0.905606482616188,8.5,25.5,0.6549295774647887,59.5,15.5,0.795774647887324,0.14084507042253525
cd4_12h_vs_24h,cd4_12h,cd4_24h,KEGG_DRUG_METABOLISM_CYTOCHROME_P450,GenePT-only significant,21,ADH5,1,0.00059618767048381,0.000160158462101912,3.22461700967912,3.79545011009365,-0.570833100414529,8.03548663493119e-06,1.49821174952854e-06,5.09498781691362,5.82442680135432,-0.729438984440692,0.0733310834695086,0.0196994908385352,0.000988364856096536,0.00018428004519201,1.06522856619588,1.30596515981639,1.73351743731473,1.93249105817205,False,True,True,True,True,False,0.372159895912746,0.464312708843271,0.0921528129305256,0.372,0.51,1.00000011309662,0.910756635620128,18.5,5.5,0.775,18.5,7.5,0.675,-0.09999999999999998
cd4_12h_vs_24h,cd4_12h,cd4_24h,KEGG_DRUG_METABOLISM_CYTOCHROME_P450,GenePT-only significant,21,ALDH3B1,2,0.00059618767048381,0.00059618767048381,3.22461700967912,3.22461700967912,0.0,8.03548663493119e-06,8.03548663493119e-06,5.09498781691362,5.09498781691362,0.0,0.0733310834695086,0.0733310834695086,0.000988364856096536,0.000988364856096536,1.06522856619588,1.06522856619588,1.73351743731473,1.73351743731473,False,False,True,True,False,False,0.0,0.0,0.0,0.0,0.0,0.999999992381482,0.92652509354824,11.5,17.5,0.175,11.0,19.0,0.1,-0.07499999999999998
cd4_12h_vs_24h,cd4_12h,cd4_24h,KEGG_DRUG_METABOLISM_CYTOCHROME_P450,GenePT-only significant,21,CYP2D6,3,0.00059618767048381,0.00059618767048381,3.22461700967912,3.22461700967912,0.0,8.03548663493119e-06,1.77726970010602e-05,5.09498781691362,4.75024666314563,0.344741153767997,0.0733310834695086,0.0733310834695086,0.000988364856096536,0.0021860417311304,1.06522856619588,1.06522856619588,1.73351743731473,1.63105534906276,False,False,True,True,False,False,0.00504048458505642,0.0,-0.00504048458505642,0.004,0.0,0.999999979399451,0.934068815676399,11.5,17.5,0.175,7.0,15.0,0.3,0.125
cd4_12h_vs_24h,cd4_12h,cd4_24h,KEGG_DRUG_METABOLISM_CYTOCHROME_P450,GenePT-only significant,21,CYP2E1,4,0.00059618767048381,0.00059618767048381,3.22461700967912,3.22461700967912,0.0,8.03548663493119e-06,8.03548663493119e-06,5.09498781691362,5.09498781691362,0.0,0.0733310834695086,0.0733310834695086,0.000988364856096536,0.000988364856096536,1.06522856619588,1.06522856619588,1.73351743731473,1.73351743731473,False,False,True,True,False,False,0.0,0.0,0.0,0.0,0.0,0.999999955482582,0.939304642342804,11.5,17.5,0.175,11.0,19.0,0.1,-0.07499999999999998
cd4_12h_vs_24h,cd4_12h,cd4_24h,KEGG_DRUG_METABOLISM_CYTOCHROME_P450,GenePT-only significant,21,CYP3A43,5,0.00059618767048381,0.00059618767048381,3.22461700967912,3.22461700967912,0.0,8.03548663493119e-06,3.52341775794401e-06,5.09498781691362,5.45303586115776,-0.358048044244133,0.0733310834695086,0.0733310834695086,0.000988364856096536,0.000433380384227113,1.06522856619588,1.06522856619588,1.73351743731473,1.83388406114409,False,False,True,True,False,False,0.0,0.00135475766824943,0.00135475766824943,0.0,0.002,1.00000001834618,0.93896823762188,11.5,17.5,0.175,15.0,12.0,0.45,0.275
cd4_12h_vs_24h,cd4_12h,cd4_24h,KEGG_DRUG_METABOLISM_CYTOCHROME_P450,GenePT-only significant,21,CYP3A5,6,0.00059618767048381,0.000313688994347936,3.22461700967912,3.503500718082,-0.278883708402879,8.03548663493119e-06,6.1774102028672e-07,5.09498781691362,6.20919355894615,-1.11420574203253,0.0733310834695086,0.0385837463047961,0.000988364856096536,7.59821454952666e-05,1.06522856619588,1.18894726823464,1.73351743731473,2.02960302707371,False,True,True,True,True,False,0.0509870200136874,0.0490261348967567,-0.00196088511693072,0.058,0.068,0.999999955308344,0.943424365565552,16.5,7.5,0.675,21.0,3.0,0.9,0.22499999999999998
cd4_12h_vs_24h,cd4_12h,cd4_24h,KEGG_DRUG_METABOLISM_CYTOCHROME_P450,GenePT-only significant,21,FMO4,7,0.00059618767048381,0.000160158462101912,3.22461700967912,3.79545011009365,-0.570833100414529,8.03548663493119e-06,3.81265104892234e-05,5.09498781691362,4.41877294150378,0.676214875409841,0.0733310834695086,0.0196994908385352,0.000988364856096536,0.00468956079017448,1.06522856619588,1.30596515981639,1.73351743731473,1.52606285259303,False,True,True,True,True,False,0.00872734602634722,0.00547213571411906,-0.00325521031222816,0.012,0.006,0.999999912416555,0.908231822173291,18.5,5.5,0.775,5.0,10.0,0.55,-0.22499999999999998
cd4_12h_vs_24h,cd4_12h,cd4_24h,KEGG_DRUG_METABOLISM_CYTOCHROME_P450,GenePT-only significant,21,FMO5,8,0.00059618767048381,0.00059618767048381,3.22461700967912,3.22461700967912,0.0,8.03548663493119e-06,8.03548663493119e-06,5.09498781691362,5.09498781691362,0.0,0.0733310834695086,0.0733310834695086,0.000988364856096536,0.000988364856096536,1.06522856619588,1.06522856619588,1.73351743731473,1.73351743731473,False,False,True,True,False,False,0.00162939718296692,0.0,-0.00162939718296692,0.002,0.0,1.00000004437508,0.910687478633417,11.5,17.5,0.175,11.0,19.0,0.1,-0.07499999999999998
cd4_12h_vs_24h,cd4_12h,cd4_24h,KEGG_DRUG_METABOLISM_CYTOCHROME_P450,GenePT-only significant,21,GSTA4,9,0.00059618767048381,0.00059618767048381,3.22461700967912,3.22461700967912,0.0,8.03548663493119e-06,1.49821174952854e-06,5.09498781691362,5.82442680135432,-0.729438984440692,0.0733310834695086,0.0733310834695086,0.000988364856096536,0.00018428004519201,1.06522856619588,1.06522856619588,1.73351743731473,1.93249105817205,False,False,True,True,False,False,0.00939071357178018,0.018342235287017,0.00895152171523681,0.01,0.03,0.999999989650356,0.967697442549145,11.5,17.5,0.175,18.5,7.5,0.675,0.5
cd4_12h_vs_24h,cd4_12h,cd4_24h,KEGG_DRUG_METABOLISM_CYTOCHROME_P450,GenePT-only significant,21,GSTK1,10,0.00059618767048381,0.0034223189265975,3.22461700967912,2.46567952091782,0.758937488761304,8.03548663493119e-06,0.0731481276708723,5.09498781691362,1.13579678577401,3.95919103113961,0.0733310834695086,0.420945227971492,0.000988364856096536,1.0,1.06522856619588,0.613004412282997,1.73351743731473,0.0,False,False,True,False,False,True,0.496318942769693,0.748132270962801,0.251813328193109,0.42,0.666,1.0000000268373,0.953177260809762,2.0,4.0,0.85,1.0,1.0,1.0,0.15000000000000002
cd4_12h_vs_24h,cd4_12h,cd4_24h,KEGG_DRUG_METABOLISM_CYTOCHROME_P450,GenePT-only significant,21,GSTM2,11,0.00059618767048381,0.0010996776918826,3.22461700967912,2.95873458497628,0.26588242470284,8.03548663493119e-06,3.52341775794401e-06,5.09498781691362,5.45303586115776,-0.358048044244133,0.0733310834695086,0.13526035610156,0.000988364856096536,0.000433380384227113,1.06522856619588,0.932110226066041,1.73351743731473,1.83388406114409,False,False,True,True,False,False,0.00813831975925253,0.00862788689750995,0.000489567138257423,0.006,0.006,0.999999955318363,0.963436426969712,5.0,11.0,0.5,15.0,12.0,0.45,-0.04999999999999999
cd4_12h_vs_24h,cd4_12h,cd4_24h,KEGG_DRUG_METABOLISM_CYTOCHROME_P450,GenePT-only significant,21,GSTM3,12,0.00059618767048381,8.03548663493119e-06,3.22461700967912,5.09498781691362,-1.8703708072345,8.03548663493119e-06,3.52341775794401e-06,5.09498781691362,5.45303586115776,-0.358048044244133,0.0733310834695086,0.000988364856096536,0.000988364856096536,0.000433380384227113,1.06522856619588,1.73351743731473,1.73351743731473,1.83388406114409,False,True,True,True,True,False,0.123304310578807,0.164911057831289,0.0416067472524822,0.14,0.22,1.00000003498751,0.964070390280706,20.0,2.0,0.95,15.0,12.0,0.45,-0.49999999999999994
cd4_12h_vs_24h,cd4_12h,cd4_24h,KEGG_DRUG_METABOLISM_CYTOCHROME_P450,GenePT-only significant,21,GSTM4,13,0.00059618767048381,0.000313688994347936,3.22461700967912,3.503500718082,-0.278883708402879,8.03548663493119e-06,1.49821174952854e-06,5.09498781691362,5.82442680135432,-0.729438984440692,0.0733310834695086,0.0385837463047961,0.000988364856096536,0.00018428004519201,1.06522856619588,1.18894726823464,1.73351743731473,1.93249105817205,False,True,True,True,True,False,0.0104505039311461,0.0331367413353185,0.0226862374041724,0.01,0.04,0.999999989260161,0.966202938937215,16.5,7.5,0.675,18.5,7.5,0.675,0.0
cd4_12h_vs_24h,cd4_12h,cd4_24h,KEGG_DRUG_METABOLISM_CYTOCHROME_P450,GenePT-only significant,21,GSTM5,14,0.00059618767048381,0.00059618767048381,3.22461700967912,3.22461700967912,0.0,8.03548663493119e-06,8.03548663493119e-06,5.09498781691362,5.09498781691362,0.0,0.0733310834695086,0.0733310834695086,0.000988364856096536,0.000988364856096536,1.06522856619588,1.06522856619588,1.73351743731473,1.73351743731473,False,False,True,True,False,False,0.0,0.0,0.0,0.0,0.0,0.999999947067671,0.965886297289132,11.5,17.5,0.175,11.0,19.0,0.1,-0.07499999999999998
cd4_12h_vs_24h,cd4_12h,cd4_24h,KEGG_DRUG_METABOLISM_CYTOCHROME_P450,GenePT-only significant,21,GSTO1,15,0.00059618767048381,0.0010996776918826,3.22461700967912,2.95873458497628,0.26588242470284,8.03548663493119e-06,7.93371655046569e-05,5.09498781691362,4.1005233197136,0.994464497200023,0.0733310834695086,0.13526035610156,0.000988364856096536,0.0097584713570728,1.06522856619588,0.932110226066041,1.73351743731473,1.417962696362,False,False,True,True,False,False,0.769548580847839,0.827080797458104,0.0575322166102651,0.616,0.686,0.999999953934409,0.958497946816685,5.0,11.0,0.5,3.5,4.5,0.825,0.32499999999999996
cd4_12h_vs_24h,cd4_12h,cd4_24h,KEGG_DRUG_METABOLISM_CYTOCHROME_P450,GenePT-only significant,21,GSTO2,16,0.00059618767048381,0.0010996776918826,3.22461700967912,2.95873458497628,0.26588242470284,8.03548663493119e-06,1.77726970010602e-05,5.09498781691362,4.75024666314563,0.344741153767997,0.0733310834695086,0.13526035610156,0.000988364856096536,0.0021860417311304,1.06522856619588,0.932110226066041,1.73351743731473,1.63105534906276,False,False,True,True,False,False,0.00267763121598998,0.00453335746814759,0.00185572625215762,0.002,0.006,0.999999986462287,0.953103106726006,5.0,11.0,0.5,7.0,15.0,0.3,-0.2
cd4_12h_vs_24h,cd4_12h,cd4_24h,KEGG_DRUG_METABOLISM_CYTOCHROME_P450,GenePT-only significant,21,GSTP1,17,0.00059618767048381,0.0351222601892017,3.22461700967912,1.45441754412943,1.7701994655497,8.03548663493119e-06,0.0351222601892017,5.09498781691362,1.45441754412943,3.64057027278419,0.0733310834695086,1.0,0.000988364856096536,1.0,1.06522856619588,0.0,1.73351743731473,0.0,False,False,True,False,False,True,0.90476648391256,1.37455191513699,0.469785431224428,0.664,0.826,1.00000003135247,0.959451382372999,1.0,3.0,0.9,2.0,2.0,0.95,0.04999999999999993
cd4_12h_vs_24h,cd4_12h,cd4_24h,KEGG_DRUG_METABOLISM_CYTOCHROME_P450,GenePT-only significant,21,GSTZ1,18,0.00059618767048381,0.0010996776918826,3.22461700967912,2.95873458497628,0.26588242470284,8.03548663493119e-06,7.93371655046569e-05,5.09498781691362,4.1005233197136,0.994464497200023,0.0733310834695086,0.13526035610156,0.000988364856096536,0.0097584713570728,1.06522856619588,0.932110226066041,1.73351743731473,1.417962696362,False,False,True,True,False,False,0.0363031273930549,0.0813751239749855,0.0450719965819306,0.044,0.134,0.999999982826961,0.965857881681381,5.0,11.0,0.5,3.5,4.5,0.825,0.32499999999999996
cd4_12h_vs_24h,cd4_12h,cd4_24h,KEGG_DRUG_METABOLISM_CYTOCHROME_P450,GenePT-only significant,21,MAOA,19,0.00059618767048381,0.00059618767048381,3.22461700967912,3.22461700967912,0.0,8.03548663493119e-06,8.03548663493119e-06,5.09498781691362,5.09498781691362,0.0,0.0733310834695086,0.0733310834695086,0.000988364856096536,0.000988364856096536,1.06522856619588,1.06522856619588,1.73351743731473,1.73351743731473,False,False,True,True,False,False,0.0,0.0,0.0,0.0,0.0,0.999999961490242,0.908079802115988,11.5,17.5,0.175,11.0,19.0,0.1,-0.07499999999999998
cd4_12h_vs_24h,cd4_12h,cd4_24h,KEGG_DRUG_METABOLISM_CYTOCHROME_P450,GenePT-only significant,21,MGST2,20,0.00059618767048381,0.0010996776918826,3.22461700967912,2.95873458497628,0.26588242470284,8.03548663493119e-06,1.49821174952854e-06,5.09498781691362,5.82442680135432,-0.729438984440692,0.0733310834695086,0.13526035610156,0.000988364856096536,0.00018428004519201,1.06522856619588,0.932110226066041,1.73351743731473,1.93249105817205,False,False,True,True,False,False,0.00630693825995405,0.0138114477482876,0.00750450948833357,0.008,0.02,1.00000002561867,0.927924985129398,5.0,11.0,0.5,18.5,7.5,0.675,0.17500000000000004
cd4_12h_vs_24h,cd4_12h,cd4_24h,KEGG_DRUG_METABOLISM_CYTOCHROME_P450,GenePT-only significant,21,MGST3,21,0.00059618767048381,2.46964030878651e-07,3.22461700967912,6.60736629503362,-3.38274928535449,8.03548663493119e-06,1.77726970010602e-05,5.09498781691362,4.75024666314563,0.344741153767997,0.0733310834695086,3.03765757980741e-05,0.000988364856096536,0.0021860417311304,1.06522856619588,2.12543199928726,1.73351743731473,1.63105534906276,False,True,True,True,True,False,0.216391331429065,0.294138846943559,0.0777475155144936,0.194,0.344,0.999999972591047,0.943001674557759,21.0,1.0,1.0,7.0,15.0,0.3,-0.7
cd4_12h_vs_24h,cd4_12h,cd4_24h,KEGG_PYRIMIDINE_METABOLISM,Vanilla-only significant,90,AK3,1,4.62765891657924e-09,1.69038678268048e-10,8.33463865838632,9.77201391173862,-1.4373752533523,0.0010996776918826,3.52341775794401e-06,2.95873458497628,5.45303586115776,-2.49430127618147,5.69202046739247e-07,2.07917574269699e-08,0.13526035610156,0.000433380384227113,2.49894648741163,2.77166173987722,0.932110226066041,1.83388406114409,True,True,False,True,False,True,0.0876178590033138,0.144684003257864,0.05706614425455,0.09,0.176,1.00000007727795,0.920156671475892,67.5,32.5,0.6460674157303371,60.5,30.5,0.6685393258426966,0.022471910112359494
cd4_12h_vs_24h,cd4_12h,cd4_24h,KEGG_PYRIMIDINE_METABOLISM,Vanilla-only significant,90,CAD,2,4.62765891657924e-09,5.26903195422322e-11,8.33463865838632,10.2782691676256,-1.94363050923927,0.0010996776918826,6.1774102028672e-07,2.95873458497628,6.20919355894615,-3.25045897396987,5.69202046739247e-07,6.48090930369456e-09,0.13526035610156,7.59821454952666e-05,2.49894648741163,2.8615317674606,0.932110226066041,2.02960302707371,True,True,False,True,False,True,0.117841161034196,0.127026262460366,0.00918510142616981,0.142,0.184,0.999999928151964,0.879737314967732,77.5,19.5,0.7921348314606742,73.0,18.0,0.8089887640449438,0.016853932584269593
cd4_12h_vs_24h,cd4_12h,cd4_24h,KEGG_PYRIMIDINE_METABOLISM,Vanilla-only significant,90,CANT1,3,4.62765891657924e-09,5.25612166428945e-10,8.33463865838632,9.27933459064804,-0.944695932261725,0.0010996776918826,8.03548663493119e-06,2.95873458497628,5.09498781691362,-2.13625323193734,5.69202046739247e-07,6.46502964707602e-08,0.13526035610156,0.000988364856096536,2.49894648741163,2.68131114927169,0.932110226066041,1.73351743731473,True,True,False,True,False,True,0.0624114945037958,0.0724215172850403,0.0100100227812445,0.068,0.108,0.99999998684245,0.904761694130721,58.5,46.5,0.4887640449438202,54.5,36.5,0.601123595505618,0.1123595505617978
cd4_12h_vs_24h,cd4_12h,cd4_24h,KEGG_PYRIMIDINE_METABOLISM,Vanilla-only significant,90,CMPK1,4,4.62765891657924e-09,9.5725425402497e-08,8.33463865838632,7.01897269497718,1.31566596340914,0.0010996776918826,1.77726970010602e-05,2.95873458497628,4.75024666314563,-1.79151207816934,5.69202046739247e-07,1.17742273245071e-05,0.13526035610156,0.0021860417311304,2.49894648741163,2.2201503515613,0.932110226066041,1.63105534906276,True,True,False,True,False,True,0.482362277634373,0.532497001419175,0.0501347237848023,0.464,0.568,0.999999996719613,0.93438169639707,12.0,40.0,0.5617977528089888,47.5,43.5,0.5224719101123596,-0.0393258426966292
cd4_12h_vs_24h,cd4_12h,cd4_24h,KEGG_PYRIMIDINE_METABOLISM,Vanilla-only significant,90,CMPK2,5,4.62765891657924e-09,1.58410791482518e-09,8.33463865838632,8.80021523611983,-0.465576577733508,0.0010996776918826,0.000160158462101912,2.95873458497628,3.79545011009365,-0.836715525117369,5.69202046739247e-07,1.94845273523497e-07,0.13526035610156,0.0196994908385352,2.49894648741163,2.59042662985857,0.932110226066041,1.30596515981639,True,True,False,True,False,True,0.0110761068725284,0.0522210335537505,0.041144926681222,0.01,0.06,1.00000004821997,0.922625649685732,51.0,60.0,0.33707865168539325,29.5,62.5,0.3089887640449438,-0.02808988764044945
cd4_12h_vs_24h,cd4_12h,cd4_24h,KEGG_PYRIMIDINE_METABOLISM,Vanilla-only significant,90,CTPS1,6,4.62765891657924e-09,1.69038678268048e-10,8.33463865838632,9.77201391173862,-1.4373752533523,0.0010996776918826,1.49821174952854e-06,2.95873458497628,5.82442680135432,-2.86569221637803,5.69202046739247e-07,2.07917574269699e-08,0.13526035610156,0.00018428004519201,2.49894648741163,2.77166173987722,0.932110226066041,1.93249105817205,True,True,False,True,False,True,0.296759899690817,0.318981285030246,0.0222213853394296,0.304,0.372,0.99999997135543,0.927947854837786,67.5,32.5,0.6460674157303371,65.5,25.5,0.7247191011235955,0.0786516853932584
cd4_12h_vs_24h,cd4_12h,cd4_24h,KEGG_PYRIMIDINE_METABOLISM,Vanilla-only significant,90,CTPS2,7,4.62765891657924e-09,4.62765891657924e-09,8.33463865838632,8.33463865838632,0.0,0.0010996776918826,0.000313688994347936,2.95873458497628,3.503500718082,-0.544766133105719,5.69202046739247e-07,5.69202046739247e-07,0.13526035610156,0.0385837463047961,2.49894648741163,2.49894648741163,0.932110226066041,1.18894726823464,True,True,False,True,False,True,0.00207265318719741,0.009479343474331,0.00740669028713359,0.002,0.02,0.999999986350249,0.926302265290368,38.0,81.0,0.10112359550561797,22.0,70.0,0.2247191011235955,0.12359550561797752
cd4_12h_vs_24h,cd4_12h,cd4_24h,KEGG_PYRIMIDINE_METABOLISM,Vanilla-only significant,90,DCK,8,4.62765891657924e-09,3.59717677613814e-08,8.33463865838632,7.44403821911369,0.890600439272627,0.0010996776918826,3.59717677613814e-08,2.95873458497628,7.44403821911369,-4.48530363413741,5.69202046739247e-07,4.42452743464991e-06,0.13526035610156,4.42452743464991e-06,2.49894648741163,2.31389997788891,0.932110226066041,2.31389997788891,True,True,False,True,False,True,0.104769800164159,0.214084431544121,0.109314631379961,0.104,0.256,1.00000009829618,0.8777799374381,17.5,53.5,0.4101123595505618,84.5,6.5,0.9382022471910112,0.5280898876404494
cd4_12h_vs_24h,cd4_12h,cd4_24h,KEGG_PYRIMIDINE_METABOLISM,Vanilla-only significant,90,DCTD,9,4.62765891657924e-09,1.31042954439412e-08,8.33463865838632,7.8825863240523,0.452052334334022,0.0010996776918826,6.1774102028672e-07,2.95873458497628,6.20919355894615,-3.25045897396987,5.69202046739247e-07,1.61182833960477e-06,0.13526035610156,7.59821454952666e-05,2.49894648741163,2.40679895558663,0.932110226066041,2.02960302707371,True,True,False,True,False,True,0.158322576043497,0.19033460558604,0.0320120295425433,0.182,0.282,0.999999994772088,0.917708518276925,24.5,67.5,0.25280898876404495,73.0,18.0,0.8089887640449438,0.5561797752808988
cd4_12h_vs_24h,cd4_12h,cd4_24h,KEGG_PYRIMIDINE_METABOLISM,Vanilla-only significant,90,DHODH,10,4.62765891657924e-09,5.25612166428945e-10,8.33463865838632,9.27933459064804,-0.944695932261725,0.0010996776918826,0.000160158462101912,2.95873458497628,3.79545011009365,-0.836715525117369,5.69202046739247e-07,6.46502964707602e-08,0.13526035610156,0.0196994908385352,2.49894648741163,2.68131114927169,0.932110226066041,1.30596515981639,True,True,False,True,False,True,0.0868531194416952,0.121036644269085,0.0341835248273899,0.102,0.184,1.0000000712056,0.89986838388632,58.5,46.5,0.4887640449438202,29.5,62.5,0.3089887640449438,-0.1797752808988764
cd4_12h_vs_24h,cd4_12h,cd4_24h,KEGG_PYRIMIDINE_METABOLISM,Vanilla-only significant,90,DPYD,11,4.62765891657924e-09,5.26903195422322e-11,8.33463865838632,10.2782691676256,-1.94363050923927,0.0010996776918826,0.000313688994347936,2.95873458497628,3.503500718082,-0.544766133105719,5.69202046739247e-07,6.48090930369456e-09,0.13526035610156,0.0385837463047961,2.49894648741163,2.8615317674606,0.932110226066041,1.18894726823464,True,True,False,True,False,True,0.0702952815903145,0.0415497166724963,-0.0287455649178183,0.054,0.038,0.999999973904791,0.917958019456989,77.5,19.5,0.7921348314606742,22.0,70.0,0.2247191011235955,-0.5674157303370787
cd4_12h_vs_24h,cd4_12h,cd4_24h,KEGG_PYRIMIDINE_METABOLISM,Vanilla-only significant,90,DTYMK,12,4.62765891657924e-09,1.59178638580836e-11,8.33463865838632,10.7981152140414,-2.46347655565504,0.0010996776918826,8.03548663493119e-06,2.95873458497628,5.09498781691362,-2.13625323193734,5.69202046739247e-07,1.95789725454428e-09,0.13526035610156,0.000988364856096536,2.49894648741163,2.95096765529579,0.932110226066041,1.73351743731473,True,True,False,True,False,True,0.178640453881701,0.338135530104419,0.159495076222718,0.21,0.394,1.00000002428532,0.912459289361363,84.0,10.0,0.898876404494382,54.5,36.5,0.601123595505618,-0.297752808988764
cd4_12h_vs_24h,cd4_12h,cd4_24h,KEGG_PYRIMIDINE_METABOLISM,Vanilla-only significant,90,DUT,13,4.62765891657924e-09,3.52341775794401e-06,8.33463865838632,5.45303586115776,2.88160279722856,0.0010996776918826,0.000313688994347936,2.95873458497628,3.503500718082,-0.544766133105719,5.69202046739247e-07,0.000433380384227113,0.13526035610156,0.0385837463047961,2.49894648741163,1.83388406114409,0.932110226066041,1.18894726823464,True,True,False,True,False,True,0.351462593321354,0.937377594443217,0.585915001121863,0.334,0.672,0.999999961334961,0.929742589710774,3.0,8.0,0.9213483146067416,22.0,70.0,0.2247191011235955,-0.6966292134831461
cd4_12h_vs_24h,cd4_12h,cd4_24h,KEGG_PYRIMIDINE_METABOLISM,Vanilla-only significant,90,ENTPD1,14,4.62765891657924e-09,4.62765891657924e-09,8.33463865838632,8.33463865838632,0.0,0.0010996776918826,0.00196887460329715,2.95873458497628,2.70578194299357,0.252952641982712,5.69202046739247e-07,5.69202046739247e-07,0.13526035610156,0.242171576205549,2.49894648741163,2.49894648741163,0.932110226066041,0.784778205325666,True,True,False,False,False,False,0.0,0.00305866862223721,0.00305866862223721,0.0,0.004,1.00000002418489,0.919982042367121,38.0,81.0,0.10112359550561797,5.5,80.5,0.10674157303370786,0.0056179775280898875
cd4_12h_vs_24h,cd4_12h,cd4_24h,KEGG_PYRIMIDINE_METABOLISM,Vanilla-only significant,90,ENTPD3,15,4.62765891657924e-09,4.62765891657924e-09,8.33463865838632,8.33463865838632,0.0,0.0010996776918826,0.0010996776918826,2.95873458497628,2.95873458497628,0.0,5.69202046739247e-07,5.69202046739247e-07,0.13526035610156,0.13526035610156,2.49894648741163,2.49894648741163,0.932110226066041,0.932110226066041,True,True,False,False,False,False,0.0,0.0,0.0,0.0,0.0,0.999999979360229,0.927576632248718,38.0,81.0,0.10112359550561797,11.5,86.5,0.03932584269662921,-0.06179775280898876
cd4_12h_vs_24h,cd4_12h,cd4_24h,KEGG_PYRIMIDINE_METABOLISM,Vanilla-only significant,90,ENTPD4,16,4.62765891657924e-09,5.26903195422322e-11,8.33463865838632,10.2782691676256,-1.94363050923927,0.0010996776918826,0.00196887460329715,2.95873458497628,2.70578194299357,0.252952641982712,5.69202046739247e-07,6.48090930369456e-09,0.13526035610156,0.242171576205549,2.49894648741163,2.8615317674606,0.932110226066041,0.784778205325666,True,True,False,False,False,False,0.123801546115761,0.0656281886201081,-0.0581733574956525,0.128,0.088,1.00000002813644,0.919519278417744,77.5,19.5,0.7921348314606742,5.5,80.5,0.10674157303370786,-0.6853932584269663
cd4_12h_vs_24h,cd4_12h,cd4_24h,KEGG_PYRIMIDINE_METABOLISM,Vanilla-only significant,90,ENTPD5,17,4.62765891657924e-09,1.59178638580836e-11,8.33463865838632,10.7981152140414,-2.46347655565504,0.0010996776918826,0.000160158462101912,2.95873458497628,3.79545011009365,-0.836715525117369,5.69202046739247e-07,1.95789725454428e-09,0.13526035610156,0.0196994908385352,2.49894648741163,2.95096765529579,0.932110226066041,1.30596515981639,True,True,False,True,False,True,0.0114732652773327,0.0291158181836582,0.0176425529063255,0.014,0.038,0.999999988813023,0.924590278562501,84.0,10.0,0.898876404494382,29.5,62.5,0.3089887640449438,-0.5898876404494382
cd4_12h_vs_24h,cd4_12h,cd4_24h,KEGG_PYRIMIDINE_METABOLISM,Vanilla-only significant,90,ENTPD6,18,4.62765891657924e-09,4.62765891657924e-09,8.33463865838632,8.33463865838632,0.0,0.0010996776918826,0.000313688994347936,2.95873458497628,3.503500718082,-0.544766133105719,5.69202046739247e-07,5.69202046739247e-07,0.13526035610156,0.0385837463047961,2.49894648741163,2.49894648741163,0.932110226066041,1.18894726823464,True,True,False,True,False,True,0.0465037496628507,0.0367106727366867,-0.00979307692616391,0.042,0.056,1.00000005852477,0.916627200891886,38.0,81.0,0.10112359550561797,22.0,70.0,0.2247191011235955,0.12359550561797752
cd4_12h_vs_24h,cd4_12h,cd4_24h,KEGG_PYRIMIDINE_METABOLISM,Vanilla-only significant,90,ITPA,19,4.62765891657924e-09,4.62765891657924e-09,8.33463865838632,8.33463865838632,0.0,0.0010996776918826,6.1774102028672e-07,2.95873458497628,6.20919355894615,-3.25045897396987,5.69202046739247e-07,5.69202046739247e-07,0.13526035610156,7.59821454952666e-05,2.49894648741163,2.49894648741163,0.932110226066041,2.02960302707371,True,True,False,True,False,True,0.244343406855611,0.307135708048724,0.0627923011931128,0.27,0.378,0.999999980345074,0.92824970959028,38.0,81.0,0.10112359550561797,73.0,18.0,0.8089887640449438,0.7078651685393258
cd4_12h_vs_24h,cd4_12h,cd4_24h,KEGG_PYRIMIDINE_METABOLISM,Vanilla-only significant,90,NME1,20,4.62765891657924e-09,6.1774102028672e-07,8.33463865838632,6.20919355894615,2.12544509944017,0.0010996776918826,0.0351222601892017,2.95873458497628,1.45441754412943,1.50431704084686,5.69202046739247e-07,7.59821454952666e-05,0.13526035610156,1.0,2.49894648741163,2.02960302707371,0.932110226066041,0.0,True,True,False,False,False,False,1.2276996544176,1.30657360577082,0.0788739513532237,0.632,0.746,1.0000000472036,0.922661535669924,5.0,13.0,0.8651685393258427,1.0,47.0,0.48314606741573035,-0.38202247191011235
cd4_12h_vs_24h,cd4_12h,cd4_24h,KEGG_PYRIMIDINE_METABOLISM,Vanilla-only significant,90,NME1-NME2,21,4.62765891657924e-09,4.62765891657924e-09,8.33463865838632,8.33463865838632,0.0,0.0010996776918826,0.0010996776918826,2.95873458497628,2.95873458497628,0.0,5.69202046739247e-07,5.69202046739247e-07,0.13526035610156,0.13526035610156,2.49894648741163,2.49894648741163,0.932110226066041,0.932110226066041,True,True,False,False,False,False,0.0,0.000732806210988077,0.000732806210988077,0.0,0.002,0.999999959032562,0.900995540007315,38.0,81.0,0.10112359550561797,11.5,86.5,0.03932584269662921,-0.06179775280898876
cd4_12h_vs_24h,cd4_12h,cd4_24h,KEGG_PYRIMIDINE_METABOLISM,Vanilla-only significant,90,NME2,22,4.62765891657924e-09,5.26903195422322e-11,8.33463865838632,10.2782691676256,-1.94363050923927,0.0010996776918826,0.000160158462101912,2.95873458497628,3.79545011009365,-0.836715525117369,5.69202046739247e-07,6.48090930369456e-09,0.13526035610156,0.0196994908385352,2.49894648741163,2.8615317674606,0.932110226066041,1.30596515981639,True,True,False,True,False,True,0.0597087827996891,0.0710086196029732,0.011299836803284,0.076,0.11,0.999999927277255,0.917018935787375,77.5,19.5,0.7921348314606742,29.5,62.5,0.3089887640449438,-0.4831460674157304
cd4_12h_vs_24h,cd4_12h,cd4_24h,KEGG_PYRIMIDINE_METABOLISM,Vanilla-only significant,90,NME3,23,4.62765891657924e-09,2.46964030878651e-07,8.33463865838632,6.60736629503362,1.7272723633527,0.0010996776918826,1.77726970010602e-05,2.95873458497628,4.75024666314563,-1.79151207816934,5.69202046739247e-07,3.03765757980741e-05,0.13526035610156,0.0021860417311304,2.49894648741163,2.12543199928726,0.932110226066041,1.63105534906276,True,True,False,True,False,True,0.205117138089808,0.321463997693305,0.116346859603497,0.194,0.352,0.999999944915475,0.913589840509156,8.0,26.0,0.7191011235955056,47.5,43.5,0.5224719101123596,-0.196629213483146
cd4_12h_vs_24h,cd4_12h,cd4_24h,KEGG_PYRIMIDINE_METABOLISM,Vanilla-only significant,90,NME4,24,4.62765891657924e-09,1.31042954439412e-08,8.33463865838632,7.8825863240523,0.452052334334022,0.0010996776918826,1.49821174952854e-06,2.95873458497628,5.82442680135432,-2.86569221637803,5.69202046739247e-07,1.61182833960477e-06,0.13526035610156,0.00018428004519201,2.49894648741163,2.40679895558663,0.932110226066041,1.93249105817205,True,True,False,True,False,True,0.140162420059679,0.366069374221592,0.225906954161913,0.154,0.394,0.999999961972191,0.897857306816096,24.5,67.5,0.25280898876404495,65.5,25.5,0.7247191011235955,0.47191011235955055
cd4_12h_vs_24h,cd4_12h,cd4_24h,KEGG_PYRIMIDINE_METABOLISM,Vanilla-only significant,90,NME6,25,4.62765891657924e-09,1.58410791482518e-09,8.33463865838632,8.80021523611983,-0.465576577733508,0.0010996776918826,3.59717677613814e-08,2.95873458497628,7.44403821911369,-4.48530363413741,5.69202046739247e-07,1.94845273523497e-07,0.13526035610156,4.42452743464991e-06,2.49894648741163,2.59042662985857,0.932110226066041,2.31389997788891,True,True,False,True,False,True,0.123720553054756,0.155022825192904,0.0313022721381485,0.134,0.204,0.999999987822369,0.903498947101492,51.0,60.0,0.33707865168539325,84.5,6.5,0.9382022471910112,0.601123595505618
cd4_12h_vs_24h,cd4_12h,cd4_24h,KEGG_PYRIMIDINE_METABOLISM,Vanilla-only significant,90,NME7,26,4.62765891657924e-09,5.26903195422322e-11,8.33463865838632,10.2782691676256,-1.94363050923927,0.0010996776918826,7.93371655046569e-05,2.95873458497628,4.1005233197136,-1.14178873473732,5.69202046739247e-07,6.48090930369456e-09,0.13526035610156,0.0097584713570728,2.49894648741163,2.8615317674606,0.932110226066041,1.417962696362,True,True,False,True,False,True,0.124995308209741,0.0948838154317351,-0.0301114927780062,0.154,0.14,0.999999986616431,0.929899149227909,77.5,19.5,0.7921348314606742,36.0,56.0,0.38202247191011235,-0.41011235955056186
cd4_12h_vs_24h,cd4_12h,cd4_24h,KEGG_PYRIMIDINE_METABOLISM,Vanilla-only significant,90,NT5C,27,4.62765891657924e-09,1.31042954439412e-08,8.33463865838632,7.8825863240523,0.452052334334022,0.0010996776918826,3.52341775794401e-06,2.95873458497628,5.45303586115776,-2.49430127618147,5.69202046739247e-07,1.61182833960477e-06,0.13526035610156,0.000433380384227113,2.49894648741163,2.40679895558663,0.932110226066041,1.83388406114409,True,True,False,True,False,True,0.371539535460924,0.477245848444887,0.105706312983963,0.372,0.534,1.00000004022395,0.937666178535386,24.5,67.5,0.25280898876404495,60.5,30.5,0.6685393258426966,0.41573033707865165
cd4_12h_vs_24h,cd4_12h,cd4_24h,KEGG_PYRIMIDINE_METABOLISM,Vanilla-only significant,90,NT5C1B,28,4.62765891657924e-09,4.62765891657924e-09,8.33463865838632,8.33463865838632,0.0,0.0010996776918826,0.0010996776918826,2.95873458497628,2.95873458497628,0.0,5.69202046739247e-07,5.69202046739247e-07,0.13526035610156,0.13526035610156,2.49894648741163,2.49894648741163,0.932110226066041,0.932110226066041,True,True,False,False,False,False,0.0,0.0,0.0,0.0,0.0,0.999999993424793,0.913045364381519,38.0,81.0,0.10112359550561797,11.5,86.5,0.03932584269662921,-0.06179775280898876
cd4_12h_vs_24h,cd4_12h,cd4_24h,KEGG_PYRIMIDINE_METABOLISM,Vanilla-only significant,90,NT5C2,29,4.62765891657924e-09,5.25612166428945e-10,8.33463865838632,9.27933459064804,-0.944695932261725,0.0010996776918826,0.0034223189265975,2.95873458497628,2.46567952091782,0.493055064058463,5.69202046739247e-07,6.46502964707602e-08,0.13526035610156,0.420945227971492,2.49894648741163,2.68131114927169,0.932110226066041,0.613004412282997,True,True,False,False,False,False,0.048832412565263,0.0341951519846693,-0.0146372605805937,0.048,0.046,1.00000000020092,0.927562533880455,58.5,46.5,0.4887640449438202,2.5,74.5,0.17415730337078653,-0.3146067415730337
cd4_12h_vs_24h,cd4_12h,cd4_24h,KEGG_PYRIMIDINE_METABOLISM,Vanilla-only significant,90,NT5C3A,30,4.62765891657924e-09,4.62765891657924e-09,8.33463865838632,8.33463865838632,0.0,0.0010996776918826,1.69038678268048e-10,2.95873458497628,9.77201391173862,-6.81327932676234,5.69202046739247e-07,5.69202046739247e-07,0.13526035610156,2.07917574269699e-08,2.49894648741163,2.49894648741163,0.932110226066041,2.77166173987722,True,True,False,True,False,True,0.256931771469682,0.221075184826094,-0.0358565866435878,0.262,0.256,1.00000003540146,0.938088696016143,38.0,81.0,0.10112359550561797,88.5,2.5,0.9831460674157303,0.8820224719101123
cd4_12h_vs_24h,cd4_12h,cd4_24h,KEGG_PYRIMIDINE_METABOLISM,Vanilla-only significant,90,NT5E,31,4.62765891657924e-09,4.62765891657924e-09,8.33463865838632,8.33463865838632,0.0,0.0010996776918826,1.77726970010602e-05,2.95873458497628,4.75024666314563,-1.79151207816934,5.69202046739247e-07,5.69202046739247e-07,0.13526035610156,0.0021860417311304,2.49894648741163,2.49894648741163,0.932110226066041,1.63105534906276,True,True,False,True,False,True,0.0226609093836623,0.0061430357924003,-0.016517873591262,0.03,0.012,0.99999988550603,0.922966068046546,38.0,81.0,0.10112359550561797,47.5,43.5,0.5224719101123596,0.4213483146067416
cd4_12h_vs_24h,cd4_12h,cd4_24h,KEGG_PYRIMIDINE_METABOLISM,Vanilla-only significant,90,NT5M,32,4.62765891657924e-09,4.62765891657924e-09,8.33463865838632,8.33463865838632,0.0,0.0010996776918826,0.0034223189265975,2.95873458497628,2.46567952091782,0.493055064058463,5.69202046739247e-07,5.69202046739247e-07,0.13526035610156,0.420945227971492,2.49894648741163,2.49894648741163,0.932110226066041,0.613004412282997,True,True,False,False,False,False,0.00580022405313784,0.00792163569491095,0.00212141164177311,0.006,0.016,1.00000003261486,0.93027724206949,38.0,81.0,0.10112359550561797,2.5,74.5,0.17415730337078653,0.07303370786516855
cd4_12h_vs_24h,cd4_12h,cd4_24h,KEGG_PYRIMIDINE_METABOLISM,Vanilla-only significant,90,NUDT2,33,4.62765891657924e-09,3.59717677613814e-08,8.33463865838632,7.44403821911369,0.890600439272627,0.0010996776918826,1.49821174952854e-06,2.95873458497628,5.82442680135432,-2.86569221637803,5.69202046739247e-07,4.42452743464991e-06,0.13526035610156,0.00018428004519201,2.49894648741163,2.31389997788891,0.932110226066041,1.93249105817205,True,True,False,True,False,True,0.0975442997859985,0.161813707784308,0.0642694079983098,0.118,0.236,0.999999956410716,0.922645705949776,17.5,53.5,0.4101123595505618,65.5,25.5,0.7247191011235955,0.3146067415730337
cd4_12h_vs_24h,cd4_12h,cd4_24h,KEGG_PYRIMIDINE_METABOLISM,Vanilla-only significant,90,PNP,34,4.62765891657924e-09,9.5725425402497e-08,8.33463865838632,7.01897269497718,1.31566596340914,0.0010996776918826,1.77726970010602e-05,2.95873458497628,4.75024666314563,-1.79151207816934,5.69202046739247e-07,1.17742273245071e-05,0.13526035610156,0.0021860417311304,2.49894648741163,2.2201503515613,0.932110226066041,1.63105534906276,True,True,False,True,False,True,0.227271688405094,0.342033180159875,0.114761491754781,0.242,0.384,1.00000003478018,0.868705094276943,12.0,40.0,0.5617977528089888,47.5,43.5,0.5224719101123596,-0.0393258426966292
cd4_12h_vs_24h,cd4_12h,cd4_24h,KEGG_PYRIMIDINE_METABOLISM,Vanilla-only significant,90,PNPT1,35,4.62765891657924e-09,1.31042954439412e-08,8.33463865838632,7.8825863240523,0.452052334334022,0.0010996776918826,6.1774102028672e-07,2.95873458497628,6.20919355894615,-3.25045897396987,5.69202046739247e-07,1.61182833960477e-06,0.13526035610156,7.59821454952666e-05,2.49894648741163,2.40679895558663,0.932110226066041,2.02960302707371,True,True,False,True,False,True,0.428093741639391,0.357169606628765,-0.0709241350106261,0.406,0.404,0.999999978063243,0.942192810659917,24.5,67.5,0.25280898876404495,73.0,18.0,0.8089887640449438,0.5561797752808988
cd4_12h_vs_24h,cd4_12h,cd4_24h,KEGG_PYRIMIDINE_METABOLISM,Vanilla-only significant,90,POLA1,36,4.62765891657924e-09,5.25612166428945e-10,8.33463865838632,9.27933459064804,-0.944695932261725,0.0010996776918826,1.77726970010602e-05,2.95873458497628,4.75024666314563,-1.79151207816934,5.69202046739247e-07,6.46502964707602e-08,0.13526035610156,0.0021860417311304,2.49894648741163,2.68131114927169,0.932110226066041,1.63105534906276,True,True,False,True,False,True,0.0314275025128852,0.0551722025155028,0.0237447000026175,0.04,0.1,0.999999991934998,0.937801469045193,58.5,46.5,0.4887640449438202,47.5,43.5,0.5224719101123596,0.03370786516853941
cd4_12h_vs_24h,cd4_12h,cd4_24h,KEGG_PYRIMIDINE_METABOLISM,Vanilla-only significant,90,POLA2,37,4.62765891657924e-09,1.58410791482518e-09,8.33463865838632,8.80021523611983,-0.465576577733508,0.0010996776918826,1.77726970010602e-05,2.95873458497628,4.75024666314563,-1.79151207816934,5.69202046739247e-07,1.94845273523497e-07,0.13526035610156,0.0021860417311304,2.49894648741163,2.59042662985857,0.932110226066041,1.63105534906276,True,True,False,True,False,True,0.0432528536372525,0.143785888589214,0.100533034951962,0.054,0.226,0.999999985329283,0.931716503300914,51.0,60.0,0.33707865168539325,47.5,43.5,0.5224719101123596,0.18539325842696636
cd4_12h_vs_24h,cd4_12h,cd4_24h,KEGG_PYRIMIDINE_METABOLISM,Vanilla-only significant,90,POLD1,38,4.62765891657924e-09,5.26903195422322e-11,8.33463865838632,10.2782691676256,-1.94363050923927,0.0010996776918826,0.000160158462101912,2.95873458497628,3.79545011009365,-0.836715525117369,5.69202046739247e-07,6.48090930369456e-09,0.13526035610156,0.0196994908385352,2.49894648741163,2.8615317674606,0.932110226066041,1.30596515981639,True,True,False,True,False,True,0.0426840721245184,0.109360716510255,0.0666766443857365,0.052,0.168,1.00000002476697,0.941026386359289,77.5,19.5,0.7921348314606742,29.5,62.5,0.3089887640449438,-0.4831460674157304
cd4_12h_vs_24h,cd4_12h,cd4_24h,KEGG_PYRIMIDINE_METABOLISM,Vanilla-only significant,90,POLD2,39,4.62765891657924e-09,9.5725425402497e-08,8.33463865838632,7.01897269497718,1.31566596340914,0.0010996776918826,8.03548663493119e-06,2.95873458497628,5.09498781691362,-2.13625323193734,5.69202046739247e-07,1.17742273245071e-05,0.13526035610156,0.000988364856096536,2.49894648741163,2.2201503515613,0.932110226066041,1.73351743731473,True,True,False,True,False,True,0.517719720916892,0.542983715407938,0.0252639944910463,0.462,0.532,1.00000010340874,0.943926937463203,12.0,40.0,0.5617977528089888,54.5,36.5,0.601123595505618,0.0393258426966292
cd4_12h_vs_24h,cd4_12h,cd4_24h,KEGG_PYRIMIDINE_METABOLISM,Vanilla-only significant,90,POLD3,40,4.62765891657924e-09,1.58410791482518e-09,8.33463865838632,8.80021523611983,-0.465576577733508,0.0010996776918826,0.00059618767048381,2.95873458497628,3.22461700967912,-0.26588242470284,5.69202046739247e-07,1.94845273523497e-07,0.13526035610156,0.0733310834695086,2.49894648741163,2.59042662985857,0.932110226066041,1.06522856619588,True,True,False,False,False,False,0.0801674133396183,0.184499986712917,0.104332573373299,0.094,0.254,0.99999997001427,0.939651243605233,51.0,60.0,0.33707865168539325,17.0,77.0,0.14606741573033707,-0.19101123595505617
cd4_12h_vs_24h,cd4_12h,cd4_24h,KEGG_PYRIMIDINE_METABOLISM,Vanilla-only significant,90,POLD4,41,4.62765891657924e-09,5.25612166428945e-10,8.33463865838632,9.27933459064804,-0.944695932261725,0.0010996776918826,0.00059618767048381,2.95873458497628,3.22461700967912,-0.26588242470284,5.69202046739247e-07,6.46502964707602e-08,0.13526035610156,0.0733310834695086,2.49894648741163,2.68131114927169,0.932110226066041,1.06522856619588,True,True,False,False,False,False,0.0304164826767988,0.0191465400899953,-0.0112699425868035,0.032,0.028,1.00000002972211,0.937817273646147,58.5,46.5,0.4887640449438202,17.0,77.0,0.14606741573033707,-0.3426966292134831
cd4_12h_vs_24h,cd4_12h,cd4_24h,KEGG_PYRIMIDINE_METABOLISM,Vanilla-only significant,90,POLE,42,4.62765891657924e-09,2.46964030878651e-07,8.33463865838632,6.60736629503362,1.7272723633527,0.0010996776918826,3.81265104892234e-05,2.95873458497628,4.41877294150378,-1.4600383565275,5.69202046739247e-07,3.03765757980741e-05,0.13526035610156,0.00468956079017448,2.49894648741163,2.12543199928726,0.932110226066041,1.52606285259303,True,True,False,True,False,True,0.0313466846520506,0.0448458321369306,0.0134991474848801,0.036,0.074,1.00000002632759,0.938333555956198,8.0,26.0,0.7191011235955056,41.5,50.5,0.4438202247191011,-0.2752808988764045
cd4_12h_vs_24h,cd4_12h,cd4_24h,KEGG_PYRIMIDINE_METABOLISM,Vanilla-only significant,90,POLE2,43,4.62765891657924e-09,5.25612166428945e-10,8.33463865838632,9.27933459064804,-0.944695932261725,0.0010996776918826,3.81265104892234e-05,2.95873458497628,4.41877294150378,-1.4600383565275,5.69202046739247e-07,6.46502964707602e-08,0.13526035610156,0.00468956079017448,2.49894648741163,2.68131114927169,0.932110226066041,1.52606285259303,True,True,False,True,False,True,0.0075598767589858,0.0585005740698981,0.0509406973109123,0.01,0.098,1.00000002301911,0.930974970987372,58.5,46.5,0.4887640449438202,41.5,50.5,0.4438202247191011,-0.0449438202247191
cd4_12h_vs_24h,cd4_12h,cd4_24h,KEGG_PYRIMIDINE_METABOLISM,Vanilla-only significant,90,POLE3,44,4.62765891657924e-09,1.31042954439412e-08,8.33463865838632,7.8825863240523,0.452052334334022,0.0010996776918826,3.59717677613814e-08,2.95873458497628,7.44403821911369,-4.48530363413741,5.69202046739247e-07,1.61182833960477e-06,0.13526035610156,4.42452743464991e-06,2.49894648741163,2.40679895558663,0.932110226066041,2.31389997788891,True,True,False,True,False,True,0.326593129494978,0.364701268554491,0.0381081390595135,0.336,0.41,1.00000006927594,0.902688691922811,24.5,67.5,0.25280898876404495,84.5,6.5,0.9382022471910112,0.6853932584269662
cd4_12h_vs_24h,cd4_12h,cd4_24h,KEGG_PYRIMIDINE_METABOLISM,Vanilla-only significant,90,POLE4,45,4.62765891657924e-09,1.31042954439412e-08,8.33463865838632,7.8825863240523,0.452052334334022,0.0010996776918826,1.59178638580836e-11,2.95873458497628,10.7981152140414,-7.83938062906507,5.69202046739247e-07,1.61182833960477e-06,0.13526035610156,1.95789725454428e-09,2.49894648741163,2.40679895558663,0.932110226066041,2.95096765529579,True,True,False,True,False,True,0.444868371399906,0.469289027144063,0.0244206557441575,0.422,0.482,0.999999987875844,0.895952273234479,24.5,67.5,0.25280898876404495,90.0,1.0,1.0,0.747191011235955
cd4_12h_vs_24h,cd4_12h,cd4_24h,KEGG_PYRIMIDINE_METABOLISM,Vanilla-only significant,90,POLR1A,46,4.62765891657924e-09,1.69038678268048e-10,8.33463865838632,9.77201391173862,-1.4373752533523,0.0010996776918826,7.93371655046569e-05,2.95873458497628,4.1005233197136,-1.14178873473732,5.69202046739247e-07,2.07917574269699e-08,0.13526035610156,0.0097584713570728,2.49894648741163,2.77166173987722,0.932110226066041,1.417962696362,True,True,False,True,False,True,0.088760391846249,0.0595786118343419,-0.0291817800119071,0.116,0.096,0.999999995161336,0.928678559493945,67.5,32.5,0.6460674157303371,36.0,56.0,0.38202247191011235,-0.26404494382022475
cd4_12h_vs_24h,cd4_12h,cd4_24h,KEGG_PYRIMIDINE_METABOLISM,Vanilla-only significant,90,POLR1B,47,4.62765891657924e-09,5.26903195422322e-11,8.33463865838632,10.2782691676256,-1.94363050923927,0.0010996776918826,0.000160158462101912,2.95873458497628,3.79545011009365,-0.836715525117369,5.69202046739247e-07,6.48090930369456e-09,0.13526035610156,0.0196994908385352,2.49894648741163,2.8615317674606,0.932110226066041,1.30596515981639,True,True,False,True,False,True,0.121878613269146,0.106739816150568,-0.0151387971185779,0.14,0.166,0.999999948651356,0.917016015047452,77.5,19.5,0.7921348314606742,29.5,62.5,0.3089887640449438,-0.4831460674157304
cd4_12h_vs_24h,cd4_12h,cd4_24h,KEGG_PYRIMIDINE_METABOLISM,Vanilla-only significant,90,POLR1C,48,4.62765891657924e-09,3.63636990445739e-13,8.33463865838632,12.4393319452263,-4.10469328683999,0.0010996776918826,3.59717677613814e-08,2.95873458497628,7.44403821911369,-4.48530363413741,5.69202046739247e-07,4.47273498248259e-11,0.13526035610156,4.42452743464991e-06,2.49894648741163,3.21705250715417,0.932110226066041,2.31389997788891,True,True,False,True,False,True,0.222345470676242,0.209387756151508,-0.0129577145247344,0.248,0.284,0.999999949819114,0.939400083813313,90.0,1.0,1.0,84.5,6.5,0.9382022471910112,-0.061797752808988804
cd4_12h_vs_24h,cd4_12h,cd4_24h,KEGG_PYRIMIDINE_METABOLISM,Vanilla-only significant,90,POLR1D,49,4.62765891657924e-09,1.69038678268048e-10,8.33463865838632,9.77201391173862,-1.4373752533523,0.0010996776918826,8.03548663493119e-06,2.95873458497628,5.09498781691362,-2.13625323193734,5.69202046739247e-07,2.07917574269699e-08,0.13526035610156,0.000988364856096536,2.49894648741163,2.77166173987722,0.932110226066041,1.73351743731473,True,True,False,True,False,True,0.793838315074995,0.820283841039583,0.0264455259645876,0.64,0.694,0.999999949819114,0.939400083813313,67.5,32.5,0.6460674157303371,54.5,36.5,0.601123595505618,-0.0449438202247191
cd4_12h_vs_24h,cd4_12h,cd4_24h,KEGG_PYRIMIDINE_METABOLISM,Vanilla-only significant,90,POLR1E,50,4.62765891657924e-09,4.62765891657924e-09,8.33463865838632,8.33463865838632,0.0,0.0010996776918826,3.81265104892234e-05,2.95873458497628,4.41877294150378,-1.4600383565275,5.69202046739247e-07,5.69202046739247e-07,0.13526035610156,0.00468956079017448,2.49894648741163,2.49894648741163,0.932110226066041,1.52606285259303,True,True,False,True,False,True,0.252674883376097,0.306831871517727,0.0541569881416303,0.266,0.376,0.999999965663664,0.926681222557849,38.0,81.0,0.10112359550561797,41.5,50.5,0.4438202247191011,0.3426966292134831
cd4_12h_vs_24h,cd4_12h,cd4_24h,KEGG_PYRIMIDINE_METABOLISM,Vanilla-only significant,90,POLR2A,51,4.62765891657924e-09,1.69038678268048e-10,8.33463865838632,9.77201391173862,-1.4373752533523,0.0010996776918826,3.52341775794401e-06,2.95873458497628,5.45303586115776,-2.49430127618147,5.69202046739247e-07,2.07917574269699e-08,0.13526035610156,0.000433380384227113,2.49894648741163,2.77166173987722,0.932110226066041,1.83388406114409,True,True,False,True,False,True,0.268611282541659,0.24555644237845,-0.0230548401632089,0.286,0.32,1.00000001020974,0.941123661973683,67.5,32.5,0.6460674157303371,60.5,30.5,0.6685393258426966,0.022471910112359494
cd4_12h_vs_24h,cd4_12h,cd4_24h,KEGG_PYRIMIDINE_METABOLISM,Vanilla-only significant,90,POLR2C,52,4.62765891657924e-09,4.66051712619044e-12,8.33463865838632,11.3315658917669,-2.99692723338063,0.0010996776918826,1.69038678268048e-10,2.95873458497628,9.77201391173862,-6.81327932676234,5.69202046739247e-07,5.73243606521424e-10,0.13526035610156,2.07917574269699e-08,2.49894648741163,3.04000999674796,0.932110226066041,2.77166173987722,True,True,False,True,False,True,0.36451730706707,0.305632933961649,-0.0588843731054217,0.37,0.376,1.00000001730615,0.942877464535311,86.5,6.5,0.9382022471910112,88.5,2.5,0.9831460674157303,0.0449438202247191
cd4_12h_vs_24h,cd4_12h,cd4_24h,KEGG_PYRIMIDINE_METABOLISM,Vanilla-only significant,90,POLR2D,53,4.62765891657924e-09,4.62765891657924e-09,8.33463865838632,8.33463865838632,0.0,0.0010996776918826,8.03548663493119e-06,2.95873458497628,5.09498781691362,-2.13625323193734,5.69202046739247e-07,5.69202046739247e-07,0.13526035610156,0.000988364856096536,2.49894648741163,2.49894648741163,0.932110226066041,1.73351743731473,True,True,False,True,False,True,0.195777408363004,0.231220735279806,0.035443326916802,0.208,0.298,0.999999959079108,0.942057774480034,38.0,81.0,0.10112359550561797,54.5,36.5,0.601123595505618,0.5
cd4_12h_vs_24h,cd4_12h,cd4_24h,KEGG_PYRIMIDINE_METABOLISM,Vanilla-only significant,90,POLR2E,54,4.62765891657924e-09,6.1774102028672e-07,8.33463865838632,6.20919355894615,2.12544509944017,0.0010996776918826,7.93371655046569e-05,2.95873458497628,4.1005233197136,-1.14178873473732,5.69202046739247e-07,7.59821454952666e-05,0.13526035610156,0.0097584713570728,2.49894648741163,2.02960302707371,0.932110226066041,1.417962696362,True,True,False,True,False,True,0.48541249907004,0.599104443368917,0.113691944298877,0.454,0.566,0.999999947258978,0.946567700055303,5.0,13.0,0.8651685393258427,36.0,56.0,0.38202247191011235,-0.48314606741573035
cd4_12h_vs_24h,cd4_12h,cd4_24h,KEGG_PYRIMIDINE_METABOLISM,Vanilla-only significant,90,POLR2F,55,4.62765891657924e-09,1.58410791482518e-09,8.33463865838632,8.80021523611983,-0.465576577733508,0.0010996776918826,2.46964030878651e-07,2.95873458497628,6.60736629503362,-3.64863171005733,5.69202046739247e-07,1.94845273523497e-07,0.13526035610156,3.03765757980741e-05,2.49894648741163,2.59042662985857,0.932110226066041,2.12543199928726,True,True,False,True,False,True,0.529574026470657,0.623340858191852,0.0937668317211955,0.456,0.572,0.999999968156161,0.936686623557447,51.0,60.0,0.33707865168539325,78.5,12.5,0.8707865168539326,0.5337078651685394
cd4_12h_vs_24h,cd4_12h,cd4_24h,KEGG_PYRIMIDINE_METABOLISM,Vanilla-only significant,90,POLR2G,56,4.62765891657924e-09,1.69038678268048e-10,8.33463865838632,9.77201391173862,-1.4373752533523,0.0010996776918826,3.59717677613814e-08,2.95873458497628,7.44403821911369,-4.48530363413741,5.69202046739247e-07,2.07917574269699e-08,0.13526035610156,4.42452743464991e-06,2.49894648741163,2.77166173987722,0.932110226066041,2.31389997788891,True,True,False,True,False,True,0.361932359907229,0.568235469227695,0.206303109320466,0.368,0.584,0.999999976845849,0.941870611451888,67.5,32.5,0.6460674157303371,84.5,6.5,0.9382022471910112,0.2921348314606741
cd4_12h_vs_24h,cd4_12h,cd4_24h,KEGG_PYRIMIDINE_METABOLISM,Vanilla-only significant,90,POLR2H,57,4.62765891657924e-09,1.69038678268048e-10,8.33463865838632,9.77201391173862,-1.4373752533523,0.0010996776918826,1.49821174952854e-06,2.95873458497628,5.82442680135432,-2.86569221637803,5.69202046739247e-07,2.07917574269699e-08,0.13526035610156,0.00018428004519201,2.49894648741163,2.77166173987722,0.932110226066041,1.93249105817205,True,True,False,True,False,True,0.549402469148029,0.650686494561165,0.101284025413136,0.488,0.574,0.999999996720625,0.93729556912442,67.5,32.5,0.6460674157303371,65.5,25.5,0.7247191011235955,0.0786516853932584
cd4_12h_vs_24h,cd4_12h,cd4_24h,KEGG_PYRIMIDINE_METABOLISM,Vanilla-only significant,90,POLR2I,58,4.62765891657924e-09,3.59717677613814e-08,8.33463865838632,7.44403821911369,0.890600439272627,0.0010996776918826,7.93371655046569e-05,2.95873458497628,4.1005233197136,-1.14178873473732,5.69202046739247e-07,4.42452743464991e-06,0.13526035610156,0.0097584713570728,2.49894648741163,2.31389997788891,0.932110226066041,1.417962696362,True,True,False,True,False,True,0.6033709882952,0.674555582269512,0.0711845939743119,0.532,0.634,1.00000004331644,0.949949121482167,17.5,53.5,0.4101123595505618,36.0,56.0,0.38202247191011235,-0.02808988764044945
cd4_12h_vs_24h,cd4_12h,cd4_24h,KEGG_PYRIMIDINE_METABOLISM,Vanilla-only significant,90,POLR2J,59,4.62765891657924e-09,1.77726970010602e-05,8.33463865838632,4.75024666314563,3.58439199524069,0.0010996776918826,9.5725425402497e-08,2.95873458497628,7.01897269497718,-4.06023811000089,5.69202046739247e-07,0.0021860417311304,0.13526035610156,1.17742273245071e-05,2.49894648741163,1.63105534906276,0.932110226066041,2.2201503515613,True,True,False,True,False,True,0.570285199082544,0.587084634231268,0.0167994351487237,0.516,0.57,1.00000002506551,0.94368840303391,2.0,3.0,0.9775280898876404,80.5,10.5,0.8932584269662921,-0.0842696629213483
cd4_12h_vs_24h,cd4_12h,cd4_24h,KEGG_PYRIMIDINE_METABOLISM,Vanilla-only significant,90,POLR2J2,60,4.62765891657924e-09,5.25612166428945e-10,8.33463865838632,9.27933459064804,-0.944695932261725,0.0010996776918826,6.1774102028672e-07,2.95873458497628,6.20919355894615,-3.25045897396987,5.69202046739247e-07,6.46502964707602e-08,0.13526035610156,7.59821454952666e-05,2.49894648741163,2.68131114927169,0.932110226066041,2.02960302707371,True,True,False,True,False,True,0.0248351981972664,0.0514898309817442,0.0266546327844777,0.032,0.064,1.000000053568,0.947373114117072,58.5,46.5,0.4887640449438202,73.0,18.0,0.8089887640449438,0.3202247191011236
cd4_12h_vs_24h,cd4_12h,cd4_24h,KEGG_PYRIMIDINE_METABOLISM,Vanilla-only significant,90,POLR2K,61,4.62765891657924e-09,1.31042954439412e-08,8.33463865838632,7.8825863240523,0.452052334334022,0.0010996776918826,8.03548663493119e-06,2.95873458497628,5.09498781691362,-2.13625323193734,5.69202046739247e-07,1.61182833960477e-06,0.13526035610156,0.000988364856096536,2.49894648741163,2.40679895558663,0.932110226066041,1.73351743731473,True,True,False,True,False,True,0.608678512579173,0.740378484762425,0.131699972183252,0.54,0.658,1.00000000805738,0.942418504983199,24.5,67.5,0.25280898876404495,54.5,36.5,0.601123595505618,0.34831460674157305
cd4_12h_vs_24h,cd4_12h,cd4_24h,KEGG_PYRIMIDINE_METABOLISM,Vanilla-only significant,90,POLR2L,62,4.62765891657924e-09,9.5725425402497e-08,8.33463865838632,7.01897269497718,1.31566596340914,0.0010996776918826,3.59717677613814e-08,2.95873458497628,7.44403821911369,-4.48530363413741,5.69202046739247e-07,1.17742273245071e-05,0.13526035610156,4.42452743464991e-06,2.49894648741163,2.2201503515613,0.932110226066041,2.31389997788891,True,True,False,True,False,True,0.886673227079896,1.10520388783703,0.218530660757134,0.648,0.772,0.999999985970392,0.948517116216688,12.0,40.0,0.5617977528089888,84.5,6.5,0.9382022471910112,0.3764044943820224
cd4_12h_vs_24h,cd4_12h,cd4_24h,KEGG_PYRIMIDINE_METABOLISM,Vanilla-only significant,90,POLR3A,63,4.62765891657924e-09,3.59717677613814e-08,8.33463865838632,7.44403821911369,0.890600439272627,0.0010996776918826,3.81265104892234e-05,2.95873458497628,4.41877294150378,-1.4600383565275,5.69202046739247e-07,4.42452743464991e-06,0.13526035610156,0.00468956079017448,2.49894648741163,2.31389997788891,0.932110226066041,1.52606285259303,True,True,False,True,False,True,0.0867031141019842,0.0616179472210672,-0.025085166880917,0.108,0.096,1.000000049318,0.941626110419142,17.5,53.5,0.4101123595505618,41.5,50.5,0.4438202247191011,0.0337078651685393
cd4_12h_vs_24h,cd4_12h,cd4_24h,KEGG_PYRIMIDINE_METABOLISM,Vanilla-only significant,90,POLR3B,64,4.62765891657924e-09,4.62765891657924e-09,8.33463865838632,8.33463865838632,0.0,0.0010996776918826,7.93371655046569e-05,2.95873458497628,4.1005233197136,-1.14178873473732,5.69202046739247e-07,5.69202046739247e-07,0.13526035610156,0.0097584713570728,2.49894648741163,2.49894648741163,0.932110226066041,1.417962696362,True,True,False,True,False,True,0.0588416381480496,0.047994688540423,-0.0108469496076266,0.076,0.08,1.0000000003347,0.941928283612678,38.0,81.0,0.10112359550561797,36.0,56.0,0.38202247191011235,0.2808988764044944
cd4_12h_vs_24h,cd4_12h,cd4_24h,KEGG_PYRIMIDINE_METABOLISM,Vanilla-only significant,90,POLR3C,65,4.62765891657924e-09,1.31042954439412e-08,8.33463865838632,7.8825863240523,0.452052334334022,0.0010996776918826,3.81265104892234e-05,2.95873458497628,4.41877294150378,-1.4600383565275,5.69202046739247e-07,1.61182833960477e-06,0.13526035610156,0.00468956079017448,2.49894648741163,2.40679895558663,0.932110226066041,1.52606285259303,True,True,False,True,False,True,0.100108314810843,0.109629492895962,0.00952117808511987,0.118,0.158,0.999999987953576,0.923171611566707,24.5,67.5,0.25280898876404495,41.5,50.5,0.4438202247191011,0.19101123595505615
cd4_12h_vs_24h,cd4_12h,cd4_24h,KEGG_PYRIMIDINE_METABOLISM,Vanilla-only significant,90,POLR3D,66,4.62765891657924e-09,4.62765891657924e-09,8.33463865838632,8.33463865838632,0.0,0.0010996776918826,6.1774102028672e-07,2.95873458497628,6.20919355894615,-3.25045897396987,5.69202046739247e-07,5.69202046739247e-07,0.13526035610156,7.59821454952666e-05,2.49894648741163,2.49894648741163,0.932110226066041,2.02960302707371,True,True,False,True,False,True,0.168391473892014,0.196702515998736,0.0283110421067224,0.172,0.248,0.999999986870221,0.924845882687161,38.0,81.0,0.10112359550561797,73.0,18.0,0.8089887640449438,0.7078651685393258
cd4_12h_vs_24h,cd4_12h,cd4_24h,KEGG_PYRIMIDINE_METABOLISM,Vanilla-only significant,90,POLR3F,67,4.62765891657924e-09,5.26903195422322e-11,8.33463865838632,10.2782691676256,-1.94363050923927,0.0010996776918826,0.0010996776918826,2.95873458497628,2.95873458497628,0.0,5.69202046739247e-07,6.48090930369456e-09,0.13526035610156,0.13526035610156,2.49894648741163,2.8615317674606,0.932110226066041,0.932110226066041,True,True,False,False,False,False,0.0763195328621861,0.0732042044055908,-0.00311532845659533,0.094,0.126,0.999999980437195,0.940584041359453,77.5,19.5,0.7921348314606742,11.5,86.5,0.03932584269662921,-0.752808988764045
cd4_12h_vs_24h,cd4_12h,cd4_24h,KEGG_PYRIMIDINE_METABOLISM,Vanilla-only significant,90,POLR3G,68,4.62765891657924e-09,1.69038678268048e-10,8.33463865838632,9.77201391173862,-1.4373752533523,0.0010996776918826,0.000160158462101912,2.95873458497628,3.79545011009365,-0.836715525117369,5.69202046739247e-07,2.07917574269699e-08,0.13526035610156,0.0196994908385352,2.49894648741163,2.77166173987722,0.932110226066041,1.30596515981639,True,True,False,True,False,True,0.045718951150465,0.0401852983167148,-0.00553365283375017,0.054,0.072,1.00000000000636,0.920788631286802,67.5,32.5,0.6460674157303371,29.5,62.5,0.3089887640449438,-0.3370786516853933
cd4_12h_vs_24h,cd4_12h,cd4_24h,KEGG_PYRIMIDINE_METABOLISM,Vanilla-only significant,90,POLR3GL,69,4.62765891657924e-09,4.66051712619044e-12,8.33463865838632,11.3315658917669,-2.99692723338063,0.0010996776918826,1.49821174952854e-06,2.95873458497628,5.82442680135432,-2.86569221637803,5.69202046739247e-07,5.73243606521424e-10,0.13526035610156,0.00018428004519201,2.49894648741163,3.04000999674796,0.932110226066041,1.93249105817205,True,True,False,True,False,True,0.244905967876414,0.290337564158629,0.0454315962822149,0.24,0.38,0.999999960243039,0.923095861302306,86.5,6.5,0.9382022471910112,65.5,25.5,0.7247191011235955,-0.2134831460674157
cd4_12h_vs_24h,cd4_12h,cd4_24h,KEGG_PYRIMIDINE_METABOLISM,Vanilla-only significant,90,POLR3H,70,4.62765891657924e-09,3.59717677613814e-08,8.33463865838632,7.44403821911369,0.890600439272627,0.0010996776918826,2.46964030878651e-07,2.95873458497628,6.60736629503362,-3.64863171005733,5.69202046739247e-07,4.42452743464991e-06,0.13526035610156,3.03765757980741e-05,2.49894648741163,2.31389997788891,0.932110226066041,2.12543199928726,True,True,False,True,False,True,0.277570619538042,0.348976667123366,0.0714060475853238,0.284,0.42,1.00000001995717,0.929591165686937,17.5,53.5,0.4101123595505618,78.5,12.5,0.8707865168539326,0.4606741573033708
cd4_12h_vs_24h,cd4_12h,cd4_24h,KEGG_PYRIMIDINE_METABOLISM,Vanilla-only significant,90,POLR3K,71,4.62765891657924e-09,5.26903195422322e-11,8.33463865838632,10.2782691676256,-1.94363050923927,0.0010996776918826,6.1774102028672e-07,2.95873458497628,6.20919355894615,-3.25045897396987,5.69202046739247e-07,6.48090930369456e-09,0.13526035610156,7.59821454952666e-05,2.49894648741163,2.8615317674606,0.932110226066041,2.02960302707371,True,True,False,True,False,True,0.242039419137893,0.434720587885424,0.192681168747531,0.266,0.458,0.999999966012589,0.943795781882927,77.5,19.5,0.7921348314606742,73.0,18.0,0.8089887640449438,0.016853932584269593
cd4_12h_vs_24h,cd4_12h,cd4_24h,KEGG_PYRIMIDINE_METABOLISM,Vanilla-only significant,90,PRIM1,72,4.62765891657924e-09,1.58410791482518e-09,8.33463865838632,8.80021523611983,-0.465576577733508,0.0010996776918826,6.1774102028672e-07,2.95873458497628,6.20919355894615,-3.25045897396987,5.69202046739247e-07,1.94845273523497e-07,0.13526035610156,7.59821454952666e-05,2.49894648741163,2.59042662985857,0.932110226066041,2.02960302707371,True,True,False,True,False,True,0.0965401393020338,0.247435671696177,0.150895532394143,0.108,0.316,0.999999954103583,0.917115629215519,51.0,60.0,0.33707865168539325,73.0,18.0,0.8089887640449438,0.47191011235955055
cd4_12h_vs_24h,cd4_12h,cd4_24h,KEGG_PYRIMIDINE_METABOLISM,Vanilla-only significant,90,PRIM2,73,4.62765891657924e-09,1.69038678268048e-10,8.33463865838632,9.77201391173862,-1.4373752533523,0.0010996776918826,0.000313688994347936,2.95873458497628,3.503500718082,-0.544766133105719,5.69202046739247e-07,2.07917574269699e-08,0.13526035610156,0.0385837463047961,2.49894648741163,2.77166173987722,0.932110226066041,1.18894726823464,True,True,False,True,False,True,0.106378529309865,0.170101493128881,0.0637229638190155,0.12,0.248,1.0000000421882,0.931721633575205,67.5,32.5,0.6460674157303371,22.0,70.0,0.2247191011235955,-0.4213483146067416
cd4_12h_vs_24h,cd4_12h,cd4_24h,KEGG_PYRIMIDINE_METABOLISM,Vanilla-only significant,90,RRM1,74,4.62765891657924e-09,1.32240927298422e-12,8.33463865838632,11.8786341140708,-3.54399545568447,0.0010996776918826,9.5725425402497e-08,2.95873458497628,7.01897269497718,-4.06023811000089,5.69202046739247e-07,1.62656340577059e-10,0.13526035610156,1.17742273245071e-05,2.49894648741163,3.12869445657952,0.932110226066041,2.2201503515613,True,True,False,True,False,True,0.133025298129916,0.294545982650901,0.161520684520985,0.146,0.356,0.999999926018365,0.926428067422775,88.5,4.5,0.9606741573033708,80.5,10.5,0.8932584269662921,-0.0674157303370787
cd4_12h_vs_24h,cd4_12h,cd4_24h,KEGG_PYRIMIDINE_METABOLISM,Vanilla-only significant,90,RRM2,75,4.62765891657924e-09,4.62765891657924e-09,8.33463865838632,8.33463865838632,0.0,0.0010996776918826,0.000160158462101912,2.95873458497628,3.79545011009365,-0.836715525117369,5.69202046739247e-07,5.69202046739247e-07,0.13526035610156,0.0196994908385352,2.49894648741163,2.49894648741163,0.932110226066041,1.30596515981639,True,True,False,True,False,True,0.0016135719829406,0.0200654416324634,0.0184518696495228,0.002,0.03,1.00000003594251,0.917314182075062,38.0,81.0,0.10112359550561797,29.5,62.5,0.3089887640449438,0.20786516853932582
cd4_12h_vs_24h,cd4_12h,cd4_24h,KEGG_PYRIMIDINE_METABOLISM,Vanilla-only significant,90,RRM2B,76,4.62765891657924e-09,4.62765891657924e-09,8.33463865838632,8.33463865838632,0.0,0.0010996776918826,0.0010996776918826,2.95873458497628,2.95873458497628,0.0,5.69202046739247e-07,5.69202046739247e-07,0.13526035610156,0.13526035610156,2.49894648741163,2.49894648741163,0.932110226066041,0.932110226066041,True,True,False,False,False,False,0.0138207062973776,0.0197943141132964,0.00597360781591877,0.016,0.024,1.00000001757023,0.931964473409563,38.0,81.0,0.10112359550561797,11.5,86.5,0.03932584269662921,-0.06179775280898876
cd4_12h_vs_24h,cd4_12h,cd4_24h,KEGG_PYRIMIDINE_METABOLISM,Vanilla-only significant,90,TK1,77,4.62765891657924e-09,4.62765891657924e-09,8.33463865838632,8.33463865838632,0.0,0.0010996776918826,0.0010996776918826,2.95873458497628,2.95873458497628,0.0,5.69202046739247e-07,5.69202046739247e-07,0.13526035610156,0.13526035610156,2.49894648741163,2.49894648741163,0.932110226066041,0.932110226066041,True,True,False,False,False,False,0.0,0.0551780503699842,0.0551780503699842,0.0,0.084,0.999999990248315,0.936061856122029,38.0,81.0,0.10112359550561797,11.5,86.5,0.03932584269662921,-0.06179775280898876
cd4_12h_vs_24h,cd4_12h,cd4_24h,KEGG_PYRIMIDINE_METABOLISM,Vanilla-only significant,90,TK2,78,4.62765891657924e-09,4.62765891657924e-09,8.33463865838632,8.33463865838632,0.0,0.0010996776918826,0.00196887460329715,2.95873458497628,2.70578194299357,0.252952641982712,5.69202046739247e-07,5.69202046739247e-07,0.13526035610156,0.242171576205549,2.49894648741163,2.49894648741163,0.932110226066041,0.784778205325666,True,True,False,False,False,False,0.00733969590426057,0.00331232624021043,-0.00402736966405014,0.008,0.006,0.999999990248315,0.936061856122029,38.0,81.0,0.10112359550561797,5.5,80.5,0.10674157303370786,0.0056179775280898875
cd4_12h_vs_24h,cd4_12h,cd4_24h,KEGG_PYRIMIDINE_METABOLISM,Vanilla-only significant,90,TXNRD1,79,4.62765891657924e-09,1.59178638580836e-11,8.33463865838632,10.7981152140414,-2.46347655565504,0.0010996776918826,1.49821174952854e-06,2.95873458497628,5.82442680135432,-2.86569221637803,5.69202046739247e-07,1.95789725454428e-09,0.13526035610156,0.00018428004519201,2.49894648741163,2.95096765529579,0.932110226066041,1.93249105817205,True,True,False,True,False,True,0.312979441536908,0.258705062415564,-0.0542743791213438,0.308,0.304,1.00000000044756,0.901494973576068,84.0,10.0,0.898876404494382,65.5,25.5,0.7247191011235955,-0.1741573033707865
cd4_12h_vs_24h,cd4_12h,cd4_24h,KEGG_PYRIMIDINE_METABOLISM,Vanilla-only significant,90,TXNRD2,80,4.62765891657924e-09,2.46964030878651e-07,8.33463865838632,6.60736629503362,1.7272723633527,0.0010996776918826,0.000313688994347936,2.95873458497628,3.503500718082,-0.544766133105719,5.69202046739247e-07,3.03765757980741e-05,0.13526035610156,0.0385837463047961,2.49894648741163,2.12543199928726,0.932110226066041,1.18894726823464,True,True,False,True,False,True,0.0542504927814326,0.0746976969854477,0.0204472042040151,0.054,0.108,1.00000003354384,0.903752630565908,8.0,26.0,0.7191011235955056,22.0,70.0,0.2247191011235955,-0.4943820224719101
cd4_12h_vs_24h,cd4_12h,cd4_24h,KEGG_PYRIMIDINE_METABOLISM,Vanilla-only significant,90,TYMP,81,4.62765891657924e-09,3.81265104892234e-05,8.33463865838632,4.41877294150378,3.91586571688254,0.0010996776918826,0.00196887460329715,2.95873458497628,2.70578194299357,0.252952641982712,5.69202046739247e-07,0.00468956079017448,0.13526035610156,0.242171576205549,2.49894648741163,1.52606285259303,0.932110226066041,0.784778205325666,True,True,False,False,False,False,0.179457955373539,0.462265377046527,0.282807421672988,0.166,0.45,1.00000002304963,0.890375006671255,1.0,2.0,0.9887640449438202,5.5,80.5,0.10674157303370786,-0.8820224719101123
cd4_12h_vs_24h,cd4_12h,cd4_24h,KEGG_PYRIMIDINE_METABOLISM,Vanilla-only significant,90,TYMS,82,4.62765891657924e-09,5.25612166428945e-10,8.33463865838632,9.27933459064804,-0.944695932261725,0.0010996776918826,0.00059618767048381,2.95873458497628,3.22461700967912,-0.26588242470284,5.69202046739247e-07,6.46502964707602e-08,0.13526035610156,0.0733310834695086,2.49894648741163,2.68131114927169,0.932110226066041,1.06522856619588,True,True,False,False,False,False,0.00253850905162835,0.157084221051904,0.154545712000276,0.002,0.17,1.00000005664796,0.916011594749924,58.5,46.5,0.4887640449438202,17.0,77.0,0.14606741573033707,-0.3426966292134831
cd4_12h_vs_24h,cd4_12h,cd4_24h,KEGG_PYRIMIDINE_METABOLISM,Vanilla-only significant,90,UCK1,83,4.62765891657924e-09,1.58410791482518e-09,8.33463865838632,8.80021523611983,-0.465576577733508,0.0010996776918826,8.03548663493119e-06,2.95873458497628,5.09498781691362,-2.13625323193734,5.69202046739247e-07,1.94845273523497e-07,0.13526035610156,0.000988364856096536,2.49894648741163,2.59042662985857,0.932110226066041,1.73351743731473,True,True,False,True,False,True,0.0499747512253886,0.0690940366090695,0.0191192853836809,0.06,0.11,0.999999981880559,0.919728402561001,51.0,60.0,0.33707865168539325,54.5,36.5,0.601123595505618,0.26404494382022475
cd4_12h_vs_24h,cd4_12h,cd4_24h,KEGG_PYRIMIDINE_METABOLISM,Vanilla-only significant,90,UCK2,84,4.62765891657924e-09,3.59717677613814e-08,8.33463865838632,7.44403821911369,0.890600439272627,0.0010996776918826,3.81265104892234e-05,2.95873458497628,4.41877294150378,-1.4600383565275,5.69202046739247e-07,4.42452743464991e-06,0.13526035610156,0.00468956079017448,2.49894648741163,2.31389997788891,0.932110226066041,1.52606285259303,True,True,False,True,False,True,0.0664755328733918,0.111749607367007,0.0452740744936152,0.086,0.164,1.00000008613388,0.916657792730149,17.5,53.5,0.4101123595505618,41.5,50.5,0.4438202247191011,0.0337078651685393
cd4_12h_vs_24h,cd4_12h,cd4_24h,KEGG_PYRIMIDINE_METABOLISM,Vanilla-only significant,90,UCKL1,85,4.62765891657924e-09,9.5725425402497e-08,8.33463865838632,7.01897269497718,1.31566596340914,0.0010996776918826,6.1774102028672e-07,2.95873458497628,6.20919355894615,-3.25045897396987,5.69202046739247e-07,1.17742273245071e-05,0.13526035610156,7.59821454952666e-05,2.49894648741163,2.2201503515613,0.932110226066041,2.02960302707371,True,True,False,True,False,True,0.0950543308150793,0.111659324617551,0.016604993802472,0.108,0.158,0.999999996115303,0.917012423199333,12.0,40.0,0.5617977528089888,73.0,18.0,0.8089887640449438,0.247191011235955
cd4_12h_vs_24h,cd4_12h,cd4_24h,KEGG_PYRIMIDINE_METABOLISM,Vanilla-only significant,90,UMPS,86,4.62765891657924e-09,5.26903195422322e-11,8.33463865838632,10.2782691676256,-1.94363050923927,0.0010996776918826,8.03548663493119e-06,2.95873458497628,5.09498781691362,-2.13625323193734,5.69202046739247e-07,6.48090930369456e-09,0.13526035610156,0.000988364856096536,2.49894648741163,2.8615317674606,0.932110226066041,1.73351743731473,True,True,False,True,False,True,0.230305698898969,0.325674675247287,0.0953689763483184,0.258,0.4,1.00000003137032,0.921747631809826,77.5,19.5,0.7921348314606742,54.5,36.5,0.601123595505618,-0.1910112359550562
cd4_12h_vs_24h,cd4_12h,cd4_24h,KEGG_PYRIMIDINE_METABOLISM,Vanilla-only significant,90,UPB1,87,4.62765891657924e-09,4.62765891657924e-09,8.33463865838632,8.33463865838632,0.0,0.0010996776918826,0.0010996776918826,2.95873458497628,2.95873458497628,0.0,5.69202046739247e-07,5.69202046739247e-07,0.13526035610156,0.13526035610156,2.49894648741163,2.49894648741163,0.932110226066041,0.932110226066041,True,True,False,False,False,False,0.0,0.0,0.0,0.0,0.0,0.999999935839951,0.917310508039924,38.0,81.0,0.10112359550561797,11.5,86.5,0.03932584269662921,-0.06179775280898876
cd4_12h_vs_24h,cd4_12h,cd4_24h,KEGG_PYRIMIDINE_METABOLISM,Vanilla-only significant,90,UPP1,88,4.62765891657924e-09,1.32240927298422e-12,8.33463865838632,11.8786341140708,-3.54399545568447,0.0010996776918826,0.0010996776918826,2.95873458497628,2.95873458497628,0.0,5.69202046739247e-07,1.62656340577059e-10,0.13526035610156,0.13526035610156,2.49894648741163,3.12869445657952,0.932110226066041,0.932110226066041,True,True,False,False,False,False,0.137828338797345,0.104005414315113,-0.0338229244822318,0.124,0.118,1.00000004398102,0.926430760654139,88.5,4.5,0.9606741573033708,11.5,86.5,0.03932584269662921,-0.9213483146067416
cd4_12h_vs_24h,cd4_12h,cd4_24h,KEGG_PYRIMIDINE_METABOLISM,Vanilla-only significant,90,UPRT,89,4.62765891657924e-09,6.1774102028672e-07,8.33463865838632,6.20919355894615,2.12544509944017,0.0010996776918826,0.000313688994347936,2.95873458497628,3.503500718082,-0.544766133105719,5.69202046739247e-07,7.59821454952666e-05,0.13526035610156,0.0385837463047961,2.49894648741163,2.02960302707371,0.932110226066041,1.18894726823464,True,True,False,True,False,True,0.0881678148793438,0.0758172728250505,-0.0123505420542933,0.106,0.116,0.999999944057202,0.930009683952103,5.0,13.0,0.8651685393258427,22.0,70.0,0.2247191011235955,-0.6404494382022472
cd4_12h_vs_24h,cd4_12h,cd4_24h,KEGG_PYRIMIDINE_METABOLISM,Vanilla-only significant,90,ZNRD1,90,4.62765891657924e-09,1.69038678268048e-10,8.33463865838632,9.77201391173862,-1.4373752533523,0.0010996776918826,3.52341775794401e-06,2.95873458497628,5.45303586115776,-2.49430127618147,5.69202046739247e-07,2.07917574269699e-08,0.13526035610156,0.000433380384227113,2.49894648741163,2.77166173987722,0.932110226066041,1.83388406114409,True,True,False,True,False,True,0.554600173054532,0.527354019673468,-0.0272461533810637,0.516,0.57,0.999999993743367,0.947546326788899,67.5,32.5,0.6460674157303371,60.5,30.5,0.6685393258426966,0.022471910112359494
cd4_12h_vs_24h,cd4_12h,cd4_24h,REACTOME_GLYCEROPHOSPHOLIPID_BIOSYNTHESIS,GenePT-only significant,96,ABHD3,1,0.0010996776918826,0.00196887460329715,2.95873458497628,2.70578194299357,0.252952641982712,0.000313688994347936,0.00946978291842922,3.503500718082,2.02365997647813,1.47984074160387,0.13526035610156,0.242171576205549,0.0385837463047961,1.0,0.932110226066041,0.784778205325666,1.18894726823464,0.0,False,False,True,False,False,True,0.0434033280793712,0.0567829503935671,0.0133796223141959,0.046,0.076,1.00000004234792,0.905142825402852,24.5,52.5,0.45789473684210524,12.5,13.5,0.868421052631579,0.41052631578947374
cd4_12h_vs_24h,cd4_12h,cd4_24h,REACTOME_GLYCEROPHOSPHOLIPID_BIOSYNTHESIS,GenePT-only significant,96,ABHD4,2,0.0010996776918826,0.0010996776918826,2.95873458497628,2.95873458497628,0.0,0.000313688994347936,0.000160158462101912,3.503500718082,3.79545011009365,-0.29194939201165,0.13526035610156,0.13526035610156,0.0385837463047961,0.0196994908385352,0.932110226066041,0.932110226066041,1.18894726823464,1.30596515981639,False,False,True,True,False,False,0.0,0.00086949541664989,0.00086949541664989,0.0,0.002,0.999999969970146,0.92891468036128,51.5,79.5,0.1736842105263158,73.5,62.5,0.3526315789473684,0.1789473684210526
cd4_12h_vs_24h,cd4_12h,cd4_24h,REACTOME_GLYCEROPHOSPHOLIPID_BIOSYNTHESIS,GenePT-only significant,96,ACP6,3,0.0010996776918826,0.0010996776918826,2.95873458497628,2.95873458497628,0.0,0.000313688994347936,7.93371655046569e-05,3.503500718082,4.1005233197136,-0.597022601631597,0.13526035610156,0.13526035610156,0.0385837463047961,0.0097584713570728,0.932110226066041,0.932110226066041,1.18894726823464,1.417962696362,False,False,True,True,False,False,0.0388211280547572,0.0291634724547011,-0.0096576556000561,0.04,0.044,0.999999994311894,0.935442792262756,51.5,79.5,0.1736842105263158,81.0,49.0,0.49473684210526314,0.32105263157894737
cd4_12h_vs_24h,cd4_12h,cd4_24h,REACTOME_GLYCEROPHOSPHOLIPID_BIOSYNTHESIS,GenePT-only significant,96,AGK,4,0.0010996776918826,0.00196887460329715,2.95873458497628,2.70578194299357,0.252952641982712,0.000313688994347936,0.00577645522630862,3.503500718082,2.23833858855416,1.26516212952784,0.13526035610156,0.242171576205549,0.0385837463047961,0.71050399283596,0.932110226066041,0.784778205325666,1.18894726823464,0.385270654364906,False,False,True,False,False,True,0.0769541028629438,0.082851444166358,0.00589734130341424,0.094,0.132,0.999999994312877,0.935038883849469,24.5,52.5,0.45789473684210524,17.0,18.0,0.8210526315789474,0.3631578947368421
cd4_12h_vs_24h,cd4_12h,cd4_24h,REACTOME_GLYCEROPHOSPHOLIPID_BIOSYNTHESIS,GenePT-only significant,96,AGPAT1,5,0.0010996776918826,0.0150822934297104,2.95873458497628,1.82153261416016,1.13720197081613,0.000313688994347936,0.00196887460329715,3.503500718082,2.70578194299357,0.797718775088431,0.13526035610156,1.0,0.0385837463047961,0.242171576205549,0.932110226066041,0.0,1.18894726823464,0.784778205325666,False,False,True,False,False,True,0.0466967591117768,0.044570405123528,-0.00212635398824883,0.052,0.074,1.00000008413741,0.94914411501198,1.5,12.5,0.8789473684210526,29.5,42.5,0.5631578947368421,-0.3157894736842105
cd4_12h_vs_24h,cd4_12h,cd4_24h,REACTOME_GLYCEROPHOSPHOLIPID_BIOSYNTHESIS,GenePT-only significant,96,AGPAT2,6,0.0010996776918826,0.0034223189265975,2.95873458497628,2.46567952091782,0.493055064058463,0.000313688994347936,1.77726970010602e-05,3.503500718082,4.75024666314563,-1.24674594506362,0.13526035610156,0.420945227971492,0.0385837463047961,0.0021860417311304,0.932110226066041,0.613004412282997,1.18894726823464,1.63105534906276,False,False,True,True,False,False,0.0210004616858526,0.0754124015235884,0.0544119398377358,0.026,0.118,0.999999991437322,0.946337576520613,12.0,33.0,0.6631578947368421,92.5,23.5,0.7631578947368421,0.10000000000000009
cd4_12h_vs_24h,cd4_12h,cd4_24h,REACTOME_GLYCEROPHOSPHOLIPID_BIOSYNTHESIS,GenePT-only significant,96,AGPAT3,7,0.0010996776918826,0.00196887460329715,2.95873458497628,2.70578194299357,0.252952641982712,0.000313688994347936,3.81265104892234e-05,3.503500718082,4.41877294150378,-0.915272223421779,0.13526035610156,0.242171576205549,0.0385837463047961,0.00468956079017448,0.932110226066041,0.784778205325666,1.18894726823464,1.52606285259303,False,False,True,True,False,False,0.173380301840829,0.177989338291535,0.00460903645070507,0.192,0.256,0.999999976010759,0.940501069121449,24.5,52.5,0.45789473684210524,86.5,35.5,0.6368421052631579,0.17894736842105263
cd4_12h_vs_24h,cd4_12h,cd4_24h,REACTOME_GLYCEROPHOSPHOLIPID_BIOSYNTHESIS,GenePT-only significant,96,AGPAT4,8,0.0010996776918826,0.0010996776918826,2.95873458497628,2.95873458497628,0.0,0.000313688994347936,0.00059618767048381,3.503500718082,3.22461700967912,0.278883708402879,0.13526035610156,0.13526035610156,0.0385837463047961,0.0733310834695086,0.932110226066041,0.932110226066041,1.18894726823464,1.06522856619588,False,False,True,False,False,True,0.00490661166924034,0.00614099622371396,0.00123438455447362,0.006,0.008,0.999999950124285,0.938651001577847,51.5,79.5,0.1736842105263158,47.5,75.5,0.21578947368421053,0.04210526315789473
cd4_12h_vs_24h,cd4_12h,cd4_24h,REACTOME_GLYCEROPHOSPHOLIPID_BIOSYNTHESIS,GenePT-only significant,96,AGPAT5,9,0.0010996776918826,0.00196887460329715,2.95873458497628,2.70578194299357,0.252952641982712,0.000313688994347936,0.00059618767048381,3.503500718082,3.22461700967912,0.278883708402879,0.13526035610156,0.242171576205549,0.0385837463047961,0.0733310834695086,0.932110226066041,0.784778205325666,1.18894726823464,1.06522856619588,False,False,True,False,False,True,0.201732394233047,0.197315270994622,-0.00441712323842469,0.234,0.266,0.99999995329995,0.943549725289899,24.5,52.5,0.45789473684210524,47.5,75.5,0.21578947368421053,-0.2421052631578947
cd4_12h_vs_24h,cd4_12h,cd4_24h,REACTOME_GLYCEROPHOSPHOLIPID_BIOSYNTHESIS,GenePT-only significant,96,CDIPT,10,0.0010996776918826,8.03548663493119e-06,2.95873458497628,5.09498781691362,-2.13625323193734,0.000313688994347936,0.000313688994347936,3.503500718082,3.503500718082,0.0,0.13526035610156,0.000988364856096536,0.0385837463047961,0.0385837463047961,0.932110226066041,1.73351743731473,1.18894726823464,1.18894726823464,False,True,True,True,True,False,0.147487088050365,0.186001358740104,0.0385142706897389,0.15,0.24,0.999999970741191,0.921838065339875,94.5,2.5,0.9842105263157894,62.0,90.0,0.06315789473684211,-0.9210526315789473
cd4_12h_vs_24h,cd4_12h,cd4_24h,REACTOME_GLYCEROPHOSPHOLIPID_BIOSYNTHESIS,GenePT-only significant,96,CDS1,11,0.0010996776918826,0.00196887460329715,2.95873458497628,2.70578194299357,0.252952641982712,0.000313688994347936,0.0010996776918826,3.503500718082,2.95873458497628,0.544766133105719,0.13526035610156,0.242171576205549,0.0385837463047961,0.13526035610156,0.932110226066041,0.784778205325666,1.18894726823464,0.932110226066041,False,False,True,False,False,True,0.0031377512523596,0.00484702254004081,0.00170927128768121,0.004,0.006,0.999999966639714,0.878022899948945,24.5,52.5,0.45789473684210524,36.5,54.5,0.4368421052631579,-0.021052631578947323
cd4_12h_vs_24h,cd4_12h,cd4_24h,REACTOME_GLYCEROPHOSPHOLIPID_BIOSYNTHESIS,GenePT-only significant,96,CDS2,12,0.0010996776918826,0.00059618767048381,2.95873458497628,3.22461700967912,-0.26588242470284,0.000313688994347936,7.93371655046569e-05,3.503500718082,4.1005233197136,-0.597022601631597,0.13526035610156,0.0733310834695086,0.0385837463047961,0.0097584713570728,0.932110226066041,1.06522856619588,1.18894726823464,1.417962696362,False,False,True,True,False,False,0.0937024452176249,0.101554240401043,0.00785179518341821,0.092,0.142,1.00000001388272,0.936478422763731,72.0,39.0,0.6,81.0,49.0,0.49473684210526314,-0.10526315789473684
cd4_12h_vs_24h,cd4_12h,cd4_24h,REACTOME_GLYCEROPHOSPHOLIPID_BIOSYNTHESIS,GenePT-only significant,96,CEPT1,13,0.0010996776918826,0.00196887460329715,2.95873458497628,2.70578194299357,0.252952641982712,0.000313688994347936,7.93371655046569e-05,3.503500718082,4.1005233197136,-0.597022601631597,0.13526035610156,0.242171576205549,0.0385837463047961,0.0097584713570728,0.932110226066041,0.784778205325666,1.18894726823464,1.417962696362,False,False,True,True,False,False,0.0788588989613073,0.104927048018608,0.0260681490573011,0.086,0.138,0.999999976819015,0.929557568489223,24.5,52.5,0.45789473684210524,81.0,49.0,0.49473684210526314,0.0368421052631579
cd4_12h_vs_24h,cd4_12h,cd4_24h,REACTOME_GLYCEROPHOSPHOLIPID_BIOSYNTHESIS,GenePT-only significant,96,CHKA,14,0.0010996776918826,0.0010996776918826,2.95873458497628,2.95873458497628,0.0,0.000313688994347936,3.81265104892234e-05,3.503500718082,4.41877294150378,-0.915272223421779,0.13526035610156,0.13526035610156,0.0385837463047961,0.00468956079017448,0.932110226066041,0.932110226066041,1.18894726823464,1.52606285259303,False,False,True,True,False,False,0.0537773738974194,0.0552621839547476,0.00148481005732817,0.064,0.084,0.999999954110358,0.928140084383275,51.5,79.5,0.1736842105263158,86.5,35.5,0.6368421052631579,0.4631578947368421
cd4_12h_vs_24h,cd4_12h,cd4_24h,REACTOME_GLYCEROPHOSPHOLIPID_BIOSYNTHESIS,GenePT-only significant,96,CHKB,15,0.0010996776918826,0.00059618767048381,2.95873458497628,3.22461700967912,-0.26588242470284,0.000313688994347936,0.00577645522630862,3.503500718082,2.23833858855416,1.26516212952784,0.13526035610156,0.0733310834695086,0.0385837463047961,0.71050399283596,0.932110226066041,1.06522856619588,1.18894726823464,0.385270654364906,False,False,True,False,False,True,0.0171099466013509,0.0302955303731029,0.013185583771752,0.02,0.05,1.00000002745484,0.905972922839305,72.0,39.0,0.6,17.0,18.0,0.8210526315789474,0.2210526315789474
cd4_12h_vs_24h,cd4_12h,cd4_24h,REACTOME_GLYCEROPHOSPHOLIPID_BIOSYNTHESIS,GenePT-only significant,96,CHPT1,16,0.0010996776918826,0.0010996776918826,2.95873458497628,2.95873458497628,0.0,0.000313688994347936,0.00577645522630862,3.503500718082,2.23833858855416,1.26516212952784,0.13526035610156,0.13526035610156,0.0385837463047961,0.71050399283596,0.932110226066041,0.932110226066041,1.18894726823464,0.385270654364906,False,False,True,False,False,True,0.0562946265285167,0.125589639351093,0.0692950128225762,0.066,0.174,0.999999915134598,0.947917223983193,51.5,79.5,0.1736842105263158,17.0,18.0,0.8210526315789474,0.6473684210526316
cd4_12h_vs_24h,cd4_12h,cd4_24h,REACTOME_GLYCEROPHOSPHOLIPID_BIOSYNTHESIS,GenePT-only significant,96,CPNE1,17,0.0010996776918826,3.52341775794401e-06,2.95873458497628,5.45303586115776,-2.49430127618147,0.000313688994347936,0.00059618767048381,3.503500718082,3.22461700967912,0.278883708402879,0.13526035610156,0.000433380384227113,0.0385837463047961,0.0733310834695086,0.932110226066041,1.83388406114409,1.18894726823464,1.06522856619588,False,True,True,False,True,True,0.537331866160883,0.756494195742147,0.219162329581264,0.478,0.676,1.00000003933716,0.917149560119595,96.0,1.0,1.0,47.5,75.5,0.21578947368421053,-0.7842105263157895
cd4_12h_vs_24h,cd4_12h,cd4_24h,REACTOME_GLYCEROPHOSPHOLIPID_BIOSYNTHESIS,GenePT-only significant,96,CPNE3,18,0.0010996776918826,3.81265104892234e-05,2.95873458497628,4.41877294150378,-1.4600383565275,0.000313688994347936,3.81265104892234e-05,3.503500718082,4.41877294150378,-0.915272223421779,0.13526035610156,0.00468956079017448,0.0385837463047961,0.00468956079017448,0.932110226066041,1.52606285259303,1.18894726823464,1.52606285259303,False,True,True,True,True,False,0.284373430884419,0.225462563996163,-0.058910866888256,0.286,0.294,1.00000008075434,0.915382449980889,92.5,4.5,0.9631578947368421,86.5,35.5,0.6368421052631579,-0.3263157894736842
cd4_12h_vs_24h,cd4_12h,cd4_24h,REACTOME_GLYCEROPHOSPHOLIPID_BIOSYNTHESIS,GenePT-only significant,96,CPNE7,19,0.0010996776918826,0.0034223189265975,2.95873458497628,2.46567952091782,0.493055064058463,0.000313688994347936,0.00577645522630862,3.503500718082,2.23833858855416,1.26516212952784,0.13526035610156,0.420945227971492,0.0385837463047961,0.71050399283596,0.932110226066041,0.613004412282997,1.18894726823464,0.385270654364906,False,False,True,False,False,True,0.00287550748162458,0.0162962169931375,0.0134207095115129,0.004,0.026,1.00000006931747,0.913245196442266,12.0,33.0,0.6631578947368421,17.0,18.0,0.8210526315789474,0.1578947368421053
cd4_12h_vs_24h,cd4_12h,cd4_24h,REACTOME_GLYCEROPHOSPHOLIPID_BIOSYNTHESIS,GenePT-only significant,96,CRLS1,20,0.0010996776918826,0.00577645522630862,2.95873458497628,2.23833858855416,0.720395996422123,0.000313688994347936,3.52341775794401e-06,3.503500718082,5.45303586115776,-1.94953514307575,0.13526035610156,0.71050399283596,0.0385837463047961,0.000433380384227113,0.932110226066041,0.385270654364906,1.18894726823464,1.83388406114409,False,False,True,True,False,False,0.251170431394019,0.308040333516764,0.0568699021227453,0.28,0.384,1.00000003062142,0.931563457516596,7.5,22.5,0.7736842105263158,96.0,5.0,0.9578947368421052,0.1842105263157895
cd4_12h_vs_24h,cd4_12h,cd4_24h,REACTOME_GLYCEROPHOSPHOLIPID_BIOSYNTHESIS,GenePT-only significant,96,CSNK2A1,21,0.0010996776918826,8.03548663493119e-06,2.95873458497628,5.09498781691362,-2.13625323193734,0.000313688994347936,0.0150822934297104,3.503500718082,1.82153261416016,1.68196810392185,0.13526035610156,0.000988364856096536,0.0385837463047961,1.0,0.932110226066041,1.73351743731473,1.18894726823464,0.0,False,True,True,False,True,True,0.477564625613742,0.450095749480595,-0.0274688761331468,0.442,0.488,0.999999929072683,0.906842246824956,94.5,2.5,0.9842105263157894,7.5,8.5,0.9210526315789473,-0.06315789473684208
cd4_12h_vs_24h,cd4_12h,cd4_24h,REACTOME_GLYCEROPHOSPHOLIPID_BIOSYNTHESIS,GenePT-only significant,96,CSNK2A2,22,0.0010996776918826,0.000160158462101912,2.95873458497628,3.79545011009365,-0.836715525117369,0.000313688994347936,0.136726085875245,3.503500718082,0.864148618783426,2.63935209929858,0.13526035610156,0.0196994908385352,0.0385837463047961,1.0,0.932110226066041,1.30596515981639,1.18894726823464,0.0,False,True,True,False,True,True,0.31594184008551,0.258764813136375,-0.0571770269491346,0.322,0.32,0.999999929072683,0.906842246824956,83.5,18.5,0.8157894736842105,1.0,1.0,1.0,0.1842105263157895
cd4_12h_vs_24h,cd4_12h,cd4_24h,REACTOME_GLYCEROPHOSPHOLIPID_BIOSYNTHESIS,GenePT-only significant,96,CSNK2B,23,0.0010996776918826,0.00196887460329715,2.95873458497628,2.70578194299357,0.252952641982712,0.000313688994347936,0.00946978291842922,3.503500718082,2.02365997647813,1.47984074160387,0.13526035610156,0.242171576205549,0.0385837463047961,1.0,0.932110226066041,0.784778205325666,1.18894726823464,0.0,False,False,True,False,False,True,0.700768274536506,0.990108945676066,0.28934067113956,0.576,0.75,1.00000008542292,0.903840343678061,24.5,52.5,0.45789473684210524,12.5,13.5,0.868421052631579,0.41052631578947374
cd4_12h_vs_24h,cd4_12h,cd4_24h,REACTOME_GLYCEROPHOSPHOLIPID_BIOSYNTHESIS,GenePT-only significant,96,DDHD1,24,0.0010996776918826,7.93371655046569e-05,2.95873458497628,4.1005233197136,-1.14178873473732,0.000313688994347936,0.0010996776918826,3.503500718082,2.95873458497628,0.544766133105719,0.13526035610156,0.0097584713570728,0.0385837463047961,0.13526035610156,0.932110226066041,1.417962696362,1.18894726823464,0.932110226066041,False,True,True,False,True,True,0.322754397327473,0.305889077096539,-0.016865320230934,0.302,0.354,1.00000000448328,0.931859288120957,88.5,8.5,0.9210526315789473,36.5,54.5,0.4368421052631579,-0.4842105263157894
cd4_12h_vs_24h,cd4_12h,cd4_24h,REACTOME_GLYCEROPHOSPHOLIPID_BIOSYNTHESIS,GenePT-only significant,96,DDHD2,25,0.0010996776918826,0.00196887460329715,2.95873458497628,2.70578194299357,0.252952641982712,0.000313688994347936,0.000160158462101912,3.503500718082,3.79545011009365,-0.29194939201165,0.13526035610156,0.242171576205549,0.0385837463047961,0.0196994908385352,0.932110226066041,0.784778205325666,1.18894726823464,1.30596515981639,False,False,True,True,False,False,0.0433953426241048,0.0361432313921682,-0.00725211123193659,0.054,0.06,1.00000006567825,0.923618228448018,24.5,52.5,0.45789473684210524,73.5,62.5,0.3526315789473684,-0.10526315789473684
cd4_12h_vs_24h,cd4_12h,cd4_24h,REACTOME_GLYCEROPHOSPHOLIPID_BIOSYNTHESIS,GenePT-only significant,96,DGAT1,26,0.0010996776918826,0.0010996776918826,2.95873458497628,2.95873458497628,0.0,0.000313688994347936,0.00059618767048381,3.503500718082,3.22461700967912,0.278883708402879,0.13526035610156,0.13526035610156,0.0385837463047961,0.0733310834695086,0.932110226066041,0.932110226066041,1.18894726823464,1.06522856619588,False,False,True,False,False,True,0.0708659225619981,0.11633336380692,0.0454674412449215,0.082,0.176,0.999999998735447,0.935854972777147,51.5,79.5,0.1736842105263158,47.5,75.5,0.21578947368421053,0.04210526315789473
cd4_12h_vs_24h,cd4_12h,cd4_24h,REACTOME_GLYCEROPHOSPHOLIPID_BIOSYNTHESIS,GenePT-only significant,96,DGAT2,27,0.0010996776918826,0.00059618767048381,2.95873458497628,3.22461700967912,-0.26588242470284,0.000313688994347936,0.0034223189265975,3.503500718082,2.46567952091782,1.03782119716418,0.13526035610156,0.0733310834695086,0.0385837463047961,0.420945227971492,0.932110226066041,1.06522856619588,1.18894726823464,0.613004412282997,False,False,True,False,False,True,0.0166852921101029,0.0121890451798999,-0.00449624693020303,0.024,0.022,1.00000000231825,0.927454876659719,72.0,39.0,0.6,22.5,29.5,0.7,0.09999999999999998
cd4_12h_vs_24h,cd4_12h,cd4_24h,REACTOME_GLYCEROPHOSPHOLIPID_BIOSYNTHESIS,GenePT-only significant,96,ETNK1,28,0.0010996776918826,0.000160158462101912,2.95873458497628,3.79545011009365,-0.836715525117369,0.000313688994347936,1.77726970010602e-05,3.503500718082,4.75024666314563,-1.24674594506362,0.13526035610156,0.0196994908385352,0.0385837463047961,0.0021860417311304,0.932110226066041,1.30596515981639,1.18894726823464,1.63105534906276,False,True,True,True,True,False,0.163639324504749,0.158345738527821,-0.00529358597692833,0.18,0.21,0.999999982296699,0.91052384268882,83.5,18.5,0.8157894736842105,92.5,23.5,0.7631578947368421,-0.05263157894736836
cd4_12h_vs_24h,cd4_12h,cd4_24h,REACTOME_GLYCEROPHOSPHOLIPID_BIOSYNTHESIS,GenePT-only significant,96,ETNK2,29,0.0010996776918826,0.0010996776918826,2.95873458497628,2.95873458497628,0.0,0.000313688994347936,0.0010996776918826,3.503500718082,2.95873458497628,0.544766133105719,0.13526035610156,0.13526035610156,0.0385837463047961,0.13526035610156,0.932110226066041,0.932110226066041,1.18894726823464,0.932110226066041,False,False,True,False,False,True,0.00537326651884393,0.0111195414617504,0.00574627494290643,0.006,0.014,1.00000003624749,0.927179742568259,51.5,79.5,0.1736842105263158,36.5,54.5,0.4368421052631579,0.26315789473684215
cd4_12h_vs_24h,cd4_12h,cd4_24h,REACTOME_GLYCEROPHOSPHOLIPID_BIOSYNTHESIS,GenePT-only significant,96,GNPAT,30,0.0010996776918826,0.00196887460329715,2.95873458497628,2.70578194299357,0.252952641982712,0.000313688994347936,0.000313688994347936,3.503500718082,3.503500718082,0.0,0.13526035610156,0.242171576205549,0.0385837463047961,0.0385837463047961,0.932110226066041,0.784778205325666,1.18894726823464,1.18894726823464,False,False,True,True,False,False,0.153205708155522,0.202437533701789,0.0492318255462679,0.164,0.256,1.00000002671514,0.939696866240683,24.5,52.5,0.45789473684210524,62.0,90.0,0.06315789473684211,-0.39473684210526316
cd4_12h_vs_24h,cd4_12h,cd4_24h,REACTOME_GLYCEROPHOSPHOLIPID_BIOSYNTHESIS,GenePT-only significant,96,GPAM,31,0.0010996776918826,0.000313688994347936,2.95873458497628,3.503500718082,-0.544766133105719,0.000313688994347936,3.81265104892234e-05,3.503500718082,4.41877294150378,-0.915272223421779,0.13526035610156,0.0385837463047961,0.0385837463047961,0.00468956079017448,0.932110226066041,1.18894726823464,1.18894726823464,1.52606285259303,False,True,True,True,True,False,0.0282706406615141,0.0290938761658906,0.000823235504376491,0.03,0.046,1.00000001015669,0.931113933168732,78.5,27.5,0.7210526315789474,86.5,35.5,0.6368421052631579,-0.08421052631578951
cd4_12h_vs_24h,cd4_12h,cd4_24h,REACTOME_GLYCEROPHOSPHOLIPID_BIOSYNTHESIS,GenePT-only significant,96,GPAT2,32,0.0010996776918826,0.0034223189265975,2.95873458497628,2.46567952091782,0.493055064058463,0.000313688994347936,0.00946978291842922,3.503500718082,2.02365997647813,1.47984074160387,0.13526035610156,0.420945227971492,0.0385837463047961,1.0,0.932110226066041,0.613004412282997,1.18894726823464,0.0,False,False,True,False,False,True,0.0133517699408113,0.03735359680682,0.0240018268660087,0.018,0.056,0.999999967119168,0.941835516250091,12.0,33.0,0.6631578947368421,12.5,13.5,0.868421052631579,0.20526315789473693
cd4_12h_vs_24h,cd4_12h,cd4_24h,REACTOME_GLYCEROPHOSPHOLIPID_BIOSYNTHESIS,GenePT-only significant,96,GPAT3,33,0.0010996776918826,0.00196887460329715,2.95873458497628,2.70578194299357,0.252952641982712,0.000313688994347936,0.000160158462101912,3.503500718082,3.79545011009365,-0.29194939201165,0.13526035610156,0.242171576205549,0.0385837463047961,0.0196994908385352,0.932110226066041,0.784778205325666,1.18894726823464,1.30596515981639,False,False,True,True,False,False,0.00121409260335129,0.00418984719153555,0.00297575458818426,0.002,0.006,0.999999955162824,0.942309722274925,24.5,52.5,0.45789473684210524,73.5,62.5,0.3526315789473684,-0.10526315789473684
cd4_12h_vs_24h,cd4_12h,cd4_24h,REACTOME_GLYCEROPHOSPHOLIPID_BIOSYNTHESIS,GenePT-only significant,96,GPAT4,34,0.0010996776918826,0.0150822934297104,2.95873458497628,1.82153261416016,1.13720197081613,0.000313688994347936,0.0150822934297104,3.503500718082,1.82153261416016,1.68196810392185,0.13526035610156,1.0,0.0385837463047961,1.0,0.932110226066041,0.0,1.18894726823464,0.0,False,False,True,False,False,True,0.0765822824621897,0.089400316477972,0.0128180340157824,0.086,0.122,0.999999964034225,0.901443454335069,1.5,12.5,0.8789473684210526,7.5,8.5,0.9210526315789473,0.04210526315789476
cd4_12h_vs_24h,cd4_12h,cd4_24h,REACTOME_GLYCEROPHOSPHOLIPID_BIOSYNTHESIS,GenePT-only significant,96,GPCPD1,35,0.0010996776918826,0.000160158462101912,2.95873458497628,3.79545011009365,-0.836715525117369,0.000313688994347936,0.00196887460329715,3.503500718082,2.70578194299357,0.797718775088431,0.13526035610156,0.0196994908385352,0.0385837463047961,0.242171576205549,0.932110226066041,1.30596515981639,1.18894726823464,0.784778205325666,False,True,True,False,True,True,0.089396368286335,0.0468378619096795,-0.0425585063766555,0.098,0.082,1.00000002324891,0.933704895341556,83.5,18.5,0.8157894736842105,29.5,42.5,0.5631578947368421,-0.25263157894736843
cd4_12h_vs_24h,cd4_12h,cd4_24h,REACTOME_GLYCEROPHOSPHOLIPID_BIOSYNTHESIS,GenePT-only significant,96,GPD1L,36,0.0010996776918826,0.00196887460329715,2.95873458497628,2.70578194299357,0.252952641982712,0.000313688994347936,0.00059618767048381,3.503500718082,3.22461700967912,0.278883708402879,0.13526035610156,0.242171576205549,0.0385837463047961,0.0733310834695086,0.932110226066041,0.784778205325666,1.18894726823464,1.06522856619588,False,False,True,False,False,True,0.0078512988495639,0.00839402136474336,0.000542722515179466,0.012,0.012,0.999999981493915,0.938895053509837,24.5,52.5,0.45789473684210524,47.5,75.5,0.21578947368421053,-0.2421052631578947
cd4_12h_vs_24h,cd4_12h,cd4_24h,REACTOME_GLYCEROPHOSPHOLIPID_BIOSYNTHESIS,GenePT-only significant,96,GPD2,37,0.0010996776918826,0.00196887460329715,2.95873458497628,2.70578194299357,0.252952641982712,0.000313688994347936,0.00196887460329715,3.503500718082,2.70578194299357,0.797718775088431,0.13526035610156,0.242171576205549,0.0385837463047961,0.242171576205549,0.932110226066041,0.784778205325666,1.18894726823464,0.784778205325666,False,False,True,False,False,True,0.0208024724097855,0.0291498198639143,0.00834734745412877,0.026,0.048,1.00000008189641,0.92585328362012,24.5,52.5,0.45789473684210524,29.5,42.5,0.5631578947368421,0.10526315789473684
cd4_12h_vs_24h,cd4_12h,cd4_24h,REACTOME_GLYCEROPHOSPHOLIPID_BIOSYNTHESIS,GenePT-only significant,96,HADHA,38,0.0010996776918826,0.00059618767048381,2.95873458497628,3.22461700967912,-0.26588242470284,0.000313688994347936,0.0351222601892017,3.503500718082,1.45441754412943,2.04908317395257,0.13526035610156,0.0733310834695086,0.0385837463047961,1.0,0.932110226066041,1.06522856619588,1.18894726823464,0.0,False,False,True,False,False,True,0.528530726540616,0.612060670588928,0.0835299440483124,0.49,0.606,1.00000001824075,0.901325989382742,72.0,39.0,0.6,3.0,3.0,0.9789473684210527,0.3789473684210527
cd4_12h_vs_24h,cd4_12h,cd4_24h,REACTOME_GLYCEROPHOSPHOLIPID_BIOSYNTHESIS,GenePT-only significant,96,HADHB,39,0.0010996776918826,0.000160158462101912,2.95873458497628,3.79545011009365,-0.836715525117369,0.000313688994347936,0.00577645522630862,3.503500718082,2.23833858855416,1.26516212952784,0.13526035610156,0.0196994908385352,0.0385837463047961,0.71050399283596,0.932110226066041,1.30596515981639,1.18894726823464,0.385270654364906,False,True,True,False,True,True,0.23828079299829,0.268747221880076,0.030466428881786,0.246,0.342,1.00000001984763,0.905242209519278,83.5,18.5,0.8157894736842105,17.0,18.0,0.8210526315789474,0.0052631578947368585
cd4_12h_vs_24h,cd4_12h,cd4_24h,REACTOME_GLYCEROPHOSPHOLIPID_BIOSYNTHESIS,GenePT-only significant,96,LCLAT1,40,0.0010996776918826,0.0010996776918826,2.95873458497628,2.95873458497628,0.0,0.000313688994347936,0.0010996776918826,3.503500718082,2.95873458497628,0.544766133105719,0.13526035610156,0.13526035610156,0.0385837463047961,0.13526035610156,0.932110226066041,0.932110226066041,1.18894726823464,0.932110226066041,False,False,True,False,False,True,0.0691853491810137,0.0313973138434759,-0.0377880353375378,0.074,0.044,0.999999971867036,0.935079107645329,51.5,79.5,0.1736842105263158,36.5,54.5,0.4368421052631579,0.26315789473684215
cd4_12h_vs_24h,cd4_12h,cd4_24h,REACTOME_GLYCEROPHOSPHOLIPID_BIOSYNTHESIS,GenePT-only significant,96,LIPH,41,0.0010996776918826,0.0010996776918826,2.95873458497628,2.95873458497628,0.0,0.000313688994347936,0.000313688994347936,3.503500718082,3.503500718082,0.0,0.13526035610156,0.13526035610156,0.0385837463047961,0.0385837463047961,0.932110226066041,0.932110226066041,1.18894726823464,1.18894726823464,False,False,True,True,False,False,0.0,0.0,0.0,0.0,0.0,0.999999945943216,0.927859492403582,51.5,79.5,0.1736842105263158,62.0,90.0,0.06315789473684211,-0.1105263157894737
cd4_12h_vs_24h,cd4_12h,cd4_24h,REACTOME_GLYCEROPHOSPHOLIPID_BIOSYNTHESIS,GenePT-only significant,96,LPCAT1,42,0.0010996776918826,7.93371655046569e-05,2.95873458497628,4.1005233197136,-1.14178873473732,0.000313688994347936,0.0034223189265975,3.503500718082,2.46567952091782,1.03782119716418,0.13526035610156,0.0097584713570728,0.0385837463047961,0.420945227971492,0.932110226066041,1.417962696362,1.18894726823464,0.613004412282997,False,True,True,False,True,True,0.0485580380929677,0.0429696735832244,-0.00558836450974326,0.056,0.068,0.999999967087559,0.952522073104152,88.5,8.5,0.9210526315789473,22.5,29.5,0.7,-0.2210526315789474
cd4_12h_vs_24h,cd4_12h,cd4_24h,REACTOME_GLYCEROPHOSPHOLIPID_BIOSYNTHESIS,GenePT-only significant,96,LPCAT2,43,0.0010996776918826,0.0010996776918826,2.95873458497628,2.95873458497628,0.0,0.000313688994347936,0.000160158462101912,3.503500718082,3.79545011009365,-0.29194939201165,0.13526035610156,0.13526035610156,0.0385837463047961,0.0196994908385352,0.932110226066041,0.932110226066041,1.18894726823464,1.30596515981639,False,False,True,True,False,False,0.0,0.00324783582588606,0.00324783582588606,0.0,0.004,1.00000000623098,0.952038968775292,51.5,79.5,0.1736842105263158,73.5,62.5,0.3526315789473684,0.1789473684210526
cd4_12h_vs_24h,cd4_12h,cd4_24h,REACTOME_GLYCEROPHOSPHOLIPID_BIOSYNTHESIS,GenePT-only significant,96,LPCAT3,44,0.0010996776918826,0.000313688994347936,2.95873458497628,3.503500718082,-0.544766133105719,0.000313688994347936,7.93371655046569e-05,3.503500718082,4.1005233197136,-0.597022601631597,0.13526035610156,0.0385837463047961,0.0385837463047961,0.0097584713570728,0.932110226066041,1.18894726823464,1.18894726823464,1.417962696362,False,True,True,True,True,False,0.0479189493360746,0.0847777191555583,0.0368587698194837,0.056,0.122,1.00000008191258,0.941491834259016,78.5,27.5,0.7210526315789474,81.0,49.0,0.49473684210526314,-0.22631578947368425
cd4_12h_vs_24h,cd4_12h,cd4_24h,REACTOME_GLYCEROPHOSPHOLIPID_BIOSYNTHESIS,GenePT-only significant,96,LPCAT4,45,0.0010996776918826,0.00577645522630862,2.95873458497628,2.23833858855416,0.720395996422123,0.000313688994347936,0.00059618767048381,3.503500718082,3.22461700967912,0.278883708402879,0.13526035610156,0.71050399283596,0.0385837463047961,0.0733310834695086,0.932110226066041,0.385270654364906,1.18894726823464,1.06522856619588,False,False,True,False,False,True,0.0221263396099334,0.0421743654836527,0.0200480258737192,0.024,0.06,1.00000000851698,0.929543454664644,7.5,22.5,0.7736842105263158,47.5,75.5,0.21578947368421053,-0.5578947368421052
cd4_12h_vs_24h,cd4_12h,cd4_24h,REACTOME_GLYCEROPHOSPHOLIPID_BIOSYNTHESIS,GenePT-only significant,96,LPGAT1,46,0.0010996776918826,0.00059618767048381,2.95873458497628,3.22461700967912,-0.26588242470284,0.000313688994347936,0.00946978291842922,3.503500718082,2.02365997647813,1.47984074160387,0.13526035610156,0.0733310834695086,0.0385837463047961,1.0,0.932110226066041,1.06522856619588,1.18894726823464,0.0,False,False,True,False,False,True,0.0538211159485466,0.0707356555025859,0.0169145395540393,0.058,0.108,1.00000002167645,0.950885175068099,72.0,39.0,0.6,12.5,13.5,0.868421052631579,0.268421052631579
cd4_12h_vs_24h,cd4_12h,cd4_24h,REACTOME_GLYCEROPHOSPHOLIPID_BIOSYNTHESIS,GenePT-only significant,96,LPIN1,47,0.0010996776918826,3.81265104892234e-05,2.95873458497628,4.41877294150378,-1.4600383565275,0.000313688994347936,0.0034223189265975,3.503500718082,2.46567952091782,1.03782119716418,0.13526035610156,0.00468956079017448,0.0385837463047961,0.420945227971492,0.932110226066041,1.52606285259303,1.18894726823464,0.613004412282997,False,True,True,False,True,True,0.227465315010617,0.197984994961462,-0.0294803200491551,0.226,0.24,0.999999988784039,0.944693452238805,92.5,4.5,0.9631578947368421,22.5,29.5,0.7,-0.26315789473684215
cd4_12h_vs_24h,cd4_12h,cd4_24h,REACTOME_GLYCEROPHOSPHOLIPID_BIOSYNTHESIS,GenePT-only significant,96,LPIN2,48,0.0010996776918826,7.93371655046569e-05,2.95873458497628,4.1005233197136,-1.14178873473732,0.000313688994347936,0.00196887460329715,3.503500718082,2.70578194299357,0.797718775088431,0.13526035610156,0.0097584713570728,0.0385837463047961,0.242171576205549,0.932110226066041,1.417962696362,1.18894726823464,0.784778205325666,False,True,True,False,True,True,0.634163585687779,0.608380496462661,-0.025783089225118,0.534,0.564,0.999999996396895,0.904968371663518,88.5,8.5,0.9210526315789473,29.5,42.5,0.5631578947368421,-0.35789473684210527
cd4_12h_vs_24h,cd4_12h,cd4_24h,REACTOME_GLYCEROPHOSPHOLIPID_BIOSYNTHESIS,GenePT-only significant,96,LPIN3,49,0.0010996776918826,0.0010996776918826,2.95873458497628,2.95873458497628,0.0,0.000313688994347936,0.000313688994347936,3.503500718082,3.503500718082,0.0,0.13526035610156,0.13526035610156,0.0385837463047961,0.0385837463047961,0.932110226066041,0.932110226066041,1.18894726823464,1.18894726823464,False,False,True,True,False,False,0.0,0.00102955320910944,0.00102955320910944,0.0,0.002,0.999999988762773,0.936237207831658,51.5,79.5,0.1736842105263158,62.0,90.0,0.06315789473684211,-0.1105263157894737
cd4_12h_vs_24h,cd4_12h,cd4_24h,REACTOME_GLYCEROPHOSPHOLIPID_BIOSYNTHESIS,GenePT-only significant,96,MBOAT1,50,0.0010996776918826,0.0010996776918826,2.95873458497628,2.95873458497628,0.0,0.000313688994347936,0.000313688994347936,3.503500718082,3.503500718082,0.0,0.13526035610156,0.13526035610156,0.0385837463047961,0.0385837463047961,0.932110226066041,0.932110226066041,1.18894726823464,1.18894726823464,False,False,True,True,False,False,0.0,0.0011327909498416,0.0011327909498416,0.0,0.002,0.99999994516441,0.92197903354858,51.5,79.5,0.1736842105263158,62.0,90.0,0.06315789473684211,-0.1105263157894737
cd4_12h_vs_24h,cd4_12h,cd4_24h,REACTOME_GLYCEROPHOSPHOLIPID_BIOSYNTHESIS,GenePT-only significant,96,MBOAT2,51,0.0010996776918826,0.0010996776918826,2.95873458497628,2.95873458497628,0.0,0.000313688994347936,0.00059618767048381,3.503500718082,3.22461700967912,0.278883708402879,0.13526035610156,0.13526035610156,0.0385837463047961,0.0733310834695086,0.932110226066041,0.932110226066041,1.18894726823464,1.06522856619588,False,False,True,False,False,True,0.0,0.00426604681691536,0.00426604681691536,0.0,0.008,1.00000000851698,0.929543454664644,51.5,79.5,0.1736842105263158,47.5,75.5,0.21578947368421053,0.04210526315789473
cd4_12h_vs_24h,cd4_12h,cd4_24h,REACTOME_GLYCEROPHOSPHOLIPID_BIOSYNTHESIS,GenePT-only significant,96,MFSD2A,52,0.0010996776918826,0.00946978291842922,2.95873458497628,2.02365997647813,0.935074608498154,0.000313688994347936,0.00196887460329715,3.503500718082,2.70578194299357,0.797718775088431,0.13526035610156,1.0,0.0385837463047961,0.242171576205549,0.932110226066041,0.0,1.18894726823464,0.784778205325666,False,False,True,False,False,True,0.0412624548544885,0.0220502150287132,-0.0192122398257753,0.05,0.04,1.00000000847965,0.915219700584003,4.0,15.0,0.8526315789473684,29.5,42.5,0.5631578947368421,-0.2894736842105263
cd4_12h_vs_24h,cd4_12h,cd4_24h,REACTOME_GLYCEROPHOSPHOLIPID_BIOSYNTHESIS,GenePT-only significant,96,MGLL,53,0.0010996776918826,0.0010996776918826,2.95873458497628,2.95873458497628,0.0,0.000313688994347936,0.000313688994347936,3.503500718082,3.503500718082,0.0,0.13526035610156,0.13526035610156,0.0385837463047961,0.0385837463047961,0.932110226066041,0.932110226066041,1.18894726823464,1.18894726823464,False,False,True,True,False,False,0.0,0.0,0.0,0.0,0.0,1.00000006842175,0.913106644513957,51.5,79.5,0.1736842105263158,62.0,90.0,0.06315789473684211,-0.1105263157894737
cd4_12h_vs_24h,cd4_12h,cd4_24h,REACTOME_GLYCEROPHOSPHOLIPID_BIOSYNTHESIS,GenePT-only significant,96,MIGA1,54,0.0010996776918826,0.00196887460329715,2.95873458497628,2.70578194299357,0.252952641982712,0.000313688994347936,0.0034223189265975,3.503500718082,2.46567952091782,1.03782119716418,0.13526035610156,0.242171576205549,0.0385837463047961,0.420945227971492,0.932110226066041,0.784778205325666,1.18894726823464,0.613004412282997,False,False,True,False,False,True,0.0709550006958751,0.054820837896854,-0.0161341627990211,0.074,0.072,0.999999914932164,0.90357434161618,24.5,52.5,0.45789473684210524,22.5,29.5,0.7,0.2421052631578947
cd4_12h_vs_24h,cd4_12h,cd4_24h,REACTOME_GLYCEROPHOSPHOLIPID_BIOSYNTHESIS,GenePT-only significant,96,MIGA2,55,0.0010996776918826,0.00946978291842922,2.95873458497628,2.02365997647813,0.935074608498154,0.000313688994347936,0.0034223189265975,3.503500718082,2.46567952091782,1.03782119716418,0.13526035610156,1.0,0.0385837463047961,0.420945227971492,0.932110226066041,0.0,1.18894726823464,0.613004412282997,False,False,True,False,False,True,0.0700287530009112,0.0523936066214016,-0.0176351463795096,0.076,0.076,0.99999992009869,0.903080600781838,4.0,15.0,0.8526315789473684,22.5,29.5,0.7,-0.15263157894736845
cd4_12h_vs_24h,cd4_12h,cd4_24h,REACTOME_GLYCEROPHOSPHOLIPID_BIOSYNTHESIS,GenePT-only significant,96,OSBPL10,56,0.0010996776918826,0.0010996776918826,2.95873458497628,2.95873458497628,0.0,0.000313688994347936,1.77726970010602e-05,3.503500718082,4.75024666314563,-1.24674594506362,0.13526035610156,0.13526035610156,0.0385837463047961,0.0021860417311304,0.932110226066041,0.932110226066041,1.18894726823464,1.63105534906276,False,False,True,True,False,False,0.0125186813460972,0.00757177616471349,-0.00494690518138373,0.012,0.008,1.00000003385024,0.913735390326118,51.5,79.5,0.1736842105263158,92.5,23.5,0.7631578947368421,0.5894736842105264
cd4_12h_vs_24h,cd4_12h,cd4_24h,REACTOME_GLYCEROPHOSPHOLIPID_BIOSYNTHESIS,GenePT-only significant,96,OSBPL5,57,0.0010996776918826,0.0010996776918826,2.95873458497628,2.95873458497628,0.0,0.000313688994347936,0.00059618767048381,3.503500718082,3.22461700967912,0.278883708402879,0.13526035610156,0.13526035610156,0.0385837463047961,0.0733310834695086,0.932110226066041,0.932110226066041,1.18894726823464,1.06522856619588,False,False,True,False,False,True,0.00240166397724476,0.00184183327042301,-0.000559830706821746,0.002,0.004,1.00000008162107,0.918427587886628,51.5,79.5,0.1736842105263158,47.5,75.5,0.21578947368421053,0.04210526315789473
cd4_12h_vs_24h,cd4_12h,cd4_24h,REACTOME_GLYCEROPHOSPHOLIPID_BIOSYNTHESIS,GenePT-only significant,96,OSBPL8,58,0.0010996776918826,0.00196887460329715,2.95873458497628,2.70578194299357,0.252952641982712,0.000313688994347936,0.0150822934297104,3.503500718082,1.82153261416016,1.68196810392185,0.13526035610156,0.242171576205549,0.0385837463047961,1.0,0.932110226066041,0.784778205325666,1.18894726823464,0.0,False,False,True,False,False,True,0.406790952454631,0.281997827030638,-0.124793125423993,0.402,0.342,0.999999985036621,0.927206973167484,24.5,52.5,0.45789473684210524,7.5,8.5,0.9210526315789473,0.4631578947368421
cd4_12h_vs_24h,cd4_12h,cd4_24h,REACTOME_GLYCEROPHOSPHOLIPID_BIOSYNTHESIS,GenePT-only significant,96,PCTP,59,0.0010996776918826,0.0034223189265975,2.95873458497628,2.46567952091782,0.493055064058463,0.000313688994347936,1.77726970010602e-05,3.503500718082,4.75024666314563,-1.24674594506362,0.13526035610156,0.420945227971492,0.0385837463047961,0.0021860417311304,0.932110226066041,0.613004412282997,1.18894726823464,1.63105534906276,False,False,True,True,False,False,0.00506150126663597,0.0189932689224519,0.0139317676558159,0.006,0.032,1.00000007355447,0.931863500033039,12.0,33.0,0.6631578947368421,92.5,23.5,0.7631578947368421,0.10000000000000009
cd4_12h_vs_24h,cd4_12h,cd4_24h,REACTOME_GLYCEROPHOSPHOLIPID_BIOSYNTHESIS,GenePT-only significant,96,PCYT1A,60,0.0010996776918826,0.0010996776918826,2.95873458497628,2.95873458497628,0.0,0.000313688994347936,0.0351222601892017,3.503500718082,1.45441754412943,2.04908317395257,0.13526035610156,0.13526035610156,0.0385837463047961,1.0,0.932110226066041,0.932110226066041,1.18894726823464,0.0,False,False,True,False,False,True,0.0984744894595131,0.141236991463495,0.042762502003982,0.106,0.2,0.999999902691425,0.936759455428286,51.5,79.5,0.1736842105263158,3.0,3.0,0.9789473684210527,0.8052631578947369
cd4_12h_vs_24h,cd4_12h,cd4_24h,REACTOME_GLYCEROPHOSPHOLIPID_BIOSYNTHESIS,GenePT-only significant,96,PCYT2,61,0.0010996776918826,0.0010996776918826,2.95873458497628,2.95873458497628,0.0,0.000313688994347936,0.0010996776918826,3.503500718082,2.95873458497628,0.544766133105719,0.13526035610156,0.13526035610156,0.0385837463047961,0.13526035610156,0.932110226066041,0.932110226066041,1.18894726823464,0.932110226066041,False,False,True,False,False,True,0.070067621596876,0.134975231312808,0.0649076097159321,0.082,0.192,1.00000002837183,0.935116706649236,51.5,79.5,0.1736842105263158,36.5,54.5,0.4368421052631579,0.26315789473684215
cd4_12h_vs_24h,cd4_12h,cd4_24h,REACTOME_GLYCEROPHOSPHOLIPID_BIOSYNTHESIS,GenePT-only significant,96,PEMT,62,0.0010996776918826,0.00196887460329715,2.95873458497628,2.70578194299357,0.252952641982712,0.000313688994347936,0.00059618767048381,3.503500718082,3.22461700967912,0.278883708402879,0.13526035610156,0.242171576205549,0.0385837463047961,0.0733310834695086,0.932110226066041,0.784778205325666,1.18894726823464,1.06522856619588,False,False,True,False,False,True,0.0789599061293595,0.101950377770973,0.022990471641613,0.094,0.158,0.999999974270848,0.902711009110695,24.5,52.5,0.45789473684210524,47.5,75.5,0.21578947368421053,-0.2421052631578947
cd4_12h_vs_24h,cd4_12h,cd4_24h,REACTOME_GLYCEROPHOSPHOLIPID_BIOSYNTHESIS,GenePT-only significant,96,PGS1,63,0.0010996776918826,0.00196887460329715,2.95873458497628,2.70578194299357,0.252952641982712,0.000313688994347936,0.0351222601892017,3.503500718082,1.45441754412943,2.04908317395257,0.13526035610156,0.242171576205549,0.0385837463047961,1.0,0.932110226066041,0.784778205325666,1.18894726823464,0.0,False,False,True,False,False,True,0.0847240028807534,0.115996385411979,0.0312723825312255,0.096,0.15,1.00000003420838,0.939232340868324,24.5,52.5,0.45789473684210524,3.0,3.0,0.9789473684210527,0.5210526315789474
cd4_12h_vs_24h,cd4_12h,cd4_24h,REACTOME_GLYCEROPHOSPHOLIPID_BIOSYNTHESIS,GenePT-only significant,96,PHOSPHO1,64,0.0010996776918826,0.00196887460329715,2.95873458497628,2.70578194299357,0.252952641982712,0.000313688994347936,0.00059618767048381,3.503500718082,3.22461700967912,0.278883708402879,0.13526035610156,0.242171576205549,0.0385837463047961,0.0733310834695086,0.932110226066041,0.784778205325666,1.18894726823464,1.06522856619588,False,False,True,False,False,True,0.0,0.00162088882419374,0.00162088882419374,0.0,0.002,0.999999992335262,0.908331469102446,24.5,52.5,0.45789473684210524,47.5,75.5,0.21578947368421053,-0.2421052631578947
cd4_12h_vs_24h,cd4_12h,cd4_24h,REACTOME_GLYCEROPHOSPHOLIPID_BIOSYNTHESIS,GenePT-only significant,96,PISD,65,0.0010996776918826,0.00059618767048381,2.95873458497628,3.22461700967912,-0.26588242470284,0.000313688994347936,0.0150822934297104,3.503500718082,1.82153261416016,1.68196810392185,0.13526035610156,0.0733310834695086,0.0385837463047961,1.0,0.932110226066041,1.06522856619588,1.18894726823464,0.0,False,False,True,False,False,True,0.0713698765132682,0.0668817169636192,-0.00448815954964903,0.08,0.11,0.999999974986234,0.911298973797187,72.0,39.0,0.6,7.5,8.5,0.9210526315789473,0.32105263157894737
cd4_12h_vs_24h,cd4_12h,cd4_24h,REACTOME_GLYCEROPHOSPHOLIPID_BIOSYNTHESIS,GenePT-only significant,96,PITPNB,66,0.0010996776918826,0.0010996776918826,2.95873458497628,2.95873458497628,0.0,0.000313688994347936,0.000313688994347936,3.503500718082,3.503500718082,0.0,0.13526035610156,0.13526035610156,0.0385837463047961,0.0385837463047961,0.932110226066041,0.932110226066041,1.18894726823464,1.18894726823464,False,False,True,True,False,False,0.369071039043982,0.386802865123548,0.0177318260795662,0.362,0.456,1.00000005036998,0.939812397999653,51.5,79.5,0.1736842105263158,62.0,90.0,0.06315789473684211,-0.1105263157894737
cd4_12h_vs_24h,cd4_12h,cd4_24h,REACTOME_GLYCEROPHOSPHOLIPID_BIOSYNTHESIS,GenePT-only significant,96,PITPNM1,67,0.0010996776918826,7.93371655046569e-05,2.95873458497628,4.1005233197136,-1.14178873473732,0.000313688994347936,0.000160158462101912,3.503500718082,3.79545011009365,-0.29194939201165,0.13526035610156,0.0097584713570728,0.0385837463047961,0.0196994908385352,0.932110226066041,1.417962696362,1.18894726823464,1.30596515981639,False,True,True,True,True,False,0.0494395308397049,0.0740418523767114,0.0246023215370065,0.052,0.11,0.999999990176877,0.898167199334645,88.5,8.5,0.9210526315789473,73.5,62.5,0.3526315789473684,-0.5684210526315789
cd4_12h_vs_24h,cd4_12h,cd4_24h,REACTOME_GLYCEROPHOSPHOLIPID_BIOSYNTHESIS,GenePT-only significant,96,PITPNM2,68,0.0010996776918826,0.0010996776918826,2.95873458497628,2.95873458497628,0.0,0.000313688994347936,0.00059618767048381,3.503500718082,3.22461700967912,0.278883708402879,0.13526035610156,0.13526035610156,0.0385837463047961,0.0733310834695086,0.932110226066041,0.932110226066041,1.18894726823464,1.06522856619588,False,False,True,False,False,True,0.0266535696479492,0.0109050886026852,-0.015748481045264,0.028,0.02,0.999999976784955,0.897394148820327,51.5,79.5,0.1736842105263158,47.5,75.5,0.21578947368421053,0.04210526315789473
cd4_12h_vs_24h,cd4_12h,cd4_24h,REACTOME_GLYCEROPHOSPHOLIPID_BIOSYNTHESIS,GenePT-only significant,96,PITPNM3,69,0.0010996776918826,0.0010996776918826,2.95873458497628,2.95873458497628,0.0,0.000313688994347936,0.000313688994347936,3.503500718082,3.503500718082,0.0,0.13526035610156,0.13526035610156,0.0385837463047961,0.0385837463047961,0.932110226066041,0.932110226066041,1.18894726823464,1.18894726823464,False,False,True,True,False,False,0.0,0.0,0.0,0.0,0.0,1.00000002508526,0.927690956740725,51.5,79.5,0.1736842105263158,62.0,90.0,0.06315789473684211,-0.1105263157894737
cd4_12h_vs_24h,cd4_12h,cd4_24h,REACTOME_GLYCEROPHOSPHOLIPID_BIOSYNTHESIS,GenePT-only significant,96,PLA2G12A,70,0.0010996776918826,0.00196887460329715,2.95873458497628,2.70578194299357,0.252952641982712,0.000313688994347936,0.000160158462101912,3.503500718082,3.79545011009365,-0.29194939201165,0.13526035610156,0.242171576205549,0.0385837463047961,0.0196994908385352,0.932110226066041,0.784778205325666,1.18894726823464,1.30596515981639,False,False,True,True,False,False,0.0710827162969942,0.052681591245987,-0.0184011250510072,0.082,0.076,1.00000008560564,0.91973082932764,24.5,52.5,0.45789473684210524,73.5,62.5,0.3526315789473684,-0.10526315789473684
cd4_12h_vs_24h,cd4_12h,cd4_24h,REACTOME_GLYCEROPHOSPHOLIPID_BIOSYNTHESIS,GenePT-only significant,96,PLA2G15,71,0.0010996776918826,0.0010996776918826,2.95873458497628,2.95873458497628,0.0,0.000313688994347936,0.00196887460329715,3.503500718082,2.70578194299357,0.797718775088431,0.13526035610156,0.13526035610156,0.0385837463047961,0.242171576205549,0.932110226066041,0.932110226066041,1.18894726823464,0.784778205325666,False,False,True,False,False,True,0.0148399260907954,0.0129912102810222,-0.0018487158097732,0.018,0.018,0.999999989345321,0.944713461353671,51.5,79.5,0.1736842105263158,29.5,42.5,0.5631578947368421,0.3894736842105263
cd4_12h_vs_24h,cd4_12h,cd4_24h,REACTOME_GLYCEROPHOSPHOLIPID_BIOSYNTHESIS,GenePT-only significant,96,PLA2G1B,72,0.0010996776918826,0.0010996776918826,2.95873458497628,2.95873458497628,0.0,0.000313688994347936,0.00059618767048381,3.503500718082,3.22461700967912,0.278883708402879,0.13526035610156,0.13526035610156,0.0385837463047961,0.0733310834695086,0.932110226066041,0.932110226066041,1.18894726823464,1.06522856619588,False,False,True,False,False,True,0.0040866236747318,0.00496971816563626,0.000883094490904462,0.004,0.004,0.999999911420251,0.949619436992923,51.5,79.5,0.1736842105263158,47.5,75.5,0.21578947368421053,0.04210526315789473
cd4_12h_vs_24h,cd4_12h,cd4_24h,REACTOME_GLYCEROPHOSPHOLIPID_BIOSYNTHESIS,GenePT-only significant,96,PLA2G4A,73,0.0010996776918826,0.0010996776918826,2.95873458497628,2.95873458497628,0.0,0.000313688994347936,0.000313688994347936,3.503500718082,3.503500718082,0.0,0.13526035610156,0.13526035610156,0.0385837463047961,0.0385837463047961,0.932110226066041,0.932110226066041,1.18894726823464,1.18894726823464,False,False,True,True,False,False,0.0,0.0,0.0,0.0,0.0,0.999999956417185,0.941506767941219,51.5,79.5,0.1736842105263158,62.0,90.0,0.06315789473684211,-0.1105263157894737
cd4_12h_vs_24h,cd4_12h,cd4_24h,REACTOME_GLYCEROPHOSPHOLIPID_BIOSYNTHESIS,GenePT-only significant,96,PLA2G4B,74,0.0010996776918826,0.0010996776918826,2.95873458497628,2.95873458497628,0.0,0.000313688994347936,0.000313688994347936,3.503500718082,3.503500718082,0.0,0.13526035610156,0.13526035610156,0.0385837463047961,0.0385837463047961,0.932110226066041,0.932110226066041,1.18894726823464,1.18894726823464,False,False,True,True,False,False,0.00466262119554419,0.0,-0.00466262119554419,0.004,0.0,1.00000002776605,0.954037072745592,51.5,79.5,0.1736842105263158,62.0,90.0,0.06315789473684211,-0.1105263157894737
cd4_12h_vs_24h,cd4_12h,cd4_24h,REACTOME_GLYCEROPHOSPHOLIPID_BIOSYNTHESIS,GenePT-only significant,96,PLA2G4C,75,0.0010996776918826,0.0010996776918826,2.95873458497628,2.95873458497628,0.0,0.000313688994347936,0.00059618767048381,3.503500718082,3.22461700967912,0.278883708402879,0.13526035610156,0.13526035610156,0.0385837463047961,0.0733310834695086,0.932110226066041,0.932110226066041,1.18894726823464,1.06522856619588,False,False,True,False,False,True,0.0127862138027773,0.0237075087518825,0.0109212949491052,0.016,0.042,0.999999998302413,0.949940482517733,51.5,79.5,0.1736842105263158,47.5,75.5,0.21578947368421053,0.04210526315789473
cd4_12h_vs_24h,cd4_12h,cd4_24h,REACTOME_GLYCEROPHOSPHOLIPID_BIOSYNTHESIS,GenePT-only significant,96,PLA2G6,76,0.0010996776918826,0.00577645522630862,2.95873458497628,2.23833858855416,0.720395996422123,0.000313688994347936,3.81265104892234e-05,3.503500718082,4.41877294150378,-0.915272223421779,0.13526035610156,0.71050399283596,0.0385837463047961,0.00468956079017448,0.932110226066041,0.385270654364906,1.18894726823464,1.52606285259303,False,False,True,True,False,False,0.0113989963897897,0.0124957621237354,0.00109676573394578,0.01,0.02,1.00000002587717,0.943597091847846,7.5,22.5,0.7736842105263158,86.5,35.5,0.6368421052631579,-0.13684210526315788
cd4_12h_vs_24h,cd4_12h,cd4_24h,REACTOME_GLYCEROPHOSPHOLIPID_BIOSYNTHESIS,GenePT-only significant,96,PLA2R1,77,0.0010996776918826,0.0010996776918826,2.95873458497628,2.95873458497628,0.0,0.000313688994347936,0.000313688994347936,3.503500718082,3.503500718082,0.0,0.13526035610156,0.13526035610156,0.0385837463047961,0.0385837463047961,0.932110226066041,0.932110226066041,1.18894726823464,1.18894726823464,False,False,True,True,False,False,0.0,0.0,0.0,0.0,0.0,0.99999988875417,0.938105277905398,51.5,79.5,0.1736842105263158,62.0,90.0,0.06315789473684211,-0.1105263157894737
cd4_12h_vs_24h,cd4_12h,cd4_24h,REACTOME_GLYCEROPHOSPHOLIPID_BIOSYNTHESIS,GenePT-only significant,96,PLB1,78,0.0010996776918826,0.0010996776918826,2.95873458497628,2.95873458497628,0.0,0.000313688994347936,0.000313688994347936,3.503500718082,3.503500718082,0.0,0.13526035610156,0.13526035610156,0.0385837463047961,0.0385837463047961,0.932110226066041,0.932110226066041,1.18894726823464,1.18894726823464,False,False,True,True,False,False,0.0,0.0,0.0,0.0,0.0,1.00000002982083,0.946872099566932,51.5,79.5,0.1736842105263158,62.0,90.0,0.06315789473684211,-0.1105263157894737
cd4_12h_vs_24h,cd4_12h,cd4_24h,REACTOME_GLYCEROPHOSPHOLIPID_BIOSYNTHESIS,GenePT-only significant,96,PLD2,79,0.0010996776918826,0.0010996776918826,2.95873458497628,2.95873458497628,0.0,0.000313688994347936,0.000160158462101912,3.503500718082,3.79545011009365,-0.29194939201165,0.13526035610156,0.13526035610156,0.0385837463047961,0.0196994908385352,0.932110226066041,0.932110226066041,1.18894726823464,1.30596515981639,False,False,True,True,False,False,0.00476888803585036,0.00715615347396531,0.00238726543811494,0.004,0.012,1.00000004959175,0.951146694011224,51.5,79.5,0.1736842105263158,73.5,62.5,0.3526315789473684,0.1789473684210526
cd4_12h_vs_24h,cd4_12h,cd4_24h,REACTOME_GLYCEROPHOSPHOLIPID_BIOSYNTHESIS,GenePT-only significant,96,PLD3,80,0.0010996776918826,0.000313688994347936,2.95873458497628,3.503500718082,-0.544766133105719,0.000313688994347936,1.77726970010602e-05,3.503500718082,4.75024666314563,-1.24674594506362,0.13526035610156,0.0385837463047961,0.0385837463047961,0.0021860417311304,0.932110226066041,1.18894726823464,1.18894726823464,1.63105534906276,False,True,True,True,True,False,0.046648912240338,0.115087460281879,0.0684385480415414,0.042,0.158,1.00000007098639,0.945707671850217,78.5,27.5,0.7210526315789474,92.5,23.5,0.7631578947368421,0.04210526315789476
cd4_12h_vs_24h,cd4_12h,cd4_24h,REACTOME_GLYCEROPHOSPHOLIPID_BIOSYNTHESIS,GenePT-only significant,96,PLD6,81,0.0010996776918826,0.00577645522630862,2.95873458497628,2.23833858855416,0.720395996422123,0.000313688994347936,0.000313688994347936,3.503500718082,3.503500718082,0.0,0.13526035610156,0.71050399283596,0.0385837463047961,0.0385837463047961,0.932110226066041,0.385270654364906,1.18894726823464,1.18894726823464,False,False,True,True,False,False,0.0796955235278911,0.0835365109573478,0.0038409874294567,0.084,0.118,1.00000007952031,0.924092240248134,7.5,22.5,0.7736842105263158,62.0,90.0,0.06315789473684211,-0.7105263157894737
cd4_12h_vs_24h,cd4_12h,cd4_24h,REACTOME_GLYCEROPHOSPHOLIPID_BIOSYNTHESIS,GenePT-only significant,96,PNPLA2,82,0.0010996776918826,0.00196887460329715,2.95873458497628,2.70578194299357,0.252952641982712,0.000313688994347936,0.00196887460329715,3.503500718082,2.70578194299357,0.797718775088431,0.13526035610156,0.242171576205549,0.0385837463047961,0.242171576205549,0.932110226066041,0.784778205325666,1.18894726823464,0.784778205325666,False,False,True,False,False,True,0.0816996425185532,0.128341515391938,0.0466418728733847,0.1,0.16,0.99999996016196,0.932176206615727,24.5,52.5,0.45789473684210524,29.5,42.5,0.5631578947368421,0.10526315789473684
cd4_12h_vs_24h,cd4_12h,cd4_24h,REACTOME_GLYCEROPHOSPHOLIPID_BIOSYNTHESIS,GenePT-only significant,96,PNPLA3,83,0.0010996776918826,0.0010996776918826,2.95873458497628,2.95873458497628,0.0,0.000313688994347936,0.00196887460329715,3.503500718082,2.70578194299357,0.797718775088431,0.13526035610156,0.13526035610156,0.0385837463047961,0.242171576205549,0.932110226066041,0.932110226066041,1.18894726823464,0.784778205325666,False,False,True,False,False,True,0.00185642892964353,0.00227657717092842,0.000420148241284894,0.002,0.004,0.999999992332233,0.933901472178238,51.5,79.5,0.1736842105263158,29.5,42.5,0.5631578947368421,0.3894736842105263
cd4_12h_vs_24h,cd4_12h,cd4_24h,REACTOME_GLYCEROPHOSPHOLIPID_BIOSYNTHESIS,GenePT-only significant,96,PNPLA8,84,0.0010996776918826,7.93371655046569e-05,2.95873458497628,4.1005233197136,-1.14178873473732,0.000313688994347936,1.77726970010602e-05,3.503500718082,4.75024666314563,-1.24674594506362,0.13526035610156,0.0097584713570728,0.0385837463047961,0.0021860417311304,0.932110226066041,1.417962696362,1.18894726823464,1.63105534906276,False,True,True,True,True,False,0.180352505634056,0.0955022644997769,-0.0848502411342793,0.19,0.116,1.0000000317171,0.948933194498258,88.5,8.5,0.9210526315789473,92.5,23.5,0.7631578947368421,-0.1578947368421052
cd4_12h_vs_24h,cd4_12h,cd4_24h,REACTOME_GLYCEROPHOSPHOLIPID_BIOSYNTHESIS,GenePT-only significant,96,PTDSS1,85,0.0010996776918826,0.000313688994347936,2.95873458497628,3.503500718082,-0.544766133105719,0.000313688994347936,0.0010996776918826,3.503500718082,2.95873458497628,0.544766133105719,0.13526035610156,0.0385837463047961,0.0385837463047961,0.13526035610156,0.932110226066041,1.18894726823464,1.18894726823464,0.932110226066041,False,True,True,False,True,True,0.111318833305998,0.14124865977154,0.0299298264655417,0.136,0.206,0.999999983138097,0.945010623269317,78.5,27.5,0.7210526315789474,36.5,54.5,0.4368421052631579,-0.28421052631578947
cd4_12h_vs_24h,cd4_12h,cd4_24h,REACTOME_GLYCEROPHOSPHOLIPID_BIOSYNTHESIS,GenePT-only significant,96,PTDSS2,86,0.0010996776918826,0.0034223189265975,2.95873458497628,2.46567952091782,0.493055064058463,0.000313688994347936,0.00059618767048381,3.503500718082,3.22461700967912,0.278883708402879,0.13526035610156,0.420945227971492,0.0385837463047961,0.0733310834695086,0.932110226066041,0.613004412282997,1.18894726823464,1.06522856619588,False,False,True,False,False,True,0.026192965788422,0.0177328639265407,-0.00846010186188133,0.032,0.036,0.999999986480268,0.942491244586209,12.0,33.0,0.6631578947368421,47.5,75.5,0.21578947368421053,-0.4473684210526315
cd4_12h_vs_24h,cd4_12h,cd4_24h,REACTOME_GLYCEROPHOSPHOLIPID_BIOSYNTHESIS,GenePT-only significant,96,PTPMT1,87,0.0010996776918826,0.00946978291842922,2.95873458497628,2.02365997647813,0.935074608498154,0.000313688994347936,0.000160158462101912,3.503500718082,3.79545011009365,-0.29194939201165,0.13526035610156,1.0,0.0385837463047961,0.0196994908385352,0.932110226066041,0.0,1.18894726823464,1.30596515981639,False,False,True,True,False,False,0.10786706878851,0.104223553939642,-0.00364351484886793,0.126,0.158,0.999999932571427,0.937582975573449,4.0,15.0,0.8526315789473684,73.5,62.5,0.3526315789473684,-0.5
cd4_12h_vs_24h,cd4_12h,cd4_24h,REACTOME_GLYCEROPHOSPHOLIPID_BIOSYNTHESIS,GenePT-only significant,96,SELENOI,88,0.0010996776918826,0.000313688994347936,2.95873458497628,3.503500718082,-0.544766133105719,0.000313688994347936,0.0150822934297104,3.503500718082,1.82153261416016,1.68196810392185,0.13526035610156,0.0385837463047961,0.0385837463047961,1.0,0.932110226066041,1.18894726823464,1.18894726823464,0.0,False,True,True,False,True,True,0.091661638189176,0.0625596215342774,-0.0291020166548985,0.11,0.096,1.00000006238468,0.92717497640066,78.5,27.5,0.7210526315789474,7.5,8.5,0.9210526315789473,0.19999999999999996
cd4_12h_vs_24h,cd4_12h,cd4_24h,REACTOME_GLYCEROPHOSPHOLIPID_BIOSYNTHESIS,GenePT-only significant,96,SLC44A1,89,0.0010996776918826,0.000313688994347936,2.95873458497628,3.503500718082,-0.544766133105719,0.000313688994347936,0.0150822934297104,3.503500718082,1.82153261416016,1.68196810392185,0.13526035610156,0.0385837463047961,0.0385837463047961,1.0,0.932110226066041,1.18894726823464,1.18894726823464,0.0,False,True,True,False,True,True,0.0283785107457743,0.0351936470346488,0.00681513628887449,0.03,0.052,0.999999971221842,0.915776816728943,78.5,27.5,0.7210526315789474,7.5,8.5,0.9210526315789473,0.19999999999999996
cd4_12h_vs_24h,cd4_12h,cd4_24h,REACTOME_GLYCEROPHOSPHOLIPID_BIOSYNTHESIS,GenePT-only significant,96,SLC44A2,90,0.0010996776918826,0.00059618767048381,2.95873458497628,3.22461700967912,-0.26588242470284,0.000313688994347936,0.0034223189265975,3.503500718082,2.46567952091782,1.03782119716418,0.13526035610156,0.0733310834695086,0.0385837463047961,0.420945227971492,0.932110226066041,1.06522856619588,1.18894726823464,0.613004412282997,False,False,True,False,False,True,0.0947644889505916,0.0739000025177616,-0.02086448643283,0.108,0.102,0.999999978084779,0.920832022511066,72.0,39.0,0.6,22.5,29.5,0.7,0.09999999999999998
cd4_12h_vs_24h,cd4_12h,cd4_24h,REACTOME_GLYCEROPHOSPHOLIPID_BIOSYNTHESIS,GenePT-only significant,96,SLC44A4,91,0.0010996776918826,0.0010996776918826,2.95873458497628,2.95873458497628,0.0,0.000313688994347936,0.000160158462101912,3.503500718082,3.79545011009365,-0.29194939201165,0.13526035610156,0.13526035610156,0.0385837463047961,0.0196994908385352,0.932110226066041,0.932110226066041,1.18894726823464,1.30596515981639,False,False,True,True,False,False,0.0,0.00292450205971343,0.00292450205971343,0.0,0.004,0.999999977290114,0.92026032854237,51.5,79.5,0.1736842105263158,73.5,62.5,0.3526315789473684,0.1789473684210526
cd4_12h_vs_24h,cd4_12h,cd4_24h,REACTOME_GLYCEROPHOSPHOLIPID_BIOSYNTHESIS,GenePT-only significant,96,SLC44A5,92,0.0010996776918826,0.0010996776918826,2.95873458497628,2.95873458497628,0.0,0.000313688994347936,0.00059618767048381,3.503500718082,3.22461700967912,0.278883708402879,0.13526035610156,0.13526035610156,0.0385837463047961,0.0733310834695086,0.932110226066041,0.932110226066041,1.18894726823464,1.06522856619588,False,False,True,False,False,True,0.00387206536910516,0.0,-0.00387206536910516,0.002,0.0,1.0000000213786,0.916785037038397,51.5,79.5,0.1736842105263158,47.5,75.5,0.21578947368421053,0.04210526315789473
cd4_12h_vs_24h,cd4_12h,cd4_24h,REACTOME_GLYCEROPHOSPHOLIPID_BIOSYNTHESIS,GenePT-only significant,96,STARD10,93,0.0010996776918826,7.93371655046569e-05,2.95873458497628,4.1005233197136,-1.14178873473732,0.000313688994347936,3.81265104892234e-05,3.503500718082,4.41877294150378,-0.915272223421779,0.13526035610156,0.0097584713570728,0.0385837463047961,0.00468956079017448,0.932110226066041,1.417962696362,1.18894726823464,1.52606285259303,False,True,True,True,True,False,0.094081178788106,0.163017101543468,0.0689359227553624,0.098,0.2,0.999999978587994,0.915508567011455,88.5,8.5,0.9210526315789473,86.5,35.5,0.6368421052631579,-0.28421052631578947
cd4_12h_vs_24h,cd4_12h,cd4_24h,REACTOME_GLYCEROPHOSPHOLIPID_BIOSYNTHESIS,GenePT-only significant,96,STARD7,94,0.0010996776918826,0.00196887460329715,2.95873458497628,2.70578194299357,0.252952641982712,0.000313688994347936,0.00059618767048381,3.503500718082,3.22461700967912,0.278883708402879,0.13526035610156,0.242171576205549,0.0385837463047961,0.0733310834695086,0.932110226066041,0.784778205325666,1.18894726823464,1.06522856619588,False,False,True,False,False,True,0.211898800565562,0.271590027086265,0.0596912265207035,0.232,0.354,1.00000003181969,0.910172427861617,24.5,52.5,0.45789473684210524,47.5,75.5,0.21578947368421053,-0.2421052631578947
cd4_12h_vs_24h,cd4_12h,cd4_24h,REACTOME_GLYCEROPHOSPHOLIPID_BIOSYNTHESIS,GenePT-only significant,96,TAZ,95,0.0010996776918826,0.0010996776918826,2.95873458497628,2.95873458497628,0.0,0.000313688994347936,7.93371655046569e-05,3.503500718082,4.1005233197136,-0.597022601631597,0.13526035610156,0.13526035610156,0.0385837463047961,0.0097584713570728,0.932110226066041,0.932110226066041,1.18894726823464,1.417962696362,False,False,True,True,False,False,0.0699173263658067,0.10772786006727,0.037810533701463,0.07,0.146,1.00000004035897,0.883182831580705,51.5,79.5,0.1736842105263158,81.0,49.0,0.49473684210526314,0.32105263157894737
cd4_12h_vs_24h,cd4_12h,cd4_24h,REACTOME_GLYCEROPHOSPHOLIPID_BIOSYNTHESIS,GenePT-only significant,96,TMEM86B,96,0.0010996776918826,0.0010996776918826,2.95873458497628,2.95873458497628,0.0,0.000313688994347936,0.000160158462101912,3.503500718082,3.79545011009365,-0.29194939201165,0.13526035610156,0.13526035610156,0.0385837463047961,0.0196994908385352,0.932110226066041,0.932110226066041,1.18894726823464,1.30596515981639,False,False,True,True,False,False,0.00927968020208947,0.00895055622561133,-0.000329123976478137,0.008,0.008,1.00000001760822,0.927022151851306,51.5,79.5,0.1736842105263158,73.5,62.5,0.3526315789473684,0.1789473684210526
cd4_12h_vs_24h,cd4_12h,cd4_24h,REACTOME_NUCLEOBASE_CATABOLISM,Vanilla-only significant,27,ADPRM,1,3.81265104892234e-05,0.00196887460329715,4.41877294150378,2.70578194299357,1.71299099851021,0.00059618767048381,3.81265104892234e-05,3.22461700967912,4.41877294150378,-1.19415593182466,0.00468956079017448,0.242171576205549,0.0733310834695086,0.00468956079017448,1.52606285259303,0.784778205325666,1.06522856619588,1.52606285259303,True,False,False,True,True,True,0.102437049287725,0.0550437720562482,-0.0473932772314771,0.098,0.066,1.00000000335564,0.918537285603371,3.0,3.0,0.9230769230769231,23.5,5.5,0.8269230769230769,-0.09615384615384626
cd4_12h_vs_24h,cd4_12h,cd4_24h,REACTOME_NUCLEOBASE_CATABOLISM,Vanilla-only significant,27,DNPH1,2,3.81265104892234e-05,0.00196887460329715,4.41877294150378,2.70578194299357,1.71299099851021,0.00059618767048381,0.00577645522630862,3.22461700967912,2.23833858855416,0.986278421124963,0.00468956079017448,0.242171576205549,0.0733310834695086,0.71050399283596,1.52606285259303,0.784778205325666,1.06522856619588,0.385270654364906,True,False,False,False,True,False,0.326236895571881,0.414872478651589,0.0886355830797081,0.29,0.446,1.00000007719856,0.925807014565163,3.0,3.0,0.9230769230769231,4.0,10.0,0.6538461538461539,-0.2692307692307693
cd4_12h_vs_24h,cd4_12h,cd4_24h,REACTOME_NUCLEOBASE_CATABOLISM,Vanilla-only significant,27,DPYD,3,3.81265104892234e-05,0.000313688994347936,4.41877294150378,3.503500718082,0.915272223421779,0.00059618767048381,1.77726970010602e-05,3.22461700967912,4.75024666314563,-1.5256296534665,0.00468956079017448,0.0385837463047961,0.0733310834695086,0.0021860417311304,1.52606285259303,1.18894726823464,1.06522856619588,1.63105534906276,True,True,False,True,False,True,0.0702952815903145,0.0415497166724963,-0.0287455649178183,0.054,0.038,0.999999973904791,0.937138968248585,12.0,13.0,0.5384615384615384,26.0,2.0,0.9615384615384616,0.42307692307692313
cd4_12h_vs_24h,cd4_12h,cd4_24h,REACTOME_NUCLEOBASE_CATABOLISM,Vanilla-only significant,27,ENTPD1,4,3.81265104892234e-05,7.93371655046569e-05,4.41877294150378,4.1005233197136,0.318249621790182,0.00059618767048381,3.81265104892234e-05,3.22461700967912,4.41877294150378,-1.19415593182466,0.00468956079017448,0.0097584713570728,0.0733310834695086,0.00468956079017448,1.52606285259303,1.417962696362,1.06522856619588,1.52606285259303,True,True,False,True,False,True,0.0,0.00305866862223721,0.00305866862223721,0.0,0.004,1.00000002418489,0.94465478595087,16.5,20.5,0.25,23.5,5.5,0.8269230769230769,0.5769230769230769
cd4_12h_vs_24h,cd4_12h,cd4_24h,REACTOME_NUCLEOBASE_CATABOLISM,Vanilla-only significant,27,ENTPD3,5,3.81265104892234e-05,3.81265104892234e-05,4.41877294150378,4.41877294150378,0.0,0.00059618767048381,0.00059618767048381,3.22461700967912,3.22461700967912,0.0,0.00468956079017448,0.00468956079017448,0.0733310834695086,0.0733310834695086,1.52606285259303,1.52606285259303,1.06522856619588,1.06522856619588,True,True,False,False,False,False,0.0,0.0,0.0,0.0,0.0,0.999999979360229,0.948975784055955,21.0,25.0,0.07692307692307693,13.0,25.0,0.07692307692307693,0.0
cd4_12h_vs_24h,cd4_12h,cd4_24h,REACTOME_NUCLEOBASE_CATABOLISM,Vanilla-only significant,27,ENTPD4,6,3.81265104892234e-05,0.00059618767048381,4.41877294150378,3.22461700967912,1.19415593182466,0.00059618767048381,0.000313688994347936,3.22461700967912,3.503500718082,-0.278883708402879,0.00468956079017448,0.0733310834695086,0.0733310834695086,0.0385837463047961,1.52606285259303,1.06522856619588,1.06522856619588,1.18894726823464,True,False,False,True,True,True,0.123801546115761,0.0656281886201081,-0.0581733574956525,0.128,0.088,1.00000002813644,0.944504791704113,7.5,8.5,0.7115384615384616,17.5,20.5,0.25,-0.46153846153846156
cd4_12h_vs_24h,cd4_12h,cd4_24h,REACTOME_NUCLEOBASE_CATABOLISM,Vanilla-only significant,27,ENTPD5,7,3.81265104892234e-05,1.77726970010602e-05,4.41877294150378,4.75024666314563,-0.331473721641845,0.00059618767048381,3.81265104892234e-05,3.22461700967912,4.41877294150378,-1.19415593182466,0.00468956079017448,0.0021860417311304,0.0733310834695086,0.00468956079017448,1.52606285259303,1.63105534906276,1.06522856619588,1.52606285259303,True,True,False,True,False,True,0.0114732652773327,0.0291158181836582,0.0176425529063255,0.014,0.038,0.999999988813023,0.951973986273153,24.5,17.5,0.36538461538461536,23.5,5.5,0.8269230769230769,0.4615384615384615
cd4_12h_vs_24h,cd4_12h,cd4_24h,REACTOME_NUCLEOBASE_CATABOLISM,Vanilla-only significant,27,ENTPD6,8,3.81265104892234e-05,1.49821174952854e-06,4.41877294150378,5.82442680135432,-1.40565385985053,0.00059618767048381,0.00196887460329715,3.22461700967912,2.70578194299357,0.518835066685553,0.00468956079017448,0.00018428004519201,0.0733310834695086,0.242171576205549,1.52606285259303,1.93249105817205,1.06522856619588,0.784778205325666,True,True,False,False,False,False,0.0465037496628507,0.0367106727366867,-0.00979307692616391,0.042,0.056,1.00000005852477,0.9407001102283,27.0,6.0,0.8076923076923077,9.5,17.5,0.36538461538461536,-0.44230769230769235
cd4_12h_vs_24h,cd4_12h,cd4_24h,REACTOME_NUCLEOBASE_CATABOLISM,Vanilla-only significant,27,ENTPD7,9,3.81265104892234e-05,3.81265104892234e-05,4.41877294150378,4.41877294150378,0.0,0.00059618767048381,0.000313688994347936,3.22461700967912,3.503500718082,-0.278883708402879,0.00468956079017448,0.00468956079017448,0.0733310834695086,0.0385837463047961,1.52606285259303,1.52606285259303,1.06522856619588,1.18894726823464,True,True,False,True,False,True,0.00830395739738889,0.00813810244045358,-0.000165854956935311,0.012,0.01,1.00000000429171,0.965517300271365,21.0,25.0,0.07692307692307693,17.5,20.5,0.25,0.17307692307692307
cd4_12h_vs_24h,cd4_12h,cd4_24h,REACTOME_NUCLEOBASE_CATABOLISM,Vanilla-only significant,27,ITPA,10,3.81265104892234e-05,0.00059618767048381,4.41877294150378,3.22461700967912,1.19415593182466,0.00059618767048381,0.00577645522630862,3.22461700967912,2.23833858855416,0.986278421124963,0.00468956079017448,0.0733310834695086,0.0733310834695086,0.71050399283596,1.52606285259303,1.06522856619588,1.06522856619588,0.385270654364906,True,False,False,False,True,False,0.244343406855611,0.307135708048724,0.0627923011931128,0.27,0.378,0.999999980345074,0.94224273013162,7.5,8.5,0.7115384615384616,4.0,10.0,0.6538461538461539,-0.05769230769230771
cd4_12h_vs_24h,cd4_12h,cd4_24h,REACTOME_NUCLEOBASE_CATABOLISM,Vanilla-only significant,27,NT5C,11,3.81265104892234e-05,0.00059618767048381,4.41877294150378,3.22461700967912,1.19415593182466,0.00059618767048381,0.000313688994347936,3.22461700967912,3.503500718082,-0.278883708402879,0.00468956079017448,0.0733310834695086,0.0733310834695086,0.0385837463047961,1.52606285259303,1.06522856619588,1.06522856619588,1.18894726823464,True,False,False,True,True,True,0.371539535460924,0.477245848444887,0.105706312983963,0.372,0.534,1.00000004022395,0.952208126544357,7.5,8.5,0.7115384615384616,17.5,20.5,0.25,-0.46153846153846156
cd4_12h_vs_24h,cd4_12h,cd4_24h,REACTOME_NUCLEOBASE_CATABOLISM,Vanilla-only significant,27,NT5C1B,12,3.81265104892234e-05,3.81265104892234e-05,4.41877294150378,4.41877294150378,0.0,0.00059618767048381,0.00059618767048381,3.22461700967912,3.22461700967912,0.0,0.00468956079017448,0.00468956079017448,0.0733310834695086,0.0733310834695086,1.52606285259303,1.52606285259303,1.06522856619588,1.06522856619588,True,True,False,False,False,False,0.0,0.0,0.0,0.0,0.0,0.999999993424793,0.915921110698781,21.0,25.0,0.07692307692307693,13.0,25.0,0.07692307692307693,0.0
cd4_12h_vs_24h,cd4_12h,cd4_24h,REACTOME_NUCLEOBASE_CATABOLISM,Vanilla-only significant,27,NT5C2,13,3.81265104892234e-05,8.03548663493119e-06,4.41877294150378,5.09498781691362,-0.676214875409841,0.00059618767048381,0.00059618767048381,3.22461700967912,3.22461700967912,0.0,0.00468956079017448,0.000988364856096536,0.0733310834695086,0.0733310834695086,1.52606285259303,1.73351743731473,1.06522856619588,1.06522856619588,True,True,False,False,False,False,0.048832412565263,0.0341951519846693,-0.0146372605805937,0.048,0.046,1.00000000020092,0.9479560395919,26.0,16.0,0.4230769230769231,13.0,25.0,0.07692307692307693,-0.34615384615384615
cd4_12h_vs_24h,cd4_12h,cd4_24h,REACTOME_NUCLEOBASE_CATABOLISM,Vanilla-only significant,27,NT5C3A,14,3.81265104892234e-05,0.000313688994347936,4.41877294150378,3.503500718082,0.915272223421779,0.00059618767048381,0.000160158462101912,3.22461700967912,3.79545011009365,-0.570833100414529,0.00468956079017448,0.0385837463047961,0.0733310834695086,0.0196994908385352,1.52606285259303,1.18894726823464,1.06522856619588,1.30596515981639,True,True,False,True,False,True,0.256931771469682,0.221075184826094,-0.0358565866435878,0.262,0.256,1.00000003540146,0.956687957101813,12.0,13.0,0.5384615384615384,20.5,15.5,0.4423076923076923,-0.09615384615384615
cd4_12h_vs_24h,cd4_12h,cd4_24h,REACTOME_NUCLEOBASE_CATABOLISM,Vanilla-only significant,27,NT5E,15,3.81265104892234e-05,0.000313688994347936,4.41877294150378,3.503500718082,0.915272223421779,0.00059618767048381,0.00196887460329715,3.22461700967912,2.70578194299357,0.518835066685553,0.00468956079017448,0.0385837463047961,0.0733310834695086,0.242171576205549,1.52606285259303,1.18894726823464,1.06522856619588,0.784778205325666,True,True,False,False,False,False,0.0226609093836623,0.0061430357924003,-0.016517873591262,0.03,0.012,0.99999988550603,0.937483687706289,12.0,13.0,0.5384615384615384,9.5,17.5,0.36538461538461536,-0.17307692307692307
cd4_12h_vs_24h,cd4_12h,cd4_24h,REACTOME_NUCLEOBASE_CATABOLISM,Vanilla-only significant,27,NT5M,16,3.81265104892234e-05,7.93371655046569e-05,4.41877294150378,4.1005233197136,0.318249621790182,0.00059618767048381,0.000160158462101912,3.22461700967912,3.79545011009365,-0.570833100414529,0.00468956079017448,0.0097584713570728,0.0733310834695086,0.0196994908385352,1.52606285259303,1.417962696362,1.06522856619588,1.30596515981639,True,True,False,True,False,True,0.00580022405313784,0.00792163569491095,0.00212141164177311,0.006,0.016,1.00000003261486,0.944107464239344,16.5,20.5,0.25,20.5,15.5,0.4423076923076923,0.1923076923076923
cd4_12h_vs_24h,cd4_12h,cd4_24h,REACTOME_NUCLEOBASE_CATABOLISM,Vanilla-only significant,27,NUDT1,17,3.81265104892234e-05,0.0233436169134307,4.41877294150378,1.63183185249604,2.78694108900774,0.00059618767048381,0.000313688994347936,3.22461700967912,3.503500718082,-0.278883708402879,0.00468956079017448,1.0,0.0733310834695086,0.0385837463047961,1.52606285259303,0.0,1.06522856619588,1.18894726823464,True,False,False,True,True,True,0.345211498107718,0.654768320224756,0.309556822117038,0.362,0.602,1.00000006322682,0.946797589116011,1.0,1.0,1.0,17.5,20.5,0.25,-0.75
cd4_12h_vs_24h,cd4_12h,cd4_24h,REACTOME_NUCLEOBASE_CATABOLISM,Vanilla-only significant,27,NUDT15,18,3.81265104892234e-05,0.0010996776918826,4.41877294150378,2.95873458497628,1.4600383565275,0.00059618767048381,0.00059618767048381,3.22461700967912,3.22461700967912,0.0,0.00468956079017448,0.13526035610156,0.0733310834695086,0.0733310834695086,1.52606285259303,0.932110226066041,1.06522856619588,1.06522856619588,True,False,False,False,True,False,0.0888726118336447,0.0845821423216932,-0.00429046951195144,0.098,0.132,1.0000000107501,0.954882451941966,5.0,5.0,0.8461538461538461,13.0,25.0,0.07692307692307693,-0.7692307692307692
cd4_12h_vs_24h,cd4_12h,cd4_24h,REACTOME_NUCLEOBASE_CATABOLISM,Vanilla-only significant,27,NUDT16,19,3.81265104892234e-05,7.93371655046569e-05,4.41877294150378,4.1005233197136,0.318249621790182,0.00059618767048381,3.81265104892234e-05,3.22461700967912,4.41877294150378,-1.19415593182466,0.00468956079017448,0.0097584713570728,0.0733310834695086,0.00468956079017448,1.52606285259303,1.417962696362,1.06522856619588,1.52606285259303,True,True,False,True,False,True,0.0224577989460115,0.046310685618374,0.0238528866723625,0.026,0.064,1.00000005164251,0.928094289931455,16.5,20.5,0.25,23.5,5.5,0.8269230769230769,0.5769230769230769
cd4_12h_vs_24h,cd4_12h,cd4_24h,REACTOME_NUCLEOBASE_CATABOLISM,Vanilla-only significant,27,NUDT18,20,3.81265104892234e-05,1.77726970010602e-05,4.41877294150378,4.75024666314563,-0.331473721641845,0.00059618767048381,0.0034223189265975,3.22461700967912,2.46567952091782,0.758937488761304,0.00468956079017448,0.0021860417311304,0.0733310834695086,0.420945227971492,1.52606285259303,1.63105534906276,1.06522856619588,0.613004412282997,True,True,False,False,False,False,0.0423703954723738,0.0552427325000307,0.0128723370276569,0.05,0.082,1.00000002866569,0.947693542056606,24.5,17.5,0.36538461538461536,7.5,13.5,0.5192307692307693,0.1538461538461539
cd4_12h_vs_24h,cd4_12h,cd4_24h,REACTOME_NUCLEOBASE_CATABOLISM,Vanilla-only significant,27,NUDT5,21,3.81265104892234e-05,7.93371655046569e-05,4.41877294150378,4.1005233197136,0.318249621790182,0.00059618767048381,0.00577645522630862,3.22461700967912,2.23833858855416,0.986278421124963,0.00468956079017448,0.0097584713570728,0.0733310834695086,0.71050399283596,1.52606285259303,1.417962696362,1.06522856619588,0.385270654364906,True,True,False,False,False,False,0.419280905656588,0.516626926580667,0.0973460209240797,0.412,0.54,0.99999986646401,0.943843949020579,16.5,20.5,0.25,4.0,10.0,0.6538461538461539,0.40384615384615385
cd4_12h_vs_24h,cd4_12h,cd4_24h,REACTOME_NUCLEOBASE_CATABOLISM,Vanilla-only significant,27,NUDT9,22,3.81265104892234e-05,0.000313688994347936,4.41877294150378,3.503500718082,0.915272223421779,0.00059618767048381,0.00577645522630862,3.22461700967912,2.23833858855416,0.986278421124963,0.00468956079017448,0.0385837463047961,0.0733310834695086,0.71050399283596,1.52606285259303,1.18894726823464,1.06522856619588,0.385270654364906,True,True,False,False,False,False,0.121543868069046,0.116215187478717,-0.00532868059032925,0.144,0.172,0.99999996371269,0.948207699423584,12.0,13.0,0.5384615384615384,4.0,10.0,0.6538461538461539,0.11538461538461542
cd4_12h_vs_24h,cd4_12h,cd4_24h,REACTOME_NUCLEOBASE_CATABOLISM,Vanilla-only significant,27,PNP,23,3.81265104892234e-05,0.000313688994347936,4.41877294150378,3.503500718082,0.915272223421779,0.00059618767048381,0.0034223189265975,3.22461700967912,2.46567952091782,0.758937488761304,0.00468956079017448,0.0385837463047961,0.0733310834695086,0.420945227971492,1.52606285259303,1.18894726823464,1.06522856619588,0.613004412282997,True,True,False,False,False,False,0.227271688405094,0.342033180159875,0.114761491754781,0.242,0.384,1.00000003478018,0.875513830918157,12.0,13.0,0.5384615384615384,7.5,13.5,0.5192307692307693,-0.019230769230769162
cd4_12h_vs_24h,cd4_12h,cd4_24h,REACTOME_NUCLEOBASE_CATABOLISM,Vanilla-only significant,27,SAMHD1,24,3.81265104892234e-05,0.00196887460329715,4.41877294150378,2.70578194299357,1.71299099851021,0.00059618767048381,0.00577645522630862,3.22461700967912,2.23833858855416,0.986278421124963,0.00468956079017448,0.242171576205549,0.0733310834695086,0.71050399283596,1.52606285259303,0.784778205325666,1.06522856619588,0.385270654364906,True,False,False,False,True,False,0.329890279609362,0.367763774326535,0.0378734947171738,0.238,0.37,0.999999990282706,0.894297042512588,3.0,3.0,0.9230769230769231,4.0,10.0,0.6538461538461539,-0.2692307692307693
cd4_12h_vs_24h,cd4_12h,cd4_24h,REACTOME_NUCLEOBASE_CATABOLISM,Vanilla-only significant,27,TYMP,25,3.81265104892234e-05,0.00059618767048381,4.41877294150378,3.22461700967912,1.19415593182466,0.00059618767048381,0.00946978291842922,3.22461700967912,2.02365997647813,1.20095703320099,0.00468956079017448,0.0733310834695086,0.0733310834695086,1.0,1.52606285259303,1.06522856619588,1.06522856619588,0.0,True,False,False,False,True,False,0.179457955373539,0.462265377046527,0.282807421672988,0.166,0.45,1.00000002304963,0.886623692670695,7.5,8.5,0.7115384615384616,1.0,3.0,0.9230769230769231,0.21153846153846156
cd4_12h_vs_24h,cd4_12h,cd4_24h,REACTOME_NUCLEOBASE_CATABOLISM,Vanilla-only significant,27,UPB1,26,3.81265104892234e-05,3.81265104892234e-05,4.41877294150378,4.41877294150378,0.0,0.00059618767048381,0.00059618767048381,3.22461700967912,3.22461700967912,0.0,0.00468956079017448,0.00468956079017448,0.0733310834695086,0.0733310834695086,1.52606285259303,1.52606285259303,1.06522856619588,1.06522856619588,True,True,False,False,False,False,0.0,0.0,0.0,0.0,0.0,0.999999935839951,0.932683494169331,21.0,25.0,0.07692307692307693,13.0,25.0,0.07692307692307693,0.0
cd4_12h_vs_24h,cd4_12h,cd4_24h,REACTOME_NUCLEOBASE_CATABOLISM,Vanilla-only significant,27,UPP1,27,3.81265104892234e-05,3.81265104892234e-05,4.41877294150378,4.41877294150378,0.0,0.00059618767048381,8.03548663493119e-06,3.22461700967912,5.09498781691362,-1.8703708072345,0.00468956079017448,0.00468956079017448,0.0733310834695086,0.000988364856096536,1.52606285259303,1.52606285259303,1.06522856619588,1.73351743731473,True,True,False,True,False,True,0.137828338797345,0.104005414315113,-0.0338229244822318,0.124,0.118,1.00000004398102,0.930524117496701,21.0,25.0,0.07692307692307693,27.0,1.0,1.0,0.9230769230769231
cd4_12h_vs_24h,cd4_12h,cd4_24h,REACTOME_PHOSPHOLIPID_METABOLISM,Vanilla-only significant,170,ABHD3,1,3.59717677613814e-08,1.58410791482518e-09,7.44403821911369,8.80021523611983,-1.35617701700613,0.0513887607461245,0.0034223189265975,1.28913185531754,2.46567952091782,-1.17654766560029,4.42452743464991e-06,1.94845273523497e-07,1.0,0.420945227971492,2.31389997788891,2.59042662985857,0.0,0.613004412282997,True,True,False,False,False,False,0.0434033280793712,0.0567829503935671,0.0133796223141959,0.046,0.076,1.00000004234792,0.900317228868582,125.0,46.0,0.7337278106508875,145.0,26.0,0.8520710059171598,0.11834319526627224
cd4_12h_vs_24h,cd4_12h,cd4_24h,REACTOME_PHOSPHOLIPID_METABOLISM,Vanilla-only significant,170,ABHD4,2,3.59717677613814e-08,3.59717677613814e-08,7.44403821911369,7.44403821911369,0.0,0.0513887607461245,0.0513887607461245,1.28913185531754,1.28913185531754,0.0,4.42452743464991e-06,4.42452743464991e-06,1.0,1.0,2.31389997788891,2.31389997788891,0.0,0.0,True,True,False,False,False,False,0.0,0.00086949541664989,0.00086949541664989,0.0,0.002,0.999999969970146,0.920597534690986,39.0,146.0,0.14201183431952663,52.5,157.5,0.07396449704142012,-0.06804733727810651
cd4_12h_vs_24h,cd4_12h,cd4_24h,REACTOME_PHOSPHOLIPID_METABOLISM,Vanilla-only significant,170,ACP6,3,3.59717677613814e-08,4.62765891657924e-09,7.44403821911369,8.33463865838632,-0.890600439272627,0.0513887607461245,0.00946978291842922,1.28913185531754,2.02365997647813,-0.734528121160595,4.42452743464991e-06,5.69202046739247e-07,1.0,1.0,2.31389997788891,2.49894648741163,0.0,0.0,True,True,False,False,False,False,0.0388211280547572,0.0291634724547011,-0.0096576556000561,0.04,0.044,0.999999994311894,0.932818539538939,99.5,73.5,0.5710059171597633,119.0,54.0,0.6863905325443787,0.11538461538461531
cd4_12h_vs_24h,cd4_12h,cd4_24h,REACTOME_PHOSPHOLIPID_METABOLISM,Vanilla-only significant,170,AGK,4,3.59717677613814e-08,5.25612166428945e-10,7.44403821911369,9.27933459064804,-1.83529637153435,0.0513887607461245,0.00577645522630862,1.28913185531754,2.23833858855416,-0.949206733236626,4.42452743464991e-06,6.46502964707602e-08,1.0,0.71050399283596,2.31389997788891,2.68131114927169,0.0,0.385270654364906,True,True,False,False,False,False,0.0769541028629438,0.082851444166358,0.00589734130341424,0.094,0.132,0.999999994312877,0.93190834277932,145.5,25.5,0.8550295857988166,133.5,37.5,0.7840236686390533,-0.07100591715976334
cd4_12h_vs_24h,cd4_12h,cd4_24h,REACTOME_PHOSPHOLIPID_METABOLISM,Vanilla-only significant,170,AGPAT1,5,3.59717677613814e-08,1.58410791482518e-09,7.44403821911369,8.80021523611983,-1.35617701700613,0.0513887607461245,0.230392335941705,1.28913185531754,0.63753197192238,0.651599883395156,4.42452743464991e-06,1.94845273523497e-07,1.0,1.0,2.31389997788891,2.59042662985857,0.0,0.0,True,True,False,False,False,False,0.0466967591117768,0.044570405123528,-0.00212635398824883,0.052,0.074,1.00000008413741,0.942254046749989,125.0,46.0,0.7337278106508875,3.0,62.0,0.6390532544378699,-0.09467455621301768
cd4_12h_vs_24h,cd4_12h,cd4_24h,REACTOME_PHOSPHOLIPID_METABOLISM,Vanilla-only significant,170,AGPAT2,6,3.59717677613814e-08,5.25612166428945e-10,7.44403821911369,9.27933459064804,-1.83529637153435,0.0513887607461245,0.136726085875245,1.28913185531754,0.864148618783426,0.42498323653411,4.42452743464991e-06,6.46502964707602e-08,1.0,1.0,2.31389997788891,2.68131114927169,0.0,0.0,True,True,False,False,False,False,0.0210004616858526,0.0754124015235884,0.0544119398377358,0.026,0.118,0.999999991437322,0.938242809758388,145.5,25.5,0.8550295857988166,11.5,84.5,0.5059171597633136,-0.34911242603550297
cd4_12h_vs_24h,cd4_12h,cd4_24h,REACTOME_PHOSPHOLIPID_METABOLISM,Vanilla-only significant,170,AGPAT3,7,3.59717677613814e-08,3.59717677613814e-08,7.44403821911369,7.44403821911369,0.0,0.0513887607461245,0.00577645522630862,1.28913185531754,2.23833858855416,-0.949206733236626,4.42452743464991e-06,4.42452743464991e-06,1.0,0.71050399283596,2.31389997788891,2.31389997788891,0.0,0.385270654364906,True,True,False,False,False,False,0.173380301840829,0.177989338291535,0.00460903645070507,0.192,0.256,0.999999976010759,0.932433001654273,39.0,146.0,0.14201183431952663,133.5,37.5,0.7840236686390533,0.6420118343195267
cd4_12h_vs_24h,cd4_12h,cd4_24h,REACTOME_PHOSPHOLIPID_METABOLISM,Vanilla-only significant,170,AGPAT4,8,3.59717677613814e-08,3.59717677613814e-08,7.44403821911369,7.44403821911369,0.0,0.0513887607461245,0.0150822934297104,1.28913185531754,1.82153261416016,-0.532400758842622,4.42452743464991e-06,4.42452743464991e-06,1.0,1.0,2.31389997788891,2.31389997788891,0.0,0.0,True,True,False,False,False,False,0.00490661166924034,0.00614099622371396,0.00123438455447362,0.006,0.008,0.999999950124285,0.931801689919529,39.0,146.0,0.14201183431952663,104.5,74.5,0.5650887573964497,0.4230769230769231
cd4_12h_vs_24h,cd4_12h,cd4_24h,REACTOME_PHOSPHOLIPID_METABOLISM,Vanilla-only significant,170,AGPAT5,9,3.59717677613814e-08,9.5725425402497e-08,7.44403821911369,7.01897269497718,0.425065524136514,0.0513887607461245,0.0034223189265975,1.28913185531754,2.46567952091782,-1.17654766560029,4.42452743464991e-06,1.17742273245071e-05,1.0,0.420945227971492,2.31389997788891,2.2201503515613,0.0,0.613004412282997,True,True,False,False,False,False,0.201732394233047,0.197315270994622,-0.00441712323842469,0.234,0.266,0.99999995329995,0.937190997960907,10.5,117.5,0.3106508875739645,145.0,26.0,0.8520710059171598,0.5414201183431953
cd4_12h_vs_24h,cd4_12h,cd4_24h,REACTOME_PHOSPHOLIPID_METABOLISM,Vanilla-only significant,170,ARF1,10,3.59717677613814e-08,1.59178638580836e-11,7.44403821911369,10.7981152140414,-3.35407699492767,0.0513887607461245,0.0351222601892017,1.28913185531754,1.45441754412943,-0.165285688811893,4.42452743464991e-06,1.95789725454428e-09,1.0,1.0,2.31389997788891,2.95096765529579,0.0,0.0,True,True,False,False,False,False,0.752130456701459,0.891305433720424,0.139174977018965,0.624,0.712,0.999999982809784,0.898026730458035,165.5,5.5,0.9733727810650887,77.5,112.5,0.34023668639053256,-0.6331360946745561
cd4_12h_vs_24h,cd4_12h,cd4_24h,REACTOME_PHOSPHOLIPID_METABOLISM,Vanilla-only significant,170,ARF3,11,3.59717677613814e-08,3.59717677613814e-08,7.44403821911369,7.44403821911369,0.0,0.0513887607461245,0.0150822934297104,1.28913185531754,1.82153261416016,-0.532400758842622,4.42452743464991e-06,4.42452743464991e-06,1.0,1.0,2.31389997788891,2.31389997788891,0.0,0.0,True,True,False,False,False,False,0.152796951040845,0.226015831567429,0.0732188805265847,0.178,0.302,0.999999972277649,0.90158884978413,39.0,146.0,0.14201183431952663,104.5,74.5,0.5650887573964497,0.4230769230769231
cd4_12h_vs_24h,cd4_12h,cd4_24h,REACTOME_PHOSPHOLIPID_METABOLISM,Vanilla-only significant,170,CDIPT,12,3.59717677613814e-08,9.5725425402497e-08,7.44403821911369,7.01897269497718,0.425065524136514,0.0513887607461245,0.00946978291842922,1.28913185531754,2.02365997647813,-0.734528121160595,4.42452743464991e-06,1.17742273245071e-05,1.0,1.0,2.31389997788891,2.2201503515613,0.0,0.0,True,True,False,False,False,False,0.147487088050365,0.186001358740104,0.0385142706897389,0.15,0.24,0.999999970741191,0.926117167682523,10.5,117.5,0.3106508875739645,119.0,54.0,0.6863905325443787,0.3757396449704142
cd4_12h_vs_24h,cd4_12h,cd4_24h,REACTOME_PHOSPHOLIPID_METABOLISM,Vanilla-only significant,170,CDS1,13,3.59717677613814e-08,1.31042954439412e-08,7.44403821911369,7.8825863240523,-0.438548104938605,0.0513887607461245,0.0351222601892017,1.28913185531754,1.45441754412943,-0.165285688811893,4.42452743464991e-06,1.61182833960477e-06,1.0,1.0,2.31389997788891,2.40679895558663,0.0,0.0,True,True,False,False,False,False,0.0031377512523596,0.00484702254004081,0.00170927128768121,0.004,0.006,0.999999966639714,0.888412688186047,75.0,102.0,0.40236686390532544,77.5,112.5,0.34023668639053256,-0.062130177514792884
cd4_12h_vs_24h,cd4_12h,cd4_24h,REACTOME_PHOSPHOLIPID_METABOLISM,Vanilla-only significant,170,CDS2,14,3.59717677613814e-08,1.58410791482518e-09,7.44403821911369,8.80021523611983,-1.35617701700613,0.0513887607461245,0.00577645522630862,1.28913185531754,2.23833858855416,-0.949206733236626,4.42452743464991e-06,1.94845273523497e-07,1.0,0.71050399283596,2.31389997788891,2.59042662985857,0.0,0.385270654364906,True,True,False,False,False,False,0.0937024452176249,0.101554240401043,0.00785179518341821,0.092,0.142,1.00000001388272,0.937263290259697,125.0,46.0,0.7337278106508875,133.5,37.5,0.7840236686390533,0.050295857988165715
cd4_12h_vs_24h,cd4_12h,cd4_24h,REACTOME_PHOSPHOLIPID_METABOLISM,Vanilla-only significant,170,CEPT1,15,3.59717677613814e-08,4.62765891657924e-09,7.44403821911369,8.33463865838632,-0.890600439272627,0.0513887607461245,0.00196887460329715,1.28913185531754,2.70578194299357,-1.41665008767604,4.42452743464991e-06,5.69202046739247e-07,1.0,0.242171576205549,2.31389997788891,2.49894648741163,0.0,0.784778205325666,True,True,False,False,False,False,0.0788588989613073,0.104927048018608,0.0260681490573011,0.086,0.138,0.999999976819015,0.92286560958275,99.5,73.5,0.5710059171597633,151.5,19.5,0.8905325443786982,0.3195266272189349
cd4_12h_vs_24h,cd4_12h,cd4_24h,REACTOME_PHOSPHOLIPID_METABOLISM,Vanilla-only significant,170,CHKA,16,3.59717677613814e-08,9.5725425402497e-08,7.44403821911369,7.01897269497718,0.425065524136514,0.0513887607461245,0.0351222601892017,1.28913185531754,1.45441754412943,-0.165285688811893,4.42452743464991e-06,1.17742273245071e-05,1.0,1.0,2.31389997788891,2.2201503515613,0.0,0.0,True,True,False,False,False,False,0.0537773738974194,0.0552621839547476,0.00148481005732817,0.064,0.084,0.999999954110358,0.925089430740946,10.5,117.5,0.3106508875739645,77.5,112.5,0.34023668639053256,0.029585798816568087
cd4_12h_vs_24h,cd4_12h,cd4_24h,REACTOME_PHOSPHOLIPID_METABOLISM,Vanilla-only significant,170,CHKB,17,3.59717677613814e-08,1.58410791482518e-09,7.44403821911369,8.80021523611983,-1.35617701700613,0.0513887607461245,0.0513887607461245,1.28913185531754,1.28913185531754,0.0,4.42452743464991e-06,1.94845273523497e-07,1.0,1.0,2.31389997788891,2.59042662985857,0.0,0.0,True,True,False,False,False,False,0.0171099466013509,0.0302955303731029,0.013185583771752,0.02,0.05,1.00000002745484,0.906786584053377,125.0,46.0,0.7337278106508875,52.5,157.5,0.07396449704142012,-0.6597633136094674
cd4_12h_vs_24h,cd4_12h,cd4_24h,REACTOME_PHOSPHOLIPID_METABOLISM,Vanilla-only significant,170,CHPT1,18,3.59717677613814e-08,4.62765891657924e-09,7.44403821911369,8.33463865838632,-0.890600439272627,0.0513887607461245,0.0513887607461245,1.28913185531754,1.28913185531754,0.0,4.42452743464991e-06,5.69202046739247e-07,1.0,1.0,2.31389997788891,2.49894648741163,0.0,0.0,True,True,False,False,False,False,0.0562946265285167,0.125589639351093,0.0692950128225762,0.066,0.174,0.999999915134598,0.94361388498603,99.5,73.5,0.5710059171597633,52.5,157.5,0.07396449704142012,-0.49704142011834324
cd4_12h_vs_24h,cd4_12h,cd4_24h,REACTOME_PHOSPHOLIPID_METABOLISM,Vanilla-only significant,170,CPNE1,19,3.59717677613814e-08,1.31042954439412e-08,7.44403821911369,7.8825863240523,-0.438548104938605,0.0513887607461245,0.136726085875245,1.28913185531754,0.864148618783426,0.42498323653411,4.42452743464991e-06,1.61182833960477e-06,1.0,1.0,2.31389997788891,2.40679895558663,0.0,0.0,True,True,False,False,False,False,0.537331866160883,0.756494195742147,0.219162329581264,0.478,0.676,1.00000003933716,0.918853831534902,75.0,102.0,0.40236686390532544,11.5,84.5,0.5059171597633136,0.1035502958579882
cd4_12h_vs_24h,cd4_12h,cd4_24h,REACTOME_PHOSPHOLIPID_METABOLISM,Vanilla-only significant,170,CPNE3,20,3.59717677613814e-08,1.58410791482518e-09,7.44403821911369,8.80021523611983,-1.35617701700613,0.0513887607461245,0.000160158462101912,1.28913185531754,3.79545011009365,-2.50631825477612,4.42452743464991e-06,1.94845273523497e-07,1.0,0.0196994908385352,2.31389997788891,2.59042662985857,0.0,1.30596515981639,True,True,False,True,False,True,0.284373430884419,0.225462563996163,-0.058910866888256,0.286,0.294,1.00000008075434,0.916326387435236,125.0,46.0,0.7337278106508875,165.0,6.0,0.9704142011834319,0.23668639053254437
cd4_12h_vs_24h,cd4_12h,cd4_24h,REACTOME_PHOSPHOLIPID_METABOLISM,Vanilla-only significant,170,CPNE7,21,3.59717677613814e-08,3.59717677613814e-08,7.44403821911369,7.44403821911369,0.0,0.0513887607461245,0.136726085875245,1.28913185531754,0.864148618783426,0.42498323653411,4.42452743464991e-06,4.42452743464991e-06,1.0,1.0,2.31389997788891,2.31389997788891,0.0,0.0,True,True,False,False,False,False,0.00287550748162458,0.0162962169931375,0.0134207095115129,0.004,0.026,1.00000006931747,0.91385745864507,39.0,146.0,0.14201183431952663,11.5,84.5,0.5059171597633136,0.363905325443787
cd4_12h_vs_24h,cd4_12h,cd4_24h,REACTOME_PHOSPHOLIPID_METABOLISM,Vanilla-only significant,170,CRLS1,22,3.59717677613814e-08,5.26903195422322e-11,7.44403821911369,10.2782691676256,-2.8342309485119,0.0513887607461245,0.000313688994347936,1.28913185531754,3.503500718082,-2.21436886276447,4.42452743464991e-06,6.48090930369456e-09,1.0,0.0385837463047961,2.31389997788891,2.8615317674606,0.0,1.18894726823464,True,True,False,True,False,True,0.251170431394019,0.308040333516764,0.0568699021227453,0.28,0.384,1.00000003062142,0.92465080473053,161.5,9.5,0.9497041420118343,162.5,8.5,0.9556213017751479,0.00591715976331364
cd4_12h_vs_24h,cd4_12h,cd4_24h,REACTOME_PHOSPHOLIPID_METABOLISM,Vanilla-only significant,170,CSNK2A1,23,3.59717677613814e-08,3.59717677613814e-08,7.44403821911369,7.44403821911369,0.0,0.0513887607461245,0.0731481276708723,1.28913185531754,1.13579678577401,0.153335069543525,4.42452743464991e-06,4.42452743464991e-06,1.0,1.0,2.31389997788891,2.31389997788891,0.0,0.0,True,True,False,False,False,False,0.477564625613742,0.450095749480595,-0.0274688761331468,0.442,0.488,0.999999929072683,0.911827322780261,39.0,146.0,0.14201183431952663,29.5,134.5,0.21005917159763313,0.0680473372781065
cd4_12h_vs_24h,cd4_12h,cd4_24h,REACTOME_PHOSPHOLIPID_METABOLISM,Vanilla-only significant,170,CSNK2A2,24,3.59717677613814e-08,1.58410791482518e-09,7.44403821911369,8.80021523611983,-1.35617701700613,0.0513887607461245,0.000313688994347936,1.28913185531754,3.503500718082,-2.21436886276447,4.42452743464991e-06,1.94845273523497e-07,1.0,0.0385837463047961,2.31389997788891,2.59042662985857,0.0,1.18894726823464,True,True,False,True,False,True,0.31594184008551,0.258764813136375,-0.0571770269491346,0.322,0.32,0.999999929072683,0.911827322780261,125.0,46.0,0.7337278106508875,162.5,8.5,0.9556213017751479,0.22189349112426038
cd4_12h_vs_24h,cd4_12h,cd4_24h,REACTOME_PHOSPHOLIPID_METABOLISM,Vanilla-only significant,170,CSNK2B,25,3.59717677613814e-08,6.1774102028672e-07,7.44403821911369,6.20919355894615,1.23484466016754,0.0513887607461245,7.93371655046569e-05,1.28913185531754,4.1005233197136,-2.81139146439607,4.42452743464991e-06,7.59821454952666e-05,1.0,0.0097584713570728,2.31389997788891,2.02960302707371,0.0,1.417962696362,True,True,False,True,False,True,0.700768274536506,0.990108945676066,0.28934067113956,0.576,0.75,1.00000008542292,0.907874859050169,1.5,59.5,0.6538461538461539,167.5,3.5,0.985207100591716,0.33136094674556216
cd4_12h_vs_24h,cd4_12h,cd4_24h,REACTOME_PHOSPHOLIPID_METABOLISM,Vanilla-only significant,170,DDHD1,26,3.59717677613814e-08,3.59717677613814e-08,7.44403821911369,7.44403821911369,0.0,0.0513887607461245,0.136726085875245,1.28913185531754,0.864148618783426,0.42498323653411,4.42452743464991e-06,4.42452743464991e-06,1.0,1.0,2.31389997788891,2.31389997788891,0.0,0.0,True,True,False,False,False,False,0.322754397327473,0.305889077096539,-0.016865320230934,0.302,0.354,1.00000000448328,0.930557497881047,39.0,146.0,0.14201183431952663,11.5,84.5,0.5059171597633136,0.363905325443787
cd4_12h_vs_24h,cd4_12h,cd4_24h,REACTOME_PHOSPHOLIPID_METABOLISM,Vanilla-only significant,170,DDHD2,27,3.59717677613814e-08,4.62765891657924e-09,7.44403821911369,8.33463865838632,-0.890600439272627,0.0513887607461245,0.0351222601892017,1.28913185531754,1.45441754412943,-0.165285688811893,4.42452743464991e-06,5.69202046739247e-07,1.0,1.0,2.31389997788891,2.49894648741163,0.0,0.0,True,True,False,False,False,False,0.0433953426241048,0.0361432313921682,-0.00725211123193659,0.054,0.06,1.00000006567825,0.921334340069371,99.5,73.5,0.5710059171597633,77.5,112.5,0.34023668639053256,-0.23076923076923078
cd4_12h_vs_24h,cd4_12h,cd4_24h,REACTOME_PHOSPHOLIPID_METABOLISM,Vanilla-only significant,170,DGAT1,28,3.59717677613814e-08,4.62765891657924e-09,7.44403821911369,8.33463865838632,-0.890600439272627,0.0513887607461245,0.0150822934297104,1.28913185531754,1.82153261416016,-0.532400758842622,4.42452743464991e-06,5.69202046739247e-07,1.0,1.0,2.31389997788891,2.49894648741163,0.0,0.0,True,True,False,False,False,False,0.0708659225619981,0.11633336380692,0.0454674412449215,0.082,0.176,0.999999998735447,0.927436818944981,99.5,73.5,0.5710059171597633,104.5,74.5,0.5650887573964497,-0.00591715976331364
cd4_12h_vs_24h,cd4_12h,cd4_24h,REACTOME_PHOSPHOLIPID_METABOLISM,Vanilla-only significant,170,DGAT2,29,3.59717677613814e-08,1.31042954439412e-08,7.44403821911369,7.8825863240523,-0.438548104938605,0.0513887607461245,0.0150822934297104,1.28913185531754,1.82153261416016,-0.532400758842622,4.42452743464991e-06,1.61182833960477e-06,1.0,1.0,2.31389997788891,2.40679895558663,0.0,0.0,True,True,False,False,False,False,0.0166852921101029,0.0121890451798999,-0.00449624693020303,0.024,0.022,1.00000000231825,0.916433725676584,75.0,102.0,0.40236686390532544,104.5,74.5,0.5650887573964497,0.16272189349112426
cd4_12h_vs_24h,cd4_12h,cd4_24h,REACTOME_PHOSPHOLIPID_METABOLISM,Vanilla-only significant,170,ETNK1,30,3.59717677613814e-08,1.32240927298422e-12,7.44403821911369,11.8786341140708,-4.4345958949571,0.0513887607461245,0.00059618767048381,1.28913185531754,3.22461700967912,-1.93548515436159,4.42452743464991e-06,1.62656340577059e-10,1.0,0.0733310834695086,2.31389997788891,3.12869445657952,0.0,1.06522856619588,True,True,False,False,False,False,0.163639324504749,0.158345738527821,-0.00529358597692833,0.18,0.21,0.999999982296699,0.911651963704766,170.0,1.0,1.0,157.5,13.5,0.9260355029585798,-0.07396449704142016
cd4_12h_vs_24h,cd4_12h,cd4_24h,REACTOME_PHOSPHOLIPID_METABOLISM,Vanilla-only significant,170,ETNK2,31,3.59717677613814e-08,3.59717677613814e-08,7.44403821911369,7.44403821911369,0.0,0.0513887607461245,0.0034223189265975,1.28913185531754,2.46567952091782,-1.17654766560029,4.42452743464991e-06,4.42452743464991e-06,1.0,0.420945227971492,2.31389997788891,2.31389997788891,0.0,0.613004412282997,True,True,False,False,False,False,0.00537326651884393,0.0111195414617504,0.00574627494290643,0.006,0.014,1.00000003624749,0.926969880050848,39.0,146.0,0.14201183431952663,145.0,26.0,0.8520710059171598,0.7100591715976332
cd4_12h_vs_24h,cd4_12h,cd4_24h,REACTOME_PHOSPHOLIPID_METABOLISM,Vanilla-only significant,170,FIG4,32,3.59717677613814e-08,4.62765891657924e-09,7.44403821911369,8.33463865838632,-0.890600439272627,0.0513887607461245,0.0731481276708723,1.28913185531754,1.13579678577401,0.153335069543525,4.42452743464991e-06,5.69202046739247e-07,1.0,1.0,2.31389997788891,2.49894648741163,0.0,0.0,True,True,False,False,False,False,0.0187581669630464,0.0461035541046078,0.0273453871415613,0.02,0.062,0.999999950531047,0.948351453459832,99.5,73.5,0.5710059171597633,29.5,134.5,0.21005917159763313,-0.36094674556213024
cd4_12h_vs_24h,cd4_12h,cd4_24h,REACTOME_PHOSPHOLIPID_METABOLISM,Vanilla-only significant,170,GDE1,33,3.59717677613814e-08,1.31042954439412e-08,7.44403821911369,7.8825863240523,-0.438548104938605,0.0513887607461245,0.0513887607461245,1.28913185531754,1.28913185531754,0.0,4.42452743464991e-06,1.61182833960477e-06,1.0,1.0,2.31389997788891,2.40679895558663,0.0,0.0,True,True,False,False,False,False,0.092251121070354,0.0952843595498817,0.00303323847952769,0.102,0.154,1.00000000382623,0.927383500609452,75.0,102.0,0.40236686390532544,52.5,157.5,0.07396449704142012,-0.32840236686390534
cd4_12h_vs_24h,cd4_12h,cd4_24h,REACTOME_PHOSPHOLIPID_METABOLISM,Vanilla-only significant,170,GDPD1,34,3.59717677613814e-08,3.59717677613814e-08,7.44403821911369,7.44403821911369,0.0,0.0513887607461245,0.0513887607461245,1.28913185531754,1.28913185531754,0.0,4.42452743464991e-06,4.42452743464991e-06,1.0,1.0,2.31389997788891,2.31389997788891,0.0,0.0,True,True,False,False,False,False,0.00405350576732686,0.00172947398888516,-0.0023240317784417,0.006,0.002,0.99999993038791,0.93482919003389,39.0,146.0,0.14201183431952663,52.5,157.5,0.07396449704142012,-0.06804733727810651
cd4_12h_vs_24h,cd4_12h,cd4_24h,REACTOME_PHOSPHOLIPID_METABOLISM,Vanilla-only significant,170,GDPD3,35,3.59717677613814e-08,3.59717677613814e-08,7.44403821911369,7.44403821911369,0.0,0.0513887607461245,0.0513887607461245,1.28913185531754,1.28913185531754,0.0,4.42452743464991e-06,4.42452743464991e-06,1.0,1.0,2.31389997788891,2.31389997788891,0.0,0.0,True,True,False,False,False,False,0.00260595951220119,0.00637159771295941,0.00376563820075823,0.002,0.008,0.999999988599861,0.924434966554605,39.0,146.0,0.14201183431952663,52.5,157.5,0.07396449704142012,-0.06804733727810651
cd4_12h_vs_24h,cd4_12h,cd4_24h,REACTOME_PHOSPHOLIPID_METABOLISM,Vanilla-only significant,170,GDPD5,36,3.59717677613814e-08,3.59717677613814e-08,7.44403821911369,7.44403821911369,0.0,0.0513887607461245,0.0513887607461245,1.28913185531754,1.28913185531754,0.0,4.42452743464991e-06,4.42452743464991e-06,1.0,1.0,2.31389997788891,2.31389997788891,0.0,0.0,True,True,False,False,False,False,0.0,0.00215954685394341,0.00215954685394341,0.0,0.002,0.999999986876877,0.928394175939121,39.0,146.0,0.14201183431952663,52.5,157.5,0.07396449704142012,-0.06804733727810651
cd4_12h_vs_24h,cd4_12h,cd4_24h,REACTOME_PHOSPHOLIPID_METABOLISM,Vanilla-only significant,170,GNPAT,37,3.59717677613814e-08,4.62765891657924e-09,7.44403821911369,8.33463865838632,-0.890600439272627,0.0513887607461245,0.00577645522630862,1.28913185531754,2.23833858855416,-0.949206733236626,4.42452743464991e-06,5.69202046739247e-07,1.0,0.71050399283596,2.31389997788891,2.49894648741163,0.0,0.385270654364906,True,True,False,False,False,False,0.153205708155522,0.202437533701789,0.0492318255462679,0.164,0.256,1.00000002671514,0.933275421515464,99.5,73.5,0.5710059171597633,133.5,37.5,0.7840236686390533,0.21301775147928992
cd4_12h_vs_24h,cd4_12h,cd4_24h,REACTOME_PHOSPHOLIPID_METABOLISM,Vanilla-only significant,170,GPAM,38,3.59717677613814e-08,3.59717677613814e-08,7.44403821911369,7.44403821911369,0.0,0.0513887607461245,0.0351222601892017,1.28913185531754,1.45441754412943,-0.165285688811893,4.42452743464991e-06,4.42452743464991e-06,1.0,1.0,2.31389997788891,2.31389997788891,0.0,0.0,True,True,False,False,False,False,0.0282706406615141,0.0290938761658906,0.000823235504376491,0.03,0.046,1.00000001015669,0.922817012718361,39.0,146.0,0.14201183431952663,77.5,112.5,0.34023668639053256,0.19822485207100593
cd4_12h_vs_24h,cd4_12h,cd4_24h,REACTOME_PHOSPHOLIPID_METABOLISM,Vanilla-only significant,170,GPAT2,39,3.59717677613814e-08,1.58410791482518e-09,7.44403821911369,8.80021523611983,-1.35617701700613,0.0513887607461245,0.0034223189265975,1.28913185531754,2.46567952091782,-1.17654766560029,4.42452743464991e-06,1.94845273523497e-07,1.0,0.420945227971492,2.31389997788891,2.59042662985857,0.0,0.613004412282997,True,True,False,False,False,False,0.0133517699408113,0.03735359680682,0.0240018268660087,0.018,0.056,0.999999967119168,0.936194306513875,125.0,46.0,0.7337278106508875,145.0,26.0,0.8520710059171598,0.11834319526627224
cd4_12h_vs_24h,cd4_12h,cd4_24h,REACTOME_PHOSPHOLIPID_METABOLISM,Vanilla-only significant,170,GPAT3,40,3.59717677613814e-08,1.31042954439412e-08,7.44403821911369,7.8825863240523,-0.438548104938605,0.0513887607461245,0.0731481276708723,1.28913185531754,1.13579678577401,0.153335069543525,4.42452743464991e-06,1.61182833960477e-06,1.0,1.0,2.31389997788891,2.40679895558663,0.0,0.0,True,True,False,False,False,False,0.00121409260335129,0.00418984719153555,0.00297575458818426,0.002,0.006,0.999999955162824,0.93499421129668,75.0,102.0,0.40236686390532544,29.5,134.5,0.21005917159763313,-0.19230769230769232
cd4_12h_vs_24h,cd4_12h,cd4_24h,REACTOME_PHOSPHOLIPID_METABOLISM,Vanilla-only significant,170,GPAT4,41,3.59717677613814e-08,1.31042954439412e-08,7.44403821911369,7.8825863240523,-0.438548104938605,0.0513887607461245,7.93371655046569e-05,1.28913185531754,4.1005233197136,-2.81139146439607,4.42452743464991e-06,1.61182833960477e-06,1.0,0.0097584713570728,2.31389997788891,2.40679895558663,0.0,1.417962696362,True,True,False,True,False,True,0.0765822824621897,0.089400316477972,0.0128180340157824,0.086,0.122,0.999999964034225,0.903715857212667,75.0,102.0,0.40236686390532544,167.5,3.5,0.985207100591716,0.5828402366863905
cd4_12h_vs_24h,cd4_12h,cd4_24h,REACTOME_PHOSPHOLIPID_METABOLISM,Vanilla-only significant,170,GPCPD1,42,3.59717677613814e-08,1.31042954439412e-08,7.44403821911369,7.8825863240523,-0.438548104938605,0.0513887607461245,0.0034223189265975,1.28913185531754,2.46567952091782,-1.17654766560029,4.42452743464991e-06,1.61182833960477e-06,1.0,0.420945227971492,2.31389997788891,2.40679895558663,0.0,0.613004412282997,True,True,False,False,False,False,0.089396368286335,0.0468378619096795,-0.0425585063766555,0.098,0.082,1.00000002324891,0.931105380295709,75.0,102.0,0.40236686390532544,145.0,26.0,0.8520710059171598,0.44970414201183434
cd4_12h_vs_24h,cd4_12h,cd4_24h,REACTOME_PHOSPHOLIPID_METABOLISM,Vanilla-only significant,170,GPD1L,43,3.59717677613814e-08,3.59717677613814e-08,7.44403821911369,7.44403821911369,0.0,0.0513887607461245,0.0150822934297104,1.28913185531754,1.82153261416016,-0.532400758842622,4.42452743464991e-06,4.42452743464991e-06,1.0,1.0,2.31389997788891,2.31389997788891,0.0,0.0,True,True,False,False,False,False,0.0078512988495639,0.00839402136474336,0.000542722515179466,0.012,0.012,0.999999981493915,0.934607718809326,39.0,146.0,0.14201183431952663,104.5,74.5,0.5650887573964497,0.4230769230769231
cd4_12h_vs_24h,cd4_12h,cd4_24h,REACTOME_PHOSPHOLIPID_METABOLISM,Vanilla-only significant,170,GPD2,44,3.59717677613814e-08,4.62765891657924e-09,7.44403821911369,8.33463865838632,-0.890600439272627,0.0513887607461245,0.00577645522630862,1.28913185531754,2.23833858855416,-0.949206733236626,4.42452743464991e-06,5.69202046739247e-07,1.0,0.71050399283596,2.31389997788891,2.49894648741163,0.0,0.385270654364906,True,True,False,False,False,False,0.0208024724097855,0.0291498198639143,0.00834734745412877,0.026,0.048,1.00000008189641,0.921338616928078,99.5,73.5,0.5710059171597633,133.5,37.5,0.7840236686390533,0.21301775147928992
cd4_12h_vs_24h,cd4_12h,cd4_24h,REACTOME_PHOSPHOLIPID_METABOLISM,Vanilla-only significant,170,HADHA,45,3.59717677613814e-08,1.58410791482518e-09,7.44403821911369,8.80021523611983,-1.35617701700613,0.0513887607461245,0.000313688994347936,1.28913185531754,3.503500718082,-2.21436886276447,4.42452743464991e-06,1.94845273523497e-07,1.0,0.0385837463047961,2.31389997788891,2.59042662985857,0.0,1.18894726823464,True,True,False,True,False,True,0.528530726540616,0.612060670588928,0.0835299440483124,0.49,0.606,1.00000001824075,0.892847330620979,125.0,46.0,0.7337278106508875,162.5,8.5,0.9556213017751479,0.22189349112426038
cd4_12h_vs_24h,cd4_12h,cd4_24h,REACTOME_PHOSPHOLIPID_METABOLISM,Vanilla-only significant,170,HADHB,46,3.59717677613814e-08,5.25612166428945e-10,7.44403821911369,9.27933459064804,-1.83529637153435,0.0513887607461245,0.179741341532766,1.28913185531754,0.745352021196044,0.543779834121491,4.42452743464991e-06,6.46502964707602e-08,1.0,1.0,2.31389997788891,2.68131114927169,0.0,0.0,True,True,False,False,False,False,0.23828079299829,0.268747221880076,0.030466428881786,0.246,0.342,1.00000001984763,0.899623559589801,145.5,25.5,0.8550295857988166,6.0,65.0,0.621301775147929,-0.23372781065088766
cd4_12h_vs_24h,cd4_12h,cd4_24h,REACTOME_PHOSPHOLIPID_METABOLISM,Vanilla-only significant,170,INPP4A,47,3.59717677613814e-08,1.31042954439412e-08,7.44403821911369,7.8825863240523,-0.438548104938605,0.0513887607461245,0.0150822934297104,1.28913185531754,1.82153261416016,-0.532400758842622,4.42452743464991e-06,1.61182833960477e-06,1.0,1.0,2.31389997788891,2.40679895558663,0.0,0.0,True,True,False,False,False,False,0.0816636302992132,0.0932506128026513,0.0115869825034381,0.076,0.11,0.999999924154814,0.93327024003351,75.0,102.0,0.40236686390532544,104.5,74.5,0.5650887573964497,0.16272189349112426
cd4_12h_vs_24h,cd4_12h,cd4_24h,REACTOME_PHOSPHOLIPID_METABOLISM,Vanilla-only significant,170,INPP4B,48,3.59717677613814e-08,4.66051712619044e-12,7.44403821911369,11.3315658917669,-3.88752767265326,0.0513887607461245,0.00577645522630862,1.28913185531754,2.23833858855416,-0.949206733236626,4.42452743464991e-06,5.73243606521424e-10,1.0,0.71050399283596,2.31389997788891,3.04000999674796,0.0,0.385270654364906,True,True,False,False,False,False,0.314180161738237,0.309495219978855,-0.004684941759382,0.3,0.358,0.999999990548789,0.927741178317407,168.5,2.5,0.9911242603550295,133.5,37.5,0.7840236686390533,-0.20710059171597628
cd4_12h_vs_24h,cd4_12h,cd4_24h,REACTOME_PHOSPHOLIPID_METABOLISM,Vanilla-only significant,170,INPP5D,49,3.59717677613814e-08,4.62765891657924e-09,7.44403821911369,8.33463865838632,-0.890600439272627,0.0513887607461245,0.00196887460329715,1.28913185531754,2.70578194299357,-1.41665008767604,4.42452743464991e-06,5.69202046739247e-07,1.0,0.242171576205549,2.31389997788891,2.49894648741163,0.0,0.784778205325666,True,True,False,False,False,False,0.0632375177686595,0.0714331569418122,0.00819563917315265,0.064,0.1,0.999999955439153,0.943721961323866,99.5,73.5,0.5710059171597633,151.5,19.5,0.8905325443786982,0.3195266272189349
cd4_12h_vs_24h,cd4_12h,cd4_24h,REACTOME_PHOSPHOLIPID_METABOLISM,Vanilla-only significant,170,INPP5E,50,3.59717677613814e-08,4.62765891657924e-09,7.44403821911369,8.33463865838632,-0.890600439272627,0.0513887607461245,0.00946978291842922,1.28913185531754,2.02365997647813,-0.734528121160595,4.42452743464991e-06,5.69202046739247e-07,1.0,1.0,2.31389997788891,2.49894648741163,0.0,0.0,True,True,False,False,False,False,0.0288789058750876,0.0206340900011032,-0.00824481587398447,0.032,0.04,1.00000004013787,0.907568256520906,99.5,73.5,0.5710059171597633,119.0,54.0,0.6863905325443787,0.11538461538461531
cd4_12h_vs_24h,cd4_12h,cd4_24h,REACTOME_PHOSPHOLIPID_METABOLISM,Vanilla-only significant,170,INPP5F,51,3.59717677613814e-08,2.46964030878651e-07,7.44403821911369,6.60736629503362,0.836671924080072,0.0513887607461245,0.0034223189265975,1.28913185531754,2.46567952091782,-1.17654766560029,4.42452743464991e-06,3.03765757980741e-05,1.0,0.420945227971492,2.31389997788891,2.12543199928726,0.0,0.613004412282997,True,True,False,False,False,False,0.169581774812009,0.125308631035204,-0.0442731437768051,0.186,0.174,1.00000005765216,0.926328832064506,4.5,88.5,0.4822485207100592,145.0,26.0,0.8520710059171598,0.3698224852071006
cd4_12h_vs_24h,cd4_12h,cd4_24h,REACTOME_PHOSPHOLIPID_METABOLISM,Vanilla-only significant,170,INPP5K,52,3.59717677613814e-08,2.46964030878651e-07,7.44403821911369,6.60736629503362,0.836671924080072,0.0513887607461245,0.00946978291842922,1.28913185531754,2.02365997647813,-0.734528121160595,4.42452743464991e-06,3.03765757980741e-05,1.0,1.0,2.31389997788891,2.12543199928726,0.0,0.0,True,True,False,False,False,False,0.0461839089070736,0.0619148846021184,0.0157309756950449,0.046,0.084,1.00000005336804,0.933731430406131,4.5,88.5,0.4822485207100592,119.0,54.0,0.6863905325443787,0.20414201183431946
cd4_12h_vs_24h,cd4_12h,cd4_24h,REACTOME_PHOSPHOLIPID_METABOLISM,Vanilla-only significant,170,INPPL1,53,3.59717677613814e-08,5.25612166428945e-10,7.44403821911369,9.27933459064804,-1.83529637153435,0.0513887607461245,0.0731481276708723,1.28913185531754,1.13579678577401,0.153335069543525,4.42452743464991e-06,6.46502964707602e-08,1.0,1.0,2.31389997788891,2.68131114927169,0.0,0.0,True,True,False,False,False,False,0.031278870635743,0.032044670600823,0.000765799965080048,0.034,0.056,0.999999966075556,0.923379513376691,145.5,25.5,0.8550295857988166,29.5,134.5,0.21005917159763313,-0.6449704142011835
cd4_12h_vs_24h,cd4_12h,cd4_24h,REACTOME_PHOSPHOLIPID_METABOLISM,Vanilla-only significant,170,LCLAT1,54,3.59717677613814e-08,4.62765891657924e-09,7.44403821911369,8.33463865838632,-0.890600439272627,0.0513887607461245,0.00577645522630862,1.28913185531754,2.23833858855416,-0.949206733236626,4.42452743464991e-06,5.69202046739247e-07,1.0,0.71050399283596,2.31389997788891,2.49894648741163,0.0,0.385270654364906,True,True,False,False,False,False,0.0691853491810137,0.0313973138434759,-0.0377880353375378,0.074,0.044,0.999999971867036,0.930629167821844,99.5,73.5,0.5710059171597633,133.5,37.5,0.7840236686390533,0.21301775147928992
cd4_12h_vs_24h,cd4_12h,cd4_24h,REACTOME_PHOSPHOLIPID_METABOLISM,Vanilla-only significant,170,LIPH,55,3.59717677613814e-08,3.59717677613814e-08,7.44403821911369,7.44403821911369,0.0,0.0513887607461245,0.0513887607461245,1.28913185531754,1.28913185531754,0.0,4.42452743464991e-06,4.42452743464991e-06,1.0,1.0,2.31389997788891,2.31389997788891,0.0,0.0,True,True,False,False,False,False,0.0,0.0,0.0,0.0,0.0,0.999999945943216,0.924350004095526,39.0,146.0,0.14201183431952663,52.5,157.5,0.07396449704142012,-0.06804733727810651
cd4_12h_vs_24h,cd4_12h,cd4_24h,REACTOME_PHOSPHOLIPID_METABOLISM,Vanilla-only significant,170,LPCAT1,56,3.59717677613814e-08,4.62765891657924e-09,7.44403821911369,8.33463865838632,-0.890600439272627,0.0513887607461245,0.00577645522630862,1.28913185531754,2.23833858855416,-0.949206733236626,4.42452743464991e-06,5.69202046739247e-07,1.0,0.71050399283596,2.31389997788891,2.49894648741163,0.0,0.385270654364906,True,True,False,False,False,False,0.0485580380929677,0.0429696735832244,-0.00558836450974326,0.056,0.068,0.999999967087559,0.942310598958946,99.5,73.5,0.5710059171597633,133.5,37.5,0.7840236686390533,0.21301775147928992
cd4_12h_vs_24h,cd4_12h,cd4_24h,REACTOME_PHOSPHOLIPID_METABOLISM,Vanilla-only significant,170,LPCAT2,57,3.59717677613814e-08,3.59717677613814e-08,7.44403821911369,7.44403821911369,0.0,0.0513887607461245,0.0731481276708723,1.28913185531754,1.13579678577401,0.153335069543525,4.42452743464991e-06,4.42452743464991e-06,1.0,1.0,2.31389997788891,2.31389997788891,0.0,0.0,True,True,False,False,False,False,0.0,0.00324783582588606,0.00324783582588606,0.0,0.004,1.00000000623098,0.942955668637271,39.0,146.0,0.14201183431952663,29.5,134.5,0.21005917159763313,0.0680473372781065
cd4_12h_vs_24h,cd4_12h,cd4_24h,REACTOME_PHOSPHOLIPID_METABOLISM,Vanilla-only significant,170,LPCAT3,58,3.59717677613814e-08,4.62765891657924e-09,7.44403821911369,8.33463865838632,-0.890600439272627,0.0513887607461245,0.101341801629482,1.28913185531754,0.994211379196843,0.294920476120692,4.42452743464991e-06,5.69202046739247e-07,1.0,1.0,2.31389997788891,2.49894648741163,0.0,0.0,True,True,False,False,False,False,0.0479189493360746,0.0847777191555583,0.0368587698194837,0.056,0.122,1.00000008191258,0.932435855417561,99.5,73.5,0.5710059171597633,17.0,98.0,0.4260355029585799,-0.14497041420118345
cd4_12h_vs_24h,cd4_12h,cd4_24h,REACTOME_PHOSPHOLIPID_METABOLISM,Vanilla-only significant,170,LPCAT4,59,3.59717677613814e-08,9.5725425402497e-08,7.44403821911369,7.01897269497718,0.425065524136514,0.0513887607461245,0.00946978291842922,1.28913185531754,2.02365997647813,-0.734528121160595,4.42452743464991e-06,1.17742273245071e-05,1.0,1.0,2.31389997788891,2.2201503515613,0.0,0.0,True,True,False,False,False,False,0.0221263396099334,0.0421743654836527,0.0200480258737192,0.024,0.06,1.00000000851698,0.921972447652849,10.5,117.5,0.3106508875739645,119.0,54.0,0.6863905325443787,0.3757396449704142
cd4_12h_vs_24h,cd4_12h,cd4_24h,REACTOME_PHOSPHOLIPID_METABOLISM,Vanilla-only significant,170,LPGAT1,60,3.59717677613814e-08,1.31042954439412e-08,7.44403821911369,7.8825863240523,-0.438548104938605,0.0513887607461245,0.101341801629482,1.28913185531754,0.994211379196843,0.294920476120692,4.42452743464991e-06,1.61182833960477e-06,1.0,1.0,2.31389997788891,2.40679895558663,0.0,0.0,True,True,False,False,False,False,0.0538211159485466,0.0707356555025859,0.0169145395540393,0.058,0.108,1.00000002167645,0.940250955870487,75.0,102.0,0.40236686390532544,17.0,98.0,0.4260355029585799,0.023668639053254448
cd4_12h_vs_24h,cd4_12h,cd4_24h,REACTOME_PHOSPHOLIPID_METABOLISM,Vanilla-only significant,170,LPIN1,61,3.59717677613814e-08,1.58410791482518e-09,7.44403821911369,8.80021523611983,-1.35617701700613,0.0513887607461245,0.0233436169134307,1.28913185531754,1.63183185249604,-0.342699997178508,4.42452743464991e-06,1.94845273523497e-07,1.0,1.0,2.31389997788891,2.59042662985857,0.0,0.0,True,True,False,False,False,False,0.227465315010617,0.197984994961462,-0.0294803200491551,0.226,0.24,0.999999988784039,0.942619075240862,125.0,46.0,0.7337278106508875,93.5,91.5,0.46449704142011833,-0.2692307692307692
cd4_12h_vs_24h,cd4_12h,cd4_24h,REACTOME_PHOSPHOLIPID_METABOLISM,Vanilla-only significant,170,LPIN2,62,3.59717677613814e-08,5.25612166428945e-10,7.44403821911369,9.27933459064804,-1.83529637153435,0.0513887607461245,0.00577645522630862,1.28913185531754,2.23833858855416,-0.949206733236626,4.42452743464991e-06,6.46502964707602e-08,1.0,0.71050399283596,2.31389997788891,2.68131114927169,0.0,0.385270654364906,True,True,False,False,False,False,0.634163585687779,0.608380496462661,-0.025783089225118,0.534,0.564,0.999999996396895,0.901901726084444,145.5,25.5,0.8550295857988166,133.5,37.5,0.7840236686390533,-0.07100591715976334
cd4_12h_vs_24h,cd4_12h,cd4_24h,REACTOME_PHOSPHOLIPID_METABOLISM,Vanilla-only significant,170,LPIN3,63,3.59717677613814e-08,3.59717677613814e-08,7.44403821911369,7.44403821911369,0.0,0.0513887607461245,0.0513887607461245,1.28913185531754,1.28913185531754,0.0,4.42452743464991e-06,4.42452743464991e-06,1.0,1.0,2.31389997788891,2.31389997788891,0.0,0.0,True,True,False,False,False,False,0.0,0.00102955320910944,0.00102955320910944,0.0,0.002,0.999999988762773,0.937011066994119,39.0,146.0,0.14201183431952663,52.5,157.5,0.07396449704142012,-0.06804733727810651
cd4_12h_vs_24h,cd4_12h,cd4_24h,REACTOME_PHOSPHOLIPID_METABOLISM,Vanilla-only significant,170,MBOAT1,64,3.59717677613814e-08,3.59717677613814e-08,7.44403821911369,7.44403821911369,0.0,0.0513887607461245,0.0513887607461245,1.28913185531754,1.28913185531754,0.0,4.42452743464991e-06,4.42452743464991e-06,1.0,1.0,2.31389997788891,2.31389997788891,0.0,0.0,True,True,False,False,False,False,0.0,0.0011327909498416,0.0011327909498416,0.0,0.002,0.99999994516441,0.912937044103876,39.0,146.0,0.14201183431952663,52.5,157.5,0.07396449704142012,-0.06804733727810651
cd4_12h_vs_24h,cd4_12h,cd4_24h,REACTOME_PHOSPHOLIPID_METABOLISM,Vanilla-only significant,170,MBOAT2,65,3.59717677613814e-08,3.59717677613814e-08,7.44403821911369,7.44403821911369,0.0,0.0513887607461245,0.00577645522630862,1.28913185531754,2.23833858855416,-0.949206733236626,4.42452743464991e-06,4.42452743464991e-06,1.0,0.71050399283596,2.31389997788891,2.31389997788891,0.0,0.385270654364906,True,True,False,False,False,False,0.0,0.00426604681691536,0.00426604681691536,0.0,0.008,1.00000000851698,0.921972447652849,39.0,146.0,0.14201183431952663,133.5,37.5,0.7840236686390533,0.6420118343195267
cd4_12h_vs_24h,cd4_12h,cd4_24h,REACTOME_PHOSPHOLIPID_METABOLISM,Vanilla-only significant,170,MFSD2A,66,3.59717677613814e-08,1.58410791482518e-09,7.44403821911369,8.80021523611983,-1.35617701700613,0.0513887607461245,0.0731481276708723,1.28913185531754,1.13579678577401,0.153335069543525,4.42452743464991e-06,1.94845273523497e-07,1.0,1.0,2.31389997788891,2.59042662985857,0.0,0.0,True,True,False,False,False,False,0.0412624548544885,0.0220502150287132,-0.0192122398257753,0.05,0.04,1.00000000847965,0.912019329256227,125.0,46.0,0.7337278106508875,29.5,134.5,0.21005917159763313,-0.5236686390532544
cd4_12h_vs_24h,cd4_12h,cd4_24h,REACTOME_PHOSPHOLIPID_METABOLISM,Vanilla-only significant,170,MGLL,67,3.59717677613814e-08,3.59717677613814e-08,7.44403821911369,7.44403821911369,0.0,0.0513887607461245,0.0513887607461245,1.28913185531754,1.28913185531754,0.0,4.42452743464991e-06,4.42452743464991e-06,1.0,1.0,2.31389997788891,2.31389997788891,0.0,0.0,True,True,False,False,False,False,0.0,0.0,0.0,0.0,0.0,1.00000006842175,0.906322532010056,39.0,146.0,0.14201183431952663,52.5,157.5,0.07396449704142012,-0.06804733727810651
cd4_12h_vs_24h,cd4_12h,cd4_24h,REACTOME_PHOSPHOLIPID_METABOLISM,Vanilla-only significant,170,MIGA1,68,3.59717677613814e-08,1.58410791482518e-09,7.44403821911369,8.80021523611983,-1.35617701700613,0.0513887607461245,0.00196887460329715,1.28913185531754,2.70578194299357,-1.41665008767604,4.42452743464991e-06,1.94845273523497e-07,1.0,0.242171576205549,2.31389997788891,2.59042662985857,0.0,0.784778205325666,True,True,False,False,False,False,0.0709550006958751,0.054820837896854,-0.0161341627990211,0.074,0.072,0.999999914932164,0.907453893902299,125.0,46.0,0.7337278106508875,151.5,19.5,0.8905325443786982,0.15680473372781067
cd4_12h_vs_24h,cd4_12h,cd4_24h,REACTOME_PHOSPHOLIPID_METABOLISM,Vanilla-only significant,170,MIGA2,69,3.59717677613814e-08,1.31042954439412e-08,7.44403821911369,7.8825863240523,-0.438548104938605,0.0513887607461245,0.179741341532766,1.28913185531754,0.745352021196044,0.543779834121491,4.42452743464991e-06,1.61182833960477e-06,1.0,1.0,2.31389997788891,2.40679895558663,0.0,0.0,True,True,False,False,False,False,0.0700287530009112,0.0523936066214016,-0.0176351463795096,0.076,0.076,0.99999992009869,0.906458953273746,75.0,102.0,0.40236686390532544,6.0,65.0,0.621301775147929,0.2189349112426035
cd4_12h_vs_24h,cd4_12h,cd4_24h,REACTOME_PHOSPHOLIPID_METABOLISM,Vanilla-only significant,170,MTM1,70,3.59717677613814e-08,1.31042954439412e-08,7.44403821911369,7.8825863240523,-0.438548104938605,0.0513887607461245,0.0233436169134307,1.28913185531754,1.63183185249604,-0.342699997178508,4.42452743464991e-06,1.61182833960477e-06,1.0,1.0,2.31389997788891,2.40679895558663,0.0,0.0,True,True,False,False,False,False,0.0356700577156219,0.0310079325361257,-0.0046621251794962,0.034,0.048,0.999999998477739,0.922399683811778,75.0,102.0,0.40236686390532544,93.5,91.5,0.46449704142011833,0.062130177514792884
cd4_12h_vs_24h,cd4_12h,cd4_24h,REACTOME_PHOSPHOLIPID_METABOLISM,Vanilla-only significant,170,MTMR1,71,3.59717677613814e-08,5.25612166428945e-10,7.44403821911369,9.27933459064804,-1.83529637153435,0.0513887607461245,0.00577645522630862,1.28913185531754,2.23833858855416,-0.949206733236626,4.42452743464991e-06,6.46502964707602e-08,1.0,0.71050399283596,2.31389997788891,2.68131114927169,0.0,0.385270654364906,True,True,False,False,False,False,0.0513524196324119,0.0488494679418681,-0.00250295169054377,0.064,0.084,1.0000000161919,0.914278200124971,145.5,25.5,0.8550295857988166,133.5,37.5,0.7840236686390533,-0.07100591715976334
cd4_12h_vs_24h,cd4_12h,cd4_24h,REACTOME_PHOSPHOLIPID_METABOLISM,Vanilla-only significant,170,MTMR10,72,3.59717677613814e-08,3.59717677613814e-08,7.44403821911369,7.44403821911369,0.0,0.0513887607461245,0.0351222601892017,1.28913185531754,1.45441754412943,-0.165285688811893,4.42452743464991e-06,4.42452743464991e-06,1.0,1.0,2.31389997788891,2.31389997788891,0.0,0.0,True,True,False,False,False,False,0.0223792099791381,0.0199185643790806,-0.00246064560005752,0.03,0.034,0.999999972142941,0.928367810073293,39.0,146.0,0.14201183431952663,77.5,112.5,0.34023668639053256,0.19822485207100593
cd4_12h_vs_24h,cd4_12h,cd4_24h,REACTOME_PHOSPHOLIPID_METABOLISM,Vanilla-only significant,170,MTMR12,73,3.59717677613814e-08,3.59717677613814e-08,7.44403821911369,7.44403821911369,0.0,0.0513887607461245,0.0351222601892017,1.28913185531754,1.45441754412943,-0.165285688811893,4.42452743464991e-06,4.42452743464991e-06,1.0,1.0,2.31389997788891,2.31389997788891,0.0,0.0,True,True,False,False,False,False,0.0232002758128591,0.031815833119262,0.00861555730640282,0.03,0.05,0.99999992600654,0.939278114130661,39.0,146.0,0.14201183431952663,77.5,112.5,0.34023668639053256,0.19822485207100593
cd4_12h_vs_24h,cd4_12h,cd4_24h,REACTOME_PHOSPHOLIPID_METABOLISM,Vanilla-only significant,170,MTMR14,74,3.59717677613814e-08,2.46964030878651e-07,7.44403821911369,6.60736629503362,0.836671924080072,0.0513887607461245,0.179741341532766,1.28913185531754,0.745352021196044,0.543779834121491,4.42452743464991e-06,3.03765757980741e-05,1.0,1.0,2.31389997788891,2.12543199928726,0.0,0.0,True,True,False,False,False,False,0.175834541472767,0.173402181801875,-0.00243235967089264,0.196,0.24,0.999999943032698,0.930296714014577,4.5,88.5,0.4822485207100592,6.0,65.0,0.621301775147929,0.13905325443786976
cd4_12h_vs_24h,cd4_12h,cd4_24h,REACTOME_PHOSPHOLIPID_METABOLISM,Vanilla-only significant,170,MTMR2,75,3.59717677613814e-08,1.69038678268048e-10,7.44403821911369,9.77201391173862,-2.32797569262493,0.0513887607461245,0.0351222601892017,1.28913185531754,1.45441754412943,-0.165285688811893,4.42452743464991e-06,2.07917574269699e-08,1.0,1.0,2.31389997788891,2.77166173987722,0.0,0.0,True,True,False,False,False,False,0.0687292750176645,0.106171959432125,0.0374426844144608,0.094,0.17,1.00000004759392,0.929654581921202,156.5,14.5,0.9201183431952663,77.5,112.5,0.34023668639053256,-0.5798816568047338
cd4_12h_vs_24h,cd4_12h,cd4_24h,REACTOME_PHOSPHOLIPID_METABOLISM,Vanilla-only significant,170,MTMR3,76,3.59717677613814e-08,4.62765891657924e-09,7.44403821911369,8.33463865838632,-0.890600439272627,0.0513887607461245,0.0351222601892017,1.28913185531754,1.45441754412943,-0.165285688811893,4.42452743464991e-06,5.69202046739247e-07,1.0,1.0,2.31389997788891,2.49894648741163,0.0,0.0,True,True,False,False,False,False,0.0370776290167672,0.0211093968518986,-0.0159682321648685,0.036,0.026,0.99999999099562,0.92774128110269,99.5,73.5,0.5710059171597633,77.5,112.5,0.34023668639053256,-0.23076923076923078
cd4_12h_vs_24h,cd4_12h,cd4_24h,REACTOME_PHOSPHOLIPID_METABOLISM,Vanilla-only significant,170,MTMR4,77,3.59717677613814e-08,1.58410791482518e-09,7.44403821911369,8.80021523611983,-1.35617701700613,0.0513887607461245,0.0150822934297104,1.28913185531754,1.82153261416016,-0.532400758842622,4.42452743464991e-06,1.94845273523497e-07,1.0,1.0,2.31389997788891,2.59042662985857,0.0,0.0,True,True,False,False,False,False,0.163264255573044,0.143272011898286,-0.0199922436747584,0.174,0.178,1.00000001034397,0.926051157487949,125.0,46.0,0.7337278106508875,104.5,74.5,0.5650887573964497,-0.16863905325443784
cd4_12h_vs_24h,cd4_12h,cd4_24h,REACTOME_PHOSPHOLIPID_METABOLISM,Vanilla-only significant,170,MTMR6,78,3.59717677613814e-08,4.62765891657924e-09,7.44403821911369,8.33463865838632,-0.890600439272627,0.0513887607461245,0.0731481276708723,1.28913185531754,1.13579678577401,0.153335069543525,4.42452743464991e-06,5.69202046739247e-07,1.0,1.0,2.31389997788891,2.49894648741163,0.0,0.0,True,True,False,False,False,False,0.0949187509232755,0.0864205572266521,-0.00849819369662343,0.106,0.128,0.999999961299082,0.929908795270003,99.5,73.5,0.5710059171597633,29.5,134.5,0.21005917159763313,-0.36094674556213024
cd4_12h_vs_24h,cd4_12h,cd4_24h,REACTOME_PHOSPHOLIPID_METABOLISM,Vanilla-only significant,170,MTMR7,79,3.59717677613814e-08,3.59717677613814e-08,7.44403821911369,7.44403821911369,0.0,0.0513887607461245,0.0513887607461245,1.28913185531754,1.28913185531754,0.0,4.42452743464991e-06,4.42452743464991e-06,1.0,1.0,2.31389997788891,2.31389997788891,0.0,0.0,True,True,False,False,False,False,0.00189231705186587,0.0,-0.00189231705186587,0.002,0.0,1.00000001256469,0.925077523690432,39.0,146.0,0.14201183431952663,52.5,157.5,0.07396449704142012,-0.06804733727810651
cd4_12h_vs_24h,cd4_12h,cd4_24h,REACTOME_PHOSPHOLIPID_METABOLISM,Vanilla-only significant,170,MTMR8,80,3.59717677613814e-08,3.59717677613814e-08,7.44403821911369,7.44403821911369,0.0,0.0513887607461245,0.0731481276708723,1.28913185531754,1.13579678577401,0.153335069543525,4.42452743464991e-06,4.42452743464991e-06,1.0,1.0,2.31389997788891,2.31389997788891,0.0,0.0,True,True,False,False,False,False,0.00376979389877318,0.00316050907776445,-0.000609284821008734,0.004,0.006,1.00000000035998,0.920108406360614,39.0,146.0,0.14201183431952663,29.5,134.5,0.21005917159763313,0.0680473372781065
cd4_12h_vs_24h,cd4_12h,cd4_24h,REACTOME_PHOSPHOLIPID_METABOLISM,Vanilla-only significant,170,MTMR9,81,3.59717677613814e-08,5.25612166428945e-10,7.44403821911369,9.27933459064804,-1.83529637153435,0.0513887607461245,0.0351222601892017,1.28913185531754,1.45441754412943,-0.165285688811893,4.42452743464991e-06,6.46502964707602e-08,1.0,1.0,2.31389997788891,2.68131114927169,0.0,0.0,True,True,False,False,False,False,0.128975492332288,0.0815235491505617,-0.047451943181726,0.132,0.104,1.00000000035998,0.920108406360614,145.5,25.5,0.8550295857988166,77.5,112.5,0.34023668639053256,-0.514792899408284
cd4_12h_vs_24h,cd4_12h,cd4_24h,REACTOME_PHOSPHOLIPID_METABOLISM,Vanilla-only significant,170,OCRL,82,3.59717677613814e-08,3.59717677613814e-08,7.44403821911369,7.44403821911369,0.0,0.0513887607461245,0.0351222601892017,1.28913185531754,1.45441754412943,-0.165285688811893,4.42452743464991e-06,4.42452743464991e-06,1.0,1.0,2.31389997788891,2.31389997788891,0.0,0.0,True,True,False,False,False,False,0.00280865092131977,0.0023329851506131,-0.000475665770706671,0.004,0.004,1.00000005765216,0.926328832064506,39.0,146.0,0.14201183431952663,77.5,112.5,0.34023668639053256,0.19822485207100593
cd4_12h_vs_24h,cd4_12h,cd4_24h,REACTOME_PHOSPHOLIPID_METABOLISM,Vanilla-only significant,170,OSBPL10,83,3.59717677613814e-08,3.59717677613814e-08,7.44403821911369,7.44403821911369,0.0,0.0513887607461245,0.351986208769717,1.28913185531754,0.453474352352965,0.83565750296457,4.42452743464991e-06,4.42452743464991e-06,1.0,1.0,2.31389997788891,2.31389997788891,0.0,0.0,True,True,False,False,False,False,0.0125186813460972,0.00757177616471349,-0.00494690518138373,0.012,0.008,1.00000003385024,0.910386094590844,39.0,146.0,0.14201183431952663,1.0,45.0,0.7396449704142012,0.5976331360946745
cd4_12h_vs_24h,cd4_12h,cd4_24h,REACTOME_PHOSPHOLIPID_METABOLISM,Vanilla-only significant,170,OSBPL5,84,3.59717677613814e-08,3.59717677613814e-08,7.44403821911369,7.44403821911369,0.0,0.0513887607461245,0.0731481276708723,1.28913185531754,1.13579678577401,0.153335069543525,4.42452743464991e-06,4.42452743464991e-06,1.0,1.0,2.31389997788891,2.31389997788891,0.0,0.0,True,True,False,False,False,False,0.00240166397724476,0.00184183327042301,-0.000559830706821746,0.002,0.004,1.00000008162107,0.914365626207012,39.0,146.0,0.14201183431952663,29.5,134.5,0.21005917159763313,0.0680473372781065
cd4_12h_vs_24h,cd4_12h,cd4_24h,REACTOME_PHOSPHOLIPID_METABOLISM,Vanilla-only significant,170,OSBPL8,85,3.59717677613814e-08,1.58410791482518e-09,7.44403821911369,8.80021523611983,-1.35617701700613,0.0513887607461245,0.00059618767048381,1.28913185531754,3.22461700967912,-1.93548515436159,4.42452743464991e-06,1.94845273523497e-07,1.0,0.0733310834695086,2.31389997788891,2.59042662985857,0.0,1.06522856619588,True,True,False,False,False,False,0.406790952454631,0.281997827030638,-0.124793125423993,0.402,0.342,0.999999985036621,0.928024560041308,125.0,46.0,0.7337278106508875,157.5,13.5,0.9260355029585798,0.1923076923076923
cd4_12h_vs_24h,cd4_12h,cd4_24h,REACTOME_PHOSPHOLIPID_METABOLISM,Vanilla-only significant,170,PCTP,86,3.59717677613814e-08,1.31042954439412e-08,7.44403821911369,7.8825863240523,-0.438548104938605,0.0513887607461245,0.0351222601892017,1.28913185531754,1.45441754412943,-0.165285688811893,4.42452743464991e-06,1.61182833960477e-06,1.0,1.0,2.31389997788891,2.40679895558663,0.0,0.0,True,True,False,False,False,False,0.00506150126663597,0.0189932689224519,0.0139317676558159,0.006,0.032,1.00000007355447,0.930909175920992,75.0,102.0,0.40236686390532544,77.5,112.5,0.34023668639053256,-0.062130177514792884
cd4_12h_vs_24h,cd4_12h,cd4_24h,REACTOME_PHOSPHOLIPID_METABOLISM,Vanilla-only significant,170,PCYT1A,87,3.59717677613814e-08,5.25612166428945e-10,7.44403821911369,9.27933459064804,-1.83529637153435,0.0513887607461245,0.00059618767048381,1.28913185531754,3.22461700967912,-1.93548515436159,4.42452743464991e-06,6.46502964707602e-08,1.0,0.0733310834695086,2.31389997788891,2.68131114927169,0.0,1.06522856619588,True,True,False,False,False,False,0.0984744894595131,0.141236991463495,0.042762502003982,0.106,0.2,0.999999902691425,0.934356339918917,145.5,25.5,0.8550295857988166,157.5,13.5,0.9260355029585798,0.07100591715976323
cd4_12h_vs_24h,cd4_12h,cd4_24h,REACTOME_PHOSPHOLIPID_METABOLISM,Vanilla-only significant,170,PCYT2,88,3.59717677613814e-08,3.59717677613814e-08,7.44403821911369,7.44403821911369,0.0,0.0513887607461245,0.0351222601892017,1.28913185531754,1.45441754412943,-0.165285688811893,4.42452743464991e-06,4.42452743464991e-06,1.0,1.0,2.31389997788891,2.31389997788891,0.0,0.0,True,True,False,False,False,False,0.070067621596876,0.134975231312808,0.0649076097159321,0.082,0.192,1.00000002837183,0.928659572842743,39.0,146.0,0.14201183431952663,77.5,112.5,0.34023668639053256,0.19822485207100593
cd4_12h_vs_24h,cd4_12h,cd4_24h,REACTOME_PHOSPHOLIPID_METABOLISM,Vanilla-only significant,170,PEMT,89,3.59717677613814e-08,1.58410791482518e-09,7.44403821911369,8.80021523611983,-1.35617701700613,0.0513887607461245,0.0731481276708723,1.28913185531754,1.13579678577401,0.153335069543525,4.42452743464991e-06,1.94845273523497e-07,1.0,1.0,2.31389997788891,2.59042662985857,0.0,0.0,True,True,False,False,False,False,0.0789599061293595,0.101950377770973,0.022990471641613,0.094,0.158,0.999999974270848,0.904226617871829,125.0,46.0,0.7337278106508875,29.5,134.5,0.21005917159763313,-0.5236686390532544
cd4_12h_vs_24h,cd4_12h,cd4_24h,REACTOME_PHOSPHOLIPID_METABOLISM,Vanilla-only significant,170,PGS1,90,3.59717677613814e-08,1.58410791482518e-09,7.44403821911369,8.80021523611983,-1.35617701700613,0.0513887607461245,0.288162930520753,1.28913185531754,0.540361887872263,0.748769967445272,4.42452743464991e-06,1.94845273523497e-07,1.0,1.0,2.31389997788891,2.59042662985857,0.0,0.0,True,True,False,False,False,False,0.0847240028807534,0.115996385411979,0.0312723825312255,0.096,0.15,1.00000003420838,0.935877688208239,125.0,46.0,0.7337278106508875,2.0,46.0,0.7337278106508875,0.0
cd4_12h_vs_24h,cd4_12h,cd4_24h,REACTOME_PHOSPHOLIPID_METABOLISM,Vanilla-only significant,170,PHOSPHO1,91,3.59717677613814e-08,3.59717677613814e-08,7.44403821911369,7.44403821911369,0.0,0.0513887607461245,0.0731481276708723,1.28913185531754,1.13579678577401,0.153335069543525,4.42452743464991e-06,4.42452743464991e-06,1.0,1.0,2.31389997788891,2.31389997788891,0.0,0.0,True,True,False,False,False,False,0.0,0.00162088882419374,0.00162088882419374,0.0,0.002,0.999999992335262,0.914956414071615,39.0,146.0,0.14201183431952663,29.5,134.5,0.21005917159763313,0.0680473372781065
cd4_12h_vs_24h,cd4_12h,cd4_24h,REACTOME_PHOSPHOLIPID_METABOLISM,Vanilla-only significant,170,PI4K2A,92,3.59717677613814e-08,1.69038678268048e-10,7.44403821911369,9.77201391173862,-2.32797569262493,0.0513887607461245,0.0150822934297104,1.28913185531754,1.82153261416016,-0.532400758842622,4.42452743464991e-06,2.07917574269699e-08,1.0,1.0,2.31389997788891,2.77166173987722,0.0,0.0,True,True,False,False,False,False,0.0363380781404266,0.0149332419890349,-0.0214048361513917,0.046,0.024,0.999999939671723,0.910422142093175,156.5,14.5,0.9201183431952663,104.5,74.5,0.5650887573964497,-0.3550295857988166
cd4_12h_vs_24h,cd4_12h,cd4_24h,REACTOME_PHOSPHOLIPID_METABOLISM,Vanilla-only significant,170,PI4K2B,93,3.59717677613814e-08,1.58410791482518e-09,7.44403821911369,8.80021523611983,-1.35617701700613,0.0513887607461245,0.0731481276708723,1.28913185531754,1.13579678577401,0.153335069543525,4.42452743464991e-06,1.94845273523497e-07,1.0,1.0,2.31389997788891,2.59042662985857,0.0,0.0,True,True,False,False,False,False,0.0442622434852899,0.0763786059174087,0.0321163624321188,0.046,0.116,1.00000003391434,0.93059917894453,125.0,46.0,0.7337278106508875,29.5,134.5,0.21005917159763313,-0.5236686390532544
cd4_12h_vs_24h,cd4_12h,cd4_24h,REACTOME_PHOSPHOLIPID_METABOLISM,Vanilla-only significant,170,PI4KA,94,3.59717677613814e-08,4.62765891657924e-09,7.44403821911369,8.33463865838632,-0.890600439272627,0.0513887607461245,0.00946978291842922,1.28913185531754,2.02365997647813,-0.734528121160595,4.42452743464991e-06,5.69202046739247e-07,1.0,1.0,2.31389997788891,2.49894648741163,0.0,0.0,True,True,False,False,False,False,0.0310143447438922,0.0542426221504071,0.0232282774065149,0.038,0.082,1.00000002195606,0.938084866192046,99.5,73.5,0.5710059171597633,119.0,54.0,0.6863905325443787,0.11538461538461531
cd4_12h_vs_24h,cd4_12h,cd4_24h,REACTOME_PHOSPHOLIPID_METABOLISM,Vanilla-only significant,170,PI4KB,95,3.59717677613814e-08,5.25612166428945e-10,7.44403821911369,9.27933459064804,-1.83529637153435,0.0513887607461245,0.0010996776918826,1.28913185531754,2.95873458497628,-1.66960272965875,4.42452743464991e-06,6.46502964707602e-08,1.0,0.13526035610156,2.31389997788891,2.68131114927169,0.0,0.932110226066041,True,True,False,False,False,False,0.058527750823122,0.091004273330092,0.0324765225069699,0.076,0.13,0.99999993183085,0.935277179960679,145.5,25.5,0.8550295857988166,154.0,17.0,0.9053254437869822,0.050295857988165604
cd4_12h_vs_24h,cd4_12h,cd4_24h,REACTOME_PHOSPHOLIPID_METABOLISM,Vanilla-only significant,170,PIK3C2A,96,3.59717677613814e-08,4.62765891657924e-09,7.44403821911369,8.33463865838632,-0.890600439272627,0.0513887607461245,0.00577645522630862,1.28913185531754,2.23833858855416,-0.949206733236626,4.42452743464991e-06,5.69202046739247e-07,1.0,0.71050399283596,2.31389997788891,2.49894648741163,0.0,0.385270654364906,True,True,False,False,False,False,0.0809085215584916,0.0492230107018884,-0.0316855108566032,0.088,0.078,1.0000000810904,0.930875172241493,99.5,73.5,0.5710059171597633,133.5,37.5,0.7840236686390533,0.21301775147928992
cd4_12h_vs_24h,cd4_12h,cd4_24h,REACTOME_PHOSPHOLIPID_METABOLISM,Vanilla-only significant,170,PIK3C2B,97,3.59717677613814e-08,3.59717677613814e-08,7.44403821911369,7.44403821911369,0.0,0.0513887607461245,0.0233436169134307,1.28913185531754,1.63183185249604,-0.342699997178508,4.42452743464991e-06,4.42452743464991e-06,1.0,1.0,2.31389997788891,2.31389997788891,0.0,0.0,True,True,False,False,False,False,0.0118589267911781,0.0164216059086528,0.00456267911747475,0.014,0.02,1.00000004623839,0.930771829712851,39.0,146.0,0.14201183431952663,93.5,91.5,0.46449704142011833,0.3224852071005917
cd4_12h_vs_24h,cd4_12h,cd4_24h,REACTOME_PHOSPHOLIPID_METABOLISM,Vanilla-only significant,170,PIK3C3,98,3.59717677613814e-08,1.31042954439412e-08,7.44403821911369,7.8825863240523,-0.438548104938605,0.0513887607461245,0.00946978291842922,1.28913185531754,2.02365997647813,-0.734528121160595,4.42452743464991e-06,1.61182833960477e-06,1.0,1.0,2.31389997788891,2.40679895558663,0.0,0.0,True,True,False,False,False,False,0.131615860076858,0.123095934039084,-0.00851992603777371,0.134,0.17,1.00000005340494,0.923946170595468,75.0,102.0,0.40236686390532544,119.0,54.0,0.6863905325443787,0.2840236686390532
cd4_12h_vs_24h,cd4_12h,cd4_24h,REACTOME_PHOSPHOLIPID_METABOLISM,Vanilla-only significant,170,PIK3CA,99,3.59717677613814e-08,3.59717677613814e-08,7.44403821911369,7.44403821911369,0.0,0.0513887607461245,0.000313688994347936,1.28913185531754,3.503500718082,-2.21436886276447,4.42452743464991e-06,4.42452743464991e-06,1.0,0.0385837463047961,2.31389997788891,2.31389997788891,0.0,1.18894726823464,True,True,False,True,False,True,0.157485901210541,0.0441028983085488,-0.113383002901993,0.17,0.068,1.00000002982048,0.925961209572789,39.0,146.0,0.14201183431952663,162.5,8.5,0.9556213017751479,0.8136094674556213
cd4_12h_vs_24h,cd4_12h,cd4_24h,REACTOME_PHOSPHOLIPID_METABOLISM,Vanilla-only significant,170,PIK3CB,100,3.59717677613814e-08,1.59178638580836e-11,7.44403821911369,10.7981152140414,-3.35407699492767,0.0513887607461245,0.0513887607461245,1.28913185531754,1.28913185531754,0.0,4.42452743464991e-06,1.95789725454428e-09,1.0,1.0,2.31389997788891,2.95096765529579,0.0,0.0,True,True,False,False,False,False,0.0505812725836435,0.0426915947483574,-0.00788967783528611,0.052,0.066,1.00000002944237,0.928471036115161,165.5,5.5,0.9733727810650887,52.5,157.5,0.07396449704142012,-0.8994082840236686
cd4_12h_vs_24h,cd4_12h,cd4_24h,REACTOME_PHOSPHOLIPID_METABOLISM,Vanilla-only significant,170,PIK3CD,101,3.59717677613814e-08,4.62765891657924e-09,7.44403821911369,8.33463865838632,-0.890600439272627,0.0513887607461245,0.0351222601892017,1.28913185531754,1.45441754412943,-0.165285688811893,4.42452743464991e-06,5.69202046739247e-07,1.0,1.0,2.31389997788891,2.49894648741163,0.0,0.0,True,True,False,False,False,False,0.123510792355481,0.12257671016231,-0.00093408219317008,0.12,0.148,0.999999967929896,0.907766435802848,99.5,73.5,0.5710059171597633,77.5,112.5,0.34023668639053256,-0.23076923076923078
cd4_12h_vs_24h,cd4_12h,cd4_24h,REACTOME_PHOSPHOLIPID_METABOLISM,Vanilla-only significant,170,PIK3CG,102,3.59717677613814e-08,1.69038678268048e-10,7.44403821911369,9.77201391173862,-2.32797569262493,0.0513887607461245,0.0351222601892017,1.28913185531754,1.45441754412943,-0.165285688811893,4.42452743464991e-06,2.07917574269699e-08,1.0,1.0,2.31389997788891,2.77166173987722,0.0,0.0,True,True,False,False,False,False,0.0438023212972907,0.0332575651460024,-0.0105447561512884,0.042,0.042,0.999999985497904,0.932166887546515,156.5,14.5,0.9201183431952663,77.5,112.5,0.34023668639053256,-0.5798816568047338
cd4_12h_vs_24h,cd4_12h,cd4_24h,REACTOME_PHOSPHOLIPID_METABOLISM,Vanilla-only significant,170,PIK3R1,103,3.59717677613814e-08,1.69038678268048e-10,7.44403821911369,9.77201391173862,-2.32797569262493,0.0513887607461245,0.0731481276708723,1.28913185531754,1.13579678577401,0.153335069543525,4.42452743464991e-06,2.07917574269699e-08,1.0,1.0,2.31389997788891,2.77166173987722,0.0,0.0,True,True,False,False,False,False,0.157761804283975,0.180871206367507,0.0231094020835319,0.15,0.22,0.999999999918046,0.927700503219615,156.5,14.5,0.9201183431952663,29.5,134.5,0.21005917159763313,-0.7100591715976332
cd4_12h_vs_24h,cd4_12h,cd4_24h,REACTOME_PHOSPHOLIPID_METABOLISM,Vanilla-only significant,170,PIK3R2,104,3.59717677613814e-08,1.31042954439412e-08,7.44403821911369,7.8825863240523,-0.438548104938605,0.0513887607461245,0.101341801629482,1.28913185531754,0.994211379196843,0.294920476120692,4.42452743464991e-06,1.61182833960477e-06,1.0,1.0,2.31389997788891,2.40679895558663,0.0,0.0,True,True,False,False,False,False,0.00821783783064317,0.0104300228364703,0.00221218500582717,0.01,0.016,1.00000004260185,0.928061714690748,75.0,102.0,0.40236686390532544,17.0,98.0,0.4260355029585799,0.023668639053254448
cd4_12h_vs_24h,cd4_12h,cd4_24h,REACTOME_PHOSPHOLIPID_METABOLISM,Vanilla-only significant,170,PIK3R3,105,3.59717677613814e-08,3.59717677613814e-08,7.44403821911369,7.44403821911369,0.0,0.0513887607461245,0.0513887607461245,1.28913185531754,1.28913185531754,0.0,4.42452743464991e-06,4.42452743464991e-06,1.0,1.0,2.31389997788891,2.31389997788891,0.0,0.0,True,True,False,False,False,False,0.0,0.0,0.0,0.0,0.0,0.999999955192866,0.922880593333421,39.0,146.0,0.14201183431952663,52.5,157.5,0.07396449704142012,-0.06804733727810651
cd4_12h_vs_24h,cd4_12h,cd4_24h,REACTOME_PHOSPHOLIPID_METABOLISM,Vanilla-only significant,170,PIK3R4,106,3.59717677613814e-08,3.59717677613814e-08,7.44403821911369,7.44403821911369,0.0,0.0513887607461245,0.0034223189265975,1.28913185531754,2.46567952091782,-1.17654766560029,4.42452743464991e-06,4.42452743464991e-06,1.0,0.420945227971492,2.31389997788891,2.31389997788891,0.0,0.613004412282997,True,True,False,False,False,False,0.0388168707725088,0.045568752185696,0.00675188141318719,0.05,0.068,1.00000003377086,0.923489165285746,39.0,146.0,0.14201183431952663,145.0,26.0,0.8520710059171598,0.7100591715976332
cd4_12h_vs_24h,cd4_12h,cd4_24h,REACTOME_PHOSPHOLIPID_METABOLISM,Vanilla-only significant,170,PIK3R5,107,3.59717677613814e-08,1.58410791482518e-09,7.44403821911369,8.80021523611983,-1.35617701700613,0.0513887607461245,0.0351222601892017,1.28913185531754,1.45441754412943,-0.165285688811893,4.42452743464991e-06,1.94845273523497e-07,1.0,1.0,2.31389997788891,2.59042662985857,0.0,0.0,True,True,False,False,False,False,0.0270139247625137,0.0157146495244723,-0.0112992752380414,0.026,0.022,1.00000007701741,0.921498501523083,125.0,46.0,0.7337278106508875,77.5,112.5,0.34023668639053256,-0.393491124260355
cd4_12h_vs_24h,cd4_12h,cd4_24h,REACTOME_PHOSPHOLIPID_METABOLISM,Vanilla-only significant,170,PIKFYVE,108,3.59717677613814e-08,5.25612166428945e-10,7.44403821911369,9.27933459064804,-1.83529637153435,0.0513887607461245,0.101341801629482,1.28913185531754,0.994211379196843,0.294920476120692,4.42452743464991e-06,6.46502964707602e-08,1.0,1.0,2.31389997788891,2.68131114927169,0.0,0.0,True,True,False,False,False,False,0.0535357662865049,0.0269269023054601,-0.0266088639810447,0.058,0.044,1.00000004340745,0.917357084059215,145.5,25.5,0.8550295857988166,17.0,98.0,0.4260355029585799,-0.4289940828402367
cd4_12h_vs_24h,cd4_12h,cd4_24h,REACTOME_PHOSPHOLIPID_METABOLISM,Vanilla-only significant,170,PIP4K2A,109,3.59717677613814e-08,4.62765891657924e-09,7.44403821911369,8.33463865838632,-0.890600439272627,0.0513887607461245,1.77726970010602e-05,1.28913185531754,4.75024666314563,-3.46111480782809,4.42452743464991e-06,5.69202046739247e-07,1.0,0.0021860417311304,2.31389997788891,2.49894648741163,0.0,1.63105534906276,True,True,False,True,False,True,0.240671268194212,0.226196377671329,-0.0144748905228831,0.244,0.28,0.999999966828888,0.943126142025995,99.5,73.5,0.5710059171597633,170.0,1.0,1.0,0.42899408284023666
cd4_12h_vs_24h,cd4_12h,cd4_24h,REACTOME_PHOSPHOLIPID_METABOLISM,Vanilla-only significant,170,PIP4K2B,110,3.59717677613814e-08,4.62765891657924e-09,7.44403821911369,8.33463865838632,-0.890600439272627,0.0513887607461245,0.00946978291842922,1.28913185531754,2.02365997647813,-0.734528121160595,4.42452743464991e-06,5.69202046739247e-07,1.0,1.0,2.31389997788891,2.49894648741163,0.0,0.0,True,True,False,False,False,False,0.0363215333683178,0.0415042733292945,0.00518273996097674,0.04,0.062,1.00000000764308,0.939215294356486,99.5,73.5,0.5710059171597633,119.0,54.0,0.6863905325443787,0.11538461538461531
cd4_12h_vs_24h,cd4_12h,cd4_24h,REACTOME_PHOSPHOLIPID_METABOLISM,Vanilla-only significant,170,PIP4K2C,111,3.59717677613814e-08,4.62765891657924e-09,7.44403821911369,8.33463865838632,-0.890600439272627,0.0513887607461245,0.0351222601892017,1.28913185531754,1.45441754412943,-0.165285688811893,4.42452743464991e-06,5.69202046739247e-07,1.0,1.0,2.31389997788891,2.49894648741163,0.0,0.0,True,True,False,False,False,False,0.0221922244278184,0.0447138713838559,0.0225216469560375,0.026,0.07,1.00000000914003,0.933920034016032,99.5,73.5,0.5710059171597633,77.5,112.5,0.34023668639053256,-0.23076923076923078
cd4_12h_vs_24h,cd4_12h,cd4_24h,REACTOME_PHOSPHOLIPID_METABOLISM,Vanilla-only significant,170,PIP4P1,112,3.59717677613814e-08,1.59178638580836e-11,7.44403821911369,10.7981152140414,-3.35407699492767,0.0513887607461245,0.0351222601892017,1.28913185531754,1.45441754412943,-0.165285688811893,4.42452743464991e-06,1.95789725454428e-09,1.0,1.0,2.31389997788891,2.95096765529579,0.0,0.0,True,True,False,False,False,False,0.112572178492131,0.127096033281997,0.0145238547898654,0.128,0.192,0.999999945213087,0.915910147848481,165.5,5.5,0.9733727810650887,77.5,112.5,0.34023668639053256,-0.6331360946745561
cd4_12h_vs_24h,cd4_12h,cd4_24h,REACTOME_PHOSPHOLIPID_METABOLISM,Vanilla-only significant,170,PIP5K1A,113,3.59717677613814e-08,5.25612166428945e-10,7.44403821911369,9.27933459064804,-1.83529637153435,0.0513887607461245,0.00059618767048381,1.28913185531754,3.22461700967912,-1.93548515436159,4.42452743464991e-06,6.46502964707602e-08,1.0,0.0733310834695086,2.31389997788891,2.68131114927169,0.0,1.06522856619588,True,True,False,False,False,False,0.0635698562218245,0.104681928034162,0.041112071812337,0.074,0.146,0.999999924663592,0.927710940235571,145.5,25.5,0.8550295857988166,157.5,13.5,0.9260355029585798,0.07100591715976323
cd4_12h_vs_24h,cd4_12h,cd4_24h,REACTOME_PHOSPHOLIPID_METABOLISM,Vanilla-only significant,170,PIP5K1B,114,3.59717677613814e-08,1.31042954439412e-08,7.44403821911369,7.8825863240523,-0.438548104938605,0.0513887607461245,0.0150822934297104,1.28913185531754,1.82153261416016,-0.532400758842622,4.42452743464991e-06,1.61182833960477e-06,1.0,1.0,2.31389997788891,2.40679895558663,0.0,0.0,True,True,False,False,False,False,0.00259083462256129,0.00383738789038524,0.00124655326782395,0.002,0.008,1.00000003523531,0.933995787710828,75.0,102.0,0.40236686390532544,104.5,74.5,0.5650887573964497,0.16272189349112426
cd4_12h_vs_24h,cd4_12h,cd4_24h,REACTOME_PHOSPHOLIPID_METABOLISM,Vanilla-only significant,170,PIP5K1C,115,3.59717677613814e-08,3.59717677613814e-08,7.44403821911369,7.44403821911369,0.0,0.0513887607461245,0.0513887607461245,1.28913185531754,1.28913185531754,0.0,4.42452743464991e-06,4.42452743464991e-06,1.0,1.0,2.31389997788891,2.31389997788891,0.0,0.0,True,True,False,False,False,False,0.0408582890264956,0.0308010781889,-0.0100572108375956,0.042,0.046,1.0000000448706,0.942411894196177,39.0,146.0,0.14201183431952663,52.5,157.5,0.07396449704142012,-0.06804733727810651
cd4_12h_vs_24h,cd4_12h,cd4_24h,REACTOME_PHOSPHOLIPID_METABOLISM,Vanilla-only significant,170,PISD,116,3.59717677613814e-08,3.59717677613814e-08,7.44403821911369,7.44403821911369,0.0,0.0513887607461245,0.00946978291842922,1.28913185531754,2.02365997647813,-0.734528121160595,4.42452743464991e-06,4.42452743464991e-06,1.0,1.0,2.31389997788891,2.31389997788891,0.0,0.0,True,True,False,False,False,False,0.0713698765132682,0.0668817169636192,-0.00448815954964903,0.08,0.11,0.999999974986234,0.920952720411302,39.0,146.0,0.14201183431952663,119.0,54.0,0.6863905325443787,0.544378698224852
cd4_12h_vs_24h,cd4_12h,cd4_24h,REACTOME_PHOSPHOLIPID_METABOLISM,Vanilla-only significant,170,PITPNB,117,3.59717677613814e-08,4.62765891657924e-09,7.44403821911369,8.33463865838632,-0.890600439272627,0.0513887607461245,0.00946978291842922,1.28913185531754,2.02365997647813,-0.734528121160595,4.42452743464991e-06,5.69202046739247e-07,1.0,1.0,2.31389997788891,2.49894648741163,0.0,0.0,True,True,False,False,False,False,0.369071039043982,0.386802865123548,0.0177318260795662,0.362,0.456,1.00000005036998,0.943712117493022,99.5,73.5,0.5710059171597633,119.0,54.0,0.6863905325443787,0.11538461538461531
cd4_12h_vs_24h,cd4_12h,cd4_24h,REACTOME_PHOSPHOLIPID_METABOLISM,Vanilla-only significant,170,PITPNM1,118,3.59717677613814e-08,1.69038678268048e-10,7.44403821911369,9.77201391173862,-2.32797569262493,0.0513887607461245,0.0731481276708723,1.28913185531754,1.13579678577401,0.153335069543525,4.42452743464991e-06,2.07917574269699e-08,1.0,1.0,2.31389997788891,2.77166173987722,0.0,0.0,True,True,False,False,False,False,0.0494395308397049,0.0740418523767114,0.0246023215370065,0.052,0.11,0.999999990176877,0.905905444887776,156.5,14.5,0.9201183431952663,29.5,134.5,0.21005917159763313,-0.7100591715976332
cd4_12h_vs_24h,cd4_12h,cd4_24h,REACTOME_PHOSPHOLIPID_METABOLISM,Vanilla-only significant,170,PITPNM2,119,3.59717677613814e-08,1.31042954439412e-08,7.44403821911369,7.8825863240523,-0.438548104938605,0.0513887607461245,0.0351222601892017,1.28913185531754,1.45441754412943,-0.165285688811893,4.42452743464991e-06,1.61182833960477e-06,1.0,1.0,2.31389997788891,2.40679895558663,0.0,0.0,True,True,False,False,False,False,0.0266535696479492,0.0109050886026852,-0.015748481045264,0.028,0.02,0.999999976784955,0.904213312764518,75.0,102.0,0.40236686390532544,77.5,112.5,0.34023668639053256,-0.062130177514792884
cd4_12h_vs_24h,cd4_12h,cd4_24h,REACTOME_PHOSPHOLIPID_METABOLISM,Vanilla-only significant,170,PITPNM3,120,3.59717677613814e-08,3.59717677613814e-08,7.44403821911369,7.44403821911369,0.0,0.0513887607461245,0.0513887607461245,1.28913185531754,1.28913185531754,0.0,4.42452743464991e-06,4.42452743464991e-06,1.0,1.0,2.31389997788891,2.31389997788891,0.0,0.0,True,True,False,False,False,False,0.0,0.0,0.0,0.0,0.0,1.00000002508526,0.937886735124545,39.0,146.0,0.14201183431952663,52.5,157.5,0.07396449704142012,-0.06804733727810651
cd4_12h_vs_24h,cd4_12h,cd4_24h,REACTOME_PHOSPHOLIPID_METABOLISM,Vanilla-only significant,170,PLA2G12A,121,3.59717677613814e-08,1.58410791482518e-09,7.44403821911369,8.80021523611983,-1.35617701700613,0.0513887607461245,0.0233436169134307,1.28913185531754,1.63183185249604,-0.342699997178508,4.42452743464991e-06,1.94845273523497e-07,1.0,1.0,2.31389997788891,2.59042662985857,0.0,0.0,True,True,False,False,False,False,0.0710827162969942,0.052681591245987,-0.0184011250510072,0.082,0.076,1.00000008560564,0.917420448912837,125.0,46.0,0.7337278106508875,93.5,91.5,0.46449704142011833,-0.2692307692307692
cd4_12h_vs_24h,cd4_12h,cd4_24h,REACTOME_PHOSPHOLIPID_METABOLISM,Vanilla-only significant,170,PLA2G15,122,3.59717677613814e-08,3.59717677613814e-08,7.44403821911369,7.44403821911369,0.0,0.0513887607461245,0.0233436169134307,1.28913185531754,1.63183185249604,-0.342699997178508,4.42452743464991e-06,4.42452743464991e-06,1.0,1.0,2.31389997788891,2.31389997788891,0.0,0.0,True,True,False,False,False,False,0.0148399260907954,0.0129912102810222,-0.0018487158097732,0.018,0.018,0.999999989345321,0.935473572159477,39.0,146.0,0.14201183431952663,93.5,91.5,0.46449704142011833,0.3224852071005917
cd4_12h_vs_24h,cd4_12h,cd4_24h,REACTOME_PHOSPHOLIPID_METABOLISM,Vanilla-only significant,170,PLA2G1B,123,3.59717677613814e-08,3.59717677613814e-08,7.44403821911369,7.44403821911369,0.0,0.0513887607461245,0.0233436169134307,1.28913185531754,1.63183185249604,-0.342699997178508,4.42452743464991e-06,4.42452743464991e-06,1.0,1.0,2.31389997788891,2.31389997788891,0.0,0.0,True,True,False,False,False,False,0.0040866236747318,0.00496971816563626,0.000883094490904462,0.004,0.004,0.999999911420251,0.941647772838505,39.0,146.0,0.14201183431952663,93.5,91.5,0.46449704142011833,0.3224852071005917
cd4_12h_vs_24h,cd4_12h,cd4_24h,REACTOME_PHOSPHOLIPID_METABOLISM,Vanilla-only significant,170,PLA2G4A,124,3.59717677613814e-08,3.59717677613814e-08,7.44403821911369,7.44403821911369,0.0,0.0513887607461245,0.0513887607461245,1.28913185531754,1.28913185531754,0.0,4.42452743464991e-06,4.42452743464991e-06,1.0,1.0,2.31389997788891,2.31389997788891,0.0,0.0,True,True,False,False,False,False,0.0,0.0,0.0,0.0,0.0,0.999999956417185,0.936056934853152,39.0,146.0,0.14201183431952663,52.5,157.5,0.07396449704142012,-0.06804733727810651
cd4_12h_vs_24h,cd4_12h,cd4_24h,REACTOME_PHOSPHOLIPID_METABOLISM,Vanilla-only significant,170,PLA2G4B,125,3.59717677613814e-08,3.59717677613814e-08,7.44403821911369,7.44403821911369,0.0,0.0513887607461245,0.0731481276708723,1.28913185531754,1.13579678577401,0.153335069543525,4.42452743464991e-06,4.42452743464991e-06,1.0,1.0,2.31389997788891,2.31389997788891,0.0,0.0,True,True,False,False,False,False,0.00466262119554419,0.0,-0.00466262119554419,0.004,0.0,1.00000002776605,0.947559854766322,39.0,146.0,0.14201183431952663,29.5,134.5,0.21005917159763313,0.0680473372781065
cd4_12h_vs_24h,cd4_12h,cd4_24h,REACTOME_PHOSPHOLIPID_METABOLISM,Vanilla-only significant,170,PLA2G4C,126,3.59717677613814e-08,1.31042954439412e-08,7.44403821911369,7.8825863240523,-0.438548104938605,0.0513887607461245,0.0731481276708723,1.28913185531754,1.13579678577401,0.153335069543525,4.42452743464991e-06,1.61182833960477e-06,1.0,1.0,2.31389997788891,2.40679895558663,0.0,0.0,True,True,False,False,False,False,0.0127862138027773,0.0237075087518825,0.0109212949491052,0.016,0.042,0.999999998302413,0.94257876828303,75.0,102.0,0.40236686390532544,29.5,134.5,0.21005917159763313,-0.19230769230769232
cd4_12h_vs_24h,cd4_12h,cd4_24h,REACTOME_PHOSPHOLIPID_METABOLISM,Vanilla-only significant,170,PLA2G6,127,3.59717677613814e-08,3.59717677613814e-08,7.44403821911369,7.44403821911369,0.0,0.0513887607461245,0.179741341532766,1.28913185531754,0.745352021196044,0.543779834121491,4.42452743464991e-06,4.42452743464991e-06,1.0,1.0,2.31389997788891,2.31389997788891,0.0,0.0,True,True,False,False,False,False,0.0113989963897897,0.0124957621237354,0.00109676573394578,0.01,0.02,1.00000002587717,0.937000126503787,39.0,146.0,0.14201183431952663,6.0,65.0,0.621301775147929,0.4792899408284023
cd4_12h_vs_24h,cd4_12h,cd4_24h,REACTOME_PHOSPHOLIPID_METABOLISM,Vanilla-only significant,170,PLA2R1,128,3.59717677613814e-08,3.59717677613814e-08,7.44403821911369,7.44403821911369,0.0,0.0513887607461245,0.0513887607461245,1.28913185531754,1.28913185531754,0.0,4.42452743464991e-06,4.42452743464991e-06,1.0,1.0,2.31389997788891,2.31389997788891,0.0,0.0,True,True,False,False,False,False,0.0,0.0,0.0,0.0,0.0,0.99999988875417,0.936121933605387,39.0,146.0,0.14201183431952663,52.5,157.5,0.07396449704142012,-0.06804733727810651
cd4_12h_vs_24h,cd4_12h,cd4_24h,REACTOME_PHOSPHOLIPID_METABOLISM,Vanilla-only significant,170,PLB1,129,3.59717677613814e-08,3.59717677613814e-08,7.44403821911369,7.44403821911369,0.0,0.0513887607461245,0.0513887607461245,1.28913185531754,1.28913185531754,0.0,4.42452743464991e-06,4.42452743464991e-06,1.0,1.0,2.31389997788891,2.31389997788891,0.0,0.0,True,True,False,False,False,False,0.0,0.0,0.0,0.0,0.0,1.00000002982083,0.943274791210656,39.0,146.0,0.14201183431952663,52.5,157.5,0.07396449704142012,-0.06804733727810651
cd4_12h_vs_24h,cd4_12h,cd4_24h,REACTOME_PHOSPHOLIPID_METABOLISM,Vanilla-only significant,170,PLD2,130,3.59717677613814e-08,3.59717677613814e-08,7.44403821911369,7.44403821911369,0.0,0.0513887607461245,0.0513887607461245,1.28913185531754,1.28913185531754,0.0,4.42452743464991e-06,4.42452743464991e-06,1.0,1.0,2.31389997788891,2.31389997788891,0.0,0.0,True,True,False,False,False,False,0.00476888803585036,0.00715615347396531,0.00238726543811494,0.004,0.012,1.00000004959175,0.948663187816123,39.0,146.0,0.14201183431952663,52.5,157.5,0.07396449704142012,-0.06804733727810651
cd4_12h_vs_24h,cd4_12h,cd4_24h,REACTOME_PHOSPHOLIPID_METABOLISM,Vanilla-only significant,170,PLD3,131,3.59717677613814e-08,1.69038678268048e-10,7.44403821911369,9.77201391173862,-2.32797569262493,0.0513887607461245,0.101341801629482,1.28913185531754,0.994211379196843,0.294920476120692,4.42452743464991e-06,2.07917574269699e-08,1.0,1.0,2.31389997788891,2.77166173987722,0.0,0.0,True,True,False,False,False,False,0.046648912240338,0.115087460281879,0.0684385480415414,0.042,0.158,1.00000007098639,0.941133406488499,156.5,14.5,0.9201183431952663,17.0,98.0,0.4260355029585799,-0.4940828402366864
cd4_12h_vs_24h,cd4_12h,cd4_24h,REACTOME_PHOSPHOLIPID_METABOLISM,Vanilla-only significant,170,PLD6,132,3.59717677613814e-08,4.62765891657924e-09,7.44403821911369,8.33463865838632,-0.890600439272627,0.0513887607461245,0.0731481276708723,1.28913185531754,1.13579678577401,0.153335069543525,4.42452743464991e-06,5.69202046739247e-07,1.0,1.0,2.31389997788891,2.49894648741163,0.0,0.0,True,True,False,False,False,False,0.0796955235278911,0.0835365109573478,0.0038409874294567,0.084,0.118,1.00000007952031,0.919044571967832,99.5,73.5,0.5710059171597633,29.5,134.5,0.21005917159763313,-0.36094674556213024
cd4_12h_vs_24h,cd4_12h,cd4_24h,REACTOME_PHOSPHOLIPID_METABOLISM,Vanilla-only significant,170,PLEKHA1,133,3.59717677613814e-08,9.5725425402497e-08,7.44403821911369,7.01897269497718,0.425065524136514,0.0513887607461245,0.0150822934297104,1.28913185531754,1.82153261416016,-0.532400758842622,4.42452743464991e-06,1.17742273245071e-05,1.0,1.0,2.31389997788891,2.2201503515613,0.0,0.0,True,True,False,False,False,False,0.358623847977808,0.208044863703199,-0.150578984274609,0.342,0.242,1.00000004517142,0.929031501565749,10.5,117.5,0.3106508875739645,104.5,74.5,0.5650887573964497,0.25443786982248523
cd4_12h_vs_24h,cd4_12h,cd4_24h,REACTOME_PHOSPHOLIPID_METABOLISM,Vanilla-only significant,170,PLEKHA2,134,3.59717677613814e-08,5.25612166428945e-10,7.44403821911369,9.27933459064804,-1.83529637153435,0.0513887607461245,0.0150822934297104,1.28913185531754,1.82153261416016,-0.532400758842622,4.42452743464991e-06,6.46502964707602e-08,1.0,1.0,2.31389997788891,2.68131114927169,0.0,0.0,True,True,False,False,False,False,0.0201308997708544,0.0216433486743677,0.00151244890351323,0.02,0.032,1.00000003431792,0.913210585537559,145.5,25.5,0.8550295857988166,104.5,74.5,0.5650887573964497,-0.2899408284023669
cd4_12h_vs_24h,cd4_12h,cd4_24h,REACTOME_PHOSPHOLIPID_METABOLISM,Vanilla-only significant,170,PLEKHA3,135,3.59717677613814e-08,9.5725425402497e-08,7.44403821911369,7.01897269497718,0.425065524136514,0.0513887607461245,0.0731481276708723,1.28913185531754,1.13579678577401,0.153335069543525,4.42452743464991e-06,1.17742273245071e-05,1.0,1.0,2.31389997788891,2.2201503515613,0.0,0.0,True,True,False,False,False,False,0.19965503408286,0.150791221088847,-0.0488638129940124,0.22,0.22,1.00000002595413,0.933600123978715,10.5,117.5,0.3106508875739645,29.5,134.5,0.21005917159763313,-0.10059171597633135
cd4_12h_vs_24h,cd4_12h,cd4_24h,REACTOME_PHOSPHOLIPID_METABOLISM,Vanilla-only significant,170,PLEKHA4,136,3.59717677613814e-08,4.62765891657924e-09,7.44403821911369,8.33463865838632,-0.890600439272627,0.0513887607461245,0.0150822934297104,1.28913185531754,1.82153261416016,-0.532400758842622,4.42452743464991e-06,5.69202046739247e-07,1.0,1.0,2.31389997788891,2.49894648741163,0.0,0.0,True,True,False,False,False,False,0.0136012961703426,0.0214052467169315,0.00780395054658888,0.018,0.034,0.999999995986901,0.924746957895811,99.5,73.5,0.5710059171597633,104.5,74.5,0.5650887573964497,-0.00591715976331364
cd4_12h_vs_24h,cd4_12h,cd4_24h,REACTOME_PHOSPHOLIPID_METABOLISM,Vanilla-only significant,170,PLEKHA5,137,3.59717677613814e-08,1.31042954439412e-08,7.44403821911369,7.8825863240523,-0.438548104938605,0.0513887607461245,0.136726085875245,1.28913185531754,0.864148618783426,0.42498323653411,4.42452743464991e-06,1.61182833960477e-06,1.0,1.0,2.31389997788891,2.40679895558663,0.0,0.0,True,True,False,False,False,False,0.00779092483825155,0.00082414500381049,-0.00696677983444106,0.006,0.002,0.999999947800987,0.926422055184952,75.0,102.0,0.40236686390532544,11.5,84.5,0.5059171597633136,0.1035502958579882
cd4_12h_vs_24h,cd4_12h,cd4_24h,REACTOME_PHOSPHOLIPID_METABOLISM,Vanilla-only significant,170,PLEKHA6,138,3.59717677613814e-08,3.59717677613814e-08,7.44403821911369,7.44403821911369,0.0,0.0513887607461245,0.0513887607461245,1.28913185531754,1.28913185531754,0.0,4.42452743464991e-06,4.42452743464991e-06,1.0,1.0,2.31389997788891,2.31389997788891,0.0,0.0,True,True,False,False,False,False,0.00151893599840451,0.000970631171440344,-0.000548304826964166,0.002,0.002,1.00000001374051,0.882785770815523,39.0,146.0,0.14201183431952663,52.5,157.5,0.07396449704142012,-0.06804733727810651
cd4_12h_vs_24h,cd4_12h,cd4_24h,REACTOME_PHOSPHOLIPID_METABOLISM,Vanilla-only significant,170,PLEKHA8,139,3.59717677613814e-08,4.62765891657924e-09,7.44403821911369,8.33463865838632,-0.890600439272627,0.0513887607461245,0.0731481276708723,1.28913185531754,1.13579678577401,0.153335069543525,4.42452743464991e-06,5.69202046739247e-07,1.0,1.0,2.31389997788891,2.49894648741163,0.0,0.0,True,True,False,False,False,False,0.0238492115315423,0.0147748388521772,-0.00907437267936505,0.026,0.022,0.999999940728566,0.929390443692527,99.5,73.5,0.5710059171597633,29.5,134.5,0.21005917159763313,-0.36094674556213024
cd4_12h_vs_24h,cd4_12h,cd4_24h,REACTOME_PHOSPHOLIPID_METABOLISM,Vanilla-only significant,170,PNPLA2,140,3.59717677613814e-08,1.31042954439412e-08,7.44403821911369,7.8825863240523,-0.438548104938605,0.0513887607461245,0.0351222601892017,1.28913185531754,1.45441754412943,-0.165285688811893,4.42452743464991e-06,1.61182833960477e-06,1.0,1.0,2.31389997788891,2.40679895558663,0.0,0.0,True,True,False,False,False,False,0.0816996425185532,0.128341515391938,0.0466418728733847,0.1,0.16,0.99999996016196,0.923689903686938,75.0,102.0,0.40236686390532544,77.5,112.5,0.34023668639053256,-0.062130177514792884
cd4_12h_vs_24h,cd4_12h,cd4_24h,REACTOME_PHOSPHOLIPID_METABOLISM,Vanilla-only significant,170,PNPLA3,141,3.59717677613814e-08,1.31042954439412e-08,7.44403821911369,7.8825863240523,-0.438548104938605,0.0513887607461245,0.0513887607461245,1.28913185531754,1.28913185531754,0.0,4.42452743464991e-06,1.61182833960477e-06,1.0,1.0,2.31389997788891,2.40679895558663,0.0,0.0,True,True,False,False,False,False,0.00185642892964353,0.00227657717092842,0.000420148241284894,0.002,0.004,0.999999992332233,0.927706795711845,75.0,102.0,0.40236686390532544,52.5,157.5,0.07396449704142012,-0.32840236686390534
cd4_12h_vs_24h,cd4_12h,cd4_24h,REACTOME_PHOSPHOLIPID_METABOLISM,Vanilla-only significant,170,PNPLA6,142,3.59717677613814e-08,1.58410791482518e-09,7.44403821911369,8.80021523611983,-1.35617701700613,0.0513887607461245,0.00946978291842922,1.28913185531754,2.02365997647813,-0.734528121160595,4.42452743464991e-06,1.94845273523497e-07,1.0,1.0,2.31389997788891,2.59042662985857,0.0,0.0,True,True,False,False,False,False,0.053241271997744,0.0787353272977194,0.0254940552999754,0.056,0.11,0.999999970983609,0.94076112444234,125.0,46.0,0.7337278106508875,119.0,54.0,0.6863905325443787,-0.047337278106508895
cd4_12h_vs_24h,cd4_12h,cd4_24h,REACTOME_PHOSPHOLIPID_METABOLISM,Vanilla-only significant,170,PNPLA7,143,3.59717677613814e-08,1.31042954439412e-08,7.44403821911369,7.8825863240523,-0.438548104938605,0.0513887607461245,0.0731481276708723,1.28913185531754,1.13579678577401,0.153335069543525,4.42452743464991e-06,1.61182833960477e-06,1.0,1.0,2.31389997788891,2.40679895558663,0.0,0.0,True,True,False,False,False,False,0.00196311801006537,0.0169889596527177,0.0150258416426523,0.002,0.022,1.00000007829021,0.900146441370247,75.0,102.0,0.40236686390532544,29.5,134.5,0.21005917159763313,-0.19230769230769232
cd4_12h_vs_24h,cd4_12h,cd4_24h,REACTOME_PHOSPHOLIPID_METABOLISM,Vanilla-only significant,170,PNPLA8,144,3.59717677613814e-08,1.58410791482518e-09,7.44403821911369,8.80021523611983,-1.35617701700613,0.0513887607461245,0.0034223189265975,1.28913185531754,2.46567952091782,-1.17654766560029,4.42452743464991e-06,1.94845273523497e-07,1.0,0.420945227971492,2.31389997788891,2.59042662985857,0.0,0.613004412282997,True,True,False,False,False,False,0.180352505634056,0.0955022644997769,-0.0848502411342793,0.19,0.116,1.0000000317171,0.945647774288012,125.0,46.0,0.7337278106508875,145.0,26.0,0.8520710059171598,0.11834319526627224
cd4_12h_vs_24h,cd4_12h,cd4_24h,REACTOME_PHOSPHOLIPID_METABOLISM,Vanilla-only significant,170,PTDSS1,145,3.59717677613814e-08,1.59178638580836e-11,7.44403821911369,10.7981152140414,-3.35407699492767,0.0513887607461245,0.179741341532766,1.28913185531754,0.745352021196044,0.543779834121491,4.42452743464991e-06,1.95789725454428e-09,1.0,1.0,2.31389997788891,2.95096765529579,0.0,0.0,True,True,False,False,False,False,0.111318833305998,0.14124865977154,0.0299298264655417,0.136,0.206,0.999999983138097,0.94267407008304,165.5,5.5,0.9733727810650887,6.0,65.0,0.621301775147929,-0.3520710059171598
cd4_12h_vs_24h,cd4_12h,cd4_24h,REACTOME_PHOSPHOLIPID_METABOLISM,Vanilla-only significant,170,PTDSS2,146,3.59717677613814e-08,3.59717677613814e-08,7.44403821911369,7.44403821911369,0.0,0.0513887607461245,0.0513887607461245,1.28913185531754,1.28913185531754,0.0,4.42452743464991e-06,4.42452743464991e-06,1.0,1.0,2.31389997788891,2.31389997788891,0.0,0.0,True,True,False,False,False,False,0.026192965788422,0.0177328639265407,-0.00846010186188133,0.032,0.036,0.999999986480268,0.938393531915609,39.0,146.0,0.14201183431952663,52.5,157.5,0.07396449704142012,-0.06804733727810651
cd4_12h_vs_24h,cd4_12h,cd4_24h,REACTOME_PHOSPHOLIPID_METABOLISM,Vanilla-only significant,170,PTEN,147,3.59717677613814e-08,2.46964030878651e-07,7.44403821911369,6.60736629503362,0.836671924080072,0.0513887607461245,7.93371655046569e-05,1.28913185531754,4.1005233197136,-2.81139146439607,4.42452743464991e-06,3.03765757980741e-05,1.0,0.0097584713570728,2.31389997788891,2.12543199928726,0.0,1.417962696362,True,True,False,True,False,True,0.189866028249107,0.158456032271313,-0.031409995977794,0.192,0.21,1.00000004409692,0.937299455579379,4.5,88.5,0.4822485207100592,167.5,3.5,0.985207100591716,0.5029585798816568
cd4_12h_vs_24h,cd4_12h,cd4_24h,REACTOME_PHOSPHOLIPID_METABOLISM,Vanilla-only significant,170,PTPMT1,148,3.59717677613814e-08,5.26903195422322e-11,7.44403821911369,10.2782691676256,-2.8342309485119,0.0513887607461245,0.0351222601892017,1.28913185531754,1.45441754412943,-0.165285688811893,4.42452743464991e-06,6.48090930369456e-09,1.0,1.0,2.31389997788891,2.8615317674606,0.0,0.0,True,True,False,False,False,False,0.10786706878851,0.104223553939642,-0.00364351484886793,0.126,0.158,0.999999932571427,0.943977687590581,161.5,9.5,0.9497041420118343,77.5,112.5,0.34023668639053256,-0.6094674556213018
cd4_12h_vs_24h,cd4_12h,cd4_24h,REACTOME_PHOSPHOLIPID_METABOLISM,Vanilla-only significant,170,RAB14,149,3.59717677613814e-08,9.5725425402497e-08,7.44403821911369,7.01897269497718,0.425065524136514,0.0513887607461245,7.93371655046569e-05,1.28913185531754,4.1005233197136,-2.81139146439607,4.42452743464991e-06,1.17742273245071e-05,1.0,0.0097584713570728,2.31389997788891,2.2201503515613,0.0,1.417962696362,True,True,False,True,False,True,0.301449310945906,0.313162981928559,0.011713670982653,0.316,0.382,1.00000005193713,0.873494082334262,10.5,117.5,0.3106508875739645,167.5,3.5,0.985207100591716,0.6745562130177516
cd4_12h_vs_24h,cd4_12h,cd4_24h,REACTOME_PHOSPHOLIPID_METABOLISM,Vanilla-only significant,170,RAB4A,150,3.59717677613814e-08,6.1774102028672e-07,7.44403821911369,6.20919355894615,1.23484466016754,0.0513887607461245,0.0034223189265975,1.28913185531754,2.46567952091782,-1.17654766560029,4.42452743464991e-06,7.59821454952666e-05,1.0,0.420945227971492,2.31389997788891,2.02960302707371,0.0,0.613004412282997,True,True,False,False,False,False,0.2362625247719,0.187316334545177,-0.048946190226723,0.244,0.246,0.999999978473009,0.908485543910677,1.5,59.5,0.6538461538461539,145.0,26.0,0.8520710059171598,0.19822485207100593
cd4_12h_vs_24h,cd4_12h,cd4_24h,REACTOME_PHOSPHOLIPID_METABOLISM,Vanilla-only significant,170,RAB5A,151,3.59717677613814e-08,4.66051712619044e-12,7.44403821911369,11.3315658917669,-3.88752767265326,0.0513887607461245,0.0150822934297104,1.28913185531754,1.82153261416016,-0.532400758842622,4.42452743464991e-06,5.73243606521424e-10,1.0,1.0,2.31389997788891,3.04000999674796,0.0,0.0,True,True,False,False,False,False,0.146996150145906,0.136007665986708,-0.0109884841591982,0.162,0.204,0.999999986923385,0.907124602256933,168.5,2.5,0.9911242603550295,104.5,74.5,0.5650887573964497,-0.42603550295857984
cd4_12h_vs_24h,cd4_12h,cd4_24h,REACTOME_PHOSPHOLIPID_METABOLISM,Vanilla-only significant,170,RUFY1,152,3.59717677613814e-08,1.58410791482518e-09,7.44403821911369,8.80021523611983,-1.35617701700613,0.0513887607461245,0.0351222601892017,1.28913185531754,1.45441754412943,-0.165285688811893,4.42452743464991e-06,1.94845273523497e-07,1.0,1.0,2.31389997788891,2.59042662985857,0.0,0.0,True,True,False,False,False,False,0.0944026261029977,0.144889425203541,0.050486799100543,0.1,0.202,1.00000007149562,0.906734003053785,125.0,46.0,0.7337278106508875,77.5,112.5,0.34023668639053256,-0.393491124260355
cd4_12h_vs_24h,cd4_12h,cd4_24h,REACTOME_PHOSPHOLIPID_METABOLISM,Vanilla-only significant,170,SACM1L,153,3.59717677613814e-08,3.59717677613814e-08,7.44403821911369,7.44403821911369,0.0,0.0513887607461245,0.0233436169134307,1.28913185531754,1.63183185249604,-0.342699997178508,4.42452743464991e-06,4.42452743464991e-06,1.0,1.0,2.31389997788891,2.31389997788891,0.0,0.0,True,True,False,False,False,False,0.123340449253432,0.0896041190672306,-0.0337363301862009,0.138,0.114,0.999999967112563,0.946201503303076,39.0,146.0,0.14201183431952663,93.5,91.5,0.46449704142011833,0.3224852071005917
cd4_12h_vs_24h,cd4_12h,cd4_24h,REACTOME_PHOSPHOLIPID_METABOLISM,Vanilla-only significant,170,SBF1,154,3.59717677613814e-08,5.26903195422322e-11,7.44403821911369,10.2782691676256,-2.8342309485119,0.0513887607461245,0.00059618767048381,1.28913185531754,3.22461700967912,-1.93548515436159,4.42452743464991e-06,6.48090930369456e-09,1.0,0.0733310834695086,2.31389997788891,2.8615317674606,0.0,1.06522856619588,True,True,False,False,False,False,0.0785214968885944,0.0831574748200542,0.00463597793145978,0.088,0.12,0.999999963794699,0.922613839597258,161.5,9.5,0.9497041420118343,157.5,13.5,0.9260355029585798,-0.023668639053254448
cd4_12h_vs_24h,cd4_12h,cd4_24h,REACTOME_PHOSPHOLIPID_METABOLISM,Vanilla-only significant,170,SBF2,155,3.59717677613814e-08,4.62765891657924e-09,7.44403821911369,8.33463865838632,-0.890600439272627,0.0513887607461245,0.00577645522630862,1.28913185531754,2.23833858855416,-0.949206733236626,4.42452743464991e-06,5.69202046739247e-07,1.0,0.71050399283596,2.31389997788891,2.49894648741163,0.0,0.385270654364906,True,True,False,False,False,False,0.0330604036133258,0.0388042186276123,0.00574381501428648,0.034,0.046,1.00000003232005,0.913566490135254,99.5,73.5,0.5710059171597633,133.5,37.5,0.7840236686390533,0.21301775147928992
cd4_12h_vs_24h,cd4_12h,cd4_24h,REACTOME_PHOSPHOLIPID_METABOLISM,Vanilla-only significant,170,SELENOI,156,3.59717677613814e-08,5.26903195422322e-11,7.44403821911369,10.2782691676256,-2.8342309485119,0.0513887607461245,0.00946978291842922,1.28913185531754,2.02365997647813,-0.734528121160595,4.42452743464991e-06,6.48090930369456e-09,1.0,1.0,2.31389997788891,2.8615317674606,0.0,0.0,True,True,False,False,False,False,0.091661638189176,0.0625596215342774,-0.0291020166548985,0.11,0.096,1.00000006238468,0.925025513488378,161.5,9.5,0.9497041420118343,119.0,54.0,0.6863905325443787,-0.26331360946745563
cd4_12h_vs_24h,cd4_12h,cd4_24h,REACTOME_PHOSPHOLIPID_METABOLISM,Vanilla-only significant,170,SLC44A1,157,3.59717677613814e-08,1.58410791482518e-09,7.44403821911369,8.80021523611983,-1.35617701700613,0.0513887607461245,0.00946978291842922,1.28913185531754,2.02365997647813,-0.734528121160595,4.42452743464991e-06,1.94845273523497e-07,1.0,1.0,2.31389997788891,2.59042662985857,0.0,0.0,True,True,False,False,False,False,0.0283785107457743,0.0351936470346488,0.00681513628887449,0.03,0.052,0.999999971221842,0.910915986965448,125.0,46.0,0.7337278106508875,119.0,54.0,0.6863905325443787,-0.047337278106508895
cd4_12h_vs_24h,cd4_12h,cd4_24h,REACTOME_PHOSPHOLIPID_METABOLISM,Vanilla-only significant,170,SLC44A2,158,3.59717677613814e-08,1.31042954439412e-08,7.44403821911369,7.8825863240523,-0.438548104938605,0.0513887607461245,0.00577645522630862,1.28913185531754,2.23833858855416,-0.949206733236626,4.42452743464991e-06,1.61182833960477e-06,1.0,0.71050399283596,2.31389997788891,2.40679895558663,0.0,0.385270654364906,True,True,False,False,False,False,0.0947644889505916,0.0739000025177616,-0.02086448643283,0.108,0.102,0.999999978084779,0.912980330369671,75.0,102.0,0.40236686390532544,133.5,37.5,0.7840236686390533,0.3816568047337278
cd4_12h_vs_24h,cd4_12h,cd4_24h,REACTOME_PHOSPHOLIPID_METABOLISM,Vanilla-only significant,170,SLC44A4,159,3.59717677613814e-08,3.59717677613814e-08,7.44403821911369,7.44403821911369,0.0,0.0513887607461245,0.0513887607461245,1.28913185531754,1.28913185531754,0.0,4.42452743464991e-06,4.42452743464991e-06,1.0,1.0,2.31389997788891,2.31389997788891,0.0,0.0,True,True,False,False,False,False,0.0,0.00292450205971343,0.00292450205971343,0.0,0.004,0.999999977290114,0.914521416452218,39.0,146.0,0.14201183431952663,52.5,157.5,0.07396449704142012,-0.06804733727810651
cd4_12h_vs_24h,cd4_12h,cd4_24h,REACTOME_PHOSPHOLIPID_METABOLISM,Vanilla-only significant,170,SLC44A5,160,3.59717677613814e-08,1.58410791482518e-09,7.44403821911369,8.80021523611983,-1.35617701700613,0.0513887607461245,0.0351222601892017,1.28913185531754,1.45441754412943,-0.165285688811893,4.42452743464991e-06,1.94845273523497e-07,1.0,1.0,2.31389997788891,2.59042662985857,0.0,0.0,True,True,False,False,False,False,0.00387206536910516,0.0,-0.00387206536910516,0.002,0.0,1.0000000213786,0.914750545022793,125.0,46.0,0.7337278106508875,77.5,112.5,0.34023668639053256,-0.393491124260355
cd4_12h_vs_24h,cd4_12h,cd4_24h,REACTOME_PHOSPHOLIPID_METABOLISM,Vanilla-only significant,170,STARD10,161,3.59717677613814e-08,1.58410791482518e-09,7.44403821911369,8.80021523611983,-1.35617701700613,0.0513887607461245,0.00196887460329715,1.28913185531754,2.70578194299357,-1.41665008767604,4.42452743464991e-06,1.94845273523497e-07,1.0,0.242171576205549,2.31389997788891,2.59042662985857,0.0,0.784778205325666,True,True,False,False,False,False,0.094081178788106,0.163017101543468,0.0689359227553624,0.098,0.2,0.999999978587994,0.911377278523599,125.0,46.0,0.7337278106508875,151.5,19.5,0.8905325443786982,0.15680473372781067
cd4_12h_vs_24h,cd4_12h,cd4_24h,REACTOME_PHOSPHOLIPID_METABOLISM,Vanilla-only significant,170,STARD7,162,3.59717677613814e-08,5.25612166428945e-10,7.44403821911369,9.27933459064804,-1.83529637153435,0.0513887607461245,0.00059618767048381,1.28913185531754,3.22461700967912,-1.93548515436159,4.42452743464991e-06,6.46502964707602e-08,1.0,0.0733310834695086,2.31389997788891,2.68131114927169,0.0,1.06522856619588,True,True,False,False,False,False,0.211898800565562,0.271590027086265,0.0596912265207035,0.232,0.354,1.00000003181969,0.910903096396398,145.5,25.5,0.8550295857988166,157.5,13.5,0.9260355029585798,0.07100591715976323
cd4_12h_vs_24h,cd4_12h,cd4_24h,REACTOME_PHOSPHOLIPID_METABOLISM,Vanilla-only significant,170,SYNJ1,163,3.59717677613814e-08,1.31042954439412e-08,7.44403821911369,7.8825863240523,-0.438548104938605,0.0513887607461245,0.0150822934297104,1.28913185531754,1.82153261416016,-0.532400758842622,4.42452743464991e-06,1.61182833960477e-06,1.0,1.0,2.31389997788891,2.40679895558663,0.0,0.0,True,True,False,False,False,False,0.0218300834920001,0.024986010901641,0.00315592740964088,0.024,0.036,1.00000007076393,0.947177708090356,75.0,102.0,0.40236686390532544,104.5,74.5,0.5650887573964497,0.16272189349112426
cd4_12h_vs_24h,cd4_12h,cd4_24h,REACTOME_PHOSPHOLIPID_METABOLISM,Vanilla-only significant,170,SYNJ2,164,3.59717677613814e-08,1.58410791482518e-09,7.44403821911369,8.80021523611983,-1.35617701700613,0.0513887607461245,0.0513887607461245,1.28913185531754,1.28913185531754,0.0,4.42452743464991e-06,1.94845273523497e-07,1.0,1.0,2.31389997788891,2.59042662985857,0.0,0.0,True,True,False,False,False,False,0.164307798167345,0.0805285044952406,-0.0837792936721041,0.16,0.124,1.00000003431565,0.938152961712019,125.0,46.0,0.7337278106508875,52.5,157.5,0.07396449704142012,-0.6597633136094674
cd4_12h_vs_24h,cd4_12h,cd4_24h,REACTOME_PHOSPHOLIPID_METABOLISM,Vanilla-only significant,170,TAZ,165,3.59717677613814e-08,5.25612166428945e-10,7.44403821911369,9.27933459064804,-1.83529637153435,0.0513887607461245,0.00946978291842922,1.28913185531754,2.02365997647813,-0.734528121160595,4.42452743464991e-06,6.46502964707602e-08,1.0,1.0,2.31389997788891,2.68131114927169,0.0,0.0,True,True,False,False,False,False,0.0699173263658067,0.10772786006727,0.037810533701463,0.07,0.146,1.00000004035897,0.887539068428195,145.5,25.5,0.8550295857988166,119.0,54.0,0.6863905325443787,-0.16863905325443795
cd4_12h_vs_24h,cd4_12h,cd4_24h,REACTOME_PHOSPHOLIPID_METABOLISM,Vanilla-only significant,170,TMEM86B,166,3.59717677613814e-08,3.59717677613814e-08,7.44403821911369,7.44403821911369,0.0,0.0513887607461245,0.0513887607461245,1.28913185531754,1.28913185531754,0.0,4.42452743464991e-06,4.42452743464991e-06,1.0,1.0,2.31389997788891,2.31389997788891,0.0,0.0,True,True,False,False,False,False,0.00927968020208947,0.00895055622561133,-0.000329123976478137,0.008,0.008,1.00000001760822,0.922707070775499,39.0,146.0,0.14201183431952663,52.5,157.5,0.07396449704142012,-0.06804733727810651
cd4_12h_vs_24h,cd4_12h,cd4_24h,REACTOME_PHOSPHOLIPID_METABOLISM,Vanilla-only significant,170,TNFAIP8,167,3.59717677613814e-08,3.59717677613814e-08,7.44403821911369,7.44403821911369,0.0,0.0513887607461245,0.00946978291842922,1.28913185531754,2.02365997647813,-0.734528121160595,4.42452743464991e-06,4.42452743464991e-06,1.0,1.0,2.31389997788891,2.31389997788891,0.0,0.0,True,True,False,False,False,False,1.16287606768138,0.92587613975209,-0.236999927929289,0.724,0.69,0.999999995486421,0.907675749460103,39.0,146.0,0.14201183431952663,119.0,54.0,0.6863905325443787,0.544378698224852
cd4_12h_vs_24h,cd4_12h,cd4_24h,REACTOME_PHOSPHOLIPID_METABOLISM,Vanilla-only significant,170,TNFAIP8L1,168,3.59717677613814e-08,9.5725425402497e-08,7.44403821911369,7.01897269497718,0.425065524136514,0.0513887607461245,0.0351222601892017,1.28913185531754,1.45441754412943,-0.165285688811893,4.42452743464991e-06,1.17742273245071e-05,1.0,1.0,2.31389997788891,2.2201503515613,0.0,0.0,True,True,False,False,False,False,0.127602311661539,0.0754446814977211,-0.0521576301638176,0.122,0.1,1.00000001737483,0.918683776185357,10.5,117.5,0.3106508875739645,77.5,112.5,0.34023668639053256,0.029585798816568087
cd4_12h_vs_24h,cd4_12h,cd4_24h,REACTOME_PHOSPHOLIPID_METABOLISM,Vanilla-only significant,170,TNFAIP8L2,169,3.59717677613814e-08,5.25612166428945e-10,7.44403821911369,9.27933459064804,-1.83529637153435,0.0513887607461245,0.136726085875245,1.28913185531754,0.864148618783426,0.42498323653411,4.42452743464991e-06,6.46502964707602e-08,1.0,1.0,2.31389997788891,2.68131114927169,0.0,0.0,True,True,False,False,False,False,0.113134628371864,0.120406547995394,0.00727191962353028,0.122,0.158,1.00000000647365,0.905657688573843,145.5,25.5,0.8550295857988166,11.5,84.5,0.5059171597633136,-0.34911242603550297
cd4_12h_vs_24h,cd4_12h,cd4_24h,REACTOME_PHOSPHOLIPID_METABOLISM,Vanilla-only significant,170,VAC14,170,3.59717677613814e-08,5.25612166428945e-10,7.44403821911369,9.27933459064804,-1.83529637153435,0.0513887607461245,0.0233436169134307,1.28913185531754,1.63183185249604,-0.342699997178508,4.42452743464991e-06,6.46502964707602e-08,1.0,1.0,2.31389997788891,2.68131114927169,0.0,0.0,True,True,False,False,False,False,0.0398003861192423,0.0543414377129412,0.0145410515936989,0.048,0.088,1.00000001767056,0.930542643027562,145.5,25.5,0.8550295857988166,93.5,91.5,0.46449704142011833,-0.3905325443786983
cd4_12h_vs_24h,cd4_12h,cd4_24h,REACTOME_PYRUVATE_METABOLISM,GenePT-only significant,26,BSG,1,0.00059618767048381,2.46964030878651e-07,3.22461700967912,6.60736629503362,-3.38274928535449,0.000313688994347936,0.0150822934297104,3.503500718082,1.82153261416016,1.68196810392185,0.0733310834695086,3.03765757980741e-05,0.0385837463047961,1.0,1.06522856619588,2.12543199928726,1.18894726823464,0.0,False,True,True,False,True,True,0.405721744031982,0.530042315693988,0.124320571662006,0.398,0.568,0.99999998006518,0.866733947473568,26.0,1.0,1.0,4.0,5.0,0.84,-0.16000000000000003
cd4_12h_vs_24h,cd4_12h,cd4_24h,REACTOME_PYRUVATE_METABOLISM,GenePT-only significant,26,DLAT,2,0.00059618767048381,0.000160158462101912,3.22461700967912,3.79545011009365,-0.570833100414529,0.000313688994347936,0.000160158462101912,3.503500718082,3.79545011009365,-0.29194939201165,0.0733310834695086,0.0196994908385352,0.0385837463047961,0.0196994908385352,1.06522856619588,1.30596515981639,1.18894726823464,1.30596515981639,False,True,True,True,True,False,0.105740430356415,0.11390239237433,0.00816196201791458,0.134,0.176,1.00000001767651,0.945916104663557,21.0,9.0,0.68,19.0,22.0,0.16,-0.52
cd4_12h_vs_24h,cd4_12h,cd4_24h,REACTOME_PYRUVATE_METABOLISM,GenePT-only significant,26,DLD,3,0.00059618767048381,1.49821174952854e-06,3.22461700967912,5.82442680135432,-2.59980979167519,0.000313688994347936,1.77726970010602e-05,3.503500718082,4.75024666314563,-1.24674594506362,0.0733310834695086,0.00018428004519201,0.0385837463047961,0.0021860417311304,1.06522856619588,1.93249105817205,1.18894726823464,1.63105534906276,False,True,True,True,True,False,0.196114061971756,0.332699241470663,0.136585179498907,0.22,0.42,1.00000000092247,0.942375584605618,25.0,2.0,0.96,23.0,11.0,0.6,-0.36
cd4_12h_vs_24h,cd4_12h,cd4_24h,REACTOME_PYRUVATE_METABOLISM,GenePT-only significant,26,GLO1,4,0.00059618767048381,1.77726970010602e-05,3.22461700967912,4.75024666314563,-1.5256296534665,0.000313688994347936,0.000160158462101912,3.503500718082,3.79545011009365,-0.29194939201165,0.0733310834695086,0.0021860417311304,0.0385837463047961,0.0196994908385352,1.06522856619588,1.63105534906276,1.18894726823464,1.30596515981639,False,True,True,True,True,False,0.232966990433184,0.372393560365663,0.139426569932479,0.246,0.404,0.999999996407154,0.912037663048416,22.5,5.5,0.82,19.0,22.0,0.16,-0.6599999999999999
cd4_12h_vs_24h,cd4_12h,cd4_24h,REACTOME_PYRUVATE_METABOLISM,GenePT-only significant,26,GSTZ1,5,0.00059618767048381,0.0010996776918826,3.22461700967912,2.95873458497628,0.26588242470284,0.000313688994347936,0.0233436169134307,3.503500718082,1.63183185249604,1.87166886558596,0.0733310834695086,0.13526035610156,0.0385837463047961,1.0,1.06522856619588,0.932110226066041,1.18894726823464,0.0,False,False,True,False,False,True,0.0363031273930549,0.0813751239749855,0.0450719965819306,0.044,0.134,0.999999982826961,0.918921717714523,10.0,20.0,0.24,3.0,4.0,0.88,0.64
cd4_12h_vs_24h,cd4_12h,cd4_24h,REACTOME_PYRUVATE_METABOLISM,GenePT-only significant,26,HAGH,6,0.00059618767048381,0.00946978291842922,3.22461700967912,2.02365997647813,1.20095703320099,0.000313688994347936,3.52341775794401e-06,3.503500718082,5.45303586115776,-1.94953514307575,0.0733310834695086,1.0,0.0385837463047961,0.000433380384227113,1.06522856619588,0.0,1.18894726823464,1.83388406114409,False,False,True,True,False,False,0.272477935016834,0.2615551303298,-0.010922804687034,0.258,0.322,1.00000007036887,0.918172277415619,2.0,7.0,0.76,26.0,3.0,0.92,0.16000000000000003
cd4_12h_vs_24h,cd4_12h,cd4_24h,REACTOME_PYRUVATE_METABOLISM,GenePT-only significant,26,LDHA,7,0.00059618767048381,0.0233436169134307,3.22461700967912,1.63183185249604,1.59278515718308,0.000313688994347936,0.0034223189265975,3.503500718082,2.46567952091782,1.03782119716418,0.0733310834695086,1.0,0.0385837463047961,0.420945227971492,1.06522856619588,0.0,1.18894726823464,0.613004412282997,False,False,True,False,False,True,1.66668929869917,2.07050666122272,0.40381736252355,0.78,0.886,1.00000002976541,0.947786890599671,1.0,4.0,0.88,8.5,13.5,0.5,-0.38
cd4_12h_vs_24h,cd4_12h,cd4_24h,REACTOME_PYRUVATE_METABOLISM,GenePT-only significant,26,LDHAL6A,8,0.00059618767048381,0.00059618767048381,3.22461700967912,3.22461700967912,0.0,0.000313688994347936,0.0010996776918826,3.503500718082,2.95873458497628,0.544766133105719,0.0733310834695086,0.0733310834695086,0.0385837463047961,0.13526035610156,1.06522856619588,1.06522856619588,1.18894726823464,0.932110226066041,False,False,True,False,False,True,0.0032500209971775,0.0,-0.0032500209971775,0.004,0.0,1.00000005520608,0.927326405161303,15.0,25.0,0.04,12.5,18.5,0.3,0.26
cd4_12h_vs_24h,cd4_12h,cd4_24h,REACTOME_PYRUVATE_METABOLISM,GenePT-only significant,26,LDHB,9,0.00059618767048381,8.03548663493119e-06,3.22461700967912,5.09498781691362,-1.8703708072345,0.000313688994347936,0.0513887607461245,3.503500718082,1.28913185531754,2.21436886276447,0.0733310834695086,0.000988364856096536,0.0385837463047961,1.0,1.06522856619588,1.73351743731473,1.18894726823464,0.0,False,True,True,False,True,True,2.39689669619515,2.65143851452642,0.254541818331271,0.984,0.982,0.999999953368703,0.943274626829919,24.0,3.0,0.92,1.0,1.0,1.0,0.07999999999999996
cd4_12h_vs_24h,cd4_12h,cd4_24h,REACTOME_PYRUVATE_METABOLISM,GenePT-only significant,26,LDHC,10,0.00059618767048381,0.0010996776918826,3.22461700967912,2.95873458497628,0.26588242470284,0.000313688994347936,0.00577645522630862,3.503500718082,2.23833858855416,1.26516212952784,0.0733310834695086,0.13526035610156,0.0385837463047961,0.71050399283596,1.06522856619588,0.932110226066041,1.18894726823464,0.385270654364906,False,False,True,False,False,True,0.0138911517511779,0.0301651278052652,0.0162739760540873,0.016,0.048,1.0000000489577,0.928386594798453,10.0,20.0,0.24,7.0,9.0,0.68,0.44000000000000006
cd4_12h_vs_24h,cd4_12h,cd4_24h,REACTOME_PYRUVATE_METABOLISM,GenePT-only significant,26,MPC1,11,0.00059618767048381,0.000313688994347936,3.22461700967912,3.503500718082,-0.278883708402879,0.000313688994347936,0.0351222601892017,3.503500718082,1.45441754412943,2.04908317395257,0.0733310834695086,0.0385837463047961,0.0385837463047961,1.0,1.06522856619588,1.18894726823464,1.18894726823464,0.0,False,True,True,False,True,True,0.158535548590391,0.229400114210778,0.0708645656203873,0.166,0.294,1.00000000223584,0.930333415059772,18.5,14.5,0.46,2.0,2.0,0.96,0.49999999999999994
cd4_12h_vs_24h,cd4_12h,cd4_24h,REACTOME_PYRUVATE_METABOLISM,GenePT-only significant,26,MPC2,12,0.00059618767048381,0.00196887460329715,3.22461700967912,2.70578194299357,0.518835066685553,0.000313688994347936,0.00946978291842922,3.503500718082,2.02365997647813,1.47984074160387,0.0733310834695086,0.242171576205549,0.0385837463047961,1.0,1.06522856619588,0.784778205325666,1.18894726823464,0.0,False,False,True,False,False,True,0.281472861939401,0.376585718781644,0.0951128568422425,0.29,0.438,0.9999999503772,0.925758104292616,5.0,11.0,0.6,5.5,7.5,0.74,0.14
cd4_12h_vs_24h,cd4_12h,cd4_24h,REACTOME_PYRUVATE_METABOLISM,GenePT-only significant,26,PDHA1,13,0.00059618767048381,0.00059618767048381,3.22461700967912,3.22461700967912,0.0,0.000313688994347936,8.03548663493119e-06,3.503500718082,5.09498781691362,-1.59148709883162,0.0733310834695086,0.0733310834695086,0.0385837463047961,0.000988364856096536,1.06522856619588,1.06522856619588,1.18894726823464,1.73351743731473,False,False,True,True,False,False,0.30541388883136,0.396444431302819,0.0910305424714593,0.316,0.446,1.00000002957278,0.938278869137002,15.0,25.0,0.04,25.0,6.0,0.8,0.76
cd4_12h_vs_24h,cd4_12h,cd4_24h,REACTOME_PYRUVATE_METABOLISM,GenePT-only significant,26,PDHB,14,0.00059618767048381,0.00196887460329715,3.22461700967912,2.70578194299357,0.518835066685553,0.000313688994347936,0.000160158462101912,3.503500718082,3.79545011009365,-0.29194939201165,0.0733310834695086,0.242171576205549,0.0385837463047961,0.0196994908385352,1.06522856619588,0.784778205325666,1.18894726823464,1.30596515981639,False,False,True,True,False,False,0.26983325703578,0.400033910502577,0.130200653466796,0.294,0.464,1.00000005547321,0.942837258756531,5.0,11.0,0.6,19.0,22.0,0.16,-0.43999999999999995
cd4_12h_vs_24h,cd4_12h,cd4_24h,REACTOME_PYRUVATE_METABOLISM,GenePT-only significant,26,PDHX,15,0.00059618767048381,1.77726970010602e-05,3.22461700967912,4.75024666314563,-1.5256296534665,0.000313688994347936,0.0010996776918826,3.503500718082,2.95873458497628,0.544766133105719,0.0733310834695086,0.0021860417311304,0.0385837463047961,0.13526035610156,1.06522856619588,1.63105534906276,1.18894726823464,0.932110226066041,False,True,True,False,True,True,0.0595112725542428,0.0676637425449868,0.00815246999074409,0.074,0.108,1.00000005798519,0.942183553814854,22.5,5.5,0.82,12.5,18.5,0.3,-0.52
cd4_12h_vs_24h,cd4_12h,cd4_24h,REACTOME_PYRUVATE_METABOLISM,GenePT-only significant,26,PDK1,16,0.00059618767048381,0.0010996776918826,3.22461700967912,2.95873458497628,0.26588242470284,0.000313688994347936,0.00196887460329715,3.503500718082,2.70578194299357,0.797718775088431,0.0733310834695086,0.13526035610156,0.0385837463047961,0.242171576205549,1.06522856619588,0.932110226066041,1.18894726823464,0.784778205325666,False,False,True,False,False,True,0.205516673652377,0.144712159696107,-0.0608045139562695,0.192,0.164,1.00000000492313,0.912381203438231,10.0,20.0,0.24,10.0,15.0,0.44,0.2
cd4_12h_vs_24h,cd4_12h,cd4_24h,REACTOME_PYRUVATE_METABOLISM,GenePT-only significant,26,PDK2,17,0.00059618767048381,0.00059618767048381,3.22461700967912,3.22461700967912,0.0,0.000313688994347936,7.93371655046569e-05,3.503500718082,4.1005233197136,-0.597022601631597,0.0733310834695086,0.0733310834695086,0.0385837463047961,0.0097584713570728,1.06522856619588,1.06522856619588,1.18894726823464,1.417962696362,False,False,True,True,False,False,0.0319843849065682,0.0398067485587881,0.00782236365221991,0.034,0.064,1.00000000749765,0.944573884439313,15.0,25.0,0.04,21.0,16.0,0.4,0.36000000000000004
cd4_12h_vs_24h,cd4_12h,cd4_24h,REACTOME_PYRUVATE_METABOLISM,GenePT-only significant,26,PDK3,18,0.00059618767048381,0.000313688994347936,3.22461700967912,3.503500718082,-0.278883708402879,0.000313688994347936,1.77726970010602e-05,3.503500718082,4.75024666314563,-1.24674594506362,0.0733310834695086,0.0385837463047961,0.0385837463047961,0.0021860417311304,1.06522856619588,1.18894726823464,1.18894726823464,1.63105534906276,False,True,True,True,True,False,0.0482898714348579,0.0698785560050477,0.0215886845701898,0.054,0.1,0.999999969835025,0.939599209690464,18.5,14.5,0.46,23.0,11.0,0.6,0.13999999999999996
cd4_12h_vs_24h,cd4_12h,cd4_24h,REACTOME_PYRUVATE_METABOLISM,GenePT-only significant,26,PDP1,19,0.00059618767048381,0.000313688994347936,3.22461700967912,3.503500718082,-0.278883708402879,0.000313688994347936,0.0010996776918826,3.503500718082,2.95873458497628,0.544766133105719,0.0733310834695086,0.0385837463047961,0.0385837463047961,0.13526035610156,1.06522856619588,1.18894726823464,1.18894726823464,0.932110226066041,False,True,True,False,True,True,0.016005229513119,0.0302728663925164,0.0142676368793974,0.02,0.034,0.999999988976451,0.908257243632956,18.5,14.5,0.46,12.5,18.5,0.3,-0.16000000000000003
cd4_12h_vs_24h,cd4_12h,cd4_24h,REACTOME_PYRUVATE_METABOLISM,GenePT-only significant,26,PDP2,20,0.00059618767048381,0.0010996776918826,3.22461700967912,2.95873458497628,0.26588242470284,0.000313688994347936,0.0034223189265975,3.503500718082,2.46567952091782,1.03782119716418,0.0733310834695086,0.13526035610156,0.0385837463047961,0.420945227971492,1.06522856619588,0.932110226066041,1.18894726823464,0.613004412282997,False,False,True,False,False,True,0.0581752703334078,0.0513236511345316,-0.00685161919887623,0.066,0.076,0.999999964362987,0.945017943315646,10.0,20.0,0.24,8.5,13.5,0.5,0.26
cd4_12h_vs_24h,cd4_12h,cd4_24h,REACTOME_PYRUVATE_METABOLISM,GenePT-only significant,26,PDPR,21,0.00059618767048381,0.000313688994347936,3.22461700967912,3.503500718082,-0.278883708402879,0.000313688994347936,0.00946978291842922,3.503500718082,2.02365997647813,1.47984074160387,0.0733310834695086,0.0385837463047961,0.0385837463047961,1.0,1.06522856619588,1.18894726823464,1.18894726823464,0.0,False,True,True,False,True,True,0.083090802740923,0.0476316126337666,-0.0354591901071564,0.09,0.072,1.00000007209644,0.941427685092265,18.5,14.5,0.46,5.5,7.5,0.74,0.27999999999999997
cd4_12h_vs_24h,cd4_12h,cd4_24h,REACTOME_PYRUVATE_METABOLISM,GenePT-only significant,26,PPARD,22,0.00059618767048381,0.0010996776918826,3.22461700967912,2.95873458497628,0.26588242470284,0.000313688994347936,0.00059618767048381,3.503500718082,3.22461700967912,0.278883708402879,0.0733310834695086,0.13526035610156,0.0385837463047961,0.0733310834695086,1.06522856619588,0.932110226066041,1.18894726823464,1.06522856619588,False,False,True,False,False,True,0.0353155669785583,0.0260279912664397,-0.00928757571211862,0.04,0.044,0.999999995367356,0.916396910993556,10.0,20.0,0.24,16.0,25.0,0.04,-0.19999999999999998
cd4_12h_vs_24h,cd4_12h,cd4_24h,REACTOME_PYRUVATE_METABOLISM,GenePT-only significant,26,RXRA,23,0.00059618767048381,0.0010996776918826,3.22461700967912,2.95873458497628,0.26588242470284,0.000313688994347936,0.00059618767048381,3.503500718082,3.22461700967912,0.278883708402879,0.0733310834695086,0.13526035610156,0.0385837463047961,0.0733310834695086,1.06522856619588,0.932110226066041,1.18894726823464,1.06522856619588,False,False,True,False,False,True,0.0100388523041492,0.00368549581056401,-0.00635335649358517,0.008,0.006,1.00000004634002,0.86043561180993,10.0,20.0,0.24,16.0,25.0,0.04,-0.19999999999999998
cd4_12h_vs_24h,cd4_12h,cd4_24h,REACTOME_PYRUVATE_METABOLISM,GenePT-only significant,26,SLC16A1,24,0.00059618767048381,0.00196887460329715,3.22461700967912,2.70578194299357,0.518835066685553,0.000313688994347936,0.00059618767048381,3.503500718082,3.22461700967912,0.278883708402879,0.0733310834695086,0.242171576205549,0.0385837463047961,0.0733310834695086,1.06522856619588,0.784778205325666,1.18894726823464,1.06522856619588,False,False,True,False,False,True,0.115101747296064,0.105930600124589,-0.0091711471714752,0.134,0.16,1.00000003564671,0.936653441423559,5.0,11.0,0.6,16.0,25.0,0.04,-0.5599999999999999
cd4_12h_vs_24h,cd4_12h,cd4_24h,REACTOME_PYRUVATE_METABOLISM,GenePT-only significant,26,SLC16A3,25,0.00059618767048381,0.0010996776918826,3.22461700967912,2.95873458497628,0.26588242470284,0.000313688994347936,0.0010996776918826,3.503500718082,2.95873458497628,0.544766133105719,0.0733310834695086,0.13526035610156,0.0385837463047961,0.13526035610156,1.06522856619588,0.932110226066041,1.18894726823464,0.932110226066041,False,False,True,False,False,True,0.0272819952957111,0.0319837498300777,0.00470175453436663,0.032,0.042,1.0000000092343,0.903005849244779,10.0,20.0,0.24,12.5,18.5,0.3,0.06
cd4_12h_vs_24h,cd4_12h,cd4_24h,REACTOME_PYRUVATE_METABOLISM,GenePT-only significant,26,VDAC1,26,0.00059618767048381,0.0034223189265975,3.22461700967912,2.46567952091782,0.758937488761304,0.000313688994347936,1.77726970010602e-05,3.503500718082,4.75024666314563,-1.24674594506362,0.0733310834695086,0.420945227971492,0.0385837463047961,0.0021860417311304,1.06522856619588,0.613004412282997,1.18894726823464,1.63105534906276,False,False,True,True,False,False,0.944681534904364,1.10584371336637,0.161162178462003,0.636,0.724,0.999999989483683,0.914251030436454,3.0,8.0,0.72,23.0,11.0,0.6,-0.12
cd4_12h_vs_24h,cd4_12h,cd4_24h,REACTOME_SULFUR_AMINO_ACID_METABOLISM,GenePT-only significant,23,ADI1,1,0.00059618767048381,0.00946978291842922,3.22461700967912,2.02365997647813,1.20095703320099,7.93371655046569e-05,0.000160158462101912,4.1005233197136,3.79545011009365,0.305073209619947,0.0733310834695086,1.0,0.0097584713570728,0.0196994908385352,1.06522856619588,0.0,1.417962696362,1.30596515981639,False,False,True,True,False,False,0.171008975842513,0.256893248296336,0.0858842724538232,0.172,0.306,0.999999993905623,0.931497199974209,3.0,3.0,0.9090909090909091,13.0,20.0,0.13636363636363635,-0.7727272727272727
cd4_12h_vs_24h,cd4_12h,cd4_24h,REACTOME_SULFUR_AMINO_ACID_METABOLISM,GenePT-only significant,23,ADO,2,0.00059618767048381,0.00946978291842922,3.22461700967912,2.02365997647813,1.20095703320099,7.93371655046569e-05,0.00059618767048381,4.1005233197136,3.22461700967912,0.875906310034476,0.0733310834695086,1.0,0.0097584713570728,0.0733310834695086,1.06522856619588,0.0,1.417962696362,1.06522856619588,False,False,True,False,False,True,0.149290234583848,0.120101376015899,-0.0291888585679488,0.164,0.18,1.00000007941986,0.864084951327896,3.0,3.0,0.9090909090909091,8.0,11.0,0.5454545454545454,-0.36363636363636365
cd4_12h_vs_24h,cd4_12h,cd4_24h,REACTOME_SULFUR_AMINO_ACID_METABOLISM,GenePT-only significant,23,AHCY,3,0.00059618767048381,0.00196887460329715,3.22461700967912,2.70578194299357,0.518835066685553,7.93371655046569e-05,0.0010996776918826,4.1005233197136,2.95873458497628,1.14178873473732,0.0733310834695086,0.242171576205549,0.0097584713570728,0.13526035610156,1.06522856619588,0.784778205325666,1.417962696362,0.932110226066041,False,False,True,False,False,True,0.324795864599477,0.473603246665557,0.14880738206608,0.336,0.498,1.0000000379327,0.921811875314142,11.0,15.0,0.36363636363636365,5.5,7.5,0.7045454545454546,0.34090909090909094
cd4_12h_vs_24h,cd4_12h,cd4_24h,REACTOME_SULFUR_AMINO_ACID_METABOLISM,GenePT-only significant,23,APIP,4,0.00059618767048381,0.00946978291842922,3.22461700967912,2.02365997647813,1.20095703320099,7.93371655046569e-05,0.000313688994347936,4.1005233197136,3.503500718082,0.597022601631597,0.0733310834695086,1.0,0.0097584713570728,0.0385837463047961,1.06522856619588,0.0,1.417962696362,1.18894726823464,False,False,True,True,False,False,0.156818346335627,0.23006587734375,0.0732475310081237,0.182,0.304,1.00000008102028,0.921609082851674,3.0,3.0,0.9090909090909091,11.0,15.0,0.36363636363636365,-0.5454545454545454
cd4_12h_vs_24h,cd4_12h,cd4_24h,REACTOME_SULFUR_AMINO_ACID_METABOLISM,GenePT-only significant,23,BHMT2,5,0.00059618767048381,0.00059618767048381,3.22461700967912,3.22461700967912,0.0,7.93371655046569e-05,7.93371655046569e-05,4.1005233197136,4.1005233197136,0.0,0.0733310834695086,0.0733310834695086,0.0097584713570728,0.0097584713570728,1.06522856619588,1.06522856619588,1.417962696362,1.417962696362,False,False,True,True,False,False,0.0,0.0,0.0,0.0,0.0,1.00000001778535,0.928948385745452,17.5,21.5,0.06818181818181818,15.0,22.0,0.045454545454545456,-0.02272727272727272
cd4_12h_vs_24h,cd4_12h,cd4_24h,REACTOME_SULFUR_AMINO_ACID_METABOLISM,GenePT-only significant,23,CBS,6,0.00059618767048381,0.00059618767048381,3.22461700967912,3.22461700967912,0.0,7.93371655046569e-05,7.93371655046569e-05,4.1005233197136,4.1005233197136,0.0,0.0733310834695086,0.0733310834695086,0.0097584713570728,0.0097584713570728,1.06522856619588,1.06522856619588,1.417962696362,1.417962696362,False,False,True,True,False,False,0.0,0.000674984985610914,0.000674984985610914,0.0,0.002,0.999999992851506,0.944071825298417,17.5,21.5,0.06818181818181818,15.0,22.0,0.045454545454545456,-0.02272727272727272
cd4_12h_vs_24h,cd4_12h,cd4_24h,REACTOME_SULFUR_AMINO_ACID_METABOLISM,GenePT-only significant,23,CSAD,7,0.00059618767048381,0.00059618767048381,3.22461700967912,3.22461700967912,0.0,7.93371655046569e-05,6.1774102028672e-07,4.1005233197136,6.20919355894615,-2.10867023923255,0.0733310834695086,0.0733310834695086,0.0097584713570728,7.59821454952666e-05,1.06522856619588,1.06522856619588,1.417962696362,2.02960302707371,False,False,True,True,False,False,0.0473581275619577,0.0447545862874351,-0.0026035412745226,0.052,0.062,0.999999943204898,0.929392446744145,17.5,21.5,0.06818181818181818,23.0,1.0,1.0,0.9318181818181819
cd4_12h_vs_24h,cd4_12h,cd4_24h,REACTOME_SULFUR_AMINO_ACID_METABOLISM,GenePT-only significant,23,CTH,8,0.00059618767048381,0.0010996776918826,3.22461700967912,2.95873458497628,0.26588242470284,7.93371655046569e-05,8.03548663493119e-06,4.1005233197136,5.09498781691362,-0.994464497200023,0.0733310834695086,0.13526035610156,0.0097584713570728,0.000988364856096536,1.06522856619588,0.932110226066041,1.417962696362,1.73351743731473,False,False,True,True,False,False,0.00525710706160803,0.00698768394166366,0.00173057688005563,0.006,0.008,0.999999987611045,0.877812810781469,14.0,18.0,0.22727272727272727,21.0,9.0,0.6363636363636364,0.40909090909090906
cd4_12h_vs_24h,cd4_12h,cd4_24h,REACTOME_SULFUR_AMINO_ACID_METABOLISM,GenePT-only significant,23,ENOPH1,9,0.00059618767048381,7.93371655046569e-05,3.22461700967912,4.1005233197136,-0.875906310034476,7.93371655046569e-05,0.00059618767048381,4.1005233197136,3.22461700967912,0.875906310034476,0.0733310834695086,0.0097584713570728,0.0097584713570728,0.0733310834695086,1.06522856619588,1.417962696362,1.417962696362,1.06522856619588,False,True,True,False,True,True,0.291316369861082,0.379211795069955,0.0878954252088721,0.304,0.448,0.999999972427915,0.927854551475032,22.5,6.5,0.75,8.0,11.0,0.5454545454545454,-0.20454545454545459
cd4_12h_vs_24h,cd4_12h,cd4_24h,REACTOME_SULFUR_AMINO_ACID_METABOLISM,GenePT-only significant,23,ETHE1,10,0.00059618767048381,0.0351222601892017,3.22461700967912,1.45441754412943,1.7701994655497,7.93371655046569e-05,0.0034223189265975,4.1005233197136,2.46567952091782,1.63484379879578,0.0733310834695086,1.0,0.0097584713570728,0.420945227971492,1.06522856619588,0.0,1.417962696362,0.613004412282997,False,False,True,False,False,True,0.233686637899212,0.494481293467628,0.260794655568416,0.222,0.498,1.00000003230376,0.942757782385432,1.0,1.0,1.0,2.0,3.0,0.9090909090909091,-0.09090909090909094
cd4_12h_vs_24h,cd4_12h,cd4_24h,REACTOME_SULFUR_AMINO_ACID_METABOLISM,GenePT-only significant,23,GOT1,11,0.00059618767048381,0.00196887460329715,3.22461700967912,2.70578194299357,0.518835066685553,7.93371655046569e-05,0.000313688994347936,4.1005233197136,3.503500718082,0.597022601631597,0.0733310834695086,0.242171576205549,0.0097584713570728,0.0385837463047961,1.06522856619588,0.784778205325666,1.417962696362,1.18894726823464,False,False,True,True,False,False,0.197177426480904,0.155852382319847,-0.0413250441610578,0.21,0.21,0.999999889501654,0.904498758215016,11.0,15.0,0.36363636363636365,11.0,15.0,0.36363636363636365,0.0
cd4_12h_vs_24h,cd4_12h,cd4_24h,REACTOME_SULFUR_AMINO_ACID_METABOLISM,GenePT-only significant,23,GOT2,12,0.00059618767048381,0.0010996776918826,3.22461700967912,2.95873458497628,0.26588242470284,7.93371655046569e-05,1.77726970010602e-05,4.1005233197136,4.75024666314563,-0.649723343432027,0.0733310834695086,0.13526035610156,0.0097584713570728,0.0021860417311304,1.06522856619588,0.932110226066041,1.417962696362,1.63105534906276,False,False,True,True,False,False,0.125881141195893,0.203898419251939,0.0780172780560461,0.15,0.29,0.999999987275859,0.931359058532624,14.0,18.0,0.22727272727272727,20.0,13.0,0.45454545454545453,0.22727272727272727
cd4_12h_vs_24h,cd4_12h,cd4_24h,REACTOME_SULFUR_AMINO_ACID_METABOLISM,GenePT-only significant,23,MPST,13,0.00059618767048381,0.0034223189265975,3.22461700967912,2.46567952091782,0.758937488761304,7.93371655046569e-05,7.93371655046569e-05,4.1005233197136,4.1005233197136,0.0,0.0733310834695086,0.420945227971492,0.0097584713570728,0.0097584713570728,1.06522856619588,0.613004412282997,1.417962696362,1.417962696362,False,False,True,True,False,False,0.00766033980448413,0.0201708530159285,0.0125105132114444,0.008,0.024,0.999999956854466,0.935521152156354,7.5,9.5,0.6136363636363636,15.0,22.0,0.045454545454545456,-0.5681818181818182
cd4_12h_vs_24h,cd4_12h,cd4_24h,REACTOME_SULFUR_AMINO_ACID_METABOLISM,GenePT-only significant,23,MRI1,14,0.00059618767048381,0.00196887460329715,3.22461700967912,2.70578194299357,0.518835066685553,7.93371655046569e-05,0.00196887460329715,4.1005233197136,2.70578194299357,1.39474137672003,0.0733310834695086,0.242171576205549,0.0097584713570728,0.242171576205549,1.06522856619588,0.784778205325666,1.417962696362,0.784778205325666,False,False,True,False,False,True,0.0675035249833079,0.0950849363122152,0.0275814113289073,0.074,0.136,0.999999953277098,0.938421835830476,11.0,15.0,0.36363636363636365,3.5,4.5,0.8409090909090909,0.4772727272727273
cd4_12h_vs_24h,cd4_12h,cd4_24h,REACTOME_SULFUR_AMINO_ACID_METABOLISM,GenePT-only significant,23,MTAP,15,0.00059618767048381,0.00577645522630862,3.22461700967912,2.23833858855416,0.986278421124963,7.93371655046569e-05,3.81265104892234e-05,4.1005233197136,4.41877294150378,-0.318249621790182,0.0733310834695086,0.71050399283596,0.0097584713570728,0.00468956079017448,1.06522856619588,0.385270654364906,1.417962696362,1.52606285259303,False,False,True,True,False,False,0.153542690789482,0.171307358402244,0.0177646676127624,0.18,0.24,0.999999974925673,0.928871586894133,5.0,5.0,0.8181818181818182,18.0,18.0,0.22727272727272727,-0.5909090909090909
cd4_12h_vs_24h,cd4_12h,cd4_24h,REACTOME_SULFUR_AMINO_ACID_METABOLISM,GenePT-only significant,23,MTR,16,0.00059618767048381,0.0034223189265975,3.22461700967912,2.46567952091782,0.758937488761304,7.93371655046569e-05,0.0010996776918826,4.1005233197136,2.95873458497628,1.14178873473732,0.0733310834695086,0.420945227971492,0.0097584713570728,0.13526035610156,1.06522856619588,0.613004412282997,1.417962696362,0.932110226066041,False,False,True,False,False,True,0.17682808747665,0.139030553452329,-0.0377975340243215,0.182,0.192,0.999999969835617,0.938271213337833,7.5,9.5,0.6136363636363636,5.5,7.5,0.7045454545454546,0.09090909090909094
cd4_12h_vs_24h,cd4_12h,cd4_24h,REACTOME_SULFUR_AMINO_ACID_METABOLISM,GenePT-only significant,23,MTRR,17,0.00059618767048381,0.000160158462101912,3.22461700967912,3.79545011009365,-0.570833100414529,7.93371655046569e-05,0.00059618767048381,4.1005233197136,3.22461700967912,0.875906310034476,0.0733310834695086,0.0196994908385352,0.0097584713570728,0.0733310834695086,1.06522856619588,1.30596515981639,1.417962696362,1.06522856619588,False,True,True,False,True,True,0.0880222530123002,0.0815719614804928,-0.0064502915318074,0.1,0.112,1.00000008179714,0.93581876653861,20.5,12.5,0.4772727272727273,8.0,11.0,0.5454545454545454,0.06818181818181812
cd4_12h_vs_24h,cd4_12h,cd4_24h,REACTOME_SULFUR_AMINO_ACID_METABOLISM,GenePT-only significant,23,SLC25A10,18,0.00059618767048381,0.0034223189265975,3.22461700967912,2.46567952091782,0.758937488761304,7.93371655046569e-05,3.52341775794401e-06,4.1005233197136,5.45303586115776,-1.35251254144416,0.0733310834695086,0.420945227971492,0.0097584713570728,0.000433380384227113,1.06522856619588,0.613004412282997,1.417962696362,1.83388406114409,False,False,True,True,False,False,0.0114572691472267,0.0500997630308087,0.038642493883582,0.016,0.094,1.0000000642185,0.930440897083762,7.5,9.5,0.6136363636363636,22.0,6.0,0.7727272727272727,0.15909090909090906
cd4_12h_vs_24h,cd4_12h,cd4_24h,REACTOME_SULFUR_AMINO_ACID_METABOLISM,GenePT-only significant,23,SQOR,19,0.00059618767048381,0.0034223189265975,3.22461700967912,2.46567952091782,0.758937488761304,7.93371655046569e-05,0.00946978291842922,4.1005233197136,2.02365997647813,2.07686334323547,0.0733310834695086,0.420945227971492,0.0097584713570728,1.0,1.06522856619588,0.613004412282997,1.417962696362,0.0,False,False,True,False,False,True,0.151106519540254,0.334895304313859,0.183788784773604,0.154,0.374,0.99999996921668,0.93326913815343,7.5,9.5,0.6136363636363636,1.0,2.0,0.9545454545454546,0.34090909090909094
cd4_12h_vs_24h,cd4_12h,cd4_24h,REACTOME_SULFUR_AMINO_ACID_METABOLISM,GenePT-only significant,23,SUOX,20,0.00059618767048381,0.0010996776918826,3.22461700967912,2.95873458497628,0.26588242470284,7.93371655046569e-05,3.81265104892234e-05,4.1005233197136,4.41877294150378,-0.318249621790182,0.0733310834695086,0.13526035610156,0.0097584713570728,0.00468956079017448,1.06522856619588,0.932110226066041,1.417962696362,1.52606285259303,False,False,True,True,False,False,0.00403970813858251,0.00286874429096295,-0.00117096384761956,0.004,0.004,0.999999982390482,0.925790057372447,14.0,18.0,0.22727272727272727,18.0,18.0,0.22727272727272727,0.0
cd4_12h_vs_24h,cd4_12h,cd4_24h,REACTOME_SULFUR_AMINO_ACID_METABOLISM,GenePT-only significant,23,TST,21,0.00059618767048381,0.00059618767048381,3.22461700967912,3.22461700967912,0.0,7.93371655046569e-05,3.81265104892234e-05,4.1005233197136,4.41877294150378,-0.318249621790182,0.0733310834695086,0.0733310834695086,0.0097584713570728,0.00468956079017448,1.06522856619588,1.06522856619588,1.417962696362,1.52606285259303,False,False,True,True,False,False,0.0012856814317451,0.00181985625519478,0.000534174823449684,0.002,0.004,1.00000008166551,0.936597231506899,17.5,21.5,0.06818181818181818,18.0,18.0,0.22727272727272727,0.1590909090909091
cd4_12h_vs_24h,cd4_12h,cd4_24h,REACTOME_SULFUR_AMINO_ACID_METABOLISM,GenePT-only significant,23,TSTD1,22,0.00059618767048381,7.93371655046569e-05,3.22461700967912,4.1005233197136,-0.875906310034476,7.93371655046569e-05,0.000313688994347936,4.1005233197136,3.503500718082,0.597022601631597,0.0733310834695086,0.0097584713570728,0.0097584713570728,0.0385837463047961,1.06522856619588,1.417962696362,1.417962696362,1.18894726823464,False,True,True,True,True,False,0.300921298709621,0.342994685457605,0.0420733867479839,0.274,0.4,1.00000008166551,0.936597231506899,22.5,6.5,0.75,11.0,15.0,0.36363636363636365,-0.38636363636363635
cd4_12h_vs_24h,cd4_12h,cd4_24h,REACTOME_SULFUR_AMINO_ACID_METABOLISM,GenePT-only significant,23,TXN2,23,0.00059618767048381,0.000160158462101912,3.22461700967912,3.79545011009365,-0.570833100414529,7.93371655046569e-05,0.00196887460329715,4.1005233197136,2.70578194299357,1.39474137672003,0.0733310834695086,0.0196994908385352,0.0097584713570728,0.242171576205549,1.06522856619588,1.30596515981639,1.417962696362,0.784778205325666,False,True,True,False,True,True,0.427983059435989,0.653030094600492,0.225047035164503,0.416,0.612,1.00000001362335,0.932011124472277,20.5,12.5,0.4772727272727273,3.5,4.5,0.8409090909090909,0.36363636363636365
cd4_12h_vs_24h,cd4_12h,cd4_24h,REACTOME_SYNTHESIS_OF_SUBSTRATES_IN_N_GLYCAN_BIOSYTHESIS,GenePT-only significant,52,ALG5,1,0.00196887460329715,0.00196887460329715,2.70578194299357,2.70578194299357,0.0,7.93371655046569e-05,0.00059618767048381,4.1005233197136,3.22461700967912,0.875906310034476,0.242171576205549,0.242171576205549,0.0097584713570728,0.0733310834695086,0.784778205325666,0.784778205325666,1.417962696362,1.06522856619588,False,False,True,False,False,True,0.33981557200465,0.246018441538542,-0.093797130466108,0.35,0.33,0.999999995357044,0.933759197858941,18.5,47.5,0.08823529411764706,15.5,20.5,0.6176470588235294,0.5294117647058824
cd4_12h_vs_24h,cd4_12h,cd4_24h,REACTOME_SYNTHESIS_OF_SUBSTRATES_IN_N_GLYCAN_BIOSYTHESIS,GenePT-only significant,52,AMDHD2,2,0.00196887460329715,0.0010996776918826,2.70578194299357,2.95873458497628,-0.252952641982712,7.93371655046569e-05,7.93371655046569e-05,4.1005233197136,4.1005233197136,0.0,0.242171576205549,0.13526035610156,0.0097584713570728,0.0097584713570728,0.784778205325666,0.932110226066041,1.417962696362,1.417962696362,False,False,True,True,False,False,0.0353622413818985,0.0626109688705107,0.0272487274886123,0.036,0.098,0.999999999323871,0.921182343337458,28.0,32.0,0.39215686274509803,36.0,50.0,0.0392156862745098,-0.3529411764705882
cd4_12h_vs_24h,cd4_12h,cd4_24h,REACTOME_SYNTHESIS_OF_SUBSTRATES_IN_N_GLYCAN_BIOSYTHESIS,GenePT-only significant,52,CMAS,3,0.00196887460329715,0.00196887460329715,2.70578194299357,2.70578194299357,0.0,7.93371655046569e-05,0.000313688994347936,4.1005233197136,3.503500718082,0.597022601631597,0.242171576205549,0.242171576205549,0.0097584713570728,0.0385837463047961,0.784778205325666,0.784778205325666,1.417962696362,1.18894726823464,False,False,True,True,False,False,0.132414377225537,0.222842505007347,0.0904281277818099,0.152,0.31,1.00000002300119,0.929144911454737,18.5,47.5,0.08823529411764706,23.0,35.0,0.3333333333333333,0.24509803921568624
cd4_12h_vs_24h,cd4_12h,cd4_24h,REACTOME_SYNTHESIS_OF_SUBSTRATES_IN_N_GLYCAN_BIOSYTHESIS,GenePT-only significant,52,CTSA,4,0.00196887460329715,0.0731481276708723,2.70578194299357,1.13579678577401,1.56998515721956,7.93371655046569e-05,0.00196887460329715,4.1005233197136,2.70578194299357,1.39474137672003,0.242171576205549,1.0,0.0097584713570728,0.242171576205549,0.784778205325666,0.0,1.417962696362,0.784778205325666,False,False,True,False,False,True,0.112998635863602,0.272541631859728,0.159542995996126,0.122,0.342,0.999999928922229,0.923604652965515,1.0,3.0,0.9607843137254902,6.5,7.5,0.8725490196078431,-0.08823529411764708
cd4_12h_vs_24h,cd4_12h,cd4_24h,REACTOME_SYNTHESIS_OF_SUBSTRATES_IN_N_GLYCAN_BIOSYTHESIS,GenePT-only significant,52,DHDDS,5,0.00196887460329715,0.00059618767048381,2.70578194299357,3.22461700967912,-0.518835066685553,7.93371655046569e-05,0.00196887460329715,4.1005233197136,2.70578194299357,1.39474137672003,0.242171576205549,0.0733310834695086,0.0097584713570728,0.242171576205549,0.784778205325666,1.06522856619588,1.417962696362,0.784778205325666,False,False,True,False,False,True,0.109989741682211,0.115417562628655,0.0054278209464439,0.124,0.162,0.999999955448324,0.918673089829672,37.5,20.5,0.6176470588235294,6.5,7.5,0.8725490196078431,0.2549019607843137
cd4_12h_vs_24h,cd4_12h,cd4_24h,REACTOME_SYNTHESIS_OF_SUBSTRATES_IN_N_GLYCAN_BIOSYTHESIS,GenePT-only significant,52,DOLK,6,0.00196887460329715,0.0034223189265975,2.70578194299357,2.46567952091782,0.240102422075751,7.93371655046569e-05,3.81265104892234e-05,4.1005233197136,4.41877294150378,-0.318249621790182,0.242171576205549,0.420945227971492,0.0097584713570728,0.00468956079017448,0.784778205325666,0.613004412282997,1.417962696362,1.52606285259303,False,False,True,True,False,False,0.0302668763428528,0.0215488471186709,-0.00871802922418196,0.04,0.04,0.999999919646635,0.917516292058103,10.5,39.5,0.24509803921568626,39.5,39.5,0.24509803921568626,0.0
cd4_12h_vs_24h,cd4_12h,cd4_24h,REACTOME_SYNTHESIS_OF_SUBSTRATES_IN_N_GLYCAN_BIOSYTHESIS,GenePT-only significant,52,DOLPP1,7,0.00196887460329715,0.0010996776918826,2.70578194299357,2.95873458497628,-0.252952641982712,7.93371655046569e-05,1.77726970010602e-05,4.1005233197136,4.75024666314563,-0.649723343432027,0.242171576205549,0.13526035610156,0.0097584713570728,0.0021860417311304,0.784778205325666,0.932110226066041,1.417962696362,1.63105534906276,False,False,True,True,False,False,0.0233656690877082,0.0360952588191835,0.0127295897314753,0.028,0.062,0.999999997862122,0.918037038382637,28.0,32.0,0.39215686274509803,44.0,28.0,0.47058823529411764,0.0784313725490196
cd4_12h_vs_24h,cd4_12h,cd4_24h,REACTOME_SYNTHESIS_OF_SUBSTRATES_IN_N_GLYCAN_BIOSYTHESIS,GenePT-only significant,52,DPM1,8,0.00196887460329715,0.0351222601892017,2.70578194299357,1.45441754412943,1.25136439886414,7.93371655046569e-05,0.00059618767048381,4.1005233197136,3.22461700967912,0.875906310034476,0.242171576205549,1.0,0.0097584713570728,0.0733310834695086,0.784778205325666,0.0,1.417962696362,1.06522856619588,False,False,True,False,False,True,0.313222438954638,0.292062690986322,-0.0211597479683158,0.32,0.382,0.999999991317894,0.929375747803723,2.5,4.5,0.9313725490196079,15.5,20.5,0.6176470588235294,-0.3137254901960784
cd4_12h_vs_24h,cd4_12h,cd4_24h,REACTOME_SYNTHESIS_OF_SUBSTRATES_IN_N_GLYCAN_BIOSYTHESIS,GenePT-only significant,52,DPM2,9,0.00196887460329715,0.00059618767048381,2.70578194299357,3.22461700967912,-0.518835066685553,7.93371655046569e-05,0.000313688994347936,4.1005233197136,3.503500718082,0.597022601631597,0.242171576205549,0.0733310834695086,0.0097584713570728,0.0385837463047961,0.784778205325666,1.06522856619588,1.417962696362,1.18894726823464,False,False,True,True,False,False,0.272252355599157,0.318773510738531,0.0465211551393737,0.298,0.386,1.00000002151964,0.920645150208065,37.5,20.5,0.6176470588235294,23.0,35.0,0.3333333333333333,-0.2843137254901961
cd4_12h_vs_24h,cd4_12h,cd4_24h,REACTOME_SYNTHESIS_OF_SUBSTRATES_IN_N_GLYCAN_BIOSYTHESIS,GenePT-only significant,52,DPM3,10,0.00196887460329715,3.81265104892234e-05,2.70578194299357,4.41877294150378,-1.71299099851021,7.93371655046569e-05,0.00577645522630862,4.1005233197136,2.23833858855416,1.86218473115944,0.242171576205549,0.00468956079017448,0.0097584713570728,0.71050399283596,0.784778205325666,1.52606285259303,1.417962696362,0.385270654364906,False,True,True,False,True,True,0.122950034049159,0.172929954980461,0.0499799209313024,0.13,0.238,0.999999951801223,0.925608460353281,51.0,2.0,0.9803921568627451,4.5,5.5,0.9117647058823529,-0.06862745098039214
cd4_12h_vs_24h,cd4_12h,cd4_24h,REACTOME_SYNTHESIS_OF_SUBSTRATES_IN_N_GLYCAN_BIOSYTHESIS,GenePT-only significant,52,FPGT,11,0.00196887460329715,0.0010996776918826,2.70578194299357,2.95873458497628,-0.252952641982712,7.93371655046569e-05,0.00059618767048381,4.1005233197136,3.22461700967912,0.875906310034476,0.242171576205549,0.13526035610156,0.0097584713570728,0.0733310834695086,0.784778205325666,0.932110226066041,1.417962696362,1.06522856619588,False,False,True,False,False,True,0.0181938953856732,0.0274909530850341,0.00929705769936092,0.018,0.046,1.00000003971761,0.921916573029568,28.0,32.0,0.39215686274509803,15.5,20.5,0.6176470588235294,0.2254901960784314
cd4_12h_vs_24h,cd4_12h,cd4_24h,REACTOME_SYNTHESIS_OF_SUBSTRATES_IN_N_GLYCAN_BIOSYTHESIS,GenePT-only significant,52,FUOM,12,0.00196887460329715,0.0150822934297104,2.70578194299357,1.82153261416016,0.884249328833414,7.93371655046569e-05,0.0233436169134307,4.1005233197136,1.63183185249604,2.46869146721756,0.242171576205549,1.0,0.0097584713570728,1.0,0.784778205325666,0.0,1.417962696362,0.0,False,False,True,False,False,True,0.218477363465458,0.353954367085269,0.135477003619811,0.238,0.42,1.00000002116969,0.900125175458496,4.5,10.5,0.8137254901960784,2.5,3.5,0.9509803921568627,0.13725490196078427
cd4_12h_vs_24h,cd4_12h,cd4_24h,REACTOME_SYNTHESIS_OF_SUBSTRATES_IN_N_GLYCAN_BIOSYTHESIS,GenePT-only significant,52,GFPT1,13,0.00196887460329715,0.0010996776918826,2.70578194299357,2.95873458497628,-0.252952641982712,7.93371655046569e-05,1.77726970010602e-05,4.1005233197136,4.75024666314563,-0.649723343432027,0.242171576205549,0.13526035610156,0.0097584713570728,0.0021860417311304,0.784778205325666,0.932110226066041,1.417962696362,1.63105534906276,False,False,True,True,False,False,0.123971534465481,0.121280021437148,-0.00269151302833383,0.14,0.18,1.00000003144987,0.923274162560952,28.0,32.0,0.39215686274509803,44.0,28.0,0.47058823529411764,0.0784313725490196
cd4_12h_vs_24h,cd4_12h,cd4_24h,REACTOME_SYNTHESIS_OF_SUBSTRATES_IN_N_GLYCAN_BIOSYTHESIS,GenePT-only significant,52,GFPT2,14,0.00196887460329715,0.00196887460329715,2.70578194299357,2.70578194299357,0.0,7.93371655046569e-05,7.93371655046569e-05,4.1005233197136,4.1005233197136,0.0,0.242171576205549,0.242171576205549,0.0097584713570728,0.0097584713570728,0.784778205325666,0.784778205325666,1.417962696362,1.417962696362,False,False,True,True,False,False,0.0,0.0,0.0,0.0,0.0,0.999999963686583,0.923569339183961,18.5,47.5,0.08823529411764706,36.0,50.0,0.0392156862745098,-0.04901960784313726
cd4_12h_vs_24h,cd4_12h,cd4_24h,REACTOME_SYNTHESIS_OF_SUBSTRATES_IN_N_GLYCAN_BIOSYTHESIS,GenePT-only significant,52,GLB1,15,0.00196887460329715,0.00059618767048381,2.70578194299357,3.22461700967912,-0.518835066685553,7.93371655046569e-05,8.03548663493119e-06,4.1005233197136,5.09498781691362,-0.994464497200023,0.242171576205549,0.0733310834695086,0.0097584713570728,0.000988364856096536,0.784778205325666,1.06522856619588,1.417962696362,1.73351743731473,False,False,True,True,False,False,0.060852783673088,0.0764010555168053,0.0155482718437173,0.076,0.124,0.999999981952397,0.939388883208727,37.5,20.5,0.6176470588235294,48.5,15.5,0.7156862745098039,0.0980392156862745
cd4_12h_vs_24h,cd4_12h,cd4_24h,REACTOME_SYNTHESIS_OF_SUBSTRATES_IN_N_GLYCAN_BIOSYTHESIS,GenePT-only significant,52,GMDS,16,0.00196887460329715,0.000160158462101912,2.70578194299357,3.79545011009365,-1.08966816710008,7.93371655046569e-05,0.0233436169134307,4.1005233197136,1.63183185249604,2.46869146721756,0.242171576205549,0.0196994908385352,0.0097584713570728,1.0,0.784778205325666,1.30596515981639,1.417962696362,0.0,False,True,True,False,True,True,0.144842920056513,0.168367056957149,0.0235241369006365,0.168,0.24,0.999999959641437,0.892039828651984,48.5,7.5,0.8725490196078431,2.5,3.5,0.9509803921568627,0.07843137254901955
cd4_12h_vs_24h,cd4_12h,cd4_24h,REACTOME_SYNTHESIS_OF_SUBSTRATES_IN_N_GLYCAN_BIOSYTHESIS,GenePT-only significant,52,GMPPA,17,0.00196887460329715,0.000160158462101912,2.70578194299357,3.79545011009365,-1.08966816710008,7.93371655046569e-05,0.00059618767048381,4.1005233197136,3.22461700967912,0.875906310034476,0.242171576205549,0.0196994908385352,0.0097584713570728,0.0733310834695086,0.784778205325666,1.30596515981639,1.417962696362,1.06522856619588,False,True,True,False,True,True,0.0923978558605625,0.127563799353962,0.0351659434933992,0.108,0.202,1.00000010247515,0.932020760869258,48.5,7.5,0.8725490196078431,15.5,20.5,0.6176470588235294,-0.2549019607843137
cd4_12h_vs_24h,cd4_12h,cd4_24h,REACTOME_SYNTHESIS_OF_SUBSTRATES_IN_N_GLYCAN_BIOSYTHESIS,GenePT-only significant,52,GMPPB,18,0.00196887460329715,0.0034223189265975,2.70578194299357,2.46567952091782,0.240102422075751,7.93371655046569e-05,0.000160158462101912,4.1005233197136,3.79545011009365,0.305073209619947,0.242171576205549,0.420945227971492,0.0097584713570728,0.0196994908385352,0.784778205325666,0.613004412282997,1.417962696362,1.30596515981639,False,False,True,True,False,False,0.121128683353794,0.168910850642448,0.0477821672886544,0.146,0.246,0.999999997343371,0.932463162980984,10.5,39.5,0.24509803921568626,30.0,44.0,0.1568627450980392,-0.08823529411764705
cd4_12h_vs_24h,cd4_12h,cd4_24h,REACTOME_SYNTHESIS_OF_SUBSTRATES_IN_N_GLYCAN_BIOSYTHESIS,GenePT-only significant,52,GNE,19,0.00196887460329715,0.0034223189265975,2.70578194299357,2.46567952091782,0.240102422075751,7.93371655046569e-05,0.000160158462101912,4.1005233197136,3.79545011009365,0.305073209619947,0.242171576205549,0.420945227971492,0.0097584713570728,0.0196994908385352,0.784778205325666,0.613004412282997,1.417962696362,1.30596515981639,False,False,True,True,False,False,0.0144115673072353,0.0100525530748545,-0.00435901423238073,0.018,0.018,1.00000001580574,0.93983837210991,10.5,39.5,0.24509803921568626,30.0,44.0,0.1568627450980392,-0.08823529411764705
cd4_12h_vs_24h,cd4_12h,cd4_24h,REACTOME_SYNTHESIS_OF_SUBSTRATES_IN_N_GLYCAN_BIOSYTHESIS,GenePT-only significant,52,GNPNAT1,20,0.00196887460329715,0.0010996776918826,2.70578194299357,2.95873458497628,-0.252952641982712,7.93371655046569e-05,1.77726970010602e-05,4.1005233197136,4.75024666314563,-0.649723343432027,0.242171576205549,0.13526035610156,0.0097584713570728,0.0021860417311304,0.784778205325666,0.932110226066041,1.417962696362,1.63105534906276,False,False,True,True,False,False,0.118459607744826,0.163291179535018,0.0448315717901919,0.132,0.24,1.00000006274068,0.934148566020772,28.0,32.0,0.39215686274509803,44.0,28.0,0.47058823529411764,0.0784313725490196
cd4_12h_vs_24h,cd4_12h,cd4_24h,REACTOME_SYNTHESIS_OF_SUBSTRATES_IN_N_GLYCAN_BIOSYTHESIS,GenePT-only significant,52,MPI,21,0.00196887460329715,0.00059618767048381,2.70578194299357,3.22461700967912,-0.518835066685553,7.93371655046569e-05,0.00059618767048381,4.1005233197136,3.22461700967912,0.875906310034476,0.242171576205549,0.0733310834695086,0.0097584713570728,0.0733310834695086,0.784778205325666,1.06522856619588,1.417962696362,1.06522856619588,False,False,True,False,False,True,0.0851392845476974,0.106433360328397,0.0212940757806992,0.102,0.154,1.00000000802001,0.893542357357193,37.5,20.5,0.6176470588235294,15.5,20.5,0.6176470588235294,0.0
cd4_12h_vs_24h,cd4_12h,cd4_24h,REACTOME_SYNTHESIS_OF_SUBSTRATES_IN_N_GLYCAN_BIOSYTHESIS,GenePT-only significant,52,MVD,22,0.00196887460329715,0.0034223189265975,2.70578194299357,2.46567952091782,0.240102422075751,7.93371655046569e-05,1.77726970010602e-05,4.1005233197136,4.75024666314563,-0.649723343432027,0.242171576205549,0.420945227971492,0.0097584713570728,0.0021860417311304,0.784778205325666,0.613004412282997,1.417962696362,1.63105534906276,False,False,True,True,False,False,0.122657235187046,0.104548292514078,-0.0181089426729673,0.144,0.146,1.00000006215067,0.884617539027708,10.5,39.5,0.24509803921568626,44.0,28.0,0.47058823529411764,0.22549019607843138
cd4_12h_vs_24h,cd4_12h,cd4_24h,REACTOME_SYNTHESIS_OF_SUBSTRATES_IN_N_GLYCAN_BIOSYTHESIS,GenePT-only significant,52,NAGK,23,0.00196887460329715,0.00196887460329715,2.70578194299357,2.70578194299357,0.0,7.93371655046569e-05,0.000313688994347936,4.1005233197136,3.503500718082,0.597022601631597,0.242171576205549,0.242171576205549,0.0097584713570728,0.0385837463047961,0.784778205325666,0.784778205325666,1.417962696362,1.18894726823464,False,False,True,True,False,False,0.232896204586645,0.254687976843035,0.0217917722563906,0.25,0.332,0.999999936148369,0.925823896750497,18.5,47.5,0.08823529411764706,23.0,35.0,0.3333333333333333,0.24509803921568624
cd4_12h_vs_24h,cd4_12h,cd4_24h,REACTOME_SYNTHESIS_OF_SUBSTRATES_IN_N_GLYCAN_BIOSYTHESIS,GenePT-only significant,52,NANP,24,0.00196887460329715,0.00059618767048381,2.70578194299357,3.22461700967912,-0.518835066685553,7.93371655046569e-05,3.52341775794401e-06,4.1005233197136,5.45303586115776,-1.35251254144416,0.242171576205549,0.0733310834695086,0.0097584713570728,0.000433380384227113,0.784778205325666,1.06522856619588,1.417962696362,1.83388406114409,False,False,True,True,False,False,0.014874862338632,0.0316098568253468,0.0167349944867148,0.018,0.048,1.00000006158783,0.921363941408356,37.5,20.5,0.6176470588235294,50.5,9.5,0.8333333333333334,0.21568627450980393
cd4_12h_vs_24h,cd4_12h,cd4_24h,REACTOME_SYNTHESIS_OF_SUBSTRATES_IN_N_GLYCAN_BIOSYTHESIS,GenePT-only significant,52,NANS,25,0.00196887460329715,0.000313688994347936,2.70578194299357,3.503500718082,-0.797718775088431,7.93371655046569e-05,3.59717677613814e-08,4.1005233197136,7.44403821911369,-3.34351489940009,0.242171576205549,0.0385837463047961,0.0097584713570728,4.42452743464991e-06,0.784778205325666,1.18894726823464,1.417962696362,2.31389997788891,False,True,True,True,True,False,0.308495261590104,0.280955052362156,-0.0275402092279481,0.336,0.362,1.00000003904722,0.939936886403129,44.5,13.5,0.7549019607843137,52.0,2.0,0.9803921568627451,0.22549019607843135
cd4_12h_vs_24h,cd4_12h,cd4_24h,REACTOME_SYNTHESIS_OF_SUBSTRATES_IN_N_GLYCAN_BIOSYTHESIS,GenePT-only significant,52,NEU1,26,0.00196887460329715,0.00196887460329715,2.70578194299357,2.70578194299357,0.0,7.93371655046569e-05,0.000313688994347936,4.1005233197136,3.503500718082,0.597022601631597,0.242171576205549,0.242171576205549,0.0097584713570728,0.0385837463047961,0.784778205325666,0.784778205325666,1.417962696362,1.18894726823464,False,False,True,True,False,False,0.078667013889821,0.0823684294261011,0.00370141553628016,0.094,0.116,1.00000000500757,0.899553447128897,18.5,47.5,0.08823529411764706,23.0,35.0,0.3333333333333333,0.24509803921568624
cd4_12h_vs_24h,cd4_12h,cd4_24h,REACTOME_SYNTHESIS_OF_SUBSTRATES_IN_N_GLYCAN_BIOSYTHESIS,GenePT-only significant,52,NEU3,27,0.00196887460329715,0.000313688994347936,2.70578194299357,3.503500718082,-0.797718775088431,7.93371655046569e-05,0.000160158462101912,4.1005233197136,3.79545011009365,0.305073209619947,0.242171576205549,0.0385837463047961,0.0097584713570728,0.0196994908385352,0.784778205325666,1.18894726823464,1.417962696362,1.30596515981639,False,True,True,True,True,False,0.0424519378899997,0.0310452488805555,-0.0114066890094442,0.05,0.042,1.00000003020673,0.930947275210304,44.5,13.5,0.7549019607843137,30.0,44.0,0.1568627450980392,-0.5980392156862745
cd4_12h_vs_24h,cd4_12h,cd4_24h,REACTOME_SYNTHESIS_OF_SUBSTRATES_IN_N_GLYCAN_BIOSYTHESIS,GenePT-only significant,52,NPL,28,0.00196887460329715,0.0010996776918826,2.70578194299357,2.95873458497628,-0.252952641982712,7.93371655046569e-05,0.00059618767048381,4.1005233197136,3.22461700967912,0.875906310034476,0.242171576205549,0.13526035610156,0.0097584713570728,0.0733310834695086,0.784778205325666,0.932110226066041,1.417962696362,1.06522856619588,False,False,True,False,False,True,0.0189534978702498,0.0286790013153826,0.00972550344513284,0.026,0.05,1.00000002120437,0.936706244652901,28.0,32.0,0.39215686274509803,15.5,20.5,0.6176470588235294,0.2254901960784314
cd4_12h_vs_24h,cd4_12h,cd4_24h,REACTOME_SYNTHESIS_OF_SUBSTRATES_IN_N_GLYCAN_BIOSYTHESIS,GenePT-only significant,52,NUDT14,29,0.00196887460329715,0.00196887460329715,2.70578194299357,2.70578194299357,0.0,7.93371655046569e-05,0.000160158462101912,4.1005233197136,3.79545011009365,0.305073209619947,0.242171576205549,0.242171576205549,0.0097584713570728,0.0196994908385352,0.784778205325666,0.784778205325666,1.417962696362,1.30596515981639,False,False,True,True,False,False,0.0100321997617738,0.0599882820393913,0.0499560822776175,0.008,0.086,0.999999909188666,0.9174030440457,18.5,47.5,0.08823529411764706,30.0,44.0,0.1568627450980392,0.06862745098039215
cd4_12h_vs_24h,cd4_12h,cd4_24h,REACTOME_SYNTHESIS_OF_SUBSTRATES_IN_N_GLYCAN_BIOSYTHESIS,GenePT-only significant,52,NUS1,30,0.00196887460329715,0.00577645522630862,2.70578194299357,2.23833858855416,0.467443354439411,7.93371655046569e-05,0.0010996776918826,4.1005233197136,2.95873458497628,1.14178873473732,0.242171576205549,0.71050399283596,0.0097584713570728,0.13526035610156,0.784778205325666,0.385270654364906,1.417962696362,0.932110226066041,False,False,True,False,False,True,0.152611886598766,0.142927786791293,-0.00968409980747328,0.176,0.194,1.00000004669481,0.935582252915493,6.5,26.5,0.5,9.5,12.5,0.7745098039215687,0.27450980392156865
cd4_12h_vs_24h,cd4_12h,cd4_24h,REACTOME_SYNTHESIS_OF_SUBSTRATES_IN_N_GLYCAN_BIOSYTHESIS,GenePT-only significant,52,PGM3,31,0.00196887460329715,0.000160158462101912,2.70578194299357,3.79545011009365,-1.08966816710008,7.93371655046569e-05,0.000160158462101912,4.1005233197136,3.79545011009365,0.305073209619947,0.242171576205549,0.0196994908385352,0.0097584713570728,0.0196994908385352,0.784778205325666,1.30596515981639,1.417962696362,1.30596515981639,False,True,True,True,True,False,0.047371367358766,0.040817722423286,-0.00655364493547998,0.056,0.06,0.999999990866149,0.935745857454559,48.5,7.5,0.8725490196078431,30.0,44.0,0.1568627450980392,-0.7156862745098039
cd4_12h_vs_24h,cd4_12h,cd4_24h,REACTOME_SYNTHESIS_OF_SUBSTRATES_IN_N_GLYCAN_BIOSYTHESIS,GenePT-only significant,52,PMM1,32,0.00196887460329715,0.0010996776918826,2.70578194299357,2.95873458497628,-0.252952641982712,7.93371655046569e-05,1.77726970010602e-05,4.1005233197136,4.75024666314563,-0.649723343432027,0.242171576205549,0.13526035610156,0.0097584713570728,0.0021860417311304,0.784778205325666,0.932110226066041,1.417962696362,1.63105534906276,False,False,True,True,False,False,0.0837197402193272,0.102789440499347,0.0190697002800195,0.088,0.152,0.999999950132876,0.923986239231512,28.0,32.0,0.39215686274509803,44.0,28.0,0.47058823529411764,0.0784313725490196
cd4_12h_vs_24h,cd4_12h,cd4_24h,REACTOME_SYNTHESIS_OF_SUBSTRATES_IN_N_GLYCAN_BIOSYTHESIS,GenePT-only significant,52,PMM2,33,0.00196887460329715,0.00577645522630862,2.70578194299357,2.23833858855416,0.467443354439411,7.93371655046569e-05,0.0010996776918826,4.1005233197136,2.95873458497628,1.14178873473732,0.242171576205549,0.71050399283596,0.0097584713570728,0.13526035610156,0.784778205325666,0.385270654364906,1.417962696362,0.932110226066041,False,False,True,False,False,True,0.294604193498102,0.195479314742439,-0.0991248787556631,0.302,0.266,0.999999911644598,0.940412185897207,6.5,26.5,0.5,9.5,12.5,0.7745098039215687,0.27450980392156865
cd4_12h_vs_24h,cd4_12h,cd4_24h,REACTOME_SYNTHESIS_OF_SUBSTRATES_IN_N_GLYCAN_BIOSYTHESIS,GenePT-only significant,52,RENBP,34,0.00196887460329715,0.0034223189265975,2.70578194299357,2.46567952091782,0.240102422075751,7.93371655046569e-05,0.000160158462101912,4.1005233197136,3.79545011009365,0.305073209619947,0.242171576205549,0.420945227971492,0.0097584713570728,0.0196994908385352,0.784778205325666,0.613004412282997,1.417962696362,1.30596515981639,False,False,True,True,False,False,0.0185095520139196,0.0438502125869418,0.0253406605730222,0.022,0.064,0.999999955024339,0.893672780959683,10.5,39.5,0.24509803921568626,30.0,44.0,0.1568627450980392,-0.08823529411764705
cd4_12h_vs_24h,cd4_12h,cd4_24h,REACTOME_SYNTHESIS_OF_SUBSTRATES_IN_N_GLYCAN_BIOSYTHESIS,GenePT-only significant,52,SLC17A5,35,0.00196887460329715,0.00196887460329715,2.70578194299357,2.70578194299357,0.0,7.93371655046569e-05,0.000313688994347936,4.1005233197136,3.503500718082,0.597022601631597,0.242171576205549,0.242171576205549,0.0097584713570728,0.0385837463047961,0.784778205325666,0.784778205325666,1.417962696362,1.18894726823464,False,False,True,True,False,False,0.0487568261464544,0.0406256875867313,-0.00813113855972305,0.048,0.062,1.00000002385285,0.930163668457135,18.5,47.5,0.08823529411764706,23.0,35.0,0.3333333333333333,0.24509803921568624
cd4_12h_vs_24h,cd4_12h,cd4_24h,REACTOME_SYNTHESIS_OF_SUBSTRATES_IN_N_GLYCAN_BIOSYTHESIS,GenePT-only significant,52,SLC35A1,36,0.00196887460329715,0.000313688994347936,2.70578194299357,3.503500718082,-0.797718775088431,7.93371655046569e-05,7.93371655046569e-05,4.1005233197136,4.1005233197136,0.0,0.242171576205549,0.0385837463047961,0.0097584713570728,0.0097584713570728,0.784778205325666,1.18894726823464,1.417962696362,1.417962696362,False,True,True,True,True,False,0.0435637629392283,0.0441222879646537,0.000558525025425388,0.052,0.074,1.00000006389433,0.944728966465773,44.5,13.5,0.7549019607843137,36.0,50.0,0.0392156862745098,-0.7156862745098039
cd4_12h_vs_24h,cd4_12h,cd4_24h,REACTOME_SYNTHESIS_OF_SUBSTRATES_IN_N_GLYCAN_BIOSYTHESIS,GenePT-only significant,52,SLC35C1,37,0.00196887460329715,0.0034223189265975,2.70578194299357,2.46567952091782,0.240102422075751,7.93371655046569e-05,3.52341775794401e-06,4.1005233197136,5.45303586115776,-1.35251254144416,0.242171576205549,0.420945227971492,0.0097584713570728,0.000433380384227113,0.784778205325666,0.613004412282997,1.417962696362,1.83388406114409,False,False,True,True,False,False,0.0321939537836591,0.0396617698976277,0.00746781611396861,0.042,0.052,1.00000008416052,0.939417222713985,10.5,39.5,0.24509803921568626,50.5,9.5,0.8333333333333334,0.5882352941176471
cd4_12h_vs_24h,cd4_12h,cd4_24h,REACTOME_SYNTHESIS_OF_SUBSTRATES_IN_N_GLYCAN_BIOSYTHESIS,GenePT-only significant,52,SRD5A3,38,0.00196887460329715,0.00059618767048381,2.70578194299357,3.22461700967912,-0.518835066685553,7.93371655046569e-05,0.000160158462101912,4.1005233197136,3.79545011009365,0.305073209619947,0.242171576205549,0.0733310834695086,0.0097584713570728,0.0196994908385352,0.784778205325666,1.06522856619588,1.417962696362,1.30596515981639,False,False,True,True,False,False,0.238012634112343,0.167134966941711,-0.0708776671706318,0.236,0.208,0.999999980352113,0.917309768095473,37.5,20.5,0.6176470588235294,30.0,44.0,0.1568627450980392,-0.4607843137254902
cd4_12h_vs_24h,cd4_12h,cd4_24h,REACTOME_SYNTHESIS_OF_SUBSTRATES_IN_N_GLYCAN_BIOSYTHESIS,GenePT-only significant,52,ST3GAL1,39,0.00196887460329715,0.0351222601892017,2.70578194299357,1.45441754412943,1.25136439886414,7.93371655046569e-05,0.00059618767048381,4.1005233197136,3.22461700967912,0.875906310034476,0.242171576205549,1.0,0.0097584713570728,0.0733310834695086,0.784778205325666,0.0,1.417962696362,1.06522856619588,False,False,True,False,False,True,0.16923920317198,0.128207810904852,-0.0410313922671284,0.152,0.144,1.00000004999325,0.952970245720279,2.5,4.5,0.9313725490196079,15.5,20.5,0.6176470588235294,-0.3137254901960784
cd4_12h_vs_24h,cd4_12h,cd4_24h,REACTOME_SYNTHESIS_OF_SUBSTRATES_IN_N_GLYCAN_BIOSYTHESIS,GenePT-only significant,52,ST3GAL2,40,0.00196887460329715,0.00059618767048381,2.70578194299357,3.22461700967912,-0.518835066685553,7.93371655046569e-05,0.000313688994347936,4.1005233197136,3.503500718082,0.597022601631597,0.242171576205549,0.0733310834695086,0.0097584713570728,0.0385837463047961,0.784778205325666,1.06522856619588,1.417962696362,1.18894726823464,False,False,True,True,False,False,0.127824642868236,0.156921928396983,0.0290972855287477,0.138,0.172,0.999999979209236,0.948394839554391,37.5,20.5,0.6176470588235294,23.0,35.0,0.3333333333333333,-0.2843137254901961
cd4_12h_vs_24h,cd4_12h,cd4_24h,REACTOME_SYNTHESIS_OF_SUBSTRATES_IN_N_GLYCAN_BIOSYTHESIS,GenePT-only significant,52,ST3GAL3,41,0.00196887460329715,0.00059618767048381,2.70578194299357,3.22461700967912,-0.518835066685553,7.93371655046569e-05,3.81265104892234e-05,4.1005233197136,4.41877294150378,-0.318249621790182,0.242171576205549,0.0733310834695086,0.0097584713570728,0.00468956079017448,0.784778205325666,1.06522856619588,1.417962696362,1.52606285259303,False,False,True,True,False,False,0.0576654860308148,0.0421995778242725,-0.0154659082065423,0.056,0.062,1.00000002963305,0.953214618161759,37.5,20.5,0.6176470588235294,39.5,39.5,0.24509803921568626,-0.37254901960784315
cd4_12h_vs_24h,cd4_12h,cd4_24h,REACTOME_SYNTHESIS_OF_SUBSTRATES_IN_N_GLYCAN_BIOSYTHESIS,GenePT-only significant,52,ST3GAL4,42,0.00196887460329715,0.0010996776918826,2.70578194299357,2.95873458497628,-0.252952641982712,7.93371655046569e-05,0.0010996776918826,4.1005233197136,2.95873458497628,1.14178873473732,0.242171576205549,0.13526035610156,0.0097584713570728,0.13526035610156,0.784778205325666,0.932110226066041,1.417962696362,0.932110226066041,False,False,True,False,False,True,0.00157031118705543,0.0112236471528401,0.00965333596578472,0.002,0.022,1.00000005087438,0.947432541275034,28.0,32.0,0.39215686274509803,9.5,12.5,0.7745098039215687,0.3823529411764706
cd4_12h_vs_24h,cd4_12h,cd4_24h,REACTOME_SYNTHESIS_OF_SUBSTRATES_IN_N_GLYCAN_BIOSYTHESIS,GenePT-only significant,52,ST3GAL5,43,0.00196887460329715,0.00059618767048381,2.70578194299357,3.22461700967912,-0.518835066685553,7.93371655046569e-05,8.03548663493119e-06,4.1005233197136,5.09498781691362,-0.994464497200023,0.242171576205549,0.0733310834695086,0.0097584713570728,0.000988364856096536,0.784778205325666,1.06522856619588,1.417962696362,1.73351743731473,False,False,True,True,False,False,0.0804533276824034,0.0500326291882108,-0.0304206984941926,0.078,0.072,1.00000006241439,0.933494624113971,37.5,20.5,0.6176470588235294,48.5,15.5,0.7156862745098039,0.0980392156862745
cd4_12h_vs_24h,cd4_12h,cd4_24h,REACTOME_SYNTHESIS_OF_SUBSTRATES_IN_N_GLYCAN_BIOSYTHESIS,GenePT-only significant,52,ST6GAL1,44,0.00196887460329715,0.000160158462101912,2.70578194299357,3.79545011009365,-1.08966816710008,7.93371655046569e-05,0.000313688994347936,4.1005233197136,3.503500718082,0.597022601631597,0.242171576205549,0.0196994908385352,0.0097584713570728,0.0385837463047961,0.784778205325666,1.30596515981639,1.417962696362,1.18894726823464,False,True,True,True,True,False,0.156037533807055,0.118966843652747,-0.0370706901543076,0.142,0.152,1.000000026974,0.953150208427608,48.5,7.5,0.8725490196078431,23.0,35.0,0.3333333333333333,-0.5392156862745099
cd4_12h_vs_24h,cd4_12h,cd4_24h,REACTOME_SYNTHESIS_OF_SUBSTRATES_IN_N_GLYCAN_BIOSYTHESIS,GenePT-only significant,52,ST6GALNAC3,45,0.00196887460329715,0.00196887460329715,2.70578194299357,2.70578194299357,0.0,7.93371655046569e-05,1.77726970010602e-05,4.1005233197136,4.75024666314563,-0.649723343432027,0.242171576205549,0.242171576205549,0.0097584713570728,0.0021860417311304,0.784778205325666,0.784778205325666,1.417962696362,1.63105534906276,False,False,True,True,False,False,0.00436909587227233,0.00908987731461258,0.00472078144234025,0.006,0.008,0.99999999281055,0.911554286169235,18.5,47.5,0.08823529411764706,44.0,28.0,0.47058823529411764,0.38235294117647056
cd4_12h_vs_24h,cd4_12h,cd4_24h,REACTOME_SYNTHESIS_OF_SUBSTRATES_IN_N_GLYCAN_BIOSYTHESIS,GenePT-only significant,52,ST6GALNAC4,46,0.00196887460329715,0.0010996776918826,2.70578194299357,2.95873458497628,-0.252952641982712,7.93371655046569e-05,7.93371655046569e-05,4.1005233197136,4.1005233197136,0.0,0.242171576205549,0.13526035610156,0.0097584713570728,0.0097584713570728,0.784778205325666,0.932110226066041,1.417962696362,1.417962696362,False,False,True,True,False,False,0.0486442337620323,0.0610284674760679,0.0123842337140357,0.048,0.088,0.999999939843338,0.954261441211331,28.0,32.0,0.39215686274509803,36.0,50.0,0.0392156862745098,-0.3529411764705882
cd4_12h_vs_24h,cd4_12h,cd4_24h,REACTOME_SYNTHESIS_OF_SUBSTRATES_IN_N_GLYCAN_BIOSYTHESIS,GenePT-only significant,52,ST6GALNAC6,47,0.00196887460329715,0.00059618767048381,2.70578194299357,3.22461700967912,-0.518835066685553,7.93371655046569e-05,0.00059618767048381,4.1005233197136,3.22461700967912,0.875906310034476,0.242171576205549,0.0733310834695086,0.0097584713570728,0.0733310834695086,0.784778205325666,1.06522856619588,1.417962696362,1.06522856619588,False,False,True,False,False,True,0.0334897038577258,0.0186708866082244,-0.0148188172495014,0.036,0.022,0.999999925006037,0.907756006949373,37.5,20.5,0.6176470588235294,15.5,20.5,0.6176470588235294,0.0
cd4_12h_vs_24h,cd4_12h,cd4_24h,REACTOME_SYNTHESIS_OF_SUBSTRATES_IN_N_GLYCAN_BIOSYTHESIS,GenePT-only significant,52,ST8SIA1,48,0.00196887460329715,0.00196887460329715,2.70578194299357,2.70578194299357,0.0,7.93371655046569e-05,1.77726970010602e-05,4.1005233197136,4.75024666314563,-0.649723343432027,0.242171576205549,0.242171576205549,0.0097584713570728,0.0021860417311304,0.784778205325666,0.784778205325666,1.417962696362,1.63105534906276,False,False,True,True,False,False,0.000994110747005593,0.0050853343665915,0.00409122361958591,0.002,0.004,1.00000002305052,0.93676297581083,18.5,47.5,0.08823529411764706,44.0,28.0,0.47058823529411764,0.38235294117647056
cd4_12h_vs_24h,cd4_12h,cd4_24h,REACTOME_SYNTHESIS_OF_SUBSTRATES_IN_N_GLYCAN_BIOSYTHESIS,GenePT-only significant,52,ST8SIA4,49,0.00196887460329715,0.000313688994347936,2.70578194299357,3.503500718082,-0.797718775088431,7.93371655046569e-05,0.0010996776918826,4.1005233197136,2.95873458497628,1.14178873473732,0.242171576205549,0.0385837463047961,0.0097584713570728,0.13526035610156,0.784778205325666,1.18894726823464,1.417962696362,0.932110226066041,False,True,True,False,True,True,0.0960011833669634,0.0370798939686099,-0.0589212893983534,0.11,0.048,1.00000001914917,0.938455955917307,44.5,13.5,0.7549019607843137,9.5,12.5,0.7745098039215687,0.019607843137254943
cd4_12h_vs_24h,cd4_12h,cd4_24h,REACTOME_SYNTHESIS_OF_SUBSTRATES_IN_N_GLYCAN_BIOSYTHESIS,GenePT-only significant,52,ST8SIA6,50,0.00196887460329715,0.00196887460329715,2.70578194299357,2.70578194299357,0.0,7.93371655046569e-05,7.93371655046569e-05,4.1005233197136,4.1005233197136,0.0,0.242171576205549,0.242171576205549,0.0097584713570728,0.0097584713570728,0.784778205325666,0.784778205325666,1.417962696362,1.417962696362,False,False,True,True,False,False,0.0,0.0,0.0,0.0,0.0,0.999999958464982,0.934000939378708,18.5,47.5,0.08823529411764706,36.0,50.0,0.0392156862745098,-0.04901960784313726
cd4_12h_vs_24h,cd4_12h,cd4_24h,REACTOME_SYNTHESIS_OF_SUBSTRATES_IN_N_GLYCAN_BIOSYTHESIS,GenePT-only significant,52,TSTA3,51,0.00196887460329715,0.0150822934297104,2.70578194299357,1.82153261416016,0.884249328833414,7.93371655046569e-05,0.288162930520753,4.1005233197136,0.540361887872263,3.56016143184134,0.242171576205549,1.0,0.0097584713570728,1.0,0.784778205325666,0.0,1.417962696362,0.0,False,False,True,False,False,True,0.625991189932106,0.619341172293391,-0.00665001763871431,0.51,0.568,0.999999955697438,0.933665042832911,4.5,10.5,0.8137254901960784,1.0,1.0,1.0,0.18627450980392157
cd4_12h_vs_24h,cd4_12h,cd4_24h,REACTOME_SYNTHESIS_OF_SUBSTRATES_IN_N_GLYCAN_BIOSYTHESIS,GenePT-only significant,52,UAP1,52,0.00196887460329715,8.03548663493119e-06,2.70578194299357,5.09498781691362,-2.38920587392005,7.93371655046569e-05,0.00577645522630862,4.1005233197136,2.23833858855416,1.86218473115944,0.242171576205549,0.000988364856096536,0.0097584713570728,0.71050399283596,0.784778205325666,1.73351743731473,1.417962696362,0.385270654364906,False,True,True,False,True,True,0.0869042308361232,0.139858263961706,0.0529540331255823,0.108,0.198,0.999999975923226,0.929221826608719,52.0,1.0,1.0,4.5,5.5,0.9117647058823529,-0.08823529411764708
cd4_12h_vs_24h,cd4_12h,cd4_24h,REACTOME_TRIGLYCERIDE_METABOLISM,Vanilla-only significant,23,ABHD5,1,3.81265104892234e-05,0.000160158462101912,4.41877294150378,3.79545011009365,0.623322831410129,0.0010996776918826,7.93371655046569e-05,2.95873458497628,4.1005233197136,-1.14178873473732,0.00468956079017448,0.0196994908385352,0.13526035610156,0.0097584713570728,1.52606285259303,1.30596515981639,0.932110226066041,1.417962696362,True,True,False,True,False,True,0.0532068178402826,0.119339982154063,0.0661331643137807,0.068,0.168,1.00000004816956,0.92359790230377,12.0,12.0,0.5,19.0,8.0,0.6818181818181818,0.18181818181818177
cd4_12h_vs_24h,cd4_12h,cd4_24h,REACTOME_TRIGLYCERIDE_METABOLISM,Vanilla-only significant,23,CAV1,2,3.81265104892234e-05,3.81265104892234e-05,4.41877294150378,4.41877294150378,0.0,0.0010996776918826,0.00196887460329715,2.95873458497628,2.70578194299357,0.252952641982712,0.00468956079017448,0.00468956079017448,0.13526035610156,0.242171576205549,1.52606285259303,1.52606285259303,0.932110226066041,0.784778205325666,True,True,False,False,False,False,0.00342875433384171,0.0016664365078419,-0.0017623178259998,0.002,0.004,0.999999973794541,0.916758653958496,20.0,21.0,0.09090909090909091,7.5,16.5,0.29545454545454547,0.20454545454545456
cd4_12h_vs_24h,cd4_12h,cd4_24h,REACTOME_TRIGLYCERIDE_METABOLISM,Vanilla-only significant,23,DGAT1,3,3.81265104892234e-05,0.00577645522630862,4.41877294150378,2.23833858855416,2.18043435294962,0.0010996776918826,0.0010996776918826,2.95873458497628,2.95873458497628,0.0,0.00468956079017448,0.71050399283596,0.13526035610156,0.13526035610156,1.52606285259303,0.385270654364906,0.932110226066041,0.932110226066041,True,False,False,False,True,False,0.0708659225619981,0.11633336380692,0.0454674412449215,0.082,0.176,0.999999998735447,0.940061151619033,2.5,2.5,0.9318181818181818,11.5,20.5,0.11363636363636363,-0.8181818181818181
cd4_12h_vs_24h,cd4_12h,cd4_24h,REACTOME_TRIGLYCERIDE_METABOLISM,Vanilla-only significant,23,DGAT2,4,3.81265104892234e-05,0.000160158462101912,4.41877294150378,3.79545011009365,0.623322831410129,0.0010996776918826,0.000160158462101912,2.95873458497628,3.79545011009365,-0.836715525117369,0.00468956079017448,0.0196994908385352,0.13526035610156,0.0196994908385352,1.52606285259303,1.30596515981639,0.932110226066041,1.30596515981639,True,True,False,True,False,True,0.0166852921101029,0.0121890451798999,-0.00449624693020303,0.024,0.022,1.00000000231825,0.931767652477007,12.0,12.0,0.5,17.0,11.0,0.5454545454545454,0.045454545454545414
cd4_12h_vs_24h,cd4_12h,cd4_24h,REACTOME_TRIGLYCERIDE_METABOLISM,Vanilla-only significant,23,FABP3,5,3.81265104892234e-05,3.81265104892234e-05,4.41877294150378,4.41877294150378,0.0,0.0010996776918826,0.0010996776918826,2.95873458497628,2.95873458497628,0.0,0.00468956079017448,0.00468956079017448,0.13526035610156,0.13526035610156,1.52606285259303,1.52606285259303,0.932110226066041,0.932110226066041,True,True,False,False,False,False,0.0,0.0,0.0,0.0,0.0,1.00000007714104,0.923587933392754,20.0,21.0,0.09090909090909091,11.5,20.5,0.11363636363636363,0.02272727272727272
cd4_12h_vs_24h,cd4_12h,cd4_24h,REACTOME_TRIGLYCERIDE_METABOLISM,Vanilla-only significant,23,FABP5,6,3.81265104892234e-05,0.000313688994347936,4.41877294150378,3.503500718082,0.915272223421779,0.0010996776918826,0.0351222601892017,2.95873458497628,1.45441754412943,1.50431704084686,0.00468956079017448,0.0385837463047961,0.13526035610156,1.0,1.52606285259303,1.18894726823464,0.932110226066041,0.0,True,True,False,False,False,False,1.80292020201246,1.68540254181653,-0.117517660195924,0.664,0.756,0.999999988198394,0.907905842642323,8.0,8.0,0.6818181818181818,2.0,4.0,0.8636363636363636,0.18181818181818188
cd4_12h_vs_24h,cd4_12h,cd4_24h,REACTOME_TRIGLYCERIDE_METABOLISM,Vanilla-only significant,23,GK,7,3.81265104892234e-05,0.00196887460329715,4.41877294150378,2.70578194299357,1.71299099851021,0.0010996776918826,3.81265104892234e-05,2.95873458497628,4.41877294150378,-1.4600383565275,0.00468956079017448,0.242171576205549,0.13526035610156,0.00468956079017448,1.52606285259303,0.784778205325666,0.932110226066041,1.52606285259303,True,False,False,True,True,True,0.0367071779972722,0.0855902803708481,0.0488831023735759,0.04,0.112,0.99999998299271,0.919114828006238,4.0,4.0,0.8636363636363636,20.5,5.5,0.7954545454545454,-0.06818181818181823
cd4_12h_vs_24h,cd4_12h,cd4_24h,REACTOME_TRIGLYCERIDE_METABOLISM,Vanilla-only significant,23,GPAM,8,3.81265104892234e-05,0.000313688994347936,4.41877294150378,3.503500718082,0.915272223421779,0.0010996776918826,0.0233436169134307,2.95873458497628,1.63183185249604,1.32690273248024,0.00468956079017448,0.0385837463047961,0.13526035610156,1.0,1.52606285259303,1.18894726823464,0.932110226066041,0.0,True,True,False,False,False,False,0.0282706406615141,0.0290938761658906,0.000823235504376491,0.03,0.046,1.00000001015669,0.937415524839049,8.0,8.0,0.6818181818181818,3.0,7.0,0.7272727272727273,0.045454545454545525
cd4_12h_vs_24h,cd4_12h,cd4_24h,REACTOME_TRIGLYCERIDE_METABOLISM,Vanilla-only significant,23,GPAT2,9,3.81265104892234e-05,7.93371655046569e-05,4.41877294150378,4.1005233197136,0.318249621790182,0.0010996776918826,0.00946978291842922,2.95873458497628,2.02365997647813,0.935074608498154,0.00468956079017448,0.0097584713570728,0.13526035610156,1.0,1.52606285259303,1.417962696362,0.932110226066041,0.0,True,True,False,False,False,False,0.0133517699408113,0.03735359680682,0.0240018268660087,0.018,0.056,0.999999967119168,0.93517712360038,16.0,17.0,0.2727272727272727,4.0,9.0,0.6363636363636364,0.36363636363636365
cd4_12h_vs_24h,cd4_12h,cd4_24h,REACTOME_TRIGLYCERIDE_METABOLISM,Vanilla-only significant,23,GPD2,10,3.81265104892234e-05,0.000160158462101912,4.41877294150378,3.79545011009365,0.623322831410129,0.0010996776918826,0.0034223189265975,2.95873458497628,2.46567952091782,0.493055064058463,0.00468956079017448,0.0196994908385352,0.13526035610156,0.420945227971492,1.52606285259303,1.30596515981639,0.932110226066041,0.613004412282997,True,True,False,False,False,False,0.0208024724097855,0.0291498198639143,0.00834734745412877,0.026,0.048,1.00000008189641,0.932168376183089,12.0,12.0,0.5,5.5,13.5,0.4318181818181818,-0.06818181818181818
cd4_12h_vs_24h,cd4_12h,cd4_24h,REACTOME_TRIGLYCERIDE_METABOLISM,Vanilla-only significant,23,LIPE,11,3.81265104892234e-05,0.000160158462101912,4.41877294150378,3.79545011009365,0.623322831410129,0.0010996776918826,0.000160158462101912,2.95873458497628,3.79545011009365,-0.836715525117369,0.00468956079017448,0.0196994908385352,0.13526035610156,0.0196994908385352,1.52606285259303,1.30596515981639,0.932110226066041,1.30596515981639,True,True,False,True,False,True,0.010716990491324,0.037061968098152,0.026344977606828,0.012,0.054,0.999999966760469,0.922764334691773,12.0,12.0,0.5,17.0,11.0,0.5454545454545454,0.045454545454545414
cd4_12h_vs_24h,cd4_12h,cd4_24h,REACTOME_TRIGLYCERIDE_METABOLISM,Vanilla-only significant,23,LPIN1,12,3.81265104892234e-05,0.0010996776918826,4.41877294150378,2.95873458497628,1.4600383565275,0.0010996776918826,3.52341775794401e-06,2.95873458497628,5.45303586115776,-2.49430127618147,0.00468956079017448,0.13526035610156,0.13526035610156,0.000433380384227113,1.52606285259303,0.932110226066041,0.932110226066041,1.83388406114409,True,False,False,True,True,True,0.227465315010617,0.197984994961462,-0.0294803200491551,0.226,0.24,0.999999988784039,0.952158411815627,5.0,5.0,0.8181818181818182,23.0,1.0,1.0,0.18181818181818177
cd4_12h_vs_24h,cd4_12h,cd4_24h,REACTOME_TRIGLYCERIDE_METABOLISM,Vanilla-only significant,23,LPIN2,13,3.81265104892234e-05,0.000160158462101912,4.41877294150378,3.79545011009365,0.623322831410129,0.0010996776918826,3.81265104892234e-05,2.95873458497628,4.41877294150378,-1.4600383565275,0.00468956079017448,0.0196994908385352,0.13526035610156,0.00468956079017448,1.52606285259303,1.30596515981639,0.932110226066041,1.52606285259303,True,True,False,True,False,True,0.634163585687779,0.608380496462661,-0.025783089225118,0.534,0.564,0.999999996396895,0.920721567457393,12.0,12.0,0.5,20.5,5.5,0.7954545454545454,0.2954545454545454
cd4_12h_vs_24h,cd4_12h,cd4_24h,REACTOME_TRIGLYCERIDE_METABOLISM,Vanilla-only significant,23,LPIN3,14,3.81265104892234e-05,3.81265104892234e-05,4.41877294150378,4.41877294150378,0.0,0.0010996776918826,0.0010996776918826,2.95873458497628,2.95873458497628,0.0,0.00468956079017448,0.00468956079017448,0.13526035610156,0.13526035610156,1.52606285259303,1.52606285259303,0.932110226066041,0.932110226066041,True,True,False,False,False,False,0.0,0.00102955320910944,0.00102955320910944,0.0,0.002,0.999999988762773,0.944249674849156,20.0,21.0,0.09090909090909091,11.5,20.5,0.11363636363636363,0.02272727272727272
cd4_12h_vs_24h,cd4_12h,cd4_24h,REACTOME_TRIGLYCERIDE_METABOLISM,Vanilla-only significant,23,MGLL,15,3.81265104892234e-05,3.81265104892234e-05,4.41877294150378,4.41877294150378,0.0,0.0010996776918826,0.0010996776918826,2.95873458497628,2.95873458497628,0.0,0.00468956079017448,0.00468956079017448,0.13526035610156,0.13526035610156,1.52606285259303,1.52606285259303,0.932110226066041,0.932110226066041,True,True,False,False,False,False,0.0,0.0,0.0,0.0,0.0,1.00000006842175,0.9201240612285,20.0,21.0,0.09090909090909091,11.5,20.5,0.11363636363636363,0.02272727272727272
cd4_12h_vs_24h,cd4_12h,cd4_24h,REACTOME_TRIGLYCERIDE_METABOLISM,Vanilla-only significant,23,PLIN1,16,3.81265104892234e-05,3.81265104892234e-05,4.41877294150378,4.41877294150378,0.0,0.0010996776918826,0.0010996776918826,2.95873458497628,2.95873458497628,0.0,0.00468956079017448,0.00468956079017448,0.13526035610156,0.13526035610156,1.52606285259303,1.52606285259303,0.932110226066041,0.932110226066041,True,True,False,False,False,False,0.0,0.0,0.0,0.0,0.0,1.00000007554639,0.943742945833164,20.0,21.0,0.09090909090909091,11.5,20.5,0.11363636363636363,0.02272727272727272
cd4_12h_vs_24h,cd4_12h,cd4_24h,REACTOME_TRIGLYCERIDE_METABOLISM,Vanilla-only significant,23,PLIN3,17,3.81265104892234e-05,0.000313688994347936,4.41877294150378,3.503500718082,0.915272223421779,0.0010996776918826,0.00196887460329715,2.95873458497628,2.70578194299357,0.252952641982712,0.00468956079017448,0.0385837463047961,0.13526035610156,0.242171576205549,1.52606285259303,1.18894726823464,0.932110226066041,0.784778205325666,True,True,False,False,False,False,0.0749680682006953,0.0965009500450439,0.0215328818443486,0.088,0.14,1.00000001332978,0.923563223361698,8.0,8.0,0.6818181818181818,7.5,16.5,0.29545454545454547,-0.3863636363636363
cd4_12h_vs_24h,cd4_12h,cd4_24h,REACTOME_TRIGLYCERIDE_METABOLISM,Vanilla-only significant,23,PNPLA4,18,3.81265104892234e-05,0.00059618767048381,4.41877294150378,3.22461700967912,1.19415593182466,0.0010996776918826,0.0034223189265975,2.95873458497628,2.46567952091782,0.493055064058463,0.00468956079017448,0.0733310834695086,0.13526035610156,0.420945227971492,1.52606285259303,1.06522856619588,0.932110226066041,0.613004412282997,True,False,False,False,True,False,0.0615235882667928,0.0897282838846008,0.028204695617808,0.07,0.134,0.999999989227927,0.942409938556019,6.0,6.0,0.7727272727272727,5.5,13.5,0.4318181818181818,-0.3409090909090909
cd4_12h_vs_24h,cd4_12h,cd4_24h,REACTOME_TRIGLYCERIDE_METABOLISM,Vanilla-only significant,23,PPP1CA,19,3.81265104892234e-05,0.0351222601892017,4.41877294150378,1.45441754412943,2.96435539737435,0.0010996776918826,0.0513887607461245,2.95873458497628,1.28913185531754,1.66960272965875,0.00468956079017448,1.0,0.13526035610156,1.0,1.52606285259303,0.0,0.932110226066041,0.0,True,False,False,False,True,False,0.622000847807403,0.993498895625302,0.371498047817899,0.544,0.74,1.00000000755563,0.93742204362188,1.0,1.0,1.0,1.0,3.0,0.9090909090909091,-0.09090909090909094
cd4_12h_vs_24h,cd4_12h,cd4_24h,REACTOME_TRIGLYCERIDE_METABOLISM,Vanilla-only significant,23,PPP1CB,20,3.81265104892234e-05,7.93371655046569e-05,4.41877294150378,4.1005233197136,0.318249621790182,0.0010996776918826,1.77726970010602e-05,2.95873458497628,4.75024666314563,-1.79151207816934,0.00468956079017448,0.0097584713570728,0.13526035610156,0.0021860417311304,1.52606285259303,1.417962696362,0.932110226066041,1.63105534906276,True,True,False,True,False,True,0.370643809050108,0.297594356541652,-0.073049452508456,0.356,0.364,1.00000000939768,0.935902161979954,16.0,17.0,0.2727272727272727,22.0,2.0,0.9545454545454546,0.6818181818181819
cd4_12h_vs_24h,cd4_12h,cd4_24h,REACTOME_TRIGLYCERIDE_METABOLISM,Vanilla-only significant,23,PPP1CC,21,3.81265104892234e-05,0.00577645522630862,4.41877294150378,2.23833858855416,2.18043435294962,0.0010996776918826,0.0010996776918826,2.95873458497628,2.95873458497628,0.0,0.00468956079017448,0.71050399283596,0.13526035610156,0.13526035610156,1.52606285259303,0.385270654364906,0.932110226066041,0.932110226066041,True,False,False,False,True,False,0.778167514860987,0.879622460623813,0.101454945762826,0.586,0.692,0.999999941051808,0.929155517819974,2.5,2.5,0.9318181818181818,11.5,20.5,0.11363636363636363,-0.8181818181818181
cd4_12h_vs_24h,cd4_12h,cd4_24h,REACTOME_TRIGLYCERIDE_METABOLISM,Vanilla-only significant,23,PRKACA,22,3.81265104892234e-05,7.93371655046569e-05,4.41877294150378,4.1005233197136,0.318249621790182,0.0010996776918826,0.00059618767048381,2.95873458497628,3.22461700967912,-0.26588242470284,0.00468956079017448,0.0097584713570728,0.13526035610156,0.0733310834695086,1.52606285259303,1.417962696362,0.932110226066041,1.06522856619588,True,True,False,False,False,False,0.0471525540501927,0.0750588888924832,0.0279063348422905,0.048,0.112,0.999999918826709,0.90626127765745,16.0,17.0,0.2727272727272727,15.0,15.0,0.36363636363636365,0.09090909090909094
cd4_12h_vs_24h,cd4_12h,cd4_24h,REACTOME_TRIGLYCERIDE_METABOLISM,Vanilla-only significant,23,PRKACB,23,3.81265104892234e-05,1.77726970010602e-05,4.41877294150378,4.75024666314563,-0.331473721641845,0.0010996776918826,0.000160158462101912,2.95873458497628,3.79545011009365,-0.836715525117369,0.00468956079017448,0.0021860417311304,0.13526035610156,0.0196994908385352,1.52606285259303,1.63105534906276,0.932110226066041,1.30596515981639,True,True,False,True,False,True,0.137911780128746,0.126813081616918,-0.0110986985118279,0.134,0.158,0.999999967498126,0.920562930821781,23.0,15.0,0.36363636363636365,17.0,11.0,0.5454545454545454,0.18181818181818177
cd4_0h_vs_24h,cd4_0h,cd4_24h,KEGG_ETHER_LIPID_METABOLISM,Vanilla-only significant,19,AGPS,1,3.52341775794401e-06,2.46964030878651e-07,5.45303586115776,6.60736629503362,-1.15433043387586,0.00059618767048381,0.00059618767048381,3.22461700967912,3.22461700967912,0.0,0.000433380384227113,3.03765757980741e-05,0.0733310834695086,0.0733310834695086,1.83388406114409,2.12543199928726,1.06522856619588,1.06522856619588,True,True,False,False,False,False,0.0610405250889288,0.176425952061081,0.115385426972152,0.058,0.258,1.00000001343735,0.932399253276107,19.0,3.0,0.8888888888888888,6.5,17.5,0.08333333333333333,-0.8055555555555555
cd4_0h_vs_24h,cd4_0h,cd4_24h,KEGG_ETHER_LIPID_METABOLISM,Vanilla-only significant,19,CHPT1,2,3.52341775794401e-06,1.77726970010602e-05,5.45303586115776,4.75024666314563,0.702789198012129,0.00059618767048381,0.000160158462101912,3.22461700967912,3.79545011009365,-0.570833100414529,0.000433380384227113,0.0021860417311304,0.0733310834695086,0.0196994908385352,1.83388406114409,1.63105534906276,1.06522856619588,1.30596515981639,True,True,False,True,False,True,0.0633252295027891,0.125589639351093,0.0622644098483038,0.056,0.174,0.999999915134598,0.939655067953258,3.5,6.5,0.6944444444444444,11.5,9.5,0.5277777777777778,-0.16666666666666663
cd4_0h_vs_24h,cd4_0h,cd4_24h,KEGG_ETHER_LIPID_METABOLISM,Vanilla-only significant,19,ENPP2,3,3.52341775794401e-06,3.52341775794401e-06,5.45303586115776,5.45303586115776,0.0,0.00059618767048381,0.00196887460329715,3.22461700967912,2.70578194299357,0.518835066685553,0.000433380384227113,0.000433380384227113,0.0733310834695086,0.242171576205549,1.83388406114409,1.83388406114409,1.06522856619588,0.784778205325666,True,True,False,False,False,False,0.00381664080078092,0.00396752709426249,0.000150886293481571,0.004,0.004,1.00000008905408,0.940914579863089,9.0,17.0,0.1111111111111111,2.0,11.0,0.4444444444444444,0.3333333333333333
cd4_0h_vs_24h,cd4_0h,cd4_24h,KEGG_ETHER_LIPID_METABOLISM,Vanilla-only significant,19,JMJD7-PLA2G4B,4,3.52341775794401e-06,3.52341775794401e-06,5.45303586115776,5.45303586115776,0.0,0.00059618767048381,0.0010996776918826,3.22461700967912,2.95873458497628,0.26588242470284,0.000433380384227113,0.000433380384227113,0.0733310834695086,0.13526035610156,1.83388406114409,1.83388406114409,1.06522856619588,0.932110226066041,True,True,False,False,False,False,0.00631564024372512,0.0,-0.00631564024372512,0.006,0.0,0.999999950212646,0.924535619867481,9.0,17.0,0.1111111111111111,3.5,14.5,0.25,0.1388888888888889
cd4_0h_vs_24h,cd4_0h,cd4_24h,KEGG_ETHER_LIPID_METABOLISM,Vanilla-only significant,19,LPCAT1,5,3.52341775794401e-06,1.49821174952854e-06,5.45303586115776,5.82442680135432,-0.371390940196559,0.00059618767048381,0.000160158462101912,3.22461700967912,3.79545011009365,-0.570833100414529,0.000433380384227113,0.00018428004519201,0.0733310834695086,0.0196994908385352,1.83388406114409,1.93249105817205,1.06522856619588,1.30596515981639,True,True,False,True,False,True,0.0358849606086596,0.0429696735832244,0.00708471297456479,0.034,0.068,0.999999967087559,0.953959778578582,14.0,10.0,0.5,11.5,9.5,0.5277777777777778,0.02777777777777779
cd4_0h_vs_24h,cd4_0h,cd4_24h,KEGG_ETHER_LIPID_METABOLISM,Vanilla-only significant,19,LPCAT2,6,3.52341775794401e-06,6.1774102028672e-07,5.45303586115776,6.20919355894615,-0.756157697788396,0.00059618767048381,7.93371655046569e-05,3.22461700967912,4.1005233197136,-0.875906310034476,0.000433380384227113,7.59821454952666e-05,0.0733310834695086,0.0097584713570728,1.83388406114409,2.02960302707371,1.06522856619588,1.417962696362,True,True,False,True,False,True,0.00328461849000459,0.00324783582588606,-3.67826641185284e-05,0.004,0.004,1.00000000623098,0.964989533820611,17.5,4.5,0.8055555555555556,14.5,6.5,0.6944444444444444,-0.11111111111111116
cd4_0h_vs_24h,cd4_0h,cd4_24h,KEGG_ETHER_LIPID_METABOLISM,Vanilla-only significant,19,LPCAT4,7,3.52341775794401e-06,1.49821174952854e-06,5.45303586115776,5.82442680135432,-0.371390940196559,0.00059618767048381,3.52341775794401e-06,3.22461700967912,5.45303586115776,-2.22841885147863,0.000433380384227113,0.00018428004519201,0.0733310834695086,0.000433380384227113,1.83388406114409,1.93249105817205,1.06522856619588,1.83388406114409,True,True,False,True,False,True,0.0542630100513576,0.0421743654836527,-0.012088644567705,0.05,0.06,1.00000000851698,0.917431228609246,14.0,10.0,0.5,19.0,2.0,0.9444444444444444,0.4444444444444444
cd4_0h_vs_24h,cd4_0h,cd4_24h,KEGG_ETHER_LIPID_METABOLISM,Vanilla-only significant,19,PAFAH1B1,8,3.52341775794401e-06,0.00196887460329715,5.45303586115776,2.70578194299357,2.74725391816418,0.00059618767048381,0.00059618767048381,3.22461700967912,3.22461700967912,0.0,0.000433380384227113,0.242171576205549,0.0733310834695086,0.0733310834695086,1.83388406114409,0.784778205325666,1.06522856619588,1.06522856619588,True,False,False,False,True,False,0.337798066269717,0.31131768878717,-0.0264803774825469,0.294,0.38,0.999999928347197,0.943680479287262,2.0,2.0,0.9444444444444444,6.5,17.5,0.08333333333333333,-0.861111111111111
cd4_0h_vs_24h,cd4_0h,cd4_24h,KEGG_ETHER_LIPID_METABOLISM,Vanilla-only significant,19,PAFAH1B2,9,3.52341775794401e-06,8.03548663493119e-06,5.45303586115776,5.09498781691362,0.358048044244133,0.00059618767048381,0.0010996776918826,3.22461700967912,2.95873458497628,0.26588242470284,0.000433380384227113,0.000988364856096536,0.0733310834695086,0.13526035610156,1.83388406114409,1.73351743731473,1.06522856619588,0.932110226066041,True,True,False,False,False,False,0.194689828099941,0.135532751914516,-0.059157076185425,0.17,0.186,1.00000001920114,0.929121599411071,5.5,13.5,0.3055555555555556,3.5,14.5,0.25,-0.05555555555555558
cd4_0h_vs_24h,cd4_0h,cd4_24h,KEGG_ETHER_LIPID_METABOLISM,Vanilla-only significant,19,PAFAH1B3,10,3.52341775794401e-06,0.351986208769717,5.45303586115776,0.453474352352965,4.99956150880479,0.00059618767048381,0.420283707542506,3.22461700967912,0.376457445258734,2.84815956442039,0.000433380384227113,1.0,0.0733310834695086,1.0,1.83388406114409,0.0,1.06522856619588,0.0,True,False,False,False,True,False,0.0833946404900901,0.441344883318221,0.357950242828131,0.078,0.482,1.00000011884624,0.950342430568376,1.0,1.0,1.0,1.0,1.0,1.0,0.0
cd4_0h_vs_24h,cd4_0h,cd4_24h,KEGG_ETHER_LIPID_METABOLISM,Vanilla-only significant,19,PAFAH2,11,3.52341775794401e-06,1.77726970010602e-05,5.45303586115776,4.75024666314563,0.702789198012129,0.00059618767048381,7.93371655046569e-05,3.22461700967912,4.1005233197136,-0.875906310034476,0.000433380384227113,0.0021860417311304,0.0733310834695086,0.0097584713570728,1.83388406114409,1.63105534906276,1.06522856619588,1.417962696362,True,True,False,True,False,True,0.112348894876156,0.0334509092036242,-0.0788979856725323,0.1,0.052,0.999999976252635,0.955592741447428,3.5,6.5,0.6944444444444444,14.5,6.5,0.6944444444444444,0.0
cd4_0h_vs_24h,cd4_0h,cd4_24h,KEGG_ETHER_LIPID_METABOLISM,Vanilla-only significant,19,PLA2G12A,12,3.52341775794401e-06,1.49821174952854e-06,5.45303586115776,5.82442680135432,-0.371390940196559,0.00059618767048381,1.77726970010602e-05,3.22461700967912,4.75024666314563,-1.5256296534665,0.000433380384227113,0.00018428004519201,0.0733310834695086,0.0021860417311304,1.83388406114409,1.93249105817205,1.06522856619588,1.63105534906276,True,True,False,True,False,True,0.0873982810180438,0.052681591245987,-0.0347166897720568,0.078,0.076,1.00000008560564,0.928287270962486,14.0,10.0,0.5,17.0,4.0,0.8333333333333334,0.33333333333333337
cd4_0h_vs_24h,cd4_0h,cd4_24h,KEGG_ETHER_LIPID_METABOLISM,Vanilla-only significant,19,PLA2G1B,13,3.52341775794401e-06,1.49821174952854e-06,5.45303586115776,5.82442680135432,-0.371390940196559,0.00059618767048381,0.000313688994347936,3.22461700967912,3.503500718082,-0.278883708402879,0.000433380384227113,0.00018428004519201,0.0733310834695086,0.0385837463047961,1.83388406114409,1.93249105817205,1.06522856619588,1.18894726823464,True,True,False,True,False,True,0.00202304274600551,0.00496971816563626,0.00294667541963075,0.002,0.004,0.999999911420251,0.965622329525903,14.0,10.0,0.5,9.5,12.5,0.3611111111111111,-0.1388888888888889
cd4_0h_vs_24h,cd4_0h,cd4_24h,KEGG_ETHER_LIPID_METABOLISM,Vanilla-only significant,19,PLA2G4A,14,3.52341775794401e-06,3.52341775794401e-06,5.45303586115776,5.45303586115776,0.0,0.00059618767048381,0.00059618767048381,3.22461700967912,3.22461700967912,0.0,0.000433380384227113,0.000433380384227113,0.0733310834695086,0.0733310834695086,1.83388406114409,1.83388406114409,1.06522856619588,1.06522856619588,True,True,False,False,False,False,0.0,0.0,0.0,0.0,0.0,0.999999956417185,0.963227656303107,9.0,17.0,0.1111111111111111,6.5,17.5,0.08333333333333333,-0.027777777777777776
cd4_0h_vs_24h,cd4_0h,cd4_24h,KEGG_ETHER_LIPID_METABOLISM,Vanilla-only significant,19,PLA2G4B,15,3.52341775794401e-06,3.52341775794401e-06,5.45303586115776,5.45303586115776,0.0,0.00059618767048381,7.93371655046569e-05,3.22461700967912,4.1005233197136,-0.875906310034476,0.000433380384227113,0.000433380384227113,0.0733310834695086,0.0097584713570728,1.83388406114409,1.83388406114409,1.06522856619588,1.417962696362,True,True,False,True,False,True,0.0122764530551171,0.0,-0.0122764530551171,0.012,0.0,1.00000002776605,0.968495170579252,9.0,17.0,0.1111111111111111,14.5,6.5,0.6944444444444444,0.5833333333333333
cd4_0h_vs_24h,cd4_0h,cd4_24h,KEGG_ETHER_LIPID_METABOLISM,Vanilla-only significant,19,PLA2G6,16,3.52341775794401e-06,6.1774102028672e-07,5.45303586115776,6.20919355894615,-0.756157697788396,0.00059618767048381,8.03548663493119e-06,3.22461700967912,5.09498781691362,-1.8703708072345,0.000433380384227113,7.59821454952666e-05,0.0733310834695086,0.000988364856096536,1.83388406114409,2.02960302707371,1.06522856619588,1.73351743731473,True,True,False,True,False,True,0.0153588422083781,0.0124957621237354,-0.00286308008464267,0.014,0.02,1.00000002587717,0.96264302960195,17.5,4.5,0.8055555555555556,18.0,3.0,0.8888888888888888,0.08333333333333326
cd4_0h_vs_24h,cd4_0h,cd4_24h,KEGG_ETHER_LIPID_METABOLISM,Vanilla-only significant,19,PLD2,17,3.52341775794401e-06,1.49821174952854e-06,5.45303586115776,5.82442680135432,-0.371390940196559,0.00059618767048381,0.000313688994347936,3.22461700967912,3.503500718082,-0.278883708402879,0.000433380384227113,0.00018428004519201,0.0733310834695086,0.0385837463047961,1.83388406114409,1.93249105817205,1.06522856619588,1.18894726823464,True,True,False,True,False,True,0.011002849747893,0.00715615347396531,-0.00384669627392768,0.01,0.012,1.00000004959175,0.956926261951892,14.0,10.0,0.5,9.5,12.5,0.3611111111111111,-0.1388888888888889
cd4_0h_vs_24h,cd4_0h,cd4_24h,KEGG_ETHER_LIPID_METABOLISM,Vanilla-only significant,19,PLPP1,18,3.52341775794401e-06,8.03548663493119e-06,5.45303586115776,5.09498781691362,0.358048044244133,0.00059618767048381,7.93371655046569e-05,3.22461700967912,4.1005233197136,-0.875906310034476,0.000433380384227113,0.000988364856096536,0.0733310834695086,0.0097584713570728,1.83388406114409,1.73351743731473,1.06522856619588,1.417962696362,True,True,False,True,False,True,0.0296422631953784,0.0526260754242131,0.0229838122288347,0.028,0.078,1.0000000460556,0.959640180581226,5.5,13.5,0.3055555555555556,14.5,6.5,0.6944444444444444,0.38888888888888884
cd4_0h_vs_24h,cd4_0h,cd4_24h,KEGG_ETHER_LIPID_METABOLISM,Vanilla-only significant,19,PLPP2,19,3.52341775794401e-06,3.52341775794401e-06,5.45303586115776,5.45303586115776,0.0,0.00059618767048381,0.00059618767048381,3.22461700967912,3.22461700967912,0.0,0.000433380384227113,0.000433380384227113,0.0733310834695086,0.0733310834695086,1.83388406114409,1.83388406114409,1.06522856619588,1.06522856619588,True,True,False,False,False,False,0.0,0.0,0.0,0.0,0.0,0.999999975685953,0.959036803373992,9.0,17.0,0.1111111111111111,6.5,17.5,0.08333333333333333,-0.027777777777777776
cd4_0h_vs_24h,cd4_0h,cd4_24h,KEGG_GLYCOSAMINOGLYCAN_BIOSYNTHESIS_CHONDROITIN_SULFATE,Vanilla-only significant,18,B3GALT6,1,0.000313688994347936,0.0233436169134307,3.503500718082,1.63183185249604,1.87166886558596,0.0010996776918826,0.0034223189265975,2.95873458497628,2.46567952091782,0.493055064058463,0.0385837463047961,1.0,0.13526035610156,0.420945227971492,1.18894726823464,0.0,0.932110226066041,0.613004412282997,True,False,False,False,True,False,0.0773777460932346,0.196945176568363,0.119567430475129,0.07,0.252,1.00000000716256,0.939728387212078,4.0,4.0,0.8235294117647058,10.5,11.5,0.38235294117647056,-0.4411764705882353
cd4_0h_vs_24h,cd4_0h,cd4_24h,KEGG_GLYCOSAMINOGLYCAN_BIOSYNTHESIS_CHONDROITIN_SULFATE,Vanilla-only significant,18,B3GAT2,2,0.000313688994347936,0.000313688994347936,3.503500718082,3.503500718082,0.0,0.0010996776918826,0.00577645522630862,2.95873458497628,2.23833858855416,0.720395996422123,0.0385837463047961,0.0385837463047961,0.13526035610156,0.71050399283596,1.18894726823464,1.18894726823464,0.932110226066041,0.385270654364906,True,True,False,False,False,False,0.0369832844966224,0.00645953161354264,-0.0305237528830797,0.034,0.01,0.999999997966091,0.948713391392276,16.5,16.5,0.08823529411764706,9.0,10.0,0.47058823529411764,0.38235294117647056
cd4_0h_vs_24h,cd4_0h,cd4_24h,KEGG_GLYCOSAMINOGLYCAN_BIOSYNTHESIS_CHONDROITIN_SULFATE,Vanilla-only significant,18,B3GAT3,3,0.000313688994347936,0.288162930520753,3.503500718082,0.540361887872263,2.96313883020974,0.0010996776918826,0.0351222601892017,2.95873458497628,1.45441754412943,1.50431704084686,0.0385837463047961,1.0,0.13526035610156,1.0,1.18894726823464,0.0,0.932110226066041,0.0,True,False,False,False,True,False,0.217675443937749,0.206026789494886,-0.0116486544428633,0.194,0.272,1.00000001109843,0.948000531680445,1.0,1.0,1.0,2.0,2.0,0.9411764705882353,-0.05882352941176472
cd4_0h_vs_24h,cd4_0h,cd4_24h,KEGG_GLYCOSAMINOGLYCAN_BIOSYNTHESIS_CHONDROITIN_SULFATE,Vanilla-only significant,18,B4GALT7,4,0.000313688994347936,0.0351222601892017,3.503500718082,1.45441754412943,2.04908317395257,0.0010996776918826,0.0351222601892017,2.95873458497628,1.45441754412943,1.50431704084686,0.0385837463047961,1.0,0.13526035610156,1.0,1.18894726823464,0.0,0.932110226066041,0.0,True,False,False,False,True,False,0.0309745786954498,0.0837632563919397,0.05278867769649,0.03,0.126,0.99999995601395,0.945764189612888,2.5,2.5,0.9117647058823529,2.0,2.0,0.9411764705882353,0.02941176470588236
cd4_0h_vs_24h,cd4_0h,cd4_24h,KEGG_GLYCOSAMINOGLYCAN_BIOSYNTHESIS_CHONDROITIN_SULFATE,Vanilla-only significant,18,CHPF,5,0.000313688994347936,0.00196887460329715,3.503500718082,2.70578194299357,0.797718775088431,0.0010996776918826,0.00946978291842922,2.95873458497628,2.02365997647813,0.935074608498154,0.0385837463047961,0.242171576205549,0.13526035610156,1.0,1.18894726823464,0.784778205325666,0.932110226066041,0.0,True,False,False,False,True,False,0.0149776631258604,0.0677676735206646,0.0527900103948042,0.014,0.11,1.00000006398936,0.942126495664057,9.5,9.5,0.5,7.5,7.5,0.6176470588235294,0.11764705882352944
cd4_0h_vs_24h,cd4_0h,cd4_24h,KEGG_GLYCOSAMINOGLYCAN_BIOSYNTHESIS_CHONDROITIN_SULFATE,Vanilla-only significant,18,CHPF2,6,0.000313688994347936,0.00196887460329715,3.503500718082,2.70578194299357,0.797718775088431,0.0010996776918826,0.00946978291842922,2.95873458497628,2.02365997647813,0.935074608498154,0.0385837463047961,0.242171576205549,0.13526035610156,1.0,1.18894726823464,0.784778205325666,0.932110226066041,0.0,True,False,False,False,True,False,0.028480400872883,0.0645297683686986,0.0360493674958156,0.028,0.088,1.00000000063249,0.942811209059823,9.5,9.5,0.5,7.5,7.5,0.6176470588235294,0.11764705882352944
cd4_0h_vs_24h,cd4_0h,cd4_24h,KEGG_GLYCOSAMINOGLYCAN_BIOSYNTHESIS_CHONDROITIN_SULFATE,Vanilla-only significant,18,CHST11,7,0.000313688994347936,0.00577645522630862,3.503500718082,2.23833858855416,1.26516212952784,0.0010996776918826,0.00196887460329715,2.95873458497628,2.70578194299357,0.252952641982712,0.0385837463047961,0.71050399283596,0.13526035610156,0.242171576205549,1.18894726823464,0.385270654364906,0.932110226066041,0.784778205325666,True,False,False,False,True,False,0.0632601329657901,0.0448918433401741,-0.018368289625616,0.058,0.062,1.00000002184633,0.969251208128329,7.5,7.5,0.6176470588235294,13.0,15.0,0.17647058823529413,-0.4411764705882353
cd4_0h_vs_24h,cd4_0h,cd4_24h,KEGG_GLYCOSAMINOGLYCAN_BIOSYNTHESIS_CHONDROITIN_SULFATE,Vanilla-only significant,18,CHST12,8,0.000313688994347936,0.0351222601892017,3.503500718082,1.45441754412943,2.04908317395257,0.0010996776918826,0.0233436169134307,2.95873458497628,1.63183185249604,1.32690273248024,0.0385837463047961,1.0,0.13526035610156,1.0,1.18894726823464,0.0,0.932110226066041,0.0,True,False,False,False,True,False,0.181046089491581,0.0924657980292178,-0.0885802914623631,0.156,0.102,1.00000000530373,0.96806365818037,2.5,2.5,0.9117647058823529,4.5,4.5,0.7941176470588235,-0.11764705882352944
cd4_0h_vs_24h,cd4_0h,cd4_24h,KEGG_GLYCOSAMINOGLYCAN_BIOSYNTHESIS_CHONDROITIN_SULFATE,Vanilla-only significant,18,CHST14,9,0.000313688994347936,0.00059618767048381,3.503500718082,3.22461700967912,0.278883708402879,0.0010996776918826,0.000160158462101912,2.95873458497628,3.79545011009365,-0.836715525117369,0.0385837463047961,0.0733310834695086,0.13526035610156,0.0196994908385352,1.18894726823464,1.06522856619588,0.932110226066041,1.30596515981639,True,False,False,True,True,True,0.0276364205575001,0.0132796113167753,-0.0143568092407248,0.026,0.022,1.00000009238941,0.949593933318644,13.5,13.5,0.2647058823529412,18.0,9.0,0.5294117647058824,0.2647058823529412
cd4_0h_vs_24h,cd4_0h,cd4_24h,KEGG_GLYCOSAMINOGLYCAN_BIOSYNTHESIS_CHONDROITIN_SULFATE,Vanilla-only significant,18,CHST3,10,0.000313688994347936,0.000313688994347936,3.503500718082,3.503500718082,0.0,0.0010996776918826,0.0010996776918826,2.95873458497628,2.95873458497628,0.0,0.0385837463047961,0.0385837463047961,0.13526035610156,0.13526035610156,1.18894726823464,1.18894726823464,0.932110226066041,0.932110226066041,True,True,False,False,False,False,0.0,0.0,0.0,0.0,0.0,0.99999998751026,0.950314524003329,16.5,16.5,0.08823529411764706,15.5,17.5,0.029411764705882353,-0.05882352941176471
cd4_0h_vs_24h,cd4_0h,cd4_24h,KEGG_GLYCOSAMINOGLYCAN_BIOSYNTHESIS_CHONDROITIN_SULFATE,Vanilla-only significant,18,CHST7,11,0.000313688994347936,0.0010996776918826,3.503500718082,2.95873458497628,0.544766133105719,0.0010996776918826,0.0034223189265975,2.95873458497628,2.46567952091782,0.493055064058463,0.0385837463047961,0.13526035610156,0.13526035610156,0.420945227971492,1.18894726823464,0.932110226066041,0.932110226066041,0.613004412282997,True,False,False,False,True,False,0.00836091915925272,0.00958879721007936,0.00122787805082664,0.008,0.018,0.999999951471955,0.960069451718191,11.5,11.5,0.38235294117647056,10.5,11.5,0.38235294117647056,0.0
cd4_0h_vs_24h,cd4_0h,cd4_24h,KEGG_GLYCOSAMINOGLYCAN_BIOSYNTHESIS_CHONDROITIN_SULFATE,Vanilla-only significant,18,CHSY1,12,0.000313688994347936,0.0150822934297104,3.503500718082,1.82153261416016,1.68196810392185,0.0010996776918826,0.0351222601892017,2.95873458497628,1.45441754412943,1.50431704084686,0.0385837463047961,1.0,0.13526035610156,1.0,1.18894726823464,0.0,0.932110226066041,0.0,True,False,False,False,True,False,0.0239255363756883,0.117553769411318,0.0936282330356293,0.022,0.144,1.00000007492143,0.96443318920086,5.5,5.5,0.7352941176470589,2.0,2.0,0.9411764705882353,0.2058823529411764
cd4_0h_vs_24h,cd4_0h,cd4_24h,KEGG_GLYCOSAMINOGLYCAN_BIOSYNTHESIS_CHONDROITIN_SULFATE,Vanilla-only significant,18,CSGALNACT1,13,0.000313688994347936,0.0150822934297104,3.503500718082,1.82153261416016,1.68196810392185,0.0010996776918826,0.0010996776918826,2.95873458497628,2.95873458497628,0.0,0.0385837463047961,1.0,0.13526035610156,0.13526035610156,1.18894726823464,0.0,0.932110226066041,0.932110226066041,True,False,False,False,True,False,0.339944855870124,0.0457928104813911,-0.294152045388733,0.278,0.044,0.999999984347952,0.956131889943543,5.5,5.5,0.7352941176470589,15.5,17.5,0.029411764705882353,-0.7058823529411765
cd4_0h_vs_24h,cd4_0h,cd4_24h,KEGG_GLYCOSAMINOGLYCAN_BIOSYNTHESIS_CHONDROITIN_SULFATE,Vanilla-only significant,18,CSGALNACT2,14,0.000313688994347936,0.0010996776918826,3.503500718082,2.95873458497628,0.544766133105719,0.0010996776918826,0.0233436169134307,2.95873458497628,1.63183185249604,1.32690273248024,0.0385837463047961,0.13526035610156,0.13526035610156,1.0,1.18894726823464,0.932110226066041,0.932110226066041,0.0,True,False,False,False,True,False,0.115868495248285,0.0700393537770803,-0.0458291414712046,0.106,0.09,1.00000000105713,0.954415476701066,11.5,11.5,0.38235294117647056,4.5,4.5,0.7941176470588235,0.4117647058823529
cd4_0h_vs_24h,cd4_0h,cd4_24h,KEGG_GLYCOSAMINOGLYCAN_BIOSYNTHESIS_CHONDROITIN_SULFATE,Vanilla-only significant,18,DSE,15,0.000313688994347936,0.000313688994347936,3.503500718082,3.503500718082,0.0,0.0010996776918826,0.0150822934297104,2.95873458497628,1.82153261416016,1.13720197081613,0.0385837463047961,0.0385837463047961,0.13526035610156,1.0,1.18894726823464,1.18894726823464,0.932110226066041,0.0,True,True,False,False,False,False,0.0328425574140695,0.0100414121024544,-0.0228011453116151,0.03,0.012,0.999999988022313,0.925430725583641,16.5,16.5,0.08823529411764706,6.0,6.0,0.7058823529411765,0.6176470588235294
cd4_0h_vs_24h,cd4_0h,cd4_24h,KEGG_GLYCOSAMINOGLYCAN_BIOSYNTHESIS_CHONDROITIN_SULFATE,Vanilla-only significant,18,UST,16,0.000313688994347936,0.000313688994347936,3.503500718082,3.503500718082,0.0,0.0010996776918826,0.00059618767048381,2.95873458497628,3.22461700967912,-0.26588242470284,0.0385837463047961,0.0385837463047961,0.13526035610156,0.0733310834695086,1.18894726823464,1.18894726823464,0.932110226066041,1.06522856619588,True,True,False,False,False,False,0.0,0.000691070066874215,0.000691070066874215,0.0,0.002,0.99999992261491,0.87297883877954,16.5,16.5,0.08823529411764706,17.0,13.0,0.29411764705882354,0.20588235294117646
cd4_0h_vs_24h,cd4_0h,cd4_24h,KEGG_GLYCOSAMINOGLYCAN_BIOSYNTHESIS_CHONDROITIN_SULFATE,Vanilla-only significant,18,XYLT1,17,0.000313688994347936,0.00577645522630862,3.503500718082,2.23833858855416,1.26516212952784,0.0010996776918826,0.00196887460329715,2.95873458497628,2.70578194299357,0.252952641982712,0.0385837463047961,0.71050399283596,0.13526035610156,0.242171576205549,1.18894726823464,0.385270654364906,0.932110226066041,0.784778205325666,True,False,False,False,True,False,0.104979429885254,0.00698186203737774,-0.0979975678478762,0.094,0.01,1.00000004941115,0.936353229834062,7.5,7.5,0.6176470588235294,13.0,15.0,0.17647058823529413,-0.4411764705882353
cd4_0h_vs_24h,cd4_0h,cd4_24h,KEGG_GLYCOSAMINOGLYCAN_BIOSYNTHESIS_CHONDROITIN_SULFATE,Vanilla-only significant,18,XYLT2,18,0.000313688994347936,0.00059618767048381,3.503500718082,3.22461700967912,0.278883708402879,0.0010996776918826,0.00196887460329715,2.95873458497628,2.70578194299357,0.252952641982712,0.0385837463047961,0.0733310834695086,0.13526035610156,0.242171576205549,1.18894726823464,1.06522856619588,0.932110226066041,0.784778205325666,True,False,False,False,True,False,0.0359982526125792,0.0333243429813817,-0.00267390963119752,0.034,0.054,1.00000003284695,0.95172446474789,13.5,13.5,0.2647058823529412,13.0,15.0,0.17647058823529413,-0.08823529411764705
cd4_0h_vs_24h,cd4_0h,cd4_24h,KEGG_RETINOL_METABOLISM,Vanilla-only significant,17,ADH5,1,0.000313688994347936,0.0513887607461245,3.503500718082,1.28913185531754,2.21436886276447,0.0233436169134307,0.179741341532766,1.63183185249604,0.745352021196044,0.886479831299999,0.0385837463047961,1.0,1.0,1.0,1.18894726823464,0.0,0.0,0.0,True,False,False,False,True,False,0.449188761313027,0.464312708843271,0.0151239475302442,0.374,0.51,1.00000011309662,0.930263025279599,1.0,1.0,1.0,1.5,1.5,0.96875,-0.03125
cd4_0h_vs_24h,cd4_0h,cd4_24h,KEGG_RETINOL_METABOLISM,Vanilla-only significant,17,CYP1A1,2,0.000313688994347936,0.0010996776918826,3.503500718082,2.95873458497628,0.544766133105719,0.0233436169134307,0.00577645522630862,1.63183185249604,2.23833858855416,-0.606506736058118,0.0385837463047961,0.13526035610156,1.0,0.71050399283596,1.18894726823464,0.932110226066041,0.0,0.385270654364906,True,False,False,False,True,False,0.0,0.0103058331173153,0.0103058331173153,0.0,0.016,1.00000002071404,0.926656983811818,8.5,9.5,0.46875,17.0,4.0,0.8125,0.34375
cd4_0h_vs_24h,cd4_0h,cd4_24h,KEGG_RETINOL_METABOLISM,Vanilla-only significant,17,CYP3A43,3,0.000313688994347936,0.000313688994347936,3.503500718082,3.503500718082,0.0,0.0233436169134307,0.00946978291842922,1.63183185249604,2.02365997647813,-0.391828123982087,0.0385837463047961,0.0385837463047961,1.0,1.0,1.18894726823464,1.18894726823464,0.0,0.0,True,True,False,False,False,False,0.0,0.00135475766824943,0.00135475766824943,0.0,0.002,1.00000001834618,0.933870372789159,13.5,14.5,0.15625,15.0,7.0,0.625,0.46875
cd4_0h_vs_24h,cd4_0h,cd4_24h,KEGG_RETINOL_METABOLISM,Vanilla-only significant,17,CYP3A5,4,0.000313688994347936,0.000313688994347936,3.503500718082,3.503500718082,0.0,0.0233436169134307,0.0233436169134307,1.63183185249604,1.63183185249604,0.0,0.0385837463047961,0.0385837463047961,1.0,1.0,1.18894726823464,1.18894726823464,0.0,0.0,True,True,False,False,False,False,0.0707500193136788,0.0490261348967567,-0.0217238844169221,0.068,0.068,0.999999955308344,0.932641851554402,13.5,14.5,0.15625,11.0,16.0,0.0625,-0.09375
cd4_0h_vs_24h,cd4_0h,cd4_24h,KEGG_RETINOL_METABOLISM,Vanilla-only significant,17,DGAT1,5,0.000313688994347936,0.0034223189265975,3.503500718082,2.46567952091782,1.03782119716418,0.0233436169134307,0.00946978291842922,1.63183185249604,2.02365997647813,-0.391828123982087,0.0385837463047961,0.420945227971492,1.0,1.0,1.18894726823464,0.613004412282997,0.0,0.0,True,False,False,False,True,False,0.0686733258655065,0.11633336380692,0.0476600379414132,0.064,0.176,0.999999998735447,0.938846710140909,6.0,6.0,0.6875,15.0,7.0,0.625,-0.0625
cd4_0h_vs_24h,cd4_0h,cd4_24h,KEGG_RETINOL_METABOLISM,Vanilla-only significant,17,DGAT2,6,0.000313688994347936,0.0010996776918826,3.503500718082,2.95873458497628,0.544766133105719,0.0233436169134307,0.0513887607461245,1.63183185249604,1.28913185531754,0.342699997178508,0.0385837463047961,0.13526035610156,1.0,1.0,1.18894726823464,0.932110226066041,0.0,0.0,True,False,False,False,True,False,0.00191437689900399,0.0121890451798999,0.0102746682808959,0.002,0.022,1.00000000231825,0.921535097286724,8.5,9.5,0.46875,5.5,9.5,0.46875,0.0
cd4_0h_vs_24h,cd4_0h,cd4_24h,KEGG_RETINOL_METABOLISM,Vanilla-only significant,17,DHRS3,7,0.000313688994347936,0.0351222601892017,3.503500718082,1.45441754412943,2.04908317395257,0.0233436169134307,0.0513887607461245,1.63183185249604,1.28913185531754,0.342699997178508,0.0385837463047961,1.0,1.0,1.0,1.18894726823464,0.0,0.0,0.0,True,False,False,False,True,False,0.225176240062482,0.235690439913295,0.0105141998508129,0.208,0.256,0.999999983666793,0.947207861924539,2.0,2.0,0.9375,5.5,9.5,0.46875,-0.46875
cd4_0h_vs_24h,cd4_0h,cd4_24h,KEGG_RETINOL_METABOLISM,Vanilla-only significant,17,DHRS4,8,0.000313688994347936,0.00059618767048381,3.503500718082,3.22461700967912,0.278883708402879,0.0233436169134307,0.0150822934297104,1.63183185249604,1.82153261416016,-0.189700761664114,0.0385837463047961,0.0733310834695086,1.0,1.0,1.18894726823464,1.06522856619588,0.0,0.0,True,False,False,False,True,False,0.0424647218739487,0.0896501733034968,0.0471854514295481,0.038,0.128,1.00000010304549,0.935970723431354,10.0,11.0,0.375,13.0,11.0,0.375,0.0
cd4_0h_vs_24h,cd4_0h,cd4_24h,KEGG_RETINOL_METABOLISM,Vanilla-only significant,17,DHRS4L2,9,0.000313688994347936,0.00946978291842922,3.503500718082,2.02365997647813,1.47984074160387,0.0233436169134307,0.0351222601892017,1.63183185249604,1.45441754412943,0.177414308366614,0.0385837463047961,1.0,1.0,1.0,1.18894726823464,0.0,0.0,0.0,True,False,False,False,True,False,0.0790520314246531,0.157541107333804,0.0784890759091505,0.072,0.214,1.00000001389309,0.956092802509248,4.0,4.0,0.8125,8.0,13.0,0.25,-0.5625
cd4_0h_vs_24h,cd4_0h,cd4_24h,KEGG_RETINOL_METABOLISM,Vanilla-only significant,17,DHRS9,10,0.000313688994347936,0.000313688994347936,3.503500718082,3.503500718082,0.0,0.0233436169134307,0.0233436169134307,1.63183185249604,1.63183185249604,0.0,0.0385837463047961,0.0385837463047961,1.0,1.0,1.18894726823464,1.18894726823464,0.0,0.0,True,True,False,False,False,False,0.0,0.00177623218609376,0.00177623218609376,0.0,0.004,0.999999961746803,0.948550373288609,13.5,14.5,0.15625,11.0,16.0,0.0625,-0.09375
cd4_0h_vs_24h,cd4_0h,cd4_24h,KEGG_RETINOL_METABOLISM,Vanilla-only significant,17,LRAT,11,0.000313688994347936,0.000313688994347936,3.503500718082,3.503500718082,0.0,0.0233436169134307,0.0233436169134307,1.63183185249604,1.63183185249604,0.0,0.0385837463047961,0.0385837463047961,1.0,1.0,1.18894726823464,1.18894726823464,0.0,0.0,True,True,False,False,False,False,0.0,0.0,0.0,0.0,0.0,0.999999961583984,0.937007210656021,13.5,14.5,0.15625,11.0,16.0,0.0625,-0.09375
cd4_0h_vs_24h,cd4_0h,cd4_24h,KEGG_RETINOL_METABOLISM,Vanilla-only significant,17,PNPLA4,12,0.000313688994347936,7.93371655046569e-05,3.503500718082,4.1005233197136,-0.597022601631597,0.0233436169134307,0.179741341532766,1.63183185249604,0.745352021196044,0.886479831299999,0.0385837463047961,0.0097584713570728,1.0,1.0,1.18894726823464,1.417962696362,0.0,0.0,True,True,False,False,False,False,0.0505963332213764,0.0897282838846008,0.0391319506632244,0.048,0.134,0.999999989227927,0.899603479517006,17.0,8.0,0.5625,1.5,1.5,0.96875,0.40625
cd4_0h_vs_24h,cd4_0h,cd4_24h,KEGG_RETINOL_METABOLISM,Vanilla-only significant,17,RDH10,13,0.000313688994347936,0.000313688994347936,3.503500718082,3.503500718082,0.0,0.0233436169134307,0.0731481276708723,1.63183185249604,1.13579678577401,0.496035066722033,0.0385837463047961,0.0385837463047961,1.0,1.0,1.18894726823464,1.18894726823464,0.0,0.0,True,True,False,False,False,False,0.00472205184767418,0.0192973923064655,0.0145753404587913,0.004,0.03,1.00000001295544,0.948066819290882,13.5,14.5,0.15625,4.0,5.0,0.75,0.59375
cd4_0h_vs_24h,cd4_0h,cd4_24h,KEGG_RETINOL_METABOLISM,Vanilla-only significant,17,RDH11,14,0.000313688994347936,0.00577645522630862,3.503500718082,2.23833858855416,1.26516212952784,0.0233436169134307,0.101341801629482,1.63183185249604,0.994211379196843,0.6376204732992,0.0385837463047961,0.71050399283596,1.0,1.0,1.18894726823464,0.385270654364906,0.0,0.0,True,False,False,False,True,False,0.211342894989024,0.231662266413515,0.0203193714244906,0.188,0.282,1.00000003685261,0.950920100519395,5.0,5.0,0.75,3.0,3.0,0.875,0.125
cd4_0h_vs_24h,cd4_0h,cd4_24h,KEGG_RETINOL_METABOLISM,Vanilla-only significant,17,RDH16,15,0.000313688994347936,0.000313688994347936,3.503500718082,3.503500718082,0.0,0.0233436169134307,0.00946978291842922,1.63183185249604,2.02365997647813,-0.391828123982087,0.0385837463047961,0.0385837463047961,1.0,1.0,1.18894726823464,1.18894726823464,0.0,0.0,True,True,False,False,False,False,0.00187968307966527,0.00129516199882343,-0.000584521080841837,0.002,0.002,0.999999944297005,0.947983753363233,13.5,14.5,0.15625,15.0,7.0,0.625,0.46875
cd4_0h_vs_24h,cd4_0h,cd4_24h,KEGG_RETINOL_METABOLISM,Vanilla-only significant,17,RDH5,16,0.000313688994347936,0.0233436169134307,3.503500718082,1.63183185249604,1.87166886558596,0.0233436169134307,0.0351222601892017,1.63183185249604,1.45441754412943,0.177414308366614,0.0385837463047961,1.0,1.0,1.0,1.18894726823464,0.0,0.0,0.0,True,False,False,False,True,False,0.0362488023167573,0.0248166333057841,-0.0114321690109733,0.034,0.032,1.00000002350625,0.948973572589058,3.0,3.0,0.875,8.0,13.0,0.25,-0.625
cd4_0h_vs_24h,cd4_0h,cd4_24h,KEGG_RETINOL_METABOLISM,Vanilla-only significant,17,RETSAT,17,0.000313688994347936,0.00196887460329715,3.503500718082,2.70578194299357,0.797718775088431,0.0233436169134307,0.0351222601892017,1.63183185249604,1.45441754412943,0.177414308366614,0.0385837463047961,0.242171576205549,1.0,1.0,1.18894726823464,0.784778205325666,0.0,0.0,True,False,False,False,True,False,0.0268098982494497,0.0113102713936372,-0.0154996268558125,0.024,0.016,1.00000004947746,0.935270078697163,7.0,7.0,0.625,8.0,13.0,0.25,-0.375
cd4_0h_vs_24h,cd4_0h,cd4_24h,REACTOME_BILE_ACID_AND_BILE_SALT_METABOLISM,Vanilla-only significant,23,ACOT8,1,1.77726970010602e-05,0.00577645522630862,4.75024666314563,2.23833858855416,2.51190807459147,0.0010996776918826,0.00196887460329715,2.95873458497628,2.70578194299357,0.252952641982712,0.0021860417311304,0.71050399283596,0.13526035610156,0.242171576205549,1.63105534906276,0.385270654364906,0.932110226066041,0.784778205325666,True,False,False,False,True,False,0.0682789044411323,0.124531055334003,0.0562521508928708,0.064,0.17,1.00000003746949,0.924014170940995,2.0,2.0,0.9545454545454546,4.0,17.0,0.2727272727272727,-0.6818181818181819
cd4_0h_vs_24h,cd4_0h,cd4_24h,REACTOME_BILE_ACID_AND_BILE_SALT_METABOLISM,Vanilla-only significant,23,AKR1C1,2,1.77726970010602e-05,0.0010996776918826,4.75024666314563,2.95873458497628,1.79151207816934,0.0010996776918826,0.00059618767048381,2.95873458497628,3.22461700967912,-0.26588242470284,0.0021860417311304,0.13526035610156,0.13526035610156,0.0733310834695086,1.63105534906276,0.932110226066041,0.932110226066041,1.06522856619588,True,False,False,False,True,False,0.0144752165827623,0.00156784981971395,-0.0129073667630483,0.014,0.002,1.00000005383422,0.922991471873615,4.5,4.5,0.8409090909090909,12.5,13.5,0.4318181818181818,-0.4090909090909091
cd4_0h_vs_24h,cd4_0h,cd4_24h,REACTOME_BILE_ACID_AND_BILE_SALT_METABOLISM,Vanilla-only significant,23,AKR1C3,3,1.77726970010602e-05,0.00059618767048381,4.75024666314563,3.22461700967912,1.5256296534665,0.0010996776918826,0.00196887460329715,2.95873458497628,2.70578194299357,0.252952641982712,0.0021860417311304,0.0733310834695086,0.13526035610156,0.242171576205549,1.63105534906276,1.06522856619588,0.932110226066041,0.784778205325666,True,False,False,False,True,False,0.0572634026722653,0.0118733552020877,-0.0453900474701776,0.052,0.012,0.999999960496614,0.919427231766885,7.0,7.0,0.7272727272727273,4.0,17.0,0.2727272727272727,-0.4545454545454546
cd4_0h_vs_24h,cd4_0h,cd4_24h,REACTOME_BILE_ACID_AND_BILE_SALT_METABOLISM,Vanilla-only significant,23,AMACR,4,1.77726970010602e-05,7.93371655046569e-05,4.75024666314563,4.1005233197136,0.649723343432027,0.0010996776918826,1.77726970010602e-05,2.95873458497628,4.75024666314563,-1.79151207816934,0.0021860417311304,0.0097584713570728,0.13526035610156,0.0021860417311304,1.63105534906276,1.417962696362,0.932110226066041,1.63105534906276,True,True,False,True,False,True,0.00199561517909229,0.00771480201598608,0.00571918683689379,0.002,0.014,1.00000001049619,0.9229899606503,13.0,13.0,0.45454545454545453,23.0,2.0,0.9545454545454546,0.5
cd4_0h_vs_24h,cd4_0h,cd4_24h,REACTOME_BILE_ACID_AND_BILE_SALT_METABOLISM,Vanilla-only significant,23,CH25H,5,1.77726970010602e-05,1.77726970010602e-05,4.75024666314563,4.75024666314563,0.0,0.0010996776918826,0.0010996776918826,2.95873458497628,2.95873458497628,0.0,0.0021860417311304,0.0021860417311304,0.13526035610156,0.13526035610156,1.63105534906276,1.63105534906276,0.932110226066041,0.932110226066041,True,True,False,False,False,False,0.0,0.00204512470191083,0.00204512470191083,0.0,0.002,1.0000000241373,0.931603989670433,19.5,20.5,0.11363636363636363,8.0,21.0,0.09090909090909091,-0.02272727272727272
cd4_0h_vs_24h,cd4_0h,cd4_24h,REACTOME_BILE_ACID_AND_BILE_SALT_METABOLISM,Vanilla-only significant,23,CYP46A1,6,1.77726970010602e-05,3.81265104892234e-05,4.75024666314563,4.41877294150378,0.331473721641845,0.0010996776918826,7.93371655046569e-05,2.95873458497628,4.1005233197136,-1.14178873473732,0.0021860417311304,0.00468956079017448,0.13526035610156,0.0097584713570728,1.63105534906276,1.52606285259303,0.932110226066041,1.417962696362,True,True,False,True,False,True,0.00610370719652884,0.00621362121697902,0.000109914020450173,0.006,0.006,0.999999898402733,0.941119128007593,15.5,16.5,0.29545454545454547,18.5,6.5,0.75,0.45454545454545453
cd4_0h_vs_24h,cd4_0h,cd4_24h,REACTOME_BILE_ACID_AND_BILE_SALT_METABOLISM,Vanilla-only significant,23,HSD17B4,7,1.77726970010602e-05,7.93371655046569e-05,4.75024666314563,4.1005233197136,0.649723343432027,0.0010996776918826,3.81265104892234e-05,2.95873458497628,4.41877294150378,-1.4600383565275,0.0021860417311304,0.0097584713570728,0.13526035610156,0.00468956079017448,1.63105534906276,1.417962696362,0.932110226066041,1.52606285259303,True,True,False,True,False,True,0.0695113984952414,0.122105365001872,0.0525939665066305,0.064,0.188,1.00000003575157,0.935525388182579,13.0,13.0,0.45454545454545453,21.0,4.0,0.8636363636363636,0.4090909090909091
cd4_0h_vs_24h,cd4_0h,cd4_24h,REACTOME_BILE_ACID_AND_BILE_SALT_METABOLISM,Vanilla-only significant,23,HSD3B7,8,1.77726970010602e-05,8.03548663493119e-06,4.75024666314563,5.09498781691362,-0.344741153767997,0.0010996776918826,0.00059618767048381,2.95873458497628,3.22461700967912,-0.26588242470284,0.0021860417311304,0.000988364856096536,0.13526035610156,0.0733310834695086,1.63105534906276,1.73351743731473,0.932110226066041,1.06522856619588,True,True,False,False,False,False,0.00450759104127034,0.000737644197327032,-0.00376994684394331,0.004,0.002,0.999999966010603,0.930487616783853,23.0,15.0,0.36363636363636365,12.5,13.5,0.4318181818181818,0.06818181818181818
cd4_0h_vs_24h,cd4_0h,cd4_24h,REACTOME_BILE_ACID_AND_BILE_SALT_METABOLISM,Vanilla-only significant,23,NCOA1,9,1.77726970010602e-05,0.000160158462101912,4.75024666314563,3.79545011009365,0.954796553051974,0.0010996776918826,0.0010996776918826,2.95873458497628,2.95873458497628,0.0,0.0021860417311304,0.0196994908385352,0.13526035610156,0.13526035610156,1.63105534906276,1.30596515981639,0.932110226066041,0.932110226066041,True,True,False,False,False,False,0.155410933100708,0.13746356313807,-0.0179473699626378,0.138,0.184,1.0000000882469,0.919322733168801,10.5,10.5,0.5681818181818182,8.0,21.0,0.09090909090909091,-0.4772727272727273
cd4_0h_vs_24h,cd4_0h,cd4_24h,REACTOME_BILE_ACID_AND_BILE_SALT_METABOLISM,Vanilla-only significant,23,NCOA2,10,1.77726970010602e-05,7.93371655046569e-05,4.75024666314563,4.1005233197136,0.649723343432027,0.0010996776918826,7.93371655046569e-05,2.95873458497628,4.1005233197136,-1.14178873473732,0.0021860417311304,0.0097584713570728,0.13526035610156,0.0097584713570728,1.63105534906276,1.417962696362,0.932110226066041,1.417962696362,True,True,False,True,False,True,0.0892335623539105,0.0650671560212923,-0.0241664063326182,0.082,0.088,1.00000002092441,0.926777705064064,13.0,13.0,0.45454545454545453,18.5,6.5,0.75,0.29545454545454547
cd4_0h_vs_24h,cd4_0h,cd4_24h,REACTOME_BILE_ACID_AND_BILE_SALT_METABOLISM,Vanilla-only significant,23,OSBP,11,1.77726970010602e-05,0.00059618767048381,4.75024666314563,3.22461700967912,1.5256296534665,0.0010996776918826,0.0034223189265975,2.95873458497628,2.46567952091782,0.493055064058463,0.0021860417311304,0.0733310834695086,0.13526035610156,0.420945227971492,1.63105534906276,1.06522856619588,0.932110226066041,0.613004412282997,True,False,False,False,True,False,0.148163433229994,0.162285066716308,0.014121633486314,0.136,0.226,0.999999946735403,0.933651499801726,7.0,7.0,0.7272727272727273,2.0,11.0,0.5454545454545454,-0.18181818181818188
cd4_0h_vs_24h,cd4_0h,cd4_24h,REACTOME_BILE_ACID_AND_BILE_SALT_METABOLISM,Vanilla-only significant,23,OSBPL1A,12,1.77726970010602e-05,0.000160158462101912,4.75024666314563,3.79545011009365,0.954796553051974,0.0010996776918826,0.000313688994347936,2.95873458497628,3.503500718082,-0.544766133105719,0.0021860417311304,0.0196994908385352,0.13526035610156,0.0385837463047961,1.63105534906276,1.30596515981639,0.932110226066041,1.18894726823464,True,True,False,True,False,True,0.0332005771187857,0.010040720303792,-0.0231598568149937,0.03,0.018,0.99999991551931,0.951924782481073,10.5,10.5,0.5681818181818182,15.5,9.5,0.6136363636363636,0.045454545454545414
cd4_0h_vs_24h,cd4_0h,cd4_24h,REACTOME_BILE_ACID_AND_BILE_SALT_METABOLISM,Vanilla-only significant,23,OSBPL2,13,1.77726970010602e-05,3.81265104892234e-05,4.75024666314563,4.41877294150378,0.331473721641845,0.0010996776918826,0.00059618767048381,2.95873458497628,3.22461700967912,-0.26588242470284,0.0021860417311304,0.00468956079017448,0.13526035610156,0.0733310834695086,1.63105534906276,1.52606285259303,0.932110226066041,1.06522856619588,True,True,False,False,False,False,0.0823165245513281,0.0302074316237612,-0.0521090929275669,0.074,0.04,0.999999984822145,0.953971136774305,15.5,16.5,0.29545454545454547,12.5,13.5,0.4318181818181818,0.13636363636363635
cd4_0h_vs_24h,cd4_0h,cd4_24h,REACTOME_BILE_ACID_AND_BILE_SALT_METABOLISM,Vanilla-only significant,23,OSBPL3,14,1.77726970010602e-05,1.77726970010602e-05,4.75024666314563,4.75024666314563,0.0,0.0010996776918826,3.81265104892234e-05,2.95873458497628,4.41877294150378,-1.4600383565275,0.0021860417311304,0.0021860417311304,0.13526035610156,0.00468956079017448,1.63105534906276,1.63105534906276,0.932110226066041,1.52606285259303,True,True,False,True,False,True,0.0101096971720266,0.0459311683352796,0.035821471163253,0.01,0.076,0.999999949832749,0.949006483017092,19.5,20.5,0.11363636363636363,21.0,4.0,0.8636363636363636,0.75
cd4_0h_vs_24h,cd4_0h,cd4_24h,REACTOME_BILE_ACID_AND_BILE_SALT_METABOLISM,Vanilla-only significant,23,OSBPL6,15,1.77726970010602e-05,1.77726970010602e-05,4.75024666314563,4.75024666314563,0.0,0.0010996776918826,0.0010996776918826,2.95873458497628,2.95873458497628,0.0,0.0021860417311304,0.0021860417311304,0.13526035610156,0.13526035610156,1.63105534906276,1.63105534906276,0.932110226066041,0.932110226066041,True,True,False,False,False,False,0.0,0.0,0.0,0.0,0.0,1.00000002970435,0.948644811734689,19.5,20.5,0.11363636363636363,8.0,21.0,0.09090909090909091,-0.02272727272727272
cd4_0h_vs_24h,cd4_0h,cd4_24h,REACTOME_BILE_ACID_AND_BILE_SALT_METABOLISM,Vanilla-only significant,23,OSBPL7,16,1.77726970010602e-05,1.77726970010602e-05,4.75024666314563,4.75024666314563,0.0,0.0010996776918826,0.000160158462101912,2.95873458497628,3.79545011009365,-0.836715525117369,0.0021860417311304,0.0021860417311304,0.13526035610156,0.0196994908385352,1.63105534906276,1.63105534906276,0.932110226066041,1.30596515981639,True,True,False,True,False,True,0.0451889022887075,0.0134729096488318,-0.0317159926398757,0.042,0.018,0.999999945297339,0.951099389632543,19.5,20.5,0.11363636363636363,17.0,8.0,0.6818181818181818,0.5681818181818181
cd4_0h_vs_24h,cd4_0h,cd4_24h,REACTOME_BILE_ACID_AND_BILE_SALT_METABOLISM,Vanilla-only significant,23,OSBPL9,17,1.77726970010602e-05,0.0010996776918826,4.75024666314563,2.95873458497628,1.79151207816934,0.0010996776918826,0.000313688994347936,2.95873458497628,3.503500718082,-0.544766133105719,0.0021860417311304,0.13526035610156,0.13526035610156,0.0385837463047961,1.63105534906276,0.932110226066041,0.932110226066041,1.18894726823464,True,False,False,True,True,True,0.151964200332524,0.165952040063288,0.0139878397307643,0.138,0.226,1.00000002731968,0.955244462022058,4.5,4.5,0.8409090909090909,15.5,9.5,0.6136363636363636,-0.2272727272727273
cd4_0h_vs_24h,cd4_0h,cd4_24h,REACTOME_BILE_ACID_AND_BILE_SALT_METABOLISM,Vanilla-only significant,23,PTGIS,18,1.77726970010602e-05,1.77726970010602e-05,4.75024666314563,4.75024666314563,0.0,0.0010996776918826,0.0010996776918826,2.95873458497628,2.95873458497628,0.0,0.0021860417311304,0.0021860417311304,0.13526035610156,0.13526035610156,1.63105534906276,1.63105534906276,0.932110226066041,0.932110226066041,True,True,False,False,False,False,0.0,0.0,0.0,0.0,0.0,0.99999997983988,0.933305920396375,19.5,20.5,0.11363636363636363,8.0,21.0,0.09090909090909091,-0.02272727272727272
cd4_0h_vs_24h,cd4_0h,cd4_24h,REACTOME_BILE_ACID_AND_BILE_SALT_METABOLISM,Vanilla-only significant,23,RXRA,19,1.77726970010602e-05,1.77726970010602e-05,4.75024666314563,4.75024666314563,0.0,0.0010996776918826,3.81265104892234e-05,2.95873458497628,4.41877294150378,-1.4600383565275,0.0021860417311304,0.0021860417311304,0.13526035610156,0.00468956079017448,1.63105534906276,1.63105534906276,0.932110226066041,1.52606285259303,True,True,False,True,False,True,0.0188713846178227,0.00368549581056401,-0.0151858888072587,0.016,0.006,1.00000004634002,0.892910996654311,19.5,20.5,0.11363636363636363,21.0,4.0,0.8636363636363636,0.75
cd4_0h_vs_24h,cd4_0h,cd4_24h,REACTOME_BILE_ACID_AND_BILE_SALT_METABOLISM,Vanilla-only significant,23,SCP2,20,1.77726970010602e-05,0.230392335941705,4.75024666314563,0.63753197192238,4.11271469122325,0.0010996776918826,0.288162930520753,2.95873458497628,0.540361887872263,2.41837269710402,0.0021860417311304,1.0,0.13526035610156,1.0,1.63105534906276,0.0,0.932110226066041,0.0,True,False,False,False,True,False,0.280156117373853,0.449571343933472,0.169415226559618,0.25,0.514,1.00000005562703,0.863691728605672,1.0,1.0,1.0,1.0,1.0,1.0,0.0
cd4_0h_vs_24h,cd4_0h,cd4_24h,REACTOME_BILE_ACID_AND_BILE_SALT_METABOLISM,Vanilla-only significant,23,SLC27A2,21,1.77726970010602e-05,0.0034223189265975,4.75024666314563,2.46567952091782,2.28456714222781,0.0010996776918826,0.0010996776918826,2.95873458497628,2.95873458497628,0.0,0.0021860417311304,0.420945227971492,0.13526035610156,0.13526035610156,1.63105534906276,0.613004412282997,0.932110226066041,0.932110226066041,True,False,False,False,True,False,0.0,0.04496504531377,0.04496504531377,0.0,0.052,1.00000000415286,0.936761552478945,3.0,3.0,0.9090909090909091,8.0,21.0,0.09090909090909091,-0.8181818181818181
cd4_0h_vs_24h,cd4_0h,cd4_24h,REACTOME_BILE_ACID_AND_BILE_SALT_METABOLISM,Vanilla-only significant,23,SLC27A5,22,1.77726970010602e-05,0.00059618767048381,4.75024666314563,3.22461700967912,1.5256296534665,0.0010996776918826,0.00196887460329715,2.95873458497628,2.70578194299357,0.252952641982712,0.0021860417311304,0.0733310834695086,0.13526035610156,0.242171576205549,1.63105534906276,1.06522856619588,0.932110226066041,0.784778205325666,True,False,False,False,True,False,0.0737524421228529,0.143762377061727,0.0700099349388739,0.066,0.204,0.999999971639594,0.928003311790296,7.0,7.0,0.7272727272727273,4.0,17.0,0.2727272727272727,-0.4545454545454546
cd4_0h_vs_24h,cd4_0h,cd4_24h,REACTOME_BILE_ACID_AND_BILE_SALT_METABOLISM,Vanilla-only significant,23,STARD5,23,1.77726970010602e-05,0.000313688994347936,4.75024666314563,3.503500718082,1.24674594506362,0.0010996776918826,0.00059618767048381,2.95873458497628,3.22461700967912,-0.26588242470284,0.0021860417311304,0.0385837463047961,0.13526035610156,0.0733310834695086,1.63105534906276,1.18894726823464,0.932110226066041,1.06522856619588,True,True,False,False,False,False,0.0254621195028769,0.0108987570438782,-0.0145633624589986,0.022,0.016,0.99999997577362,0.928623993981465,9.0,9.0,0.6363636363636364,12.5,13.5,0.4318181818181818,-0.20454545454545453
cd4_0h_vs_24h,cd4_0h,cd4_24h,REACTOME_FATTY_ACYL_COA_BIOSYNTHESIS,Vanilla-only significant,31,ACACA,1,8.03548663493119e-06,8.03548663493119e-06,5.09498781691362,5.09498781691362,0.0,0.00577645522630862,0.00196887460329715,2.23833858855416,2.70578194299357,-0.467443354439411,0.000988364856096536,0.000988364856096536,0.71050399283596,0.242171576205549,1.73351743731473,1.73351743731473,0.385270654364906,0.784778205325666,True,True,False,False,False,False,0.0166871301221139,0.0908366032469967,0.0741494731248828,0.016,0.142,1.00000004087195,0.918871836360808,18.0,25.0,0.2,13.5,20.5,0.35,0.14999999999999997
cd4_0h_vs_24h,cd4_0h,cd4_24h,REACTOME_FATTY_ACYL_COA_BIOSYNTHESIS,Vanilla-only significant,31,ACLY,2,8.03548663493119e-06,0.000160158462101912,5.09498781691362,3.79545011009365,1.29953770681997,0.00577645522630862,0.00196887460329715,2.23833858855416,2.70578194299357,-0.467443354439411,0.000988364856096536,0.0196994908385352,0.71050399283596,0.242171576205549,1.73351743731473,1.30596515981639,0.385270654364906,0.784778205325666,True,True,False,False,False,False,0.0539952187097061,0.169310599580296,0.115315380870589,0.052,0.246,0.999999995233859,0.916430906953755,2.0,2.0,0.9666666666666667,13.5,20.5,0.35,-0.6166666666666667
cd4_0h_vs_24h,cd4_0h,cd4_24h,REACTOME_FATTY_ACYL_COA_BIOSYNTHESIS,Vanilla-only significant,31,ACSBG1,3,8.03548663493119e-06,8.03548663493119e-06,5.09498781691362,5.09498781691362,0.0,0.00577645522630862,0.0034223189265975,2.23833858855416,2.46567952091782,-0.227340932363659,0.000988364856096536,0.000988364856096536,0.71050399283596,0.420945227971492,1.73351743731473,1.73351743731473,0.385270654364906,0.613004412282997,True,True,False,False,False,False,0.0,0.00352787768886754,0.00352787768886754,0.0,0.004,0.999999998677215,0.938639936090659,18.0,25.0,0.2,10.5,24.5,0.21666666666666667,0.016666666666666663
cd4_0h_vs_24h,cd4_0h,cd4_24h,REACTOME_FATTY_ACYL_COA_BIOSYNTHESIS,Vanilla-only significant,31,ACSF3,4,8.03548663493119e-06,3.81265104892234e-05,5.09498781691362,4.41877294150378,0.676214875409841,0.00577645522630862,6.1774102028672e-07,2.23833858855416,6.20919355894615,-3.97085497039199,0.000988364856096536,0.00468956079017448,0.71050399283596,7.59821454952666e-05,1.73351743731473,1.52606285259303,0.385270654364906,2.02960302707371,True,True,False,True,False,True,0.176042437159305,0.133767948797153,-0.0422744883621521,0.154,0.176,1.00000008168816,0.947129336290228,4.0,8.0,0.7666666666666667,30.0,2.0,0.9666666666666667,0.19999999999999996
cd4_0h_vs_24h,cd4_0h,cd4_24h,REACTOME_FATTY_ACYL_COA_BIOSYNTHESIS,Vanilla-only significant,31,ACSL1,5,8.03548663493119e-06,3.52341775794401e-06,5.09498781691362,5.45303586115776,-0.358048044244133,0.00577645522630862,0.0150822934297104,2.23833858855416,1.82153261416016,0.416805974394003,0.000988364856096536,0.000433380384227113,0.71050399283596,1.0,1.73351743731473,1.83388406114409,0.385270654364906,0.0,True,True,False,False,False,False,0.01410958676883,0.0226086446811931,0.00849905791236303,0.014,0.032,0.999999904648259,0.955499266263654,26.0,10.0,0.7,3.0,22.0,0.3,-0.39999999999999997
cd4_0h_vs_24h,cd4_0h,cd4_24h,REACTOME_FATTY_ACYL_COA_BIOSYNTHESIS,Vanilla-only significant,31,ACSL3,6,8.03548663493119e-06,8.03548663493119e-06,5.09498781691362,5.09498781691362,0.0,0.00577645522630862,0.000160158462101912,2.23833858855416,3.79545011009365,-1.55711152153949,0.000988364856096536,0.000988364856096536,0.71050399283596,0.0196994908385352,1.73351743731473,1.73351743731473,0.385270654364906,1.30596515981639,True,True,False,True,False,True,0.128575265618052,0.129601927938266,0.00102666232021381,0.11,0.188,0.999999960665364,0.958314956797074,18.0,25.0,0.2,20.5,11.5,0.65,0.45
cd4_0h_vs_24h,cd4_0h,cd4_24h,REACTOME_FATTY_ACYL_COA_BIOSYNTHESIS,Vanilla-only significant,31,ACSL4,7,8.03548663493119e-06,1.77726970010602e-05,5.09498781691362,4.75024666314563,0.344741153767997,0.00577645522630862,3.81265104892234e-05,2.23833858855416,4.41877294150378,-2.18043435294962,0.000988364856096536,0.0021860417311304,0.71050399283596,0.00468956079017448,1.73351743731473,1.63105534906276,0.385270654364906,1.52606285259303,True,True,False,True,False,True,0.0394570267551306,0.143718571962183,0.104261545207053,0.036,0.198,1.0000000658117,0.959970391110303,8.0,15.0,0.5333333333333333,25.0,7.0,0.8,0.2666666666666667
cd4_0h_vs_24h,cd4_0h,cd4_24h,REACTOME_FATTY_ACYL_COA_BIOSYNTHESIS,Vanilla-only significant,31,ACSL5,8,8.03548663493119e-06,8.03548663493119e-06,5.09498781691362,5.09498781691362,0.0,0.00577645522630862,0.000313688994347936,2.23833858855416,3.503500718082,-1.26516212952784,0.000988364856096536,0.000988364856096536,0.71050399283596,0.0385837463047961,1.73351743731473,1.73351743731473,0.385270654364906,1.18894726823464,True,True,False,True,False,True,0.0425105668947699,0.0730959426867007,0.0305853757919308,0.042,0.108,0.999999955728254,0.956053722932461,18.0,25.0,0.2,18.5,13.5,0.5833333333333334,0.38333333333333336
cd4_0h_vs_24h,cd4_0h,cd4_24h,REACTOME_FATTY_ACYL_COA_BIOSYNTHESIS,Vanilla-only significant,31,ACSL6,9,8.03548663493119e-06,7.93371655046569e-05,5.09498781691362,4.1005233197136,0.994464497200023,0.00577645522630862,3.81265104892234e-05,2.23833858855416,4.41877294150378,-2.18043435294962,0.000988364856096536,0.0097584713570728,0.71050399283596,0.00468956079017448,1.73351743731473,1.417962696362,0.385270654364906,1.52606285259303,True,True,False,True,False,True,0.159740328648212,0.0170624381883009,-0.142677890459912,0.14,0.014,1.00000004571258,0.951938769749923,3.0,6.0,0.8333333333333334,25.0,7.0,0.8,-0.033333333333333326
cd4_0h_vs_24h,cd4_0h,cd4_24h,REACTOME_FATTY_ACYL_COA_BIOSYNTHESIS,Vanilla-only significant,31,CBR4,10,8.03548663493119e-06,6.1774102028672e-07,5.09498781691362,6.20919355894615,-1.11420574203253,0.00577645522630862,3.81265104892234e-05,2.23833858855416,4.41877294150378,-2.18043435294962,0.000988364856096536,7.59821454952666e-05,0.71050399283596,0.00468956079017448,1.73351743731473,2.02960302707371,0.385270654364906,1.52606285259303,True,True,False,True,False,True,0.136584569793023,0.141419097811784,0.00483452801876136,0.124,0.198,1.00000001460134,0.899646782014357,30.0,4.0,0.9,25.0,7.0,0.8,-0.09999999999999998
cd4_0h_vs_24h,cd4_0h,cd4_24h,REACTOME_FATTY_ACYL_COA_BIOSYNTHESIS,Vanilla-only significant,31,ELOVL1,11,8.03548663493119e-06,8.03548663493119e-06,5.09498781691362,5.09498781691362,0.0,0.00577645522630862,0.0010996776918826,2.23833858855416,2.95873458497628,-0.720395996422123,0.000988364856096536,0.000988364856096536,0.71050399283596,0.13526035610156,1.73351743731473,1.73351743731473,0.385270654364906,0.932110226066041,True,True,False,False,False,False,0.0460703813659157,0.174518264285118,0.128447882919202,0.04,0.248,0.999999990723138,0.926361631280387,18.0,25.0,0.2,16.0,17.0,0.4666666666666667,0.26666666666666666
cd4_0h_vs_24h,cd4_0h,cd4_24h,REACTOME_FATTY_ACYL_COA_BIOSYNTHESIS,Vanilla-only significant,31,ELOVL4,12,8.03548663493119e-06,1.77726970010602e-05,5.09498781691362,4.75024666314563,0.344741153767997,0.00577645522630862,0.0513887607461245,2.23833858855416,1.28913185531754,0.949206733236626,0.000988364856096536,0.0021860417311304,0.71050399283596,1.0,1.73351743731473,1.63105534906276,0.385270654364906,0.0,True,True,False,False,False,False,0.00670134928611329,0.00401264568310677,-0.00268870360300652,0.006,0.006,0.99999995584884,0.921103023405477,8.0,15.0,0.5333333333333333,1.0,15.0,0.5333333333333333,0.0
cd4_0h_vs_24h,cd4_0h,cd4_24h,REACTOME_FATTY_ACYL_COA_BIOSYNTHESIS,Vanilla-only significant,31,ELOVL5,13,8.03548663493119e-06,1.77726970010602e-05,5.09498781691362,4.75024666314563,0.344741153767997,0.00577645522630862,1.77726970010602e-05,2.23833858855416,4.75024666314563,-2.51190807459147,0.000988364856096536,0.0021860417311304,0.71050399283596,0.0021860417311304,1.73351743731473,1.63105534906276,0.385270654364906,1.63105534906276,True,True,False,True,False,True,0.139109096271625,0.189238043770134,0.050128947498509,0.13,0.246,1.00000006596867,0.93179839929894,8.0,15.0,0.5333333333333333,27.5,4.5,0.8833333333333333,0.35
cd4_0h_vs_24h,cd4_0h,cd4_24h,REACTOME_FATTY_ACYL_COA_BIOSYNTHESIS,Vanilla-only significant,31,ELOVL6,14,8.03548663493119e-06,1.77726970010602e-05,5.09498781691362,4.75024666314563,0.344741153767997,0.00577645522630862,0.00946978291842922,2.23833858855416,2.02365997647813,0.214678612076031,0.000988364856096536,0.0021860417311304,0.71050399283596,1.0,1.73351743731473,1.63105534906276,0.385270654364906,0.0,True,True,False,False,False,False,0.0031738859219842,0.00578546441744147,0.00261157849545727,0.002,0.012,0.999999906531701,0.883145145989432,8.0,15.0,0.5333333333333333,4.0,27.0,0.13333333333333333,-0.4
cd4_0h_vs_24h,cd4_0h,cd4_24h,REACTOME_FATTY_ACYL_COA_BIOSYNTHESIS,Vanilla-only significant,31,FASN,15,8.03548663493119e-06,0.000313688994347936,5.09498781691362,3.503500718082,1.59148709883162,0.00577645522630862,0.00577645522630862,2.23833858855416,2.23833858855416,0.0,0.000988364856096536,0.0385837463047961,0.71050399283596,0.71050399283596,1.73351743731473,1.18894726823464,0.385270654364906,0.385270654364906,True,True,False,False,False,False,0.0213595849865489,0.163176363102764,0.141816778116215,0.02,0.248,0.999999945607478,0.935435625651326,1.0,1.0,1.0,6.5,29.5,0.05,-0.95
cd4_0h_vs_24h,cd4_0h,cd4_24h,REACTOME_FATTY_ACYL_COA_BIOSYNTHESIS,Vanilla-only significant,31,HACD1,16,8.03548663493119e-06,8.03548663493119e-06,5.09498781691362,5.09498781691362,0.0,0.00577645522630862,0.00577645522630862,2.23833858855416,2.23833858855416,0.0,0.000988364856096536,0.000988364856096536,0.71050399283596,0.71050399283596,1.73351743731473,1.73351743731473,0.385270654364906,0.385270654364906,True,True,False,False,False,False,0.00865681892049529,0.00766826917475796,-0.000988549745737335,0.008,0.014,0.999999938625069,0.924214455343956,18.0,25.0,0.2,6.5,29.5,0.05,-0.15000000000000002
cd4_0h_vs_24h,cd4_0h,cd4_24h,REACTOME_FATTY_ACYL_COA_BIOSYNTHESIS,Vanilla-only significant,31,HACD2,17,8.03548663493119e-06,3.52341775794401e-06,5.09498781691362,5.45303586115776,-0.358048044244133,0.00577645522630862,7.93371655046569e-05,2.23833858855416,4.1005233197136,-1.86218473115944,0.000988364856096536,0.000433380384227113,0.71050399283596,0.0097584713570728,1.73351743731473,1.83388406114409,0.385270654364906,1.417962696362,True,True,False,True,False,True,0.0652332768293393,0.0673399585351875,0.0021066817058482,0.062,0.104,0.999999973164189,0.946531096326889,26.0,10.0,0.7,22.5,9.5,0.7166666666666667,0.01666666666666672
cd4_0h_vs_24h,cd4_0h,cd4_24h,REACTOME_FATTY_ACYL_COA_BIOSYNTHESIS,Vanilla-only significant,31,HACD3,18,8.03548663493119e-06,1.77726970010602e-05,5.09498781691362,4.75024666314563,0.344741153767997,0.00577645522630862,3.59717677613814e-08,2.23833858855416,7.44403821911369,-5.20569963055953,0.000988364856096536,0.0021860417311304,0.71050399283596,4.42452743464991e-06,1.73351743731473,1.63105534906276,0.385270654364906,2.31389997788891,True,True,False,True,False,True,0.155763374879212,0.180747182851909,0.0249838079726972,0.138,0.248,0.999999985898705,0.932454955337733,8.0,15.0,0.5333333333333333,31.0,1.0,1.0,0.4666666666666667
cd4_0h_vs_24h,cd4_0h,cd4_24h,REACTOME_FATTY_ACYL_COA_BIOSYNTHESIS,Vanilla-only significant,31,HACD4,19,8.03548663493119e-06,6.1774102028672e-07,5.09498781691362,6.20919355894615,-1.11420574203253,0.00577645522630862,0.000160158462101912,2.23833858855416,3.79545011009365,-1.55711152153949,0.000988364856096536,7.59821454952666e-05,0.71050399283596,0.0196994908385352,1.73351743731473,2.02960302707371,0.385270654364906,1.30596515981639,True,True,False,True,False,True,0.138262411711953,0.0897305454487227,-0.04853186626323,0.124,0.126,1.00000001613244,0.941142646405463,30.0,4.0,0.9,20.5,11.5,0.65,-0.25
cd4_0h_vs_24h,cd4_0h,cd4_24h,REACTOME_FATTY_ACYL_COA_BIOSYNTHESIS,Vanilla-only significant,31,HSD17B12,20,8.03548663493119e-06,6.1774102028672e-07,5.09498781691362,6.20919355894615,-1.11420574203253,0.00577645522630862,8.03548663493119e-06,2.23833858855416,5.09498781691362,-2.85664922835946,0.000988364856096536,7.59821454952666e-05,0.71050399283596,0.000988364856096536,1.73351743731473,2.02960302707371,0.385270654364906,1.73351743731473,True,True,False,True,False,True,0.10076978060715,0.179241913666046,0.0784721330588955,0.092,0.244,0.999999999487677,0.911718138865206,30.0,4.0,0.9,29.0,3.0,0.9333333333333333,0.033333333333333326
cd4_0h_vs_24h,cd4_0h,cd4_24h,REACTOME_FATTY_ACYL_COA_BIOSYNTHESIS,Vanilla-only significant,31,HSD17B8,21,8.03548663493119e-06,1.49821174952854e-06,5.09498781691362,5.82442680135432,-0.729438984440692,0.00577645522630862,7.93371655046569e-05,2.23833858855416,4.1005233197136,-1.86218473115944,0.000988364856096536,0.00018428004519201,0.71050399283596,0.0097584713570728,1.73351743731473,1.93249105817205,0.385270654364906,1.417962696362,True,True,False,True,False,True,0.0983912135577469,0.168140349318518,0.0697491357607712,0.088,0.236,1.00000004859841,0.905930972406427,28.0,7.0,0.8,22.5,9.5,0.7166666666666667,-0.08333333333333337
cd4_0h_vs_24h,cd4_0h,cd4_24h,REACTOME_FATTY_ACYL_COA_BIOSYNTHESIS,Vanilla-only significant,31,HTD2,22,8.03548663493119e-06,8.03548663493119e-06,5.09498781691362,5.09498781691362,0.0,0.00577645522630862,0.00577645522630862,2.23833858855416,2.23833858855416,0.0,0.000988364856096536,0.000988364856096536,0.71050399283596,0.71050399283596,1.73351743731473,1.73351743731473,0.385270654364906,0.385270654364906,True,True,False,False,False,False,0.0,0.0,0.0,0.0,0.0,0.999999967039652,0.927392667855991,18.0,25.0,0.2,6.5,29.5,0.05,-0.15000000000000002
cd4_0h_vs_24h,cd4_0h,cd4_24h,REACTOME_FATTY_ACYL_COA_BIOSYNTHESIS,Vanilla-only significant,31,MORC2,23,8.03548663493119e-06,3.52341775794401e-06,5.09498781691362,5.45303586115776,-0.358048044244133,0.00577645522630862,0.0233436169134307,2.23833858855416,1.63183185249604,0.606506736058118,0.000988364856096536,0.000433380384227113,0.71050399283596,1.0,1.73351743731473,1.83388406114409,0.385270654364906,0.0,True,True,False,False,False,False,0.129712127724145,0.0693752266734855,-0.0603369010506592,0.122,0.082,1.00000002721519,0.90358949174217,26.0,10.0,0.7,2.0,19.0,0.4,-0.29999999999999993
cd4_0h_vs_24h,cd4_0h,cd4_24h,REACTOME_FATTY_ACYL_COA_BIOSYNTHESIS,Vanilla-only significant,31,OLAH,24,8.03548663493119e-06,1.77726970010602e-05,5.09498781691362,4.75024666314563,0.344741153767997,0.00577645522630862,0.0010996776918826,2.23833858855416,2.95873458497628,-0.720395996422123,0.000988364856096536,0.0021860417311304,0.71050399283596,0.13526035610156,1.73351743731473,1.63105534906276,0.385270654364906,0.932110226066041,True,True,False,False,False,False,0.00281394056723929,0.0,-0.00281394056723929,0.002,0.0,1.00000003651363,0.911280276228467,8.0,15.0,0.5333333333333333,16.0,17.0,0.4666666666666667,-0.06666666666666665
cd4_0h_vs_24h,cd4_0h,cd4_24h,REACTOME_FATTY_ACYL_COA_BIOSYNTHESIS,Vanilla-only significant,31,PPT1,25,8.03548663493119e-06,8.03548663493119e-06,5.09498781691362,5.09498781691362,0.0,0.00577645522630862,0.000313688994347936,2.23833858855416,3.503500718082,-1.26516212952784,0.000988364856096536,0.000988364856096536,0.71050399283596,0.0385837463047961,1.73351743731473,1.73351743731473,0.385270654364906,1.18894726823464,True,True,False,True,False,True,0.11324509022992,0.28262333358356,0.16937824335364,0.106,0.376,1.00000006393318,0.927451973665983,18.0,25.0,0.2,18.5,13.5,0.5833333333333334,0.38333333333333336
cd4_0h_vs_24h,cd4_0h,cd4_24h,REACTOME_FATTY_ACYL_COA_BIOSYNTHESIS,Vanilla-only significant,31,PPT2,26,8.03548663493119e-06,8.03548663493119e-06,5.09498781691362,5.09498781691362,0.0,0.00577645522630862,0.0034223189265975,2.23833858855416,2.46567952091782,-0.227340932363659,0.000988364856096536,0.000988364856096536,0.71050399283596,0.420945227971492,1.73351743731473,1.73351743731473,0.385270654364906,0.613004412282997,True,True,False,False,False,False,0.00933293210153305,0.0152547662598178,0.00592183415828477,0.008,0.03,1.00000003115391,0.900315888352017,18.0,25.0,0.2,10.5,24.5,0.21666666666666667,0.016666666666666663
cd4_0h_vs_24h,cd4_0h,cd4_24h,REACTOME_FATTY_ACYL_COA_BIOSYNTHESIS,Vanilla-only significant,31,SCD,27,8.03548663493119e-06,8.03548663493119e-06,5.09498781691362,5.09498781691362,0.0,0.00577645522630862,0.0034223189265975,2.23833858855416,2.46567952091782,-0.227340932363659,0.000988364856096536,0.000988364856096536,0.71050399283596,0.420945227971492,1.73351743731473,1.73351743731473,0.385270654364906,0.613004412282997,True,True,False,False,False,False,0.0,0.0226965065199928,0.0226965065199928,0.0,0.038,0.999999954191763,0.946835142350216,18.0,25.0,0.2,10.5,24.5,0.21666666666666667,0.016666666666666663
cd4_0h_vs_24h,cd4_0h,cd4_24h,REACTOME_FATTY_ACYL_COA_BIOSYNTHESIS,Vanilla-only significant,31,SCD5,28,8.03548663493119e-06,8.03548663493119e-06,5.09498781691362,5.09498781691362,0.0,0.00577645522630862,0.00577645522630862,2.23833858855416,2.23833858855416,0.0,0.000988364856096536,0.000988364856096536,0.71050399283596,0.71050399283596,1.73351743731473,1.73351743731473,0.385270654364906,0.385270654364906,True,True,False,False,False,False,0.0,0.0,0.0,0.0,0.0,0.999999966556441,0.896175574426982,18.0,25.0,0.2,6.5,29.5,0.05,-0.15000000000000002
cd4_0h_vs_24h,cd4_0h,cd4_24h,REACTOME_FATTY_ACYL_COA_BIOSYNTHESIS,Vanilla-only significant,31,SLC25A1,29,8.03548663493119e-06,8.03548663493119e-06,5.09498781691362,5.09498781691362,0.0,0.00577645522630862,1.77726970010602e-05,2.23833858855416,4.75024666314563,-2.51190807459147,0.000988364856096536,0.000988364856096536,0.71050399283596,0.0021860417311304,1.73351743731473,1.73351743731473,0.385270654364906,1.63105534906276,True,True,False,True,False,True,0.0707413446622313,0.187104291437887,0.116362946775656,0.066,0.256,1.00000001099611,0.93181265775993,18.0,25.0,0.2,27.5,4.5,0.8833333333333333,0.6833333333333333
cd4_0h_vs_24h,cd4_0h,cd4_24h,REACTOME_FATTY_ACYL_COA_BIOSYNTHESIS,Vanilla-only significant,31,SLC27A3,30,8.03548663493119e-06,1.77726970010602e-05,5.09498781691362,4.75024666314563,0.344741153767997,0.00577645522630862,0.0034223189265975,2.23833858855416,2.46567952091782,-0.227340932363659,0.000988364856096536,0.0021860417311304,0.71050399283596,0.420945227971492,1.73351743731473,1.63105534906276,0.385270654364906,0.613004412282997,True,True,False,False,False,False,0.0292940617946928,0.0138310185215164,-0.0154630432731764,0.026,0.022,0.999999996231356,0.933523766755467,8.0,15.0,0.5333333333333333,10.5,24.5,0.21666666666666667,-0.31666666666666665
cd4_0h_vs_24h,cd4_0h,cd4_24h,REACTOME_FATTY_ACYL_COA_BIOSYNTHESIS,Vanilla-only significant,31,TECR,31,8.03548663493119e-06,8.03548663493119e-06,5.09498781691362,5.09498781691362,0.0,0.00577645522630862,0.0010996776918826,2.23833858855416,2.95873458497628,-0.720395996422123,0.000988364856096536,0.000988364856096536,0.71050399283596,0.13526035610156,1.73351743731473,1.73351743731473,0.385270654364906,0.932110226066041,True,True,False,False,False,False,0.551083084003323,0.380454992455875,-0.170628091547448,0.448,0.434,0.999999951388832,0.931385435754338,18.0,25.0,0.2,16.0,17.0,0.4666666666666667,0.26666666666666666
cd4_0h_vs_24h,cd4_0h,cd4_24h,REACTOME_KERATAN_SULFATE_KERATIN_METABOLISM,Vanilla-only significant,25,ACAN,1,7.93371655046569e-05,0.000160158462101912,4.1005233197136,3.79545011009365,0.305073209619947,0.0010996776918826,0.00196887460329715,2.95873458497628,2.70578194299357,0.252952641982712,0.0097584713570728,0.0196994908385352,0.13526035610156,0.242171576205549,1.417962696362,1.30596515981639,0.932110226066041,0.784778205325666,True,True,False,False,False,False,0.0,0.00140187438831208,0.00140187438831208,0.0,0.002,0.999999988984736,0.898440162293487,16.0,18.0,0.2916666666666667,7.0,20.0,0.20833333333333334,-0.08333333333333334
cd4_0h_vs_24h,cd4_0h,cd4_24h,REACTOME_KERATAN_SULFATE_KERATIN_METABOLISM,Vanilla-only significant,25,B3GNT2,2,7.93371655046569e-05,7.93371655046569e-05,4.1005233197136,4.1005233197136,0.0,0.0010996776918826,0.0034223189265975,2.95873458497628,2.46567952091782,0.493055064058463,0.0097584713570728,0.0097584713570728,0.13526035610156,0.420945227971492,1.417962696362,1.417962696362,0.932110226066041,0.613004412282997,True,True,False,False,False,False,0.0403592588988802,0.0472425918705495,0.00688333297166933,0.038,0.072,0.999999969170876,0.965362362693353,20.0,22.0,0.125,4.0,10.0,0.625,0.5
cd4_0h_vs_24h,cd4_0h,cd4_24h,REACTOME_KERATAN_SULFATE_KERATIN_METABOLISM,Vanilla-only significant,25,B3GNT4,3,7.93371655046569e-05,0.00059618767048381,4.1005233197136,3.22461700967912,0.875906310034476,0.0010996776918826,0.0010996776918826,2.95873458497628,2.95873458497628,0.0,0.0097584713570728,0.0733310834695086,0.13526035610156,0.13526035610156,1.417962696362,1.06522856619588,0.932110226066041,0.932110226066041,True,False,False,False,True,False,0.0,0.00592033415926509,0.00592033415926509,0.0,0.01,0.999999943339792,0.96508176935225,9.5,9.5,0.6458333333333334,10.5,23.5,0.0625,-0.5833333333333334
cd4_0h_vs_24h,cd4_0h,cd4_24h,REACTOME_KERATAN_SULFATE_KERATIN_METABOLISM,Vanilla-only significant,25,B4GALT1,4,7.93371655046569e-05,0.00196887460329715,4.1005233197136,2.70578194299357,1.39474137672003,0.0010996776918826,0.000313688994347936,2.95873458497628,3.503500718082,-0.544766133105719,0.0097584713570728,0.242171576205549,0.13526035610156,0.0385837463047961,1.417962696362,0.784778205325666,0.932110226066041,1.18894726823464,True,False,False,True,True,True,0.0927613935579189,0.0818259764774622,-0.0109354170804567,0.084,0.116,0.999999981496454,0.963299993402334,5.0,5.0,0.8333333333333334,21.5,6.5,0.7708333333333334,-0.0625
cd4_0h_vs_24h,cd4_0h,cd4_24h,REACTOME_KERATAN_SULFATE_KERATIN_METABOLISM,Vanilla-only significant,25,B4GALT2,5,7.93371655046569e-05,0.0010996776918826,4.1005233197136,2.95873458497628,1.14178873473732,0.0010996776918826,0.00059618767048381,2.95873458497628,3.22461700967912,-0.26588242470284,0.0097584713570728,0.13526035610156,0.13526035610156,0.0733310834695086,1.417962696362,0.932110226066041,0.932110226066041,1.06522856619588,True,False,False,False,True,False,0.0,0.0289937682026588,0.0289937682026588,0.0,0.046,1.00000002772784,0.969202738283472,7.0,7.0,0.75,16.0,15.0,0.4166666666666667,-0.3333333333333333
cd4_0h_vs_24h,cd4_0h,cd4_24h,REACTOME_KERATAN_SULFATE_KERATIN_METABOLISM,Vanilla-only significant,25,B4GALT3,6,7.93371655046569e-05,0.000313688994347936,4.1005233197136,3.503500718082,0.597022601631597,0.0010996776918826,0.00059618767048381,2.95873458497628,3.22461700967912,-0.26588242470284,0.0097584713570728,0.0385837463047961,0.13526035610156,0.0733310834695086,1.417962696362,1.18894726823464,0.932110226066041,1.06522856619588,True,True,False,False,False,False,0.0939986181519767,0.168145432773221,0.0741468146212445,0.086,0.226,0.99999994027067,0.970516395617627,13.0,13.0,0.5,16.0,15.0,0.4166666666666667,-0.08333333333333331
cd4_0h_vs_24h,cd4_0h,cd4_24h,REACTOME_KERATAN_SULFATE_KERATIN_METABOLISM,Vanilla-only significant,25,B4GALT4,7,7.93371655046569e-05,0.0010996776918826,4.1005233197136,2.95873458497628,1.14178873473732,0.0010996776918826,0.00059618767048381,2.95873458497628,3.22461700967912,-0.26588242470284,0.0097584713570728,0.13526035610156,0.13526035610156,0.0733310834695086,1.417962696362,0.932110226066041,0.932110226066041,1.06522856619588,True,False,False,False,True,False,0.15991795544433,0.0765667869492873,-0.083351168495043,0.146,0.102,1.00000001967824,0.966922204586716,7.0,7.0,0.75,16.0,15.0,0.4166666666666667,-0.3333333333333333
cd4_0h_vs_24h,cd4_0h,cd4_24h,REACTOME_KERATAN_SULFATE_KERATIN_METABOLISM,Vanilla-only significant,25,B4GALT5,8,7.93371655046569e-05,0.00059618767048381,4.1005233197136,3.22461700967912,0.875906310034476,0.0010996776918826,0.0034223189265975,2.95873458497628,2.46567952091782,0.493055064058463,0.0097584713570728,0.0733310834695086,0.13526035610156,0.420945227971492,1.417962696362,1.06522856619588,0.932110226066041,0.613004412282997,True,False,False,False,True,False,0.00232221211571977,0.0324361021633044,0.0301138900475847,0.002,0.05,0.999999924227578,0.965891087774706,9.5,9.5,0.6458333333333334,4.0,10.0,0.625,-0.02083333333333337
cd4_0h_vs_24h,cd4_0h,cd4_24h,REACTOME_KERATAN_SULFATE_KERATIN_METABOLISM,Vanilla-only significant,25,B4GALT6,9,7.93371655046569e-05,3.81265104892234e-05,4.1005233197136,4.41877294150378,-0.318249621790182,0.0010996776918826,0.0010996776918826,2.95873458497628,2.95873458497628,0.0,0.0097584713570728,0.00468956079017448,0.13526035610156,0.13526035610156,1.417962696362,1.52606285259303,0.932110226066041,0.932110226066041,True,True,False,False,False,False,0.0,0.00384894028766669,0.00384894028766669,0.0,0.01,0.99999996071758,0.969997200306877,24.5,16.5,0.3541666666666667,10.5,23.5,0.0625,-0.2916666666666667
cd4_0h_vs_24h,cd4_0h,cd4_24h,REACTOME_KERATAN_SULFATE_KERATIN_METABOLISM,Vanilla-only significant,25,B4GAT1,10,7.93371655046569e-05,3.81265104892234e-05,4.1005233197136,4.41877294150378,-0.318249621790182,0.0010996776918826,7.93371655046569e-05,2.95873458497628,4.1005233197136,-1.14178873473732,0.0097584713570728,0.00468956079017448,0.13526035610156,0.0097584713570728,1.417962696362,1.52606285259303,0.932110226066041,1.417962696362,True,True,False,True,False,True,0.039038330071356,0.0349293043275193,-0.00410902574383672,0.036,0.06,1.00000007179577,0.960987141176268,24.5,16.5,0.3541666666666667,24.5,2.5,0.9375,0.5833333333333333
cd4_0h_vs_24h,cd4_0h,cd4_24h,REACTOME_KERATAN_SULFATE_KERATIN_METABOLISM,Vanilla-only significant,25,CHST2,11,7.93371655046569e-05,0.000313688994347936,4.1005233197136,3.503500718082,0.597022601631597,0.0010996776918826,0.0034223189265975,2.95873458497628,2.46567952091782,0.493055064058463,0.0097584713570728,0.0385837463047961,0.13526035610156,0.420945227971492,1.417962696362,1.18894726823464,0.932110226066041,0.613004412282997,True,True,False,False,False,False,0.0175305680906196,0.0760309403915567,0.0585003723009372,0.018,0.108,1.00000000496647,0.922544382806368,13.0,13.0,0.5,4.0,10.0,0.625,0.125
cd4_0h_vs_24h,cd4_0h,cd4_24h,REACTOME_KERATAN_SULFATE_KERATIN_METABOLISM,Vanilla-only significant,25,CHST6,12,7.93371655046569e-05,7.93371655046569e-05,4.1005233197136,4.1005233197136,0.0,0.0010996776918826,0.000313688994347936,2.95873458497628,3.503500718082,-0.544766133105719,0.0097584713570728,0.0097584713570728,0.13526035610156,0.0385837463047961,1.417962696362,1.417962696362,0.932110226066041,1.18894726823464,True,True,False,True,False,True,0.00544641522370415,0.0,-0.00544641522370415,0.006,0.0,0.999999944122591,0.913594169509177,20.0,22.0,0.125,21.5,6.5,0.7708333333333334,0.6458333333333334
cd4_0h_vs_24h,cd4_0h,cd4_24h,REACTOME_KERATAN_SULFATE_KERATIN_METABOLISM,Vanilla-only significant,25,FMOD,13,7.93371655046569e-05,7.93371655046569e-05,4.1005233197136,4.1005233197136,0.0,0.0010996776918826,0.000313688994347936,2.95873458497628,3.503500718082,-0.544766133105719,0.0097584713570728,0.0097584713570728,0.13526035610156,0.0385837463047961,1.417962696362,1.417962696362,0.932110226066041,1.18894726823464,True,True,False,True,False,True,0.0,0.000820169042389803,0.000820169042389803,0.0,0.002,1.00000002167597,0.887116830220285,20.0,22.0,0.125,21.5,6.5,0.7708333333333334,0.6458333333333334
cd4_0h_vs_24h,cd4_0h,cd4_24h,REACTOME_KERATAN_SULFATE_KERATIN_METABOLISM,Vanilla-only significant,25,GALNS,14,7.93371655046569e-05,0.00577645522630862,4.1005233197136,2.23833858855416,1.86218473115944,0.0010996776918826,0.00059618767048381,2.95873458497628,3.22461700967912,-0.26588242470284,0.0097584713570728,0.71050399283596,0.13526035610156,0.0733310834695086,1.417962696362,0.385270654364906,0.932110226066041,1.06522856619588,True,False,False,False,True,False,0.058152706706795,0.0342687604862569,-0.0238839462205381,0.054,0.046,1.00000000020686,0.942970773596948,3.5,3.5,0.8958333333333334,16.0,15.0,0.4166666666666667,-0.4791666666666667
cd4_0h_vs_24h,cd4_0h,cd4_24h,REACTOME_KERATAN_SULFATE_KERATIN_METABOLISM,Vanilla-only significant,25,GLB1,15,7.93371655046569e-05,0.0010996776918826,4.1005233197136,2.95873458497628,1.14178873473732,0.0010996776918826,0.00059618767048381,2.95873458497628,3.22461700967912,-0.26588242470284,0.0097584713570728,0.13526035610156,0.13526035610156,0.0733310834695086,1.417962696362,0.932110226066041,0.932110226066041,1.06522856619588,True,False,False,False,True,False,0.031900815141749,0.0764010555168053,0.0445002403750563,0.032,0.124,0.999999981952397,0.951018265056758,7.0,7.0,0.75,16.0,15.0,0.4166666666666667,-0.3333333333333333
cd4_0h_vs_24h,cd4_0h,cd4_24h,REACTOME_KERATAN_SULFATE_KERATIN_METABOLISM,Vanilla-only significant,25,GLB1L,16,7.93371655046569e-05,7.93371655046569e-05,4.1005233197136,4.1005233197136,0.0,0.0010996776918826,7.93371655046569e-05,2.95873458497628,4.1005233197136,-1.14178873473732,0.0097584713570728,0.0097584713570728,0.13526035610156,0.0097584713570728,1.417962696362,1.417962696362,0.932110226066041,1.417962696362,True,True,False,True,False,True,0.0425128304942854,0.0141290268138648,-0.0283838036804206,0.038,0.022,0.999999927648818,0.932747647166309,20.0,22.0,0.125,24.5,2.5,0.9375,0.8125
cd4_0h_vs_24h,cd4_0h,cd4_24h,REACTOME_KERATAN_SULFATE_KERATIN_METABOLISM,Vanilla-only significant,25,GNS,17,7.93371655046569e-05,0.000313688994347936,4.1005233197136,3.503500718082,0.597022601631597,0.0010996776918826,0.0010996776918826,2.95873458497628,2.95873458497628,0.0,0.0097584713570728,0.0385837463047961,0.13526035610156,0.13526035610156,1.417962696362,1.18894726823464,0.932110226066041,0.932110226066041,True,True,False,False,False,False,0.0278183964455687,0.0172526066250752,-0.0105657898204935,0.028,0.028,0.99999995234637,0.920805821464023,13.0,13.0,0.5,10.5,23.5,0.0625,-0.4375
cd4_0h_vs_24h,cd4_0h,cd4_24h,REACTOME_KERATAN_SULFATE_KERATIN_METABOLISM,Vanilla-only significant,25,HEXA,18,7.93371655046569e-05,0.0233436169134307,4.1005233197136,1.63183185249604,2.46869146721756,0.0010996776918826,0.0010996776918826,2.95873458497628,2.95873458497628,0.0,0.0097584713570728,1.0,0.13526035610156,0.13526035610156,1.417962696362,0.0,0.932110226066041,0.932110226066041,True,False,False,False,True,False,0.223985318167142,0.176371405182568,-0.0476139129845733,0.204,0.228,0.999999995901123,0.938045811035972,1.0,1.0,1.0,10.5,23.5,0.0625,-0.9375
cd4_0h_vs_24h,cd4_0h,cd4_24h,REACTOME_KERATAN_SULFATE_KERATIN_METABOLISM,Vanilla-only significant,25,HEXB,19,7.93371655046569e-05,0.00946978291842922,4.1005233197136,2.02365997647813,2.07686334323547,0.0010996776918826,0.000313688994347936,2.95873458497628,3.503500718082,-0.544766133105719,0.0097584713570728,1.0,0.13526035610156,0.0385837463047961,1.417962696362,0.0,0.932110226066041,1.18894726823464,True,False,False,True,True,True,0.119748144629791,0.13336495648249,0.0136168118526997,0.11,0.188,0.999999956702897,0.923159203618129,2.0,2.0,0.9583333333333334,21.5,6.5,0.7708333333333334,-0.1875
cd4_0h_vs_24h,cd4_0h,cd4_24h,REACTOME_KERATAN_SULFATE_KERATIN_METABOLISM,Vanilla-only significant,25,OGN,20,7.93371655046569e-05,0.000313688994347936,4.1005233197136,3.503500718082,0.597022601631597,0.0010996776918826,0.00196887460329715,2.95873458497628,2.70578194299357,0.252952641982712,0.0097584713570728,0.0385837463047961,0.13526035610156,0.242171576205549,1.417962696362,1.18894726823464,0.932110226066041,0.784778205325666,True,True,False,False,False,False,0.00481948880813119,0.0,-0.00481948880813119,0.004,0.0,0.999999973083547,0.898038343430423,13.0,13.0,0.5,7.0,20.0,0.20833333333333334,-0.29166666666666663
cd4_0h_vs_24h,cd4_0h,cd4_24h,REACTOME_KERATAN_SULFATE_KERATIN_METABOLISM,Vanilla-only significant,25,SLC35D2,21,7.93371655046569e-05,7.93371655046569e-05,4.1005233197136,4.1005233197136,0.0,0.0010996776918826,0.00059618767048381,2.95873458497628,3.22461700967912,-0.26588242470284,0.0097584713570728,0.0097584713570728,0.13526035610156,0.0733310834695086,1.417962696362,1.417962696362,0.932110226066041,1.06522856619588,True,True,False,False,False,False,0.06438186676359,0.0506823742882434,-0.0136994924753466,0.06,0.066,0.999999964738546,0.896312536799629,20.0,22.0,0.125,16.0,15.0,0.4166666666666667,0.2916666666666667
cd4_0h_vs_24h,cd4_0h,cd4_24h,REACTOME_KERATAN_SULFATE_KERATIN_METABOLISM,Vanilla-only significant,25,ST3GAL1,22,7.93371655046569e-05,0.00577645522630862,4.1005233197136,2.23833858855416,1.86218473115944,0.0010996776918826,0.00946978291842922,2.95873458497628,2.02365997647813,0.935074608498154,0.0097584713570728,0.71050399283596,0.13526035610156,1.0,1.417962696362,0.385270654364906,0.932110226066041,0.0,True,False,False,False,True,False,0.29154763001512,0.128207810904852,-0.163339819110268,0.246,0.144,1.00000004999325,0.96101494373479,3.5,3.5,0.8958333333333334,2.0,4.0,0.875,-0.02083333333333337
cd4_0h_vs_24h,cd4_0h,cd4_24h,REACTOME_KERATAN_SULFATE_KERATIN_METABOLISM,Vanilla-only significant,25,ST3GAL2,23,7.93371655046569e-05,0.000313688994347936,4.1005233197136,3.503500718082,0.597022601631597,0.0010996776918826,0.0233436169134307,2.95873458497628,1.63183185249604,1.32690273248024,0.0097584713570728,0.0385837463047961,0.13526035610156,1.0,1.417962696362,1.18894726823464,0.932110226066041,0.0,True,True,False,False,False,False,0.268270785932021,0.156921928396983,-0.111348857535038,0.232,0.172,0.999999979209236,0.957368425920567,13.0,13.0,0.5,1.0,1.0,1.0,0.5
cd4_0h_vs_24h,cd4_0h,cd4_24h,REACTOME_KERATAN_SULFATE_KERATIN_METABOLISM,Vanilla-only significant,25,ST3GAL3,24,7.93371655046569e-05,7.93371655046569e-05,4.1005233197136,4.1005233197136,0.0,0.0010996776918826,0.00196887460329715,2.95873458497628,2.70578194299357,0.252952641982712,0.0097584713570728,0.0097584713570728,0.13526035610156,0.242171576205549,1.417962696362,1.417962696362,0.932110226066041,0.784778205325666,True,True,False,False,False,False,0.0588701361047631,0.0421995778242725,-0.0166705582804906,0.056,0.062,1.00000002963305,0.95943552078655,20.0,22.0,0.125,7.0,20.0,0.20833333333333334,0.08333333333333334
cd4_0h_vs_24h,cd4_0h,cd4_24h,REACTOME_KERATAN_SULFATE_KERATIN_METABOLISM,Vanilla-only significant,25,ST3GAL4,25,7.93371655046569e-05,7.93371655046569e-05,4.1005233197136,4.1005233197136,0.0,0.0010996776918826,0.00059618767048381,2.95873458497628,3.22461700967912,-0.26588242470284,0.0097584713570728,0.0097584713570728,0.13526035610156,0.0733310834695086,1.417962696362,1.417962696362,0.932110226066041,1.06522856619588,True,True,False,False,False,False,0.0020519895260598,0.0112236471528401,0.00917165762678034,0.002,0.022,1.00000005087438,0.958506665247882,20.0,22.0,0.125,16.0,15.0,0.4166666666666667,0.2916666666666667
cd4_0h_vs_24h,cd4_0h,cd4_24h,REACTOME_METABOLISM_OF_FAT_SOLUBLE_VITAMINS,Vanilla-only significant,26,AGRN,1,0.000313688994347936,0.000313688994347936,3.503500718082,3.503500718082,0.0,0.0010996776918826,0.00059618767048381,2.95873458497628,3.22461700967912,-0.26588242470284,0.0385837463047961,0.0385837463047961,0.13526035610156,0.0733310834695086,1.18894726823464,1.18894726823464,0.932110226066041,1.06522856619588,True,True,False,False,False,False,0.00620797866070879,0.0262510517821837,0.0200430731214749,0.006,0.034,0.999999945938536,0.920446694425947,10.0,23.0,0.12,18.0,15.0,0.44,0.32
cd4_0h_vs_24h,cd4_0h,cd4_24h,REACTOME_METABOLISM_OF_FAT_SOLUBLE_VITAMINS,Vanilla-only significant,26,AKR1C1,2,0.000313688994347936,3.81265104892234e-05,3.503500718082,4.41877294150378,-0.915272223421779,0.0010996776918826,0.0034223189265975,2.95873458497628,2.46567952091782,0.493055064058463,0.0385837463047961,0.00468956079017448,0.13526035610156,0.420945227971492,1.18894726823464,1.52606285259303,0.932110226066041,0.613004412282997,True,True,False,False,False,False,0.0144752165827623,0.00156784981971395,-0.0129073667630483,0.014,0.002,1.00000005383422,0.922338969428738,23.5,7.5,0.74,5.5,10.5,0.62,-0.12
cd4_0h_vs_24h,cd4_0h,cd4_24h,REACTOME_METABOLISM_OF_FAT_SOLUBLE_VITAMINS,Vanilla-only significant,26,AKR1C3,3,0.000313688994347936,1.77726970010602e-05,3.503500718082,4.75024666314563,-1.24674594506362,0.0010996776918826,3.81265104892234e-05,2.95873458497628,4.41877294150378,-1.4600383565275,0.0385837463047961,0.0021860417311304,0.13526035610156,0.00468956079017448,1.18894726823464,1.63105534906276,0.932110226066041,1.52606285259303,True,True,False,True,False,True,0.0572634026722653,0.0118733552020877,-0.0453900474701776,0.052,0.012,0.999999960496614,0.923371970059956,25.5,4.5,0.86,25.0,3.0,0.92,0.06000000000000005
cd4_0h_vs_24h,cd4_0h,cd4_24h,REACTOME_METABOLISM_OF_FAT_SOLUBLE_VITAMINS,Vanilla-only significant,26,APOA1,4,0.000313688994347936,0.000160158462101912,3.503500718082,3.79545011009365,-0.29194939201165,0.0010996776918826,0.00196887460329715,2.95873458497628,2.70578194299357,0.252952641982712,0.0385837463047961,0.0196994908385352,0.13526035610156,0.242171576205549,1.18894726823464,1.30596515981639,0.932110226066041,0.784778205325666,True,True,False,False,False,False,0.00207783105882413,0.000812834739602949,-0.00126499631922118,0.002,0.002,1.00000001050657,0.931894050878095,16.5,15.5,0.42,7.5,19.5,0.26,-0.15999999999999998
cd4_0h_vs_24h,cd4_0h,cd4_24h,REACTOME_METABOLISM_OF_FAT_SOLUBLE_VITAMINS,Vanilla-only significant,26,APOE,5,0.000313688994347936,0.000313688994347936,3.503500718082,3.503500718082,0.0,0.0010996776918826,0.0010996776918826,2.95873458497628,2.95873458497628,0.0,0.0385837463047961,0.0385837463047961,0.13526035610156,0.13526035610156,1.18894726823464,1.18894726823464,0.932110226066041,0.932110226066041,True,True,False,False,False,False,0.0,0.0,0.0,0.0,0.0,0.999999998392327,0.929445962098548,10.0,23.0,0.12,11.5,23.5,0.1,-0.01999999999999999
cd4_0h_vs_24h,cd4_0h,cd4_24h,REACTOME_METABOLISM_OF_FAT_SOLUBLE_VITAMINS,Vanilla-only significant,26,APOM,6,0.000313688994347936,7.93371655046569e-05,3.503500718082,4.1005233197136,-0.597022601631597,0.0010996776918826,0.00059618767048381,2.95873458497628,3.22461700967912,-0.26588242470284,0.0385837463047961,0.0097584713570728,0.13526035610156,0.0733310834695086,1.18894726823464,1.417962696362,0.932110226066041,1.06522856619588,True,True,False,False,False,False,0.00993657132646952,0.0176425158175911,0.00770594449112158,0.01,0.026,0.99999995302335,0.937104568097708,21.0,10.0,0.64,18.0,15.0,0.44,-0.2
cd4_0h_vs_24h,cd4_0h,cd4_24h,REACTOME_METABOLISM_OF_FAT_SOLUBLE_VITAMINS,Vanilla-only significant,26,BCO2,7,0.000313688994347936,7.93371655046569e-05,3.503500718082,4.1005233197136,-0.597022601631597,0.0010996776918826,0.00059618767048381,2.95873458497628,3.22461700967912,-0.26588242470284,0.0385837463047961,0.0097584713570728,0.13526035610156,0.0733310834695086,1.18894726823464,1.417962696362,0.932110226066041,1.06522856619588,True,True,False,False,False,False,0.00869178465766647,0.00408743961010472,-0.00460434504756175,0.008,0.008,1.00000003743306,0.901310786714041,21.0,10.0,0.64,18.0,15.0,0.44,-0.2
cd4_0h_vs_24h,cd4_0h,cd4_24h,REACTOME_METABOLISM_OF_FAT_SOLUBLE_VITAMINS,Vanilla-only significant,26,GPC1,8,0.000313688994347936,0.000313688994347936,3.503500718082,3.503500718082,0.0,0.0010996776918826,0.000313688994347936,2.95873458497628,3.503500718082,-0.544766133105719,0.0385837463047961,0.0385837463047961,0.13526035610156,0.0385837463047961,1.18894726823464,1.18894726823464,0.932110226066041,1.18894726823464,True,True,False,True,False,True,0.0,0.00150786464190348,0.00150786464190348,0.0,0.004,1.00000001259089,0.915784675586853,10.0,23.0,0.12,22.5,8.5,0.7,0.58
cd4_0h_vs_24h,cd4_0h,cd4_24h,REACTOME_METABOLISM_OF_FAT_SOLUBLE_VITAMINS,Vanilla-only significant,26,GPC2,9,0.000313688994347936,1.77726970010602e-05,3.503500718082,4.75024666314563,-1.24674594506362,0.0010996776918826,1.77726970010602e-05,2.95873458497628,4.75024666314563,-1.79151207816934,0.0385837463047961,0.0021860417311304,0.13526035610156,0.0021860417311304,1.18894726823464,1.63105534906276,0.932110226066041,1.63105534906276,True,True,False,True,False,True,0.152556435188249,0.033275115216922,-0.119281319971327,0.136,0.054,0.999999970122099,0.914553714874373,25.5,4.5,0.86,26.0,2.0,0.96,0.09999999999999998
cd4_0h_vs_24h,cd4_0h,cd4_24h,REACTOME_METABOLISM_OF_FAT_SOLUBLE_VITAMINS,Vanilla-only significant,26,GPC3,10,0.000313688994347936,3.81265104892234e-05,3.503500718082,4.41877294150378,-0.915272223421779,0.0010996776918826,0.00059618767048381,2.95873458497628,3.22461700967912,-0.26588242470284,0.0385837463047961,0.00468956079017448,0.13526035610156,0.0733310834695086,1.18894726823464,1.52606285259303,0.932110226066041,1.06522856619588,True,True,False,False,False,False,0.00483068034917575,0.0175063028679485,0.0126756225187728,0.004,0.022,1.00000000396061,0.931864413405067,23.5,7.5,0.74,18.0,15.0,0.44,-0.3
cd4_0h_vs_24h,cd4_0h,cd4_24h,REACTOME_METABOLISM_OF_FAT_SOLUBLE_VITAMINS,Vanilla-only significant,26,HSPG2,11,0.000313688994347936,0.000160158462101912,3.503500718082,3.79545011009365,-0.29194939201165,0.0010996776918826,0.000160158462101912,2.95873458497628,3.79545011009365,-0.836715525117369,0.0385837463047961,0.0196994908385352,0.13526035610156,0.0196994908385352,1.18894726823464,1.30596515981639,0.932110226066041,1.30596515981639,True,True,False,True,False,True,0.00447909100752795,0.0110979971645748,0.00661890615704685,0.004,0.012,0.999999987917108,0.905275622707598,16.5,15.5,0.42,24.0,7.0,0.76,0.34
cd4_0h_vs_24h,cd4_0h,cd4_24h,REACTOME_METABOLISM_OF_FAT_SOLUBLE_VITAMINS,Vanilla-only significant,26,LDLR,12,0.000313688994347936,0.000160158462101912,3.503500718082,3.79545011009365,-0.29194939201165,0.0010996776918826,0.0010996776918826,2.95873458497628,2.95873458497628,0.0,0.0385837463047961,0.0196994908385352,0.13526035610156,0.13526035610156,1.18894726823464,1.30596515981639,0.932110226066041,0.932110226066041,True,True,False,False,False,False,0.0107335268049564,0.0609544350636005,0.0502209082586441,0.01,0.082,0.999999935207782,0.926659404444378,16.5,15.5,0.42,11.5,23.5,0.1,-0.31999999999999995
cd4_0h_vs_24h,cd4_0h,cd4_24h,REACTOME_METABOLISM_OF_FAT_SOLUBLE_VITAMINS,Vanilla-only significant,26,LPL,13,0.000313688994347936,0.000313688994347936,3.503500718082,3.503500718082,0.0,0.0010996776918826,0.0010996776918826,2.95873458497628,2.95873458497628,0.0,0.0385837463047961,0.0385837463047961,0.13526035610156,0.13526035610156,1.18894726823464,1.18894726823464,0.932110226066041,0.932110226066041,True,True,False,False,False,False,0.0,0.00469295737788623,0.00469295737788623,0.0,0.008,1.00000001195951,0.891254685470351,10.0,23.0,0.12,11.5,23.5,0.1,-0.01999999999999999
cd4_0h_vs_24h,cd4_0h,cd4_24h,REACTOME_METABOLISM_OF_FAT_SOLUBLE_VITAMINS,Vanilla-only significant,26,LRAT,14,0.000313688994347936,0.000313688994347936,3.503500718082,3.503500718082,0.0,0.0010996776918826,0.0010996776918826,2.95873458497628,2.95873458497628,0.0,0.0385837463047961,0.0385837463047961,0.13526035610156,0.13526035610156,1.18894726823464,1.18894726823464,0.932110226066041,0.932110226066041,True,True,False,False,False,False,0.0,0.0,0.0,0.0,0.0,0.999999961583984,0.930007182697066,10.0,23.0,0.12,11.5,23.5,0.1,-0.01999999999999999
cd4_0h_vs_24h,cd4_0h,cd4_24h,REACTOME_METABOLISM_OF_FAT_SOLUBLE_VITAMINS,Vanilla-only significant,26,LRP1,15,0.000313688994347936,0.000160158462101912,3.503500718082,3.79545011009365,-0.29194939201165,0.0010996776918826,0.00059618767048381,2.95873458497628,3.22461700967912,-0.26588242470284,0.0385837463047961,0.0196994908385352,0.13526035610156,0.0733310834695086,1.18894726823464,1.30596515981639,0.932110226066041,1.06522856619588,True,True,False,False,False,False,0.00216263252003479,0.00142023780153269,-0.000742394718502095,0.002,0.002,1.0000000090183,0.917118996903761,16.5,15.5,0.42,18.0,15.0,0.44,0.020000000000000018
cd4_0h_vs_24h,cd4_0h,cd4_24h,REACTOME_METABOLISM_OF_FAT_SOLUBLE_VITAMINS,Vanilla-only significant,26,LRP10,16,0.000313688994347936,0.0010996776918826,3.503500718082,2.95873458497628,0.544766133105719,0.0010996776918826,0.00946978291842922,2.95873458497628,2.02365997647813,0.935074608498154,0.0385837463047961,0.13526035610156,0.13526035610156,1.0,1.18894726823464,0.932110226066041,0.932110226066041,0.0,True,False,False,False,True,False,0.364229334192707,0.19081984577083,-0.173409488421877,0.306,0.218,1.00000003669277,0.93688790461545,5.0,12.0,0.56,4.0,6.0,0.8,0.24
cd4_0h_vs_24h,cd4_0h,cd4_24h,REACTOME_METABOLISM_OF_FAT_SOLUBLE_VITAMINS,Vanilla-only significant,26,LRP12,17,0.000313688994347936,0.000160158462101912,3.503500718082,3.79545011009365,-0.29194939201165,0.0010996776918826,0.00059618767048381,2.95873458497628,3.22461700967912,-0.26588242470284,0.0385837463047961,0.0196994908385352,0.13526035610156,0.0733310834695086,1.18894726823464,1.30596515981639,0.932110226066041,1.06522856619588,True,True,False,False,False,False,0.00475088242425744,0.00247986547269188,-0.00227101695156556,0.004,0.004,1.00000003344804,0.940713162926523,16.5,15.5,0.42,18.0,15.0,0.44,0.020000000000000018
cd4_0h_vs_24h,cd4_0h,cd4_24h,REACTOME_METABOLISM_OF_FAT_SOLUBLE_VITAMINS,Vanilla-only significant,26,LRP8,18,0.000313688994347936,0.000160158462101912,3.503500718082,3.79545011009365,-0.29194939201165,0.0010996776918826,0.00196887460329715,2.95873458497628,2.70578194299357,0.252952641982712,0.0385837463047961,0.0196994908385352,0.13526035610156,0.242171576205549,1.18894726823464,1.30596515981639,0.932110226066041,0.784778205325666,True,True,False,False,False,False,0.00416234590341176,0.0506378125270833,0.0464754666236715,0.004,0.082,0.999999959429225,0.94808561188192,16.5,15.5,0.42,7.5,19.5,0.26,-0.15999999999999998
cd4_0h_vs_24h,cd4_0h,cd4_24h,REACTOME_METABOLISM_OF_FAT_SOLUBLE_VITAMINS,Vanilla-only significant,26,PLB1,19,0.000313688994347936,0.000313688994347936,3.503500718082,3.503500718082,0.0,0.0010996776918826,0.0010996776918826,2.95873458497628,2.95873458497628,0.0,0.0385837463047961,0.0385837463047961,0.13526035610156,0.13526035610156,1.18894726823464,1.18894726823464,0.932110226066041,0.932110226066041,True,True,False,False,False,False,0.0,0.0,0.0,0.0,0.0,1.00000002982083,0.936499025627566,10.0,23.0,0.12,11.5,23.5,0.1,-0.01999999999999999
cd4_0h_vs_24h,cd4_0h,cd4_24h,REACTOME_METABOLISM_OF_FAT_SOLUBLE_VITAMINS,Vanilla-only significant,26,RDH11,20,0.000313688994347936,0.0034223189265975,3.503500718082,2.46567952091782,1.03782119716418,0.0010996776918826,0.0034223189265975,2.95873458497628,2.46567952091782,0.493055064058463,0.0385837463047961,0.420945227971492,0.13526035610156,0.420945227971492,1.18894726823464,0.613004412282997,0.932110226066041,0.613004412282997,True,False,False,False,True,False,0.211342894989024,0.231662266413515,0.0203193714244906,0.188,0.282,1.00000003685261,0.902321902588696,4.0,6.0,0.8,5.5,10.5,0.62,-0.18000000000000005
cd4_0h_vs_24h,cd4_0h,cd4_24h,REACTOME_METABOLISM_OF_FAT_SOLUBLE_VITAMINS,Vanilla-only significant,26,RETSAT,21,0.000313688994347936,7.93371655046569e-05,3.503500718082,4.1005233197136,-0.597022601631597,0.0010996776918826,0.00059618767048381,2.95873458497628,3.22461700967912,-0.26588242470284,0.0385837463047961,0.0097584713570728,0.13526035610156,0.0733310834695086,1.18894726823464,1.417962696362,0.932110226066041,1.06522856619588,True,True,False,False,False,False,0.0268098982494497,0.0113102713936372,-0.0154996268558125,0.024,0.016,1.00000004947746,0.915368179054568,21.0,10.0,0.64,18.0,15.0,0.44,-0.2
cd4_0h_vs_24h,cd4_0h,cd4_24h,REACTOME_METABOLISM_OF_FAT_SOLUBLE_VITAMINS,Vanilla-only significant,26,SDC3,22,0.000313688994347936,0.000313688994347936,3.503500718082,3.503500718082,0.0,0.0010996776918826,0.0010996776918826,2.95873458497628,2.95873458497628,0.0,0.0385837463047961,0.0385837463047961,0.13526035610156,0.13526035610156,1.18894726823464,1.18894726823464,0.932110226066041,0.932110226066041,True,True,False,False,False,False,0.0,0.000927606091114767,0.000927606091114767,0.0,0.002,0.999999977126659,0.916368563504085,10.0,23.0,0.12,11.5,23.5,0.1,-0.01999999999999999
cd4_0h_vs_24h,cd4_0h,cd4_24h,REACTOME_METABOLISM_OF_FAT_SOLUBLE_VITAMINS,Vanilla-only significant,26,SDC4,23,0.000313688994347936,0.00059618767048381,3.503500718082,3.22461700967912,0.278883708402879,0.0010996776918826,0.000313688994347936,2.95873458497628,3.503500718082,-0.544766133105719,0.0385837463047961,0.0733310834695086,0.13526035610156,0.0385837463047961,1.18894726823464,1.06522856619588,0.932110226066041,1.18894726823464,True,False,False,True,True,True,0.0,0.018312582336649,0.018312582336649,0.0,0.036,1.00000004580297,0.927279267401793,6.0,19.0,0.28,22.5,8.5,0.7,0.41999999999999993
cd4_0h_vs_24h,cd4_0h,cd4_24h,REACTOME_METABOLISM_OF_FAT_SOLUBLE_VITAMINS,Vanilla-only significant,26,UBIAD1,24,0.000313688994347936,0.0351222601892017,3.503500718082,1.45441754412943,2.04908317395257,0.0010996776918826,0.0150822934297104,2.95873458497628,1.82153261416016,1.13720197081613,0.0385837463047961,1.0,0.13526035610156,1.0,1.18894726823464,0.0,0.932110226066041,0.0,True,False,False,False,True,False,0.1490170892937,0.167504125179008,0.0184870358853077,0.136,0.218,1.00000002699118,0.91443906108034,2.0,2.0,0.96,3.0,5.0,0.84,-0.12
cd4_0h_vs_24h,cd4_0h,cd4_24h,REACTOME_METABOLISM_OF_FAT_SOLUBLE_VITAMINS,Vanilla-only significant,26,VKORC1,25,0.000313688994347936,0.230392335941705,3.503500718082,0.63753197192238,2.86596874615962,0.0010996776918826,0.230392335941705,2.95873458497628,0.63753197192238,2.3212026130539,0.0385837463047961,1.0,0.13526035610156,1.0,1.18894726823464,0.0,0.932110226066041,0.0,True,False,False,False,True,False,0.159980625408094,0.349684755312814,0.18970412990472,0.14,0.436,1.00000005692451,0.918294032296719,1.0,1.0,1.0,1.0,1.0,1.0,0.0
cd4_0h_vs_24h,cd4_0h,cd4_24h,REACTOME_METABOLISM_OF_FAT_SOLUBLE_VITAMINS,Vanilla-only significant,26,VKORC1L1,26,0.000313688994347936,0.00577645522630862,3.503500718082,2.23833858855416,1.26516212952784,0.0010996776918826,0.0233436169134307,2.95873458497628,1.63183185249604,1.32690273248024,0.0385837463047961,0.71050399283596,0.13526035610156,1.0,1.18894726823464,0.385270654364906,0.932110226066041,0.0,True,False,False,False,True,False,0.0777485826022564,0.122663367751953,0.0449147851496962,0.074,0.18,1.00000004735326,0.921027484426806,3.0,3.0,0.92,2.0,4.0,0.88,-0.040000000000000036
cd4_0h_vs_24h,cd4_0h,cd4_24h,REACTOME_SYNTHESIS_OF_BILE_ACIDS_AND_BILE_SALTS,Vanilla-only significant,22,ACOT8,1,0.000313688994347936,0.0150822934297104,3.503500718082,1.82153261416016,1.68196810392185,0.00059618767048381,0.00196887460329715,3.22461700967912,2.70578194299357,0.518835066685553,0.0385837463047961,1.0,0.0733310834695086,0.242171576205549,1.18894726823464,0.0,1.06522856619588,0.784778205325666,True,False,False,False,True,False,0.0682789044411323,0.124531055334003,0.0562521508928708,0.064,0.17,1.00000003746949,0.92431023540822,2.5,2.5,0.9285714285714286,4.0,6.0,0.7619047619047619,-0.16666666666666674
cd4_0h_vs_24h,cd4_0h,cd4_24h,REACTOME_SYNTHESIS_OF_BILE_ACIDS_AND_BILE_SALTS,Vanilla-only significant,22,AKR1C1,2,0.000313688994347936,0.00059618767048381,3.503500718082,3.22461700967912,0.278883708402879,0.00059618767048381,0.00059618767048381,3.22461700967912,3.22461700967912,0.0,0.0385837463047961,0.0733310834695086,0.0733310834695086,0.0733310834695086,1.18894726823464,1.06522856619588,1.06522856619588,1.06522856619588,True,False,False,False,True,False,0.0144752165827623,0.00156784981971395,-0.0129073667630483,0.014,0.002,1.00000005383422,0.923486256787474,10.0,14.0,0.38095238095238093,15.5,18.5,0.16666666666666666,-0.21428571428571427
cd4_0h_vs_24h,cd4_0h,cd4_24h,REACTOME_SYNTHESIS_OF_BILE_ACIDS_AND_BILE_SALTS,Vanilla-only significant,22,AKR1C3,3,0.000313688994347936,0.0010996776918826,3.503500718082,2.95873458497628,0.544766133105719,0.00059618767048381,0.00059618767048381,3.22461700967912,3.22461700967912,0.0,0.0385837463047961,0.13526035610156,0.0733310834695086,0.0733310834695086,1.18894726823464,0.932110226066041,1.06522856619588,1.06522856619588,True,False,False,False,True,False,0.0572634026722653,0.0118733552020877,-0.0453900474701776,0.052,0.012,0.999999960496614,0.919877927245297,5.5,7.5,0.6904761904761905,15.5,18.5,0.16666666666666666,-0.5238095238095238
cd4_0h_vs_24h,cd4_0h,cd4_24h,REACTOME_SYNTHESIS_OF_BILE_ACIDS_AND_BILE_SALTS,Vanilla-only significant,22,AMACR,4,0.000313688994347936,0.00059618767048381,3.503500718082,3.22461700967912,0.278883708402879,0.00059618767048381,0.0010996776918826,3.22461700967912,2.95873458497628,0.26588242470284,0.0385837463047961,0.0733310834695086,0.0733310834695086,0.13526035610156,1.18894726823464,1.06522856619588,1.06522856619588,0.932110226066041,True,False,False,False,True,False,0.00199561517909229,0.00771480201598608,0.00571918683689379,0.002,0.014,1.00000001049619,0.922912312727306,10.0,14.0,0.38095238095238093,8.5,11.5,0.5,0.11904761904761907
cd4_0h_vs_24h,cd4_0h,cd4_24h,REACTOME_SYNTHESIS_OF_BILE_ACIDS_AND_BILE_SALTS,Vanilla-only significant,22,CH25H,5,0.000313688994347936,0.000313688994347936,3.503500718082,3.503500718082,0.0,0.00059618767048381,0.00059618767048381,3.22461700967912,3.22461700967912,0.0,0.0385837463047961,0.0385837463047961,0.0733310834695086,0.0733310834695086,1.18894726823464,1.18894726823464,1.06522856619588,1.06522856619588,True,True,False,False,False,False,0.0,0.00204512470191083,0.00204512470191083,0.0,0.002,1.0000000241373,0.930497341792129,16.0,20.0,0.09523809523809523,15.5,18.5,0.16666666666666666,0.07142857142857142
cd4_0h_vs_24h,cd4_0h,cd4_24h,REACTOME_SYNTHESIS_OF_BILE_ACIDS_AND_BILE_SALTS,Vanilla-only significant,22,CYP46A1,6,0.000313688994347936,0.000313688994347936,3.503500718082,3.503500718082,0.0,0.00059618767048381,0.0010996776918826,3.22461700967912,2.95873458497628,0.26588242470284,0.0385837463047961,0.0385837463047961,0.0733310834695086,0.13526035610156,1.18894726823464,1.18894726823464,1.06522856619588,0.932110226066041,True,True,False,False,False,False,0.00610370719652884,0.00621362121697902,0.000109914020450173,0.006,0.006,0.999999898402733,0.940802765687798,16.0,20.0,0.09523809523809523,8.5,11.5,0.5,0.40476190476190477
cd4_0h_vs_24h,cd4_0h,cd4_24h,REACTOME_SYNTHESIS_OF_BILE_ACIDS_AND_BILE_SALTS,Vanilla-only significant,22,HSD17B4,7,0.000313688994347936,7.93371655046569e-05,3.503500718082,4.1005233197136,-0.597022601631597,0.00059618767048381,7.93371655046569e-05,3.22461700967912,4.1005233197136,-0.875906310034476,0.0385837463047961,0.0097584713570728,0.0733310834695086,0.0097584713570728,1.18894726823464,1.417962696362,1.06522856619588,1.417962696362,True,True,False,True,False,True,0.0695113984952414,0.122105365001872,0.0525939665066305,0.064,0.188,1.00000003575157,0.935835999035832,21.0,6.0,0.7619047619047619,22.0,3.0,0.9047619047619048,0.1428571428571429
cd4_0h_vs_24h,cd4_0h,cd4_24h,REACTOME_SYNTHESIS_OF_BILE_ACIDS_AND_BILE_SALTS,Vanilla-only significant,22,HSD3B7,8,0.000313688994347936,0.000160158462101912,3.503500718082,3.79545011009365,-0.29194939201165,0.00059618767048381,0.00059618767048381,3.22461700967912,3.22461700967912,0.0,0.0385837463047961,0.0196994908385352,0.0733310834695086,0.0733310834695086,1.18894726823464,1.30596515981639,1.06522856619588,1.06522856619588,True,True,False,False,False,False,0.00450759104127034,0.000737644197327032,-0.00376994684394331,0.004,0.002,0.999999966010603,0.929569095026485,19.5,9.5,0.5952380952380952,15.5,18.5,0.16666666666666666,-0.4285714285714286
cd4_0h_vs_24h,cd4_0h,cd4_24h,REACTOME_SYNTHESIS_OF_BILE_ACIDS_AND_BILE_SALTS,Vanilla-only significant,22,NCOA1,9,0.000313688994347936,3.81265104892234e-05,3.503500718082,4.41877294150378,-0.915272223421779,0.00059618767048381,0.00946978291842922,3.22461700967912,2.02365997647813,1.20095703320099,0.0385837463047961,0.00468956079017448,0.0733310834695086,1.0,1.18894726823464,1.52606285259303,1.06522856619588,0.0,True,True,False,False,False,False,0.155410933100708,0.13746356313807,-0.0179473699626378,0.138,0.184,1.0000000882469,0.91932121012506,22.0,5.0,0.8095238095238095,2.0,2.0,0.9523809523809523,0.1428571428571428
cd4_0h_vs_24h,cd4_0h,cd4_24h,REACTOME_SYNTHESIS_OF_BILE_ACIDS_AND_BILE_SALTS,Vanilla-only significant,22,NCOA2,10,0.000313688994347936,0.000160158462101912,3.503500718082,3.79545011009365,-0.29194939201165,0.00059618767048381,0.000160158462101912,3.22461700967912,3.79545011009365,-0.570833100414529,0.0385837463047961,0.0196994908385352,0.0733310834695086,0.0196994908385352,1.18894726823464,1.30596515981639,1.06522856619588,1.30596515981639,True,True,False,True,False,True,0.0892335623539105,0.0650671560212923,-0.0241664063326182,0.082,0.088,1.00000002092441,0.927165248515203,19.5,9.5,0.5952380952380952,21.0,4.0,0.8571428571428571,0.26190476190476186
cd4_0h_vs_24h,cd4_0h,cd4_24h,REACTOME_SYNTHESIS_OF_BILE_ACIDS_AND_BILE_SALTS,Vanilla-only significant,22,OSBP,11,0.000313688994347936,0.00059618767048381,3.503500718082,3.22461700967912,0.278883708402879,0.00059618767048381,0.0010996776918826,3.22461700967912,2.95873458497628,0.26588242470284,0.0385837463047961,0.0733310834695086,0.0733310834695086,0.13526035610156,1.18894726823464,1.06522856619588,1.06522856619588,0.932110226066041,True,False,False,False,True,False,0.148163433229994,0.162285066716308,0.014121633486314,0.136,0.226,0.999999946735403,0.933825890371331,10.0,14.0,0.38095238095238093,8.5,11.5,0.5,0.11904761904761907
cd4_0h_vs_24h,cd4_0h,cd4_24h,REACTOME_SYNTHESIS_OF_BILE_ACIDS_AND_BILE_SALTS,Vanilla-only significant,22,OSBPL1A,12,0.000313688994347936,0.0034223189265975,3.503500718082,2.46567952091782,1.03782119716418,0.00059618767048381,0.0010996776918826,3.22461700967912,2.95873458497628,0.26588242470284,0.0385837463047961,0.420945227971492,0.0733310834695086,0.13526035610156,1.18894726823464,0.613004412282997,1.06522856619588,0.932110226066041,True,False,False,False,True,False,0.0332005771187857,0.010040720303792,-0.0231598568149937,0.03,0.018,0.99999991551931,0.952747967438631,4.0,4.0,0.8571428571428571,8.5,11.5,0.5,-0.3571428571428571
cd4_0h_vs_24h,cd4_0h,cd4_24h,REACTOME_SYNTHESIS_OF_BILE_ACIDS_AND_BILE_SALTS,Vanilla-only significant,22,OSBPL2,13,0.000313688994347936,0.00059618767048381,3.503500718082,3.22461700967912,0.278883708402879,0.00059618767048381,0.00059618767048381,3.22461700967912,3.22461700967912,0.0,0.0385837463047961,0.0733310834695086,0.0733310834695086,0.0733310834695086,1.18894726823464,1.06522856619588,1.06522856619588,1.06522856619588,True,False,False,False,True,False,0.0823165245513281,0.0302074316237612,-0.0521090929275669,0.074,0.04,0.999999984822145,0.954712520826968,10.0,14.0,0.38095238095238093,15.5,18.5,0.16666666666666666,-0.21428571428571427
cd4_0h_vs_24h,cd4_0h,cd4_24h,REACTOME_SYNTHESIS_OF_BILE_ACIDS_AND_BILE_SALTS,Vanilla-only significant,22,OSBPL3,14,0.000313688994347936,0.00059618767048381,3.503500718082,3.22461700967912,0.278883708402879,0.00059618767048381,0.00196887460329715,3.22461700967912,2.70578194299357,0.518835066685553,0.0385837463047961,0.0733310834695086,0.0733310834695086,0.242171576205549,1.18894726823464,1.06522856619588,1.06522856619588,0.784778205325666,True,False,False,False,True,False,0.0101096971720266,0.0459311683352796,0.035821471163253,0.01,0.076,0.999999949832749,0.94977691793386,10.0,14.0,0.38095238095238093,4.0,6.0,0.7619047619047619,0.38095238095238093
cd4_0h_vs_24h,cd4_0h,cd4_24h,REACTOME_SYNTHESIS_OF_BILE_ACIDS_AND_BILE_SALTS,Vanilla-only significant,22,OSBPL6,15,0.000313688994347936,0.000313688994347936,3.503500718082,3.503500718082,0.0,0.00059618767048381,0.00059618767048381,3.22461700967912,3.22461700967912,0.0,0.0385837463047961,0.0385837463047961,0.0733310834695086,0.0733310834695086,1.18894726823464,1.18894726823464,1.06522856619588,1.06522856619588,True,True,False,False,False,False,0.0,0.0,0.0,0.0,0.0,1.00000002970435,0.949561652145043,16.0,20.0,0.09523809523809523,15.5,18.5,0.16666666666666666,0.07142857142857142
cd4_0h_vs_24h,cd4_0h,cd4_24h,REACTOME_SYNTHESIS_OF_BILE_ACIDS_AND_BILE_SALTS,Vanilla-only significant,22,OSBPL7,16,0.000313688994347936,0.000313688994347936,3.503500718082,3.503500718082,0.0,0.00059618767048381,0.000313688994347936,3.22461700967912,3.503500718082,-0.278883708402879,0.0385837463047961,0.0385837463047961,0.0733310834695086,0.0385837463047961,1.18894726823464,1.18894726823464,1.06522856619588,1.18894726823464,True,True,False,True,False,True,0.0451889022887075,0.0134729096488318,-0.0317159926398757,0.042,0.018,0.999999945297339,0.951934400659159,16.0,20.0,0.09523809523809523,20.0,8.0,0.6666666666666666,0.5714285714285714
cd4_0h_vs_24h,cd4_0h,cd4_24h,REACTOME_SYNTHESIS_OF_BILE_ACIDS_AND_BILE_SALTS,Vanilla-only significant,22,OSBPL9,17,0.000313688994347936,0.00059618767048381,3.503500718082,3.22461700967912,0.278883708402879,0.00059618767048381,0.00059618767048381,3.22461700967912,3.22461700967912,0.0,0.0385837463047961,0.0733310834695086,0.0733310834695086,0.0733310834695086,1.18894726823464,1.06522856619588,1.06522856619588,1.06522856619588,True,False,False,False,True,False,0.151964200332524,0.165952040063288,0.0139878397307643,0.138,0.226,1.00000002731968,0.955501659765481,10.0,14.0,0.38095238095238093,15.5,18.5,0.16666666666666666,-0.21428571428571427
cd4_0h_vs_24h,cd4_0h,cd4_24h,REACTOME_SYNTHESIS_OF_BILE_ACIDS_AND_BILE_SALTS,Vanilla-only significant,22,PTGIS,18,0.000313688994347936,0.000313688994347936,3.503500718082,3.503500718082,0.0,0.00059618767048381,0.00059618767048381,3.22461700967912,3.22461700967912,0.0,0.0385837463047961,0.0385837463047961,0.0733310834695086,0.0733310834695086,1.18894726823464,1.18894726823464,1.06522856619588,1.06522856619588,True,True,False,False,False,False,0.0,0.0,0.0,0.0,0.0,0.99999997983988,0.93273294627474,16.0,20.0,0.09523809523809523,15.5,18.5,0.16666666666666666,0.07142857142857142
cd4_0h_vs_24h,cd4_0h,cd4_24h,REACTOME_SYNTHESIS_OF_BILE_ACIDS_AND_BILE_SALTS,Vanilla-only significant,22,RXRA,19,0.000313688994347936,0.00059618767048381,3.503500718082,3.22461700967912,0.278883708402879,0.00059618767048381,0.0010996776918826,3.22461700967912,2.95873458497628,0.26588242470284,0.0385837463047961,0.0733310834695086,0.0733310834695086,0.13526035610156,1.18894726823464,1.06522856619588,1.06522856619588,0.932110226066041,True,False,False,False,True,False,0.0188713846178227,0.00368549581056401,-0.0151858888072587,0.016,0.006,1.00000004634002,0.892286854526671,10.0,14.0,0.38095238095238093,8.5,11.5,0.5,0.11904761904761907
cd4_0h_vs_24h,cd4_0h,cd4_24h,REACTOME_SYNTHESIS_OF_BILE_ACIDS_AND_BILE_SALTS,Vanilla-only significant,22,SCP2,20,0.000313688994347936,0.420283707542506,3.503500718082,0.376457445258734,3.12704327282327,0.00059618767048381,0.49107566468588,3.22461700967912,0.308851586850884,2.91576542282824,0.0385837463047961,1.0,0.0733310834695086,1.0,1.18894726823464,0.0,1.06522856619588,0.0,True,False,False,False,True,False,0.280156117373853,0.449571343933472,0.169415226559618,0.25,0.514,1.00000005562703,0.864248713640085,1.0,1.0,1.0,1.0,1.0,1.0,0.0
cd4_0h_vs_24h,cd4_0h,cd4_24h,REACTOME_SYNTHESIS_OF_BILE_ACIDS_AND_BILE_SALTS,Vanilla-only significant,22,SLC27A2,21,0.000313688994347936,0.0010996776918826,3.503500718082,2.95873458497628,0.544766133105719,0.00059618767048381,0.00196887460329715,3.22461700967912,2.70578194299357,0.518835066685553,0.0385837463047961,0.13526035610156,0.0733310834695086,0.242171576205549,1.18894726823464,0.932110226066041,1.06522856619588,0.784778205325666,True,False,False,False,True,False,0.0,0.04496504531377,0.04496504531377,0.0,0.052,1.00000000415286,0.936776235510007,5.5,7.5,0.6904761904761905,4.0,6.0,0.7619047619047619,0.0714285714285714
cd4_0h_vs_24h,cd4_0h,cd4_24h,REACTOME_SYNTHESIS_OF_BILE_ACIDS_AND_BILE_SALTS,Vanilla-only significant,22,SLC27A5,22,0.000313688994347936,0.0150822934297104,3.503500718082,1.82153261416016,1.68196810392185,0.00059618767048381,0.0010996776918826,3.22461700967912,2.95873458497628,0.26588242470284,0.0385837463047961,1.0,0.0733310834695086,0.13526035610156,1.18894726823464,0.0,1.06522856619588,0.932110226066041,True,False,False,False,True,False,0.0737524421228529,0.143762377061727,0.0700099349388739,0.066,0.204,0.999999971639594,0.927953057439622,2.5,2.5,0.9285714285714286,8.5,11.5,0.5,-0.4285714285714286
cd4_0h_vs_24h,cd4_0h,cd4_24h,REACTOME_SYNTHESIS_OF_GLYCOSYLPHOSPHATIDYLINOSITOL_GPI,Vanilla-only significant,17,DPM2,1,8.03548663493119e-06,0.0150822934297104,5.09498781691362,1.82153261416016,3.27345520275347,0.00059618767048381,0.0233436169134307,3.22461700967912,1.63183185249604,1.59278515718308,0.000988364856096536,1.0,0.0733310834695086,1.0,1.73351743731473,0.0,1.06522856619588,0.0,True,False,False,False,True,False,0.0706630129145892,0.318773510738531,0.248110497823941,0.066,0.386,1.00000002151964,0.905162249356325,1.0,1.0,1.0,1.0,5.0,0.75,-0.25
cd4_0h_vs_24h,cd4_0h,cd4_24h,REACTOME_SYNTHESIS_OF_GLYCOSYLPHOSPHATIDYLINOSITOL_GPI,Vanilla-only significant,17,PIGA,2,8.03548663493119e-06,7.93371655046569e-05,5.09498781691362,4.1005233197136,0.994464497200023,0.00059618767048381,0.0010996776918826,3.22461700967912,2.95873458497628,0.26588242470284,0.000988364856096536,0.0097584713570728,0.0733310834695086,0.13526035610156,1.73351743731473,1.417962696362,1.06522856619588,0.932110226066041,True,True,False,False,False,False,0.0205416751164938,0.0189865020924619,-0.00155517302403183,0.018,0.026,0.999999989450935,0.964975771465685,3.5,5.5,0.71875,3.0,16.0,0.0625,-0.65625
cd4_0h_vs_24h,cd4_0h,cd4_24h,REACTOME_SYNTHESIS_OF_GLYCOSYLPHOSPHATIDYLINOSITOL_GPI,Vanilla-only significant,17,PIGB,3,8.03548663493119e-06,3.52341775794401e-06,5.09498781691362,5.45303586115776,-0.358048044244133,0.00059618767048381,3.81265104892234e-05,3.22461700967912,4.41877294150378,-1.19415593182466,0.000988364856096536,0.000433380384227113,0.0733310834695086,0.00468956079017448,1.73351743731473,1.83388406114409,1.06522856619588,1.52606285259303,True,True,False,True,False,True,0.0268125050571156,0.0307628352074182,0.00395033015030266,0.024,0.052,0.999999997653933,0.980369112014253,12.0,12.0,0.3125,11.0,9.0,0.5,0.1875
cd4_0h_vs_24h,cd4_0h,cd4_24h,REACTOME_SYNTHESIS_OF_GLYCOSYLPHOSPHATIDYLINOSITOL_GPI,Vanilla-only significant,17,PIGC,4,8.03548663493119e-06,3.81265104892234e-05,5.09498781691362,4.41877294150378,0.676214875409841,0.00059618767048381,7.93371655046569e-05,3.22461700967912,4.1005233197136,-0.875906310034476,0.000988364856096536,0.00468956079017448,0.0733310834695086,0.0097584713570728,1.73351743731473,1.52606285259303,1.06522856619588,1.417962696362,True,True,False,True,False,True,0.262945334879222,0.139529449200737,-0.123415885678485,0.232,0.184,0.99999997064672,0.97735243180294,5.5,8.5,0.53125,8.0,12.0,0.3125,-0.21875
cd4_0h_vs_24h,cd4_0h,cd4_24h,REACTOME_SYNTHESIS_OF_GLYCOSYLPHOSPHATIDYLINOSITOL_GPI,Vanilla-only significant,17,PIGF,5,8.03548663493119e-06,3.59717677613814e-08,5.09498781691362,7.44403821911369,-2.34905040220007,0.00059618767048381,8.03548663493119e-06,3.22461700967912,5.09498781691362,-1.8703708072345,0.000988364856096536,4.42452743464991e-06,0.0733310834695086,0.000988364856096536,1.73351743731473,2.31389997788891,1.06522856619588,1.73351743731473,True,True,False,True,False,True,0.0881608525161542,0.102470759974597,0.014309907458443,0.08,0.152,1.00000002525437,0.892718224937177,17.0,2.0,0.9375,14.5,3.5,0.84375,-0.09375
cd4_0h_vs_24h,cd4_0h,cd4_24h,REACTOME_SYNTHESIS_OF_GLYCOSYLPHOSPHATIDYLINOSITOL_GPI,Vanilla-only significant,17,PIGG,6,8.03548663493119e-06,3.81265104892234e-05,5.09498781691362,4.41877294150378,0.676214875409841,0.00059618767048381,0.000160158462101912,3.22461700967912,3.79545011009365,-0.570833100414529,0.000988364856096536,0.00468956079017448,0.0733310834695086,0.0196994908385352,1.73351743731473,1.52606285259303,1.06522856619588,1.30596515981639,True,True,False,True,False,True,0.0548878358388698,0.0448148257175813,-0.0100730101212886,0.05,0.068,1.00000004165678,0.968436845565018,5.5,8.5,0.53125,5.5,14.5,0.15625,-0.375
cd4_0h_vs_24h,cd4_0h,cd4_24h,REACTOME_SYNTHESIS_OF_GLYCOSYLPHOSPHATIDYLINOSITOL_GPI,Vanilla-only significant,17,PIGH,7,8.03548663493119e-06,3.52341775794401e-06,5.09498781691362,5.45303586115776,-0.358048044244133,0.00059618767048381,3.81265104892234e-05,3.22461700967912,4.41877294150378,-1.19415593182466,0.000988364856096536,0.000433380384227113,0.0733310834695086,0.00468956079017448,1.73351743731473,1.83388406114409,1.06522856619588,1.52606285259303,True,True,False,True,False,True,0.0741243322344854,0.11900203987761,0.0448777076431245,0.07,0.182,1.00000004420659,0.977536287322225,12.0,12.0,0.3125,11.0,9.0,0.5,0.1875
cd4_0h_vs_24h,cd4_0h,cd4_24h,REACTOME_SYNTHESIS_OF_GLYCOSYLPHOSPHATIDYLINOSITOL_GPI,Vanilla-only significant,17,PIGL,8,8.03548663493119e-06,1.49821174952854e-06,5.09498781691362,5.82442680135432,-0.729438984440692,0.00059618767048381,1.77726970010602e-05,3.22461700967912,4.75024666314563,-1.5256296534665,0.000988364856096536,0.00018428004519201,0.0733310834695086,0.0021860417311304,1.73351743731473,1.93249105817205,1.06522856619588,1.63105534906276,True,True,False,True,False,True,0.116601658016952,0.0564928935939762,-0.060108764422976,0.108,0.082,1.00000005060013,0.971530537617703,15.0,7.0,0.625,13.0,6.0,0.6875,0.0625
cd4_0h_vs_24h,cd4_0h,cd4_24h,REACTOME_SYNTHESIS_OF_GLYCOSYLPHOSPHATIDYLINOSITOL_GPI,Vanilla-only significant,17,PIGM,9,8.03548663493119e-06,8.03548663493119e-06,5.09498781691362,5.09498781691362,0.0,0.00059618767048381,1.49821174952854e-06,3.22461700967912,5.82442680135432,-2.59980979167519,0.000988364856096536,0.000988364856096536,0.0733310834695086,0.00018428004519201,1.73351743731473,1.73351743731473,1.06522856619588,1.93249105817205,True,True,False,True,False,True,0.120956833485637,0.0611395420412303,-0.0598172914444064,0.106,0.082,1.00000002028593,0.980488820772911,8.0,16.0,0.0625,16.0,2.0,0.9375,0.875
cd4_0h_vs_24h,cd4_0h,cd4_24h,REACTOME_SYNTHESIS_OF_GLYCOSYLPHOSPHATIDYLINOSITOL_GPI,Vanilla-only significant,17,PIGN,10,8.03548663493119e-06,6.1774102028672e-07,5.09498781691362,6.20919355894615,-1.11420574203253,0.00059618767048381,7.93371655046569e-05,3.22461700967912,4.1005233197136,-0.875906310034476,0.000988364856096536,7.59821454952666e-05,0.0733310834695086,0.0097584713570728,1.73351743731473,2.02960302707371,1.06522856619588,1.417962696362,True,True,False,True,False,True,0.103873224466239,0.0639029017225163,-0.039970322743723,0.096,0.088,0.999999981457465,0.97760649941249,16.0,4.0,0.8125,8.0,12.0,0.3125,-0.5
cd4_0h_vs_24h,cd4_0h,cd4_24h,REACTOME_SYNTHESIS_OF_GLYCOSYLPHOSPHATIDYLINOSITOL_GPI,Vanilla-only significant,17,PIGO,11,8.03548663493119e-06,7.93371655046569e-05,5.09498781691362,4.1005233197136,0.994464497200023,0.00059618767048381,3.81265104892234e-05,3.22461700967912,4.41877294150378,-1.19415593182466,0.000988364856096536,0.0097584713570728,0.0733310834695086,0.00468956079017448,1.73351743731473,1.417962696362,1.06522856619588,1.52606285259303,True,True,False,True,False,True,0.0277091920206493,0.0499902442853027,0.0222810522646534,0.024,0.078,0.999999985728691,0.975547462212526,3.5,5.5,0.71875,11.0,9.0,0.5,-0.21875
cd4_0h_vs_24h,cd4_0h,cd4_24h,REACTOME_SYNTHESIS_OF_GLYCOSYLPHOSPHATIDYLINOSITOL_GPI,Vanilla-only significant,17,PIGP,12,8.03548663493119e-06,3.52341775794401e-06,5.09498781691362,5.45303586115776,-0.358048044244133,0.00059618767048381,6.1774102028672e-07,3.22461700967912,6.20919355894615,-2.98457654926703,0.000988364856096536,0.000433380384227113,0.0733310834695086,7.59821454952666e-05,1.73351743731473,1.83388406114409,1.06522856619588,2.02960302707371,True,True,False,True,False,True,0.232757530245236,0.225982996227252,-0.00677453401798428,0.212,0.3,1.00000000082463,0.981065873298953,12.0,12.0,0.3125,17.0,1.0,1.0,0.6875
cd4_0h_vs_24h,cd4_0h,cd4_24h,REACTOME_SYNTHESIS_OF_GLYCOSYLPHOSPHATIDYLINOSITOL_GPI,Vanilla-only significant,17,PIGQ,13,8.03548663493119e-06,3.52341775794401e-06,5.09498781691362,5.45303586115776,-0.358048044244133,0.00059618767048381,7.93371655046569e-05,3.22461700967912,4.1005233197136,-0.875906310034476,0.000988364856096536,0.000433380384227113,0.0733310834695086,0.0097584713570728,1.73351743731473,1.83388406114409,1.06522856619588,1.417962696362,True,True,False,True,False,True,0.0243976177767972,0.034309835963705,0.00991221818690777,0.022,0.052,0.999999995812769,0.975003390192199,12.0,12.0,0.3125,8.0,12.0,0.3125,0.0
cd4_0h_vs_24h,cd4_0h,cd4_24h,REACTOME_SYNTHESIS_OF_GLYCOSYLPHOSPHATIDYLINOSITOL_GPI,Vanilla-only significant,17,PIGV,14,8.03548663493119e-06,8.03548663493119e-06,5.09498781691362,5.09498781691362,0.0,0.00059618767048381,0.00059618767048381,3.22461700967912,3.22461700967912,0.0,0.000988364856096536,0.000988364856096536,0.0733310834695086,0.0733310834695086,1.73351743731473,1.73351743731473,1.06522856619588,1.06522856619588,True,True,False,False,False,False,0.0363675837367976,0.0344740924711122,-0.00189349126568543,0.034,0.044,1.00000007085104,0.970265993505458,8.0,16.0,0.0625,4.0,17.0,0.0,-0.0625
cd4_0h_vs_24h,cd4_0h,cd4_24h,REACTOME_SYNTHESIS_OF_GLYCOSYLPHOSPHATIDYLINOSITOL_GPI,Vanilla-only significant,17,PIGW,15,8.03548663493119e-06,3.52341775794401e-06,5.09498781691362,5.45303586115776,-0.358048044244133,0.00059618767048381,8.03548663493119e-06,3.22461700967912,5.09498781691362,-1.8703708072345,0.000988364856096536,0.000433380384227113,0.0733310834695086,0.000988364856096536,1.73351743731473,1.83388406114409,1.06522856619588,1.73351743731473,True,True,False,True,False,True,0.0275313593581335,0.0847592688854542,0.0572279095273207,0.028,0.14,1.00000005099672,0.964616585431576,12.0,12.0,0.3125,14.5,3.5,0.84375,0.53125
cd4_0h_vs_24h,cd4_0h,cd4_24h,REACTOME_SYNTHESIS_OF_GLYCOSYLPHOSPHATIDYLINOSITOL_GPI,Vanilla-only significant,17,PIGX,16,8.03548663493119e-06,0.000313688994347936,5.09498781691362,3.503500718082,1.59148709883162,0.00059618767048381,0.00946978291842922,3.22461700967912,2.02365997647813,1.20095703320099,0.000988364856096536,0.0385837463047961,0.0733310834695086,1.0,1.73351743731473,1.18894726823464,1.06522856619588,0.0,True,True,False,False,False,False,0.142542851872218,0.262826202508754,0.120283350636536,0.126,0.35,0.999999980872455,0.856396063643862,2.0,3.0,0.875,2.0,7.0,0.625,-0.25
cd4_0h_vs_24h,cd4_0h,cd4_24h,REACTOME_SYNTHESIS_OF_GLYCOSYLPHOSPHATIDYLINOSITOL_GPI,Vanilla-only significant,17,PIGZ,17,8.03548663493119e-06,8.03548663493119e-06,5.09498781691362,5.09498781691362,0.0,0.00059618767048381,0.000160158462101912,3.22461700967912,3.79545011009365,-0.570833100414529,0.000988364856096536,0.000988364856096536,0.0733310834695086,0.0196994908385352,1.73351743731473,1.73351743731473,1.06522856619588,1.30596515981639,True,True,False,True,False,True,0.0,0.00339091380303385,0.00339091380303385,0.0,0.006,0.999999987630796,0.977699821279953,8.0,16.0,0.0625,5.5,14.5,0.15625,0.09375
cd4_0h_vs_24h,cd4_0h,cd4_24h,REACTOME_SYNTHESIS_OF_VERY_LONG_CHAIN_FATTY_ACYL_COAS,GenePT-only significant,18,ACSBG1,1,0.00059618767048381,0.000313688994347936,3.22461700967912,3.503500718082,-0.278883708402879,3.81265104892234e-05,7.93371655046569e-05,4.41877294150378,4.1005233197136,0.318249621790182,0.0733310834695086,0.0385837463047961,0.00468956079017448,0.0097584713570728,1.06522856619588,1.18894726823464,1.52606285259303,1.417962696362,False,True,True,True,True,False,0.0,0.00352787768886754,0.00352787768886754,0.0,0.004,0.999999998677215,0.942532782756341,12.5,13.5,0.2647058823529412,14.0,15.0,0.17647058823529413,-0.08823529411764705
cd4_0h_vs_24h,cd4_0h,cd4_24h,REACTOME_SYNTHESIS_OF_VERY_LONG_CHAIN_FATTY_ACYL_COAS,GenePT-only significant,18,ACSF3,2,0.00059618767048381,0.00196887460329715,3.22461700967912,2.70578194299357,0.518835066685553,3.81265104892234e-05,0.000313688994347936,4.41877294150378,3.503500718082,0.915272223421779,0.0733310834695086,0.242171576205549,0.00468956079017448,0.0385837463047961,1.06522856619588,0.784778205325666,1.52606285259303,1.18894726823464,False,False,True,True,False,False,0.176042437159305,0.133767948797153,-0.0422744883621521,0.154,0.176,1.00000008168816,0.948465513252322,5.5,10.5,0.4411764705882353,10.0,10.0,0.47058823529411764,0.02941176470588236
cd4_0h_vs_24h,cd4_0h,cd4_24h,REACTOME_SYNTHESIS_OF_VERY_LONG_CHAIN_FATTY_ACYL_COAS,GenePT-only significant,18,ACSL1,3,0.00059618767048381,0.0034223189265975,3.22461700967912,2.46567952091782,0.758937488761304,3.81265104892234e-05,0.0034223189265975,4.41877294150378,2.46567952091782,1.95309342058596,0.0733310834695086,0.420945227971492,0.00468956079017448,0.420945227971492,1.06522856619588,0.613004412282997,1.52606285259303,0.613004412282997,False,False,True,False,False,True,0.01410958676883,0.0226086446811931,0.00849905791236303,0.014,0.032,0.999999904648259,0.963034821405276,3.0,6.0,0.7058823529411765,4.0,4.0,0.8235294117647058,0.11764705882352933
cd4_0h_vs_24h,cd4_0h,cd4_24h,REACTOME_SYNTHESIS_OF_VERY_LONG_CHAIN_FATTY_ACYL_COAS,GenePT-only significant,18,ACSL3,4,0.00059618767048381,0.000160158462101912,3.22461700967912,3.79545011009365,-0.570833100414529,3.81265104892234e-05,0.00577645522630862,4.41877294150378,2.23833858855416,2.18043435294962,0.0733310834695086,0.0196994908385352,0.00468956079017448,0.71050399283596,1.06522856619588,1.30596515981639,1.52606285259303,0.385270654364906,False,True,True,False,True,True,0.128575265618052,0.129601927938266,0.00102666232021381,0.11,0.188,0.999999960665364,0.966170124170235,14.5,7.5,0.6176470588235294,1.5,1.5,0.9705882352941176,0.3529411764705882
cd4_0h_vs_24h,cd4_0h,cd4_24h,REACTOME_SYNTHESIS_OF_VERY_LONG_CHAIN_FATTY_ACYL_COAS,GenePT-only significant,18,ACSL4,5,0.00059618767048381,0.00196887460329715,3.22461700967912,2.70578194299357,0.518835066685553,3.81265104892234e-05,0.00577645522630862,4.41877294150378,2.23833858855416,2.18043435294962,0.0733310834695086,0.242171576205549,0.00468956079017448,0.71050399283596,1.06522856619588,0.784778205325666,1.52606285259303,0.385270654364906,False,False,True,False,False,True,0.0394570267551306,0.143718571962183,0.104261545207053,0.036,0.198,1.0000000658117,0.966203806224145,5.5,10.5,0.4411764705882353,1.5,1.5,0.9705882352941176,0.5294117647058824
cd4_0h_vs_24h,cd4_0h,cd4_24h,REACTOME_SYNTHESIS_OF_VERY_LONG_CHAIN_FATTY_ACYL_COAS,GenePT-only significant,18,ACSL5,6,0.00059618767048381,7.93371655046569e-05,3.22461700967912,4.1005233197136,-0.875906310034476,3.81265104892234e-05,8.03548663493119e-06,4.41877294150378,5.09498781691362,-0.676214875409841,0.0733310834695086,0.0097584713570728,0.00468956079017448,0.000988364856096536,1.06522856619588,1.417962696362,1.52606285259303,1.73351743731473,False,True,True,True,True,False,0.0425105668947699,0.0730959426867007,0.0305853757919308,0.042,0.108,0.999999955728254,0.96309794862667,16.5,4.5,0.7941176470588235,18.0,12.0,0.35294117647058826,-0.4411764705882352
cd4_0h_vs_24h,cd4_0h,cd4_24h,REACTOME_SYNTHESIS_OF_VERY_LONG_CHAIN_FATTY_ACYL_COAS,GenePT-only significant,18,ACSL6,7,0.00059618767048381,0.0233436169134307,3.22461700967912,1.63183185249604,1.59278515718308,3.81265104892234e-05,0.0034223189265975,4.41877294150378,2.46567952091782,1.95309342058596,0.0733310834695086,1.0,0.00468956079017448,0.420945227971492,1.06522856619588,0.0,1.52606285259303,0.613004412282997,False,False,True,False,False,True,0.159740328648212,0.0170624381883009,-0.142677890459912,0.14,0.014,1.00000004571258,0.956699132891002,1.0,2.0,0.9411764705882353,4.0,4.0,0.8235294117647058,-0.11764705882352944
cd4_0h_vs_24h,cd4_0h,cd4_24h,REACTOME_SYNTHESIS_OF_VERY_LONG_CHAIN_FATTY_ACYL_COAS,GenePT-only significant,18,ELOVL1,8,0.00059618767048381,0.00059618767048381,3.22461700967912,3.22461700967912,0.0,3.81265104892234e-05,0.0034223189265975,4.41877294150378,2.46567952091782,1.95309342058596,0.0733310834695086,0.0733310834695086,0.00468956079017448,0.420945227971492,1.06522856619588,1.06522856619588,1.52606285259303,0.613004412282997,False,False,True,False,False,True,0.0460703813659157,0.174518264285118,0.128447882919202,0.04,0.248,0.999999990723138,0.933753503669534,10.5,17.5,0.029411764705882353,4.0,4.0,0.8235294117647058,0.7941176470588235
cd4_0h_vs_24h,cd4_0h,cd4_24h,REACTOME_SYNTHESIS_OF_VERY_LONG_CHAIN_FATTY_ACYL_COAS,GenePT-only significant,18,ELOVL4,9,0.00059618767048381,0.00196887460329715,3.22461700967912,2.70578194299357,0.518835066685553,3.81265104892234e-05,0.000313688994347936,4.41877294150378,3.503500718082,0.915272223421779,0.0733310834695086,0.242171576205549,0.00468956079017448,0.0385837463047961,1.06522856619588,0.784778205325666,1.52606285259303,1.18894726823464,False,False,True,True,False,False,0.00670134928611329,0.00401264568310677,-0.00268870360300652,0.006,0.006,0.99999995584884,0.925278889471459,5.5,10.5,0.4411764705882353,10.0,10.0,0.47058823529411764,0.02941176470588236
cd4_0h_vs_24h,cd4_0h,cd4_24h,REACTOME_SYNTHESIS_OF_VERY_LONG_CHAIN_FATTY_ACYL_COAS,GenePT-only significant,18,ELOVL5,10,0.00059618767048381,0.0010996776918826,3.22461700967912,2.95873458497628,0.26588242470284,3.81265104892234e-05,3.81265104892234e-05,4.41877294150378,4.41877294150378,0.0,0.0733310834695086,0.13526035610156,0.00468956079017448,0.00468956079017448,1.06522856619588,0.932110226066041,1.52606285259303,1.52606285259303,False,False,True,True,False,False,0.139109096271625,0.189238043770134,0.050128947498509,0.13,0.246,1.00000006596867,0.936710390583139,8.5,15.5,0.14705882352941177,16.5,17.5,0.029411764705882353,-0.11764705882352941
cd4_0h_vs_24h,cd4_0h,cd4_24h,REACTOME_SYNTHESIS_OF_VERY_LONG_CHAIN_FATTY_ACYL_COAS,GenePT-only significant,18,ELOVL6,11,0.00059618767048381,0.0010996776918826,3.22461700967912,2.95873458497628,0.26588242470284,3.81265104892234e-05,0.00196887460329715,4.41877294150378,2.70578194299357,1.71299099851021,0.0733310834695086,0.13526035610156,0.00468956079017448,0.242171576205549,1.06522856619588,0.932110226066041,1.52606285259303,0.784778205325666,False,False,True,False,False,True,0.0031738859219842,0.00578546441744147,0.00261157849545727,0.002,0.012,0.999999906531701,0.883422447332777,8.5,15.5,0.14705882352941177,6.5,6.5,0.6764705882352942,0.5294117647058824
cd4_0h_vs_24h,cd4_0h,cd4_24h,REACTOME_SYNTHESIS_OF_VERY_LONG_CHAIN_FATTY_ACYL_COAS,GenePT-only significant,18,HACD1,12,0.00059618767048381,0.000313688994347936,3.22461700967912,3.503500718082,-0.278883708402879,3.81265104892234e-05,7.93371655046569e-05,4.41877294150378,4.1005233197136,0.318249621790182,0.0733310834695086,0.0385837463047961,0.00468956079017448,0.0097584713570728,1.06522856619588,1.18894726823464,1.52606285259303,1.417962696362,False,True,True,True,True,False,0.00865681892049529,0.00766826917475796,-0.000988549745737335,0.008,0.014,0.999999938625069,0.919216452567522,12.5,13.5,0.2647058823529412,14.0,15.0,0.17647058823529413,-0.08823529411764705
cd4_0h_vs_24h,cd4_0h,cd4_24h,REACTOME_SYNTHESIS_OF_VERY_LONG_CHAIN_FATTY_ACYL_COAS,GenePT-only significant,18,HACD2,13,0.00059618767048381,3.52341775794401e-06,3.22461700967912,5.45303586115776,-2.22841885147863,3.81265104892234e-05,0.000160158462101912,4.41877294150378,3.79545011009365,0.623322831410129,0.0733310834695086,0.000433380384227113,0.00468956079017448,0.0196994908385352,1.06522856619588,1.83388406114409,1.52606285259303,1.30596515981639,False,True,True,True,True,False,0.0652332768293393,0.0673399585351875,0.0021066817058482,0.062,0.104,0.999999973164189,0.948273345744833,18.0,1.0,1.0,12.0,13.0,0.29411764705882354,-0.7058823529411764
cd4_0h_vs_24h,cd4_0h,cd4_24h,REACTOME_SYNTHESIS_OF_VERY_LONG_CHAIN_FATTY_ACYL_COAS,GenePT-only significant,18,HACD3,14,0.00059618767048381,0.000160158462101912,3.22461700967912,3.79545011009365,-0.570833100414529,3.81265104892234e-05,3.81265104892234e-05,4.41877294150378,4.41877294150378,0.0,0.0733310834695086,0.0196994908385352,0.00468956079017448,0.00468956079017448,1.06522856619588,1.30596515981639,1.52606285259303,1.52606285259303,False,True,True,True,True,False,0.155763374879212,0.180747182851909,0.0249838079726972,0.138,0.248,0.999999985898705,0.93294729500867,14.5,7.5,0.6176470588235294,16.5,17.5,0.029411764705882353,-0.5882352941176471
cd4_0h_vs_24h,cd4_0h,cd4_24h,REACTOME_SYNTHESIS_OF_VERY_LONG_CHAIN_FATTY_ACYL_COAS,GenePT-only significant,18,HACD4,15,0.00059618767048381,0.00059618767048381,3.22461700967912,3.22461700967912,0.0,3.81265104892234e-05,0.00196887460329715,4.41877294150378,2.70578194299357,1.71299099851021,0.0733310834695086,0.0733310834695086,0.00468956079017448,0.242171576205549,1.06522856619588,1.06522856619588,1.52606285259303,0.784778205325666,False,False,True,False,False,True,0.138262411711953,0.0897305454487227,-0.04853186626323,0.124,0.126,1.00000001613244,0.943696282948609,10.5,17.5,0.029411764705882353,6.5,6.5,0.6764705882352942,0.6470588235294118
cd4_0h_vs_24h,cd4_0h,cd4_24h,REACTOME_SYNTHESIS_OF_VERY_LONG_CHAIN_FATTY_ACYL_COAS,GenePT-only significant,18,HSD17B12,16,0.00059618767048381,7.93371655046569e-05,3.22461700967912,4.1005233197136,-0.875906310034476,3.81265104892234e-05,0.000313688994347936,4.41877294150378,3.503500718082,0.915272223421779,0.0733310834695086,0.0097584713570728,0.00468956079017448,0.0385837463047961,1.06522856619588,1.417962696362,1.52606285259303,1.18894726823464,False,True,True,True,True,False,0.10076978060715,0.179241913666046,0.0784721330588955,0.092,0.244,0.999999999487677,0.908819646858071,16.5,4.5,0.7941176470588235,10.0,10.0,0.47058823529411764,-0.32352941176470584
cd4_0h_vs_24h,cd4_0h,cd4_24h,REACTOME_SYNTHESIS_OF_VERY_LONG_CHAIN_FATTY_ACYL_COAS,GenePT-only significant,18,SLC27A3,17,0.00059618767048381,0.00196887460329715,3.22461700967912,2.70578194299357,0.518835066685553,3.81265104892234e-05,7.93371655046569e-05,4.41877294150378,4.1005233197136,0.318249621790182,0.0733310834695086,0.242171576205549,0.00468956079017448,0.0097584713570728,1.06522856619588,0.784778205325666,1.52606285259303,1.417962696362,False,False,True,True,False,False,0.0292940617946928,0.0138310185215164,-0.0154630432731764,0.026,0.022,0.999999996231356,0.932719589021548,5.5,10.5,0.4411764705882353,14.0,15.0,0.17647058823529413,-0.2647058823529411
cd4_0h_vs_24h,cd4_0h,cd4_24h,REACTOME_SYNTHESIS_OF_VERY_LONG_CHAIN_FATTY_ACYL_COAS,GenePT-only significant,18,TECR,18,0.00059618767048381,0.00946978291842922,3.22461700967912,2.02365997647813,1.20095703320099,3.81265104892234e-05,0.0010996776918826,4.41877294150378,2.95873458497628,1.4600383565275,0.0733310834695086,1.0,0.00468956079017448,0.13526035610156,1.06522856619588,0.0,1.52606285259303,0.932110226066041,False,False,True,False,False,True,0.551083084003323,0.380454992455875,-0.170628091547448,0.448,0.434,0.999999951388832,0.930159687413853,2.0,3.0,0.8823529411764706,8.0,8.0,0.5882352941176471,-0.2941176470588235
